model,test_set,selection_metric,budget,accuracy
lenet1,mnist,rnd,50,0.9599999785423279
lenet1,mnist,rnd,100,0.9599999785423279
lenet1,mnist,rnd,150,0.9666666388511658
lenet1,mnist,rnd,200,0.949999988079071
