model,loss,accuracy
lenet1,0.17110361802875995,0.9485999941825867
lenet4,0.10265615854635834,0.9678999781608582
lenet5,0.03711531778011122,0.9868000149726868
