Number of Clusters,Silhouette Score,DBCV Score,Combined Score,Number of Mispredicted Inputs,Number of Noisy Inputs,test_set,selection_metric,budget,model,threshold,Config
14,0.2459242194890976,0.1172879798457382,0.1816060996674179,50,4,udacity,dr,50,dave2v1,0.0,
17,0.4357008635997772,0.30251904759073656,0.3691099555952569,100,6,udacity,dr,100,dave2v1,0.0,
25,0.4445458948612213,0.29108021397774714,0.3678130544194842,150,12,udacity,dr,150,dave2v1,0.0,
16,0.500298023223877,0.321414042987783,0.41085603310582997,200,2,udacity,dr,200,dave2v1,0.0,
14,0.2907975912094116,0.1949721577830266,0.2428848744962191,50,7,udacity,ces,50,dave2v1,0.0,
25,0.3135504424571991,0.23175528274262922,0.27265286259991417,100,10,udacity,ces,100,dave2v1,0.0,
34,0.36213260889053345,0.222388009186261,0.2922603090383972,150,15,udacity,ces,150,dave2v1,0.0,
31,0.370015025138855,0.2276071165521179,0.2988110708454864,200,8,udacity,ces,200,dave2v1,0.0,
13,0.22149644792079926,0.12066085683723643,0.17107865237901784,50,6,udacity,est,50,dave2v1,0.0,
27,0.3403283655643463,0.21607893223187646,0.2782036488981114,100,11,udacity,est,100,dave2v1,0.0,
27,0.34273529052734375,0.2354368455623666,0.28908606804485515,150,4,udacity,est,150,dave2v1,0.0,
43,0.37515583634376526,0.2994051776572961,0.3372805070005307,200,26,udacity,est,200,dave2v1,0.0,
12,0.2036943882703781,0.141592154349099,0.17264327130973856,50,10,udacity,rnd,50,dave2v1,0.0,
16,0.26671236753463745,0.20178144293908798,0.2342469052368627,100,7,udacity,rnd,100,dave2v1,0.0,
20,0.13876022398471832,0.16884982243809663,0.1538050232114075,150,5,udacity,rnd,150,dave2v1,0.0,
32,0.4422588646411896,0.30530240785877,0.3737806362499798,200,13,udacity,rnd,200,dave2v1,0.0,
13,0.3767252266407013,0.29528259973814974,0.3360039131894255,50,8,udacity,ent,50,dave2v1,0.0,
24,0.37166693806648254,0.26594894283159687,0.3188079404490397,100,15,udacity,ent,100,dave2v1,0.0,
22,0.5552994608879089,0.437000743947744,0.4961501024178265,150,6,udacity,ent,150,dave2v1,0.0,
29,0.5312263369560242,0.49154942347570724,0.5113878802158657,200,6,udacity,ent,200,dave2v1,0.0,
9,0.31924885511398315,,,50,1,udacity,gini,50,dave2v1,0.0,
16,0.389499306678772,0.2587940746540279,0.3241466906663999,100,4,udacity,gini,100,dave2v1,0.0,
24,0.4655252695083618,0.3106203565531379,0.38807281303074986,150,7,udacity,gini,150,dave2v1,0.0,
28,0.3287113606929779,0.23570427617819592,0.2822078184355869,200,7,udacity,gini,200,dave2v1,0.0,
11,0.227443128824234,0.2596841495403866,0.2435636391823103,50,5,udacity,gd,50,dave2v1,0.0,
25,0.3539450168609619,0.23967237064105584,0.2968086937510089,100,7,udacity,gd,100,dave2v1,0.0,
32,0.3641967475414276,0.2871420312362357,0.32566938938883166,150,10,udacity,gd,150,dave2v1,0.0,
27,0.35898280143737793,0.27989958566704864,0.3194411935522133,200,10,udacity,gd,200,dave2v1,0.0,
12,0.2940930426120758,0.22029090353139025,0.257191973071733,50,11,udacity,kmnc,50,dave2v1,0.0,
16,0.4698328375816345,0.29384711751664455,0.38183997754913956,100,6,udacity,kmnc,100,dave2v1,0.0,
25,0.4855467677116394,0.37172241737947015,0.4286345925455548,150,12,udacity,kmnc,150,dave2v1,0.0,
34,0.5016264915466309,0.41522663594049947,0.45842656374356516,200,13,udacity,kmnc,200,dave2v1,0.0,
12,0.3173557221889496,0.26606659134200966,0.29171115676547965,50,6,udacity,nac,50,dave2v1,0.0,
19,0.32603394985198975,0.3335603731598242,0.329797161505907,100,14,udacity,nac,100,dave2v1,0.0,
29,0.39768660068511963,0.3440813660937598,0.37088398338943973,150,15,udacity,nac,150,dave2v1,0.0,
25,0.5618804097175598,0.42849949512208085,0.49518995241982033,200,11,udacity,nac,200,dave2v1,0.0,
15,0.2005150467157364,0.40047648493248694,0.30049576582411164,50,9,udacity,lsa,50,dave2v1,0.0,
21,0.3261755704879761,0.19426615956129595,0.26022086502463604,100,9,udacity,lsa,100,dave2v1,0.0,
25,0.3556016683578491,0.2523746243946259,0.3039881463762375,150,17,udacity,lsa,150,dave2v1,0.0,
32,0.45501986145973206,0.23526512765854896,0.3451424945591405,200,2,udacity,lsa,200,dave2v1,0.0,
10,0.24768711626529694,0.17195297405552357,0.20982004516041025,50,3,udacity,std,50,dave2v1,0.0,
21,0.3158031404018402,0.21959219201524194,0.2676976662085411,100,13,udacity,std,100,dave2v1,0.0,
31,0.33960074186325073,0.2403674606245049,0.2899841012438778,150,15,udacity,std,150,dave2v1,0.0,
30,0.3341068923473358,0.2662603490848012,0.3001836207160685,200,5,udacity,std,200,dave2v1,0.0,
14,0.291285902261734,0.20817922090306362,0.24973256158239882,50,9,udacity,pace,50,dave2v1,0.0,
19,0.2041347622871399,0.1447338516286215,0.1744343069578807,100,6,udacity,pace,100,dave2v1,0.0,
31,0.32164984941482544,0.20924097054959215,0.2654454099822088,150,16,udacity,pace,150,dave2v1,0.0,
41,0.3819252848625183,0.288514267026953,0.3352197759447356,200,19,udacity,pace,200,dave2v1,0.0,
6,0.3557772934436798,0.23570851689041147,0.29574290516704566,36,2,udacity,dr,50,dave2v1,0.044,
11,0.3224848806858063,0.12805610276784446,0.22527049172682537,76,7,udacity,dr,100,dave2v1,0.044,
23,0.29146942496299744,0.21293164063085673,0.2522005327969271,109,19,udacity,dr,150,dave2v1,0.044,
16,0.4112837016582489,0.248164469473699,0.32972408556597393,148,4,udacity,dr,200,dave2v1,0.044,
13,0.29710957407951355,0.1357236668329453,0.21641662045622942,44,3,udacity,ces,50,dave2v1,0.044,
19,0.37409090995788574,0.16593496776426578,0.27001293886107575,89,4,udacity,ces,100,dave2v1,0.044,
16,0.2507411539554596,0.19462690290387435,0.22268402842966697,133,6,udacity,ces,150,dave2v1,0.044,
25,0.3017856180667877,0.2251736102987685,0.2634796141827781,171,10,udacity,ces,200,dave2v1,0.044,
13,0.21463602781295776,0.14256061058131755,0.17859831919713764,41,9,udacity,est,50,dave2v1,0.044,
19,0.3404318392276764,0.21224980973581897,0.2763408244817477,87,8,udacity,est,100,dave2v1,0.044,
31,0.4212179481983185,0.31708873852883934,0.3691533433635789,128,6,udacity,est,150,dave2v1,0.044,
40,0.4248476028442383,0.3113425114813482,0.3680950571627932,166,14,udacity,est,200,dave2v1,0.044,
10,0.22553879022598267,0.13801537812277012,0.18177708417437638,36,2,udacity,rnd,50,dave2v1,0.044,
13,0.2782841622829437,0.18994764771982525,0.2341159050013845,74,5,udacity,rnd,100,dave2v1,0.044,
22,0.2706342339515686,0.13441476862122909,0.20252450128639884,116,4,udacity,rnd,150,dave2v1,0.044,
31,0.4088975787162781,0.2755301449272297,0.3422138618217539,164,15,udacity,rnd,200,dave2v1,0.044,
11,0.07276338338851929,0.0010603654342960615,0.036911874411407676,44,19,udacity,ent,50,dave2v1,0.044,
18,0.4572294056415558,0.30500121166064587,0.3811153086511008,91,3,udacity,ent,100,dave2v1,0.044,
22,0.5796433091163635,0.5022822956006069,0.5409628023584852,139,6,udacity,ent,150,dave2v1,0.044,
39,0.4916151165962219,0.42178387737298184,0.4566994969846019,186,16,udacity,ent,200,dave2v1,0.044,
6,0.33977678418159485,0.2220843703423446,0.28093057726196974,19,2,udacity,gini,50,dave2v1,0.044,
11,0.296620637178421,0.2033372059814923,0.24997892157995666,41,7,udacity,gini,100,dave2v1,0.044,
18,0.42573365569114685,0.21917574769336576,0.3224547016922563,75,5,udacity,gini,150,dave2v1,0.044,
16,0.5471943020820618,0.39535032586540053,0.47127231397373115,113,0,udacity,gini,200,dave2v1,0.044,
9,0.18079747259616852,0.06388142722951017,0.12233944991283935,42,9,udacity,gd,50,dave2v1,0.044,
19,0.27645057439804077,0.15815510296779117,0.21730283868291597,85,10,udacity,gd,100,dave2v1,0.044,
12,-0.03991301730275154,0.1053556901290884,0.03272133641316843,125,3,udacity,gd,150,dave2v1,0.044,
23,0.3135319948196411,0.2331738865877392,0.27335294070369015,157,7,udacity,gd,200,dave2v1,0.044,
11,0.4162265360355377,0.22528330288114648,0.3207549194583421,48,2,udacity,kmnc,50,dave2v1,0.044,
19,0.44146960973739624,0.3562031612821954,0.39883638550979583,94,5,udacity,kmnc,100,dave2v1,0.044,
15,0.391912043094635,0.24742753380721647,0.31966978845092575,139,0,udacity,kmnc,150,dave2v1,0.044,
23,0.5473799109458923,0.4330277856832347,0.49020384831456354,182,2,udacity,kmnc,200,dave2v1,0.044,
9,0.3862820565700531,,,44,1,udacity,nac,50,dave2v1,0.044,
15,0.4986564517021179,0.3229489319489152,0.41080269182551654,88,2,udacity,nac,100,dave2v1,0.044,
23,0.5256832838058472,0.3600866669222977,0.44288497536407245,133,5,udacity,nac,150,dave2v1,0.044,
30,0.4828746020793915,0.4406573621556739,0.4617659821175327,179,15,udacity,nac,200,dave2v1,0.044,
10,0.32271724939346313,,,43,1,udacity,lsa,50,dave2v1,0.044,
12,0.4682036340236664,0.27064274031358265,0.36942318716862454,87,3,udacity,lsa,100,dave2v1,0.044,
18,0.5128640532493591,0.46033186699085094,0.48659796012010503,136,5,udacity,lsa,150,dave2v1,0.044,
19,0.47842898964881897,0.4486993499506744,0.4635641697997467,183,5,udacity,lsa,200,dave2v1,0.044,
11,0.26628121733665466,0.25109067049884776,0.25868594391775124,37,3,udacity,std,50,dave2v1,0.044,
16,0.32863104343414307,0.279102667495486,0.3038668554648145,83,6,udacity,std,100,dave2v1,0.044,
22,0.3572489619255066,0.3036809299566101,0.33046494594105835,115,7,udacity,std,150,dave2v1,0.044,
34,0.33949014544487,0.23831732562622482,0.2889037355355474,155,14,udacity,std,200,dave2v1,0.044,
10,0.20920658111572266,0.09344767381851585,0.15132712746711924,35,10,udacity,pace,50,dave2v1,0.044,
21,0.3537959158420563,0.2507531223661646,0.3022745191041104,80,3,udacity,pace,100,dave2v1,0.044,
31,0.28821030259132385,0.20275511306888663,0.24548270783010523,119,14,udacity,pace,150,dave2v1,0.044,
28,0.3571277856826782,0.23787563853358729,0.29750171210813275,157,14,udacity,pace,200,dave2v1,0.044,
6,0.31538939476013184,0.2125080078183514,0.26394870128924164,25,2,udacity,dr,50,dave2v1,0.087,
8,0.3565090596675873,0.14508115420619283,0.25079510693689006,55,8,udacity,dr,100,dave2v1,0.087,
18,0.4068768620491028,0.3691349431289472,0.388005902589025,82,7,udacity,dr,150,dave2v1,0.087,
23,0.3457657992839813,0.2087142360787456,0.27724001768136347,116,10,udacity,dr,200,dave2v1,0.087,
8,0.1890108287334442,0.06030381826310089,0.12465732349827255,35,10,udacity,ces,50,dave2v1,0.087,
16,0.2666972577571869,0.29698444749373015,0.28184085262545855,80,7,udacity,ces,100,dave2v1,0.087,
17,0.3048000931739807,,,108,1,udacity,ces,150,dave2v1,0.087,
6,-0.08885857462882996,0.02716295034689931,-0.030847812140965325,138,5,udacity,ces,200,dave2v1,0.087,
9,0.233377605676651,0.25909832831504553,0.24623796699584827,28,3,udacity,est,50,dave2v1,0.087,
20,0.3343653678894043,0.24827044909973062,0.29131790849456746,74,7,udacity,est,100,dave2v1,0.087,
28,0.3880354166030884,0.2667873110805413,0.32741136384181485,111,10,udacity,est,150,dave2v1,0.087,
31,0.42161983251571655,0.3333261918521054,0.37747301218391094,135,4,udacity,est,200,dave2v1,0.087,
10,0.237925186753273,0.3551506687017087,0.2965379277274909,27,5,udacity,rnd,50,dave2v1,0.087,
16,0.20852544903755188,0.10094723605299888,0.15473634254527538,54,11,udacity,rnd,100,dave2v1,0.087,
22,0.30153751373291016,0.22872748395365977,0.26513249884328494,98,5,udacity,rnd,150,dave2v1,0.087,
27,0.41815394163131714,0.246603677435494,0.3323788095334056,128,5,udacity,rnd,200,dave2v1,0.087,
12,0.3007834851741791,0.15633989365005851,0.2285616894121188,41,10,udacity,ent,50,dave2v1,0.087,
16,0.4944652318954468,0.33079956095213864,0.4126323964237927,82,2,udacity,ent,100,dave2v1,0.087,
21,0.4900417625904083,0.38793734460377277,0.4389895535970906,124,8,udacity,ent,150,dave2v1,0.087,
33,0.47746020555496216,0.38426978044984056,0.43086499300240133,164,9,udacity,ent,200,dave2v1,0.087,
2,0.15622591972351074,0.13023113368599998,0.14322852670475536,8,4,udacity,gini,50,dave2v1,0.087,
5,0.13850264251232147,,,18,1,udacity,gini,100,dave2v1,0.087,
10,0.3719661235809326,0.3035632369582445,0.33776468026958856,29,3,udacity,gini,150,dave2v1,0.087,
11,0.4393169581890106,0.38882735126806856,0.4140721547285396,36,2,udacity,gini,200,dave2v1,0.087,
8,0.2487206608057022,0.07265689728232705,0.16068877904401463,30,4,udacity,gd,50,dave2v1,0.087,
21,0.31053289771080017,0.1723941161413418,0.241463506926071,65,8,udacity,gd,100,dave2v1,0.087,
22,0.31546270847320557,0.2114996482268346,0.26348117835002005,98,8,udacity,gd,150,dave2v1,0.087,
25,0.39578163623809814,0.2515195166848994,0.32365057646149875,120,12,udacity,gd,200,dave2v1,0.087,
10,0.33301180601119995,0.23067323861408878,0.2818425223126444,40,7,udacity,kmnc,50,dave2v1,0.087,
16,0.3683149814605713,0.2582712773449364,0.31329312940275383,80,9,udacity,kmnc,100,dave2v1,0.087,
13,0.3452485203742981,0.16495014467295407,0.2550993325236261,119,2,udacity,kmnc,150,dave2v1,0.087,
26,0.4774031639099121,0.3404108566454741,0.4089070102776931,159,7,udacity,kmnc,200,dave2v1,0.087,
9,0.3308566212654114,0.2238563055677869,0.27735646341659914,42,3,udacity,nac,50,dave2v1,0.087,
19,0.4752523601055145,0.38457226063088545,0.4299123103682,81,4,udacity,nac,100,dave2v1,0.087,
28,0.41535648703575134,0.29437811323903595,0.35486730013739365,122,10,udacity,nac,150,dave2v1,0.087,
30,0.5134146809577942,0.43579622356659176,0.474605452262193,159,10,udacity,nac,200,dave2v1,0.087,
10,0.31756484508514404,0.11506826625265665,0.21631655566890035,37,3,udacity,lsa,50,dave2v1,0.087,
19,0.22409741580486298,0.12165961480969875,0.17287851530728088,78,11,udacity,lsa,100,dave2v1,0.087,
19,0.4897013306617737,0.39530165624435404,0.4425014934530639,125,5,udacity,lsa,150,dave2v1,0.087,
35,0.3435429036617279,0.18597652700650927,0.2647597153341186,164,10,udacity,lsa,200,dave2v1,0.087,
7,0.20362488925457,0.08796820734849067,0.14579654830153033,24,9,udacity,std,50,dave2v1,0.087,
12,0.3008955717086792,0.22668634305296595,0.2637909573808226,66,4,udacity,std,100,dave2v1,0.087,
25,0.3017778992652893,0.22856452429597368,0.2651712117806315,84,8,udacity,std,150,dave2v1,0.087,
20,0.28560858964920044,0.15946009948774628,0.22253434456847337,117,11,udacity,std,200,dave2v1,0.087,
7,0.2153327465057373,0.17330699366818214,0.19431987008695972,24,2,udacity,pace,50,dave2v1,0.087,
18,0.2696065306663513,0.16568755355063797,0.21764704210849464,61,10,udacity,pace,100,dave2v1,0.087,
21,0.29761046171188354,0.16433745227570531,0.23097395699379442,87,13,udacity,pace,150,dave2v1,0.087,
20,0.3904181718826294,0.2944401402001466,0.342429156041388,122,10,udacity,pace,200,dave2v1,0.087,
6,0.273780882358551,0.12278854607542442,0.19828471421698773,20,2,udacity,dr,50,dave2v1,0.131,
10,0.3362198770046234,0.19851749796399903,0.2673686874843112,44,4,udacity,dr,100,dave2v1,0.131,
9,0.6002127528190613,,,62,1,udacity,dr,150,dave2v1,0.131,
14,0.5045484900474548,0.42912965567471845,0.4668390728610866,85,2,udacity,dr,200,dave2v1,0.131,
7,0.2206360548734665,0.18437730717275977,0.20250668102311314,26,3,udacity,ces,50,dave2v1,0.131,
17,0.2931332588195801,0.15708419451243627,0.22510872666600817,68,6,udacity,ces,100,dave2v1,0.131,
12,0.25096285343170166,,,84,1,udacity,ces,150,dave2v1,0.131,
11,0.079872727394104,0.1749859686650723,0.12742934802958816,119,3,udacity,ces,200,dave2v1,0.131,
6,0.17658080160617828,0.0551012790559554,0.11584104033106685,22,5,udacity,est,50,dave2v1,0.131,
15,0.34776467084884644,0.1763247320576171,0.2620447014532318,63,4,udacity,est,100,dave2v1,0.131,
22,0.3467659652233124,0.2888542003853246,0.3178100828043185,87,8,udacity,est,150,dave2v1,0.131,
25,0.33605462312698364,0.18183588266811754,0.2589452528975506,102,13,udacity,est,200,dave2v1,0.131,
5,0.11479707807302475,0.06868947967936961,0.09174327887619718,19,3,udacity,rnd,50,dave2v1,0.131,
14,0.3186498284339905,0.27314749223510393,0.2958986603345472,43,2,udacity,rnd,100,dave2v1,0.131,
20,0.2467685490846634,0.16005163880113238,0.20341009394289788,75,12,udacity,rnd,150,dave2v1,0.131,
18,0.3074442148208618,0.20494804748363826,0.25619613115225004,88,11,udacity,rnd,200,dave2v1,0.131,
10,0.3363770544528961,0.1736057431114052,0.25499139878215066,34,5,udacity,ent,50,dave2v1,0.131,
14,0.34352821111679077,0.37103362758322633,0.35728091935000855,67,14,udacity,ent,100,dave2v1,0.131,
22,0.4004000127315521,0.2154040199982606,0.30790201636490633,104,11,udacity,ent,150,dave2v1,0.131,
26,0.5140806436538696,0.412451810025339,0.4632662268396043,138,12,udacity,ent,200,dave2v1,0.131,
3,0.16170534491539001,,,8,1,udacity,gini,50,dave2v1,0.131,
4,0.11179745942354202,0.11828169420907872,0.11503957681631037,16,4,udacity,gini,100,dave2v1,0.131,
7,0.3183264136314392,0.22289380594099933,0.27061010978621924,22,4,udacity,gini,150,dave2v1,0.131,
7,0.27461332082748413,0.17450370436249088,0.2245585125949875,23,6,udacity,gini,200,dave2v1,0.131,
5,0.12147869169712067,0.04391957836472113,0.0826991350309209,25,0,udacity,gd,50,dave2v1,0.131,
10,0.28378593921661377,0.09645884450025287,0.19012239185843333,48,7,udacity,gd,100,dave2v1,0.131,
17,0.3345109820365906,0.19624509178951507,0.26537803691305284,68,4,udacity,gd,150,dave2v1,0.131,
23,0.3683721125125885,0.23842163234868688,0.3033968724306377,91,8,udacity,gd,200,dave2v1,0.131,
10,0.3127710223197937,0.21433236472117226,0.26355169352048297,36,3,udacity,kmnc,50,dave2v1,0.131,
14,0.440958708524704,0.35902817719771596,0.39999344286120997,68,4,udacity,kmnc,100,dave2v1,0.131,
14,0.4264630079269409,0.2611325726224845,0.3437977902747127,102,2,udacity,kmnc,150,dave2v1,0.131,
19,0.4358775019645691,0.3426754839201242,0.3892764929423467,137,3,udacity,kmnc,200,dave2v1,0.131,
11,0.27154165506362915,0.23145477570013526,0.2514982153818822,39,6,udacity,nac,50,dave2v1,0.131,
13,0.41153082251548767,0.2663593191456732,0.33894507083058045,71,8,udacity,nac,100,dave2v1,0.131,
17,0.5617399215698242,0.4807589179478814,0.5212494197588529,109,2,udacity,nac,150,dave2v1,0.131,
23,0.4764787256717682,0.35144209464223497,0.4139604101570016,143,14,udacity,nac,200,dave2v1,0.131,
7,0.3401889204978943,0.2540659887551868,0.29712745462654055,29,2,udacity,lsa,50,dave2v1,0.131,
15,0.3004399538040161,0.2403965402576554,0.2704182470308357,69,9,udacity,lsa,100,dave2v1,0.131,
18,0.4473589360713959,0.32308773611697095,0.3852233360941834,110,10,udacity,lsa,150,dave2v1,0.131,
18,0.606189489364624,0.5063776141582865,0.5562835517614553,145,0,udacity,lsa,200,dave2v1,0.131,
4,0.16013981401920319,0.3268102958932329,0.24347505495621805,16,4,udacity,std,50,dave2v1,0.131,
11,0.1472312957048416,0.05422357544761496,0.10072743557622829,48,20,udacity,std,100,dave2v1,0.131,
15,0.3253119885921478,0.2087390857833101,0.267025537187729,57,9,udacity,std,150,dave2v1,0.131,
8,-0.05081463232636452,0.016356509770948578,-0.01722906127770797,90,2,udacity,std,200,dave2v1,0.131,
7,0.20639929175376892,0.11425995534204475,0.16032962354790684,19,4,udacity,pace,50,dave2v1,0.131,
13,0.3008491098880768,0.15736590322965935,0.22910750655886808,47,10,udacity,pace,100,dave2v1,0.131,
10,0.04297139123082161,0.13030822495197694,0.08663980809139928,66,2,udacity,pace,150,dave2v1,0.131,
19,0.3195306956768036,0.23176398815739568,0.2756473419170996,88,13,udacity,pace,200,dave2v1,0.131,
2,0.13561363518238068,-0.005124620992214453,0.06524450709508312,9,5,udacity,dr,50,dave2v1,0.175,
7,0.2943372428417206,0.23639090897388998,0.2653640759078053,26,4,udacity,dr,100,dave2v1,0.175,
9,0.4193364381790161,0.3245535441031014,0.3719449911410587,36,0,udacity,dr,150,dave2v1,0.175,
13,0.30488088726997375,0.25023857986903064,0.2775597335695022,51,6,udacity,dr,200,dave2v1,0.175,
4,0.14311373233795166,0.044645945763845285,0.09387983905089847,22,10,udacity,ces,50,dave2v1,0.175,
11,0.26210567355155945,0.14956149595496457,0.20583358475326202,49,7,udacity,ces,100,dave2v1,0.175,
12,0.3497205674648285,0.18025540140036037,0.2649879844325944,70,3,udacity,ces,150,dave2v1,0.175,
21,0.38238266110420227,0.40308080799551665,0.39273173454985943,99,9,udacity,ces,200,dave2v1,0.175,
5,0.13500601053237915,0.22926000122621581,0.18213300587929748,18,3,udacity,est,50,dave2v1,0.175,
13,0.29349422454833984,0.16952348452854674,0.23150885453844328,54,11,udacity,est,100,dave2v1,0.175,
16,0.3291242718696594,0.24933455146171507,0.2892294116656873,65,3,udacity,est,150,dave2v1,0.175,
18,0.3177695870399475,0.20107419730829978,0.25942189217412365,72,7,udacity,est,200,dave2v1,0.175,
5,0.16814908385276794,,,13,1,udacity,rnd,50,dave2v1,0.175,
6,0.10364919900894165,0.06567985822421155,0.0846645286165766,34,0,udacity,rnd,100,dave2v1,0.175,
10,0.18047775328159332,0.08434486517256981,0.13241130922708155,52,7,udacity,rnd,150,dave2v1,0.175,
11,0.3016449213027954,0.12360240813238586,0.21262366471759064,63,2,udacity,rnd,200,dave2v1,0.175,
9,0.3515566885471344,,,30,1,udacity,ent,50,dave2v1,0.175,
14,0.47081202268600464,0.35436378048429823,0.41258790158515146,57,5,udacity,ent,100,dave2v1,0.175,
24,0.3958088159561157,0.314548907135488,0.35517886154580186,88,13,udacity,ent,150,dave2v1,0.175,
24,0.46556854248046875,0.43844479687919047,0.4520066696798296,118,8,udacity,ent,200,dave2v1,0.175,
0,-1.0,-1.0,-1.0,5,5,udacity,gini,50,dave2v1,0.175,
4,0.21332459151744843,0.15542666784871934,0.18437562968308388,12,2,udacity,gini,100,dave2v1,0.175,
3,0.10648497194051743,0.0029997494655416776,0.054742360703029555,13,5,udacity,gini,150,dave2v1,0.175,
4,0.14643101394176483,,,14,1,udacity,gini,200,dave2v1,0.175,
5,0.17960864305496216,0.08298053880524317,0.13129459093010265,18,3,udacity,gd,50,dave2v1,0.175,
6,0.12462504953145981,0.16238627983750537,0.1435056646844826,34,3,udacity,gd,100,dave2v1,0.175,
14,0.2898886501789093,0.24412695242001667,0.267007801299463,48,2,udacity,gd,150,dave2v1,0.175,
18,0.323762446641922,0.21369659815398026,0.2687295223979511,68,9,udacity,gd,200,dave2v1,0.175,
11,0.3228495121002197,0.1925498196787422,0.25769966588948096,34,5,udacity,kmnc,50,dave2v1,0.175,
16,0.3305581212043762,0.20245303845626278,0.26650557983031953,58,8,udacity,kmnc,100,dave2v1,0.175,
13,0.3279460668563843,0.3107235740380975,0.31933482044724093,85,5,udacity,kmnc,150,dave2v1,0.175,
26,0.36918550729751587,0.2779468043252262,0.32356615581137105,115,14,udacity,kmnc,200,dave2v1,0.175,
10,0.30799734592437744,0.25046192416120266,0.2792296350427901,34,5,udacity,nac,50,dave2v1,0.175,
11,0.44945839047431946,0.312801820913822,0.38113010569407074,61,4,udacity,nac,100,dave2v1,0.175,
17,0.42262789607048035,0.25039538062852984,0.3365116383495051,95,7,udacity,nac,150,dave2v1,0.175,
18,0.5014824271202087,0.38000889874493854,0.44074566293257367,125,7,udacity,nac,200,dave2v1,0.175,
7,0.37400734424591064,0.2945148566880492,0.33426110046697993,25,2,udacity,lsa,50,dave2v1,0.175,
12,0.3546516001224518,0.2987437776441367,0.3266976888832942,60,8,udacity,lsa,100,dave2v1,0.175,
15,0.4894636869430542,0.3441449898149102,0.41680433837898223,96,5,udacity,lsa,150,dave2v1,0.175,
19,0.4331750273704529,0.31406546106325534,0.37362024421685414,127,9,udacity,lsa,200,dave2v1,0.175,
3,0.16566628217697144,0.09914233344804846,0.13240430781250995,11,3,udacity,std,50,dave2v1,0.175,
7,0.27136319875717163,0.3268642172224482,0.2991137079898099,39,5,udacity,std,100,dave2v1,0.175,
10,0.3177861273288727,0.21963445194498465,0.26871028963692867,40,8,udacity,std,150,dave2v1,0.175,
11,0.2608550786972046,0.09484644298347647,0.17785076084034052,62,0,udacity,std,200,dave2v1,0.175,
5,0.2302616834640503,0.10147850136434408,0.1658700924141972,14,2,udacity,pace,50,dave2v1,0.175,
4,-0.06893781572580338,,,35,1,udacity,pace,100,dave2v1,0.175,
15,0.2518807053565979,0.1615742908071168,0.20672749808185736,49,8,udacity,pace,150,dave2v1,0.175,
14,0.3073687255382538,0.1693414620809068,0.2383550938095803,61,6,udacity,pace,200,dave2v1,0.175,
1,0.18052798509597778,0.02897154246646566,0.10474976378122172,4,2,udacity,dr,50,dave2v1,0.218,
5,0.20197714865207672,,,12,1,udacity,dr,100,dave2v1,0.218,
3,0.22730368375778198,0.12275381389915485,0.17502874882846842,15,7,udacity,dr,150,dave2v1,0.218,
7,0.30060118436813354,0.13194924101675404,0.2162752126924438,26,4,udacity,dr,200,dave2v1,0.218,
4,0.16769053041934967,0.2404705402417603,0.20408053533055498,18,3,udacity,ces,50,dave2v1,0.218,
7,0.21213248372077942,0.16255106338676925,0.18734177355377435,34,8,udacity,ces,100,dave2v1,0.218,
9,0.29285743832588196,0.256364337951373,0.27461088813862744,58,2,udacity,ces,150,dave2v1,0.218,
19,0.30408966541290283,0.17578290742361757,0.2399362864182602,75,19,udacity,ces,200,dave2v1,0.218,
5,0.2386702597141266,,,13,1,udacity,est,50,dave2v1,0.218,
8,0.27972573041915894,0.14911145664192121,0.21441859353054007,43,6,udacity,est,100,dave2v1,0.218,
15,0.2767927050590515,0.17886633929945708,0.22782952217925428,57,6,udacity,est,150,dave2v1,0.218,
15,0.3619057834148407,0.30082455225230054,0.3313651678335706,58,4,udacity,est,200,dave2v1,0.218,
2,0.12631413340568542,,,9,1,udacity,rnd,50,dave2v1,0.218,
7,0.2521118223667145,0.07713284060434106,0.16462233148552777,22,0,udacity,rnd,100,dave2v1,0.218,
9,0.24920865893363953,0.054054581196194086,0.15163162006491682,36,2,udacity,rnd,150,dave2v1,0.218,
12,0.36940646171569824,0.2220681637542017,0.29573731273494996,42,3,udacity,rnd,200,dave2v1,0.218,
8,0.21345314383506775,0.19073871353396804,0.2020959286845179,23,4,udacity,ent,50,dave2v1,0.218,
10,0.4157601296901703,0.46003972528417214,0.4378999274871712,40,4,udacity,ent,100,dave2v1,0.218,
17,0.36074671149253845,0.26471651551804215,0.31273161350529033,63,8,udacity,ent,150,dave2v1,0.218,
22,0.3758528530597687,0.258819744639422,0.31733629884959536,91,14,udacity,ent,200,dave2v1,0.218,
0,-1.0,-1.0,-1.0,3,3,udacity,gini,50,dave2v1,0.218,
3,0.13019011914730072,,,8,1,udacity,gini,100,dave2v1,0.218,
1,0.12729276716709137,-0.0243034978908737,0.051494634638108834,9,6,udacity,gini,150,dave2v1,0.218,
3,0.17298196256160736,0.05112391262965743,0.1120529375956324,9,3,udacity,gini,200,dave2v1,0.218,
3,0.2322368025779724,0.11545154033641866,0.17384417145719555,11,4,udacity,gd,50,dave2v1,0.218,
4,0.22751213610172272,0.07052211938069344,0.14901712774120807,22,0,udacity,gd,100,dave2v1,0.218,
9,0.2775137722492218,0.217738812563552,0.2476262924063869,37,3,udacity,gd,150,dave2v1,0.218,
8,0.2474953979253769,0.18322308314677832,0.2153592405360776,49,3,udacity,gd,200,dave2v1,0.218,
8,0.33024516701698303,0.31064503776181773,0.3204451023894004,28,2,udacity,kmnc,50,dave2v1,0.218,
14,0.3048357367515564,0.15751138325016026,0.2311735600008583,49,6,udacity,kmnc,100,dave2v1,0.218,
16,0.33811432123184204,0.1810305123392554,0.2595724167855487,70,9,udacity,kmnc,150,dave2v1,0.218,
14,0.44341063499450684,0.3503612983603073,0.39688596667740705,93,5,udacity,kmnc,200,dave2v1,0.218,
8,0.3549571931362152,0.19106810635189142,0.2730126497440533,31,7,udacity,nac,50,dave2v1,0.218,
11,0.48355206847190857,0.33413587488165,0.40884397167677927,55,4,udacity,nac,100,dave2v1,0.218,
11,0.5358627438545227,0.5609147242261052,0.548388734040314,86,3,udacity,nac,150,dave2v1,0.218,
12,0.5563146471977234,0.5874148680684346,0.571864757633079,111,7,udacity,nac,200,dave2v1,0.218,
6,0.2738397717475891,,,17,1,udacity,lsa,50,dave2v1,0.218,
9,0.49947014451026917,0.35094080114522597,0.42520547282774757,48,3,udacity,lsa,100,dave2v1,0.218,
16,0.33764269948005676,0.21278545452981204,0.2752140770049344,78,6,udacity,lsa,150,dave2v1,0.218,
13,0.6534019708633423,0.4748799072900786,0.5641409390767105,102,0,udacity,lsa,200,dave2v1,0.218,
0,-1.0,-1.0,-1.0,7,7,udacity,std,50,dave2v1,0.218,
10,0.2648252546787262,0.20161374530435125,0.23321949999153874,32,7,udacity,std,100,dave2v1,0.218,
10,0.2854715883731842,0.17806175255605328,0.23176667046461874,30,6,udacity,std,150,dave2v1,0.218,
11,0.3143603503704071,,,41,1,udacity,std,200,dave2v1,0.218,
4,0.1813039779663086,-0.005379533475375391,0.0879622222454666,12,4,udacity,pace,50,dave2v1,0.218,
9,0.18675550818443298,0.0947615971845496,0.14075855268449128,28,8,udacity,pace,100,dave2v1,0.218,
7,0.213357612490654,0.20362139826450387,0.20848950537757893,31,3,udacity,pace,150,dave2v1,0.218,
14,0.3637441098690033,0.27999953217415313,0.3218718210215782,45,2,udacity,pace,200,dave2v1,0.218,
0,-1.0,-1.0,-1.0,3,3,udacity,dr,50,dave2v1,0.262,
2,0.15626385807991028,0.3776138770010841,0.2669388675404972,7,2,udacity,dr,100,dave2v1,0.262,
2,0.1998034566640854,-0.007873293774510822,0.09596508144478728,9,0,udacity,dr,150,dave2v1,0.262,
4,0.18949808180332184,0.2274614853083826,0.20847978355585223,16,2,udacity,dr,200,dave2v1,0.262,
2,0.0029024274554103613,,,13,1,udacity,ces,50,dave2v1,0.262,
7,0.1751243621110916,0.1355605364471106,0.15534244927910112,23,7,udacity,ces,100,dave2v1,0.262,
9,0.2637147903442383,0.09516214709784096,0.17943846872103963,38,7,udacity,ces,150,dave2v1,0.262,
17,0.3505208194255829,0.24388063351923278,0.2972007264724078,56,5,udacity,ces,200,dave2v1,0.262,
3,0.16527938842773438,,,8,1,udacity,est,50,dave2v1,0.262,
7,0.3140002191066742,0.15417861595962487,0.23408941753314955,33,0,udacity,est,100,dave2v1,0.262,
11,0.28190532326698303,0.19737814269462592,0.2396417329808045,35,8,udacity,est,150,dave2v1,0.262,
11,0.29311349987983704,0.26742196182855127,0.28026773085419415,42,4,udacity,est,200,dave2v1,0.262,
3,0.22047263383865356,0.11642713100203743,0.1684498824203455,6,0,udacity,rnd,50,dave2v1,0.262,
3,0.2044348418712616,0.029334128551872285,0.11688448521156694,10,0,udacity,rnd,100,dave2v1,0.262,
7,0.21155400574207306,,,21,1,udacity,rnd,150,dave2v1,0.262,
5,0.2133905440568924,0.035776394578024825,0.12458346931745862,23,6,udacity,rnd,200,dave2v1,0.262,
7,0.29357749223709106,0.41126727712036293,0.352422384678727,21,3,udacity,ent,50,dave2v1,0.262,
9,0.438561350107193,0.42274688118333636,0.4306541156452647,36,2,udacity,ent,100,dave2v1,0.262,
13,0.47410744428634644,0.4009859012944031,0.43754667279037474,51,3,udacity,ent,150,dave2v1,0.262,
16,0.4459212124347687,0.3309170794488962,0.38841914594183247,74,7,udacity,ent,200,dave2v1,0.262,
0,-1.0,-1.0,-1.0,3,3,udacity,gini,50,dave2v1,0.262,
2,0.1401195526123047,0.0800193358938531,0.1100694442530789,8,4,udacity,gini,100,dave2v1,0.262,
3,0.18803814053535461,0.05327621225125641,0.1206571763933055,9,3,udacity,gini,150,dave2v1,0.262,
3,0.17876757681369781,0.02320393460362754,0.10098575570866268,9,0,udacity,gini,200,dave2v1,0.262,
3,0.06673705577850342,,,10,1,udacity,gd,50,dave2v1,0.262,
5,0.1650768220424652,0.13032524516696092,0.14770103360471307,14,3,udacity,gd,100,dave2v1,0.262,
5,0.26960593461990356,0.1574498580790276,0.21352789634946556,30,0,udacity,gd,150,dave2v1,0.262,
10,0.34394028782844543,0.2713697378262962,0.30765501282737084,38,3,udacity,gd,200,dave2v1,0.262,
7,0.1634504348039627,0.052814953578418436,0.10813269419119056,24,8,udacity,kmnc,50,dave2v1,0.262,
11,0.34292200207710266,0.26181084086726425,0.30236642147218346,41,5,udacity,kmnc,100,dave2v1,0.262,
13,0.35887300968170166,0.2767098196491556,0.3177914146654286,59,5,udacity,kmnc,150,dave2v1,0.262,
14,0.3684258759021759,0.21353569573342907,0.2909807858178025,73,9,udacity,kmnc,200,dave2v1,0.262,
7,0.35251086950302124,0.29317240460698835,0.3228416370550048,29,4,udacity,nac,50,dave2v1,0.262,
7,0.5007287859916687,0.28069415501571543,0.39071147050369204,47,3,udacity,nac,100,dave2v1,0.262,
21,0.2830727994441986,0.20810044314632056,0.2455866212952596,73,9,udacity,nac,150,dave2v1,0.262,
21,0.34646186232566833,0.2613553248561821,0.30390859359092526,95,12,udacity,nac,200,dave2v1,0.262,
4,0.10440842062234879,0.057694869593987154,0.08105164510816797,15,7,udacity,lsa,50,dave2v1,0.262,
9,0.33383768796920776,0.20231292354116,0.2680753057551839,42,5,udacity,lsa,100,dave2v1,0.262,
13,0.41351380944252014,0.35647626273998323,0.3849950360912517,68,6,udacity,lsa,150,dave2v1,0.262,
10,0.6392212510108948,0.5825152785447574,0.6108682647778261,87,3,udacity,lsa,200,dave2v1,0.262,
0,-1.0,-1.0,-1.0,5,5,udacity,std,50,dave2v1,0.262,
5,0.22606317698955536,0.1150010675036848,0.17053212224662007,20,2,udacity,std,100,dave2v1,0.262,
5,0.15998244285583496,0.24713256231874173,0.20355750258728833,20,2,udacity,std,150,dave2v1,0.262,
6,0.2164219617843628,0.12689821175042748,0.17166008676739514,28,8,udacity,std,200,dave2v1,0.262,
3,0.19030411541461945,0.10577703108739442,0.14804057325100695,9,2,udacity,pace,50,dave2v1,0.262,
4,0.2721303403377533,0.04160270875875584,0.15686652454825456,20,0,udacity,pace,100,dave2v1,0.262,
6,0.14865101873874664,,,22,1,udacity,pace,150,dave2v1,0.262,
8,0.34823721647262573,0.13484131998483354,0.24153926822872962,29,0,udacity,pace,200,dave2v1,0.262,
0,-1.0,-1.0,-1.0,3,3,udacity,dr,50,dave2v1,0.305,
0,-1.0,-1.0,-1.0,5,5,udacity,dr,100,dave2v1,0.305,
2,0.0062786489725112915,,,7,1,udacity,dr,150,dave2v1,0.305,
3,0.13623441755771637,0.38487655693253225,0.26055548724512434,13,3,udacity,dr,200,dave2v1,0.305,
3,0.05194256454706192,0.4496795795661558,0.25081107205660885,10,4,udacity,ces,50,dave2v1,0.305,
4,0.17876461148262024,0.05763450861091181,0.11819956004676602,20,0,udacity,ces,100,dave2v1,0.305,
8,0.26198649406433105,0.2274805907135502,0.24473354238894063,25,2,udacity,ces,150,dave2v1,0.305,
10,0.3093821704387665,0.2796925002944498,0.29453733536660814,35,2,udacity,ces,200,dave2v1,0.305,
2,0.039504874497652054,,,7,1,udacity,est,50,dave2v1,0.305,
4,0.2551799416542053,0.11197971990013117,0.18357983077716825,18,7,udacity,est,100,dave2v1,0.305,
5,0.1507568657398224,0.18065919659638022,0.1657080311681013,21,2,udacity,est,150,dave2v1,0.305,
7,0.23930007219314575,0.30524191563404257,0.27227099391359416,26,4,udacity,est,200,dave2v1,0.305,
1,0.6972193717956543,,,4,1,udacity,rnd,50,dave2v1,0.305,
1,0.12628701329231262,0.059392560725301725,0.09283978700880717,4,2,udacity,rnd,100,dave2v1,0.305,
4,0.28029924631118774,,,15,1,udacity,rnd,150,dave2v1,0.305,
3,0.14735004305839539,-0.0012736783205430403,0.07303818236892617,14,3,udacity,rnd,200,dave2v1,0.305,
5,0.2527245283126831,0.3494268473093624,0.3010756878110228,16,2,udacity,ent,50,dave2v1,0.305,
6,0.4641188383102417,0.37120732678105955,0.41766308254565065,31,6,udacity,ent,100,dave2v1,0.305,
11,0.4515407383441925,0.32952522356986785,0.39053298095703015,41,0,udacity,ent,150,dave2v1,0.305,
16,0.36340993642807007,0.2555985120639209,0.3095042242459955,53,7,udacity,ent,200,dave2v1,0.305,
-1,-1.0,,-1.0,2,-1,udacity,gini,50,dave2v1,0.305,-1.0
0,-1.0,-1.0,-1.0,3,3,udacity,gini,100,dave2v1,0.305,
1,0.17584526538848877,0.10151151610586781,0.1386783907471783,4,2,udacity,gini,150,dave2v1,0.305,
1,0.15622852742671967,0.06506373135384125,0.11064612939028046,4,2,udacity,gini,200,dave2v1,0.305,
2,0.08824960887432098,,,5,1,udacity,gd,50,dave2v1,0.305,
3,0.10730767250061035,,,8,1,udacity,gd,100,dave2v1,0.305,
7,0.30252668261528015,0.09952689323952095,0.20102678792740056,21,2,udacity,gd,150,dave2v1,0.305,
6,0.23444624245166779,0.26310351002729204,0.24877487623947991,24,2,udacity,gd,200,dave2v1,0.305,
8,0.25553157925605774,0.1360420050952656,0.19578679217566167,18,0,udacity,kmnc,50,dave2v1,0.305,
9,0.29334351420402527,0.08641975184318107,0.18988163302360317,32,5,udacity,kmnc,100,dave2v1,0.305,
10,0.37748074531555176,0.346540295196192,0.3620105202558719,45,2,udacity,kmnc,150,dave2v1,0.305,
11,0.334888756275177,0.1461914439436813,0.24054010010942917,57,11,udacity,kmnc,200,dave2v1,0.305,
8,0.310438334941864,0.25820319631247735,0.2843207656271707,25,6,udacity,nac,50,dave2v1,0.305,
5,0.4967789947986603,0.2746574470546236,0.38571822092664193,41,0,udacity,nac,100,dave2v1,0.305,
14,0.44086042046546936,0.4214730590725497,0.43116673976900954,60,4,udacity,nac,150,dave2v1,0.305,
18,0.20398911833763123,0.1416615786146967,0.17282534847616396,69,12,udacity,nac,200,dave2v1,0.305,
3,0.22904610633850098,,,11,1,udacity,lsa,50,dave2v1,0.305,
5,0.5345101952552795,0.3580099136955573,0.4462600544754184,30,0,udacity,lsa,100,dave2v1,0.305,
8,0.5045309662818909,,,51,1,udacity,lsa,150,dave2v1,0.305,
11,0.37883856892585754,0.3155878014204152,0.3472131851731364,61,12,udacity,lsa,200,dave2v1,0.305,
0,-1.0,-1.0,-1.0,3,3,udacity,std,50,dave2v1,0.305,
5,0.2749970853328705,0.15627915546975518,0.21563812040131283,15,3,udacity,std,100,dave2v1,0.305,
6,0.22916141152381897,0.09878697171950554,0.16397419162166227,16,0,udacity,std,150,dave2v1,0.305,
7,0.2913249433040619,0.06588040401883599,0.17860267366144894,19,0,udacity,std,200,dave2v1,0.305,
1,-1.0,-1.0,-1.0,5,0,udacity,pace,50,dave2v1,0.305,
3,0.24810223281383514,0.05060435369505452,0.14935329325444482,11,3,udacity,pace,100,dave2v1,0.305,
5,0.21370437741279602,0.12658877737118124,0.17014657739198863,17,3,udacity,pace,150,dave2v1,0.305,
6,0.19267970323562622,0.35679579744657614,0.27473775034110115,18,3,udacity,pace,200,dave2v1,0.305,
-1,-1.0,,-1.0,0,-1,udacity,dr,50,dave2v1,0.349,-1.0
-1,-1.0,,-1.0,0,-1,udacity,dr,100,dave2v1,0.349,-1.0
-1,-1.0,,-1.0,1,-1,udacity,dr,150,dave2v1,0.349,-1.0
1,0.18545302748680115,0.04611351489487156,0.11578327119083635,5,3,udacity,dr,200,dave2v1,0.349,
2,0.12636123597621918,0.11076361907888366,0.11856242752755142,7,2,udacity,ces,50,dave2v1,0.349,
4,0.1358642429113388,0.08312614494818704,0.10949519392976292,13,2,udacity,ces,100,dave2v1,0.349,
2,0.0019502078648656607,-0.05753102478965057,-0.027790408462392453,17,13,udacity,ces,150,dave2v1,0.349,
8,0.3277503252029419,0.2553600793543795,0.2915552022786607,25,4,udacity,ces,200,dave2v1,0.349,
2,0.18404985964298248,0.046175154588534786,0.11511250711575863,6,0,udacity,est,50,dave2v1,0.349,
5,0.23418843746185303,,,12,1,udacity,est,100,dave2v1,0.349,
3,0.06194980442523956,,,13,1,udacity,est,150,dave2v1,0.349,
6,0.23093140125274658,0.10755359508454583,0.1692424981686462,17,0,udacity,est,200,dave2v1,0.349,
-1,-1.0,,-1.0,2,-1,udacity,rnd,50,dave2v1,0.349,-1.0
0,-1.0,-1.0,-1.0,3,3,udacity,rnd,100,dave2v1,0.349,
2,0.1899738758802414,0.02598539460905229,0.10797963524464685,9,4,udacity,rnd,150,dave2v1,0.349,
2,0.2703171968460083,0.03502877338488369,0.152672985115446,9,0,udacity,rnd,200,dave2v1,0.349,
2,0.11623605340719223,0.060512834777151,0.08837444409217161,10,6,udacity,ent,50,dave2v1,0.349,
7,0.2569577097892761,,,20,1,udacity,ent,100,dave2v1,0.349,
8,0.3397770822048187,0.2388319386976698,0.2893045104512443,23,3,udacity,ent,150,dave2v1,0.349,
7,0.3646220862865448,0.2321370064290245,0.29837954635778463,31,4,udacity,ent,200,dave2v1,0.349,
-1,-1.0,,-1.0,2,-1,udacity,gini,50,dave2v1,0.349,-1.0
0,-1.0,-1.0,-1.0,3,3,udacity,gini,100,dave2v1,0.349,
1,-0.03135240823030472,0.8593237036707191,0.4139856477202072,4,2,udacity,gini,150,dave2v1,0.349,
1,0.24836912751197815,0.11889112511575567,0.1836301263138669,4,2,udacity,gini,200,dave2v1,0.349,
1,0.21252191066741943,0.06238824815789391,0.13745507941265667,4,2,udacity,gd,50,dave2v1,0.349,
-1,-1.0,,-1.0,2,-1,udacity,gd,100,dave2v1,0.349,-1.0
4,0.2571464776992798,0.20324276137815003,0.2301946195387149,16,5,udacity,gd,150,dave2v1,0.349,
6,0.2300749570131302,0.1408678971784051,0.18547142709576764,17,4,udacity,gd,200,dave2v1,0.349,
6,0.18818527460098267,0.19984231610000605,0.19401379535049434,15,2,udacity,kmnc,50,dave2v1,0.349,
6,0.3160385489463806,0.2003286037273993,0.25818357633688993,28,3,udacity,kmnc,100,dave2v1,0.349,
11,0.3182932436466217,0.20598852971100887,0.2621408866788153,39,5,udacity,kmnc,150,dave2v1,0.349,
12,0.366849422454834,0.2897814889603605,0.32831545570759724,47,6,udacity,kmnc,200,dave2v1,0.349,
8,0.3194868564605713,0.23864817671048288,0.2790675165855271,24,3,udacity,nac,50,dave2v1,0.349,
7,0.40027958154678345,0.3451739388280557,0.37272676018741957,37,9,udacity,nac,100,dave2v1,0.349,
12,0.2844361960887909,0.12588656796675493,0.2051613820277729,51,3,udacity,nac,150,dave2v1,0.349,
12,0.4568411409854889,0.3097836300864515,0.3833123855359702,55,0,udacity,nac,200,dave2v1,0.349,
1,0.214229017496109,0.0715376501720527,0.14288333383408086,4,2,udacity,lsa,50,dave2v1,0.349,
6,0.2561035454273224,0.11396058203945153,0.18503206373338696,22,3,udacity,lsa,100,dave2v1,0.349,
8,0.31011173129081726,0.20245444642019472,0.256283088855506,37,6,udacity,lsa,150,dave2v1,0.349,
9,0.44461408257484436,0.4012014748363756,0.42290777870560997,45,2,udacity,lsa,200,dave2v1,0.349,
-1,-1.0,,-1.0,1,-1,udacity,std,50,dave2v1,0.349,-1.0
2,0.0780387744307518,,,10,1,udacity,std,100,dave2v1,0.349,
2,0.24379335343837738,0.06302012028991846,0.1534067368641479,9,5,udacity,std,150,dave2v1,0.349,
5,0.2532432973384857,0.36399775383783023,0.308620525588158,15,3,udacity,std,200,dave2v1,0.349,
0,-1.0,-1.0,-1.0,3,3,udacity,pace,50,dave2v1,0.349,
1,0.26280754804611206,0.15334002170400104,0.20807378487505657,4,2,udacity,pace,100,dave2v1,0.349,
3,0.1879691481590271,0.3421815793608197,0.2650753637599234,9,2,udacity,pace,150,dave2v1,0.349,
4,0.16742999851703644,,,12,1,udacity,pace,200,dave2v1,0.349,
-1,-1.0,,-1.0,0,-1,udacity,dr,50,dave2v1,0.393,-1.0
-1,-1.0,,-1.0,0,-1,udacity,dr,100,dave2v1,0.393,-1.0
-1,-1.0,,-1.0,1,-1,udacity,dr,150,dave2v1,0.393,-1.0
1,0.19884243607521057,0.042104726542471646,0.12047358130884112,4,2,udacity,dr,200,dave2v1,0.393,
1,0.3246583044528961,0.9547266004058851,0.6396924524293905,5,2,udacity,ces,50,dave2v1,0.393,
1,0.0991542711853981,0.015423852075852645,0.057289061630625374,10,4,udacity,ces,100,dave2v1,0.393,
3,0.09208357334136963,,,12,1,udacity,ces,150,dave2v1,0.393,
2,0.20993010699748993,0.09844702380156367,0.1541885653995268,17,13,udacity,ces,200,dave2v1,0.393,
0,-1.0,-1.0,-1.0,5,5,udacity,est,50,dave2v1,0.393,
2,0.11083117872476578,,,7,1,udacity,est,100,dave2v1,0.393,
3,0.14283713698387146,0.09200060872083723,0.11741887285235435,10,3,udacity,est,150,dave2v1,0.393,
5,0.24249939620494843,0.15459348375143836,0.19854643997819338,10,0,udacity,est,200,dave2v1,0.393,
-1,-1.0,,-1.0,1,-1,udacity,rnd,50,dave2v1,0.393,-1.0
-1,-1.0,,-1.0,1,-1,udacity,rnd,100,dave2v1,0.393,-1.0
0,-1.0,-1.0,-1.0,6,6,udacity,rnd,150,dave2v1,0.393,
2,0.23555012047290802,0.08141733141059534,0.1584837259417517,5,0,udacity,rnd,200,dave2v1,0.393,
2,0.18573443591594696,,,7,1,udacity,ent,50,dave2v1,0.393,
4,0.266841858625412,0.16236640072074465,0.21460412967307832,11,2,udacity,ent,100,dave2v1,0.393,
6,0.17477795481681824,0.07142148927093595,0.12309972204387709,14,2,udacity,ent,150,dave2v1,0.393,
7,0.22041858732700348,0.11167967544432447,0.16604913138566396,21,3,udacity,ent,200,dave2v1,0.393,
-1,-1.0,,-1.0,2,-1,udacity,gini,50,dave2v1,0.393,-1.0
-1,-1.0,,-1.0,2,-1,udacity,gini,100,dave2v1,0.393,-1.0
-1,-1.0,,-1.0,2,-1,udacity,gini,150,dave2v1,0.393,-1.0
-1,-1.0,,-1.0,2,-1,udacity,gini,200,dave2v1,0.393,-1.0
0,-1.0,-1.0,-1.0,3,3,udacity,gd,50,dave2v1,0.393,
-1,-1.0,,-1.0,1,-1,udacity,gd,100,dave2v1,0.393,-1.0
4,0.15636785328388214,,,9,1,udacity,gd,150,dave2v1,0.393,
4,0.17825137078762054,0.4219451506910754,0.300098260739348,11,3,udacity,gd,200,dave2v1,0.393,
4,0.2600444257259369,0.09843015150632835,0.1792372886161326,12,3,udacity,kmnc,50,dave2v1,0.393,
7,0.21554222702980042,0.143870136320528,0.17970618167516422,23,6,udacity,kmnc,100,dave2v1,0.393,
7,0.37410375475883484,,,30,1,udacity,kmnc,150,dave2v1,0.393,
9,0.42160433530807495,0.3190954116505474,0.37034987347931114,36,7,udacity,kmnc,200,dave2v1,0.393,
8,0.2799186110496521,0.2340684540623571,0.2569935325560046,23,4,udacity,nac,50,dave2v1,0.393,
7,0.4702359735965729,0.33659425737659976,0.4034151154865863,35,5,udacity,nac,100,dave2v1,0.393,
10,0.18323339521884918,0.2613429254693212,0.2222881603440852,45,7,udacity,nac,150,dave2v1,0.393,
11,0.19799469411373138,0.09014057189953142,0.1440676330066314,48,5,udacity,nac,200,dave2v1,0.393,
-1,-1.0,,-1.0,1,-1,udacity,lsa,50,dave2v1,0.393,-1.0
4,0.12463589012622833,0.01157941684328349,0.0681076534847559,15,5,udacity,lsa,100,dave2v1,0.393,
6,0.27152544260025024,0.21841271006679575,0.244969076333523,26,2,udacity,lsa,150,dave2v1,0.393,
6,0.3636745810508728,0.21198459114472923,0.287829586097801,33,4,udacity,lsa,200,dave2v1,0.393,
-1,-1.0,,-1.0,1,-1,udacity,std,50,dave2v1,0.393,-1.0
0,-1.0,-1.0,-1.0,6,6,udacity,std,100,dave2v1,0.393,
2,0.16192558407783508,0.07833621628955893,0.12013090018369701,7,2,udacity,std,150,dave2v1,0.393,
4,0.13656367361545563,0.07603599966225084,0.10629983663885323,11,0,udacity,std,200,dave2v1,0.393,
0,-1.0,-1.0,-1.0,3,3,udacity,pace,50,dave2v1,0.393,
-1,-1.0,,-1.0,2,-1,udacity,pace,100,dave2v1,0.393,-1.0
0,-1.0,-1.0,-1.0,3,3,udacity,pace,150,dave2v1,0.393,
2,0.15923893451690674,0.004893627372105951,0.08206628094450634,8,4,udacity,pace,200,dave2v1,0.393,
-1,-1.0,,-1.0,0,-1,udacity,dr,50,dave2v1,0.436,-1.0
-1,-1.0,,-1.0,0,-1,udacity,dr,100,dave2v1,0.436,-1.0
-1,-1.0,,-1.0,1,-1,udacity,dr,150,dave2v1,0.436,-1.0
0,-1.0,-1.0,-1.0,3,3,udacity,dr,200,dave2v1,0.436,
1,0.16457396745681763,0.017680444282883956,0.09112720586985079,5,3,udacity,ces,50,dave2v1,0.436,
3,0.24198487401008606,0.2756655355569314,0.25882520478350873,9,2,udacity,ces,100,dave2v1,0.436,
4,0.15652291476726532,,,12,1,udacity,ces,150,dave2v1,0.436,
5,0.2017037719488144,0.4277032235020903,0.31470349772545236,13,3,udacity,ces,200,dave2v1,0.436,
0,-1.0,-1.0,-1.0,3,3,udacity,est,50,dave2v1,0.436,
1,0.050042182207107544,,,5,1,udacity,est,100,dave2v1,0.436,
3,0.1519296020269394,,,7,1,udacity,est,150,dave2v1,0.436,
2,0.1011015772819519,0.07138343217719884,0.08624250472957537,8,2,udacity,est,200,dave2v1,0.436,
-1,-1.0,,-1.0,1,-1,udacity,rnd,50,dave2v1,0.436,-1.0
-1,-1.0,,-1.0,0,-1,udacity,rnd,100,dave2v1,0.436,-1.0
3,0.2229204922914505,0.11727487110960731,0.1700976817005289,6,0,udacity,rnd,150,dave2v1,0.436,
0,-1.0,-1.0,-1.0,3,3,udacity,rnd,200,dave2v1,0.436,
2,0.21142202615737915,0.08970721246966368,0.15056461931352141,6,2,udacity,ent,50,dave2v1,0.436,
2,0.26221132278442383,0.16712375526292056,0.2146675390236722,8,4,udacity,ent,100,dave2v1,0.436,
4,0.18806609511375427,,,10,1,udacity,ent,150,dave2v1,0.436,
4,0.1962496042251587,0.14182367817802233,0.1690366412015905,16,4,udacity,ent,200,dave2v1,0.436,
-1,-1.0,,-1.0,0,-1,udacity,gini,50,dave2v1,0.436,-1.0
-1,-1.0,,-1.0,0,-1,udacity,gini,100,dave2v1,0.436,-1.0
-1,-1.0,,-1.0,0,-1,udacity,gini,150,dave2v1,0.436,-1.0
-1,-1.0,,-1.0,0,-1,udacity,gini,200,dave2v1,0.436,-1.0
0,-1.0,-1.0,-1.0,3,3,udacity,gd,50,dave2v1,0.436,
-1,-1.0,,-1.0,0,-1,udacity,gd,100,dave2v1,0.436,-1.0
2,0.15412537753582,0.02645072658199324,0.09028805205890662,7,0,udacity,gd,150,dave2v1,0.436,
2,0.1831473708152771,0.1280152498154704,0.15558131031537376,8,4,udacity,gd,200,dave2v1,0.436,
4,0.2766585946083069,0.16118881880895916,0.21892370670863304,10,0,udacity,kmnc,50,dave2v1,0.436,
5,0.19344830513000488,0.11096501337295286,0.15220665925147886,16,3,udacity,kmnc,100,dave2v1,0.436,
5,0.22698910534381866,0.03826069671472114,0.1326249010292699,21,2,udacity,kmnc,150,dave2v1,0.436,
7,0.23551791906356812,0.0852394446924516,0.16037868187800985,24,7,udacity,kmnc,200,dave2v1,0.436,
6,0.1829662322998047,0.14905553370415905,0.16601088300198186,17,4,udacity,nac,50,dave2v1,0.436,
5,0.20382700860500336,0.0701213394719289,0.13697417403846612,24,0,udacity,nac,100,dave2v1,0.436,
6,0.21260298788547516,0.09746401327219772,0.15503350057883644,28,4,udacity,nac,150,dave2v1,0.436,
5,0.27760472893714905,,,29,1,udacity,nac,200,dave2v1,0.436,
-1,-1.0,,-1.0,1,-1,udacity,lsa,50,dave2v1,0.436,-1.0
4,0.16690433025360107,0.05065959031943183,0.10878196028651646,14,4,udacity,lsa,100,dave2v1,0.436,
5,0.3113662004470825,0.1103971081680707,0.2108816543075766,20,0,udacity,lsa,150,dave2v1,0.436,
8,0.226970374584198,0.23384610779441514,0.23040824118930658,27,3,udacity,lsa,200,dave2v1,0.436,
-1,-1.0,,-1.0,0,-1,udacity,std,50,dave2v1,0.436,-1.0
0,-1.0,-1.0,-1.0,5,5,udacity,std,100,dave2v1,0.436,
1,0.22793595492839813,0.04496242166842191,0.13644918829841002,4,2,udacity,std,150,dave2v1,0.436,
0,-1.0,-1.0,-1.0,9,9,udacity,std,200,dave2v1,0.436,
-1,-1.0,,-1.0,1,-1,udacity,pace,50,dave2v1,0.436,-1.0
-1,-1.0,,-1.0,2,-1,udacity,pace,100,dave2v1,0.436,-1.0
-1,-1.0,,-1.0,2,-1,udacity,pace,150,dave2v1,0.436,-1.0
2,0.08291038125753403,,,6,1,udacity,pace,200,dave2v1,0.436,
14,0.221120223402977,0.1541711314642316,0.18764567743360427,50,8,udacity,dr,50,dave2v2,0.0,
21,0.36014434695243835,0.23915749525154942,0.2996509211019939,100,9,udacity,dr,100,dave2v2,0.0,
29,0.37686440348625183,0.19374684132080763,0.28530562240352975,150,9,udacity,dr,150,dave2v2,0.0,
34,0.4556807279586792,0.30453817836341385,0.3801094531610465,200,12,udacity,dr,200,dave2v2,0.0,
14,0.2577144503593445,0.23895583519629887,0.24833514277782168,50,3,udacity,ces,50,dave2v2,0.0,
18,0.18711669743061066,0.1447764723104494,0.16594658487053005,100,6,udacity,ces,100,dave2v2,0.0,
26,0.33439400792121887,0.25499326844203885,0.29469363818162886,150,9,udacity,ces,150,dave2v2,0.0,
38,0.31758740544319153,0.18368583526852325,0.2506366203558574,200,10,udacity,ces,200,dave2v2,0.0,
10,0.22219078242778778,0.06748843851164586,0.14483961046971683,50,6,udacity,est,50,dave2v2,0.0,
17,0.33466091752052307,0.18220019355863987,0.2584305555395815,100,6,udacity,est,100,dave2v2,0.0,
40,0.35277214646339417,0.19861431732670756,0.27569323189505085,150,16,udacity,est,150,dave2v2,0.0,
29,0.26428669691085815,0.16988427531485076,0.21708548611285444,200,10,udacity,est,200,dave2v2,0.0,
12,0.3073907196521759,0.13636734015118937,0.22187902990168262,50,7,udacity,rnd,50,dave2v2,0.0,
21,0.30461886525154114,0.29151143896360143,0.2980651521075713,100,13,udacity,rnd,100,dave2v2,0.0,
33,0.3448972702026367,0.21941986135413613,0.28215856577838644,150,12,udacity,rnd,150,dave2v2,0.0,
33,0.29351913928985596,0.16638379523634678,0.22995146726310137,200,15,udacity,rnd,200,dave2v2,0.0,
6,0.4114294946193695,0.2070323248800386,0.309230909749704,50,3,udacity,ent,50,dave2v2,0.0,
20,0.3053933382034302,0.19171525765553818,0.2485542979294842,100,6,udacity,ent,100,dave2v2,0.0,
15,0.483201801776886,,,150,1,udacity,ent,150,dave2v2,0.0,
28,0.40451157093048096,0.1867138434849305,0.2956127072077057,200,8,udacity,ent,200,dave2v2,0.0,
13,0.2480865865945816,0.13385033932364887,0.19096846295911524,50,5,udacity,gini,50,dave2v2,0.0,
20,0.34487760066986084,0.21455306942355756,0.2797153350467092,100,8,udacity,gini,100,dave2v2,0.0,
21,0.36551234126091003,0.13647382712068348,0.25099308419079674,150,11,udacity,gini,150,dave2v2,0.0,
32,0.402380108833313,0.20302846230884664,0.3027042855710798,200,11,udacity,gini,200,dave2v2,0.0,
13,0.2571786642074585,0.33036180394216513,0.29377023407481184,50,5,udacity,gd,50,dave2v2,0.0,
28,0.3256371021270752,0.24477296617447747,0.28520503415077636,100,14,udacity,gd,100,dave2v2,0.0,
11,0.09571358561515808,0.1260477820999124,0.11088068385753524,150,3,udacity,gd,150,dave2v2,0.0,
14,0.14465318620204926,0.13320636308065667,0.13892977464135298,200,5,udacity,gd,200,dave2v2,0.0,
15,0.3127010464668274,0.2331579062503916,0.2729294763586095,50,3,udacity,kmnc,50,dave2v2,0.0,
16,0.35572490096092224,0.2798527385616402,0.31778881976128126,100,5,udacity,kmnc,100,dave2v2,0.0,
21,0.3192272186279297,0.2429042138192007,0.2810657162235652,150,7,udacity,kmnc,150,dave2v2,0.0,
27,0.4586097002029419,0.29141880531206427,0.3750142527575031,200,6,udacity,kmnc,200,dave2v2,0.0,
15,0.3612006902694702,0.24648635213874795,0.30384352120410907,50,6,udacity,nac,50,dave2v2,0.0,
21,0.38769465684890747,0.3454037543891946,0.366549205619051,100,7,udacity,nac,100,dave2v2,0.0,
29,0.4743979275226593,0.3263197165346537,0.40035882202865647,150,10,udacity,nac,150,dave2v2,0.0,
24,0.5455145835876465,0.35888640297113295,0.4522004932793897,200,7,udacity,nac,200,dave2v2,0.0,
10,0.2896541357040405,0.2746458301983066,0.28214998295117355,50,6,udacity,lsa,50,dave2v2,0.0,
17,0.3949946165084839,0.16706953282979417,0.28103207466913904,100,7,udacity,lsa,100,dave2v2,0.0,
28,0.38347727060317993,0.12745469763728232,0.25546598412023114,150,9,udacity,lsa,150,dave2v2,0.0,
24,0.4647279977798462,0.23412919750033423,0.3494285976400902,200,5,udacity,lsa,200,dave2v2,0.0,
13,0.3228687345981598,0.12581247411818064,0.22434060435817021,50,3,udacity,std,50,dave2v2,0.0,
19,0.30776965618133545,0.2385721735201514,0.2731709148507434,100,3,udacity,std,100,dave2v2,0.0,
25,0.37309762835502625,0.2477811183404535,0.31043937334773986,150,8,udacity,std,150,dave2v2,0.0,
23,0.29976212978363037,0.2199761443875543,0.25986913708559234,200,9,udacity,std,200,dave2v2,0.0,
16,0.21965603530406952,0.16963383107822372,0.19464493319114662,50,10,udacity,pace,50,dave2v2,0.0,
13,0.20586402714252472,0.1359607852014542,0.17091240617198944,100,6,udacity,pace,100,dave2v2,0.0,
31,0.3985019028186798,0.24147021056750284,0.3199860566930913,150,10,udacity,pace,150,dave2v2,0.0,
31,0.3432272970676422,0.247068251751263,0.2951477744094526,200,15,udacity,pace,200,dave2v2,0.0,
3,0.07485980540513992,0.03259296256443096,0.05372638398478544,14,7,udacity,dr,50,dave2v2,0.044,
12,0.37808701395988464,0.31362548856929195,0.3458562512645883,40,5,udacity,dr,100,dave2v2,0.044,
14,0.4393128454685211,0.4160662656654866,0.42768955556700383,57,4,udacity,dr,150,dave2v2,0.044,
19,0.39981725811958313,0.3784428015921528,0.389130029855868,74,6,udacity,dr,200,dave2v2,0.044,
6,0.26690971851348877,0.19942903406469115,0.23316937628908996,30,4,udacity,ces,50,dave2v2,0.044,
15,0.25998303294181824,0.17857992333228723,0.21928147813705273,61,2,udacity,ces,100,dave2v2,0.044,
12,0.2837428152561188,,,75,1,udacity,ces,150,dave2v2,0.044,
25,0.30857428908348083,0.22429954241965752,0.2664369157515692,133,11,udacity,ces,200,dave2v2,0.044,
5,0.15004973113536835,,,23,1,udacity,est,50,dave2v2,0.044,
12,0.25165414810180664,0.18798454127641584,0.21981934468911124,56,2,udacity,est,100,dave2v2,0.044,
13,0.2658675014972687,,,84,1,udacity,est,150,dave2v2,0.044,
24,0.31317776441574097,0.2852938292431274,0.2992357968294342,115,11,udacity,est,200,dave2v2,0.044,
8,0.19274646043777466,0.1703123352693182,0.18152939785354644,31,2,udacity,rnd,50,dave2v2,0.044,
18,0.34669923782348633,0.19059953764595405,0.2686493877347202,63,6,udacity,rnd,100,dave2v2,0.044,
18,0.28242719173431396,0.12957369848923264,0.2060004451117733,93,3,udacity,rnd,150,dave2v2,0.044,
22,0.23800021409988403,0.18857868190661262,0.21328944800324834,117,10,udacity,rnd,200,dave2v2,0.044,
10,0.34828925132751465,0.2455833920986756,0.29693632171309514,50,2,udacity,ent,50,dave2v2,0.044,
23,0.2897423803806305,0.10013669091133863,0.19493953564598457,99,10,udacity,ent,100,dave2v2,0.044,
30,0.37574338912963867,0.20762908353960124,0.29168623633462,146,11,udacity,ent,150,dave2v2,0.044,
44,0.31040817499160767,0.14092680961818813,0.2256674923048979,196,21,udacity,ent,200,dave2v2,0.044,
10,0.3705938458442688,0.15788471880350824,0.2642392823238885,50,0,udacity,gini,50,dave2v2,0.044,
20,0.38484126329421997,0.18879307294271686,0.2868171681184684,99,6,udacity,gini,100,dave2v2,0.044,
29,0.38375991582870483,0.1946591486088731,0.289209532218789,146,12,udacity,gini,150,dave2v2,0.044,
29,0.4098447561264038,0.2528120564811511,0.33132840630377747,196,13,udacity,gini,200,dave2v2,0.044,
10,0.23372110724449158,,,32,1,udacity,gd,50,dave2v2,0.044,
15,0.2970876097679138,0.1557127214139729,0.22640016559094336,62,8,udacity,gd,100,dave2v2,0.044,
9,0.17609325051307678,0.11769564434407725,0.14689444742857702,83,0,udacity,gd,150,dave2v2,0.044,
16,0.2585877478122711,0.20577986119167266,0.2321838045019719,125,3,udacity,gd,200,dave2v2,0.044,
11,0.3021361231803894,0.2435093520238793,0.2728227376021344,33,4,udacity,kmnc,50,dave2v2,0.044,
14,0.3154001533985138,,,59,1,udacity,kmnc,100,dave2v2,0.044,
18,0.41502201557159424,0.33743021166858655,0.3762261136200904,86,9,udacity,kmnc,150,dave2v2,0.044,
23,0.3704092502593994,0.2815141223457649,0.32596168630258215,121,13,udacity,kmnc,200,dave2v2,0.044,
12,0.31026485562324524,0.23980652099146188,0.2750356883073536,38,6,udacity,nac,50,dave2v2,0.044,
23,0.4470929503440857,0.3208857055663068,0.38398932795519625,79,6,udacity,nac,100,dave2v2,0.044,
28,0.46489405632019043,0.34575047318942864,0.40532226475480954,117,6,udacity,nac,150,dave2v2,0.044,
30,0.49150723218917847,0.48349048339506556,0.487498857792122,148,11,udacity,nac,200,dave2v2,0.044,
13,0.21777185797691345,0.018164485754396557,0.117968171865655,50,8,udacity,lsa,50,dave2v2,0.044,
17,0.3377074897289276,0.28072473786025853,0.3092161137945931,99,10,udacity,lsa,100,dave2v2,0.044,
21,0.39678362011909485,0.18418118692111599,0.2904824035201054,146,5,udacity,lsa,150,dave2v2,0.044,
25,0.4737730324268341,0.23465159871455754,0.3542123155706958,196,5,udacity,lsa,200,dave2v2,0.044,
6,0.1787956804037094,0.08138921280505662,0.13009244660438302,29,4,udacity,std,50,dave2v2,0.044,
15,0.34133854508399963,0.30220017802440885,0.3217693615542042,54,6,udacity,std,100,dave2v2,0.044,
7,0.01299530640244484,,,87,1,udacity,std,150,dave2v2,0.044,
20,0.24912837147712708,0.17634807598435964,0.21273822373074336,119,3,udacity,std,200,dave2v2,0.044,
9,0.15359975397586823,-0.03721252812474427,0.05819361292556198,26,7,udacity,pace,50,dave2v2,0.044,
12,0.352634072303772,0.16745239746298327,0.2600432348833776,50,6,udacity,pace,100,dave2v2,0.044,
18,0.33391574025154114,0.22672340091488327,0.2803195705832122,90,3,udacity,pace,150,dave2v2,0.044,
27,0.35565483570098877,0.22205446233574927,0.288854649018369,126,12,udacity,pace,200,dave2v2,0.044,
1,0.17822366952896118,0.11083888099758041,0.1445312752632708,4,2,udacity,dr,50,dave2v2,0.087,
4,0.31467679142951965,0.12618574751686065,0.22043126947319014,15,3,udacity,dr,100,dave2v2,0.087,
7,0.3200247287750244,0.13945031706723912,0.22973752292113175,25,4,udacity,dr,150,dave2v2,0.087,
9,0.3192597031593323,0.2805111848981572,0.29988544402874473,32,6,udacity,dr,200,dave2v2,0.087,
5,0.22322474420070648,0.13117624860524943,0.17720049640297797,23,8,udacity,ces,50,dave2v2,0.087,
13,0.15487508475780487,0.08742347607081609,0.12114928041431047,42,13,udacity,ces,100,dave2v2,0.087,
11,0.21269910037517548,0.1998674991891703,0.20628329978217289,53,4,udacity,ces,150,dave2v2,0.087,
22,0.37519702315330505,0.3286177911652625,0.3519074071592838,99,6,udacity,ces,200,dave2v2,0.087,
5,0.14206165075302124,,,17,1,udacity,est,50,dave2v2,0.087,
9,0.1854327768087387,0.0920919260557106,0.13876235143222465,44,5,udacity,est,100,dave2v2,0.087,
18,0.2605474293231964,0.17600124217172064,0.21827433574745853,62,10,udacity,est,150,dave2v2,0.087,
9,0.12276208400726318,0.13596761148996148,0.12936484774861234,88,6,udacity,est,200,dave2v2,0.087,
8,0.3108399212360382,0.1606037787967575,0.23572185001639784,22,2,udacity,rnd,50,dave2v2,0.087,
13,0.22075624763965607,0.15264761383222342,0.18670193073593974,48,11,udacity,rnd,100,dave2v2,0.087,
15,0.29527074098587036,0.14346493431822152,0.21936783765204593,69,6,udacity,rnd,150,dave2v2,0.087,
8,-0.01446801982820034,0.0768226899799126,0.031177335075856127,75,0,udacity,rnd,200,dave2v2,0.087,
12,0.273273766040802,0.12709253893618477,0.2001831524884934,49,8,udacity,ent,50,dave2v2,0.087,
21,0.346102237701416,0.24695269696325858,0.2965274673323373,83,6,udacity,ent,100,dave2v2,0.087,
20,0.39894548058509827,0.22203083231287352,0.31048815644898586,118,5,udacity,ent,150,dave2v2,0.087,
22,0.48905786871910095,0.2737996113872332,0.38142874005316707,165,8,udacity,ent,200,dave2v2,0.087,
14,0.16625380516052246,0.10435209993929413,0.1353029525499083,49,10,udacity,gini,50,dave2v2,0.087,
13,0.3760349750518799,0.11053387255945542,0.24328442380566764,83,3,udacity,gini,100,dave2v2,0.087,
32,0.27879640460014343,0.18749680830604223,0.23314660645309282,118,18,udacity,gini,150,dave2v2,0.087,
30,0.4407620429992676,0.32525543961059455,0.38300874130493107,165,9,udacity,gini,200,dave2v2,0.087,
7,0.20439016819000244,0.05001380169450767,0.12720198494225504,23,9,udacity,gd,50,dave2v2,0.087,
14,0.2849362790584564,0.25964012596502983,0.2722882025117431,45,6,udacity,gd,100,dave2v2,0.087,
21,0.3104132413864136,0.1990198619660157,0.25471655167621465,65,10,udacity,gd,150,dave2v2,0.087,
18,0.3350261151790619,0.18554732006981117,0.26028671762443656,96,8,udacity,gd,200,dave2v2,0.087,
6,0.28200763463974,0.14395056124058953,0.21297909794016476,19,2,udacity,kmnc,50,dave2v2,0.087,
10,0.226763516664505,0.18051602200403352,0.20363976933426925,45,13,udacity,kmnc,100,dave2v2,0.087,
12,0.3910400867462158,0.3261263127240121,0.358583199735114,59,8,udacity,kmnc,150,dave2v2,0.087,
16,0.347364217042923,0.15861989928153047,0.2529920581622267,78,14,udacity,kmnc,200,dave2v2,0.087,
10,0.33450421690940857,0.398610152744119,0.3665571848267638,30,4,udacity,nac,50,dave2v2,0.087,
17,0.44710108637809753,0.4046345591222406,0.4258678227501691,63,3,udacity,nac,100,dave2v2,0.087,
23,0.4040582776069641,0.3266996611380356,0.36537896937249986,95,12,udacity,nac,150,dave2v2,0.087,
13,0.38076546788215637,0.313583281294459,0.3471743745883077,119,4,udacity,nac,200,dave2v2,0.087,
12,0.16219797730445862,-0.02580185192494331,0.06819806268975766,49,12,udacity,lsa,50,dave2v2,0.087,
17,0.30444177985191345,0.1886173205115442,0.24652955018172884,83,11,udacity,lsa,100,dave2v2,0.087,
19,0.404302716255188,0.16424648515934534,0.2842746007072667,118,6,udacity,lsa,150,dave2v2,0.087,
32,0.4778619110584259,0.3308572607913454,0.40435958592488563,165,5,udacity,lsa,200,dave2v2,0.087,
6,0.1370338648557663,0.07617191077672851,0.10660288781624741,25,3,udacity,std,50,dave2v2,0.087,
14,0.33506715297698975,0.2630040199437437,0.29903558646036676,45,2,udacity,std,100,dave2v2,0.087,
15,0.3002801537513733,0.21375847104386783,0.25701931239762055,70,13,udacity,std,150,dave2v2,0.087,
18,0.2676061689853668,0.22932136761003982,0.24846376829770334,87,6,udacity,std,200,dave2v2,0.087,
5,0.13956274092197418,0.04913144542331168,0.09434709317264293,19,6,udacity,pace,50,dave2v2,0.087,
11,0.29777324199676514,0.1085715097727296,0.20317237588474737,41,5,udacity,pace,100,dave2v2,0.087,
11,0.3446912467479706,0.22082178199266694,0.2827565143703188,66,2,udacity,pace,150,dave2v2,0.087,
19,0.38455331325531006,0.27935810529900645,0.33195570927715823,91,6,udacity,pace,200,dave2v2,0.087,
1,0.5982022285461426,,,4,1,udacity,dr,50,dave2v2,0.131,
4,0.20050033926963806,,,11,1,udacity,dr,100,dave2v2,0.131,
6,0.35006096959114075,0.21532669682892694,0.28269383321003383,19,0,udacity,dr,150,dave2v2,0.131,
9,0.36316147446632385,,,25,1,udacity,dr,200,dave2v2,0.131,
4,0.17924314737319946,0.1088349294930673,0.14403903843313337,17,5,udacity,ces,50,dave2v2,0.131,
10,0.22490577399730682,0.16090944441752664,0.19290760920741673,31,6,udacity,ces,100,dave2v2,0.131,
12,0.27346134185791016,0.26343624390592646,0.2684487928819183,42,4,udacity,ces,150,dave2v2,0.131,
21,0.3406427800655365,0.3148550952611373,0.3277489376633369,82,8,udacity,ces,200,dave2v2,0.131,
4,0.10889338701963425,,,15,1,udacity,est,50,dave2v2,0.131,
11,0.2535170912742615,0.18056520238416277,0.2170411468292121,39,2,udacity,est,100,dave2v2,0.131,
12,0.35215532779693604,0.2180075784214732,0.28508145310920463,45,6,udacity,est,150,dave2v2,0.131,
14,0.3104041814804077,0.1489510807084978,0.22967763109445277,66,9,udacity,est,200,dave2v2,0.131,
5,0.22555279731750488,0.15660426404460787,0.19107853068105637,16,3,udacity,rnd,50,dave2v2,0.131,
8,0.25648269057273865,0.2039094565281584,0.23019607355044852,38,7,udacity,rnd,100,dave2v2,0.131,
14,0.19498951733112335,0.11458297134232048,0.15478624433672192,53,9,udacity,rnd,150,dave2v2,0.131,
9,0.2336125671863556,0.13062331180623324,0.1821179394962944,57,2,udacity,rnd,200,dave2v2,0.131,
11,0.3333755135536194,,,44,1,udacity,ent,50,dave2v2,0.131,
13,0.24373768270015717,0.12339917503488948,0.18356842886752334,56,6,udacity,ent,100,dave2v2,0.131,
17,0.29494282603263855,0.09277063609346414,0.19385673106305135,80,10,udacity,ent,150,dave2v2,0.131,
28,0.28108450770378113,0.20197160477715628,0.2415280562404687,117,20,udacity,ent,200,dave2v2,0.131,
11,0.2281695455312729,0.0868938349186435,0.1575316902249582,44,7,udacity,gini,50,dave2v2,0.131,
13,0.28110215067863464,0.2744919920353977,0.27779707135701615,56,5,udacity,gini,100,dave2v2,0.131,
18,0.3822578489780426,0.26379166080609756,0.32302475489207005,80,5,udacity,gini,150,dave2v2,0.131,
20,0.30972614884376526,0.1358220198635762,0.22277408435367074,117,13,udacity,gini,200,dave2v2,0.131,
4,0.17832806706428528,0.15201916164872142,0.16517361435650335,18,8,udacity,gd,50,dave2v2,0.131,
9,0.27759161591529846,,,33,1,udacity,gd,100,dave2v2,0.131,
15,0.27353131771087646,0.19284422517474695,0.23318777144281172,50,7,udacity,gd,150,dave2v2,0.131,
14,0.28504329919815063,0.1046651434012711,0.19485422129971086,65,15,udacity,gd,200,dave2v2,0.131,
4,0.16742518544197083,0.1742874809186043,0.17085633318028756,15,2,udacity,kmnc,50,dave2v2,0.131,
7,0.33564892411231995,0.252885365937131,0.2942671450247255,35,5,udacity,kmnc,100,dave2v2,0.131,
11,0.3403030037879944,0.2872272867997926,0.3137651452938935,43,9,udacity,kmnc,150,dave2v2,0.131,
15,0.24286715686321259,0.17060040704652343,0.20673378195486802,60,9,udacity,kmnc,200,dave2v2,0.131,
7,0.26453837752342224,0.2483371104505256,0.25643774398697394,28,2,udacity,nac,50,dave2v2,0.131,
14,0.4054151773452759,0.36432557835091284,0.38487037784809436,55,7,udacity,nac,100,dave2v2,0.131,
17,0.5324791073799133,0.48686851767706807,0.5096738125284908,82,4,udacity,nac,150,dave2v2,0.131,
24,0.4820026159286499,0.38663193184697353,0.4343172738878117,99,6,udacity,nac,200,dave2v2,0.131,
7,0.32388973236083984,0.1789492444283602,0.25141948839460004,44,2,udacity,lsa,50,dave2v2,0.131,
12,0.2369336038827896,0.08165431466042362,0.1592939592716066,56,4,udacity,lsa,100,dave2v2,0.131,
11,0.4248887896537781,0.25323576246164164,0.3390622760577099,80,4,udacity,lsa,150,dave2v2,0.131,
23,0.39994123578071594,0.31136733438820197,0.35565428508445895,117,7,udacity,lsa,200,dave2v2,0.131,
6,0.22248390316963196,,,18,1,udacity,std,50,dave2v2,0.131,
9,0.29943013191223145,,,29,1,udacity,std,100,dave2v2,0.131,
11,0.31685110926628113,0.3003297012795695,0.3085904052729253,48,3,udacity,std,150,dave2v2,0.131,
17,0.3217862546443939,0.25385923216835715,0.28782274340637554,62,2,udacity,std,200,dave2v2,0.131,
4,0.08971809595823288,0.13959647015491652,0.1146572830565747,18,2,udacity,pace,50,dave2v2,0.131,
9,0.2915980815887451,,,28,1,udacity,pace,100,dave2v2,0.131,
14,0.34976911544799805,0.2045571720310344,0.2771631437395162,53,3,udacity,pace,150,dave2v2,0.131,
20,0.38129451870918274,0.22158957160715964,0.3014420451581712,69,6,udacity,pace,200,dave2v2,0.131,
1,0.17718158662319183,0.030366270670481817,0.10377392864683682,4,2,udacity,dr,50,dave2v2,0.175,
4,0.11781635135412216,,,10,1,udacity,dr,100,dave2v2,0.175,
6,0.30970463156700134,0.18659745472560826,0.24815104314630482,17,0,udacity,dr,150,dave2v2,0.175,
6,0.21958039700984955,0.12094398411863685,0.1702621905642432,23,0,udacity,dr,200,dave2v2,0.175,
4,0.1895771324634552,0.31136356153285355,0.2504703469981544,14,3,udacity,ces,50,dave2v2,0.175,
9,0.21504630148410797,0.05825526688961177,0.13665078418685989,26,5,udacity,ces,100,dave2v2,0.175,
8,0.29513075947761536,0.21169687281330193,0.25341381614545866,34,3,udacity,ces,150,dave2v2,0.175,
6,0.027868514880537987,0.047257728846912844,0.037563121863725416,64,0,udacity,ces,200,dave2v2,0.175,
4,0.17017804086208344,0.2808834370208139,0.22553073894144868,11,2,udacity,est,50,dave2v2,0.175,
7,0.27951836585998535,0.10134872741500188,0.19043354663749362,31,6,udacity,est,100,dave2v2,0.175,
9,0.19123217463493347,0.06103895889618559,0.12613556676555954,38,10,udacity,est,150,dave2v2,0.175,
10,0.30684107542037964,0.2362107625155007,0.27152591896794015,54,4,udacity,est,200,dave2v2,0.175,
2,0.06367019563913345,0.004556774854500966,0.03411348524681721,11,0,udacity,rnd,50,dave2v2,0.175,
9,0.24368911981582642,0.1979348833831803,0.22081200159950337,31,3,udacity,rnd,100,dave2v2,0.175,
12,0.1973600834608078,0.2971949214839914,0.2472775024723996,43,6,udacity,rnd,150,dave2v2,0.175,
10,0.2305874526500702,0.1792628134009977,0.20492513302553395,42,3,udacity,rnd,200,dave2v2,0.175,
9,0.2704615294933319,0.1488576220815033,0.20965957578741762,44,3,udacity,ent,50,dave2v2,0.175,
11,0.2781565487384796,0.14824513146704768,0.21320084010276363,51,2,udacity,ent,100,dave2v2,0.175,
14,0.4089747369289398,0.21307428887294214,0.31102451290094096,69,3,udacity,ent,150,dave2v2,0.175,
29,0.23350799083709717,0.13537500710247952,0.18444149896978834,100,19,udacity,ent,200,dave2v2,0.175,
12,0.36091721057891846,0.13186050749556028,0.24638885903723937,44,2,udacity,gini,50,dave2v2,0.175,
15,0.22363457083702087,0.0736448186731356,0.14863969475507824,51,6,udacity,gini,100,dave2v2,0.175,
16,0.29661983251571655,0.13389771544840123,0.2152587739820589,69,9,udacity,gini,150,dave2v2,0.175,
23,0.2999621629714966,0.05706115737641809,0.17851166017395734,100,13,udacity,gini,200,dave2v2,0.175,
5,0.26887384057044983,0.09580051971253199,0.18233718014149092,17,0,udacity,gd,50,dave2v2,0.175,
9,0.14158423244953156,0.13916489729082246,0.14037456487017702,28,10,udacity,gd,100,dave2v2,0.175,
13,0.3024367392063141,0.19723565667814733,0.24983619794223072,43,5,udacity,gd,150,dave2v2,0.175,
14,0.35481053590774536,0.20340650895749152,0.2791085224326184,55,2,udacity,gd,200,dave2v2,0.175,
2,0.12585289776325226,0.2047198562842014,0.16528637702372684,14,2,udacity,kmnc,50,dave2v2,0.175,
7,0.38750267028808594,0.22737173340344563,0.3074372018457658,29,4,udacity,kmnc,100,dave2v2,0.175,
9,0.4237869381904602,0.2815572338512982,0.3526720860208792,37,3,udacity,kmnc,150,dave2v2,0.175,
12,0.3728751242160797,0.33461328226505627,0.353744203240568,50,9,udacity,kmnc,200,dave2v2,0.175,
6,0.29735317826271057,0.29192949634459475,0.29464133730365266,28,2,udacity,nac,50,dave2v2,0.175,
12,0.37584877014160156,0.2526232167672598,0.31423599345443065,50,2,udacity,nac,100,dave2v2,0.175,
15,0.46089407801628113,0.3779002888130347,0.4193971834146579,75,5,udacity,nac,150,dave2v2,0.175,
21,0.4829665422439575,0.3975807375372522,0.44027363989060486,86,5,udacity,nac,200,dave2v2,0.175,
4,0.28981098532676697,0.09357321484916792,0.19169210008796744,44,2,udacity,lsa,50,dave2v2,0.175,
14,0.2564360797405243,0.08084678075553581,0.16864143024803005,51,5,udacity,lsa,100,dave2v2,0.175,
8,0.3940298855304718,0.2249316447148811,0.30948076512267647,69,2,udacity,lsa,150,dave2v2,0.175,
23,0.36827874183654785,0.32609836953578986,0.34718855568616885,100,6,udacity,lsa,200,dave2v2,0.175,
4,0.172295942902565,0.0334650292136429,0.10288048605810396,15,4,udacity,std,50,dave2v2,0.175,
8,0.24402566254138947,0.19813605667677603,0.22108085960908275,23,5,udacity,std,100,dave2v2,0.175,
11,0.18575499951839447,0.10642575796636763,0.14609037874238107,43,15,udacity,std,150,dave2v2,0.175,
12,0.3039608895778656,0.2858377374871234,0.2948993135324945,48,3,udacity,std,200,dave2v2,0.175,
3,0.06839399039745331,,,13,1,udacity,pace,50,dave2v2,0.175,
8,0.2499164193868637,0.13461779238727511,0.1922671058870694,25,3,udacity,pace,100,dave2v2,0.175,
13,0.273135244846344,0.22264071293510737,0.24788797889072567,43,7,udacity,pace,150,dave2v2,0.175,
14,0.4002586901187897,0.27891007326719136,0.33958438169299054,59,2,udacity,pace,200,dave2v2,0.175,
1,0.23844581842422485,0.09242509961155522,0.16543545901789003,4,2,udacity,dr,50,dave2v2,0.218,
3,0.12356754392385483,,,8,1,udacity,dr,100,dave2v2,0.218,
5,0.26414066553115845,0.4398632320553876,0.352001948793273,14,3,udacity,dr,150,dave2v2,0.218,
6,0.2937869727611542,0.1543966373675812,0.22409180506436768,19,2,udacity,dr,200,dave2v2,0.218,
4,0.1561678647994995,0.00017598803493503422,0.07817192641721728,10,0,udacity,ces,50,dave2v2,0.218,
6,0.2814449369907379,0.10596240447371356,0.19370367073222575,23,3,udacity,ces,100,dave2v2,0.218,
7,0.2789217531681061,0.18140006297255598,0.23016090807033102,25,0,udacity,ces,150,dave2v2,0.218,
8,0.23354028165340424,0.10580372613414667,0.16967200389377546,50,6,udacity,ces,200,dave2v2,0.218,
4,0.21541514992713928,0.34784615205177033,0.28163065098945483,10,2,udacity,est,50,dave2v2,0.218,
7,0.17323550581932068,0.02702750223888427,0.10013150402910248,30,10,udacity,est,100,dave2v2,0.218,
8,0.24068060517311096,0.12854836555430574,0.18461448536370834,34,4,udacity,est,150,dave2v2,0.218,
14,0.3322356939315796,0.2019547117760155,0.26709520285379756,44,6,udacity,est,200,dave2v2,0.218,
3,0.18797610700130463,0.0816627280704593,0.13481941753588195,10,3,udacity,rnd,50,dave2v2,0.218,
7,0.19118672609329224,0.23467503895542347,0.21293088252435785,26,2,udacity,rnd,100,dave2v2,0.218,
10,0.24472999572753906,0.14758103348176713,0.19615551460465308,38,5,udacity,rnd,150,dave2v2,0.218,
14,0.2538558840751648,0.1518952613413899,0.20287557270827733,37,4,udacity,rnd,200,dave2v2,0.218,
5,0.3336554765701294,0.24234323513595793,0.28799935585304365,43,4,udacity,ent,50,dave2v2,0.218,
12,0.2228875756263733,0.14581527386890142,0.18435142474763735,45,4,udacity,ent,100,dave2v2,0.218,
16,0.2586142420768738,0.19473939565083995,0.22667681886385688,63,8,udacity,ent,150,dave2v2,0.218,
22,0.2720496356487274,0.05798082548552061,0.16501523056712403,91,12,udacity,ent,200,dave2v2,0.218,
11,0.24528253078460693,0.14116101516117296,0.19322177297288995,43,4,udacity,gini,50,dave2v2,0.218,
10,0.327765554189682,0.22409238591803882,0.2759289700538604,45,3,udacity,gini,100,dave2v2,0.218,
17,0.16935718059539795,0.15441736345924179,0.16188727202731987,63,8,udacity,gini,150,dave2v2,0.218,
19,0.2719295918941498,0.09668864062100638,0.18430911625757807,91,12,udacity,gini,200,dave2v2,0.218,
2,0.22919346392154694,0.04668129172233518,0.13793737782194104,13,7,udacity,gd,50,dave2v2,0.218,
10,0.22180739045143127,0.23037206106940908,0.2260897257604202,26,6,udacity,gd,100,dave2v2,0.218,
13,0.2830260097980499,0.20911464053153844,0.24607032516479418,36,6,udacity,gd,150,dave2v2,0.218,
10,0.21080362796783447,0.12692536188338338,0.16886449492560893,43,7,udacity,gd,200,dave2v2,0.218,
3,0.21184445917606354,0.1130268962969213,0.16243567773649242,13,3,udacity,kmnc,50,dave2v2,0.218,
6,0.32109904289245605,0.16045771587132351,0.24077837938188978,25,0,udacity,kmnc,100,dave2v2,0.218,
7,0.3531753718852997,0.3041737811396043,0.328674576512452,30,7,udacity,kmnc,150,dave2v2,0.218,
8,0.4131695032119751,,,42,1,udacity,kmnc,200,dave2v2,0.218,
4,0.22807414829730988,,,24,1,udacity,nac,50,dave2v2,0.218,
10,0.3892490863800049,0.1871236320201972,0.28818635920010105,45,5,udacity,nac,100,dave2v2,0.218,
11,0.49565836787223816,0.3354292763823813,0.4155438221273097,69,0,udacity,nac,150,dave2v2,0.218,
19,0.456899493932724,0.3743859460927082,0.41564272001271607,80,3,udacity,nac,200,dave2v2,0.218,
8,0.3386496901512146,0.26576819460135437,0.3022089423762845,43,2,udacity,lsa,50,dave2v2,0.218,
10,0.29815739393234253,0.12187629068842828,0.21001684231038542,45,2,udacity,lsa,100,dave2v2,0.218,
12,0.3116840422153473,0.25463032465990526,0.2831571834376263,63,2,udacity,lsa,150,dave2v2,0.218,
23,0.29415789246559143,0.14693959123451555,0.2205487418500535,91,9,udacity,lsa,200,dave2v2,0.218,
5,0.20238646864891052,0.09197454487421694,0.14718050676156375,13,3,udacity,std,50,dave2v2,0.218,
8,0.3030903935432434,0.28264671190173635,0.2928685527224899,23,2,udacity,std,100,dave2v2,0.218,
11,0.29430076479911804,,,41,1,udacity,std,150,dave2v2,0.218,
10,0.24147704243659973,0.23698310933482133,0.23923007588571055,41,3,udacity,std,200,dave2v2,0.218,
3,0.10615500062704086,-0.016054409810315962,0.04505029540836245,10,4,udacity,pace,50,dave2v2,0.218,
6,0.20823609828948975,0.23720631263025335,0.22272120545987156,18,2,udacity,pace,100,dave2v2,0.218,
9,0.20240506529808044,0.17999134318158694,0.1911982042398337,39,2,udacity,pace,150,dave2v2,0.218,
14,0.2702568769454956,0.1905599134491504,0.230408395197323,52,11,udacity,pace,200,dave2v2,0.218,
-1,-1.0,,-1.0,2,-1,udacity,dr,50,dave2v2,0.262,-1.0
0,-1.0,-1.0,-1.0,5,5,udacity,dr,100,dave2v2,0.262,
2,0.058310482650995255,0.020817779205893325,0.03956413092844429,9,5,udacity,dr,150,dave2v2,0.262,
3,0.11804349720478058,,,13,1,udacity,dr,200,dave2v2,0.262,
1,0.1746409386396408,0.006650784888682,0.09064586176416141,6,3,udacity,ces,50,dave2v2,0.262,
6,0.16750116646289825,0.11246292970148923,0.13998204808219375,19,3,udacity,ces,100,dave2v2,0.262,
7,0.2700575292110443,0.12427730369701517,0.19716741645402974,20,0,udacity,ces,150,dave2v2,0.262,
10,0.2430003136396408,0.09927664036695905,0.17113847700329993,37,6,udacity,ces,200,dave2v2,0.262,
2,0.1903836578130722,0.1402588042628488,0.1653212310379605,8,4,udacity,est,50,dave2v2,0.262,
7,0.22989588975906372,0.38650056235508873,0.30819822605707625,22,4,udacity,est,100,dave2v2,0.262,
7,0.28859031200408936,,,29,1,udacity,est,150,dave2v2,0.262,
9,0.2306404709815979,0.3143571407305898,0.2724988058560939,35,5,udacity,est,200,dave2v2,0.262,
3,0.1563623547554016,0.02078313637934865,0.08857274556737513,9,3,udacity,rnd,50,dave2v2,0.262,
8,0.22463980317115784,0.16311735054892304,0.19387857686004045,20,3,udacity,rnd,100,dave2v2,0.262,
9,0.27609214186668396,0.15703668395801784,0.2165644129123509,31,3,udacity,rnd,150,dave2v2,0.262,
7,0.21568414568901062,0.11255478470311629,0.16411946519606346,29,4,udacity,rnd,200,dave2v2,0.262,
11,0.25344058871269226,0.11716043135328003,0.18530051003298614,41,3,udacity,ent,50,dave2v2,0.262,
10,0.23933324217796326,0.09056306646598004,0.16494815432197166,43,6,udacity,ent,100,dave2v2,0.262,
15,0.2266804575920105,0.09169308051271395,0.15918676905236223,61,10,udacity,ent,150,dave2v2,0.262,
16,0.2874642610549927,0.14591940435701567,0.21669183270600417,85,10,udacity,ent,200,dave2v2,0.262,
6,0.24054622650146484,0.05635163452281649,0.14844893051214067,41,2,udacity,gini,50,dave2v2,0.262,
7,0.31368744373321533,0.022721209651054546,0.16820432669213495,43,0,udacity,gini,100,dave2v2,0.262,
12,0.20784731209278107,0.12233343374654933,0.1650903729196652,61,9,udacity,gini,150,dave2v2,0.262,
20,0.19650670886039734,0.1224241951925,0.15946545202644868,85,14,udacity,gini,200,dave2v2,0.262,
3,0.13334855437278748,0.06896993808532709,0.10115924622905728,13,5,udacity,gd,50,dave2v2,0.262,
5,0.21473824977874756,0.40555200094934196,0.31014512536404476,17,4,udacity,gd,100,dave2v2,0.262,
5,0.2320004254579544,0.25412852002738723,0.24306447274267082,25,2,udacity,gd,150,dave2v2,0.262,
11,0.3138412833213806,,,36,1,udacity,gd,200,dave2v2,0.262,
2,0.14813244342803955,0.016078661082538016,0.08210555225528879,10,4,udacity,kmnc,50,dave2v2,0.262,
6,0.3436890244483948,0.18877762389065017,0.2662333241695225,20,2,udacity,kmnc,100,dave2v2,0.262,
6,0.2410351037979126,0.06461355263879165,0.15282432821835212,24,7,udacity,kmnc,150,dave2v2,0.262,
9,0.08370817452669144,0.0845656461433774,0.08413691033503443,35,9,udacity,kmnc,200,dave2v2,0.262,
3,0.23885580897331238,,,17,1,udacity,nac,50,dave2v2,0.262,
9,0.29733410477638245,0.24917811453522823,0.2732561096558053,35,3,udacity,nac,100,dave2v2,0.262,
12,0.48683884739875793,0.4342992277452765,0.4605690375720172,55,4,udacity,nac,150,dave2v2,0.262,
17,0.42006978392601013,0.30034008672929247,0.3602049353276513,61,4,udacity,nac,200,dave2v2,0.262,
11,0.2310492992401123,0.13065631128696145,0.18085280526353686,41,5,udacity,lsa,50,dave2v2,0.262,
10,0.30651170015335083,0.18628274711664494,0.2463972236349979,43,3,udacity,lsa,100,dave2v2,0.262,
13,0.3574080169200897,0.11331845949346596,0.23536323820677785,61,4,udacity,lsa,150,dave2v2,0.262,
17,0.4614551365375519,0.3443427630803978,0.40289894980897484,85,3,udacity,lsa,200,dave2v2,0.262,
2,0.16858085989952087,0.05462596959167406,0.11160341474559747,9,3,udacity,std,50,dave2v2,0.262,
5,0.2213895171880722,0.1089752928307969,0.16518240500943454,19,0,udacity,std,100,dave2v2,0.262,
10,0.29327908158302307,0.22176557594126714,0.2575223287621451,33,2,udacity,std,150,dave2v2,0.262,
14,0.3319448232650757,,,29,1,udacity,std,200,dave2v2,0.262,
2,0.1298597753047943,0.5043630741549398,0.31711142472986703,7,3,udacity,pace,50,dave2v2,0.262,
4,0.22423624992370605,0.01241216663589629,0.11832420827980117,13,0,udacity,pace,100,dave2v2,0.262,
8,0.24351190030574799,0.11206565306867802,0.177788776687213,25,5,udacity,pace,150,dave2v2,0.262,
9,0.3020654022693634,0.2039984234049027,0.25303191283713306,41,0,udacity,pace,200,dave2v2,0.262,
-1,-1.0,,-1.0,1,-1,udacity,dr,50,dave2v2,0.305,-1.0
0,-1.0,-1.0,-1.0,3,3,udacity,dr,100,dave2v2,0.305,
3,0.21294856071472168,0.09398763459196749,0.15346809765334457,7,0,udacity,dr,150,dave2v2,0.305,
4,0.1944238394498825,,,10,1,udacity,dr,200,dave2v2,0.305,
2,0.16192010045051575,0.04594120001563012,0.10393065023307294,6,2,udacity,ces,50,dave2v2,0.305,
5,0.1414068639278412,,,17,1,udacity,ces,100,dave2v2,0.305,
5,0.19735611975193024,,,15,1,udacity,ces,150,dave2v2,0.305,
8,0.21263858675956726,0.11645317547113805,0.16454588111535265,32,0,udacity,ces,200,dave2v2,0.305,
3,0.16949425637722015,,,7,1,udacity,est,50,dave2v2,0.305,
4,0.21796363592147827,0.10514456391278121,0.16155409991712974,16,3,udacity,est,100,dave2v2,0.305,
4,0.10301416367292404,0.07566760954578075,0.0893408866093524,22,0,udacity,est,150,dave2v2,0.305,
9,0.2816787660121918,0.20654326550101762,0.2441110157566047,30,5,udacity,est,200,dave2v2,0.305,
2,0.14435234665870667,0.00817230175760298,0.07626232420815482,7,0,udacity,rnd,50,dave2v2,0.305,
4,0.17431606352329254,-0.025633201091817645,0.07434143121573744,15,6,udacity,rnd,100,dave2v2,0.305,
7,0.23818670213222504,0.1931166961825096,0.21565169915736732,24,6,udacity,rnd,150,dave2v2,0.305,
6,0.21286530792713165,0.09338409041454837,0.15312469917084,23,6,udacity,rnd,200,dave2v2,0.305,
12,0.213793084025383,0.10508055872516811,0.15943682137527554,40,5,udacity,ent,50,dave2v2,0.305,
8,0.32691314816474915,0.08410128561295155,0.20550721688885035,42,2,udacity,ent,100,dave2v2,0.305,
8,0.4083162248134613,0.20639444424426048,0.3073553345288609,60,6,udacity,ent,150,dave2v2,0.305,
17,0.2711423635482788,0.16667757151666773,0.21890996753247327,72,8,udacity,ent,200,dave2v2,0.305,
10,0.29291510581970215,0.11063076512878012,0.20177293547424113,40,3,udacity,gini,50,dave2v2,0.305,
12,0.24307498335838318,0.1302446983759783,0.18665984086718074,42,4,udacity,gini,100,dave2v2,0.305,
10,0.44398805499076843,0.3608033185818755,0.402395686786322,60,3,udacity,gini,150,dave2v2,0.305,
19,0.32507023215293884,0.1324581579606014,0.22876419505677012,72,5,udacity,gini,200,dave2v2,0.305,
3,0.14439097046852112,,,10,1,udacity,gd,50,dave2v2,0.305,
6,0.24725355207920074,0.1105535753564709,0.17890356371783583,17,0,udacity,gd,100,dave2v2,0.305,
6,0.28761154413223267,0.1540067196400532,0.22080913188614293,21,4,udacity,gd,150,dave2v2,0.305,
7,0.30499088764190674,0.27660342671421007,0.29079715717805843,27,3,udacity,gd,200,dave2v2,0.305,
3,0.1718708723783493,0.3786775020226767,0.275274187200513,8,2,udacity,kmnc,50,dave2v2,0.305,
6,0.16629785299301147,0.061438661960309636,0.11386825747666056,18,5,udacity,kmnc,100,dave2v2,0.305,
5,0.05231030285358429,0.133758615625869,0.09303445923972664,18,8,udacity,kmnc,150,dave2v2,0.305,
7,0.29983407258987427,0.21281487117312337,0.2563244718814988,29,2,udacity,kmnc,200,dave2v2,0.305,
4,0.15098364651203156,0.0619449174338972,0.10646428197296437,14,2,udacity,nac,50,dave2v2,0.305,
8,0.3555733859539032,0.22371027774797417,0.28964183185093867,29,3,udacity,nac,100,dave2v2,0.305,
10,0.4511549472808838,0.38344188619204134,0.41729841673646256,46,2,udacity,nac,150,dave2v2,0.305,
12,0.3529932200908661,0.21732894289901505,0.28516108149494057,52,8,udacity,nac,200,dave2v2,0.305,
12,0.20951680839061737,0.14575706099336844,0.1776369346919929,40,7,udacity,lsa,50,dave2v2,0.305,
10,0.1734716147184372,0.06602354325159471,0.11974757898501595,42,6,udacity,lsa,100,dave2v2,0.305,
17,0.17041072249412537,0.13276104414889187,0.15158588332150863,60,11,udacity,lsa,150,dave2v2,0.305,
18,0.2544447183609009,0.2138769101327984,0.23416081424684965,72,10,udacity,lsa,200,dave2v2,0.305,
2,0.11545547842979431,,,8,1,udacity,std,50,dave2v2,0.305,
5,0.273507684469223,0.17591150693812127,0.22470959570367216,14,2,udacity,std,100,dave2v2,0.305,
9,0.24612508714199066,0.0882186235459849,0.1671718553439878,26,5,udacity,std,150,dave2v2,0.305,
9,0.22602854669094086,0.1954937913108278,0.21076116900088432,23,2,udacity,std,200,dave2v2,0.305,
0,-1.0,-1.0,-1.0,4,4,udacity,pace,50,dave2v2,0.305,
3,0.17594635486602783,0.10105114775859717,0.13849875131231248,9,0,udacity,pace,100,dave2v2,0.305,
5,0.23088301718235016,0.19022125558515923,0.2105521363837547,18,3,udacity,pace,150,dave2v2,0.305,
8,0.36574357748031616,0.28716375396449045,0.3264536657224033,30,2,udacity,pace,200,dave2v2,0.305,
-1,-1.0,,-1.0,0,-1,udacity,dr,50,dave2v2,0.349,-1.0
-1,-1.0,,-1.0,1,-1,udacity,dr,100,dave2v2,0.349,-1.0
-1,-1.0,,-1.0,1,-1,udacity,dr,150,dave2v2,0.349,-1.0
-1,-1.0,,-1.0,2,-1,udacity,dr,200,dave2v2,0.349,-1.0
0,-1.0,-1.0,-1.0,5,5,udacity,ces,50,dave2v2,0.349,
4,0.21799302101135254,0.175906206387938,0.19694961369964525,14,4,udacity,ces,100,dave2v2,0.349,
3,0.19592636823654175,0.07490526362467889,0.1354158159306103,10,0,udacity,ces,150,dave2v2,0.349,
8,0.2373064160346985,0.29173488303426964,0.26452064953448406,22,3,udacity,ces,200,dave2v2,0.349,
2,0.17212998867034912,0.46436813550061434,0.31824906208548176,6,2,udacity,est,50,dave2v2,0.349,
4,0.2464124709367752,0.060260762197818424,0.1533366165672968,12,2,udacity,est,100,dave2v2,0.349,
3,0.13860812783241272,0.04300506246398955,0.09080659514820114,14,6,udacity,est,150,dave2v2,0.349,
6,0.20765985548496246,0.12183785683968831,0.16474885616232537,21,5,udacity,est,200,dave2v2,0.349,
1,0.6548314690589905,,,4,1,udacity,rnd,50,dave2v2,0.349,
2,0.0945904329419136,-0.02732973614105306,0.03363034840043028,11,0,udacity,rnd,100,dave2v2,0.349,
4,0.20836935937404633,0.07615218526015984,0.14226077231710307,17,6,udacity,rnd,150,dave2v2,0.349,
8,0.25248274207115173,0.14397237392839196,0.19822755799977185,21,2,udacity,rnd,200,dave2v2,0.349,
6,0.35334569215774536,0.05670240691566661,0.205024049536706,39,2,udacity,ent,50,dave2v2,0.349,
4,0.15240012109279633,,,41,1,udacity,ent,100,dave2v2,0.349,
11,0.2793128788471222,0.09221738504986927,0.18576513194849573,54,7,udacity,ent,150,dave2v2,0.349,
11,0.34213924407958984,0.1790650801837849,0.26060216213168735,58,4,udacity,ent,200,dave2v2,0.349,
10,0.2339509278535843,,,39,1,udacity,gini,50,dave2v2,0.349,
10,0.2712972164154053,0.13348481321864272,0.20239101481702398,41,3,udacity,gini,100,dave2v2,0.349,
14,0.2546024024486542,0.19777933228222794,0.22619086736544106,54,4,udacity,gini,150,dave2v2,0.349,
15,0.13895921409130096,0.1366915785807905,0.13782539633604574,58,11,udacity,gini,200,dave2v2,0.349,
4,0.24425911903381348,0.1261286612441743,0.1851938901389939,9,0,udacity,gd,50,dave2v2,0.349,
3,0.17058412730693817,,,11,1,udacity,gd,100,dave2v2,0.349,
5,0.2400120198726654,0.4098122967864332,0.32491215832954934,16,4,udacity,gd,150,dave2v2,0.349,
4,0.17756175994873047,0.04307805545011625,0.11031990769942336,17,4,udacity,gd,200,dave2v2,0.349,
3,0.13088548183441162,,,7,1,udacity,kmnc,50,dave2v2,0.349,
6,0.13340003788471222,0.010953361334411011,0.07217669960956162,17,5,udacity,kmnc,100,dave2v2,0.349,
5,0.15881700813770294,0.011337953841306404,0.08507748098950467,15,0,udacity,kmnc,150,dave2v2,0.349,
7,0.13846924901008606,0.18762203946865524,0.16304564423937065,26,6,udacity,kmnc,200,dave2v2,0.349,
4,0.13248340785503387,0.03593268958343212,0.084208048719233,11,2,udacity,nac,50,dave2v2,0.349,
6,0.3751472532749176,0.14072105690728476,0.2579341550911012,23,0,udacity,nac,100,dave2v2,0.349,
13,0.31669455766677856,0.3890612615373209,0.35287790960204973,37,4,udacity,nac,150,dave2v2,0.349,
11,0.31520605087280273,0.20982206762896613,0.26251405925088445,41,7,udacity,nac,200,dave2v2,0.349,
11,0.2628357410430908,0.1584586053202624,0.2106471731816766,39,2,udacity,lsa,50,dave2v2,0.349,
10,0.24538201093673706,0.12980726114211152,0.18759463603942428,41,5,udacity,lsa,100,dave2v2,0.349,
15,0.2688276469707489,0.14535662365144364,0.20709213531109627,54,5,udacity,lsa,150,dave2v2,0.349,
16,0.2587379217147827,0.08282298953763023,0.17078045562620647,58,8,udacity,lsa,200,dave2v2,0.349,
3,0.22554528713226318,0.1055022534608145,0.16552377029653884,6,0,udacity,std,50,dave2v2,0.349,
4,0.19261544942855835,0.10062759839103524,0.1466215239097968,9,0,udacity,std,100,dave2v2,0.349,
7,0.2567557394504547,0.08600242756192111,0.1713790835061879,19,0,udacity,std,150,dave2v2,0.349,
5,0.15012533962726593,0.3266473120813193,0.23838632585429262,15,3,udacity,std,200,dave2v2,0.349,
1,-0.019268877804279327,,,4,1,udacity,pace,50,dave2v2,0.349,
2,0.2520100176334381,0.041167689533096276,0.1465888535832672,8,0,udacity,pace,100,dave2v2,0.349,
5,0.22457458078861237,0.4321344253131582,0.3283545030508853,13,3,udacity,pace,150,dave2v2,0.349,
8,0.31317606568336487,0.15734060940812186,0.23525833754574338,24,2,udacity,pace,200,dave2v2,0.349,
-1,-1.0,,-1.0,0,-1,udacity,dr,50,dave2v2,0.393,-1.0
-1,-1.0,,-1.0,1,-1,udacity,dr,100,dave2v2,0.393,-1.0
-1,-1.0,,-1.0,1,-1,udacity,dr,150,dave2v2,0.393,-1.0
-1,-1.0,,-1.0,2,-1,udacity,dr,200,dave2v2,0.393,-1.0
0,-1.0,-1.0,-1.0,3,3,udacity,ces,50,dave2v2,0.393,
3,0.09459662437438965,0.05370030635437398,0.07414846536438181,10,4,udacity,ces,100,dave2v2,0.393,
2,0.2633373439311981,0.10214732238446515,0.18274233315783164,8,3,udacity,ces,150,dave2v2,0.393,
4,0.19315412640571594,0.09415915453958762,0.14365664047265178,15,6,udacity,ces,200,dave2v2,0.393,
-1,-1.0,,-1.0,1,-1,udacity,est,50,dave2v2,0.393,-1.0
3,0.2678864300251007,0.012226170773153423,0.14005630039912706,9,0,udacity,est,100,dave2v2,0.393,
0,-1.0,-1.0,-1.0,6,6,udacity,est,150,dave2v2,0.393,
4,0.21245750784873962,,,16,1,udacity,est,200,dave2v2,0.393,
0,-1.0,-1.0,-1.0,3,3,udacity,rnd,50,dave2v2,0.393,
2,0.2863404154777527,0.11993167601400148,0.20313604574587707,8,3,udacity,rnd,100,dave2v2,0.393,
3,0.00490439822897315,,,12,1,udacity,rnd,150,dave2v2,0.393,
5,0.25473111867904663,0.07484915227121754,0.16479013547513208,16,4,udacity,rnd,200,dave2v2,0.393,
10,0.24624966084957123,0.2984861501876974,0.2723679055186343,37,5,udacity,ent,50,dave2v2,0.393,
9,0.2809216380119324,0.14679369907041567,0.21385766854117402,39,2,udacity,ent,100,dave2v2,0.393,
7,0.33091574907302856,0.13242233247914637,0.23166904077608746,43,5,udacity,ent,150,dave2v2,0.393,
8,0.15920904278755188,0.09210632372253864,0.12565768325504525,46,5,udacity,ent,200,dave2v2,0.393,
10,0.16661682724952698,0.2654644933154248,0.2160406602824759,37,4,udacity,gini,50,dave2v2,0.393,
8,0.3092964291572571,0.1878381723758642,0.24856730076656064,39,3,udacity,gini,100,dave2v2,0.393,
9,0.2675294578075409,0.172810774753446,0.22017011628049343,43,4,udacity,gini,150,dave2v2,0.393,
9,0.28521254658699036,0.06511347568821182,0.17516301113760108,46,5,udacity,gini,200,dave2v2,0.393,
2,0.2157737761735916,0.055816425770292374,0.135795100971942,7,3,udacity,gd,50,dave2v2,0.393,
1,0.19456273317337036,0.09335773171943049,0.14396023244640044,6,4,udacity,gd,100,dave2v2,0.393,
3,0.15038010478019714,0.10096302450813482,0.12567156464416598,15,2,udacity,gd,150,dave2v2,0.393,
1,0.8656810522079468,,,10,1,udacity,gd,200,dave2v2,0.393,
0,-1.0,-1.0,-1.0,3,3,udacity,kmnc,50,dave2v2,0.393,
5,0.3490971624851227,,,14,1,udacity,kmnc,100,dave2v2,0.393,
2,0.24059653282165527,0.14458837083143822,0.19259245182654675,12,2,udacity,kmnc,150,dave2v2,0.393,
7,0.17572279274463654,0.09048948151370184,0.1331061371291692,22,4,udacity,kmnc,200,dave2v2,0.393,
2,0.18222177028656006,,,8,1,udacity,nac,50,dave2v2,0.393,
4,0.2502981126308441,0.0515323705520537,0.15091524159144892,17,3,udacity,nac,100,dave2v2,0.393,
6,0.3947838246822357,0.12236310627199753,0.2585734654771166,25,0,udacity,nac,150,dave2v2,0.393,
8,0.280571848154068,0.2996215660274731,0.2900967070907705,27,5,udacity,nac,200,dave2v2,0.393,
10,0.2917770743370056,0.13490165162860351,0.21333936298280456,37,2,udacity,lsa,50,dave2v2,0.393,
4,0.4120500385761261,0.03758616793471529,0.2248181032554207,39,2,udacity,lsa,100,dave2v2,0.393,
10,0.2027631551027298,0.16474855806727984,0.18375585658500482,43,3,udacity,lsa,150,dave2v2,0.393,
9,0.2941945195198059,0.27263848759035814,0.283416503555082,46,5,udacity,lsa,200,dave2v2,0.393,
0,-1.0,-1.0,-1.0,5,5,udacity,std,50,dave2v2,0.393,
2,0.27812710404396057,0.09963975626268412,0.18888343015332235,8,4,udacity,std,100,dave2v2,0.393,
2,0.2491542398929596,0.02815929740961526,0.13865676865128743,10,0,udacity,std,150,dave2v2,0.393,
4,0.15834884345531464,0.37970664407030386,0.26902774376280925,12,3,udacity,std,200,dave2v2,0.393,
-1,-1.0,,-1.0,2,-1,udacity,pace,50,dave2v2,0.393,-1.0
1,0.15637248754501343,0.06238738818657566,0.10937993786579454,4,2,udacity,pace,100,dave2v2,0.393,
3,0.12846940755844116,,,9,1,udacity,pace,150,dave2v2,0.393,
4,0.2805545926094055,0.31072238175411804,0.2956384871817618,17,2,udacity,pace,200,dave2v2,0.393,
-1,-1.0,,-1.0,0,-1,udacity,dr,50,dave2v2,0.436,-1.0
-1,-1.0,,-1.0,1,-1,udacity,dr,100,dave2v2,0.436,-1.0
-1,-1.0,,-1.0,1,-1,udacity,dr,150,dave2v2,0.436,-1.0
-1,-1.0,,-1.0,2,-1,udacity,dr,200,dave2v2,0.436,-1.0
-1,-1.0,,-1.0,2,-1,udacity,ces,50,dave2v2,0.436,-1.0
2,0.1186266541481018,0.04008310478072534,0.07935487946441358,8,2,udacity,ces,100,dave2v2,0.436,
2,0.2118944227695465,0.09076573081886433,0.1513300767942054,7,3,udacity,ces,150,dave2v2,0.436,
4,0.13905654847621918,0.24648345422512724,0.1927700013506732,11,2,udacity,ces,200,dave2v2,0.436,
-1,-1.0,,-1.0,1,-1,udacity,est,50,dave2v2,0.436,-1.0
2,0.12887528538703918,0.04233130324997504,0.0856032943185071,7,0,udacity,est,100,dave2v2,0.436,
1,0.26406875252723694,0.1074871722910609,0.18577796240914893,4,2,udacity,est,150,dave2v2,0.436,
4,0.18417896330356598,0.08707215799985606,0.13562556065171102,12,4,udacity,est,200,dave2v2,0.436,
0,-1.0,-1.0,-1.0,3,3,udacity,rnd,50,dave2v2,0.436,
0,-1.0,-1.0,-1.0,5,5,udacity,rnd,100,dave2v2,0.436,
2,0.14526474475860596,0.0059425412339975114,0.07560364299630173,10,6,udacity,rnd,150,dave2v2,0.436,
3,0.2274666130542755,0.09489055436101632,0.16117858370764593,14,6,udacity,rnd,200,dave2v2,0.436,
11,0.2778356969356537,0.14115094366300035,0.20949332029932702,36,2,udacity,ent,50,dave2v2,0.436,
6,0.3076041340827942,0.026878299672612044,0.1672412168777031,38,0,udacity,ent,100,dave2v2,0.436,
9,0.1799391210079193,0.15681810800385979,0.16837861450588953,40,8,udacity,ent,150,dave2v2,0.436,
10,0.30128416419029236,0.05525613617877659,0.17827015018453446,43,3,udacity,ent,200,dave2v2,0.436,
9,0.23873741924762726,0.09487480427891351,0.16680611176327037,36,5,udacity,gini,50,dave2v2,0.436,
12,0.25070053339004517,0.10058301031296925,0.1756417718515072,38,3,udacity,gini,100,dave2v2,0.436,
8,0.19872823357582092,0.10832297666604497,0.15352560512093294,40,2,udacity,gini,150,dave2v2,0.436,
9,0.2461545467376709,0.031058554238201693,0.1386065504879363,43,3,udacity,gini,200,dave2v2,0.436,
2,0.14573626220226288,0.17688577808505226,0.16131102014365756,6,2,udacity,gd,50,dave2v2,0.436,
0,-1.0,-1.0,-1.0,5,5,udacity,gd,100,dave2v2,0.436,
5,0.18141400814056396,,,12,1,udacity,gd,150,dave2v2,0.436,
2,0.19629088044166565,0.0011032714265460288,0.09869707593410584,8,0,udacity,gd,200,dave2v2,0.436,
-1,-1.0,,-1.0,2,-1,udacity,kmnc,50,dave2v2,0.436,-1.0
2,0.14806292951107025,-0.04598026463437051,0.05104133243834987,12,8,udacity,kmnc,100,dave2v2,0.436,
2,0.28152281045913696,0.15540974618538772,0.21846627832226234,10,4,udacity,kmnc,150,dave2v2,0.436,
2,0.17720994353294373,0.16226814545752583,0.16973904449523478,15,2,udacity,kmnc,200,dave2v2,0.436,
0,-1.0,-1.0,-1.0,7,7,udacity,nac,50,dave2v2,0.436,
5,0.3252733647823334,0.166216662263717,0.2457450135230252,14,0,udacity,nac,100,dave2v2,0.436,
5,0.24567461013793945,,,19,1,udacity,nac,150,dave2v2,0.436,
7,0.22082611918449402,0.0731489463418631,0.14698753276317855,21,3,udacity,nac,200,dave2v2,0.436,
8,0.19748912751674652,0.09222180487478884,0.14485546619576767,36,6,udacity,lsa,50,dave2v2,0.436,
11,0.22670771181583405,0.16333981915754547,0.19502376548668976,38,4,udacity,lsa,100,dave2v2,0.436,
13,0.2337638884782791,0.2665768702185771,0.2501703793484281,40,4,udacity,lsa,150,dave2v2,0.436,
9,0.2704274356365204,0.044388025552631626,0.157407730594576,43,4,udacity,lsa,200,dave2v2,0.436,
0,-1.0,-1.0,-1.0,3,3,udacity,std,50,dave2v2,0.436,
2,0.24863982200622559,0.1298925844700226,0.1892662032381241,7,3,udacity,std,100,dave2v2,0.436,
2,0.2038353979587555,0.14293627388332572,0.17338583592104062,8,3,udacity,std,150,dave2v2,0.436,
2,0.0654132142663002,-0.026682387692486473,0.019365413286906864,11,0,udacity,std,200,dave2v2,0.436,
-1,-1.0,,-1.0,1,-1,udacity,pace,50,dave2v2,0.436,-1.0
1,0.18847696483135223,0.006029600589543403,0.09725328271044782,4,2,udacity,pace,100,dave2v2,0.436,
2,0.14972954988479614,0.08207765880853868,0.11590360434666741,9,5,udacity,pace,150,dave2v2,0.436,
5,0.18951712548732758,0.09014095083503576,0.13982903816118167,14,3,udacity,pace,200,dave2v2,0.436,
10,0.4026573598384857,0.25808718268694264,0.3303722712627142,50,5,udacity,dr,50,dave2v3,0.0,
12,0.4344263970851898,0.2136051806689819,0.3240157888770859,100,4,udacity,dr,100,dave2v3,0.0,
19,0.48678264021873474,0.25653928418209,0.37166096220041234,150,10,udacity,dr,150,dave2v3,0.0,
32,0.42447012662887573,0.3576911127024609,0.3910806196656683,200,22,udacity,dr,200,dave2v3,0.0,
15,0.34157681465148926,0.19204063958138448,0.2668087271164369,50,4,udacity,ces,50,dave2v3,0.0,
23,0.34580472111701965,0.22152005249435794,0.2836623868056888,100,4,udacity,ces,100,dave2v3,0.0,
19,0.28365492820739746,0.17192007408663487,0.22778750114701618,150,3,udacity,ces,150,dave2v3,0.0,
31,0.4169304668903351,0.28502365217346065,0.35097705953189784,200,9,udacity,ces,200,dave2v3,0.0,
10,0.20605197548866272,0.1959818321072261,0.2010169037979444,50,6,udacity,est,50,dave2v3,0.0,
25,0.35529613494873047,0.25414500338524815,0.3047205691669893,100,17,udacity,est,100,dave2v3,0.0,
28,0.45120441913604736,0.31417595330144105,0.3826901862187442,150,3,udacity,est,150,dave2v3,0.0,
31,0.41008231043815613,0.24152584974619704,0.3258040800921766,200,21,udacity,est,200,dave2v3,0.0,
11,0.23337827622890472,0.16328883976370256,0.19833355799630364,50,9,udacity,rnd,50,dave2v3,0.0,
17,0.22118502855300903,0.19533030321689143,0.20825766588495023,100,3,udacity,rnd,100,dave2v3,0.0,
32,0.3815944790840149,0.26951551965565845,0.3255549993698367,150,16,udacity,rnd,150,dave2v3,0.0,
31,0.3430335223674774,0.216756128942338,0.2798948256549077,200,13,udacity,rnd,200,dave2v3,0.0,
11,0.4127408266067505,0.2984994519522204,0.35562013927948544,50,3,udacity,ent,50,dave2v3,0.0,
15,0.5279194116592407,,,100,1,udacity,ent,100,dave2v3,0.0,
15,0.6351413726806641,0.569770948311414,0.602456160496039,150,4,udacity,ent,150,dave2v3,0.0,
22,0.4414425790309906,0.39015806371555983,0.4158003213732752,200,13,udacity,ent,200,dave2v3,0.0,
15,0.34671664237976074,0.2346267703921509,0.29067170638595585,50,5,udacity,gini,50,dave2v3,0.0,
24,0.43807438015937805,0.3186365575488388,0.3783554688541084,100,5,udacity,gini,100,dave2v3,0.0,
34,0.3519725501537323,0.21664824541140112,0.2843103977825667,150,17,udacity,gini,150,dave2v3,0.0,
34,0.3705603778362274,0.3130199200821955,0.34179014895921145,200,19,udacity,gini,200,dave2v3,0.0,
11,0.24762652814388275,0.25665036881590414,0.2521384484798934,50,2,udacity,gd,50,dave2v3,0.0,
17,0.24698831140995026,0.1613942356794654,0.20419127354470784,100,8,udacity,gd,100,dave2v3,0.0,
17,0.25951436161994934,0.21389060921432823,0.23670248541713879,150,6,udacity,gd,150,dave2v3,0.0,
24,0.28774720430374146,0.295721565949937,0.29173438512683925,200,12,udacity,gd,200,dave2v3,0.0,
9,0.48121127486228943,0.25320169895124156,0.3672064869067655,50,2,udacity,kmnc,50,dave2v3,0.0,
16,0.38643547892570496,0.31464143912864606,0.3505384590271755,100,8,udacity,kmnc,100,dave2v3,0.0,
17,0.47049087285995483,0.4575101489504335,0.4640005109051942,150,6,udacity,kmnc,150,dave2v3,0.0,
36,0.3878766596317291,0.17304117262030383,0.2804589161260165,200,23,udacity,kmnc,200,dave2v3,0.0,
12,0.33973589539527893,0.18646792183812191,0.2631019086167004,50,0,udacity,nac,50,dave2v3,0.0,
15,0.33431366086006165,0.2517412047273167,0.29302743279368915,100,8,udacity,nac,100,dave2v3,0.0,
12,0.6377911567687988,0.6153454341176202,0.6265682954432095,150,3,udacity,nac,150,dave2v3,0.0,
37,0.4457074701786041,0.24647029503956158,0.3460888826090829,200,8,udacity,nac,200,dave2v3,0.0,
8,0.3212442696094513,0.03173569476541688,0.17648998218743409,50,4,udacity,lsa,50,dave2v3,0.0,
17,0.3143426775932312,0.049001136017402566,0.1816719068053169,100,8,udacity,lsa,100,dave2v3,0.0,
20,0.4390617311000824,0.37747406226151475,0.40826789668079855,150,7,udacity,lsa,150,dave2v3,0.0,
40,0.36789143085479736,0.17228698237096896,0.27008920661288316,200,19,udacity,lsa,200,dave2v3,0.0,
16,0.368191123008728,0.2942488325874359,0.331219977798082,50,3,udacity,std,50,dave2v3,0.0,
16,0.23137059807777405,0.16007712828993717,0.1957238631838556,100,6,udacity,std,100,dave2v3,0.0,
37,0.37494003772735596,0.29018304956984287,0.3325615436485994,150,14,udacity,std,150,dave2v3,0.0,
43,0.3889353275299072,0.2872326039626914,0.3380839657462993,200,16,udacity,std,200,dave2v3,0.0,
13,0.21462829411029816,0.12022673487259822,0.1674275144914482,50,7,udacity,pace,50,dave2v3,0.0,
17,0.24948787689208984,0.16117245148869758,0.2053301641903937,100,5,udacity,pace,100,dave2v3,0.0,
26,0.3342834413051605,0.24102141764752807,0.2876524294763443,150,10,udacity,pace,150,dave2v3,0.0,
41,0.37807953357696533,0.20003299377303133,0.2890562636749983,200,15,udacity,pace,200,dave2v3,0.0,
6,0.2620272636413574,,,33,1,udacity,dr,50,dave2v3,0.044,
11,0.36892908811569214,0.22075554592082147,0.2948423170182568,69,2,udacity,dr,100,dave2v3,0.044,
24,0.39809516072273254,0.29007889493969125,0.3440870278312119,102,13,udacity,dr,150,dave2v3,0.044,
23,0.5048785209655762,0.3720938667428504,0.4384861938542133,126,6,udacity,dr,200,dave2v3,0.044,
8,0.19523246586322784,0.0876130837896219,0.14142277482642487,35,3,udacity,ces,50,dave2v3,0.044,
12,0.25822505354881287,0.10879687876198488,0.18351096615539886,69,3,udacity,ces,100,dave2v3,0.044,
22,0.385317862033844,0.24425587268790105,0.3147868673608725,111,12,udacity,ces,150,dave2v3,0.044,
25,0.3789201080799103,0.2288578794788861,0.3038889937793982,144,11,udacity,ces,200,dave2v3,0.044,
11,0.35107287764549255,0.24296793001517827,0.2970204038303354,36,4,udacity,est,50,dave2v3,0.044,
9,0.29038453102111816,0.2294373878860766,0.2599109594535974,71,2,udacity,est,100,dave2v3,0.044,
27,0.4633437395095825,0.3195580695759157,0.3914509045427491,116,8,udacity,est,150,dave2v3,0.044,
30,0.30912157893180847,0.2176382274719256,0.26337990320186705,131,24,udacity,est,200,dave2v3,0.044,
6,0.22955642640590668,0.1758294692025994,0.20269294780425304,34,3,udacity,rnd,50,dave2v3,0.044,
13,0.30524182319641113,0.19065741188183286,0.24794961753912198,61,5,udacity,rnd,100,dave2v3,0.044,
24,0.34293514490127563,0.2636428422043403,0.303288993552808,108,14,udacity,rnd,150,dave2v3,0.044,
29,0.3572973906993866,0.24737366542501604,0.3023355280622013,127,12,udacity,rnd,200,dave2v3,0.044,
8,0.3789210319519043,,,37,1,udacity,ent,50,dave2v3,0.044,
14,0.5193759799003601,,,76,1,udacity,ent,100,dave2v3,0.044,
23,0.33852067589759827,0.21971638903801002,0.27911853246780416,112,13,udacity,ent,150,dave2v3,0.044,
34,0.3224359154701233,0.15964008937761584,0.24103800242386958,144,9,udacity,ent,200,dave2v3,0.044,
4,0.1553572565317154,,,15,1,udacity,gini,50,dave2v3,0.044,
13,0.3915669322013855,,,40,1,udacity,gini,100,dave2v3,0.044,
19,0.3480682969093323,0.27403752805057013,0.3110529124799512,57,9,udacity,gini,150,dave2v3,0.044,
18,0.4548603892326355,0.29694364122704,0.37590201522983774,78,4,udacity,gini,200,dave2v3,0.044,
11,0.2666708528995514,0.3983310869393579,0.33250096991945466,34,6,udacity,gd,50,dave2v3,0.044,
15,0.3077584207057953,0.2067958834018284,0.25727715205381185,66,8,udacity,gd,100,dave2v3,0.044,
24,0.29627910256385803,0.1662605718180156,0.2312698371909368,96,15,udacity,gd,150,dave2v3,0.044,
19,0.28571006655693054,0.1966887103455918,0.24119938845126115,113,6,udacity,gd,200,dave2v3,0.044,
10,0.3609544634819031,0.2660003864298871,0.3134774249558951,44,8,udacity,kmnc,50,dave2v3,0.044,
17,0.4198227822780609,0.33003909791853436,0.37493094009829764,77,9,udacity,kmnc,100,dave2v3,0.044,
21,0.4315912127494812,0.3268654639532788,0.37922833835138003,114,10,udacity,kmnc,150,dave2v3,0.044,
26,0.48499760031700134,0.3892606295423372,0.43712911492966927,154,6,udacity,kmnc,200,dave2v3,0.044,
10,0.40459340810775757,0.4724100744517264,0.43850174127974195,34,3,udacity,nac,50,dave2v3,0.044,
10,0.48030173778533936,0.43240038943159836,0.4563510636084689,69,4,udacity,nac,100,dave2v3,0.044,
13,0.5999125242233276,0.5284354914953987,0.5641740078593631,99,4,udacity,nac,150,dave2v3,0.044,
27,0.37163811922073364,0.2318693973011048,0.3017537582609192,135,8,udacity,nac,200,dave2v3,0.044,
12,0.18919262290000916,0.13143241797610888,0.16031252043805902,37,6,udacity,lsa,50,dave2v3,0.044,
14,0.40190884470939636,0.21714305186211832,0.30952594828575736,77,4,udacity,lsa,100,dave2v3,0.044,
21,0.3691679835319519,0.16987677618155894,0.2695223798567554,106,11,udacity,lsa,150,dave2v3,0.044,
14,0.3937498927116394,0.335861304818421,0.3648055987650302,140,6,udacity,lsa,200,dave2v3,0.044,
11,0.25385695695877075,,,31,1,udacity,std,50,dave2v3,0.044,
15,0.32164689898490906,0.23028318310654727,0.27596504104572817,67,5,udacity,std,100,dave2v3,0.044,
21,0.34976720809936523,0.2538851930161807,0.301826200557773,104,8,udacity,std,150,dave2v3,0.044,
23,0.24409709870815277,0.19677983855274417,0.22043846863044847,132,3,udacity,std,200,dave2v3,0.044,
8,0.27958953380584717,0.13949726497125645,0.20954339938855182,30,3,udacity,pace,50,dave2v3,0.044,
19,0.3389585316181183,0.25196635799477857,0.29546244480644845,69,3,udacity,pace,100,dave2v3,0.044,
21,0.35744449496269226,0.18445847439816812,0.2709514846804302,86,10,udacity,pace,150,dave2v3,0.044,
29,0.31663405895233154,0.23714883950856888,0.2768914492304502,137,9,udacity,pace,200,dave2v3,0.044,
4,0.20671509206295013,,,19,1,udacity,dr,50,dave2v3,0.087,
7,0.2079637348651886,,,42,1,udacity,dr,100,dave2v3,0.087,
16,0.4415377378463745,0.33971870725846415,0.39062822255241936,68,6,udacity,dr,150,dave2v3,0.087,
19,0.2986063063144684,0.14265974832478637,0.22063302731962736,81,18,udacity,dr,200,dave2v3,0.087,
8,0.3388625979423523,0.21264098116918578,0.27575178955576907,26,4,udacity,ces,50,dave2v3,0.087,
14,0.2858191728591919,0.21069156351090648,0.24825536818504917,50,7,udacity,ces,100,dave2v3,0.087,
12,0.3059047758579254,0.2553121197760121,0.28060844781696875,81,5,udacity,ces,150,dave2v3,0.087,
27,0.4131738245487213,0.2542019210410221,0.3336878727948717,106,8,udacity,ces,200,dave2v3,0.087,
10,0.3260219693183899,0.24950771471454772,0.2877648420164688,27,4,udacity,est,50,dave2v3,0.087,
10,0.32151225209236145,0.13541207109500117,0.22846216159368132,43,5,udacity,est,100,dave2v3,0.087,
21,0.4162106513977051,0.33442319004979715,0.3753169207237511,81,4,udacity,est,150,dave2v3,0.087,
17,0.34395164251327515,0.23935019719933728,0.2916509198563062,82,13,udacity,est,200,dave2v3,0.087,
8,0.2304496169090271,,,23,1,udacity,rnd,50,dave2v3,0.087,
12,0.26589566469192505,0.18560602434027237,0.22575084451609873,39,2,udacity,rnd,100,dave2v3,0.087,
12,0.32634833455085754,0.14780749633525148,0.2370779154430545,76,4,udacity,rnd,150,dave2v3,0.087,
14,0.33094874024391174,0.17996928502711215,0.25545901263551196,72,7,udacity,rnd,200,dave2v3,0.087,
9,0.3795275390148163,0.4185644767974158,0.39904600790611605,28,2,udacity,ent,50,dave2v3,0.087,
11,0.5014733672142029,0.3640814850684705,0.4327774261413367,53,5,udacity,ent,100,dave2v3,0.087,
15,0.45288607478141785,0.26222507440170545,0.3575555745915616,79,5,udacity,ent,150,dave2v3,0.087,
19,0.43336278200149536,0.23885390827595726,0.33610834513872634,104,2,udacity,ent,200,dave2v3,0.087,
2,0.1906033307313919,0.07184379560493905,0.13122356316816547,9,5,udacity,gini,50,dave2v3,0.087,
7,0.246732696890831,0.32598194725577456,0.2863573220733028,23,3,udacity,gini,100,dave2v3,0.087,
12,0.36785662174224854,0.2573209159290298,0.31258876883563913,35,5,udacity,gini,150,dave2v3,0.087,
12,0.3424590826034546,0.19182546377378334,0.26714227318861894,48,9,udacity,gini,200,dave2v3,0.087,
5,0.16380099952220917,0.08561858602304595,0.12470979277262756,18,3,udacity,gd,50,dave2v3,0.087,
8,0.2519822120666504,0.16491872048023012,0.20845046627344027,35,3,udacity,gd,100,dave2v3,0.087,
15,0.315555602312088,0.3692560953713064,0.3424058488416972,63,6,udacity,gd,150,dave2v3,0.087,
13,0.20380257070064545,0.21068211529714223,0.20724234299889382,69,4,udacity,gd,200,dave2v3,0.087,
6,0.3858214318752289,0.20017154857473793,0.2929964902249834,34,8,udacity,kmnc,50,dave2v3,0.087,
15,0.45359137654304504,0.3728340959546559,0.41321273624885047,60,7,udacity,kmnc,100,dave2v3,0.087,
21,0.4433406889438629,0.41744734720586735,0.4303940180748651,90,9,udacity,kmnc,150,dave2v3,0.087,
18,0.4269430339336395,0.23558324488480098,0.33126313940922025,121,3,udacity,kmnc,200,dave2v3,0.087,
8,0.24349084496498108,0.32653673471670863,0.28501378984084486,20,2,udacity,nac,50,dave2v3,0.087,
8,0.19112755358219147,0.14723297170540922,0.16918026264380034,42,10,udacity,nac,100,dave2v3,0.087,
13,0.3324812054634094,0.27359701546920157,0.3030391104663055,60,7,udacity,nac,150,dave2v3,0.087,
11,0.46712854504585266,0.3807566100553643,0.4239425775506085,76,3,udacity,nac,200,dave2v3,0.087,
5,0.19131521880626678,,,24,1,udacity,lsa,50,dave2v3,0.087,
13,0.3069320023059845,0.13373070709313345,0.22033135469955897,57,5,udacity,lsa,100,dave2v3,0.087,
14,0.3568263351917267,,,79,1,udacity,lsa,150,dave2v3,0.087,
21,0.3471944034099579,0.2192389271393268,0.28321666527464234,103,14,udacity,lsa,200,dave2v3,0.087,
5,0.19175994396209717,0.1389184242672775,0.16533918411468734,17,3,udacity,std,50,dave2v3,0.087,
11,0.27442091703414917,0.16503653156923004,0.2197287243016896,41,5,udacity,std,100,dave2v3,0.087,
15,0.28834158182144165,0.1694995041972166,0.22892054300932912,60,9,udacity,std,150,dave2v3,0.087,
16,0.3378538191318512,0.21909977749249995,0.2784767983121756,70,5,udacity,std,200,dave2v3,0.087,
2,0.16573043167591095,-0.03137751326473551,0.06717645920558772,11,5,udacity,pace,50,dave2v3,0.087,
9,0.2440113127231598,0.1296153642145747,0.18681333846886725,39,6,udacity,pace,100,dave2v3,0.087,
11,0.3494874835014343,0.2047849262887515,0.27713620489509294,54,5,udacity,pace,150,dave2v3,0.087,
15,0.3255956172943115,0.22676169898460188,0.2761786581394567,84,2,udacity,pace,200,dave2v3,0.087,
4,0.2675565779209137,,,13,1,udacity,dr,50,dave2v3,0.131,
7,0.23207710683345795,0.019067565093870514,0.12557233596366424,29,11,udacity,dr,100,dave2v3,0.131,
14,0.40906527638435364,0.30321463534671866,0.35613995586553615,50,5,udacity,dr,150,dave2v3,0.131,
13,0.3946165144443512,0.35715451794364195,0.37588551619399657,56,6,udacity,dr,200,dave2v3,0.131,
6,0.18522696197032928,0.07688768240620443,0.13105732218826685,17,4,udacity,ces,50,dave2v3,0.131,
11,0.3296077251434326,0.2548240429836442,0.2922158840635384,34,5,udacity,ces,100,dave2v3,0.131,
15,0.3107457458972931,0.228733042232686,0.26973939406498953,67,5,udacity,ces,150,dave2v3,0.131,
21,0.35127776861190796,0.22323930208667475,0.28725853534929136,81,12,udacity,ces,200,dave2v3,0.131,
5,0.06971769779920578,0.06344414054793951,0.06658091917357264,19,0,udacity,est,50,dave2v3,0.131,
7,0.28776171803474426,0.1973985435819216,0.24258013080833293,33,4,udacity,est,100,dave2v3,0.131,
14,0.34186702966690063,0.26293127712550607,0.3023991533962034,50,4,udacity,est,150,dave2v3,0.131,
11,0.41794487833976746,0.2720765912250113,0.3450107347823894,58,0,udacity,est,200,dave2v3,0.131,
6,0.2519761323928833,0.06237848726853594,0.15717730983070963,16,0,udacity,rnd,50,dave2v3,0.131,
7,0.20881618559360504,0.24057343057464403,0.22469480808412454,26,2,udacity,rnd,100,dave2v3,0.131,
8,0.14638914167881012,,,48,1,udacity,rnd,150,dave2v3,0.131,
12,0.3064257502555847,0.21590529692652177,0.2611655235910533,50,6,udacity,rnd,200,dave2v3,0.131,
4,0.08873074501752853,0.028180267011808747,0.05845550601466864,17,9,udacity,ent,50,dave2v3,0.131,
8,0.42105013132095337,0.28407967549934493,0.3525649034101491,36,5,udacity,ent,100,dave2v3,0.131,
8,0.46359410881996155,0.28241645322172654,0.37300528102084407,54,5,udacity,ent,150,dave2v3,0.131,
11,0.46510088443756104,0.23236525574798167,0.3487330700927713,77,2,udacity,ent,200,dave2v3,0.131,
2,0.12324521690607071,0.019662480065723104,0.0714538484858969,5,0,udacity,gini,50,dave2v3,0.131,
5,0.17950469255447388,,,13,1,udacity,gini,100,dave2v3,0.131,
9,0.3581199645996094,,,24,1,udacity,gini,150,dave2v3,0.131,
9,0.3128596544265747,0.2353314011949534,0.2740955278107641,33,7,udacity,gini,200,dave2v3,0.131,
2,0.22300486266613007,0.05550508959380104,0.13925497612996554,11,6,udacity,gd,50,dave2v3,0.131,
7,0.23784036934375763,0.21722023652579273,0.22753030293477516,23,2,udacity,gd,100,dave2v3,0.131,
12,0.3199338912963867,0.1665601149475367,0.2432470031219617,41,3,udacity,gd,150,dave2v3,0.131,
14,0.21205207705497742,0.1625762470024078,0.1873141620286926,54,6,udacity,gd,200,dave2v3,0.131,
10,0.34271323680877686,,,29,1,udacity,kmnc,50,dave2v3,0.131,
10,0.4043367803096771,0.22129260368952072,0.31281469199959894,51,2,udacity,kmnc,100,dave2v3,0.131,
15,0.3761005699634552,0.2975963690679849,0.33684846951572006,74,4,udacity,kmnc,150,dave2v3,0.131,
24,0.4302437901496887,0.33720157185648014,0.38372268100308443,103,8,udacity,kmnc,200,dave2v3,0.131,
3,0.19183506071567535,,,12,1,udacity,nac,50,dave2v3,0.131,
8,0.21369291841983795,0.0770899024804895,0.14539141045016374,31,5,udacity,nac,100,dave2v3,0.131,
10,0.40016382932662964,0.3540967699370912,0.3771302996318604,42,4,udacity,nac,150,dave2v3,0.131,
13,0.21447573602199554,0.24163900593562357,0.22805737097880957,49,11,udacity,nac,200,dave2v3,0.131,
5,0.18238717317581177,0.06438366449592216,0.12338541883586696,20,3,udacity,lsa,50,dave2v3,0.131,
11,0.2819797992706299,0.31491264918215434,0.2984462242263921,46,6,udacity,lsa,100,dave2v3,0.131,
13,0.29344770312309265,0.171114472140945,0.23228108763201882,58,7,udacity,lsa,150,dave2v3,0.131,
15,0.3470301926136017,0.11810919773485777,0.23256969517422973,77,9,udacity,lsa,200,dave2v3,0.131,
3,0.12724673748016357,0.07697060925916555,0.10210867336966456,11,0,udacity,std,50,dave2v3,0.131,
5,0.23844584822654724,0.08331884748092046,0.16088234785373384,20,0,udacity,std,100,dave2v3,0.131,
13,0.25132331252098083,0.11309959736654254,0.18221145494376167,40,6,udacity,std,150,dave2v3,0.131,
17,0.3732113540172577,0.2519954586071248,0.31260340631219125,50,4,udacity,std,200,dave2v3,0.131,
2,0.07622738182544708,0.02271183670929579,0.049469609267371435,8,2,udacity,pace,50,dave2v3,0.131,
5,0.10670401901006699,0.2268465213867216,0.16677527019839428,30,4,udacity,pace,100,dave2v3,0.131,
10,0.283591091632843,0.25708257865149337,0.2703368351421682,32,3,udacity,pace,150,dave2v3,0.131,
14,0.3612416088581085,0.1844861828878836,0.2728638958729961,56,4,udacity,pace,200,dave2v3,0.131,
4,0.2819121778011322,,,11,1,udacity,dr,50,dave2v3,0.175,
8,0.23384176194667816,,,25,1,udacity,dr,100,dave2v3,0.175,
13,0.32582053542137146,0.1941777757841773,0.25999915560277437,43,6,udacity,dr,150,dave2v3,0.175,
12,0.4068664312362671,0.460304740906429,0.433585586071348,47,5,udacity,dr,200,dave2v3,0.175,
4,0.15466541051864624,0.09237450631327963,0.12351995841596294,13,2,udacity,ces,50,dave2v3,0.175,
9,0.30730685591697693,0.18387887745998932,0.24559286668848312,29,5,udacity,ces,100,dave2v3,0.175,
11,0.33421769738197327,0.20804724930217483,0.271132473342074,49,4,udacity,ces,150,dave2v3,0.175,
13,0.2847278118133545,0.2304629568901024,0.25759538435172846,61,8,udacity,ces,200,dave2v3,0.175,
4,0.21480415761470795,0.08711813749966715,0.15096114755718754,15,6,udacity,est,50,dave2v3,0.175,
8,0.3486899435520172,0.21692621386359623,0.2828080787078067,23,2,udacity,est,100,dave2v3,0.175,
9,0.2883429527282715,0.18936325628335704,0.23885310450581426,37,5,udacity,est,150,dave2v3,0.175,
9,0.34982743859291077,0.30505595602146807,0.3274416973071894,39,3,udacity,est,200,dave2v3,0.175,
5,0.21377533674240112,0.156556249134887,0.18516579293864405,13,3,udacity,rnd,50,dave2v3,0.175,
7,0.14455030858516693,0.14451948011087656,0.14453489434802175,20,5,udacity,rnd,100,dave2v3,0.175,
11,0.3002279996871948,,,32,1,udacity,rnd,150,dave2v3,0.175,
11,0.23598046600818634,0.13625981293610254,0.18612013947214445,37,7,udacity,rnd,200,dave2v3,0.175,
5,0.22571034729480743,0.3339281164066084,0.2798192318507079,12,2,udacity,ent,50,dave2v3,0.175,
6,0.3716764450073242,0.20257431542493085,0.28712538021612755,25,3,udacity,ent,100,dave2v3,0.175,
12,0.25819364190101624,0.1235935564960329,0.19089359919852456,42,8,udacity,ent,150,dave2v3,0.175,
11,0.3865075707435608,0.2386140378824212,0.312560804312991,60,2,udacity,ent,200,dave2v3,0.175,
-1,-1.0,,-1.0,2,-1,udacity,gini,50,dave2v3,0.175,-1.0
0,-1.0,-1.0,-1.0,5,5,udacity,gini,100,dave2v3,0.175,
3,0.23668770492076874,0.08600966577484176,0.16134868534780525,12,3,udacity,gini,150,dave2v3,0.175,
5,0.18364429473876953,0.39588362189629345,0.2897639583175315,16,4,udacity,gini,200,dave2v3,0.175,
0,-1.0,-1.0,-1.0,5,5,udacity,gd,50,dave2v3,0.175,
4,0.1574474275112152,0.12268514413956721,0.1400662858253912,18,7,udacity,gd,100,dave2v3,0.175,
11,0.3269767463207245,0.24095005211954287,0.2839633992201337,32,2,udacity,gd,150,dave2v3,0.175,
9,0.20959797501564026,0.16929338318818868,0.18944567910191445,40,5,udacity,gd,200,dave2v3,0.175,
6,0.34223243594169617,,,22,1,udacity,kmnc,50,dave2v3,0.175,
10,0.24098365008831024,0.3254055521900038,0.283194601139157,39,5,udacity,kmnc,100,dave2v3,0.175,
12,0.34848636388778687,0.21890388242311185,0.28369512315544937,55,8,udacity,kmnc,150,dave2v3,0.175,
14,0.42732352018356323,0.3034217498841875,0.3653726350338754,88,2,udacity,kmnc,200,dave2v3,0.175,
1,0.14415107667446136,-0.031682486965040516,0.056234294854710425,6,3,udacity,nac,50,dave2v3,0.175,
7,0.1795089691877365,0.15424695704559344,0.16687796311666497,19,4,udacity,nac,100,dave2v3,0.175,
8,0.362531453371048,0.30111400739456495,0.33182273038280646,27,3,udacity,nac,150,dave2v3,0.175,
10,0.3546624779701233,0.3810396276392156,0.36785105280466945,32,2,udacity,nac,200,dave2v3,0.175,
6,0.20422834157943726,0.1384502104105015,0.1713392759949694,16,3,udacity,lsa,50,dave2v3,0.175,
7,0.2687077224254608,0.030720523033707488,0.14971412272958415,37,5,udacity,lsa,100,dave2v3,0.175,
8,0.4030674397945404,0.17617980734921246,0.28962362357187643,47,4,udacity,lsa,150,dave2v3,0.175,
14,0.34656599164009094,0.2063964153237662,0.27648120348192856,59,6,udacity,lsa,200,dave2v3,0.175,
3,0.20856018364429474,0.07558260067029808,0.14207139215729642,7,0,udacity,std,50,dave2v3,0.175,
6,0.1543911099433899,0.11388756987832352,0.1341393399108567,17,5,udacity,std,100,dave2v3,0.175,
9,0.25531134009361267,0.16002674743311773,0.2076690437633652,28,7,udacity,std,150,dave2v3,0.175,
12,0.2553151547908783,0.21309290156268335,0.23420402817678082,41,8,udacity,std,200,dave2v3,0.175,
3,0.15728135406970978,0.3252523197714092,0.2412668369205595,8,2,udacity,pace,50,dave2v3,0.175,
5,0.2955786883831024,0.10812687501034574,0.20185278169672408,17,4,udacity,pace,100,dave2v3,0.175,
4,0.1662960946559906,0.024815248987850477,0.09555567182192054,16,3,udacity,pace,150,dave2v3,0.175,
12,0.32424747943878174,0.25102037427337415,0.2876339268560779,44,4,udacity,pace,200,dave2v3,0.175,
2,0.2178061455488205,0.1564641719765611,0.1871351587626908,7,2,udacity,dr,50,dave2v3,0.218,
2,0.27131369709968567,-0.00448702554855674,0.13341333577556447,19,0,udacity,dr,100,dave2v3,0.218,
9,0.4318806827068329,0.2814987173675179,0.3566897000371754,36,2,udacity,dr,150,dave2v3,0.218,
10,0.2566065192222595,0.22511948419032535,0.24086300170629243,39,11,udacity,dr,200,dave2v3,0.218,
3,0.17279645800590515,0.011957734396841588,0.09237709620137337,10,3,udacity,ces,50,dave2v3,0.218,
9,0.20033971965312958,0.14463783980602646,0.17248877972957802,25,5,udacity,ces,100,dave2v3,0.218,
11,0.2803904712200165,0.19807225366343134,0.2392313624417239,44,7,udacity,ces,150,dave2v3,0.218,
10,0.28088417649269104,0.2832851858811657,0.28208468118692837,48,2,udacity,ces,200,dave2v3,0.218,
3,0.22584648430347443,0.04141857034601885,0.13363252732474665,10,0,udacity,est,50,dave2v3,0.218,
4,0.21869784593582153,,,17,1,udacity,est,100,dave2v3,0.218,
9,0.33158817887306213,0.38525474562170214,0.35842146224738214,24,2,udacity,est,150,dave2v3,0.218,
6,0.27130958437919617,0.07423919020245615,0.17277438729082617,27,3,udacity,est,200,dave2v3,0.218,
3,0.18199238181114197,0.10003819688751334,0.14101528934932767,8,0,udacity,rnd,50,dave2v3,0.218,
6,0.1764436662197113,,,16,1,udacity,rnd,100,dave2v3,0.218,
7,0.19257722795009613,,,26,1,udacity,rnd,150,dave2v3,0.218,
9,0.27892786264419556,0.22144560446086023,0.2501867335525279,30,6,udacity,rnd,200,dave2v3,0.218,
1,0.6065062880516052,,,4,1,udacity,ent,50,dave2v3,0.218,
4,0.2403276413679123,0.06603549916527837,0.15318157026659535,14,0,udacity,ent,100,dave2v3,0.218,
8,0.21383455395698547,0.14018577015682043,0.17701016205690295,25,6,udacity,ent,150,dave2v3,0.218,
6,0.3493087589740753,0.16787619981540267,0.258592479394739,39,2,udacity,ent,200,dave2v3,0.218,
-1,-1.0,,-1.0,1,-1,udacity,gini,50,dave2v3,0.218,-1.0
0,-1.0,-1.0,-1.0,3,3,udacity,gini,100,dave2v3,0.218,
2,0.05316321551799774,0.11791094617122996,0.08553708084461385,8,4,udacity,gini,150,dave2v3,0.218,
3,0.14740543067455292,0.47250588658618065,0.3099556586303668,10,3,udacity,gini,200,dave2v3,0.218,
0,-1.0,-1.0,-1.0,5,5,udacity,gd,50,dave2v3,0.218,
2,0.22633586823940277,0.034122099500618855,0.1302289838700108,14,0,udacity,gd,100,dave2v3,0.218,
8,0.3430500626564026,0.16930838132580112,0.2561792219911019,23,2,udacity,gd,150,dave2v3,0.218,
10,0.27529484033584595,0.13062558613852965,0.2029602132371878,32,0,udacity,gd,200,dave2v3,0.218,
5,0.28475716710090637,0.16640184455413623,0.2255795058275213,16,3,udacity,kmnc,50,dave2v3,0.218,
8,0.24986952543258667,0.17664312156105724,0.21325632349682194,31,7,udacity,kmnc,100,dave2v3,0.218,
9,0.3806930482387543,0.21529982408204534,0.29799643616039984,43,8,udacity,kmnc,150,dave2v3,0.218,
11,0.45685455203056335,0.3203678589430962,0.3886112054868298,72,5,udacity,kmnc,200,dave2v3,0.218,
-1,-1.0,,-1.0,0,-1,udacity,nac,50,dave2v3,0.218,-1.0
1,0.024584490805864334,,,4,1,udacity,nac,100,dave2v3,0.218,
3,0.16905483603477478,,,10,1,udacity,nac,150,dave2v3,0.218,
5,0.29730692505836487,0.1970298824419759,0.24716840375017038,14,2,udacity,nac,200,dave2v3,0.218,
2,0.021433627232909203,0.3842280267062103,0.20283082696955976,7,2,udacity,lsa,50,dave2v3,0.218,
5,0.2629179358482361,,,23,1,udacity,lsa,100,dave2v3,0.218,
7,0.29026249051094055,0.19539211437418366,0.24282730244256212,29,4,udacity,lsa,150,dave2v3,0.218,
6,0.23734116554260254,0.14068432466917147,0.189012745105887,32,0,udacity,lsa,200,dave2v3,0.218,
3,0.24584324657917023,0.0602198958547053,0.15303157121693778,6,0,udacity,std,50,dave2v3,0.218,
3,0.10422009974718094,,,15,1,udacity,std,100,dave2v3,0.218,
6,0.2500782608985901,0.18916583195794565,0.21962204642826788,19,5,udacity,std,150,dave2v3,0.218,
8,0.3299288749694824,0.13272784430646617,0.2313283596379743,33,7,udacity,std,200,dave2v3,0.218,
1,0.22644084692001343,0.029076911880929892,0.12775887940047165,4,2,udacity,pace,50,dave2v3,0.218,
2,0.052022915333509445,0.20932359076127813,0.1306732530473938,13,2,udacity,pace,100,dave2v3,0.218,
3,0.1513148546218872,,,7,1,udacity,pace,150,dave2v3,0.218,
9,0.29542112350463867,0.13294693297259527,0.21418402823861699,35,5,udacity,pace,200,dave2v3,0.218,
1,0.1522125005722046,0.5550031177948441,0.35360780918352436,4,2,udacity,dr,50,dave2v3,0.262,
4,0.20746755599975586,0.35998453579795386,0.28372604589885486,13,3,udacity,dr,100,dave2v3,0.262,
7,0.34672147035598755,0.36794164906976573,0.35733155971287667,26,2,udacity,dr,150,dave2v3,0.262,
8,0.3656652569770813,0.2777756143912904,0.32172043568418585,27,2,udacity,dr,200,dave2v3,0.262,
2,0.08272651582956314,,,8,1,udacity,ces,50,dave2v3,0.262,
7,0.23448891937732697,,,22,1,udacity,ces,100,dave2v3,0.262,
12,0.2893277704715729,0.17270015915764866,0.23101396481461078,35,4,udacity,ces,150,dave2v3,0.262,
11,0.31885841488838196,0.19692777581670085,0.2578930953525414,36,6,udacity,ces,200,dave2v3,0.262,
3,0.1954403519630432,,,8,1,udacity,est,50,dave2v3,0.262,
3,0.1311323046684265,0.5031165703674171,0.3171244375179218,9,3,udacity,est,100,dave2v3,0.262,
5,0.28434789180755615,0.1892160221388058,0.236781956973181,18,4,udacity,est,150,dave2v3,0.262,
5,0.23533733189105988,0.1030814244186646,0.16920937815486223,21,8,udacity,est,200,dave2v3,0.262,
1,0.19303742051124573,0.003617666690227258,0.09832754360073649,4,2,udacity,rnd,50,dave2v3,0.262,
3,0.12159129977226257,0.2040737432800953,0.16283252152617894,11,2,udacity,rnd,100,dave2v3,0.262,
4,0.17978253960609436,0.06481582314963277,0.12229918137786357,17,0,udacity,rnd,150,dave2v3,0.262,
6,0.22329005599021912,,,20,1,udacity,rnd,200,dave2v3,0.262,
0,-1.0,-1.0,-1.0,3,3,udacity,ent,50,dave2v3,0.262,
3,0.1653158962726593,0.3396990383792565,0.2525074673259579,9,2,udacity,ent,100,dave2v3,0.262,
4,0.2788406014442444,0.19225091911743897,0.23554576028084168,17,4,udacity,ent,150,dave2v3,0.262,
6,0.3774198889732361,,,29,1,udacity,ent,200,dave2v3,0.262,
-1,-1.0,,-1.0,1,-1,udacity,gini,50,dave2v3,0.262,-1.0
0,-1.0,-1.0,-1.0,3,3,udacity,gini,100,dave2v3,0.262,
1,0.22901985049247742,0.9858705209202023,0.6074451857063399,4,2,udacity,gini,150,dave2v3,0.262,
2,0.09751690924167633,0.01404222793525358,0.05577956858846496,5,0,udacity,gini,200,dave2v3,0.262,
-1,-1.0,,-1.0,0,-1,udacity,gd,50,dave2v3,0.262,-1.0
4,0.1062299981713295,,,12,1,udacity,gd,100,dave2v3,0.262,
7,0.20341400802135468,0.1393218363108079,0.1713679221660813,19,4,udacity,gd,150,dave2v3,0.262,
4,0.15188471972942352,0.004545694497130464,0.078215207113277,23,0,udacity,gd,200,dave2v3,0.262,
3,0.29577770829200745,0.09543836296270548,0.19560803562735646,11,0,udacity,kmnc,50,dave2v3,0.262,
7,0.3425450026988983,0.2613244475621944,0.30193472513054637,27,4,udacity,kmnc,100,dave2v3,0.262,
9,0.20360144972801208,0.13585101200236588,0.16972623086518898,38,12,udacity,kmnc,150,dave2v3,0.262,
14,0.3762214183807373,0.3201482247332516,0.3481848215569945,57,4,udacity,kmnc,200,dave2v3,0.262,
-1,-1.0,,-1.0,0,-1,udacity,nac,50,dave2v3,0.262,-1.0
-1,-1.0,,-1.0,1,-1,udacity,nac,100,dave2v3,0.262,-1.0
1,-0.03287896513938904,,,4,1,udacity,nac,150,dave2v3,0.262,
0,-1.0,-1.0,-1.0,4,4,udacity,nac,200,dave2v3,0.262,
1,0.710059404373169,,,4,1,udacity,lsa,50,dave2v3,0.262,
5,0.20298738777637482,0.09012349099224794,0.14655543938431137,15,3,udacity,lsa,100,dave2v3,0.262,
6,0.2292085587978363,0.20988042084403935,0.21954448982093783,20,4,udacity,lsa,150,dave2v3,0.262,
6,0.2522616982460022,0.16303331089289785,0.20764750456945003,20,3,udacity,lsa,200,dave2v3,0.262,
2,0.22341479361057281,0.0396189711150408,0.13151688236280681,6,2,udacity,std,50,dave2v3,0.262,
3,0.21432319283485413,0.161028883818489,0.18767603832667157,10,4,udacity,std,100,dave2v3,0.262,
5,0.21411992609500885,0.41455130822892133,0.3143356171619651,14,3,udacity,std,150,dave2v3,0.262,
6,0.2772722542285919,0.19186316625592809,0.23456771024226,22,3,udacity,std,200,dave2v3,0.262,
0,-1.0,-1.0,-1.0,3,3,udacity,pace,50,dave2v3,0.262,
3,0.15371471643447876,0.3893900278738908,0.2715523721541848,8,2,udacity,pace,100,dave2v3,0.262,
0,-1.0,-1.0,-1.0,5,5,udacity,pace,150,dave2v3,0.262,
8,0.3301866352558136,0.15243537541498872,0.24131100533540117,26,4,udacity,pace,200,dave2v3,0.262,
-1,-1.0,,-1.0,2,-1,udacity,dr,50,dave2v3,0.305,-1.0
3,0.14251157641410828,,,9,1,udacity,dr,100,dave2v3,0.305,
6,0.26830044388771057,0.4582176693047463,0.3632590565962284,19,4,udacity,dr,150,dave2v3,0.305,
5,0.200919508934021,0.1024710993983131,0.15169530416616706,20,0,udacity,dr,200,dave2v3,0.305,
2,0.04269690066576004,,,7,1,udacity,ces,50,dave2v3,0.305,
6,0.2699175775051117,0.1581738771215537,0.2140457273133327,19,4,udacity,ces,100,dave2v3,0.305,
8,0.22108972072601318,0.15174411238805122,0.1864169165570322,28,5,udacity,ces,150,dave2v3,0.305,
10,0.29377931356430054,0.18170861155017196,0.23774396255723623,32,8,udacity,ces,200,dave2v3,0.305,
2,0.20580808818340302,0.10407602577165166,0.15494205697752733,7,2,udacity,est,50,dave2v3,0.305,
3,0.12834998965263367,0.027646576878481148,0.07799828326555741,7,0,udacity,est,100,dave2v3,0.305,
4,0.311670184135437,0.10478535147798089,0.20822776780670896,16,2,udacity,est,150,dave2v3,0.305,
6,0.29963740706443787,0.11239496012407416,0.206016183594256,19,4,udacity,est,200,dave2v3,0.305,
-1,-1.0,,-1.0,2,-1,udacity,rnd,50,dave2v3,0.305,-1.0
2,0.08797340840101242,,,6,1,udacity,rnd,100,dave2v3,0.305,
5,0.1776498705148697,0.2809145463797681,0.2292822084473189,14,2,udacity,rnd,150,dave2v3,0.305,
5,0.21803760528564453,0.12779437710945502,0.17291599119754977,16,4,udacity,rnd,200,dave2v3,0.305,
0,-1.0,-1.0,-1.0,3,3,udacity,ent,50,dave2v3,0.305,
3,0.13415084779262543,0.19286604363043974,0.16350844571153259,9,3,udacity,ent,100,dave2v3,0.305,
5,0.28368958830833435,0.22575826950862152,0.25472392890847795,15,2,udacity,ent,150,dave2v3,0.305,
5,0.33555588126182556,0.02771444266995316,0.18163516196588936,24,2,udacity,ent,200,dave2v3,0.305,
-1,-1.0,,-1.0,1,-1,udacity,gini,50,dave2v3,0.305,-1.0
-1,-1.0,,-1.0,1,-1,udacity,gini,100,dave2v3,0.305,-1.0
-1,-1.0,,-1.0,2,-1,udacity,gini,150,dave2v3,0.305,-1.0
-1,-1.0,,-1.0,2,-1,udacity,gini,200,dave2v3,0.305,-1.0
-1,-1.0,,-1.0,0,-1,udacity,gd,50,dave2v3,0.305,-1.0
4,0.20392127335071564,,,10,1,udacity,gd,100,dave2v3,0.305,
5,0.17911168932914734,0.10709382807426983,0.14310275870170858,16,3,udacity,gd,150,dave2v3,0.305,
5,0.21021060645580292,0.051239483157497434,0.13072504480665018,17,0,udacity,gd,200,dave2v3,0.305,
3,0.1420695185661316,0.11968057598020569,0.13087504727316865,9,2,udacity,kmnc,50,dave2v3,0.305,
6,0.3210519552230835,,,22,1,udacity,kmnc,100,dave2v3,0.305,
8,0.40143701434135437,0.2146178667379043,0.3080274405396293,35,0,udacity,kmnc,150,dave2v3,0.305,
11,0.3012073040008545,0.20344260936517267,0.2523249566830136,51,8,udacity,kmnc,200,dave2v3,0.305,
-1,-1.0,,-1.0,0,-1,udacity,nac,50,dave2v3,0.305,-1.0
-1,-1.0,,-1.0,0,-1,udacity,nac,100,dave2v3,0.305,-1.0
-1,-1.0,,-1.0,1,-1,udacity,nac,150,dave2v3,0.305,-1.0
-1,-1.0,,-1.0,1,-1,udacity,nac,200,dave2v3,0.305,-1.0
-1,-1.0,,-1.0,1,-1,udacity,lsa,50,dave2v3,0.305,-1.0
2,0.2622579336166382,0.11448483284739505,0.18837138323201663,7,3,udacity,lsa,100,dave2v3,0.305,
4,0.2472921907901764,0.11251326886019913,0.17990272982518776,11,0,udacity,lsa,150,dave2v3,0.305,
3,0.28973570466041565,0.15533410769356645,0.22253490617699107,11,4,udacity,lsa,200,dave2v3,0.305,
1,-0.044003523886203766,0.4448748395650578,0.20043565783942702,5,2,udacity,std,50,dave2v3,0.305,
3,0.1940070241689682,,,7,1,udacity,std,100,dave2v3,0.305,
3,0.22664837539196014,0.1268171108491772,0.1767327431205687,10,4,udacity,std,150,dave2v3,0.305,
5,0.20075182616710663,,,17,1,udacity,std,200,dave2v3,0.305,
-1,-1.0,,-1.0,1,-1,udacity,pace,50,dave2v3,0.305,-1.0
2,0.10951603949069977,,,5,1,udacity,pace,100,dave2v3,0.305,
0,-1.0,-1.0,-1.0,3,3,udacity,pace,150,dave2v3,0.305,
7,0.2202852964401245,0.14512202717069325,0.18270366180540887,21,3,udacity,pace,200,dave2v3,0.305,
-1,-1.0,,-1.0,1,-1,udacity,dr,50,dave2v3,0.349,-1.0
0,-1.0,-1.0,-1.0,7,7,udacity,dr,100,dave2v3,0.349,
6,0.24491341412067413,0.32026628012445724,0.2825898471225657,17,2,udacity,dr,150,dave2v3,0.349,
4,0.14472010731697083,0.04142210465355618,0.0930711059852635,18,8,udacity,dr,200,dave2v3,0.349,
3,0.1354631930589676,,,7,1,udacity,ces,50,dave2v3,0.349,
5,0.2018766701221466,0.0480179418226954,0.124947305972421,16,0,udacity,ces,100,dave2v3,0.349,
8,0.2596086263656616,,,23,1,udacity,ces,150,dave2v3,0.349,
11,0.3129693269729614,0.21370454853176984,0.26333693775236566,31,5,udacity,ces,200,dave2v3,0.349,
1,0.1489635854959488,0.07640789325412645,0.11268573937503762,6,4,udacity,est,50,dave2v3,0.349,
0,-1.0,-1.0,-1.0,5,5,udacity,est,100,dave2v3,0.349,
4,0.24980595707893372,0.12552863955205396,0.18766729831549384,13,4,udacity,est,150,dave2v3,0.349,
6,0.2891581952571869,0.06556898357814966,0.17736358941766828,16,0,udacity,est,200,dave2v3,0.349,
-1,-1.0,,-1.0,1,-1,udacity,rnd,50,dave2v3,0.349,-1.0
0,-1.0,-1.0,-1.0,6,6,udacity,rnd,100,dave2v3,0.349,
4,0.2917276620864868,0.13586020665247678,0.2137939343694818,11,2,udacity,rnd,150,dave2v3,0.349,
4,0.10055621713399887,0.3039306651606313,0.20224344114731507,15,2,udacity,rnd,200,dave2v3,0.349,
-1,-1.0,,-1.0,2,-1,udacity,ent,50,dave2v3,0.349,-1.0
2,0.18259432911872864,0.05113996271790839,0.11686714591831851,8,4,udacity,ent,100,dave2v3,0.349,
4,0.33536678552627563,0.10672230005935357,0.2210445427928146,14,0,udacity,ent,150,dave2v3,0.349,
5,0.13957570493221283,0.03811154761903594,0.0888436262756244,22,8,udacity,ent,200,dave2v3,0.349,
-1,-1.0,,-1.0,1,-1,udacity,gini,50,dave2v3,0.349,-1.0
-1,-1.0,,-1.0,1,-1,udacity,gini,100,dave2v3,0.349,-1.0
-1,-1.0,,-1.0,2,-1,udacity,gini,150,dave2v3,0.349,-1.0
-1,-1.0,,-1.0,2,-1,udacity,gini,200,dave2v3,0.349,-1.0
-1,-1.0,,-1.0,0,-1,udacity,gd,50,dave2v3,0.349,-1.0
3,0.1690751016139984,0.43877447252920326,0.30392478707160087,8,2,udacity,gd,100,dave2v3,0.349,
4,0.2464665025472641,0.12204003438889868,0.18425326846808138,11,0,udacity,gd,150,dave2v3,0.349,
5,0.21379031240940094,0.0919397628531268,0.15286503763126386,14,0,udacity,gd,200,dave2v3,0.349,
2,0.1603154093027115,0.08504785069949344,0.12268163000110247,9,4,udacity,kmnc,50,dave2v3,0.349,
6,0.216349795460701,0.3821287812704824,0.29923928836559166,17,3,udacity,kmnc,100,dave2v3,0.349,
8,0.3186507821083069,0.2935687282033289,0.3061097551558179,32,3,udacity,kmnc,150,dave2v3,0.349,
11,0.23929384350776672,0.06924606453742775,0.15426995402259724,46,11,udacity,kmnc,200,dave2v3,0.349,
-1,-1.0,,-1.0,0,-1,udacity,nac,50,dave2v3,0.349,-1.0
-1,-1.0,,-1.0,0,-1,udacity,nac,100,dave2v3,0.349,-1.0
-1,-1.0,,-1.0,0,-1,udacity,nac,150,dave2v3,0.349,-1.0
-1,-1.0,,-1.0,0,-1,udacity,nac,200,dave2v3,0.349,-1.0
-1,-1.0,,-1.0,0,-1,udacity,lsa,50,dave2v3,0.349,-1.0
0,-1.0,-1.0,-1.0,4,4,udacity,lsa,100,dave2v3,0.349,
3,0.08959938585758209,,,7,1,udacity,lsa,150,dave2v3,0.349,
2,0.171244814991951,0.11385099293908985,0.14254790396552042,7,2,udacity,lsa,200,dave2v3,0.349,
0,-1.0,-1.0,-1.0,4,4,udacity,std,50,dave2v3,0.349,
0,-1.0,-1.0,-1.0,6,6,udacity,std,100,dave2v3,0.349,
4,0.2503108084201813,0.14448512966066085,0.19739796904042106,8,0,udacity,std,150,dave2v3,0.349,
2,-0.05912307649850845,,,10,1,udacity,std,200,dave2v3,0.349,
-1,-1.0,,-1.0,1,-1,udacity,pace,50,dave2v3,0.349,-1.0
-1,-1.0,,-1.0,2,-1,udacity,pace,100,dave2v3,0.349,-1.0
0,-1.0,-1.0,-1.0,3,3,udacity,pace,150,dave2v3,0.349,
4,0.21638084948062897,0.12627241237317105,0.1713266309269,13,3,udacity,pace,200,dave2v3,0.349,
-1,-1.0,,-1.0,1,-1,udacity,dr,50,dave2v3,0.393,-1.0
2,0.1340733915567398,0.5510133889080238,0.3425433902323818,7,3,udacity,dr,100,dave2v3,0.393,
4,0.2572060227394104,0.13164093691548287,0.19442347982744662,16,4,udacity,dr,150,dave2v3,0.393,
4,0.2597891092300415,0.12383699318877427,0.1918130512094079,17,2,udacity,dr,200,dave2v3,0.393,
2,0.17543408274650574,0.04082874234979407,0.1081314125481499,7,2,udacity,ces,50,dave2v3,0.393,
3,0.0859227180480957,,,13,1,udacity,ces,100,dave2v3,0.393,
6,0.1353256106376648,0.3682548163357977,0.25179021348673125,18,4,udacity,ces,150,dave2v3,0.393,
8,0.24335931241512299,0.2298692812837331,0.23661429684942803,28,2,udacity,ces,200,dave2v3,0.393,
2,0.10955659300088882,,,5,1,udacity,est,50,dave2v3,0.393,
1,0.19133704900741577,0.563245263855683,0.37729115643154937,4,2,udacity,est,100,dave2v3,0.393,
4,0.24129343032836914,0.33490136319468417,0.2880973967615267,13,2,udacity,est,150,dave2v3,0.393,
4,0.2045067697763443,0.38177791172294145,0.29314234074964285,14,3,udacity,est,200,dave2v3,0.393,
-1,-1.0,,-1.0,1,-1,udacity,rnd,50,dave2v3,0.393,-1.0
1,-0.04007347300648689,,,5,1,udacity,rnd,100,dave2v3,0.393,
4,0.21485444903373718,,,9,1,udacity,rnd,150,dave2v3,0.393,
4,0.16240859031677246,0.3083743131953132,0.23539145175604284,12,2,udacity,rnd,200,dave2v3,0.393,
-1,-1.0,,-1.0,2,-1,udacity,ent,50,dave2v3,0.393,-1.0
2,0.2681344151496887,0.17712608322949455,0.22263024918959162,8,3,udacity,ent,100,dave2v3,0.393,
2,0.018981073051691055,0.07285176284385761,0.04591641794777433,14,10,udacity,ent,150,dave2v3,0.393,
5,0.21746134757995605,0.0980372874381516,0.15774931750905383,22,4,udacity,ent,200,dave2v3,0.393,
-1,-1.0,,-1.0,1,-1,udacity,gini,50,dave2v3,0.393,-1.0
-1,-1.0,,-1.0,1,-1,udacity,gini,100,dave2v3,0.393,-1.0
-1,-1.0,,-1.0,2,-1,udacity,gini,150,dave2v3,0.393,-1.0
-1,-1.0,,-1.0,2,-1,udacity,gini,200,dave2v3,0.393,-1.0
-1,-1.0,,-1.0,0,-1,udacity,gd,50,dave2v3,0.393,-1.0
2,0.10313666611909866,0.31333855043007786,0.20823760827458826,7,2,udacity,gd,100,dave2v3,0.393,
4,0.20106124877929688,0.11429843056505534,0.1576798396721761,8,0,udacity,gd,150,dave2v3,0.393,
2,0.0633588433265686,,,11,1,udacity,gd,200,dave2v3,0.393,
2,0.22363093495368958,0.03390666142409683,0.1287687981888932,8,0,udacity,kmnc,50,dave2v3,0.393,
4,0.23452243208885193,0.29325293347718584,0.2638876827830189,13,2,udacity,kmnc,100,dave2v3,0.393,
8,0.309067040681839,0.14787979071091353,0.22847341569637625,28,2,udacity,kmnc,150,dave2v3,0.393,
6,0.15182462334632874,,,40,1,udacity,kmnc,200,dave2v3,0.393,
-1,-1.0,,-1.0,0,-1,udacity,nac,50,dave2v3,0.393,-1.0
-1,-1.0,,-1.0,0,-1,udacity,nac,100,dave2v3,0.393,-1.0
-1,-1.0,,-1.0,0,-1,udacity,nac,150,dave2v3,0.393,-1.0
-1,-1.0,,-1.0,0,-1,udacity,nac,200,dave2v3,0.393,-1.0
-1,-1.0,,-1.0,0,-1,udacity,lsa,50,dave2v3,0.393,-1.0
-1,-1.0,,-1.0,0,-1,udacity,lsa,100,dave2v3,0.393,-1.0
-1,-1.0,,-1.0,2,-1,udacity,lsa,150,dave2v3,0.393,-1.0
-1,-1.0,,-1.0,2,-1,udacity,lsa,200,dave2v3,0.393,-1.0
1,0.3681666851043701,0.09073525049780208,0.2294509678010861,4,2,udacity,std,50,dave2v3,0.393,
2,0.21371965110301971,0.1605662760154133,0.1871429635592165,6,2,udacity,std,100,dave2v3,0.393,
3,0.17719557881355286,,,7,1,udacity,std,150,dave2v3,0.393,
3,0.09509013593196869,0.31942276470287756,0.20725645031742312,9,2,udacity,std,200,dave2v3,0.393,
-1,-1.0,,-1.0,1,-1,udacity,pace,50,dave2v3,0.393,-1.0
-1,-1.0,,-1.0,2,-1,udacity,pace,100,dave2v3,0.393,-1.0
0,-1.0,-1.0,-1.0,3,3,udacity,pace,150,dave2v3,0.393,
4,0.24060136079788208,0.09793984618081877,0.1692706034893504,11,3,udacity,pace,200,dave2v3,0.393,
-1,-1.0,,-1.0,1,-1,udacity,dr,50,dave2v3,0.436,-1.0
3,0.13231848180294037,,,7,1,udacity,dr,100,dave2v3,0.436,
4,0.3061750531196594,,,16,1,udacity,dr,150,dave2v3,0.436,
5,0.2658402919769287,0.17732999149178055,0.22158514173435462,17,4,udacity,dr,200,dave2v3,0.436,
2,0.15345138311386108,0.09288897870785279,0.12317018091085694,6,2,udacity,ces,50,dave2v3,0.436,
3,0.11220452934503555,-0.01632711501579309,0.04793870716462123,11,0,udacity,ces,100,dave2v3,0.436,
4,0.19449466466903687,,,13,1,udacity,ces,150,dave2v3,0.436,
9,0.34947633743286133,,,26,1,udacity,ces,200,dave2v3,0.436,
2,0.12708210945129395,,,5,1,udacity,est,50,dave2v3,0.436,
0,-1.0,-1.0,-1.0,3,3,udacity,est,100,dave2v3,0.436,
5,0.17055964469909668,0.11608234519550523,0.14332099494730094,12,2,udacity,est,150,dave2v3,0.436,
4,0.1676388531923294,0.002424323745166105,0.08503158846874775,13,0,udacity,est,200,dave2v3,0.436,
-1,-1.0,,-1.0,1,-1,udacity,rnd,50,dave2v3,0.436,-1.0
0,-1.0,-1.0,-1.0,4,4,udacity,rnd,100,dave2v3,0.436,
2,0.0611717514693737,,,6,1,udacity,rnd,150,dave2v3,0.436,
4,0.22540278732776642,0.3096452465311222,0.2675240169294443,11,2,udacity,rnd,200,dave2v3,0.436,
-1,-1.0,,-1.0,2,-1,udacity,ent,50,dave2v3,0.436,-1.0
2,0.1467684507369995,0.02933485543923163,0.08805165308811558,7,2,udacity,ent,100,dave2v3,0.436,
4,0.1890154927968979,,,13,1,udacity,ent,150,dave2v3,0.436,
6,0.21706640720367432,0.19522295135681336,0.20614467928024383,21,5,udacity,ent,200,dave2v3,0.436,
-1,-1.0,,-1.0,1,-1,udacity,gini,50,dave2v3,0.436,-1.0
-1,-1.0,,-1.0,1,-1,udacity,gini,100,dave2v3,0.436,-1.0
-1,-1.0,,-1.0,2,-1,udacity,gini,150,dave2v3,0.436,-1.0
-1,-1.0,,-1.0,2,-1,udacity,gini,200,dave2v3,0.436,-1.0
-1,-1.0,,-1.0,0,-1,udacity,gd,50,dave2v3,0.436,-1.0
0,-1.0,-1.0,-1.0,3,3,udacity,gd,100,dave2v3,0.436,
3,0.20429189503192902,,,7,1,udacity,gd,150,dave2v3,0.436,
3,0.1458151936531067,0.3407664106049823,0.2432908021290445,8,2,udacity,gd,200,dave2v3,0.436,
1,0.3038904666900635,0.05091248869642873,0.1774014776932461,7,4,udacity,kmnc,50,dave2v3,0.436,
2,0.19124597311019897,0.024855044415927972,0.10805050876306348,11,7,udacity,kmnc,100,dave2v3,0.436,
8,0.3262922465801239,0.17799673849354797,0.2521444925368359,26,0,udacity,kmnc,150,dave2v3,0.436,
7,0.3503831923007965,0.28064492037071065,0.3155140563357536,37,2,udacity,kmnc,200,dave2v3,0.436,
-1,-1.0,,-1.0,0,-1,udacity,nac,50,dave2v3,0.436,-1.0
-1,-1.0,,-1.0,0,-1,udacity,nac,100,dave2v3,0.436,-1.0
-1,-1.0,,-1.0,0,-1,udacity,nac,150,dave2v3,0.436,-1.0
-1,-1.0,,-1.0,0,-1,udacity,nac,200,dave2v3,0.436,-1.0
-1,-1.0,,-1.0,0,-1,udacity,lsa,50,dave2v3,0.436,-1.0
-1,-1.0,,-1.0,0,-1,udacity,lsa,100,dave2v3,0.436,-1.0
-1,-1.0,,-1.0,2,-1,udacity,lsa,150,dave2v3,0.436,-1.0
-1,-1.0,,-1.0,2,-1,udacity,lsa,200,dave2v3,0.436,-1.0
1,0.22931575775146484,0.04401060232381142,0.13666318003763814,4,2,udacity,std,50,dave2v3,0.436,
0,-1.0,-1.0,-1.0,6,6,udacity,std,100,dave2v3,0.436,
2,0.30084386467933655,0.12526314921928192,0.21305350694930925,6,0,udacity,std,150,dave2v3,0.436,
2,0.21124808490276337,0.019146938026036477,0.11519751146439992,6,0,udacity,std,200,dave2v3,0.436,
-1,-1.0,,-1.0,1,-1,udacity,pace,50,dave2v3,0.436,-1.0
-1,-1.0,,-1.0,2,-1,udacity,pace,100,dave2v3,0.436,-1.0
0,-1.0,-1.0,-1.0,3,3,udacity,pace,150,dave2v3,0.436,
0,-1.0,-1.0,-1.0,6,6,udacity,pace,200,dave2v3,0.436,
