Number of Clusters,Silhouette Score,DBCV Score,Combined Score,Number of Mispredicted Inputs,Number of Noisy Inputs,test_set,selection_metric,budget,model,threshold
10,0.3155256509780884,0.15517044269365735,0.23534804683587285,50,6,udacity_label,dr,50,epoch,0.0
11,0.11172452569007874,-0.00947493981031401,0.05112479293988236,100,8,udacity_label,dr,100,epoch,0.0
24,0.2907082140445709,0.12090659378039725,0.2058074039124841,150,8,udacity_label,dr,150,epoch,0.0
22,0.2740216553211212,0.1121012953320621,0.19306147532659165,200,5,udacity_label,dr,200,epoch,0.0
15,0.29938244819641113,0.11020109302798611,0.2047917706121986,50,8,udacity_label,ces,50,epoch,0.0
24,0.3689888119697571,0.21163930924268293,0.29031406060622,100,14,udacity_label,ces,100,epoch,0.0
35,0.42628753185272217,0.31562071738232883,0.3709541246175255,150,17,udacity_label,ces,150,epoch,0.0
38,0.44401541352272034,0.31509201377923185,0.3795537136509761,200,17,udacity_label,ces,200,epoch,0.0
13,0.2946559190750122,0.21130023021146463,0.2529780746432384,50,6,udacity_label,est,50,epoch,0.0
17,0.30219435691833496,0.20707770163538136,0.25463602927685813,100,7,udacity_label,est,100,epoch,0.0
23,0.38815394043922424,0.29388599820793526,0.34101996932357975,150,10,udacity_label,est,150,epoch,0.0
31,0.5176727771759033,0.4276073534061456,0.4726400652910244,200,7,udacity_label,est,200,epoch,0.0
8,0.11836318671703339,0.0933209514762924,0.10584206909666288,50,2,udacity_label,rnd,50,epoch,0.0
29,0.3921239972114563,0.3254451824151877,0.358784589813322,100,13,udacity_label,rnd,100,epoch,0.0
33,0.4024338126182556,0.28907368170146536,0.3457537471598605,150,17,udacity_label,rnd,150,epoch,0.0
33,0.43060028553009033,0.28270637214270355,0.35665332883639694,200,5,udacity_label,rnd,200,epoch,0.0
8,0.44977229833602905,0.336987039264471,0.39337966880025,50,8,udacity_label,ent,50,epoch,0.0
16,0.5734350681304932,0.5332764666645424,0.5533557673975178,100,5,udacity_label,ent,100,epoch,0.0
16,0.688730776309967,0.5566901469780453,0.6227104616440062,150,4,udacity_label,ent,150,epoch,0.0
24,0.6986314654350281,0.6539850012451767,0.6763082333401024,200,6,udacity_label,ent,200,epoch,0.0
13,0.22549690306186676,0.1487376356857803,0.18711726937382353,50,5,udacity_label,gini,50,epoch,0.0
17,0.43238648772239685,0.3194345944021452,0.37591054106227106,100,12,udacity_label,gini,100,epoch,0.0
26,0.439741313457489,0.33682347397206025,0.38828239371477463,150,9,udacity_label,gini,150,epoch,0.0
27,0.5702752470970154,0.4492633430370304,0.509769295067023,200,3,udacity_label,gini,200,epoch,0.0
12,0.2763758897781372,0.168148429532283,0.22226215965521012,50,4,udacity_label,gd,50,epoch,0.0
15,0.3063957095146179,0.1322008020224941,0.219298255768556,100,5,udacity_label,gd,100,epoch,0.0
26,0.34602004289627075,0.20313927756787792,0.27457966023207436,150,13,udacity_label,gd,150,epoch,0.0
44,0.43431034684181213,0.3074487668327099,0.37087955683726104,200,23,udacity_label,gd,200,epoch,0.0
13,0.2276424914598465,0.31830284296661127,0.2729726672132289,50,7,udacity_label,kmnc,50,epoch,0.0
14,0.353201299905777,0.19492012464968775,0.2740607122777324,100,13,udacity_label,kmnc,100,epoch,0.0
19,0.4344275891780853,0.2869523945181131,0.36068999184809925,150,10,udacity_label,kmnc,150,epoch,0.0
24,0.42359787225723267,0.30648328542010045,0.3650405788386666,200,7,udacity_label,kmnc,200,epoch,0.0
12,0.3555504083633423,0.2736710789139081,0.3146107436386252,50,3,udacity_label,nac,50,epoch,0.0
18,0.5135530829429626,0.44031284107599405,0.4769329620094783,100,9,udacity_label,nac,100,epoch,0.0
22,0.5304514765739441,0.3653516413724383,0.44790155897319117,150,9,udacity_label,nac,150,epoch,0.0
36,0.5186394453048706,0.3847840326412496,0.4517117389730601,200,12,udacity_label,nac,200,epoch,0.0
13,0.2186228632926941,0.13249770663993682,0.17556028496631546,50,5,udacity_label,lsa,50,epoch,0.0
28,0.3855513334274292,0.2757877173549131,0.3306695253911711,100,8,udacity_label,lsa,100,epoch,0.0
33,0.4126555025577545,0.3010003913189493,0.3568279469383519,150,10,udacity_label,lsa,150,epoch,0.0
16,0.2668693959712982,0.2055847593985988,0.2362270776849485,200,4,udacity_label,lsa,200,epoch,0.0
15,0.2680162787437439,0.12724465066948426,0.19763046470661408,50,9,udacity_label,std,50,epoch,0.0
22,0.30468153953552246,0.1907198442365099,0.24770069188601618,100,11,udacity_label,std,100,epoch,0.0
21,0.35462623834609985,0.20536512757720057,0.2799956829616502,150,4,udacity_label,std,150,epoch,0.0
28,0.5000057220458984,0.31852306903595756,0.40926439554092797,200,12,udacity_label,std,200,epoch,0.0
16,0.26767197251319885,0.16595921418275944,0.21681559334797915,50,9,udacity_label,pace,50,epoch,0.0
23,0.383451908826828,0.2827784362282232,0.3331151725275256,100,7,udacity_label,pace,100,epoch,0.0
21,0.29146644473075867,0.1932217662636084,0.24234410549718355,150,4,udacity_label,pace,150,epoch,0.0
28,0.37238866090774536,0.22026488654524706,0.2963267737264962,200,9,udacity_label,pace,200,epoch,0.0
12,0.2982415556907654,0.15324622804515273,0.22574389186795907,41,4,udacity_label,dr,50,epoch,0.044
18,0.31995725631713867,0.2069087634844841,0.26343300990081137,80,7,udacity_label,dr,100,epoch,0.044
11,0.14329253137111664,0.08741500124521143,0.11535376630816403,113,6,udacity_label,dr,150,epoch,0.044
38,0.39572882652282715,0.2651640411170295,0.33044643381992833,149,12,udacity_label,dr,200,epoch,0.044
13,0.44224777817726135,0.27844563167384145,0.36034670492555143,40,2,udacity_label,ces,50,epoch,0.044
11,0.37678998708724976,0.16992522313340777,0.27335760511032875,84,5,udacity_label,ces,100,epoch,0.044
30,0.5093237161636353,0.43514718903965566,0.47223545260164546,133,9,udacity_label,ces,150,epoch,0.044
18,0.4471750259399414,0.3299265375797772,0.3885507817598593,160,5,udacity_label,ces,200,epoch,0.044
7,0.30205950140953064,0.17693523441028158,0.2394973679099061,37,2,udacity_label,est,50,epoch,0.044
16,0.3171788156032562,0.19354052506325106,0.25535967033325363,71,11,udacity_label,est,100,epoch,0.044
17,0.31772226095199585,0.2675534664109682,0.29263786368148204,123,4,udacity_label,est,150,epoch,0.044
29,0.5062859654426575,0.39239011751841035,0.4493380414805339,162,11,udacity_label,est,200,epoch,0.044
7,0.19249774515628815,0.2573550544990221,0.2249263998276551,35,3,udacity_label,rnd,50,epoch,0.044
16,0.37418586015701294,0.21223502741027095,0.2932104437836419,83,3,udacity_label,rnd,100,epoch,0.044
21,0.42424237728118896,0.352482780534201,0.388362578907695,127,3,udacity_label,rnd,150,epoch,0.044
36,0.4736715257167816,0.3573674049253256,0.4155194653210536,162,11,udacity_label,rnd,200,epoch,0.044
10,0.36396244168281555,0.16634839494111964,0.2651554183119676,45,4,udacity_label,ent,50,epoch,0.044
12,0.6703186631202698,0.6360774214347877,0.6531980422775288,90,2,udacity_label,ent,100,epoch,0.044
23,0.42141053080558777,0.36919692180349034,0.395303726304539,140,8,udacity_label,ent,150,epoch,0.044
23,0.6536524295806885,0.647897654787091,0.6507750421838898,180,13,udacity_label,ent,200,epoch,0.044
6,0.542316198348999,0.41363532771314393,0.4779757630310715,36,0,udacity_label,gini,50,epoch,0.044
17,0.22796273231506348,0.14474209518050468,0.18635241374778408,74,11,udacity_label,gini,100,epoch,0.044
15,0.5153767466545105,0.3916172033877782,0.4534969750211444,109,5,udacity_label,gini,150,epoch,0.044
19,0.6386563777923584,0.5135698426496484,0.5761131102210034,143,4,udacity_label,gini,200,epoch,0.044
13,0.2440500259399414,0.1537662865846924,0.1989081562623169,44,7,udacity_label,gd,50,epoch,0.044
17,0.2785591781139374,0.13874640073877775,0.20865278942635757,76,12,udacity_label,gd,100,epoch,0.044
24,0.34884127974510193,0.18995159710512383,0.26939643842511285,129,11,udacity_label,gd,150,epoch,0.044
35,0.4297386407852173,0.40944011146979764,0.41958937612750746,151,13,udacity_label,gd,200,epoch,0.044
11,0.2365380823612213,0.30922251566629544,0.2728802990137584,37,5,udacity_label,kmnc,50,epoch,0.044
13,0.29480329155921936,0.2661100271458891,0.28045665935255426,78,4,udacity_label,kmnc,100,epoch,0.044
27,0.345994770526886,0.17787131161705994,0.26193304107197296,111,13,udacity_label,kmnc,150,epoch,0.044
28,0.31332460045814514,0.17935065484462615,0.24633762765138564,147,26,udacity_label,kmnc,200,epoch,0.044
9,0.5929903388023376,,,47,1,udacity_label,nac,50,epoch,0.044
16,0.5652660727500916,0.5728699315341365,0.569068002142114,93,6,udacity_label,nac,100,epoch,0.044
26,0.40555518865585327,0.28834906161861373,0.3469521251372335,143,12,udacity_label,nac,150,epoch,0.044
25,0.6343316435813904,0.4822229974864156,0.558277320533903,193,2,udacity_label,nac,200,epoch,0.044
12,0.23064638674259186,0.25259191494836364,0.24161915084547775,41,4,udacity_label,lsa,50,epoch,0.044
19,0.3579504191875458,0.22055903159410548,0.28925472539082564,78,7,udacity_label,lsa,100,epoch,0.044
26,0.38944435119628906,0.2760847190444006,0.3327645351203448,112,10,udacity_label,lsa,150,epoch,0.044
33,0.42585423588752747,0.3874276691531357,0.4066409525203316,152,10,udacity_label,lsa,200,epoch,0.044
12,0.3135453760623932,0.19186425451579336,0.2527048152890933,42,8,udacity_label,std,50,epoch,0.044
20,0.3382972776889801,0.2811347594368869,0.3097160185629335,78,4,udacity_label,std,100,epoch,0.044
26,0.4329187870025635,0.3582776092406385,0.395598198121601,114,12,udacity_label,std,150,epoch,0.044
25,0.47059860825538635,0.2836780287845791,0.3771383185199827,160,7,udacity_label,std,200,epoch,0.044
11,0.2946528196334839,,,37,1,udacity_label,pace,50,epoch,0.044
11,0.15836988389492035,0.1351248084088991,0.1467473461519097,80,5,udacity_label,pace,100,epoch,0.044
23,0.30822646617889404,0.2957638849735971,0.30199517557624556,117,4,udacity_label,pace,150,epoch,0.044
33,0.4299512803554535,0.3360246021455782,0.38298794125051583,151,12,udacity_label,pace,200,epoch,0.044
10,0.2786150276660919,0.23337388227954042,0.25599445497281614,31,2,udacity_label,dr,50,epoch,0.087
17,0.33792808651924133,0.2039997346925979,0.2709639106059196,65,9,udacity_label,dr,100,epoch,0.087
15,0.26209717988967896,0.15068931168608096,0.20639324578787996,86,5,udacity_label,dr,150,epoch,0.087
26,0.3829329311847687,0.2972009745710014,0.340066952877885,112,12,udacity_label,dr,200,epoch,0.087
10,0.2846125364303589,0.3072434562612318,0.29592799634579536,34,4,udacity_label,ces,50,epoch,0.087
12,0.4200703799724579,0.37256721575019913,0.3963187978613285,65,5,udacity_label,ces,100,epoch,0.087
19,0.48032256960868835,0.33314732737957886,0.4067349484941336,100,12,udacity_label,ces,150,epoch,0.087
21,0.45277243852615356,0.31655961569070673,0.3846660271084301,125,3,udacity_label,ces,200,epoch,0.087
5,0.21496973931789398,,,26,1,udacity_label,est,50,epoch,0.087
16,0.3872731328010559,0.2755140032479912,0.3313935680245236,55,10,udacity_label,est,100,epoch,0.087
17,0.3083854913711548,0.22661310258302864,0.26749929697709174,93,4,udacity_label,est,150,epoch,0.087
11,0.3092881441116333,0.30372619804739603,0.30650717107951464,138,4,udacity_label,est,200,epoch,0.087
9,0.1992594301700592,0.2141294899370996,0.2066944600535794,32,4,udacity_label,rnd,50,epoch,0.087
21,0.31706103682518005,0.21931003239696154,0.2681855346110708,70,13,udacity_label,rnd,100,epoch,0.087
18,0.4590426981449127,0.39730700620870224,0.4281748521768075,97,6,udacity_label,rnd,150,epoch,0.087
29,0.38212305307388306,0.27604809193046853,0.3290855725021758,130,18,udacity_label,rnd,200,epoch,0.087
7,0.5092138051986694,0.36554608526023,0.43737994522944973,40,3,udacity_label,ent,50,epoch,0.087
16,0.4594782292842865,0.4552425226839121,0.4573603759840993,80,8,udacity_label,ent,100,epoch,0.087
20,0.45958444476127625,0.364786812091035,0.4121856284261556,118,7,udacity_label,ent,150,epoch,0.087
20,0.5745453238487244,0.669445141874677,0.6219952328617007,149,9,udacity_label,ent,200,epoch,0.087
8,0.3155643939971924,0.17083086202590156,0.24319762801154698,32,2,udacity_label,gini,50,epoch,0.087
8,0.5382858514785767,0.4644904543964977,0.5013881529375372,64,7,udacity_label,gini,100,epoch,0.087
17,0.3250298500061035,0.2887554794172933,0.3068926647116984,90,8,udacity_label,gini,150,epoch,0.087
18,0.5837725400924683,0.4025725715869454,0.49317255583970687,116,4,udacity_label,gini,200,epoch,0.087
8,0.32487162947654724,0.1428835093180238,0.23387756939728552,36,4,udacity_label,gd,50,epoch,0.087
15,0.3460957407951355,0.26725651315867627,0.3066761269769059,63,3,udacity_label,gd,100,epoch,0.087
20,0.34634897112846375,0.2757091516657832,0.3110290613971235,101,10,udacity_label,gd,150,epoch,0.087
32,0.41142627596855164,0.35230591819828544,0.38186609708341857,116,16,udacity_label,gd,200,epoch,0.087
5,0.1855635941028595,,,29,1,udacity_label,kmnc,50,epoch,0.087
10,0.30608615279197693,0.17544291023867115,0.24076453151532404,55,7,udacity_label,kmnc,100,epoch,0.087
16,0.4559367895126343,0.3871251804807422,0.42153098499668823,83,4,udacity_label,kmnc,150,epoch,0.087
24,0.2713899314403534,0.1954737850102694,0.2334318582253114,114,22,udacity_label,kmnc,200,epoch,0.087
9,0.4197121560573578,0.31561843090151975,0.36766529347943877,34,2,udacity_label,nac,50,epoch,0.087
13,0.45834463834762573,0.35970980264106994,0.4090272204943478,74,8,udacity_label,nac,100,epoch,0.087
19,0.3031716048717499,0.17238457652585656,0.23777809069880324,119,20,udacity_label,nac,150,epoch,0.087
29,0.46938711404800415,0.3087887292634195,0.3890879216557118,163,15,udacity_label,nac,200,epoch,0.087
8,0.25887489318847656,0.13719711209316643,0.1980360026408215,33,3,udacity_label,lsa,50,epoch,0.087
19,0.3138682246208191,0.21605635621289496,0.26496229041685704,65,11,udacity_label,lsa,100,epoch,0.087
17,0.33319228887557983,0.244881094966689,0.2890366919211344,90,3,udacity_label,lsa,150,epoch,0.087
18,0.4669339954853058,0.3204942858244449,0.3937141406548753,124,0,udacity_label,lsa,200,epoch,0.087
5,0.22501523792743683,0.07736836380550038,0.1511918008664686,34,0,udacity_label,std,50,epoch,0.087
13,0.2707352638244629,0.1190837849603907,0.1949095243924268,59,6,udacity_label,std,100,epoch,0.087
23,0.42355895042419434,0.3264362351455997,0.374997592784897,87,5,udacity_label,std,150,epoch,0.087
29,0.4327458143234253,0.2893486942309831,0.3610472542772042,121,10,udacity_label,std,200,epoch,0.087
6,0.24515867233276367,0.26984033432403715,0.25749950332840044,26,3,udacity_label,pace,50,epoch,0.087
8,0.19632500410079956,0.0777149784700607,0.13701999128543013,54,0,udacity_label,pace,100,epoch,0.087
22,0.3699570894241333,0.29444961717993173,0.33220335330203254,82,3,udacity_label,pace,150,epoch,0.087
24,0.4631158709526062,0.3502677258697126,0.40669179841115943,112,4,udacity_label,pace,200,epoch,0.087
6,0.24883681535720825,0.15503417394685465,0.20193549465203145,22,3,udacity_label,dr,50,epoch,0.131
12,0.29319342970848083,0.2474664352605851,0.27032993248453296,43,2,udacity_label,dr,100,epoch,0.131
17,0.3416423201560974,0.33324466115842893,0.3374434906572632,60,5,udacity_label,dr,150,epoch,0.131
20,0.3886496424674988,0.2899971831264239,0.3393234127969613,75,3,udacity_label,dr,200,epoch,0.131
8,0.26288512349128723,0.20066083218762007,0.23177297783945366,30,6,udacity_label,ces,50,epoch,0.131
13,0.305090993642807,0.18456714429207402,0.2448290689674405,44,7,udacity_label,ces,100,epoch,0.131
12,0.5555469393730164,0.4561086861144514,0.5058278127437339,71,3,udacity_label,ces,150,epoch,0.131
22,0.3874329626560211,0.2886180839384378,0.33802552329722946,89,7,udacity_label,ces,200,epoch,0.131
6,0.23255982995033264,,,19,1,udacity_label,est,50,epoch,0.131
9,0.33953556418418884,0.21693570773001117,0.2782356359571,39,4,udacity_label,est,100,epoch,0.131
13,0.31816038489341736,0.2946112510279163,0.30638581796066683,64,2,udacity_label,est,150,epoch,0.131
20,0.42994776368141174,0.33512599081832345,0.3825368772498676,102,10,udacity_label,est,200,epoch,0.131
5,0.19408993422985077,0.04038365650317692,0.11723679536651385,22,0,udacity_label,rnd,50,epoch,0.131
17,0.349533349275589,0.25027383054571023,0.2999035899106496,57,9,udacity_label,rnd,100,epoch,0.131
13,0.3688732087612152,0.29909765026123436,0.3339854295112248,68,5,udacity_label,rnd,150,epoch,0.131
15,0.3944040834903717,0.38293487278955696,0.38866947813996433,89,4,udacity_label,rnd,200,epoch,0.131
7,0.33648666739463806,0.4838553756319832,0.41017102151331064,28,3,udacity_label,ent,50,epoch,0.131
7,0.5421088337898254,0.5663690392328723,0.5542389365113489,59,6,udacity_label,ent,100,epoch,0.131
10,0.40333083271980286,0.3336318605543075,0.3684813466370552,61,5,udacity_label,ent,150,epoch,0.131
10,0.5997568368911743,0.48175207434762235,0.5407544556193984,73,6,udacity_label,ent,200,epoch,0.131
8,0.29828694462776184,0.2339773096178276,0.2661321271227947,32,2,udacity_label,gini,50,epoch,0.131
9,0.6051443219184875,0.6061288706216562,0.6056365962700718,62,3,udacity_label,gini,100,epoch,0.131
13,0.4559859335422516,0.28582581375760713,0.37090587364992933,87,7,udacity_label,gini,150,epoch,0.131
16,0.550999104976654,0.42178637337615155,0.4863927391764028,110,3,udacity_label,gini,200,epoch,0.131
6,0.24312026798725128,0.20157947024253842,0.22234986911489485,28,3,udacity_label,gd,50,epoch,0.131
13,0.355255663394928,0.24732203607049263,0.3012888497327103,45,4,udacity_label,gd,100,epoch,0.131
14,0.3068884015083313,0.20825408866050932,0.2575712450844203,69,12,udacity_label,gd,150,epoch,0.131
21,0.43672293424606323,0.3927080814981243,0.41471550787209377,77,12,udacity_label,gd,200,epoch,0.131
7,0.23157669603824615,,,21,1,udacity_label,kmnc,50,epoch,0.131
11,0.37273091077804565,0.3618100414722104,0.36727047612512803,38,3,udacity_label,kmnc,100,epoch,0.131
15,0.39238956570625305,0.26131228338573964,0.32685092454599635,60,5,udacity_label,kmnc,150,epoch,0.131
21,0.31642404198646545,0.24218239373124822,0.2793032178588568,76,12,udacity_label,kmnc,200,epoch,0.131
6,0.16492502391338348,0.1464838105642623,0.1557044172388229,24,4,udacity_label,nac,50,epoch,0.131
5,0.7058654427528381,,,40,1,udacity_label,nac,100,epoch,0.131
10,0.5683300495147705,0.4705887918434563,0.5194594206791134,71,2,udacity_label,nac,150,epoch,0.131
15,0.638884961605072,0.6178508089659772,0.6283678852855246,104,2,udacity_label,nac,200,epoch,0.131
8,0.1912350207567215,0.08904228325221059,0.14013865200446604,24,6,udacity_label,lsa,50,epoch,0.131
12,0.3569713532924652,0.30814549612274,0.3325584247076026,48,3,udacity_label,lsa,100,epoch,0.131
13,0.40558528900146484,0.15756653533094953,0.2815759121662072,62,4,udacity_label,lsa,150,epoch,0.131
18,0.37887904047966003,0.21675358927452293,0.2978163148770915,84,4,udacity_label,lsa,200,epoch,0.131
7,0.2906918227672577,,,23,1,udacity_label,std,50,epoch,0.131
12,0.27243563532829285,0.2155351803427803,0.24398540783553657,44,4,udacity_label,std,100,epoch,0.131
20,0.38803085684776306,0.25973117053445716,0.3238810136911101,66,8,udacity_label,std,150,epoch,0.131
15,0.3845055401325226,0.3366626326282235,0.36058408638037304,94,3,udacity_label,std,200,epoch,0.131
2,0.10530394315719604,-0.1500174938518106,-0.022356775347307276,16,12,udacity_label,pace,50,epoch,0.131
9,0.2805105745792389,0.20924069725313288,0.24487563591618589,35,4,udacity_label,pace,100,epoch,0.131
14,0.2520451843738556,0.2394589774620772,0.2457520809179664,59,3,udacity_label,pace,150,epoch,0.131
18,0.3879964053630829,0.25666709188078307,0.322331748621933,82,9,udacity_label,pace,200,epoch,0.131
7,0.27412524819374084,0.3252515743539692,0.29968841127385504,18,2,udacity_label,dr,50,epoch,0.175
14,0.3117442727088928,0.2870122894144247,0.29937828106165876,36,5,udacity_label,dr,100,epoch,0.175
14,0.30291813611984253,0.2864818883215793,0.2947000122207109,50,7,udacity_label,dr,150,epoch,0.175
18,0.38100263476371765,0.22892885828738188,0.30496574652554975,63,9,udacity_label,dr,200,epoch,0.175
7,0.2870382070541382,,,22,1,udacity_label,ces,50,epoch,0.175
10,0.3670988082885742,0.34681997452669516,0.35695939140763466,32,2,udacity_label,ces,100,epoch,0.175
11,0.42918017506599426,,,52,1,udacity_label,ces,150,epoch,0.175
20,0.3061894476413727,0.1990743209835956,0.2526318843124841,69,12,udacity_label,ces,200,epoch,0.175
3,0.18133102357387543,0.0508967228068167,0.11611387319034606,12,0,udacity_label,est,50,epoch,0.175
7,0.2700098156929016,0.19577856424230083,0.23289418996760122,33,3,udacity_label,est,100,epoch,0.175
11,0.33206817507743835,0.2266065477891312,0.2793373614332848,42,8,udacity_label,est,150,epoch,0.175
20,0.4083755314350128,0.307000673436246,0.35768810243562943,81,10,udacity_label,est,200,epoch,0.175
6,0.23018798232078552,0.027826488292112588,0.12900723530644906,17,4,udacity_label,rnd,50,epoch,0.175
14,0.38168779015541077,0.3060009495038478,0.3438443698296293,41,5,udacity_label,rnd,100,epoch,0.175
12,0.3045870065689087,0.27376662179758215,0.2891768141832454,52,8,udacity_label,rnd,150,epoch,0.175
17,0.39167657494544983,,,63,1,udacity_label,rnd,200,epoch,0.175
4,0.23363225162029266,0.320678707606903,0.2771554796135978,15,2,udacity_label,ent,50,epoch,0.175
8,0.3028099834918976,0.3426361767563814,0.3227230801241395,37,3,udacity_label,ent,100,epoch,0.175
8,0.34824785590171814,0.2373301454575334,0.29278900067962577,39,4,udacity_label,ent,150,epoch,0.175
8,0.482748806476593,0.5545348317925254,0.5186418191345592,49,7,udacity_label,ent,200,epoch,0.175
3,0.7623512148857117,,,28,1,udacity_label,gini,50,epoch,0.175
8,0.4193372130393982,0.37200591259467863,0.3956715628170384,58,7,udacity_label,gini,100,epoch,0.175
17,0.16570213437080383,0.11301754111970061,0.13935983774525224,83,17,udacity_label,gini,150,epoch,0.175
17,0.4864031970500946,0.35046283537760636,0.4184330162138505,106,7,udacity_label,gini,200,epoch,0.175
5,0.23302415013313293,0.10909176245495869,0.1710579562940458,20,4,udacity_label,gd,50,epoch,0.175
11,0.32803404331207275,0.23157842927734282,0.2798062362947078,35,5,udacity_label,gd,100,epoch,0.175
10,0.3590765595436096,0.42314377576580287,0.39111016765470624,52,6,udacity_label,gd,150,epoch,0.175
15,0.47629299759864807,0.39250228047574753,0.4343976390371978,53,3,udacity_label,gd,200,epoch,0.175
6,0.2610638737678528,0.24704016681922703,0.2540520202935399,19,3,udacity_label,kmnc,50,epoch,0.175
6,0.2960120737552643,0.1438257330943601,0.21991890342481218,28,5,udacity_label,kmnc,100,epoch,0.175
12,0.30392012000083923,0.1725594518348247,0.23823978591783196,46,8,udacity_label,kmnc,150,epoch,0.175
10,0.3493358790874481,,,61,1,udacity_label,kmnc,200,epoch,0.175
4,0.48165202140808105,0.37381975932316935,0.4277358903656252,21,5,udacity_label,nac,50,epoch,0.175
7,0.508302628993988,0.33887872519303763,0.42359067709351284,33,0,udacity_label,nac,100,epoch,0.175
12,0.33832839131355286,0.20963261394797425,0.27398050263076357,58,9,udacity_label,nac,150,epoch,0.175
12,0.6106618642807007,0.6096767966912263,0.6101693304859634,81,3,udacity_label,nac,200,epoch,0.175
6,0.24602583050727844,0.3044837842487354,0.2752548073780069,18,2,udacity_label,lsa,50,epoch,0.175
11,0.3242906630039215,0.2833202550604126,0.30380545903216705,35,6,udacity_label,lsa,100,epoch,0.175
12,0.37653177976608276,0.260853357583658,0.3186925686748704,46,8,udacity_label,lsa,150,epoch,0.175
13,0.3763236999511719,0.3551003990914448,0.3657120495213083,62,6,udacity_label,lsa,200,epoch,0.175
4,0.1836899071931839,0.20565550746539027,0.1946727073292871,18,2,udacity_label,std,50,epoch,0.175
11,0.3256998360157013,0.3503953134717027,0.338047574743702,30,3,udacity_label,std,100,epoch,0.175
12,0.39199942350387573,,,46,1,udacity_label,std,150,epoch,0.175
15,0.31570541858673096,0.17766189985526504,0.246683659220998,66,13,udacity_label,std,200,epoch,0.175
3,0.18457697331905365,0.09217842913353075,0.1383777012262922,9,3,udacity_label,pace,50,epoch,0.175
4,0.10448111593723297,0.008527016208623917,0.05650406607292845,19,11,udacity_label,pace,100,epoch,0.175
10,0.3032306134700775,0.18329163840661383,0.24326112593834567,39,0,udacity_label,pace,150,epoch,0.175
16,0.37341058254241943,0.24962634096280628,0.3115184617526129,55,9,udacity_label,pace,200,epoch,0.175
3,0.2427489012479782,0.02989411546049941,0.1363215083542388,12,5,udacity_label,dr,50,epoch,0.218
9,0.30435654520988464,0.18235406628049194,0.2433553057451883,26,3,udacity_label,dr,100,epoch,0.218
8,0.3093821406364441,0.15860531889006987,0.233993729763257,38,5,udacity_label,dr,150,epoch,0.218
13,0.32160165905952454,0.15235209069462152,0.23697687487707303,48,6,udacity_label,dr,200,epoch,0.218
4,0.28956088423728943,0.08980472915792984,0.18968280669760962,17,0,udacity_label,ces,50,epoch,0.218
6,0.27511143684387207,0.2318068869855907,0.2534591619147314,21,2,udacity_label,ces,100,epoch,0.218
11,0.3358078598976135,0.45376005876517805,0.39478395933139576,38,5,udacity_label,ces,150,epoch,0.218
13,0.25370723009109497,0.15405891725338255,0.20388307367223876,46,7,udacity_label,ces,200,epoch,0.218
2,0.15241718292236328,0.11034847975108181,0.13138283133672254,7,3,udacity_label,est,50,epoch,0.218
6,0.26376789808273315,0.13287067821044643,0.19831928814658978,21,4,udacity_label,est,100,epoch,0.218
7,0.3087373375892639,0.15179369601421971,0.23026551680174182,30,9,udacity_label,est,150,epoch,0.218
16,0.31960219144821167,0.17039965510223068,0.24500092327522116,55,6,udacity_label,est,200,epoch,0.218
5,0.12700530886650085,,,15,1,udacity_label,rnd,50,epoch,0.218
11,0.3997730016708374,0.33124835056203483,0.3655106761164361,31,4,udacity_label,rnd,100,epoch,0.218
10,0.39192822575569153,0.2578333662386202,0.32488079599715586,41,0,udacity_label,rnd,150,epoch,0.218
15,0.4073624610900879,0.31951861239230317,0.36344053674119553,48,5,udacity_label,rnd,200,epoch,0.218
0,-1.0,-1.0,-1.0,6,6,udacity_label,ent,50,epoch,0.218
3,0.17647996544837952,0.0902225616370491,0.13335126354271432,13,0,udacity_label,ent,100,epoch,0.218
3,0.4782762825489044,,,15,1,udacity_label,ent,150,epoch,0.218
4,0.5675172209739685,0.5151544032017512,0.5413358120878599,20,0,udacity_label,ent,200,epoch,0.218
4,0.46948522329330444,0.5932938510065306,0.5313895371499175,26,3,udacity_label,gini,50,epoch,0.218
8,0.509791910648346,0.5172872398639341,0.51353957525614,47,4,udacity_label,gini,100,epoch,0.218
13,0.38502752780914307,0.42140483437650345,0.40321618109282326,69,6,udacity_label,gini,150,epoch,0.218
15,0.5039759874343872,0.36875497933491674,0.436365483384652,91,3,udacity_label,gini,200,epoch,0.218
5,0.2064562737941742,0.07883175563663528,0.14264401471540472,14,3,udacity_label,gd,50,epoch,0.218
8,0.29004713892936707,,,24,1,udacity_label,gd,100,epoch,0.218
12,0.32776689529418945,0.19987915113380586,0.26382302321399764,41,3,udacity_label,gd,150,epoch,0.218
13,0.4211195707321167,0.3912996002334216,0.40620958548276914,43,3,udacity_label,gd,200,epoch,0.218
4,0.20635592937469482,0.0905997297053444,0.14847782954001962,14,2,udacity_label,kmnc,50,epoch,0.218
5,0.331797331571579,0.13114671115403362,0.2314720213628063,22,5,udacity_label,kmnc,100,epoch,0.218
10,0.22069916129112244,0.23520009980814216,0.2279496305496323,32,7,udacity_label,kmnc,150,epoch,0.218
8,0.3265327215194702,0.3157691950024515,0.32115095826096085,40,2,udacity_label,kmnc,200,epoch,0.218
4,0.31175675988197327,0.11658870283300073,0.214172731357487,21,6,udacity_label,nac,50,epoch,0.218
7,0.49406698346138,,,33,1,udacity_label,nac,100,epoch,0.218
11,0.28874513506889343,0.27489583276880647,0.28182048391884995,50,8,udacity_label,nac,150,epoch,0.218
10,0.5609519481658936,,,66,1,udacity_label,nac,200,epoch,0.218
4,0.20513303577899933,0.2578656490552228,0.23149934241711106,13,2,udacity_label,lsa,50,epoch,0.218
8,0.30588433146476746,0.2117751770970821,0.2588297542809248,23,4,udacity_label,lsa,100,epoch,0.218
9,0.3549308776855469,0.15433001810300012,0.25463044789427347,31,3,udacity_label,lsa,150,epoch,0.218
12,0.3798713982105255,0.1900540478408217,0.2849627230256736,45,4,udacity_label,lsa,200,epoch,0.218
6,0.18335740268230438,0.059502911362687545,0.12143015702249596,14,0,udacity_label,std,50,epoch,0.218
7,0.2511911690235138,0.15033087655566704,0.2007610227895904,24,0,udacity_label,std,100,epoch,0.218
7,0.29133129119873047,,,29,1,udacity_label,std,150,epoch,0.218
13,0.334675669670105,0.2292327212232309,0.28195419544666794,53,2,udacity_label,std,200,epoch,0.218
3,0.13761013746261597,0.36913047578256486,0.2533703066225904,8,2,udacity_label,pace,50,epoch,0.218
3,0.10054152458906174,,,15,1,udacity_label,pace,100,epoch,0.218
8,0.35852736234664917,,,26,1,udacity_label,pace,150,epoch,0.218
11,0.4513934254646301,0.27123453510160267,0.3613139802831164,40,3,udacity_label,pace,200,epoch,0.218
1,0.2341567724943161,0.04951312889391201,0.14183495069411406,4,2,udacity_label,dr,50,epoch,0.262
4,0.21130524575710297,0.3524844541598704,0.2818948499584867,12,3,udacity_label,dr,100,epoch,0.262
6,0.28420183062553406,0.1830780167048163,0.23363992366517516,21,3,udacity_label,dr,150,epoch,0.262
7,0.260275661945343,0.1086460923669481,0.18446087715614556,28,7,udacity_label,dr,200,epoch,0.262
6,0.2505429983139038,,,14,1,udacity_label,ces,50,epoch,0.262
6,0.32067763805389404,0.1657671842029853,0.24322241112843968,17,2,udacity_label,ces,100,epoch,0.262
10,0.2763667404651642,0.2286069435948884,0.2524868420300263,30,5,udacity_label,ces,150,epoch,0.262
10,0.27887293696403503,0.21862609052416948,0.24874951374410226,35,6,udacity_label,ces,200,epoch,0.262
0,-1.0,-1.0,-1.0,3,3,udacity_label,est,50,epoch,0.262
5,0.29701483249664307,0.13856139328357636,0.21778811289010971,16,4,udacity_label,est,100,epoch,0.262
7,0.3296893537044525,0.18246100434877244,0.2560751790266125,21,0,udacity_label,est,150,epoch,0.262
11,0.4221727252006531,0.3368483322471629,0.379510528723908,43,3,udacity_label,est,200,epoch,0.262
3,0.15525059401988983,0.03715341209034158,0.0962020030551157,12,4,udacity_label,rnd,50,epoch,0.262
7,0.38529446721076965,0.24953477129764925,0.31741461925420944,25,4,udacity_label,rnd,100,epoch,0.262
8,0.3614370822906494,0.24882996172877495,0.30513352200971217,29,5,udacity_label,rnd,150,epoch,0.262
8,0.36096540093421936,0.2414709978741269,0.30121819940417316,34,4,udacity_label,rnd,200,epoch,0.262
1,0.08320742845535278,,,4,1,udacity_label,ent,50,epoch,0.262
4,0.17320261895656586,0.045456472437692276,0.10932954569712906,11,0,udacity_label,ent,100,epoch,0.262
3,0.28595611453056335,0.20972703918439625,0.24784157685747982,13,0,udacity_label,ent,150,epoch,0.262
4,0.5318736433982849,0.5086274542743507,0.5202505488363178,18,4,udacity_label,ent,200,epoch,0.262
4,0.5354948043823242,0.4968547595201666,0.5161747819512454,26,2,udacity_label,gini,50,epoch,0.262
4,0.7454520463943481,,,38,1,udacity_label,gini,100,epoch,0.262
11,0.24086309969425201,0.2961030844361957,0.26848309206522386,52,5,udacity_label,gini,150,epoch,0.262
11,0.5434688329696655,0.4247474017298977,0.48410811734978165,69,3,udacity_label,gini,200,epoch,0.262
4,0.17152434587478638,,,9,1,udacity_label,gd,50,epoch,0.262
7,0.31613391637802124,,,20,1,udacity_label,gd,100,epoch,0.262
5,0.2545802593231201,0.10466938295882317,0.17962482114097164,25,2,udacity_label,gd,150,epoch,0.262
7,0.3456665575504303,,,29,1,udacity_label,gd,200,epoch,0.262
3,0.20818865299224854,0.08623308788499001,0.14721087043861927,8,0,udacity_label,kmnc,50,epoch,0.262
5,0.1651597023010254,0.21220982231300317,0.18868476230701428,17,2,udacity_label,kmnc,100,epoch,0.262
5,0.2800072133541107,,,25,1,udacity_label,kmnc,150,epoch,0.262
7,0.3896009922027588,0.33017791655462325,0.359889454378691,31,2,udacity_label,kmnc,200,epoch,0.262
4,0.46854203939437866,0.3751917569407657,0.42186689816757217,21,4,udacity_label,nac,50,epoch,0.262
6,0.45770302414894104,0.32535734399053373,0.3915301840697374,33,3,udacity_label,nac,100,epoch,0.262
10,0.16869407892227173,0.2406342932226669,0.20466418607246933,50,11,udacity_label,nac,150,epoch,0.262
11,0.5783230662345886,0.5577674221007272,0.5680452441676579,65,7,udacity_label,nac,200,epoch,0.262
2,0.17834371328353882,0.012481739965462417,0.09541272662450062,9,5,udacity_label,lsa,50,epoch,0.262
5,0.2737400531768799,0.15722135222500408,0.215480702700942,17,3,udacity_label,lsa,100,epoch,0.262
6,0.35603997111320496,0.15635380197147464,0.2561968865423398,23,2,udacity_label,lsa,150,epoch,0.262
10,0.36260268092155457,0.18193441802060392,0.27226854947107926,32,0,udacity_label,lsa,200,epoch,0.262
4,0.20640762150287628,0.07525789325744935,0.14083275738016282,12,2,udacity_label,std,50,epoch,0.262
3,0.10656524449586868,0.05444786229752393,0.08050655339669631,12,6,udacity_label,std,100,epoch,0.262
6,0.2894276976585388,0.11611060433504142,0.2027691509967901,21,4,udacity_label,std,150,epoch,0.262
9,0.3687554895877838,0.18549188540210454,0.2771236874949442,35,2,udacity_label,std,200,epoch,0.262
1,0.4689926505088806,0.09743761677454131,0.28321513364171097,4,2,udacity_label,pace,50,epoch,0.262
3,0.09273255616426468,0.12629974612852526,0.10951615114639497,11,5,udacity_label,pace,100,epoch,0.262
6,0.33852073550224304,0.2028506149233203,0.27068567521278164,19,4,udacity_label,pace,150,epoch,0.262
8,0.3219257891178131,0.2696265630704684,0.29577617609414075,30,6,udacity_label,pace,200,epoch,0.262
-1,-1.0,-1.0,-1.0,2,-1,udacity_label,dr,50,epoch,0.305
2,0.1939074695110321,0.05908230193559335,0.12649488572331272,8,4,udacity_label,dr,100,epoch,0.305
3,0.09476804733276367,0.20026710500580297,0.14751757616928332,16,2,udacity_label,dr,150,epoch,0.305
5,0.26914066076278687,0.15858394582826424,0.21386230329552555,22,6,udacity_label,dr,200,epoch,0.305
2,0.2231270968914032,0.20054442749121104,0.21183576219130712,10,6,udacity_label,ces,50,epoch,0.305
4,0.2632748782634735,0.16454216223149187,0.2139085202474827,14,4,udacity_label,ces,100,epoch,0.305
9,0.23098444938659668,0.1535516605361053,0.192268054961351,26,5,udacity_label,ces,150,epoch,0.305
5,0.25985291600227356,,,27,1,udacity_label,ces,200,epoch,0.305
-1,-1.0,-1.0,-1.0,2,-1,udacity_label,est,50,epoch,0.305
4,0.1903393417596817,,,12,1,udacity_label,est,100,epoch,0.305
5,0.22307036817073822,0.3234776707458345,0.27327401945828633,17,3,udacity_label,est,150,epoch,0.305
6,0.3974493741989136,0.26012863608741615,0.3287890051431649,32,0,udacity_label,est,200,epoch,0.305
3,0.18796470761299133,0.04699359873504794,0.11747915317401963,9,2,udacity_label,rnd,50,epoch,0.305
8,0.3590063154697418,0.322249405901696,0.34062786068571893,22,2,udacity_label,rnd,100,epoch,0.305
6,0.3713631331920624,0.3999189153034294,0.3856410242477459,22,2,udacity_label,rnd,150,epoch,0.305
8,0.2734260857105255,0.24390516790311348,0.2586656268068195,25,5,udacity_label,rnd,200,epoch,0.305
1,0.05324900522828102,0.026319591150940534,0.03978429818961078,4,2,udacity_label,ent,50,epoch,0.305
1,-0.0626988336443901,,,11,1,udacity_label,ent,100,epoch,0.305
5,0.3205740749835968,0.2637755461001946,0.2921748105418957,13,0,udacity_label,ent,150,epoch,0.305
2,0.23426437377929688,0.26911676434862664,0.25169056906396176,13,2,udacity_label,ent,200,epoch,0.305
4,0.49731555581092834,,,26,1,udacity_label,gini,50,epoch,0.305
8,0.253811776638031,0.25052898866497625,0.2521703826515036,38,7,udacity_label,gini,100,epoch,0.305
7,0.6612913608551025,0.7165714350370507,0.6889313979460766,52,2,udacity_label,gini,150,epoch,0.305
11,0.33771389722824097,0.3306845430455871,0.33419922013691405,67,10,udacity_label,gini,200,epoch,0.305
2,0.21799516677856445,,,7,1,udacity_label,gd,50,epoch,0.305
7,0.3226572275161743,,,16,1,udacity_label,gd,100,epoch,0.305
4,0.19350452721118927,0.0989692984969058,0.14623691285404755,15,6,udacity_label,gd,150,epoch,0.305
6,0.15676981210708618,0.04731768153802853,0.10204374682255736,22,7,udacity_label,gd,200,epoch,0.305
0,-1.0,-1.0,-1.0,6,6,udacity_label,kmnc,50,epoch,0.305
3,0.16631950438022614,0.0707286910771254,0.11852409772867577,13,3,udacity_label,kmnc,100,epoch,0.305
5,0.2861662805080414,0.3070333820000142,0.2965998312540278,23,2,udacity_label,kmnc,150,epoch,0.305
6,0.4085944890975952,0.34189613401006824,0.37524531155383173,26,2,udacity_label,kmnc,200,epoch,0.305
6,0.010101540014147758,0.10272422443018059,0.056412882222164173,21,7,udacity_label,nac,50,epoch,0.305
6,0.5435839891433716,,,33,1,udacity_label,nac,100,epoch,0.305
9,0.45021212100982666,0.2880906267079009,0.36915137385886376,50,3,udacity_label,nac,150,epoch,0.305
11,0.5578855276107788,0.5177145707623311,0.5378000491865549,65,2,udacity_label,nac,200,epoch,0.305
2,0.087474524974823,,,6,1,udacity_label,lsa,50,epoch,0.305
4,0.13641348481178284,,,12,1,udacity_label,lsa,100,epoch,0.305
5,0.18893879652023315,0.2989073799905,0.24392308825536657,18,3,udacity_label,lsa,150,epoch,0.305
6,0.26392456889152527,0.14193993665239013,0.2029322527719577,26,2,udacity_label,lsa,200,epoch,0.305
2,0.1894904524087906,0.023850405150684352,0.10667042877973747,10,5,udacity_label,std,50,epoch,0.305
3,0.21035902202129364,,,9,1,udacity_label,std,100,epoch,0.305
4,0.19065812230110168,0.041774147292297205,0.11621613479669944,14,6,udacity_label,std,150,epoch,0.305
7,0.24060297012329102,,,26,1,udacity_label,std,200,epoch,0.305
-1,-1.0,-1.0,-1.0,2,-1,udacity_label,pace,50,epoch,0.305
2,0.13229265809059143,-0.04234791475317448,0.044972371668708475,8,4,udacity_label,pace,100,epoch,0.305
4,0.2641338109970093,0.15699217738109783,0.21056299418905355,15,2,udacity_label,pace,150,epoch,0.305
6,0.38927286863327026,0.2049836172457469,0.29712824293950857,22,3,udacity_label,pace,200,epoch,0.305
15,0.27750545740127563,0.2053252983344466,0.2414153778678611,50,4,udacity_adv,dr,50,epoch,0.0
20,0.29905465245246887,0.1552358217171186,0.22714523708479373,100,8,udacity_adv,dr,100,epoch,0.0
20,0.3632076382637024,0.1759759864016752,0.2695918123326888,150,10,udacity_adv,dr,150,epoch,0.0
23,0.348147988319397,0.20747061888924506,0.277809303604321,200,18,udacity_adv,dr,200,epoch,0.0
8,0.3301989734172821,0.09215608893093082,0.21117753117410645,50,2,udacity_adv,ces,50,epoch,0.0
13,0.24176126718521118,0.1071476918309724,0.1744544795080918,100,7,udacity_adv,ces,100,epoch,0.0
30,0.320902019739151,0.16488889618442004,0.24289545796178552,150,11,udacity_adv,ces,150,epoch,0.0
30,0.3251737952232361,0.18205978227178504,0.2536167887475106,200,11,udacity_adv,ces,200,epoch,0.0
13,0.23910625278949738,0.21551826660435752,0.22731225969692745,50,4,udacity_adv,est,50,epoch,0.0
7,0.37919116020202637,0.16633226035608875,0.27276171027905755,100,0,udacity_adv,est,100,epoch,0.0
22,0.2875341773033142,0.19368506608107108,0.24060962169219263,150,11,udacity_adv,est,150,epoch,0.0
28,0.3009019196033478,0.1887595060848637,0.24483071284410574,200,9,udacity_adv,est,200,epoch,0.0
12,0.3170415163040161,0.29494847647584344,0.3059949963899298,50,3,udacity_adv,rnd,50,epoch,0.0
24,0.18344581127166748,0.10778794224751544,0.14561687675959145,100,27,udacity_adv,rnd,100,epoch,0.0
21,0.2870243191719055,0.13783854828301048,0.21243143372745799,150,13,udacity_adv,rnd,150,epoch,0.0
31,0.3482724726200104,0.23808067484681103,0.2931765737334107,200,16,udacity_adv,rnd,200,epoch,0.0
13,0.18755747377872467,0.14452988030891745,0.16604367704382106,50,9,udacity_adv,ent,50,epoch,0.0
21,0.24505579471588135,0.1261874361016282,0.18562161540875477,100,17,udacity_adv,ent,100,epoch,0.0
24,0.48664674162864685,0.40389338665852365,0.4452700641435853,150,4,udacity_adv,ent,150,epoch,0.0
24,0.5126686096191406,0.3999596198250886,0.4563141147221146,200,8,udacity_adv,ent,200,epoch,0.0
8,0.25697070360183716,0.18580661821078287,0.22138866090631001,50,3,udacity_adv,gini,50,epoch,0.0
15,0.3430770933628082,0.15923392943273537,0.2511555113977718,100,2,udacity_adv,gini,100,epoch,0.0
21,0.31616678833961487,0.20682955418097831,0.2614981712602966,150,8,udacity_adv,gini,150,epoch,0.0
44,0.4072726368904114,0.3176713436377171,0.36247199026406424,200,22,udacity_adv,gini,200,epoch,0.0
6,0.28864067792892456,0.13885116302238265,0.2137459204756536,50,3,udacity_adv,gd,50,epoch,0.0
16,0.18723222613334656,0.1563661179094673,0.17179917202140693,100,7,udacity_adv,gd,100,epoch,0.0
20,0.34759923815727234,0.2106736277897198,0.27913643297349605,150,8,udacity_adv,gd,150,epoch,0.0
38,0.27648982405662537,0.18719499865970823,0.2318424113581668,200,25,udacity_adv,gd,200,epoch,0.0
14,0.2609632909297943,0.14324534401061426,0.2021043174702043,50,6,udacity_adv,kmnc,50,epoch,0.0
20,0.34739553928375244,0.19020930592747917,0.2688024226056158,100,12,udacity_adv,kmnc,100,epoch,0.0
24,0.44024109840393066,0.3226477947784512,0.3814444465911909,150,17,udacity_adv,kmnc,150,epoch,0.0
14,0.5184620022773743,0.4424366538192454,0.48044932804830986,200,7,udacity_adv,kmnc,200,epoch,0.0
13,0.3450182378292084,0.27141346601287875,0.30821585192104356,50,5,udacity_adv,nac,50,epoch,0.0
19,0.3650496006011963,0.24938438607525762,0.30721699333822694,100,9,udacity_adv,nac,100,epoch,0.0
24,0.3914185166358948,0.24723854726383795,0.3193285319498664,150,10,udacity_adv,nac,150,epoch,0.0
36,0.37540876865386963,0.28518016615212793,0.3302944674029988,200,19,udacity_adv,nac,200,epoch,0.0
11,0.29293549060821533,0.15966311042079137,0.22629930051450337,50,2,udacity_adv,lsa,50,epoch,0.0
8,0.24489422142505646,,,100,1,udacity_adv,lsa,100,epoch,0.0
21,0.29918262362480164,0.25351421856365297,0.2763484210942273,150,6,udacity_adv,lsa,150,epoch,0.0
35,0.3292880356311798,0.22050298985963943,0.27489551274540963,200,15,udacity_adv,lsa,200,epoch,0.0
11,0.20375733077526093,0.08651947249199095,0.14513840163362593,50,6,udacity_adv,std,50,epoch,0.0
20,0.3312391936779022,0.1833160688871916,0.2572776312825469,100,3,udacity_adv,std,100,epoch,0.0
24,0.31793466210365295,0.12116058035908661,0.21954762123136978,150,18,udacity_adv,std,150,epoch,0.0
15,0.27487701177597046,0.13744097873490402,0.20615899525543724,200,5,udacity_adv,std,200,epoch,0.0
7,0.4607268273830414,0.3014891092777098,0.3811079683303756,50,0,udacity_adv,pace,50,epoch,0.0
21,0.33898940682411194,0.21158244751773161,0.27528592717092176,100,7,udacity_adv,pace,100,epoch,0.0
30,0.3643184304237366,0.2831042311928546,0.3237113308082956,150,8,udacity_adv,pace,150,epoch,0.0
31,0.39894920587539673,0.2775473504500901,0.3382482781627434,200,12,udacity_adv,pace,200,epoch,0.0
3,-0.020897338166832924,-0.042707563643045315,-0.03180245090493912,34,0,udacity_adv,dr,50,epoch,0.044
17,0.24907229840755463,0.23117246216334472,0.2401223802854497,73,10,udacity_adv,dr,100,epoch,0.044
20,0.33017948269844055,0.1827070005685021,0.2564432416334713,108,9,udacity_adv,dr,150,epoch,0.044
16,0.3732112944126129,0.2611770879944591,0.317194191203536,143,11,udacity_adv,dr,200,epoch,0.044
10,0.329978346824646,0.1262548416351898,0.2281165942299179,44,2,udacity_adv,ces,50,epoch,0.044
14,0.3185710310935974,0.20455040916115902,0.2615607201273782,84,3,udacity_adv,ces,100,epoch,0.044
20,0.27903786301612854,0.3269000267103917,0.3029689448632601,134,10,udacity_adv,ces,150,epoch,0.044
31,0.36340054869651794,0.18976741810058106,0.2765839833985495,176,21,udacity_adv,ces,200,epoch,0.044
10,0.2777893841266632,0.21663325500051506,0.24721131956358913,38,3,udacity_adv,est,50,epoch,0.044
6,0.17258572578430176,,,65,1,udacity_adv,est,100,epoch,0.044
12,0.2923702597618103,0.26184288288982766,0.27710657132581895,100,6,udacity_adv,est,150,epoch,0.044
24,0.35554859042167664,0.21599926134455538,0.285773925883116,138,9,udacity_adv,est,200,epoch,0.044
9,0.16452345252037048,0.07705484122174694,0.12078914687105871,38,12,udacity_adv,rnd,50,epoch,0.044
13,0.3285280764102936,0.17987774201015572,0.25420290921022465,69,2,udacity_adv,rnd,100,epoch,0.044
18,0.24756336212158203,0.09825166524761583,0.17290751368459895,106,13,udacity_adv,rnd,150,epoch,0.044
23,0.2608247399330139,0.21673480543573148,0.2387797726843727,137,8,udacity_adv,rnd,200,epoch,0.044
12,0.402087539434433,0.2764992231575467,0.33929338129598985,49,5,udacity_adv,ent,50,epoch,0.044
15,0.47384652495384216,0.40822489650233224,0.4410357107280872,96,8,udacity_adv,ent,100,epoch,0.044
21,0.508337676525116,0.3619787082629823,0.4351581923940491,140,8,udacity_adv,ent,150,epoch,0.044
24,0.4452610909938812,0.2485754279832489,0.34691825948856503,186,12,udacity_adv,ent,200,epoch,0.044
5,0.3037186563014984,0.17112790856400784,0.23742328243275312,28,4,udacity_adv,gini,50,epoch,0.044
13,0.25200510025024414,0.17326439861306744,0.21263474943165578,59,4,udacity_adv,gini,100,epoch,0.044
14,0.28938621282577515,0.21146587553679727,0.2504260441812862,81,4,udacity_adv,gini,150,epoch,0.044
16,0.42634761333465576,0.2132470469560345,0.3197973301453451,102,5,udacity_adv,gini,200,epoch,0.044
7,0.3022708296775818,0.05398638768162876,0.17812860867960528,41,0,udacity_adv,gd,50,epoch,0.044
14,0.27334222197532654,0.22167363129157475,0.24750792663345064,74,4,udacity_adv,gd,100,epoch,0.044
23,0.21142488718032837,0.14417662243890203,0.1778007548096152,105,18,udacity_adv,gd,150,epoch,0.044
21,0.32217270135879517,0.1975944850340972,0.25988359319644616,139,9,udacity_adv,gd,200,epoch,0.044
14,0.287509948015213,0.12646218425473457,0.20698606613497378,47,8,udacity_adv,kmnc,50,epoch,0.044
17,0.2887876629829407,0.1848218829570646,0.23680477297000263,95,11,udacity_adv,kmnc,100,epoch,0.044
24,0.4992075562477112,0.441494258599004,0.4703509074233576,137,6,udacity_adv,kmnc,150,epoch,0.044
34,0.3778296113014221,0.24636904778041205,0.31209932954091707,182,20,udacity_adv,kmnc,200,epoch,0.044
14,0.30052441358566284,0.3097924421048414,0.30515842784525216,50,3,udacity_adv,nac,50,epoch,0.044
22,0.3284892737865448,0.2742389110535591,0.3013640924200519,99,6,udacity_adv,nac,100,epoch,0.044
27,0.44439396262168884,0.26260603763730983,0.35350000012949934,149,8,udacity_adv,nac,150,epoch,0.044
19,0.5223877429962158,0.43406582382388004,0.47822678341004793,199,3,udacity_adv,nac,200,epoch,0.044
5,0.12863992154598236,0.10474613117339876,0.11669302635969056,35,4,udacity_adv,lsa,50,epoch,0.044
15,0.29360318183898926,0.19466415434974382,0.24413366809436654,69,5,udacity_adv,lsa,100,epoch,0.044
20,0.3279229402542114,0.1528861601731467,0.24040455021367907,102,5,udacity_adv,lsa,150,epoch,0.044
24,0.28688478469848633,0.22330155788984646,0.2550931712941664,142,12,udacity_adv,lsa,200,epoch,0.044
9,0.06665847450494766,0.06087876626175089,0.06376862038334928,36,13,udacity_adv,std,50,epoch,0.044
16,0.2149413377046585,0.10048961662949783,0.15771547716707818,61,7,udacity_adv,std,100,epoch,0.044
19,0.29098957777023315,0.12492870644023944,0.2079591421052363,116,13,udacity_adv,std,150,epoch,0.044
21,0.28908786177635193,0.1818899895436865,0.23548892566001922,138,9,udacity_adv,std,200,epoch,0.044
9,0.11409331858158112,0.04235682481020256,0.07822507169589184,37,9,udacity_adv,pace,50,epoch,0.044
14,0.34437891840934753,0.37054060626467916,0.3574597623370134,77,7,udacity_adv,pace,100,epoch,0.044
23,0.30926674604415894,0.1979367776722939,0.2536017618582264,113,13,udacity_adv,pace,150,epoch,0.044
22,0.41481807827949524,0.2299444558967569,0.3223812670881261,147,9,udacity_adv,pace,200,epoch,0.044
6,0.2649075388908386,0.04988688979998868,0.15739721434541365,26,0,udacity_adv,dr,50,epoch,0.087
11,0.30339714884757996,0.11051159232233221,0.20695437058495608,52,5,udacity_adv,dr,100,epoch,0.087
15,0.3487679958343506,0.30074846848793424,0.3247582321611424,76,6,udacity_adv,dr,150,epoch,0.087
16,0.3727768361568451,0.2749615229854112,0.32386917957112815,104,3,udacity_adv,dr,200,epoch,0.087
6,0.3095366954803467,0.14242056891886976,0.22597863219960823,40,2,udacity_adv,ces,50,epoch,0.087
12,0.2897965908050537,0.18547216468695174,0.2376343777460027,76,3,udacity_adv,ces,100,epoch,0.087
18,0.3656509518623352,0.0960475293697431,0.23084924061603915,121,6,udacity_adv,ces,150,epoch,0.087
12,0.18964152038097382,0.16055584360574124,0.17509868199335754,161,6,udacity_adv,ces,200,epoch,0.087
6,0.1608990728855133,0.12525048983732126,0.14307478136141727,30,0,udacity_adv,est,50,epoch,0.087
5,0.13326777517795563,0.18410434594823435,0.15868606056309498,54,4,udacity_adv,est,100,epoch,0.087
10,0.37783920764923096,0.15371244213884092,0.26577582489403595,79,3,udacity_adv,est,150,epoch,0.087
16,0.27087903022766113,0.10190944955476783,0.18639423989121448,102,12,udacity_adv,est,200,epoch,0.087
8,0.2978574335575104,0.2548383450155204,0.2763478892865154,27,3,udacity_adv,rnd,50,epoch,0.087
10,0.34247198700904846,0.20021627122399266,0.27134412911652056,50,2,udacity_adv,rnd,100,epoch,0.087
12,0.23815608024597168,0.1179563184641373,0.17805619935505448,80,6,udacity_adv,rnd,150,epoch,0.087
26,0.24261830747127533,0.19579927621638948,0.2192087918438324,114,10,udacity_adv,rnd,200,epoch,0.087
8,0.40496718883514404,0.21454752652058906,0.30975735767786655,46,3,udacity_adv,ent,50,epoch,0.087
20,0.30945324897766113,0.19576333929310558,0.2526082941353833,87,11,udacity_adv,ent,100,epoch,0.087
22,0.44164353609085083,0.3323610766949625,0.38700230639290667,128,10,udacity_adv,ent,150,epoch,0.087
36,0.33546847105026245,0.26057409146194505,0.2980212812561037,170,17,udacity_adv,ent,200,epoch,0.087
6,0.16623561084270477,0.11009234253335787,0.13816397668803132,18,2,udacity_adv,gini,50,epoch,0.087
12,0.29466965794563293,0.26008078174961535,0.27737521984762414,36,5,udacity_adv,gini,100,epoch,0.087
13,0.28947457671165466,0.2633964770665159,0.2764355268890853,44,2,udacity_adv,gini,150,epoch,0.087
14,0.3225966691970825,0.3098024062590595,0.316199537728071,53,4,udacity_adv,gini,200,epoch,0.087
7,0.22411535680294037,0.12277826803041933,0.17344681241667986,31,2,udacity_adv,gd,50,epoch,0.087
13,0.12140495330095291,0.03240581362758095,0.07690538346426692,53,9,udacity_adv,gd,100,epoch,0.087
16,0.2766219973564148,0.21437278800280124,0.24549739267960802,83,4,udacity_adv,gd,150,epoch,0.087
12,0.3534422218799591,0.1468393852724756,0.2501408035762174,103,4,udacity_adv,gd,200,epoch,0.087
10,0.32246315479278564,0.09896508917658409,0.21071412198468487,44,8,udacity_adv,kmnc,50,epoch,0.087
15,0.37993142008781433,0.2506355306415622,0.31528347536468826,85,5,udacity_adv,kmnc,100,epoch,0.087
21,0.4120701253414154,0.33241999293142577,0.3722450591364206,129,16,udacity_adv,kmnc,150,epoch,0.087
25,0.3905292749404907,0.26154862297463966,0.3260389489575652,170,13,udacity_adv,kmnc,200,epoch,0.087
13,0.2231542021036148,0.1862220804765947,0.20468814129010476,50,7,udacity_adv,nac,50,epoch,0.087
22,0.292598694562912,0.2878078910025821,0.29020329278274704,99,8,udacity_adv,nac,100,epoch,0.087
23,0.3850177526473999,0.3617111176644728,0.3733644351559363,149,8,udacity_adv,nac,150,epoch,0.087
24,0.4685148000717163,0.30097653302360655,0.3847456665476614,198,11,udacity_adv,nac,200,epoch,0.087
7,0.1672818958759308,0.13158002142187275,0.14943095864890177,27,4,udacity_adv,lsa,50,epoch,0.087
10,0.2122184932231903,0.13889155566477462,0.17555502444398247,54,3,udacity_adv,lsa,100,epoch,0.087
20,0.31787756085395813,0.20305885183073397,0.260468206342346,79,5,udacity_adv,lsa,150,epoch,0.087
12,0.26848334074020386,0.13369064335396583,0.20108699204708486,109,2,udacity_adv,lsa,200,epoch,0.087
3,0.2201651930809021,,,26,1,udacity_adv,std,50,epoch,0.087
11,0.16506919264793396,0.09847680815772492,0.13177300040282944,50,3,udacity_adv,std,100,epoch,0.087
19,0.3159412741661072,0.29778286915174396,0.30686207165892554,90,15,udacity_adv,std,150,epoch,0.087
26,0.24873951077461243,0.1805375038733928,0.2146385073240026,107,21,udacity_adv,std,200,epoch,0.087
5,0.028182201087474823,0.07571976484058268,0.05195098296402875,27,10,udacity_adv,pace,50,epoch,0.087
14,0.3049539625644684,0.13232894402807077,0.21864145329626958,60,9,udacity_adv,pace,100,epoch,0.087
20,0.265085905790329,0.16655644881113651,0.21582117730073275,88,9,udacity_adv,pace,150,epoch,0.087
12,0.1800323873758316,0.10592180675273682,0.14297709706428421,113,4,udacity_adv,pace,200,epoch,0.087
6,0.19816456735134125,,,22,1,udacity_adv,dr,50,epoch,0.131
9,0.2828567624092102,0.2049404438109166,0.2438986031100634,41,2,udacity_adv,dr,100,epoch,0.131
15,0.2900349199771881,0.19064689707435842,0.24034090852577328,63,6,udacity_adv,dr,150,epoch,0.131
15,0.3758731484413147,0.17880642481040088,0.2773397866258578,85,8,udacity_adv,dr,200,epoch,0.131
9,0.28761714696884155,0.2654473374689307,0.2765322422188861,37,3,udacity_adv,ces,50,epoch,0.131
19,0.20437820255756378,0.08908710644037987,0.14673265449897183,73,11,udacity_adv,ces,100,epoch,0.131
22,0.266683965921402,0.15815783230299937,0.2124208991122007,112,12,udacity_adv,ces,150,epoch,0.131
22,0.2783077359199524,0.22163762409253274,0.24997268000624256,153,12,udacity_adv,ces,200,epoch,0.131
5,0.19756227731704712,0.30324871365322026,0.2504054954851337,26,5,udacity_adv,est,50,epoch,0.131
11,0.26001089811325073,0.07414248183989927,0.167076689976575,43,5,udacity_adv,est,100,epoch,0.131
13,0.22847141325473785,0.09876369436239289,0.16361755380856538,63,6,udacity_adv,est,150,epoch,0.131
13,0.303464412689209,0.2956514192170858,0.2995579159531474,86,8,udacity_adv,est,200,epoch,0.131
5,0.30121269822120667,0.13313559801191513,0.21717414811656088,21,4,udacity_adv,rnd,50,epoch,0.131
10,0.3074668049812317,0.17354142930959873,0.2405041171454152,44,7,udacity_adv,rnd,100,epoch,0.131
11,0.28602731227874756,0.2801132687575924,0.28307029051817,64,3,udacity_adv,rnd,150,epoch,0.131
15,0.21533925831317902,0.2286727934865833,0.22200602589988117,96,7,udacity_adv,rnd,200,epoch,0.131
9,0.3746616840362549,0.2602638786733296,0.3174627813547922,38,4,udacity_adv,ent,50,epoch,0.131
14,0.4628552198410034,0.47626710527489996,0.46956116255795166,74,6,udacity_adv,ent,100,epoch,0.131
23,0.4011702835559845,0.29161022570969086,0.3463902546328377,109,13,udacity_adv,ent,150,epoch,0.131
27,0.26145458221435547,0.15203806319026433,0.20674632270230991,148,15,udacity_adv,ent,200,epoch,0.131
5,0.2700798809528351,0.09778839337379791,0.1839341371633165,14,0,udacity_adv,gini,50,epoch,0.131
8,0.26608791947364807,0.29804715499601575,0.2820675372348319,25,3,udacity_adv,gini,100,epoch,0.131
11,0.24470967054367065,0.3842291810442058,0.3144694257939382,32,5,udacity_adv,gini,150,epoch,0.131
9,0.2737307548522949,0.09675613672272901,0.18524344578751195,41,5,udacity_adv,gini,200,epoch,0.131
6,0.0904901921749115,,,25,1,udacity_adv,gd,50,epoch,0.131
10,0.225178524851799,0.043395148693702174,0.1342868367727506,44,5,udacity_adv,gd,100,epoch,0.131
18,0.23237194120883942,0.11906838795853238,0.1757201645836859,67,8,udacity_adv,gd,150,epoch,0.131
17,0.27832940220832825,0.19965921339266482,0.23899430780049652,83,13,udacity_adv,gd,200,epoch,0.131
9,0.32146257162094116,0.21040160617334253,0.2659320888971418,39,6,udacity_adv,kmnc,50,epoch,0.131
21,0.28913265466690063,0.21441960320246928,0.25177612893468493,82,11,udacity_adv,kmnc,100,epoch,0.131
25,0.44209808111190796,0.31021372518772383,0.3761559031498159,124,10,udacity_adv,kmnc,150,epoch,0.131
24,0.4579031467437744,0.29661301562018605,0.37725808118198023,164,17,udacity_adv,kmnc,200,epoch,0.131
15,0.3778643310070038,0.2573519707934079,0.31760815090020583,49,2,udacity_adv,nac,50,epoch,0.131
21,0.35427218675613403,0.32405124720649836,0.3391617169813162,98,5,udacity_adv,nac,100,epoch,0.131
27,0.4037327766418457,0.33994917668120034,0.37184097666152305,147,7,udacity_adv,nac,150,epoch,0.131
24,0.5115598440170288,0.4482117181963366,0.4798857811066827,196,4,udacity_adv,nac,200,epoch,0.131
5,0.2517582178115845,,,22,1,udacity_adv,lsa,50,epoch,0.131
13,0.2626749277114868,0.11920758281670157,0.1909412552640942,47,6,udacity_adv,lsa,100,epoch,0.131
15,0.2972095310688019,0.14771520888189657,0.22246236997534924,69,4,udacity_adv,lsa,150,epoch,0.131
24,0.28712788224220276,0.23370073447240308,0.26041430835730295,95,8,udacity_adv,lsa,200,epoch,0.131
5,0.1620062291622162,0.011135275428965538,0.08657075229559086,18,6,udacity_adv,std,50,epoch,0.131
13,0.22009140253067017,0.11525631077561352,0.16767385665314183,43,4,udacity_adv,std,100,epoch,0.131
17,0.3468051552772522,0.2521864088577591,0.29949578206750566,71,8,udacity_adv,std,150,epoch,0.131
14,0.4037318527698517,0.1486538939827451,0.2761928733762984,95,7,udacity_adv,std,200,epoch,0.131
6,0.0886986181139946,-0.02165937683373356,0.03351962064013052,25,8,udacity_adv,pace,50,epoch,0.131
11,0.3247499167919159,0.1848932817833424,0.25482159928762915,53,7,udacity_adv,pace,100,epoch,0.131
17,0.26367634534835815,0.12809214734744423,0.1958842463479012,75,5,udacity_adv,pace,150,epoch,0.131
14,0.34033986926078796,0.2654383103598161,0.30288908981030205,98,6,udacity_adv,pace,200,epoch,0.131
5,0.18794232606887817,0.05029856444041558,0.11912044525464688,19,5,udacity_adv,dr,50,epoch,0.175
9,0.3053637444972992,0.14074287198545454,0.22305330824137687,36,6,udacity_adv,dr,100,epoch,0.175
15,0.33523985743522644,0.17280433174410625,0.25402209458966635,57,6,udacity_adv,dr,150,epoch,0.175
14,0.3276464641094208,0.20438948919985866,0.2660179766546397,78,7,udacity_adv,dr,200,epoch,0.175
6,0.29747310280799866,0.08490028746355292,0.1911866951357758,35,3,udacity_adv,ces,50,epoch,0.175
14,0.3015173077583313,0.15609566509716427,0.22880648642774779,71,4,udacity_adv,ces,100,epoch,0.175
12,0.2162010371685028,0.2130642271134624,0.2146326321409826,107,3,udacity_adv,ces,150,epoch,0.175
25,0.24630461633205414,0.1576679446429035,0.20198628048747883,144,23,udacity_adv,ces,200,epoch,0.175
4,0.25181844830513,0.07578895309202355,0.16380370069857678,16,4,udacity_adv,est,50,epoch,0.175
10,0.17816191911697388,0.2650626910283438,0.22161230507265883,38,5,udacity_adv,est,100,epoch,0.175
12,0.256631463766098,0.14851921154781067,0.20257533765695435,58,6,udacity_adv,est,150,epoch,0.175
12,0.325962096452713,0.32656395262905175,0.3262630245408824,74,8,udacity_adv,est,200,epoch,0.175
3,-0.11662203073501587,,,20,1,udacity_adv,rnd,50,epoch,0.175
10,0.29674243927001953,0.1634792221416292,0.23011083070582436,39,8,udacity_adv,rnd,100,epoch,0.175
17,0.19487200677394867,0.08884612150481268,0.14185906413938068,56,10,udacity_adv,rnd,150,epoch,0.175
18,0.2168976068496704,0.0555896628957954,0.13624363487273292,85,14,udacity_adv,rnd,200,epoch,0.175
8,0.3611316680908203,0.35084888707780315,0.35599027758431173,30,2,udacity_adv,ent,50,epoch,0.175
14,0.4157688021659851,0.2917545447168374,0.3537616734414113,64,6,udacity_adv,ent,100,epoch,0.175
15,0.4596152901649475,0.31258347528427655,0.38609938272461203,97,4,udacity_adv,ent,150,epoch,0.175
30,0.2987486720085144,0.20089546983497306,0.24982207092174374,136,20,udacity_adv,ent,200,epoch,0.175
1,0.22763437032699585,0.09190291814449564,0.15976864423574574,8,6,udacity_adv,gini,50,epoch,0.175
2,0.053816623985767365,-0.045296788386642826,0.004259917799562269,16,12,udacity_adv,gini,100,epoch,0.175
6,0.2962915003299713,0.19226138883734764,0.2442764445836595,22,0,udacity_adv,gini,150,epoch,0.175
10,0.35873696208000183,,,29,1,udacity_adv,gini,200,epoch,0.175
7,0.2101004719734192,0.07421613409379135,0.14215830303360527,22,2,udacity_adv,gd,50,epoch,0.175
8,0.3086877763271332,0.1637943361762919,0.23624105625171254,39,3,udacity_adv,gd,100,epoch,0.175
11,0.2038157731294632,0.28213882031824933,0.24297729672385626,59,4,udacity_adv,gd,150,epoch,0.175
10,0.42759135365486145,0.18876246165675603,0.30817690765580874,75,2,udacity_adv,gd,200,epoch,0.175
10,0.2600834369659424,0.3763239444371485,0.3182036907015454,38,6,udacity_adv,kmnc,50,epoch,0.175
19,0.37511923909187317,0.2723860012559621,0.3237526201739176,79,8,udacity_adv,kmnc,100,epoch,0.175
15,0.4732446074485779,0.3638418764249425,0.4185432419367602,120,8,udacity_adv,kmnc,150,epoch,0.175
22,0.4090717136859894,0.3358144996334034,0.3724431066596964,158,17,udacity_adv,kmnc,200,epoch,0.175
14,0.2773440480232239,0.27851636068910274,0.27793020435616334,49,6,udacity_adv,nac,50,epoch,0.175
21,0.34273821115493774,0.246121257931562,0.2944297345432499,97,10,udacity_adv,nac,100,epoch,0.175
23,0.4713091254234314,0.4248830974918403,0.44809611145763584,146,6,udacity_adv,nac,150,epoch,0.175
24,0.5013908743858337,0.42664838635875996,0.4640196303722969,195,9,udacity_adv,nac,200,epoch,0.175
5,0.20499294996261597,0.12311392320827337,0.16405343658544466,18,4,udacity_adv,lsa,50,epoch,0.175
8,0.2535841166973114,0.11109545861760645,0.18233978765745892,39,6,udacity_adv,lsa,100,epoch,0.175
8,0.29593634605407715,0.15866675974312536,0.22730155289860127,56,3,udacity_adv,lsa,150,epoch,0.175
15,0.21545320749282837,0.17906406503808975,0.19725863626545906,75,13,udacity_adv,lsa,200,epoch,0.175
5,0.17934097349643707,0.21678690804680137,0.1980639407716192,16,2,udacity_adv,std,50,epoch,0.175
5,0.20263102650642395,0.15654588441846456,0.17958845546244426,37,0,udacity_adv,std,100,epoch,0.175
13,0.3534219563007355,0.264762295776402,0.3090921260385687,61,3,udacity_adv,std,150,epoch,0.175
18,0.12535761296749115,0.05468277900768754,0.09002019598758934,82,24,udacity_adv,std,200,epoch,0.175
4,0.16765423119068146,0.08247885734795257,0.12506654426931701,21,7,udacity_adv,pace,50,epoch,0.175
11,0.2635599970817566,0.1934330059890721,0.22849650153541434,46,4,udacity_adv,pace,100,epoch,0.175
10,0.2559655010700226,0.25274703768298135,0.25435626937650196,64,7,udacity_adv,pace,150,epoch,0.175
20,0.33442622423171997,0.1619166641185365,0.24817144417512824,85,5,udacity_adv,pace,200,epoch,0.175
5,0.18165266513824463,0.05888265002898442,0.12026765758361452,18,5,udacity_adv,dr,50,epoch,0.218
8,0.24901838600635529,0.09413249058922517,0.17157543829779023,33,9,udacity_adv,dr,100,epoch,0.218
16,0.3805581033229828,0.2282389374573235,0.30439852039015314,51,2,udacity_adv,dr,150,epoch,0.218
14,0.29378581047058105,0.1871225712010009,0.24045419083579098,70,5,udacity_adv,dr,200,epoch,0.218
8,0.3530917465686798,0.10716452414621314,0.23012813535744647,34,0,udacity_adv,ces,50,epoch,0.218
14,0.312001496553421,0.128853692104599,0.22042759432901,71,7,udacity_adv,ces,100,epoch,0.218
27,0.26898467540740967,0.11652908130708796,0.1927568783572488,103,17,udacity_adv,ces,150,epoch,0.218
24,0.36122992634773254,0.22031779120088096,0.2907738587743067,140,7,udacity_adv,ces,200,epoch,0.218
5,0.20914974808692932,,,15,1,udacity_adv,est,50,epoch,0.218
6,0.17642803490161896,-0.015199405200776481,0.08061431485042124,35,5,udacity_adv,est,100,epoch,0.218
13,0.2148209661245346,0.0811838057213116,0.1480023859229231,54,4,udacity_adv,est,150,epoch,0.218
6,-0.005181461106985807,,,68,1,udacity_adv,est,200,epoch,0.218
4,0.20170298218727112,0.0422101441431329,0.12195656316520201,18,4,udacity_adv,rnd,50,epoch,0.218
8,0.274486780166626,,,34,1,udacity_adv,rnd,100,epoch,0.218
18,0.20426760613918304,0.37448951014415555,0.2893785581416693,52,9,udacity_adv,rnd,150,epoch,0.218
8,0.19506007432937622,0.015426447578439282,0.10524326095390775,75,4,udacity_adv,rnd,200,epoch,0.218
5,0.28699612617492676,0.15133400378483408,0.21916506497988042,21,2,udacity_adv,ent,50,epoch,0.218
12,0.3380676507949829,0.15841602419582024,0.24824183749540157,55,7,udacity_adv,ent,100,epoch,0.218
17,0.34556910395622253,0.29576649258435744,0.32066779827029,87,6,udacity_adv,ent,150,epoch,0.218
19,0.33974435925483704,0.24229319712295136,0.2910187781888942,125,11,udacity_adv,ent,200,epoch,0.218
2,0.15724124014377594,,,6,1,udacity_adv,gini,50,epoch,0.218
5,0.2227165848016739,,,12,1,udacity_adv,gini,100,epoch,0.218
5,0.19045786559581757,,,17,1,udacity_adv,gini,150,epoch,0.218
5,0.3600445091724396,0.207010081314482,0.28352729524346076,23,0,udacity_adv,gini,200,epoch,0.218
5,0.11673445254564285,0.057206704785568,0.08697057866560542,18,7,udacity_adv,gd,50,epoch,0.218
6,0.24610960483551025,0.1343968160562504,0.19025321044588034,35,3,udacity_adv,gd,100,epoch,0.218
15,0.3478510081768036,0.21936382063957846,0.28360741440819104,54,5,udacity_adv,gd,150,epoch,0.218
12,0.3188363313674927,0.23317882803906684,0.27600757970327977,66,6,udacity_adv,gd,200,epoch,0.218
9,0.270535945892334,0.10550027657145075,0.18801811123189238,37,8,udacity_adv,kmnc,50,epoch,0.218
19,0.38647717237472534,0.2912524187459179,0.3388647955603216,78,5,udacity_adv,kmnc,100,epoch,0.218
18,0.44730037450790405,0.2706741704330638,0.3589872724704839,119,8,udacity_adv,kmnc,150,epoch,0.218
31,0.3523622155189514,0.2133849372821945,0.282873576400573,154,21,udacity_adv,kmnc,200,epoch,0.218
16,0.31444188952445984,0.2890900701192656,0.3017659798218627,49,3,udacity_adv,nac,50,epoch,0.218
25,0.3242458403110504,0.1866420620118092,0.2554439511614298,96,3,udacity_adv,nac,100,epoch,0.218
28,0.41436347365379333,0.2941100433588702,0.35423675850633174,145,8,udacity_adv,nac,150,epoch,0.218
23,0.5150572061538696,0.3953316083695304,0.4551944072617,194,4,udacity_adv,nac,200,epoch,0.218
5,0.26918599009513855,0.10248233566821224,0.1858341628816754,16,2,udacity_adv,lsa,50,epoch,0.218
9,0.2190040498971939,0.07347757304317339,0.14624081147018364,34,7,udacity_adv,lsa,100,epoch,0.218
13,0.1524343639612198,0.07722626315052819,0.11483031355587399,50,12,udacity_adv,lsa,150,epoch,0.218
10,0.30053895711898804,0.1456039061340248,0.22307143162650642,69,3,udacity_adv,lsa,200,epoch,0.218
3,0.15993617475032806,,,12,1,udacity_adv,std,50,epoch,0.218
4,0.12859822809696198,,,34,1,udacity_adv,std,100,epoch,0.218
13,0.276188462972641,0.1862333586434598,0.2312109108080504,55,5,udacity_adv,std,150,epoch,0.218
13,0.31762436032295227,0.23339675432622378,0.275510557324588,71,4,udacity_adv,std,200,epoch,0.218
3,0.19817018508911133,-0.00668961960806078,0.09574028274052528,20,7,udacity_adv,pace,50,epoch,0.218
10,0.32415708899497986,0.1440813717222968,0.23411923035863832,42,3,udacity_adv,pace,100,epoch,0.218
8,0.2121066153049469,0.11318017196862346,0.16264339363678518,58,5,udacity_adv,pace,150,epoch,0.218
16,0.30686089396476746,0.24132457709470584,0.2740927355297367,76,5,udacity_adv,pace,200,epoch,0.218
3,0.09781438112258911,-0.006357309948305481,0.045728535587141815,16,4,udacity_adv,dr,50,epoch,0.262
7,0.3480283319950104,0.12734184832913012,0.23768509016207023,28,0,udacity_adv,dr,100,epoch,0.262
11,0.2792099416255951,0.321659166960398,0.30043455429299654,46,4,udacity_adv,dr,150,epoch,0.262
17,0.30638211965560913,0.1989334887389712,0.25265780419729017,62,7,udacity_adv,dr,200,epoch,0.262
6,0.39129438996315,0.10730827944472512,0.24930133470393756,33,0,udacity_adv,ces,50,epoch,0.262
18,0.3722938597202301,0.23209443466070964,0.3021941471904699,68,2,udacity_adv,ces,100,epoch,0.262
18,0.3093537390232086,0.11984750803465993,0.21460062352893428,100,10,udacity_adv,ces,150,epoch,0.262
23,0.3898923993110657,0.2658795372556063,0.327885968283336,137,7,udacity_adv,ces,200,epoch,0.262
4,0.291877806186676,0.019651646080941217,0.15576472613380862,15,0,udacity_adv,est,50,epoch,0.262
9,0.18737751245498657,0.09298160185212319,0.14017955715355487,33,2,udacity_adv,est,100,epoch,0.262
12,0.1657889038324356,0.05838766997567839,0.112088286904057,48,9,udacity_adv,est,150,epoch,0.262
8,0.28990888595581055,0.16580283979898627,0.2278558628773984,63,5,udacity_adv,est,200,epoch,0.262
4,0.14534738659858704,0.04440395118168662,0.09487566889013682,16,0,udacity_adv,rnd,50,epoch,0.262
7,0.2900238633155823,,,32,1,udacity_adv,rnd,100,epoch,0.262
13,0.1565091907978058,0.12502067099694655,0.14076493089737618,47,8,udacity_adv,rnd,150,epoch,0.262
12,0.19770266115665436,0.12210172660311687,0.1599021938798856,72,3,udacity_adv,rnd,200,epoch,0.262
6,0.15276019275188446,-0.022995392697927334,0.06488240002697857,21,6,udacity_adv,ent,50,epoch,0.262
11,0.3573651909828186,0.20525591610461974,0.28131055354371914,49,4,udacity_adv,ent,100,epoch,0.262
9,0.380161315202713,0.2529618936422013,0.3165616044224572,78,6,udacity_adv,ent,150,epoch,0.262
21,0.34755605459213257,0.20557456701928437,0.27656531080570845,112,9,udacity_adv,ent,200,epoch,0.262
2,0.12211857736110687,,,5,1,udacity_adv,gini,50,epoch,0.262
2,0.18640781939029694,0.0766024643777396,0.13150514188401827,9,2,udacity_adv,gini,100,epoch,0.262
4,0.3375416398048401,0.03957830888495677,0.18855997434489843,13,0,udacity_adv,gini,150,epoch,0.262
5,0.10979609936475754,0.050516347810656635,0.08015622358770709,18,7,udacity_adv,gini,200,epoch,0.262
5,0.10149288177490234,0.10927319852903322,0.10538304015196778,17,4,udacity_adv,gd,50,epoch,0.262
5,0.2972465455532074,0.02901752358589911,0.16313203456955325,33,2,udacity_adv,gd,100,epoch,0.262
9,0.22395706176757812,0.09775628940604404,0.16085667558681108,45,7,udacity_adv,gd,150,epoch,0.262
15,0.3020269274711609,0.11037372773340906,0.20620032760228496,60,6,udacity_adv,gd,200,epoch,0.262
9,0.31823113560676575,0.2579386293782541,0.28808488249250996,37,3,udacity_adv,kmnc,50,epoch,0.262
22,0.3324260711669922,0.21834478162918658,0.2753854263980894,77,10,udacity_adv,kmnc,100,epoch,0.262
21,0.3996569514274597,0.2601393927567012,0.3298981720920805,116,12,udacity_adv,kmnc,150,epoch,0.262
30,0.44279101490974426,0.44098694138890043,0.4418889781493224,149,12,udacity_adv,kmnc,200,epoch,0.262
13,0.37940314412117004,0.20916853842489036,0.2942858412730302,49,2,udacity_adv,nac,50,epoch,0.262
19,0.3433380424976349,0.2732628470339363,0.30830044476578555,96,6,udacity_adv,nac,100,epoch,0.262
31,0.3817669153213501,0.26992581233560664,0.32584636382847837,145,12,udacity_adv,nac,150,epoch,0.262
24,0.5408604145050049,0.45818075447092443,0.49952058448796466,194,5,udacity_adv,nac,200,epoch,0.262
4,0.15289939939975739,0.025915632609708767,0.08940751600473308,14,0,udacity_adv,lsa,50,epoch,0.262
6,0.32266971468925476,0.13280902912584902,0.2277393719075519,29,3,udacity_adv,lsa,100,epoch,0.262
6,0.279032438993454,0.1856521612598915,0.23234230012667273,44,6,udacity_adv,lsa,150,epoch,0.262
11,0.23892058432102203,0.11283633050881814,0.1758784574149201,60,10,udacity_adv,lsa,200,epoch,0.262
3,0.1751973032951355,,,11,1,udacity_adv,std,50,epoch,0.262
5,0.22434642910957336,0.036226035206090114,0.13028623215783175,32,3,udacity_adv,std,100,epoch,0.262
12,0.39266902208328247,0.19305488759432998,0.2928619548388062,49,2,udacity_adv,std,150,epoch,0.262
13,0.2935938835144043,0.23416128376391954,0.2638775836391619,66,6,udacity_adv,std,200,epoch,0.262
2,0.19125591218471527,,,18,1,udacity_adv,pace,50,epoch,0.262
9,0.30155420303344727,0.1471665289166751,0.22436036597506118,40,7,udacity_adv,pace,100,epoch,0.262
7,0.29862332344055176,0.2060219849934594,0.25232265421700556,54,2,udacity_adv,pace,150,epoch,0.262
18,0.3037746548652649,0.15986978359941456,0.23182221923233973,71,8,udacity_adv,pace,200,epoch,0.262
5,0.1763763278722763,,,14,1,udacity_adv,dr,50,epoch,0.305
8,0.2912253737449646,0.15527642790620208,0.22325090082558335,26,2,udacity_adv,dr,100,epoch,0.305
11,0.2440054714679718,0.14459369573708034,0.19429958360252608,43,7,udacity_adv,dr,150,epoch,0.305
13,0.29455018043518066,0.16012092027631114,0.2273355503557459,57,8,udacity_adv,dr,200,epoch,0.305
5,0.19578465819358826,0.10066315278499224,0.14822390548929026,32,0,udacity_adv,ces,50,epoch,0.305
19,0.2528435289859772,0.2366552179931235,0.24474937348955034,66,9,udacity_adv,ces,100,epoch,0.305
12,0.20414504408836365,0.17576525230152876,0.1899551481949462,94,9,udacity_adv,ces,150,epoch,0.305
15,0.3345508873462677,0.1997539588164377,0.2671524230813527,133,8,udacity_adv,ces,200,epoch,0.305
3,0.13290433585643768,0.05371085826019343,0.09330759705831555,15,2,udacity_adv,est,50,epoch,0.305
7,0.21452777087688446,0.07233805794305104,0.14343291440996775,31,4,udacity_adv,est,100,epoch,0.305
7,0.23410120606422424,0.1626766959502764,0.19838895100725032,44,5,udacity_adv,est,150,epoch,0.305
18,0.2342691570520401,0.14387689514705804,0.18907302609954907,57,7,udacity_adv,est,200,epoch,0.305
2,-0.021577993407845497,0.06916233420196678,0.023792170397060643,15,2,udacity_adv,rnd,50,epoch,0.305
6,0.14158369600772858,0.0744159918873879,0.10799984394755824,29,0,udacity_adv,rnd,100,epoch,0.305
10,0.2778598964214325,0.13698576422487235,0.20742283032315242,42,8,udacity_adv,rnd,150,epoch,0.305
5,0.2653164863586426,-0.022286443110107648,0.12151502162426747,70,0,udacity_adv,rnd,200,epoch,0.305
6,0.2627566158771515,0.20861935917114338,0.23568798752414744,21,3,udacity_adv,ent,50,epoch,0.305
9,0.39724698662757874,0.24073010779771756,0.31898854721264813,47,2,udacity_adv,ent,100,epoch,0.305
15,0.32808277010917664,0.14204819500243523,0.23506548255580595,74,8,udacity_adv,ent,150,epoch,0.305
14,0.3176841735839844,0.2697184033807339,0.2937012884823591,101,9,udacity_adv,ent,200,epoch,0.305
2,0.2299094945192337,0.0759700449031907,0.1529397697112122,5,0,udacity_adv,gini,50,epoch,0.305
2,0.33440181612968445,0.18334249139447092,0.2588721537620777,9,0,udacity_adv,gini,100,epoch,0.305
3,0.15808098018169403,0.06268151465563335,0.11038124741866369,13,5,udacity_adv,gini,150,epoch,0.305
6,0.23302866518497467,0.30806380397678546,0.27054623458088006,17,2,udacity_adv,gini,200,epoch,0.305
3,0.17428350448608398,0.020981114890883296,0.09763230968848365,16,3,udacity_adv,gd,50,epoch,0.305
6,0.10405410081148148,,,31,1,udacity_adv,gd,100,epoch,0.305
10,0.3661722242832184,0.22237945600836173,0.29427584014579006,41,4,udacity_adv,gd,150,epoch,0.305
13,0.21772268414497375,0.1461812145531532,0.18195194934906347,56,12,udacity_adv,gd,200,epoch,0.305
9,0.19327425956726074,0.08068070664608987,0.1369774831066753,35,9,udacity_adv,kmnc,50,epoch,0.305
19,0.3457157015800476,0.2704400524624335,0.30807787702124056,76,8,udacity_adv,kmnc,100,epoch,0.305
21,0.452971488237381,0.32061639213973653,0.3867939401885587,115,10,udacity_adv,kmnc,150,epoch,0.305
24,0.4790570139884949,0.33897267161244093,0.4090148428004679,148,8,udacity_adv,kmnc,200,epoch,0.305
14,0.34584054350852966,0.281211911577805,0.31352622754316734,49,3,udacity_adv,nac,50,epoch,0.305
24,0.3222866654396057,0.28664258944189924,0.3044646274407525,96,11,udacity_adv,nac,100,epoch,0.305
18,0.5570081472396851,0.500286499770071,0.5286473235048781,145,3,udacity_adv,nac,150,epoch,0.305
25,0.4675803482532501,0.25678503211988063,0.36218269018656535,194,10,udacity_adv,nac,200,epoch,0.305
4,0.16204163432121277,0.064262722808799,0.11315217856500588,13,0,udacity_adv,lsa,50,epoch,0.305
5,0.2762377858161926,0.07616408430351419,0.1762009350598534,28,6,udacity_adv,lsa,100,epoch,0.305
6,0.22359175980091095,0.18105276087498529,0.20232226033794812,40,4,udacity_adv,lsa,150,epoch,0.305
7,0.24769650399684906,0.1254491770663542,0.1865728405316016,56,2,udacity_adv,lsa,200,epoch,0.305
4,0.1496225744485855,,,10,1,udacity_adv,std,50,epoch,0.305
7,0.20993289351463318,0.15487198203628677,0.18240243777545997,32,3,udacity_adv,std,100,epoch,0.305
10,0.2834160029888153,0.34057669508614147,0.3119963490374784,45,5,udacity_adv,std,150,epoch,0.305
10,0.23872068524360657,0.2066971164134727,0.2227089008285396,56,4,udacity_adv,std,200,epoch,0.305
2,0.03833110257983208,-0.12140872303450889,-0.04153881022733841,17,0,udacity_adv,pace,50,epoch,0.305
11,0.2834460735321045,0.21809670122311092,0.25077138737760774,37,6,udacity_adv,pace,100,epoch,0.305
8,0.2517203986644745,0.19816122510422707,0.22494081188435078,50,6,udacity_adv,pace,150,epoch,0.305
13,0.2660551965236664,0.20401189924754787,0.23503354788560712,67,5,udacity_adv,pace,200,epoch,0.305
8,0.230633944272995,0.10643850360424623,0.1685362239386206,50,0,udacity_dave,dr,50,epoch,0.0
18,0.3326244056224823,0.1947272130687063,0.2636758093455943,100,5,udacity_dave,dr,100,epoch,0.0
31,0.37131455540657043,0.34741668541201304,0.35936562040929176,150,11,udacity_dave,dr,150,epoch,0.0
36,0.38137269020080566,0.3063381335714709,0.3438554118861383,200,13,udacity_dave,dr,200,epoch,0.0
11,0.3382737338542938,0.1678793415299652,0.2530765376921295,50,3,udacity_dave,ces,50,epoch,0.0
23,0.4808835983276367,0.34582687127067663,0.4133552347991567,100,4,udacity_dave,ces,100,epoch,0.0
28,0.4752403795719147,0.3868885645374217,0.4310644720546682,150,16,udacity_dave,ces,150,epoch,0.0
14,0.2835453748703003,,,200,1,udacity_dave,ces,200,epoch,0.0
12,0.29371440410614014,0.13251783224219027,0.2131161181741652,50,9,udacity_dave,est,50,epoch,0.0
22,0.39233386516571045,0.23489831702392094,0.3136160910948157,100,4,udacity_dave,est,100,epoch,0.0
24,0.39224952459335327,0.2677094079780554,0.32997946628570435,150,5,udacity_dave,est,150,epoch,0.0
25,0.38162872195243835,0.24386396608600636,0.31274634401922236,200,6,udacity_dave,est,200,epoch,0.0
8,0.18617992103099823,,,50,1,udacity_dave,rnd,50,epoch,0.0
19,0.3504534661769867,0.228207899886939,0.28933068303196285,100,7,udacity_dave,rnd,100,epoch,0.0
29,0.3623008131980896,0.22111994780638855,0.2917103805022391,150,14,udacity_dave,rnd,150,epoch,0.0
37,0.3999693691730499,0.27878478211508556,0.3393770756440677,200,11,udacity_dave,rnd,200,epoch,0.0
12,0.3746986389160156,0.1666524915330371,0.27067556522452635,50,4,udacity_dave,ent,50,epoch,0.0
23,0.32127732038497925,0.26776895951083146,0.29452313994790535,100,13,udacity_dave,ent,100,epoch,0.0
17,0.4921707212924957,0.34679936022918056,0.41948504076083815,150,9,udacity_dave,ent,150,epoch,0.0
19,0.5999382734298706,0.42150036220570747,0.510719317817789,200,3,udacity_dave,ent,200,epoch,0.0
11,0.3829239010810852,0.3312436031854713,0.35708375213327825,50,2,udacity_dave,gini,50,epoch,0.0
25,0.32519325613975525,0.27004423071850725,0.29761874342913125,100,12,udacity_dave,gini,100,epoch,0.0
28,0.40010976791381836,0.32713513814431044,0.3636224530290644,150,8,udacity_dave,gini,150,epoch,0.0
34,0.4186294972896576,0.31582289261871094,0.3672261949541843,200,16,udacity_dave,gini,200,epoch,0.0
13,0.2672232389450073,0.15102904739283005,0.2091261431689187,50,9,udacity_dave,gd,50,epoch,0.0
27,0.2636973261833191,0.17776469217299612,0.2207310091781576,100,18,udacity_dave,gd,100,epoch,0.0
32,0.3860860764980316,0.43396260295850664,0.4100243397282691,150,14,udacity_dave,gd,150,epoch,0.0
31,0.4552966356277466,0.3483555559934012,0.4018260958105739,200,4,udacity_dave,gd,200,epoch,0.0
16,0.32351887226104736,0.18205550521695324,0.2527871887390003,50,6,udacity_dave,kmnc,50,epoch,0.0
14,0.32475918531417847,0.27814199860050026,0.30145059195733936,100,5,udacity_dave,kmnc,100,epoch,0.0
29,0.42716971039772034,0.3346840875453492,0.38092689897153476,150,11,udacity_dave,kmnc,150,epoch,0.0
22,0.45460426807403564,0.28102974742647696,0.3678170077502563,200,5,udacity_dave,kmnc,200,epoch,0.0
10,0.3929329812526703,0.22885090312830336,0.3108919421904868,50,3,udacity_dave,nac,50,epoch,0.0
17,0.40587249398231506,0.2096357357374253,0.3077541148598702,100,2,udacity_dave,nac,100,epoch,0.0
32,0.2958243489265442,0.18418449149247698,0.24000442020951057,150,17,udacity_dave,nac,150,epoch,0.0
39,0.41811585426330566,0.2839556040585711,0.3510357291609384,200,10,udacity_dave,nac,200,epoch,0.0
16,0.3010295629501343,0.33168003795861206,0.31635480045437314,50,4,udacity_dave,lsa,50,epoch,0.0
19,0.39533570408821106,0.2773860633048679,0.3363608836965395,100,4,udacity_dave,lsa,100,epoch,0.0
18,0.26878243684768677,0.12390953195178242,0.1963459843997346,150,8,udacity_dave,lsa,150,epoch,0.0
31,0.34318244457244873,0.2608977417662097,0.3020400931693292,200,15,udacity_dave,lsa,200,epoch,0.0
5,0.1374964863061905,,,50,1,udacity_dave,std,50,epoch,0.0
19,0.35953861474990845,0.2648976142232769,0.31221811448659265,100,2,udacity_dave,std,100,epoch,0.0
23,0.42684808373451233,0.3030999910701031,0.3649740374023077,150,13,udacity_dave,std,150,epoch,0.0
28,0.46761733293533325,0.3769407207206965,0.4222790268280149,200,10,udacity_dave,std,200,epoch,0.0
8,0.33412984013557434,0.2407639968690651,0.28744691850231974,50,4,udacity_dave,pace,50,epoch,0.0
8,0.21414852142333984,0.16764061837993052,0.19089456990163517,100,5,udacity_dave,pace,100,epoch,0.0
24,0.3532119691371918,0.2471337930532752,0.3001728810952335,150,10,udacity_dave,pace,150,epoch,0.0
35,0.42049354314804077,0.3352012847885708,0.3778474139683058,200,19,udacity_dave,pace,200,epoch,0.0
9,0.21751783788204193,0.3521556279567112,0.28483673291937656,29,5,udacity_dave,dr,50,epoch,0.044
12,0.20331968367099762,0.11868200497183343,0.16100084432141554,52,6,udacity_dave,dr,100,epoch,0.044
16,0.3244757056236267,0.22557001106383712,0.2750228583437319,76,5,udacity_dave,dr,150,epoch,0.044
22,0.36436039209365845,0.22526641793117097,0.2948134050124147,104,8,udacity_dave,dr,200,epoch,0.044
10,0.2325867861509323,0.06303604497988427,0.14781141556540828,34,8,udacity_dave,ces,50,epoch,0.044
15,0.43250447511672974,0.37048254781630885,0.4014935114665193,65,3,udacity_dave,ces,100,epoch,0.044
23,0.3893904983997345,0.25719962586696854,0.3232950621333515,105,12,udacity_dave,ces,150,epoch,0.044
22,0.45132070779800415,0.35949184289351443,0.4054062753457593,140,2,udacity_dave,ces,200,epoch,0.044
6,0.25563904643058777,0.15730938370472336,0.20647421506765556,24,5,udacity_dave,est,50,epoch,0.044
18,0.24739180505275726,0.18132817875436033,0.2143599919035588,56,6,udacity_dave,est,100,epoch,0.044
18,0.36198902130126953,0.276796832803873,0.3193929270525713,79,10,udacity_dave,est,150,epoch,0.044
19,0.4341040253639221,0.3257032812059051,0.3799036532849136,107,3,udacity_dave,est,200,epoch,0.044
6,0.19681143760681152,0.17003417779439475,0.18342280770060315,24,4,udacity_dave,rnd,50,epoch,0.044
13,0.24707986414432526,0.22222454860200397,0.2346522063731646,52,10,udacity_dave,rnd,100,epoch,0.044
18,0.35820117592811584,0.2211718397830653,0.2896865078555906,75,8,udacity_dave,rnd,150,epoch,0.044
23,0.33185014128685,0.3247943102375916,0.3283222257622208,111,10,udacity_dave,rnd,200,epoch,0.044
12,0.40678077936172485,0.3251580802267255,0.3659694297942252,50,3,udacity_dave,ent,50,epoch,0.044
12,0.5047580003738403,0.4065009001304028,0.45562945025212154,83,3,udacity_dave,ent,100,epoch,0.044
21,0.2615160346031189,0.1434685987533616,0.20249231667824025,114,9,udacity_dave,ent,150,epoch,0.044
24,0.4940677583217621,0.3876945514256718,0.44088115487371693,160,5,udacity_dave,ent,200,epoch,0.044
4,0.21630504727363586,0.08965174164575046,0.15297839445969316,14,0,udacity_dave,gini,50,epoch,0.044
7,0.2663531005382538,0.3406021490111069,0.3034776247746803,23,3,udacity_dave,gini,100,epoch,0.044
13,0.4484792947769165,,,42,1,udacity_dave,gini,150,epoch,0.044
13,0.4291054606437683,0.32101753884553996,0.37506149974465414,51,4,udacity_dave,gini,200,epoch,0.044
5,0.24558761715888977,,,25,1,udacity_dave,gd,50,epoch,0.044
14,0.3309430181980133,0.209679052145883,0.27031103517194816,60,2,udacity_dave,gd,100,epoch,0.044
16,0.3317808210849762,0.23667275786925024,0.2842267894771132,76,7,udacity_dave,gd,150,epoch,0.044
21,0.31673169136047363,,,105,1,udacity_dave,gd,200,epoch,0.044
8,0.29779189825057983,0.17089040504466785,0.23434115164762384,29,2,udacity_dave,kmnc,50,epoch,0.044
13,0.3737145662307739,0.23307457769720663,0.3033945719639903,58,3,udacity_dave,kmnc,100,epoch,0.044
15,0.42256227135658264,,,87,1,udacity_dave,kmnc,150,epoch,0.044
25,0.37711504101753235,0.2714147191260521,0.3242648800717922,127,15,udacity_dave,kmnc,200,epoch,0.044
12,0.04704189673066139,0.1277135842490106,0.087377740489836,42,12,udacity_dave,nac,50,epoch,0.044
26,0.29050615429878235,0.1868747944191541,0.23869047435896823,91,12,udacity_dave,nac,100,epoch,0.044
29,0.39993447065353394,0.30005646080578846,0.3499954657296612,137,6,udacity_dave,nac,150,epoch,0.044
36,0.3191843032836914,0.2047318191657967,0.2619580612247441,182,9,udacity_dave,nac,200,epoch,0.044
3,-0.05138459801673889,,,28,1,udacity_dave,lsa,50,epoch,0.044
8,0.2784019708633423,0.09474061608704692,0.1865712934751946,48,0,udacity_dave,lsa,100,epoch,0.044
18,0.25463926792144775,0.18707342440163213,0.22085634616153993,75,11,udacity_dave,lsa,150,epoch,0.044
25,0.3759292960166931,0.29002490307398987,0.3329770995453415,100,10,udacity_dave,lsa,200,epoch,0.044
8,0.23217280209064484,,,24,1,udacity_dave,std,50,epoch,0.044
11,0.3319770097732544,0.20742171066768736,0.26969936022047086,51,5,udacity_dave,std,100,epoch,0.044
20,0.3094264268875122,0.27192046622402155,0.2906734465557669,89,14,udacity_dave,std,150,epoch,0.044
19,0.28687378764152527,0.22713885703162992,0.2570063223365776,97,3,udacity_dave,std,200,epoch,0.044
7,0.38746878504753113,0.2188158595429611,0.3031423222952461,22,2,udacity_dave,pace,50,epoch,0.044
10,0.34586891531944275,0.1854559565636835,0.26566243594156314,47,7,udacity_dave,pace,100,epoch,0.044
17,0.35220256447792053,0.2875297636503982,0.31986616406415935,73,9,udacity_dave,pace,150,epoch,0.044
25,0.3790222704410553,0.25032058157396664,0.31467142600751097,101,10,udacity_dave,pace,200,epoch,0.044
5,0.1957877278327942,0.11590019685700012,0.15584396234489717,22,7,udacity_dave,dr,50,epoch,0.087
9,0.23058035969734192,,,35,1,udacity_dave,dr,100,epoch,0.087
14,0.3096652328968048,0.30465695727830505,0.30716109508755496,52,4,udacity_dave,dr,150,epoch,0.087
11,0.19006837904453278,,,66,1,udacity_dave,dr,200,epoch,0.087
8,0.282138466835022,0.17126510911978562,0.2267017879774038,26,5,udacity_dave,ces,50,epoch,0.087
10,0.31888386607170105,0.20238197247223771,0.2606329192719694,43,10,udacity_dave,ces,100,epoch,0.087
18,0.388756662607193,0.2737337363858233,0.33124519949650816,81,10,udacity_dave,ces,150,epoch,0.087
24,0.4117066562175751,0.2719958054897591,0.3418512308536671,100,5,udacity_dave,ces,200,epoch,0.087
4,0.206392303109169,0.24597443472552236,0.2261833689173457,11,2,udacity_dave,est,50,epoch,0.087
8,0.20257672667503357,0.2206370184305208,0.2116068725527772,33,6,udacity_dave,est,100,epoch,0.087
13,0.337249755859375,0.2125669849993452,0.2749083704293601,46,7,udacity_dave,est,150,epoch,0.087
19,0.39292800426483154,0.34078801736031955,0.3668580108125755,67,3,udacity_dave,est,200,epoch,0.087
5,0.12723004817962646,0.12347260355788435,0.12535132586875541,16,4,udacity_dave,rnd,50,epoch,0.087
9,0.27042415738105774,0.18846807500460447,0.22944611619283112,34,8,udacity_dave,rnd,100,epoch,0.087
15,0.39241823554039,0.2465078789763544,0.3194630572583722,51,4,udacity_dave,rnd,150,epoch,0.087
14,0.24798239767551422,0.14670854011159487,0.19734546889355453,61,12,udacity_dave,rnd,200,epoch,0.087
8,0.46615827083587646,0.38613493498857865,0.42614660291222756,30,4,udacity_dave,ent,50,epoch,0.087
14,0.2832806706428528,0.17713054147712876,0.23020560605999077,52,8,udacity_dave,ent,100,epoch,0.087
18,0.4412175714969635,0.3322614716682474,0.38673952158260544,74,2,udacity_dave,ent,150,epoch,0.087
19,0.45527976751327515,0.3259446459047251,0.3906122067090001,99,4,udacity_dave,ent,200,epoch,0.087
2,0.22109320759773254,,,5,1,udacity_dave,gini,50,epoch,0.087
3,0.27956080436706543,0.10260120713292809,0.19108100574999676,10,0,udacity_dave,gini,100,epoch,0.087
6,0.2294267863035202,,,17,1,udacity_dave,gini,150,epoch,0.087
6,0.2201555222272873,0.3872063176790753,0.3036809199531813,20,4,udacity_dave,gini,200,epoch,0.087
4,0.17488059401512146,,,15,1,udacity_dave,gd,50,epoch,0.087
7,0.21429181098937988,0.13339161757778908,0.17384171428358447,41,3,udacity_dave,gd,100,epoch,0.087
11,0.3587219715118408,0.36488374970349624,0.36180286060766853,41,3,udacity_dave,gd,150,epoch,0.087
12,0.3540497124195099,0.326982111007299,0.34051591171340445,60,5,udacity_dave,gd,200,epoch,0.087
5,0.22389023005962372,0.09544387480616667,0.1596670524328952,19,5,udacity_dave,kmnc,50,epoch,0.087
11,0.29167598485946655,,,38,1,udacity_dave,kmnc,100,epoch,0.087
12,0.39776721596717834,0.2797632090650023,0.3387652125160903,56,6,udacity_dave,kmnc,150,epoch,0.087
13,0.473603755235672,0.422784911661187,0.4481943334484295,81,5,udacity_dave,kmnc,200,epoch,0.087
8,0.36657994985580444,0.27842498984903236,0.32250246985241837,30,4,udacity_dave,nac,50,epoch,0.087
17,0.2690300941467285,0.1468811471888859,0.2079556206678072,73,4,udacity_dave,nac,100,epoch,0.087
23,0.28453928232192993,0.25350255167313773,0.26902091699753383,114,5,udacity_dave,nac,150,epoch,0.087
22,0.39317962527275085,0.29117193067929487,0.34217577797602283,149,10,udacity_dave,nac,200,epoch,0.087
4,0.06741913408041,,,18,1,udacity_dave,lsa,50,epoch,0.087
9,0.2588694393634796,0.18336890338435588,0.22111917137391773,31,2,udacity_dave,lsa,100,epoch,0.087
11,0.19640707969665527,0.1294255286014748,0.16291630414906505,48,5,udacity_dave,lsa,150,epoch,0.087
12,0.3280918598175049,0.2500908158768322,0.28909133784716856,65,3,udacity_dave,lsa,200,epoch,0.087
4,0.17734737694263458,0.05009181848134944,0.11371959771199201,15,0,udacity_dave,std,50,epoch,0.087
7,0.28648048639297485,0.17585367171234434,0.2311670790526596,27,4,udacity_dave,std,100,epoch,0.087
14,0.39467746019363403,0.2647282164035587,0.32970283829859637,52,3,udacity_dave,std,150,epoch,0.087
14,0.36591461300849915,0.2430567141485751,0.3044856635785371,53,5,udacity_dave,std,200,epoch,0.087
4,0.19232238829135895,0.10146676413514144,0.1468945762132502,12,0,udacity_dave,pace,50,epoch,0.087
6,0.1608671247959137,0.2091976696864886,0.18503239724120113,20,2,udacity_dave,pace,100,epoch,0.087
5,0.2433883249759674,0.06754862874134664,0.15546847685865703,28,0,udacity_dave,pace,150,epoch,0.087
16,0.303937703371048,0.22702985093727923,0.2654837771541636,52,9,udacity_dave,pace,200,epoch,0.087
3,0.1573680192232132,0.046825334539494515,0.10209667688135385,12,6,udacity_dave,dr,50,epoch,0.131
6,0.20244307816028595,0.10355399477995748,0.1529985364701217,20,7,udacity_dave,dr,100,epoch,0.131
11,0.2330285608768463,0.31239679087748307,0.2727126758771647,30,4,udacity_dave,dr,150,epoch,0.131
4,0.08614826202392578,0.010371297189733154,0.048259779606829464,38,2,udacity_dave,dr,200,epoch,0.131
3,0.1795976608991623,0.08693550847872569,0.13326658468894398,14,5,udacity_dave,ces,50,epoch,0.131
8,0.3189902901649475,0.19801910044966328,0.2585046953073054,29,3,udacity_dave,ces,100,epoch,0.131
15,0.37411174178123474,0.262902315667404,0.31850702872431935,55,6,udacity_dave,ces,150,epoch,0.131
17,0.38867372274398804,0.2760373653506489,0.3323555440473185,71,4,udacity_dave,ces,200,epoch,0.131
0,-1.0,-1.0,-1.0,5,5,udacity_dave,est,50,epoch,0.131
6,0.23522476851940155,0.08958070506766558,0.16240273679353356,20,3,udacity_dave,est,100,epoch,0.131
11,0.3695676326751709,0.2504808881474343,0.3100242604113026,32,5,udacity_dave,est,150,epoch,0.131
14,0.3638213574886322,0.27070197476017743,0.3172616661244048,51,8,udacity_dave,est,200,epoch,0.131
2,0.193264901638031,0.10898379673300783,0.15112434918551942,9,5,udacity_dave,rnd,50,epoch,0.131
7,0.20065419375896454,0.2200468676587334,0.21035053070884896,23,2,udacity_dave,rnd,100,epoch,0.131
11,0.29689446091651917,0.21171262946492395,0.25430354519072157,34,4,udacity_dave,rnd,150,epoch,0.131
9,0.3378746211528778,0.1755637932717503,0.25671920721231406,43,6,udacity_dave,rnd,200,epoch,0.131
3,0.18710817396640778,,,7,1,udacity_dave,ent,50,epoch,0.131
7,0.21652637422084808,0.12774548476933123,0.17213592949508966,18,3,udacity_dave,ent,100,epoch,0.131
8,0.40997594594955444,0.22732244956397002,0.31864919775676226,30,2,udacity_dave,ent,150,epoch,0.131
13,0.37781110405921936,0.35625915450475304,0.3670351292819862,53,3,udacity_dave,ent,200,epoch,0.131
0,-1.0,-1.0,-1.0,3,3,udacity_dave,gini,50,epoch,0.131
2,0.21500173211097717,0.15092130208745705,0.1829615170992171,7,2,udacity_dave,gini,100,epoch,0.131
3,0.19499261677265167,0.06940501278367021,0.13219881477816095,10,3,udacity_dave,gini,150,epoch,0.131
4,0.12358769029378891,0.1101139710345395,0.11685083066416421,12,4,udacity_dave,gini,200,epoch,0.131
3,0.20956505835056305,0.05426861403717179,0.13191683619386743,8,0,udacity_dave,gd,50,epoch,0.131
8,0.3240906298160553,0.17843153839369305,0.2512610841048742,27,5,udacity_dave,gd,100,epoch,0.131
8,0.2686643898487091,0.15953745984034332,0.2141009248445262,26,3,udacity_dave,gd,150,epoch,0.131
13,0.26159146428108215,0.19632865367851823,0.2289600589798002,44,9,udacity_dave,gd,200,epoch,0.131
4,0.1480383574962616,,,12,1,udacity_dave,kmnc,50,epoch,0.131
8,0.3020094931125641,0.2785578328267772,0.2902836629696707,24,2,udacity_dave,kmnc,100,epoch,0.131
9,0.30396294593811035,0.15542037003304077,0.22969165798557556,37,10,udacity_dave,kmnc,150,epoch,0.131
13,0.3918341100215912,0.3207618088543833,0.35629795943798725,55,12,udacity_dave,kmnc,200,epoch,0.131
6,0.3205847442150116,0.30771652276511136,0.31415063349006145,26,2,udacity_dave,nac,50,epoch,0.131
12,0.3680473566055298,0.17732882161825056,0.2726880891118902,65,3,udacity_dave,nac,100,epoch,0.131
26,0.34628820419311523,0.3212395622527061,0.3337638832229107,103,10,udacity_dave,nac,150,epoch,0.131
23,0.32309862971305847,0.1444914557665399,0.23379504273979917,130,4,udacity_dave,nac,200,epoch,0.131
5,0.22852320969104767,,,14,1,udacity_dave,lsa,50,epoch,0.131
8,0.24697880446910858,,,21,1,udacity_dave,lsa,100,epoch,0.131
9,0.3263019919395447,0.3458700236430932,0.3360860077913189,33,3,udacity_dave,lsa,150,epoch,0.131
12,0.26422157883644104,0.20487996432368813,0.2345507715800646,43,6,udacity_dave,lsa,200,epoch,0.131
0,-1.0,-1.0,-1.0,7,7,udacity_dave,std,50,epoch,0.131
5,0.2532593309879303,0.25138274328114596,0.25232103713453813,14,2,udacity_dave,std,100,epoch,0.131
10,0.3836267590522766,0.30795501696394356,0.3457908880081101,36,4,udacity_dave,std,150,epoch,0.131
9,0.27204081416130066,0.35930423637567366,0.31567252526848716,37,5,udacity_dave,std,200,epoch,0.131
2,0.04564908146858215,,,10,1,udacity_dave,pace,50,epoch,0.131
3,0.26380422711372375,,,12,1,udacity_dave,pace,100,epoch,0.131
3,0.21324801445007324,,,20,1,udacity_dave,pace,150,epoch,0.131
7,0.29254090785980225,,,34,1,udacity_dave,pace,200,epoch,0.131
3,0.2520684599876404,0.1094350973790432,0.1807517786833418,6,0,udacity_dave,dr,50,epoch,0.175
4,0.2236766368150711,0.08295056879188739,0.15331360280347925,12,3,udacity_dave,dr,100,epoch,0.175
4,0.16029711067676544,0.03926040659318466,0.09977875863497505,17,5,udacity_dave,dr,150,epoch,0.175
7,0.22828732430934906,0.07943989133654257,0.1538636078229458,24,5,udacity_dave,dr,200,epoch,0.175
3,0.20934276282787323,0.32757675825456267,0.26845976054121795,12,2,udacity_dave,ces,50,epoch,0.175
8,0.2822529971599579,0.19907454013672365,0.24066376864834077,24,6,udacity_dave,ces,100,epoch,0.175
12,0.3036503493785858,0.1964868464248021,0.25006859790169395,42,9,udacity_dave,ces,150,epoch,0.175
14,0.3222390115261078,0.27734474239070345,0.2997918769584056,47,4,udacity_dave,ces,200,epoch,0.175
1,0.22110988199710846,0.0564025551607875,0.138756218578948,4,2,udacity_dave,est,50,epoch,0.175
3,0.12013380229473114,,,10,1,udacity_dave,est,100,epoch,0.175
6,0.2741785943508148,0.20685563563890613,0.24051711499486048,19,3,udacity_dave,est,150,epoch,0.175
9,0.2620795667171478,0.12859876047757357,0.1953391635973607,33,9,udacity_dave,est,200,epoch,0.175
2,0.1549743413925171,0.035664804961865894,0.09531957317719149,7,2,udacity_dave,rnd,50,epoch,0.175
3,0.08460858464241028,,,10,1,udacity_dave,rnd,100,epoch,0.175
10,0.34040001034736633,0.16875524736316522,0.2545776288552658,29,0,udacity_dave,rnd,150,epoch,0.175
8,0.29908645153045654,0.21040257551559605,0.2547445135230263,25,4,udacity_dave,rnd,200,epoch,0.175
1,0.2283657342195511,0.09517551088808601,0.16177062255381855,4,2,udacity_dave,ent,50,epoch,0.175
3,0.24094070494174957,,,8,1,udacity_dave,ent,100,epoch,0.175
4,0.17304033041000366,0.20568900946146204,0.18936466993573287,16,6,udacity_dave,ent,150,epoch,0.175
7,0.413194477558136,,,27,1,udacity_dave,ent,200,epoch,0.175
-1,-1.0,-1.0,-1.0,2,-1,udacity_dave,gini,50,epoch,0.175
2,0.22993023693561554,0.10548207407731819,0.16770615550646686,5,0,udacity_dave,gini,100,epoch,0.175
2,0.21064181625843048,0.10679639641408681,0.15871910633625863,8,4,udacity_dave,gini,150,epoch,0.175
3,0.18748542666435242,,,10,1,udacity_dave,gini,200,epoch,0.175
-1,-1.0,-1.0,-1.0,1,-1,udacity_dave,gd,50,epoch,0.175
6,0.3119851052761078,,,19,1,udacity_dave,gd,100,epoch,0.175
5,0.18448910117149353,0.23464148354806333,0.20956529235977844,16,2,udacity_dave,gd,150,epoch,0.175
9,0.3403942584991455,0.18785631121496696,0.2641252848570562,35,2,udacity_dave,gd,200,epoch,0.175
0,-1.0,-1.0,-1.0,7,7,udacity_dave,kmnc,50,epoch,0.175
3,0.20240934193134308,,,12,1,udacity_dave,kmnc,100,epoch,0.175
7,0.35436713695526123,0.2478870796817425,0.30112710831850187,27,7,udacity_dave,kmnc,150,epoch,0.175
11,0.37469998002052307,0.3744214690429702,0.3745607245317466,34,2,udacity_dave,kmnc,200,epoch,0.175
7,0.2971334159374237,0.16211534129058006,0.22962437861400187,19,0,udacity_dave,nac,50,epoch,0.175
16,0.21655580401420593,0.15836167040778043,0.18745873721099318,52,10,udacity_dave,nac,100,epoch,0.175
14,0.3117152750492096,0.026354297107977636,0.16903478607859362,86,11,udacity_dave,nac,150,epoch,0.175
20,0.4043702185153961,0.21500348606807862,0.30968685229173737,110,7,udacity_dave,nac,200,epoch,0.175
4,0.22193942964076996,0.05431200113101916,0.13812571538589455,8,0,udacity_dave,lsa,50,epoch,0.175
4,0.22831912338733673,0.04217158045096883,0.13524535191915277,14,2,udacity_dave,lsa,100,epoch,0.175
7,0.28686395287513733,0.2791419382809458,0.28300294557804156,23,3,udacity_dave,lsa,150,epoch,0.175
6,0.23057079315185547,0.14626543352573784,0.18841811333879666,27,2,udacity_dave,lsa,200,epoch,0.175
0,-1.0,-1.0,-1.0,3,3,udacity_dave,std,50,epoch,0.175
2,0.23142394423484802,0.020212726315114133,0.12581833527498107,7,0,udacity_dave,std,100,epoch,0.175
6,0.19685545563697815,0.22150074855997423,0.2091781020984762,21,3,udacity_dave,std,150,epoch,0.175
5,0.32818183302879333,0.20283296103150267,0.26550739703014803,23,4,udacity_dave,std,200,epoch,0.175
1,0.04439714178442955,0.30235673352781217,0.17337693765612086,7,2,udacity_dave,pace,50,epoch,0.175
1,0.155114084482193,0.09768775959035683,0.1264009220362749,7,5,udacity_dave,pace,100,epoch,0.175
2,0.2565837502479553,0.11361087006866835,0.18509731015831182,10,2,udacity_dave,pace,150,epoch,0.175
5,0.2650621235370636,0.27111063131080054,0.26808637742393204,20,2,udacity_dave,pace,200,epoch,0.175
0,-1.0,-1.0,-1.0,5,5,udacity_dave,dr,50,epoch,0.218
3,0.19171100854873657,0.15690074679428745,0.174305877671512,8,2,udacity_dave,dr,100,epoch,0.218
2,0.25816836953163147,0.03916679889753958,0.14866758421458554,11,6,udacity_dave,dr,150,epoch,0.218
5,0.15310384333133698,-0.005837910748190865,0.07363296629157305,18,5,udacity_dave,dr,200,epoch,0.218
2,0.19856461882591248,0.027241278705584605,0.11290294876574854,9,3,udacity_dave,ces,50,epoch,0.218
4,0.25954675674438477,0.11617188369318673,0.18785932021878576,18,7,udacity_dave,ces,100,epoch,0.218
9,0.3706389367580414,0.3353894275090839,0.3530141821335626,32,4,udacity_dave,ces,150,epoch,0.218
12,0.3401831388473511,0.38614944797654005,0.36316629341194556,39,4,udacity_dave,ces,200,epoch,0.218
-1,-1.0,-1.0,-1.0,1,-1,udacity_dave,est,50,epoch,0.218
2,0.15256856381893158,0.07618838929879398,0.11437847655886278,8,2,udacity_dave,est,100,epoch,0.218
3,0.13639099895954132,0.04840650564677022,0.09239875230315578,15,9,udacity_dave,est,150,epoch,0.218
7,0.2871043384075165,0.28920483649589657,0.2881545874517065,26,2,udacity_dave,est,200,epoch,0.218
0,-1.0,-1.0,-1.0,3,3,udacity_dave,rnd,50,epoch,0.218
2,0.06174244359135628,,,8,1,udacity_dave,rnd,100,epoch,0.218
5,0.24818645417690277,0.048622575617603095,0.14840451489725293,18,5,udacity_dave,rnd,150,epoch,0.218
5,0.2478547990322113,,,16,1,udacity_dave,rnd,200,epoch,0.218
0,-1.0,-1.0,-1.0,3,3,udacity_dave,ent,50,epoch,0.218
0,-1.0,-1.0,-1.0,3,3,udacity_dave,ent,100,epoch,0.218
2,0.3187001645565033,0.1602478578294042,0.23947401119295375,6,0,udacity_dave,ent,150,epoch,0.218
4,0.3571653962135315,,,15,1,udacity_dave,ent,200,epoch,0.218
-1,-1.0,-1.0,-1.0,2,-1,udacity_dave,gini,50,epoch,0.218
2,0.06796955317258835,,,5,1,udacity_dave,gini,100,epoch,0.218
2,0.04297155886888504,0.10930378991690537,0.0761376743928952,7,3,udacity_dave,gini,150,epoch,0.218
1,0.15580330789089203,-0.027962966878039133,0.06392017050642645,8,6,udacity_dave,gini,200,epoch,0.218
-1,-1.0,-1.0,-1.0,1,-1,udacity_dave,gd,50,epoch,0.218
5,0.20780257880687714,0.1825586830763863,0.19518063094163174,16,4,udacity_dave,gd,100,epoch,0.218
3,0.2612462341785431,0.15295899647803943,0.20710261532829127,11,2,udacity_dave,gd,150,epoch,0.218
7,0.33875882625579834,0.17594521793762333,0.2573520220967108,26,0,udacity_dave,gd,200,epoch,0.218
0,-1.0,-1.0,-1.0,5,5,udacity_dave,kmnc,50,epoch,0.218
3,0.24261626601219177,0.14474581767748795,0.19368104184483986,10,3,udacity_dave,kmnc,100,epoch,0.218
6,0.33735471963882446,0.23035633004812675,0.2838555248434756,17,0,udacity_dave,kmnc,150,epoch,0.218
7,0.23062871396541595,0.16357622623328635,0.19710247009935117,25,6,udacity_dave,kmnc,200,epoch,0.218
4,0.22870203852653503,0.2867804485616608,0.2577412435440979,15,2,udacity_dave,nac,50,epoch,0.218
15,0.30956512689590454,0.24581122709590975,0.27768817699590714,46,4,udacity_dave,nac,100,epoch,0.218
16,0.3346582055091858,0.20892390359127214,0.27179105455022895,78,7,udacity_dave,nac,150,epoch,0.218
17,0.38033053278923035,0.14229280481952508,0.26131166880437773,95,6,udacity_dave,nac,200,epoch,0.218
0,-1.0,-1.0,-1.0,7,7,udacity_dave,lsa,50,epoch,0.218
4,0.15780265629291534,0.42946366835595595,0.29363316232443565,11,3,udacity_dave,lsa,100,epoch,0.218
4,0.1422634869813919,,,16,1,udacity_dave,lsa,150,epoch,0.218
6,0.197223961353302,0.426027960016479,0.3116259606848905,19,5,udacity_dave,lsa,200,epoch,0.218
-1,-1.0,-1.0,-1.0,1,-1,udacity_dave,std,50,epoch,0.218
0,-1.0,-1.0,-1.0,5,5,udacity_dave,std,100,epoch,0.218
4,0.23841513693332672,0.032605365235524056,0.13551025108442538,13,0,udacity_dave,std,150,epoch,0.218
3,0.17463281750679016,0.05650680701350848,0.11556981226014931,15,5,udacity_dave,std,200,epoch,0.218
1,0.0778394490480423,0.03383206941950476,0.05583575923377353,4,2,udacity_dave,pace,50,epoch,0.218
0,-1.0,-1.0,-1.0,5,5,udacity_dave,pace,100,epoch,0.218
2,0.0935092344880104,,,7,1,udacity_dave,pace,150,epoch,0.218
4,0.2196565717458725,,,12,1,udacity_dave,pace,200,epoch,0.218
0,-1.0,-1.0,-1.0,4,4,udacity_dave,dr,50,epoch,0.262
1,0.16948112845420837,-0.013329336751617606,0.07807589585129539,7,5,udacity_dave,dr,100,epoch,0.262
3,0.17099644243717194,,,9,1,udacity_dave,dr,150,epoch,0.262
5,0.12763793766498566,0.07241295685370255,0.1000254472593441,15,2,udacity_dave,dr,200,epoch,0.262
0,-1.0,-1.0,-1.0,6,6,udacity_dave,ces,50,epoch,0.262
5,0.16731998324394226,0.14611791812183972,0.156718950682891,15,4,udacity_dave,ces,100,epoch,0.262
5,0.3272140920162201,0.16095533840052437,0.24408471520837222,26,2,udacity_dave,ces,150,epoch,0.262
9,0.3427882194519043,0.17923991558548444,0.2610140675186944,26,2,udacity_dave,ces,200,epoch,0.262
-1,-1.0,-1.0,-1.0,1,-1,udacity_dave,est,50,epoch,0.262
1,0.21469542384147644,0.05264916446210288,0.13367229415178966,4,2,udacity_dave,est,100,epoch,0.262
3,0.20800811052322388,,,9,1,udacity_dave,est,150,epoch,0.262
6,0.27219027280807495,0.15644988527535741,0.21432007904171618,22,4,udacity_dave,est,200,epoch,0.262
0,-1.0,-1.0,-1.0,3,3,udacity_dave,rnd,50,epoch,0.262
2,0.11382275074720383,0.49385892819630584,0.30384083947175483,7,3,udacity_dave,rnd,100,epoch,0.262
5,0.25738388299942017,0.3536260335919276,0.3055049582956739,12,2,udacity_dave,rnd,150,epoch,0.262
4,0.1810905635356903,0.3029359445906261,0.2420132540631582,13,2,udacity_dave,rnd,200,epoch,0.262
-1,-1.0,-1.0,-1.0,0,-1,udacity_dave,ent,50,epoch,0.262
-1,-1.0,-1.0,-1.0,0,-1,udacity_dave,ent,100,epoch,0.262
-1,-1.0,-1.0,-1.0,1,-1,udacity_dave,ent,150,epoch,0.262
2,0.08655332773923874,0.15647318357862655,0.12151325565893265,7,3,udacity_dave,ent,200,epoch,0.262
-1,-1.0,-1.0,-1.0,2,-1,udacity_dave,gini,50,epoch,0.262
2,0.39549964666366577,,,5,1,udacity_dave,gini,100,epoch,0.262
2,0.3036421835422516,0.05342796881806284,0.1785350761801572,7,0,udacity_dave,gini,150,epoch,0.262
2,0.13226382434368134,,,7,1,udacity_dave,gini,200,epoch,0.262
-1,-1.0,-1.0,-1.0,1,-1,udacity_dave,gd,50,epoch,0.262
3,0.292324960231781,0.1968177232428915,0.24457134173733625,12,4,udacity_dave,gd,100,epoch,0.262
3,0.1890944242477417,,,8,1,udacity_dave,gd,150,epoch,0.262
4,0.1950039565563202,,,15,1,udacity_dave,gd,200,epoch,0.262
0,-1.0,-1.0,-1.0,3,3,udacity_dave,kmnc,50,epoch,0.262
3,0.20246870815753937,,,7,1,udacity_dave,kmnc,100,epoch,0.262
4,0.14367462694644928,,,11,1,udacity_dave,kmnc,150,epoch,0.262
5,0.3879859149456024,0.24017197534852824,0.31407894514706536,18,0,udacity_dave,kmnc,200,epoch,0.262
4,0.26828035712242126,0.12317057349835853,0.1957254653103899,12,0,udacity_dave,nac,50,epoch,0.262
11,0.32713067531585693,0.08408587341893922,0.2056082743673981,41,0,udacity_dave,nac,100,epoch,0.262
13,0.35440194606781006,0.1191868146399934,0.2367943803539017,71,4,udacity_dave,nac,150,epoch,0.262
21,0.3023754358291626,0.2017318304732218,0.2520536331511922,85,6,udacity_dave,nac,200,epoch,0.262
0,-1.0,-1.0,-1.0,5,5,udacity_dave,lsa,50,epoch,0.262
2,0.17692747712135315,-0.021957785760966762,0.07748484568019319,8,4,udacity_dave,lsa,100,epoch,0.262
3,0.17629922926425934,0.03553266315008926,0.1059159462071743,12,0,udacity_dave,lsa,150,epoch,0.262
4,0.20816822350025177,0.04140423686596656,0.12478623018310916,15,0,udacity_dave,lsa,200,epoch,0.262
-1,-1.0,-1.0,-1.0,0,-1,udacity_dave,std,50,epoch,0.262
-1,-1.0,-1.0,-1.0,2,-1,udacity_dave,std,100,epoch,0.262
3,0.1619063913822174,0.11784298974968506,0.13987469056595123,11,4,udacity_dave,std,150,epoch,0.262
2,0.2806163430213928,0.08233801473092127,0.18147717887615705,8,0,udacity_dave,std,200,epoch,0.262
0,-1.0,-1.0,-1.0,3,3,udacity_dave,pace,50,epoch,0.262
0,-1.0,-1.0,-1.0,5,5,udacity_dave,pace,100,epoch,0.262
2,0.0704469308257103,,,6,1,udacity_dave,pace,150,epoch,0.262
2,0.10712620615959167,0.25554192779500484,0.18133406697729826,9,2,udacity_dave,pace,200,epoch,0.262
-1,-1.0,-1.0,-1.0,2,-1,udacity_dave,dr,50,epoch,0.305
0,-1.0,-1.0,-1.0,4,4,udacity_dave,dr,100,epoch,0.305
0,-1.0,-1.0,-1.0,5,5,udacity_dave,dr,150,epoch,0.305
1,-1.0,-1.0,-1.0,9,0,udacity_dave,dr,200,epoch,0.305
1,0.1857783943414688,0.022570953334248526,0.10417467383785867,4,2,udacity_dave,ces,50,epoch,0.305
4,0.2624017298221588,0.0870048579100418,0.1747032938661003,12,3,udacity_dave,ces,100,epoch,0.305
6,0.2536865770816803,0.1593993757706744,0.20654297642617736,19,3,udacity_dave,ces,150,epoch,0.305
7,0.2267961949110031,0.42108231255003176,0.32393925373051746,21,4,udacity_dave,ces,200,epoch,0.305
-1,-1.0,-1.0,-1.0,1,-1,udacity_dave,est,50,epoch,0.305
-1,-1.0,-1.0,-1.0,2,-1,udacity_dave,est,100,epoch,0.305
1,0.20075668394565582,-0.004507641958307413,0.0981245209936742,6,3,udacity_dave,est,150,epoch,0.305
5,0.178963765501976,0.06997405155614547,0.12446890852906074,16,3,udacity_dave,est,200,epoch,0.305
-1,-1.0,-1.0,-1.0,2,-1,udacity_dave,rnd,50,epoch,0.305
1,0.16727223992347717,0.5396645551706344,0.3534683975470558,4,2,udacity_dave,rnd,100,epoch,0.305
2,0.09510841220617294,0.06688499800695019,0.08099670510656157,9,2,udacity_dave,rnd,150,epoch,0.305
2,0.17652614414691925,0.2876068467411895,0.2320664954440544,11,2,udacity_dave,rnd,200,epoch,0.305
-1,-1.0,-1.0,-1.0,0,-1,udacity_dave,ent,50,epoch,0.305
-1,-1.0,-1.0,-1.0,0,-1,udacity_dave,ent,100,epoch,0.305
-1,-1.0,-1.0,-1.0,0,-1,udacity_dave,ent,150,epoch,0.305
1,0.9416512250900269,0.9380991625526314,0.9398751938213291,4,2,udacity_dave,ent,200,epoch,0.305
-1,-1.0,-1.0,-1.0,2,-1,udacity_dave,gini,50,epoch,0.305
0,-1.0,-1.0,-1.0,5,5,udacity_dave,gini,100,epoch,0.305
0,-1.0,-1.0,-1.0,7,7,udacity_dave,gini,150,epoch,0.305
2,0.2556474804878235,,,7,1,udacity_dave,gini,200,epoch,0.305
-1,-1.0,-1.0,-1.0,1,-1,udacity_dave,gd,50,epoch,0.305
4,0.21506178379058838,0.12254198813683835,0.16880188596371337,10,0,udacity_dave,gd,100,epoch,0.305
0,-1.0,-1.0,-1.0,7,7,udacity_dave,gd,150,epoch,0.305
4,0.22730088233947754,0.14360883010684722,0.18545485622316238,10,0,udacity_dave,gd,200,epoch,0.305
-1,-1.0,-1.0,-1.0,2,-1,udacity_dave,kmnc,50,epoch,0.305
1,0.18858754634857178,0.026734852853691742,0.10766119960113175,4,2,udacity_dave,kmnc,100,epoch,0.305
3,0.2659345269203186,,,10,1,udacity_dave,kmnc,150,epoch,0.305
4,0.289429634809494,,,13,1,udacity_dave,kmnc,200,epoch,0.305
2,0.28466156125068665,0.17106142893576087,0.22786149509322376,7,0,udacity_dave,nac,50,epoch,0.305
8,0.2635935842990875,,,29,1,udacity_dave,nac,100,epoch,0.305
14,0.28352537751197815,0.2744243804994647,0.27897487900572143,56,3,udacity_dave,nac,150,epoch,0.305
11,0.3036540746688843,0.1793875725193959,0.2415208235941401,68,3,udacity_dave,nac,200,epoch,0.305
0,-1.0,-1.0,-1.0,5,5,udacity_dave,lsa,50,epoch,0.305
0,-1.0,-1.0,-1.0,6,6,udacity_dave,lsa,100,epoch,0.305
2,0.11580801010131836,0.0108608145538167,0.06333441232756754,8,3,udacity_dave,lsa,150,epoch,0.305
3,0.12461000680923462,0.2996180596450017,0.21211403322711816,10,2,udacity_dave,lsa,200,epoch,0.305
-1,-1.0,-1.0,-1.0,0,-1,udacity_dave,std,50,epoch,0.305
-1,-1.0,-1.0,-1.0,2,-1,udacity_dave,std,100,epoch,0.305
1,0.05921975150704384,0.030782386051749367,0.0450010687793966,6,2,udacity_dave,std,150,epoch,0.305
0,-1.0,-1.0,-1.0,4,4,udacity_dave,std,200,epoch,0.305
0,-1.0,-1.0,-1.0,3,3,udacity_dave,pace,50,epoch,0.305
1,0.2880338430404663,0.11702708339977605,0.2025304632201212,4,2,udacity_dave,pace,100,epoch,0.305
1,0.18117277324199677,-0.009781310421411218,0.08569573141029277,6,3,udacity_dave,pace,150,epoch,0.305
1,0.1747785210609436,0.5068849042351754,0.3408317126480595,6,3,udacity_dave,pace,200,epoch,0.305
