ID,Outcome,SUT,Confidence,dsa,lsa,conf*(1-norm_dsa)
0,Pass,0,0,0,13.14078672804597,0
1,Pass,0,0,0,9.206886972239438,0
2,Pass,0,0,0,10.527734281202665,0
3,Pass,0,0,0,11.560867671884884,0
4,Pass,0,0,0,4.054578716976602,0
5,Pass,0,0,0,0.36100631252822013,0
6,Pass,0,0,0,5.710481152684609,0
7,Pass,0,0,0,4.692760110416743,0
8,Pass,0,0,0,3.407901803939144,0
9,Pass,0,0,0,9.255031566118117,0
10,Pass,0,0,0,22.250930278040407,0
11,Pass,0,0,0,14.87335242870667,0
12,Pass,0,0,0,7.005027814618356,0
13,Pass,0,0,0,-0.0,0
14,Pass,0,0,0,6.89413856840645,0
15,Pass,0,0,0,-0.0,0
16,Pass,0,0,0,0.10925697797983414,0
17,Pass,0,0,0,-0.0,0
18,Pass,0,0,0,-0.0,0
19,Pass,0,0,0,-0.0,0
20,Pass,0,0,0,-0.0,0
21,Pass,0,0,0,-0.0,0
22,Pass,0,0,0,9.143274192065999,0
23,Pass,0,0,0,0.028316508026408158,0
24,Pass,0,0,0,4.0697833568779105,0
25,Pass,0,0,0,-0.0,0
26,Pass,0,0,0,2.3471010484663437,0
27,Pass,0,0,0,10.903193620758543,0
28,Pass,0,0,0,-0.0,0
29,Pass,0,0,0,23.025850929940454,0
30,Pass,0,0,0,23.025850929940454,0
31,Pass,0,0,0,23.025850929940454,0
32,Pass,0,0,0,23.025850929940454,0
33,Pass,0,0,0,4.933925727897489,0
34,Pass,0,0,0,4.3482623233117055,0
35,Pass,0,0,0,3.0467572202318243,0
36,Pass,0,0,0,2.012857966169546,0
37,Pass,0,0,0,22.152960868593034,0
38,Pass,0,0,0,22.811794742643333,0
39,Pass,0,0,0,23.025850929940454,0
40,Pass,0,0,0,-0.0,0
41,Pass,0,0,0,-0.0,0
42,Pass,0,0,0,-0.0,0
43,Pass,0,0,0,-0.0,0
44,Pass,0,0,0,3.089160710877134,0
45,Pass,0,0,0,5.750791452645211,0
46,Pass,0,0,0,-0.0,0
47,Pass,0,0,0,8.487304638603382,0
48,Pass,0,0,0,23.025850929940454,0
49,Pass,0,0,0,2.1278921433766906,0
50,Pass,0,0,0,23.025850929940454,0
51,Pass,0,0,0,21.644471931224547,0
52,Pass,0,0,0,-0.0,0
53,Pass,0,0,0,-0.0,0
54,Pass,0,0,0,9.812633677460722,0
55,Pass,0,0,0,14.650476815108602,0
56,Pass,0,0,0,-0.0,0
57,Pass,0,0,0,12.521180729462694,0
58,Pass,0,0,0,4.42389851092331,0
59,Pass,0,0,0,-0.0,0
60,Pass,0,0,0,-0.0,0
61,Pass,0,0,0,-0.0,0
62,Pass,0,0,0,-0.0,0
63,Pass,0,0,0,-0.0,0
64,Pass,0,0,0,-0.0,0
65,Pass,0,0,0,-0.0,0
66,Pass,0,0,0,-0.0,0
67,Pass,0,0,0,-0.0,0
68,Pass,0,0,0,-0.0,0
69,Pass,0,0,0,-0.0,0
70,Pass,0,0,0,1.344673171257014,0
71,Pass,0,0,0,-0.0,0
72,Pass,0,0,0,7.682433331018246,0
73,Pass,0,0,0,1.4520583434480128,0
74,Pass,0,0,0,3.2221501753140003,0
75,Pass,0,0,0,3.4500434111407823,0
76,Pass,0,0,0,6.973592130004406,0
77,Pass,0,0,0,4.153754437824916,0
78,Pass,0,0,0,-0.0,0
79,Pass,0,0,0,-0.0,0
80,Pass,0,0,0,4.952535972368444,0
81,Pass,0,0,0,-0.0,0
82,Pass,0,0,0,-0.0,0
83,Pass,0,0,0,6.350198960392828,0
84,Pass,0,0,0,-0.0,0
85,Pass,0,0,0,13.286833589139315,0
86,Pass,0,0,0,3.1055334356991913,0
87,Pass,0,0,0,12.654553462103792,0
88,Pass,0,0,0,6.609786585700597,0
89,Pass,0,0,0,5.834015316466171,0
90,Pass,0,0,0,23.025850929940454,0
91,Pass,0,0,0,19.272138650172828,0
92,Pass,0,0,0,19.029120725185717,0
93,Pass,0,0,0,15.781635826942228,0
94,Pass,0,0,0,17.725611702601036,0
95,Pass,0,0,0,22.164191811798936,0
96,Pass,0,0,0,23.025850929940454,0
97,Pass,0,0,0,21.529628269658197,0
98,Pass,0,0,0,23.025850929940454,0
99,Pass,0,0,0,18.960361210692533,0
100,Pass,0,0,0,11.23266267455572,0
101,Pass,0,0,0,16.193927967097753,0
102,Pass,0,0,0,14.033495624420437,0
103,Pass,0,0,0,10.366491028251096,0
104,Pass,0,0,0,5.237825835049133,0
105,Pass,0,0,0,7.025192112330342,0
106,Pass,0,0,0,7.243556710945325,0
107,Pass,0,0,0,6.3637577515250285,0
108,Pass,0,0,0,2.249543793161517,0
109,Pass,0,0,0,3.768733886536451,0
110,Pass,0,0,0,-0.0,0
111,Pass,0,0,0,8.70535545462083,0
112,Pass,0,0,0,-0.0,0
113,Pass,0,0,0,-0.0,0
114,Pass,0,0,0,-0.0,0
115,Pass,0,0,0,-0.0,0
116,Pass,0,0,0,-0.0,0
117,Pass,0,0,0,-0.0,0
118,Pass,0,0,0,-0.0,0
119,Pass,0,0,0,-0.0,0
120,Pass,0,0,0,-0.0,0
121,Pass,0,0,0,-0.0,0
122,Pass,0,0,0,-0.0,0
123,Pass,0,0,0,-0.0,0
124,Pass,0,0,0,-0.0,0
125,Pass,0,0,0,-0.0,0
126,Pass,0,0,0,-0.0,0
127,Pass,0,0,0,-0.0,0
128,Pass,0,0,0,-0.0,0
129,Pass,0,0,0,-0.0,0
130,Pass,0,0,0,-0.0,0
131,Pass,0,0,0,-0.0,0
132,Pass,0,0,0,-0.0,0
133,Pass,0,0,0,-0.0,0
134,Pass,0,0,0,-0.0,0
135,Pass,0,0,0,-0.0,0
136,Pass,0,0,0,-0.0,0
137,Pass,0,0,0,-0.0,0
138,Pass,0,0,0,-0.0,0
139,Pass,0,0,0,-0.0,0
140,Pass,0,0,0,-0.0,0
141,Pass,0,0,0,-0.0,0
142,Pass,0,0,0,-0.0,0
143,Pass,0,0,0,-0.0,0
144,Pass,0,0,0,-0.0,0
145,Pass,0,0,0,-0.0,0
146,Pass,0,0,0,-0.0,0
147,Pass,0,0,0,-0.0,0
148,Pass,0,0,0,-0.0,0
149,Pass,0,0,0,-0.0,0
150,Pass,0,0,0,1.7468175436355857,0
151,Pass,0,0,0,-0.0,0
152,Pass,0,0,0,-0.0,0
153,Pass,0,0,0,-0.0,0
154,Pass,0,0,0,0.2889705780316994,0
155,Pass,0,0,0,-0.0,0
156,Pass,0,0,0,-0.0,0
157,Pass,0,0,0,-0.0,0
158,Pass,0,0,0,7.579610051959252,0
159,Pass,0,0,0,5.022197784952751,0
160,Pass,0,0,0,1.119976636561079,0
161,Pass,0,0,0,-0.0,0
162,Pass,0,0,0,-0.0,0
163,Pass,0,0,0,-0.0,0
164,Pass,0,0,0,-0.0,0
165,Pass,0,0,0,-0.0,0
166,Pass,0,0,0,-0.0,0
167,Pass,0,0,0,-0.0,0
168,Pass,0,0,0,-0.0,0
169,Pass,0,0,0,-0.0,0
170,Pass,0,0,0,-0.0,0
171,Pass,0,0,0,-0.0,0
172,Pass,0,0,0,-0.0,0
173,Pass,0,0,0,-0.0,0
174,Pass,0,0,0,-0.0,0
175,Pass,0,0,0,-0.0,0
176,Pass,0,0,0,-0.0,0
177,Pass,0,0,0,-0.0,0
178,Pass,0,0,0,-0.0,0
179,Pass,0,0,0,-0.0,0
180,Pass,0,0,0,-0.0,0
181,Pass,0,0,0,-0.0,0
182,Pass,0,0,0,-0.0,0
183,Pass,0,0,0,-0.0,0
184,Pass,0,0,0,1.5206915299509662,0
185,Pass,0,0,0,-0.0,0
186,Pass,0,0,0,-0.0,0
187,Pass,0,0,0,-0.0,0
188,Pass,0,0,0,-0.0,0
189,Pass,0,0,0,-0.0,0
190,Pass,0,0,0,-0.0,0
191,Pass,0,0,0,-0.0,0
192,Pass,0,0,0,-0.0,0
193,Pass,0,0,0,-0.0,0
194,Pass,0,0,0,-0.0,0
195,Pass,0,0,0,-0.0,0
196,Pass,0,0,0,-0.0,0
197,Pass,0,0,0,-0.0,0
198,Pass,0,0,0,-0.0,0
199,Pass,0,0,0,-0.0,0
200,Pass,0,0,0,-0.0,0
201,Pass,0,0,0,-0.0,0
202,Pass,0,0,0,-0.0,0
203,Pass,0,0,0,-0.0,0
204,Pass,0,0,0,-0.0,0
205,Pass,0,0,0,-0.0,0
206,Pass,0,0,0,-0.0,0
207,Pass,0,0,0,-0.0,0
208,Pass,0,0,0,-0.0,0
209,Pass,0,0,0,-0.0,0
210,Pass,0,0,0,-0.0,0
211,Pass,0,0,0,-0.0,0
212,Pass,0,0,0,-0.0,0
213,Pass,0,0,0,-0.0,0
214,Pass,0,0,0,-0.0,0
215,Pass,0,0,0,-0.0,0
216,Pass,0,0,0,-0.0,0
217,Pass,0,0,0,-0.0,0
218,Pass,0,0,0,-0.0,0
219,Pass,0,0,0,-0.0,0
220,Pass,0,0,0,-0.0,0
221,Pass,0,0,0,-0.0,0
222,Pass,0,0,0,-0.0,0
223,Pass,0,0,0,-0.0,0
224,Pass,0,0,0,-0.0,0
225,Pass,0,0,0,-0.0,0
226,Pass,0,0,0,-0.0,0
227,Pass,0,0,0,-0.0,0
228,Pass,0,0,0,-0.0,0
229,Pass,0,0,0,-0.0,0
230,Pass,0,0,0,-0.0,0
231,Pass,0,0,0,-0.0,0
232,Pass,0,0,0,-0.0,0
233,Pass,0,0,0,-0.0,0
234,Pass,0,0,0,-0.0,0
235,Pass,0,0,0,-0.0,0
236,Pass,0,0,0,-0.0,0
237,Pass,0,0,0,-0.0,0
238,Pass,0,0,0,-0.0,0
239,Pass,0,0,0,-0.0,0
240,Pass,0,0,0,-0.0,0
241,Pass,0,0,0,-0.0,0
242,Pass,0,0,0,-0.0,0
243,Pass,0,0,0,-0.0,0
244,Pass,0,0,0,-0.0,0
245,Pass,0,0,0,-0.0,0
246,Pass,0,0,0,-0.0,0
247,Pass,0,0,0,-0.0,0
248,Pass,0,0,0,-0.0,0
249,Pass,0,0,0,-0.0,0
250,Pass,0,0,0,-0.0,0
251,Pass,0,0,0,-0.0,0
252,Pass,0,0,0,-0.0,0
253,Pass,0,0,0,-0.0,0
254,Pass,0,0,0,-0.0,0
255,Pass,0,0,0,3.0472626687860447,0
256,Pass,0,0,0,-0.0,0
257,Pass,0,0,0,-0.0,0
258,Pass,0,0,0,-0.0,0
259,Pass,0,0,0,-0.0,0
260,Pass,0,0,0,-0.0,0
261,Pass,0,0,0,-0.0,0
262,Pass,0,0,0,-0.0,0
263,Pass,0,0,0,-0.0,0
264,Pass,0,0,0,-0.0,0
265,Pass,0,0,0,-0.0,0
266,Pass,0,0,0,-0.0,0
267,Pass,0,0,0,-0.0,0
268,Pass,0,0,0,-0.0,0
269,Pass,0,0,0,-0.0,0
270,Pass,0,0,0,5.357299720201194,0
271,Pass,0,0,0,-0.0,0
272,Pass,0,0,0,-0.0,0
273,Pass,0,0,0,-0.0,0
274,Pass,0,0,0,-0.0,0
275,Pass,0,0,0,-0.0,0
276,Pass,0,0,0,-0.0,0
277,Pass,0,0,0,-0.0,0
278,Pass,0,0,0,-0.0,0
279,Pass,0,0,0,-0.0,0
280,Pass,0,0,0,1.585083593805204,0
281,Pass,0,0,0,-0.0,0
282,Pass,0,0,0,6.048013939820213,0
283,Pass,0,0,0,-0.0,0
284,Pass,0,0,0,-0.0,0
285,Pass,0,0,0,-0.0,0
286,Pass,0,0,0,1.3217101162534255,0
287,Pass,0,0,0,-0.0,0
288,Pass,0,0,0,11.284277567253925,0
289,Pass,0,0,0,3.450585544260638,0
290,Pass,0,0,0,-0.0,0
291,Pass,0,0,0,-0.0,0
292,Pass,0,0,0,6.542328754318898,0
293,Pass,0,0,0,16.835665437975695,0
294,Pass,0,0,0,11.058553702113597,0
295,Pass,0,0,0,10.728253611947805,0
296,Pass,0,0,0,-0.0,0
297,Pass,0,0,0,-0.0,0
298,Pass,0,0,0,-0.0,0
299,Pass,0,0,0,-0.0,0
300,Pass,0,0,0,-0.0,0
301,Pass,0,0,0,-0.0,0
302,Pass,0,0,0,-0.0,0
303,Pass,0,0,0,-0.0,0
304,Pass,0,0,0,-0.0,0
305,Pass,0,0,0,-0.0,0
306,Pass,0,0,0,-0.0,0
307,Pass,0,0,0,-0.0,0
308,Pass,0,0,0,-0.0,0
309,Pass,0,0,0,-0.0,0
310,Pass,0,0,0,-0.0,0
311,Pass,0,0,0,-0.0,0
312,Pass,0,0,0,2.2427068604889184,0
313,Pass,0,0,0,4.384021345870522,0
314,Pass,0,0,0,-0.0,0
315,Pass,0,0,0,-0.0,0
316,Pass,0,0,0,-0.0,0
317,Pass,0,0,0,-0.0,0
318,Pass,0,0,0,-0.0,0
319,Pass,0,0,0,-0.0,0
320,Pass,0,0,0,-0.0,0
321,Pass,0,0,0,-0.0,0
322,Pass,0,0,0,-0.0,0
323,Pass,0,0,0,-0.0,0
324,Pass,0,0,0,-0.0,0
325,Pass,0,0,0,-0.0,0
326,Pass,0,0,0,6.352297021764308,0
327,Pass,0,0,0,1.2428453395442642,0
328,Pass,0,0,0,3.5410135907129408,0
329,Pass,0,0,0,3.1756673194014997,0
330,Pass,0,0,0,-0.0,0
331,Pass,0,0,0,5.204531098915635,0
332,Pass,0,0,0,23.025850929940454,0
333,Pass,0,0,0,23.025850929940454,0
334,Pass,0,0,0,23.025850929940454,0
335,Pass,0,0,0,23.025850929940454,0
336,Pass,0,0,0,7.869158597274931,0
337,Pass,0,0,0,6.789710707110171,0
338,Pass,0,0,0,6.355575175545474,0
339,Pass,0,0,0,2.8342845392190856,0
340,Pass,0,0,0,13.056932604327036,0
341,Pass,0,0,0,10.430204283639767,0
342,Pass,0,0,0,0.9869711789790515,0
343,Pass,0,0,0,1.4936953340036891,0
344,Pass,0,0,0,0.888271414294982,0
345,Pass,0,0,0,2.7221584904608127,0
346,Pass,0,0,0,0.13227098522878128,0
347,Pass,0,0,0,1.0370601485003443,0
348,Pass,0,0,0,2.1332023356514207,0
349,Pass,0,0,0,0.03141721290310619,0
350,Pass,0,0,0,6.9327943271320205,0
351,Pass,0,0,0,1.7201983664460012,0
352,Pass,0,0,0,1.6300377522725282,0
353,Pass,0,0,0,-0.0,0
354,Pass,0,0,0,-0.0,0
355,Pass,0,0,0,-0.0,0
356,Pass,0,0,0,-0.0,0
357,Pass,0,0,0,-0.0,0
358,Pass,0,0,0,8.291004276080857,0
359,Pass,0,0,0,18.5297929376392,0
360,Pass,0,0,0,18.763443253291193,0
361,Pass,0,0,0,0.5094323650167676,0
362,Pass,0,0,0,4.796822787708489,0
363,Pass,0,0,0,-0.0,0
364,Pass,0,0,0,6.023557442295415,0
365,Pass,0,0,0,0.7725636402909022,0
366,Pass,0,0,0,0.6610749818497388,0
367,Pass,0,0,0,17.783302349120973,0
368,Pass,0,0,0,12.469938024573896,0
369,Pass,0,0,0,23.025850929940454,0
370,Pass,0,0,0,23.025850929940454,0
371,Pass,0,0,0,23.025850929940454,0
372,Pass,0,0,0,23.025850929940454,0
373,Pass,0,0,0,23.025850929940454,0
374,Pass,0,0,0,23.025850929940454,0
375,Pass,0,0,0,23.025850929940454,0
376,Pass,0,0,0,23.025850929940454,0
377,Pass,0,0,0,23.025850929940454,0
378,Pass,0,0,0,23.025850929940454,0
379,Pass,0,0,0,23.025850929940454,0
380,Pass,0,0,0,23.025850929940454,0
381,Pass,0,0,0,23.025850929940454,0
382,Pass,0,0,0,23.025850929940454,0
383,Pass,0,0,0,23.025850929940454,0
384,Pass,0,0,0,23.025850929940454,0
385,Pass,0,0,0,23.025850929940454,0
386,Pass,0,0,0,23.025850929940454,0
387,Pass,0,0,0,12.010860243024684,0
388,Pass,0,0,0,5.68760352200155,0
389,Pass,0,0,0,3.629718647834727,0
390,Pass,0,0,0,0.18251679428381007,0
391,Pass,0,0,0,-0.0,0
392,Pass,0,0,0,7.975193262788207,0
393,Pass,0,0,0,-0.0,0
394,Pass,0,0,0,3.3461331810271058,0
395,Pass,0,0,0,2.9237032677880705,0
396,Pass,0,0,0,-0.0,0
397,Pass,0,0,0,-0.0,0
398,Pass,0,0,0,1.7205470034342056,0
399,Pass,0,0,0,-0.0,0
400,Pass,0,0,0,-0.0,0
401,Pass,0,0,0,-0.0,0
402,Pass,0,0,0,-0.0,0
403,Pass,0,0,0,-0.0,0
404,Pass,0,0,0,3.993175618050872,0
405,Pass,0,0,0,-0.0,0
406,Pass,0,0,0,-0.0,0
407,Pass,0,0,0,14.249071640330381,0
408,Pass,0,0,0,0.47381195153975403,0
409,Pass,0,0,0,-0.0,0
410,Pass,0,0,0,-0.0,0
411,Pass,0,0,0,-0.0,0
412,Pass,0,0,0,-0.0,0
413,Pass,0,0,0,-0.0,0
414,Pass,0,0,0,2.915860232270367,0
415,Pass,0,0,0,-0.0,0
416,Pass,0,0,0,-0.0,0
417,Pass,0,0,0,7.979128010235025,0
418,Pass,0,0,0,-0.0,0
419,Pass,0,0,0,5.420378029452793,0
420,Pass,0,0,0,13.005822825073926,0
421,Pass,0,0,0,-0.0,0
422,Pass,0,0,0,11.65307204580041,0
423,Pass,0,0,0,23.025850929940454,0
424,Pass,0,0,0,-0.0,0
425,Pass,0,0,0,3.861357784554933,0
426,Pass,0,0,0,2.269640312204031,0
427,Pass,0,0,0,-0.0,0
428,Pass,0,0,0,-0.0,0
429,Pass,0,0,0,6.311717157390787,0
430,Pass,0,0,0,-0.0,0
431,Pass,0,0,0,-0.0,0
432,Pass,0,0,0,-0.0,0
433,Pass,0,0,0,-0.0,0
434,Pass,0,0,0,-0.0,0
435,Pass,0,0,0,-0.0,0
436,Pass,0,0,0,-0.0,0
437,Pass,0,0,0,-0.0,0
438,Pass,0,0,0,-0.0,0
439,Pass,0,0,0,-0.0,0
440,Pass,0,0,0,-0.0,0
441,Pass,0,0,0,-0.0,0
442,Pass,0,0,0,-0.0,0
443,Pass,0,0,0,-0.0,0
444,Pass,0,0,0,17.504724109351425,0
445,Pass,0,0,0,-0.0,0
446,Pass,0,0,0,17.46335758953235,0
447,Pass,0,0,0,-0.0,0
448,Pass,0,0,0,6.390585023123054,0
449,Pass,0,0,0,-0.0,0
450,Pass,0,0,0,-0.0,0
451,Pass,0,0,0,-0.0,0
452,Pass,0,0,0,-0.0,0
453,Pass,0,0,0,-0.0,0
454,Pass,0,0,0,20.219537418892024,0
455,Pass,0,0,0,23.025850929940454,0
456,Pass,0,0,0,-0.0,0
457,Pass,0,0,0,10.880361379503265,0
458,Pass,0,0,0,23.025850929940454,0
459,Pass,0,0,0,7.1833536386559524,0
460,Pass,0,0,0,10.053102242720016,0
461,Pass,0,0,0,-0.0,0
462,Pass,0,0,0,1.6644413240392253,0
463,Pass,0,0,0,-0.0,0
464,Pass,0,0,0,-0.0,0
465,Pass,0,0,0,-0.0,0
466,Pass,0,0,0,-0.0,0
467,Pass,0,0,0,0.8749594905939673,0
468,Pass,0,0,0,3.3371899483478833,0
469,Pass,0,0,0,-0.0,0
470,Pass,0,0,0,-0.0,0
471,Pass,0,0,0,-0.0,0
472,Pass,0,0,0,1.1366051869247855,0
473,Pass,0,0,0,-0.0,0
474,Pass,0,0,0,-0.0,0
475,Pass,0,0,0,-0.0,0
476,Pass,0,0,0,-0.0,0
477,Pass,0,0,0,-0.0,0
478,Pass,0,0,0,-0.0,0
479,Pass,0,0,0,-0.0,0
480,Pass,0,0,0,-0.0,0
481,Pass,0,0,0,-0.0,0
482,Pass,0,0,0,-0.0,0
483,Pass,0,0,0,2.46785979900728,0
484,Pass,0,0,0,1.8088456563520279,0
485,Pass,0,0,0,0.45420367007968077,0
486,Pass,0,0,0,-0.0,0
487,Pass,0,0,0,-0.0,0
488,Pass,0,0,0,-0.0,0
489,Pass,0,0,0,-0.0,0
490,Pass,0,0,0,-0.0,0
491,Pass,0,0,0,-0.0,0
492,Pass,0,0,0,-0.0,0
493,Pass,0,0,0,-0.0,0
494,Pass,0,0,0,-0.0,0
495,Pass,0,0,0,-0.0,0
496,Pass,0,0,0,-0.0,0
497,Pass,0,0,0,-0.0,0
498,Pass,0,0,0,-0.0,0
499,Pass,0,0,0,-0.0,0
500,Pass,0,0,0,-0.0,0
501,Pass,0,0,0,-0.0,0
502,Pass,0,0,0,-0.0,0
503,Pass,0,0,0,-0.0,0
504,Pass,0,0,0,-0.0,0
505,Pass,0,0,0,-0.0,0
506,Pass,0,0,0,6.525766282444692,0
507,Pass,0,0,0,10.605777523761855,0
508,Pass,0,0,0,23.025850929940454,0
509,Pass,0,0,0,22.6142210890529,0
510,Pass,0,0,0,23.025850929940454,0
511,Pass,0,0,0,23.025850929940454,0
512,Pass,0,0,0,7.815092508219806,0
513,Pass,0,0,0,23.025850929940454,0
514,Pass,0,0,0,1.7423449404300908,0
515,Pass,0,0,0,20.386921049459673,0
516,Pass,0,0,0,12.148651450926193,0
517,Pass,0,0,0,23.025850929940454,0
518,Pass,0,0,0,23.025850929940454,0
519,Pass,0,0,0,23.025850929940454,0
520,Pass,0,0,0,23.025850929940454,0
521,Pass,0,0,0,23.025850929940454,0
522,Pass,0,0,0,23.025850929940454,0
523,Pass,0,0,0,10.779434891512134,0
524,Pass,0,0,0,19.043363282278733,0
525,Pass,0,0,0,23.025850929940454,0
526,Pass,0,0,0,21.463428097081767,0
527,Pass,0,0,0,21.84983561481096,0
528,Pass,0,0,0,23.025850929940454,0
529,Pass,0,0,0,4.697916111694964,0
530,Pass,0,0,0,15.621479700972339,0
531,Pass,0,0,0,-0.0,0
532,Pass,0,0,0,-0.0,0
533,Pass,0,0,0,0.7905167837136818,0
534,Pass,0,0,0,21.31808578013585,0
535,Pass,0,0,0,16.533497961843832,0
536,Pass,0,0,0,23.025850929940454,0
537,Pass,0,0,0,23.025850929940454,0
538,Pass,0,0,0,1.1836706466689288,0
539,Pass,0,0,0,-0.0,0
540,Pass,0,0,0,-0.0,0
541,Pass,0,0,0,-0.0,0
542,Pass,0,0,0,-0.0,0
543,Pass,0,0,0,17.101916739730523,0
544,Pass,0,0,0,8.035056797140923,0
545,Pass,0,0,0,11.155203170195756,0
546,Pass,0,0,0,23.025850929940454,0
547,Pass,0,0,0,23.025850929940454,0
548,Pass,0,0,0,21.60146850894835,0
549,Pass,0,0,0,8.929306503117425,0
550,Pass,0,0,0,23.025850929940454,0
551,Pass,0,0,0,23.025850929940454,0
552,Pass,0,0,0,23.025850929940454,0
553,Pass,0,0,0,23.025850929940454,0
554,Pass,0,0,0,23.025850929940454,0
555,Pass,0,0,0,10.806121657356073,0
556,Pass,0,0,0,23.025850929940454,0
557,Pass,0,0,0,23.025850929940454,0
558,Pass,0,0,0,23.025850929940454,0
559,Pass,0,0,0,23.025850929940454,0
560,Pass,0,0,0,23.025850929940454,0
561,Pass,0,0,0,23.025850929940454,0
562,Pass,0,0,0,5.350984031096446,0
563,Pass,0,0,0,23.025850929940454,0
564,Pass,0,0,0,17.57448892779659,0
565,Pass,0,0,0,10.105321359822558,0
566,Pass,0,0,0,23.025850929940454,0
567,Pass,0,0,0,23.025850929940454,0
568,Pass,0,0,0,1.698939934715156,0
569,Pass,0,0,0,23.025850929940454,0
570,Pass,0,0,0,22.64965945124738,0
571,Pass,0,0,0,4.342693192948578,0
572,Pass,0,0,0,2.806849532520873,0
573,Pass,0,0,0,0.981182708664441,0
574,Pass,0,0,0,8.910972810670273,0
575,Pass,0,0,0,-0.0,0
576,Pass,0,0,0,2.7533014701054146,0
577,Pass,0,0,0,-0.0,0
578,Pass,0,0,0,4.431787291057602,0
579,Pass,0,0,0,-0.0,0
580,Pass,0,0,0,3.8385970270196133,0
581,Pass,0,0,0,-0.0,0
582,Pass,0,0,0,-0.0,0
583,Pass,0,0,0,-0.0,0
584,Pass,0,0,0,-0.0,0
585,Pass,0,0,0,2.445555229579337,0
586,Pass,0,0,0,-0.0,0
587,Pass,0,0,0,0.09805879457316319,0
588,Pass,0,0,0,-0.0,0
589,Pass,0,0,0,-0.0,0
590,Pass,0,0,0,-0.0,0
591,Pass,0,0,0,-0.0,0
592,Pass,0,0,0,-0.0,0
593,Pass,0,0,0,-0.0,0
594,Pass,0,0,0,-0.0,0
595,Pass,0,0,0,-0.0,0
596,Pass,0,0,0,-0.0,0
597,Pass,0,0,0,-0.0,0
598,Pass,0,0,0,-0.0,0
599,Pass,0,0,0,-0.0,0
600,Pass,0,0,0,1.322513837660436,0
601,Pass,0,0,0,-0.0,0
602,Pass,0,0,0,-0.0,0
603,Pass,0,0,0,4.622695395621759,0
604,Pass,0,0,0,0.06384713509260441,0
605,Pass,0,0,0,-0.0,0
606,Pass,0,0,0,-0.0,0
607,Pass,0,0,0,-0.0,0
608,Pass,0,0,0,-0.0,0
609,Pass,0,0,0,-0.0,0
610,Pass,0,0,0,-0.0,0
611,Pass,0,0,0,-0.0,0
612,Pass,0,0,0,-0.0,0
613,Pass,0,0,0,6.317319200200456,0
614,Pass,0,0,0,15.314825416070445,0
615,Pass,0,0,0,9.704952915465224,0
616,Pass,0,0,0,0.15777033694289674,0
617,Pass,0,0,0,7.569830493047241,0
618,Pass,0,0,0,8.562475833197281,0
619,Pass,0,0,0,6.276689133882573,0
620,Pass,0,0,0,23.025850929940454,0
621,Pass,0,0,0,23.025850929940454,0
622,Pass,0,0,0,14.828252234016167,0
623,Pass,0,0,0,23.025850929940454,0
624,Pass,0,0,0,23.025850929940454,0
625,Pass,0,0,0,23.025850929940454,0
626,Pass,0,0,0,23.025850929940454,0
627,Pass,0,0,0,23.025850929940454,0
628,Pass,0,0,0,7.459648160438246,0
629,Pass,0,0,0,14.252736364704122,0
630,Pass,0,0,0,23.025850929940454,0
631,Pass,0,0,0,23.025850929940454,0
632,Pass,0,0,0,23.025850929940454,0
633,Pass,0,0,0,23.025850929940454,0
634,Pass,0,0,0,23.025850929940454,0
635,Pass,0,0,0,23.025850929940454,0
636,Pass,0,0,0,23.025850929940454,0
637,Pass,0,0,0,5.6213408615034455,0
638,Pass,0,0,0,-0.0,0
639,Pass,0,0,0,6.7305670722570285,0
640,Pass,0,0,0,20.886889328656615,0
641,Pass,0,0,0,17.91958717115301,0
642,Pass,0,0,0,23.025850929940454,0
643,Pass,0,0,0,23.025850929940454,0
644,Pass,0,0,0,15.358258593625225,0
645,Pass,0,0,0,7.775220264783948,0
646,Pass,0,0,0,1.9814994096884395,0
647,Pass,0,0,0,5.540609076481387,0
648,Pass,0,0,0,2.1740052634969733,0
649,Pass,0,0,0,18.901981067634907,0
650,Pass,0,0,0,23.025850929940454,0
651,Pass,0,0,0,23.025850929940454,0
652,Pass,0,0,0,23.025850929940454,0
653,Pass,0,0,0,20.957669049286494,0
654,Pass,0,0,0,1.0739067707606818,0
655,Pass,0,0,0,-0.0,0
656,Pass,0,0,0,2.51047971121511,0
657,Pass,0,0,0,-0.0,0
658,Pass,0,0,0,-0.0,0
659,Pass,0,0,0,-0.0,0
660,Pass,0,0,0,-0.0,0
661,Pass,0,0,0,-0.0,0
662,Pass,0,0,0,-0.0,0
663,Pass,0,0,0,8.552256312080736,0
664,Pass,0,0,0,-0.0,0
665,Pass,0,0,0,14.75525640213772,0
666,Pass,0,0,0,5.762358713114928,0
667,Pass,0,0,0,-0.0,0
668,Pass,0,0,0,-0.0,0
669,Pass,0,0,0,-0.0,0
670,Pass,0,0,0,-0.0,0
671,Pass,0,0,0,-0.0,0
672,Pass,0,0,0,-0.0,0
673,Pass,0,0,0,-0.0,0
674,Pass,0,0,0,-0.0,0
675,Pass,0,0,0,-0.0,0
676,Pass,0,0,0,-0.0,0
677,Pass,0,0,0,-0.0,0
678,Pass,0,0,0,-0.0,0
679,Pass,0,0,0,-0.0,0
680,Pass,0,0,0,-0.0,0
681,Pass,0,0,0,-0.0,0
682,Pass,0,0,0,-0.0,0
683,Pass,0,0,0,-0.0,0
684,Pass,0,0,0,-0.0,0
685,Pass,0,0,0,-0.0,0
686,Pass,0,0,0,-0.0,0
687,Pass,0,0,0,-0.0,0
688,Pass,0,0,0,-0.0,0
689,Pass,0,0,0,-0.0,0
690,Pass,0,0,0,-0.0,0
691,Pass,0,0,0,-0.0,0
692,Pass,0,0,0,-0.0,0
693,Pass,0,0,0,-0.0,0
694,Pass,0,0,0,-0.0,0
695,Pass,0,0,0,-0.0,0
696,Pass,0,0,0,-0.0,0
697,Pass,0,0,0,-0.0,0
698,Pass,0,0,0,5.715069069150058,0
699,Pass,0,0,0,8.54945215780374,0
700,Pass,0,0,0,-0.0,0
701,Pass,0,0,0,0.289308907344489,0
702,Pass,0,0,0,-0.0,0
703,Pass,0,0,0,-0.0,0
704,Pass,0,0,0,6.782968436699594,0
705,Pass,0,0,0,7.7974478541542345,0
706,Pass,0,0,0,-0.0,0
707,Pass,0,0,0,-0.0,0
708,Pass,0,0,0,-0.0,0
709,Pass,0,0,0,-0.0,0
710,Pass,0,0,0,8.861700677518241,0
711,Pass,0,0,0,-0.0,0
712,Pass,0,0,0,-0.0,0
713,Pass,0,0,0,-0.0,0
714,Pass,0,0,0,-0.0,0
715,Pass,0,0,0,-0.0,0
716,Pass,0,0,0,-0.0,0
717,Pass,0,0,0,9.736391549651229,0
718,Pass,0,0,0,20.043420524643953,0
719,Pass,0,0,0,3.3756177315126235,0
720,Pass,0,0,0,-0.0,0
721,Pass,0,0,0,-0.0,0
722,Pass,0,0,0,-0.0,0
723,Pass,0,0,0,14.60872379096461,0
724,Pass,0,0,0,9.637942325509194,0
725,Pass,0,0,0,4.6942083560226955,0
726,Pass,0,0,0,9.376538921161275,0
727,Pass,0,0,0,16.774409006144584,0
728,Pass,0,0,0,22.907934406260548,0
729,Pass,0,0,0,18.176297616104026,0
730,Pass,0,0,0,23.025850929940454,0
731,Pass,0,0,0,8.268281177849266,0
732,Pass,0,0,0,-0.0,0
733,Pass,0,0,0,-0.0,0
734,Pass,0,0,0,5.833453793681525,0
735,Pass,0,0,0,6.332686663136314,0
736,Pass,0,0,0,11.068744916451234,0
737,Pass,0,0,0,23.025850929940454,0
738,Pass,0,0,0,7.222542867805188,0
739,Pass,0,0,0,19.117845843611427,0
740,Pass,0,0,0,20.667054942095245,0
741,Pass,0,0,0,23.025850929940454,0
742,Pass,0,0,0,11.242041606752002,0
743,Pass,0,0,0,-0.0,0
744,Pass,0,0,0,-0.0,0
745,Pass,0,0,0,-0.0,0
746,Pass,0,0,0,7.222540141091969,0
747,Pass,0,0,0,2.411153341355682,0
748,Pass,0,0,0,0.9898760212383219,0
749,Pass,0,0,0,3.8839917264254207,0
750,Pass,0,0,0,23.025850929940454,0
751,Pass,0,0,0,-0.0,0
752,Pass,0,0,0,3.6060980705850847,0
753,Pass,0,0,0,23.025850929940454,0
754,Pass,0,0,0,23.025850929940454,0
755,Pass,0,0,0,23.025850929940454,0
756,Pass,0,0,0,23.025850929940454,0
757,Pass,0,0,0,23.025850929940454,0
758,Pass,0,0,0,23.025850929940454,0
759,Pass,0,0,0,23.025850929940454,0
760,Pass,0,0,0,23.025850929940454,0
761,Pass,0,0,0,11.000161222363285,0
762,Pass,0,0,0,11.957519426246273,0
763,Pass,0,0,0,23.025850929940454,0
764,Pass,0,0,0,-0.0,0
765,Pass,0,0,0,3.624287721488565,0
766,Pass,0,0,0,-0.0,0
767,Pass,0,0,0,-0.0,0
768,Pass,0,0,0,-0.0,0
769,Pass,0,0,0,-0.0,0
770,Pass,0,0,0,-0.0,0
771,Pass,0,0,0,-0.0,0
772,Pass,0,0,0,-0.0,0
773,Pass,0,0,0,-0.0,0
774,Pass,0,0,0,-0.0,0
775,Pass,0,0,0,-0.0,0
776,Pass,0,0,0,-0.0,0
777,Pass,0,0,0,-0.0,0
778,Pass,0,0,0,-0.0,0
779,Pass,0,0,0,-0.0,0
780,Pass,0,0,0,-0.0,0
781,Pass,0,0,0,-0.0,0
782,Pass,0,0,0,-0.0,0
783,Pass,0,0,0,-0.0,0
784,Pass,0,0,0,-0.0,0
785,Pass,0,0,0,-0.0,0
786,Pass,0,0,0,-0.0,0
787,Pass,0,0,0,-0.0,0
788,Pass,0,0,0,-0.0,0
789,Pass,0,0,0,-0.0,0
790,Pass,0,0,0,-0.0,0
791,Pass,0,0,0,-0.0,0
792,Pass,0,0,0,-0.0,0
793,Pass,0,0,0,-0.0,0
794,Pass,0,0,0,-0.0,0
795,Pass,0,0,0,-0.0,0
796,Pass,0,0,0,-0.0,0
797,Pass,0,0,0,-0.0,0
798,Pass,0,0,0,-0.0,0
799,Pass,0,0,0,0.35392456844064035,0
800,Pass,0,0,0,-0.0,0
801,Pass,0,0,0,-0.0,0
802,Pass,0,0,0,-0.0,0
803,Pass,0,0,0,-0.0,0
804,Pass,0,0,0,-0.0,0
805,Pass,0,0,0,-0.0,0
806,Pass,0,0,0,-0.0,0
807,Pass,0,0,0,-0.0,0
808,Pass,0,0,0,-0.0,0
809,Pass,0,0,0,-0.0,0
810,Pass,0,0,0,-0.0,0
811,Pass,0,0,0,-0.0,0
812,Pass,0,0,0,-0.0,0
813,Pass,0,0,0,-0.0,0
814,Pass,0,0,0,-0.0,0
815,Pass,0,0,0,-0.0,0
816,Pass,0,0,0,-0.0,0
817,Pass,0,0,0,-0.0,0
818,Pass,0,0,0,-0.0,0
819,Pass,0,0,0,-0.0,0
820,Pass,0,0,0,-0.0,0
821,Pass,0,0,0,-0.0,0
822,Pass,0,0,0,-0.0,0
823,Pass,0,0,0,-0.0,0
824,Pass,0,0,0,-0.0,0
825,Pass,0,0,0,-0.0,0
826,Pass,0,0,0,-0.0,0
827,Pass,0,0,0,-0.0,0
828,Pass,0,0,0,-0.0,0
829,Pass,0,0,0,-0.0,0
830,Pass,0,0,0,-0.0,0
831,Pass,0,0,0,-0.0,0
832,Pass,0,0,0,-0.0,0
833,Pass,0,0,0,-0.0,0
834,Pass,0,0,0,-0.0,0
835,Pass,0,0,0,-0.0,0
836,Pass,0,0,0,-0.0,0
837,Pass,0,0,0,-0.0,0
838,Pass,0,0,0,-0.0,0
839,Pass,0,0,0,-0.0,0
840,Pass,0,0,0,-0.0,0
841,Pass,0,0,0,-0.0,0
842,Pass,0,0,0,-0.0,0
843,Pass,0,0,0,-0.0,0
844,Pass,0,0,0,-0.0,0
845,Pass,0,0,0,-0.0,0
846,Pass,0,0,0,-0.0,0
847,Pass,0,0,0,-0.0,0
848,Pass,0,0,0,-0.0,0
849,Pass,0,0,0,-0.0,0
850,Pass,0,0,0,-0.0,0
851,Pass,0,0,0,-0.0,0
852,Pass,0,0,0,-0.0,0
853,Pass,0,0,0,-0.0,0
854,Pass,0,0,0,-0.0,0
855,Pass,0,0,0,-0.0,0
856,Pass,0,0,0,-0.0,0
857,Pass,0,0,0,-0.0,0
858,Pass,0,0,0,-0.0,0
859,Pass,0,0,0,-0.0,0
860,Pass,0,0,0,-0.0,0
861,Pass,0,0,0,-0.0,0
862,Pass,0,0,0,-0.0,0
863,Pass,0,0,0,-0.0,0
864,Pass,0,0,0,-0.0,0
865,Pass,0,0,0,-0.0,0
866,Pass,0,0,0,-0.0,0
867,Pass,0,0,0,-0.0,0
868,Pass,0,0,0,-0.0,0
869,Pass,0,0,0,-0.0,0
870,Pass,0,0,0,-0.0,0
871,Pass,0,0,0,-0.0,0
872,Pass,0,0,0,-0.0,0
873,Pass,0,0,0,-0.0,0
874,Pass,0,0,0,-0.0,0
875,Pass,0,0,0,-0.0,0
876,Pass,0,0,0,-0.0,0
877,Pass,0,0,0,-0.0,0
878,Pass,0,0,0,-0.0,0
879,Pass,0,0,0,-0.0,0
880,Pass,0,0,0,-0.0,0
881,Pass,0,0,0,-0.0,0
882,Pass,0,0,0,-0.0,0
883,Pass,0,0,0,-0.0,0
884,Pass,0,0,0,-0.0,0
885,Pass,0,0,0,-0.0,0
886,Pass,0,0,0,-0.0,0
887,Pass,0,0,0,-0.0,0
888,Pass,0,0,0,-0.0,0
889,Pass,0,0,0,-0.0,0
890,Pass,0,0,0,-0.0,0
891,Pass,0,0,0,-0.0,0
892,Pass,0,0,0,-0.0,0
893,Pass,0,0,0,-0.0,0
894,Pass,0,0,0,-0.0,0
895,Pass,0,0,0,-0.0,0
896,Pass,0,0,0,-0.0,0
897,Pass,0,0,0,-0.0,0
898,Pass,0,0,0,-0.0,0
899,Pass,0,0,0,-0.0,0
900,Pass,0,0,0,-0.0,0
901,Pass,0,0,0,-0.0,0
902,Pass,0,0,0,-0.0,0
903,Pass,0,0,0,-0.0,0
904,Pass,0,0,0,-0.0,0
905,Pass,0,0,0,-0.0,0
906,Pass,0,0,0,-0.0,0
907,Pass,0,0,0,-0.0,0
908,Pass,0,0,0,-0.0,0
909,Pass,0,0,0,-0.0,0
910,Pass,0,0,0,-0.0,0
911,Pass,0,0,0,-0.0,0
912,Pass,0,0,0,-0.0,0
913,Pass,0,0,0,-0.0,0
914,Pass,0,0,0,-0.0,0
915,Pass,0,0,0,-0.0,0
916,Pass,0,0,0,-0.0,0
917,Pass,0,0,0,-0.0,0
918,Pass,0,0,0,-0.0,0
919,Pass,0,0,0,-0.0,0
920,Pass,0,0,0,-0.0,0
921,Pass,0,0,0,-0.0,0
922,Pass,0,0,0,-0.0,0
923,Pass,0,0,0,-0.0,0
924,Pass,0,0,0,-0.0,0
925,Pass,0,0,0,-0.0,0
926,Pass,0,0,0,-0.0,0
927,Pass,0,0,0,-0.0,0
928,Pass,0,0,0,-0.0,0
929,Pass,0,0,0,-0.0,0
930,Pass,0,0,0,-0.0,0
931,Pass,0,0,0,0.38187444948755983,0
932,Pass,0,0,0,1.6009829582041462,0
933,Pass,0,0,0,-0.0,0
934,Pass,0,0,0,23.025850929940454,0
935,Pass,0,0,0,16.911433935675184,0
936,Pass,0,0,0,23.025850929940454,0
937,Pass,0,0,0,23.025850929940454,0
938,Pass,0,0,0,23.025850929940454,0
939,Pass,0,0,0,15.597744849200812,0
940,Pass,0,0,0,23.025850929940454,0
941,Pass,0,0,0,23.025850929940454,0
942,Pass,0,0,0,6.740336421831979,0
943,Pass,0,0,0,1.1119917138213007,0
944,Pass,0,0,0,16.89890225903975,0
945,Pass,0,0,0,23.025850929940454,0
946,Pass,0,0,0,23.025850929940454,0
947,Pass,0,0,0,23.025850929940454,0
948,Pass,0,0,0,23.025850929940454,0
949,Pass,0,0,0,23.025850929940454,0
950,Pass,0,0,0,23.025850929940454,0
951,Pass,0,0,0,23.025850929940454,0
952,Pass,0,0,0,23.025850929940454,0
953,Pass,0,0,0,23.025850929940454,0
954,Pass,0,0,0,12.858366906359125,0
955,Pass,0,0,0,1.5409987737798307,0
956,Pass,0,0,0,2.3765526421872405,0
957,Pass,0,0,0,-0.0,0
958,Pass,0,0,0,-0.0,0
959,Pass,0,0,0,-0.0,0
960,Pass,0,0,0,-0.0,0
961,Pass,0,0,0,-0.0,0
962,Pass,0,0,0,-0.0,0
963,Pass,0,0,0,-0.0,0
964,Pass,0,0,0,-0.0,0
965,Pass,0,0,0,-0.0,0
966,Pass,0,0,0,-0.0,0
967,Pass,0,0,0,-0.0,0
968,Pass,0,0,0,3.396685122398108,0
969,Pass,0,0,0,9.621473870926014,0
970,Pass,0,0,0,0.6252839477595962,0
971,Pass,0,0,0,-0.0,0
972,Pass,0,0,0,-0.0,0
973,Pass,0,0,0,-0.0,0
974,Pass,0,0,0,-0.0,0
975,Pass,0,0,0,1.812453638574822,0
976,Pass,0,0,0,-0.0,0
977,Pass,0,0,0,-0.0,0
978,Pass,0,0,0,-0.0,0
979,Pass,0,0,0,-0.0,0
980,Pass,0,0,0,-0.0,0
981,Pass,0,0,0,4.225782935042172,0
982,Pass,0,0,0,6.678417563212316,0
983,Pass,0,0,0,12.995530865713636,0
984,Pass,0,0,0,1.7545239533449553,0
985,Pass,0,0,0,6.25306781097902,0
986,Pass,0,0,0,-0.0,0
987,Pass,0,0,0,-0.0,0
988,Pass,0,0,0,5.002054953778642,0
989,Pass,0,0,0,3.4707717869058023,0
990,Pass,0,0,0,8.93361162405058,0
991,Pass,0,0,0,10.602274444945486,0
992,Pass,0,0,0,9.707714387431933,0
993,Pass,0,0,0,12.448813760893096,0
994,Pass,0,0,0,12.993523711793578,0
995,Pass,0,0,0,10.632317556933835,0
996,Pass,0,0,0,5.874691466293975,0
997,Pass,0,0,0,8.946905183836092,0
998,Pass,0,0,0,23.025850929940454,0
999,Pass,0,0,0,18.337496956713245,0
1000,Pass,0,0,0,18.33208768538413,0
1001,Pass,0,0,0,9.652881319446465,0
1002,Pass,0,0,0,8.585098523186936,0
1003,Pass,0,0,0,6.805122070368898,0
1004,Pass,0,0,0,0.7224265840510968,0
1005,Pass,0,0,0,10.908728754777503,0
1006,Pass,0,0,0,23.025850929940454,0
1007,Pass,0,0,0,13.384159986537172,0
1008,Pass,0,0,0,-0.0,0
1009,Pass,0,0,0,-0.0,0
1010,Pass,0,0,0,-0.0,0
1011,Pass,0,0,0,-0.0,0
1012,Pass,0,0,0,-0.0,0
1013,Pass,0,0,0,-0.0,0
1014,Pass,0,0,0,-0.0,0
1015,Pass,0,0,0,-0.0,0
1016,Pass,0,0,0,-0.0,0
1017,Pass,0,0,0,-0.0,0
1018,Pass,0,0,0,-0.0,0
1019,Pass,0,0,0,-0.0,0
1020,Pass,0,0,0,-0.0,0
1021,Pass,0,0,0,-0.0,0
1022,Pass,0,0,0,-0.0,0
1023,Pass,0,0,0,-0.0,0
1024,Pass,0,0,0,11.882343052364027,0
1025,Pass,0,0,0,-0.0,0
1026,Pass,0,0,0,-0.0,0
1027,Pass,0,0,0,-0.0,0
1028,Pass,0,0,0,-0.0,0
1029,Pass,0,0,0,-0.0,0
1030,Pass,0,0,0,2.0364308382198915,0
1031,Pass,0,0,0,2.0296909405797714,0
1032,Pass,0,0,0,23.025850929940454,0
1033,Pass,0,0,0,23.025850929940454,0
1034,Pass,0,0,0,23.025850929940454,0
1035,Pass,0,0,0,23.025850929940454,0
1036,Pass,0,0,0,23.025850929940454,0
1037,Pass,0,0,0,23.025850929940454,0
1038,Pass,0,0,0,21.11583809957174,0
1039,Pass,0,0,0,-0.0,0
1040,Pass,0,0,0,-0.0,0
1041,Pass,0,0,0,-0.0,0
1042,Pass,0,0,0,-0.0,0
1043,Pass,0,0,0,-0.0,0
1044,Pass,0,0,0,18.039682589883846,0
1045,Pass,0,0,0,18.519767049641228,0
1046,Pass,0,0,0,-0.0,0
1047,Pass,0,0,0,2.467886883188286,0
1048,Pass,0,0,0,10.51578750024688,0
1049,Pass,0,0,0,-0.0,0
1050,Pass,0,0,0,-0.0,0
1051,Pass,0,0,0,5.479065990075263,0
1052,Pass,0,0,0,-0.0,0
1053,Pass,0,0,0,-0.0,0
1054,Pass,0,0,0,-0.0,0
1055,Pass,0,0,0,-0.0,0
1056,Pass,0,0,0,-0.0,0
1057,Pass,0,0,0,-0.0,0
1058,Pass,0,0,0,-0.0,0
1059,Pass,0,0,0,-0.0,0
1060,Pass,0,0,0,2.04231345851884,0
1061,Pass,0,0,0,-0.0,0
1062,Pass,0,0,0,-0.0,0
1063,Pass,0,0,0,-0.0,0
1064,Pass,0,0,0,-0.0,0
1065,Pass,0,0,0,9.137179236506249,0
1066,Pass,0,0,0,-0.0,0
1067,Pass,0,0,0,6.654175652045809,0
1068,Pass,0,0,0,5.496769264013294,0
1069,Pass,0,0,0,18.715590729696437,0
1070,Pass,0,0,0,23.025850929940454,0
1071,Pass,0,0,0,23.025850929940454,0
1072,Pass,0,0,0,23.025850929940454,0
1073,Pass,0,0,0,23.025850929940454,0
1074,Pass,0,0,0,23.025850929940454,0
1075,Pass,0,0,0,-0.0,0
1076,Pass,0,0,0,-0.0,0
1077,Pass,0,0,0,-0.0,0
1078,Pass,0,0,0,-0.0,0
1079,Pass,0,0,0,-0.0,0
1080,Pass,0,0,0,-0.0,0
1081,Pass,0,0,0,-0.0,0
1082,Pass,0,0,0,-0.0,0
1083,Pass,0,0,0,-0.0,0
1084,Pass,0,0,0,-0.0,0
1085,Pass,0,0,0,-0.0,0
1086,Pass,0,0,0,8.237423546767326,0
1087,Pass,0,0,0,6.065635304570847,0
1088,Pass,0,0,0,23.025850929940454,0
1089,Pass,0,0,0,23.025850929940454,0
1090,Pass,0,0,0,12.14552340169312,0
1091,Pass,0,0,0,23.025850929940454,0
1092,Pass,0,0,0,-0.0,0
1093,Pass,0,0,0,-0.0,0
1094,Pass,0,0,0,-0.0,0
1095,Pass,0,0,0,-0.0,0
1096,Pass,0,0,0,-0.0,0
1097,Pass,0,0,0,-0.0,0
1098,Pass,0,0,0,-0.0,0
1099,Pass,0,0,0,-0.0,0
1100,Pass,0,0,0,-0.0,0
1101,Pass,0,0,0,-0.0,0
1102,Pass,0,0,0,-0.0,0
1103,Pass,0,0,0,-0.0,0
1104,Pass,0,0,0,-0.0,0
1105,Pass,0,0,0,-0.0,0
1106,Pass,0,0,0,-0.0,0
1107,Pass,0,0,0,-0.0,0
1108,Pass,0,0,0,-0.0,0
1109,Pass,0,0,0,-0.0,0
1110,Pass,0,0,0,8.778537910222093,0
1111,Pass,0,0,0,-0.0,0
1112,Pass,0,0,0,7.239231662165268,0
1113,Pass,0,0,0,-0.0,0
1114,Pass,0,0,0,23.025850929940454,0
1115,Pass,0,0,0,23.025850929940454,0
1116,Pass,0,0,0,23.025850929940454,0
1117,Pass,0,0,0,18.66648906287544,0
1118,Pass,0,0,0,-0.0,0
1119,Pass,0,0,0,2.0620795221273767,0
1120,Pass,0,0,0,23.025850929940454,0
1121,Pass,0,0,0,23.025850929940454,0
1122,Pass,0,0,0,23.025850929940454,0
1123,Pass,0,0,0,23.025850929940454,0
1124,Pass,0,0,0,23.025850929940454,0
1125,Pass,0,0,0,23.025850929940454,0
1126,Pass,0,0,0,23.025850929940454,0
1127,Pass,0,0,0,5.594755252183308,0
1128,Pass,0,0,0,23.025850929940454,0
1129,Pass,0,0,0,23.025850929940454,0
1130,Pass,0,0,0,23.025850929940454,0
1131,Pass,0,0,0,23.025850929940454,0
1132,Pass,0,0,0,23.025850929940454,0
1133,Pass,0,0,0,23.025850929940454,0
1134,Pass,0,0,0,23.025850929940454,0
1135,Pass,0,0,0,23.025850929940454,0
1136,Pass,0,0,0,23.025850929940454,0
1137,Pass,0,0,0,16.062929486449832,0
1138,Pass,0,0,0,19.343870047307366,0
1139,Pass,0,0,0,23.025850929940454,0
1140,Pass,0,0,0,23.025850929940454,0
1141,Pass,0,0,0,-0.0,0
1142,Pass,0,0,0,-0.0,0
1143,Pass,0,0,0,-0.0,0
1144,Pass,0,0,0,-0.0,0
1145,Pass,0,0,0,-0.0,0
1146,Pass,0,0,0,-0.0,0
1147,Pass,0,0,0,-0.0,0
1148,Pass,0,0,0,-0.0,0
1149,Pass,0,0,0,6.625630767173553,0
1150,Pass,0,0,0,16.371076218687282,0
1151,Pass,0,0,0,23.025850929940454,0
1152,Pass,0,0,0,23.025850929940454,0
1153,Pass,0,0,0,23.025850929940454,0
1154,Pass,0,0,0,23.025850929940454,0
1155,Pass,0,0,0,23.025850929940454,0
1156,Pass,0,0,0,23.025850929940454,0
1157,Pass,0,0,0,23.025850929940454,0
1158,Pass,0,0,0,23.025850929940454,0
1159,Pass,0,0,0,23.025850929940454,0
1160,Pass,0,0,0,23.025850929940454,0
1161,Pass,0,0,0,23.025850929940454,0
1162,Pass,0,0,0,23.025850929940454,0
1163,Pass,0,0,0,23.025850929940454,0
1164,Pass,0,0,0,23.025850929940454,0
1165,Pass,0,0,0,23.025850929940454,0
1166,Pass,0,0,0,23.025850929940454,0
1167,Pass,0,0,0,23.025850929940454,0
1168,Pass,0,0,0,23.025850929940454,0
1169,Pass,0,0,0,23.025850929940454,0
1170,Pass,0,0,0,23.025850929940454,0
1171,Pass,0,0,0,23.025850929940454,0
1172,Pass,0,0,0,23.025850929940454,0
1173,Pass,0,0,0,23.025850929940454,0
1174,Pass,0,0,0,23.025850929940454,0
1175,Pass,0,0,0,23.025850929940454,0
1176,Pass,0,0,0,23.025850929940454,0
1177,Pass,0,0,0,23.025850929940454,0
1178,Pass,0,0,0,-0.0,0
1179,Pass,0,0,0,-0.0,0
1180,Pass,0,0,0,23.025850929940454,0
1181,Pass,0,0,0,23.025850929940454,0
1182,Pass,0,0,0,6.297871526809394,0
1183,Pass,0,0,0,12.851366102485445,0
1184,Pass,0,0,0,12.858041637836052,0
1185,Pass,0,0,0,19.516601969390898,0
1186,Pass,0,0,0,22.500030579926857,0
1187,Pass,0,0,0,11.973516141288805,0
1188,Pass,0,0,0,7.365231396319906,0
1189,Pass,0,0,0,6.3969264260781555,0
1190,Pass,0,0,0,-0.0,0
1191,Pass,0,0,0,-0.0,0
1192,Pass,0,0,0,-0.0,0
1193,Pass,0,0,0,-0.0,0
1194,Pass,0,0,0,-0.0,0
1195,Pass,0,0,0,-0.0,0
1196,Pass,0,0,0,-0.0,0
1197,Pass,0,0,0,-0.0,0
1198,Pass,0,0,0,-0.0,0
1199,Pass,0,0,0,-0.0,0
1200,Pass,0,0,0,-0.0,0
1201,Pass,0,0,0,-0.0,0
1202,Pass,0,0,0,-0.0,0
1203,Pass,0,0,0,-0.0,0
1204,Pass,0,0,0,-0.0,0
1205,Pass,0,0,0,-0.0,0
1206,Pass,0,0,0,-0.0,0
1207,Pass,0,0,0,-0.0,0
1208,Pass,0,0,0,-0.0,0
1209,Pass,0,0,0,-0.0,0
1210,Pass,0,0,0,-0.0,0
1211,Pass,0,0,0,-0.0,0
1212,Pass,0,0,0,-0.0,0
1213,Pass,0,0,0,3.587159220653461,0
1214,Pass,0,0,0,-0.0,0
1215,Pass,0,0,0,-0.0,0
1216,Pass,0,0,0,-0.0,0
1217,Pass,0,0,0,-0.0,0
1218,Pass,0,0,0,-0.0,0
1219,Pass,0,0,0,-0.0,0
1220,Pass,0,0,0,-0.0,0
1221,Pass,0,0,0,-0.0,0
1222,Pass,0,0,0,0.47547621874084256,0
1223,Pass,0,0,0,5.823995170280973,0
1224,Pass,0,0,0,5.310520735678159,0
1225,Pass,0,0,0,2.0121887835957293,0
1226,Pass,0,0,0,0.011135822399283579,0
1227,Pass,0,0,0,11.457587922834128,0
1228,Pass,0,0,0,11.878801250825498,0
1229,Pass,0,0,0,23.025850929940454,0
1230,Pass,0,0,0,23.025850929940454,0
1231,Pass,0,0,0,16.32564027149501,0
1232,Pass,0,0,0,23.025850929940454,0
1233,Pass,0,0,0,23.025850929940454,0
1234,Pass,0,0,0,23.025850929940454,0
1235,Pass,0,0,0,23.025850929940454,0
1236,Pass,0,0,0,23.025850929940454,0
1237,Pass,0,0,0,23.025850929940454,0
1238,Pass,0,0,0,23.025850929940454,0
1239,Pass,0,0,0,23.025850929940454,0
1240,Pass,0,0,0,23.025850929940454,0
1241,Pass,0,0,0,23.025850929940454,0
1242,Pass,0,0,0,23.025850929940454,0
1243,Pass,0,0,0,23.025850929940454,0
1244,Pass,0,0,0,23.025850929940454,0
1245,Pass,0,0,0,23.025850929940454,0
1246,Pass,0,0,0,23.025850929940454,0
1247,Pass,0,0,0,23.025850929940454,0
1248,Pass,0,0,0,23.025850929940454,0
1249,Pass,0,0,0,23.025850929940454,0
1250,Pass,0,0,0,23.025850929940454,0
1251,Pass,0,0,0,23.025850929940454,0
1252,Pass,0,0,0,8.481412756086026,0
1253,Pass,0,0,0,10.229549624544752,0
1254,Pass,0,0,0,23.025850929940454,0
1255,Pass,0,0,0,23.025850929940454,0
1256,Pass,0,0,0,23.025850929940454,0
1257,Pass,0,0,0,23.025850929940454,0
1258,Pass,0,0,0,23.025850929940454,0
1259,Pass,0,0,0,23.025850929940454,0
1260,Pass,0,0,0,23.025850929940454,0
1261,Pass,0,0,0,13.633159393443563,0
1262,Pass,0,0,0,0.9755823215845585,0
1263,Pass,0,0,0,-0.0,0
1264,Pass,0,0,0,-0.0,0
1265,Pass,0,0,0,-0.0,0
1266,Pass,0,0,0,-0.0,0
1267,Pass,0,0,0,-0.0,0
1268,Pass,0,0,0,-0.0,0
1269,Pass,0,0,0,-0.0,0
1270,Pass,0,0,0,-0.0,0
1271,Pass,0,0,0,-0.0,0
1272,Pass,0,0,0,-0.0,0
1273,Pass,0,0,0,-0.0,0
1274,Pass,0,0,0,-0.0,0
1275,Pass,0,0,0,-0.0,0
1276,Pass,0,0,0,-0.0,0
1277,Pass,0,0,0,-0.0,0
1278,Pass,0,0,0,-0.0,0
1279,Pass,0,0,0,-0.0,0
1280,Pass,0,0,0,-0.0,0
1281,Pass,0,0,0,-0.0,0
1282,Pass,0,0,0,-0.0,0
1283,Pass,0,0,0,-0.0,0
1284,Pass,0,0,0,-0.0,0
1285,Pass,0,0,0,-0.0,0
1286,Pass,0,0,0,-0.0,0
1287,Pass,0,0,0,-0.0,0
1288,Pass,0,0,0,-0.0,0
1289,Pass,0,0,0,-0.0,0
1290,Pass,0,0,0,-0.0,0
1291,Pass,0,0,0,-0.0,0
1292,Pass,0,0,0,-0.0,0
1293,Pass,0,0,0,-0.0,0
1294,Pass,0,0,0,-0.0,0
1295,Pass,0,0,0,-0.0,0
1296,Pass,0,0,0,-0.0,0
1297,Pass,0,0,0,-0.0,0
1298,Pass,0,0,0,-0.0,0
1299,Pass,0,0,0,2.637101042774541,0
1300,Pass,0,0,0,23.025850929940454,0
1301,Pass,0,0,0,23.025850929940454,0
1302,Pass,0,0,0,23.025850929940454,0
1303,Pass,0,0,0,23.025850929940454,0
1304,Pass,0,0,0,23.025850929940454,0
1305,Pass,0,0,0,23.025850929940454,0
1306,Pass,0,0,0,23.025850929940454,0
1307,Pass,0,0,0,14.63419244955646,0
1308,Pass,0,0,0,23.025850929940454,0
1309,Pass,0,0,0,11.430199877821963,0
1310,Pass,0,0,0,0.7748958301815393,0
1311,Pass,0,0,0,17.812771010041445,0
1312,Pass,0,0,0,4.213220561182473,0
1313,Pass,0,0,0,6.183442507250678,0
1314,Pass,0,0,0,10.422568595781314,0
1315,Pass,0,0,0,14.04229065980679,0
1316,Pass,0,0,0,9.546263304409319,0
1317,Pass,0,0,0,4.242740970461486,0
1318,Pass,0,0,0,-0.0,0
1319,Pass,0,0,0,-0.0,0
1320,Pass,0,0,0,-0.0,0
1321,Pass,0,0,0,2.0031217179009966,0
1322,Pass,0,0,0,12.479533359883582,0
1323,Pass,0,0,0,22.101634642726616,0
1324,Pass,0,0,0,18.40776536097779,0
1325,Pass,0,0,0,0.9578709729378783,0
1326,Pass,0,0,0,5.0378526030837465,0
1327,Pass,0,0,0,-0.0,0
1328,Pass,0,0,0,5.4579145062857055,0
1329,Pass,0,0,0,23.025850929940454,0
1330,Pass,0,0,0,23.025850929940454,0
1331,Pass,0,0,0,23.025850929940454,0
1332,Pass,0,0,0,23.025850929940454,0
1333,Pass,0,0,0,23.025850929940454,0
1334,Pass,0,0,0,23.025850929940454,0
1335,Pass,0,0,0,23.025850929940454,0
1336,Pass,0,0,0,23.025850929940454,0
1337,Pass,0,0,0,23.025850929940454,0
1338,Pass,0,0,0,23.025850929940454,0
1339,Pass,0,0,0,23.025850929940454,0
1340,Pass,0,0,0,23.025850929940454,0
1341,Pass,0,0,0,23.025850929940454,0
1342,Pass,0,0,0,23.025850929940454,0
1343,Pass,0,0,0,23.025850929940454,0
1344,Pass,0,0,0,23.025850929940454,0
1345,Pass,0,0,0,23.025850929940454,0
1346,Pass,0,0,0,23.025850929940454,0
1347,Pass,0,0,0,23.025850929940454,0
1348,Pass,0,0,0,23.025850929940454,0
1349,Pass,0,0,0,23.025850929940454,0
1350,Pass,0,0,0,23.025850929940454,0
1351,Pass,0,0,0,23.025850929940454,0
1352,Pass,0,0,0,23.025850929940454,0
1353,Pass,0,0,0,23.025850929940454,0
1354,Pass,0,0,0,23.025850929940454,0
1355,Pass,0,0,0,23.025850929940454,0
1356,Pass,0,0,0,23.025850929940454,0
1357,Pass,0,0,0,23.025850929940454,0
1358,Pass,0,0,0,23.025850929940454,0
1359,Pass,0,0,0,23.025850929940454,0
1360,Pass,0,0,0,23.025850929940454,0
1361,Pass,0,0,0,23.025850929940454,0
1362,Pass,0,0,0,23.025850929940454,0
1363,Pass,0,0,0,23.025850929940454,0
1364,Pass,0,0,0,23.025850929940454,0
1365,Pass,0,0,0,23.025850929940454,0
1366,Pass,0,0,0,23.025850929940454,0
1367,Pass,0,0,0,23.025850929940454,0
1368,Pass,0,0,0,23.025850929940454,0
1369,Pass,0,0,0,23.025850929940454,0
1370,Pass,0,0,0,23.025850929940454,0
1371,Pass,0,0,0,23.025850929940454,0
1372,Pass,0,0,0,23.025850929940454,0
1373,Pass,0,0,0,23.025850929940454,0
1374,Pass,0,0,0,23.025850929940454,0
1375,Pass,0,0,0,23.025850929940454,0
1376,Pass,0,0,0,23.025850929940454,0
1377,Pass,0,0,0,11.582990883946325,0
1378,Pass,0,0,0,6.221120939635174,0
1379,Pass,0,0,0,0.3471447544284954,0
1380,Pass,0,0,0,17.466198895152957,0
1381,Pass,0,0,0,6.2356591412141595,0
1382,Pass,0,0,0,13.159175092793882,0
1383,Pass,0,0,0,7.851335749839066,0
1384,Pass,0,0,0,15.411515877525835,0
1385,Pass,0,0,0,-0.0,0
1386,Pass,0,0,0,-0.0,0
1387,Pass,0,0,0,-0.0,0
1388,Pass,0,0,0,-0.0,0
1389,Pass,0,0,0,-0.0,0
1390,Pass,0,0,0,-0.0,0
1391,Pass,0,0,0,-0.0,0
1392,Pass,0,0,0,-0.0,0
1393,Pass,0,0,0,-0.0,0
1394,Pass,0,0,0,-0.0,0
1395,Pass,0,0,0,-0.0,0
1396,Pass,0,0,0,-0.0,0
1397,Pass,0,0,0,-0.0,0
1398,Pass,0,0,0,-0.0,0
1399,Pass,0,0,0,-0.0,0
1400,Pass,0,0,0,-0.0,0
1401,Pass,0,0,0,-0.0,0
1402,Pass,0,0,0,-0.0,0
1403,Pass,0,0,0,-0.0,0
1404,Pass,0,0,0,-0.0,0
1405,Pass,0,0,0,-0.0,0
1406,Pass,0,0,0,-0.0,0
1407,Pass,0,0,0,-0.0,0
1408,Pass,0,0,0,-0.0,0
1409,Pass,0,0,0,-0.0,0
1410,Pass,0,0,0,23.025850929940454,0
1411,Pass,0,0,0,23.025850929940454,0
1412,Pass,0,0,0,23.025850929940454,0
1413,Pass,0,0,0,23.025850929940454,0
1414,Pass,0,0,0,23.025850929940454,0
1415,Pass,0,0,0,23.025850929940454,0
1416,Pass,0,0,0,23.025850929940454,0
1417,Pass,0,0,0,23.025850929940454,0
1418,Pass,0,0,0,23.025850929940454,0
1419,Pass,0,0,0,23.025850929940454,0
1420,Pass,0,0,0,23.025850929940454,0
1421,Pass,0,0,0,23.025850929940454,0
1422,Pass,0,0,0,3.333251867407709,0
1423,Pass,0,0,0,-0.0,0
1424,Pass,0,0,0,-0.0,0
1425,Pass,0,0,0,3.541870317918029,0
1426,Pass,0,0,0,1.6664797272054488,0
1427,Pass,0,0,0,-0.0,0
1428,Pass,0,0,0,11.145638374426285,0
1429,Pass,0,0,0,23.025850929940454,0
1430,Pass,0,0,0,23.025850929940454,0
1431,Pass,0,0,0,18.825596192323744,0
1432,Pass,0,0,0,4.764019996124159,0
1433,Pass,0,0,0,18.84928325934653,0
1434,Pass,0,0,0,22.159610454270275,0
1435,Pass,0,0,0,23.025850929940454,0
1436,Pass,0,0,0,23.025850929940454,0
1437,Pass,0,0,0,14.61208408223627,0
1438,Pass,0,0,0,-0.0,0
1439,Pass,0,0,0,-0.0,0
1440,Pass,0,0,0,4.792007697648625,0
1441,Pass,0,0,0,0.4475661420127065,0
1442,Pass,0,0,0,14.094527186381422,0
1443,Pass,0,0,0,0.9277860863643212,0
1444,Pass,0,0,0,18.31582179608262,0
1445,Pass,0,0,0,23.025850929940454,0
1446,Pass,0,0,0,1.660891164300294,0
1447,Pass,0,0,0,23.025850929940454,0
1448,Pass,0,0,0,16.630303713567617,0
1449,Pass,0,0,0,13.113763460260582,0
1450,Pass,0,0,0,16.937323044794965,0
1451,Pass,0,0,0,-0.0,0
1452,Pass,0,0,0,13.483132419490595,0
1453,Pass,0,0,0,5.619994687243807,0
1454,Pass,0,0,0,12.011198515135236,0
1455,Pass,0,0,0,6.430068631102001,0
1456,Pass,0,0,0,-0.0,0
1457,Pass,0,0,0,1.4031959554918507,0
1458,Pass,0,0,0,-0.0,0
1459,Pass,0,0,0,-0.0,0
1460,Pass,0,0,0,-0.0,0
1461,Pass,0,0,0,-0.0,0
1462,Pass,0,0,0,-0.0,0
1463,Pass,0,0,0,-0.0,0
1464,Pass,0,0,0,-0.0,0
1465,Pass,0,0,0,2.1511063534676973,0
1466,Pass,0,0,0,10.005148227082739,0
1467,Pass,0,0,0,4.78268302150428,0
1468,Pass,0,0,0,19.08208132506756,0
1469,Pass,0,0,0,4.359974655353764,0
1470,Pass,0,0,0,2.4511844769268873,0
1471,Pass,0,0,0,-0.0,0
1472,Pass,0,0,0,-0.0,0
1473,Pass,0,0,0,-0.0,0
1474,Pass,0,0,0,-0.0,0
1475,Pass,0,0,0,10.707245607516196,0
1476,Pass,0,0,0,23.025850929940454,0
1477,Pass,0,0,0,23.025850929940454,0
1478,Pass,0,0,0,23.025850929940454,0
1479,Pass,0,0,0,23.025850929940454,0
1480,Pass,0,0,0,23.025850929940454,0
1481,Pass,0,0,0,23.025850929940454,0
1482,Pass,0,0,0,23.025850929940454,0
1483,Pass,0,0,0,18.80151665863312,0
1484,Pass,0,0,0,23.025850929940454,0
1485,Pass,0,0,0,0.5107467685548962,0
1486,Pass,0,0,0,5.893925804538477,0
1487,Pass,0,0,0,-0.0,0
1488,Pass,0,0,0,-0.0,0
1489,Pass,0,0,0,-0.0,0
1490,Pass,0,0,0,-0.0,0
1491,Pass,0,0,0,-0.0,0
1492,Pass,0,0,0,-0.0,0
1493,Pass,0,0,0,-0.0,0
1494,Pass,0,0,0,18.238351247023935,0
1495,Pass,0,0,0,19.93177400326919,0
1496,Pass,0,0,0,23.025850929940454,0
1497,Pass,0,0,0,23.025850929940454,0
1498,Pass,0,0,0,4.992196449076246,0
1499,Pass,0,0,0,-0.0,0
1500,Pass,0,0,0,-0.0,0
1501,Pass,0,0,0,-0.0,0
1502,Pass,0,0,0,-0.0,0
1503,Pass,0,0,0,-0.0,0
1504,Pass,0,0,0,-0.0,0
1505,Pass,0,0,0,-0.0,0
1506,Pass,0,0,0,-0.0,0
1507,Pass,0,0,0,-0.0,0
1508,Pass,0,0,0,-0.0,0
1509,Pass,0,0,0,0.6032967470346929,0
1510,Pass,0,0,0,-0.0,0
1511,Pass,0,0,0,-0.0,0
1512,Pass,0,0,0,-0.0,0
1513,Pass,0,0,0,-0.0,0
1514,Pass,0,0,0,-0.0,0
1515,Pass,0,0,0,-0.0,0
1516,Pass,0,0,0,-0.0,0
1517,Pass,0,0,0,-0.0,0
1518,Pass,0,0,0,4.2136843375790916,0
1519,Pass,0,0,0,-0.0,0
1520,Pass,0,0,0,3.112745482887918,0
1521,Pass,0,0,0,9.112824204782468,0
1522,Pass,0,0,0,0.7194104226494168,0
1523,Pass,0,0,0,0.5738550531038789,0
1524,Pass,0,0,0,-0.0,0
1525,Pass,0,0,0,-0.0,0
1526,Pass,0,0,0,-0.0,0
1527,Pass,0,0,0,-0.0,0
1528,Pass,0,0,0,-0.0,0
1529,Pass,0,0,0,-0.0,0
1530,Pass,0,0,0,-0.0,0
1531,Pass,0,0,0,-0.0,0
1532,Pass,0,0,0,-0.0,0
1533,Pass,0,0,0,-0.0,0
1534,Pass,0,0,0,-0.0,0
1535,Pass,0,0,0,-0.0,0
1536,Pass,0,0,0,-0.0,0
1537,Pass,0,0,0,-0.0,0
1538,Pass,0,0,0,-0.0,0
1539,Pass,0,0,0,-0.0,0
1540,Pass,0,0,0,2.277456389573359,0
1541,Pass,0,0,0,-0.0,0
1542,Pass,0,0,0,12.195566098068376,0
1543,Pass,0,0,0,3.56344230961535,0
1544,Pass,0,0,0,-0.0,0
1545,Pass,0,0,0,0.2906397479619207,0
1546,Pass,0,0,0,-0.0,0
1547,Pass,0,0,0,4.695172275734266,0
1548,Pass,0,0,0,-0.0,0
1549,Pass,0,0,0,-0.0,0
1550,Pass,0,0,0,-0.0,0
1551,Pass,0,0,0,-0.0,0
1552,Pass,0,0,0,-0.0,0
1553,Pass,0,0,0,-0.0,0
1554,Pass,0,0,0,-0.0,0
1555,Pass,0,0,0,-0.0,0
1556,Pass,0,0,0,-0.0,0
1557,Pass,0,0,0,-0.0,0
1558,Pass,0,0,0,-0.0,0
1559,Pass,0,0,0,-0.0,0
1560,Pass,0,0,0,-0.0,0
1561,Pass,0,0,0,2.3471947422757844,0
1562,Pass,0,0,0,-0.0,0
1563,Pass,0,0,0,-0.0,0
1564,Pass,0,0,0,-0.0,0
1565,Pass,0,0,0,4.027720484377842,0
1566,Pass,0,0,0,-0.0,0
1567,Pass,0,0,0,-0.0,0
1568,Pass,0,0,0,-0.0,0
1569,Pass,0,0,0,5.40790199047184,0
1570,Pass,0,0,0,11.5163993987284,0
1571,Pass,0,0,0,2.7073132318917663,0
1572,Pass,0,0,0,23.025850929940454,0
1573,Pass,0,0,0,23.025850929940454,0
1574,Pass,0,0,0,-0.0,0
1575,Pass,0,0,0,8.00297630913833,0
1576,Pass,0,0,0,-0.0,0
1577,Pass,0,0,0,-0.0,0
1578,Pass,0,0,0,8.281051868036194,0
1579,Pass,0,0,0,-0.0,0
1580,Pass,0,0,0,-0.0,0
1581,Pass,0,0,0,7.293498281661951,0
1582,Pass,0,0,0,-0.0,0
1583,Pass,0,0,0,-0.0,0
1584,Pass,0,0,0,-0.0,0
1585,Pass,0,0,0,-0.0,0
1586,Pass,0,0,0,-0.0,0
1587,Pass,0,0,0,4.778250538739052,0
1588,Pass,0,0,0,-0.0,0
1589,Pass,0,0,0,-0.0,0
1590,Pass,0,0,0,-0.0,0
1591,Pass,0,0,0,-0.0,0
1592,Pass,0,0,0,-0.0,0
1593,Pass,0,0,0,-0.0,0
1594,Pass,0,0,0,-0.0,0
1595,Pass,0,0,0,-0.0,0
1596,Pass,0,0,0,-0.0,0
1597,Pass,0,0,0,-0.0,0
1598,Pass,0,0,0,-0.0,0
1599,Pass,0,0,0,-0.0,0
1600,Pass,0,0,0,-0.0,0
1601,Pass,0,0,0,-0.0,0
1602,Pass,0,0,0,-0.0,0
1603,Pass,0,0,0,-0.0,0
1604,Pass,0,0,0,-0.0,0
1605,Pass,0,0,0,-0.0,0
1606,Pass,0,0,0,4.417235848562915,0
1607,Pass,0,0,0,-0.0,0
1608,Pass,0,0,0,-0.0,0
1609,Pass,0,0,0,-0.0,0
1610,Pass,0,0,0,-0.0,0
1611,Pass,0,0,0,-0.0,0
1612,Pass,0,0,0,-0.0,0
1613,Pass,0,0,0,-0.0,0
1614,Pass,0,0,0,-0.0,0
1615,Pass,0,0,0,-0.0,0
1616,Pass,0,0,0,-0.0,0
1617,Pass,0,0,0,-0.0,0
1618,Pass,0,0,0,-0.0,0
1619,Pass,0,0,0,-0.0,0
1620,Pass,0,0,0,-0.0,0
1621,Pass,0,0,0,-0.0,0
1622,Pass,0,0,0,-0.0,0
1623,Pass,0,0,0,-0.0,0
1624,Pass,0,0,0,-0.0,0
1625,Pass,0,0,0,-0.0,0
1626,Pass,0,0,0,-0.0,0
1627,Pass,0,0,0,-0.0,0
1628,Pass,0,0,0,-0.0,0
1629,Pass,0,0,0,-0.0,0
1630,Pass,0,0,0,-0.0,0
1631,Pass,0,0,0,-0.0,0
1632,Pass,0,0,0,-0.0,0
1633,Pass,0,0,0,-0.0,0
1634,Pass,0,0,0,-0.0,0
1635,Pass,0,0,0,-0.0,0
1636,Pass,0,0,0,-0.0,0
1637,Pass,0,0,0,23.025850929940454,0
1638,Pass,0,0,0,19.873480748285324,0
1639,Pass,0,0,0,11.64945184053207,0
1640,Pass,0,0,0,14.925348158563667,0
1641,Pass,0,0,0,15.817766426013295,0
1642,Pass,0,0,0,6.620973199376522,0
1643,Pass,0,0,0,3.232133898209582,0
1644,Pass,0,0,0,0.3258631890931367,0
1645,Pass,0,0,0,17.206257514815583,0
1646,Pass,0,0,0,17.368520822412137,0
1647,Pass,0,0,0,15.059097757788102,0
1648,Pass,0,0,0,0.6663724038345155,0
1649,Pass,0,0,0,23.025850929940454,0
1650,Pass,0,0,0,23.025850929940454,0
1651,Pass,0,0,0,5.891999711634161,0
1652,Pass,0,0,0,-0.0,0
1653,Pass,0,0,0,-0.0,0
1654,Pass,0,0,0,-0.0,0
1655,Pass,0,0,0,-0.0,0
1656,Pass,0,0,0,-0.0,0
1657,Pass,0,0,0,-0.0,0
1658,Pass,0,0,0,0.28468916474161177,0
1659,Pass,0,0,0,3.545600207851745,0
1660,Pass,0,0,0,2.0048704503491184,0
1661,Pass,0,0,0,5.735595791169513,0
1662,Pass,0,0,0,11.264151515386962,0
1663,Pass,0,0,0,5.465312646007085,0
1664,Pass,0,0,0,5.632057872385951,0
1665,Pass,0,0,0,1.465144973872404,0
1666,Pass,0,0,0,1.874060380821281,0
1667,Pass,0,0,0,2.9797564012114663,0
1668,Pass,0,0,0,6.9776973019214905,0
1669,Pass,0,0,0,8.915373600510714,0
1670,Pass,0,0,0,4.958149064320297,0
1671,Pass,0,0,0,-0.0,0
1672,Pass,0,0,0,2.5815648020692636,0
1673,Pass,0,0,0,-0.0,0
1674,Pass,0,0,0,7.288941881807876,0
1675,Pass,0,0,0,5.799975078637016,0
1676,Pass,0,0,0,-0.0,0
1677,Pass,0,0,0,17.15445249615857,0
1678,Pass,0,0,0,-0.0,0
1679,Pass,0,0,0,-0.0,0
1680,Pass,0,0,0,5.002068887456982,0
1681,Pass,0,0,0,9.977207858745665,0
1682,Pass,0,0,0,4.446877826116165,0
1683,Pass,0,0,0,0.8102003894197846,0
1684,Pass,0,0,0,-0.0,0
1685,Pass,0,0,0,-0.0,0
1686,Pass,0,0,0,-0.0,0
1687,Pass,0,0,0,-0.0,0
1688,Pass,0,0,0,-0.0,0
1689,Pass,0,0,0,-0.0,0
1690,Pass,0,0,0,-0.0,0
1691,Pass,0,0,0,-0.0,0
1692,Pass,0,0,0,-0.0,0
1693,Pass,0,0,0,-0.0,0
1694,Pass,0,0,0,-0.0,0
1695,Pass,0,0,0,-0.0,0
1696,Pass,0,0,0,-0.0,0
1697,Pass,0,0,0,-0.0,0
1698,Pass,0,0,0,-0.0,0
1699,Pass,0,0,0,-0.0,0
1700,Pass,0,0,0,-0.0,0
1701,Pass,0,0,0,-0.0,0
1702,Pass,0,0,0,-0.0,0
1703,Pass,0,0,0,-0.0,0
1704,Pass,0,0,0,-0.0,0
1705,Pass,0,0,0,-0.0,0
1706,Pass,0,0,0,-0.0,0
1707,Pass,0,0,0,-0.0,0
1708,Pass,0,0,0,-0.0,0
1709,Pass,0,0,0,-0.0,0
1710,Pass,0,0,0,-0.0,0
1711,Pass,0,0,0,-0.0,0
1712,Pass,0,0,0,-0.0,0
1713,Pass,0,0,0,-0.0,0
1714,Pass,0,0,0,-0.0,0
1715,Pass,0,0,0,-0.0,0
1716,Pass,0,0,0,-0.0,0
1717,Pass,0,0,0,-0.0,0
1718,Pass,0,0,0,-0.0,0
1719,Pass,0,0,0,-0.0,0
1720,Pass,0,0,0,-0.0,0
1721,Pass,0,0,0,-0.0,0
1722,Pass,0,0,0,-0.0,0
1723,Pass,0,0,0,-0.0,0
1724,Pass,0,0,0,-0.0,0
1725,Pass,0,0,0,-0.0,0
1726,Pass,0,0,0,1.398136969554251,0
1727,Pass,0,0,0,-0.0,0
1728,Pass,0,0,0,-0.0,0
1729,Pass,0,0,0,-0.0,0
1730,Pass,0,0,0,-0.0,0
1731,Pass,0,0,0,-0.0,0
1732,Pass,0,0,0,-0.0,0
1733,Pass,0,0,0,-0.0,0
1734,Pass,0,0,0,-0.0,0
1735,Pass,0,0,0,-0.0,0
1736,Pass,0,0,0,-0.0,0
1737,Pass,0,0,0,-0.0,0
1738,Pass,0,0,0,-0.0,0
1739,Pass,0,0,0,-0.0,0
1740,Pass,0,0,0,-0.0,0
1741,Pass,0,0,0,-0.0,0
1742,Pass,0,0,0,-0.0,0
1743,Pass,0,0,0,-0.0,0
1744,Pass,0,0,0,-0.0,0
1745,Pass,0,0,0,-0.0,0
1746,Pass,0,0,0,-0.0,0
1747,Pass,0,0,0,-0.0,0
1748,Pass,0,0,0,-0.0,0
1749,Pass,0,0,0,-0.0,0
1750,Pass,0,0,0,-0.0,0
1751,Pass,0,0,0,-0.0,0
1752,Pass,0,0,0,-0.0,0
1753,Pass,0,0,0,-0.0,0
1754,Pass,0,0,0,-0.0,0
1755,Pass,0,0,0,-0.0,0
1756,Pass,0,0,0,-0.0,0
1757,Pass,0,0,0,-0.0,0
1758,Pass,0,0,0,-0.0,0
1759,Pass,0,0,0,-0.0,0
1760,Pass,0,0,0,-0.0,0
1761,Pass,0,0,0,-0.0,0
1762,Pass,0,0,0,-0.0,0
1763,Pass,0,0,0,-0.0,0
1764,Pass,0,0,0,-0.0,0
1765,Pass,0,0,0,-0.0,0
1766,Pass,0,0,0,-0.0,0
1767,Pass,0,0,0,-0.0,0
1768,Pass,0,0,0,23.025850929940454,0
1769,Pass,0,0,0,-0.0,0
1770,Pass,0,0,0,2.686546887222658,0
1771,Pass,0,0,0,0.33099809381692913,0
1772,Pass,0,0,0,-0.0,0
1773,Pass,0,0,0,0.8553108176784866,0
1774,Pass,0,0,0,-0.0,0
1775,Pass,0,0,0,-0.0,0
1776,Pass,0,0,0,3.06641400542199,0
1777,Pass,0,0,0,23.025850929940454,0
1778,Pass,0,0,0,23.025850929940454,0
1779,Pass,0,0,0,23.025850929940454,0
1780,Pass,0,0,0,23.025850929940454,0
1781,Pass,0,0,0,20.681899602618547,0
1782,Pass,0,0,0,17.60720551577966,0
1783,Pass,0,0,0,7.828031786954167,0
1784,Pass,0,0,0,2.406307495346147,0
1785,Pass,0,0,0,0.6701289462539438,0
1786,Pass,0,0,0,-0.0,0
1787,Pass,0,0,0,0.08110506930949196,0
1788,Pass,0,0,0,2.4197604518002604,0
1789,Pass,0,0,0,1.1890685619793782,0
1790,Pass,0,0,0,6.244974927810678,0
1791,Pass,0,0,0,2.6320950273237838,0
1792,Pass,0,0,0,8.114021052020972,0
1793,Pass,0,0,0,18.345238182881857,0
1794,Pass,0,0,0,16.440939740143488,0
1795,Pass,0,0,0,13.519747200271011,0
1796,Pass,0,0,0,9.536871570065532,0
1797,Pass,0,0,0,17.67818275741839,0
1798,Pass,0,0,0,14.030912073235825,0
1799,Pass,0,0,0,11.690094564592512,0
1800,Pass,0,0,0,16.147926182063387,0
1801,Pass,0,0,0,19.53177760989807,0
1802,Pass,0,0,0,11.39550245909461,0
1803,Pass,0,0,0,7.114566048131417,0
1804,Pass,0,0,0,1.1734266397599489,0
1805,Pass,0,0,0,5.585118724273226,0
1806,Pass,0,0,0,-0.0,0
1807,Pass,0,0,0,-0.0,0
1808,Pass,0,0,0,2.57566767289593,0
1809,Pass,0,0,0,6.125012418683478,0
1810,Pass,0,0,0,-0.0,0
1811,Pass,0,0,0,3.6211825066178336,0
1812,Pass,0,0,0,5.868296433086531,0
1813,Pass,0,0,0,2.4534587767702223,0
1814,Pass,0,0,0,2.229070272137172,0
1815,Pass,0,0,0,2.5055355702347426,0
1816,Pass,0,0,0,8.918983732741667,0
1817,Pass,0,0,0,4.514996004802996,0
1818,Pass,0,0,0,-0.0,0
1819,Pass,0,0,0,-0.0,0
1820,Pass,0,0,0,-0.0,0
1821,Pass,0,0,0,-0.0,0
1822,Pass,0,0,0,-0.0,0
1823,Pass,0,0,0,-0.0,0
1824,Pass,0,0,0,-0.0,0
1825,Pass,0,0,0,-0.0,0
1826,Pass,0,0,0,23.025850929940454,0
1827,Pass,0,0,0,23.025850929940454,0
1828,Pass,0,0,0,23.025850929940454,0
1829,Pass,0,0,0,23.025850929940454,0
1830,Pass,0,0,0,23.025850929940454,0
1831,Pass,0,0,0,23.025850929940454,0
1832,Pass,0,0,0,23.025850929940454,0
1833,Pass,0,0,0,1.9750729452182993,0
1834,Pass,0,0,0,20.989522292178034,0
1835,Pass,0,0,0,12.392408212587455,0
1836,Pass,0,0,0,23.025850929940454,0
1837,Pass,0,0,0,23.025850929940454,0
1838,Pass,0,0,0,23.025850929940454,0
1839,Pass,0,0,0,23.025850929940454,0
1840,Pass,0,0,0,23.025850929940454,0
1841,Pass,0,0,0,23.025850929940454,0
1842,Pass,0,0,0,23.025850929940454,0
1843,Pass,0,0,0,23.025850929940454,0
1844,Pass,0,0,0,23.025850929940454,0
1845,Pass,0,0,0,23.025850929940454,0
1846,Pass,0,0,0,7.512601159307484,0
1847,Pass,0,0,0,23.025850929940454,0
1848,Pass,0,0,0,-0.0,0
1849,Pass,0,0,0,1.2788094486810384,0
1850,Pass,0,0,0,7.595889996596054,0
1851,Pass,0,0,0,-0.0,0
1852,Pass,0,0,0,-0.0,0
1853,Pass,0,0,0,-0.0,0
1854,Pass,0,0,0,3.6773968925988,0
1855,Pass,0,0,0,7.2803512790464255,0
1856,Pass,0,0,0,15.852949316430283,0
1857,Pass,0,0,0,11.151075639000128,0
1858,Pass,0,0,0,-0.0,0
1859,Pass,0,0,0,-0.0,0
1860,Pass,0,0,0,23.025850929940454,0
1861,Pass,0,0,0,23.025850929940454,0
1862,Pass,0,0,0,23.025850929940454,0
1863,Pass,0,0,0,21.308418216149473,0
1864,Pass,0,0,0,23.025850929940454,0
1865,Pass,0,0,0,23.025850929940454,0
1866,Pass,0,0,0,23.025850929940454,0
1867,Pass,0,0,0,23.025850929940454,0
1868,Pass,0,0,0,23.025850929940454,0
1869,Pass,0,0,0,23.025850929940454,0
1870,Pass,0,0,0,23.025850929940454,0
1871,Pass,0,0,0,18.952283321898815,0
1872,Pass,0,0,0,23.025850929940454,0
1873,Pass,0,0,0,23.025850929940454,0
1874,Pass,0,0,0,11.342182802408251,0
1875,Pass,0,0,0,-0.0,0
1876,Pass,0,0,0,-0.0,0
1877,Pass,0,0,0,2.784522407393187,0
1878,Pass,0,0,0,-0.0,0
1879,Pass,0,0,0,1.88874134091342,0
1880,Pass,0,0,0,19.746157794698334,0
1881,Pass,0,0,0,23.025850929940454,0
1882,Pass,0,0,0,20.90074026916802,0
1883,Pass,0,0,0,-0.0,0
1884,Pass,0,0,0,0.2299031520654549,0
1885,Pass,0,0,0,-0.0,0
1886,Pass,0,0,0,-0.0,0
1887,Pass,0,0,0,23.025850929940454,0
1888,Pass,0,0,0,0.10643882693733615,0
1889,Pass,0,0,0,7.499553946278266,0
1890,Pass,0,0,0,-0.0,0
1891,Pass,0,0,0,-0.0,0
1892,Pass,0,0,0,-0.0,0
1893,Pass,0,0,0,-0.0,0
1894,Pass,0,0,0,-0.0,0
1895,Pass,0,0,0,23.025850929940454,0
1896,Pass,0,0,0,9.35602854835887,0
1897,Pass,0,0,0,23.025850929940454,0
1898,Pass,0,0,0,23.025850929940454,0
1899,Pass,0,0,0,23.025850929940454,0
1900,Pass,0,0,0,18.3308001792382,0
1901,Pass,0,0,0,18.02064211129696,0
1902,Pass,0,0,0,9.034047141288799,0
1903,Pass,0,0,0,1.1337183170365714,0
1904,Pass,0,0,0,15.064605784500802,0
1905,Pass,0,0,0,16.98569386718397,0
1906,Pass,0,0,0,13.346915860213942,0
1907,Pass,0,0,0,4.955835384977497,0
1908,Pass,0,0,0,23.025850929940454,0
1909,Pass,0,0,0,23.025850929940454,0
1910,Pass,0,0,0,23.025850929940454,0
1911,Pass,0,0,0,23.025850929940454,0
1912,Pass,0,0,0,10.46758235278345,0
1913,Pass,0,0,0,-0.0,0
1914,Pass,0,0,0,0.5895588810367148,0
1915,Pass,0,0,0,21.98343130705804,0
1916,Pass,0,0,0,8.647219277431285,0
1917,Pass,0,0,0,23.025850929940454,0
1918,Pass,0,0,0,13.138060877003953,0
1919,Pass,0,0,0,12.945219860325672,0
1920,Pass,0,0,0,14.1818531165181,0
1921,Pass,0,0,0,23.025850929940454,0
1922,Pass,0,0,0,23.025850929940454,0
1923,Pass,0,0,0,23.025850929940454,0
1924,Pass,0,0,0,23.025850929940454,0
1925,Pass,0,0,0,23.025850929940454,0
1926,Pass,0,0,0,17.02440589343873,0
1927,Pass,0,0,0,16.83497827804469,0
1928,Pass,0,0,0,-0.0,0
1929,Pass,0,0,0,23.025850929940454,0
1930,Pass,0,0,0,-0.0,0
1931,Pass,0,0,0,6.212282272344616,0
1932,Pass,0,0,0,23.025850929940454,0
1933,Pass,0,0,0,23.025850929940454,0
1934,Pass,0,0,0,19.885694821955365,0
1935,Pass,0,0,0,23.025850929940454,0
1936,Pass,0,0,0,-0.0,0
1937,Pass,0,0,0,7.9500808802534015,0
1938,Pass,0,0,0,10.456826599318095,0
1939,Pass,0,0,0,23.025850929940454,0
1940,Pass,0,0,0,23.025850929940454,0
1941,Pass,0,0,0,11.125651328579162,0
1942,Pass,0,0,0,-0.0,0
1943,Pass,0,0,0,2.370233389127549,0
1944,Pass,0,0,0,22.14339511983806,0
1945,Pass,0,0,0,-0.0,0
1946,Pass,0,0,0,14.685986609048289,0
1947,Pass,0,0,0,23.025850929940454,0
1948,Pass,0,0,0,-0.0,0
1949,Pass,0,0,0,10.61246071348233,0
1950,Pass,0,0,0,1.34158043065349,0
1951,Pass,0,0,0,-0.0,0
1952,Pass,0,0,0,1.8308941229508324,0
1953,Pass,0,0,0,-0.0,0
1954,Pass,0,0,0,2.8755056797696525,0
1955,Pass,0,0,0,-0.0,0
1956,Pass,0,0,0,-0.0,0
1957,Pass,0,0,0,-0.0,0
1958,Pass,0,0,0,-0.0,0
1959,Pass,0,0,0,-0.0,0
1960,Pass,0,0,0,-0.0,0
1961,Pass,0,0,0,-0.0,0
1962,Pass,0,0,0,-0.0,0
1963,Pass,0,0,0,-0.0,0
1964,Pass,0,0,0,-0.0,0
1965,Pass,0,0,0,-0.0,0
1966,Pass,0,0,0,-0.0,0
1967,Pass,0,0,0,-0.0,0
1968,Pass,0,0,0,20.620060693354336,0
1969,Pass,0,0,0,1.3777384456505668,0
1970,Pass,0,0,0,10.8224180723621,0
1971,Pass,0,0,0,0.8431996542821129,0
1972,Pass,0,0,0,23.025850929940454,0
1973,Pass,0,0,0,-0.0,0
1974,Pass,0,0,0,8.394666058021606,0
1975,Pass,0,0,0,23.025850929940454,0
1976,Pass,0,0,0,16.642378720008125,0
1977,Pass,0,0,0,-0.0,0
1978,Pass,0,0,0,8.426361101480666,0
1979,Pass,0,0,0,-0.0,0
1980,Pass,0,0,0,-0.0,0
1981,Pass,0,0,0,-0.0,0
1982,Pass,0,0,0,-0.0,0
1983,Pass,0,0,0,-0.0,0
1984,Pass,0,0,0,-0.0,0
1985,Pass,0,0,0,-0.0,0
1986,Pass,0,0,0,-0.0,0
1987,Pass,0,0,0,-0.0,0
1988,Pass,0,0,0,23.025850929940454,0
1989,Pass,0,0,0,3.370801410360027,0
1990,Pass,0,0,0,19.991100954244477,0
1991,Pass,0,0,0,18.833734087928352,0
1992,Pass,0,0,0,1.9345218826139816,0
1993,Pass,0,0,0,16.960121744877632,0
1994,Pass,0,0,0,23.025850929940454,0
1995,Pass,0,0,0,23.025850929940454,0
1996,Pass,0,0,0,7.788904174626445,0
1997,Pass,0,0,0,23.025850929940454,0
1998,Pass,0,0,0,-0.0,0
1999,Pass,0,0,0,-0.0,0
2000,Pass,0,0,0,9.628361452107105,0
2001,Pass,0,0,0,0.6269467535116947,0
2002,Pass,0,0,0,23.025850929940454,0
2003,Pass,0,0,0,22.590301454329744,0
2004,Pass,0,0,0,13.86657798902472,0
2005,Pass,0,0,0,11.912898931770934,0
2006,Pass,0,0,0,23.025850929940454,0
2007,Pass,0,0,0,23.025850929940454,0
2008,Pass,0,0,0,23.025850929940454,0
2009,Pass,0,0,0,23.025850929940454,0
2010,Pass,0,0,0,23.025850929940454,0
2011,Pass,0,0,0,23.025850929940454,0
2012,Pass,0,0,0,23.025850929940454,0
2013,Pass,0,0,0,23.025850929940454,0
2014,Pass,0,0,0,23.025850929940454,0
2015,Pass,0,0,0,21.323760471989214,0
2016,Pass,0,0,0,14.465196376649972,0
2017,Pass,0,0,0,3.2484148048723878,0
2018,Pass,0,0,0,23.025850929940454,0
2019,Pass,0,0,0,3.785840319126616,0
2020,Pass,0,0,0,19.07640780264268,0
2021,Pass,0,0,0,2.094605058850103,0
2022,Pass,0,0,0,23.025850929940454,0
2023,Pass,0,0,0,17.33992093126251,0
2024,Pass,0,0,0,11.204630223997652,0
2025,Pass,0,0,0,23.025850929940454,0
2026,Pass,0,0,0,23.025850929940454,0
2027,Pass,0,0,0,23.025850929940454,0
2028,Pass,0,0,0,23.025850929940454,0
2029,Pass,0,0,0,23.025850929940454,0
2030,Pass,0,0,0,23.025850929940454,0
2031,Pass,0,0,0,23.025850929940454,0
2032,Pass,0,0,0,23.025850929940454,0
2033,Pass,0,0,0,4.161077304635846,0
2034,Pass,0,0,0,20.13073454657739,0
2035,Pass,0,0,0,19.263047675513306,0
2036,Pass,0,0,0,5.424723275273359,0
2037,Pass,0,0,0,11.873675392246152,0
2038,Pass,0,0,0,15.907839546670976,0
2039,Pass,0,0,0,23.025850929940454,0
2040,Pass,0,0,0,23.025850929940454,0
2041,Pass,0,0,0,23.025850929940454,0
2042,Pass,0,0,0,8.977470823566236,0
2043,Pass,0,0,0,-0.0,0
2044,Pass,0,0,0,15.854426582181782,0
2045,Pass,0,0,0,-0.0,0
2046,Pass,0,0,0,-0.0,0
2047,Pass,0,0,0,-0.0,0
2048,Pass,0,0,0,5.499106529730631,0
2049,Pass,0,0,0,-0.0,0
2050,Pass,0,0,0,8.723438139053233,0
2051,Pass,0,0,0,21.92365820301746,0
2052,Pass,0,0,0,11.293064947781474,0
2053,Pass,0,0,0,6.873619360845499,0
2054,Pass,0,0,0,-0.0,0
2055,Pass,0,0,0,-0.0,0
2056,Pass,0,0,0,23.025850929940454,0
2057,Pass,0,0,0,-0.0,0
2058,Pass,0,0,0,2.8406672327558815,0
2059,Pass,0,0,0,-0.0,0
2060,Pass,0,0,0,-0.0,0
2061,Pass,0,0,0,-0.0,0
2062,Pass,0,0,0,-0.0,0
2063,Pass,0,0,0,-0.0,0
2064,Pass,0,0,0,-0.0,0
2065,Pass,0,0,0,-0.0,0
2066,Pass,0,0,0,-0.0,0
2067,Pass,0,0,0,-0.0,0
2068,Pass,0,0,0,-0.0,0
2069,Pass,0,0,0,2.3613372823554846,0
2070,Pass,0,0,0,-0.0,0
2071,Pass,0,0,0,-0.0,0
2072,Pass,0,0,0,-0.0,0
2073,Pass,0,0,0,-0.0,0
2074,Pass,0,0,0,-0.0,0
2075,Pass,0,0,0,-0.0,0
2076,Pass,0,0,0,2.294244109192413,0
2077,Pass,0,0,0,-0.0,0
2078,Pass,0,0,0,-0.0,0
2079,Pass,0,0,0,-0.0,0
2080,Pass,0,0,0,-0.0,0
2081,Pass,0,0,0,-0.0,0
2082,Pass,0,0,0,19.573962650292486,0
2083,Pass,0,0,0,19.623077920071346,0
2084,Pass,0,0,0,14.118602121973042,0
2085,Pass,0,0,0,-0.0,0
2086,Pass,0,0,0,-0.0,0
2087,Pass,0,0,0,-0.0,0
2088,Pass,0,0,0,3.0822298105429766,0
2089,Pass,0,0,0,-0.0,0
2090,Pass,0,0,0,14.831945621357,0
2091,Pass,0,0,0,-0.0,0
2092,Pass,0,0,0,5.29626138651893,0
2093,Pass,0,0,0,0.6611867570304558,0
2094,Pass,0,0,0,5.696283875547613,0
2095,Pass,0,0,0,2.001317887962519,0
2096,Pass,0,0,0,-0.0,0
2097,Pass,0,0,0,-0.0,0
2098,Pass,0,0,0,-0.0,0
2099,Pass,0,0,0,1.1151889230683367,0
2100,Pass,0,0,0,-0.0,0
2101,Pass,0,0,0,-0.0,0
2102,Pass,0,0,0,-0.0,0
2103,Pass,0,0,0,-0.0,0
2104,Pass,0,0,0,-0.0,0
2105,Pass,0,0,0,-0.0,0
2106,Pass,0,0,0,-0.0,0
2107,Pass,0,0,0,-0.0,0
2108,Pass,0,0,0,-0.0,0
2109,Pass,0,0,0,-0.0,0
2110,Pass,0,0,0,-0.0,0
2111,Pass,0,0,0,-0.0,0
2112,Pass,0,0,0,-0.0,0
2113,Pass,0,0,0,-0.0,0
2114,Pass,0,0,0,-0.0,0
2115,Pass,0,0,0,-0.0,0
2116,Pass,0,0,0,4.191028485665108,0
2117,Pass,0,0,0,2.5468817715264205,0
2118,Pass,0,0,0,-0.0,0
2119,Pass,0,0,0,-0.0,0
2120,Pass,0,0,0,-0.0,0
2121,Pass,0,0,0,-0.0,0
2122,Pass,0,0,0,-0.0,0
2123,Pass,0,0,0,9.854084463430329,0
2124,Pass,0,0,0,-0.0,0
2125,Pass,0,0,0,-0.0,0
2126,Pass,0,0,0,-0.0,0
2127,Pass,0,0,0,-0.0,0
2128,Pass,0,0,0,-0.0,0
2129,Pass,0,0,0,-0.0,0
2130,Pass,0,0,0,-0.0,0
2131,Pass,0,0,0,-0.0,0
2132,Pass,0,0,0,-0.0,0
2133,Pass,0,0,0,-0.0,0
2134,Pass,0,0,0,-0.0,0
2135,Pass,0,0,0,-0.0,0
2136,Pass,0,0,0,-0.0,0
2137,Pass,0,0,0,-0.0,0
2138,Pass,0,0,0,-0.0,0
2139,Pass,0,0,0,-0.0,0
2140,Pass,0,0,0,2.9787374287865673,0
2141,Pass,0,0,0,-0.0,0
2142,Pass,0,0,0,-0.0,0
2143,Pass,0,0,0,-0.0,0
2144,Pass,0,0,0,-0.0,0
2145,Pass,0,0,0,-0.0,0
2146,Pass,0,0,0,19.75847277467374,0
2147,Pass,0,0,0,23.025850929940454,0
2148,Pass,0,0,0,9.469230398350787,0
2149,Pass,0,0,0,6.8599090080397485,0
2150,Pass,0,0,0,16.08861338520727,0
2151,Pass,0,0,0,9.980957976613485,0
2152,Pass,0,0,0,-0.0,0
2153,Pass,0,0,0,-0.0,0
2154,Pass,0,0,0,-0.0,0
2155,Pass,0,0,0,-0.0,0
2156,Pass,0,0,0,-0.0,0
2157,Pass,0,0,0,-0.0,0
2158,Pass,0,0,0,11.839539211259202,0
2159,Pass,0,0,0,-0.0,0
2160,Pass,0,0,0,-0.0,0
2161,Pass,0,0,0,-0.0,0
2162,Pass,0,0,0,1.8237686763710277,0
2163,Pass,0,0,0,-0.0,0
2164,Pass,0,0,0,7.61763564469296,0
2165,Pass,0,0,0,8.416343638188938,0
2166,Pass,0,0,0,6.110968568466439,0
2167,Pass,0,0,0,1.4689487774361094,0
2168,Pass,0,0,0,-0.0,0
2169,Pass,0,0,0,-0.0,0
2170,Pass,0,0,0,6.2992123578983765,0
2171,Pass,0,0,0,23.025850929940454,0
2172,Pass,0,0,0,19.974601806878848,0
2173,Pass,0,0,0,-0.0,0
2174,Pass,0,0,0,-0.0,0
2175,Pass,0,0,0,16.97795525468706,0
2176,Pass,0,0,0,10.155900262337669,0
2177,Pass,0,0,0,1.926537973476963,0
2178,Pass,0,0,0,2.821048253312824,0
2179,Pass,0,0,0,-0.0,0
2180,Pass,0,0,0,3.958662828895377,0
2181,Pass,0,0,0,3.69149112070624,0
2182,Pass,0,0,0,-0.0,0
2183,Pass,0,0,0,-0.0,0
2184,Pass,0,0,0,-0.0,0
2185,Pass,0,0,0,-0.0,0
2186,Pass,0,0,0,-0.0,0
2187,Pass,0,0,0,-0.0,0
2188,Pass,0,0,0,-0.0,0
2189,Pass,0,0,0,-0.0,0
2190,Pass,0,0,0,-0.0,0
2191,Pass,0,0,0,-0.0,0
2192,Pass,0,0,0,-0.0,0
2193,Pass,0,0,0,-0.0,0
2194,Pass,0,0,0,-0.0,0
2195,Pass,0,0,0,9.368279022694667,0
2196,Pass,0,0,0,3.6485284040978745,0
2197,Pass,0,0,0,4.763554391574827,0
2198,Pass,0,0,0,0.9622885955218377,0
2199,Pass,0,0,0,5.750758113254498,0
2200,Pass,0,0,0,12.444695207057178,0
2201,Pass,0,0,0,13.79814766502685,0
2202,Pass,0,0,0,7.231585665451769,0
2203,Pass,0,0,0,-0.0,0
2204,Pass,0,0,0,0.9097887927259062,0
2205,Pass,0,0,0,1.9216117943786322,0
2206,Pass,0,0,0,-0.0,0
2207,Pass,0,0,0,0.08690363482353403,0
2208,Pass,0,0,0,6.800996962492121,0
2209,Pass,0,0,0,0.7214649576178399,0
2210,Pass,0,0,0,5.678565415994568,0
2211,Pass,0,0,0,0.8038383330145533,0
2212,Pass,0,0,0,6.830961894060946,0
2213,Pass,0,0,0,2.3435244647129587,0
2214,Pass,0,0,0,-0.0,0
2215,Pass,0,0,0,-0.0,0
2216,Pass,0,0,0,2.2209254459444674,0
2217,Pass,0,0,0,7.622815732038933,0
2218,Pass,0,0,0,2.6877493089674234,0
2219,Pass,0,0,0,7.13299274029102,0
2220,Pass,0,0,0,1.6968064444786066,0
2221,Pass,0,0,0,6.902300191487522,0
2222,Pass,0,0,0,0.3269688471379341,0
2223,Pass,0,0,0,7.126103830611545,0
2224,Pass,0,0,0,6.292420653110788,0
2225,Pass,0,0,0,8.798220280002745,0
2226,Pass,0,0,0,23.025850929940454,0
2227,Pass,0,0,0,3.609153640333623,0
2228,Pass,0,0,0,-0.0,0
2229,Pass,0,0,0,0.8791790701720044,0
2230,Pass,0,0,0,23.025850929940454,0
2231,Pass,0,0,0,-0.0,0
2232,Pass,0,0,0,7.7705953491008355,0
2233,Pass,0,0,0,16.296368537987945,0
2234,Pass,0,0,0,-0.0,0
2235,Pass,0,0,0,-0.0,0
2236,Pass,0,0,0,0.3393717848930775,0
2237,Pass,0,0,0,-0.0,0
2238,Pass,0,0,0,-0.0,0
2239,Pass,0,0,0,-0.0,0
2240,Pass,0,0,0,-0.0,0
2241,Pass,0,0,0,-0.0,0
2242,Pass,0,0,0,-0.0,0
2243,Pass,0,0,0,-0.0,0
2244,Pass,0,0,0,-0.0,0
2245,Pass,0,0,0,-0.0,0
2246,Pass,0,0,0,-0.0,0
2247,Pass,0,0,0,-0.0,0
2248,Pass,0,0,0,-0.0,0
2249,Pass,0,0,0,-0.0,0
2250,Pass,0,0,0,16.555408958473834,0
2251,Pass,0,0,0,-0.0,0
2252,Pass,0,0,0,-0.0,0
2253,Pass,0,0,0,-0.0,0
2254,Pass,0,0,0,6.46855785112363,0
2255,Pass,0,0,0,-0.0,0
2256,Pass,0,0,0,9.1247858107535,0
2257,Pass,0,0,0,18.69742749255963,0
2258,Pass,0,0,0,-0.0,0
2259,Pass,0,0,0,-0.0,0
2260,Pass,0,0,0,-0.0,0
2261,Pass,0,0,0,-0.0,0
2262,Pass,0,0,0,-0.0,0
2263,Pass,0,0,0,1.2443051153920455,0
2264,Pass,0,0,0,-0.0,0
2265,Pass,0,0,0,3.3194354976012908,0
2266,Pass,0,0,0,5.945527963339093,0
2267,Pass,0,0,0,-0.0,0
2268,Pass,0,0,0,-0.0,0
2269,Pass,0,0,0,-0.0,0
2270,Pass,0,0,0,-0.0,0
2271,Pass,0,0,0,-0.0,0
2272,Pass,0,0,0,-0.0,0
2273,Pass,0,0,0,-0.0,0
2274,Pass,0,0,0,-0.0,0
2275,Pass,0,0,0,-0.0,0
2276,Pass,0,0,0,-0.0,0
2277,Pass,0,0,0,-0.0,0
2278,Pass,0,0,0,-0.0,0
2279,Pass,0,0,0,-0.0,0
2280,Pass,0,0,0,-0.0,0
2281,Pass,0,0,0,-0.0,0
2282,Pass,0,0,0,-0.0,0
2283,Pass,0,0,0,-0.0,0
2284,Pass,0,0,0,-0.0,0
2285,Pass,0,0,0,-0.0,0
2286,Pass,0,0,0,-0.0,0
2287,Pass,0,0,0,-0.0,0
2288,Pass,0,0,0,-0.0,0
2289,Pass,0,0,0,-0.0,0
2290,Pass,0,0,0,-0.0,0
2291,Pass,0,0,0,-0.0,0
2292,Pass,0,0,0,-0.0,0
2293,Pass,0,0,0,-0.0,0
2294,Pass,0,0,0,-0.0,0
2295,Pass,0,0,0,-0.0,0
2296,Pass,0,0,0,-0.0,0
2297,Pass,0,0,0,-0.0,0
2298,Pass,0,0,0,-0.0,0
2299,Pass,0,0,0,-0.0,0
2300,Pass,0,0,0,-0.0,0
2301,Pass,0,0,0,-0.0,0
2302,Pass,0,0,0,-0.0,0
2303,Pass,0,0,0,21.28360772320621,0
2304,Pass,0,0,0,-0.0,0
2305,Pass,0,0,0,-0.0,0
2306,Pass,0,0,0,-0.0,0
2307,Pass,0,0,0,-0.0,0
2308,Pass,0,0,0,23.025850929940454,0
2309,Pass,0,0,0,18.046706505445524,0
2310,Pass,0,0,0,-0.0,0
2311,Pass,0,0,0,-0.0,0
2312,Pass,0,0,0,23.025850929940454,0
2313,Pass,0,0,0,23.025850929940454,0
2314,Pass,0,0,0,13.651247081206819,0
2315,Pass,0,0,0,23.025850929940454,0
2316,Pass,0,0,0,-0.0,0
2317,Pass,0,0,0,-0.0,0
2318,Pass,0,0,0,10.3587813176138,0
2319,Pass,0,0,0,7.434154149300582,0
2320,Pass,0,0,0,3.2946427229692,0
2321,Pass,0,0,0,-0.0,0
2322,Pass,0,0,0,-0.0,0
2323,Pass,0,0,0,-0.0,0
2324,Pass,0,0,0,8.938915441167332,0
2325,Pass,0,0,0,15.658805001091116,0
2326,Pass,0,0,0,-0.0,0
2327,Pass,0,0,0,-0.0,0
2328,Pass,0,0,0,-0.0,0
2329,Pass,0,0,0,12.5898186708873,0
2330,Pass,0,0,0,15.202492375190449,0
2331,Pass,0,0,0,-0.0,0
2332,Pass,0,0,0,-0.0,0
2333,Pass,0,0,0,23.025850929940454,0
2334,Pass,0,0,0,20.794775032505814,0
2335,Pass,0,0,0,23.025850929940454,0
2336,Pass,0,0,0,23.025850929940454,0
2337,Pass,0,0,0,-0.0,0
2338,Pass,0,0,0,-0.0,0
2339,Pass,0,0,0,-0.0,0
2340,Pass,0,0,0,0.9679805133532112,0
2341,Pass,0,0,0,-0.0,0
2342,Pass,0,0,0,-0.0,0
2343,Pass,0,0,0,-0.0,0
2344,Pass,0,0,0,-0.0,0
2345,Pass,0,0,0,4.389425024681864,0
2346,Pass,0,0,0,-0.0,0
2347,Pass,0,0,0,-0.0,0
2348,Pass,0,0,0,-0.0,0
2349,Pass,0,0,0,-0.0,0
2350,Pass,0,0,0,-0.0,0
2351,Pass,0,0,0,-0.0,0
2352,Pass,0,0,0,-0.0,0
2353,Pass,0,0,0,-0.0,0
2354,Pass,0,0,0,-0.0,0
2355,Pass,0,0,0,-0.0,0
2356,Pass,0,0,0,-0.0,0
2357,Pass,0,0,0,-0.0,0
2358,Pass,0,0,0,-0.0,0
2359,Pass,0,0,0,-0.0,0
2360,Pass,0,0,0,-0.0,0
2361,Pass,0,0,0,-0.0,0
2362,Pass,0,0,0,-0.0,0
2363,Pass,0,0,0,23.025850929940454,0
2364,Pass,0,0,0,23.025850929940454,0
2365,Pass,0,0,0,23.025850929940454,0
2366,Pass,0,0,0,0.9563057797391562,0
2367,Pass,0,0,0,-0.0,0
2368,Pass,0,0,0,3.797731116343895,0
2369,Pass,0,0,0,23.025850929940454,0
2370,Pass,0,0,0,23.025850929940454,0
2371,Pass,0,0,0,23.025850929940454,0
2372,Pass,0,0,0,23.025850929940454,0
2373,Pass,0,0,0,23.025850929940454,0
2374,Pass,0,0,0,23.025850929940454,0
2375,Pass,0,0,0,23.025850929940454,0
2376,Pass,0,0,0,23.025850929940454,0
2377,Pass,0,0,0,16.105853552314592,0
2378,Pass,0,0,0,10.234432009626678,0
2379,Pass,0,0,0,-0.0,0
2380,Pass,0,0,0,-0.0,0
2381,Pass,0,0,0,-0.0,0
2382,Pass,0,0,0,-0.0,0
2383,Pass,0,0,0,2.1915410429882614,0
2384,Pass,0,0,0,-0.0,0
2385,Pass,0,0,0,-0.0,0
2386,Pass,0,0,0,2.8677376206207166,0
2387,Pass,0,0,0,-0.0,0
2388,Pass,0,0,0,16.937269490379457,0
2389,Pass,0,0,0,6.529692799784494,0
2390,Pass,0,0,0,3.7175915376148545,0
2391,Pass,0,0,0,23.025850929940454,0
2392,Pass,0,0,0,23.025850929940454,0
2393,Pass,0,0,0,21.514326270772866,0
2394,Pass,0,0,0,11.404498641774271,0
2395,Pass,0,0,0,23.025850929940454,0
2396,Pass,0,0,0,23.025850929940454,0
2397,Pass,0,0,0,23.025850929940454,0
2398,Pass,0,0,0,23.025850929940454,0
2399,Pass,0,0,0,23.025850929940454,0
2400,Pass,0,0,0,23.025850929940454,0
2401,Pass,0,0,0,23.025850929940454,0
2402,Pass,0,0,0,17.53291610773795,0
2403,Pass,0,0,0,19.522285019236776,0
2404,Pass,0,0,0,23.025850929940454,0
2405,Pass,0,0,0,21.673089795201033,0
2406,Pass,0,0,0,10.90214651466893,0
2407,Pass,0,0,0,12.438425475197487,0
2408,Pass,0,0,0,-0.0,0
2409,Pass,0,0,0,1.2421948844953896,0
2410,Pass,0,0,0,-0.0,0
2411,Pass,0,0,0,-0.0,0
2412,Pass,0,0,0,-0.0,0
2413,Pass,0,0,0,4.838456037455044,0
2414,Pass,0,0,0,-0.0,0
2415,Pass,0,0,0,1.2795859816577155,0
2416,Pass,0,0,0,-0.0,0
2417,Pass,0,0,0,5.95051528948323,0
2418,Pass,0,0,0,2.2056980583030596,0
2419,Pass,0,0,0,6.697704729605056,0
2420,Pass,0,0,0,5.603313685078726,0
2421,Pass,0,0,0,-0.0,0
2422,Pass,0,0,0,4.567489791410486,0
2423,Pass,0,0,0,7.166005748913691,0
2424,Pass,0,0,0,14.21459503791708,0
2425,Pass,0,0,0,9.895738679118677,0
2426,Pass,0,0,0,12.037505424306428,0
2427,Pass,0,0,0,-0.0,0
2428,Pass,0,0,0,12.40714710701286,0
2429,Pass,0,0,0,1.0340311273612741,0
2430,Pass,0,0,0,23.025850929940454,0
2431,Pass,0,0,0,-0.0,0
2432,Pass,0,0,0,-0.0,0
2433,Pass,0,0,0,1.132662270385727,0
2434,Pass,0,0,0,-0.0,0
2435,Pass,0,0,0,-0.0,0
2436,Pass,0,0,0,0.14144223466072983,0
2437,Pass,0,0,0,-0.0,0
2438,Pass,0,0,0,-0.0,0
2439,Pass,0,0,0,-0.0,0
2440,Pass,0,0,0,-0.0,0
2441,Pass,0,0,0,0.5075602338874406,0
2442,Pass,0,0,0,-0.0,0
2443,Pass,0,0,0,0.6407332805446312,0
2444,Pass,0,0,0,-0.0,0
2445,Pass,0,0,0,3.3184268651635773,0
2446,Pass,0,0,0,8.773838534669153,0
2447,Pass,0,0,0,-0.0,0
2448,Pass,0,0,0,-0.0,0
2449,Pass,0,0,0,10.573651163266026,0
2450,Pass,0,0,0,-0.0,0
2451,Pass,0,0,0,21.849633863676477,0
2452,Pass,0,0,0,3.9360630778995285,0
2453,Pass,0,0,0,-0.0,0
2454,Pass,0,0,0,6.2833599823456465,0
2455,Pass,0,0,0,-0.0,0
2456,Pass,0,0,0,-0.0,0
2457,Pass,0,0,0,-0.0,0
2458,Pass,0,0,0,7.882168142150634,0
2459,Pass,0,0,0,-0.0,0
2460,Pass,0,0,0,2.595525746659263,0
2461,Pass,0,0,0,4.871499881979525,0
2462,Pass,0,0,0,-0.0,0
2463,Pass,0,0,0,6.106319855181219,0
2464,Pass,0,0,0,2.2855104386354026,0
2465,Pass,0,0,0,-0.0,0
2466,Pass,0,0,0,-0.0,0
2467,Pass,0,0,0,-0.0,0
2468,Pass,0,0,0,6.642751246765671,0
2469,Pass,0,0,0,3.442952430072975,0
2470,Pass,0,0,0,-0.0,0
2471,Pass,0,0,0,-0.0,0
2472,Pass,0,0,0,12.214897006355654,0
2473,Pass,0,0,0,9.271977222567086,0
2474,Pass,0,0,0,-0.0,0
2475,Pass,0,0,0,-0.0,0
2476,Pass,0,0,0,9.163215417953777,0
2477,Pass,0,0,0,-0.0,0
2478,Pass,0,0,0,-0.0,0
2479,Pass,0,0,0,-0.0,0
2480,Pass,0,0,0,-0.0,0
2481,Pass,0,0,0,8.690224584163804,0
2482,Pass,0,0,0,-0.0,0
2483,Pass,0,0,0,-0.0,0
2484,Pass,0,0,0,1.5326768118569587,0
2485,Pass,0,0,0,6.606573866154224,0
2486,Pass,0,0,0,2.661031511276425,0
2487,Pass,0,0,0,-0.0,0
2488,Pass,0,0,0,0.06794670419155435,0
2489,Pass,0,0,0,-0.0,0
2490,Pass,0,0,0,-0.0,0
2491,Pass,0,0,0,-0.0,0
2492,Pass,0,0,0,-0.0,0
2493,Pass,0,0,0,-0.0,0
2494,Pass,0,0,0,-0.0,0
2495,Pass,0,0,0,-0.0,0
2496,Pass,0,0,0,-0.0,0
2497,Pass,0,0,0,-0.0,0
2498,Pass,0,0,0,-0.0,0
2499,Pass,0,0,0,1.8869875641448859,0
2500,Pass,0,0,0,-0.0,0
2501,Pass,0,0,0,1.6859785194185954,0
2502,Pass,0,0,0,0.5854556470998152,0
2503,Pass,0,0,0,5.935640680110142,0
2504,Pass,0,0,0,-0.0,0
2505,Pass,0,0,0,2.481634430476061,0
2506,Pass,0,0,0,-0.0,0
2507,Pass,0,0,0,3.411088709585085,0
2508,Pass,0,0,0,14.11256776895331,0
2509,Pass,0,0,0,0.9214806295008906,0
2510,Pass,0,0,0,4.989922836521777,0
2511,Pass,0,0,0,-0.0,0
2512,Pass,0,0,0,-0.0,0
2513,Pass,0,0,0,-0.0,0
2514,Pass,0,0,0,-0.0,0
2515,Pass,0,0,0,-0.0,0
2516,Pass,0,0,0,1.5481970937521876,0
2517,Pass,0,0,0,-0.0,0
2518,Pass,0,0,0,-0.0,0
2519,Pass,0,0,0,-0.0,0
2520,Pass,0,0,0,0.8303081756350444,0
2521,Pass,0,0,0,-0.0,0
2522,Pass,0,0,0,-0.0,0
2523,Pass,0,0,0,-0.0,0
2524,Pass,0,0,0,-0.0,0
2525,Pass,0,0,0,-0.0,0
2526,Pass,0,0,0,-0.0,0
2527,Pass,0,0,0,-0.0,0
2528,Pass,0,0,0,-0.0,0
2529,Pass,0,0,0,-0.0,0
2530,Pass,0,0,0,-0.0,0
2531,Pass,0,0,0,-0.0,0
2532,Pass,0,0,0,-0.0,0
2533,Pass,0,0,0,-0.0,0
2534,Pass,0,0,0,-0.0,0
2535,Pass,0,0,0,-0.0,0
2536,Pass,0,0,0,-0.0,0
2537,Pass,0,0,0,-0.0,0
2538,Pass,0,0,0,-0.0,0
2539,Pass,0,0,0,1.3038856430250172,0
2540,Pass,0,0,0,2.438054660495317,0
2541,Pass,0,0,0,17.339738551049077,0
2542,Pass,0,0,0,23.025850929940454,0
2543,Pass,0,0,0,23.025850929940454,0
2544,Pass,0,0,0,23.025850929940454,0
2545,Pass,0,0,0,23.025850929940454,0
2546,Pass,0,0,0,23.025850929940454,0
2547,Pass,0,0,0,15.17539487285389,0
2548,Pass,0,0,0,11.392274509807645,0
2549,Pass,0,0,0,-0.0,0
2550,Pass,0,0,0,-0.0,0
2551,Pass,0,0,0,-0.0,0
2552,Pass,0,0,0,-0.0,0
2553,Pass,0,0,0,-0.0,0
2554,Pass,0,0,0,-0.0,0
2555,Pass,0,0,0,-0.0,0
2556,Pass,0,0,0,-0.0,0
2557,Pass,0,0,0,-0.0,0
2558,Pass,0,0,0,-0.0,0
2559,Pass,0,0,0,-0.0,0
2560,Pass,0,0,0,-0.0,0
2561,Pass,0,0,0,-0.0,0
2562,Pass,0,0,0,-0.0,0
2563,Pass,0,0,0,-0.0,0
2564,Pass,0,0,0,-0.0,0
2565,Pass,0,0,0,-0.0,0
2566,Pass,0,0,0,-0.0,0
2567,Pass,0,0,0,-0.0,0
2568,Pass,0,0,0,-0.0,0
2569,Pass,0,0,0,-0.0,0
2570,Pass,0,0,0,-0.0,0
2571,Pass,0,0,0,-0.0,0
2572,Pass,0,0,0,-0.0,0
2573,Pass,0,0,0,-0.0,0
2574,Pass,0,0,0,-0.0,0
2575,Pass,0,0,0,-0.0,0
2576,Pass,0,0,0,-0.0,0
2577,Pass,0,0,0,-0.0,0
2578,Pass,0,0,0,-0.0,0
2579,Pass,0,0,0,-0.0,0
2580,Pass,0,0,0,-0.0,0
2581,Pass,0,0,0,-0.0,0
2582,Pass,0,0,0,-0.0,0
2583,Pass,0,0,0,-0.0,0
2584,Pass,0,0,0,-0.0,0
2585,Pass,0,0,0,-0.0,0
2586,Pass,0,0,0,-0.0,0
2587,Pass,0,0,0,-0.0,0
2588,Pass,0,0,0,-0.0,0
2589,Pass,0,0,0,-0.0,0
2590,Pass,0,0,0,-0.0,0
2591,Pass,0,0,0,-0.0,0
2592,Pass,0,0,0,0.6826267749315074,0
2593,Pass,0,0,0,0.1191493620494469,0
2594,Pass,0,0,0,-0.0,0
2595,Pass,0,0,0,23.025850929940454,0
2596,Pass,0,0,0,-0.0,0
2597,Pass,0,0,0,-0.0,0
2598,Pass,0,0,0,-0.0,0
2599,Pass,0,0,0,-0.0,0
2600,Pass,0,0,0,-0.0,0
2601,Pass,0,0,0,1.365947348238525,0
2602,Pass,0,0,0,13.596195465517296,0
2603,Pass,0,0,0,23.025850929940454,0
2604,Pass,0,0,0,12.626364106759837,0
2605,Pass,0,0,0,22.094482064812123,0
2606,Pass,0,0,0,-0.0,0
2607,Pass,0,0,0,1.0290600034661608,0
2608,Pass,0,0,0,9.475461544259291,0
2609,Pass,0,0,0,-0.0,0
2610,Pass,0,0,0,-0.0,0
2611,Pass,0,0,0,7.5931724808250385,0
2612,Pass,0,0,0,18.43319247976316,0
2613,Pass,0,0,0,9.606996423428807,0
2614,Pass,0,0,0,23.025850929940454,0
2615,Pass,0,0,0,13.92918874639797,0
2616,Pass,0,0,0,-0.0,0
2617,Pass,0,0,0,-0.0,0
2618,Pass,0,0,0,2.2136422890927183,0
2619,Pass,0,0,0,14.413424003582772,0
2620,Pass,0,0,0,6.131882977418135,0
2621,Pass,0,0,0,23.025850929940454,0
2622,Pass,0,0,0,23.025850929940454,0
2623,Pass,0,0,0,14.72377309756512,0
2624,Pass,0,0,0,1.3603031100784948,0
2625,Pass,0,0,0,-0.0,0
2626,Pass,0,0,0,-0.0,0
2627,Pass,0,0,0,-0.0,0
2628,Pass,0,0,0,12.013591543498107,0
2629,Pass,0,0,0,7.305104520840018,0
2630,Pass,0,0,0,3.5461829640937146,0
2631,Pass,0,0,0,-0.0,0
2632,Pass,0,0,0,-0.0,0
2633,Pass,0,0,0,12.683931583720266,0
2634,Pass,0,0,0,7.023733939650813,0
2635,Pass,0,0,0,-0.0,0
2636,Pass,0,0,0,-0.0,0
2637,Pass,0,0,0,19.190142839142215,0
2638,Pass,0,0,0,-0.0,0
2639,Pass,0,0,0,-0.0,0
2640,Pass,0,0,0,-0.0,0
2641,Pass,0,0,0,-0.0,0
2642,Pass,0,0,0,23.025850929940454,0
2643,Pass,0,0,0,23.025850929940454,0
2644,Pass,0,0,0,7.835567234783339,0
2645,Pass,0,0,0,-0.0,0
2646,Pass,0,0,0,-0.0,0
2647,Pass,0,0,0,-0.0,0
2648,Pass,0,0,0,5.816863185751703,0
2649,Pass,0,0,0,4.935200314603993,0
2650,Pass,0,0,0,-0.0,0
2651,Pass,0,0,0,-0.0,0
2652,Pass,0,0,0,3.7184535442829683,0
2653,Pass,0,0,0,-0.0,0
2654,Pass,0,0,0,-0.0,0
2655,Pass,0,0,0,-0.0,0
2656,Pass,0,0,0,-0.0,0
2657,Pass,0,0,0,-0.0,0
2658,Pass,0,0,0,2.292586233544633,0
2659,Pass,0,0,0,-0.0,0
2660,Pass,0,0,0,-0.0,0
2661,Pass,0,0,0,-0.0,0
2662,Pass,0,0,0,-0.0,0
2663,Pass,0,0,0,6.441765372600092,0
2664,Pass,0,0,0,-0.0,0
2665,Pass,0,0,0,-0.0,0
2666,Pass,0,0,0,3.141120042682371,0
2667,Pass,0,0,0,23.025850929940454,0
2668,Pass,0,0,0,-0.0,0
2669,Pass,0,0,0,-0.0,0
2670,Pass,0,0,0,3.7470062951526018,0
2671,Pass,0,0,0,8.617210454115675,0
2672,Pass,0,0,0,23.025850929940454,0
2673,Pass,0,0,0,23.025850929940454,0
2674,Pass,0,0,0,23.025850929940454,0
2675,Pass,0,0,0,8.447059101124104,0
2676,Pass,0,0,0,11.294629724084585,0
2677,Pass,0,0,0,-0.0,0
2678,Pass,0,0,0,-0.0,0
2679,Pass,0,0,0,-0.0,0
2680,Pass,0,0,0,-0.0,0
2681,Pass,0,0,0,-0.0,0
2682,Pass,0,0,0,0.6987971587816357,0
2683,Pass,0,0,0,2.1138618033476435,0
2684,Pass,0,0,0,23.025850929940454,0
2685,Pass,0,0,0,16.381268152783978,0
2686,Pass,0,0,0,13.652401554313846,0
2687,Pass,0,0,0,4.389908444762071,0
2688,Pass,0,0,0,23.025850929940454,0
2689,Pass,0,0,0,4.257482938721906,0
2690,Pass,0,0,0,-0.0,0
2691,Pass,0,0,0,6.732161519105531,0
2692,Pass,0,0,0,8.184629779900158,0
2693,Pass,0,0,0,6.416214100948964,0
2694,Pass,0,0,0,3.6090271943947245,0
2695,Pass,0,0,0,-0.0,0
2696,Pass,0,0,0,2.62010927114284,0
2697,Pass,0,0,0,3.6909525876244826,0
2698,Pass,0,0,0,11.41727348324731,0
2699,Pass,0,0,0,6.763965012980481,0
2700,Pass,0,0,0,6.6310188040937215,0
2701,Pass,0,0,0,-0.0,0
2702,Pass,0,0,0,-0.0,0
2703,Pass,0,0,0,0.08167254509018443,0
2704,Pass,0,0,0,-0.0,0
2705,Pass,0,0,0,-0.0,0
2706,Pass,0,0,0,-0.0,0
2707,Pass,0,0,0,14.875708497339126,0
2708,Pass,0,0,0,4.842767782807871,0
2709,Pass,0,0,0,-0.0,0
2710,Pass,0,0,0,-0.0,0
2711,Pass,0,0,0,-0.0,0
2712,Pass,0,0,0,0.24920539041184855,0
2713,Pass,0,0,0,-0.0,0
2714,Pass,0,0,0,-0.0,0
2715,Pass,0,0,0,7.414663092934967,0
2716,Pass,0,0,0,3.785998283602831,0
2717,Pass,0,0,0,-0.0,0
2718,Pass,0,0,0,-0.0,0
2719,Pass,0,0,0,-0.0,0
2720,Pass,0,0,0,-0.0,0
2721,Pass,0,0,0,-0.0,0
2722,Pass,0,0,0,20.37248321546056,0
2723,Pass,0,0,0,3.885723779377495,0
2724,Pass,0,0,0,23.025850929940454,0
2725,Pass,0,0,0,15.87107988552201,0
2726,Pass,0,0,0,23.025850929940454,0
2727,Pass,0,0,0,-0.0,0
2728,Pass,0,0,0,6.988391350512346,0
2729,Pass,0,0,0,12.69996561400677,0
2730,Pass,0,0,0,1.9254928465073688,0
2731,Pass,0,0,0,7.571913553128554,0
2732,Pass,0,0,0,-0.0,0
2733,Pass,0,0,0,13.389900030198467,0
2734,Pass,0,0,0,5.3765984693323015,0
2735,Pass,0,0,0,5.666533157751374,0
2736,Pass,0,0,0,8.063620995070083,0
2737,Pass,0,0,0,23.025850929940454,0
2738,Pass,0,0,0,23.025850929940454,0
2739,Pass,0,0,0,23.025850929940454,0
2740,Pass,0,0,0,23.025850929940454,0
2741,Pass,0,0,0,23.025850929940454,0
2742,Pass,0,0,0,23.025850929940454,0
2743,Pass,0,0,0,23.025850929940454,0
2744,Pass,0,0,0,22.220235298485893,0
2745,Pass,0,0,0,-0.0,0
2746,Pass,0,0,0,-0.0,0
2747,Pass,0,0,0,-0.0,0
2748,Pass,0,0,0,-0.0,0
2749,Pass,0,0,0,-0.0,0
2750,Pass,0,0,0,-0.0,0
2751,Pass,0,0,0,-0.0,0
2752,Pass,0,0,0,-0.0,0
2753,Pass,0,0,0,1.4807851813304505,0
2754,Pass,0,0,0,8.371218552617695,0
2755,Pass,0,0,0,6.377629929702499,0
2756,Pass,0,0,0,-0.0,0
2757,Pass,0,0,0,-0.0,0
2758,Pass,0,0,0,-0.0,0
2759,Pass,0,0,0,-0.0,0
2760,Pass,0,0,0,-0.0,0
2761,Pass,0,0,0,-0.0,0
2762,Pass,0,0,0,14.175494118857017,0
2763,Pass,0,0,0,1.0868707592929927,0
2764,Pass,0,0,0,3.478014551023163,0
2765,Pass,0,0,0,-0.0,0
2766,Pass,0,0,0,-0.0,0
2767,Pass,0,0,0,-0.0,0
2768,Pass,0,0,0,9.00919252666804,0
2769,Pass,0,0,0,23.025850929940454,0
2770,Pass,0,0,0,-0.0,0
2771,Pass,0,0,0,-0.0,0
2772,Pass,0,0,0,9.428756527528773,0
2773,Pass,0,0,0,12.059253109682157,0
2774,Pass,0,0,0,-0.0,0
2775,Pass,0,0,0,-0.0,0
2776,Pass,0,0,0,-0.0,0
2777,Pass,0,0,0,7.572470527811737,0
2778,Pass,0,0,0,-0.0,0
2779,Pass,0,0,0,5.087764002571707,0
2780,Pass,0,0,0,-0.0,0
2781,Pass,0,0,0,-0.0,0
2782,Pass,0,0,0,-0.0,0
2783,Pass,0,0,0,2.647190790937628,0
2784,Pass,0,0,0,-0.0,0
2785,Pass,0,0,0,-0.0,0
2786,Pass,0,0,0,23.025850929940454,0
2787,Pass,0,0,0,23.025850929940454,0
2788,Pass,0,0,0,23.025850929940454,0
2789,Pass,0,0,0,23.025850929940454,0
2790,Pass,0,0,0,23.025850929940454,0
2791,Pass,0,0,0,23.025850929940454,0
2792,Pass,0,0,0,23.025850929940454,0
2793,Pass,0,0,0,23.025850929940454,0
2794,Pass,0,0,0,23.025850929940454,0
2795,Pass,0,0,0,23.025850929940454,0
2796,Pass,0,0,0,23.025850929940454,0
2797,Pass,0,0,0,23.025850929940454,0
2798,Pass,0,0,0,23.025850929940454,0
2799,Pass,0,0,0,23.025850929940454,0
2800,Pass,0,0,0,10.964527572654607,0
2801,Pass,0,0,0,-0.0,0
2802,Pass,0,0,0,0.9695546998292841,0
2803,Pass,0,0,0,21.250458544259285,0
2804,Pass,0,0,0,2.6046113082023123,0
2805,Pass,0,0,0,-0.0,0
2806,Pass,0,0,0,-0.0,0
2807,Pass,0,0,0,15.029823871469768,0
2808,Pass,0,0,0,8.903952765838959,0
2809,Pass,0,0,0,21.762086298581433,0
2810,Pass,0,0,0,23.025850929940454,0
2811,Pass,0,0,0,13.905648350738687,0
2812,Pass,0,0,0,6.406331282245641,0
2813,Pass,0,0,0,4.647083682950668,0
2814,Pass,0,0,0,4.622346055058726,0
2815,Pass,0,0,0,4.859457973315934,0
2816,Pass,0,0,0,13.932790173713604,0
2817,Pass,0,0,0,23.025850929940454,0
2818,Pass,0,0,0,16.71047856126175,0
2819,Pass,0,0,0,15.471205079629499,0
2820,Pass,0,0,0,10.926407563559863,0
2821,Pass,0,0,0,19.675658496104038,0
2822,Pass,0,0,0,8.122669316526945,0
2823,Pass,0,0,0,16.78234902782466,0
2824,Pass,0,0,0,13.410161263413134,0
2825,Pass,0,0,0,-0.0,0
2826,Pass,0,0,0,-0.0,0
2827,Pass,0,0,0,-0.0,0
2828,Pass,0,0,0,-0.0,0
2829,Pass,0,0,0,-0.0,0
2830,Pass,0,0,0,-0.0,0
2831,Pass,0,0,0,-0.0,0
2832,Pass,0,0,0,-0.0,0
2833,Pass,0,0,0,-0.0,0
2834,Pass,0,0,0,-0.0,0
2835,Pass,0,0,0,-0.0,0
2836,Pass,0,0,0,-0.0,0
2837,Pass,0,0,0,-0.0,0
2838,Pass,0,0,0,-0.0,0
2839,Pass,0,0,0,-0.0,0
2840,Pass,0,0,0,-0.0,0
2841,Pass,0,0,0,-0.0,0
2842,Pass,0,0,0,-0.0,0
2843,Pass,0,0,0,-0.0,0
2844,Pass,0,0,0,1.7386225895934166,0
2845,Pass,0,0,0,2.9015960553579836,0
2846,Pass,0,0,0,-0.0,0
2847,Pass,0,0,0,-0.0,0
2848,Pass,0,0,0,3.0693706747341767,0
2849,Pass,0,0,0,-0.0,0
2850,Pass,0,0,0,9.239567966611084,0
2851,Pass,0,0,0,5.897193104297935,0
2852,Pass,0,0,0,3.88348543982843,0
2853,Pass,0,0,0,-0.0,0
2854,Pass,0,0,0,2.286048521065951,0
2855,Pass,0,0,0,7.800539215336378,0
2856,Pass,0,0,0,0.4134321276574241,0
2857,Pass,0,0,0,-0.0,0
2858,Pass,0,0,0,-0.0,0
2859,Pass,0,0,0,3.12181275185068,0
2860,Pass,0,0,0,6.957754035030693,0
2861,Pass,0,0,0,6.4415751049807195,0
2862,Pass,0,0,0,-0.0,0
2863,Pass,0,0,0,5.021896277359231,0
2864,Pass,0,0,0,-0.0,0
2865,Pass,0,0,0,-0.0,0
2866,Pass,0,0,0,-0.0,0
2867,Pass,0,0,0,-0.0,0
2868,Pass,0,0,0,-0.0,0
2869,Pass,0,0,0,-0.0,0
2870,Pass,0,0,0,-0.0,0
2871,Pass,0,0,0,-0.0,0
2872,Pass,0,0,0,-0.0,0
2873,Pass,0,0,0,-0.0,0
2874,Pass,0,0,0,-0.0,0
2875,Pass,0,0,0,-0.0,0
2876,Pass,0,0,0,-0.0,0
2877,Pass,0,0,0,-0.0,0
2878,Pass,0,0,0,-0.0,0
2879,Pass,0,0,0,-0.0,0
2880,Pass,0,0,0,-0.0,0
2881,Pass,0,0,0,-0.0,0
2882,Pass,0,0,0,-0.0,0
2883,Pass,0,0,0,-0.0,0
2884,Pass,0,0,0,-0.0,0
2885,Pass,0,0,0,-0.0,0
2886,Pass,0,0,0,-0.0,0
2887,Pass,0,0,0,-0.0,0
2888,Pass,0,0,0,-0.0,0
2889,Pass,0,0,0,-0.0,0
2890,Pass,0,0,0,-0.0,0
2891,Pass,0,0,0,-0.0,0
2892,Pass,0,0,0,-0.0,0
2893,Pass,0,0,0,-0.0,0
2894,Pass,0,0,0,-0.0,0
2895,Pass,0,0,0,-0.0,0
2896,Pass,0,0,0,-0.0,0
2897,Pass,0,0,0,-0.0,0
2898,Pass,0,0,0,-0.0,0
2899,Pass,0,0,0,-0.0,0
2900,Pass,0,0,0,-0.0,0
2901,Pass,0,0,0,-0.0,0
2902,Pass,0,0,0,-0.0,0
2903,Pass,0,0,0,-0.0,0
2904,Pass,0,0,0,-0.0,0
2905,Pass,0,0,0,-0.0,0
2906,Pass,0,0,0,-0.0,0
2907,Pass,0,0,0,-0.0,0
2908,Pass,0,0,0,-0.0,0
2909,Pass,0,0,0,-0.0,0
2910,Pass,0,0,0,-0.0,0
2911,Pass,0,0,0,-0.0,0
2912,Pass,0,0,0,-0.0,0
2913,Pass,0,0,0,-0.0,0
2914,Pass,0,0,0,-0.0,0
2915,Pass,0,0,0,-0.0,0
2916,Pass,0,0,0,-0.0,0
2917,Pass,0,0,0,-0.0,0
2918,Pass,0,0,0,-0.0,0
2919,Pass,0,0,0,-0.0,0
2920,Pass,0,0,0,-0.0,0
2921,Pass,0,0,0,-0.0,0
2922,Pass,0,0,0,-0.0,0
2923,Pass,0,0,0,-0.0,0
2924,Pass,0,0,0,-0.0,0
2925,Pass,0,0,0,-0.0,0
2926,Pass,0,0,0,-0.0,0
2927,Pass,0,0,0,-0.0,0
2928,Pass,0,0,0,-0.0,0
2929,Pass,0,0,0,-0.0,0
2930,Pass,0,0,0,-0.0,0
2931,Pass,0,0,0,-0.0,0
2932,Pass,0,0,0,-0.0,0
2933,Pass,0,0,0,-0.0,0
2934,Pass,0,0,0,-0.0,0
2935,Pass,0,0,0,-0.0,0
2936,Pass,0,0,0,-0.0,0
2937,Pass,0,0,0,-0.0,0
2938,Pass,0,0,0,-0.0,0
2939,Pass,0,0,0,-0.0,0
2940,Pass,0,0,0,-0.0,0
2941,Pass,0,0,0,-0.0,0
2942,Pass,0,0,0,-0.0,0
2943,Pass,0,0,0,-0.0,0
2944,Pass,0,0,0,-0.0,0
2945,Pass,0,0,0,-0.0,0
2946,Pass,0,0,0,-0.0,0
2947,Pass,0,0,0,-0.0,0
2948,Pass,0,0,0,-0.0,0
2949,Pass,0,0,0,-0.0,0
2950,Pass,0,0,0,-0.0,0
2951,Pass,0,0,0,-0.0,0
2952,Pass,0,0,0,-0.0,0
2953,Pass,0,0,0,-0.0,0
2954,Pass,0,0,0,-0.0,0
2955,Pass,0,0,0,-0.0,0
2956,Pass,0,0,0,-0.0,0
2957,Pass,0,0,0,-0.0,0
2958,Pass,0,0,0,-0.0,0
2959,Pass,0,0,0,-0.0,0
2960,Pass,0,0,0,-0.0,0
2961,Pass,0,0,0,-0.0,0
2962,Pass,0,0,0,-0.0,0
2963,Pass,0,0,0,-0.0,0
2964,Pass,0,0,0,-0.0,0
2965,Pass,0,0,0,-0.0,0
2966,Pass,0,0,0,-0.0,0
2967,Pass,0,0,0,23.025850929940454,0
2968,Pass,0,0,0,-0.0,0
2969,Pass,0,0,0,-0.0,0
2970,Pass,0,0,0,-0.0,0
2971,Pass,0,0,0,-0.0,0
2972,Pass,0,0,0,-0.0,0
2973,Pass,0,0,0,-0.0,0
2974,Pass,0,0,0,-0.0,0
2975,Pass,0,0,0,-0.0,0
2976,Pass,0,0,0,-0.0,0
2977,Pass,0,0,0,-0.0,0
2978,Pass,0,0,0,-0.0,0
2979,Pass,0,0,0,-0.0,0
2980,Pass,0,0,0,-0.0,0
2981,Pass,0,0,0,-0.0,0
2982,Pass,0,0,0,-0.0,0
2983,Pass,0,0,0,-0.0,0
2984,Pass,0,0,0,-0.0,0
2985,Pass,0,0,0,-0.0,0
2986,Pass,0,0,0,-0.0,0
2987,Pass,0,0,0,-0.0,0
2988,Pass,0,0,0,-0.0,0
2989,Pass,0,0,0,-0.0,0
2990,Pass,0,0,0,-0.0,0
2991,Pass,0,0,0,-0.0,0
2992,Pass,0,0,0,-0.0,0
2993,Pass,0,0,0,-0.0,0
2994,Pass,0,0,0,-0.0,0
2995,Pass,0,0,0,-0.0,0
2996,Pass,0,0,0,-0.0,0
2997,Pass,0,0,0,-0.0,0
2998,Pass,0,0,0,-0.0,0
2999,Pass,0,0,0,-0.0,0
3000,Pass,0,0,0,-0.0,0
3001,Pass,0,0,0,-0.0,0
3002,Pass,0,0,0,-0.0,0
3003,Pass,0,0,0,-0.0,0
3004,Pass,0,0,0,4.716348674752575,0
3005,Pass,0,0,0,1.3003992927414483,0
3006,Pass,0,0,0,-0.0,0
3007,Pass,0,0,0,-0.0,0
3008,Pass,0,0,0,-0.0,0
3009,Pass,0,0,0,-0.0,0
3010,Pass,0,0,0,-0.0,0
3011,Pass,0,0,0,-0.0,0
3012,Pass,0,0,0,-0.0,0
3013,Pass,0,0,0,-0.0,0
3014,Pass,0,0,0,-0.0,0
3015,Pass,0,0,0,-0.0,0
3016,Pass,0,0,0,-0.0,0
3017,Pass,0,0,0,-0.0,0
3018,Pass,0,0,0,-0.0,0
3019,Pass,0,0,0,-0.0,0
3020,Pass,0,0,0,-0.0,0
3021,Pass,0,0,0,-0.0,0
3022,Pass,0,0,0,-0.0,0
3023,Pass,0,0,0,-0.0,0
3024,Pass,0,0,0,-0.0,0
3025,Pass,0,0,0,-0.0,0
3026,Pass,0,0,0,-0.0,0
3027,Pass,0,0,0,23.025850929940454,0
3028,Pass,0,0,0,23.025850929940454,0
3029,Pass,0,0,0,23.025850929940454,0
3030,Pass,0,0,0,23.025850929940454,0
3031,Pass,0,0,0,23.025850929940454,0
3032,Pass,0,0,0,23.025850929940454,0
3033,Pass,0,0,0,8.281091170581881,0
3034,Pass,0,0,0,-0.0,0
3035,Pass,0,0,0,0.2698366243701896,0
3036,Pass,0,0,0,3.7681980790806366,0
3037,Pass,0,0,0,2.9592085342322485,0
3038,Pass,0,0,0,7.885697973480926,0
3039,Pass,0,0,0,6.159232174655431,0
3040,Pass,0,0,0,10.384607918723672,0
3041,Pass,0,0,0,8.193319655903256,0
3042,Pass,0,0,0,4.859700132900893,0
3043,Pass,0,0,0,6.115334766557062,0
3044,Pass,0,0,0,9.03382753105728,0
3045,Pass,0,0,0,-0.0,0
3046,Pass,0,0,0,-0.0,0
3047,Pass,0,0,0,-0.0,0
3048,Pass,0,0,0,-0.0,0
3049,Pass,0,0,0,9.880913218948718,0
3050,Pass,0,0,0,-0.0,0
3051,Pass,0,0,0,15.38842642539058,0
3052,Pass,0,0,0,1.674354259040457,0
3053,Pass,0,0,0,-0.0,0
3054,Pass,0,0,0,3.6049476337972637,0
3055,Pass,0,0,0,-0.0,0
3056,Pass,0,0,0,0.3480303632941879,0
3057,Pass,0,0,0,-0.0,0
3058,Pass,0,0,0,-0.0,0
3059,Pass,0,0,0,-0.0,0
3060,Pass,0,0,0,-0.0,0
3061,Pass,0,0,0,-0.0,0
3062,Pass,0,0,0,-0.0,0
3063,Pass,0,0,0,-0.0,0
3064,Pass,0,0,0,-0.0,0
3065,Pass,0,0,0,-0.0,0
3066,Pass,0,0,0,-0.0,0
3067,Pass,0,0,0,-0.0,0
3068,Pass,0,0,0,-0.0,0
3069,Pass,0,0,0,-0.0,0
3070,Pass,0,0,0,-0.0,0
3071,Pass,0,0,0,-0.0,0
3072,Pass,0,0,0,-0.0,0
3073,Pass,0,0,0,-0.0,0
3074,Pass,0,0,0,-0.0,0
3075,Pass,0,0,0,-0.0,0
3076,Pass,0,0,0,-0.0,0
3077,Pass,0,0,0,-0.0,0
3078,Pass,0,0,0,5.411120700013175,0
3079,Pass,0,0,0,19.619555746121616,0
3080,Pass,0,0,0,2.5586225467534196,0
3081,Pass,0,0,0,-0.0,0
3082,Pass,0,0,0,-0.0,0
3083,Pass,0,0,0,-0.0,0
3084,Pass,0,0,0,-0.0,0
3085,Pass,0,0,0,-0.0,0
3086,Pass,0,0,0,-0.0,0
3087,Pass,0,0,0,-0.0,0
3088,Pass,0,0,0,-0.0,0
3089,Pass,0,0,0,-0.0,0
3090,Pass,0,0,0,-0.0,0
3091,Pass,0,0,0,-0.0,0
3092,Pass,0,0,0,-0.0,0
3093,Pass,0,0,0,-0.0,0
3094,Pass,0,0,0,-0.0,0
3095,Pass,0,0,0,-0.0,0
3096,Pass,0,0,0,-0.0,0
3097,Pass,0,0,0,-0.0,0
3098,Pass,0,0,0,-0.0,0
3099,Pass,0,0,0,-0.0,0
3100,Pass,0,0,0,-0.0,0
3101,Pass,0,0,0,-0.0,0
3102,Pass,0,0,0,-0.0,0
3103,Pass,0,0,0,-0.0,0
3104,Pass,0,0,0,-0.0,0
3105,Pass,0,0,0,-0.0,0
3106,Pass,0,0,0,-0.0,0
3107,Pass,0,0,0,-0.0,0
3108,Pass,0,0,0,-0.0,0
3109,Pass,0,0,0,-0.0,0
3110,Pass,0,0,0,-0.0,0
3111,Pass,0,0,0,-0.0,0
3112,Pass,0,0,0,-0.0,0
3113,Pass,0,0,0,1.9458341394317076,0
3114,Pass,0,0,0,5.32120421658265,0
3115,Pass,0,0,0,-0.0,0
3116,Pass,0,0,0,-0.0,0
3117,Pass,0,0,0,3.4361690594148695,0
3118,Pass,0,0,0,12.783389600096717,0
3119,Pass,0,0,0,11.232373431049952,0
3120,Pass,0,0,0,3.4955707909127125,0
3121,Pass,0,0,0,7.844468209356623,0
3122,Pass,0,0,0,-0.0,0
3123,Pass,0,0,0,-0.0,0
3124,Pass,0,0,0,-0.0,0
3125,Pass,0,0,0,-0.0,0
3126,Pass,0,0,0,1.8306424535635473,0
3127,Pass,0,0,0,-0.0,0
3128,Pass,0,0,0,-0.0,0
3129,Pass,0,0,0,-0.0,0
3130,Pass,0,0,0,-0.0,0
3131,Pass,0,0,0,-0.0,0
3132,Pass,0,0,0,-0.0,0
3133,Pass,0,0,0,-0.0,0
3134,Pass,0,0,0,9.868814690217988,0
3135,Pass,0,0,0,5.322405927807759,0
3136,Pass,0,0,0,7.4669463894776404,0
3137,Pass,0,0,0,20.937593536204478,0
3138,Pass,0,0,0,23.025850929940454,0
3139,Pass,0,0,0,23.025850929940454,0
3140,Pass,0,0,0,18.098832629382006,0
3141,Pass,0,0,0,2.105962265490512,0
3142,Pass,0,0,0,23.025850929940454,0
3143,Pass,0,0,0,23.025850929940454,0
3144,Pass,0,0,0,23.025850929940454,0
3145,Pass,0,0,0,23.025850929940454,0
3146,Pass,0,0,0,23.025850929940454,0
3147,Pass,0,0,0,23.025850929940454,0
3148,Pass,0,0,0,23.025850929940454,0
3149,Pass,0,0,0,23.025850929940454,0
3150,Pass,0,0,0,23.025850929940454,0
3151,Pass,0,0,0,23.025850929940454,0
3152,Pass,0,0,0,23.025850929940454,0
3153,Pass,0,0,0,23.025850929940454,0
3154,Pass,0,0,0,23.025850929940454,0
3155,Pass,0,0,0,23.025850929940454,0
3156,Pass,0,0,0,23.025850929940454,0
3157,Pass,0,0,0,23.025850929940454,0
3158,Pass,0,0,0,23.025850929940454,0
3159,Pass,0,0,0,23.025850929940454,0
3160,Pass,0,0,0,23.025850929940454,0
3161,Pass,0,0,0,23.025850929940454,0
3162,Pass,0,0,0,23.025850929940454,0
3163,Pass,0,0,0,-0.0,0
3164,Pass,0,0,0,-0.0,0
3165,Pass,0,0,0,2.2578526647886377,0
3166,Pass,0,0,0,6.775812463630497,0
3167,Pass,0,0,0,14.863388878792644,0
3168,Pass,0,0,0,-0.0,0
3169,Pass,0,0,0,3.0675963254109067,0
3170,Pass,0,0,0,2.649617726609195,0
3171,Pass,0,0,0,-0.0,0
3172,Pass,0,0,0,-0.0,0
3173,Pass,0,0,0,-0.0,0
3174,Pass,0,0,0,-0.0,0
3175,Pass,0,0,0,-0.0,0
3176,Pass,0,0,0,2.375730245091945,0
3177,Pass,0,0,0,-0.0,0
3178,Pass,0,0,0,-0.0,0
3179,Pass,0,0,0,-0.0,0
3180,Pass,0,0,0,-0.0,0
3181,Pass,0,0,0,-0.0,0
3182,Pass,0,0,0,-0.0,0
3183,Pass,0,0,0,-0.0,0
3184,Pass,0,0,0,-0.0,0
3185,Pass,0,0,0,-0.0,0
3186,Pass,0,0,0,-0.0,0
3187,Pass,0,0,0,-0.0,0
3188,Pass,0,0,0,-0.0,0
3189,Pass,0,0,0,-0.0,0
3190,Pass,0,0,0,-0.0,0
3191,Pass,0,0,0,-0.0,0
3192,Pass,0,0,0,-0.0,0
3193,Pass,0,0,0,6.3177799050163435,0
3194,Pass,0,0,0,-0.0,0
3195,Pass,0,0,0,-0.0,0
3196,Pass,0,0,0,-0.0,0
3197,Pass,0,0,0,10.01367725828444,0
3198,Pass,0,0,0,7.398382672871595,0
3199,Pass,0,0,0,0.7255229851368137,0
3200,Pass,0,0,0,-0.0,0
3201,Pass,0,0,0,-0.0,0
3202,Pass,0,0,0,-0.0,0
3203,Pass,0,0,0,-0.0,0
3204,Pass,0,0,0,-0.0,0
3205,Pass,0,0,0,-0.0,0
3206,Pass,0,0,0,0.8854281387749541,0
3207,Pass,0,0,0,-0.0,0
3208,Pass,0,0,0,-0.0,0
3209,Pass,0,0,0,-0.0,0
3210,Pass,0,0,0,-0.0,0
3211,Pass,0,0,0,-0.0,0
3212,Pass,0,0,0,-0.0,0
3213,Pass,0,0,0,-0.0,0
3214,Pass,0,0,0,-0.0,0
3215,Pass,0,0,0,-0.0,0
3216,Pass,0,0,0,-0.0,0
3217,Pass,0,0,0,-0.0,0
3218,Pass,0,0,0,-0.0,0
3219,Pass,0,0,0,-0.0,0
3220,Pass,0,0,0,0.816675885262875,0
3221,Pass,0,0,0,-0.0,0
3222,Pass,0,0,0,1.3815662525044388,0
3223,Pass,0,0,0,-0.0,0
3224,Pass,0,0,0,-0.0,0
3225,Pass,0,0,0,-0.0,0
3226,Pass,0,0,0,-0.0,0
3227,Pass,0,0,0,-0.0,0
3228,Pass,0,0,0,-0.0,0
3229,Pass,0,0,0,-0.0,0
3230,Pass,0,0,0,-0.0,0
3231,Pass,0,0,0,-0.0,0
3232,Pass,0,0,0,-0.0,0
3233,Pass,0,0,0,-0.0,0
3234,Pass,0,0,0,-0.0,0
3235,Pass,0,0,0,-0.0,0
3236,Pass,0,0,0,-0.0,0
3237,Pass,0,0,0,-0.0,0
3238,Pass,0,0,0,-0.0,0
3239,Pass,0,0,0,-0.0,0
3240,Pass,0,0,0,-0.0,0
3241,Pass,0,0,0,-0.0,0
3242,Pass,0,0,0,-0.0,0
3243,Pass,0,0,0,-0.0,0
3244,Pass,0,0,0,-0.0,0
3245,Pass,0,0,0,-0.0,0
3246,Pass,0,0,0,-0.0,0
3247,Pass,0,0,0,-0.0,0
3248,Pass,0,0,0,-0.0,0
3249,Pass,0,0,0,-0.0,0
3250,Pass,0,0,0,-0.0,0
3251,Pass,0,0,0,-0.0,0
3252,Pass,0,0,0,-0.0,0
3253,Pass,0,0,0,-0.0,0
3254,Pass,0,0,0,-0.0,0
3255,Pass,0,0,0,-0.0,0
3256,Pass,0,0,0,-0.0,0
3257,Pass,0,0,0,-0.0,0
3258,Pass,0,0,0,-0.0,0
3259,Pass,0,0,0,1.0048440987643084,0
3260,Pass,0,0,0,-0.0,0
3261,Pass,0,0,0,-0.0,0
3262,Pass,0,0,0,-0.0,0
3263,Pass,0,0,0,3.3524497778790447,0
3264,Pass,0,0,0,2.7398369908004283,0
3265,Pass,0,0,0,-0.0,0
3266,Pass,0,0,0,-0.0,0
3267,Pass,0,0,0,-0.0,0
3268,Pass,0,0,0,-0.0,0
3269,Pass,0,0,0,-0.0,0
3270,Pass,0,0,0,-0.0,0
3271,Pass,0,0,0,-0.0,0
3272,Pass,0,0,0,-0.0,0
3273,Pass,0,0,0,-0.0,0
3274,Pass,0,0,0,-0.0,0
3275,Pass,0,0,0,-0.0,0
3276,Pass,0,0,0,-0.0,0
3277,Pass,0,0,0,-0.0,0
3278,Pass,0,0,0,-0.0,0
3279,Pass,0,0,0,-0.0,0
3280,Pass,0,0,0,-0.0,0
3281,Pass,0,0,0,7.501446990864437,0
3282,Pass,0,0,0,13.6174419931685,0
3283,Pass,0,0,0,5.643806476989742,0
3284,Pass,0,0,0,0.7771984491947205,0
3285,Pass,0,0,0,-0.0,0
3286,Pass,0,0,0,-0.0,0
3287,Pass,0,0,0,2.6387854223568854,0
3288,Pass,0,0,0,23.025850929940454,0
3289,Pass,0,0,0,23.025850929940454,0
3290,Pass,0,0,0,23.025850929940454,0
3291,Pass,0,0,0,20.61735458373121,0
3292,Pass,0,0,0,-0.0,0
3293,Pass,0,0,0,5.5167568682842365,0
3294,Pass,0,0,0,20.614570792977496,0
3295,Pass,0,0,0,7.762204202827853,0
3296,Pass,0,0,0,23.025850929940454,0
3297,Pass,0,0,0,2.320091802849227,0
3298,Pass,0,0,0,23.025850929940454,0
3299,Pass,0,0,0,23.025850929940454,0
3300,Pass,0,0,0,23.025850929940454,0
3301,Pass,0,0,0,15.305565354764596,0
3302,Pass,0,0,0,15.498907466178908,0
3303,Pass,0,0,0,23.025850929940454,0
3304,Pass,0,0,0,23.025850929940454,0
3305,Pass,0,0,0,15.44027306914364,0
3306,Pass,0,0,0,11.436688078653136,0
3307,Pass,0,0,0,23.025850929940454,0
3308,Pass,0,0,0,4.196339039875309,0
3309,Pass,0,0,0,10.77916411842957,0
3310,Pass,0,0,0,23.025850929940454,0
3311,Pass,0,0,0,23.025850929940454,0
3312,Pass,0,0,0,23.025850929940454,0
3313,Pass,0,0,0,23.025850929940454,0
3314,Pass,0,0,0,23.025850929940454,0
3315,Pass,0,0,0,7.081533192033304,0
3316,Pass,0,0,0,-0.0,0
3317,Pass,0,0,0,0.8640407099413021,0
3318,Pass,0,0,0,21.29576667386554,0
3319,Pass,0,0,0,-0.0,0
3320,Pass,0,0,0,-0.0,0
3321,Pass,0,0,0,-0.0,0
3322,Pass,0,0,0,-0.0,0
3323,Pass,0,0,0,-0.0,0
3324,Pass,0,0,0,-0.0,0
3325,Pass,0,0,0,-0.0,0
3326,Pass,0,0,0,-0.0,0
3327,Pass,0,0,0,-0.0,0
3328,Pass,0,0,0,-0.0,0
3329,Pass,0,0,0,-0.0,0
3330,Pass,0,0,0,-0.0,0
3331,Pass,0,0,0,-0.0,0
3332,Pass,0,0,0,-0.0,0
3333,Pass,0,0,0,-0.0,0
3334,Pass,0,0,0,-0.0,0
3335,Pass,0,0,0,-0.0,0
3336,Pass,0,0,0,-0.0,0
3337,Pass,0,0,0,-0.0,0
3338,Pass,0,0,0,-0.0,0
3339,Pass,0,0,0,-0.0,0
3340,Pass,0,0,0,-0.0,0
3341,Pass,0,0,0,-0.0,0
3342,Pass,0,0,0,-0.0,0
3343,Pass,0,0,0,-0.0,0
3344,Pass,0,0,0,-0.0,0
3345,Pass,0,0,0,-0.0,0
3346,Pass,0,0,0,23.025850929940454,0
3347,Pass,0,0,0,-0.0,0
3348,Pass,0,0,0,-0.0,0
3349,Pass,0,0,0,-0.0,0
3350,Pass,0,0,0,-0.0,0
3351,Pass,0,0,0,-0.0,0
3352,Pass,0,0,0,-0.0,0
3353,Pass,0,0,0,-0.0,0
3354,Pass,0,0,0,-0.0,0
3355,Pass,0,0,0,-0.0,0
3356,Pass,0,0,0,-0.0,0
3357,Pass,0,0,0,-0.0,0
3358,Pass,0,0,0,-0.0,0
3359,Pass,0,0,0,-0.0,0
3360,Pass,0,0,0,4.595866199575758,0
3361,Pass,0,0,0,2.022876783739919,0
3362,Pass,0,0,0,-0.0,0
3363,Pass,0,0,0,8.943545778391918,0
3364,Pass,0,0,0,18.01139469386049,0
3365,Pass,0,0,0,-0.0,0
3366,Pass,0,0,0,3.027576385037481,0
3367,Pass,0,0,0,-0.0,0
3368,Pass,0,0,0,2.2113476524227362,0
3369,Pass,0,0,0,14.78189087805945,0
3370,Pass,0,0,0,8.38802431542594,0
3371,Pass,0,0,0,-0.0,0
3372,Pass,0,0,0,-0.0,0
3373,Pass,0,0,0,-0.0,0
3374,Pass,0,0,0,10.222587450503008,0
3375,Pass,0,0,0,11.019024027315425,0
3376,Pass,0,0,0,11.065496740244933,0
3377,Pass,0,0,0,18.02462650508801,0
3378,Pass,0,0,0,1.5929966103561943,0
3379,Pass,0,0,0,2.003780337466129,0
3380,Pass,0,0,0,7.174538102341738,0
3381,Pass,0,0,0,18.830156312702563,0
3382,Pass,0,0,0,19.14415444471705,0
3383,Pass,0,0,0,-0.0,0
3384,Pass,0,0,0,10.677922930704161,0
3385,Pass,0,0,0,20.232914922990535,0
3386,Pass,0,0,0,23.025850929940454,0
3387,Pass,0,0,0,23.025850929940454,0
3388,Pass,0,0,0,23.025850929940454,0
3389,Pass,0,0,0,23.025850929940454,0
3390,Pass,0,0,0,23.025850929940454,0
3391,Pass,0,0,0,23.025850929940454,0
3392,Pass,0,0,0,23.025850929940454,0
3393,Pass,0,0,0,23.025850929940454,0
3394,Pass,0,0,0,23.025850929940454,0
3395,Pass,0,0,0,23.025850929940454,0
3396,Pass,0,0,0,23.025850929940454,0
3397,Pass,0,0,0,15.307205114920366,0
3398,Pass,0,0,0,23.025850929940454,0
3399,Pass,0,0,0,16.54268952215405,0
3400,Pass,0,0,0,23.025850929940454,0
3401,Pass,0,0,0,23.025850929940454,0
3402,Pass,0,0,0,23.025850929940454,0
3403,Pass,0,0,0,23.025850929940454,0
3404,Pass,0,0,0,23.025850929940454,0
3405,Pass,0,0,0,23.025850929940454,0
3406,Pass,0,0,0,23.025850929940454,0
3407,Pass,0,0,0,23.025850929940454,0
3408,Pass,0,0,0,5.279827499981323,0
3409,Pass,0,0,0,23.025850929940454,0
3410,Pass,0,0,0,23.025850929940454,0
3411,Pass,0,0,0,14.237317895854542,0
3412,Pass,0,0,0,8.885332695567785,0
3413,Pass,0,0,0,9.902069947817886,0
3414,Pass,0,0,0,10.2783753611052,0
3415,Pass,0,0,0,7.827821582311319,0
3416,Pass,0,0,0,16.474695330947814,0
3417,Pass,0,0,0,23.025850929940454,0
3418,Pass,0,0,0,23.025850929940454,0
3419,Pass,0,0,0,23.025850929940454,0
3420,Pass,0,0,0,23.025850929940454,0
3421,Pass,0,0,0,23.025850929940454,0
3422,Pass,0,0,0,23.025850929940454,0
3423,Pass,0,0,0,23.025850929940454,0
3424,Pass,0,0,0,23.025850929940454,0
3425,Pass,0,0,0,23.025850929940454,0
3426,Pass,0,0,0,23.025850929940454,0
3427,Pass,0,0,0,23.025850929940454,0
3428,Pass,0,0,0,23.025850929940454,0
3429,Pass,0,0,0,23.025850929940454,0
3430,Pass,0,0,0,23.025850929940454,0
3431,Pass,0,0,0,23.025850929940454,0
3432,Pass,0,0,0,23.025850929940454,0
3433,Pass,0,0,0,23.025850929940454,0
3434,Pass,0,0,0,23.025850929940454,0
3435,Pass,0,0,0,23.025850929940454,0
3436,Pass,0,0,0,23.025850929940454,0
3437,Pass,0,0,0,19.727669206514182,0
3438,Pass,0,0,0,17.111893297439227,0
3439,Pass,0,0,0,23.025850929940454,0
3440,Pass,0,0,0,23.025850929940454,0
3441,Pass,0,0,0,8.052543780970922,0
3442,Pass,0,0,0,8.372719699643136,0
3443,Pass,0,0,0,-0.0,0
3444,Pass,0,0,0,-0.0,0
3445,Pass,0,0,0,-0.0,0
3446,Pass,0,0,0,-0.0,0
3447,Pass,0,0,0,3.077188366085271,0
3448,Pass,0,0,0,12.942031335187643,0
3449,Pass,0,0,0,11.801094769038276,0
3450,Pass,0,0,0,8.141455276534725,0
3451,Pass,0,0,0,-0.0,0
3452,Pass,0,0,0,-0.0,0
3453,Pass,0,0,0,-0.0,0
3454,Pass,0,0,0,-0.0,0
3455,Pass,0,0,0,-0.0,0
3456,Pass,0,0,0,-0.0,0
3457,Pass,0,0,0,-0.0,0
3458,Pass,0,0,0,8.818051768568884,0
3459,Pass,0,0,0,23.025850929940454,0
3460,Pass,0,0,0,23.025850929940454,0
3461,Pass,0,0,0,16.52757716455691,0
3462,Pass,0,0,0,-0.0,0
3463,Pass,0,0,0,-0.0,0
3464,Pass,0,0,0,7.155462765689464,0
3465,Pass,0,0,0,-0.0,0
3466,Pass,0,0,0,-0.0,0
3467,Pass,0,0,0,8.395558185164315,0
3468,Pass,0,0,0,11.442255330872447,0
3469,Pass,0,0,0,8.70972409918523,0
3470,Pass,0,0,0,9.947129643862212,0
3471,Pass,0,0,0,15.532886719943782,0
3472,Pass,0,0,0,17.09732741956009,0
3473,Pass,0,0,0,14.316524815249652,0
3474,Pass,0,0,0,-0.0,0
3475,Pass,0,0,0,-0.0,0
3476,Pass,0,0,0,-0.0,0
3477,Pass,0,0,0,-0.0,0
3478,Pass,0,0,0,-0.0,0
3479,Pass,0,0,0,-0.0,0
3480,Pass,0,0,0,8.619731679678791,0
3481,Pass,0,0,0,-0.0,0
3482,Pass,0,0,0,13.47860450404684,0
3483,Pass,0,0,0,7.749609288824081,0
3484,Pass,0,0,0,11.722294472627727,0
3485,Pass,0,0,0,-0.0,0
3486,Pass,0,0,0,1.5633993449066723,0
3487,Pass,0,0,0,0.5365885370306424,0
3488,Pass,0,0,0,-0.0,0
3489,Pass,0,0,0,5.990601307602759,0
3490,Pass,0,0,0,2.4933405771767303,0
3491,Pass,0,0,0,5.030893359865178,0
3492,Pass,0,0,0,0.9121358076690875,0
3493,Pass,0,0,0,-0.0,0
3494,Pass,0,0,0,4.469154032851507,0
3495,Pass,0,0,0,-0.0,0
3496,Pass,0,0,0,10.18772165843914,0
3497,Pass,0,0,0,11.008329829861541,0
3498,Pass,0,0,0,15.557979911008728,0
3499,Pass,0,0,0,23.025850929940454,0
3500,Pass,0,0,0,23.025850929940454,0
3501,Pass,0,0,0,18.9472680823497,0
3502,Pass,0,0,0,0.39882347027174764,0
3503,Pass,0,0,0,7.288099094811906,0
3504,Pass,0,0,0,-0.0,0
3505,Pass,0,0,0,-0.0,0
3506,Pass,0,0,0,-0.0,0
3507,Pass,0,0,0,7.322019135023103,0
3508,Pass,0,0,0,11.912870655676441,0
3509,Pass,0,0,0,4.79204821934385,0
3510,Pass,0,0,0,-0.0,0
3511,Pass,0,0,0,-0.0,0
3512,Pass,0,0,0,-0.0,0
3513,Pass,0,0,0,3.142530424999716,0
3514,Pass,0,0,0,8.462403722503257,0
3515,Pass,0,0,0,8.887233716467858,0
3516,Pass,0,0,0,-0.0,0
3517,Pass,0,0,0,13.957978404313721,0
3518,Pass,0,0,0,23.025850929940454,0
3519,Pass,0,0,0,23.025850929940454,0
3520,Pass,0,0,0,23.025850929940454,0
3521,Pass,0,0,0,17.384034203659027,0
3522,Pass,0,0,0,23.025850929940454,0
3523,Pass,0,0,0,23.025850929940454,0
3524,Pass,0,0,0,15.884106663173789,0
3525,Pass,0,0,0,23.025850929940454,0
3526,Pass,0,0,0,23.025850929940454,0
3527,Pass,0,0,0,1.679722090173204,0
3528,Pass,0,0,0,-0.0,0
3529,Pass,0,0,0,-0.0,0
3530,Pass,0,0,0,-0.0,0
3531,Pass,0,0,0,-0.0,0
3532,Pass,0,0,0,3.9372978675857166,0
3533,Pass,0,0,0,8.865483710062733,0
3534,Pass,0,0,0,14.132409878143902,0
3535,Pass,0,0,0,13.28252926673712,0
3536,Pass,0,0,0,10.481402615284129,0
3537,Pass,0,0,0,11.590423603897648,0
3538,Pass,0,0,0,9.172288998078793,0
3539,Pass,0,0,0,6.365386415459456,0
3540,Pass,0,0,0,19.988192707029082,0
3541,Pass,0,0,0,23.025850929940454,0
3542,Pass,0,0,0,23.025850929940454,0
3543,Pass,0,0,0,23.025850929940454,0
3544,Pass,0,0,0,23.025850929940454,0
3545,Pass,0,0,0,23.025850929940454,0
3546,Pass,0,0,0,22.334781004836383,0
3547,Pass,0,0,0,23.025850929940454,0
3548,Pass,0,0,0,23.025850929940454,0
3549,Pass,0,0,0,23.025850929940454,0
3550,Pass,0,0,0,23.025850929940454,0
3551,Pass,0,0,0,23.025850929940454,0
3552,Pass,0,0,0,23.025850929940454,0
3553,Pass,0,0,0,23.025850929940454,0
3554,Pass,0,0,0,23.025850929940454,0
3555,Pass,0,0,0,4.652869551136734,0
3556,Pass,0,0,0,2.4648755770858104,0
3557,Pass,0,0,0,23.025850929940454,0
3558,Pass,0,0,0,23.025850929940454,0
3559,Pass,0,0,0,-0.0,0
3560,Pass,0,0,0,23.025850929940454,0
3561,Pass,0,0,0,-0.0,0
3562,Pass,0,0,0,2.3101587404985513,0
3563,Pass,0,0,0,23.025850929940454,0
3564,Pass,0,0,0,23.025850929940454,0
3565,Pass,0,0,0,-0.0,0
3566,Pass,0,0,0,-0.0,0
3567,Pass,0,0,0,8.4637131892167,0
3568,Pass,0,0,0,-0.0,0
3569,Pass,0,0,0,-0.0,0
3570,Pass,0,0,0,-0.0,0
3571,Pass,0,0,0,-0.0,0
3572,Pass,0,0,0,-0.0,0
3573,Pass,0,0,0,-0.0,0
3574,Pass,0,0,0,4.743385858095035,0
3575,Pass,0,0,0,-0.0,0
3576,Pass,0,0,0,2.171063414682236,0
3577,Pass,0,0,0,-0.0,0
3578,Pass,0,0,0,-0.0,0
3579,Pass,0,0,0,-0.0,0
3580,Pass,0,0,0,-0.0,0
3581,Pass,0,0,0,-0.0,0
3582,Pass,0,0,0,-0.0,0
3583,Pass,0,0,0,-0.0,0
3584,Pass,0,0,0,-0.0,0
3585,Pass,0,0,0,-0.0,0
3586,Pass,0,0,0,-0.0,0
3587,Pass,0,0,0,-0.0,0
3588,Pass,0,0,0,-0.0,0
3589,Pass,0,0,0,-0.0,0
3590,Pass,0,0,0,-0.0,0
3591,Pass,0,0,0,-0.0,0
3592,Pass,0,0,0,-0.0,0
3593,Pass,0,0,0,-0.0,0
3594,Pass,0,0,0,-0.0,0
3595,Pass,0,0,0,-0.0,0
3596,Pass,0,0,0,-0.0,0
3597,Pass,0,0,0,-0.0,0
3598,Pass,0,0,0,-0.0,0
3599,Pass,0,0,0,-0.0,0
3600,Pass,0,0,0,-0.0,0
3601,Pass,0,0,0,-0.0,0
3602,Pass,0,0,0,-0.0,0
3603,Pass,0,0,0,-0.0,0
3604,Pass,0,0,0,-0.0,0
3605,Pass,0,0,0,-0.0,0
3606,Pass,0,0,0,-0.0,0
3607,Pass,0,0,0,-0.0,0
3608,Pass,0,0,0,-0.0,0
3609,Pass,0,0,0,-0.0,0
3610,Pass,0,0,0,-0.0,0
3611,Pass,0,0,0,-0.0,0
3612,Pass,0,0,0,-0.0,0
3613,Pass,0,0,0,-0.0,0
3614,Pass,0,0,0,-0.0,0
3615,Pass,0,0,0,-0.0,0
3616,Pass,0,0,0,1.4171918581680711,0
3617,Pass,0,0,0,-0.0,0
3618,Pass,0,0,0,-0.0,0
3619,Pass,0,0,0,23.025850929940454,0
3620,Pass,0,0,0,23.025850929940454,0
3621,Pass,0,0,0,23.025850929940454,0
3622,Pass,0,0,0,20.68896810974048,0
3623,Pass,0,0,0,12.788458359785043,0
3624,Pass,0,0,0,23.025850929940454,0
3625,Pass,0,0,0,14.597873595210467,0
3626,Pass,0,0,0,16.18155986720902,0
3627,Pass,0,0,0,19.93290272791739,0
3628,Pass,0,0,0,5.434144610659872,0
3629,Pass,0,0,0,0.7733188611345734,0
3630,Pass,0,0,0,0.8147905160618085,0
3631,Pass,0,0,0,-0.0,0
3632,Pass,0,0,0,1.8726114744094027,0
3633,Pass,0,0,0,-0.0,0
3634,Pass,0,0,0,0.821968115056221,0
3635,Pass,0,0,0,8.151031008249133,0
3636,Pass,0,0,0,9.244529542757551,0
3637,Pass,0,0,0,15.327897395172283,0
3638,Pass,0,0,0,19.170449109940765,0
3639,Pass,0,0,0,17.54606681894008,0
3640,Pass,0,0,0,23.025850929940454,0
3641,Pass,0,0,0,20.966424582328347,0
3642,Pass,0,0,0,23.025850929940454,0
3643,Pass,0,0,0,17.86868723987456,0
3644,Pass,0,0,0,14.678418134532992,0
3645,Pass,0,0,0,9.783789967670105,0
3646,Pass,0,0,0,-0.0,0
3647,Pass,0,0,0,-0.0,0
3648,Pass,0,0,0,-0.0,0
3649,Pass,0,0,0,-0.0,0
3650,Pass,0,0,0,-0.0,0
3651,Pass,0,0,0,-0.0,0
3652,Pass,0,0,0,-0.0,0
3653,Pass,0,0,0,-0.0,0
3654,Pass,0,0,0,-0.0,0
3655,Pass,0,0,0,-0.0,0
3656,Pass,0,0,0,-0.0,0
3657,Pass,0,0,0,-0.0,0
3658,Pass,0,0,0,-0.0,0
3659,Pass,0,0,0,-0.0,0
3660,Pass,0,0,0,-0.0,0
3661,Pass,0,0,0,-0.0,0
3662,Pass,0,0,0,-0.0,0
3663,Pass,0,0,0,-0.0,0
3664,Pass,0,0,0,-0.0,0
3665,Pass,0,0,0,-0.0,0
3666,Pass,0,0,0,-0.0,0
3667,Pass,0,0,0,-0.0,0
3668,Pass,0,0,0,-0.0,0
3669,Pass,0,0,0,-0.0,0
3670,Pass,0,0,0,-0.0,0
3671,Pass,0,0,0,-0.0,0
3672,Pass,0,0,0,-0.0,0
3673,Pass,0,0,0,-0.0,0
3674,Pass,0,0,0,-0.0,0
3675,Pass,0,0,0,-0.0,0
3676,Pass,0,0,0,-0.0,0
3677,Pass,0,0,0,-0.0,0
3678,Pass,0,0,0,-0.0,0
3679,Pass,0,0,0,-0.0,0
3680,Pass,0,0,0,-0.0,0
3681,Pass,0,0,0,-0.0,0
3682,Pass,0,0,0,-0.0,0
3683,Pass,0,0,0,-0.0,0
3684,Pass,0,0,0,-0.0,0
3685,Pass,0,0,0,-0.0,0
3686,Pass,0,0,0,-0.0,0
3687,Pass,0,0,0,-0.0,0
3688,Pass,0,0,0,-0.0,0
3689,Pass,0,0,0,-0.0,0
3690,Pass,0,0,0,-0.0,0
3691,Pass,0,0,0,-0.0,0
3692,Pass,0,0,0,-0.0,0
3693,Pass,0,0,0,-0.0,0
3694,Pass,0,0,0,-0.0,0
3695,Pass,0,0,0,-0.0,0
3696,Pass,0,0,0,-0.0,0
3697,Pass,0,0,0,-0.0,0
3698,Pass,0,0,0,-0.0,0
3699,Pass,0,0,0,-0.0,0
3700,Pass,0,0,0,-0.0,0
3701,Pass,0,0,0,-0.0,0
3702,Pass,0,0,0,-0.0,0
3703,Pass,0,0,0,-0.0,0
3704,Pass,0,0,0,-0.0,0
3705,Pass,0,0,0,-0.0,0
3706,Pass,0,0,0,-0.0,0
3707,Pass,0,0,0,-0.0,0
3708,Pass,0,0,0,-0.0,0
3709,Pass,0,0,0,-0.0,0
3710,Pass,0,0,0,-0.0,0
3711,Pass,0,0,0,-0.0,0
3712,Pass,0,0,0,-0.0,0
3713,Pass,0,0,0,-0.0,0
3714,Pass,0,0,0,-0.0,0
3715,Pass,0,0,0,-0.0,0
3716,Pass,0,0,0,-0.0,0
3717,Pass,0,0,0,-0.0,0
3718,Pass,0,0,0,-0.0,0
3719,Pass,0,0,0,-0.0,0
3720,Pass,0,0,0,-0.0,0
3721,Pass,0,0,0,-0.0,0
3722,Pass,0,0,0,-0.0,0
3723,Pass,0,0,0,-0.0,0
3724,Pass,0,0,0,-0.0,0
3725,Pass,0,0,0,-0.0,0
3726,Pass,0,0,0,-0.0,0
3727,Pass,0,0,0,-0.0,0
3728,Pass,0,0,0,-0.0,0
3729,Pass,0,0,0,-0.0,0
3730,Pass,0,0,0,-0.0,0
3731,Pass,0,0,0,-0.0,0
3732,Pass,0,0,0,-0.0,0
3733,Pass,0,0,0,-0.0,0
3734,Pass,0,0,0,-0.0,0
3735,Pass,0,0,0,-0.0,0
3736,Pass,0,0,0,-0.0,0
3737,Pass,0,0,0,-0.0,0
3738,Pass,0,0,0,-0.0,0
3739,Pass,0,0,0,-0.0,0
3740,Pass,0,0,0,-0.0,0
3741,Pass,0,0,0,-0.0,0
3742,Pass,0,0,0,-0.0,0
3743,Pass,0,0,0,-0.0,0
3744,Pass,0,0,0,-0.0,0
3745,Pass,0,0,0,-0.0,0
3746,Pass,0,0,0,-0.0,0
3747,Pass,0,0,0,-0.0,0
3748,Pass,0,0,0,-0.0,0
3749,Pass,0,0,0,-0.0,0
3750,Pass,0,0,0,-0.0,0
3751,Pass,0,0,0,-0.0,0
3752,Pass,0,0,0,-0.0,0
3753,Pass,0,0,0,-0.0,0
3754,Pass,0,0,0,-0.0,0
3755,Pass,0,0,0,-0.0,0
3756,Pass,0,0,0,-0.0,0
3757,Pass,0,0,0,-0.0,0
3758,Pass,0,0,0,-0.0,0
3759,Pass,0,0,0,-0.0,0
3760,Pass,0,0,0,-0.0,0
3761,Pass,0,0,0,-0.0,0
3762,Pass,0,0,0,-0.0,0
3763,Pass,0,0,0,-0.0,0
3764,Pass,0,0,0,-0.0,0
3765,Pass,0,0,0,-0.0,0
3766,Pass,0,0,0,-0.0,0
3767,Pass,0,0,0,-0.0,0
3768,Pass,0,0,0,-0.0,0
3769,Pass,0,0,0,-0.0,0
3770,Pass,0,0,0,-0.0,0
3771,Pass,0,0,0,23.025850929940454,0
3772,Pass,0,0,0,5.528577837238337,0
3773,Pass,0,0,0,23.025850929940454,0
3774,Pass,0,0,0,23.025850929940454,0
3775,Pass,0,0,0,16.565103048797265,0
3776,Pass,0,0,0,5.245053406560928,0
3777,Pass,0,0,0,-0.0,0
3778,Pass,0,0,0,-0.0,0
3779,Pass,0,0,0,9.834417308894214,0
3780,Pass,0,0,0,8.429300074983232,0
3781,Pass,0,0,0,7.947186925249663,0
3782,Pass,0,0,0,-0.0,0
3783,Pass,0,0,0,-0.0,0
3784,Pass,0,0,0,-0.0,0
3785,Pass,0,0,0,-0.0,0
3786,Pass,0,0,0,23.025850929940454,0
3787,Pass,0,0,0,23.025850929940454,0
3788,Pass,0,0,0,23.025850929940454,0
3789,Pass,0,0,0,-0.0,0
3790,Pass,0,0,0,3.8497930502870714,0
3791,Pass,0,0,0,15.210333498733268,0
3792,Pass,0,0,0,23.025850929940454,0
3793,Pass,0,0,0,18.82331531881621,0
3794,Pass,0,0,0,3.8738674450126256,0
3795,Pass,0,0,0,-0.0,0
3796,Pass,0,0,0,-0.0,0
3797,Pass,0,0,0,-0.0,0
3798,Pass,0,0,0,-0.0,0
3799,Pass,0,0,0,-0.0,0
3800,Pass,0,0,0,-0.0,0
3801,Pass,0,0,0,-0.0,0
3802,Pass,0,0,0,-0.0,0
3803,Pass,0,0,0,-0.0,0
3804,Pass,0,0,0,-0.0,0
3805,Pass,0,0,0,-0.0,0
3806,Pass,0,0,0,-0.0,0
3807,Pass,0,0,0,-0.0,0
3808,Pass,0,0,0,-0.0,0
3809,Pass,0,0,0,-0.0,0
3810,Pass,0,0,0,-0.0,0
3811,Pass,0,0,0,-0.0,0
3812,Pass,0,0,0,-0.0,0
3813,Pass,0,0,0,-0.0,0
3814,Pass,0,0,0,-0.0,0
3815,Pass,0,0,0,0.8614908330539146,0
3816,Pass,0,0,0,6.669036783709261,0
3817,Pass,0,0,0,11.523611802227505,0
3818,Pass,0,0,0,0.8392337876886662,0
3819,Pass,0,0,0,2.9754402650931486,0
3820,Pass,0,0,0,7.795756632986182,0
3821,Pass,0,0,0,0.3513460001888953,0
3822,Pass,0,0,0,-0.0,0
3823,Pass,0,0,0,-0.0,0
3824,Pass,0,0,0,-0.0,0
3825,Pass,0,0,0,-0.0,0
3826,Pass,0,0,0,-0.0,0
3827,Pass,0,0,0,-0.0,0
3828,Pass,0,0,0,-0.0,0
3829,Pass,0,0,0,-0.0,0
3830,Pass,0,0,0,-0.0,0
3831,Pass,0,0,0,-0.0,0
3832,Pass,0,0,0,6.913433542083119,0
3833,Pass,0,0,0,-0.0,0
3834,Pass,0,0,0,-0.0,0
3835,Pass,0,0,0,-0.0,0
3836,Pass,0,0,0,-0.0,0
3837,Pass,0,0,0,-0.0,0
3838,Pass,0,0,0,9.180700804575213,0
3839,Pass,0,0,0,7.49619363643073,0
3840,Pass,0,0,0,19.282700255122876,0
3841,Pass,0,0,0,11.596262759239396,0
3842,Pass,0,0,0,15.967590624938602,0
3843,Pass,0,0,0,7.99084489484711,0
3844,Pass,0,0,0,16.116179075938827,0
3845,Pass,0,0,0,10.978148738093777,0
3846,Pass,0,0,0,-0.0,0
3847,Pass,0,0,0,-0.0,0
3848,Pass,0,0,0,-0.0,0
3849,Pass,0,0,0,-0.0,0
3850,Pass,0,0,0,-0.0,0
3851,Pass,0,0,0,-0.0,0
3852,Pass,0,0,0,-0.0,0
3853,Pass,0,0,0,-0.0,0
3854,Pass,0,0,0,-0.0,0
3855,Pass,0,0,0,-0.0,0
3856,Pass,0,0,0,-0.0,0
3857,Pass,0,0,0,-0.0,0
3858,Pass,0,0,0,-0.0,0
3859,Pass,0,0,0,-0.0,0
3860,Pass,0,0,0,-0.0,0
3861,Pass,0,0,0,-0.0,0
3862,Pass,0,0,0,-0.0,0
3863,Pass,0,0,0,-0.0,0
3864,Pass,0,0,0,-0.0,0
3865,Pass,0,0,0,-0.0,0
3866,Pass,0,0,0,-0.0,0
3867,Pass,0,0,0,-0.0,0
3868,Pass,0,0,0,-0.0,0
3869,Pass,0,0,0,-0.0,0
3870,Pass,0,0,0,-0.0,0
3871,Pass,0,0,0,-0.0,0
3872,Pass,0,0,0,-0.0,0
3873,Pass,0,0,0,-0.0,0
3874,Pass,0,0,0,-0.0,0
3875,Pass,0,0,0,-0.0,0
3876,Pass,0,0,0,-0.0,0
3877,Pass,0,0,0,-0.0,0
3878,Pass,0,0,0,-0.0,0
3879,Pass,0,0,0,-0.0,0
3880,Pass,0,0,0,-0.0,0
3881,Pass,0,0,0,-0.0,0
3882,Pass,0,0,0,-0.0,0
3883,Pass,0,0,0,-0.0,0
3884,Pass,0,0,0,-0.0,0
3885,Pass,0,0,0,-0.0,0
3886,Pass,0,0,0,-0.0,0
3887,Pass,0,0,0,-0.0,0
3888,Pass,0,0,0,-0.0,0
3889,Pass,0,0,0,-0.0,0
3890,Pass,0,0,0,-0.0,0
3891,Pass,0,0,0,-0.0,0
3892,Pass,0,0,0,-0.0,0
3893,Pass,0,0,0,-0.0,0
3894,Pass,0,0,0,-0.0,0
3895,Pass,0,0,0,-0.0,0
3896,Pass,0,0,0,-0.0,0
3897,Pass,0,0,0,-0.0,0
3898,Pass,0,0,0,-0.0,0
3899,Pass,0,0,0,1.8580223988734277,0
3900,Pass,0,0,0,-0.0,0
3901,Pass,0,0,0,-0.0,0
3902,Pass,0,0,0,-0.0,0
3903,Pass,0,0,0,1.2631193408639771,0
3904,Pass,0,0,0,8.45935143966233,0
3905,Pass,0,0,0,-0.0,0
3906,Pass,0,0,0,5.33038172333963,0
3907,Pass,0,0,0,0.027119708950305774,0
3908,Pass,0,0,0,-0.0,0
3909,Pass,0,0,0,-0.0,0
3910,Pass,0,0,0,-0.0,0
3911,Pass,0,0,0,0.8870082852397616,0
3912,Pass,0,0,0,-0.0,0
3913,Pass,0,0,0,-0.0,0
3914,Pass,0,0,0,-0.0,0
3915,Pass,0,0,0,-0.0,0
3916,Pass,0,0,0,-0.0,0
3917,Pass,0,0,0,6.160386733887897,0
3918,Pass,0,0,0,-0.0,0
3919,Pass,0,0,0,-0.0,0
3920,Pass,0,0,0,-0.0,0
3921,Pass,0,0,0,-0.0,0
3922,Pass,0,0,0,-0.0,0
3923,Pass,0,0,0,-0.0,0
3924,Pass,0,0,0,-0.0,0
3925,Pass,0,0,0,-0.0,0
3926,Pass,0,0,0,-0.0,0
3927,Pass,0,0,0,-0.0,0
3928,Pass,0,0,0,-0.0,0
3929,Pass,0,0,0,1.0630391079612374,0
3930,Pass,0,0,0,-0.0,0
3931,Pass,0,0,0,-0.0,0
3932,Pass,0,0,0,-0.0,0
3933,Pass,0,0,0,-0.0,0
3934,Pass,0,0,0,1.601799450985145,0
3935,Pass,0,0,0,-0.0,0
3936,Pass,0,0,0,3.6221864678672637,0
3937,Pass,0,0,0,2.700944161812209,0
3938,Pass,0,0,0,3.3761857997160516,0
3939,Pass,0,0,0,14.246491415729052,0
3940,Pass,0,0,0,-0.0,0
3941,Pass,0,0,0,18.976530904570186,0
3942,Pass,0,0,0,3.6124373403694414,0
3943,Pass,0,0,0,-0.0,0
3944,Pass,0,0,0,-0.0,0
3945,Pass,0,0,0,5.402479152013592,0
3946,Pass,0,0,0,6.3632793651564565,0
3947,Pass,0,0,0,5.203312049012617,0
3948,Pass,0,0,0,-0.0,0
3949,Pass,0,0,0,-0.0,0
3950,Pass,0,0,0,-0.0,0
3951,Pass,0,0,0,-0.0,0
3952,Pass,0,0,0,-0.0,0
3953,Pass,0,0,0,-0.0,0
3954,Pass,0,0,0,-0.0,0
3955,Pass,0,0,0,-0.0,0
3956,Pass,0,0,0,-0.0,0
3957,Pass,0,0,0,-0.0,0
3958,Pass,0,0,0,-0.0,0
3959,Pass,0,0,0,-0.0,0
3960,Pass,0,0,0,-0.0,0
3961,Pass,0,0,0,-0.0,0
3962,Pass,0,0,0,-0.0,0
3963,Pass,0,0,0,-0.0,0
3964,Pass,0,0,0,-0.0,0
3965,Pass,0,0,0,-0.0,0
3966,Pass,0,0,0,-0.0,0
3967,Pass,0,0,0,-0.0,0
3968,Pass,0,0,0,-0.0,0
3969,Pass,0,0,0,-0.0,0
3970,Pass,0,0,0,-0.0,0
3971,Pass,0,0,0,-0.0,0
3972,Pass,0,0,0,-0.0,0
3973,Pass,0,0,0,-0.0,0
3974,Pass,0,0,0,-0.0,0
3975,Pass,0,0,0,-0.0,0
3976,Pass,0,0,0,-0.0,0
3977,Pass,0,0,0,-0.0,0
3978,Pass,0,0,0,-0.0,0
3979,Pass,0,0,0,8.111933884628984,0
3980,Pass,0,0,0,0.1176027615336428,0
3981,Pass,0,0,0,-0.0,0
3982,Pass,0,0,0,-0.0,0
3983,Pass,0,0,0,-0.0,0
3984,Pass,0,0,0,-0.0,0
3985,Pass,0,0,0,-0.0,0
3986,Pass,0,0,0,-0.0,0
3987,Pass,0,0,0,-0.0,0
3988,Pass,0,0,0,-0.0,0
3989,Pass,0,0,0,-0.0,0
3990,Pass,0,0,0,-0.0,0
3991,Pass,0,0,0,-0.0,0
3992,Pass,0,0,0,-0.0,0
3993,Pass,0,0,0,-0.0,0
3994,Pass,0,0,0,-0.0,0
3995,Pass,0,0,0,-0.0,0
3996,Pass,0,0,0,-0.0,0
3997,Pass,0,0,0,-0.0,0
3998,Pass,0,0,0,-0.0,0
3999,Pass,0,0,0,-0.0,0
4000,Pass,0,0,0,-0.0,0
4001,Pass,0,0,0,-0.0,0
4002,Pass,0,0,0,-0.0,0
4003,Pass,0,0,0,-0.0,0
4004,Pass,0,0,0,-0.0,0
4005,Pass,0,0,0,-0.0,0
4006,Pass,0,0,0,-0.0,0
4007,Pass,0,0,0,-0.0,0
4008,Pass,0,0,0,-0.0,0
4009,Pass,0,0,0,4.533167415350472,0
4010,Pass,0,0,0,2.8707057484167215,0
4011,Pass,0,0,0,-0.0,0
4012,Pass,0,0,0,-0.0,0
4013,Pass,0,0,0,-0.0,0
4014,Pass,0,0,0,-0.0,0
4015,Pass,0,0,0,-0.0,0
4016,Pass,0,0,0,-0.0,0
4017,Pass,0,0,0,-0.0,0
4018,Pass,0,0,0,0.01193063953438247,0
4019,Pass,0,0,0,-0.0,0
4020,Pass,0,0,0,-0.0,0
4021,Pass,0,0,0,-0.0,0
4022,Pass,0,0,0,-0.0,0
4023,Pass,0,0,0,-0.0,0
4024,Pass,0,0,0,-0.0,0
4025,Pass,0,0,0,-0.0,0
4026,Pass,0,0,0,3.1403167522102793,0
4027,Pass,0,0,0,2.386101457661128,0
4028,Pass,0,0,0,4.757850606091896,0
4029,Pass,0,0,0,-0.0,0
4030,Pass,0,0,0,-0.0,0
4031,Pass,0,0,0,-0.0,0
4032,Pass,0,0,0,-0.0,0
4033,Pass,0,0,0,6.439263857748695,0
4034,Pass,0,0,0,0.9820598260281245,0
4035,Pass,0,0,0,-0.0,0
4036,Pass,0,0,0,7.416347916032809,0
4037,Pass,0,0,0,23.025850929940454,0
4038,Pass,0,0,0,23.025850929940454,0
4039,Pass,0,0,0,23.025850929940454,0
4040,Pass,0,0,0,23.025850929940454,0
4041,Pass,0,0,0,23.025850929940454,0
4042,Pass,0,0,0,23.025850929940454,0
4043,Pass,0,0,0,23.025850929940454,0
4044,Pass,0,0,0,23.025850929940454,0
4045,Pass,0,0,0,23.025850929940454,0
4046,Pass,0,0,0,23.025850929940454,0
4047,Pass,0,0,0,23.025850929940454,0
4048,Pass,0,0,0,23.025850929940454,0
4049,Pass,0,0,0,15.732880925190818,0
4050,Pass,0,0,0,23.025850929940454,0
4051,Pass,0,0,0,23.025850929940454,0
4052,Pass,0,0,0,22.983193363005114,0
4053,Pass,0,0,0,23.025850929940454,0
4054,Pass,0,0,0,23.025850929940454,0
4055,Pass,0,0,0,23.025850929940454,0
4056,Pass,0,0,0,23.025850929940454,0
4057,Pass,0,0,0,23.025850929940454,0
4058,Pass,0,0,0,12.89420248381826,0
4059,Pass,0,0,0,21.2889201923483,0
4060,Pass,0,0,0,11.9670378450588,0
4061,Pass,0,0,0,12.007905178637435,0
4062,Pass,0,0,0,22.06145771036876,0
4063,Pass,0,0,0,3.7696679214631,0
4064,Pass,0,0,0,-0.0,0
4065,Pass,0,0,0,-0.0,0
4066,Pass,0,0,0,-0.0,0
4067,Pass,0,0,0,23.025850929940454,0
4068,Pass,0,0,0,23.025850929940454,0
4069,Pass,0,0,0,19.359808959101446,0
4070,Pass,0,0,0,23.025850929940454,0
4071,Pass,0,0,0,23.025850929940454,0
4072,Pass,0,0,0,9.706351576131338,0
4073,Pass,0,0,0,23.025850929940454,0
4074,Pass,0,0,0,9.441650105489545,0
4075,Pass,0,0,0,12.613726054869833,0
4076,Pass,0,0,0,-0.0,0
4077,Pass,0,0,0,-0.0,0
4078,Pass,0,0,0,-0.0,0
4079,Pass,0,0,0,-0.0,0
4080,Pass,0,0,0,-0.0,0
4081,Pass,0,0,0,7.3871295833101565,0
4082,Pass,0,0,0,4.717552527982314,0
4083,Pass,0,0,0,-0.0,0
4084,Pass,0,0,0,-0.0,0
4085,Pass,0,0,0,8.787700085502719,0
4086,Pass,0,0,0,10.76284983650165,0
4087,Pass,0,0,0,-0.0,0
4088,Pass,0,0,0,-0.0,0
4089,Pass,0,0,0,-0.0,0
4090,Pass,0,0,0,-0.0,0
4091,Pass,0,0,0,-0.0,0
4092,Pass,0,0,0,-0.0,0
4093,Pass,0,0,0,-0.0,0
4094,Pass,0,0,0,1.5733572034171512,0
4095,Pass,0,0,0,-0.0,0
4096,Pass,0,0,0,2.89317573706061,0
4097,Pass,0,0,0,-0.0,0
4098,Pass,0,0,0,-0.0,0
4099,Pass,0,0,0,13.773860649420914,0
4100,Pass,0,0,0,-0.0,0
4101,Pass,0,0,0,-0.0,0
4102,Pass,0,0,0,-0.0,0
4103,Pass,0,0,0,-0.0,0
4104,Pass,0,0,0,-0.0,0
4105,Pass,0,0,0,-0.0,0
4106,Pass,0,0,0,-0.0,0
4107,Pass,0,0,0,-0.0,0
4108,Pass,0,0,0,-0.0,0
4109,Pass,0,0,0,-0.0,0
4110,Pass,0,0,0,-0.0,0
4111,Pass,0,0,0,-0.0,0
4112,Pass,0,0,0,-0.0,0
4113,Pass,0,0,0,-0.0,0
4114,Pass,0,0,0,-0.0,0
4115,Pass,0,0,0,-0.0,0
4116,Pass,0,0,0,-0.0,0
4117,Pass,0,0,0,-0.0,0
4118,Pass,0,0,0,-0.0,0
4119,Pass,0,0,0,-0.0,0
4120,Pass,0,0,0,-0.0,0
4121,Pass,0,0,0,-0.0,0
4122,Pass,0,0,0,-0.0,0
4123,Pass,0,0,0,-0.0,0
4124,Pass,0,0,0,-0.0,0
4125,Pass,0,0,0,-0.0,0
4126,Pass,0,0,0,-0.0,0
4127,Pass,0,0,0,-0.0,0
4128,Pass,0,0,0,-0.0,0
4129,Pass,0,0,0,-0.0,0
4130,Pass,0,0,0,-0.0,0
4131,Pass,0,0,0,-0.0,0
4132,Pass,0,0,0,-0.0,0
4133,Pass,0,0,0,-0.0,0
4134,Pass,0,0,0,-0.0,0
4135,Pass,0,0,0,-0.0,0
4136,Pass,0,0,0,-0.0,0
4137,Pass,0,0,0,-0.0,0
4138,Pass,0,0,0,-0.0,0
4139,Pass,0,0,0,-0.0,0
4140,Pass,0,0,0,-0.0,0
4141,Pass,0,0,0,-0.0,0
4142,Pass,0,0,0,-0.0,0
4143,Pass,0,0,0,-0.0,0
4144,Pass,0,0,0,-0.0,0
4145,Pass,0,0,0,-0.0,0
4146,Pass,0,0,0,-0.0,0
4147,Pass,0,0,0,-0.0,0
4148,Pass,0,0,0,-0.0,0
4149,Pass,0,0,0,-0.0,0
4150,Pass,0,0,0,-0.0,0
4151,Pass,0,0,0,-0.0,0
4152,Pass,0,0,0,-0.0,0
4153,Pass,0,0,0,-0.0,0
4154,Pass,0,0,0,-0.0,0
4155,Pass,0,0,0,-0.0,0
4156,Pass,0,0,0,-0.0,0
4157,Pass,0,0,0,-0.0,0
4158,Pass,0,0,0,4.043960153105677,0
4159,Pass,0,0,0,-0.0,0
4160,Pass,0,0,0,-0.0,0
4161,Pass,0,0,0,-0.0,0
4162,Pass,0,0,0,-0.0,0
4163,Pass,0,0,0,-0.0,0
4164,Pass,0,0,0,-0.0,0
4165,Pass,0,0,0,-0.0,0
4166,Pass,0,0,0,-0.0,0
4167,Pass,0,0,0,1.9531329339608188,0
4168,Pass,0,0,0,12.035858397399457,0
4169,Pass,0,0,0,-0.0,0
4170,Pass,0,0,0,1.0311017030368872,0
4171,Pass,0,0,0,3.3971549118532534,0
4172,Pass,0,0,0,3.981062069869717,0
4173,Pass,0,0,0,1.7016244536678067,0
4174,Pass,0,0,0,10.568864708826794,0
4175,Pass,0,0,0,-0.0,0
4176,Pass,0,0,0,2.0060494913579827,0
4177,Pass,0,0,0,0.9979942281595214,0
4178,Pass,0,0,0,-0.0,0
4179,Pass,0,0,0,4.796180236687596,0
4180,Pass,0,0,0,-0.0,0
4181,Pass,0,0,0,3.554154293990065,0
4182,Pass,0,0,0,-0.0,0
4183,Pass,0,0,0,-0.0,0
4184,Pass,0,0,0,1.3415421236621954,0
4185,Pass,0,0,0,-0.0,0
4186,Pass,0,0,0,-0.0,0
4187,Pass,0,0,0,-0.0,0
4188,Pass,0,0,0,16.554552219877014,0
4189,Pass,0,0,0,23.025850929940454,0
4190,Pass,0,0,0,23.025850929940454,0
4191,Pass,0,0,0,23.025850929940454,0
4192,Pass,0,0,0,23.025850929940454,0
4193,Pass,0,0,0,23.025850929940454,0
4194,Pass,0,0,0,23.025850929940454,0
4195,Pass,0,0,0,23.025850929940454,0
4196,Pass,0,0,0,23.025850929940454,0
4197,Pass,0,0,0,23.025850929940454,0
4198,Pass,0,0,0,23.025850929940454,0
4199,Pass,0,0,0,23.025850929940454,0
4200,Pass,0,0,0,23.025850929940454,0
4201,Pass,0,0,0,23.025850929940454,0
4202,Pass,0,0,0,23.025850929940454,0
4203,Pass,0,0,0,23.025850929940454,0
4204,Pass,0,0,0,23.025850929940454,0
4205,Pass,0,0,0,23.025850929940454,0
4206,Pass,0,0,0,23.025850929940454,0
4207,Pass,0,0,0,23.025850929940454,0
4208,Pass,0,0,0,23.025850929940454,0
4209,Pass,0,0,0,23.025850929940454,0
4210,Pass,0,0,0,23.025850929940454,0
4211,Pass,0,0,0,23.025850929940454,0
4212,Pass,0,0,0,23.025850929940454,0
4213,Pass,0,0,0,23.025850929940454,0
4214,Pass,0,0,0,23.025850929940454,0
4215,Pass,0,0,0,23.025850929940454,0
4216,Pass,0,0,0,23.025850929940454,0
4217,Pass,0,0,0,23.025850929940454,0
4218,Pass,0,0,0,23.025850929940454,0
4219,Pass,0,0,0,23.025850929940454,0
4220,Pass,0,0,0,23.025850929940454,0
4221,Pass,0,0,0,23.025850929940454,0
4222,Pass,0,0,0,21.58317816958523,0
4223,Pass,0,0,0,13.725019728927133,0
4224,Pass,0,0,0,23.025850929940454,0
4225,Pass,0,0,0,1.9427596917625936,0
4226,Pass,0,0,0,0.3451205097390087,0
4227,Pass,0,0,0,-0.0,0
4228,Pass,0,0,0,-0.0,0
4229,Pass,0,0,0,-0.0,0
4230,Pass,0,0,0,-0.0,0
4231,Pass,0,0,0,23.025850929940454,0
4232,Pass,0,0,0,-0.0,0
4233,Pass,0,0,0,5.172613306700053,0
4234,Pass,0,0,0,7.53323967077192,0
4235,Pass,0,0,0,0.6178487363545546,0
4236,Pass,0,0,0,15.327571604454564,0
4237,Pass,0,0,0,-0.0,0
4238,Pass,0,0,0,-0.0,0
4239,Pass,0,0,0,0.5309784306940294,0
4240,Pass,0,0,0,23.025850929940454,0
4241,Pass,0,0,0,23.025850929940454,0
4242,Pass,0,0,0,6.156838388647318,0
4243,Pass,0,0,0,23.025850929940454,0
4244,Pass,0,0,0,23.025850929940454,0
4245,Pass,0,0,0,23.025850929940454,0
4246,Pass,0,0,0,7.5292866383429935,0
4247,Pass,0,0,0,3.971755886335224,0
4248,Pass,0,0,0,18.739535003888044,0
4249,Pass,0,0,0,22.88174574797143,0
4250,Pass,0,0,0,23.025850929940454,0
4251,Pass,0,0,0,23.025850929940454,0
4252,Pass,0,0,0,23.025850929940454,0
4253,Pass,0,0,0,23.025850929940454,0
4254,Pass,0,0,0,23.025850929940454,0
4255,Pass,0,0,0,16.716282520392472,0
4256,Pass,0,0,0,-0.0,0
4257,Pass,0,0,0,0.4676403835424022,0
4258,Pass,0,0,0,-0.0,0
4259,Pass,0,0,0,-0.0,0
4260,Pass,0,0,0,-0.0,0
4261,Pass,0,0,0,-0.0,0
4262,Pass,0,0,0,0.2143735589735193,0
4263,Pass,0,0,0,21.10240002012086,0
4264,Pass,0,0,0,-0.0,0
4265,Pass,0,0,0,-0.0,0
4266,Pass,0,0,0,-0.0,0
4267,Pass,0,0,0,-0.0,0
4268,Pass,0,0,0,-0.0,0
4269,Pass,0,0,0,12.744371718607214,0
4270,Pass,0,0,0,-0.0,0
4271,Pass,0,0,0,-0.0,0
4272,Pass,0,0,0,-0.0,0
4273,Pass,0,0,0,-0.0,0
4274,Pass,0,0,0,-0.0,0
4275,Pass,0,0,0,-0.0,0
4276,Pass,0,0,0,-0.0,0
4277,Pass,0,0,0,-0.0,0
4278,Pass,0,0,0,-0.0,0
4279,Pass,0,0,0,-0.0,0
4280,Pass,0,0,0,-0.0,0
4281,Pass,0,0,0,-0.0,0
4282,Pass,0,0,0,-0.0,0
4283,Pass,0,0,0,-0.0,0
4284,Pass,0,0,0,-0.0,0
4285,Pass,0,0,0,-0.0,0
4286,Pass,0,0,0,-0.0,0
4287,Pass,0,0,0,-0.0,0
4288,Pass,0,0,0,-0.0,0
4289,Pass,0,0,0,-0.0,0
4290,Pass,0,0,0,-0.0,0
4291,Pass,0,0,0,-0.0,0
4292,Pass,0,0,0,-0.0,0
4293,Pass,0,0,0,-0.0,0
4294,Pass,0,0,0,-0.0,0
4295,Pass,0,0,0,-0.0,0
4296,Pass,0,0,0,-0.0,0
4297,Pass,0,0,0,-0.0,0
4298,Pass,0,0,0,-0.0,0
4299,Pass,0,0,0,-0.0,0
4300,Pass,0,0,0,-0.0,0
4301,Pass,0,0,0,-0.0,0
4302,Pass,0,0,0,-0.0,0
4303,Pass,0,0,0,-0.0,0
4304,Pass,0,0,0,-0.0,0
4305,Pass,0,0,0,-0.0,0
4306,Pass,0,0,0,-0.0,0
4307,Pass,0,0,0,-0.0,0
4308,Pass,0,0,0,-0.0,0
4309,Pass,0,0,0,-0.0,0
4310,Pass,0,0,0,-0.0,0
4311,Pass,0,0,0,-0.0,0
4312,Pass,0,0,0,-0.0,0
4313,Pass,0,0,0,-0.0,0
4314,Pass,0,0,0,-0.0,0
4315,Pass,0,0,0,-0.0,0
4316,Pass,0,0,0,-0.0,0
4317,Pass,0,0,0,-0.0,0
4318,Pass,0,0,0,-0.0,0
4319,Pass,0,0,0,1.8107248347826,0
4320,Pass,0,0,0,-0.0,0
4321,Pass,0,0,0,-0.0,0
4322,Pass,0,0,0,5.083121059918763,0
4323,Pass,0,0,0,-0.0,0
4324,Pass,0,0,0,9.547551087767985,0
4325,Pass,0,0,0,13.833908859191453,0
4326,Pass,0,0,0,21.293234153150365,0
4327,Pass,0,0,0,23.025850929940454,0
4328,Pass,0,0,0,5.072099370299107,0
4329,Pass,0,0,0,23.025850929940454,0
4330,Pass,0,0,0,23.025850929940454,0
4331,Pass,0,0,0,23.025850929940454,0
4332,Pass,0,0,0,23.025850929940454,0
4333,Pass,0,0,0,23.025850929940454,0
4334,Pass,0,0,0,23.025850929940454,0
4335,Pass,0,0,0,23.025850929940454,0
4336,Pass,0,0,0,23.025850929940454,0
4337,Pass,0,0,0,23.025850929940454,0
4338,Pass,0,0,0,23.025850929940454,0
4339,Pass,0,0,0,13.484039201716186,0
4340,Pass,0,0,0,13.344059702199885,0
4341,Pass,0,0,0,14.775707706780755,0
4342,Pass,0,0,0,23.025850929940454,0
4343,Pass,0,0,0,23.025850929940454,0
4344,Pass,0,0,0,23.025850929940454,0
4345,Pass,0,0,0,23.025850929940454,0
4346,Pass,0,0,0,23.025850929940454,0
4347,Pass,0,0,0,23.025850929940454,0
4348,Pass,0,0,0,23.025850929940454,0
4349,Pass,0,0,0,23.025850929940454,0
4350,Pass,0,0,0,23.025850929940454,0
4351,Pass,0,0,0,23.025850929940454,0
4352,Pass,0,0,0,23.025850929940454,0
4353,Pass,0,0,0,23.025850929940454,0
4354,Pass,0,0,0,23.025850929940454,0
4355,Pass,0,0,0,23.025850929940454,0
4356,Pass,0,0,0,23.025850929940454,0
4357,Pass,0,0,0,23.025850929940454,0
4358,Pass,0,0,0,23.025850929940454,0
4359,Pass,0,0,0,23.025850929940454,0
4360,Pass,0,0,0,23.025850929940454,0
4361,Pass,0,0,0,9.514732321994343,0
4362,Pass,0,0,0,23.025850929940454,0
4363,Pass,0,0,0,23.025850929940454,0
4364,Pass,0,0,0,23.025850929940454,0
4365,Pass,0,0,0,23.025850929940454,0
4366,Pass,0,0,0,23.025850929940454,0
4367,Pass,0,0,0,23.025850929940454,0
4368,Pass,0,0,0,23.025850929940454,0
4369,Pass,0,0,0,23.025850929940454,0
4370,Pass,0,0,0,23.025850929940454,0
4371,Pass,0,0,0,23.025850929940454,0
4372,Pass,0,0,0,23.025850929940454,0
4373,Pass,0,0,0,23.025850929940454,0
4374,Pass,0,0,0,23.025850929940454,0
4375,Pass,0,0,0,23.025850929940454,0
4376,Pass,0,0,0,23.025850929940454,0
4377,Pass,0,0,0,23.025850929940454,0
4378,Pass,0,0,0,23.025850929940454,0
4379,Pass,0,0,0,23.025850929940454,0
4380,Pass,0,0,0,23.025850929940454,0
4381,Pass,0,0,0,23.025850929940454,0
4382,Pass,0,0,0,23.025850929940454,0
4383,Pass,0,0,0,18.665367656206648,0
4384,Pass,0,0,0,23.025850929940454,0
4385,Pass,0,0,0,23.013554467860683,0
4386,Pass,0,0,0,23.025850929940454,0
4387,Pass,0,0,0,23.025850929940454,0
4388,Pass,0,0,0,23.025850929940454,0
4389,Pass,0,0,0,23.025850929940454,0
4390,Pass,0,0,0,23.025850929940454,0
4391,Pass,0,0,0,23.025850929940454,0
4392,Pass,0,0,0,23.025850929940454,0
4393,Pass,0,0,0,23.025850929940454,0
4394,Pass,0,0,0,23.025850929940454,0
4395,Pass,0,0,0,23.025850929940454,0
4396,Pass,0,0,0,23.025850929940454,0
4397,Pass,0,0,0,23.025850929940454,0
4398,Pass,0,0,0,23.025850929940454,0
4399,Pass,0,0,0,23.025850929940454,0
4400,Pass,0,0,0,23.025850929940454,0
4401,Pass,0,0,0,23.025850929940454,0
4402,Pass,0,0,0,23.025850929940454,0
4403,Pass,0,0,0,23.025850929940454,0
4404,Pass,0,0,0,23.025850929940454,0
4405,Pass,0,0,0,23.025850929940454,0
4406,Pass,0,0,0,23.025850929940454,0
4407,Pass,0,0,0,17.938083930652244,0
4408,Pass,0,0,0,-0.0,0
4409,Pass,0,0,0,3.0173159919453076,0
4410,Pass,0,0,0,8.598784203262168,0
4411,Pass,0,0,0,-0.0,0
4412,Pass,0,0,0,1.9980582266790918,0
4413,Pass,0,0,0,-0.0,0
4414,Pass,0,0,0,-0.0,0
4415,Pass,0,0,0,13.961063170187131,0
4416,Pass,0,0,0,-0.0,0
4417,Pass,0,0,0,-0.0,0
4418,Pass,0,0,0,-0.0,0
4419,Pass,0,0,0,-0.0,0
4420,Pass,0,0,0,-0.0,0
4421,Pass,0,0,0,-0.0,0
4422,Pass,0,0,0,-0.0,0
4423,Pass,0,0,0,-0.0,0
4424,Pass,0,0,0,-0.0,0
4425,Pass,0,0,0,-0.0,0
4426,Pass,0,0,0,-0.0,0
4427,Pass,0,0,0,0.3869206459118801,0
4428,Pass,0,0,0,-0.0,0
4429,Pass,0,0,0,-0.0,0
4430,Pass,0,0,0,-0.0,0
4431,Pass,0,0,0,-0.0,0
4432,Pass,0,0,0,-0.0,0
4433,Pass,0,0,0,-0.0,0
4434,Pass,0,0,0,7.17191579943803,0
4435,Pass,0,0,0,-0.0,0
4436,Pass,0,0,0,-0.0,0
4437,Pass,0,0,0,-0.0,0
4438,Pass,0,0,0,6.149578117939061,0
4439,Pass,0,0,0,2.374737765527131,0
4440,Pass,0,0,0,-0.0,0
4441,Pass,0,0,0,-0.0,0
4442,Pass,0,0,0,-0.0,0
4443,Pass,0,0,0,-0.0,0
4444,Pass,0,0,0,-0.0,0
4445,Pass,0,0,0,-0.0,0
4446,Pass,0,0,0,-0.0,0
4447,Pass,0,0,0,-0.0,0
4448,Pass,0,0,0,-0.0,0
4449,Pass,0,0,0,-0.0,0
4450,Pass,0,0,0,18.83865639132144,0
4451,Pass,0,0,0,-0.0,0
4452,Pass,0,0,0,8.786248989547158,0
4453,Pass,0,0,0,23.025850929940454,0
4454,Pass,0,0,0,23.025850929940454,0
4455,Pass,0,0,0,23.025850929940454,0
4456,Pass,0,0,0,5.512255005849815,0
4457,Pass,0,0,0,-0.0,0
4458,Pass,0,0,0,17.633654928255737,0
4459,Pass,0,0,0,23.025850929940454,0
4460,Pass,0,0,0,23.025850929940454,0
4461,Pass,0,0,0,4.141242638275348,0
4462,Pass,0,0,0,23.025850929940454,0
4463,Pass,0,0,0,23.025850929940454,0
4464,Pass,0,0,0,23.025850929940454,0
4465,Pass,0,0,0,23.025850929940454,0
4466,Pass,0,0,0,23.025850929940454,0
4467,Pass,0,0,0,23.025850929940454,0
4468,Pass,0,0,0,23.025850929940454,0
4469,Pass,0,0,0,23.025850929940454,0
4470,Pass,0,0,0,-0.0,0
4471,Pass,0,0,0,-0.0,0
4472,Pass,0,0,0,5.526507888629675,0
4473,Pass,0,0,0,-0.0,0
4474,Pass,0,0,0,5.571920961165964,0
4475,Pass,0,0,0,23.025850929940454,0
4476,Pass,0,0,0,-0.0,0
4477,Pass,0,0,0,-0.0,0
4478,Pass,0,0,0,-0.0,0
4479,Pass,0,0,0,-0.0,0
4480,Pass,0,0,0,-0.0,0
4481,Pass,0,0,0,-0.0,0
4482,Pass,0,0,0,-0.0,0
4483,Pass,0,0,0,0.5970535783888975,0
4484,Pass,0,0,0,13.851630573848231,0
4485,Pass,0,0,0,12.321969303700168,0
4486,Pass,0,0,0,-0.0,0
4487,Pass,0,0,0,3.131284795070464,0
4488,Pass,0,0,0,23.025850929940454,0
4489,Pass,0,0,0,23.025850929940454,0
4490,Pass,0,0,0,3.516599800659969,0
4491,Pass,0,0,0,2.5083364220454976,0
4492,Pass,0,0,0,23.025850929940454,0
4493,Pass,0,0,0,23.025850929940454,0
4494,Pass,0,0,0,23.025850929940454,0
4495,Pass,0,0,0,14.406494343254746,0
4496,Pass,0,0,0,-0.0,0
4497,Pass,0,0,0,1.4640354437904306,0
4498,Pass,0,0,0,6.193956910975944,0
4499,Pass,0,0,0,20.0120970458199,0
4500,Pass,0,0,0,23.025850929940454,0
4501,Pass,0,0,0,23.025850929940454,0
4502,Pass,0,0,0,23.025850929940454,0
4503,Pass,0,0,0,23.025850929940454,0
4504,Pass,0,0,0,5.307679516004934,0
4505,Pass,0,0,0,19.892777292406542,0
4506,Pass,0,0,0,23.025850929940454,0
4507,Pass,0,0,0,23.025850929940454,0
4508,Pass,0,0,0,23.025850929940454,0
4509,Pass,0,0,0,23.025850929940454,0
4510,Pass,0,0,0,23.025850929940454,0
4511,Pass,0,0,0,23.025850929940454,0
4512,Pass,0,0,0,23.025850929940454,0
4513,Pass,0,0,0,23.025850929940454,0
4514,Pass,0,0,0,23.025850929940454,0
4515,Pass,0,0,0,23.025850929940454,0
4516,Pass,0,0,0,23.025850929940454,0
4517,Pass,0,0,0,23.025850929940454,0
4518,Pass,0,0,0,23.025850929940454,0
4519,Pass,0,0,0,23.025850929940454,0
4520,Pass,0,0,0,23.025850929940454,0
4521,Pass,0,0,0,23.025850929940454,0
4522,Pass,0,0,0,1.0152139747239164,0
4523,Pass,0,0,0,-0.0,0
4524,Pass,0,0,0,-0.0,0
4525,Pass,0,0,0,-0.0,0
4526,Pass,0,0,0,-0.0,0
4527,Pass,0,0,0,-0.0,0
4528,Pass,0,0,0,23.025850929940454,0
4529,Pass,0,0,0,10.278372793555212,0
4530,Pass,0,0,0,4.556200361569542,0
4531,Pass,0,0,0,5.8943493311094715,0
4532,Pass,0,0,0,23.025850929940454,0
4533,Pass,0,0,0,1.6136691122125475,0
4534,Pass,0,0,0,-0.0,0
4535,Pass,0,0,0,4.003508252050495,0
4536,Pass,0,0,0,16.55289483666044,0
4537,Pass,0,0,0,-0.0,0
4538,Pass,0,0,0,-0.0,0
4539,Pass,0,0,0,23.025850929940454,0
4540,Pass,0,0,0,7.674645670479622,0
4541,Pass,0,0,0,-0.0,0
4542,Pass,0,0,0,-0.0,0
4543,Pass,0,0,0,-0.0,0
4544,Pass,0,0,0,-0.0,0
4545,Pass,0,0,0,4.198154929969427,0
4546,Pass,0,0,0,17.965982763478692,0
4547,Pass,0,0,0,18.183648597308174,0
4548,Pass,0,0,0,23.025850929940454,0
4549,Pass,0,0,0,23.025850929940454,0
4550,Pass,0,0,0,23.025850929940454,0
4551,Pass,0,0,0,23.025850929940454,0
4552,Pass,0,0,0,7.8277840799258005,0
4553,Pass,0,0,0,21.17604969702336,0
4554,Pass,0,0,0,23.025850929940454,0
4555,Pass,0,0,0,23.025850929940454,0
4556,Pass,0,0,0,23.025850929940454,0
4557,Pass,0,0,0,23.025850929940454,0
4558,Pass,0,0,0,23.025850929940454,0
4559,Pass,0,0,0,23.025850929940454,0
4560,Pass,0,0,0,23.025850929940454,0
4561,Pass,0,0,0,23.025850929940454,0
4562,Pass,0,0,0,23.025850929940454,0
4563,Pass,0,0,0,23.025850929940454,0
4564,Pass,0,0,0,15.661041943590686,0
4565,Pass,0,0,0,23.025850929940454,0
4566,Pass,0,0,0,23.025850929940454,0
4567,Pass,0,0,0,22.199487647554363,0
4568,Pass,0,0,0,-0.0,0
4569,Pass,0,0,0,-0.0,0
4570,Pass,0,0,0,-0.0,0
4571,Pass,0,0,0,7.73281790685975,0
4572,Pass,0,0,0,10.235822640188973,0
4573,Pass,0,0,0,11.650611242586558,0
4574,Pass,0,0,0,-0.0,0
4575,Pass,0,0,0,-0.0,0
4576,Pass,0,0,0,-0.0,0
4577,Pass,0,0,0,2.1808474330050753,0
4578,Pass,0,0,0,6.825174471118787,0
4579,Pass,0,0,0,7.415333906000827,0
4580,Pass,0,0,0,-0.0,0
4581,Pass,0,0,0,-0.0,0
4582,Pass,0,0,0,-0.0,0
4583,Pass,0,0,0,-0.0,0
4584,Pass,0,0,0,6.6507966100394595,0
4585,Pass,0,0,0,4.42372037114404,0
4586,Pass,0,0,0,-0.0,0
4587,Pass,0,0,0,-0.0,0
4588,Pass,0,0,0,-0.0,0
4589,Pass,0,0,0,12.016879408536363,0
4590,Pass,0,0,0,11.7673748026236,0
4591,Pass,0,0,0,15.925341139609163,0
4592,Pass,0,0,0,2.7185490578417792,0
4593,Pass,0,0,0,-0.0,0
4594,Pass,0,0,0,10.288032018612274,0
4595,Pass,0,0,0,21.03914013658793,0
4596,Pass,0,0,0,2.1127358052538785,0
4597,Pass,0,0,0,7.034417152869845,0
4598,Pass,0,0,0,18.520892616694955,0
4599,Pass,0,0,0,20.31541021281654,0
4600,Pass,0,0,0,1.3152508759599162,0
4601,Pass,0,0,0,4.793638649161506,0
4602,Pass,0,0,0,4.767510485741616,0
4603,Pass,0,0,0,-0.0,0
4604,Pass,0,0,0,14.98490841435476,0
4605,Pass,0,0,0,23.025850929940454,0
4606,Pass,0,0,0,13.157336434741278,0
4607,Pass,0,0,0,16.395389956391313,0
4608,Pass,0,0,0,7.685723731652757,0
4609,Pass,0,0,0,6.797290407019996,0
4610,Pass,0,0,0,13.69884023898542,0
4611,Pass,0,0,0,-0.0,0
4612,Pass,0,0,0,-0.0,0
4613,Pass,0,0,0,-0.0,0
4614,Pass,0,0,0,9.996599197505589,0
4615,Pass,0,0,0,-0.0,0
4616,Pass,0,0,0,22.8284272559943,0
4617,Pass,0,0,0,18.48310979050309,0
4618,Pass,0,0,0,18.078996686910227,0
4619,Pass,0,0,0,0.9814411542584419,0
4620,Pass,0,0,0,23.025850929940454,0
4621,Pass,0,0,0,23.025850929940454,0
4622,Pass,0,0,0,17.69253221819048,0
4623,Pass,0,0,0,4.352627065466743,0
4624,Pass,0,0,0,-0.0,0
4625,Pass,0,0,0,3.052619321602235,0
4626,Pass,0,0,0,1.266806545888643,0
4627,Pass,0,0,0,-0.0,0
4628,Pass,0,0,0,6.608585223306273,0
4629,Pass,0,0,0,1.609505866543212,0
4630,Pass,0,0,0,19.392500031002974,0
4631,Pass,0,0,0,23.025850929940454,0
4632,Pass,0,0,0,23.025850929940454,0
4633,Pass,0,0,0,23.025850929940454,0
4634,Pass,0,0,0,23.025850929940454,0
4635,Pass,0,0,0,-0.0,0
4636,Pass,0,0,0,-0.0,0
4637,Pass,0,0,0,-0.0,0
4638,Pass,0,0,0,-0.0,0
4639,Pass,0,0,0,-0.0,0
4640,Pass,0,0,0,-0.0,0
4641,Pass,0,0,0,-0.0,0
4642,Pass,0,0,0,-0.0,0
4643,Pass,0,0,0,-0.0,0
4644,Pass,0,0,0,-0.0,0
4645,Pass,0,0,0,-0.0,0
4646,Pass,0,0,0,-0.0,0
4647,Pass,0,0,0,-0.0,0
4648,Pass,0,0,0,-0.0,0
4649,Pass,0,0,0,-0.0,0
4650,Pass,0,0,0,-0.0,0
4651,Pass,0,0,0,-0.0,0
4652,Pass,0,0,0,5.556503959837777,0
4653,Pass,0,0,0,1.7281967076452873,0
4654,Pass,0,0,0,-0.0,0
4655,Pass,0,0,0,-0.0,0
4656,Pass,0,0,0,-0.0,0
4657,Pass,0,0,0,-0.0,0
4658,Pass,0,0,0,-0.0,0
4659,Pass,0,0,0,11.790327074269149,0
4660,Pass,0,0,0,10.562509052277521,0
4661,Pass,0,0,0,5.338285813351285,0
4662,Pass,0,0,0,19.419217582804773,0
4663,Pass,0,0,0,23.025850929940454,0
4664,Pass,0,0,0,13.92480874746171,0
4665,Pass,0,0,0,-0.0,0
4666,Pass,0,0,0,-0.0,0
4667,Pass,0,0,0,5.757786862302918,0
4668,Pass,0,0,0,4.514517376538297,0
4669,Pass,0,0,0,-0.0,0
4670,Pass,0,0,0,-0.0,0
4671,Pass,0,0,0,-0.0,0
4672,Pass,0,0,0,-0.0,0
4673,Pass,0,0,0,-0.0,0
4674,Pass,0,0,0,-0.0,0
4675,Pass,0,0,0,-0.0,0
4676,Pass,0,0,0,-0.0,0
4677,Pass,0,0,0,-0.0,0
4678,Pass,0,0,0,-0.0,0
4679,Pass,0,0,0,-0.0,0
4680,Pass,0,0,0,4.249791761037209,0
4681,Pass,0,0,0,-0.0,0
4682,Pass,0,0,0,-0.0,0
4683,Pass,0,0,0,0.6859804659912887,0
4684,Pass,0,0,0,-0.0,0
4685,Pass,0,0,0,-0.0,0
4686,Pass,0,0,0,-0.0,0
4687,Pass,0,0,0,-0.0,0
4688,Pass,0,0,0,-0.0,0
4689,Pass,0,0,0,-0.0,0
4690,Pass,0,0,0,-0.0,0
4691,Pass,0,0,0,-0.0,0
4692,Pass,0,0,0,-0.0,0
4693,Pass,0,0,0,-0.0,0
4694,Pass,0,0,0,-0.0,0
4695,Pass,0,0,0,-0.0,0
4696,Pass,0,0,0,-0.0,0
4697,Pass,0,0,0,-0.0,0
4698,Pass,0,0,0,-0.0,0
4699,Pass,0,0,0,-0.0,0
4700,Pass,0,0,0,-0.0,0
4701,Pass,0,0,0,-0.0,0
4702,Pass,0,0,0,-0.0,0
4703,Pass,0,0,0,-0.0,0
4704,Pass,0,0,0,1.93746765671915,0
4705,Pass,0,0,0,1.1365659103277403,0
4706,Pass,0,0,0,9.226816019399909,0
4707,Pass,0,0,0,-0.0,0
4708,Pass,0,0,0,15.895841029703945,0
4709,Pass,0,0,0,-0.0,0
4710,Pass,0,0,0,-0.0,0
4711,Pass,0,0,0,-0.0,0
4712,Pass,0,0,0,-0.0,0
4713,Pass,0,0,0,-0.0,0
4714,Pass,0,0,0,-0.0,0
4715,Pass,0,0,0,1.5058836415062162,0
4716,Pass,0,0,0,-0.0,0
4717,Pass,0,0,0,-0.0,0
4718,Pass,0,0,0,-0.0,0
4719,Pass,0,0,0,-0.0,0
4720,Pass,0,0,0,-0.0,0
4721,Pass,0,0,0,-0.0,0
4722,Pass,0,0,0,1.7297662169166477,0
4723,Pass,0,0,0,12.17513351247903,0
4724,Pass,0,0,0,3.8055762426743045,0
4725,Pass,0,0,0,-0.0,0
4726,Pass,0,0,0,-0.0,0
4727,Pass,0,0,0,-0.0,0
4728,Pass,0,0,0,-0.0,0
4729,Pass,0,0,0,-0.0,0
4730,Pass,0,0,0,-0.0,0
4731,Pass,0,0,0,12.729419061331134,0
4732,Pass,0,0,0,14.042775802809151,0
4733,Pass,0,0,0,-0.0,0
4734,Pass,0,0,0,-0.0,0
4735,Pass,0,0,0,1.4357429169444853,0
4736,Pass,0,0,0,1.2918423032539774,0
4737,Pass,0,0,0,1.6023233973076123,0
4738,Pass,0,0,0,3.8438496144297,0
4739,Pass,0,0,0,-0.0,0
4740,Pass,0,0,0,7.132001145173306,0
4741,Pass,0,0,0,2.5324185847016243,0
4742,Pass,0,0,0,7.258866385909864,0
4743,Pass,0,0,0,3.213106314579721,0
4744,Pass,0,0,0,21.516075464531383,0
4745,Pass,0,0,0,23.025850929940454,0
4746,Pass,0,0,0,23.025850929940454,0
4747,Pass,0,0,0,-0.0,0
4748,Pass,0,0,0,-0.0,0
4749,Pass,0,0,0,-0.0,0
4750,Pass,0,0,0,-0.0,0
4751,Pass,0,0,0,-0.0,0
4752,Pass,0,0,0,-0.0,0
4753,Pass,0,0,0,-0.0,0
4754,Pass,0,0,0,-0.0,0
4755,Pass,0,0,0,0.5243235512129908,0
4756,Pass,0,0,0,-0.0,0
4757,Pass,0,0,0,-0.0,0
4758,Pass,0,0,0,-0.0,0
4759,Pass,0,0,0,2.2505175597134004,0
4760,Pass,0,0,0,2.8442091454019542,0
4761,Pass,0,0,0,-0.0,0
4762,Pass,0,0,0,-0.0,0
4763,Pass,0,0,0,-0.0,0
4764,Pass,0,0,0,-0.0,0
4765,Pass,0,0,0,-0.0,0
4766,Pass,0,0,0,-0.0,0
4767,Pass,0,0,0,-0.0,0
4768,Pass,0,0,0,-0.0,0
4769,Pass,0,0,0,-0.0,0
4770,Pass,0,0,0,5.5473602544352305,0
4771,Pass,0,0,0,-0.0,0
4772,Pass,0,0,0,-0.0,0
4773,Pass,0,0,0,-0.0,0
4774,Pass,0,0,0,-0.0,0
4775,Pass,0,0,0,2.6755447499623863,0
4776,Pass,0,0,0,2.1227926644549426,0
4777,Pass,0,0,0,5.539289712505195,0
4778,Pass,0,0,0,2.9742520433631285,0
4779,Pass,0,0,0,-0.0,0
4780,Pass,0,0,0,1.2314105392745625,0
4781,Pass,0,0,0,7.095930072466778,0
4782,Pass,0,0,0,5.181068516544804,0
4783,Pass,0,0,0,-0.0,0
4784,Pass,0,0,0,-0.0,0
4785,Pass,0,0,0,-0.0,0
4786,Pass,0,0,0,11.761028813656127,0
4787,Pass,0,0,0,10.923784975162377,0
4788,Pass,0,0,0,8.193000479791305,0
4789,Pass,0,0,0,23.025850929940454,0
4790,Pass,0,0,0,2.3523519892257574,0
4791,Pass,0,0,0,12.603212258723348,0
4792,Pass,0,0,0,13.552487710428858,0
4793,Pass,0,0,0,18.469842462278752,0
4794,Pass,0,0,0,-0.0,0
4795,Pass,0,0,0,-0.0,0
4796,Pass,0,0,0,-0.0,0
4797,Pass,0,0,0,-0.0,0
4798,Pass,0,0,0,1.7536491264228085,0
4799,Pass,0,0,0,2.223056261801421,0
4800,Pass,0,0,0,4.3520931761608335,0
4801,Pass,0,0,0,8.812051335556177,0
4802,Pass,0,0,0,11.953652019571201,0
4803,Pass,0,0,0,7.1335115861612275,0
4804,Pass,0,0,0,11.170213026670794,0
4805,Pass,0,0,0,9.393962044320945,0
4806,Pass,0,0,0,9.047114174768783,0
4807,Pass,0,0,0,10.24682188271356,0
4808,Pass,0,0,0,15.886677237041184,0
4809,Pass,0,0,0,17.095996298695805,0
4810,Pass,0,0,0,17.4982373912247,0
4811,Pass,0,0,0,15.875350373511157,0
4812,Pass,0,0,0,7.182910287530429,0
4813,Pass,0,0,0,7.17020078083117,0
4814,Pass,0,0,0,8.093291731482758,0
4815,Pass,0,0,0,9.96550326691801,0
4816,Pass,0,0,0,6.2822493504466985,0
4817,Pass,0,0,0,9.60742483090608,0
4818,Pass,0,0,0,18.478727413196726,0
4819,Pass,0,0,0,11.77689927905721,0
4820,Pass,0,0,0,9.891502499157232,0
4821,Pass,0,0,0,8.839424654489118,0
4822,Pass,0,0,0,10.377244232154016,0
4823,Pass,0,0,0,9.320325014790884,0
4824,Pass,0,0,0,14.839683433827698,0
4825,Pass,0,0,0,19.8468005723264,0
4826,Pass,0,0,0,14.869204244027387,0
4827,Pass,0,0,0,21.80119707619857,0
4828,Pass,0,0,0,20.535959230844895,0
4829,Pass,0,0,0,23.025850929940454,0
4830,Pass,0,0,0,23.025850929940454,0
4831,Pass,0,0,0,23.025850929940454,0
4832,Pass,0,0,0,23.025850929940454,0
4833,Pass,0,0,0,23.025850929940454,0
4834,Pass,0,0,0,10.389883321154484,0
4835,Pass,0,0,0,21.23360329616501,0
4836,Pass,0,0,0,20.170232909725968,0
4837,Pass,0,0,0,22.385133239020856,0
4838,Pass,0,0,0,23.025850929940454,0
4839,Pass,0,0,0,23.025850929940454,0
4840,Pass,0,0,0,23.025850929940454,0
4841,Pass,0,0,0,23.025850929940454,0
4842,Pass,0,0,0,23.025850929940454,0
4843,Pass,0,0,0,23.025850929940454,0
4844,Pass,0,0,0,23.025850929940454,0
4845,Pass,0,0,0,16.41843148883689,0
4846,Pass,0,0,0,8.262624202746066,0
4847,Pass,0,0,0,8.662819314869285,0
4848,Pass,0,0,0,23.025850929940454,0
4849,Pass,0,0,0,23.025850929940454,0
4850,Pass,0,0,0,23.025850929940454,0
4851,Pass,0,0,0,23.025850929940454,0
4852,Pass,0,0,0,23.025850929940454,0
4853,Pass,0,0,0,18.268609922593228,0
4854,Pass,0,0,0,17.668520484324468,0
4855,Pass,0,0,0,3.8823210024456127,0
4856,Pass,0,0,0,-0.0,0
4857,Pass,0,0,0,23.025850929940454,0
4858,Pass,0,0,0,8.666693385562674,0
4859,Pass,0,0,0,4.780343674884596,0
4860,Pass,0,0,0,4.221488124343575,0
4861,Pass,0,0,0,1.1355001404735643,0
4862,Pass,0,0,0,4.462951990561931,0
4863,Pass,0,0,0,-0.0,0
4864,Pass,0,0,0,0.7271932792007295,0
4865,Pass,0,0,0,-0.0,0
4866,Pass,0,0,0,-0.0,0
4867,Pass,0,0,0,-0.0,0
4868,Pass,0,0,0,-0.0,0
4869,Pass,0,0,0,-0.0,0
4870,Pass,0,0,0,-0.0,0
4871,Pass,0,0,0,-0.0,0
4872,Pass,0,0,0,-0.0,0
4873,Pass,0,0,0,-0.0,0
4874,Pass,0,0,0,-0.0,0
4875,Pass,0,0,0,-0.0,0
4876,Pass,0,0,0,-0.0,0
4877,Pass,0,0,0,-0.0,0
4878,Pass,0,0,0,-0.0,0
4879,Pass,0,0,0,-0.0,0
4880,Pass,0,0,0,-0.0,0
4881,Pass,0,0,0,-0.0,0
4882,Pass,0,0,0,-0.0,0
4883,Pass,0,0,0,-0.0,0
4884,Pass,0,0,0,-0.0,0
4885,Pass,0,0,0,-0.0,0
4886,Pass,0,0,0,-0.0,0
4887,Pass,0,0,0,-0.0,0
4888,Pass,0,0,0,-0.0,0
4889,Pass,0,0,0,-0.0,0
4890,Pass,0,0,0,-0.0,0
4891,Pass,0,0,0,-0.0,0
4892,Pass,0,0,0,-0.0,0
4893,Pass,0,0,0,-0.0,0
4894,Pass,0,0,0,-0.0,0
4895,Pass,0,0,0,-0.0,0
4896,Pass,0,0,0,-0.0,0
4897,Pass,0,0,0,-0.0,0
4898,Pass,0,0,0,-0.0,0
4899,Pass,0,0,0,-0.0,0
4900,Pass,0,0,0,-0.0,0
4901,Pass,0,0,0,-0.0,0
4902,Pass,0,0,0,-0.0,0
4903,Pass,0,0,0,-0.0,0
4904,Pass,0,0,0,-0.0,0
4905,Pass,0,0,0,-0.0,0
4906,Pass,0,0,0,-0.0,0
4907,Pass,0,0,0,-0.0,0
4908,Pass,0,0,0,-0.0,0
4909,Pass,0,0,0,-0.0,0
4910,Pass,0,0,0,-0.0,0
4911,Pass,0,0,0,-0.0,0
4912,Pass,0,0,0,-0.0,0
4913,Pass,0,0,0,-0.0,0
4914,Pass,0,0,0,-0.0,0
4915,Pass,0,0,0,-0.0,0
4916,Pass,0,0,0,-0.0,0
4917,Pass,0,0,0,-0.0,0
4918,Pass,0,0,0,-0.0,0
4919,Pass,0,0,0,-0.0,0
4920,Pass,0,0,0,-0.0,0
4921,Pass,0,0,0,-0.0,0
4922,Pass,0,0,0,-0.0,0
4923,Pass,0,0,0,-0.0,0
4924,Pass,0,0,0,-0.0,0
4925,Pass,0,0,0,-0.0,0
4926,Pass,0,0,0,-0.0,0
4927,Pass,0,0,0,-0.0,0
4928,Pass,0,0,0,-0.0,0
4929,Pass,0,0,0,-0.0,0
4930,Pass,0,0,0,-0.0,0
4931,Pass,0,0,0,-0.0,0
4932,Pass,0,0,0,-0.0,0
4933,Pass,0,0,0,-0.0,0
4934,Pass,0,0,0,-0.0,0
4935,Pass,0,0,0,-0.0,0
4936,Pass,0,0,0,-0.0,0
4937,Pass,0,0,0,-0.0,0
4938,Pass,0,0,0,-0.0,0
4939,Pass,0,0,0,-0.0,0
4940,Pass,0,0,0,-0.0,0
4941,Pass,0,0,0,-0.0,0
4942,Pass,0,0,0,-0.0,0
4943,Pass,0,0,0,-0.0,0
4944,Pass,0,0,0,-0.0,0
4945,Pass,0,0,0,-0.0,0
4946,Pass,0,0,0,-0.0,0
4947,Pass,0,0,0,-0.0,0
4948,Pass,0,0,0,-0.0,0
4949,Pass,0,0,0,-0.0,0
4950,Pass,0,0,0,-0.0,0
4951,Pass,0,0,0,-0.0,0
4952,Pass,0,0,0,-0.0,0
4953,Pass,0,0,0,-0.0,0
4954,Pass,0,0,0,-0.0,0
4955,Pass,0,0,0,-0.0,0
4956,Pass,0,0,0,-0.0,0
4957,Pass,0,0,0,-0.0,0
4958,Pass,0,0,0,-0.0,0
4959,Pass,0,0,0,-0.0,0
4960,Pass,0,0,0,0.3423170694422611,0
4961,Pass,0,0,0,-0.0,0
4962,Pass,0,0,0,-0.0,0
4963,Pass,0,0,0,-0.0,0
4964,Pass,0,0,0,-0.0,0
4965,Pass,0,0,0,-0.0,0
4966,Pass,0,0,0,-0.0,0
4967,Pass,0,0,0,-0.0,0
4968,Pass,0,0,0,-0.0,0
4969,Pass,0,0,0,-0.0,0
4970,Pass,0,0,0,-0.0,0
4971,Pass,0,0,0,-0.0,0
4972,Pass,0,0,0,-0.0,0
4973,Pass,0,0,0,-0.0,0
4974,Pass,0,0,0,-0.0,0
4975,Pass,0,0,0,-0.0,0
4976,Pass,0,0,0,-0.0,0
4977,Pass,0,0,0,-0.0,0
4978,Pass,0,0,0,-0.0,0
4979,Pass,0,0,0,-0.0,0
4980,Pass,0,0,0,-0.0,0
4981,Pass,0,0,0,-0.0,0
4982,Pass,0,0,0,-0.0,0
4983,Pass,0,0,0,-0.0,0
4984,Pass,0,0,0,-0.0,0
4985,Pass,0,0,0,-0.0,0
4986,Pass,0,0,0,0.9581076886391345,0
4987,Pass,0,0,0,2.633325407078035,0
4988,Pass,0,0,0,4.331874192173414,0
4989,Pass,0,0,0,0.5496607425938523,0
4990,Pass,0,0,0,-0.0,0
4991,Pass,0,0,0,-0.0,0
4992,Pass,0,0,0,-0.0,0
4993,Pass,0,0,0,-0.0,0
4994,Pass,0,0,0,-0.0,0
4995,Pass,0,0,0,10.132081306645105,0
4996,Pass,0,0,0,10.535758840213939,0
4997,Pass,0,0,0,-0.0,0
4998,Pass,0,0,0,1.3802577037280406,0
4999,Pass,0,0,0,1.3468471284178567,0
5000,Pass,0,0,0,-0.0,0
5001,Pass,0,0,0,-0.0,0
5002,Pass,0,0,0,-0.0,0
5003,Pass,0,0,0,-0.0,0
5004,Pass,0,0,0,-0.0,0
5005,Pass,0,0,0,-0.0,0
5006,Pass,0,0,0,-0.0,0
5007,Pass,0,0,0,-0.0,0
5008,Pass,0,0,0,-0.0,0
5009,Pass,0,0,0,-0.0,0
5010,Pass,0,0,0,-0.0,0
5011,Pass,0,0,0,-0.0,0
5012,Pass,0,0,0,-0.0,0
5013,Pass,0,0,0,1.6017593598112039,0
5014,Pass,0,0,0,-0.0,0
5015,Pass,0,0,0,-0.0,0
5016,Pass,0,0,0,-0.0,0
5017,Pass,0,0,0,-0.0,0
5018,Pass,0,0,0,-0.0,0
5019,Pass,0,0,0,-0.0,0
5020,Pass,0,0,0,-0.0,0
5021,Pass,0,0,0,-0.0,0
5022,Pass,0,0,0,-0.0,0
5023,Pass,0,0,0,-0.0,0
5024,Pass,0,0,0,-0.0,0
5025,Pass,0,0,0,-0.0,0
5026,Pass,0,0,0,9.0364335134003,0
5027,Pass,0,0,0,11.099461313570643,0
5028,Pass,0,0,0,9.015447532387759,0
5029,Pass,0,0,0,10.068859827258208,0
5030,Pass,0,0,0,-0.0,0
5031,Pass,0,0,0,-0.0,0
5032,Pass,0,0,0,-0.0,0
5033,Pass,0,0,0,-0.0,0
5034,Pass,0,0,0,-0.0,0
5035,Pass,0,0,0,-0.0,0
5036,Pass,0,0,0,-0.0,0
5037,Pass,0,0,0,-0.0,0
5038,Pass,0,0,0,-0.0,0
5039,Pass,0,0,0,-0.0,0
5040,Pass,0,0,0,-0.0,0
5041,Pass,0,0,0,-0.0,0
5042,Pass,0,0,0,-0.0,0
5043,Pass,0,0,0,-0.0,0
5044,Pass,0,0,0,-0.0,0
5045,Pass,0,0,0,-0.0,0
5046,Pass,0,0,0,-0.0,0
5047,Pass,0,0,0,-0.0,0
5048,Pass,0,0,0,-0.0,0
5049,Pass,0,0,0,-0.0,0
5050,Pass,0,0,0,-0.0,0
5051,Pass,0,0,0,-0.0,0
5052,Pass,0,0,0,-0.0,0
5053,Pass,0,0,0,-0.0,0
5054,Pass,0,0,0,-0.0,0
5055,Pass,0,0,0,-0.0,0
5056,Pass,0,0,0,-0.0,0
5057,Pass,0,0,0,-0.0,0
5058,Pass,0,0,0,-0.0,0
5059,Pass,0,0,0,-0.0,0
5060,Pass,0,0,0,-0.0,0
5061,Pass,0,0,0,-0.0,0
5062,Pass,0,0,0,-0.0,0
5063,Pass,0,0,0,-0.0,0
5064,Pass,0,0,0,-0.0,0
5065,Pass,0,0,0,-0.0,0
5066,Pass,0,0,0,-0.0,0
5067,Pass,0,0,0,-0.0,0
5068,Pass,0,0,0,-0.0,0
5069,Pass,0,0,0,-0.0,0
5070,Pass,0,0,0,-0.0,0
5071,Pass,0,0,0,-0.0,0
5072,Pass,0,0,0,4.888498629092902,0
5073,Pass,0,0,0,-0.0,0
5074,Pass,0,0,0,-0.0,0
5075,Pass,0,0,0,-0.0,0
5076,Pass,0,0,0,-0.0,0
5077,Pass,0,0,0,-0.0,0
5078,Pass,0,0,0,8.07974282754801,0
5079,Pass,0,0,0,-0.0,0
5080,Pass,0,0,0,-0.0,0
5081,Pass,0,0,0,-0.0,0
5082,Pass,0,0,0,-0.0,0
5083,Pass,0,0,0,-0.0,0
5084,Pass,0,0,0,-0.0,0
5085,Pass,0,0,0,-0.0,0
5086,Pass,0,0,0,-0.0,0
5087,Pass,0,0,0,-0.0,0
5088,Pass,0,0,0,-0.0,0
5089,Pass,0,0,0,-0.0,0
5090,Pass,0,0,0,1.283933233214816,0
5091,Pass,0,0,0,-0.0,0
5092,Pass,0,0,0,0.7224428160714632,0
5093,Pass,0,0,0,-0.0,0
5094,Pass,0,0,0,-0.0,0
5095,Pass,0,0,0,6.660748206426685,0
5096,Pass,0,0,0,8.369766722999671,0
5097,Pass,0,0,0,8.980594373431822,0
5098,Pass,0,0,0,3.3658256263282915,0
5099,Pass,0,0,0,-0.0,0
5100,Pass,0,0,0,-0.0,0
5101,Pass,0,0,0,0.15733917731038885,0
5102,Pass,0,0,0,2.8359355486650664,0
5103,Pass,0,0,0,-0.0,0
5104,Pass,0,0,0,-0.0,0
5105,Pass,0,0,0,-0.0,0
5106,Pass,0,0,0,-0.0,0
5107,Pass,0,0,0,-0.0,0
5108,Pass,0,0,0,-0.0,0
5109,Pass,0,0,0,2.3495152475769014,0
5110,Pass,0,0,0,6.908683463402105,0
5111,Pass,0,0,0,0.6677625980641414,0
5112,Pass,0,0,0,-0.0,0
5113,Pass,0,0,0,-0.0,0
5114,Pass,0,0,0,-0.0,0
5115,Pass,0,0,0,1.1587968166872267,0
5116,Pass,0,0,0,-0.0,0
5117,Pass,0,0,0,-0.0,0
5118,Pass,0,0,0,-0.0,0
5119,Pass,0,0,0,-0.0,0
5120,Pass,0,0,0,3.6901913833633135,0
5121,Pass,0,0,0,-0.0,0
5122,Pass,0,0,0,-0.0,0
5123,Pass,0,0,0,-0.0,0
5124,Pass,0,0,0,23.025850929940454,0
5125,Pass,0,0,0,-0.0,0
5126,Pass,0,0,0,-0.0,0
5127,Pass,0,0,0,-0.0,0
5128,Pass,0,0,0,-0.0,0
5129,Pass,0,0,0,-0.0,0
5130,Pass,0,0,0,-0.0,0
5131,Pass,0,0,0,-0.0,0
5132,Pass,0,0,0,-0.0,0
5133,Pass,0,0,0,-0.0,0
5134,Pass,0,0,0,0.5619388718249154,0
5135,Pass,0,0,0,-0.0,0
5136,Pass,0,0,0,-0.0,0
5137,Pass,0,0,0,-0.0,0
5138,Pass,0,0,0,-0.0,0
5139,Pass,0,0,0,-0.0,0
5140,Pass,0,0,0,-0.0,0
5141,Pass,0,0,0,-0.0,0
5142,Pass,0,0,0,-0.0,0
5143,Pass,0,0,0,-0.0,0
5144,Pass,0,0,0,-0.0,0
5145,Pass,0,0,0,-0.0,0
5146,Pass,0,0,0,-0.0,0
5147,Pass,0,0,0,-0.0,0
5148,Pass,0,0,0,-0.0,0
5149,Pass,0,0,0,-0.0,0
5150,Pass,0,0,0,-0.0,0
5151,Pass,0,0,0,-0.0,0
5152,Pass,0,0,0,-0.0,0
5153,Pass,0,0,0,-0.0,0
5154,Pass,0,0,0,-0.0,0
5155,Pass,0,0,0,-0.0,0
5156,Pass,0,0,0,-0.0,0
5157,Pass,0,0,0,9.592627827664968,0
5158,Pass,0,0,0,1.5731344614420495,0
5159,Pass,0,0,0,3.8433027652602894,0
5160,Pass,0,0,0,-0.0,0
5161,Pass,0,0,0,-0.0,0
5162,Pass,0,0,0,-0.0,0
5163,Pass,0,0,0,-0.0,0
5164,Pass,0,0,0,-0.0,0
5165,Pass,0,0,0,-0.0,0
5166,Pass,0,0,0,-0.0,0
5167,Pass,0,0,0,-0.0,0
5168,Pass,0,0,0,-0.0,0
5169,Pass,0,0,0,-0.0,0
5170,Pass,0,0,0,-0.0,0
5171,Pass,0,0,0,-0.0,0
5172,Pass,0,0,0,-0.0,0
5173,Pass,0,0,0,23.025850929940454,0
5174,Pass,0,0,0,-0.0,0
5175,Pass,0,0,0,-0.0,0
5176,Pass,0,0,0,-0.0,0
5177,Pass,0,0,0,-0.0,0
5178,Pass,0,0,0,-0.0,0
5179,Pass,0,0,0,-0.0,0
5180,Pass,0,0,0,-0.0,0
5181,Pass,0,0,0,-0.0,0
5182,Pass,0,0,0,-0.0,0
5183,Pass,0,0,0,-0.0,0
5184,Pass,0,0,0,-0.0,0
5185,Pass,0,0,0,-0.0,0
5186,Pass,0,0,0,-0.0,0
5187,Pass,0,0,0,9.447970472072049,0
5188,Pass,0,0,0,-0.0,0
5189,Pass,0,0,0,-0.0,0
5190,Pass,0,0,0,4.30336304169675,0
5191,Pass,0,0,0,-0.0,0
5192,Pass,0,0,0,15.753325351410847,0
5193,Pass,0,0,0,1.051957023995629,0
5194,Pass,0,0,0,-0.0,0
5195,Pass,0,0,0,-0.0,0
5196,Pass,0,0,0,-0.0,0
5197,Pass,0,0,0,8.747979542138879,0
5198,Pass,0,0,0,3.8709194970155547,0
5199,Pass,0,0,0,-0.0,0
5200,Pass,0,0,0,-0.0,0
5201,Pass,0,0,0,-0.0,0
5202,Pass,0,0,0,-0.0,0
5203,Pass,0,0,0,-0.0,0
5204,Pass,0,0,0,-0.0,0
5205,Pass,0,0,0,-0.0,0
5206,Pass,0,0,0,-0.0,0
5207,Pass,0,0,0,-0.0,0
5208,Pass,0,0,0,-0.0,0
5209,Pass,0,0,0,1.0101646572655363,0
5210,Pass,0,0,0,-0.0,0
5211,Pass,0,0,0,12.076828592952406,0
5212,Pass,0,0,0,-0.0,0
5213,Pass,0,0,0,-0.0,0
5214,Pass,0,0,0,-0.0,0
5215,Pass,0,0,0,-0.0,0
5216,Pass,0,0,0,-0.0,0
5217,Pass,0,0,0,1.4546401730095855,0
5218,Pass,0,0,0,0.8237830789683479,0
5219,Pass,0,0,0,0.08467583477916826,0
5220,Pass,0,0,0,-0.0,0
5221,Pass,0,0,0,-0.0,0
5222,Pass,0,0,0,14.284400685244384,0
5223,Pass,0,0,0,23.025850929940454,0
5224,Pass,0,0,0,2.2274850504804298,0
5225,Pass,0,0,0,6.799958901808101,0
5226,Pass,0,0,0,2.6291081049752165,0
5227,Pass,0,0,0,22.277090150024677,0
5228,Pass,0,0,0,14.178587931554636,0
5229,Pass,0,0,0,23.025850929940454,0
5230,Pass,0,0,0,5.950446464876301,0
5231,Pass,0,0,0,23.025850929940454,0
5232,Pass,0,0,0,12.197841057937893,0
5233,Pass,0,0,0,16.113328291219275,0
5234,Pass,0,0,0,18.666176785652517,0
5235,Pass,0,0,0,22.21741314784276,0
5236,Pass,0,0,0,8.430531269061248,0
5237,Pass,0,0,0,0.8091981728632847,0
5238,Pass,0,0,0,-0.0,0
5239,Pass,0,0,0,-0.0,0
5240,Pass,0,0,0,-0.0,0
5241,Pass,0,0,0,1.719904475581729,0
5242,Pass,0,0,0,23.025850929940454,0
5243,Pass,0,0,0,10.454374585358012,0
5244,Pass,0,0,0,11.498292972665329,0
5245,Pass,0,0,0,10.133637635385673,0
5246,Pass,0,0,0,18.3587109051072,0
5247,Pass,0,0,0,-0.0,0
5248,Pass,0,0,0,-0.0,0
5249,Pass,0,0,0,-0.0,0
5250,Pass,0,0,0,4.663545261477624,0
5251,Pass,0,0,0,-0.0,0
5252,Pass,0,0,0,-0.0,0
5253,Pass,0,0,0,-0.0,0
5254,Pass,0,0,0,-0.0,0
5255,Pass,0,0,0,-0.0,0
5256,Pass,0,0,0,-0.0,0
5257,Pass,0,0,0,11.193190743893268,0
5258,Pass,0,0,0,9.090861544208506,0
5259,Pass,0,0,0,1.9656818474563968,0
5260,Pass,0,0,0,-0.0,0
5261,Pass,0,0,0,-0.0,0
5262,Pass,0,0,0,-0.0,0
5263,Pass,0,0,0,-0.0,0
5264,Pass,0,0,0,-0.0,0
5265,Pass,0,0,0,-0.0,0
5266,Pass,0,0,0,-0.0,0
5267,Pass,0,0,0,-0.0,0
5268,Pass,0,0,0,-0.0,0
5269,Pass,0,0,0,-0.0,0
5270,Pass,0,0,0,-0.0,0
5271,Pass,0,0,0,-0.0,0
5272,Pass,0,0,0,-0.0,0
5273,Pass,0,0,0,-0.0,0
5274,Pass,0,0,0,-0.0,0
5275,Pass,0,0,0,-0.0,0
5276,Pass,0,0,0,-0.0,0
5277,Pass,0,0,0,-0.0,0
5278,Pass,0,0,0,-0.0,0
5279,Pass,0,0,0,-0.0,0
5280,Pass,0,0,0,-0.0,0
5281,Pass,0,0,0,-0.0,0
5282,Pass,0,0,0,1.9843356453474357,0
5283,Pass,0,0,0,-0.0,0
5284,Pass,0,0,0,-0.0,0
5285,Pass,0,0,0,6.467395889674916,0
5286,Pass,0,0,0,23.025850929940454,0
5287,Pass,0,0,0,23.025850929940454,0
5288,Pass,0,0,0,8.42900388348403,0
5289,Pass,0,0,0,-0.0,0
5290,Pass,0,0,0,6.570349845745027,0
5291,Pass,0,0,0,23.025850929940454,0
5292,Pass,0,0,0,19.693977368297915,0
5293,Pass,0,0,0,15.97762620190937,0
5294,Pass,0,0,0,23.025850929940454,0
5295,Pass,0,0,0,23.025850929940454,0
5296,Pass,0,0,0,23.025850929940454,0
5297,Pass,0,0,0,21.803395644073145,0
5298,Pass,0,0,0,23.025850929940454,0
5299,Pass,0,0,0,15.680060477608716,0
5300,Pass,0,0,0,-0.0,0
5301,Pass,0,0,0,1.5910991659502622,0
5302,Pass,0,0,0,8.301615975788344,0
5303,Pass,0,0,0,-0.0,0
5304,Pass,0,0,0,-0.0,0
5305,Pass,0,0,0,-0.0,0
5306,Pass,0,0,0,-0.0,0
5307,Pass,0,0,0,-0.0,0
5308,Pass,0,0,0,-0.0,0
5309,Pass,0,0,0,-0.0,0
5310,Pass,0,0,0,-0.0,0
5311,Pass,0,0,0,-0.0,0
5312,Pass,0,0,0,-0.0,0
5313,Pass,0,0,0,-0.0,0
5314,Pass,0,0,0,1.9535586760484758,0
5315,Pass,0,0,0,-0.0,0
5316,Pass,0,0,0,9.964821938212085,0
5317,Pass,0,0,0,6.836132524731267,0
5318,Pass,0,0,0,12.273637024635311,0
5319,Pass,0,0,0,9.52400868949313,0
5320,Pass,0,0,0,11.017342978360887,0
5321,Pass,0,0,0,12.850271283025686,0
5322,Pass,0,0,0,6.8716538719010885,0
5323,Pass,0,0,0,4.933604688362901,0
5324,Pass,0,0,0,19.465413101492462,0
5325,Pass,0,0,0,23.025850929940454,0
5326,Pass,0,0,0,23.025850929940454,0
5327,Pass,0,0,0,6.575360147218429,0
5328,Pass,0,0,0,23.025850929940454,0
5329,Pass,0,0,0,23.025850929940454,0
5330,Pass,0,0,0,12.92850712829034,0
5331,Pass,0,0,0,15.120910776711622,0
5332,Pass,0,0,0,1.204851700494641,0
5333,Pass,0,0,0,23.025850929940454,0
5334,Pass,0,0,0,-0.0,0
5335,Pass,0,0,0,-0.0,0
5336,Pass,0,0,0,-0.0,0
5337,Pass,0,0,0,3.519968226883917,0
5338,Pass,0,0,0,5.6038178127725065,0
5339,Pass,0,0,0,-0.0,0
5340,Pass,0,0,0,-0.0,0
5341,Pass,0,0,0,-0.0,0
5342,Pass,0,0,0,-0.0,0
5343,Pass,0,0,0,-0.0,0
5344,Pass,0,0,0,-0.0,0
5345,Pass,0,0,0,-0.0,0
5346,Pass,0,0,0,-0.0,0
5347,Pass,0,0,0,-0.0,0
5348,Pass,0,0,0,-0.0,0
5349,Pass,0,0,0,-0.0,0
5350,Pass,0,0,0,12.244909824973272,0
5351,Pass,0,0,0,23.025850929940454,0
5352,Pass,0,0,0,-0.0,0
5353,Pass,0,0,0,-0.0,0
5354,Pass,0,0,0,-0.0,0
5355,Pass,0,0,0,1.5929616052153928,0
5356,Pass,0,0,0,-0.0,0
5357,Pass,0,0,0,-0.0,0
5358,Pass,0,0,0,-0.0,0
5359,Pass,0,0,0,-0.0,0
5360,Pass,0,0,0,-0.0,0
5361,Pass,0,0,0,6.174931164190266,0
5362,Pass,0,0,0,7.7696567864160935,0
5363,Pass,0,0,0,23.025850929940454,0
5364,Pass,0,0,0,23.025850929940454,0
5365,Pass,0,0,0,23.025850929940454,0
5366,Pass,0,0,0,23.025850929940454,0
5367,Pass,0,0,0,23.025850929940454,0
5368,Pass,0,0,0,23.025850929940454,0
5369,Pass,0,0,0,23.025850929940454,0
5370,Pass,0,0,0,23.025850929940454,0
5371,Pass,0,0,0,5.01850664092763,0
5372,Pass,0,0,0,-0.0,0
5373,Pass,0,0,0,-0.0,0
5374,Pass,0,0,0,-0.0,0
5375,Pass,0,0,0,3.570001868493352,0
5376,Pass,0,0,0,2.605719687601049,0
5377,Pass,0,0,0,-0.0,0
5378,Pass,0,0,0,-0.0,0
5379,Pass,0,0,0,-0.0,0
5380,Pass,0,0,0,-0.0,0
5381,Pass,0,0,0,23.025850929940454,0
5382,Pass,0,0,0,3.4975840038384707,0
5383,Pass,0,0,0,-0.0,0
5384,Pass,0,0,0,-0.0,0
5385,Pass,0,0,0,-0.0,0
5386,Pass,0,0,0,-0.0,0
5387,Pass,0,0,0,-0.0,0
5388,Pass,0,0,0,-0.0,0
5389,Pass,0,0,0,-0.0,0
5390,Pass,0,0,0,-0.0,0
5391,Pass,0,0,0,-0.0,0
5392,Pass,0,0,0,-0.0,0
5393,Pass,0,0,0,-0.0,0
5394,Pass,0,0,0,-0.0,0
5395,Pass,0,0,0,-0.0,0
5396,Pass,0,0,0,-0.0,0
5397,Pass,0,0,0,-0.0,0
5398,Pass,0,0,0,-0.0,0
5399,Pass,0,0,0,5.6459107952955385,0
5400,Pass,0,0,0,-0.0,0
5401,Pass,0,0,0,-0.0,0
5402,Pass,0,0,0,-0.0,0
5403,Pass,0,0,0,-0.0,0
5404,Pass,0,0,0,-0.0,0
5405,Pass,0,0,0,-0.0,0
5406,Pass,0,0,0,-0.0,0
5407,Pass,0,0,0,-0.0,0
5408,Pass,0,0,0,-0.0,0
5409,Pass,0,0,0,-0.0,0
5410,Pass,0,0,0,-0.0,0
5411,Pass,0,0,0,-0.0,0
5412,Pass,0,0,0,-0.0,0
5413,Pass,0,0,0,-0.0,0
5414,Pass,0,0,0,-0.0,0
5415,Pass,0,0,0,-0.0,0
5416,Pass,0,0,0,-0.0,0
5417,Pass,0,0,0,-0.0,0
5418,Pass,0,0,0,-0.0,0
5419,Pass,0,0,0,-0.0,0
5420,Pass,0,0,0,-0.0,0
5421,Pass,0,0,0,-0.0,0
5422,Pass,0,0,0,-0.0,0
5423,Pass,0,0,0,-0.0,0
5424,Pass,0,0,0,-0.0,0
5425,Pass,0,0,0,-0.0,0
5426,Pass,0,0,0,-0.0,0
5427,Pass,0,0,0,-0.0,0
5428,Pass,0,0,0,-0.0,0
5429,Pass,0,0,0,-0.0,0
5430,Pass,0,0,0,-0.0,0
5431,Pass,0,0,0,-0.0,0
5432,Pass,0,0,0,-0.0,0
5433,Pass,0,0,0,-0.0,0
5434,Pass,0,0,0,1.331266758519647,0
5435,Pass,0,0,0,-0.0,0
5436,Pass,0,0,0,-0.0,0
5437,Pass,0,0,0,-0.0,0
5438,Pass,0,0,0,-0.0,0
5439,Pass,0,0,0,-0.0,0
5440,Pass,0,0,0,-0.0,0
5441,Pass,0,0,0,-0.0,0
5442,Pass,0,0,0,-0.0,0
5443,Pass,0,0,0,-0.0,0
5444,Pass,0,0,0,23.025850929940454,0
5445,Pass,0,0,0,-0.0,0
5446,Pass,0,0,0,-0.0,0
5447,Pass,0,0,0,-0.0,0
5448,Pass,0,0,0,1.8912270270731923,0
5449,Pass,0,0,0,-0.0,0
5450,Pass,0,0,0,-0.0,0
5451,Pass,0,0,0,-0.0,0
5452,Pass,0,0,0,-0.0,0
5453,Pass,0,0,0,-0.0,0
5454,Pass,0,0,0,-0.0,0
5455,Pass,0,0,0,-0.0,0
5456,Pass,0,0,0,-0.0,0
5457,Pass,0,0,0,-0.0,0
5458,Pass,0,0,0,-0.0,0
5459,Pass,0,0,0,-0.0,0
5460,Pass,0,0,0,-0.0,0
5461,Pass,0,0,0,2.8013101794540627,0
5462,Pass,0,0,0,0.2226475695434694,0
5463,Pass,0,0,0,-0.0,0
5464,Pass,0,0,0,-0.0,0
5465,Pass,0,0,0,-0.0,0
5466,Pass,0,0,0,-0.0,0
5467,Pass,0,0,0,-0.0,0
5468,Pass,0,0,0,-0.0,0
5469,Pass,0,0,0,-0.0,0
5470,Pass,0,0,0,-0.0,0
5471,Pass,0,0,0,-0.0,0
5472,Pass,0,0,0,-0.0,0
5473,Pass,0,0,0,-0.0,0
5474,Pass,0,0,0,-0.0,0
5475,Pass,0,0,0,-0.0,0
5476,Pass,0,0,0,-0.0,0
5477,Pass,0,0,0,-0.0,0
5478,Pass,0,0,0,-0.0,0
5479,Pass,0,0,0,-0.0,0
5480,Pass,0,0,0,-0.0,0
5481,Pass,0,0,0,-0.0,0
5482,Pass,0,0,0,-0.0,0
5483,Pass,0,0,0,-0.0,0
5484,Pass,0,0,0,15.019472539857484,0
5485,Pass,0,0,0,19.864507975556112,0
5486,Pass,0,0,0,17.71697705748049,0
5487,Pass,0,0,0,-0.0,0
5488,Pass,0,0,0,-0.0,0
5489,Pass,0,0,0,-0.0,0
5490,Pass,0,0,0,-0.0,0
5491,Pass,0,0,0,-0.0,0
5492,Pass,0,0,0,4.85240229249089,0
5493,Pass,0,0,0,23.025850929940454,0
5494,Pass,0,0,0,13.607752164763575,0
5495,Pass,0,0,0,10.145279759739752,0
5496,Pass,0,0,0,-0.0,0
5497,Pass,0,0,0,6.690706855675881,0
5498,Pass,0,0,0,-0.0,0
5499,Pass,0,0,0,7.686901586228208,0
5500,Pass,0,0,0,6.41157827636738,0
5501,Pass,0,0,0,8.599059289438571,0
5502,Pass,0,0,0,22.858031656163515,0
5503,Pass,0,0,0,23.025850929940454,0
5504,Pass,0,0,0,14.9859777450723,0
5505,Pass,0,0,0,22.740305815235015,0
5506,Pass,0,0,0,4.607431438990927,0
5507,Pass,0,0,0,15.382863457376192,0
5508,Pass,0,0,0,1.2856532342116969,0
5509,Pass,0,0,0,23.025850929940454,0
5510,Pass,0,0,0,23.025850929940454,0
5511,Pass,0,0,0,3.028655779155912,0
5512,Pass,0,0,0,17.979158367539664,0
5513,Pass,0,0,0,8.700775826167417,0
5514,Pass,0,0,0,2.3929410537092424,0
5515,Pass,0,0,0,6.368719167031125,0
5516,Pass,0,0,0,3.4045325207178103,0
5517,Pass,0,0,0,-0.0,0
5518,Pass,0,0,0,-0.0,0
5519,Pass,0,0,0,-0.0,0
5520,Pass,0,0,0,-0.0,0
5521,Pass,0,0,0,-0.0,0
5522,Pass,0,0,0,-0.0,0
5523,Pass,0,0,0,-0.0,0
5524,Pass,0,0,0,-0.0,0
5525,Pass,0,0,0,-0.0,0
5526,Pass,0,0,0,-0.0,0
5527,Pass,0,0,0,-0.0,0
5528,Pass,0,0,0,-0.0,0
5529,Pass,0,0,0,-0.0,0
5530,Pass,0,0,0,1.7810248727592752,0
5531,Pass,0,0,0,0.4945320530600711,0
5532,Pass,0,0,0,-0.0,0
5533,Pass,0,0,0,-0.0,0
5534,Pass,0,0,0,4.985203441127784,0
5535,Pass,0,0,0,6.883714371598092,0
5536,Pass,0,0,0,-0.0,0
5537,Pass,0,0,0,-0.0,0
5538,Pass,0,0,0,-0.0,0
5539,Pass,0,0,0,-0.0,0
5540,Pass,0,0,0,-0.0,0
5541,Pass,0,0,0,-0.0,0
5542,Pass,0,0,0,-0.0,0
5543,Pass,0,0,0,4.704672273941986,0
5544,Pass,0,0,0,20.67453916649339,0
5545,Pass,0,0,0,23.025850929940454,0
5546,Pass,0,0,0,-0.0,0
5547,Pass,0,0,0,-0.0,0
5548,Pass,0,0,0,-0.0,0
5549,Pass,0,0,0,-0.0,0
5550,Pass,0,0,0,-0.0,0
5551,Pass,0,0,0,-0.0,0
5552,Pass,0,0,0,-0.0,0
5553,Pass,0,0,0,-0.0,0
5554,Pass,0,0,0,-0.0,0
5555,Pass,0,0,0,12.893559199588124,0
5556,Pass,0,0,0,-0.0,0
5557,Pass,0,0,0,-0.0,0
5558,Pass,0,0,0,-0.0,0
5559,Pass,0,0,0,-0.0,0
5560,Pass,0,0,0,-0.0,0
5561,Pass,0,0,0,-0.0,0
5562,Pass,0,0,0,-0.0,0
5563,Pass,0,0,0,-0.0,0
5564,Pass,0,0,0,-0.0,0
5565,Pass,0,0,0,-0.0,0
5566,Pass,0,0,0,-0.0,0
5567,Pass,0,0,0,6.357410405127484,0
5568,Pass,0,0,0,4.7335788119051605,0
5569,Pass,0,0,0,7.886768004164168,0
5570,Pass,0,0,0,23.025850929940454,0
5571,Pass,0,0,0,-0.0,0
5572,Pass,0,0,0,-0.0,0
5573,Pass,0,0,0,-0.0,0
5574,Pass,0,0,0,3.1268191173275186,0
5575,Pass,0,0,0,7.7854437448583305,0
5576,Pass,0,0,0,-0.0,0
5577,Pass,0,0,0,-0.0,0
5578,Pass,0,0,0,-0.0,0
5579,Pass,0,0,0,-0.0,0
5580,Pass,0,0,0,-0.0,0
5581,Pass,0,0,0,-0.0,0
5582,Pass,0,0,0,-0.0,0
5583,Pass,0,0,0,-0.0,0
5584,Pass,0,0,0,-0.0,0
5585,Pass,0,0,0,5.223722862407111,0
5586,Pass,0,0,0,23.025850929940454,0
5587,Pass,0,0,0,-0.0,0
5588,Pass,0,0,0,-0.0,0
5589,Pass,0,0,0,9.414819360505101,0
5590,Pass,0,0,0,-0.0,0
5591,Pass,0,0,0,-0.0,0
5592,Pass,0,0,0,-0.0,0
5593,Pass,0,0,0,-0.0,0
5594,Pass,0,0,0,-0.0,0
5595,Pass,0,0,0,-0.0,0
5596,Pass,0,0,0,-0.0,0
5597,Pass,0,0,0,-0.0,0
5598,Pass,0,0,0,-0.0,0
5599,Pass,0,0,0,-0.0,0
5600,Pass,0,0,0,17.212229544998536,0
5601,Pass,0,0,0,23.025850929940454,0
5602,Pass,0,0,0,23.025850929940454,0
5603,Pass,0,0,0,23.025850929940454,0
5604,Pass,0,0,0,23.025850929940454,0
5605,Pass,0,0,0,23.025850929940454,0
5606,Pass,0,0,0,23.025850929940454,0
5607,Pass,0,0,0,1.6202028586689305,0
5608,Pass,0,0,0,-0.0,0
5609,Pass,0,0,0,-0.0,0
5610,Pass,0,0,0,-0.0,0
5611,Pass,0,0,0,-0.0,0
5612,Pass,0,0,0,-0.0,0
5613,Pass,0,0,0,-0.0,0
