ID,Outcome,SUT,Confidence,dsa,lsa,conf*(1-norm_dsa)
0,Pass,0,0,0,23.025850929940454,0
1,Pass,0,0,0,23.025850929940454,0
2,Pass,0,0,0,23.025850929940454,0
3,Pass,0,0,0,23.025850929940454,0
4,Pass,0,0,0,23.025850929940454,0
5,Pass,0,0,0,23.025850929940454,0
6,Pass,0,0,0,23.025850929940454,0
7,Pass,0,0,0,23.025850929940454,0
8,Pass,0,0,0,23.025850929940454,0
9,Pass,0,0,0,23.025850929940454,0
10,Pass,0,0,0,23.025850929940454,0
11,Pass,0,0,0,23.025850929940454,0
12,Pass,0,0,0,23.025850929940454,0
13,Pass,0,0,0,23.025850929940454,0
14,Pass,0,0,0,23.025850929940454,0
15,Pass,0,0,0,23.025850929940454,0
16,Pass,0,0,0,23.025850929940454,0
17,Pass,0,0,0,23.025850929940454,0
18,Pass,0,0,0,23.025850929940454,0
19,Pass,0,0,0,23.025850929940454,0
20,Pass,0,0,0,23.025850929940454,0
21,Pass,0,0,0,23.025850929940454,0
22,Pass,0,0,0,23.025850929940454,0
23,Pass,0,0,0,23.025850929940454,0
24,Pass,0,0,0,23.025850929940454,0
25,Pass,0,0,0,23.025850929940454,0
26,Pass,0,0,0,23.025850929940454,0
27,Pass,0,0,0,23.025850929940454,0
28,Pass,0,0,0,23.025850929940454,0
29,Pass,0,0,0,23.025850929940454,0
30,Pass,0,0,0,23.025850929940454,0
31,Pass,0,0,0,23.025850929940454,0
32,Pass,0,0,0,23.025850929940454,0
33,Pass,0,0,0,23.025850929940454,0
34,Pass,0,0,0,23.025850929940454,0
35,Pass,0,0,0,23.025850929940454,0
36,Pass,0,0,0,23.025850929940454,0
37,Pass,0,0,0,23.025850929940454,0
38,Pass,0,0,0,23.025850929940454,0
39,Pass,0,0,0,23.025850929940454,0
40,Pass,0,0,0,23.025850929940454,0
41,Pass,0,0,0,23.025850929940454,0
42,Pass,0,0,0,23.025850929940454,0
43,Pass,0,0,0,23.025850929940454,0
44,Pass,0,0,0,23.025850929940454,0
45,Pass,0,0,0,23.025850929940454,0
46,Pass,0,0,0,23.025850929940454,0
47,Pass,0,0,0,23.025850929940454,0
48,Pass,0,0,0,23.025850929940454,0
49,Pass,0,0,0,23.025850929940454,0
50,Pass,0,0,0,23.025850929940454,0
51,Pass,0,0,0,23.025850929940454,0
52,Pass,0,0,0,23.025850929940454,0
53,Pass,0,0,0,23.025850929940454,0
54,Pass,0,0,0,23.025850929940454,0
55,Pass,0,0,0,23.025850929940454,0
56,Pass,0,0,0,23.025850929940454,0
57,Pass,0,0,0,23.025850929940454,0
58,Pass,0,0,0,23.025850929940454,0
59,Pass,0,0,0,23.025850929940454,0
60,Pass,0,0,0,23.025850929940454,0
61,Pass,0,0,0,23.025850929940454,0
62,Pass,0,0,0,23.025850929940454,0
63,Pass,0,0,0,23.025850929940454,0
64,Pass,0,0,0,23.025850929940454,0
65,Pass,0,0,0,23.025850929940454,0
66,Pass,0,0,0,23.025850929940454,0
67,Pass,0,0,0,23.025850929940454,0
68,Pass,0,0,0,23.025850929940454,0
69,Pass,0,0,0,23.025850929940454,0
70,Pass,0,0,0,23.025850929940454,0
71,Pass,0,0,0,23.025850929940454,0
72,Pass,0,0,0,23.025850929940454,0
73,Pass,0,0,0,23.025850929940454,0
74,Pass,0,0,0,23.025850929940454,0
75,Pass,0,0,0,23.025850929940454,0
76,Pass,0,0,0,23.025850929940454,0
77,Pass,0,0,0,23.025850929940454,0
78,Pass,0,0,0,7.99298021345536,0
79,Pass,0,0,0,23.025850929940454,0
80,Pass,0,0,0,23.025850929940454,0
81,Pass,0,0,0,23.025850929940454,0
82,Pass,0,0,0,23.025850929940454,0
83,Pass,0,0,0,23.025850929940454,0
84,Pass,0,0,0,23.025850929940454,0
85,Pass,0,0,0,23.025850929940454,0
86,Pass,0,0,0,23.025850929940454,0
87,Pass,0,0,0,23.025850929940454,0
88,Pass,0,0,0,23.025850929940454,0
89,Pass,0,0,0,23.025850929940454,0
90,Pass,0,0,0,23.025850929940454,0
91,Pass,0,0,0,23.025850929940454,0
92,Pass,0,0,0,23.025850929940454,0
93,Pass,0,0,0,23.025850929940454,0
94,Pass,0,0,0,23.025850929940454,0
95,Pass,0,0,0,23.025850929940454,0
96,Pass,0,0,0,23.025850929940454,0
97,Pass,0,0,0,23.025850929940454,0
98,Pass,0,0,0,23.025850929940454,0
99,Pass,0,0,0,23.025850929940454,0
100,Pass,0,0,0,23.025850929940454,0
101,Pass,0,0,0,23.025850929940454,0
102,Pass,0,0,0,23.025850929940454,0
103,Pass,0,0,0,23.025850929940454,0
104,Pass,0,0,0,23.025850929940454,0
105,Pass,0,0,0,23.025850929940454,0
106,Pass,0,0,0,23.025850929940454,0
107,Pass,0,0,0,23.025850929940454,0
108,Pass,0,0,0,23.025850929940454,0
109,Pass,0,0,0,23.025850929940454,0
110,Pass,0,0,0,23.025850929940454,0
111,Pass,0,0,0,23.025850929940454,0
112,Pass,0,0,0,23.025850929940454,0
113,Pass,0,0,0,23.025850929940454,0
114,Pass,0,0,0,23.025850929940454,0
115,Pass,0,0,0,23.025850929940454,0
116,Pass,0,0,0,23.025850929940454,0
117,Pass,0,0,0,23.025850929940454,0
118,Pass,0,0,0,23.025850929940454,0
119,Pass,0,0,0,23.025850929940454,0
120,Pass,0,0,0,23.025850929940454,0
121,Pass,0,0,0,23.025850929940454,0
122,Pass,0,0,0,23.025850929940454,0
123,Pass,0,0,0,23.025850929940454,0
124,Pass,0,0,0,23.025850929940454,0
125,Pass,0,0,0,23.025850929940454,0
126,Pass,0,0,0,23.025850929940454,0
127,Pass,0,0,0,23.025850929940454,0
128,Pass,0,0,0,23.025850929940454,0
129,Pass,0,0,0,23.025850929940454,0
130,Pass,0,0,0,23.025850929940454,0
131,Pass,0,0,0,23.025850929940454,0
132,Pass,0,0,0,23.025850929940454,0
133,Pass,0,0,0,23.025850929940454,0
134,Pass,0,0,0,23.025850929940454,0
135,Pass,0,0,0,23.025850929940454,0
136,Pass,0,0,0,23.025850929940454,0
137,Pass,0,0,0,23.025850929940454,0
138,Pass,0,0,0,23.025850929940454,0
139,Pass,0,0,0,23.025850929940454,0
140,Pass,0,0,0,23.025850929940454,0
141,Pass,0,0,0,23.025850929940454,0
142,Pass,0,0,0,23.025850929940454,0
143,Pass,0,0,0,23.025850929940454,0
144,Pass,0,0,0,23.025850929940454,0
145,Pass,0,0,0,23.025850929940454,0
146,Pass,0,0,0,23.025850929940454,0
147,Pass,0,0,0,23.025850929940454,0
148,Pass,0,0,0,23.025850929940454,0
149,Pass,0,0,0,23.025850929940454,0
150,Pass,0,0,0,23.025850929940454,0
151,Pass,0,0,0,23.025850929940454,0
152,Pass,0,0,0,23.025850929940454,0
153,Pass,0,0,0,23.025850929940454,0
154,Pass,0,0,0,23.025850929940454,0
155,Pass,0,0,0,23.025850929940454,0
156,Pass,0,0,0,23.025850929940454,0
157,Pass,0,0,0,23.025850929940454,0
158,Pass,0,0,0,7.723173965961555,0
159,Pass,0,0,0,23.025850929940454,0
160,Pass,0,0,0,2.9694743404043153,0
161,Pass,0,0,0,23.025850929940454,0
162,Pass,0,0,0,23.025850929940454,0
163,Pass,0,0,0,23.025850929940454,0
164,Pass,0,0,0,23.025850929940454,0
165,Pass,0,0,0,23.025850929940454,0
166,Pass,0,0,0,23.025850929940454,0
167,Pass,0,0,0,23.025850929940454,0
168,Pass,0,0,0,23.025850929940454,0
169,Pass,0,0,0,17.46204543077448,0
170,Pass,0,0,0,23.025850929940454,0
171,Pass,0,0,0,23.025850929940454,0
172,Pass,0,0,0,23.025850929940454,0
173,Pass,0,0,0,18.818514652893477,0
174,Pass,0,0,0,13.036726533493457,0
175,Pass,0,0,0,21.055356434545192,0
176,Pass,0,0,0,23.025850929940454,0
177,Pass,0,0,0,23.025850929940454,0
178,Pass,0,0,0,23.025850929940454,0
179,Pass,0,0,0,23.025850929940454,0
180,Pass,0,0,0,23.025850929940454,0
181,Pass,0,0,0,23.025850929940454,0
182,Pass,0,0,0,23.025850929940454,0
183,Pass,0,0,0,23.025850929940454,0
184,Pass,0,0,0,23.025850929940454,0
185,Pass,0,0,0,23.025850929940454,0
186,Pass,0,0,0,23.025850929940454,0
187,Pass,0,0,0,23.025850929940454,0
188,Pass,0,0,0,23.025850929940454,0
189,Pass,0,0,0,23.025850929940454,0
190,Pass,0,0,0,23.025850929940454,0
191,Pass,0,0,0,23.025850929940454,0
192,Pass,0,0,0,23.025850929940454,0
193,Pass,0,0,0,23.025850929940454,0
194,Pass,0,0,0,18.72763232988187,0
195,Pass,0,0,0,23.025850929940454,0
196,Pass,0,0,0,23.025850929940454,0
197,Pass,0,0,0,23.025850929940454,0
198,Pass,0,0,0,23.025850929940454,0
199,Pass,0,0,0,23.025850929940454,0
200,Pass,0,0,0,23.025850929940454,0
201,Pass,0,0,0,23.025850929940454,0
202,Pass,0,0,0,23.025850929940454,0
203,Pass,0,0,0,23.025850929940454,0
204,Pass,0,0,0,23.025850929940454,0
205,Pass,0,0,0,23.025850929940454,0
206,Pass,0,0,0,23.025850929940454,0
207,Pass,0,0,0,23.025850929940454,0
208,Pass,0,0,0,23.025850929940454,0
209,Pass,0,0,0,23.025850929940454,0
210,Pass,0,0,0,23.025850929940454,0
211,Pass,0,0,0,23.025850929940454,0
212,Pass,0,0,0,23.025850929940454,0
213,Pass,0,0,0,23.025850929940454,0
214,Pass,0,0,0,23.025850929940454,0
215,Pass,0,0,0,23.025850929940454,0
216,Pass,0,0,0,23.025850929940454,0
217,Pass,0,0,0,23.025850929940454,0
218,Pass,0,0,0,23.025850929940454,0
219,Pass,0,0,0,23.025850929940454,0
220,Pass,0,0,0,23.025850929940454,0
221,Pass,0,0,0,23.025850929940454,0
222,Pass,0,0,0,23.025850929940454,0
223,Pass,0,0,0,23.025850929940454,0
224,Pass,0,0,0,23.025850929940454,0
225,Pass,0,0,0,23.025850929940454,0
226,Pass,0,0,0,23.025850929940454,0
227,Pass,0,0,0,23.025850929940454,0
228,Pass,0,0,0,23.025850929940454,0
229,Pass,0,0,0,23.025850929940454,0
230,Pass,0,0,0,23.025850929940454,0
231,Pass,0,0,0,23.025850929940454,0
232,Pass,0,0,0,23.025850929940454,0
233,Pass,0,0,0,23.025850929940454,0
234,Pass,0,0,0,23.025850929940454,0
235,Pass,0,0,0,23.025850929940454,0
236,Pass,0,0,0,23.025850929940454,0
237,Pass,0,0,0,23.025850929940454,0
238,Pass,0,0,0,23.025850929940454,0
239,Pass,0,0,0,23.025850929940454,0
240,Pass,0,0,0,23.025850929940454,0
241,Pass,0,0,0,23.025850929940454,0
242,Pass,0,0,0,23.025850929940454,0
243,Pass,0,0,0,23.025850929940454,0
244,Pass,0,0,0,23.025850929940454,0
245,Pass,0,0,0,23.025850929940454,0
246,Pass,0,0,0,23.025850929940454,0
247,Pass,0,0,0,23.025850929940454,0
248,Pass,0,0,0,23.025850929940454,0
249,Pass,0,0,0,23.025850929940454,0
250,Pass,0,0,0,23.025850929940454,0
251,Pass,0,0,0,23.025850929940454,0
252,Pass,0,0,0,23.025850929940454,0
253,Pass,0,0,0,23.025850929940454,0
254,Pass,0,0,0,23.025850929940454,0
255,Pass,0,0,0,23.025850929940454,0
256,Pass,0,0,0,23.025850929940454,0
257,Pass,0,0,0,23.025850929940454,0
258,Pass,0,0,0,23.025850929940454,0
259,Pass,0,0,0,23.025850929940454,0
260,Pass,0,0,0,23.025850929940454,0
261,Pass,0,0,0,23.025850929940454,0
262,Pass,0,0,0,23.025850929940454,0
263,Pass,0,0,0,23.025850929940454,0
264,Pass,0,0,0,23.025850929940454,0
265,Pass,0,0,0,23.025850929940454,0
266,Pass,0,0,0,23.025850929940454,0
267,Pass,0,0,0,23.025850929940454,0
268,Pass,0,0,0,23.025850929940454,0
269,Pass,0,0,0,23.025850929940454,0
270,Pass,0,0,0,23.025850929940454,0
271,Pass,0,0,0,23.025850929940454,0
272,Pass,0,0,0,23.025850929940454,0
273,Pass,0,0,0,23.025850929940454,0
274,Pass,0,0,0,23.025850929940454,0
275,Pass,0,0,0,23.025850929940454,0
276,Pass,0,0,0,23.025850929940454,0
277,Pass,0,0,0,23.025850929940454,0
278,Pass,0,0,0,23.025850929940454,0
279,Pass,0,0,0,23.025850929940454,0
280,Pass,0,0,0,23.025850929940454,0
281,Pass,0,0,0,23.025850929940454,0
282,Pass,0,0,0,23.025850929940454,0
283,Pass,0,0,0,23.025850929940454,0
284,Pass,0,0,0,23.025850929940454,0
285,Pass,0,0,0,23.025850929940454,0
286,Pass,0,0,0,23.025850929940454,0
287,Pass,0,0,0,23.025850929940454,0
288,Pass,0,0,0,23.025850929940454,0
289,Pass,0,0,0,23.025850929940454,0
290,Pass,0,0,0,23.025850929940454,0
291,Pass,0,0,0,23.025850929940454,0
292,Pass,0,0,0,23.025850929940454,0
293,Pass,0,0,0,23.025850929940454,0
294,Pass,0,0,0,23.025850929940454,0
295,Pass,0,0,0,23.025850929940454,0
296,Pass,0,0,0,23.025850929940454,0
297,Pass,0,0,0,23.025850929940454,0
298,Pass,0,0,0,23.025850929940454,0
299,Pass,0,0,0,23.025850929940454,0
300,Pass,0,0,0,23.025850929940454,0
301,Pass,0,0,0,23.025850929940454,0
302,Pass,0,0,0,23.025850929940454,0
303,Pass,0,0,0,23.025850929940454,0
304,Pass,0,0,0,23.025850929940454,0
305,Pass,0,0,0,23.025850929940454,0
306,Pass,0,0,0,23.025850929940454,0
307,Pass,0,0,0,23.025850929940454,0
308,Pass,0,0,0,23.025850929940454,0
309,Pass,0,0,0,23.025850929940454,0
310,Pass,0,0,0,23.025850929940454,0
311,Pass,0,0,0,23.025850929940454,0
312,Pass,0,0,0,23.025850929940454,0
313,Pass,0,0,0,23.025850929940454,0
314,Pass,0,0,0,23.025850929940454,0
315,Pass,0,0,0,23.025850929940454,0
316,Pass,0,0,0,23.025850929940454,0
317,Pass,0,0,0,23.025850929940454,0
318,Pass,0,0,0,23.025850929940454,0
319,Pass,0,0,0,23.025850929940454,0
320,Pass,0,0,0,23.025850929940454,0
321,Pass,0,0,0,23.025850929940454,0
322,Pass,0,0,0,23.025850929940454,0
323,Pass,0,0,0,23.025850929940454,0
324,Pass,0,0,0,23.025850929940454,0
325,Pass,0,0,0,23.025850929940454,0
326,Pass,0,0,0,23.025850929940454,0
327,Pass,0,0,0,23.025850929940454,0
328,Pass,0,0,0,23.025850929940454,0
329,Pass,0,0,0,23.025850929940454,0
330,Pass,0,0,0,23.025850929940454,0
331,Pass,0,0,0,23.025850929940454,0
332,Pass,0,0,0,23.025850929940454,0
333,Pass,0,0,0,23.025850929940454,0
334,Pass,0,0,0,23.025850929940454,0
335,Pass,0,0,0,23.025850929940454,0
336,Pass,0,0,0,23.025850929940454,0
337,Pass,0,0,0,23.025850929940454,0
338,Pass,0,0,0,23.025850929940454,0
339,Pass,0,0,0,23.025850929940454,0
340,Pass,0,0,0,23.025850929940454,0
341,Pass,0,0,0,23.025850929940454,0
342,Pass,0,0,0,23.025850929940454,0
343,Pass,0,0,0,23.025850929940454,0
344,Pass,0,0,0,23.025850929940454,0
345,Pass,0,0,0,23.025850929940454,0
346,Pass,0,0,0,23.025850929940454,0
347,Pass,0,0,0,23.025850929940454,0
348,Pass,0,0,0,23.025850929940454,0
349,Pass,0,0,0,23.025850929940454,0
350,Pass,0,0,0,23.025850929940454,0
351,Pass,0,0,0,23.025850929940454,0
352,Pass,0,0,0,23.025850929940454,0
353,Pass,0,0,0,23.025850929940454,0
354,Pass,0,0,0,23.025850929940454,0
355,Pass,0,0,0,23.025850929940454,0
356,Pass,0,0,0,23.025850929940454,0
357,Pass,0,0,0,23.025850929940454,0
358,Pass,0,0,0,23.025850929940454,0
359,Pass,0,0,0,23.025850929940454,0
360,Pass,0,0,0,23.025850929940454,0
361,Pass,0,0,0,23.025850929940454,0
362,Pass,0,0,0,23.025850929940454,0
363,Pass,0,0,0,23.025850929940454,0
364,Pass,0,0,0,23.025850929940454,0
365,Pass,0,0,0,23.025850929940454,0
366,Pass,0,0,0,23.025850929940454,0
367,Pass,0,0,0,23.025850929940454,0
368,Pass,0,0,0,23.025850929940454,0
369,Pass,0,0,0,23.025850929940454,0
370,Pass,0,0,0,23.025850929940454,0
371,Pass,0,0,0,23.025850929940454,0
372,Pass,0,0,0,23.025850929940454,0
373,Pass,0,0,0,23.025850929940454,0
374,Pass,0,0,0,23.025850929940454,0
375,Pass,0,0,0,23.025850929940454,0
376,Pass,0,0,0,23.025850929940454,0
377,Pass,0,0,0,23.025850929940454,0
378,Pass,0,0,0,23.025850929940454,0
379,Pass,0,0,0,23.025850929940454,0
380,Pass,0,0,0,23.025850929940454,0
381,Pass,0,0,0,23.025850929940454,0
382,Pass,0,0,0,23.025850929940454,0
383,Pass,0,0,0,23.025850929940454,0
384,Pass,0,0,0,23.025850929940454,0
385,Pass,0,0,0,23.025850929940454,0
386,Pass,0,0,0,23.025850929940454,0
387,Pass,0,0,0,23.025850929940454,0
388,Pass,0,0,0,23.025850929940454,0
389,Pass,0,0,0,23.025850929940454,0
390,Pass,0,0,0,23.025850929940454,0
391,Pass,0,0,0,23.025850929940454,0
392,Pass,0,0,0,23.025850929940454,0
393,Pass,0,0,0,23.025850929940454,0
394,Pass,0,0,0,23.025850929940454,0
395,Pass,0,0,0,23.025850929940454,0
396,Pass,0,0,0,23.025850929940454,0
397,Pass,0,0,0,23.025850929940454,0
398,Pass,0,0,0,23.025850929940454,0
399,Pass,0,0,0,23.025850929940454,0
400,Pass,0,0,0,23.025850929940454,0
401,Pass,0,0,0,23.025850929940454,0
402,Pass,0,0,0,23.025850929940454,0
403,Pass,0,0,0,23.025850929940454,0
404,Pass,0,0,0,23.025850929940454,0
405,Pass,0,0,0,23.025850929940454,0
406,Pass,0,0,0,23.025850929940454,0
407,Pass,0,0,0,23.025850929940454,0
408,Pass,0,0,0,23.025850929940454,0
409,Pass,0,0,0,23.025850929940454,0
410,Pass,0,0,0,23.025850929940454,0
411,Pass,0,0,0,23.025850929940454,0
412,Pass,0,0,0,23.025850929940454,0
413,Pass,0,0,0,23.025850929940454,0
414,Pass,0,0,0,23.025850929940454,0
415,Pass,0,0,0,23.025850929940454,0
416,Pass,0,0,0,23.025850929940454,0
417,Pass,0,0,0,23.025850929940454,0
418,Pass,0,0,0,23.025850929940454,0
419,Pass,0,0,0,23.025850929940454,0
420,Pass,0,0,0,23.025850929940454,0
421,Pass,0,0,0,23.025850929940454,0
422,Pass,0,0,0,23.025850929940454,0
423,Pass,0,0,0,23.025850929940454,0
424,Pass,0,0,0,23.025850929940454,0
425,Pass,0,0,0,23.025850929940454,0
426,Pass,0,0,0,23.025850929940454,0
427,Pass,0,0,0,23.025850929940454,0
428,Pass,0,0,0,23.025850929940454,0
429,Pass,0,0,0,23.025850929940454,0
430,Pass,0,0,0,23.025850929940454,0
431,Pass,0,0,0,23.025850929940454,0
432,Pass,0,0,0,23.025850929940454,0
433,Pass,0,0,0,23.025850929940454,0
434,Pass,0,0,0,23.025850929940454,0
435,Pass,0,0,0,23.025850929940454,0
436,Pass,0,0,0,23.025850929940454,0
437,Pass,0,0,0,23.025850929940454,0
438,Pass,0,0,0,23.025850929940454,0
439,Pass,0,0,0,23.025850929940454,0
440,Pass,0,0,0,23.025850929940454,0
441,Pass,0,0,0,23.025850929940454,0
442,Pass,0,0,0,23.025850929940454,0
443,Pass,0,0,0,23.025850929940454,0
444,Pass,0,0,0,23.025850929940454,0
445,Pass,0,0,0,23.025850929940454,0
446,Pass,0,0,0,23.025850929940454,0
447,Pass,0,0,0,23.025850929940454,0
448,Pass,0,0,0,23.025850929940454,0
449,Pass,0,0,0,23.025850929940454,0
450,Pass,0,0,0,23.025850929940454,0
451,Pass,0,0,0,23.025850929940454,0
452,Pass,0,0,0,23.025850929940454,0
453,Pass,0,0,0,23.025850929940454,0
454,Pass,0,0,0,23.025850929940454,0
455,Pass,0,0,0,23.025850929940454,0
456,Pass,0,0,0,23.025850929940454,0
457,Pass,0,0,0,23.025850929940454,0
458,Pass,0,0,0,23.025850929940454,0
459,Pass,0,0,0,23.025850929940454,0
460,Pass,0,0,0,23.025850929940454,0
461,Pass,0,0,0,23.025850929940454,0
462,Pass,0,0,0,23.025850929940454,0
463,Pass,0,0,0,23.025850929940454,0
464,Pass,0,0,0,23.025850929940454,0
465,Pass,0,0,0,23.025850929940454,0
466,Pass,0,0,0,23.025850929940454,0
467,Pass,0,0,0,23.025850929940454,0
468,Pass,0,0,0,23.025850929940454,0
469,Pass,0,0,0,23.025850929940454,0
470,Pass,0,0,0,23.025850929940454,0
471,Pass,0,0,0,23.025850929940454,0
472,Pass,0,0,0,23.025850929940454,0
473,Pass,0,0,0,23.025850929940454,0
474,Pass,0,0,0,23.025850929940454,0
475,Pass,0,0,0,23.025850929940454,0
476,Pass,0,0,0,23.025850929940454,0
477,Pass,0,0,0,23.025850929940454,0
478,Pass,0,0,0,23.025850929940454,0
479,Pass,0,0,0,23.025850929940454,0
480,Pass,0,0,0,23.025850929940454,0
481,Pass,0,0,0,23.025850929940454,0
482,Pass,0,0,0,23.025850929940454,0
483,Pass,0,0,0,23.025850929940454,0
484,Pass,0,0,0,23.025850929940454,0
485,Pass,0,0,0,23.025850929940454,0
486,Pass,0,0,0,23.025850929940454,0
487,Pass,0,0,0,23.025850929940454,0
488,Pass,0,0,0,23.025850929940454,0
489,Pass,0,0,0,23.025850929940454,0
490,Pass,0,0,0,23.025850929940454,0
491,Pass,0,0,0,23.025850929940454,0
492,Pass,0,0,0,23.025850929940454,0
493,Pass,0,0,0,23.025850929940454,0
494,Pass,0,0,0,23.025850929940454,0
495,Pass,0,0,0,23.025850929940454,0
496,Pass,0,0,0,23.025850929940454,0
497,Pass,0,0,0,23.025850929940454,0
498,Pass,0,0,0,23.025850929940454,0
499,Pass,0,0,0,23.025850929940454,0
500,Pass,0,0,0,23.025850929940454,0
501,Pass,0,0,0,23.025850929940454,0
502,Pass,0,0,0,23.025850929940454,0
503,Pass,0,0,0,23.025850929940454,0
504,Pass,0,0,0,23.025850929940454,0
505,Pass,0,0,0,23.025850929940454,0
506,Pass,0,0,0,23.025850929940454,0
507,Pass,0,0,0,23.025850929940454,0
508,Pass,0,0,0,23.025850929940454,0
509,Pass,0,0,0,23.025850929940454,0
510,Pass,0,0,0,23.025850929940454,0
511,Pass,0,0,0,23.025850929940454,0
512,Pass,0,0,0,23.025850929940454,0
513,Pass,0,0,0,23.025850929940454,0
514,Pass,0,0,0,23.025850929940454,0
515,Pass,0,0,0,23.025850929940454,0
516,Pass,0,0,0,23.025850929940454,0
517,Pass,0,0,0,23.025850929940454,0
518,Pass,0,0,0,23.025850929940454,0
519,Pass,0,0,0,23.025850929940454,0
520,Pass,0,0,0,23.025850929940454,0
521,Pass,0,0,0,23.025850929940454,0
522,Pass,0,0,0,23.025850929940454,0
523,Pass,0,0,0,23.025850929940454,0
524,Pass,0,0,0,23.025850929940454,0
525,Pass,0,0,0,23.025850929940454,0
526,Pass,0,0,0,23.025850929940454,0
527,Pass,0,0,0,23.025850929940454,0
528,Pass,0,0,0,23.025850929940454,0
529,Pass,0,0,0,23.025850929940454,0
530,Pass,0,0,0,23.025850929940454,0
531,Pass,0,0,0,23.025850929940454,0
532,Pass,0,0,0,23.025850929940454,0
533,Pass,0,0,0,23.025850929940454,0
534,Pass,0,0,0,23.025850929940454,0
535,Pass,0,0,0,23.025850929940454,0
536,Pass,0,0,0,23.025850929940454,0
537,Pass,0,0,0,23.025850929940454,0
538,Pass,0,0,0,23.025850929940454,0
539,Pass,0,0,0,23.025850929940454,0
540,Pass,0,0,0,23.025850929940454,0
541,Pass,0,0,0,23.025850929940454,0
542,Pass,0,0,0,23.025850929940454,0
543,Pass,0,0,0,23.025850929940454,0
544,Pass,0,0,0,23.025850929940454,0
545,Pass,0,0,0,23.025850929940454,0
546,Pass,0,0,0,23.025850929940454,0
547,Pass,0,0,0,23.025850929940454,0
548,Pass,0,0,0,23.025850929940454,0
549,Pass,0,0,0,23.025850929940454,0
550,Pass,0,0,0,23.025850929940454,0
551,Pass,0,0,0,23.025850929940454,0
552,Pass,0,0,0,23.025850929940454,0
553,Pass,0,0,0,23.025850929940454,0
554,Pass,0,0,0,23.025850929940454,0
555,Pass,0,0,0,23.025850929940454,0
556,Pass,0,0,0,23.025850929940454,0
557,Pass,0,0,0,23.025850929940454,0
558,Pass,0,0,0,23.025850929940454,0
559,Pass,0,0,0,23.025850929940454,0
560,Pass,0,0,0,23.025850929940454,0
561,Pass,0,0,0,23.025850929940454,0
562,Pass,0,0,0,23.025850929940454,0
563,Pass,0,0,0,23.025850929940454,0
564,Pass,0,0,0,23.025850929940454,0
565,Pass,0,0,0,23.025850929940454,0
566,Pass,0,0,0,23.025850929940454,0
567,Pass,0,0,0,23.025850929940454,0
568,Pass,0,0,0,23.025850929940454,0
569,Pass,0,0,0,23.025850929940454,0
570,Pass,0,0,0,23.025850929940454,0
571,Pass,0,0,0,23.025850929940454,0
572,Pass,0,0,0,23.025850929940454,0
573,Pass,0,0,0,23.025850929940454,0
574,Pass,0,0,0,23.025850929940454,0
575,Pass,0,0,0,23.025850929940454,0
576,Pass,0,0,0,23.025850929940454,0
577,Pass,0,0,0,23.025850929940454,0
578,Pass,0,0,0,23.025850929940454,0
579,Pass,0,0,0,23.025850929940454,0
580,Pass,0,0,0,23.025850929940454,0
581,Pass,0,0,0,23.025850929940454,0
582,Pass,0,0,0,23.025850929940454,0
583,Pass,0,0,0,23.025850929940454,0
584,Pass,0,0,0,23.025850929940454,0
585,Pass,0,0,0,23.025850929940454,0
586,Pass,0,0,0,23.025850929940454,0
587,Pass,0,0,0,23.025850929940454,0
588,Pass,0,0,0,23.025850929940454,0
589,Pass,0,0,0,23.025850929940454,0
590,Pass,0,0,0,23.025850929940454,0
591,Pass,0,0,0,23.025850929940454,0
592,Pass,0,0,0,23.025850929940454,0
593,Pass,0,0,0,23.025850929940454,0
594,Pass,0,0,0,23.025850929940454,0
595,Pass,0,0,0,23.025850929940454,0
596,Pass,0,0,0,23.025850929940454,0
597,Pass,0,0,0,23.025850929940454,0
598,Pass,0,0,0,23.025850929940454,0
599,Pass,0,0,0,23.025850929940454,0
600,Pass,0,0,0,-0.0,0
601,Pass,0,0,0,-0.0,0
602,Pass,0,0,0,-0.0,0
603,Pass,0,0,0,-0.0,0
604,Pass,0,0,0,23.025850929940454,0
605,Pass,0,0,0,-0.0,0
606,Pass,0,0,0,-0.0,0
607,Pass,0,0,0,23.025850929940454,0
608,Pass,0,0,0,23.025850929940454,0
609,Pass,0,0,0,23.025850929940454,0
610,Pass,0,0,0,1.0469787785107572,0
611,Pass,0,0,0,23.025850929940454,0
612,Pass,0,0,0,23.025850929940454,0
613,Pass,0,0,0,23.025850929940454,0
614,Pass,0,0,0,23.025850929940454,0
615,Pass,0,0,0,23.025850929940454,0
616,Pass,0,0,0,23.025850929940454,0
617,Pass,0,0,0,23.025850929940454,0
618,Pass,0,0,0,23.025850929940454,0
619,Pass,0,0,0,23.025850929940454,0
620,Pass,0,0,0,23.025850929940454,0
621,Pass,0,0,0,23.025850929940454,0
622,Pass,0,0,0,23.025850929940454,0
623,Pass,0,0,0,23.025850929940454,0
624,Pass,0,0,0,23.025850929940454,0
625,Pass,0,0,0,23.025850929940454,0
626,Pass,0,0,0,23.025850929940454,0
627,Pass,0,0,0,23.025850929940454,0
628,Pass,0,0,0,23.025850929940454,0
629,Pass,0,0,0,16.202885146842988,0
630,Pass,0,0,0,18.496008055694038,0
631,Pass,0,0,0,10.02708368853048,0
632,Pass,0,0,0,9.429816569614031,0
633,Pass,0,0,0,23.025850929940454,0
634,Pass,0,0,0,18.741618917286644,0
635,Pass,0,0,0,-0.0,0
636,Pass,0,0,0,-0.0,0
637,Pass,0,0,0,-0.0,0
638,Pass,0,0,0,-0.0,0
639,Pass,0,0,0,-0.0,0
640,Pass,0,0,0,-0.0,0
641,Pass,0,0,0,9.35451539842751,0
642,Pass,0,0,0,-0.0,0
643,Pass,0,0,0,-0.0,0
644,Pass,0,0,0,23.025850929940454,0
645,Pass,0,0,0,23.025850929940454,0
646,Pass,0,0,0,23.025850929940454,0
647,Pass,0,0,0,23.025850929940454,0
648,Pass,0,0,0,23.025850929940454,0
649,Pass,0,0,0,23.025850929940454,0
650,Pass,0,0,0,23.025850929940454,0
651,Pass,0,0,0,-0.0,0
652,Pass,0,0,0,-0.0,0
653,Pass,0,0,0,-0.0,0
654,Pass,0,0,0,22.623306958046754,0
655,Pass,0,0,0,17.750539415380118,0
656,Pass,0,0,0,11.392889952192467,0
657,Pass,0,0,0,23.025850929940454,0
658,Pass,0,0,0,23.025850929940454,0
659,Pass,0,0,0,12.638643183575025,0
660,Pass,0,0,0,20.601709653589122,0
661,Pass,0,0,0,0.09623519605635741,0
662,Pass,0,0,0,8.857314589690755,0
663,Pass,0,0,0,-0.0,0
664,Pass,0,0,0,-0.0,0
665,Pass,0,0,0,23.025850929940454,0
666,Pass,0,0,0,-0.0,0
667,Pass,0,0,0,-0.0,0
668,Pass,0,0,0,-0.0,0
669,Pass,0,0,0,17.316724783412063,0
670,Pass,0,0,0,-0.0,0
671,Pass,0,0,0,-0.0,0
672,Pass,0,0,0,-0.0,0
673,Pass,0,0,0,-0.0,0
674,Pass,0,0,0,-0.0,0
675,Pass,0,0,0,-0.0,0
676,Pass,0,0,0,-0.0,0
677,Pass,0,0,0,-0.0,0
678,Pass,0,0,0,-0.0,0
679,Pass,0,0,0,-0.0,0
680,Pass,0,0,0,-0.0,0
681,Pass,0,0,0,-0.0,0
682,Pass,0,0,0,-0.0,0
683,Pass,0,0,0,-0.0,0
684,Pass,0,0,0,-0.0,0
685,Pass,0,0,0,-0.0,0
686,Pass,0,0,0,-0.0,0
687,Pass,0,0,0,-0.0,0
688,Pass,0,0,0,-0.0,0
689,Pass,0,0,0,-0.0,0
690,Pass,0,0,0,17.183609195455034,0
691,Pass,0,0,0,-0.0,0
692,Pass,0,0,0,-0.0,0
693,Pass,0,0,0,-0.0,0
694,Pass,0,0,0,-0.0,0
695,Pass,0,0,0,-0.0,0
696,Pass,0,0,0,-0.0,0
697,Pass,0,0,0,-0.0,0
698,Pass,0,0,0,-0.0,0
699,Pass,0,0,0,-0.0,0
700,Pass,0,0,0,-0.0,0
701,Pass,0,0,0,-0.0,0
702,Pass,0,0,0,-0.0,0
703,Pass,0,0,0,-0.0,0
704,Pass,0,0,0,2.7714671840068235,0
705,Pass,0,0,0,-0.0,0
706,Pass,0,0,0,-0.0,0
707,Pass,0,0,0,-0.0,0
708,Pass,0,0,0,-0.0,0
709,Pass,0,0,0,-0.0,0
710,Pass,0,0,0,1.6058677587282795,0
711,Pass,0,0,0,23.025850929940454,0
712,Pass,0,0,0,8.679568331577048,0
713,Pass,0,0,0,-0.0,0
714,Pass,0,0,0,-0.0,0
715,Pass,0,0,0,23.025850929940454,0
716,Pass,0,0,0,23.025850929940454,0
717,Pass,0,0,0,-0.0,0
718,Pass,0,0,0,-0.0,0
719,Pass,0,0,0,21.78552529729229,0
720,Pass,0,0,0,-0.0,0
721,Pass,0,0,0,-0.0,0
722,Pass,0,0,0,-0.0,0
723,Pass,0,0,0,-0.0,0
724,Pass,0,0,0,23.025850929940454,0
725,Pass,0,0,0,-0.0,0
726,Pass,0,0,0,-0.0,0
727,Pass,0,0,0,-0.0,0
728,Pass,0,0,0,-0.0,0
729,Pass,0,0,0,-0.0,0
730,Pass,0,0,0,-0.0,0
731,Pass,0,0,0,-0.0,0
732,Pass,0,0,0,-0.0,0
733,Pass,0,0,0,-0.0,0
734,Pass,0,0,0,-0.0,0
735,Pass,0,0,0,23.025850929940454,0
736,Pass,0,0,0,23.025850929940454,0
737,Pass,0,0,0,-0.0,0
738,Pass,0,0,0,-0.0,0
739,Pass,0,0,0,23.025850929940454,0
740,Pass,0,0,0,23.025850929940454,0
741,Pass,0,0,0,23.025850929940454,0
742,Pass,0,0,0,23.025850929940454,0
743,Pass,0,0,0,23.025850929940454,0
744,Pass,0,0,0,23.025850929940454,0
745,Pass,0,0,0,23.025850929940454,0
746,Pass,0,0,0,23.025850929940454,0
747,Pass,0,0,0,23.025850929940454,0
748,Pass,0,0,0,23.025850929940454,0
749,Pass,0,0,0,23.025850929940454,0
750,Pass,0,0,0,23.025850929940454,0
751,Pass,0,0,0,23.025850929940454,0
752,Pass,0,0,0,23.025850929940454,0
753,Pass,0,0,0,23.025850929940454,0
754,Pass,0,0,0,23.025850929940454,0
755,Pass,0,0,0,-0.0,0
756,Pass,0,0,0,23.025850929940454,0
757,Pass,0,0,0,10.004441440706566,0
758,Pass,0,0,0,23.025850929940454,0
759,Pass,0,0,0,-0.0,0
760,Pass,0,0,0,23.025850929940454,0
761,Pass,0,0,0,-0.0,0
762,Pass,0,0,0,-0.0,0
763,Pass,0,0,0,-0.0,0
764,Pass,0,0,0,-0.0,0
765,Pass,0,0,0,-0.0,0
766,Pass,0,0,0,-0.0,0
767,Pass,0,0,0,-0.0,0
768,Pass,0,0,0,-0.0,0
769,Pass,0,0,0,-0.0,0
770,Pass,0,0,0,-0.0,0
771,Pass,0,0,0,-0.0,0
772,Pass,0,0,0,-0.0,0
773,Pass,0,0,0,-0.0,0
774,Pass,0,0,0,-0.0,0
775,Pass,0,0,0,-0.0,0
776,Pass,0,0,0,-0.0,0
777,Pass,0,0,0,-0.0,0
778,Pass,0,0,0,-0.0,0
779,Pass,0,0,0,-0.0,0
780,Pass,0,0,0,-0.0,0
781,Pass,0,0,0,-0.0,0
782,Pass,0,0,0,-0.0,0
783,Pass,0,0,0,-0.0,0
784,Pass,0,0,0,-0.0,0
785,Pass,0,0,0,-0.0,0
786,Pass,0,0,0,-0.0,0
787,Pass,0,0,0,-0.0,0
788,Pass,0,0,0,-0.0,0
789,Pass,0,0,0,-0.0,0
790,Pass,0,0,0,-0.0,0
791,Pass,0,0,0,-0.0,0
792,Pass,0,0,0,-0.0,0
793,Pass,0,0,0,-0.0,0
794,Pass,0,0,0,-0.0,0
795,Pass,0,0,0,-0.0,0
796,Pass,0,0,0,-0.0,0
797,Pass,0,0,0,-0.0,0
798,Pass,0,0,0,-0.0,0
799,Pass,0,0,0,-0.0,0
800,Pass,0,0,0,-0.0,0
801,Pass,0,0,0,-0.0,0
802,Pass,0,0,0,-0.0,0
803,Pass,0,0,0,-0.0,0
804,Pass,0,0,0,-0.0,0
805,Pass,0,0,0,-0.0,0
806,Pass,0,0,0,-0.0,0
807,Pass,0,0,0,-0.0,0
808,Pass,0,0,0,-0.0,0
809,Pass,0,0,0,-0.0,0
810,Pass,0,0,0,-0.0,0
811,Pass,0,0,0,-0.0,0
812,Pass,0,0,0,-0.0,0
813,Pass,0,0,0,-0.0,0
814,Pass,0,0,0,-0.0,0
815,Pass,0,0,0,-0.0,0
816,Pass,0,0,0,-0.0,0
817,Pass,0,0,0,-0.0,0
818,Pass,0,0,0,-0.0,0
819,Pass,0,0,0,-0.0,0
820,Pass,0,0,0,-0.0,0
821,Pass,0,0,0,-0.0,0
822,Pass,0,0,0,-0.0,0
823,Pass,0,0,0,-0.0,0
824,Pass,0,0,0,-0.0,0
825,Pass,0,0,0,-0.0,0
826,Pass,0,0,0,-0.0,0
827,Pass,0,0,0,-0.0,0
828,Pass,0,0,0,-0.0,0
829,Pass,0,0,0,-0.0,0
830,Pass,0,0,0,-0.0,0
831,Pass,0,0,0,-0.0,0
832,Pass,0,0,0,-0.0,0
833,Pass,0,0,0,-0.0,0
834,Pass,0,0,0,-0.0,0
835,Pass,0,0,0,-0.0,0
836,Pass,0,0,0,-0.0,0
837,Pass,0,0,0,-0.0,0
838,Pass,0,0,0,-0.0,0
839,Pass,0,0,0,-0.0,0
840,Pass,0,0,0,-0.0,0
841,Pass,0,0,0,-0.0,0
842,Pass,0,0,0,-0.0,0
843,Pass,0,0,0,-0.0,0
844,Pass,0,0,0,-0.0,0
845,Pass,0,0,0,-0.0,0
846,Pass,0,0,0,-0.0,0
847,Pass,0,0,0,-0.0,0
848,Pass,0,0,0,-0.0,0
849,Pass,0,0,0,-0.0,0
850,Pass,0,0,0,-0.0,0
851,Pass,0,0,0,-0.0,0
852,Pass,0,0,0,-0.0,0
853,Pass,0,0,0,-0.0,0
854,Pass,0,0,0,-0.0,0
855,Pass,0,0,0,-0.0,0
856,Pass,0,0,0,-0.0,0
857,Pass,0,0,0,-0.0,0
858,Pass,0,0,0,-0.0,0
859,Pass,0,0,0,-0.0,0
860,Pass,0,0,0,-0.0,0
861,Pass,0,0,0,-0.0,0
862,Pass,0,0,0,-0.0,0
863,Pass,0,0,0,-0.0,0
864,Pass,0,0,0,-0.0,0
865,Pass,0,0,0,-0.0,0
866,Pass,0,0,0,-0.0,0
867,Pass,0,0,0,-0.0,0
868,Pass,0,0,0,-0.0,0
869,Pass,0,0,0,-0.0,0
870,Pass,0,0,0,-0.0,0
871,Pass,0,0,0,-0.0,0
872,Pass,0,0,0,-0.0,0
873,Pass,0,0,0,-0.0,0
874,Pass,0,0,0,-0.0,0
875,Pass,0,0,0,-0.0,0
876,Pass,0,0,0,-0.0,0
877,Pass,0,0,0,-0.0,0
878,Pass,0,0,0,-0.0,0
879,Pass,0,0,0,-0.0,0
880,Pass,0,0,0,-0.0,0
881,Pass,0,0,0,-0.0,0
882,Pass,0,0,0,-0.0,0
883,Pass,0,0,0,-0.0,0
884,Pass,0,0,0,-0.0,0
885,Pass,0,0,0,-0.0,0
886,Pass,0,0,0,-0.0,0
887,Pass,0,0,0,-0.0,0
888,Pass,0,0,0,-0.0,0
889,Pass,0,0,0,-0.0,0
890,Pass,0,0,0,-0.0,0
891,Pass,0,0,0,-0.0,0
892,Pass,0,0,0,-0.0,0
893,Pass,0,0,0,-0.0,0
894,Pass,0,0,0,-0.0,0
895,Pass,0,0,0,-0.0,0
896,Pass,0,0,0,-0.0,0
897,Pass,0,0,0,-0.0,0
898,Pass,0,0,0,-0.0,0
899,Pass,0,0,0,-0.0,0
900,Pass,0,0,0,11.457234642824833,0
901,Pass,0,0,0,-0.0,0
902,Pass,0,0,0,-0.0,0
903,Pass,0,0,0,-0.0,0
904,Pass,0,0,0,-0.0,0
905,Pass,0,0,0,-0.0,0
906,Pass,0,0,0,-0.0,0
907,Pass,0,0,0,23.025850929940454,0
908,Pass,0,0,0,0.3422866800374424,0
909,Pass,0,0,0,6.070468611616162,0
910,Pass,0,0,0,-0.0,0
911,Pass,0,0,0,23.025850929940454,0
912,Pass,0,0,0,5.59464752398886,0
913,Pass,0,0,0,-0.0,0
914,Pass,0,0,0,23.025850929940454,0
915,Pass,0,0,0,7.304263977599431,0
916,Pass,0,0,0,23.025850929940454,0
917,Pass,0,0,0,-0.0,0
918,Pass,0,0,0,-0.0,0
919,Pass,0,0,0,23.025850929940454,0
920,Pass,0,0,0,23.025850929940454,0
921,Pass,0,0,0,23.025850929940454,0
922,Pass,0,0,0,23.025850929940454,0
923,Pass,0,0,0,23.025850929940454,0
924,Pass,0,0,0,18.71154413356663,0
925,Pass,0,0,0,23.025850929940454,0
926,Pass,0,0,0,23.025850929940454,0
927,Pass,0,0,0,23.025850929940454,0
928,Pass,0,0,0,11.813622525299767,0
929,Pass,0,0,0,23.025850929940454,0
930,Pass,0,0,0,23.025850929940454,0
931,Pass,0,0,0,23.025850929940454,0
932,Pass,0,0,0,23.025850929940454,0
933,Pass,0,0,0,23.025850929940454,0
934,Pass,0,0,0,23.025850929940454,0
935,Pass,0,0,0,23.025850929940454,0
936,Pass,0,0,0,23.025850929940454,0
937,Pass,0,0,0,23.025850929940454,0
938,Pass,0,0,0,23.025850929940454,0
939,Pass,0,0,0,23.025850929940454,0
940,Pass,0,0,0,23.025850929940454,0
941,Pass,0,0,0,23.025850929940454,0
942,Pass,0,0,0,23.025850929940454,0
943,Pass,0,0,0,23.025850929940454,0
944,Pass,0,0,0,23.025850929940454,0
945,Pass,0,0,0,23.025850929940454,0
946,Pass,0,0,0,23.025850929940454,0
947,Pass,0,0,0,23.025850929940454,0
948,Pass,0,0,0,23.025850929940454,0
949,Pass,0,0,0,23.025850929940454,0
950,Pass,0,0,0,23.025850929940454,0
951,Pass,0,0,0,-0.0,0
952,Pass,0,0,0,-0.0,0
953,Pass,0,0,0,-0.0,0
954,Pass,0,0,0,-0.0,0
955,Pass,0,0,0,-0.0,0
956,Pass,0,0,0,-0.0,0
957,Pass,0,0,0,-0.0,0
958,Pass,0,0,0,-0.0,0
959,Pass,0,0,0,-0.0,0
960,Pass,0,0,0,-0.0,0
961,Pass,0,0,0,-0.0,0
962,Pass,0,0,0,-0.0,0
963,Pass,0,0,0,-0.0,0
964,Pass,0,0,0,-0.0,0
965,Pass,0,0,0,-0.0,0
966,Pass,0,0,0,-0.0,0
967,Pass,0,0,0,-0.0,0
968,Pass,0,0,0,-0.0,0
969,Pass,0,0,0,-0.0,0
970,Pass,0,0,0,-0.0,0
971,Pass,0,0,0,-0.0,0
972,Pass,0,0,0,-0.0,0
973,Pass,0,0,0,-0.0,0
974,Pass,0,0,0,-0.0,0
975,Pass,0,0,0,-0.0,0
976,Pass,0,0,0,-0.0,0
977,Pass,0,0,0,-0.0,0
978,Pass,0,0,0,-0.0,0
979,Pass,0,0,0,-0.0,0
980,Pass,0,0,0,-0.0,0
981,Pass,0,0,0,-0.0,0
982,Pass,0,0,0,-0.0,0
983,Pass,0,0,0,-0.0,0
984,Pass,0,0,0,-0.0,0
985,Pass,0,0,0,-0.0,0
986,Pass,0,0,0,-0.0,0
987,Pass,0,0,0,-0.0,0
988,Pass,0,0,0,-0.0,0
989,Pass,0,0,0,-0.0,0
990,Pass,0,0,0,-0.0,0
991,Pass,0,0,0,-0.0,0
992,Pass,0,0,0,-0.0,0
993,Pass,0,0,0,-0.0,0
994,Pass,0,0,0,-0.0,0
995,Pass,0,0,0,-0.0,0
996,Pass,0,0,0,-0.0,0
997,Pass,0,0,0,-0.0,0
998,Pass,0,0,0,-0.0,0
999,Pass,0,0,0,-0.0,0
1000,Pass,0,0,0,-0.0,0
1001,Pass,0,0,0,-0.0,0
1002,Pass,0,0,0,-0.0,0
1003,Pass,0,0,0,-0.0,0
1004,Pass,0,0,0,-0.0,0
1005,Pass,0,0,0,-0.0,0
1006,Pass,0,0,0,-0.0,0
1007,Pass,0,0,0,-0.0,0
1008,Pass,0,0,0,-0.0,0
1009,Pass,0,0,0,-0.0,0
1010,Pass,0,0,0,-0.0,0
1011,Pass,0,0,0,-0.0,0
1012,Pass,0,0,0,-0.0,0
1013,Pass,0,0,0,-0.0,0
1014,Pass,0,0,0,-0.0,0
1015,Pass,0,0,0,-0.0,0
1016,Pass,0,0,0,-0.0,0
1017,Pass,0,0,0,-0.0,0
1018,Pass,0,0,0,-0.0,0
1019,Pass,0,0,0,-0.0,0
1020,Pass,0,0,0,-0.0,0
1021,Pass,0,0,0,-0.0,0
1022,Pass,0,0,0,-0.0,0
1023,Pass,0,0,0,-0.0,0
1024,Pass,0,0,0,-0.0,0
1025,Pass,0,0,0,-0.0,0
1026,Pass,0,0,0,-0.0,0
1027,Pass,0,0,0,-0.0,0
1028,Pass,0,0,0,-0.0,0
1029,Pass,0,0,0,-0.0,0
1030,Pass,0,0,0,-0.0,0
1031,Pass,0,0,0,-0.0,0
1032,Pass,0,0,0,-0.0,0
1033,Pass,0,0,0,-0.0,0
1034,Pass,0,0,0,-0.0,0
1035,Pass,0,0,0,-0.0,0
1036,Pass,0,0,0,-0.0,0
1037,Pass,0,0,0,-0.0,0
1038,Pass,0,0,0,-0.0,0
1039,Pass,0,0,0,-0.0,0
1040,Pass,0,0,0,-0.0,0
1041,Pass,0,0,0,-0.0,0
1042,Pass,0,0,0,-0.0,0
1043,Pass,0,0,0,-0.0,0
1044,Pass,0,0,0,-0.0,0
1045,Pass,0,0,0,-0.0,0
1046,Pass,0,0,0,-0.0,0
1047,Pass,0,0,0,-0.0,0
1048,Pass,0,0,0,-0.0,0
1049,Pass,0,0,0,-0.0,0
1050,Pass,0,0,0,-0.0,0
1051,Pass,0,0,0,-0.0,0
1052,Pass,0,0,0,-0.0,0
1053,Pass,0,0,0,-0.0,0
1054,Pass,0,0,0,-0.0,0
1055,Pass,0,0,0,-0.0,0
1056,Pass,0,0,0,-0.0,0
1057,Pass,0,0,0,-0.0,0
1058,Pass,0,0,0,-0.0,0
1059,Pass,0,0,0,-0.0,0
1060,Pass,0,0,0,-0.0,0
1061,Pass,0,0,0,-0.0,0
1062,Pass,0,0,0,-0.0,0
1063,Pass,0,0,0,-0.0,0
1064,Pass,0,0,0,-0.0,0
1065,Pass,0,0,0,-0.0,0
1066,Pass,0,0,0,-0.0,0
1067,Pass,0,0,0,-0.0,0
1068,Pass,0,0,0,-0.0,0
1069,Pass,0,0,0,-0.0,0
1070,Pass,0,0,0,-0.0,0
1071,Pass,0,0,0,-0.0,0
1072,Pass,0,0,0,-0.0,0
1073,Pass,0,0,0,-0.0,0
1074,Pass,0,0,0,-0.0,0
1075,Pass,0,0,0,-0.0,0
1076,Pass,0,0,0,-0.0,0
1077,Pass,0,0,0,-0.0,0
1078,Pass,0,0,0,-0.0,0
1079,Pass,0,0,0,-0.0,0
1080,Pass,0,0,0,-0.0,0
1081,Pass,0,0,0,3.219263903339561,0
1082,Pass,0,0,0,-0.0,0
1083,Pass,0,0,0,-0.0,0
1084,Pass,0,0,0,-0.0,0
1085,Pass,0,0,0,-0.0,0
1086,Pass,0,0,0,-0.0,0
1087,Pass,0,0,0,-0.0,0
1088,Pass,0,0,0,-0.0,0
1089,Pass,0,0,0,-0.0,0
1090,Pass,0,0,0,23.025850929940454,0
1091,Pass,0,0,0,-0.0,0
1092,Pass,0,0,0,-0.0,0
1093,Pass,0,0,0,-0.0,0
1094,Pass,0,0,0,-0.0,0
1095,Pass,0,0,0,-0.0,0
1096,Pass,0,0,0,-0.0,0
1097,Pass,0,0,0,-0.0,0
1098,Pass,0,0,0,-0.0,0
1099,Pass,0,0,0,-0.0,0
1100,Pass,0,0,0,-0.0,0
1101,Pass,0,0,0,-0.0,0
1102,Pass,0,0,0,-0.0,0
1103,Pass,0,0,0,-0.0,0
1104,Pass,0,0,0,-0.0,0
1105,Pass,0,0,0,-0.0,0
1106,Pass,0,0,0,2.1793128019849917,0
1107,Pass,0,0,0,-0.0,0
1108,Pass,0,0,0,-0.0,0
1109,Pass,0,0,0,-0.0,0
1110,Pass,0,0,0,-0.0,0
1111,Pass,0,0,0,-0.0,0
1112,Pass,0,0,0,-0.0,0
1113,Pass,0,0,0,-0.0,0
1114,Pass,0,0,0,-0.0,0
1115,Pass,0,0,0,-0.0,0
1116,Pass,0,0,0,-0.0,0
1117,Pass,0,0,0,-0.0,0
1118,Pass,0,0,0,-0.0,0
1119,Pass,0,0,0,-0.0,0
1120,Pass,0,0,0,-0.0,0
1121,Pass,0,0,0,-0.0,0
1122,Pass,0,0,0,-0.0,0
1123,Pass,0,0,0,-0.0,0
1124,Pass,0,0,0,-0.0,0
1125,Pass,0,0,0,-0.0,0
1126,Pass,0,0,0,-0.0,0
1127,Pass,0,0,0,-0.0,0
1128,Pass,0,0,0,-0.0,0
1129,Pass,0,0,0,-0.0,0
1130,Pass,0,0,0,-0.0,0
1131,Pass,0,0,0,-0.0,0
1132,Pass,0,0,0,-0.0,0
1133,Pass,0,0,0,-0.0,0
1134,Pass,0,0,0,-0.0,0
1135,Pass,0,0,0,-0.0,0
1136,Pass,0,0,0,-0.0,0
1137,Pass,0,0,0,-0.0,0
1138,Pass,0,0,0,12.110357299086317,0
1139,Pass,0,0,0,-0.0,0
1140,Pass,0,0,0,-0.0,0
1141,Pass,0,0,0,-0.0,0
1142,Pass,0,0,0,-0.0,0
1143,Pass,0,0,0,-0.0,0
1144,Pass,0,0,0,23.025850929940454,0
1145,Pass,0,0,0,-0.0,0
1146,Pass,0,0,0,-0.0,0
1147,Pass,0,0,0,-0.0,0
1148,Pass,0,0,0,1.15319951126678,0
1149,Pass,0,0,0,-0.0,0
1150,Pass,0,0,0,23.025850929940454,0
1151,Pass,0,0,0,23.025850929940454,0
1152,Pass,0,0,0,23.025850929940454,0
1153,Pass,0,0,0,23.025850929940454,0
1154,Pass,0,0,0,23.025850929940454,0
1155,Pass,0,0,0,12.27910553002829,0
1156,Pass,0,0,0,23.025850929940454,0
1157,Pass,0,0,0,12.730934339888783,0
1158,Pass,0,0,0,23.025850929940454,0
1159,Pass,0,0,0,-0.0,0
1160,Pass,0,0,0,16.80782408188305,0
1161,Pass,0,0,0,23.025850929940454,0
1162,Pass,0,0,0,16.26264395499703,0
1163,Pass,0,0,0,21.184318243766707,0
1164,Pass,0,0,0,15.38707456736278,0
1165,Pass,0,0,0,19.560330052297303,0
1166,Pass,0,0,0,23.025850929940454,0
1167,Pass,0,0,0,23.025850929940454,0
1168,Pass,0,0,0,23.025850929940454,0
1169,Pass,0,0,0,23.025850929940454,0
1170,Pass,0,0,0,17.5019146620749,0
1171,Pass,0,0,0,-0.0,0
1172,Pass,0,0,0,-0.0,0
1173,Pass,0,0,0,-0.0,0
1174,Pass,0,0,0,-0.0,0
1175,Pass,0,0,0,7.302267840763787,0
1176,Pass,0,0,0,12.176989669678585,0
1177,Pass,0,0,0,-0.0,0
1178,Pass,0,0,0,-0.0,0
1179,Pass,0,0,0,-0.0,0
1180,Pass,0,0,0,-0.0,0
1181,Pass,0,0,0,-0.0,0
1182,Pass,0,0,0,-0.0,0
1183,Pass,0,0,0,-0.0,0
1184,Pass,0,0,0,-0.0,0
1185,Pass,0,0,0,5.867770434273246,0
1186,Pass,0,0,0,-0.0,0
1187,Pass,0,0,0,-0.0,0
1188,Pass,0,0,0,-0.0,0
1189,Pass,0,0,0,-0.0,0
1190,Pass,0,0,0,-0.0,0
1191,Pass,0,0,0,-0.0,0
1192,Pass,0,0,0,-0.0,0
1193,Pass,0,0,0,-0.0,0
1194,Pass,0,0,0,13.9236799735443,0
1195,Pass,0,0,0,23.025850929940454,0
1196,Pass,0,0,0,23.025850929940454,0
1197,Pass,0,0,0,23.025850929940454,0
1198,Pass,0,0,0,23.025850929940454,0
1199,Pass,0,0,0,23.025850929940454,0
1200,Pass,0,0,0,23.025850929940454,0
1201,Pass,0,0,0,23.025850929940454,0
1202,Pass,0,0,0,23.025850929940454,0
1203,Pass,0,0,0,23.025850929940454,0
1204,Pass,0,0,0,23.025850929940454,0
1205,Pass,0,0,0,23.025850929940454,0
1206,Pass,0,0,0,23.025850929940454,0
1207,Pass,0,0,0,23.025850929940454,0
1208,Pass,0,0,0,23.025850929940454,0
1209,Pass,0,0,0,23.025850929940454,0
1210,Pass,0,0,0,23.025850929940454,0
1211,Pass,0,0,0,23.025850929940454,0
1212,Pass,0,0,0,23.025850929940454,0
1213,Pass,0,0,0,23.025850929940454,0
1214,Pass,0,0,0,23.025850929940454,0
1215,Pass,0,0,0,23.025850929940454,0
1216,Pass,0,0,0,23.025850929940454,0
1217,Pass,0,0,0,23.025850929940454,0
1218,Pass,0,0,0,23.025850929940454,0
1219,Pass,0,0,0,23.025850929940454,0
1220,Pass,0,0,0,23.025850929940454,0
1221,Pass,0,0,0,23.025850929940454,0
1222,Pass,0,0,0,23.025850929940454,0
1223,Pass,0,0,0,23.025850929940454,0
1224,Pass,0,0,0,23.025850929940454,0
1225,Pass,0,0,0,23.025850929940454,0
1226,Pass,0,0,0,23.025850929940454,0
1227,Pass,0,0,0,23.025850929940454,0
1228,Pass,0,0,0,23.025850929940454,0
1229,Pass,0,0,0,23.025850929940454,0
1230,Pass,0,0,0,23.025850929940454,0
1231,Pass,0,0,0,23.025850929940454,0
1232,Pass,0,0,0,23.025850929940454,0
1233,Pass,0,0,0,23.025850929940454,0
1234,Pass,0,0,0,23.025850929940454,0
1235,Pass,0,0,0,23.025850929940454,0
1236,Pass,0,0,0,23.025850929940454,0
1237,Pass,0,0,0,23.025850929940454,0
1238,Pass,0,0,0,23.025850929940454,0
1239,Pass,0,0,0,23.025850929940454,0
1240,Pass,0,0,0,23.025850929940454,0
1241,Pass,0,0,0,23.025850929940454,0
1242,Pass,0,0,0,23.025850929940454,0
1243,Pass,0,0,0,23.025850929940454,0
1244,Pass,0,0,0,23.025850929940454,0
1245,Pass,0,0,0,23.025850929940454,0
1246,Pass,0,0,0,23.025850929940454,0
1247,Pass,0,0,0,23.025850929940454,0
1248,Pass,0,0,0,23.025850929940454,0
1249,Pass,0,0,0,23.025850929940454,0
1250,Pass,0,0,0,23.025850929940454,0
1251,Pass,0,0,0,23.025850929940454,0
1252,Pass,0,0,0,23.025850929940454,0
1253,Pass,0,0,0,23.025850929940454,0
1254,Pass,0,0,0,23.025850929940454,0
1255,Pass,0,0,0,23.025850929940454,0
1256,Pass,0,0,0,23.025850929940454,0
1257,Pass,0,0,0,23.025850929940454,0
1258,Pass,0,0,0,23.025850929940454,0
1259,Pass,0,0,0,23.025850929940454,0
1260,Pass,0,0,0,23.025850929940454,0
1261,Pass,0,0,0,23.025850929940454,0
1262,Pass,0,0,0,23.025850929940454,0
1263,Pass,0,0,0,23.025850929940454,0
1264,Pass,0,0,0,23.025850929940454,0
1265,Pass,0,0,0,23.025850929940454,0
1266,Pass,0,0,0,23.025850929940454,0
1267,Pass,0,0,0,23.025850929940454,0
1268,Pass,0,0,0,23.025850929940454,0
1269,Pass,0,0,0,23.025850929940454,0
1270,Pass,0,0,0,23.025850929940454,0
1271,Pass,0,0,0,23.025850929940454,0
1272,Pass,0,0,0,23.025850929940454,0
1273,Pass,0,0,0,23.025850929940454,0
1274,Pass,0,0,0,23.025850929940454,0
1275,Pass,0,0,0,23.025850929940454,0
1276,Pass,0,0,0,23.025850929940454,0
1277,Pass,0,0,0,23.025850929940454,0
1278,Pass,0,0,0,23.025850929940454,0
1279,Pass,0,0,0,23.025850929940454,0
1280,Pass,0,0,0,23.025850929940454,0
1281,Pass,0,0,0,23.025850929940454,0
1282,Pass,0,0,0,23.025850929940454,0
1283,Pass,0,0,0,23.025850929940454,0
1284,Pass,0,0,0,23.025850929940454,0
1285,Pass,0,0,0,23.025850929940454,0
1286,Pass,0,0,0,23.025850929940454,0
1287,Pass,0,0,0,23.025850929940454,0
1288,Pass,0,0,0,23.025850929940454,0
1289,Pass,0,0,0,23.025850929940454,0
1290,Pass,0,0,0,23.025850929940454,0
1291,Pass,0,0,0,23.025850929940454,0
1292,Pass,0,0,0,23.025850929940454,0
1293,Pass,0,0,0,23.025850929940454,0
1294,Pass,0,0,0,23.025850929940454,0
1295,Pass,0,0,0,23.025850929940454,0
1296,Pass,0,0,0,23.025850929940454,0
1297,Pass,0,0,0,23.025850929940454,0
1298,Pass,0,0,0,23.025850929940454,0
1299,Pass,0,0,0,23.025850929940454,0
1300,Pass,0,0,0,23.025850929940454,0
1301,Pass,0,0,0,23.025850929940454,0
1302,Pass,0,0,0,23.025850929940454,0
1303,Pass,0,0,0,23.025850929940454,0
1304,Pass,0,0,0,23.025850929940454,0
1305,Pass,0,0,0,23.025850929940454,0
1306,Pass,0,0,0,23.025850929940454,0
1307,Pass,0,0,0,23.025850929940454,0
1308,Pass,0,0,0,23.025850929940454,0
1309,Pass,0,0,0,23.025850929940454,0
1310,Pass,0,0,0,23.025850929940454,0
1311,Pass,0,0,0,23.025850929940454,0
1312,Pass,0,0,0,23.025850929940454,0
1313,Pass,0,0,0,23.025850929940454,0
1314,Pass,0,0,0,23.025850929940454,0
1315,Pass,0,0,0,23.025850929940454,0
1316,Pass,0,0,0,23.025850929940454,0
1317,Pass,0,0,0,23.025850929940454,0
1318,Pass,0,0,0,23.025850929940454,0
1319,Pass,0,0,0,23.025850929940454,0
1320,Pass,0,0,0,23.025850929940454,0
1321,Pass,0,0,0,23.025850929940454,0
1322,Pass,0,0,0,23.025850929940454,0
1323,Pass,0,0,0,23.025850929940454,0
1324,Pass,0,0,0,23.025850929940454,0
1325,Pass,0,0,0,23.025850929940454,0
1326,Pass,0,0,0,23.025850929940454,0
1327,Pass,0,0,0,23.025850929940454,0
1328,Pass,0,0,0,23.025850929940454,0
1329,Pass,0,0,0,23.025850929940454,0
1330,Pass,0,0,0,23.025850929940454,0
1331,Pass,0,0,0,23.025850929940454,0
1332,Pass,0,0,0,23.025850929940454,0
1333,Pass,0,0,0,23.025850929940454,0
1334,Pass,0,0,0,23.025850929940454,0
1335,Pass,0,0,0,23.025850929940454,0
1336,Pass,0,0,0,23.025850929940454,0
1337,Pass,0,0,0,23.025850929940454,0
1338,Pass,0,0,0,23.025850929940454,0
1339,Pass,0,0,0,23.025850929940454,0
1340,Pass,0,0,0,23.025850929940454,0
1341,Pass,0,0,0,23.025850929940454,0
1342,Pass,0,0,0,23.025850929940454,0
1343,Pass,0,0,0,23.025850929940454,0
1344,Pass,0,0,0,23.025850929940454,0
1345,Pass,0,0,0,23.025850929940454,0
1346,Pass,0,0,0,23.025850929940454,0
1347,Pass,0,0,0,23.025850929940454,0
1348,Pass,0,0,0,23.025850929940454,0
1349,Pass,0,0,0,23.025850929940454,0
1350,Pass,0,0,0,23.025850929940454,0
1351,Pass,0,0,0,23.025850929940454,0
1352,Pass,0,0,0,23.025850929940454,0
1353,Pass,0,0,0,23.025850929940454,0
1354,Pass,0,0,0,23.025850929940454,0
1355,Pass,0,0,0,23.025850929940454,0
1356,Pass,0,0,0,23.025850929940454,0
1357,Pass,0,0,0,23.025850929940454,0
1358,Pass,0,0,0,23.025850929940454,0
1359,Pass,0,0,0,23.025850929940454,0
1360,Pass,0,0,0,23.025850929940454,0
1361,Pass,0,0,0,23.025850929940454,0
1362,Pass,0,0,0,23.025850929940454,0
1363,Pass,0,0,0,23.025850929940454,0
1364,Pass,0,0,0,23.025850929940454,0
1365,Pass,0,0,0,23.025850929940454,0
1366,Pass,0,0,0,23.025850929940454,0
1367,Pass,0,0,0,23.025850929940454,0
1368,Pass,0,0,0,23.025850929940454,0
1369,Pass,0,0,0,23.025850929940454,0
1370,Pass,0,0,0,23.025850929940454,0
1371,Pass,0,0,0,23.025850929940454,0
1372,Pass,0,0,0,23.025850929940454,0
1373,Pass,0,0,0,23.025850929940454,0
1374,Pass,0,0,0,23.025850929940454,0
1375,Pass,0,0,0,23.025850929940454,0
1376,Pass,0,0,0,23.025850929940454,0
1377,Pass,0,0,0,23.025850929940454,0
1378,Pass,0,0,0,23.025850929940454,0
1379,Pass,0,0,0,23.025850929940454,0
1380,Pass,0,0,0,23.025850929940454,0
1381,Pass,0,0,0,23.025850929940454,0
1382,Pass,0,0,0,23.025850929940454,0
1383,Pass,0,0,0,23.025850929940454,0
1384,Pass,0,0,0,23.025850929940454,0
1385,Pass,0,0,0,23.025850929940454,0
1386,Pass,0,0,0,23.025850929940454,0
1387,Pass,0,0,0,23.025850929940454,0
1388,Pass,0,0,0,23.025850929940454,0
1389,Pass,0,0,0,23.025850929940454,0
1390,Pass,0,0,0,23.025850929940454,0
1391,Pass,0,0,0,23.025850929940454,0
1392,Pass,0,0,0,23.025850929940454,0
1393,Pass,0,0,0,23.025850929940454,0
1394,Pass,0,0,0,23.025850929940454,0
1395,Pass,0,0,0,23.025850929940454,0
1396,Pass,0,0,0,23.025850929940454,0
1397,Pass,0,0,0,23.025850929940454,0
1398,Pass,0,0,0,23.025850929940454,0
1399,Pass,0,0,0,23.025850929940454,0
1400,Pass,0,0,0,23.025850929940454,0
1401,Pass,0,0,0,23.025850929940454,0
1402,Pass,0,0,0,23.025850929940454,0
1403,Pass,0,0,0,23.025850929940454,0
1404,Pass,0,0,0,23.025850929940454,0
1405,Pass,0,0,0,23.025850929940454,0
1406,Pass,0,0,0,23.025850929940454,0
1407,Pass,0,0,0,23.025850929940454,0
1408,Pass,0,0,0,23.025850929940454,0
1409,Pass,0,0,0,23.025850929940454,0
1410,Pass,0,0,0,23.025850929940454,0
1411,Pass,0,0,0,23.025850929940454,0
1412,Pass,0,0,0,23.025850929940454,0
1413,Pass,0,0,0,23.025850929940454,0
1414,Pass,0,0,0,23.025850929940454,0
1415,Pass,0,0,0,23.025850929940454,0
1416,Pass,0,0,0,23.025850929940454,0
1417,Pass,0,0,0,23.025850929940454,0
1418,Pass,0,0,0,23.025850929940454,0
1419,Pass,0,0,0,23.025850929940454,0
1420,Pass,0,0,0,23.025850929940454,0
1421,Pass,0,0,0,23.025850929940454,0
1422,Pass,0,0,0,23.025850929940454,0
1423,Pass,0,0,0,23.025850929940454,0
1424,Pass,0,0,0,23.025850929940454,0
1425,Pass,0,0,0,23.025850929940454,0
1426,Pass,0,0,0,23.025850929940454,0
1427,Pass,0,0,0,23.025850929940454,0
1428,Pass,0,0,0,23.025850929940454,0
1429,Pass,0,0,0,23.025850929940454,0
1430,Pass,0,0,0,23.025850929940454,0
1431,Pass,0,0,0,23.025850929940454,0
1432,Pass,0,0,0,23.025850929940454,0
1433,Pass,0,0,0,23.025850929940454,0
1434,Pass,0,0,0,23.025850929940454,0
1435,Pass,0,0,0,23.025850929940454,0
1436,Pass,0,0,0,23.025850929940454,0
1437,Pass,0,0,0,23.025850929940454,0
1438,Pass,0,0,0,23.025850929940454,0
1439,Pass,0,0,0,23.025850929940454,0
1440,Pass,0,0,0,23.025850929940454,0
1441,Pass,0,0,0,23.025850929940454,0
1442,Pass,0,0,0,23.025850929940454,0
1443,Pass,0,0,0,23.025850929940454,0
1444,Pass,0,0,0,23.025850929940454,0
1445,Pass,0,0,0,23.025850929940454,0
1446,Pass,0,0,0,23.025850929940454,0
1447,Pass,0,0,0,23.025850929940454,0
1448,Pass,0,0,0,23.025850929940454,0
1449,Pass,0,0,0,23.025850929940454,0
1450,Pass,0,0,0,23.025850929940454,0
1451,Pass,0,0,0,23.025850929940454,0
1452,Pass,0,0,0,23.025850929940454,0
1453,Pass,0,0,0,23.025850929940454,0
1454,Pass,0,0,0,23.025850929940454,0
1455,Pass,0,0,0,23.025850929940454,0
1456,Pass,0,0,0,23.025850929940454,0
1457,Pass,0,0,0,23.025850929940454,0
1458,Pass,0,0,0,23.025850929940454,0
1459,Pass,0,0,0,23.025850929940454,0
1460,Pass,0,0,0,23.025850929940454,0
1461,Pass,0,0,0,23.025850929940454,0
1462,Pass,0,0,0,23.025850929940454,0
1463,Pass,0,0,0,23.025850929940454,0
1464,Pass,0,0,0,23.025850929940454,0
1465,Pass,0,0,0,23.025850929940454,0
1466,Pass,0,0,0,23.025850929940454,0
1467,Pass,0,0,0,23.025850929940454,0
1468,Pass,0,0,0,23.025850929940454,0
1469,Pass,0,0,0,23.025850929940454,0
1470,Pass,0,0,0,23.025850929940454,0
1471,Pass,0,0,0,23.025850929940454,0
1472,Pass,0,0,0,23.025850929940454,0
1473,Pass,0,0,0,23.025850929940454,0
1474,Pass,0,0,0,23.025850929940454,0
1475,Pass,0,0,0,23.025850929940454,0
1476,Pass,0,0,0,23.025850929940454,0
1477,Pass,0,0,0,23.025850929940454,0
1478,Pass,0,0,0,23.025850929940454,0
1479,Pass,0,0,0,23.025850929940454,0
1480,Pass,0,0,0,23.025850929940454,0
1481,Pass,0,0,0,23.025850929940454,0
1482,Pass,0,0,0,23.025850929940454,0
1483,Pass,0,0,0,23.025850929940454,0
1484,Pass,0,0,0,23.025850929940454,0
1485,Pass,0,0,0,23.025850929940454,0
1486,Pass,0,0,0,23.025850929940454,0
1487,Pass,0,0,0,23.025850929940454,0
1488,Pass,0,0,0,23.025850929940454,0
1489,Pass,0,0,0,23.025850929940454,0
1490,Pass,0,0,0,23.025850929940454,0
1491,Pass,0,0,0,23.025850929940454,0
1492,Pass,0,0,0,23.025850929940454,0
1493,Pass,0,0,0,23.025850929940454,0
1494,Pass,0,0,0,23.025850929940454,0
1495,Pass,0,0,0,23.025850929940454,0
1496,Pass,0,0,0,23.025850929940454,0
1497,Pass,0,0,0,23.025850929940454,0
1498,Pass,0,0,0,23.025850929940454,0
1499,Pass,0,0,0,23.025850929940454,0
1500,Pass,0,0,0,23.025850929940454,0
1501,Pass,0,0,0,23.025850929940454,0
1502,Pass,0,0,0,23.025850929940454,0
1503,Pass,0,0,0,23.025850929940454,0
1504,Pass,0,0,0,23.025850929940454,0
1505,Pass,0,0,0,23.025850929940454,0
1506,Pass,0,0,0,23.025850929940454,0
1507,Pass,0,0,0,23.025850929940454,0
1508,Pass,0,0,0,23.025850929940454,0
1509,Pass,0,0,0,23.025850929940454,0
1510,Pass,0,0,0,23.025850929940454,0
1511,Pass,0,0,0,23.025850929940454,0
1512,Pass,0,0,0,23.025850929940454,0
1513,Pass,0,0,0,23.025850929940454,0
1514,Pass,0,0,0,23.025850929940454,0
1515,Pass,0,0,0,23.025850929940454,0
1516,Pass,0,0,0,23.025850929940454,0
1517,Pass,0,0,0,23.025850929940454,0
1518,Pass,0,0,0,23.025850929940454,0
1519,Pass,0,0,0,23.025850929940454,0
1520,Pass,0,0,0,23.025850929940454,0
1521,Pass,0,0,0,23.025850929940454,0
1522,Pass,0,0,0,23.025850929940454,0
1523,Pass,0,0,0,23.025850929940454,0
1524,Pass,0,0,0,23.025850929940454,0
1525,Pass,0,0,0,23.025850929940454,0
1526,Pass,0,0,0,23.025850929940454,0
1527,Pass,0,0,0,23.025850929940454,0
1528,Pass,0,0,0,23.025850929940454,0
1529,Pass,0,0,0,23.025850929940454,0
1530,Pass,0,0,0,23.025850929940454,0
1531,Pass,0,0,0,23.025850929940454,0
1532,Pass,0,0,0,23.025850929940454,0
1533,Pass,0,0,0,23.025850929940454,0
1534,Pass,0,0,0,23.025850929940454,0
1535,Pass,0,0,0,23.025850929940454,0
1536,Pass,0,0,0,23.025850929940454,0
1537,Pass,0,0,0,23.025850929940454,0
1538,Pass,0,0,0,23.025850929940454,0
1539,Pass,0,0,0,23.025850929940454,0
1540,Pass,0,0,0,23.025850929940454,0
1541,Pass,0,0,0,23.025850929940454,0
1542,Pass,0,0,0,23.025850929940454,0
1543,Pass,0,0,0,23.025850929940454,0
1544,Pass,0,0,0,23.025850929940454,0
1545,Pass,0,0,0,23.025850929940454,0
1546,Pass,0,0,0,23.025850929940454,0
1547,Pass,0,0,0,23.025850929940454,0
1548,Pass,0,0,0,23.025850929940454,0
1549,Pass,0,0,0,23.025850929940454,0
1550,Pass,0,0,0,23.025850929940454,0
1551,Pass,0,0,0,23.025850929940454,0
1552,Pass,0,0,0,23.025850929940454,0
1553,Pass,0,0,0,23.025850929940454,0
1554,Pass,0,0,0,23.025850929940454,0
1555,Pass,0,0,0,23.025850929940454,0
1556,Pass,0,0,0,23.025850929940454,0
1557,Pass,0,0,0,23.025850929940454,0
1558,Pass,0,0,0,23.025850929940454,0
1559,Pass,0,0,0,23.025850929940454,0
1560,Pass,0,0,0,23.025850929940454,0
1561,Pass,0,0,0,23.025850929940454,0
1562,Pass,0,0,0,23.025850929940454,0
1563,Pass,0,0,0,23.025850929940454,0
1564,Pass,0,0,0,23.025850929940454,0
1565,Pass,0,0,0,23.025850929940454,0
1566,Pass,0,0,0,23.025850929940454,0
1567,Pass,0,0,0,23.025850929940454,0
1568,Pass,0,0,0,23.025850929940454,0
1569,Pass,0,0,0,23.025850929940454,0
1570,Pass,0,0,0,23.025850929940454,0
1571,Pass,0,0,0,23.025850929940454,0
1572,Pass,0,0,0,23.025850929940454,0
1573,Pass,0,0,0,23.025850929940454,0
1574,Pass,0,0,0,23.025850929940454,0
1575,Pass,0,0,0,23.025850929940454,0
1576,Pass,0,0,0,23.025850929940454,0
1577,Pass,0,0,0,23.025850929940454,0
1578,Pass,0,0,0,23.025850929940454,0
1579,Pass,0,0,0,23.025850929940454,0
1580,Pass,0,0,0,23.025850929940454,0
1581,Pass,0,0,0,23.025850929940454,0
1582,Pass,0,0,0,23.025850929940454,0
1583,Pass,0,0,0,23.025850929940454,0
1584,Pass,0,0,0,23.025850929940454,0
1585,Pass,0,0,0,23.025850929940454,0
1586,Pass,0,0,0,23.025850929940454,0
1587,Pass,0,0,0,23.025850929940454,0
1588,Pass,0,0,0,23.025850929940454,0
1589,Pass,0,0,0,23.025850929940454,0
1590,Pass,0,0,0,23.025850929940454,0
1591,Pass,0,0,0,23.025850929940454,0
1592,Pass,0,0,0,23.025850929940454,0
1593,Pass,0,0,0,23.025850929940454,0
1594,Pass,0,0,0,23.025850929940454,0
1595,Pass,0,0,0,23.025850929940454,0
1596,Pass,0,0,0,23.025850929940454,0
1597,Pass,0,0,0,23.025850929940454,0
1598,Pass,0,0,0,23.025850929940454,0
1599,Pass,0,0,0,23.025850929940454,0
1600,Pass,0,0,0,23.025850929940454,0
1601,Pass,0,0,0,23.025850929940454,0
1602,Pass,0,0,0,23.025850929940454,0
1603,Pass,0,0,0,23.025850929940454,0
1604,Pass,0,0,0,23.025850929940454,0
1605,Pass,0,0,0,23.025850929940454,0
1606,Pass,0,0,0,23.025850929940454,0
1607,Pass,0,0,0,23.025850929940454,0
1608,Pass,0,0,0,23.025850929940454,0
1609,Pass,0,0,0,23.025850929940454,0
1610,Pass,0,0,0,23.025850929940454,0
1611,Pass,0,0,0,23.025850929940454,0
1612,Pass,0,0,0,23.025850929940454,0
1613,Pass,0,0,0,23.025850929940454,0
1614,Pass,0,0,0,23.025850929940454,0
1615,Pass,0,0,0,23.025850929940454,0
1616,Pass,0,0,0,23.025850929940454,0
1617,Pass,0,0,0,23.025850929940454,0
1618,Pass,0,0,0,23.025850929940454,0
1619,Pass,0,0,0,23.025850929940454,0
1620,Pass,0,0,0,23.025850929940454,0
1621,Pass,0,0,0,23.025850929940454,0
1622,Pass,0,0,0,23.025850929940454,0
1623,Pass,0,0,0,23.025850929940454,0
1624,Pass,0,0,0,23.025850929940454,0
1625,Pass,0,0,0,23.025850929940454,0
1626,Pass,0,0,0,23.025850929940454,0
1627,Pass,0,0,0,23.025850929940454,0
1628,Pass,0,0,0,23.025850929940454,0
1629,Pass,0,0,0,23.025850929940454,0
1630,Pass,0,0,0,23.025850929940454,0
1631,Pass,0,0,0,23.025850929940454,0
1632,Pass,0,0,0,23.025850929940454,0
1633,Pass,0,0,0,23.025850929940454,0
1634,Pass,0,0,0,23.025850929940454,0
1635,Pass,0,0,0,23.025850929940454,0
1636,Pass,0,0,0,23.025850929940454,0
1637,Pass,0,0,0,23.025850929940454,0
1638,Pass,0,0,0,23.025850929940454,0
1639,Pass,0,0,0,23.025850929940454,0
1640,Pass,0,0,0,23.025850929940454,0
1641,Pass,0,0,0,23.025850929940454,0
1642,Pass,0,0,0,23.025850929940454,0
1643,Pass,0,0,0,23.025850929940454,0
1644,Pass,0,0,0,23.025850929940454,0
1645,Pass,0,0,0,23.025850929940454,0
1646,Pass,0,0,0,23.025850929940454,0
1647,Pass,0,0,0,23.025850929940454,0
1648,Pass,0,0,0,23.025850929940454,0
1649,Pass,0,0,0,23.025850929940454,0
1650,Pass,0,0,0,23.025850929940454,0
1651,Pass,0,0,0,23.025850929940454,0
1652,Pass,0,0,0,23.025850929940454,0
1653,Pass,0,0,0,23.025850929940454,0
1654,Pass,0,0,0,23.025850929940454,0
1655,Pass,0,0,0,23.025850929940454,0
1656,Pass,0,0,0,23.025850929940454,0
1657,Pass,0,0,0,23.025850929940454,0
1658,Pass,0,0,0,23.025850929940454,0
1659,Pass,0,0,0,23.025850929940454,0
1660,Pass,0,0,0,23.025850929940454,0
1661,Pass,0,0,0,23.025850929940454,0
1662,Pass,0,0,0,23.025850929940454,0
1663,Pass,0,0,0,23.025850929940454,0
1664,Pass,0,0,0,23.025850929940454,0
1665,Pass,0,0,0,23.025850929940454,0
1666,Pass,0,0,0,23.025850929940454,0
1667,Pass,0,0,0,23.025850929940454,0
1668,Pass,0,0,0,23.025850929940454,0
1669,Pass,0,0,0,23.025850929940454,0
1670,Pass,0,0,0,23.025850929940454,0
1671,Pass,0,0,0,23.025850929940454,0
1672,Pass,0,0,0,23.025850929940454,0
1673,Pass,0,0,0,23.025850929940454,0
1674,Pass,0,0,0,23.025850929940454,0
1675,Pass,0,0,0,23.025850929940454,0
1676,Pass,0,0,0,23.025850929940454,0
1677,Pass,0,0,0,23.025850929940454,0
1678,Pass,0,0,0,23.025850929940454,0
1679,Pass,0,0,0,23.025850929940454,0
1680,Pass,0,0,0,23.025850929940454,0
1681,Pass,0,0,0,23.025850929940454,0
1682,Pass,0,0,0,23.025850929940454,0
1683,Pass,0,0,0,23.025850929940454,0
1684,Pass,0,0,0,23.025850929940454,0
1685,Pass,0,0,0,23.025850929940454,0
1686,Pass,0,0,0,23.025850929940454,0
1687,Pass,0,0,0,23.025850929940454,0
1688,Pass,0,0,0,23.025850929940454,0
1689,Pass,0,0,0,23.025850929940454,0
1690,Pass,0,0,0,23.025850929940454,0
1691,Pass,0,0,0,23.025850929940454,0
1692,Pass,0,0,0,23.025850929940454,0
1693,Pass,0,0,0,23.025850929940454,0
1694,Pass,0,0,0,23.025850929940454,0
1695,Pass,0,0,0,23.025850929940454,0
1696,Pass,0,0,0,23.025850929940454,0
1697,Pass,0,0,0,23.025850929940454,0
1698,Pass,0,0,0,23.025850929940454,0
1699,Pass,0,0,0,23.025850929940454,0
1700,Pass,0,0,0,23.025850929940454,0
1701,Pass,0,0,0,23.025850929940454,0
1702,Pass,0,0,0,23.025850929940454,0
1703,Pass,0,0,0,23.025850929940454,0
1704,Pass,0,0,0,23.025850929940454,0
1705,Pass,0,0,0,23.025850929940454,0
1706,Pass,0,0,0,23.025850929940454,0
1707,Pass,0,0,0,23.025850929940454,0
1708,Pass,0,0,0,23.025850929940454,0
1709,Pass,0,0,0,23.025850929940454,0
1710,Pass,0,0,0,23.025850929940454,0
1711,Pass,0,0,0,23.025850929940454,0
1712,Pass,0,0,0,23.025850929940454,0
1713,Pass,0,0,0,23.025850929940454,0
1714,Pass,0,0,0,23.025850929940454,0
1715,Pass,0,0,0,23.025850929940454,0
1716,Pass,0,0,0,23.025850929940454,0
1717,Pass,0,0,0,23.025850929940454,0
1718,Pass,0,0,0,23.025850929940454,0
1719,Pass,0,0,0,23.025850929940454,0
1720,Pass,0,0,0,23.025850929940454,0
1721,Pass,0,0,0,23.025850929940454,0
1722,Pass,0,0,0,23.025850929940454,0
1723,Pass,0,0,0,23.025850929940454,0
1724,Pass,0,0,0,23.025850929940454,0
1725,Pass,0,0,0,23.025850929940454,0
1726,Pass,0,0,0,23.025850929940454,0
1727,Pass,0,0,0,23.025850929940454,0
1728,Pass,0,0,0,23.025850929940454,0
1729,Pass,0,0,0,23.025850929940454,0
1730,Pass,0,0,0,23.025850929940454,0
1731,Pass,0,0,0,23.025850929940454,0
1732,Pass,0,0,0,23.025850929940454,0
1733,Pass,0,0,0,23.025850929940454,0
1734,Pass,0,0,0,23.025850929940454,0
1735,Pass,0,0,0,23.025850929940454,0
1736,Pass,0,0,0,23.025850929940454,0
1737,Pass,0,0,0,23.025850929940454,0
1738,Pass,0,0,0,23.025850929940454,0
1739,Pass,0,0,0,23.025850929940454,0
1740,Pass,0,0,0,23.025850929940454,0
1741,Pass,0,0,0,23.025850929940454,0
1742,Pass,0,0,0,23.025850929940454,0
1743,Pass,0,0,0,23.025850929940454,0
1744,Pass,0,0,0,23.025850929940454,0
1745,Pass,0,0,0,23.025850929940454,0
1746,Pass,0,0,0,23.025850929940454,0
1747,Pass,0,0,0,23.025850929940454,0
1748,Pass,0,0,0,23.025850929940454,0
1749,Pass,0,0,0,23.025850929940454,0
1750,Pass,0,0,0,23.025850929940454,0
1751,Pass,0,0,0,23.025850929940454,0
1752,Pass,0,0,0,23.025850929940454,0
1753,Pass,0,0,0,23.025850929940454,0
1754,Pass,0,0,0,23.025850929940454,0
1755,Pass,0,0,0,23.025850929940454,0
1756,Pass,0,0,0,23.025850929940454,0
1757,Pass,0,0,0,23.025850929940454,0
1758,Pass,0,0,0,23.025850929940454,0
1759,Pass,0,0,0,23.025850929940454,0
1760,Pass,0,0,0,23.025850929940454,0
1761,Pass,0,0,0,23.025850929940454,0
1762,Pass,0,0,0,23.025850929940454,0
1763,Pass,0,0,0,23.025850929940454,0
1764,Pass,0,0,0,23.025850929940454,0
1765,Pass,0,0,0,23.025850929940454,0
1766,Pass,0,0,0,23.025850929940454,0
1767,Pass,0,0,0,23.025850929940454,0
1768,Pass,0,0,0,23.025850929940454,0
1769,Pass,0,0,0,23.025850929940454,0
1770,Pass,0,0,0,23.025850929940454,0
1771,Pass,0,0,0,23.025850929940454,0
1772,Pass,0,0,0,23.025850929940454,0
1773,Pass,0,0,0,23.025850929940454,0
1774,Pass,0,0,0,23.025850929940454,0
1775,Pass,0,0,0,23.025850929940454,0
1776,Pass,0,0,0,23.025850929940454,0
1777,Pass,0,0,0,23.025850929940454,0
1778,Pass,0,0,0,23.025850929940454,0
1779,Pass,0,0,0,23.025850929940454,0
1780,Pass,0,0,0,23.025850929940454,0
1781,Pass,0,0,0,23.025850929940454,0
1782,Pass,0,0,0,23.025850929940454,0
1783,Pass,0,0,0,23.025850929940454,0
1784,Pass,0,0,0,23.025850929940454,0
1785,Pass,0,0,0,23.025850929940454,0
1786,Pass,0,0,0,23.025850929940454,0
1787,Pass,0,0,0,23.025850929940454,0
1788,Pass,0,0,0,23.025850929940454,0
1789,Pass,0,0,0,23.025850929940454,0
1790,Pass,0,0,0,23.025850929940454,0
1791,Pass,0,0,0,23.025850929940454,0
1792,Pass,0,0,0,23.025850929940454,0
1793,Pass,0,0,0,23.025850929940454,0
1794,Pass,0,0,0,23.025850929940454,0
1795,Pass,0,0,0,23.025850929940454,0
1796,Pass,0,0,0,23.025850929940454,0
1797,Pass,0,0,0,23.025850929940454,0
1798,Pass,0,0,0,23.025850929940454,0
1799,Pass,0,0,0,23.025850929940454,0
1800,Pass,0,0,0,23.025850929940454,0
1801,Pass,0,0,0,23.025850929940454,0
1802,Pass,0,0,0,23.025850929940454,0
1803,Pass,0,0,0,23.025850929940454,0
1804,Pass,0,0,0,23.025850929940454,0
1805,Pass,0,0,0,23.025850929940454,0
1806,Pass,0,0,0,23.025850929940454,0
1807,Pass,0,0,0,23.025850929940454,0
1808,Pass,0,0,0,23.025850929940454,0
1809,Pass,0,0,0,23.025850929940454,0
1810,Pass,0,0,0,23.025850929940454,0
1811,Pass,0,0,0,23.025850929940454,0
1812,Pass,0,0,0,23.025850929940454,0
1813,Pass,0,0,0,23.025850929940454,0
1814,Pass,0,0,0,23.025850929940454,0
1815,Pass,0,0,0,23.025850929940454,0
1816,Pass,0,0,0,23.025850929940454,0
1817,Pass,0,0,0,23.025850929940454,0
1818,Pass,0,0,0,23.025850929940454,0
1819,Pass,0,0,0,23.025850929940454,0
1820,Pass,0,0,0,23.025850929940454,0
1821,Pass,0,0,0,23.025850929940454,0
1822,Pass,0,0,0,23.025850929940454,0
1823,Pass,0,0,0,23.025850929940454,0
1824,Pass,0,0,0,23.025850929940454,0
1825,Pass,0,0,0,23.025850929940454,0
1826,Pass,0,0,0,23.025850929940454,0
1827,Pass,0,0,0,23.025850929940454,0
1828,Pass,0,0,0,23.025850929940454,0
1829,Pass,0,0,0,23.025850929940454,0
1830,Pass,0,0,0,23.025850929940454,0
1831,Pass,0,0,0,23.025850929940454,0
1832,Pass,0,0,0,23.025850929940454,0
1833,Pass,0,0,0,23.025850929940454,0
1834,Pass,0,0,0,23.025850929940454,0
1835,Pass,0,0,0,23.025850929940454,0
1836,Pass,0,0,0,23.025850929940454,0
1837,Pass,0,0,0,23.025850929940454,0
1838,Pass,0,0,0,23.025850929940454,0
1839,Pass,0,0,0,23.025850929940454,0
1840,Pass,0,0,0,23.025850929940454,0
1841,Pass,0,0,0,23.025850929940454,0
1842,Pass,0,0,0,23.025850929940454,0
1843,Pass,0,0,0,23.025850929940454,0
1844,Pass,0,0,0,23.025850929940454,0
1845,Pass,0,0,0,23.025850929940454,0
1846,Pass,0,0,0,23.025850929940454,0
1847,Pass,0,0,0,23.025850929940454,0
1848,Pass,0,0,0,23.025850929940454,0
1849,Pass,0,0,0,23.025850929940454,0
1850,Pass,0,0,0,23.025850929940454,0
1851,Pass,0,0,0,23.025850929940454,0
1852,Pass,0,0,0,23.025850929940454,0
1853,Pass,0,0,0,23.025850929940454,0
1854,Pass,0,0,0,23.025850929940454,0
1855,Pass,0,0,0,23.025850929940454,0
1856,Pass,0,0,0,23.025850929940454,0
1857,Pass,0,0,0,23.025850929940454,0
1858,Pass,0,0,0,23.025850929940454,0
1859,Pass,0,0,0,23.025850929940454,0
1860,Pass,0,0,0,23.025850929940454,0
1861,Pass,0,0,0,23.025850929940454,0
1862,Pass,0,0,0,23.025850929940454,0
1863,Pass,0,0,0,23.025850929940454,0
1864,Pass,0,0,0,23.025850929940454,0
1865,Pass,0,0,0,23.025850929940454,0
1866,Pass,0,0,0,23.025850929940454,0
1867,Pass,0,0,0,23.025850929940454,0
1868,Pass,0,0,0,23.025850929940454,0
1869,Pass,0,0,0,23.025850929940454,0
1870,Pass,0,0,0,23.025850929940454,0
1871,Pass,0,0,0,23.025850929940454,0
1872,Pass,0,0,0,23.025850929940454,0
1873,Pass,0,0,0,23.025850929940454,0
1874,Pass,0,0,0,23.025850929940454,0
1875,Pass,0,0,0,23.025850929940454,0
1876,Pass,0,0,0,23.025850929940454,0
1877,Pass,0,0,0,23.025850929940454,0
1878,Pass,0,0,0,23.025850929940454,0
1879,Pass,0,0,0,23.025850929940454,0
1880,Pass,0,0,0,23.025850929940454,0
1881,Pass,0,0,0,23.025850929940454,0
1882,Pass,0,0,0,23.025850929940454,0
1883,Pass,0,0,0,23.025850929940454,0
1884,Pass,0,0,0,23.025850929940454,0
1885,Pass,0,0,0,23.025850929940454,0
1886,Pass,0,0,0,23.025850929940454,0
1887,Pass,0,0,0,23.025850929940454,0
1888,Pass,0,0,0,23.025850929940454,0
1889,Pass,0,0,0,23.025850929940454,0
1890,Pass,0,0,0,23.025850929940454,0
1891,Pass,0,0,0,23.025850929940454,0
1892,Pass,0,0,0,23.025850929940454,0
1893,Pass,0,0,0,23.025850929940454,0
1894,Pass,0,0,0,23.025850929940454,0
1895,Pass,0,0,0,23.025850929940454,0
1896,Pass,0,0,0,23.025850929940454,0
1897,Pass,0,0,0,23.025850929940454,0
1898,Pass,0,0,0,23.025850929940454,0
1899,Pass,0,0,0,23.025850929940454,0
1900,Pass,0,0,0,23.025850929940454,0
1901,Pass,0,0,0,23.025850929940454,0
1902,Pass,0,0,0,23.025850929940454,0
1903,Pass,0,0,0,23.025850929940454,0
1904,Pass,0,0,0,23.025850929940454,0
1905,Pass,0,0,0,23.025850929940454,0
1906,Pass,0,0,0,23.025850929940454,0
1907,Pass,0,0,0,23.025850929940454,0
1908,Pass,0,0,0,23.025850929940454,0
1909,Pass,0,0,0,23.025850929940454,0
1910,Pass,0,0,0,23.025850929940454,0
1911,Pass,0,0,0,23.025850929940454,0
1912,Pass,0,0,0,23.025850929940454,0
1913,Pass,0,0,0,23.025850929940454,0
1914,Pass,0,0,0,23.025850929940454,0
1915,Pass,0,0,0,23.025850929940454,0
1916,Pass,0,0,0,23.025850929940454,0
1917,Pass,0,0,0,23.025850929940454,0
1918,Pass,0,0,0,23.025850929940454,0
1919,Pass,0,0,0,23.025850929940454,0
1920,Pass,0,0,0,23.025850929940454,0
1921,Pass,0,0,0,23.025850929940454,0
1922,Pass,0,0,0,23.025850929940454,0
1923,Pass,0,0,0,23.025850929940454,0
1924,Pass,0,0,0,23.025850929940454,0
1925,Pass,0,0,0,23.025850929940454,0
1926,Pass,0,0,0,23.025850929940454,0
1927,Pass,0,0,0,23.025850929940454,0
1928,Pass,0,0,0,23.025850929940454,0
1929,Pass,0,0,0,23.025850929940454,0
1930,Pass,0,0,0,23.025850929940454,0
1931,Pass,0,0,0,23.025850929940454,0
1932,Pass,0,0,0,23.025850929940454,0
1933,Pass,0,0,0,23.025850929940454,0
1934,Pass,0,0,0,23.025850929940454,0
1935,Pass,0,0,0,23.025850929940454,0
1936,Pass,0,0,0,23.025850929940454,0
1937,Pass,0,0,0,23.025850929940454,0
1938,Pass,0,0,0,23.025850929940454,0
1939,Pass,0,0,0,23.025850929940454,0
1940,Pass,0,0,0,23.025850929940454,0
1941,Pass,0,0,0,23.025850929940454,0
1942,Pass,0,0,0,23.025850929940454,0
1943,Pass,0,0,0,23.025850929940454,0
1944,Pass,0,0,0,23.025850929940454,0
1945,Pass,0,0,0,23.025850929940454,0
1946,Pass,0,0,0,23.025850929940454,0
1947,Pass,0,0,0,23.025850929940454,0
1948,Pass,0,0,0,23.025850929940454,0
1949,Pass,0,0,0,23.025850929940454,0
1950,Pass,0,0,0,23.025850929940454,0
1951,Pass,0,0,0,23.025850929940454,0
1952,Pass,0,0,0,23.025850929940454,0
1953,Pass,0,0,0,23.025850929940454,0
1954,Pass,0,0,0,23.025850929940454,0
1955,Pass,0,0,0,23.025850929940454,0
1956,Pass,0,0,0,23.025850929940454,0
1957,Pass,0,0,0,23.025850929940454,0
1958,Pass,0,0,0,23.025850929940454,0
1959,Pass,0,0,0,23.025850929940454,0
1960,Pass,0,0,0,23.025850929940454,0
1961,Pass,0,0,0,23.025850929940454,0
1962,Pass,0,0,0,23.025850929940454,0
1963,Pass,0,0,0,23.025850929940454,0
1964,Pass,0,0,0,23.025850929940454,0
1965,Pass,0,0,0,23.025850929940454,0
1966,Pass,0,0,0,23.025850929940454,0
1967,Pass,0,0,0,23.025850929940454,0
1968,Pass,0,0,0,23.025850929940454,0
1969,Pass,0,0,0,23.025850929940454,0
1970,Pass,0,0,0,23.025850929940454,0
1971,Pass,0,0,0,23.025850929940454,0
1972,Pass,0,0,0,23.025850929940454,0
1973,Pass,0,0,0,23.025850929940454,0
1974,Pass,0,0,0,23.025850929940454,0
1975,Pass,0,0,0,23.025850929940454,0
1976,Pass,0,0,0,23.025850929940454,0
1977,Pass,0,0,0,23.025850929940454,0
1978,Pass,0,0,0,23.025850929940454,0
1979,Pass,0,0,0,23.025850929940454,0
1980,Pass,0,0,0,23.025850929940454,0
1981,Pass,0,0,0,23.025850929940454,0
1982,Pass,0,0,0,23.025850929940454,0
1983,Pass,0,0,0,23.025850929940454,0
1984,Pass,0,0,0,23.025850929940454,0
1985,Pass,0,0,0,23.025850929940454,0
1986,Pass,0,0,0,23.025850929940454,0
1987,Pass,0,0,0,23.025850929940454,0
1988,Pass,0,0,0,23.025850929940454,0
1989,Pass,0,0,0,23.025850929940454,0
1990,Pass,0,0,0,23.025850929940454,0
1991,Pass,0,0,0,23.025850929940454,0
1992,Pass,0,0,0,23.025850929940454,0
1993,Pass,0,0,0,23.025850929940454,0
1994,Pass,0,0,0,23.025850929940454,0
1995,Pass,0,0,0,23.025850929940454,0
1996,Pass,0,0,0,23.025850929940454,0
1997,Pass,0,0,0,23.025850929940454,0
1998,Pass,0,0,0,23.025850929940454,0
1999,Pass,0,0,0,23.025850929940454,0
2000,Pass,0,0,0,23.025850929940454,0
2001,Pass,0,0,0,23.025850929940454,0
2002,Pass,0,0,0,23.025850929940454,0
2003,Pass,0,0,0,23.025850929940454,0
2004,Pass,0,0,0,23.025850929940454,0
2005,Pass,0,0,0,23.025850929940454,0
2006,Pass,0,0,0,23.025850929940454,0
2007,Pass,0,0,0,23.025850929940454,0
2008,Pass,0,0,0,23.025850929940454,0
2009,Pass,0,0,0,23.025850929940454,0
2010,Pass,0,0,0,23.025850929940454,0
2011,Pass,0,0,0,23.025850929940454,0
2012,Pass,0,0,0,23.025850929940454,0
2013,Pass,0,0,0,23.025850929940454,0
2014,Pass,0,0,0,23.025850929940454,0
2015,Pass,0,0,0,23.025850929940454,0
2016,Pass,0,0,0,23.025850929940454,0
2017,Pass,0,0,0,23.025850929940454,0
2018,Pass,0,0,0,23.025850929940454,0
2019,Pass,0,0,0,23.025850929940454,0
2020,Pass,0,0,0,23.025850929940454,0
2021,Pass,0,0,0,23.025850929940454,0
2022,Pass,0,0,0,23.025850929940454,0
2023,Pass,0,0,0,23.025850929940454,0
2024,Pass,0,0,0,23.025850929940454,0
2025,Pass,0,0,0,23.025850929940454,0
2026,Pass,0,0,0,23.025850929940454,0
2027,Pass,0,0,0,23.025850929940454,0
2028,Pass,0,0,0,23.025850929940454,0
2029,Pass,0,0,0,23.025850929940454,0
2030,Pass,0,0,0,23.025850929940454,0
2031,Pass,0,0,0,23.025850929940454,0
2032,Pass,0,0,0,23.025850929940454,0
2033,Pass,0,0,0,23.025850929940454,0
2034,Pass,0,0,0,23.025850929940454,0
2035,Pass,0,0,0,23.025850929940454,0
2036,Pass,0,0,0,23.025850929940454,0
2037,Pass,0,0,0,23.025850929940454,0
2038,Pass,0,0,0,23.025850929940454,0
2039,Pass,0,0,0,23.025850929940454,0
2040,Pass,0,0,0,23.025850929940454,0
2041,Pass,0,0,0,23.025850929940454,0
2042,Pass,0,0,0,23.025850929940454,0
2043,Pass,0,0,0,23.025850929940454,0
2044,Pass,0,0,0,23.025850929940454,0
2045,Pass,0,0,0,23.025850929940454,0
2046,Pass,0,0,0,23.025850929940454,0
2047,Pass,0,0,0,23.025850929940454,0
2048,Pass,0,0,0,23.025850929940454,0
2049,Pass,0,0,0,23.025850929940454,0
2050,Pass,0,0,0,23.025850929940454,0
2051,Pass,0,0,0,23.025850929940454,0
2052,Pass,0,0,0,23.025850929940454,0
2053,Pass,0,0,0,23.025850929940454,0
2054,Pass,0,0,0,23.025850929940454,0
2055,Pass,0,0,0,23.025850929940454,0
2056,Pass,0,0,0,23.025850929940454,0
2057,Pass,0,0,0,23.025850929940454,0
2058,Pass,0,0,0,23.025850929940454,0
2059,Pass,0,0,0,23.025850929940454,0
2060,Pass,0,0,0,23.025850929940454,0
2061,Pass,0,0,0,23.025850929940454,0
2062,Pass,0,0,0,23.025850929940454,0
2063,Pass,0,0,0,23.025850929940454,0
2064,Pass,0,0,0,23.025850929940454,0
2065,Pass,0,0,0,23.025850929940454,0
2066,Pass,0,0,0,23.025850929940454,0
2067,Pass,0,0,0,23.025850929940454,0
2068,Pass,0,0,0,23.025850929940454,0
2069,Pass,0,0,0,23.025850929940454,0
2070,Pass,0,0,0,23.025850929940454,0
2071,Pass,0,0,0,23.025850929940454,0
2072,Pass,0,0,0,23.025850929940454,0
2073,Pass,0,0,0,23.025850929940454,0
2074,Pass,0,0,0,23.025850929940454,0
2075,Pass,0,0,0,23.025850929940454,0
2076,Pass,0,0,0,23.025850929940454,0
2077,Pass,0,0,0,23.025850929940454,0
2078,Pass,0,0,0,23.025850929940454,0
2079,Pass,0,0,0,23.025850929940454,0
2080,Pass,0,0,0,23.025850929940454,0
2081,Pass,0,0,0,23.025850929940454,0
2082,Pass,0,0,0,23.025850929940454,0
2083,Pass,0,0,0,23.025850929940454,0
2084,Pass,0,0,0,23.025850929940454,0
2085,Pass,0,0,0,23.025850929940454,0
2086,Pass,0,0,0,23.025850929940454,0
2087,Pass,0,0,0,23.025850929940454,0
2088,Pass,0,0,0,23.025850929940454,0
2089,Pass,0,0,0,23.025850929940454,0
2090,Pass,0,0,0,23.025850929940454,0
2091,Pass,0,0,0,23.025850929940454,0
2092,Pass,0,0,0,23.025850929940454,0
2093,Pass,0,0,0,23.025850929940454,0
2094,Pass,0,0,0,23.025850929940454,0
2095,Pass,0,0,0,23.025850929940454,0
2096,Pass,0,0,0,23.025850929940454,0
2097,Pass,0,0,0,23.025850929940454,0
2098,Pass,0,0,0,23.025850929940454,0
2099,Pass,0,0,0,23.025850929940454,0
2100,Pass,0,0,0,23.025850929940454,0
2101,Pass,0,0,0,23.025850929940454,0
2102,Pass,0,0,0,23.025850929940454,0
2103,Pass,0,0,0,23.025850929940454,0
2104,Pass,0,0,0,23.025850929940454,0
2105,Pass,0,0,0,23.025850929940454,0
2106,Pass,0,0,0,23.025850929940454,0
2107,Pass,0,0,0,23.025850929940454,0
2108,Pass,0,0,0,23.025850929940454,0
2109,Pass,0,0,0,23.025850929940454,0
2110,Pass,0,0,0,23.025850929940454,0
2111,Pass,0,0,0,23.025850929940454,0
2112,Pass,0,0,0,23.025850929940454,0
2113,Pass,0,0,0,23.025850929940454,0
2114,Pass,0,0,0,23.025850929940454,0
2115,Pass,0,0,0,23.025850929940454,0
2116,Pass,0,0,0,23.025850929940454,0
2117,Pass,0,0,0,23.025850929940454,0
2118,Pass,0,0,0,23.025850929940454,0
2119,Pass,0,0,0,23.025850929940454,0
2120,Pass,0,0,0,23.025850929940454,0
2121,Pass,0,0,0,23.025850929940454,0
2122,Pass,0,0,0,23.025850929940454,0
2123,Pass,0,0,0,23.025850929940454,0
2124,Pass,0,0,0,23.025850929940454,0
2125,Pass,0,0,0,23.025850929940454,0
2126,Pass,0,0,0,23.025850929940454,0
2127,Pass,0,0,0,23.025850929940454,0
2128,Pass,0,0,0,23.025850929940454,0
2129,Pass,0,0,0,23.025850929940454,0
2130,Pass,0,0,0,23.025850929940454,0
2131,Pass,0,0,0,23.025850929940454,0
2132,Pass,0,0,0,23.025850929940454,0
2133,Pass,0,0,0,23.025850929940454,0
2134,Pass,0,0,0,23.025850929940454,0
2135,Pass,0,0,0,23.025850929940454,0
2136,Pass,0,0,0,23.025850929940454,0
2137,Pass,0,0,0,23.025850929940454,0
2138,Pass,0,0,0,23.025850929940454,0
2139,Pass,0,0,0,23.025850929940454,0
2140,Pass,0,0,0,23.025850929940454,0
2141,Pass,0,0,0,23.025850929940454,0
2142,Pass,0,0,0,23.025850929940454,0
2143,Pass,0,0,0,23.025850929940454,0
2144,Pass,0,0,0,23.025850929940454,0
2145,Pass,0,0,0,23.025850929940454,0
2146,Pass,0,0,0,23.025850929940454,0
2147,Pass,0,0,0,23.025850929940454,0
2148,Pass,0,0,0,23.025850929940454,0
2149,Pass,0,0,0,23.025850929940454,0
2150,Pass,0,0,0,23.025850929940454,0
2151,Pass,0,0,0,23.025850929940454,0
2152,Pass,0,0,0,23.025850929940454,0
2153,Pass,0,0,0,23.025850929940454,0
2154,Pass,0,0,0,23.025850929940454,0
2155,Pass,0,0,0,23.025850929940454,0
2156,Pass,0,0,0,23.025850929940454,0
2157,Pass,0,0,0,23.025850929940454,0
2158,Pass,0,0,0,23.025850929940454,0
2159,Pass,0,0,0,23.025850929940454,0
2160,Pass,0,0,0,23.025850929940454,0
2161,Pass,0,0,0,23.025850929940454,0
2162,Pass,0,0,0,23.025850929940454,0
2163,Pass,0,0,0,23.025850929940454,0
2164,Pass,0,0,0,23.025850929940454,0
2165,Pass,0,0,0,23.025850929940454,0
2166,Pass,0,0,0,23.025850929940454,0
2167,Pass,0,0,0,23.025850929940454,0
2168,Pass,0,0,0,23.025850929940454,0
2169,Pass,0,0,0,23.025850929940454,0
2170,Pass,0,0,0,23.025850929940454,0
2171,Pass,0,0,0,23.025850929940454,0
2172,Pass,0,0,0,23.025850929940454,0
2173,Pass,0,0,0,23.025850929940454,0
2174,Pass,0,0,0,23.025850929940454,0
2175,Pass,0,0,0,23.025850929940454,0
2176,Pass,0,0,0,23.025850929940454,0
2177,Pass,0,0,0,23.025850929940454,0
2178,Pass,0,0,0,23.025850929940454,0
2179,Pass,0,0,0,23.025850929940454,0
2180,Pass,0,0,0,23.025850929940454,0
2181,Pass,0,0,0,23.025850929940454,0
2182,Pass,0,0,0,23.025850929940454,0
2183,Pass,0,0,0,23.025850929940454,0
2184,Pass,0,0,0,23.025850929940454,0
2185,Pass,0,0,0,23.025850929940454,0
2186,Pass,0,0,0,23.025850929940454,0
2187,Pass,0,0,0,23.025850929940454,0
2188,Pass,0,0,0,23.025850929940454,0
2189,Pass,0,0,0,23.025850929940454,0
2190,Pass,0,0,0,23.025850929940454,0
2191,Pass,0,0,0,23.025850929940454,0
2192,Pass,0,0,0,23.025850929940454,0
2193,Pass,0,0,0,23.025850929940454,0
2194,Pass,0,0,0,23.025850929940454,0
2195,Pass,0,0,0,23.025850929940454,0
2196,Pass,0,0,0,23.025850929940454,0
2197,Pass,0,0,0,23.025850929940454,0
2198,Pass,0,0,0,23.025850929940454,0
2199,Pass,0,0,0,23.025850929940454,0
2200,Pass,0,0,0,23.025850929940454,0
2201,Pass,0,0,0,23.025850929940454,0
2202,Pass,0,0,0,23.025850929940454,0
2203,Pass,0,0,0,23.025850929940454,0
2204,Pass,0,0,0,23.025850929940454,0
2205,Pass,0,0,0,23.025850929940454,0
2206,Pass,0,0,0,23.025850929940454,0
2207,Pass,0,0,0,23.025850929940454,0
2208,Pass,0,0,0,23.025850929940454,0
2209,Pass,0,0,0,23.025850929940454,0
2210,Pass,0,0,0,23.025850929940454,0
2211,Pass,0,0,0,23.025850929940454,0
2212,Pass,0,0,0,23.025850929940454,0
2213,Pass,0,0,0,23.025850929940454,0
2214,Pass,0,0,0,23.025850929940454,0
2215,Pass,0,0,0,23.025850929940454,0
2216,Pass,0,0,0,23.025850929940454,0
2217,Pass,0,0,0,23.025850929940454,0
2218,Pass,0,0,0,23.025850929940454,0
2219,Pass,0,0,0,23.025850929940454,0
2220,Pass,0,0,0,23.025850929940454,0
2221,Pass,0,0,0,23.025850929940454,0
2222,Pass,0,0,0,23.025850929940454,0
2223,Pass,0,0,0,23.025850929940454,0
2224,Pass,0,0,0,23.025850929940454,0
2225,Pass,0,0,0,23.025850929940454,0
2226,Pass,0,0,0,23.025850929940454,0
2227,Pass,0,0,0,23.025850929940454,0
2228,Pass,0,0,0,23.025850929940454,0
2229,Pass,0,0,0,23.025850929940454,0
2230,Pass,0,0,0,23.025850929940454,0
2231,Pass,0,0,0,23.025850929940454,0
2232,Pass,0,0,0,23.025850929940454,0
2233,Pass,0,0,0,23.025850929940454,0
2234,Pass,0,0,0,23.025850929940454,0
2235,Pass,0,0,0,23.025850929940454,0
2236,Pass,0,0,0,23.025850929940454,0
2237,Pass,0,0,0,23.025850929940454,0
2238,Pass,0,0,0,23.025850929940454,0
2239,Pass,0,0,0,23.025850929940454,0
2240,Pass,0,0,0,23.025850929940454,0
2241,Pass,0,0,0,23.025850929940454,0
2242,Pass,0,0,0,23.025850929940454,0
2243,Pass,0,0,0,23.025850929940454,0
2244,Pass,0,0,0,23.025850929940454,0
2245,Pass,0,0,0,23.025850929940454,0
2246,Pass,0,0,0,23.025850929940454,0
2247,Pass,0,0,0,23.025850929940454,0
2248,Pass,0,0,0,23.025850929940454,0
2249,Pass,0,0,0,23.025850929940454,0
2250,Pass,0,0,0,23.025850929940454,0
2251,Pass,0,0,0,23.025850929940454,0
2252,Pass,0,0,0,23.025850929940454,0
2253,Pass,0,0,0,23.025850929940454,0
2254,Pass,0,0,0,23.025850929940454,0
2255,Pass,0,0,0,23.025850929940454,0
2256,Pass,0,0,0,23.025850929940454,0
2257,Pass,0,0,0,23.025850929940454,0
2258,Pass,0,0,0,23.025850929940454,0
2259,Pass,0,0,0,23.025850929940454,0
2260,Pass,0,0,0,23.025850929940454,0
2261,Pass,0,0,0,23.025850929940454,0
2262,Pass,0,0,0,23.025850929940454,0
2263,Pass,0,0,0,23.025850929940454,0
2264,Pass,0,0,0,23.025850929940454,0
2265,Pass,0,0,0,23.025850929940454,0
2266,Pass,0,0,0,23.025850929940454,0
2267,Pass,0,0,0,23.025850929940454,0
2268,Pass,0,0,0,23.025850929940454,0
2269,Pass,0,0,0,23.025850929940454,0
2270,Pass,0,0,0,23.025850929940454,0
2271,Pass,0,0,0,23.025850929940454,0
2272,Pass,0,0,0,23.025850929940454,0
2273,Pass,0,0,0,23.025850929940454,0
2274,Pass,0,0,0,23.025850929940454,0
2275,Pass,0,0,0,23.025850929940454,0
2276,Pass,0,0,0,23.025850929940454,0
2277,Pass,0,0,0,23.025850929940454,0
2278,Pass,0,0,0,23.025850929940454,0
2279,Pass,0,0,0,23.025850929940454,0
2280,Pass,0,0,0,23.025850929940454,0
2281,Pass,0,0,0,23.025850929940454,0
2282,Pass,0,0,0,23.025850929940454,0
2283,Pass,0,0,0,23.025850929940454,0
2284,Pass,0,0,0,23.025850929940454,0
2285,Pass,0,0,0,23.025850929940454,0
2286,Pass,0,0,0,23.025850929940454,0
2287,Pass,0,0,0,23.025850929940454,0
2288,Pass,0,0,0,23.025850929940454,0
2289,Pass,0,0,0,23.025850929940454,0
2290,Pass,0,0,0,23.025850929940454,0
2291,Pass,0,0,0,23.025850929940454,0
2292,Pass,0,0,0,23.025850929940454,0
2293,Pass,0,0,0,23.025850929940454,0
2294,Pass,0,0,0,23.025850929940454,0
2295,Pass,0,0,0,23.025850929940454,0
2296,Pass,0,0,0,23.025850929940454,0
2297,Pass,0,0,0,23.025850929940454,0
2298,Pass,0,0,0,23.025850929940454,0
2299,Pass,0,0,0,23.025850929940454,0
2300,Pass,0,0,0,23.025850929940454,0
2301,Pass,0,0,0,23.025850929940454,0
2302,Pass,0,0,0,23.025850929940454,0
2303,Pass,0,0,0,23.025850929940454,0
2304,Pass,0,0,0,23.025850929940454,0
2305,Pass,0,0,0,23.025850929940454,0
2306,Pass,0,0,0,23.025850929940454,0
2307,Pass,0,0,0,23.025850929940454,0
2308,Pass,0,0,0,23.025850929940454,0
2309,Pass,0,0,0,23.025850929940454,0
2310,Pass,0,0,0,23.025850929940454,0
2311,Pass,0,0,0,23.025850929940454,0
2312,Pass,0,0,0,23.025850929940454,0
2313,Pass,0,0,0,23.025850929940454,0
2314,Pass,0,0,0,23.025850929940454,0
2315,Pass,0,0,0,23.025850929940454,0
2316,Pass,0,0,0,23.025850929940454,0
2317,Pass,0,0,0,23.025850929940454,0
2318,Pass,0,0,0,23.025850929940454,0
2319,Pass,0,0,0,23.025850929940454,0
2320,Pass,0,0,0,23.025850929940454,0
2321,Pass,0,0,0,23.025850929940454,0
2322,Pass,0,0,0,23.025850929940454,0
2323,Pass,0,0,0,23.025850929940454,0
2324,Pass,0,0,0,23.025850929940454,0
2325,Pass,0,0,0,23.025850929940454,0
2326,Pass,0,0,0,23.025850929940454,0
2327,Pass,0,0,0,23.025850929940454,0
2328,Pass,0,0,0,23.025850929940454,0
2329,Pass,0,0,0,23.025850929940454,0
2330,Pass,0,0,0,23.025850929940454,0
2331,Pass,0,0,0,23.025850929940454,0
2332,Pass,0,0,0,23.025850929940454,0
2333,Pass,0,0,0,23.025850929940454,0
2334,Pass,0,0,0,23.025850929940454,0
2335,Pass,0,0,0,23.025850929940454,0
2336,Pass,0,0,0,23.025850929940454,0
2337,Pass,0,0,0,23.025850929940454,0
2338,Pass,0,0,0,23.025850929940454,0
2339,Pass,0,0,0,23.025850929940454,0
2340,Pass,0,0,0,23.025850929940454,0
2341,Pass,0,0,0,23.025850929940454,0
2342,Pass,0,0,0,23.025850929940454,0
2343,Pass,0,0,0,23.025850929940454,0
2344,Pass,0,0,0,23.025850929940454,0
2345,Pass,0,0,0,23.025850929940454,0
2346,Pass,0,0,0,23.025850929940454,0
2347,Pass,0,0,0,23.025850929940454,0
2348,Pass,0,0,0,23.025850929940454,0
2349,Pass,0,0,0,23.025850929940454,0
2350,Pass,0,0,0,23.025850929940454,0
2351,Pass,0,0,0,23.025850929940454,0
2352,Pass,0,0,0,23.025850929940454,0
2353,Pass,0,0,0,23.025850929940454,0
2354,Pass,0,0,0,23.025850929940454,0
2355,Pass,0,0,0,23.025850929940454,0
2356,Pass,0,0,0,23.025850929940454,0
2357,Pass,0,0,0,23.025850929940454,0
2358,Pass,0,0,0,23.025850929940454,0
2359,Pass,0,0,0,23.025850929940454,0
2360,Pass,0,0,0,23.025850929940454,0
2361,Pass,0,0,0,23.025850929940454,0
2362,Pass,0,0,0,23.025850929940454,0
2363,Pass,0,0,0,23.025850929940454,0
2364,Pass,0,0,0,23.025850929940454,0
2365,Pass,0,0,0,23.025850929940454,0
2366,Pass,0,0,0,23.025850929940454,0
2367,Pass,0,0,0,23.025850929940454,0
2368,Pass,0,0,0,23.025850929940454,0
2369,Pass,0,0,0,23.025850929940454,0
2370,Pass,0,0,0,23.025850929940454,0
2371,Pass,0,0,0,23.025850929940454,0
2372,Pass,0,0,0,23.025850929940454,0
2373,Pass,0,0,0,23.025850929940454,0
2374,Pass,0,0,0,23.025850929940454,0
2375,Pass,0,0,0,23.025850929940454,0
2376,Pass,0,0,0,23.025850929940454,0
2377,Pass,0,0,0,23.025850929940454,0
2378,Pass,0,0,0,23.025850929940454,0
2379,Pass,0,0,0,23.025850929940454,0
2380,Pass,0,0,0,23.025850929940454,0
2381,Pass,0,0,0,23.025850929940454,0
2382,Pass,0,0,0,23.025850929940454,0
2383,Pass,0,0,0,23.025850929940454,0
2384,Pass,0,0,0,23.025850929940454,0
2385,Pass,0,0,0,23.025850929940454,0
2386,Pass,0,0,0,23.025850929940454,0
2387,Pass,0,0,0,23.025850929940454,0
2388,Pass,0,0,0,23.025850929940454,0
2389,Pass,0,0,0,23.025850929940454,0
2390,Pass,0,0,0,23.025850929940454,0
2391,Pass,0,0,0,23.025850929940454,0
2392,Pass,0,0,0,23.025850929940454,0
2393,Pass,0,0,0,23.025850929940454,0
2394,Pass,0,0,0,23.025850929940454,0
2395,Pass,0,0,0,23.025850929940454,0
2396,Pass,0,0,0,23.025850929940454,0
2397,Pass,0,0,0,23.025850929940454,0
2398,Pass,0,0,0,23.025850929940454,0
2399,Pass,0,0,0,23.025850929940454,0
2400,Pass,0,0,0,23.025850929940454,0
2401,Pass,0,0,0,23.025850929940454,0
2402,Pass,0,0,0,23.025850929940454,0
2403,Pass,0,0,0,23.025850929940454,0
2404,Pass,0,0,0,23.025850929940454,0
2405,Pass,0,0,0,23.025850929940454,0
2406,Pass,0,0,0,23.025850929940454,0
2407,Pass,0,0,0,23.025850929940454,0
2408,Pass,0,0,0,23.025850929940454,0
2409,Pass,0,0,0,23.025850929940454,0
2410,Pass,0,0,0,23.025850929940454,0
2411,Pass,0,0,0,23.025850929940454,0
2412,Pass,0,0,0,23.025850929940454,0
2413,Pass,0,0,0,23.025850929940454,0
2414,Pass,0,0,0,23.025850929940454,0
2415,Pass,0,0,0,23.025850929940454,0
2416,Pass,0,0,0,23.025850929940454,0
2417,Pass,0,0,0,23.025850929940454,0
2418,Pass,0,0,0,23.025850929940454,0
2419,Pass,0,0,0,23.025850929940454,0
2420,Pass,0,0,0,23.025850929940454,0
2421,Pass,0,0,0,23.025850929940454,0
2422,Pass,0,0,0,23.025850929940454,0
2423,Pass,0,0,0,23.025850929940454,0
2424,Pass,0,0,0,23.025850929940454,0
2425,Pass,0,0,0,23.025850929940454,0
2426,Pass,0,0,0,23.025850929940454,0
2427,Pass,0,0,0,23.025850929940454,0
2428,Pass,0,0,0,23.025850929940454,0
2429,Pass,0,0,0,23.025850929940454,0
2430,Pass,0,0,0,23.025850929940454,0
2431,Pass,0,0,0,23.025850929940454,0
2432,Pass,0,0,0,23.025850929940454,0
2433,Pass,0,0,0,23.025850929940454,0
2434,Pass,0,0,0,23.025850929940454,0
2435,Pass,0,0,0,23.025850929940454,0
2436,Pass,0,0,0,23.025850929940454,0
2437,Pass,0,0,0,23.025850929940454,0
2438,Pass,0,0,0,23.025850929940454,0
2439,Pass,0,0,0,23.025850929940454,0
2440,Pass,0,0,0,23.025850929940454,0
2441,Pass,0,0,0,23.025850929940454,0
2442,Pass,0,0,0,23.025850929940454,0
2443,Pass,0,0,0,23.025850929940454,0
2444,Pass,0,0,0,23.025850929940454,0
2445,Pass,0,0,0,23.025850929940454,0
2446,Pass,0,0,0,23.025850929940454,0
2447,Pass,0,0,0,23.025850929940454,0
2448,Pass,0,0,0,23.025850929940454,0
2449,Pass,0,0,0,23.025850929940454,0
2450,Pass,0,0,0,23.025850929940454,0
2451,Pass,0,0,0,23.025850929940454,0
2452,Pass,0,0,0,23.025850929940454,0
2453,Pass,0,0,0,23.025850929940454,0
2454,Pass,0,0,0,23.025850929940454,0
2455,Pass,0,0,0,23.025850929940454,0
2456,Pass,0,0,0,23.025850929940454,0
2457,Pass,0,0,0,23.025850929940454,0
2458,Pass,0,0,0,23.025850929940454,0
2459,Pass,0,0,0,23.025850929940454,0
2460,Pass,0,0,0,23.025850929940454,0
2461,Pass,0,0,0,23.025850929940454,0
2462,Pass,0,0,0,23.025850929940454,0
2463,Pass,0,0,0,23.025850929940454,0
2464,Pass,0,0,0,23.025850929940454,0
2465,Pass,0,0,0,23.025850929940454,0
2466,Pass,0,0,0,23.025850929940454,0
2467,Pass,0,0,0,23.025850929940454,0
2468,Pass,0,0,0,23.025850929940454,0
2469,Pass,0,0,0,23.025850929940454,0
2470,Pass,0,0,0,23.025850929940454,0
2471,Pass,0,0,0,23.025850929940454,0
2472,Pass,0,0,0,23.025850929940454,0
2473,Pass,0,0,0,23.025850929940454,0
2474,Pass,0,0,0,23.025850929940454,0
2475,Pass,0,0,0,23.025850929940454,0
2476,Pass,0,0,0,23.025850929940454,0
2477,Pass,0,0,0,23.025850929940454,0
2478,Pass,0,0,0,23.025850929940454,0
2479,Pass,0,0,0,23.025850929940454,0
2480,Pass,0,0,0,23.025850929940454,0
2481,Pass,0,0,0,23.025850929940454,0
2482,Pass,0,0,0,23.025850929940454,0
2483,Pass,0,0,0,23.025850929940454,0
2484,Pass,0,0,0,23.025850929940454,0
2485,Pass,0,0,0,23.025850929940454,0
2486,Pass,0,0,0,23.025850929940454,0
2487,Pass,0,0,0,23.025850929940454,0
2488,Pass,0,0,0,23.025850929940454,0
2489,Pass,0,0,0,23.025850929940454,0
2490,Pass,0,0,0,23.025850929940454,0
2491,Pass,0,0,0,23.025850929940454,0
2492,Pass,0,0,0,23.025850929940454,0
2493,Pass,0,0,0,23.025850929940454,0
2494,Pass,0,0,0,23.025850929940454,0
2495,Pass,0,0,0,23.025850929940454,0
2496,Pass,0,0,0,23.025850929940454,0
2497,Pass,0,0,0,23.025850929940454,0
2498,Pass,0,0,0,23.025850929940454,0
2499,Pass,0,0,0,23.025850929940454,0
2500,Pass,0,0,0,23.025850929940454,0
2501,Pass,0,0,0,23.025850929940454,0
2502,Pass,0,0,0,23.025850929940454,0
2503,Pass,0,0,0,23.025850929940454,0
2504,Pass,0,0,0,23.025850929940454,0
2505,Pass,0,0,0,23.025850929940454,0
2506,Pass,0,0,0,23.025850929940454,0
2507,Pass,0,0,0,23.025850929940454,0
2508,Pass,0,0,0,23.025850929940454,0
2509,Pass,0,0,0,23.025850929940454,0
2510,Pass,0,0,0,23.025850929940454,0
2511,Pass,0,0,0,23.025850929940454,0
2512,Pass,0,0,0,23.025850929940454,0
2513,Pass,0,0,0,23.025850929940454,0
2514,Pass,0,0,0,23.025850929940454,0
2515,Pass,0,0,0,23.025850929940454,0
2516,Pass,0,0,0,23.025850929940454,0
2517,Pass,0,0,0,23.025850929940454,0
2518,Pass,0,0,0,23.025850929940454,0
2519,Pass,0,0,0,23.025850929940454,0
2520,Pass,0,0,0,23.025850929940454,0
2521,Pass,0,0,0,23.025850929940454,0
2522,Pass,0,0,0,23.025850929940454,0
2523,Pass,0,0,0,23.025850929940454,0
2524,Pass,0,0,0,23.025850929940454,0
2525,Pass,0,0,0,23.025850929940454,0
2526,Pass,0,0,0,23.025850929940454,0
2527,Pass,0,0,0,23.025850929940454,0
2528,Pass,0,0,0,23.025850929940454,0
2529,Pass,0,0,0,23.025850929940454,0
2530,Pass,0,0,0,23.025850929940454,0
2531,Pass,0,0,0,23.025850929940454,0
2532,Pass,0,0,0,23.025850929940454,0
2533,Pass,0,0,0,23.025850929940454,0
2534,Pass,0,0,0,23.025850929940454,0
2535,Pass,0,0,0,23.025850929940454,0
2536,Pass,0,0,0,23.025850929940454,0
2537,Pass,0,0,0,23.025850929940454,0
2538,Pass,0,0,0,23.025850929940454,0
2539,Pass,0,0,0,23.025850929940454,0
2540,Pass,0,0,0,23.025850929940454,0
2541,Pass,0,0,0,23.025850929940454,0
2542,Pass,0,0,0,23.025850929940454,0
2543,Pass,0,0,0,23.025850929940454,0
2544,Pass,0,0,0,23.025850929940454,0
2545,Pass,0,0,0,23.025850929940454,0
2546,Pass,0,0,0,23.025850929940454,0
2547,Pass,0,0,0,23.025850929940454,0
2548,Pass,0,0,0,23.025850929940454,0
2549,Pass,0,0,0,23.025850929940454,0
2550,Pass,0,0,0,23.025850929940454,0
2551,Pass,0,0,0,23.025850929940454,0
2552,Pass,0,0,0,23.025850929940454,0
2553,Pass,0,0,0,23.025850929940454,0
2554,Pass,0,0,0,23.025850929940454,0
2555,Pass,0,0,0,23.025850929940454,0
2556,Pass,0,0,0,23.025850929940454,0
2557,Pass,0,0,0,23.025850929940454,0
2558,Pass,0,0,0,23.025850929940454,0
2559,Pass,0,0,0,23.025850929940454,0
2560,Pass,0,0,0,23.025850929940454,0
2561,Pass,0,0,0,23.025850929940454,0
2562,Pass,0,0,0,23.025850929940454,0
2563,Pass,0,0,0,23.025850929940454,0
2564,Pass,0,0,0,23.025850929940454,0
2565,Pass,0,0,0,23.025850929940454,0
2566,Pass,0,0,0,23.025850929940454,0
2567,Pass,0,0,0,23.025850929940454,0
2568,Pass,0,0,0,23.025850929940454,0
2569,Pass,0,0,0,23.025850929940454,0
2570,Pass,0,0,0,23.025850929940454,0
2571,Pass,0,0,0,23.025850929940454,0
2572,Pass,0,0,0,23.025850929940454,0
2573,Pass,0,0,0,23.025850929940454,0
2574,Pass,0,0,0,23.025850929940454,0
2575,Pass,0,0,0,23.025850929940454,0
2576,Pass,0,0,0,23.025850929940454,0
2577,Pass,0,0,0,23.025850929940454,0
2578,Pass,0,0,0,23.025850929940454,0
2579,Pass,0,0,0,23.025850929940454,0
2580,Pass,0,0,0,23.025850929940454,0
2581,Pass,0,0,0,23.025850929940454,0
2582,Pass,0,0,0,23.025850929940454,0
2583,Pass,0,0,0,23.025850929940454,0
2584,Pass,0,0,0,23.025850929940454,0
2585,Pass,0,0,0,23.025850929940454,0
2586,Pass,0,0,0,23.025850929940454,0
2587,Pass,0,0,0,23.025850929940454,0
2588,Pass,0,0,0,23.025850929940454,0
2589,Pass,0,0,0,23.025850929940454,0
2590,Pass,0,0,0,23.025850929940454,0
2591,Pass,0,0,0,23.025850929940454,0
2592,Pass,0,0,0,23.025850929940454,0
2593,Pass,0,0,0,23.025850929940454,0
2594,Pass,0,0,0,23.025850929940454,0
2595,Pass,0,0,0,23.025850929940454,0
2596,Pass,0,0,0,23.025850929940454,0
2597,Pass,0,0,0,23.025850929940454,0
2598,Pass,0,0,0,23.025850929940454,0
2599,Pass,0,0,0,23.025850929940454,0
2600,Pass,0,0,0,23.025850929940454,0
2601,Pass,0,0,0,23.025850929940454,0
2602,Pass,0,0,0,23.025850929940454,0
2603,Pass,0,0,0,23.025850929940454,0
2604,Pass,0,0,0,23.025850929940454,0
2605,Pass,0,0,0,23.025850929940454,0
2606,Pass,0,0,0,23.025850929940454,0
2607,Pass,0,0,0,23.025850929940454,0
2608,Pass,0,0,0,23.025850929940454,0
2609,Pass,0,0,0,23.025850929940454,0
2610,Pass,0,0,0,23.025850929940454,0
2611,Pass,0,0,0,23.025850929940454,0
2612,Pass,0,0,0,23.025850929940454,0
2613,Pass,0,0,0,23.025850929940454,0
2614,Pass,0,0,0,23.025850929940454,0
2615,Pass,0,0,0,23.025850929940454,0
2616,Pass,0,0,0,23.025850929940454,0
2617,Pass,0,0,0,23.025850929940454,0
2618,Pass,0,0,0,23.025850929940454,0
2619,Pass,0,0,0,23.025850929940454,0
2620,Pass,0,0,0,23.025850929940454,0
2621,Pass,0,0,0,23.025850929940454,0
2622,Pass,0,0,0,23.025850929940454,0
2623,Pass,0,0,0,23.025850929940454,0
2624,Pass,0,0,0,23.025850929940454,0
2625,Pass,0,0,0,23.025850929940454,0
2626,Pass,0,0,0,23.025850929940454,0
2627,Pass,0,0,0,23.025850929940454,0
2628,Pass,0,0,0,23.025850929940454,0
2629,Pass,0,0,0,23.025850929940454,0
2630,Pass,0,0,0,23.025850929940454,0
2631,Pass,0,0,0,23.025850929940454,0
2632,Pass,0,0,0,23.025850929940454,0
2633,Pass,0,0,0,23.025850929940454,0
2634,Pass,0,0,0,23.025850929940454,0
2635,Pass,0,0,0,23.025850929940454,0
2636,Pass,0,0,0,23.025850929940454,0
2637,Pass,0,0,0,23.025850929940454,0
2638,Pass,0,0,0,23.025850929940454,0
2639,Pass,0,0,0,23.025850929940454,0
2640,Pass,0,0,0,23.025850929940454,0
2641,Pass,0,0,0,23.025850929940454,0
2642,Pass,0,0,0,23.025850929940454,0
2643,Pass,0,0,0,23.025850929940454,0
2644,Pass,0,0,0,23.025850929940454,0
2645,Pass,0,0,0,23.025850929940454,0
2646,Pass,0,0,0,23.025850929940454,0
2647,Pass,0,0,0,23.025850929940454,0
2648,Pass,0,0,0,23.025850929940454,0
2649,Pass,0,0,0,23.025850929940454,0
2650,Pass,0,0,0,23.025850929940454,0
2651,Pass,0,0,0,23.025850929940454,0
2652,Pass,0,0,0,23.025850929940454,0
2653,Pass,0,0,0,23.025850929940454,0
2654,Pass,0,0,0,23.025850929940454,0
2655,Pass,0,0,0,23.025850929940454,0
2656,Pass,0,0,0,23.025850929940454,0
2657,Pass,0,0,0,23.025850929940454,0
2658,Pass,0,0,0,23.025850929940454,0
2659,Pass,0,0,0,23.025850929940454,0
2660,Pass,0,0,0,23.025850929940454,0
2661,Pass,0,0,0,23.025850929940454,0
2662,Pass,0,0,0,23.025850929940454,0
2663,Pass,0,0,0,23.025850929940454,0
2664,Pass,0,0,0,23.025850929940454,0
2665,Pass,0,0,0,23.025850929940454,0
2666,Pass,0,0,0,23.025850929940454,0
2667,Pass,0,0,0,23.025850929940454,0
2668,Pass,0,0,0,23.025850929940454,0
2669,Pass,0,0,0,23.025850929940454,0
2670,Pass,0,0,0,23.025850929940454,0
2671,Pass,0,0,0,23.025850929940454,0
2672,Pass,0,0,0,23.025850929940454,0
2673,Pass,0,0,0,23.025850929940454,0
2674,Pass,0,0,0,23.025850929940454,0
2675,Pass,0,0,0,23.025850929940454,0
2676,Pass,0,0,0,23.025850929940454,0
2677,Pass,0,0,0,23.025850929940454,0
2678,Pass,0,0,0,23.025850929940454,0
2679,Pass,0,0,0,23.025850929940454,0
2680,Pass,0,0,0,23.025850929940454,0
2681,Pass,0,0,0,23.025850929940454,0
2682,Pass,0,0,0,23.025850929940454,0
2683,Pass,0,0,0,23.025850929940454,0
2684,Pass,0,0,0,23.025850929940454,0
2685,Pass,0,0,0,23.025850929940454,0
2686,Pass,0,0,0,23.025850929940454,0
2687,Pass,0,0,0,23.025850929940454,0
2688,Pass,0,0,0,23.025850929940454,0
2689,Pass,0,0,0,23.025850929940454,0
2690,Pass,0,0,0,23.025850929940454,0
2691,Pass,0,0,0,23.025850929940454,0
2692,Pass,0,0,0,23.025850929940454,0
2693,Pass,0,0,0,23.025850929940454,0
2694,Pass,0,0,0,23.025850929940454,0
2695,Pass,0,0,0,23.025850929940454,0
2696,Pass,0,0,0,23.025850929940454,0
2697,Pass,0,0,0,23.025850929940454,0
2698,Pass,0,0,0,23.025850929940454,0
2699,Pass,0,0,0,23.025850929940454,0
2700,Pass,0,0,0,23.025850929940454,0
2701,Pass,0,0,0,23.025850929940454,0
2702,Pass,0,0,0,23.025850929940454,0
2703,Pass,0,0,0,23.025850929940454,0
2704,Pass,0,0,0,23.025850929940454,0
2705,Pass,0,0,0,23.025850929940454,0
2706,Pass,0,0,0,23.025850929940454,0
2707,Pass,0,0,0,23.025850929940454,0
2708,Pass,0,0,0,23.025850929940454,0
2709,Pass,0,0,0,23.025850929940454,0
2710,Pass,0,0,0,23.025850929940454,0
2711,Pass,0,0,0,23.025850929940454,0
2712,Pass,0,0,0,23.025850929940454,0
2713,Pass,0,0,0,23.025850929940454,0
2714,Pass,0,0,0,23.025850929940454,0
2715,Pass,0,0,0,23.025850929940454,0
2716,Pass,0,0,0,23.025850929940454,0
2717,Pass,0,0,0,23.025850929940454,0
2718,Pass,0,0,0,23.025850929940454,0
2719,Pass,0,0,0,23.025850929940454,0
2720,Pass,0,0,0,23.025850929940454,0
2721,Pass,0,0,0,23.025850929940454,0
2722,Pass,0,0,0,23.025850929940454,0
2723,Pass,0,0,0,23.025850929940454,0
2724,Pass,0,0,0,23.025850929940454,0
2725,Pass,0,0,0,23.025850929940454,0
2726,Pass,0,0,0,23.025850929940454,0
2727,Pass,0,0,0,23.025850929940454,0
2728,Pass,0,0,0,23.025850929940454,0
2729,Pass,0,0,0,23.025850929940454,0
2730,Pass,0,0,0,23.025850929940454,0
2731,Pass,0,0,0,23.025850929940454,0
2732,Pass,0,0,0,23.025850929940454,0
2733,Pass,0,0,0,23.025850929940454,0
2734,Pass,0,0,0,23.025850929940454,0
2735,Pass,0,0,0,7.247098806304596,0
2736,Pass,0,0,0,23.025850929940454,0
2737,Pass,0,0,0,23.025850929940454,0
2738,Pass,0,0,0,23.025850929940454,0
2739,Pass,0,0,0,23.025850929940454,0
2740,Pass,0,0,0,23.025850929940454,0
2741,Pass,0,0,0,23.025850929940454,0
2742,Pass,0,0,0,23.025850929940454,0
2743,Pass,0,0,0,23.025850929940454,0
2744,Pass,0,0,0,23.025850929940454,0
2745,Pass,0,0,0,19.13468427929431,0
2746,Pass,0,0,0,-0.0,0
2747,Pass,0,0,0,17.850440171568756,0
2748,Pass,0,0,0,23.025850929940454,0
2749,Pass,0,0,0,23.025850929940454,0
2750,Pass,0,0,0,23.025850929940454,0
2751,Pass,0,0,0,23.025850929940454,0
2752,Pass,0,0,0,23.025850929940454,0
2753,Pass,0,0,0,23.025850929940454,0
2754,Pass,0,0,0,23.025850929940454,0
2755,Pass,0,0,0,23.025850929940454,0
2756,Pass,0,0,0,23.025850929940454,0
2757,Pass,0,0,0,23.025850929940454,0
2758,Pass,0,0,0,23.025850929940454,0
2759,Pass,0,0,0,23.025850929940454,0
2760,Pass,0,0,0,23.025850929940454,0
2761,Pass,0,0,0,23.025850929940454,0
2762,Pass,0,0,0,23.025850929940454,0
2763,Pass,0,0,0,23.025850929940454,0
2764,Pass,0,0,0,23.025850929940454,0
2765,Pass,0,0,0,23.025850929940454,0
2766,Pass,0,0,0,23.025850929940454,0
2767,Pass,0,0,0,23.025850929940454,0
2768,Pass,0,0,0,23.025850929940454,0
2769,Pass,0,0,0,23.025850929940454,0
2770,Pass,0,0,0,23.025850929940454,0
2771,Pass,0,0,0,23.025850929940454,0
2772,Pass,0,0,0,23.025850929940454,0
2773,Pass,0,0,0,23.025850929940454,0
2774,Pass,0,0,0,23.025850929940454,0
2775,Pass,0,0,0,23.025850929940454,0
2776,Pass,0,0,0,23.025850929940454,0
2777,Pass,0,0,0,23.025850929940454,0
2778,Pass,0,0,0,23.025850929940454,0
2779,Pass,0,0,0,23.025850929940454,0
2780,Pass,0,0,0,23.025850929940454,0
2781,Pass,0,0,0,23.025850929940454,0
2782,Pass,0,0,0,23.025850929940454,0
2783,Pass,0,0,0,23.025850929940454,0
2784,Pass,0,0,0,23.025850929940454,0
2785,Pass,0,0,0,23.025850929940454,0
2786,Pass,0,0,0,23.025850929940454,0
2787,Pass,0,0,0,23.025850929940454,0
2788,Pass,0,0,0,23.025850929940454,0
2789,Pass,0,0,0,23.025850929940454,0
2790,Pass,0,0,0,23.025850929940454,0
2791,Pass,0,0,0,23.025850929940454,0
2792,Pass,0,0,0,23.025850929940454,0
2793,Pass,0,0,0,23.025850929940454,0
2794,Pass,0,0,0,23.025850929940454,0
2795,Pass,0,0,0,23.025850929940454,0
2796,Pass,0,0,0,23.025850929940454,0
2797,Pass,0,0,0,23.025850929940454,0
2798,Pass,0,0,0,23.025850929940454,0
2799,Pass,0,0,0,23.025850929940454,0
2800,Pass,0,0,0,23.025850929940454,0
2801,Pass,0,0,0,23.025850929940454,0
2802,Pass,0,0,0,23.025850929940454,0
2803,Pass,0,0,0,23.025850929940454,0
2804,Pass,0,0,0,23.025850929940454,0
2805,Pass,0,0,0,23.025850929940454,0
2806,Pass,0,0,0,23.025850929940454,0
2807,Pass,0,0,0,23.025850929940454,0
2808,Pass,0,0,0,23.025850929940454,0
2809,Pass,0,0,0,23.025850929940454,0
2810,Pass,0,0,0,23.025850929940454,0
2811,Pass,0,0,0,23.025850929940454,0
2812,Pass,0,0,0,23.025850929940454,0
2813,Pass,0,0,0,23.025850929940454,0
2814,Pass,0,0,0,23.025850929940454,0
2815,Pass,0,0,0,23.025850929940454,0
2816,Pass,0,0,0,23.025850929940454,0
2817,Pass,0,0,0,23.025850929940454,0
2818,Pass,0,0,0,23.025850929940454,0
2819,Pass,0,0,0,23.025850929940454,0
2820,Pass,0,0,0,23.025850929940454,0
2821,Pass,0,0,0,23.025850929940454,0
2822,Pass,0,0,0,23.025850929940454,0
2823,Pass,0,0,0,23.025850929940454,0
2824,Pass,0,0,0,23.025850929940454,0
2825,Pass,0,0,0,23.025850929940454,0
2826,Pass,0,0,0,23.025850929940454,0
2827,Pass,0,0,0,23.025850929940454,0
2828,Pass,0,0,0,23.025850929940454,0
2829,Pass,0,0,0,23.025850929940454,0
2830,Pass,0,0,0,23.025850929940454,0
2831,Pass,0,0,0,23.025850929940454,0
2832,Pass,0,0,0,23.025850929940454,0
2833,Pass,0,0,0,23.025850929940454,0
2834,Pass,0,0,0,23.025850929940454,0
2835,Pass,0,0,0,23.025850929940454,0
2836,Pass,0,0,0,23.025850929940454,0
2837,Pass,0,0,0,23.025850929940454,0
2838,Pass,0,0,0,9.039014415365903,0
2839,Pass,0,0,0,11.827910961095562,0
2840,Pass,0,0,0,11.437655831398116,0
2841,Pass,0,0,0,23.025850929940454,0
2842,Pass,0,0,0,23.025850929940454,0
2843,Pass,0,0,0,23.025850929940454,0
2844,Pass,0,0,0,-0.0,0
2845,Pass,0,0,0,23.025850929940454,0
2846,Pass,0,0,0,13.449085468782691,0
2847,Pass,0,0,0,23.025850929940454,0
2848,Pass,0,0,0,23.025850929940454,0
2849,Pass,0,0,0,23.025850929940454,0
2850,Pass,0,0,0,3.5507075938431663,0
2851,Pass,0,0,0,23.025850929940454,0
2852,Pass,0,0,0,23.025850929940454,0
2853,Pass,0,0,0,23.025850929940454,0
2854,Pass,0,0,0,23.025850929940454,0
2855,Pass,0,0,0,23.025850929940454,0
2856,Pass,0,0,0,23.025850929940454,0
2857,Pass,0,0,0,23.025850929940454,0
2858,Pass,0,0,0,23.025850929940454,0
2859,Pass,0,0,0,23.025850929940454,0
2860,Pass,0,0,0,23.025850929940454,0
2861,Pass,0,0,0,23.025850929940454,0
2862,Pass,0,0,0,23.025850929940454,0
2863,Pass,0,0,0,23.025850929940454,0
2864,Pass,0,0,0,23.025850929940454,0
2865,Pass,0,0,0,23.025850929940454,0
2866,Pass,0,0,0,23.025850929940454,0
2867,Pass,0,0,0,23.025850929940454,0
2868,Pass,0,0,0,23.025850929940454,0
2869,Pass,0,0,0,23.025850929940454,0
2870,Pass,0,0,0,23.025850929940454,0
2871,Pass,0,0,0,23.025850929940454,0
2872,Pass,0,0,0,23.025850929940454,0
2873,Pass,0,0,0,23.025850929940454,0
2874,Pass,0,0,0,23.025850929940454,0
2875,Pass,0,0,0,23.025850929940454,0
2876,Pass,0,0,0,23.025850929940454,0
2877,Pass,0,0,0,23.025850929940454,0
2878,Pass,0,0,0,23.025850929940454,0
2879,Pass,0,0,0,23.025850929940454,0
2880,Pass,0,0,0,23.025850929940454,0
2881,Pass,0,0,0,23.025850929940454,0
2882,Pass,0,0,0,23.025850929940454,0
2883,Pass,0,0,0,23.025850929940454,0
2884,Pass,0,0,0,23.025850929940454,0
2885,Pass,0,0,0,23.025850929940454,0
2886,Pass,0,0,0,23.025850929940454,0
2887,Pass,0,0,0,23.025850929940454,0
2888,Pass,0,0,0,23.025850929940454,0
2889,Pass,0,0,0,23.025850929940454,0
2890,Pass,0,0,0,23.025850929940454,0
2891,Pass,0,0,0,23.025850929940454,0
2892,Pass,0,0,0,23.025850929940454,0
2893,Pass,0,0,0,23.025850929940454,0
2894,Pass,0,0,0,23.025850929940454,0
2895,Pass,0,0,0,23.025850929940454,0
2896,Pass,0,0,0,23.025850929940454,0
2897,Pass,0,0,0,23.025850929940454,0
2898,Pass,0,0,0,23.025850929940454,0
2899,Pass,0,0,0,23.025850929940454,0
2900,Pass,0,0,0,23.025850929940454,0
2901,Pass,0,0,0,23.025850929940454,0
2902,Pass,0,0,0,23.025850929940454,0
2903,Pass,0,0,0,23.025850929940454,0
2904,Pass,0,0,0,23.025850929940454,0
2905,Pass,0,0,0,23.025850929940454,0
2906,Pass,0,0,0,23.025850929940454,0
2907,Pass,0,0,0,23.025850929940454,0
2908,Pass,0,0,0,23.025850929940454,0
2909,Pass,0,0,0,23.025850929940454,0
2910,Pass,0,0,0,23.025850929940454,0
2911,Pass,0,0,0,23.025850929940454,0
2912,Pass,0,0,0,23.025850929940454,0
2913,Pass,0,0,0,23.025850929940454,0
2914,Pass,0,0,0,23.025850929940454,0
2915,Pass,0,0,0,23.025850929940454,0
2916,Pass,0,0,0,23.025850929940454,0
2917,Pass,0,0,0,23.025850929940454,0
2918,Pass,0,0,0,23.025850929940454,0
2919,Pass,0,0,0,23.025850929940454,0
2920,Pass,0,0,0,23.025850929940454,0
2921,Pass,0,0,0,23.025850929940454,0
2922,Pass,0,0,0,23.025850929940454,0
2923,Pass,0,0,0,23.025850929940454,0
2924,Pass,0,0,0,23.025850929940454,0
2925,Pass,0,0,0,23.025850929940454,0
2926,Pass,0,0,0,23.025850929940454,0
2927,Pass,0,0,0,23.025850929940454,0
2928,Pass,0,0,0,23.025850929940454,0
2929,Pass,0,0,0,23.025850929940454,0
2930,Pass,0,0,0,23.025850929940454,0
2931,Pass,0,0,0,23.025850929940454,0
2932,Pass,0,0,0,23.025850929940454,0
2933,Pass,0,0,0,23.025850929940454,0
2934,Pass,0,0,0,23.025850929940454,0
2935,Pass,0,0,0,23.025850929940454,0
2936,Pass,0,0,0,23.025850929940454,0
2937,Pass,0,0,0,23.025850929940454,0
2938,Pass,0,0,0,23.025850929940454,0
2939,Pass,0,0,0,23.025850929940454,0
2940,Pass,0,0,0,23.025850929940454,0
2941,Pass,0,0,0,23.025850929940454,0
2942,Pass,0,0,0,23.025850929940454,0
2943,Pass,0,0,0,23.025850929940454,0
2944,Pass,0,0,0,23.025850929940454,0
2945,Pass,0,0,0,23.025850929940454,0
2946,Pass,0,0,0,23.025850929940454,0
2947,Pass,0,0,0,23.025850929940454,0
2948,Pass,0,0,0,23.025850929940454,0
2949,Pass,0,0,0,23.025850929940454,0
2950,Pass,0,0,0,23.025850929940454,0
2951,Pass,0,0,0,23.025850929940454,0
2952,Pass,0,0,0,23.025850929940454,0
2953,Pass,0,0,0,23.025850929940454,0
2954,Pass,0,0,0,23.025850929940454,0
2955,Pass,0,0,0,23.025850929940454,0
2956,Pass,0,0,0,23.025850929940454,0
2957,Pass,0,0,0,23.025850929940454,0
2958,Pass,0,0,0,23.025850929940454,0
2959,Pass,0,0,0,23.025850929940454,0
2960,Pass,0,0,0,23.025850929940454,0
2961,Pass,0,0,0,23.025850929940454,0
2962,Pass,0,0,0,23.025850929940454,0
2963,Pass,0,0,0,23.025850929940454,0
2964,Pass,0,0,0,23.025850929940454,0
2965,Pass,0,0,0,23.025850929940454,0
2966,Pass,0,0,0,23.025850929940454,0
2967,Pass,0,0,0,23.025850929940454,0
2968,Pass,0,0,0,23.025850929940454,0
2969,Pass,0,0,0,23.025850929940454,0
2970,Pass,0,0,0,23.025850929940454,0
2971,Pass,0,0,0,23.025850929940454,0
2972,Pass,0,0,0,23.025850929940454,0
2973,Pass,0,0,0,23.025850929940454,0
2974,Pass,0,0,0,23.025850929940454,0
2975,Pass,0,0,0,23.025850929940454,0
2976,Pass,0,0,0,23.025850929940454,0
2977,Pass,0,0,0,23.025850929940454,0
2978,Pass,0,0,0,23.025850929940454,0
2979,Pass,0,0,0,23.025850929940454,0
2980,Pass,0,0,0,23.025850929940454,0
2981,Pass,0,0,0,23.025850929940454,0
2982,Pass,0,0,0,23.025850929940454,0
2983,Pass,0,0,0,23.025850929940454,0
2984,Pass,0,0,0,23.025850929940454,0
2985,Pass,0,0,0,23.025850929940454,0
2986,Pass,0,0,0,23.025850929940454,0
2987,Pass,0,0,0,23.025850929940454,0
2988,Pass,0,0,0,23.025850929940454,0
2989,Pass,0,0,0,23.025850929940454,0
2990,Pass,0,0,0,23.025850929940454,0
2991,Pass,0,0,0,23.025850929940454,0
2992,Pass,0,0,0,23.025850929940454,0
2993,Pass,0,0,0,23.025850929940454,0
2994,Pass,0,0,0,23.025850929940454,0
2995,Pass,0,0,0,23.025850929940454,0
2996,Pass,0,0,0,23.025850929940454,0
2997,Pass,0,0,0,23.025850929940454,0
2998,Pass,0,0,0,23.025850929940454,0
2999,Pass,0,0,0,23.025850929940454,0
3000,Pass,0,0,0,23.025850929940454,0
3001,Pass,0,0,0,23.025850929940454,0
3002,Pass,0,0,0,23.025850929940454,0
3003,Pass,0,0,0,23.025850929940454,0
3004,Pass,0,0,0,23.025850929940454,0
3005,Pass,0,0,0,23.025850929940454,0
3006,Pass,0,0,0,23.025850929940454,0
3007,Pass,0,0,0,23.025850929940454,0
3008,Pass,0,0,0,23.025850929940454,0
3009,Pass,0,0,0,23.025850929940454,0
3010,Pass,0,0,0,23.025850929940454,0
3011,Pass,0,0,0,23.025850929940454,0
3012,Pass,0,0,0,23.025850929940454,0
3013,Pass,0,0,0,23.025850929940454,0
3014,Pass,0,0,0,23.025850929940454,0
3015,Pass,0,0,0,23.025850929940454,0
3016,Pass,0,0,0,23.025850929940454,0
3017,Pass,0,0,0,23.025850929940454,0
3018,Pass,0,0,0,23.025850929940454,0
3019,Pass,0,0,0,23.025850929940454,0
3020,Pass,0,0,0,23.025850929940454,0
3021,Pass,0,0,0,23.025850929940454,0
3022,Pass,0,0,0,23.025850929940454,0
3023,Pass,0,0,0,23.025850929940454,0
3024,Pass,0,0,0,23.025850929940454,0
3025,Pass,0,0,0,23.025850929940454,0
3026,Pass,0,0,0,23.025850929940454,0
3027,Pass,0,0,0,23.025850929940454,0
3028,Pass,0,0,0,23.025850929940454,0
3029,Pass,0,0,0,23.025850929940454,0
3030,Pass,0,0,0,23.025850929940454,0
3031,Pass,0,0,0,23.025850929940454,0
3032,Pass,0,0,0,23.025850929940454,0
3033,Pass,0,0,0,23.025850929940454,0
3034,Pass,0,0,0,23.025850929940454,0
3035,Pass,0,0,0,23.025850929940454,0
3036,Pass,0,0,0,23.025850929940454,0
3037,Pass,0,0,0,23.025850929940454,0
3038,Pass,0,0,0,23.025850929940454,0
3039,Pass,0,0,0,23.025850929940454,0
3040,Pass,0,0,0,23.025850929940454,0
3041,Pass,0,0,0,-0.0,0
3042,Pass,0,0,0,-0.0,0
3043,Pass,0,0,0,23.025850929940454,0
3044,Pass,0,0,0,23.025850929940454,0
3045,Pass,0,0,0,-0.0,0
3046,Pass,0,0,0,-0.0,0
3047,Pass,0,0,0,-0.0,0
3048,Pass,0,0,0,20.80430142290738,0
3049,Pass,0,0,0,-0.0,0
3050,Pass,0,0,0,23.025850929940454,0
3051,Pass,0,0,0,-0.0,0
3052,Pass,0,0,0,-0.0,0
3053,Pass,0,0,0,16.246027323113953,0
3054,Pass,0,0,0,4.968860953348562,0
3055,Pass,0,0,0,23.025850929940454,0
3056,Pass,0,0,0,13.301365471184832,0
3057,Pass,0,0,0,23.025850929940454,0
3058,Pass,0,0,0,23.025850929940454,0
3059,Pass,0,0,0,23.025850929940454,0
3060,Pass,0,0,0,7.2443286847327295,0
3061,Pass,0,0,0,23.025850929940454,0
3062,Pass,0,0,0,-0.0,0
3063,Pass,0,0,0,-0.0,0
3064,Pass,0,0,0,-0.0,0
3065,Pass,0,0,0,-0.0,0
3066,Pass,0,0,0,23.025850929940454,0
3067,Pass,0,0,0,23.025850929940454,0
3068,Pass,0,0,0,23.025850929940454,0
3069,Pass,0,0,0,23.025850929940454,0
3070,Pass,0,0,0,23.025850929940454,0
3071,Pass,0,0,0,23.025850929940454,0
3072,Pass,0,0,0,23.025850929940454,0
3073,Pass,0,0,0,23.025850929940454,0
3074,Pass,0,0,0,7.020265503588084,0
3075,Pass,0,0,0,23.025850929940454,0
3076,Pass,0,0,0,-0.0,0
3077,Pass,0,0,0,23.025850929940454,0
3078,Pass,0,0,0,-0.0,0
3079,Pass,0,0,0,-0.0,0
3080,Pass,0,0,0,-0.0,0
3081,Pass,0,0,0,-0.0,0
3082,Pass,0,0,0,-0.0,0
3083,Pass,0,0,0,-0.0,0
3084,Pass,0,0,0,-0.0,0
3085,Pass,0,0,0,0.0006767241185002053,0
3086,Pass,0,0,0,-0.0,0
3087,Pass,0,0,0,-0.0,0
3088,Pass,0,0,0,-0.0,0
3089,Pass,0,0,0,-0.0,0
3090,Pass,0,0,0,-0.0,0
3091,Pass,0,0,0,-0.0,0
3092,Pass,0,0,0,6.800594177362393,0
3093,Pass,0,0,0,-0.0,0
3094,Pass,0,0,0,0.0038613329947104584,0
3095,Pass,0,0,0,23.025850929940454,0
3096,Pass,0,0,0,23.025850929940454,0
3097,Pass,0,0,0,23.025850929940454,0
3098,Pass,0,0,0,23.025850929940454,0
3099,Pass,0,0,0,23.025850929940454,0
3100,Pass,0,0,0,23.025850929940454,0
3101,Pass,0,0,0,23.025850929940454,0
3102,Pass,0,0,0,23.025850929940454,0
3103,Pass,0,0,0,23.025850929940454,0
3104,Pass,0,0,0,23.025850929940454,0
3105,Pass,0,0,0,23.025850929940454,0
3106,Pass,0,0,0,23.025850929940454,0
3107,Pass,0,0,0,23.025850929940454,0
3108,Pass,0,0,0,23.025850929940454,0
3109,Pass,0,0,0,23.025850929940454,0
3110,Pass,0,0,0,23.025850929940454,0
3111,Pass,0,0,0,18.947946028844754,0
3112,Pass,0,0,0,23.025850929940454,0
3113,Pass,0,0,0,23.025850929940454,0
3114,Pass,0,0,0,23.025850929940454,0
3115,Pass,0,0,0,23.025850929940454,0
3116,Pass,0,0,0,-0.0,0
3117,Pass,0,0,0,-0.0,0
3118,Pass,0,0,0,1.51420171881523,0
3119,Pass,0,0,0,13.721770140363796,0
3120,Pass,0,0,0,20.092815599770685,0
3121,Pass,0,0,0,23.025850929940454,0
3122,Pass,0,0,0,23.025850929940454,0
3123,Pass,0,0,0,21.299438015655575,0
3124,Pass,0,0,0,23.025850929940454,0
3125,Pass,0,0,0,23.025850929940454,0
3126,Pass,0,0,0,23.025850929940454,0
3127,Pass,0,0,0,23.025850929940454,0
3128,Pass,0,0,0,23.025850929940454,0
3129,Pass,0,0,0,23.025850929940454,0
3130,Pass,0,0,0,23.025850929940454,0
3131,Pass,0,0,0,23.025850929940454,0
3132,Pass,0,0,0,7.453842730717511,0
3133,Pass,0,0,0,23.025850929940454,0
3134,Pass,0,0,0,7.891778380079483,0
3135,Pass,0,0,0,23.025850929940454,0
3136,Pass,0,0,0,23.025850929940454,0
3137,Pass,0,0,0,23.025850929940454,0
3138,Pass,0,0,0,23.025850929940454,0
3139,Pass,0,0,0,23.025850929940454,0
3140,Pass,0,0,0,23.025850929940454,0
3141,Pass,0,0,0,23.025850929940454,0
3142,Pass,0,0,0,23.025850929940454,0
3143,Pass,0,0,0,23.025850929940454,0
3144,Pass,0,0,0,23.025850929940454,0
3145,Pass,0,0,0,23.025850929940454,0
3146,Pass,0,0,0,23.025850929940454,0
3147,Pass,0,0,0,23.025850929940454,0
3148,Pass,0,0,0,23.025850929940454,0
3149,Pass,0,0,0,23.025850929940454,0
3150,Pass,0,0,0,23.025850929940454,0
3151,Pass,0,0,0,23.025850929940454,0
3152,Pass,0,0,0,23.025850929940454,0
3153,Pass,0,0,0,23.025850929940454,0
3154,Pass,0,0,0,23.025850929940454,0
3155,Pass,0,0,0,23.025850929940454,0
3156,Pass,0,0,0,23.025850929940454,0
3157,Pass,0,0,0,23.025850929940454,0
3158,Pass,0,0,0,23.025850929940454,0
3159,Pass,0,0,0,23.025850929940454,0
3160,Pass,0,0,0,23.025850929940454,0
3161,Pass,0,0,0,23.025850929940454,0
3162,Pass,0,0,0,23.025850929940454,0
3163,Pass,0,0,0,23.025850929940454,0
3164,Pass,0,0,0,23.025850929940454,0
3165,Pass,0,0,0,23.025850929940454,0
3166,Pass,0,0,0,23.025850929940454,0
3167,Pass,0,0,0,23.025850929940454,0
3168,Pass,0,0,0,23.025850929940454,0
3169,Pass,0,0,0,23.025850929940454,0
3170,Pass,0,0,0,23.025850929940454,0
3171,Pass,0,0,0,23.025850929940454,0
3172,Pass,0,0,0,23.025850929940454,0
3173,Pass,0,0,0,23.025850929940454,0
3174,Pass,0,0,0,23.025850929940454,0
3175,Pass,0,0,0,23.025850929940454,0
3176,Pass,0,0,0,23.025850929940454,0
3177,Pass,0,0,0,23.025850929940454,0
3178,Pass,0,0,0,23.025850929940454,0
3179,Pass,0,0,0,23.025850929940454,0
3180,Pass,0,0,0,23.025850929940454,0
3181,Pass,0,0,0,23.025850929940454,0
3182,Pass,0,0,0,23.025850929940454,0
3183,Pass,0,0,0,23.025850929940454,0
3184,Pass,0,0,0,23.025850929940454,0
3185,Pass,0,0,0,23.025850929940454,0
3186,Pass,0,0,0,23.025850929940454,0
3187,Pass,0,0,0,23.025850929940454,0
3188,Pass,0,0,0,23.025850929940454,0
3189,Pass,0,0,0,23.025850929940454,0
3190,Pass,0,0,0,23.025850929940454,0
3191,Pass,0,0,0,23.025850929940454,0
3192,Pass,0,0,0,23.025850929940454,0
3193,Pass,0,0,0,23.025850929940454,0
3194,Pass,0,0,0,23.025850929940454,0
3195,Pass,0,0,0,23.025850929940454,0
3196,Pass,0,0,0,23.025850929940454,0
3197,Pass,0,0,0,23.025850929940454,0
3198,Pass,0,0,0,23.025850929940454,0
3199,Pass,0,0,0,23.025850929940454,0
3200,Pass,0,0,0,23.025850929940454,0
3201,Pass,0,0,0,23.025850929940454,0
3202,Pass,0,0,0,23.025850929940454,0
3203,Pass,0,0,0,23.025850929940454,0
3204,Pass,0,0,0,23.025850929940454,0
3205,Pass,0,0,0,23.025850929940454,0
3206,Pass,0,0,0,23.025850929940454,0
3207,Pass,0,0,0,23.025850929940454,0
3208,Pass,0,0,0,23.025850929940454,0
3209,Pass,0,0,0,23.025850929940454,0
3210,Pass,0,0,0,23.025850929940454,0
3211,Pass,0,0,0,23.025850929940454,0
3212,Pass,0,0,0,23.025850929940454,0
3213,Pass,0,0,0,23.025850929940454,0
3214,Pass,0,0,0,23.025850929940454,0
3215,Pass,0,0,0,23.025850929940454,0
3216,Pass,0,0,0,23.025850929940454,0
3217,Pass,0,0,0,23.025850929940454,0
3218,Pass,0,0,0,23.025850929940454,0
3219,Pass,0,0,0,23.025850929940454,0
3220,Pass,0,0,0,23.025850929940454,0
3221,Pass,0,0,0,23.025850929940454,0
3222,Pass,0,0,0,23.025850929940454,0
3223,Pass,0,0,0,23.025850929940454,0
3224,Pass,0,0,0,23.025850929940454,0
3225,Pass,0,0,0,23.025850929940454,0
3226,Pass,0,0,0,23.025850929940454,0
3227,Pass,0,0,0,23.025850929940454,0
3228,Pass,0,0,0,23.025850929940454,0
3229,Pass,0,0,0,23.025850929940454,0
3230,Pass,0,0,0,23.025850929940454,0
3231,Pass,0,0,0,23.025850929940454,0
3232,Pass,0,0,0,23.025850929940454,0
3233,Pass,0,0,0,23.025850929940454,0
3234,Pass,0,0,0,23.025850929940454,0
3235,Pass,0,0,0,23.025850929940454,0
3236,Pass,0,0,0,23.025850929940454,0
3237,Pass,0,0,0,23.025850929940454,0
3238,Pass,0,0,0,23.025850929940454,0
3239,Pass,0,0,0,23.025850929940454,0
3240,Pass,0,0,0,23.025850929940454,0
3241,Pass,0,0,0,23.025850929940454,0
3242,Pass,0,0,0,23.025850929940454,0
3243,Pass,0,0,0,23.025850929940454,0
3244,Pass,0,0,0,23.025850929940454,0
3245,Pass,0,0,0,23.025850929940454,0
3246,Pass,0,0,0,23.025850929940454,0
3247,Pass,0,0,0,23.025850929940454,0
3248,Pass,0,0,0,23.025850929940454,0
3249,Pass,0,0,0,23.025850929940454,0
3250,Pass,0,0,0,23.025850929940454,0
3251,Pass,0,0,0,23.025850929940454,0
3252,Pass,0,0,0,23.025850929940454,0
3253,Pass,0,0,0,23.025850929940454,0
3254,Pass,0,0,0,23.025850929940454,0
3255,Pass,0,0,0,23.025850929940454,0
3256,Pass,0,0,0,23.025850929940454,0
3257,Pass,0,0,0,23.025850929940454,0
3258,Pass,0,0,0,23.025850929940454,0
3259,Pass,0,0,0,23.025850929940454,0
3260,Pass,0,0,0,23.025850929940454,0
3261,Pass,0,0,0,23.025850929940454,0
3262,Pass,0,0,0,23.025850929940454,0
3263,Pass,0,0,0,23.025850929940454,0
3264,Pass,0,0,0,23.025850929940454,0
3265,Pass,0,0,0,23.025850929940454,0
3266,Pass,0,0,0,23.025850929940454,0
3267,Pass,0,0,0,23.025850929940454,0
3268,Pass,0,0,0,23.025850929940454,0
3269,Pass,0,0,0,23.025850929940454,0
3270,Pass,0,0,0,23.025850929940454,0
3271,Pass,0,0,0,23.025850929940454,0
3272,Pass,0,0,0,23.025850929940454,0
3273,Pass,0,0,0,23.025850929940454,0
3274,Pass,0,0,0,23.025850929940454,0
3275,Pass,0,0,0,23.025850929940454,0
3276,Pass,0,0,0,23.025850929940454,0
3277,Pass,0,0,0,23.025850929940454,0
3278,Pass,0,0,0,23.025850929940454,0
3279,Pass,0,0,0,23.025850929940454,0
3280,Pass,0,0,0,23.025850929940454,0
3281,Pass,0,0,0,23.025850929940454,0
3282,Pass,0,0,0,23.025850929940454,0
3283,Pass,0,0,0,23.025850929940454,0
3284,Pass,0,0,0,23.025850929940454,0
3285,Pass,0,0,0,23.025850929940454,0
3286,Pass,0,0,0,23.025850929940454,0
3287,Pass,0,0,0,23.025850929940454,0
3288,Pass,0,0,0,23.025850929940454,0
3289,Pass,0,0,0,23.025850929940454,0
3290,Pass,0,0,0,23.025850929940454,0
3291,Pass,0,0,0,23.025850929940454,0
3292,Pass,0,0,0,23.025850929940454,0
3293,Pass,0,0,0,23.025850929940454,0
3294,Pass,0,0,0,23.025850929940454,0
3295,Pass,0,0,0,23.025850929940454,0
3296,Pass,0,0,0,23.025850929940454,0
3297,Pass,0,0,0,23.025850929940454,0
3298,Pass,0,0,0,23.025850929940454,0
3299,Pass,0,0,0,23.025850929940454,0
3300,Pass,0,0,0,23.025850929940454,0
3301,Pass,0,0,0,23.025850929940454,0
3302,Pass,0,0,0,23.025850929940454,0
3303,Pass,0,0,0,23.025850929940454,0
3304,Pass,0,0,0,23.025850929940454,0
3305,Pass,0,0,0,23.025850929940454,0
3306,Pass,0,0,0,23.025850929940454,0
3307,Pass,0,0,0,23.025850929940454,0
3308,Pass,0,0,0,23.025850929940454,0
3309,Pass,0,0,0,23.025850929940454,0
3310,Pass,0,0,0,23.025850929940454,0
3311,Pass,0,0,0,23.025850929940454,0
3312,Pass,0,0,0,23.025850929940454,0
3313,Pass,0,0,0,23.025850929940454,0
3314,Pass,0,0,0,23.025850929940454,0
3315,Pass,0,0,0,23.025850929940454,0
3316,Pass,0,0,0,23.025850929940454,0
3317,Pass,0,0,0,23.025850929940454,0
3318,Pass,0,0,0,23.025850929940454,0
3319,Pass,0,0,0,23.025850929940454,0
3320,Pass,0,0,0,23.025850929940454,0
3321,Pass,0,0,0,23.025850929940454,0
3322,Pass,0,0,0,23.025850929940454,0
3323,Pass,0,0,0,23.025850929940454,0
3324,Pass,0,0,0,23.025850929940454,0
3325,Pass,0,0,0,23.025850929940454,0
3326,Pass,0,0,0,23.025850929940454,0
3327,Pass,0,0,0,23.025850929940454,0
3328,Pass,0,0,0,23.025850929940454,0
3329,Pass,0,0,0,23.025850929940454,0
3330,Pass,0,0,0,23.025850929940454,0
3331,Pass,0,0,0,23.025850929940454,0
3332,Pass,0,0,0,23.025850929940454,0
3333,Pass,0,0,0,23.025850929940454,0
3334,Pass,0,0,0,23.025850929940454,0
3335,Pass,0,0,0,23.025850929940454,0
3336,Pass,0,0,0,23.025850929940454,0
3337,Pass,0,0,0,23.025850929940454,0
3338,Pass,0,0,0,23.025850929940454,0
3339,Pass,0,0,0,23.025850929940454,0
3340,Pass,0,0,0,23.025850929940454,0
3341,Pass,0,0,0,23.025850929940454,0
3342,Pass,0,0,0,23.025850929940454,0
3343,Pass,0,0,0,23.025850929940454,0
3344,Pass,0,0,0,23.025850929940454,0
3345,Pass,0,0,0,23.025850929940454,0
3346,Pass,0,0,0,23.025850929940454,0
3347,Pass,0,0,0,23.025850929940454,0
3348,Pass,0,0,0,23.025850929940454,0
3349,Pass,0,0,0,23.025850929940454,0
3350,Pass,0,0,0,23.025850929940454,0
3351,Pass,0,0,0,23.025850929940454,0
3352,Pass,0,0,0,23.025850929940454,0
3353,Pass,0,0,0,23.025850929940454,0
3354,Pass,0,0,0,23.025850929940454,0
3355,Pass,0,0,0,23.025850929940454,0
3356,Pass,0,0,0,23.025850929940454,0
3357,Pass,0,0,0,23.025850929940454,0
3358,Pass,0,0,0,23.025850929940454,0
3359,Pass,0,0,0,23.025850929940454,0
3360,Pass,0,0,0,23.025850929940454,0
3361,Pass,0,0,0,23.025850929940454,0
3362,Pass,0,0,0,23.025850929940454,0
3363,Pass,0,0,0,23.025850929940454,0
3364,Pass,0,0,0,23.025850929940454,0
3365,Pass,0,0,0,23.025850929940454,0
3366,Pass,0,0,0,23.025850929940454,0
3367,Pass,0,0,0,23.025850929940454,0
3368,Pass,0,0,0,23.025850929940454,0
3369,Pass,0,0,0,23.025850929940454,0
3370,Pass,0,0,0,23.025850929940454,0
3371,Pass,0,0,0,23.025850929940454,0
3372,Pass,0,0,0,23.025850929940454,0
3373,Pass,0,0,0,23.025850929940454,0
3374,Pass,0,0,0,23.025850929940454,0
3375,Pass,0,0,0,23.025850929940454,0
3376,Pass,0,0,0,23.025850929940454,0
3377,Pass,0,0,0,23.025850929940454,0
3378,Pass,0,0,0,23.025850929940454,0
3379,Pass,0,0,0,23.025850929940454,0
3380,Pass,0,0,0,23.025850929940454,0
3381,Pass,0,0,0,23.025850929940454,0
3382,Pass,0,0,0,23.025850929940454,0
3383,Pass,0,0,0,23.025850929940454,0
3384,Pass,0,0,0,23.025850929940454,0
3385,Pass,0,0,0,23.025850929940454,0
3386,Pass,0,0,0,23.025850929940454,0
3387,Pass,0,0,0,23.025850929940454,0
3388,Pass,0,0,0,23.025850929940454,0
3389,Pass,0,0,0,23.025850929940454,0
3390,Pass,0,0,0,23.025850929940454,0
3391,Pass,0,0,0,23.025850929940454,0
3392,Pass,0,0,0,23.025850929940454,0
3393,Pass,0,0,0,23.025850929940454,0
3394,Pass,0,0,0,23.025850929940454,0
3395,Pass,0,0,0,23.025850929940454,0
3396,Pass,0,0,0,23.025850929940454,0
3397,Pass,0,0,0,23.025850929940454,0
3398,Pass,0,0,0,23.025850929940454,0
3399,Pass,0,0,0,23.025850929940454,0
3400,Pass,0,0,0,23.025850929940454,0
3401,Pass,0,0,0,23.025850929940454,0
3402,Pass,0,0,0,23.025850929940454,0
3403,Pass,0,0,0,23.025850929940454,0
3404,Pass,0,0,0,23.025850929940454,0
3405,Pass,0,0,0,23.025850929940454,0
3406,Pass,0,0,0,23.025850929940454,0
3407,Pass,0,0,0,23.025850929940454,0
3408,Pass,0,0,0,23.025850929940454,0
3409,Pass,0,0,0,23.025850929940454,0
3410,Pass,0,0,0,23.025850929940454,0
3411,Pass,0,0,0,23.025850929940454,0
3412,Pass,0,0,0,23.025850929940454,0
3413,Pass,0,0,0,23.025850929940454,0
3414,Pass,0,0,0,23.025850929940454,0
3415,Pass,0,0,0,23.025850929940454,0
3416,Pass,0,0,0,23.025850929940454,0
3417,Pass,0,0,0,23.025850929940454,0
3418,Pass,0,0,0,23.025850929940454,0
3419,Pass,0,0,0,23.025850929940454,0
3420,Pass,0,0,0,23.025850929940454,0
3421,Pass,0,0,0,23.025850929940454,0
3422,Pass,0,0,0,23.025850929940454,0
3423,Pass,0,0,0,23.025850929940454,0
3424,Pass,0,0,0,23.025850929940454,0
3425,Pass,0,0,0,23.025850929940454,0
3426,Pass,0,0,0,23.025850929940454,0
3427,Pass,0,0,0,23.025850929940454,0
3428,Pass,0,0,0,23.025850929940454,0
3429,Pass,0,0,0,23.025850929940454,0
3430,Pass,0,0,0,23.025850929940454,0
3431,Pass,0,0,0,23.025850929940454,0
3432,Pass,0,0,0,23.025850929940454,0
3433,Pass,0,0,0,23.025850929940454,0
3434,Pass,0,0,0,23.025850929940454,0
3435,Pass,0,0,0,23.025850929940454,0
3436,Pass,0,0,0,23.025850929940454,0
3437,Pass,0,0,0,-0.0,0
3438,Pass,0,0,0,-0.0,0
3439,Pass,0,0,0,-0.0,0
3440,Pass,0,0,0,-0.0,0
3441,Pass,0,0,0,-0.0,0
3442,Pass,0,0,0,-0.0,0
3443,Pass,0,0,0,-0.0,0
3444,Pass,0,0,0,-0.0,0
3445,Pass,0,0,0,-0.0,0
3446,Pass,0,0,0,-0.0,0
3447,Pass,0,0,0,-0.0,0
3448,Pass,0,0,0,-0.0,0
3449,Pass,0,0,0,-0.0,0
3450,Pass,0,0,0,-0.0,0
3451,Pass,0,0,0,-0.0,0
3452,Pass,0,0,0,-0.0,0
3453,Pass,0,0,0,-0.0,0
3454,Pass,0,0,0,-0.0,0
3455,Pass,0,0,0,-0.0,0
3456,Pass,0,0,0,-0.0,0
3457,Pass,0,0,0,-0.0,0
3458,Pass,0,0,0,-0.0,0
3459,Pass,0,0,0,-0.0,0
3460,Pass,0,0,0,23.025850929940454,0
3461,Pass,0,0,0,3.710627720265657,0
3462,Pass,0,0,0,23.025850929940454,0
3463,Pass,0,0,0,23.025850929940454,0
3464,Pass,0,0,0,23.025850929940454,0
3465,Pass,0,0,0,23.025850929940454,0
3466,Pass,0,0,0,23.025850929940454,0
3467,Pass,0,0,0,23.025850929940454,0
3468,Pass,0,0,0,23.025850929940454,0
3469,Pass,0,0,0,23.025850929940454,0
3470,Pass,0,0,0,23.025850929940454,0
3471,Pass,0,0,0,23.025850929940454,0
3472,Pass,0,0,0,-0.0,0
3473,Pass,0,0,0,-0.0,0
3474,Pass,0,0,0,-0.0,0
3475,Pass,0,0,0,-0.0,0
3476,Pass,0,0,0,-0.0,0
3477,Pass,0,0,0,-0.0,0
3478,Pass,0,0,0,3.187051863958358,0
3479,Pass,0,0,0,23.025850929940454,0
3480,Pass,0,0,0,23.025850929940454,0
3481,Pass,0,0,0,23.025850929940454,0
3482,Pass,0,0,0,23.025850929940454,0
3483,Pass,0,0,0,12.359214880206185,0
3484,Pass,0,0,0,21.373489958827804,0
3485,Pass,0,0,0,23.025850929940454,0
3486,Pass,0,0,0,23.025850929940454,0
3487,Pass,0,0,0,23.025850929940454,0
3488,Pass,0,0,0,-0.0,0
3489,Pass,0,0,0,-0.0,0
3490,Pass,0,0,0,-0.0,0
3491,Pass,0,0,0,15.350549886662579,0
3492,Pass,0,0,0,-0.0,0
3493,Pass,0,0,0,23.025850929940454,0
3494,Pass,0,0,0,-0.0,0
3495,Pass,0,0,0,-0.0,0
3496,Pass,0,0,0,-0.0,0
3497,Pass,0,0,0,-0.0,0
3498,Pass,0,0,0,-0.0,0
3499,Pass,0,0,0,-0.0,0
3500,Pass,0,0,0,-0.0,0
3501,Pass,0,0,0,-0.0,0
3502,Pass,0,0,0,-0.0,0
3503,Pass,0,0,0,-0.0,0
3504,Pass,0,0,0,-0.0,0
3505,Pass,0,0,0,-0.0,0
3506,Pass,0,0,0,-0.0,0
3507,Pass,0,0,0,2.075176250811646,0
3508,Pass,0,0,0,23.025850929940454,0
3509,Pass,0,0,0,23.025850929940454,0
3510,Pass,0,0,0,23.025850929940454,0
3511,Pass,0,0,0,23.025850929940454,0
3512,Pass,0,0,0,23.025850929940454,0
3513,Pass,0,0,0,23.025850929940454,0
3514,Pass,0,0,0,23.025850929940454,0
3515,Pass,0,0,0,11.514686328548233,0
3516,Pass,0,0,0,23.025850929940454,0
3517,Pass,0,0,0,12.786746026163867,0
3518,Pass,0,0,0,10.658552171424256,0
3519,Pass,0,0,0,5.720877054798003,0
3520,Pass,0,0,0,-0.0,0
3521,Pass,0,0,0,-0.0,0
3522,Pass,0,0,0,10.87975804616572,0
3523,Pass,0,0,0,23.025850929940454,0
3524,Pass,0,0,0,9.405024173498258,0
3525,Pass,0,0,0,6.385948053069444,0
3526,Pass,0,0,0,23.025850929940454,0
3527,Pass,0,0,0,23.025850929940454,0
3528,Pass,0,0,0,23.025850929940454,0
3529,Pass,0,0,0,15.415826687948071,0
3530,Pass,0,0,0,23.025850929940454,0
3531,Pass,0,0,0,0.5691237045603692,0
3532,Pass,0,0,0,23.025850929940454,0
3533,Pass,0,0,0,23.025850929940454,0
3534,Pass,0,0,0,23.025850929940454,0
3535,Pass,0,0,0,23.025850929940454,0
3536,Pass,0,0,0,23.025850929940454,0
3537,Pass,0,0,0,23.025850929940454,0
3538,Pass,0,0,0,23.025850929940454,0
3539,Pass,0,0,0,23.025850929940454,0
3540,Pass,0,0,0,23.025850929940454,0
3541,Pass,0,0,0,23.025850929940454,0
3542,Pass,0,0,0,23.025850929940454,0
3543,Pass,0,0,0,23.025850929940454,0
3544,Pass,0,0,0,23.025850929940454,0
3545,Pass,0,0,0,23.025850929940454,0
3546,Pass,0,0,0,23.025850929940454,0
3547,Pass,0,0,0,23.025850929940454,0
3548,Pass,0,0,0,23.025850929940454,0
3549,Pass,0,0,0,23.025850929940454,0
3550,Pass,0,0,0,23.025850929940454,0
3551,Pass,0,0,0,23.025850929940454,0
3552,Pass,0,0,0,6.913227838870555,0
3553,Pass,0,0,0,0.7574445472945148,0
3554,Pass,0,0,0,23.025850929940454,0
3555,Pass,0,0,0,23.025850929940454,0
3556,Pass,0,0,0,23.025850929940454,0
3557,Pass,0,0,0,23.025850929940454,0
3558,Pass,0,0,0,-0.0,0
3559,Pass,0,0,0,-0.0,0
3560,Pass,0,0,0,-0.0,0
3561,Pass,0,0,0,-0.0,0
3562,Pass,0,0,0,23.025850929940454,0
3563,Pass,0,0,0,23.025850929940454,0
3564,Pass,0,0,0,-0.0,0
3565,Pass,0,0,0,-0.0,0
3566,Pass,0,0,0,23.025850929940454,0
3567,Pass,0,0,0,-0.0,0
3568,Pass,0,0,0,-0.0,0
3569,Pass,0,0,0,-0.0,0
3570,Pass,0,0,0,-0.0,0
3571,Pass,0,0,0,-0.0,0
3572,Pass,0,0,0,-0.0,0
3573,Pass,0,0,0,-0.0,0
3574,Pass,0,0,0,-0.0,0
3575,Pass,0,0,0,-0.0,0
3576,Pass,0,0,0,-0.0,0
3577,Pass,0,0,0,-0.0,0
3578,Pass,0,0,0,-0.0,0
3579,Pass,0,0,0,-0.0,0
3580,Pass,0,0,0,-0.0,0
3581,Pass,0,0,0,-0.0,0
3582,Pass,0,0,0,-0.0,0
3583,Pass,0,0,0,-0.0,0
3584,Pass,0,0,0,-0.0,0
3585,Pass,0,0,0,-0.0,0
3586,Pass,0,0,0,-0.0,0
3587,Pass,0,0,0,-0.0,0
3588,Pass,0,0,0,-0.0,0
3589,Pass,0,0,0,-0.0,0
3590,Pass,0,0,0,-0.0,0
3591,Pass,0,0,0,-0.0,0
3592,Pass,0,0,0,-0.0,0
3593,Pass,0,0,0,-0.0,0
3594,Pass,0,0,0,-0.0,0
3595,Pass,0,0,0,-0.0,0
3596,Pass,0,0,0,-0.0,0
3597,Pass,0,0,0,-0.0,0
3598,Pass,0,0,0,-0.0,0
3599,Pass,0,0,0,-0.0,0
3600,Pass,0,0,0,-0.0,0
3601,Pass,0,0,0,-0.0,0
3602,Pass,0,0,0,-0.0,0
3603,Pass,0,0,0,5.465222551078261,0
3604,Pass,0,0,0,23.025850929940454,0
3605,Pass,0,0,0,-0.0,0
3606,Pass,0,0,0,-0.0,0
3607,Pass,0,0,0,-0.0,0
3608,Pass,0,0,0,-0.0,0
3609,Pass,0,0,0,-0.0,0
3610,Pass,0,0,0,-0.0,0
3611,Pass,0,0,0,-0.0,0
3612,Pass,0,0,0,-0.0,0
3613,Pass,0,0,0,-0.0,0
3614,Pass,0,0,0,23.025850929940454,0
3615,Pass,0,0,0,-0.0,0
3616,Pass,0,0,0,23.025850929940454,0
3617,Pass,0,0,0,-0.0,0
3618,Pass,0,0,0,-0.0,0
3619,Pass,0,0,0,-0.0,0
3620,Pass,0,0,0,17.077578205205388,0
3621,Pass,0,0,0,-0.0,0
3622,Pass,0,0,0,-0.0,0
3623,Pass,0,0,0,15.144233004262421,0
3624,Pass,0,0,0,23.025850929940454,0
3625,Pass,0,0,0,23.025850929940454,0
3626,Pass,0,0,0,23.025850929940454,0
3627,Pass,0,0,0,14.861956242251594,0
3628,Pass,0,0,0,23.025850929940454,0
3629,Pass,0,0,0,3.9193383642676953,0
3630,Pass,0,0,0,-0.0,0
3631,Pass,0,0,0,22.58573900075467,0
3632,Pass,0,0,0,7.557045714668047,0
3633,Pass,0,0,0,-0.0,0
3634,Pass,0,0,0,23.025850929940454,0
3635,Pass,0,0,0,14.421429209654507,0
3636,Pass,0,0,0,7.9072184624529305,0
3637,Pass,0,0,0,-0.0,0
3638,Pass,0,0,0,-0.0,0
3639,Pass,0,0,0,-0.0,0
3640,Pass,0,0,0,-0.0,0
3641,Pass,0,0,0,2.125794062191243,0
3642,Pass,0,0,0,-0.0,0
3643,Pass,0,0,0,-0.0,0
3644,Pass,0,0,0,5.351755485995259,0
3645,Pass,0,0,0,-0.0,0
3646,Pass,0,0,0,-0.0,0
3647,Pass,0,0,0,-0.0,0
3648,Pass,0,0,0,7.8545767173071255,0
3649,Pass,0,0,0,5.58111719230826,0
3650,Pass,0,0,0,-0.0,0
3651,Pass,0,0,0,19.675988174300265,0
3652,Pass,0,0,0,-0.0,0
3653,Pass,0,0,0,8.85520285728066,0
3654,Pass,0,0,0,7.283142472933354,0
3655,Pass,0,0,0,12.98121838326741,0
3656,Pass,0,0,0,-0.0,0
3657,Pass,0,0,0,-0.0,0
3658,Pass,0,0,0,-0.0,0
3659,Pass,0,0,0,-0.0,0
3660,Pass,0,0,0,-0.0,0
3661,Pass,0,0,0,-0.0,0
3662,Pass,0,0,0,-0.0,0
3663,Pass,0,0,0,-0.0,0
3664,Pass,0,0,0,-0.0,0
3665,Pass,0,0,0,-0.0,0
3666,Pass,0,0,0,-0.0,0
3667,Pass,0,0,0,-0.0,0
3668,Pass,0,0,0,-0.0,0
3669,Pass,0,0,0,-0.0,0
3670,Pass,0,0,0,-0.0,0
3671,Pass,0,0,0,-0.0,0
3672,Pass,0,0,0,-0.0,0
3673,Pass,0,0,0,-0.0,0
3674,Pass,0,0,0,-0.0,0
3675,Pass,0,0,0,-0.0,0
3676,Pass,0,0,0,-0.0,0
3677,Pass,0,0,0,-0.0,0
3678,Pass,0,0,0,-0.0,0
3679,Pass,0,0,0,-0.0,0
3680,Pass,0,0,0,-0.0,0
3681,Pass,0,0,0,-0.0,0
3682,Pass,0,0,0,-0.0,0
3683,Pass,0,0,0,-0.0,0
3684,Pass,0,0,0,-0.0,0
3685,Pass,0,0,0,-0.0,0
3686,Pass,0,0,0,-0.0,0
3687,Pass,0,0,0,-0.0,0
3688,Pass,0,0,0,-0.0,0
3689,Pass,0,0,0,-0.0,0
3690,Pass,0,0,0,-0.0,0
3691,Pass,0,0,0,-0.0,0
3692,Pass,0,0,0,-0.0,0
3693,Pass,0,0,0,-0.0,0
3694,Pass,0,0,0,-0.0,0
3695,Pass,0,0,0,-0.0,0
3696,Pass,0,0,0,-0.0,0
3697,Pass,0,0,0,-0.0,0
3698,Pass,0,0,0,-0.0,0
3699,Pass,0,0,0,-0.0,0
3700,Pass,0,0,0,-0.0,0
3701,Pass,0,0,0,-0.0,0
3702,Pass,0,0,0,-0.0,0
3703,Pass,0,0,0,-0.0,0
3704,Pass,0,0,0,-0.0,0
3705,Pass,0,0,0,-0.0,0
3706,Pass,0,0,0,-0.0,0
3707,Pass,0,0,0,-0.0,0
3708,Pass,0,0,0,-0.0,0
3709,Pass,0,0,0,-0.0,0
3710,Pass,0,0,0,-0.0,0
3711,Pass,0,0,0,-0.0,0
3712,Pass,0,0,0,-0.0,0
3713,Pass,0,0,0,-0.0,0
3714,Pass,0,0,0,-0.0,0
3715,Pass,0,0,0,-0.0,0
3716,Pass,0,0,0,-0.0,0
3717,Pass,0,0,0,-0.0,0
3718,Pass,0,0,0,-0.0,0
3719,Pass,0,0,0,-0.0,0
3720,Pass,0,0,0,-0.0,0
3721,Pass,0,0,0,-0.0,0
3722,Pass,0,0,0,-0.0,0
3723,Pass,0,0,0,-0.0,0
3724,Pass,0,0,0,-0.0,0
3725,Pass,0,0,0,-0.0,0
3726,Pass,0,0,0,-0.0,0
3727,Pass,0,0,0,-0.0,0
3728,Pass,0,0,0,-0.0,0
3729,Pass,0,0,0,-0.0,0
3730,Pass,0,0,0,-0.0,0
3731,Pass,0,0,0,-0.0,0
3732,Pass,0,0,0,-0.0,0
3733,Pass,0,0,0,-0.0,0
3734,Pass,0,0,0,-0.0,0
3735,Pass,0,0,0,-0.0,0
3736,Pass,0,0,0,-0.0,0
3737,Pass,0,0,0,-0.0,0
3738,Pass,0,0,0,-0.0,0
3739,Pass,0,0,0,-0.0,0
3740,Pass,0,0,0,-0.0,0
3741,Pass,0,0,0,-0.0,0
3742,Pass,0,0,0,-0.0,0
3743,Pass,0,0,0,-0.0,0
3744,Pass,0,0,0,-0.0,0
3745,Pass,0,0,0,-0.0,0
3746,Pass,0,0,0,-0.0,0
3747,Pass,0,0,0,-0.0,0
3748,Pass,0,0,0,-0.0,0
3749,Pass,0,0,0,-0.0,0
3750,Pass,0,0,0,-0.0,0
3751,Pass,0,0,0,-0.0,0
3752,Pass,0,0,0,-0.0,0
3753,Pass,0,0,0,-0.0,0
3754,Pass,0,0,0,-0.0,0
3755,Pass,0,0,0,-0.0,0
3756,Pass,0,0,0,-0.0,0
3757,Pass,0,0,0,-0.0,0
3758,Pass,0,0,0,-0.0,0
3759,Pass,0,0,0,-0.0,0
3760,Pass,0,0,0,-0.0,0
3761,Pass,0,0,0,-0.0,0
3762,Pass,0,0,0,-0.0,0
3763,Pass,0,0,0,-0.0,0
3764,Pass,0,0,0,-0.0,0
3765,Pass,0,0,0,-0.0,0
3766,Pass,0,0,0,-0.0,0
3767,Pass,0,0,0,-0.0,0
3768,Pass,0,0,0,-0.0,0
3769,Pass,0,0,0,18.20276611851898,0
3770,Pass,0,0,0,23.025850929940454,0
3771,Pass,0,0,0,22.683045096301655,0
3772,Pass,0,0,0,13.266644684314164,0
3773,Pass,0,0,0,6.914402923616596,0
3774,Pass,0,0,0,16.796803970588147,0
3775,Pass,0,0,0,23.025850929940454,0
3776,Pass,0,0,0,23.025850929940454,0
3777,Pass,0,0,0,22.617020780677088,0
3778,Pass,0,0,0,23.025850929940454,0
3779,Pass,0,0,0,23.025850929940454,0
3780,Pass,0,0,0,-0.0,0
3781,Pass,0,0,0,-0.0,0
3782,Pass,0,0,0,18.542665199852966,0
3783,Pass,0,0,0,23.025850929940454,0
3784,Pass,0,0,0,23.025850929940454,0
3785,Pass,0,0,0,23.025850929940454,0
3786,Pass,0,0,0,23.025850929940454,0
3787,Pass,0,0,0,23.025850929940454,0
3788,Pass,0,0,0,23.025850929940454,0
3789,Pass,0,0,0,14.364124377375012,0
3790,Pass,0,0,0,23.025850929940454,0
3791,Pass,0,0,0,23.025850929940454,0
3792,Pass,0,0,0,23.025850929940454,0
3793,Pass,0,0,0,23.025850929940454,0
3794,Pass,0,0,0,23.025850929940454,0
3795,Pass,0,0,0,23.025850929940454,0
3796,Pass,0,0,0,23.025850929940454,0
3797,Pass,0,0,0,23.025850929940454,0
3798,Pass,0,0,0,23.025850929940454,0
3799,Pass,0,0,0,23.025850929940454,0
3800,Pass,0,0,0,23.025850929940454,0
3801,Pass,0,0,0,23.025850929940454,0
3802,Pass,0,0,0,23.025850929940454,0
3803,Pass,0,0,0,23.025850929940454,0
3804,Pass,0,0,0,23.025850929940454,0
3805,Pass,0,0,0,23.025850929940454,0
3806,Pass,0,0,0,23.025850929940454,0
3807,Pass,0,0,0,23.025850929940454,0
3808,Pass,0,0,0,23.025850929940454,0
3809,Pass,0,0,0,23.025850929940454,0
3810,Pass,0,0,0,23.025850929940454,0
3811,Pass,0,0,0,23.025850929940454,0
3812,Pass,0,0,0,23.025850929940454,0
3813,Pass,0,0,0,23.025850929940454,0
3814,Pass,0,0,0,23.025850929940454,0
3815,Pass,0,0,0,23.025850929940454,0
3816,Pass,0,0,0,23.025850929940454,0
3817,Pass,0,0,0,23.025850929940454,0
3818,Pass,0,0,0,23.025850929940454,0
3819,Pass,0,0,0,23.025850929940454,0
3820,Pass,0,0,0,23.025850929940454,0
3821,Pass,0,0,0,23.025850929940454,0
3822,Pass,0,0,0,23.025850929940454,0
3823,Pass,0,0,0,23.025850929940454,0
3824,Pass,0,0,0,23.025850929940454,0
3825,Pass,0,0,0,23.025850929940454,0
3826,Pass,0,0,0,23.025850929940454,0
3827,Pass,0,0,0,3.7216580423974115,0
3828,Pass,0,0,0,23.025850929940454,0
3829,Pass,0,0,0,10.390684003881342,0
3830,Pass,0,0,0,11.40386936274105,0
3831,Pass,0,0,0,4.969345218000774,0
3832,Pass,0,0,0,23.025850929940454,0
3833,Pass,0,0,0,23.025850929940454,0
3834,Pass,0,0,0,0.46526988654766915,0
3835,Pass,0,0,0,12.399359712171787,0
3836,Pass,0,0,0,-0.0,0
3837,Pass,0,0,0,12.711224732410942,0
3838,Pass,0,0,0,1.1685997687955214,0
3839,Pass,0,0,0,20.44657758403755,0
3840,Pass,0,0,0,-0.0,0
3841,Pass,0,0,0,4.265540792460624,0
3842,Pass,0,0,0,13.321313278092031,0
3843,Pass,0,0,0,-0.0,0
3844,Pass,0,0,0,15.59153088700328,0
3845,Pass,0,0,0,-0.0,0
3846,Pass,0,0,0,10.322203839925542,0
3847,Pass,0,0,0,18.20689704510069,0
3848,Pass,0,0,0,7.523154846931061,0
3849,Pass,0,0,0,23.025850929940454,0
3850,Pass,0,0,0,-0.0,0
3851,Pass,0,0,0,-0.0,0
3852,Pass,0,0,0,11.505315162302232,0
3853,Pass,0,0,0,8.665126050832841,0
3854,Pass,0,0,0,-0.0,0
3855,Pass,0,0,0,23.025850929940454,0
3856,Pass,0,0,0,14.384865260839014,0
3857,Pass,0,0,0,-0.0,0
3858,Pass,0,0,0,18.946947113462013,0
3859,Pass,0,0,0,23.025850929940454,0
3860,Pass,0,0,0,23.025850929940454,0
3861,Pass,0,0,0,16.1282927417983,0
3862,Pass,0,0,0,23.025850929940454,0
3863,Pass,0,0,0,23.025850929940454,0
3864,Pass,0,0,0,23.025850929940454,0
3865,Pass,0,0,0,4.073602514932983,0
3866,Pass,0,0,0,23.025850929940454,0
3867,Pass,0,0,0,23.025850929940454,0
3868,Pass,0,0,0,20.553245338963382,0
3869,Pass,0,0,0,23.025850929940454,0
3870,Pass,0,0,0,21.425944648529754,0
3871,Pass,0,0,0,23.025850929940454,0
3872,Pass,0,0,0,23.025850929940454,0
3873,Pass,0,0,0,23.025850929940454,0
3874,Pass,0,0,0,23.025850929940454,0
3875,Pass,0,0,0,23.025850929940454,0
3876,Pass,0,0,0,23.025850929940454,0
3877,Pass,0,0,0,23.025850929940454,0
3878,Pass,0,0,0,23.025850929940454,0
3879,Pass,0,0,0,23.025850929940454,0
3880,Pass,0,0,0,23.025850929940454,0
3881,Pass,0,0,0,-0.0,0
3882,Pass,0,0,0,5.224542130529083,0
3883,Pass,0,0,0,-0.0,0
3884,Pass,0,0,0,-0.0,0
3885,Pass,0,0,0,-0.0,0
3886,Pass,0,0,0,-0.0,0
3887,Pass,0,0,0,1.7330838119433545,0
3888,Pass,0,0,0,-0.0,0
3889,Pass,0,0,0,-0.0,0
3890,Pass,0,0,0,-0.0,0
3891,Pass,0,0,0,-0.0,0
3892,Pass,0,0,0,2.0313035409361526,0
3893,Pass,0,0,0,-0.0,0
3894,Pass,0,0,0,-0.0,0
3895,Pass,0,0,0,-0.0,0
3896,Pass,0,0,0,-0.0,0
3897,Pass,0,0,0,23.025850929940454,0
3898,Pass,0,0,0,23.025850929940454,0
3899,Pass,0,0,0,23.025850929940454,0
3900,Pass,0,0,0,5.832564921996912,0
3901,Pass,0,0,0,1.150771730474061,0
3902,Pass,0,0,0,-0.0,0
3903,Pass,0,0,0,23.025850929940454,0
3904,Pass,0,0,0,23.025850929940454,0
3905,Pass,0,0,0,23.025850929940454,0
3906,Pass,0,0,0,23.025850929940454,0
3907,Pass,0,0,0,23.025850929940454,0
3908,Pass,0,0,0,23.025850929940454,0
3909,Pass,0,0,0,23.025850929940454,0
3910,Pass,0,0,0,23.025850929940454,0
3911,Pass,0,0,0,23.025850929940454,0
3912,Pass,0,0,0,8.59539055548206,0
3913,Pass,0,0,0,1.3516569382787085,0
3914,Pass,0,0,0,23.025850929940454,0
3915,Pass,0,0,0,2.893732176998137,0
3916,Pass,0,0,0,-0.0,0
3917,Pass,0,0,0,-0.0,0
3918,Pass,0,0,0,-0.0,0
3919,Pass,0,0,0,-0.0,0
3920,Pass,0,0,0,23.025850929940454,0
3921,Pass,0,0,0,11.73835284119854,0
3922,Pass,0,0,0,-0.0,0
3923,Pass,0,0,0,-0.0,0
3924,Pass,0,0,0,2.6971943087036703,0
3925,Pass,0,0,0,-0.0,0
3926,Pass,0,0,0,-0.0,0
3927,Pass,0,0,0,23.025850929940454,0
3928,Pass,0,0,0,23.025850929940454,0
3929,Pass,0,0,0,11.198975954303538,0
3930,Pass,0,0,0,-0.0,0
3931,Pass,0,0,0,20.263964865405125,0
3932,Pass,0,0,0,7.6668226825066785,0
3933,Pass,0,0,0,-0.0,0
3934,Pass,0,0,0,23.025850929940454,0
3935,Pass,0,0,0,0.1827131863959809,0
3936,Pass,0,0,0,2.3953610971091512,0
3937,Pass,0,0,0,-0.0,0
3938,Pass,0,0,0,8.005549869756384,0
3939,Pass,0,0,0,-0.0,0
3940,Pass,0,0,0,23.025850929940454,0
3941,Pass,0,0,0,-0.0,0
3942,Pass,0,0,0,-0.0,0
3943,Pass,0,0,0,-0.0,0
3944,Pass,0,0,0,-0.0,0
3945,Pass,0,0,0,-0.0,0
3946,Pass,0,0,0,-0.0,0
3947,Pass,0,0,0,-0.0,0
3948,Pass,0,0,0,-0.0,0
3949,Pass,0,0,0,3.4577372918221068,0
3950,Pass,0,0,0,13.18786471535865,0
3951,Pass,0,0,0,21.71417149034401,0
3952,Pass,0,0,0,17.542778515289278,0
3953,Pass,0,0,0,23.025850929940454,0
3954,Pass,0,0,0,23.025850929940454,0
3955,Pass,0,0,0,12.22538400361951,0
3956,Pass,0,0,0,23.025850929940454,0
3957,Pass,0,0,0,6.712963640455323,0
3958,Pass,0,0,0,16.62804112023914,0
3959,Pass,0,0,0,-0.0,0
3960,Pass,0,0,0,3.7674103698971964,0
3961,Pass,0,0,0,-0.0,0
3962,Pass,0,0,0,2.609521044155812,0
3963,Pass,0,0,0,4.03686063795809,0
3964,Pass,0,0,0,-0.0,0
3965,Pass,0,0,0,-0.0,0
3966,Pass,0,0,0,23.025850929940454,0
3967,Pass,0,0,0,4.43504139054386,0
3968,Pass,0,0,0,-0.0,0
3969,Pass,0,0,0,-0.0,0
3970,Pass,0,0,0,5.382180531953607,0
3971,Pass,0,0,0,-0.0,0
3972,Pass,0,0,0,15.163508893937752,0
3973,Pass,0,0,0,-0.0,0
3974,Pass,0,0,0,-0.0,0
3975,Pass,0,0,0,-0.0,0
3976,Pass,0,0,0,-0.0,0
3977,Pass,0,0,0,2.978038971875582,0
3978,Pass,0,0,0,19.232364918558286,0
3979,Pass,0,0,0,-0.0,0
3980,Pass,0,0,0,-0.0,0
3981,Pass,0,0,0,23.025850929940454,0
3982,Pass,0,0,0,23.025850929940454,0
3983,Pass,0,0,0,23.025850929940454,0
3984,Pass,0,0,0,23.025850929940454,0
3985,Pass,0,0,0,23.025850929940454,0
3986,Pass,0,0,0,23.025850929940454,0
3987,Pass,0,0,0,23.025850929940454,0
3988,Pass,0,0,0,23.025850929940454,0
3989,Pass,0,0,0,23.025850929940454,0
3990,Pass,0,0,0,23.025850929940454,0
3991,Pass,0,0,0,23.025850929940454,0
3992,Pass,0,0,0,23.025850929940454,0
3993,Pass,0,0,0,23.025850929940454,0
3994,Pass,0,0,0,23.025850929940454,0
3995,Pass,0,0,0,23.025850929940454,0
3996,Pass,0,0,0,23.025850929940454,0
3997,Pass,0,0,0,23.025850929940454,0
3998,Pass,0,0,0,23.025850929940454,0
3999,Pass,0,0,0,23.025850929940454,0
4000,Pass,0,0,0,23.025850929940454,0
4001,Pass,0,0,0,23.025850929940454,0
4002,Pass,0,0,0,16.602255573672355,0
4003,Pass,0,0,0,13.605075490357757,0
4004,Pass,0,0,0,23.025850929940454,0
4005,Pass,0,0,0,23.025850929940454,0
4006,Pass,0,0,0,23.025850929940454,0
4007,Pass,0,0,0,23.025850929940454,0
4008,Pass,0,0,0,16.72334763247127,0
4009,Pass,0,0,0,23.025850929940454,0
4010,Pass,0,0,0,7.605010972805092,0
4011,Pass,0,0,0,18.49353686630431,0
4012,Pass,0,0,0,23.025850929940454,0
4013,Pass,0,0,0,23.025850929940454,0
4014,Pass,0,0,0,23.025850929940454,0
4015,Pass,0,0,0,23.025850929940454,0
4016,Pass,0,0,0,23.025850929940454,0
4017,Pass,0,0,0,23.025850929940454,0
4018,Pass,0,0,0,23.025850929940454,0
4019,Pass,0,0,0,23.025850929940454,0
4020,Pass,0,0,0,23.025850929940454,0
4021,Pass,0,0,0,23.025850929940454,0
4022,Pass,0,0,0,23.025850929940454,0
4023,Pass,0,0,0,23.025850929940454,0
4024,Pass,0,0,0,23.025850929940454,0
4025,Pass,0,0,0,23.025850929940454,0
4026,Pass,0,0,0,23.025850929940454,0
4027,Pass,0,0,0,23.025850929940454,0
4028,Pass,0,0,0,23.025850929940454,0
4029,Pass,0,0,0,23.025850929940454,0
4030,Pass,0,0,0,23.025850929940454,0
4031,Pass,0,0,0,23.025850929940454,0
4032,Pass,0,0,0,23.025850929940454,0
4033,Pass,0,0,0,23.025850929940454,0
4034,Pass,0,0,0,23.025850929940454,0
4035,Pass,0,0,0,23.025850929940454,0
4036,Pass,0,0,0,23.025850929940454,0
4037,Pass,0,0,0,23.025850929940454,0
4038,Pass,0,0,0,23.025850929940454,0
4039,Pass,0,0,0,23.025850929940454,0
4040,Pass,0,0,0,23.025850929940454,0
4041,Pass,0,0,0,23.025850929940454,0
4042,Pass,0,0,0,23.025850929940454,0
4043,Pass,0,0,0,23.025850929940454,0
4044,Pass,0,0,0,23.025850929940454,0
4045,Pass,0,0,0,23.025850929940454,0
4046,Pass,0,0,0,23.025850929940454,0
4047,Pass,0,0,0,23.025850929940454,0
4048,Pass,0,0,0,23.025850929940454,0
4049,Pass,0,0,0,23.025850929940454,0
4050,Pass,0,0,0,23.025850929940454,0
4051,Pass,0,0,0,23.025850929940454,0
4052,Pass,0,0,0,23.025850929940454,0
4053,Pass,0,0,0,23.025850929940454,0
4054,Pass,0,0,0,23.025850929940454,0
4055,Pass,0,0,0,23.025850929940454,0
4056,Pass,0,0,0,23.025850929940454,0
4057,Pass,0,0,0,23.025850929940454,0
4058,Pass,0,0,0,23.025850929940454,0
4059,Pass,0,0,0,23.025850929940454,0
4060,Pass,0,0,0,23.025850929940454,0
4061,Pass,0,0,0,23.025850929940454,0
4062,Pass,0,0,0,23.025850929940454,0
4063,Pass,0,0,0,23.025850929940454,0
4064,Pass,0,0,0,23.025850929940454,0
4065,Pass,0,0,0,23.025850929940454,0
4066,Pass,0,0,0,23.025850929940454,0
4067,Pass,0,0,0,23.025850929940454,0
4068,Pass,0,0,0,23.025850929940454,0
4069,Pass,0,0,0,23.025850929940454,0
4070,Pass,0,0,0,23.025850929940454,0
4071,Pass,0,0,0,23.025850929940454,0
4072,Pass,0,0,0,23.025850929940454,0
4073,Pass,0,0,0,23.025850929940454,0
4074,Pass,0,0,0,23.025850929940454,0
4075,Pass,0,0,0,23.025850929940454,0
4076,Pass,0,0,0,23.025850929940454,0
4077,Pass,0,0,0,23.025850929940454,0
4078,Pass,0,0,0,23.025850929940454,0
4079,Pass,0,0,0,23.025850929940454,0
4080,Pass,0,0,0,23.025850929940454,0
4081,Pass,0,0,0,23.025850929940454,0
4082,Pass,0,0,0,23.025850929940454,0
4083,Pass,0,0,0,23.025850929940454,0
4084,Pass,0,0,0,23.025850929940454,0
4085,Pass,0,0,0,23.025850929940454,0
4086,Pass,0,0,0,23.025850929940454,0
4087,Pass,0,0,0,23.025850929940454,0
4088,Pass,0,0,0,23.025850929940454,0
4089,Pass,0,0,0,23.025850929940454,0
4090,Pass,0,0,0,23.025850929940454,0
4091,Pass,0,0,0,23.025850929940454,0
4092,Pass,0,0,0,23.025850929940454,0
4093,Pass,0,0,0,23.025850929940454,0
4094,Pass,0,0,0,23.025850929940454,0
4095,Pass,0,0,0,23.025850929940454,0
4096,Pass,0,0,0,23.025850929940454,0
4097,Pass,0,0,0,23.025850929940454,0
4098,Pass,0,0,0,23.025850929940454,0
4099,Pass,0,0,0,23.025850929940454,0
4100,Pass,0,0,0,23.025850929940454,0
4101,Pass,0,0,0,-0.0,0
4102,Pass,0,0,0,23.025850929940454,0
4103,Pass,0,0,0,-0.0,0
4104,Pass,0,0,0,-0.0,0
4105,Pass,0,0,0,-0.0,0
4106,Pass,0,0,0,-0.0,0
4107,Pass,0,0,0,-0.0,0
4108,Pass,0,0,0,-0.0,0
4109,Pass,0,0,0,-0.0,0
4110,Pass,0,0,0,-0.0,0
4111,Pass,0,0,0,-0.0,0
4112,Pass,0,0,0,-0.0,0
4113,Pass,0,0,0,-0.0,0
4114,Pass,0,0,0,-0.0,0
4115,Pass,0,0,0,-0.0,0
4116,Pass,0,0,0,-0.0,0
4117,Pass,0,0,0,-0.0,0
4118,Pass,0,0,0,-0.0,0
4119,Pass,0,0,0,-0.0,0
4120,Pass,0,0,0,-0.0,0
4121,Pass,0,0,0,-0.0,0
4122,Pass,0,0,0,-0.0,0
4123,Pass,0,0,0,-0.0,0
4124,Pass,0,0,0,-0.0,0
4125,Pass,0,0,0,-0.0,0
4126,Pass,0,0,0,-0.0,0
4127,Pass,0,0,0,-0.0,0
4128,Pass,0,0,0,-0.0,0
4129,Pass,0,0,0,-0.0,0
4130,Pass,0,0,0,-0.0,0
4131,Pass,0,0,0,-0.0,0
4132,Pass,0,0,0,-0.0,0
4133,Pass,0,0,0,-0.0,0
4134,Pass,0,0,0,-0.0,0
4135,Pass,0,0,0,-0.0,0
4136,Pass,0,0,0,8.591927836231928,0
4137,Pass,0,0,0,-0.0,0
4138,Pass,0,0,0,-0.0,0
4139,Pass,0,0,0,23.025850929940454,0
4140,Pass,0,0,0,23.025850929940454,0
4141,Pass,0,0,0,19.792519784044377,0
4142,Pass,0,0,0,23.025850929940454,0
4143,Pass,0,0,0,23.025850929940454,0
4144,Pass,0,0,0,23.025850929940454,0
4145,Pass,0,0,0,23.025850929940454,0
4146,Pass,0,0,0,23.025850929940454,0
4147,Pass,0,0,0,23.025850929940454,0
4148,Pass,0,0,0,23.025850929940454,0
4149,Pass,0,0,0,23.025850929940454,0
4150,Pass,0,0,0,23.025850929940454,0
4151,Pass,0,0,0,23.025850929940454,0
4152,Pass,0,0,0,23.025850929940454,0
4153,Pass,0,0,0,23.025850929940454,0
4154,Pass,0,0,0,23.025850929940454,0
4155,Pass,0,0,0,23.025850929940454,0
4156,Pass,0,0,0,23.025850929940454,0
4157,Pass,0,0,0,23.025850929940454,0
4158,Pass,0,0,0,23.025850929940454,0
4159,Pass,0,0,0,23.025850929940454,0
4160,Pass,0,0,0,23.025850929940454,0
4161,Pass,0,0,0,23.025850929940454,0
4162,Pass,0,0,0,23.025850929940454,0
4163,Pass,0,0,0,23.025850929940454,0
4164,Pass,0,0,0,23.025850929940454,0
4165,Pass,0,0,0,23.025850929940454,0
4166,Pass,0,0,0,23.025850929940454,0
4167,Pass,0,0,0,23.025850929940454,0
4168,Pass,0,0,0,23.025850929940454,0
4169,Pass,0,0,0,23.025850929940454,0
4170,Pass,0,0,0,23.025850929940454,0
4171,Pass,0,0,0,23.025850929940454,0
4172,Pass,0,0,0,23.025850929940454,0
4173,Pass,0,0,0,23.025850929940454,0
4174,Pass,0,0,0,23.025850929940454,0
4175,Pass,0,0,0,23.025850929940454,0
4176,Pass,0,0,0,23.025850929940454,0
4177,Pass,0,0,0,23.025850929940454,0
4178,Pass,0,0,0,23.025850929940454,0
4179,Pass,0,0,0,23.025850929940454,0
4180,Pass,0,0,0,23.025850929940454,0
4181,Pass,0,0,0,23.025850929940454,0
4182,Pass,0,0,0,23.025850929940454,0
4183,Pass,0,0,0,23.025850929940454,0
4184,Pass,0,0,0,23.025850929940454,0
4185,Pass,0,0,0,23.025850929940454,0
4186,Pass,0,0,0,23.025850929940454,0
4187,Pass,0,0,0,23.025850929940454,0
4188,Pass,0,0,0,23.025850929940454,0
4189,Pass,0,0,0,23.025850929940454,0
4190,Pass,0,0,0,23.025850929940454,0
4191,Pass,0,0,0,23.025850929940454,0
4192,Pass,0,0,0,23.025850929940454,0
4193,Pass,0,0,0,23.025850929940454,0
4194,Pass,0,0,0,23.025850929940454,0
4195,Pass,0,0,0,23.025850929940454,0
4196,Pass,0,0,0,23.025850929940454,0
4197,Pass,0,0,0,23.025850929940454,0
4198,Pass,0,0,0,23.025850929940454,0
4199,Pass,0,0,0,23.025850929940454,0
4200,Pass,0,0,0,23.025850929940454,0
4201,Pass,0,0,0,23.025850929940454,0
4202,Pass,0,0,0,23.025850929940454,0
4203,Pass,0,0,0,23.025850929940454,0
4204,Pass,0,0,0,23.025850929940454,0
4205,Pass,0,0,0,23.025850929940454,0
4206,Pass,0,0,0,23.025850929940454,0
4207,Pass,0,0,0,23.025850929940454,0
4208,Pass,0,0,0,23.025850929940454,0
4209,Pass,0,0,0,23.025850929940454,0
4210,Pass,0,0,0,23.025850929940454,0
4211,Pass,0,0,0,23.025850929940454,0
4212,Pass,0,0,0,23.025850929940454,0
4213,Pass,0,0,0,23.025850929940454,0
4214,Pass,0,0,0,23.025850929940454,0
4215,Pass,0,0,0,23.025850929940454,0
4216,Pass,0,0,0,23.025850929940454,0
4217,Pass,0,0,0,23.025850929940454,0
4218,Pass,0,0,0,23.025850929940454,0
4219,Pass,0,0,0,23.025850929940454,0
4220,Pass,0,0,0,23.025850929940454,0
4221,Pass,0,0,0,23.025850929940454,0
4222,Pass,0,0,0,23.025850929940454,0
4223,Pass,0,0,0,23.025850929940454,0
4224,Pass,0,0,0,23.025850929940454,0
4225,Pass,0,0,0,23.025850929940454,0
4226,Pass,0,0,0,23.025850929940454,0
4227,Pass,0,0,0,23.025850929940454,0
4228,Pass,0,0,0,23.025850929940454,0
4229,Pass,0,0,0,23.025850929940454,0
4230,Pass,0,0,0,23.025850929940454,0
4231,Pass,0,0,0,23.025850929940454,0
4232,Pass,0,0,0,23.025850929940454,0
4233,Pass,0,0,0,23.025850929940454,0
4234,Pass,0,0,0,23.025850929940454,0
4235,Pass,0,0,0,23.025850929940454,0
4236,Pass,0,0,0,23.025850929940454,0
4237,Pass,0,0,0,23.025850929940454,0
4238,Pass,0,0,0,23.025850929940454,0
4239,Pass,0,0,0,23.025850929940454,0
4240,Pass,0,0,0,23.025850929940454,0
4241,Pass,0,0,0,23.025850929940454,0
4242,Pass,0,0,0,23.025850929940454,0
4243,Pass,0,0,0,23.025850929940454,0
4244,Pass,0,0,0,23.025850929940454,0
4245,Pass,0,0,0,23.025850929940454,0
4246,Pass,0,0,0,23.025850929940454,0
4247,Pass,0,0,0,23.025850929940454,0
4248,Pass,0,0,0,23.025850929940454,0
4249,Pass,0,0,0,23.025850929940454,0
4250,Pass,0,0,0,23.025850929940454,0
4251,Pass,0,0,0,23.025850929940454,0
4252,Pass,0,0,0,23.025850929940454,0
4253,Pass,0,0,0,23.025850929940454,0
4254,Pass,0,0,0,23.025850929940454,0
4255,Pass,0,0,0,23.025850929940454,0
4256,Pass,0,0,0,23.025850929940454,0
4257,Pass,0,0,0,23.025850929940454,0
4258,Pass,0,0,0,23.025850929940454,0
4259,Pass,0,0,0,23.025850929940454,0
4260,Pass,0,0,0,23.025850929940454,0
4261,Pass,0,0,0,23.025850929940454,0
4262,Pass,0,0,0,23.025850929940454,0
4263,Pass,0,0,0,23.025850929940454,0
4264,Pass,0,0,0,23.025850929940454,0
4265,Pass,0,0,0,23.025850929940454,0
4266,Pass,0,0,0,23.025850929940454,0
4267,Pass,0,0,0,23.025850929940454,0
4268,Pass,0,0,0,23.025850929940454,0
4269,Pass,0,0,0,23.025850929940454,0
4270,Pass,0,0,0,23.025850929940454,0
4271,Pass,0,0,0,23.025850929940454,0
4272,Pass,0,0,0,23.025850929940454,0
4273,Pass,0,0,0,23.025850929940454,0
4274,Pass,0,0,0,23.025850929940454,0
4275,Pass,0,0,0,23.025850929940454,0
4276,Pass,0,0,0,23.025850929940454,0
4277,Pass,0,0,0,23.025850929940454,0
4278,Pass,0,0,0,23.025850929940454,0
4279,Pass,0,0,0,23.025850929940454,0
4280,Pass,0,0,0,23.025850929940454,0
4281,Pass,0,0,0,-0.0,0
4282,Pass,0,0,0,-0.0,0
4283,Pass,0,0,0,-0.0,0
4284,Pass,0,0,0,-0.0,0
4285,Pass,0,0,0,-0.0,0
4286,Pass,0,0,0,-0.0,0
4287,Pass,0,0,0,-0.0,0
4288,Pass,0,0,0,-0.0,0
4289,Pass,0,0,0,-0.0,0
4290,Pass,0,0,0,-0.0,0
4291,Pass,0,0,0,-0.0,0
4292,Pass,0,0,0,-0.0,0
4293,Pass,0,0,0,-0.0,0
4294,Pass,0,0,0,-0.0,0
4295,Pass,0,0,0,-0.0,0
4296,Pass,0,0,0,-0.0,0
4297,Pass,0,0,0,-0.0,0
4298,Pass,0,0,0,-0.0,0
4299,Pass,0,0,0,-0.0,0
4300,Pass,0,0,0,-0.0,0
4301,Pass,0,0,0,-0.0,0
4302,Pass,0,0,0,-0.0,0
4303,Pass,0,0,0,-0.0,0
4304,Pass,0,0,0,-0.0,0
4305,Pass,0,0,0,-0.0,0
4306,Pass,0,0,0,-0.0,0
4307,Pass,0,0,0,-0.0,0
4308,Pass,0,0,0,-0.0,0
4309,Pass,0,0,0,-0.0,0
4310,Pass,0,0,0,-0.0,0
4311,Pass,0,0,0,-0.0,0
4312,Pass,0,0,0,-0.0,0
4313,Pass,0,0,0,-0.0,0
4314,Pass,0,0,0,-0.0,0
4315,Pass,0,0,0,-0.0,0
4316,Pass,0,0,0,-0.0,0
4317,Pass,0,0,0,-0.0,0
4318,Pass,0,0,0,-0.0,0
4319,Pass,0,0,0,-0.0,0
4320,Pass,0,0,0,-0.0,0
4321,Pass,0,0,0,-0.0,0
4322,Pass,0,0,0,-0.0,0
4323,Pass,0,0,0,-0.0,0
4324,Pass,0,0,0,-0.0,0
4325,Pass,0,0,0,-0.0,0
4326,Pass,0,0,0,-0.0,0
4327,Pass,0,0,0,-0.0,0
4328,Pass,0,0,0,-0.0,0
4329,Pass,0,0,0,-0.0,0
4330,Pass,0,0,0,-0.0,0
4331,Pass,0,0,0,-0.0,0
4332,Pass,0,0,0,-0.0,0
4333,Pass,0,0,0,2.0480255712069453,0
4334,Pass,0,0,0,1.6465254457106397,0
4335,Pass,0,0,0,-0.0,0
4336,Pass,0,0,0,-0.0,0
4337,Pass,0,0,0,-0.0,0
4338,Pass,0,0,0,-0.0,0
4339,Pass,0,0,0,-0.0,0
4340,Pass,0,0,0,-0.0,0
4341,Pass,0,0,0,6.0702950823531046,0
4342,Pass,0,0,0,-0.0,0
4343,Pass,0,0,0,-0.0,0
4344,Pass,0,0,0,2.62918256523772,0
4345,Pass,0,0,0,23.025850929940454,0
4346,Pass,0,0,0,23.025850929940454,0
4347,Pass,0,0,0,23.025850929940454,0
4348,Pass,0,0,0,23.025850929940454,0
4349,Pass,0,0,0,23.025850929940454,0
4350,Pass,0,0,0,23.025850929940454,0
4351,Pass,0,0,0,23.025850929940454,0
4352,Pass,0,0,0,23.025850929940454,0
4353,Pass,0,0,0,23.025850929940454,0
4354,Pass,0,0,0,7.819242378487833,0
4355,Pass,0,0,0,23.025850929940454,0
4356,Pass,0,0,0,6.552116239893744,0
4357,Pass,0,0,0,-0.0,0
4358,Pass,0,0,0,5.162123965732678,0
4359,Pass,0,0,0,23.025850929940454,0
4360,Pass,0,0,0,23.025850929940454,0
4361,Pass,0,0,0,10.457519690902636,0
4362,Pass,0,0,0,23.025850929940454,0
4363,Pass,0,0,0,23.025850929940454,0
4364,Pass,0,0,0,23.025850929940454,0
4365,Pass,0,0,0,14.853986564114127,0
4366,Pass,0,0,0,-0.0,0
4367,Pass,0,0,0,-0.0,0
4368,Pass,0,0,0,23.025850929940454,0
4369,Pass,0,0,0,23.025850929940454,0
4370,Pass,0,0,0,23.025850929940454,0
4371,Pass,0,0,0,23.025850929940454,0
4372,Pass,0,0,0,23.025850929940454,0
4373,Pass,0,0,0,23.025850929940454,0
4374,Pass,0,0,0,23.025850929940454,0
4375,Pass,0,0,0,23.025850929940454,0
4376,Pass,0,0,0,23.025850929940454,0
4377,Pass,0,0,0,23.025850929940454,0
4378,Pass,0,0,0,8.085497572244263,0
4379,Pass,0,0,0,12.810928909031299,0
4380,Pass,0,0,0,23.025850929940454,0
4381,Pass,0,0,0,23.025850929940454,0
4382,Pass,0,0,0,23.025850929940454,0
4383,Pass,0,0,0,23.025850929940454,0
4384,Pass,0,0,0,23.025850929940454,0
4385,Pass,0,0,0,23.025850929940454,0
4386,Pass,0,0,0,23.025850929940454,0
4387,Pass,0,0,0,23.025850929940454,0
4388,Pass,0,0,0,23.025850929940454,0
4389,Pass,0,0,0,23.025850929940454,0
4390,Pass,0,0,0,23.025850929940454,0
4391,Pass,0,0,0,23.025850929940454,0
4392,Pass,0,0,0,23.025850929940454,0
4393,Pass,0,0,0,23.025850929940454,0
4394,Pass,0,0,0,23.025850929940454,0
4395,Pass,0,0,0,23.025850929940454,0
4396,Pass,0,0,0,23.025850929940454,0
4397,Pass,0,0,0,23.025850929940454,0
4398,Pass,0,0,0,23.025850929940454,0
4399,Pass,0,0,0,23.025850929940454,0
4400,Pass,0,0,0,23.025850929940454,0
4401,Pass,0,0,0,23.025850929940454,0
4402,Pass,0,0,0,23.025850929940454,0
4403,Pass,0,0,0,23.025850929940454,0
4404,Pass,0,0,0,23.025850929940454,0
4405,Pass,0,0,0,23.025850929940454,0
4406,Pass,0,0,0,23.025850929940454,0
4407,Pass,0,0,0,23.025850929940454,0
4408,Pass,0,0,0,23.025850929940454,0
4409,Pass,0,0,0,23.025850929940454,0
4410,Pass,0,0,0,23.025850929940454,0
4411,Pass,0,0,0,23.025850929940454,0
4412,Pass,0,0,0,23.025850929940454,0
4413,Pass,0,0,0,23.025850929940454,0
4414,Pass,0,0,0,23.025850929940454,0
4415,Pass,0,0,0,23.025850929940454,0
4416,Pass,0,0,0,23.025850929940454,0
4417,Pass,0,0,0,23.025850929940454,0
4418,Pass,0,0,0,23.025850929940454,0
4419,Pass,0,0,0,23.025850929940454,0
4420,Pass,0,0,0,23.025850929940454,0
4421,Pass,0,0,0,23.025850929940454,0
4422,Pass,0,0,0,23.025850929940454,0
4423,Pass,0,0,0,23.025850929940454,0
4424,Pass,0,0,0,23.025850929940454,0
4425,Pass,0,0,0,23.025850929940454,0
4426,Pass,0,0,0,23.025850929940454,0
4427,Pass,0,0,0,23.025850929940454,0
4428,Pass,0,0,0,23.025850929940454,0
4429,Pass,0,0,0,23.025850929940454,0
4430,Pass,0,0,0,23.025850929940454,0
4431,Pass,0,0,0,23.025850929940454,0
4432,Pass,0,0,0,23.025850929940454,0
4433,Pass,0,0,0,23.025850929940454,0
4434,Pass,0,0,0,23.025850929940454,0
4435,Pass,0,0,0,23.025850929940454,0
4436,Pass,0,0,0,23.025850929940454,0
4437,Pass,0,0,0,23.025850929940454,0
4438,Pass,0,0,0,23.025850929940454,0
4439,Pass,0,0,0,23.025850929940454,0
4440,Pass,0,0,0,23.025850929940454,0
4441,Pass,0,0,0,23.025850929940454,0
4442,Pass,0,0,0,23.025850929940454,0
4443,Pass,0,0,0,23.025850929940454,0
4444,Pass,0,0,0,23.025850929940454,0
4445,Pass,0,0,0,23.025850929940454,0
4446,Pass,0,0,0,23.025850929940454,0
4447,Pass,0,0,0,23.025850929940454,0
4448,Pass,0,0,0,23.025850929940454,0
4449,Pass,0,0,0,23.025850929940454,0
4450,Pass,0,0,0,23.025850929940454,0
4451,Pass,0,0,0,23.025850929940454,0
4452,Pass,0,0,0,23.025850929940454,0
4453,Pass,0,0,0,23.025850929940454,0
4454,Pass,0,0,0,23.025850929940454,0
4455,Pass,0,0,0,23.025850929940454,0
4456,Pass,0,0,0,23.025850929940454,0
4457,Pass,0,0,0,23.025850929940454,0
4458,Pass,0,0,0,23.025850929940454,0
4459,Pass,0,0,0,23.025850929940454,0
4460,Pass,0,0,0,23.025850929940454,0
4461,Pass,0,0,0,23.025850929940454,0
4462,Pass,0,0,0,23.025850929940454,0
4463,Pass,0,0,0,23.025850929940454,0
4464,Pass,0,0,0,23.025850929940454,0
4465,Pass,0,0,0,23.025850929940454,0
4466,Pass,0,0,0,23.025850929940454,0
4467,Pass,0,0,0,23.025850929940454,0
4468,Pass,0,0,0,23.025850929940454,0
4469,Pass,0,0,0,23.025850929940454,0
4470,Pass,0,0,0,23.025850929940454,0
4471,Pass,0,0,0,23.025850929940454,0
4472,Pass,0,0,0,23.025850929940454,0
4473,Pass,0,0,0,23.025850929940454,0
4474,Pass,0,0,0,23.025850929940454,0
4475,Pass,0,0,0,23.025850929940454,0
4476,Pass,0,0,0,23.025850929940454,0
4477,Pass,0,0,0,23.025850929940454,0
4478,Pass,0,0,0,23.025850929940454,0
4479,Pass,0,0,0,23.025850929940454,0
4480,Pass,0,0,0,23.025850929940454,0
4481,Pass,0,0,0,23.025850929940454,0
4482,Pass,0,0,0,23.025850929940454,0
4483,Pass,0,0,0,23.025850929940454,0
4484,Pass,0,0,0,23.025850929940454,0
4485,Pass,0,0,0,23.025850929940454,0
4486,Pass,0,0,0,23.025850929940454,0
4487,Pass,0,0,0,23.025850929940454,0
4488,Pass,0,0,0,23.025850929940454,0
4489,Pass,0,0,0,23.025850929940454,0
4490,Pass,0,0,0,23.025850929940454,0
4491,Pass,0,0,0,23.025850929940454,0
4492,Pass,0,0,0,23.025850929940454,0
4493,Pass,0,0,0,23.025850929940454,0
4494,Pass,0,0,0,23.025850929940454,0
4495,Pass,0,0,0,23.025850929940454,0
4496,Pass,0,0,0,23.025850929940454,0
4497,Pass,0,0,0,23.025850929940454,0
4498,Pass,0,0,0,23.025850929940454,0
4499,Pass,0,0,0,23.025850929940454,0
4500,Pass,0,0,0,23.025850929940454,0
4501,Pass,0,0,0,23.025850929940454,0
4502,Pass,0,0,0,23.025850929940454,0
4503,Pass,0,0,0,23.025850929940454,0
4504,Pass,0,0,0,23.025850929940454,0
4505,Pass,0,0,0,23.025850929940454,0
4506,Pass,0,0,0,23.025850929940454,0
4507,Pass,0,0,0,23.025850929940454,0
4508,Pass,0,0,0,23.025850929940454,0
4509,Pass,0,0,0,23.025850929940454,0
4510,Pass,0,0,0,23.025850929940454,0
4511,Pass,0,0,0,23.025850929940454,0
4512,Pass,0,0,0,23.025850929940454,0
4513,Pass,0,0,0,23.025850929940454,0
4514,Pass,0,0,0,23.025850929940454,0
4515,Pass,0,0,0,23.025850929940454,0
4516,Pass,0,0,0,23.025850929940454,0
4517,Pass,0,0,0,23.025850929940454,0
4518,Pass,0,0,0,23.025850929940454,0
4519,Pass,0,0,0,23.025850929940454,0
4520,Pass,0,0,0,23.025850929940454,0
4521,Pass,0,0,0,23.025850929940454,0
4522,Pass,0,0,0,23.025850929940454,0
4523,Pass,0,0,0,23.025850929940454,0
4524,Pass,0,0,0,23.025850929940454,0
4525,Pass,0,0,0,23.025850929940454,0
4526,Pass,0,0,0,23.025850929940454,0
4527,Pass,0,0,0,23.025850929940454,0
4528,Pass,0,0,0,23.025850929940454,0
4529,Pass,0,0,0,23.025850929940454,0
4530,Pass,0,0,0,23.025850929940454,0
4531,Pass,0,0,0,23.025850929940454,0
4532,Pass,0,0,0,23.025850929940454,0
4533,Pass,0,0,0,23.025850929940454,0
4534,Pass,0,0,0,23.025850929940454,0
4535,Pass,0,0,0,23.025850929940454,0
4536,Pass,0,0,0,23.025850929940454,0
4537,Pass,0,0,0,23.025850929940454,0
4538,Pass,0,0,0,23.025850929940454,0
4539,Pass,0,0,0,23.025850929940454,0
4540,Pass,0,0,0,23.025850929940454,0
4541,Pass,0,0,0,23.025850929940454,0
4542,Pass,0,0,0,23.025850929940454,0
4543,Pass,0,0,0,23.025850929940454,0
4544,Pass,0,0,0,23.025850929940454,0
4545,Pass,0,0,0,23.025850929940454,0
4546,Pass,0,0,0,23.025850929940454,0
4547,Pass,0,0,0,23.025850929940454,0
4548,Pass,0,0,0,23.025850929940454,0
4549,Pass,0,0,0,23.025850929940454,0
4550,Pass,0,0,0,23.025850929940454,0
4551,Pass,0,0,0,23.025850929940454,0
4552,Pass,0,0,0,23.025850929940454,0
4553,Pass,0,0,0,23.025850929940454,0
4554,Pass,0,0,0,23.025850929940454,0
4555,Pass,0,0,0,23.025850929940454,0
4556,Pass,0,0,0,23.025850929940454,0
4557,Pass,0,0,0,23.025850929940454,0
4558,Pass,0,0,0,23.025850929940454,0
4559,Pass,0,0,0,23.025850929940454,0
4560,Pass,0,0,0,23.025850929940454,0
4561,Pass,0,0,0,23.025850929940454,0
4562,Pass,0,0,0,23.025850929940454,0
4563,Pass,0,0,0,23.025850929940454,0
4564,Pass,0,0,0,23.025850929940454,0
4565,Pass,0,0,0,23.025850929940454,0
4566,Pass,0,0,0,23.025850929940454,0
4567,Pass,0,0,0,23.025850929940454,0
4568,Pass,0,0,0,23.025850929940454,0
4569,Pass,0,0,0,23.025850929940454,0
4570,Pass,0,0,0,23.025850929940454,0
4571,Pass,0,0,0,23.025850929940454,0
4572,Pass,0,0,0,23.025850929940454,0
4573,Pass,0,0,0,23.025850929940454,0
4574,Pass,0,0,0,23.025850929940454,0
4575,Pass,0,0,0,23.025850929940454,0
4576,Pass,0,0,0,23.025850929940454,0
4577,Pass,0,0,0,23.025850929940454,0
4578,Pass,0,0,0,23.025850929940454,0
4579,Pass,0,0,0,23.025850929940454,0
4580,Pass,0,0,0,23.025850929940454,0
4581,Pass,0,0,0,23.025850929940454,0
4582,Pass,0,0,0,23.025850929940454,0
4583,Pass,0,0,0,23.025850929940454,0
4584,Pass,0,0,0,23.025850929940454,0
4585,Pass,0,0,0,23.025850929940454,0
4586,Pass,0,0,0,23.025850929940454,0
4587,Pass,0,0,0,23.025850929940454,0
4588,Pass,0,0,0,23.025850929940454,0
4589,Pass,0,0,0,23.025850929940454,0
4590,Pass,0,0,0,23.025850929940454,0
4591,Pass,0,0,0,23.025850929940454,0
4592,Pass,0,0,0,23.025850929940454,0
4593,Pass,0,0,0,23.025850929940454,0
4594,Pass,0,0,0,23.025850929940454,0
4595,Pass,0,0,0,23.025850929940454,0
4596,Pass,0,0,0,23.025850929940454,0
4597,Pass,0,0,0,23.025850929940454,0
4598,Pass,0,0,0,23.025850929940454,0
4599,Pass,0,0,0,23.025850929940454,0
4600,Pass,0,0,0,23.025850929940454,0
4601,Pass,0,0,0,23.025850929940454,0
4602,Pass,0,0,0,23.025850929940454,0
4603,Pass,0,0,0,23.025850929940454,0
4604,Pass,0,0,0,23.025850929940454,0
4605,Pass,0,0,0,23.025850929940454,0
4606,Pass,0,0,0,23.025850929940454,0
4607,Pass,0,0,0,23.025850929940454,0
4608,Pass,0,0,0,23.025850929940454,0
4609,Pass,0,0,0,23.025850929940454,0
4610,Pass,0,0,0,23.025850929940454,0
4611,Pass,0,0,0,23.025850929940454,0
4612,Pass,0,0,0,23.025850929940454,0
4613,Pass,0,0,0,23.025850929940454,0
4614,Pass,0,0,0,23.025850929940454,0
4615,Pass,0,0,0,23.025850929940454,0
4616,Pass,0,0,0,23.025850929940454,0
4617,Pass,0,0,0,23.025850929940454,0
4618,Pass,0,0,0,23.025850929940454,0
4619,Pass,0,0,0,23.025850929940454,0
4620,Pass,0,0,0,23.025850929940454,0
4621,Pass,0,0,0,23.025850929940454,0
4622,Pass,0,0,0,23.025850929940454,0
4623,Pass,0,0,0,23.025850929940454,0
4624,Pass,0,0,0,23.025850929940454,0
4625,Pass,0,0,0,23.025850929940454,0
4626,Pass,0,0,0,23.025850929940454,0
4627,Pass,0,0,0,23.025850929940454,0
4628,Pass,0,0,0,23.025850929940454,0
4629,Pass,0,0,0,23.025850929940454,0
4630,Pass,0,0,0,23.025850929940454,0
4631,Pass,0,0,0,23.025850929940454,0
4632,Pass,0,0,0,23.025850929940454,0
4633,Pass,0,0,0,23.025850929940454,0
4634,Pass,0,0,0,23.025850929940454,0
4635,Pass,0,0,0,23.025850929940454,0
4636,Pass,0,0,0,23.025850929940454,0
4637,Pass,0,0,0,23.025850929940454,0
4638,Pass,0,0,0,23.025850929940454,0
4639,Pass,0,0,0,23.025850929940454,0
4640,Pass,0,0,0,23.025850929940454,0
4641,Pass,0,0,0,23.025850929940454,0
4642,Pass,0,0,0,23.025850929940454,0
4643,Pass,0,0,0,23.025850929940454,0
4644,Pass,0,0,0,23.025850929940454,0
4645,Pass,0,0,0,23.025850929940454,0
4646,Pass,0,0,0,23.025850929940454,0
4647,Pass,0,0,0,23.025850929940454,0
4648,Pass,0,0,0,23.025850929940454,0
4649,Pass,0,0,0,23.025850929940454,0
4650,Pass,0,0,0,23.025850929940454,0
4651,Pass,0,0,0,23.025850929940454,0
4652,Pass,0,0,0,23.025850929940454,0
4653,Pass,0,0,0,23.025850929940454,0
4654,Pass,0,0,0,23.025850929940454,0
4655,Pass,0,0,0,23.025850929940454,0
4656,Pass,0,0,0,23.025850929940454,0
4657,Pass,0,0,0,23.025850929940454,0
4658,Pass,0,0,0,23.025850929940454,0
4659,Pass,0,0,0,23.025850929940454,0
4660,Pass,0,0,0,23.025850929940454,0
4661,Pass,0,0,0,23.025850929940454,0
4662,Pass,0,0,0,23.025850929940454,0
4663,Pass,0,0,0,23.025850929940454,0
4664,Pass,0,0,0,23.025850929940454,0
4665,Pass,0,0,0,23.025850929940454,0
4666,Pass,0,0,0,23.025850929940454,0
4667,Pass,0,0,0,23.025850929940454,0
4668,Pass,0,0,0,23.025850929940454,0
4669,Pass,0,0,0,23.025850929940454,0
4670,Pass,0,0,0,23.025850929940454,0
4671,Pass,0,0,0,23.025850929940454,0
4672,Pass,0,0,0,23.025850929940454,0
4673,Pass,0,0,0,23.025850929940454,0
4674,Pass,0,0,0,23.025850929940454,0
4675,Pass,0,0,0,23.025850929940454,0
4676,Pass,0,0,0,23.025850929940454,0
4677,Pass,0,0,0,23.025850929940454,0
4678,Pass,0,0,0,23.025850929940454,0
4679,Pass,0,0,0,23.025850929940454,0
4680,Pass,0,0,0,23.025850929940454,0
4681,Pass,0,0,0,23.025850929940454,0
4682,Pass,0,0,0,23.025850929940454,0
4683,Pass,0,0,0,23.025850929940454,0
4684,Pass,0,0,0,23.025850929940454,0
4685,Pass,0,0,0,23.025850929940454,0
4686,Pass,0,0,0,23.025850929940454,0
4687,Pass,0,0,0,23.025850929940454,0
4688,Pass,0,0,0,23.025850929940454,0
4689,Pass,0,0,0,23.025850929940454,0
4690,Pass,0,0,0,23.025850929940454,0
4691,Pass,0,0,0,23.025850929940454,0
4692,Pass,0,0,0,23.025850929940454,0
4693,Pass,0,0,0,23.025850929940454,0
4694,Pass,0,0,0,23.025850929940454,0
4695,Pass,0,0,0,23.025850929940454,0
4696,Pass,0,0,0,23.025850929940454,0
4697,Pass,0,0,0,23.025850929940454,0
4698,Pass,0,0,0,23.025850929940454,0
4699,Pass,0,0,0,23.025850929940454,0
4700,Pass,0,0,0,23.025850929940454,0
4701,Pass,0,0,0,23.025850929940454,0
4702,Pass,0,0,0,23.025850929940454,0
4703,Pass,0,0,0,23.025850929940454,0
4704,Pass,0,0,0,23.025850929940454,0
4705,Pass,0,0,0,23.025850929940454,0
4706,Pass,0,0,0,23.025850929940454,0
4707,Pass,0,0,0,23.025850929940454,0
4708,Pass,0,0,0,23.025850929940454,0
4709,Pass,0,0,0,23.025850929940454,0
4710,Pass,0,0,0,23.025850929940454,0
4711,Pass,0,0,0,23.025850929940454,0
4712,Pass,0,0,0,23.025850929940454,0
4713,Pass,0,0,0,23.025850929940454,0
4714,Pass,0,0,0,23.025850929940454,0
4715,Pass,0,0,0,23.025850929940454,0
4716,Pass,0,0,0,23.025850929940454,0
4717,Pass,0,0,0,23.025850929940454,0
4718,Pass,0,0,0,23.025850929940454,0
4719,Pass,0,0,0,23.025850929940454,0
4720,Pass,0,0,0,23.025850929940454,0
4721,Pass,0,0,0,23.025850929940454,0
4722,Pass,0,0,0,23.025850929940454,0
4723,Pass,0,0,0,23.025850929940454,0
4724,Pass,0,0,0,23.025850929940454,0
4725,Pass,0,0,0,23.025850929940454,0
4726,Pass,0,0,0,23.025850929940454,0
4727,Pass,0,0,0,23.025850929940454,0
4728,Pass,0,0,0,23.025850929940454,0
4729,Pass,0,0,0,23.025850929940454,0
4730,Pass,0,0,0,23.025850929940454,0
4731,Pass,0,0,0,23.025850929940454,0
4732,Pass,0,0,0,23.025850929940454,0
4733,Pass,0,0,0,23.025850929940454,0
4734,Pass,0,0,0,23.025850929940454,0
4735,Pass,0,0,0,23.025850929940454,0
4736,Pass,0,0,0,23.025850929940454,0
4737,Pass,0,0,0,23.025850929940454,0
4738,Pass,0,0,0,23.025850929940454,0
4739,Pass,0,0,0,23.025850929940454,0
4740,Pass,0,0,0,23.025850929940454,0
4741,Pass,0,0,0,23.025850929940454,0
4742,Pass,0,0,0,23.025850929940454,0
4743,Pass,0,0,0,23.025850929940454,0
4744,Pass,0,0,0,23.025850929940454,0
4745,Pass,0,0,0,23.025850929940454,0
4746,Pass,0,0,0,23.025850929940454,0
4747,Pass,0,0,0,23.025850929940454,0
4748,Pass,0,0,0,23.025850929940454,0
4749,Pass,0,0,0,23.025850929940454,0
4750,Pass,0,0,0,23.025850929940454,0
4751,Pass,0,0,0,23.025850929940454,0
4752,Pass,0,0,0,23.025850929940454,0
4753,Pass,0,0,0,23.025850929940454,0
4754,Pass,0,0,0,23.025850929940454,0
4755,Pass,0,0,0,23.025850929940454,0
4756,Pass,0,0,0,23.025850929940454,0
4757,Pass,0,0,0,23.025850929940454,0
4758,Pass,0,0,0,23.025850929940454,0
4759,Pass,0,0,0,23.025850929940454,0
4760,Pass,0,0,0,23.025850929940454,0
4761,Pass,0,0,0,23.025850929940454,0
4762,Pass,0,0,0,23.025850929940454,0
4763,Pass,0,0,0,23.025850929940454,0
4764,Pass,0,0,0,23.025850929940454,0
4765,Pass,0,0,0,23.025850929940454,0
4766,Pass,0,0,0,23.025850929940454,0
4767,Pass,0,0,0,23.025850929940454,0
4768,Pass,0,0,0,23.025850929940454,0
4769,Pass,0,0,0,23.025850929940454,0
4770,Pass,0,0,0,23.025850929940454,0
4771,Pass,0,0,0,23.025850929940454,0
4772,Pass,0,0,0,23.025850929940454,0
4773,Pass,0,0,0,23.025850929940454,0
4774,Pass,0,0,0,23.025850929940454,0
4775,Pass,0,0,0,23.025850929940454,0
4776,Pass,0,0,0,23.025850929940454,0
4777,Pass,0,0,0,23.025850929940454,0
4778,Pass,0,0,0,23.025850929940454,0
4779,Pass,0,0,0,23.025850929940454,0
4780,Pass,0,0,0,23.025850929940454,0
4781,Pass,0,0,0,23.025850929940454,0
4782,Pass,0,0,0,23.025850929940454,0
4783,Pass,0,0,0,23.025850929940454,0
4784,Pass,0,0,0,23.025850929940454,0
4785,Pass,0,0,0,23.025850929940454,0
4786,Pass,0,0,0,23.025850929940454,0
4787,Pass,0,0,0,23.025850929940454,0
4788,Pass,0,0,0,23.025850929940454,0
4789,Pass,0,0,0,23.025850929940454,0
4790,Pass,0,0,0,23.025850929940454,0
4791,Pass,0,0,0,23.025850929940454,0
4792,Pass,0,0,0,23.025850929940454,0
4793,Pass,0,0,0,23.025850929940454,0
4794,Pass,0,0,0,23.025850929940454,0
4795,Pass,0,0,0,23.025850929940454,0
4796,Pass,0,0,0,23.025850929940454,0
4797,Pass,0,0,0,23.025850929940454,0
4798,Pass,0,0,0,23.025850929940454,0
4799,Pass,0,0,0,23.025850929940454,0
4800,Pass,0,0,0,23.025850929940454,0
4801,Pass,0,0,0,23.025850929940454,0
4802,Pass,0,0,0,23.025850929940454,0
4803,Pass,0,0,0,23.025850929940454,0
4804,Pass,0,0,0,23.025850929940454,0
4805,Pass,0,0,0,23.025850929940454,0
4806,Pass,0,0,0,23.025850929940454,0
4807,Pass,0,0,0,23.025850929940454,0
4808,Pass,0,0,0,23.025850929940454,0
4809,Pass,0,0,0,23.025850929940454,0
4810,Pass,0,0,0,23.025850929940454,0
4811,Pass,0,0,0,23.025850929940454,0
4812,Pass,0,0,0,23.025850929940454,0
4813,Pass,0,0,0,23.025850929940454,0
4814,Pass,0,0,0,23.025850929940454,0
4815,Pass,0,0,0,23.025850929940454,0
4816,Pass,0,0,0,23.025850929940454,0
4817,Pass,0,0,0,23.025850929940454,0
4818,Pass,0,0,0,23.025850929940454,0
4819,Pass,0,0,0,23.025850929940454,0
4820,Pass,0,0,0,23.025850929940454,0
4821,Pass,0,0,0,23.025850929940454,0
4822,Pass,0,0,0,23.025850929940454,0
4823,Pass,0,0,0,23.025850929940454,0
4824,Pass,0,0,0,23.025850929940454,0
4825,Pass,0,0,0,23.025850929940454,0
4826,Pass,0,0,0,23.025850929940454,0
4827,Pass,0,0,0,23.025850929940454,0
4828,Pass,0,0,0,23.025850929940454,0
4829,Pass,0,0,0,23.025850929940454,0
4830,Pass,0,0,0,23.025850929940454,0
4831,Pass,0,0,0,23.025850929940454,0
4832,Pass,0,0,0,23.025850929940454,0
4833,Pass,0,0,0,23.025850929940454,0
4834,Pass,0,0,0,23.025850929940454,0
4835,Pass,0,0,0,23.025850929940454,0
4836,Pass,0,0,0,23.025850929940454,0
4837,Pass,0,0,0,23.025850929940454,0
4838,Pass,0,0,0,23.025850929940454,0
4839,Pass,0,0,0,23.025850929940454,0
4840,Pass,0,0,0,23.025850929940454,0
4841,Pass,0,0,0,23.025850929940454,0
4842,Pass,0,0,0,23.025850929940454,0
4843,Pass,0,0,0,23.025850929940454,0
4844,Pass,0,0,0,23.025850929940454,0
4845,Pass,0,0,0,23.025850929940454,0
4846,Pass,0,0,0,23.025850929940454,0
4847,Pass,0,0,0,23.025850929940454,0
4848,Pass,0,0,0,23.025850929940454,0
4849,Pass,0,0,0,23.025850929940454,0
4850,Pass,0,0,0,23.025850929940454,0
4851,Pass,0,0,0,23.025850929940454,0
4852,Pass,0,0,0,23.025850929940454,0
4853,Pass,0,0,0,23.025850929940454,0
4854,Pass,0,0,0,23.025850929940454,0
4855,Pass,0,0,0,23.025850929940454,0
4856,Pass,0,0,0,23.025850929940454,0
4857,Pass,0,0,0,23.025850929940454,0
4858,Pass,0,0,0,23.025850929940454,0
4859,Pass,0,0,0,23.025850929940454,0
4860,Pass,0,0,0,23.025850929940454,0
4861,Pass,0,0,0,23.025850929940454,0
4862,Pass,0,0,0,23.025850929940454,0
4863,Pass,0,0,0,23.025850929940454,0
4864,Pass,0,0,0,23.025850929940454,0
4865,Pass,0,0,0,23.025850929940454,0
4866,Pass,0,0,0,23.025850929940454,0
4867,Pass,0,0,0,23.025850929940454,0
4868,Pass,0,0,0,23.025850929940454,0
4869,Pass,0,0,0,23.025850929940454,0
4870,Pass,0,0,0,23.025850929940454,0
4871,Pass,0,0,0,23.025850929940454,0
4872,Pass,0,0,0,23.025850929940454,0
4873,Pass,0,0,0,23.025850929940454,0
4874,Pass,0,0,0,23.025850929940454,0
4875,Pass,0,0,0,23.025850929940454,0
4876,Pass,0,0,0,23.025850929940454,0
4877,Pass,0,0,0,23.025850929940454,0
4878,Pass,0,0,0,23.025850929940454,0
4879,Pass,0,0,0,23.025850929940454,0
4880,Pass,0,0,0,23.025850929940454,0
4881,Pass,0,0,0,23.025850929940454,0
4882,Pass,0,0,0,23.025850929940454,0
4883,Pass,0,0,0,23.025850929940454,0
4884,Pass,0,0,0,23.025850929940454,0
4885,Pass,0,0,0,23.025850929940454,0
4886,Pass,0,0,0,23.025850929940454,0
4887,Pass,0,0,0,23.025850929940454,0
4888,Pass,0,0,0,23.025850929940454,0
4889,Pass,0,0,0,23.025850929940454,0
4890,Pass,0,0,0,23.025850929940454,0
4891,Pass,0,0,0,23.025850929940454,0
4892,Pass,0,0,0,23.025850929940454,0
4893,Pass,0,0,0,23.025850929940454,0
4894,Pass,0,0,0,23.025850929940454,0
4895,Pass,0,0,0,23.025850929940454,0
4896,Pass,0,0,0,23.025850929940454,0
4897,Pass,0,0,0,23.025850929940454,0
4898,Pass,0,0,0,23.025850929940454,0
4899,Pass,0,0,0,23.025850929940454,0
4900,Pass,0,0,0,23.025850929940454,0
4901,Pass,0,0,0,23.025850929940454,0
4902,Pass,0,0,0,23.025850929940454,0
4903,Pass,0,0,0,23.025850929940454,0
4904,Pass,0,0,0,23.025850929940454,0
4905,Pass,0,0,0,23.025850929940454,0
4906,Pass,0,0,0,23.025850929940454,0
4907,Pass,0,0,0,23.025850929940454,0
4908,Pass,0,0,0,23.025850929940454,0
4909,Pass,0,0,0,23.025850929940454,0
4910,Pass,0,0,0,23.025850929940454,0
4911,Pass,0,0,0,23.025850929940454,0
4912,Pass,0,0,0,23.025850929940454,0
4913,Pass,0,0,0,23.025850929940454,0
4914,Pass,0,0,0,23.025850929940454,0
4915,Pass,0,0,0,23.025850929940454,0
4916,Pass,0,0,0,23.025850929940454,0
4917,Pass,0,0,0,23.025850929940454,0
4918,Pass,0,0,0,23.025850929940454,0
4919,Pass,0,0,0,23.025850929940454,0
4920,Pass,0,0,0,23.025850929940454,0
4921,Pass,0,0,0,23.025850929940454,0
4922,Pass,0,0,0,23.025850929940454,0
4923,Pass,0,0,0,23.025850929940454,0
4924,Pass,0,0,0,23.025850929940454,0
4925,Pass,0,0,0,23.025850929940454,0
4926,Pass,0,0,0,23.025850929940454,0
4927,Pass,0,0,0,23.025850929940454,0
4928,Pass,0,0,0,23.025850929940454,0
4929,Pass,0,0,0,23.025850929940454,0
4930,Pass,0,0,0,23.025850929940454,0
4931,Pass,0,0,0,23.025850929940454,0
4932,Pass,0,0,0,23.025850929940454,0
4933,Pass,0,0,0,23.025850929940454,0
4934,Pass,0,0,0,23.025850929940454,0
4935,Pass,0,0,0,23.025850929940454,0
4936,Pass,0,0,0,23.025850929940454,0
4937,Pass,0,0,0,23.025850929940454,0
4938,Pass,0,0,0,23.025850929940454,0
4939,Pass,0,0,0,23.025850929940454,0
4940,Pass,0,0,0,23.025850929940454,0
4941,Pass,0,0,0,23.025850929940454,0
4942,Pass,0,0,0,23.025850929940454,0
4943,Pass,0,0,0,23.025850929940454,0
4944,Pass,0,0,0,23.025850929940454,0
4945,Pass,0,0,0,23.025850929940454,0
4946,Pass,0,0,0,23.025850929940454,0
4947,Pass,0,0,0,23.025850929940454,0
4948,Pass,0,0,0,23.025850929940454,0
4949,Pass,0,0,0,23.025850929940454,0
4950,Pass,0,0,0,23.025850929940454,0
4951,Pass,0,0,0,23.025850929940454,0
4952,Pass,0,0,0,23.025850929940454,0
4953,Pass,0,0,0,23.025850929940454,0
4954,Pass,0,0,0,23.025850929940454,0
4955,Pass,0,0,0,23.025850929940454,0
4956,Pass,0,0,0,23.025850929940454,0
4957,Pass,0,0,0,23.025850929940454,0
4958,Pass,0,0,0,23.025850929940454,0
4959,Pass,0,0,0,23.025850929940454,0
4960,Pass,0,0,0,23.025850929940454,0
4961,Pass,0,0,0,23.025850929940454,0
4962,Pass,0,0,0,23.025850929940454,0
4963,Pass,0,0,0,23.025850929940454,0
4964,Pass,0,0,0,23.025850929940454,0
4965,Pass,0,0,0,23.025850929940454,0
4966,Pass,0,0,0,23.025850929940454,0
4967,Pass,0,0,0,23.025850929940454,0
4968,Pass,0,0,0,23.025850929940454,0
4969,Pass,0,0,0,23.025850929940454,0
4970,Pass,0,0,0,23.025850929940454,0
4971,Pass,0,0,0,23.025850929940454,0
4972,Pass,0,0,0,23.025850929940454,0
4973,Pass,0,0,0,23.025850929940454,0
4974,Pass,0,0,0,23.025850929940454,0
4975,Pass,0,0,0,23.025850929940454,0
4976,Pass,0,0,0,23.025850929940454,0
4977,Pass,0,0,0,23.025850929940454,0
4978,Pass,0,0,0,23.025850929940454,0
4979,Pass,0,0,0,23.025850929940454,0
4980,Pass,0,0,0,23.025850929940454,0
4981,Pass,0,0,0,23.025850929940454,0
4982,Pass,0,0,0,23.025850929940454,0
4983,Pass,0,0,0,23.025850929940454,0
4984,Pass,0,0,0,23.025850929940454,0
4985,Pass,0,0,0,23.025850929940454,0
4986,Pass,0,0,0,23.025850929940454,0
4987,Pass,0,0,0,23.025850929940454,0
4988,Pass,0,0,0,23.025850929940454,0
4989,Pass,0,0,0,23.025850929940454,0
4990,Pass,0,0,0,23.025850929940454,0
4991,Pass,0,0,0,23.025850929940454,0
4992,Pass,0,0,0,23.025850929940454,0
4993,Pass,0,0,0,23.025850929940454,0
4994,Pass,0,0,0,23.025850929940454,0
4995,Pass,0,0,0,23.025850929940454,0
4996,Pass,0,0,0,23.025850929940454,0
4997,Pass,0,0,0,23.025850929940454,0
4998,Pass,0,0,0,23.025850929940454,0
4999,Pass,0,0,0,23.025850929940454,0
5000,Pass,0,0,0,23.025850929940454,0
5001,Pass,0,0,0,23.025850929940454,0
5002,Pass,0,0,0,23.025850929940454,0
5003,Pass,0,0,0,23.025850929940454,0
5004,Pass,0,0,0,23.025850929940454,0
5005,Pass,0,0,0,23.025850929940454,0
5006,Pass,0,0,0,23.025850929940454,0
5007,Pass,0,0,0,23.025850929940454,0
5008,Pass,0,0,0,23.025850929940454,0
5009,Pass,0,0,0,23.025850929940454,0
5010,Pass,0,0,0,23.025850929940454,0
5011,Pass,0,0,0,23.025850929940454,0
5012,Pass,0,0,0,23.025850929940454,0
5013,Pass,0,0,0,23.025850929940454,0
5014,Pass,0,0,0,23.025850929940454,0
5015,Pass,0,0,0,23.025850929940454,0
5016,Pass,0,0,0,23.025850929940454,0
5017,Pass,0,0,0,23.025850929940454,0
5018,Pass,0,0,0,23.025850929940454,0
5019,Pass,0,0,0,23.025850929940454,0
5020,Pass,0,0,0,23.025850929940454,0
5021,Pass,0,0,0,23.025850929940454,0
5022,Pass,0,0,0,23.025850929940454,0
5023,Pass,0,0,0,23.025850929940454,0
5024,Pass,0,0,0,23.025850929940454,0
5025,Pass,0,0,0,23.025850929940454,0
5026,Pass,0,0,0,23.025850929940454,0
5027,Pass,0,0,0,23.025850929940454,0
5028,Pass,0,0,0,23.025850929940454,0
5029,Pass,0,0,0,23.025850929940454,0
5030,Pass,0,0,0,23.025850929940454,0
5031,Pass,0,0,0,23.025850929940454,0
5032,Pass,0,0,0,23.025850929940454,0
5033,Pass,0,0,0,23.025850929940454,0
5034,Pass,0,0,0,23.025850929940454,0
5035,Pass,0,0,0,23.025850929940454,0
5036,Pass,0,0,0,23.025850929940454,0
5037,Pass,0,0,0,23.025850929940454,0
5038,Pass,0,0,0,23.025850929940454,0
5039,Pass,0,0,0,23.025850929940454,0
5040,Pass,0,0,0,23.025850929940454,0
5041,Pass,0,0,0,23.025850929940454,0
5042,Pass,0,0,0,23.025850929940454,0
5043,Pass,0,0,0,23.025850929940454,0
5044,Pass,0,0,0,23.025850929940454,0
5045,Pass,0,0,0,23.025850929940454,0
5046,Pass,0,0,0,23.025850929940454,0
5047,Pass,0,0,0,23.025850929940454,0
5048,Pass,0,0,0,23.025850929940454,0
5049,Pass,0,0,0,23.025850929940454,0
5050,Pass,0,0,0,23.025850929940454,0
5051,Pass,0,0,0,23.025850929940454,0
5052,Pass,0,0,0,23.025850929940454,0
5053,Pass,0,0,0,23.025850929940454,0
5054,Pass,0,0,0,23.025850929940454,0
5055,Pass,0,0,0,23.025850929940454,0
5056,Pass,0,0,0,23.025850929940454,0
5057,Pass,0,0,0,23.025850929940454,0
5058,Pass,0,0,0,23.025850929940454,0
5059,Pass,0,0,0,23.025850929940454,0
5060,Pass,0,0,0,23.025850929940454,0
5061,Pass,0,0,0,23.025850929940454,0
5062,Pass,0,0,0,23.025850929940454,0
5063,Pass,0,0,0,23.025850929940454,0
5064,Pass,0,0,0,23.025850929940454,0
5065,Pass,0,0,0,23.025850929940454,0
5066,Pass,0,0,0,23.025850929940454,0
5067,Pass,0,0,0,23.025850929940454,0
5068,Pass,0,0,0,23.025850929940454,0
5069,Pass,0,0,0,23.025850929940454,0
5070,Pass,0,0,0,23.025850929940454,0
5071,Pass,0,0,0,23.025850929940454,0
5072,Pass,0,0,0,23.025850929940454,0
5073,Pass,0,0,0,23.025850929940454,0
5074,Pass,0,0,0,23.025850929940454,0
5075,Pass,0,0,0,23.025850929940454,0
5076,Pass,0,0,0,23.025850929940454,0
5077,Pass,0,0,0,23.025850929940454,0
5078,Pass,0,0,0,23.025850929940454,0
5079,Pass,0,0,0,23.025850929940454,0
5080,Pass,0,0,0,23.025850929940454,0
5081,Pass,0,0,0,23.025850929940454,0
5082,Pass,0,0,0,23.025850929940454,0
5083,Pass,0,0,0,23.025850929940454,0
5084,Pass,0,0,0,23.025850929940454,0
5085,Pass,0,0,0,23.025850929940454,0
5086,Pass,0,0,0,23.025850929940454,0
5087,Pass,0,0,0,23.025850929940454,0
5088,Pass,0,0,0,23.025850929940454,0
5089,Pass,0,0,0,23.025850929940454,0
5090,Pass,0,0,0,23.025850929940454,0
5091,Pass,0,0,0,23.025850929940454,0
5092,Pass,0,0,0,23.025850929940454,0
5093,Pass,0,0,0,23.025850929940454,0
5094,Pass,0,0,0,23.025850929940454,0
5095,Pass,0,0,0,23.025850929940454,0
5096,Pass,0,0,0,23.025850929940454,0
5097,Pass,0,0,0,23.025850929940454,0
5098,Pass,0,0,0,23.025850929940454,0
5099,Pass,0,0,0,23.025850929940454,0
5100,Pass,0,0,0,23.025850929940454,0
5101,Pass,0,0,0,23.025850929940454,0
5102,Pass,0,0,0,23.025850929940454,0
5103,Pass,0,0,0,23.025850929940454,0
5104,Pass,0,0,0,23.025850929940454,0
5105,Pass,0,0,0,23.025850929940454,0
5106,Pass,0,0,0,23.025850929940454,0
5107,Pass,0,0,0,23.025850929940454,0
5108,Pass,0,0,0,23.025850929940454,0
5109,Pass,0,0,0,23.025850929940454,0
5110,Pass,0,0,0,23.025850929940454,0
5111,Pass,0,0,0,23.025850929940454,0
5112,Pass,0,0,0,23.025850929940454,0
5113,Pass,0,0,0,23.025850929940454,0
5114,Pass,0,0,0,23.025850929940454,0
5115,Pass,0,0,0,23.025850929940454,0
5116,Pass,0,0,0,23.025850929940454,0
5117,Pass,0,0,0,23.025850929940454,0
5118,Pass,0,0,0,23.025850929940454,0
5119,Pass,0,0,0,23.025850929940454,0
5120,Pass,0,0,0,23.025850929940454,0
5121,Pass,0,0,0,23.025850929940454,0
5122,Pass,0,0,0,23.025850929940454,0
5123,Pass,0,0,0,23.025850929940454,0
5124,Pass,0,0,0,23.025850929940454,0
5125,Pass,0,0,0,23.025850929940454,0
5126,Pass,0,0,0,23.025850929940454,0
5127,Pass,0,0,0,23.025850929940454,0
5128,Pass,0,0,0,23.025850929940454,0
5129,Pass,0,0,0,23.025850929940454,0
5130,Pass,0,0,0,23.025850929940454,0
5131,Pass,0,0,0,23.025850929940454,0
5132,Pass,0,0,0,23.025850929940454,0
5133,Pass,0,0,0,23.025850929940454,0
5134,Pass,0,0,0,23.025850929940454,0
5135,Pass,0,0,0,23.025850929940454,0
5136,Pass,0,0,0,23.025850929940454,0
5137,Pass,0,0,0,23.025850929940454,0
5138,Pass,0,0,0,23.025850929940454,0
5139,Pass,0,0,0,23.025850929940454,0
5140,Pass,0,0,0,23.025850929940454,0
5141,Pass,0,0,0,23.025850929940454,0
5142,Pass,0,0,0,23.025850929940454,0
5143,Pass,0,0,0,23.025850929940454,0
5144,Pass,0,0,0,23.025850929940454,0
5145,Pass,0,0,0,23.025850929940454,0
5146,Pass,0,0,0,23.025850929940454,0
5147,Pass,0,0,0,23.025850929940454,0
5148,Pass,0,0,0,23.025850929940454,0
5149,Pass,0,0,0,23.025850929940454,0
5150,Pass,0,0,0,23.025850929940454,0
5151,Pass,0,0,0,23.025850929940454,0
5152,Pass,0,0,0,23.025850929940454,0
5153,Pass,0,0,0,23.025850929940454,0
5154,Pass,0,0,0,23.025850929940454,0
5155,Pass,0,0,0,23.025850929940454,0
5156,Pass,0,0,0,23.025850929940454,0
5157,Pass,0,0,0,23.025850929940454,0
5158,Pass,0,0,0,23.025850929940454,0
5159,Pass,0,0,0,23.025850929940454,0
5160,Pass,0,0,0,23.025850929940454,0
5161,Pass,0,0,0,23.025850929940454,0
5162,Pass,0,0,0,23.025850929940454,0
5163,Pass,0,0,0,23.025850929940454,0
5164,Pass,0,0,0,23.025850929940454,0
5165,Pass,0,0,0,23.025850929940454,0
5166,Pass,0,0,0,23.025850929940454,0
5167,Pass,0,0,0,23.025850929940454,0
5168,Pass,0,0,0,23.025850929940454,0
5169,Pass,0,0,0,23.025850929940454,0
5170,Pass,0,0,0,23.025850929940454,0
5171,Pass,0,0,0,23.025850929940454,0
5172,Pass,0,0,0,23.025850929940454,0
5173,Pass,0,0,0,23.025850929940454,0
5174,Pass,0,0,0,23.025850929940454,0
5175,Pass,0,0,0,23.025850929940454,0
5176,Pass,0,0,0,23.025850929940454,0
5177,Pass,0,0,0,23.025850929940454,0
5178,Pass,0,0,0,23.025850929940454,0
5179,Pass,0,0,0,23.025850929940454,0
5180,Pass,0,0,0,23.025850929940454,0
5181,Pass,0,0,0,23.025850929940454,0
5182,Pass,0,0,0,23.025850929940454,0
5183,Pass,0,0,0,23.025850929940454,0
5184,Pass,0,0,0,23.025850929940454,0
5185,Pass,0,0,0,23.025850929940454,0
5186,Pass,0,0,0,23.025850929940454,0
5187,Pass,0,0,0,23.025850929940454,0
5188,Pass,0,0,0,23.025850929940454,0
5189,Pass,0,0,0,23.025850929940454,0
5190,Pass,0,0,0,23.025850929940454,0
5191,Pass,0,0,0,23.025850929940454,0
5192,Pass,0,0,0,23.025850929940454,0
5193,Pass,0,0,0,23.025850929940454,0
5194,Pass,0,0,0,23.025850929940454,0
5195,Pass,0,0,0,23.025850929940454,0
5196,Pass,0,0,0,23.025850929940454,0
5197,Pass,0,0,0,23.025850929940454,0
5198,Pass,0,0,0,23.025850929940454,0
5199,Pass,0,0,0,23.025850929940454,0
5200,Pass,0,0,0,23.025850929940454,0
5201,Pass,0,0,0,23.025850929940454,0
5202,Pass,0,0,0,23.025850929940454,0
5203,Pass,0,0,0,23.025850929940454,0
5204,Pass,0,0,0,23.025850929940454,0
5205,Pass,0,0,0,23.025850929940454,0
5206,Pass,0,0,0,23.025850929940454,0
5207,Pass,0,0,0,23.025850929940454,0
5208,Pass,0,0,0,23.025850929940454,0
5209,Pass,0,0,0,23.025850929940454,0
5210,Pass,0,0,0,23.025850929940454,0
5211,Pass,0,0,0,23.025850929940454,0
5212,Pass,0,0,0,23.025850929940454,0
5213,Pass,0,0,0,23.025850929940454,0
5214,Pass,0,0,0,23.025850929940454,0
5215,Pass,0,0,0,23.025850929940454,0
5216,Pass,0,0,0,23.025850929940454,0
5217,Pass,0,0,0,23.025850929940454,0
5218,Pass,0,0,0,23.025850929940454,0
5219,Pass,0,0,0,23.025850929940454,0
5220,Pass,0,0,0,23.025850929940454,0
5221,Pass,0,0,0,23.025850929940454,0
5222,Pass,0,0,0,23.025850929940454,0
5223,Pass,0,0,0,23.025850929940454,0
5224,Pass,0,0,0,23.025850929940454,0
5225,Pass,0,0,0,23.025850929940454,0
5226,Pass,0,0,0,23.025850929940454,0
5227,Pass,0,0,0,23.025850929940454,0
5228,Pass,0,0,0,23.025850929940454,0
5229,Pass,0,0,0,23.025850929940454,0
5230,Pass,0,0,0,23.025850929940454,0
5231,Pass,0,0,0,23.025850929940454,0
5232,Pass,0,0,0,23.025850929940454,0
5233,Pass,0,0,0,23.025850929940454,0
5234,Pass,0,0,0,23.025850929940454,0
5235,Pass,0,0,0,23.025850929940454,0
5236,Pass,0,0,0,23.025850929940454,0
5237,Pass,0,0,0,23.025850929940454,0
5238,Pass,0,0,0,23.025850929940454,0
5239,Pass,0,0,0,23.025850929940454,0
5240,Pass,0,0,0,23.025850929940454,0
5241,Pass,0,0,0,23.025850929940454,0
5242,Pass,0,0,0,23.025850929940454,0
5243,Pass,0,0,0,23.025850929940454,0
5244,Pass,0,0,0,23.025850929940454,0
5245,Pass,0,0,0,23.025850929940454,0
5246,Pass,0,0,0,23.025850929940454,0
5247,Pass,0,0,0,23.025850929940454,0
5248,Pass,0,0,0,23.025850929940454,0
5249,Pass,0,0,0,23.025850929940454,0
5250,Pass,0,0,0,23.025850929940454,0
5251,Pass,0,0,0,23.025850929940454,0
5252,Pass,0,0,0,23.025850929940454,0
5253,Pass,0,0,0,23.025850929940454,0
5254,Pass,0,0,0,23.025850929940454,0
5255,Pass,0,0,0,23.025850929940454,0
5256,Pass,0,0,0,23.025850929940454,0
5257,Pass,0,0,0,23.025850929940454,0
5258,Pass,0,0,0,23.025850929940454,0
5259,Pass,0,0,0,23.025850929940454,0
5260,Pass,0,0,0,23.025850929940454,0
5261,Pass,0,0,0,23.025850929940454,0
5262,Pass,0,0,0,23.025850929940454,0
5263,Pass,0,0,0,23.025850929940454,0
5264,Pass,0,0,0,23.025850929940454,0
5265,Pass,0,0,0,23.025850929940454,0
5266,Pass,0,0,0,23.025850929940454,0
5267,Pass,0,0,0,23.025850929940454,0
5268,Pass,0,0,0,23.025850929940454,0
5269,Pass,0,0,0,23.025850929940454,0
5270,Pass,0,0,0,23.025850929940454,0
5271,Pass,0,0,0,23.025850929940454,0
5272,Pass,0,0,0,23.025850929940454,0
5273,Pass,0,0,0,23.025850929940454,0
5274,Pass,0,0,0,23.025850929940454,0
5275,Pass,0,0,0,23.025850929940454,0
5276,Pass,0,0,0,23.025850929940454,0
5277,Pass,0,0,0,23.025850929940454,0
5278,Pass,0,0,0,23.025850929940454,0
5279,Pass,0,0,0,23.025850929940454,0
5280,Pass,0,0,0,23.025850929940454,0
5281,Pass,0,0,0,23.025850929940454,0
5282,Pass,0,0,0,23.025850929940454,0
5283,Pass,0,0,0,23.025850929940454,0
5284,Pass,0,0,0,23.025850929940454,0
5285,Pass,0,0,0,23.025850929940454,0
5286,Pass,0,0,0,23.025850929940454,0
5287,Pass,0,0,0,23.025850929940454,0
5288,Pass,0,0,0,23.025850929940454,0
5289,Pass,0,0,0,23.025850929940454,0
5290,Pass,0,0,0,23.025850929940454,0
5291,Pass,0,0,0,23.025850929940454,0
5292,Pass,0,0,0,23.025850929940454,0
5293,Pass,0,0,0,23.025850929940454,0
5294,Pass,0,0,0,23.025850929940454,0
5295,Pass,0,0,0,23.025850929940454,0
5296,Pass,0,0,0,23.025850929940454,0
5297,Pass,0,0,0,23.025850929940454,0
5298,Pass,0,0,0,23.025850929940454,0
5299,Pass,0,0,0,23.025850929940454,0
5300,Pass,0,0,0,23.025850929940454,0
5301,Pass,0,0,0,23.025850929940454,0
5302,Pass,0,0,0,23.025850929940454,0
5303,Pass,0,0,0,23.025850929940454,0
5304,Pass,0,0,0,23.025850929940454,0
5305,Pass,0,0,0,23.025850929940454,0
5306,Pass,0,0,0,23.025850929940454,0
5307,Pass,0,0,0,23.025850929940454,0
5308,Pass,0,0,0,23.025850929940454,0
5309,Pass,0,0,0,23.025850929940454,0
5310,Pass,0,0,0,23.025850929940454,0
5311,Pass,0,0,0,23.025850929940454,0
5312,Pass,0,0,0,23.025850929940454,0
5313,Pass,0,0,0,23.025850929940454,0
5314,Pass,0,0,0,23.025850929940454,0
5315,Pass,0,0,0,23.025850929940454,0
5316,Pass,0,0,0,23.025850929940454,0
5317,Pass,0,0,0,23.025850929940454,0
5318,Pass,0,0,0,23.025850929940454,0
5319,Pass,0,0,0,23.025850929940454,0
5320,Pass,0,0,0,23.025850929940454,0
5321,Pass,0,0,0,23.025850929940454,0
5322,Pass,0,0,0,23.025850929940454,0
5323,Pass,0,0,0,23.025850929940454,0
5324,Pass,0,0,0,23.025850929940454,0
5325,Pass,0,0,0,23.025850929940454,0
5326,Pass,0,0,0,23.025850929940454,0
5327,Pass,0,0,0,23.025850929940454,0
5328,Pass,0,0,0,23.025850929940454,0
5329,Pass,0,0,0,23.025850929940454,0
5330,Pass,0,0,0,23.025850929940454,0
5331,Pass,0,0,0,23.025850929940454,0
5332,Pass,0,0,0,23.025850929940454,0
5333,Pass,0,0,0,23.025850929940454,0
5334,Pass,0,0,0,23.025850929940454,0
5335,Pass,0,0,0,23.025850929940454,0
5336,Pass,0,0,0,23.025850929940454,0
5337,Pass,0,0,0,23.025850929940454,0
5338,Pass,0,0,0,23.025850929940454,0
5339,Pass,0,0,0,23.025850929940454,0
5340,Pass,0,0,0,23.025850929940454,0
5341,Pass,0,0,0,23.025850929940454,0
5342,Pass,0,0,0,23.025850929940454,0
5343,Pass,0,0,0,23.025850929940454,0
5344,Pass,0,0,0,23.025850929940454,0
5345,Pass,0,0,0,23.025850929940454,0
5346,Pass,0,0,0,23.025850929940454,0
5347,Pass,0,0,0,23.025850929940454,0
5348,Pass,0,0,0,23.025850929940454,0
5349,Pass,0,0,0,23.025850929940454,0
5350,Pass,0,0,0,23.025850929940454,0
5351,Pass,0,0,0,23.025850929940454,0
5352,Pass,0,0,0,23.025850929940454,0
5353,Pass,0,0,0,23.025850929940454,0
5354,Pass,0,0,0,23.025850929940454,0
5355,Pass,0,0,0,23.025850929940454,0
5356,Pass,0,0,0,23.025850929940454,0
5357,Pass,0,0,0,23.025850929940454,0
5358,Pass,0,0,0,23.025850929940454,0
5359,Pass,0,0,0,23.025850929940454,0
5360,Pass,0,0,0,23.025850929940454,0
5361,Pass,0,0,0,23.025850929940454,0
5362,Pass,0,0,0,23.025850929940454,0
5363,Pass,0,0,0,23.025850929940454,0
5364,Pass,0,0,0,23.025850929940454,0
5365,Pass,0,0,0,23.025850929940454,0
5366,Pass,0,0,0,23.025850929940454,0
5367,Pass,0,0,0,23.025850929940454,0
5368,Pass,0,0,0,23.025850929940454,0
5369,Pass,0,0,0,23.025850929940454,0
5370,Pass,0,0,0,23.025850929940454,0
5371,Pass,0,0,0,23.025850929940454,0
5372,Pass,0,0,0,23.025850929940454,0
5373,Pass,0,0,0,23.025850929940454,0
5374,Pass,0,0,0,23.025850929940454,0
5375,Pass,0,0,0,23.025850929940454,0
5376,Pass,0,0,0,23.025850929940454,0
5377,Pass,0,0,0,23.025850929940454,0
5378,Pass,0,0,0,23.025850929940454,0
5379,Pass,0,0,0,23.025850929940454,0
5380,Pass,0,0,0,23.025850929940454,0
5381,Pass,0,0,0,23.025850929940454,0
5382,Pass,0,0,0,23.025850929940454,0
5383,Pass,0,0,0,23.025850929940454,0
5384,Pass,0,0,0,23.025850929940454,0
5385,Pass,0,0,0,23.025850929940454,0
5386,Pass,0,0,0,23.025850929940454,0
5387,Pass,0,0,0,23.025850929940454,0
5388,Pass,0,0,0,23.025850929940454,0
5389,Pass,0,0,0,23.025850929940454,0
5390,Pass,0,0,0,23.025850929940454,0
5391,Pass,0,0,0,23.025850929940454,0
5392,Pass,0,0,0,23.025850929940454,0
5393,Pass,0,0,0,23.025850929940454,0
5394,Pass,0,0,0,23.025850929940454,0
5395,Pass,0,0,0,23.025850929940454,0
5396,Pass,0,0,0,23.025850929940454,0
5397,Pass,0,0,0,23.025850929940454,0
5398,Pass,0,0,0,23.025850929940454,0
5399,Pass,0,0,0,23.025850929940454,0
5400,Pass,0,0,0,23.025850929940454,0
5401,Pass,0,0,0,23.025850929940454,0
5402,Pass,0,0,0,23.025850929940454,0
5403,Pass,0,0,0,23.025850929940454,0
5404,Pass,0,0,0,23.025850929940454,0
5405,Pass,0,0,0,23.025850929940454,0
5406,Pass,0,0,0,23.025850929940454,0
5407,Pass,0,0,0,23.025850929940454,0
5408,Pass,0,0,0,23.025850929940454,0
5409,Pass,0,0,0,23.025850929940454,0
5410,Pass,0,0,0,23.025850929940454,0
5411,Pass,0,0,0,23.025850929940454,0
5412,Pass,0,0,0,23.025850929940454,0
5413,Pass,0,0,0,23.025850929940454,0
5414,Pass,0,0,0,23.025850929940454,0
5415,Pass,0,0,0,23.025850929940454,0
5416,Pass,0,0,0,23.025850929940454,0
5417,Pass,0,0,0,23.025850929940454,0
5418,Pass,0,0,0,23.025850929940454,0
5419,Pass,0,0,0,23.025850929940454,0
5420,Pass,0,0,0,23.025850929940454,0
5421,Pass,0,0,0,23.025850929940454,0
5422,Pass,0,0,0,23.025850929940454,0
5423,Pass,0,0,0,23.025850929940454,0
5424,Pass,0,0,0,23.025850929940454,0
5425,Pass,0,0,0,23.025850929940454,0
5426,Pass,0,0,0,23.025850929940454,0
5427,Pass,0,0,0,23.025850929940454,0
5428,Pass,0,0,0,23.025850929940454,0
5429,Pass,0,0,0,23.025850929940454,0
5430,Pass,0,0,0,23.025850929940454,0
5431,Pass,0,0,0,23.025850929940454,0
5432,Pass,0,0,0,23.025850929940454,0
5433,Pass,0,0,0,23.025850929940454,0
5434,Pass,0,0,0,23.025850929940454,0
5435,Pass,0,0,0,23.025850929940454,0
5436,Pass,0,0,0,23.025850929940454,0
5437,Pass,0,0,0,23.025850929940454,0
5438,Pass,0,0,0,23.025850929940454,0
5439,Pass,0,0,0,23.025850929940454,0
5440,Pass,0,0,0,23.025850929940454,0
5441,Pass,0,0,0,23.025850929940454,0
5442,Pass,0,0,0,23.025850929940454,0
5443,Pass,0,0,0,23.025850929940454,0
5444,Pass,0,0,0,23.025850929940454,0
5445,Pass,0,0,0,23.025850929940454,0
5446,Pass,0,0,0,23.025850929940454,0
5447,Pass,0,0,0,23.025850929940454,0
5448,Pass,0,0,0,23.025850929940454,0
5449,Pass,0,0,0,23.025850929940454,0
5450,Pass,0,0,0,23.025850929940454,0
5451,Pass,0,0,0,23.025850929940454,0
5452,Pass,0,0,0,23.025850929940454,0
5453,Pass,0,0,0,23.025850929940454,0
5454,Pass,0,0,0,23.025850929940454,0
5455,Pass,0,0,0,23.025850929940454,0
5456,Pass,0,0,0,23.025850929940454,0
5457,Pass,0,0,0,23.025850929940454,0
5458,Pass,0,0,0,23.025850929940454,0
5459,Pass,0,0,0,23.025850929940454,0
5460,Pass,0,0,0,23.025850929940454,0
5461,Pass,0,0,0,23.025850929940454,0
5462,Pass,0,0,0,23.025850929940454,0
5463,Pass,0,0,0,23.025850929940454,0
5464,Pass,0,0,0,23.025850929940454,0
5465,Pass,0,0,0,23.025850929940454,0
5466,Pass,0,0,0,23.025850929940454,0
5467,Pass,0,0,0,23.025850929940454,0
5468,Pass,0,0,0,23.025850929940454,0
5469,Pass,0,0,0,23.025850929940454,0
5470,Pass,0,0,0,23.025850929940454,0
5471,Pass,0,0,0,23.025850929940454,0
5472,Pass,0,0,0,23.025850929940454,0
5473,Pass,0,0,0,23.025850929940454,0
5474,Pass,0,0,0,23.025850929940454,0
5475,Pass,0,0,0,23.025850929940454,0
5476,Pass,0,0,0,23.025850929940454,0
5477,Pass,0,0,0,23.025850929940454,0
5478,Pass,0,0,0,23.025850929940454,0
5479,Pass,0,0,0,23.025850929940454,0
5480,Pass,0,0,0,23.025850929940454,0
5481,Pass,0,0,0,23.025850929940454,0
5482,Pass,0,0,0,23.025850929940454,0
5483,Pass,0,0,0,23.025850929940454,0
5484,Pass,0,0,0,23.025850929940454,0
5485,Pass,0,0,0,23.025850929940454,0
5486,Pass,0,0,0,23.025850929940454,0
5487,Pass,0,0,0,23.025850929940454,0
5488,Pass,0,0,0,23.025850929940454,0
5489,Pass,0,0,0,23.025850929940454,0
5490,Pass,0,0,0,23.025850929940454,0
5491,Pass,0,0,0,23.025850929940454,0
5492,Pass,0,0,0,23.025850929940454,0
5493,Pass,0,0,0,23.025850929940454,0
5494,Pass,0,0,0,23.025850929940454,0
5495,Pass,0,0,0,23.025850929940454,0
5496,Pass,0,0,0,23.025850929940454,0
5497,Pass,0,0,0,23.025850929940454,0
5498,Pass,0,0,0,23.025850929940454,0
5499,Pass,0,0,0,23.025850929940454,0
5500,Pass,0,0,0,23.025850929940454,0
5501,Pass,0,0,0,23.025850929940454,0
5502,Pass,0,0,0,23.025850929940454,0
5503,Pass,0,0,0,23.025850929940454,0
5504,Pass,0,0,0,23.025850929940454,0
5505,Pass,0,0,0,23.025850929940454,0
5506,Pass,0,0,0,23.025850929940454,0
5507,Pass,0,0,0,23.025850929940454,0
5508,Pass,0,0,0,23.025850929940454,0
5509,Pass,0,0,0,23.025850929940454,0
5510,Pass,0,0,0,23.025850929940454,0
5511,Pass,0,0,0,23.025850929940454,0
5512,Pass,0,0,0,23.025850929940454,0
5513,Pass,0,0,0,23.025850929940454,0
5514,Pass,0,0,0,23.025850929940454,0
5515,Pass,0,0,0,23.025850929940454,0
5516,Pass,0,0,0,23.025850929940454,0
5517,Pass,0,0,0,23.025850929940454,0
5518,Pass,0,0,0,23.025850929940454,0
5519,Pass,0,0,0,23.025850929940454,0
5520,Pass,0,0,0,23.025850929940454,0
5521,Pass,0,0,0,23.025850929940454,0
5522,Pass,0,0,0,23.025850929940454,0
5523,Pass,0,0,0,23.025850929940454,0
5524,Pass,0,0,0,23.025850929940454,0
5525,Pass,0,0,0,23.025850929940454,0
5526,Pass,0,0,0,23.025850929940454,0
5527,Pass,0,0,0,23.025850929940454,0
5528,Pass,0,0,0,23.025850929940454,0
5529,Pass,0,0,0,23.025850929940454,0
5530,Pass,0,0,0,23.025850929940454,0
5531,Pass,0,0,0,23.025850929940454,0
5532,Pass,0,0,0,23.025850929940454,0
5533,Pass,0,0,0,23.025850929940454,0
5534,Pass,0,0,0,23.025850929940454,0
5535,Pass,0,0,0,23.025850929940454,0
5536,Pass,0,0,0,23.025850929940454,0
5537,Pass,0,0,0,23.025850929940454,0
5538,Pass,0,0,0,23.025850929940454,0
5539,Pass,0,0,0,23.025850929940454,0
5540,Pass,0,0,0,23.025850929940454,0
5541,Pass,0,0,0,23.025850929940454,0
5542,Pass,0,0,0,23.025850929940454,0
5543,Pass,0,0,0,23.025850929940454,0
5544,Pass,0,0,0,23.025850929940454,0
5545,Pass,0,0,0,23.025850929940454,0
5546,Pass,0,0,0,23.025850929940454,0
5547,Pass,0,0,0,23.025850929940454,0
5548,Pass,0,0,0,23.025850929940454,0
5549,Pass,0,0,0,23.025850929940454,0
5550,Pass,0,0,0,23.025850929940454,0
5551,Pass,0,0,0,23.025850929940454,0
5552,Pass,0,0,0,23.025850929940454,0
5553,Pass,0,0,0,23.025850929940454,0
5554,Pass,0,0,0,23.025850929940454,0
5555,Pass,0,0,0,23.025850929940454,0
5556,Pass,0,0,0,23.025850929940454,0
5557,Pass,0,0,0,23.025850929940454,0
5558,Pass,0,0,0,23.025850929940454,0
5559,Pass,0,0,0,23.025850929940454,0
5560,Pass,0,0,0,23.025850929940454,0
5561,Pass,0,0,0,23.025850929940454,0
5562,Pass,0,0,0,23.025850929940454,0
5563,Pass,0,0,0,23.025850929940454,0
5564,Pass,0,0,0,23.025850929940454,0
5565,Pass,0,0,0,23.025850929940454,0
5566,Pass,0,0,0,23.025850929940454,0
5567,Pass,0,0,0,23.025850929940454,0
5568,Pass,0,0,0,23.025850929940454,0
5569,Pass,0,0,0,23.025850929940454,0
5570,Pass,0,0,0,23.025850929940454,0
5571,Pass,0,0,0,23.025850929940454,0
5572,Pass,0,0,0,23.025850929940454,0
5573,Pass,0,0,0,23.025850929940454,0
5574,Pass,0,0,0,23.025850929940454,0
5575,Pass,0,0,0,23.025850929940454,0
5576,Pass,0,0,0,23.025850929940454,0
5577,Pass,0,0,0,23.025850929940454,0
5578,Pass,0,0,0,23.025850929940454,0
5579,Pass,0,0,0,23.025850929940454,0
5580,Pass,0,0,0,23.025850929940454,0
5581,Pass,0,0,0,23.025850929940454,0
5582,Pass,0,0,0,23.025850929940454,0
5583,Pass,0,0,0,23.025850929940454,0
5584,Pass,0,0,0,23.025850929940454,0
5585,Pass,0,0,0,23.025850929940454,0
5586,Pass,0,0,0,23.025850929940454,0
5587,Pass,0,0,0,23.025850929940454,0
5588,Pass,0,0,0,23.025850929940454,0
5589,Pass,0,0,0,23.025850929940454,0
5590,Pass,0,0,0,23.025850929940454,0
5591,Pass,0,0,0,23.025850929940454,0
5592,Pass,0,0,0,23.025850929940454,0
5593,Pass,0,0,0,23.025850929940454,0
5594,Pass,0,0,0,23.025850929940454,0
5595,Pass,0,0,0,23.025850929940454,0
5596,Pass,0,0,0,23.025850929940454,0
5597,Pass,0,0,0,23.025850929940454,0
5598,Pass,0,0,0,23.025850929940454,0
5599,Pass,0,0,0,23.025850929940454,0
5600,Pass,0,0,0,23.025850929940454,0
5601,Pass,0,0,0,23.025850929940454,0
5602,Pass,0,0,0,23.025850929940454,0
5603,Pass,0,0,0,23.025850929940454,0
5604,Pass,0,0,0,23.025850929940454,0
5605,Pass,0,0,0,23.025850929940454,0
5606,Pass,0,0,0,23.025850929940454,0
5607,Pass,0,0,0,23.025850929940454,0
5608,Pass,0,0,0,23.025850929940454,0
5609,Pass,0,0,0,23.025850929940454,0
5610,Pass,0,0,0,23.025850929940454,0
5611,Pass,0,0,0,23.025850929940454,0
5612,Pass,0,0,0,23.025850929940454,0
5613,Pass,0,0,0,23.025850929940454,0
