ID,Outcome,SUT,Confidence,dsa,lsa,conf*(1-norm_dsa)
0,Pass,0,0.9999566,0.07663313,0,0.9817021
1,Pass,0,0.9415011,0.13672839,0,0.90834
2,Pass,0,0.9984124,0.025319483,0,0.99465007
3,Pass,0,0.9997981,0.25418866,0,0.93142873
4,Pass,0,0.9997551,0.30439714,0,0.9172171
5,Pass,0,0.9995165,0.025448265,0,0.9957137
6,Pass,0,0.9988067,0.42624712,0,0.88198704
7,Pass,0,0.85007405,0.44518372,0,0.7461053
8,Pass,0,0.9954526,0.46107203,0,0.869238
9,Pass,0,0.96806484,0.29544678,0,0.8905893
10,Pass,0,0.99990475,0.14768119,0,0.96159464
11,Pass,0,0.9991566,0.21388511,0,0.94220006
12,Pass,0,0.9855151,0.35296693,0,0.890639
13,Pass,0,0.9998709,0.10233493,0,0.9743627
14,Pass,0,0.99984515,0.100393444,0,0.97488564
15,Pass,0,0.99720544,0.35301727,0,0.9011897
16,Pass,0,0.9832961,0.43660682,0,0.8654146
17,Pass,0,0.9999734,0.14543504,0,0.9622948
18,Pass,0,0.93493706,1.0313892,0,0.6658578
19,Pass,0,0.9996124,0.15087487,0,0.9604122
20,Pass,0,0.95417345,0.40924686,0,0.8471536
21,Pass,0,0.9746302,0.27715158,0,0.90166336
22,Pass,0,0.9988244,0.17939885,0,0.9516116
23,Pass,0,0.99982315,0.23826364,0,0.93594724
24,Pass,0,0.99460536,0.3452309,0,0.90102637
25,Pass,0,0.9993747,0.2564019,0,0.9304097
26,Pass,0,0.99954563,0.19592574,0,0.94763494
27,Pass,0,0.999783,0.2642072,0,0.9285867
28,Pass,0,0.9998921,0.2573934,0,0.93061155
29,Pass,0,0.998254,0.09774791,0,0.9740798
30,Pass,0,0.9995528,0.19733365,0,0.9472444
31,Pass,0,0.9901758,0.06851276,0,0.9743699
32,Pass,0,0.9997887,0.2028179,0,0.94592
33,Pass,0,0.78060454,0.48952907,0,0.6753594
34,Pass,0,0.99980885,0.13181908,0,0.9659798
35,Pass,0,0.92456,0.55857414,0,0.78188354
36,Pass,0,0.9978794,0.60573393,0,0.8306024
37,Pass,0,0.99877197,0.059624165,0,0.98533523
38,Pass,0,0.93507797,0.5005943,0,0.80608475
39,Pass,0,0.99960965,0.20045221,0,0.94641817
40,Pass,0,0.9805016,0.1265498,0,0.9487844
41,Pass,0,0.9973611,0.58461237,0,0.8361184
42,Pass,0,0.99953747,0.2572815,0,0.93031305
43,Pass,0,0.97763044,0.7689261,0,0.7687056
44,Pass,0,0.96111226,0.331103,0,0.87451804
45,Pass,0,0.9991003,0.26989374,0,0.9263487
46,Pass,0,0.9846598,0.22860986,0,0.9244363
47,Pass,0,0.99113864,0.40998596,0,0.87976605
48,Pass,0,0.9991202,0.41952035,0,0.88416123
49,Pass,0,0.999156,0.3643897,0,0.8997445
50,Pass,0,0.9997553,0.14747152,0,0.9615101
51,Pass,0,0.99986994,0.22834907,0,0.9387897
52,Pass,0,0.9998783,0.21573667,0,0.9423579
53,Pass,0,0.99575585,0.30644605,0,0.91297203
54,Pass,0,0.9998454,0.12531714,0,0.96785045
55,Pass,0,0.97111446,0.11490241,0,0.9428943
56,Pass,0,0.99999535,0.21137695,0,0.94369906
57,Pass,0,0.9943838,0.10175792,0,0.96917754
58,Pass,0,0.9935109,0.2887771,0,0.91586965
59,Pass,0,0.9917503,0.22797745,0,0.9312702
60,Pass,0,0.99723333,0.40624815,0,0.8862282
61,Pass,0,0.99902594,0.53680575,0,0.85099775
62,Pass,0,0.6681592,0.6420307,0,0.5493071
63,Pass,0,0.9856457,0.7160209,0,0.78972995
64,Pass,0,0.9992594,0.25825423,0,0.9297799
65,Pass,0,0.89354867,1.1215591,0,0.6136341
66,Pass,0,0.9950081,0.3064515,0,0.9122849
67,Pass,0,0.9998128,0.30606318,0,0.9167997
68,Pass,0,0.99985886,0.16121474,0,0.95773023
69,Pass,0,0.9819577,0.18116775,0,0.93505174
70,Pass,0,0.9999218,0.40030864,0,0.89029413
71,Pass,0,0.9999875,0.08349232,0,0.97979593
72,Pass,0,0.9498768,0.3385659,0,0.86229354
73,Pass,0,0.48267642,0.68831575,0,0.3905107
74,Pass,0,0.9995421,0.07895844,0,0.980639
75,Pass,0,0.99695134,0.38535765,0,0.8918575
76,Pass,0,0.9955258,0.27084175,0,0.922768
77,Pass,0,0.96520895,0.39139703,0,0.8618155
78,Pass,0,0.79518074,0.489027,0,0.68808305
79,Pass,0,0.99996936,0.25363603,0,0.9317442
80,Pass,0,0.91794646,0.52065843,0,0.7861168
81,Pass,0,0.9995498,0.25932503,0,0.9297479
82,Pass,0,0.99997973,0.1336571,0,0.965626
83,Pass,0,0.99929106,0.17433189,0,0.95348567
84,Pass,0,0.990622,0.3831456,0,0.886814
85,Pass,0,0.99995947,0.16421954,0,0.95697826
86,Pass,0,0.99994934,0.14386381,0,0.9627152
87,Pass,0,0.97445655,0.37931398,0,0.87339664
88,Pass,0,0.9998826,0.14748499,0,0.9616287
89,Pass,0,0.9998006,0.084399834,0,0.9793567
90,Pass,0,0.99787676,0.23972419,0,0.9337137
91,Pass,0,0.9999193,0.18713059,0,0.95047206
92,Pass,0,0.6862553,0.47647628,0,0.59625965
93,Pass,0,0.99833786,0.3692358,0,0.89764184
94,Pass,0,0.9961754,0.063159674,0,0.9817793
95,Pass,0,0.99477744,0.62895954,0,0.82149756
96,Pass,0,0.892761,0.23533572,0,0.8364629
97,Pass,0,0.99887186,0.46826681,0,0.8701948
98,Pass,0,0.9759202,0.23836835,0,0.9135425
99,Pass,0,0.9970765,0.2542872,0,0.92886543
100,Pass,0,0.99956125,0.1434253,0,0.9624653
101,Pass,0,0.9997017,0.1634307,0,0.95695424
102,Pass,0,0.99978215,0.234655,0,0.9369274
103,Pass,0,0.9999819,0.2774109,0,0.9250439
104,Pass,0,0.7710725,0.76198894,0,0.60780036
105,Pass,0,0.99510056,0.29635268,0,0.91520685
106,Pass,0,0.99402606,0.37075803,0,0.8933377
107,Pass,0,0.9935563,0.13355772,0,0.95945114
108,Pass,0,0.99118865,0.26607782,0,0.92008096
109,Pass,0,0.99955195,0.2805274,0,0.9237667
110,Pass,0,0.9984542,0.3508341,0,0.90293366
111,Pass,0,0.82086307,0.4508785,0,0.7191472
112,Pass,0,0.98957205,0.29600602,0,0.910219
113,Pass,0,0.99336714,0.15988563,0,0.95188475
114,Pass,0,0.99605596,0.41680586,0,0.882213
115,Pass,0,0.84226745,0.7208953,0,0.67369175
116,Pass,0,0.9799571,0.36393264,0,0.8825822
117,Pass,0,0.9999938,0.31600842,0,0.914158
118,Pass,0,0.8914464,0.37028155,0,0.80126864
119,Pass,0,0.47507837,0.5740717,0,0.39968652
120,Pass,0,0.9992292,0.25833976,0,0.9297276
121,Pass,0,0.9471119,0.6397273,0,0.7792556
122,Pass,0,0.9975017,0.36103338,0,0.89919996
123,Pass,0,0.9998659,0.16806826,0,0.9558023
124,Pass,0,0.98685676,0.5505009,0,0.83681613
125,Pass,0,0.88983095,0.42470092,0,0.7861454
126,Pass,0,0.9930214,0.31199992,0,0.90890783
127,Pass,0,0.99979705,0.15783612,0,0.95862466
128,Pass,0,0.9997758,0.2757346,0,0.92532635
129,Pass,0,0.9999044,0.09466694,0,0.97656
130,Pass,0,0.9999746,0.16131124,0,0.95781386
131,Pass,0,0.9999919,0.19422866,0,0.9485372
132,Pass,0,0.9997259,0.26925573,0,0.92710876
133,Pass,0,0.9992113,0.75186867,0,0.79048645
134,Pass,0,0.9995177,0.24636836,0,0.93337417
135,Pass,0,0.9998461,0.07998461,0,0.9806476
136,Pass,0,0.9940169,0.14360616,0,0.95707595
137,Pass,0,0.9998078,0.038940437,0,0.9921955
138,Pass,0,0.9999852,0.14707333,0,0.9618436
139,Pass,0,0.9920385,0.40691462,0,0.8814249
140,Pass,0,0.99654007,0.14642055,0,0.95871353
141,Pass,0,0.9995994,0.17238522,0,0.95432925
142,Pass,0,0.9940183,0.2807157,0,0.9185997
143,Pass,0,0.9992029,0.05095566,0,0.98820573
144,Pass,0,0.99452126,0.24047014,0,0.93036455
145,Pass,0,0.9956463,0.11528422,0,0.9666059
146,Pass,0,0.9999281,0.14002556,0,0.9637783
147,Pass,0,0.9969093,0.18384564,0,0.9485355
148,Pass,0,0.99916065,0.07977702,0,0.9800339
149,Pass,0,0.38717973,0.9568714,0,0.28389314
150,Pass,0,0.9963516,0.3673745,0,0.89637953
151,Pass,0,0.50079286,0.88407314,0,0.37749067
152,Pass,0,0.99993455,0.21316487,0,0.94313693
153,Pass,0,0.9930865,0.3553774,0,0.89680564
154,Pass,0,0.99283266,0.102560036,0,0.9674409
155,Pass,0,0.9999039,0.22448726,0,0.93991184
156,Pass,0,0.99188644,0.2076766,0,0.9370829
157,Pass,0,0.99904937,0.20876065,0,0.94354427
158,Pass,0,0.98603696,0.4708152,0,0.8583039
159,Pass,0,0.96645343,0.44395068,0,0.84858733
160,Pass,0,0.96959317,0.5642938,0,0.81840163
161,Pass,0,0.9999145,0.20301771,0,0.9459826
162,Pass,0,0.99999416,0.14299124,0,0.9630047
163,Pass,0,0.99995804,0.25792167,0,0.9305238
164,Pass,0,0.99623775,0.3788728,0,0.89304304
165,Pass,0,0.99982375,0.17601329,0,0.95351934
166,Pass,0,0.99522036,0.5664813,0,0.8394181
167,Pass,0,0.87744236,0.41445786,0,0.7777378
168,Pass,0,0.99982697,0.06887809,0,0.98376393
169,Pass,0,0.99898094,0.21884638,0,0.94063514
170,Pass,0,0.9962304,0.39613476,0,0.8881814
171,Pass,0,0.9987074,0.1562202,0,0.9580355
172,Pass,0,0.87591213,0.26133227,0,0.81424785
173,Pass,0,0.9947023,0.3617099,0,0.89648646
174,Pass,0,0.9898717,0.3547725,0,0.8940715
175,Pass,0,0.7710835,0.82297003,0,0.5945338
176,Pass,0,0.9946391,0.06337614,0,0.98020434
177,Pass,0,0.9960847,0.39775658,0,0.88759536
178,Pass,0,0.99972004,0.03356827,0,0.9936247
179,Pass,0,0.9990872,0.3633709,0,0.8999699
180,Pass,0,0.9970651,0.055294424,0,0.98487014
181,Pass,0,0.99900764,0.24726045,0,0.93264633
182,Pass,0,0.9954411,0.3617798,0,0.89713264
183,Pass,0,0.9998628,0.16014795,0,0.9580351
184,Pass,0,0.5053474,0.67443144,0,0.4108336
185,Pass,0,0.9143771,0.27267417,0,0.847077
186,Pass,0,0.99437684,0.19327462,0,0.9434788
187,Pass,0,0.99621296,0.25049013,0,0.9291289
188,Pass,0,0.9999589,0.18280885,0,0.9517297
189,Pass,0,0.9740605,0.10641796,0,0.94808793
190,Pass,0,0.9988832,0.095645726,0,0.9752866
191,Pass,0,0.9613926,0.04297611,0,0.9529774
192,Pass,0,0.99846137,0.14618976,0,0.96062696
193,Pass,0,0.7625702,0.44708258,0,0.6688949
194,Pass,0,0.9975668,0.29109275,0,0.91895646
195,Pass,0,0.6200108,0.977023,0,0.45108524
196,Pass,0,0.9997869,0.08835401,0,0.97822714
197,Pass,0,0.9999633,0.097852476,0,0.9757182
198,Pass,0,0.9970489,0.27955922,0,0.9217259
199,Pass,0,0.9894253,0.5465785,0,0.8400898
200,Pass,0,0.9983436,0.45933512,0,0.87225205
201,Pass,0,0.9999802,0.14348388,0,0.9628522
202,Pass,0,0.9989724,0.0646621,0,0.9841121
203,Pass,0,0.98897773,0.11654318,0,0.95978034
204,Pass,0,0.9990158,0.042725403,0,0.99034196
205,Pass,0,0.9979942,0.1742813,0,0.9522625
206,Pass,0,0.94005173,0.36672187,0,0.84590185
207,Pass,0,0.9982054,0.23589838,0,0.93509936
208,Pass,0,0.99998367,0.118701525,0,0.96985203
209,Pass,0,0.9121857,0.52338076,0,0.78048223
210,Pass,0,0.99931955,0.42957634,0,0.8815006
211,Pass,0,0.8711396,0.5007811,0,0.75092065
212,Pass,0,0.9943416,0.24798906,0,0.9280857
213,Pass,0,0.98593116,0.26589713,0,0.91525096
214,Pass,0,0.9868466,0.32733098,0,0.89898473
215,Pass,0,0.99644,0.4955359,0,0.86040497
216,Pass,0,0.99997985,0.118011706,0,0.97004306
217,Pass,0,0.9565652,0.36409402,0,0.8614711
218,Pass,0,0.9962871,0.34075114,0,0.90380996
219,Pass,0,0.998938,0.28075492,0,0.9231351
220,Pass,0,0.9982443,0.26137346,0,0.9279562
221,Pass,0,0.8809056,0.27492204,0,0.81551003
222,Pass,0,0.99493825,0.27696294,0,0.920504
223,Pass,0,0.9999726,0.046801656,0,0.9901397
224,Pass,0,0.9808069,0.09342918,0,0.95825106
225,Pass,0,0.94980353,0.40626216,0,0.8440742
226,Pass,0,0.99953604,0.1707626,0,0.9547267
227,Pass,0,0.94824576,0.44756126,0,0.8316336
228,Pass,0,0.9993631,0.10671018,0,0.9726335
229,Pass,0,0.99716574,0.15756327,0,0.95617855
230,Pass,0,0.9712464,0.2964003,0,0.89325476
231,Pass,0,0.98786956,0.13608061,0,0.95325595
232,Pass,0,0.97789145,0.60550517,0,0.81402826
233,Pass,0,0.57827044,0.70718163,0,0.4647713
234,Pass,0,0.994379,0.2443068,0,0.92915434
235,Pass,0,0.8583101,0.42105007,0,0.75918216
236,Pass,0,0.9378167,0.21030161,0,0.8853056
237,Pass,0,0.9763274,0.19060163,0,0.92709005
238,Pass,0,0.99995065,0.19917323,0,0.9471021
239,Pass,0,0.99912065,0.041045234,0,0.9909199
240,Pass,0,0.9990408,0.230427,0,0.9374252
241,Pass,0,0.7170615,1.3545583,0,0.44526464
242,Pass,0,0.9994272,0.50520897,0,0.860255
243,Pass,0,0.98370254,0.3537942,0,0.8887712
244,Pass,0,0.7340681,0.6687095,0,0.5979631
245,Pass,0,0.98963165,0.5719714,0,0.83317035
246,Pass,0,0.9986559,0.08850078,0,0.97707915
247,Pass,0,0.343572,1.1641911,0,0.23180883
248,Pass,0,0.99997663,0.28051734,0,0.92416203
249,Pass,0,0.8796559,0.2641197,0,0.8170358
250,Pass,0,0.9957354,0.32584924,0,0.90749866
251,Pass,0,0.9820472,0.20485622,0,0.92856926
252,Pass,0,0.98680615,0.2695675,0,0.9150406
253,Pass,0,0.9997907,0.16232614,0,0.95735127
254,Pass,0,0.9998292,0.1621491,0,0.95743805
255,Pass,0,0.98854196,0.34363136,0,0.8959799
256,Pass,0,0.94351417,0.27080062,0,0.87456864
257,Pass,0,0.5870547,0.7104422,0,0.47129107
258,Pass,0,0.9998491,0.1856666,0,0.95081854
259,Pass,0,0.5521811,0.35407582,0,0.49884945
260,Pass,0,0.99974996,0.16564395,0,0.9563758
261,Pass,0,0.9972682,0.32896844,0,0.9080174
262,Pass,0,0.9999583,0.107799895,0,0.97290504
263,Pass,0,0.99957293,0.2158173,0,0.94204736
264,Pass,0,0.48044163,1.0398209,0,0.34102464
265,Pass,0,0.9998288,0.09365587,0,0.9767716
266,Pass,0,0.9862185,0.63132215,0,0.81377167
267,Pass,0,0.9996666,0.052299563,0,0.988285
268,Pass,0,0.98763335,0.58476925,0,0.82791954
269,Pass,0,0.9985581,0.3321153,0,0.9083047
270,Pass,0,0.994585,0.35506588,0,0.89824635
271,Pass,0,0.9991866,0.3343707,0,0.90824014
272,Pass,0,0.99846566,0.07017889,0,0.98205775
273,Pass,0,0.9948879,0.24373814,0,0.92978954
274,Pass,0,0.8401432,0.5032166,0,0.72362417
275,Pass,0,0.99948645,0.1232898,0,0.9680751
276,Pass,0,0.99976176,0.066519715,0,0.9843654
277,Pass,0,0.99961406,0.44562203,0,0.8772321
278,Pass,0,0.99621093,0.3610651,0,0.8980275
279,Pass,0,0.99711823,0.047518037,0,0.98711175
280,Pass,0,0.9314884,0.3207486,0,0.85028625
281,Pass,0,0.9767621,0.27871153,0,0.9032055
282,Pass,0,0.6899255,0.6383153,0,0.56792533
283,Pass,0,0.99957937,0.28256992,0,0.92321557
284,Pass,0,0.9949108,0.45585445,0,0.8702305
285,Pass,0,0.99839205,0.35968506,0,0.9003826
286,Pass,0,0.9973552,0.15670805,0,0.956601
287,Pass,0,0.9979101,0.34608644,0,0.90377915
288,Pass,0,0.9986155,0.15465593,0,0.9583884
289,Pass,0,0.9749938,0.47749534,0,0.84685254
290,Pass,0,0.42533907,0.7542259,0,0.3362071
291,Pass,0,0.550393,0.27274314,0,0.5098722
292,Pass,0,0.9853572,0.3247048,0,0.8983585
293,Pass,0,0.9984492,0.27635083,0,0.9239248
294,Pass,0,0.9981962,0.19126134,0,0.94767004
295,Pass,0,0.9911896,0.3784887,0,0.88862526
296,Pass,0,0.99999774,0.11014721,0,0.97228074
297,Pass,0,0.97823673,0.2752574,0,0.905523
298,Pass,0,0.98381823,0.4460076,0,0.863263
299,Pass,0,0.9846725,0.43387467,0,0.8673855
300,Pass,0,0.94682753,0.40950394,0,0.84056294
301,Pass,0,0.99565023,0.2991427,0,0.91492814
302,Pass,0,0.9996269,0.044523552,0,0.9904403
303,Pass,0,0.89335835,0.6884923,0,0.72272956
304,Pass,0,0.98895514,0.3368968,0,0.89823467
305,Pass,0,0.96571547,0.25818384,0,0.89858747
306,Pass,0,0.9496101,0.3444019,0,0.8604868
307,Pass,0,0.867501,0.40650186,0,0.7708746
308,Pass,0,0.99986887,0.2612731,0,0.9294948
309,Pass,0,0.99820507,0.19352925,0,0.94703937
310,Pass,0,0.99709237,0.27085096,0,0.92421746
311,Pass,0,0.9999715,0.11276157,0,0.9715172
312,Pass,0,0.999471,0.20981109,0,0.94364613
313,Pass,0,0.8460658,0.64742345,0,0.6942796
314,Pass,0,0.99942124,0.17766516,0,0.9526694
315,Pass,0,0.98790586,0.32550818,0,0.90045804
316,Pass,0,0.9987398,0.2501924,0,0.9315695
317,Pass,0,0.991482,0.31478217,0,0.90672004
318,Pass,0,0.7594916,0.6204629,0,0.62901795
319,Pass,0,0.99693835,0.35387853,0,0.90070593
320,Pass,0,0.6331217,0.6387405,0,0.52109027
321,Pass,0,0.9147515,0.7396956,0,0.72681314
322,Pass,0,0.99232775,0.23730458,0,0.92919934
323,Pass,0,0.9995072,0.1871427,0,0.95007694
324,Pass,0,0.84138024,0.47521994,0,0.73134
325,Pass,0,0.98636276,0.4061312,0,0.8766002
326,Pass,0,0.5730456,0.6733001,0,0.46605346
327,Pass,0,0.9996897,0.27199516,0,0.9263021
328,Pass,0,0.9969284,0.471683,0,0.8675402
329,Pass,0,0.999691,0.08458798,0,0.9791962
330,Pass,0,0.9992231,0.11233703,0,0.97090983
331,Pass,0,0.9723838,0.14156279,0,0.93680775
332,Pass,0,0.99965227,0.061539937,0,0.98566306
333,Pass,0,0.9941856,0.37703446,0,0.8917195
334,Pass,0,0.9998118,0.18909127,0,0.94981647
335,Pass,0,0.9756742,0.4343931,0,0.85931623
336,Pass,0,0.96689034,0.38493878,0,0.8650797
337,Pass,0,0.9997464,0.34519884,0,0.90569276
338,Pass,0,0.99248123,0.50090796,0,0.85548145
339,Pass,0,0.99100304,0.31158704,0,0.90717596
340,Pass,0,0.45337594,0.9635128,0,0.3315803
341,Pass,0,0.93608963,0.5416853,0,0.79609734
342,Pass,0,0.9994875,0.057964657,0,0.98650944
343,Pass,0,0.98878086,0.38383356,0,0.88497376
344,Pass,0,0.9774799,0.5356347,0,0.8329674
345,Pass,0,0.9993899,0.18582648,0,0.95033675
346,Pass,0,0.9979809,0.14792775,0,0.959675
347,Pass,0,0.9915187,0.33045855,0,0.90236527
348,Pass,0,0.9993979,0.10148471,0,0.97414166
349,Pass,0,0.8907035,0.6594132,0,0.7278942
350,Pass,0,0.99704945,0.08492218,0,0.97651476
351,Pass,0,0.99969864,0.16790877,0,0.95568746
352,Pass,0,0.9990477,0.51728135,0,0.8565233
353,Pass,0,0.9998814,0.17912263,0,0.9526966
354,Pass,0,0.9941691,0.082931764,0,0.9742524
355,Pass,0,0.99699426,0.31712237,0,0.9111023
356,Pass,0,0.9999945,0.17382778,0,0.9542992
357,Pass,0,0.9759043,0.11929135,0,0.94633573
358,Pass,0,0.5382451,0.5493314,0,0.4565886
359,Pass,0,0.58149683,0.29769936,0,0.53458905
360,Pass,0,0.999295,0.5831553,0,0.8381507
361,Pass,0,0.99980706,0.10658881,0,0.97309977
362,Pass,0,0.5346739,0.5613037,0,0.451752
363,Pass,0,0.93521297,0.22070439,0,0.880101
364,Pass,0,0.99966085,0.2701104,0,0.9268073
365,Pass,0,0.9917578,0.19779745,0,0.93972754
366,Pass,0,0.9791925,0.3852872,0,0.8759902
367,Pass,0,0.9867083,0.31254637,0,0.9029772
368,Pass,0,0.9892457,0.35636818,0,0.8930605
369,Pass,0,0.9956872,0.23923013,0,0.93180376
370,Pass,0,0.99924767,0.21705745,0,0.941391
371,Pass,0,0.9967829,0.11015384,0,0.9691531
372,Pass,0,0.9946971,0.2996082,0,0.91392154
373,Pass,0,0.9992543,0.37198198,0,0.89769113
374,Pass,0,0.99626094,0.39667073,0,0.8880578
375,Pass,0,0.99992967,0.25184852,0,0.9322119
376,Pass,0,0.8775299,0.46334052,0,0.76570493
377,Pass,0,0.99770784,0.038972877,0,0.99010235
378,Pass,0,0.9992086,0.078266434,0,0.980507
379,Pass,0,0.9987669,0.35072047,0,0.9032485
380,Pass,0,0.9932474,0.26622722,0,0.9219501
381,Pass,0,0.86240995,0.7634054,0,0.67945254
382,Pass,0,0.9995944,0.19045855,0,0.94922405
383,Pass,0,0.99872917,0.3087813,0,0.9150397
384,Pass,0,0.9999846,0.11484598,0,0.9709414
385,Pass,0,0.9986456,0.039489284,0,0.9908874
386,Pass,0,0.9877586,0.14959167,0,0.9493811
387,Pass,0,0.9115179,0.3857995,0,0.8153163
388,Pass,0,0.99769574,0.045532025,0,0.9882428
389,Pass,0,0.94924283,0.54351896,0,0.8067921
390,Pass,0,0.99715185,0.4380745,0,0.8771961
391,Pass,0,0.9994301,0.42017284,0,0.8842515
392,Pass,0,0.9994586,0.17054099,0,0.95471525
393,Pass,0,0.9970957,0.12864088,0,0.9642531
394,Pass,0,0.73699003,0.53388184,0,0.6283968
395,Pass,0,0.99985147,0.22154616,0,0.9406927
396,Pass,0,0.9998412,0.17828637,0,0.9528944
397,Pass,0,0.9922984,0.3306555,0,0.9030198
398,Pass,0,0.9997756,0.27185136,0,0.92642224
399,Pass,0,0.9999566,0.2785191,0,0.9247076
400,Pass,0,0.92575115,0.3907101,0,0.826764
401,Pass,0,0.9110575,0.44714537,0,0.7991256
402,Pass,0,0.9988004,0.34656164,0,0.9044515
403,Pass,0,0.7461553,0.70491743,0,0.60018176
404,Pass,0,0.9043956,0.5795825,0,0.75946677
405,Pass,0,0.98770356,0.41872135,0,0.87428105
406,Pass,0,0.99845946,0.54184276,0,0.84909534
407,Pass,0,0.9999156,0.1129574,0,0.97140753
408,Pass,0,0.9956815,0.5774889,0,0.8367128
409,Pass,0,0.9891635,0.3970311,0,0.88163066
410,Pass,0,0.99997234,0.14146382,0,0.9634149
411,Pass,0,0.97042716,0.3970396,0,0.8649288
412,Pass,0,0.70789164,1.0418341,0,0.50206965
413,Pass,0,0.99999344,0.08166258,0,0.98031837
414,Pass,0,0.94896954,0.093818076,0,0.9270417
415,Pass,0,0.9997104,0.38050315,0,0.89569587
416,Pass,0,0.9997472,0.0667431,0,0.98428804
417,Pass,0,0.83579224,0.23922671,0,0.7821685
418,Pass,0,0.9997155,0.19222836,0,0.94883955
419,Pass,0,0.99730057,0.054162838,0,0.9854213
420,Pass,0,0.7590698,0.8336501,0,0.582982
421,Pass,0,0.50342786,0.49797726,0,0.43435237
422,Pass,0,0.9847884,0.18124272,0,0.93772644
423,Pass,0,0.9887806,0.33516982,0,0.89855826
424,Pass,0,0.99820113,0.16000883,0,0.9564822
425,Pass,0,0.99629325,0.5259438,0,0.8517252
426,Pass,0,0.9862343,0.26185694,0,0.91665727
427,Pass,0,0.9979235,0.055001102,0,0.9858006
428,Pass,0,0.999521,0.39143118,0,0.8924424
429,Pass,0,0.9975199,0.32211182,0,0.9101776
430,Pass,0,0.9991385,0.094822526,0,0.9757681
431,Pass,0,0.9852315,0.53537905,0,0.83964413
432,Pass,0,0.9979522,0.68074065,0,0.8095303
433,Pass,0,0.99559313,0.33665022,0,0.90433306
434,Pass,0,0.97424376,0.47818783,0,0.8460106
435,Pass,0,0.53889024,0.7840157,0,0.42143077
436,Pass,0,0.996082,0.43239346,0,0.87785256
437,Pass,0,0.9997186,0.2623861,0,0.92904097
438,Pass,0,0.999458,0.21397485,0,0.942459
439,Pass,0,0.9492091,0.52480334,0,0.8117789
440,Pass,0,0.9999988,0.09178223,0,0.9774666
441,Pass,0,0.9983966,0.28788298,0,0.92062557
442,Pass,0,0.9997569,0.19043729,0,0.9493844
443,Pass,0,0.83446175,0.30758518,0,0.76481897
444,Pass,0,0.9092869,0.58388746,0,0.7624692
445,Pass,0,0.41815224,1.7583737,0,0.21198274
446,Pass,0,0.997607,0.4510666,0,0.8739373
447,Pass,0,0.9633968,0.9593764,0,0.7057134
448,Pass,0,0.5139726,0.71475327,0,0.41199473
449,Pass,0,0.9027114,1.3850265,0,0.5527803
450,Pass,0,0.8874096,0.7710499,0,0.6972334
451,Pass,0,0.99995065,0.27318344,0,0.9262084
452,Pass,0,0.87067276,0.3944101,0,0.7766654
453,Pass,0,0.99614114,0.42549607,0,0.8798444
454,Pass,0,0.992057,0.32764482,0,0.9036433
455,Pass,0,0.9998124,0.046807125,0,0.98997957
456,Pass,0,0.6037541,0.41651598,0,0.5347982
457,Pass,0,0.92632294,0.49393502,0,0.800279
458,Pass,0,0.99979204,0.15571928,0,0.9592174
459,Pass,0,0.9975109,0.14982401,0,0.95868903
460,Pass,0,0.981398,0.7093269,0,0.7881812
461,Pass,0,0.999785,0.21558258,0,0.9423135
462,Pass,0,0.9996014,0.30988255,0,0.915528
463,Pass,0,0.999997,0.1147565,0,0.9709787
464,Pass,0,0.9149951,0.5772559,0,0.7689687
465,Pass,0,0.9972855,0.36906362,0,0.8967441
466,Pass,0,0.99975556,0.32629177,0,0.9110377
467,Pass,0,0.95171463,0.33294514,0,0.86547214
468,Pass,0,0.99234444,0.39277896,0,0.8856571
469,Pass,0,0.9860097,0.35703254,0,0.8899542
470,Pass,0,0.9988814,0.30384934,0,0.91656995
471,Pass,0,0.75630516,0.69703794,0,0.61002845
472,Pass,0,0.99890006,0.1728454,0,0.9535318
473,Pass,0,0.989248,0.065063424,0,0.97442025
474,Pass,0,0.9995252,0.41357392,0,0.8861977
475,Pass,0,0.9985556,0.48907915,0,0.864052
476,Pass,0,0.9998468,0.07348965,0,0.9824817
477,Pass,0,0.9806193,0.66255915,0,0.80050355
478,Pass,0,0.92373025,0.811281,0,0.71527845
479,Pass,0,0.40758795,0.7464583,0,0.32306963
480,Pass,0,0.99712414,0.1286151,0,0.9642879
481,Pass,0,0.9942398,0.24180816,0,0.92972565
482,Pass,0,0.99945134,0.08451196,0,0.9789829
483,Pass,0,0.99488455,0.2729119,0,0.9215922
484,Pass,0,0.9973248,0.40318215,0,0.8871728
485,Pass,0,0.99762505,0.33215034,0,0.90744615
486,Pass,0,0.9977247,0.33806518,0,0.9058707
487,Pass,0,0.9793169,0.4261398,0,0.8648064
488,Pass,0,0.7527969,0.4556833,0,0.6584942
489,Pass,0,0.99785703,0.025460834,0,0.994057
490,Pass,0,0.8312523,0.43937775,0,0.7309481
491,Pass,0,0.9991264,0.17670736,0,0.95265853
492,Pass,0,0.56100845,0.79379684,0,0.4371788
493,Pass,0,0.9999598,0.12800872,0,0.96720135
494,Pass,0,0.9999974,0.07419305,0,0.98243105
495,Pass,0,0.6137939,1.416775,0,0.37035844
496,Pass,0,0.98364115,0.23734544,0,0.921054
497,Pass,0,0.45202282,0.65317625,0,0.3701947
498,Pass,0,0.9513739,0.32263693,0,0.867931
499,Pass,0,0.9799325,0.16764708,0,0.9368639
500,Pass,0,0.9999931,0.1613796,0,0.95781225
501,Pass,0,0.9984181,0.24317072,0,0.9332487
502,Pass,0,0.9865963,0.35933974,0,0.889841
503,Pass,0,0.9999485,0.24745987,0,0.93346834
504,Pass,0,0.98853,0.09362318,0,0.9657424
505,Pass,0,0.94555646,0.47080538,0,0.82306993
506,Pass,0,0.99480826,0.044927083,0,0.9855526
507,Pass,0,0.7447573,0.50076044,0,0.6419837
508,Pass,0,0.9388625,0.39098388,0,0.8384008
509,Pass,0,0.999686,0.26756367,0,0.92754936
510,Pass,0,0.9965575,0.43982118,0,0.8761817
511,Pass,0,0.43257916,0.90733916,0,0.32323074
512,Pass,0,0.8635055,0.2595698,0,0.80314434
513,Pass,0,0.99972457,0.29726082,0,0.9192032
514,Pass,0,0.99945205,0.3895527,0,0.8929109
515,Pass,0,0.98835397,0.28225607,0,0.9129354
516,Pass,0,0.9955857,0.24462324,0,0.9301929
517,Pass,0,0.9998258,0.1628851,0,0.95722705
518,Pass,0,0.9992545,0.29690287,0,0.91887206
519,Pass,0,0.9907149,0.41251078,0,0.87868375
520,Pass,0,0.9759689,0.2574614,0,0.9083272
521,Pass,0,0.94227564,0.36647096,0,0.8479698
522,Pass,0,0.9828267,0.48531356,0,0.8514866
523,Pass,0,0.9804867,0.07765999,0,0.9623034
524,Pass,0,0.96234715,0.34799916,0,0.87105113
525,Pass,0,0.9996462,0.14255191,0,0.9627936
526,Pass,0,0.99809104,0.46531153,0,0.8703473
527,Pass,0,0.9824707,0.54096943,0,0.8357407
528,Pass,0,0.95980066,0.5481936,0,0.81449884
529,Pass,0,0.9998006,0.06354775,0,0.98524255
530,Pass,0,0.5708686,0.38077992,0,0.5114282
531,Pass,0,0.97474355,0.61733395,0,0.8081526
532,Pass,0,0.9861726,0.760081,0,0.7778849
533,Pass,0,0.9999676,0.31452164,0,0.9145537
534,Pass,0,0.9997706,0.16322865,0,0.9570772
535,Pass,0,0.99996865,0.2684344,0,0.92756575
536,Pass,0,0.5581714,0.35527703,0,0.5040719
537,Pass,0,0.9994523,0.07668773,0,0.98119164
538,Pass,0,0.9760946,0.4611537,0,0.85231197
539,Pass,0,0.9984896,0.277602,0,0.9236095
540,Pass,0,0.9998909,0.3161925,0,0.91401196
541,Pass,0,0.9999101,0.27976832,0,0.92431194
542,Pass,0,0.77092975,0.8633215,0,0.5856327
543,Pass,0,0.33713084,0.75789374,0,0.26613423
544,Pass,0,0.99993694,0.31737614,0,0.91371983
545,Pass,0,0.98083293,0.48085776,0,0.85099316
546,Pass,0,0.99976414,0.09580014,0,0.9761032
547,Pass,0,0.76594037,0.43733084,0,0.6739598
548,Pass,0,0.98902076,0.32660937,0,0.90116674
549,Pass,0,0.9983759,0.23391321,0,0.9358186
550,Pass,0,0.94740874,0.55919164,0,0.8010412
551,Pass,0,0.46825436,0.6936924,0,0.37813172
552,Pass,0,0.83818823,0.33240595,0,0.7623609
553,Pass,0,0.9606783,0.45493624,0,0.84053695
554,Pass,0,0.99994445,0.4684269,0,0.87108403
555,Pass,0,0.99796283,0.32221165,0,0.91055363
556,Pass,0,0.99999416,0.27413413,0,0.92598027
557,Pass,0,0.9954265,0.46908742,0,0.8669626
558,Pass,0,0.9867899,0.3377649,0,0.8960262
559,Pass,0,0.9984854,0.36360332,0,0.89936227
560,Pass,0,0.96699107,0.13248241,0,0.9340913
561,Pass,0,0.96482664,0.21324675,0,0.910001
562,Pass,0,0.96397847,0.3284328,0,0.87785274
563,Pass,0,0.9943931,0.24768586,0,0.9282189
564,Pass,0,0.99833953,0.14260237,0,0.96152085
565,Pass,0,0.6406283,0.8307162,0,0.492547
566,Pass,0,0.98970675,0.21152098,0,0.9339495
567,Pass,0,0.9906583,0.275004,0,0.91709214
568,Pass,0,0.99479336,0.26281893,0,0.92434233
569,Pass,0,0.97379524,0.31037214,0,0.8917578
570,Pass,0,0.99691665,0.27793178,0,0.9220617
571,Pass,0,0.71052855,0.48673227,0,0.61529243
572,Pass,0,0.9476673,0.40193874,0,0.84333247
573,Pass,0,0.9996475,0.18774512,0,0.9500402
574,Pass,0,0.99932015,0.17426157,0,0.9535333
575,Pass,0,0.9369938,0.29327488,0,0.8625794
576,Pass,0,0.9999027,0.2881624,0,0.9219355
577,Pass,0,0.99737144,0.34645203,0,0.90318835
578,Pass,0,0.55809563,0.7985576,0,0.43415877
579,Pass,0,0.9979475,0.35965607,0,0.8999899
580,Pass,0,0.9997633,0.32028303,0,0.91274077
581,Pass,0,0.9973152,0.38472635,0,0.89236075
582,Pass,0,0.29773346,1.2928932,0,0.19006316
583,Pass,0,0.64177155,0.9098698,0,0.47908443
584,Pass,0,0.9974969,0.10592598,0,0.971038
585,Pass,0,0.99993,0.11305452,0,0.9713942
586,Pass,0,0.9978806,0.19733211,0,0.9456602
587,Pass,0,0.9999448,0.24690218,0,0.93362236
588,Pass,0,0.9990702,0.14784177,0,0.96074677
589,Pass,0,0.9960127,0.25194782,0,0.92853224
590,Pass,0,0.9999056,0.17941134,0,0.95263815
591,Pass,0,0.3791136,0.8548843,0,0.2888947
592,Pass,0,0.99995685,0.19520722,0,0.9482276
593,Pass,0,0.8835829,0.32518315,0,0.8054507
594,Pass,0,0.9994653,0.12277837,0,0.9681989
595,Pass,0,0.99111384,0.4108679,0,0.87949723
596,Pass,0,0.9847564,0.6168236,0,0.8165961
597,Pass,0,0.8433176,0.46372506,0,0.7357608
598,Pass,0,0.98959863,0.21303357,0,0.93342483
599,Pass,0,0.9982882,0.23745988,0,0.93473685
600,Pass,0,0.9998221,0.20039012,0,0.94663686
601,Pass,0,0.9751701,0.6027797,0,0.81251323
602,Pass,0,0.99999404,0.20706882,0,0.94491416
603,Pass,0,0.92952806,0.6110149,0,0.7723231
604,Pass,0,0.99981433,0.14645886,0,0.96185267
605,Pass,0,0.9172216,0.5286019,0,0.78343904
606,Pass,0,0.9540994,0.35092485,0,0.86279774
607,Pass,0,0.99963474,0.17568535,0,0.95343167
608,Pass,0,0.9994824,0.10077329,0,0.9744248
609,Pass,0,0.9916888,0.28431433,0,0.9154394
610,Pass,0,0.93588,0.64481115,0,0.76867115
611,Pass,0,0.9944991,0.40156734,0,0.8851125
612,Pass,0,0.99886584,0.23430306,0,0.93616796
613,Pass,0,0.88176334,1.3890532,0,0.5389502
614,Pass,0,0.9393551,0.12063498,0,0.91053754
615,Pass,0,0.9991541,0.14327216,0,0.9621165
616,Pass,0,0.9938975,0.47800103,0,0.86312985
617,Pass,0,0.99781954,0.2823677,0,0.9216472
618,Pass,0,0.9999409,0.280169,0,0.92422724
619,Pass,0,0.70236063,0.6931037,0,0.5672974
620,Pass,0,0.99955446,0.33533564,0,0.90830225
621,Pass,0,0.9991456,0.15523857,0,0.95873284
622,Pass,0,0.9999068,0.17221221,0,0.95467156
623,Pass,0,0.99992394,0.13604547,0,0.9648979
624,Pass,0,0.677341,0.33414415,0,0.61573243
625,Pass,0,0.9841011,0.37219685,0,0.88401836
626,Pass,0,0.99997306,0.08473576,0,0.97943074
627,Pass,0,0.8372871,0.28195608,0,0.77346694
628,Pass,0,0.8833421,0.7455852,0,0.70038813
629,Pass,0,0.72885203,0.394442,0,0.6501506
630,Pass,0,0.97272664,0.43539736,0,0.85644436
631,Pass,0,0.9984397,0.31155974,0,0.9139913
632,Pass,0,0.9979626,0.30175766,0,0.9163163
633,Pass,0,0.9992094,0.25534254,0,0.9305547
634,Pass,0,0.999156,0.38592923,0,0.89366853
635,Pass,0,0.94151694,0.38690487,0,0.8418554
636,Pass,0,0.99992585,0.11719768,0,0.9702205
637,Pass,0,0.9979086,0.46501645,0,0.8702714
638,Pass,0,0.9978829,0.33658955,0,0.90643
639,Pass,0,0.9528576,0.4234867,0,0.8421547
640,Pass,0,0.99904317,0.101483144,0,0.97379637
641,Pass,0,0.99664634,0.32834113,0,0.9076277
642,Pass,0,0.94769716,0.12037796,0,0.91869247
643,Pass,0,0.98400337,0.26357824,0,0.91410553
644,Pass,0,0.99977666,0.160875,0,0.9577474
645,Pass,0,0.98948705,0.42417663,0,0.87433577
646,Pass,0,0.58898884,1.624784,0,0.3208025
647,Pass,0,0.9983411,0.035338424,0,0.9917552
648,Pass,0,0.9999856,0.13276257,0,0.96588415
649,Pass,0,0.9971066,0.3069004,0,0.9140826
650,Pass,0,0.9982033,0.3413305,0,0.90538496
651,Pass,0,0.9999876,0.1052005,0,0.9736674
652,Pass,0,0.99960595,0.06046824,0,0.98591983
653,Pass,0,0.7933087,0.3388333,0,0.7201019
654,Pass,0,0.9881385,0.66898614,0,0.8048487
655,Pass,0,0.99137676,0.7097029,0,0.7960902
656,Pass,0,0.9982828,0.14243117,0,0.9615145
657,Pass,0,0.9999012,0.22897184,0,0.9386433
658,Pass,0,0.9914751,0.4068935,0,0.8809303
659,Pass,0,0.8752696,1.0603675,0,0.6162022
660,Pass,0,0.9996644,0.3056053,0,0.9167929
661,Pass,0,0.95476836,0.20129952,0,0.9037346
662,Pass,0,0.99903333,0.28048903,0,0.9232982
663,Pass,0,0.99972993,0.061034165,0,0.98588234
664,Pass,0,0.99555016,0.36481586,0,0.8963776
665,Pass,0,0.99999523,0.16200684,0,0.9576372
666,Pass,0,0.99465394,0.27528626,0,0.9207118
667,Pass,0,0.8383763,0.8149257,0,0.648323
668,Pass,0,0.99859315,0.4003272,0,0.8891059
669,Pass,0,0.99701667,0.18486553,0,0.94835055
670,Pass,0,0.9956702,0.17502217,0,0.9498368
671,Pass,0,0.9882052,0.32775494,0,0.90010405
672,Pass,0,0.99968076,0.038297065,0,0.99225104
673,Pass,0,0.9916224,0.38390794,0,0.8874962
674,Pass,0,0.9913157,0.4854649,0,0.85879886
675,Pass,0,0.9995152,0.061340228,0,0.9855842
676,Pass,0,0.9999627,0.2858375,0,0.9226471
677,Pass,0,0.99985707,0.31805038,0,0.91345656
678,Pass,0,0.9868754,0.3218868,0,0.9005278
679,Pass,0,0.9983759,0.18197347,0,0.9504586
680,Pass,0,0.99940515,0.18680076,0,0.9500764
681,Pass,0,0.9873368,0.457946,0,0.8630227
682,Pass,0,0.9980159,0.059265934,0,0.98469025
683,Pass,0,0.9336056,0.41471896,0,0.8274504
684,Pass,0,0.79210407,1.0120196,0,0.56846446
685,Pass,0,0.9808261,0.38231546,0,0.8782745
686,Pass,0,0.99972624,0.20200793,0,0.94608945
687,Pass,0,0.99829966,0.28471062,0,0.92143035
688,Pass,0,0.99389017,0.37992916,0,0.8906422
689,Pass,0,0.6960245,1.4097841,0,0.42134947
690,Pass,0,0.9340654,0.67054063,0,0.76039565
691,Pass,0,0.7224581,0.97495306,0,0.5260424
692,Pass,0,0.9971961,0.39171147,0,0.8902876
693,Pass,0,0.9989293,0.43316892,0,0.8801432
694,Pass,0,0.99214363,0.8231664,0,0.7649243
695,Pass,0,0.9991283,0.042148035,0,0.9906164
696,Pass,0,0.9430981,0.7966609,0,0.7341684
697,Pass,0,0.99991,0.176258,0,0.9535325
698,Pass,0,0.9979273,0.42844892,0,0.88059014
699,Pass,0,0.9613537,0.34405687,0,0.87122196
700,Pass,0,0.9911362,0.22486253,0,0.9315651
701,Pass,0,0.9999453,0.35212746,0,0.90391695
702,Pass,0,0.9992393,0.23658143,0,0.93587524
703,Pass,0,0.9783609,0.34755433,0,0.8856686
704,Pass,0,0.9991835,0.18222494,0,0.95115644
705,Pass,0,0.9999106,0.108996466,0,0.9725208
706,Pass,0,0.95591074,0.2775995,0,0.8842245
707,Pass,0,0.69634956,0.587364,0,0.5832302
708,Pass,0,0.999137,0.47178844,0,0.86943245
709,Pass,0,0.99985707,0.23755424,0,0.9361792
710,Pass,0,0.9992086,0.49236953,0,0.8636888
711,Pass,0,0.9997807,0.29813153,0,0.9190091
712,Pass,0,0.9826422,0.26781368,0,0.91166604
713,Pass,0,0.98154503,0.23554267,0,0.91959083
714,Pass,0,0.9588884,0.46648932,0,0.8358433
715,Pass,0,0.9976082,0.2644391,0,0.9265015
716,Pass,0,0.9524375,0.55773664,0,0.8056843
717,Pass,0,0.5003878,0.9350878,0,0.36997846
718,Pass,0,0.99938023,0.21049379,0,0.9433678
719,Pass,0,0.99997973,0.3706792,0,0.8987106
720,Pass,0,0.7789088,1.0075697,0,0.55997324
721,Pass,0,0.99430805,0.2392798,0,0.9304992
722,Pass,0,0.9995993,0.23125601,0,0.93771523
723,Pass,0,0.9378845,0.47986054,0,0.8139941
724,Pass,0,0.999337,0.20475236,0,0.9449468
725,Pass,0,0.9989759,0.03457925,0,0.9925999
726,Pass,0,0.86463904,1.210757,0,0.57200694
727,Pass,0,0.99134773,0.3095311,0,0.9080669
728,Pass,0,0.89524734,0.42570028,0,0.79067814
729,Pass,0,0.9996375,0.24289598,0,0.93446606
730,Pass,0,0.99406624,0.20271523,0,0.94053465
731,Pass,0,0.9963242,0.1965904,0,0.9443938
732,Pass,0,0.9999888,0.17458926,0,0.9540788
733,Pass,0,0.9963613,0.22989336,0,0.93506104
734,Pass,0,0.9826544,0.24674143,0,0.9175233
735,Pass,0,0.9995591,0.05821015,0,0.9865108
736,Pass,0,0.99988437,0.35334232,0,0.9035189
737,Pass,0,0.99985147,0.29927263,0,0.918752
738,Pass,0,0.5908359,0.45648164,0,0.5166889
739,Pass,0,0.99927145,0.24662165,0,0.9330728
740,Pass,0,0.7846201,1.1268342,0,0.53766024
741,Pass,0,0.8662414,0.11687512,0,0.84058636
742,Pass,0,0.9999914,0.12310622,0,0.968616
743,Pass,0,0.99974483,0.150326,0,0.9606943
744,Pass,0,0.9869724,0.3915178,0,0.88121396
745,Pass,0,0.99956733,0.031155039,0,0.99415386
746,Pass,0,0.99760807,0.27173248,0,0.92444724
747,Pass,0,0.9990042,0.22650859,0,0.938496
748,Pass,0,0.964581,0.28491142,0,0.8902533
749,Pass,0,0.9924487,0.042025086,0,0.9840281
750,Pass,0,0.9971706,0.13939212,0,0.9612989
751,Pass,0,0.99991906,0.24930741,0,0.9329193
752,Pass,0,0.9998461,0.23929676,0,0.93567705
753,Pass,0,0.99957126,0.28996712,0,0.92112064
754,Pass,0,0.9993376,0.03199522,0,0.9936884
755,Pass,0,0.9961359,0.09031907,0,0.97410226
756,Pass,0,0.9998534,0.119538255,0,0.96948946
757,Pass,0,0.99822325,0.22571845,0,0.937985
758,Pass,0,0.9956808,0.16202292,0,0.95350105
759,Pass,0,0.9863624,0.41579485,0,0.8739088
760,Pass,0,0.9478231,0.9940364,0,0.6850305
761,Pass,0,0.9973449,0.41702697,0,0.8832923
762,Pass,0,0.99982303,0.55908024,0,0.8453893
763,Pass,0,0.9962484,0.42298457,0,0.88064563
764,Pass,0,0.9732636,0.36314154,0,0.8767712
765,Pass,0,0.99969316,0.19446619,0,0.9481867
766,Pass,0,0.9929386,0.28881577,0,0.91533124
767,Pass,0,0.9976205,0.13372484,0,0.9633287
768,Pass,0,0.99981576,0.06617095,0,0.984517
769,Pass,0,0.9987035,0.1475546,0,0.9604751
770,Pass,0,0.9999863,0.19585168,0,0.9480736
771,Pass,0,0.99725074,0.32303166,0,0.90967304
772,Pass,0,0.9941527,0.09339803,0,0.97129875
773,Pass,0,0.984361,0.21492636,0,0.9279585
774,Pass,0,0.8239859,0.5224161,0,0.7052413
775,Pass,0,0.991385,0.23804057,0,0.92811054
776,Pass,0,0.9998981,0.30834395,0,0.9162341
777,Pass,0,0.9992279,0.08114009,0,0.9797153
778,Pass,0,0.99949133,0.27097425,0,0.9264063
779,Pass,0,0.9991559,0.37119684,0,0.89782417
780,Pass,0,0.9942027,0.34185588,0,0.9016089
781,Pass,0,0.88930774,0.5734901,0,0.7483264
782,Pass,0,0.9995765,0.23393819,0,0.936937
783,Pass,0,0.9979602,0.06587749,0,0.9827725
784,Pass,0,0.99976116,0.38324147,0,0.8949684
785,Pass,0,0.99757165,0.45447832,0,0.8729455
786,Pass,0,0.9513914,0.6428673,0,0.7819333
787,Pass,0,0.9805996,0.33066416,0,0.8923711
788,Pass,0,0.9909452,0.15041205,0,0.9522144
789,Pass,0,0.9954308,0.5073914,0,0.85620177
790,Pass,0,0.9992982,0.37282664,0,0.8974923
791,Pass,0,0.993934,0.78439796,0,0.7771835
792,Pass,0,0.9999969,0.1836723,0,0.95152223
793,Pass,0,0.99930537,0.22745205,0,0.93851274
794,Pass,0,0.99978834,0.12399697,0,0.96816784
795,Pass,0,0.69632524,0.45909917,0,0.6084252
796,Pass,0,0.99950886,0.18262526,0,0.95135325
797,Pass,0,0.9502496,0.3447518,0,0.86097246
798,Pass,0,0.99757224,0.07443337,0,0.9799808
799,Pass,0,0.9998852,0.20626533,0,0.94503814
800,Pass,0,0.92876065,0.38522533,0,0.8308898
801,Pass,0,0.9993061,0.35772565,0,0.9017597
802,Pass,0,0.99991465,0.24791871,0,0.93330723
803,Pass,0,0.9999782,0.2344347,0,0.9371733
804,Pass,0,0.9499766,0.29028615,0,0.87533283
805,Pass,0,0.999798,0.19428612,0,0.94833696
806,Pass,0,0.9966174,0.20782782,0,0.9415099
807,Pass,0,0.9992525,0.27072796,0,0.92625445
808,Pass,0,0.99748933,0.19061449,0,0.9471811
809,Pass,0,0.99636805,0.09066857,0,0.97423095
810,Pass,0,0.98909026,0.8439121,0,0.7567771
811,Pass,0,0.9999099,0.19675918,0,0.94774497
812,Pass,0,0.99990785,0.21679343,0,0.9420874
813,Pass,0,0.8730819,0.70769155,0,0.7015934
814,Pass,0,0.9996947,0.079279274,0,0.98069817
815,Pass,0,0.99907374,0.29716983,0,0.91863054
816,Pass,0,0.9750431,0.21824911,0,0.9182598
817,Pass,0,0.9995073,0.3318719,0,0.90923685
818,Pass,0,0.9992982,0.12121664,0,0.96847767
819,Pass,0,0.9999075,0.20185502,0,0.9463042
820,Pass,0,0.9999895,0.16996306,0,0.95538557
821,Pass,0,0.9922505,0.10087764,0,0.96734494
822,Pass,0,0.99997914,0.25924817,0,0.9301689
823,Pass,0,0.8677359,0.45060468,0,0.76027906
824,Pass,0,0.99852365,0.06865115,0,0.9825455
825,Pass,0,0.99998224,0.18011901,0,0.95251137
826,Pass,0,0.9996264,0.07573091,0,0.9816326
827,Pass,0,0.87224984,0.6656904,0,0.71126777
828,Pass,0,0.9119489,0.32159612,0,0.8322319
829,Pass,0,0.8983134,0.6451863,0,0.7377212
830,Pass,0,0.9338671,0.6673254,0,0.76108193
831,Pass,0,0.9980153,0.14156337,0,0.9615013
832,Pass,0,0.9694699,0.44348237,0,0.8513641
833,Pass,0,0.83460724,0.37179175,0,0.74982345
834,Pass,0,0.9530051,0.22005612,0,0.897019
835,Pass,0,0.99851614,0.026994793,0,0.99428123
836,Pass,0,0.99929464,0.05939585,0,0.98591524
837,Pass,0,0.8697088,0.466325,0,0.75814766
838,Pass,0,0.99887866,0.329066,0,0.9094562
839,Pass,0,0.9730809,0.95809805,0,0.7131585
840,Pass,0,0.9984363,0.14736047,0,0.96027285
841,Pass,0,0.99914825,0.25648335,0,0.93017596
842,Pass,0,0.98451185,0.312015,0,0.9011149
843,Pass,0,0.99997306,0.18949811,0,0.9498548
844,Pass,0,0.3849658,0.47433522,0,0.33471406
845,Pass,0,0.9992747,0.11218266,0,0.9710035
846,Pass,0,0.53440714,0.6775497,0,0.43398792
847,Pass,0,0.9976271,0.24081858,0,0.9331718
848,Pass,0,0.9990858,0.0611293,0,0.9852203
849,Pass,0,0.99963903,0.28792065,0,0.9217606
850,Pass,0,0.9995989,0.1148416,0,0.9705681
851,Pass,0,0.99820423,0.19032887,0,0.94794047
852,Pass,0,0.9994265,0.21495472,0,0.94215274
853,Pass,0,0.9981609,0.20110334,0,0.9448631
854,Pass,0,0.9998627,0.25057292,0,0.9325095
855,Pass,0,0.999824,0.25287446,0,0.93182373
856,Pass,0,0.9989249,0.4913276,0,0.86373746
857,Pass,0,0.9980732,0.3764294,0,0.89537686
858,Pass,0,0.99764985,0.27289048,0,0.92415977
859,Pass,0,0.99472755,0.30925027,0,0.91124165
860,Pass,0,0.9999902,0.1410884,0,0.9635381
861,Pass,0,0.9983076,0.20342533,0,0.9443475
862,Pass,0,0.974916,0.21050473,0,0.92027164
863,Pass,0,0.9787729,0.317908,0,0.89423364
864,Pass,0,0.99999154,0.29079327,0,0.92127466
865,Pass,0,0.9924967,0.29411608,0,0.91343874
866,Pass,0,0.9888311,0.724163,0,0.79000914
867,Pass,0,0.8779267,0.3178802,0,0.8021047
868,Pass,0,0.9789088,0.3918737,0,0.87391603
869,Pass,0,0.9996489,0.28105596,0,0.92370707
870,Pass,0,0.98153967,0.3128222,0,0.8981708
871,Pass,0,0.9999887,0.09520439,0,0.97649056
872,Pass,0,0.9064339,0.5412624,0,0.7709848
873,Pass,0,0.996402,0.16770357,0,0.9525937
874,Pass,0,0.73976856,0.5299075,0,0.6315959
875,Pass,0,0.98956585,0.2687894,0,0.917817
876,Pass,0,0.9993431,0.20798719,0,0.94403994
877,Pass,0,0.9716709,0.4712905,0,0.8456685
878,Pass,0,0.9872831,0.53028417,0,0.84281266
879,Pass,0,0.9989152,0.27351895,0,0.9251547
880,Pass,0,0.999635,0.23736586,0,0.9360244
881,Pass,0,0.89493454,0.90542567,0,0.6691942
882,Pass,0,0.6632757,0.6812106,0,0.5379556
883,Pass,0,0.84304535,0.48940158,0,0.7294119
884,Pass,0,0.99524105,0.08853859,0,0.97372746
885,Pass,0,0.99322635,0.45536873,0,0.8688933
886,Pass,0,0.9998512,0.24220556,0,0.93486077
887,Pass,0,0.99777514,0.40017676,0,0.88842
888,Pass,0,0.9963691,0.36014745,0,0.8984282
889,Pass,0,0.99937785,0.061563373,0,0.98538584
890,Pass,0,0.80262184,0.6344225,0,0.66157556
891,Pass,0,0.9910754,0.19930342,0,0.9386595
892,Pass,0,0.99721164,0.30247894,0,0.91542363
893,Pass,0,0.8086947,0.32200885,0,0.7379093
894,Pass,0,0.88263685,0.5740194,0,0.7425812
895,Pass,0,0.99351114,0.30117065,0,0.9123936
896,Pass,0,0.98353946,0.5837382,0,0.82477397
897,Pass,0,0.9997607,0.3839159,0,0.89477766
898,Pass,0,0.78844273,0.35004222,0,0.7131899
899,Pass,0,0.9984546,0.39955357,0,0.8892006
900,Pass,0,0.9725363,0.9599716,0,0.712245
901,Pass,0,0.9913306,0.36836174,0,0.89158607
902,Pass,0,0.806003,0.7318955,0,0.64218223
903,Pass,0,0.9993357,0.23951328,0,0.93513834
904,Pass,0,0.9965659,0.11573285,0,0.9673725
905,Pass,0,0.99575305,0.31093946,0,0.9117062
906,Pass,0,0.8967218,0.29085183,0,0.8261192
907,Pass,0,0.99851745,0.06833186,0,0.9826294
908,Pass,0,0.999915,0.08653905,0,0.97886485
909,Pass,0,0.96662056,0.22593924,0,0.9082292
910,Pass,0,0.9999467,0.16111214,0,0.95784336
911,Pass,0,0.9999579,0.08285388,0,0.9799472
912,Pass,0,0.99974793,0.2057099,0,0.94506514
913,Pass,0,0.98834515,0.36193565,0,0.89069396
914,Pass,0,0.99894077,0.20132051,0,0.94554
915,Pass,0,0.9647203,0.22936323,0,0.9055111
916,Pass,0,0.99908173,0.49196967,0,0.8636919
917,Pass,0,0.99993896,0.11598875,0,0.9705745
918,Pass,0,0.99163365,0.105355404,0,0.96549004
919,Pass,0,0.97457325,0.15026212,0,0.93652356
920,Pass,0,0.9964007,0.03702064,0,0.9893544
921,Pass,0,0.99995804,0.16565593,0,0.95657146
922,Pass,0,0.9800371,0.39621618,0,0.8737219
923,Pass,0,0.99999917,0.15959714,0,0.95832133
924,Pass,0,0.75119114,0.8314293,0,0.57740206
925,Pass,0,0.9999522,0.111402944,0,0.971882
926,Pass,0,0.62573826,0.90813273,0,0.4674224
927,Pass,0,0.9995696,0.17592384,0,0.9533022
928,Pass,0,0.994408,0.3445828,0,0.9010296
929,Pass,0,0.9944517,0.055308986,0,0.9822846
930,Pass,0,0.99214935,0.40199643,0,0.8829011
931,Pass,0,0.9841966,0.35706052,0,0.88830996
932,Pass,0,0.99957556,0.2792601,0,0.92414606
933,Pass,0,0.9988765,0.24898924,0,0.93203634
934,Pass,0,0.99998605,0.23479117,0,0.9370801
935,Pass,0,0.987468,0.34358093,0,0.89502054
936,Pass,0,0.9880265,0.7766938,0,0.7747132
937,Pass,0,0.9999664,0.120561756,0,0.96931005
938,Pass,0,0.7128511,0.89338845,0,0.53546244
939,Pass,0,0.46450365,0.89458376,0,0.348758
940,Pass,0,0.9931058,0.32311627,0,0.90586835
941,Pass,0,0.9999974,0.04208964,0,0.99149454
942,Pass,0,0.99997663,0.1369317,0,0.96469855
943,Pass,0,0.9930199,0.4227255,0,0.8778643
944,Pass,0,0.78070354,0.72607046,0,0.62330884
945,Pass,0,0.99184376,0.12671681,0,0.9597129
946,Pass,0,0.9928203,0.24234377,0,0.9282481
947,Pass,0,0.7434467,1.2509345,0,0.4833985
948,Pass,0,0.99767774,0.06614585,0,0.9824188
949,Pass,0,0.9990716,0.10344511,0,0.97327065
950,Pass,0,0.7875268,0.484888,0,0.68238026
951,Pass,0,0.8687742,1.3149223,0,0.54919344
952,Pass,0,0.9963096,0.19244346,0,0.94554645
953,Pass,0,0.99904543,0.19808722,0,0.9465511
954,Pass,0,0.99521977,0.3182969,0,0.9091507
955,Pass,0,0.9966544,0.29892993,0,0.9159107
956,Pass,0,0.9554321,0.5885892,0,0.79989535
957,Pass,0,0.9931416,0.5658943,0,0.8378293
958,Pass,0,0.9050246,0.64961797,0,0.7421003
959,Pass,0,0.42219314,0.71525836,0,0.33836514
960,Pass,0,0.88398266,0.60170776,0,0.73680323
961,Pass,0,0.99987483,0.12871554,0,0.9669196
962,Pass,0,0.72061014,0.7511715,0,0.570224
963,Pass,0,0.98959523,0.052355096,0,0.9783128
964,Pass,0,0.9921359,0.038380984,0,0.9847387
965,Pass,0,0.5268128,0.53944576,0,0.44836098
966,Pass,0,0.9138586,0.30411157,0,0.8384857
967,Pass,0,0.99948716,0.02063737,0,0.997042
968,Pass,0,0.997877,0.41556966,0,0.8841741
969,Pass,0,0.8475214,0.6953352,0,0.68401
970,Pass,0,0.99959916,0.20439522,0,0.9452955
971,Pass,0,0.9998814,0.25669435,0,0.9307989
972,Pass,0,0.99990284,0.12782785,0,0.9671973
973,Pass,0,0.9999833,0.11325487,0,0.97138935
974,Pass,0,0.99115753,0.28094897,0,0.91589075
975,Pass,0,0.89670104,0.296614,0,0.82464135
976,Pass,0,0.9100176,0.3844211,0,0.8143285
977,Pass,0,0.99979275,0.17328413,0,0.9542601
978,Pass,0,0.999946,0.19314323,0,0.9488
979,Pass,0,0.9997305,0.112747535,0,0.971287
980,Pass,0,0.9973658,0.22425278,0,0.937592
981,Pass,0,0.9987174,0.10853328,0,0.971491
982,Pass,0,0.9414826,0.647882,0,0.7724565
983,Pass,0,0.99945885,0.24434154,0,0.9338912
984,Pass,0,0.99608266,0.056975357,0,0.983427
985,Pass,0,0.98736703,0.1538548,0,0.9478164
986,Pass,0,0.999928,0.15186544,0,0.9604358
987,Pass,0,0.9983386,0.38614213,0,0.8928774
988,Pass,0,0.9794835,0.1308495,0,0.9466103
989,Pass,0,0.998852,0.3668876,0,0.89876634
990,Pass,0,0.66367334,0.8422542,0,0.5081033
991,Pass,0,0.99970514,0.18790074,0,0.9500511
992,Pass,0,0.84008074,0.37541506,0,0.7538816
993,Pass,0,0.9991315,0.33355927,0,0.908419
994,Pass,0,0.98993593,0.18776168,0,0.94080603
995,Pass,0,0.95592195,0.39153403,0,0.85348636
996,Pass,0,0.9994522,0.23137304,0,0.9375442
997,Pass,0,0.99999845,0.14989507,0,0.96105975
998,Pass,0,0.9996402,0.48093042,0,0.86729026
999,Pass,0,0.7328393,0.45093063,0,0.64202
1000,Pass,0,0.9704728,0.41693783,0,0.8595177
1001,Pass,0,0.99473757,0.18741697,0,0.94546616
1002,Pass,0,0.9454456,0.36077693,0,0.85234237
1003,Pass,0,0.8573979,0.5315731,0,0.73162174
1004,Pass,0,0.99417794,0.12125268,0,0.9635052
1005,Pass,0,0.98601043,0.33290723,0,0.8966707
1006,Pass,0,0.9996269,0.20122483,0,0.94621646
1007,Pass,0,0.9824378,0.36191082,0,0.8853772
1008,Pass,0,0.99950933,0.09121677,0,0.97714776
1009,Pass,0,0.9952016,0.11568095,0,0.9660627
1010,Pass,0,0.9997732,0.17902666,0,0.95262057
1011,Pass,0,0.99987555,0.027663182,0,0.99544615
1012,Pass,0,0.8416876,0.45975864,0,0.7352812
1013,Pass,0,0.90013576,0.4988823,0,0.7763978
1014,Pass,0,0.97833556,3.5270624,0,0.007445156
1015,Pass,0,0.94197357,0.23604926,0,0.88238233
1016,Pass,0,0.98415077,0.31636468,0,0.8995758
1017,Pass,0,0.9954228,0.26789752,0,0.92349994
1018,Pass,0,0.99628806,0.31789058,0,0.91024095
1019,Pass,0,0.9983827,0.020920837,0,0.9958604
1020,Pass,0,0.999209,0.2190667,0,0.94078773
1021,Pass,0,0.9970759,0.4785913,0,0.8657239
1022,Pass,0,0.99731463,0.35542437,0,0.9006107
1023,Pass,0,0.9935434,0.38238594,0,0.88964236
1024,Pass,0,0.95683646,0.3094151,0,0.87648624
1025,Pass,0,0.9996189,0.051422693,0,0.98848534
1026,Pass,0,0.93138266,0.5200875,0,0.7977735
1027,Pass,0,0.9983021,0.06518098,0,0.9833055
1028,Pass,0,0.99978095,0.3187011,0,0.91320336
1029,Pass,0,0.9963595,0.23620686,0,0.93328345
1030,Pass,0,0.9984029,0.08182049,0,0.9787146
1031,Pass,0,0.99323833,0.8141829,0,0.7682874
1032,Pass,0,0.8287808,0.63536865,0,0.68291616
1033,Pass,0,0.80388904,0.9887835,0,0.5821957
1034,Pass,0,0.99729794,0.5145994,0,0.8557783
1035,Pass,0,0.9960918,0.1486836,0,0.9576459
1036,Pass,0,0.98302585,0.235607,0,0.9209603
1037,Pass,0,0.99975437,0.051737133,0,0.9885305
1038,Pass,0,0.99814725,0.039890416,0,0.99027985
1039,Pass,0,0.46870965,1.1803687,0,0.31409875
1040,Pass,0,0.9984572,0.046395797,0,0.9887536
1041,Pass,0,0.9999832,0.097455695,0,0.9758496
1042,Pass,0,0.9988637,0.24844192,0,0.9321788
1043,Pass,0,0.9979716,0.37600014,0,0.89540666
1044,Pass,0,0.6472558,1.0428513,0,0.45887804
1045,Pass,0,0.5268604,0.54069704,0,0.4482154
1046,Pass,0,0.993012,0.38950154,0,0.8871717
1047,Pass,0,0.98505646,0.3622713,0,0.8876369
1048,Pass,0,0.9947472,0.37348694,0,0.89321953
1049,Pass,0,0.999974,0.18721558,0,0.95050013
1050,Pass,0,0.5913569,0.35757262,0,0.53365767
1051,Pass,0,0.9984754,0.3289788,0,0.9091136
1052,Pass,0,0.9856338,0.5889835,0,0.8250707
1053,Pass,0,0.99825746,0.23202656,0,0.9362393
1054,Pass,0,0.9993612,0.13628508,0,0.9642872
1055,Pass,0,0.9722358,0.6006389,0,0.810656
1056,Pass,0,0.95594853,0.44662154,0,0.8386427
1057,Pass,0,0.9996032,0.152981,0,0.959809
1058,Pass,0,0.9968867,0.17546976,0,0.9508713
1059,Pass,0,0.99978405,0.37733358,0,0.8966565
1060,Pass,0,0.99992836,0.3836124,0,0.89501333
1061,Pass,0,0.9940593,0.36165246,0,0.8959231
1062,Pass,0,0.48767897,1.221155,0,0.3211952
1063,Pass,0,0.99725854,0.16604039,0,0.95388085
1064,Pass,0,0.99303776,0.41444653,0,0.8802012
1065,Pass,0,0.9914119,0.19817708,0,0.93929344
1066,Pass,0,0.9621655,0.48914632,0,0.83254534
1067,Pass,0,0.99465215,0.33151913,0,0.9049192
1068,Pass,0,0.4993497,0.8009113,0,0.38812682
1069,Pass,0,0.9967494,0.34657252,0,0.90259117
1070,Pass,0,0.9998659,0.21464364,0,0.9426548
1071,Pass,0,0.99979824,0.339671,0,0.90730006
1072,Pass,0,0.8679017,0.6407096,0,0.7138431
1073,Pass,0,0.982002,0.40423688,0,0.87324995
1074,Pass,0,0.9899595,0.58729404,0,0.82916385
1075,Pass,0,0.98942345,0.07321983,0,0.9723147
1076,Pass,0,0.9940048,0.2600908,0,0.92437524
1077,Pass,0,0.9779649,0.36400923,0,0.88076687
1078,Pass,0,0.99550277,0.27730334,0,0.9209306
1079,Pass,0,0.9976814,0.40931228,0,0.88576335
1080,Pass,0,0.99548495,0.29463923,0,0.9160419
1081,Pass,0,0.9407598,0.6735128,0,0.76505595
1082,Pass,0,0.9697397,0.5425156,0,0.8244877
1083,Pass,0,0.9962345,0.09458186,0,0.9729997
1084,Pass,0,0.9996742,0.12399563,0,0.96805775
1085,Pass,0,0.9956239,0.16876523,0,0.9515513
1086,Pass,0,0.99329984,0.27911714,0,0.9183841
1087,Pass,0,0.99701154,0.21966077,0,0.93855155
1088,Pass,0,0.9734248,0.3323188,0,0.8853871
1089,Pass,0,0.99482036,0.48798808,0,0.86112636
1090,Pass,0,0.8971934,0.32924926,0,0.81682765
1091,Pass,0,0.9841085,0.31380174,0,0.9002493
1092,Pass,0,0.98680705,0.3193448,0,0.90117365
1093,Pass,0,0.9620168,0.6656853,0,0.7844688
1094,Pass,0,0.99925107,0.17949164,0,0.9519919
1095,Pass,0,0.99830854,0.30568653,0,0.9155265
1096,Pass,0,0.9067212,0.3793189,0,0.8126848
1097,Pass,0,0.9983714,0.10701311,0,0.9715829
1098,Pass,0,0.9922311,0.30879948,0,0.90908104
1099,Pass,0,0.99734926,0.17982504,0,0.9500862
1100,Pass,0,0.99998236,0.16802461,0,0.95592594
1101,Pass,0,0.89151746,0.7891108,0,0.69591504
1102,Pass,0,0.99999857,0.27836308,0,0.92479044
1103,Pass,0,0.989654,0.43774784,0,0.8706915
1104,Pass,0,0.99968445,0.11856536,0,0.96960026
1105,Pass,0,0.9904488,0.22436434,0,0.93105835
1106,Pass,0,0.9999474,0.18006425,0,0.95249367
1107,Pass,0,0.37780944,0.9616637,0,0.27651134
1108,Pass,0,0.9720424,0.30682418,0,0.8911262
1109,Pass,0,0.9996147,0.17963558,0,0.95229775
1110,Pass,0,0.99996364,0.10737216,0,0.973031
1111,Pass,0,0.999519,0.2270489,0,0.9388271
1112,Pass,0,0.9163133,1.742762,0,0.4685647
1113,Pass,0,0.9999951,0.11960017,0,0.9696094
1114,Pass,0,0.6994779,0.8824968,0,0.527568
1115,Pass,0,0.99788505,0.25600752,0,0.929134
1116,Pass,0,0.95075583,0.3904104,0,0.84917545
1117,Pass,0,0.99639434,0.08802979,0,0.97499895
1118,Pass,0,0.98417884,0.49343574,0,0.8504012
1119,Pass,0,0.9533362,0.62952363,0,0.78712314
1120,Pass,0,0.998429,0.23521914,0,0.93550026
1121,Pass,0,0.9057504,0.36383632,0,0.81577384
1122,Pass,0,0.99408275,0.39151484,0,0.8875633
1123,Pass,0,0.9999765,0.11847128,0,0.9699101
1124,Pass,0,0.9632961,0.39879063,0,0.8580968
1125,Pass,0,0.8210583,0.8605524,0,0.6243545
1126,Pass,0,0.9997483,0.46385372,0,0.87220395
1127,Pass,0,0.9928686,0.28771225,0,0.91557604
1128,Pass,0,0.98671824,0.9082206,0,0.73704755
1129,Pass,0,0.9998518,0.033444505,0,0.99379057
1130,Pass,0,0.9767288,0.39885008,0,0.87004614
1131,Pass,0,0.9928018,0.73542726,0,0.79002416
1132,Pass,0,0.9980028,0.2284851,0,0.93699837
1133,Pass,0,0.9963272,0.7577271,0,0.7865569
1134,Pass,0,0.9999709,0.14554282,0,0.9622619
1135,Pass,0,0.9972946,0.29105318,0,0.91871685
1136,Pass,0,0.99920636,0.21847029,0,0.9409535
1137,Pass,0,0.9965031,0.07830856,0,0.9778403
1138,Pass,0,0.68344545,1.1472925,0,0.4643829
1139,Pass,0,0.9995478,0.121941276,0,0.96851504
1140,Pass,0,0.9998337,0.21508686,0,0.94249934
1141,Pass,0,0.99948657,0.23662223,0,0.93609524
1142,Pass,0,0.9978765,0.4874129,0,0.8639338
1143,Pass,0,0.9944326,0.2880327,0,0.91692835
1144,Pass,0,0.99930286,0.13660154,0,0.9641417
1145,Pass,0,0.99087965,0.43261838,0,0.87320477
1146,Pass,0,0.9980762,0.20562527,0,0.9435087
1147,Pass,0,0.9295843,0.6324412,0,0.76674664
1148,Pass,0,0.999864,0.12895021,0,0.9668429
1149,Pass,0,0.99973005,0.41467378,0,0.88606894
1150,Pass,0,0.9943082,0.42509878,0,0.87833697
1151,Pass,0,0.98091805,0.22181076,0,0.92280626
1152,Pass,0,0.8901676,0.31327,0,0.81444705
1153,Pass,0,0.96599615,0.6795669,0,0.78392786
1154,Pass,0,0.9968911,0.1799705,0,0.9496088
1155,Pass,0,0.95342445,0.37558684,0,0.85554904
1156,Pass,0,0.6927756,0.9758682,0,0.50425076
1157,Pass,0,0.99415815,0.48737282,0,0.8607258
1158,Pass,0,0.9999881,0.33555734,0,0.9086337
1159,Pass,0,0.9661301,0.6153013,0,0.8015657
1160,Pass,0,0.99969304,0.28823975,0,0.9217204
1161,Pass,0,0.9998481,0.3205899,0,0.9127315
1162,Pass,0,0.9999963,0.22343913,0,0.9402946
1163,Pass,0,0.999908,0.1356607,0,0.9649911
1164,Pass,0,0.99775714,0.40179867,0,0.8879471
1165,Pass,0,0.98939323,0.23961696,0,0.9258056
1166,Pass,0,0.81185603,0.667044,0,0.66170996
1167,Pass,0,0.99983025,0.15388896,0,0.9597707
1168,Pass,0,0.9992155,0.18692136,0,0.94986206
1169,Pass,0,0.9302225,0.82140046,0,0.717648
1170,Pass,0,0.9960419,0.41361412,0,0.88309807
1171,Pass,0,0.9994475,0.20878533,0,0.9439134
1172,Pass,0,0.99911636,0.15503806,0,0.9587613
1173,Pass,0,0.8944079,0.57709736,0,0.7517072
1174,Pass,0,0.996999,0.13537921,0,0.9622629
1175,Pass,0,0.99948007,0.16519417,0,0.95624447
1176,Pass,0,0.98905855,0.24206856,0,0.9248079
1177,Pass,0,0.98021543,0.20121092,0,0.927846
1178,Pass,0,0.670502,1.0734602,0,0.46956444
1179,Pass,0,0.9980622,0.06910817,0,0.9819626
1180,Pass,0,0.9997075,0.0823715,0,0.979838
1181,Pass,0,0.98059547,0.8643544,0,0.74461824
1182,Pass,0,0.36361724,0.6416314,0,0.29897803
1183,Pass,0,0.9948295,0.33435848,0,0.90428305
1184,Pass,0,0.94799364,0.32515138,0,0.86417425
1185,Pass,0,0.99889284,0.33262923,0,0.9084643
1186,Pass,0,0.9996712,0.20989203,0,0.94381225
1187,Pass,0,0.68714494,0.48869157,0,0.59466296
1188,Pass,0,0.999647,0.24455298,0,0.93400735
1189,Pass,0,0.99800116,0.10874441,0,0.9707347
1190,Pass,0,0.99995804,0.26056445,0,0.9297777
1191,Pass,0,0.33171725,0.31731042,0,0.30312192
1192,Pass,0,0.49911845,0.69368356,0,0.40305677
1193,Pass,0,0.99935454,0.091637716,0,0.9768777
1194,Pass,0,0.9929878,0.31474236,0,0.9081083
1195,Pass,0,0.9995246,0.19086123,0,0.94904417
1196,Pass,0,0.9994417,0.2264452,0,0.93892485
1197,Pass,0,0.98248106,0.22824493,0,0.92249197
1198,Pass,0,0.7654475,0.62333673,0,0.63332963
1199,Pass,0,0.9997365,0.19085014,0,0.94924843
1200,Pass,0,0.84955734,0.4192684,0,0.7518676
1201,Pass,0,0.9990262,0.072246164,0,0.98202604
1202,Pass,0,0.78565556,0.6957195,0,0.63399464
1203,Pass,0,0.9999962,0.13629189,0,0.964898
1204,Pass,0,0.5126351,0.5470324,0,0.4351966
1205,Pass,0,0.99997187,0.14523692,0,0.96234924
1206,Pass,0,0.7992586,0.25074854,0,0.745379
1207,Pass,0,0.99899656,0.18489845,0,0.9502245
1208,Pass,0,0.77364105,0.7950654,0,0.6026006
1209,Pass,0,0.969914,0.39643508,0,0.864637
1210,Pass,0,0.9991416,0.34607777,0,0.9048969
1211,Pass,0,0.9986104,0.02792064,0,0.994114
1212,Pass,0,0.9863993,0.42935747,0,0.8701646
1213,Pass,0,0.9991272,0.043258138,0,0.99030215
1214,Pass,0,0.9985089,0.12821423,0,0.96574
1215,Pass,0,0.99632555,0.2340563,0,0.9338565
1216,Pass,0,0.953059,0.58495575,0,0.7988862
1217,Pass,0,0.72004664,0.3801753,0,0.64519626
1218,Pass,0,0.99085265,0.14286484,0,0.9542367
1219,Pass,0,0.9755122,0.41923526,0,0.8633482
1220,Pass,0,0.9906122,0.19995996,0,0.9380372
1221,Pass,0,0.99947494,0.23231538,0,0.93729967
1222,Pass,0,0.9998621,0.1764053,0,0.9534452
1223,Pass,0,0.97437245,0.25934526,0,0.9063232
1224,Pass,0,0.605292,0.722585,0,0.483857
1225,Pass,0,0.99962914,0.14989749,0,0.9607041
1226,Pass,0,0.47522914,2.3378582,0,0.16316967
1227,Pass,0,0.9656163,0.42455855,0,0.8531388
1228,Pass,0,0.9281441,0.5835324,0,0.7783747
1229,Pass,0,0.93470424,0.3478758,0,0.8460632
1230,Pass,0,0.9995415,0.16095449,0,0.95749974
1231,Pass,0,0.9998349,0.22339158,0,0.9401562
1232,Pass,0,0.43516487,1.5043514,0,0.25181574
1233,Pass,0,0.9982772,0.46459398,0,0.8707119
1234,Pass,0,0.9875589,0.5174726,0,0.84662014
1235,Pass,0,0.9969573,0.21171997,0,0.9407355
1236,Pass,0,0.99733174,0.10854858,0,0.9701388
1237,Pass,0,0.74206084,0.2532167,0,0.6915199
1238,Pass,0,0.99955016,0.06340083,0,0.9850372
1239,Pass,0,0.95406574,0.5577638,0,0.80705434
1240,Pass,0,0.9947666,0.34488752,0,0.90126884
1241,Pass,0,0.9929739,0.36599025,0,0.8937288
1242,Pass,0,0.39051366,2.0964918,0,0.16069353
1243,Pass,0,0.9238079,0.6514695,0,0.75701934
1244,Pass,0,0.9985257,0.29892442,0,0.917632
1245,Pass,0,0.99743795,0.34986013,0,0.90228885
1246,Pass,0,0.9950364,0.28807825,0,0.9174723
1247,Pass,0,0.44390282,1.5354214,0,0.25297827
1248,Pass,0,0.83235264,0.5542496,0,0.7049217
1249,Pass,0,0.99947363,0.31144172,0,0.91497105
1250,Pass,0,0.78883374,0.12314756,0,0.7640743
1251,Pass,0,0.98160386,0.66196924,0,0.8014707
1252,Pass,0,0.97087324,0.45072377,0,0.8506116
1253,Pass,0,0.98036194,0.66670245,0,0.79914665
1254,Pass,0,0.9987558,0.084826164,0,0.978213
1255,Pass,0,0.9828479,0.23292106,0,0.9215389
1256,Pass,0,0.6173159,0.6781534,0,0.50121224
1257,Pass,0,0.9983699,0.039484426,0,0.9906151
1258,Pass,0,0.9969337,0.27125356,0,0.9239571
1259,Pass,0,0.98904294,0.40491444,0,0.87932193
1260,Pass,0,0.55708843,1.1582816,0,0.3767983
1261,Pass,0,0.9999503,0.17175291,0,0.9548428
1262,Pass,0,0.8861853,0.25641876,0,0.8250271
1263,Pass,0,0.9668865,0.5791338,0,0.8120661
1264,Pass,0,0.98368835,0.3431773,0,0.8917068
1265,Pass,0,0.999496,0.20043759,0,0.9463147
1266,Pass,0,0.9916198,0.32059216,0,0.90521955
1267,Pass,0,0.9954261,0.3135698,0,0.9106677
1268,Pass,0,0.99793696,0.26695213,0,0.9260988
1269,Pass,0,0.9117096,0.5365787,0,0.7766778
1270,Pass,0,0.7759137,0.67057925,0,0.6316405
1271,Pass,0,0.99189246,0.22669095,0,0.93176395
1272,Pass,0,0.99936765,0.5755424,0,0.84035957
1273,Pass,0,0.9740674,0.41199464,0,0.8640607
1274,Pass,0,0.8605927,0.3104795,0,0.7880659
1275,Pass,0,0.991751,0.38805947,0,0.88644886
1276,Pass,0,0.99856216,0.31563684,0,0.912954
1277,Pass,0,0.9880102,0.35138252,0,0.8933358
1278,Pass,0,0.9999416,0.14318934,0,0.96289814
1279,Pass,0,0.9593095,0.52188534,0,0.8212072
1280,Pass,0,0.9986338,0.020394035,0,0.99625933
1281,Pass,0,0.9979042,0.5202423,0,0.85470873
1282,Pass,0,0.98224133,0.3797013,0,0.8802667
1283,Pass,0,0.70387024,0.40950832,0,0.6248724
1284,Pass,0,0.9998988,0.1357015,0,0.9649707
1285,Pass,0,0.99983,0.11763414,0,0.97000426
1286,Pass,0,0.99221635,0.37685615,0,0.89000314
1287,Pass,0,0.9955512,0.3286474,0,0.9065443
1288,Pass,0,0.8982502,0.38365185,0,0.8039936
1289,Pass,0,0.8899729,1.0306762,0,0.6340137
1290,Pass,0,0.70331496,0.6305899,0,0.58048105
1291,Pass,0,0.9975586,0.27424523,0,0.9236937
1292,Pass,0,0.9452935,0.39657548,0,0.84265137
1293,Pass,0,0.9988914,0.28514567,0,0.9218538
1294,Pass,0,0.99990094,0.13950098,0,0.9639002
1295,Pass,0,0.99926,0.04457255,0,0.99006295
1296,Pass,0,0.88428444,0.48920247,0,0.7651422
1297,Pass,0,0.99987245,0.11995077,0,0.96939147
1298,Pass,0,0.99436474,0.43723312,0,0.87498045
1299,Pass,0,0.737981,1.4615605,0,0.43596095
1300,Pass,0,0.9989213,0.2985794,0,0.9180928
1301,Pass,0,0.9985493,0.33386302,0,0.907804
1302,Pass,0,0.99673176,0.14209674,0,0.96011466
1303,Pass,0,0.99037826,0.3732629,0,0.8893591
1304,Pass,0,0.99789906,0.29898676,0,0.9170385
1305,Pass,0,0.99938476,0.08034978,0,0.98009205
1306,Pass,0,0.9998149,0.38889018,0,0.89342207
1307,Pass,0,0.99832493,0.31214964,0,0.91371995
1308,Pass,0,0.97966754,0.27473554,0,0.90699184
1309,Pass,0,0.9459329,0.2904018,0,0.87157595
1310,Pass,0,0.9480381,0.3442217,0,0.8591106
1311,Pass,0,0.96327066,0.29791874,0,0.8855066
1312,Pass,0,0.9954064,0.48715863,0,0.86186665
1313,Pass,0,0.9995994,0.15848729,0,0.9582514
1314,Pass,0,0.99985623,0.5043046,0,0.86087954
1315,Pass,0,0.90717125,0.5600753,0,0.7667937
1316,Pass,0,0.999554,0.04927825,0,0.9890263
1317,Pass,0,0.9872343,0.57598656,0,0.83003294
1318,Pass,0,0.9990433,0.07303329,0,0.9818208
1319,Pass,0,0.9674483,1.5893211,0,0.5366227
1320,Pass,0,0.9379531,0.14856003,0,0.9017839
1321,Pass,0,0.9997224,0.316989,0,0.9136331
1322,Pass,0,0.99432856,0.25467017,0,0.926198
1323,Pass,0,0.9999218,0.18312478,0,0.95160526
1324,Pass,0,0.9953383,0.23993917,0,0.9312781
1325,Pass,0,0.97342426,0.6826844,0,0.7890992
1326,Pass,0,0.58335674,1.2820557,0,0.37418044
1327,Pass,0,0.9480308,0.236249,0,0.88800293
1328,Pass,0,0.9053672,1.2232846,0,0.5957488
1329,Pass,0,0.99965286,0.040537268,0,0.9915911
1330,Pass,0,0.99746513,0.25822037,0,0.9281199
1331,Pass,0,0.957843,0.41985452,0,0.84754306
1332,Pass,0,0.9999739,0.2039869,0,0.9457652
1333,Pass,0,0.9999951,0.058772042,0,0.9867825
1334,Pass,0,0.9976278,0.2975159,0,0.9172035
1335,Pass,0,0.91567636,0.32419577,0,0.8349615
1336,Pass,0,0.97739637,0.33914384,0,0.8871162
1337,Pass,0,0.58208364,0.67776906,0,0.4726696
1338,Pass,0,0.99850696,0.07790548,0,0.97992027
1339,Pass,0,0.9670391,0.23689733,0,0.9056307
1340,Pass,0,0.9886651,0.5590584,0,0.83596087
1341,Pass,0,0.99678373,0.38984826,0,0.89044386
1342,Pass,0,0.99921227,0.3527143,0,0.90308875
1343,Pass,0,0.9719081,0.23933315,0,0.9095221
1344,Pass,0,0.99457425,0.32888404,0,0.9055882
1345,Pass,0,0.93132496,0.41900605,0,0.8243018
1346,Pass,0,0.9997222,0.22304122,0,0.9401491
1347,Pass,0,0.9968354,0.45283747,0,0.872763
1348,Pass,0,0.96488625,0.64910555,0,0.79132515
1349,Pass,0,0.97842765,0.26877046,0,0.9074916
1350,Pass,0,0.9995571,0.052861784,0,0.9880181
1351,Pass,0,0.99973315,0.08000647,0,0.9805306
1352,Pass,0,0.99311924,0.23878911,0,0.92952424
1353,Pass,0,0.9655687,0.2315394,0,0.9057143
1354,Pass,0,0.9898691,0.57219326,0,0.8333083
1355,Pass,0,0.84831494,0.6354806,0,0.6989855
1356,Pass,0,0.36517027,0.9954552,0,0.26377723
1357,Pass,0,0.93986654,0.5613801,0,0.7940835
1358,Pass,0,0.9991647,0.058232468,0,0.9861153
1359,Pass,0,0.9997868,0.09857809,0,0.97534114
1360,Pass,0,0.9968995,0.059521873,0,0.9835167
1361,Pass,0,0.99918514,0.12832247,0,0.96636355
1362,Pass,0,0.9998435,0.18802918,0,0.9501464
1363,Pass,0,0.98890674,0.7448349,0,0.7842982
1364,Pass,0,0.40257162,1.1796776,0,0.2698559
1365,Pass,0,0.9552522,0.47800472,0,0.82956815
1366,Pass,0,0.9995926,0.33050936,0,0.90969896
1367,Pass,0,0.9999552,0.16858177,0,0.95574266
1368,Pass,0,0.99286264,0.16216569,0,0.9507623
1369,Pass,0,0.9999932,0.071776114,0,0.9831093
1370,Pass,0,0.99937314,0.4585797,0,0.8733647
1371,Pass,0,0.9992442,0.34779763,0,0.90450466
1372,Pass,0,0.9899457,0.45248905,0,0.8668282
1373,Pass,0,0.9999132,0.1471548,0,0.9617514
1374,Pass,0,0.95048326,0.33022255,0,0.865083
1375,Pass,0,0.89429617,0.1741934,0,0.8533385
1376,Pass,0,0.99960536,0.33133417,0,0.9094778
1377,Pass,0,0.99806136,0.34158084,0,0.90518576
1378,Pass,0,0.6842404,0.81753695,0,0.5286241
1379,Pass,0,0.99964905,0.15012884,0,0.96065795
1380,Pass,0,0.95575446,0.38805693,0,0.854275
1381,Pass,0,0.98299396,0.22984938,0,0.9225283
1382,Pass,0,0.99997437,0.42377767,0,0.8837153
1383,Pass,0,0.96927446,0.5274049,0,0.82822716
1384,Pass,0,0.9874758,0.70678645,0,0.79377073
1385,Pass,0,0.98884493,0.5164365,0,0.84801185
1386,Pass,0,0.99995553,0.42158473,0,0.8843177
1387,Pass,0,0.99962616,0.16741243,0,0.9557582
1388,Pass,0,0.9996013,0.16513279,0,0.9563778
1389,Pass,0,0.9999083,0.18301366,0,0.9516238
1390,Pass,0,0.99969745,0.26979676,0,0.92692965
1391,Pass,0,0.99019086,0.29001093,0,0.91246414
1392,Pass,0,0.990464,0.035515595,0,0.98388046
1393,Pass,0,0.90985614,1.4300911,0,0.54557955
1394,Pass,0,0.80899566,0.66156626,0,0.66062975
1395,Pass,0,0.6860289,1.0492984,0,0.48511788
1396,Pass,0,0.9742314,0.3279314,0,0.8873275
1397,Pass,0,0.99797624,0.23208064,0,0.93596035
1398,Pass,0,0.9541129,0.3127048,0,0.8731052
1399,Pass,0,0.9956909,0.3214555,0,0.9086932
1400,Pass,0,0.9994936,0.19801289,0,0.9469966
1401,Pass,0,0.997419,0.22509302,0,0.9374054
1402,Pass,0,0.69835335,0.47791192,0,0.60648817
1403,Pass,0,0.9556952,0.7071227,0,0.7681335
1404,Pass,0,0.9509897,0.27438998,0,0.8805342
1405,Pass,0,0.98890173,0.3074552,0,0.906406
1406,Pass,0,0.9777069,0.41806766,0,0.8656128
1407,Pass,0,0.9999939,0.1643764,0,0.95696694
1408,Pass,0,0.9998869,0.25885725,0,0.9301934
1409,Pass,0,0.63189137,0.34546372,0,0.57239735
1410,Pass,0,0.9259897,0.32848266,0,0.843245
1411,Pass,0,0.98795426,0.22816618,0,0.92765296
1412,Pass,0,0.5793752,0.27212638,0,0.53682154
1413,Pass,0,0.9767818,0.42359117,0,0.8632706
1414,Pass,0,0.69375753,0.8382084,0,0.531928
1415,Pass,0,0.959453,0.5547065,0,0.8124396
1416,Pass,0,0.9996712,0.10263411,0,0.97408366
1417,Pass,0,0.9989102,0.33804494,0,0.90695274
1418,Pass,0,0.9775289,0.17085305,0,0.9336812
1419,Pass,0,0.9999894,0.16919918,0,0.9556011
1420,Pass,0,0.9998659,0.13546398,0,0.965006
1421,Pass,0,0.9983625,0.37942356,0,0.89479244
1422,Pass,0,0.9926756,1.061908,0,0.6984259
1423,Pass,0,0.9867295,0.26482058,0,0.91629195
1424,Pass,0,0.9993056,0.11285542,0,0.97084373
1425,Pass,0,0.97445947,0.7608,0,0.7684479
1426,Pass,0,0.99939513,0.18861878,0,0.9495539
1427,Pass,0,0.9979498,0.49817574,0,0.8609649
1428,Pass,0,0.98397833,0.16289163,0,0.94205296
1429,Pass,0,0.72705,0.51283985,0,0.6242405
1430,Pass,0,0.99967515,0.10523336,0,0.9733539
1431,Pass,0,0.98849773,0.31518534,0,0.9038784
1432,Pass,0,0.9948236,0.12084095,0,0.9642465
1433,Pass,0,0.7489355,0.4831781,0,0.64930296
1434,Pass,0,0.99956805,0.11974492,0,0.9691545
1435,Pass,0,0.98007363,0.19820058,0,0.92854476
1436,Pass,0,0.97276545,0.29308897,0,0.8955613
1437,Pass,0,0.8916609,0.29563653,0,0.82025236
1438,Pass,0,0.6495153,0.5191891,0,0.5565054
1439,Pass,0,0.90970826,0.21352401,0,0.8579434
1440,Pass,0,0.7301096,0.83309984,0,0.56085336
1441,Pass,0,0.8186564,0.504624,0,0.7047921
1442,Pass,0,0.9996207,0.2394163,0,0.9354324
1443,Pass,0,0.9993179,0.18319446,0,0.9510109
1444,Pass,0,0.98600197,0.42466933,0,0.87111914
1445,Pass,0,0.9998173,0.19452478,0,0.94828796
1446,Pass,0,0.98808587,0.31420746,0,0.90377456
1447,Pass,0,0.9413796,0.63439816,0,0.7759556
1448,Pass,0,0.9989573,0.056007776,0,0.98653793
1449,Pass,0,0.98041326,0.27160457,0,0.90854883
1450,Pass,0,0.9999416,0.22890206,0,0.9387009
1451,Pass,0,0.9983387,0.2695756,0,0.9257322
1452,Pass,0,0.98386323,0.23435101,0,0.9220937
1453,Pass,0,0.8641381,0.54171777,0,0.73489827
1454,Pass,0,0.95749074,0.41834497,0,0.84763944
1455,Pass,0,0.94720024,0.30443317,0,0.86899143
1456,Pass,0,0.9995309,0.22343335,0,0.9398586
1457,Pass,0,0.99991786,0.119284615,0,0.9696236
1458,Pass,0,0.9941507,0.14791662,0,0.95599496
1459,Pass,0,0.90055215,0.56635743,0,0.7596017
1460,Pass,0,0.99848735,0.4005981,0,0.8889353
1461,Pass,0,0.9999571,0.28686076,0,0.9223531
1462,Pass,0,0.69920886,0.45673808,0,0.6114109
1463,Pass,0,0.99836916,0.55087495,0,0.84647274
1464,Pass,0,0.76372033,0.52035207,0,0.65410566
1465,Pass,0,0.91716665,0.5756732,0,0.7712036
1466,Pass,0,0.50652087,1.4871669,0,0.29556453
1467,Pass,0,0.92637813,0.66145635,0,0.7565136
1468,Pass,0,0.95549065,0.5924599,0,0.7989002
1469,Pass,0,0.87121713,0.65955347,0,0.71193516
1470,Pass,0,0.95102024,0.65919656,0,0.7772439
1471,Pass,0,0.99967086,0.17145701,0,0.9546595
1472,Pass,0,0.940587,0.21128538,0,0.88765955
1473,Pass,0,0.99976295,0.13629904,0,0.96467096
1474,Pass,0,0.995375,0.2911752,0,0.91691417
1475,Pass,0,0.99433255,0.21683747,0,0.9368222
1476,Pass,0,0.99364305,0.38230816,0,0.8897534
1477,Pass,0,0.9987551,0.5452016,0,0.8483997
1478,Pass,0,0.99174994,0.20595168,0,0.9374369
1479,Pass,0,0.9999932,0.12280808,0,0.96870196
1480,Pass,0,0.9997738,0.15050541,0,0.96067154
1481,Pass,0,0.98589766,0.3444273,0,0.8933616
1482,Pass,0,0.98628056,0.71544594,0,0.79039866
1483,Pass,0,0.99794275,0.051109254,0,0.9869161
1484,Pass,0,0.99792236,0.054571807,0,0.9859205
1485,Pass,0,0.9970703,0.50856984,0,0.8572802
1486,Pass,0,0.9728338,0.182096,0,0.9261088
1487,Pass,0,0.9765535,0.1540707,0,0.93737644
1488,Pass,0,0.99964154,0.28067994,0,0.92380637
1489,Pass,0,0.9998294,0.1775833,0,0.9530816
1490,Pass,0,0.96786994,0.4952509,0,0.8358132
1491,Pass,0,0.99991393,0.12861118,0,0.96698695
1492,Pass,0,0.9800116,0.39635113,0,0.87366176
1493,Pass,0,0.999851,0.22494613,0,0.9397325
1494,Pass,0,0.9704381,0.94841695,0,0.713874
1495,Pass,0,0.9872602,0.3561152,0,0.89133865
1496,Pass,0,0.9829323,0.45781392,0,0.85920936
1497,Pass,0,0.99999416,0.08971111,0,0.9780468
1498,Pass,0,0.9999919,0.15779436,0,0.9588233
1499,Pass,0,0.97650325,0.5189453,0,0.83673626
1500,Pass,0,0.87323827,1.0670707,0,0.6131195
1501,Pass,0,0.99724776,0.36217943,0,0.8986484
1502,Pass,0,0.91957533,0.6581031,0,0.7518287
1503,Pass,0,0.99436074,0.16013561,0,0.9527667
1504,Pass,0,0.99960595,0.17282349,0,0.95421183
1505,Pass,0,0.980243,0.32462734,0,0.8937172
1506,Pass,0,0.9970829,0.24684462,0,0.93096644
1507,Pass,0,0.9966917,0.19430396,0,0.9453856
1508,Pass,0,0.99626786,0.3914259,0,0.88953924
1509,Pass,0,0.9967618,0.3692181,0,0.8962297
1510,Pass,0,0.9975925,0.19010995,0,0.9474212
1511,Pass,0,0.99995315,0.33031604,0,0.9100817
1512,Pass,0,0.98571044,0.2755426,0,0.9123618
1513,Pass,0,0.9924494,0.20570154,0,0.93816817
1514,Pass,0,0.7209177,0.41973016,0,0.63792616
1515,Pass,0,0.99946755,0.16137172,0,0.9573111
1516,Pass,0,0.99069816,0.38543096,0,0.886243
1517,Pass,0,0.9999124,0.096798584,0,0.97596604
1518,Pass,0,0.96315587,0.2431084,0,0.9003051
1519,Pass,0,0.99965024,0.16649163,0,0.9560411
1520,Pass,0,0.9957527,0.5141153,0,0.8545884
1521,Pass,0,0.99996984,0.1584266,0,0.95862365
1522,Pass,0,0.5245057,1.1672971,0,0.35342526
1523,Pass,0,0.8509204,0.72392476,0,0.67988497
1524,Pass,0,0.9996438,0.2925556,0,0.9204569
1525,Pass,0,0.99353737,0.4296928,0,0.87636745
1526,Pass,0,0.9665502,0.29830465,0,0.888416
1527,Pass,0,0.8658812,0.5282038,0,0.7396842
1528,Pass,0,0.9995895,0.08947966,0,0.9777164
1529,Pass,0,0.99996006,0.4073615,0,0.88833714
1530,Pass,0,0.99192387,1.2192115,0,0.6538453
1531,Pass,0,0.84579843,0.8824622,0,0.63793576
1532,Pass,0,0.9933094,0.21289377,0,0.93696415
1533,Pass,0,0.8383949,0.5767571,0,0.7047115
1534,Pass,0,0.9573051,0.16056855,0,0.91714406
1535,Pass,0,0.99933285,0.12099703,0,0.9685732
1536,Pass,0,0.9998834,0.22125107,0,0.9408061
1537,Pass,0,0.99972254,0.21941407,0,0.94117326
1538,Pass,0,0.9718279,0.34850165,0,0.8794946
1539,Pass,0,0.9991328,0.20711073,0,0.9440885
1540,Pass,0,0.9992538,0.2481806,0,0.93261653
1541,Pass,0,0.9986638,0.23856895,0,0.9347758
1542,Pass,0,0.9998455,0.1860413,0,0.9507094
1543,Pass,0,0.99459285,0.3509835,0,0.89939976
1544,Pass,0,0.9998915,0.15340166,0,0.9599671
1545,Pass,0,0.93592536,0.262603,0,0.8697004
1546,Pass,0,0.94469583,0.51038915,0,0.81176347
1547,Pass,0,0.98505116,0.3137827,0,0.9011169
1548,Pass,0,0.9953264,0.115987234,0,0.96609783
1549,Pass,0,0.8184475,1.3775448,0,0.50290954
1550,Pass,0,0.99972683,0.21042363,0,0.9437148
1551,Pass,0,0.57896245,0.62761354,0,0.47833323
1552,Pass,0,0.992785,0.4368718,0,0.8736916
1553,Pass,0,0.49154106,0.3572447,0,0.4436265
1554,Pass,0,0.642053,0.5291088,0,0.5483136
1555,Pass,0,0.9987103,0.097825654,0,0.9745031
1556,Pass,0,0.99975103,0.23012994,0,0.93817544
1557,Pass,0,0.9986351,0.2766998,0,0.9239985
1558,Pass,0,0.97000283,0.16608135,0,0.9277994
1559,Pass,0,0.7631408,0.6774814,0,0.6197555
1560,Pass,0,0.99984825,0.25008816,0,0.93263286
1561,Pass,0,0.9992279,0.24710956,0,0.93289447
1562,Pass,0,0.96034545,0.39115095,0,0.8575397
1563,Pass,0,0.99987185,0.2197131,0,0.94122934
1564,Pass,0,0.9994355,0.21737517,0,0.94147825
1565,Pass,0,0.9876479,0.20609686,0,0.93351907
1566,Pass,0,0.9423905,0.7887871,0,0.7357124
1567,Pass,0,0.99180424,0.37756887,0,0.88943386
1568,Pass,0,0.9975788,0.44632024,0,0.8752493
1569,Pass,0,0.70374465,0.7005199,0,0.56694186
1570,Pass,0,0.9099194,0.42412817,0,0.80404025
1571,Pass,0,0.9684064,0.69295025,0,0.78222483
1572,Pass,0,0.9902823,0.3316935,0,0.9008948
1573,Pass,0,0.99569356,0.31058347,0,0.9117518
1574,Pass,0,0.96374214,0.5737947,0,0.8108779
1575,Pass,0,0.99948066,0.18650809,0,0.9502308
1576,Pass,0,0.9996697,0.21105814,0,0.9434817
1577,Pass,0,0.99966776,0.23175502,0,0.9376387
1578,Pass,0,0.99972695,0.17071262,0,0.9549231
1579,Pass,0,0.9822755,0.3918197,0,0.8769367
1580,Pass,0,0.99902546,0.18014754,0,0.95159197
1581,Pass,0,0.5454755,1.0779089,0,0.38132104
1582,Pass,0,0.99893206,0.16135453,0,0.9568031
1583,Pass,0,0.8992906,0.40916833,0,0.79844636
1584,Pass,0,0.8596803,0.44651586,0,0.7542134
1585,Pass,0,0.9989887,0.24876878,0,0.9322032
1586,Pass,0,0.9975648,0.25631642,0,0.9287488
1587,Pass,0,0.95556533,0.45206288,0,0.8368386
1588,Pass,0,0.9998363,0.14162514,0,0.96323836
1589,Pass,0,0.9918113,0.18341982,0,0.943804
1590,Pass,0,0.997837,0.22429585,0,0.93802285
1591,Pass,0,0.8270598,0.56845033,0,0.69712335
1592,Pass,0,0.99966764,0.31281617,0,0.91476077
1593,Pass,0,0.9836753,0.2531846,0,0.91668725
1594,Pass,0,0.9488667,0.39035192,0,0.84750384
1595,Pass,0,0.9984295,0.18891545,0,0.9485528
1596,Pass,0,0.8446644,0.34813878,0,0.76449937
1597,Pass,0,0.868498,0.82678854,0,0.66870767
1598,Pass,0,0.9999138,0.17163631,0,0.95484084
1599,Pass,0,0.9992424,0.35217676,0,0.9032677
1600,Pass,0,0.86101204,0.43878278,0,0.7572615
1601,Pass,0,0.9983285,0.39684343,0,0.88985217
1602,Pass,0,0.9979492,0.24168015,0,0.93323034
1603,Pass,0,0.99907994,0.10382581,0,0.9731714
1604,Pass,0,0.9696797,0.25719517,0,0.9025468
1605,Pass,0,0.99884784,0.27980596,0,0.9233194
1606,Pass,0,0.9991966,0.3749973,0,0.89678866
1607,Pass,0,0.63531274,0.53701264,0,0.5411397
1608,Pass,0,0.99848664,0.17748542,0,0.95182914
1609,Pass,0,0.7622948,0.6082824,0,0.633961
1610,Pass,0,0.999778,0.14311837,0,0.9627606
1611,Pass,0,0.83881474,0.5337808,0,0.71524185
1612,Pass,0,0.99966717,0.35626367,0,0.9024982
1613,Pass,0,0.99961865,0.26148805,0,0.9292015
1614,Pass,0,0.9889742,0.51086324,0,0.8496789
1615,Pass,0,0.9996991,0.21537657,0,0.94229066
1616,Pass,0,0.99397224,0.24356703,0,0.92898184
1617,Pass,0,0.98022974,0.53686297,0,0.8349709
1618,Pass,0,0.7885834,0.77809703,0,0.61801714
1619,Pass,0,0.9659937,0.15376545,0,0.9273235
1620,Pass,0,0.9943514,0.19536209,0,0.9428687
1621,Pass,0,0.9644802,1.0519308,0,0.68130493
1622,Pass,0,0.9890565,0.38391235,0,0.8851985
1623,Pass,0,0.9988054,0.15504144,0,0.95846194
1624,Pass,0,0.9998116,0.23285978,0,0.93746173
1625,Pass,0,0.9993375,0.2443323,0,0.9337804
1626,Pass,0,0.8682707,0.5818311,0,0.7285797
1627,Pass,0,0.9982449,0.6006667,0,0.8323347
1628,Pass,0,0.9845918,0.36899483,0,0.8853492
1629,Pass,0,0.9999645,0.15773354,0,0.9588142
1630,Pass,0,0.99922514,0.03579465,0,0.99250466
1631,Pass,0,0.9745243,0.3141582,0,0.8913837
1632,Pass,0,0.9998789,0.10363818,0,0.9740026
1633,Pass,0,0.9996673,0.050759602,0,0.98872036
1634,Pass,0,0.49254507,0.75116265,0,0.3897557
1635,Pass,0,0.9987972,0.3199751,0,0.9119455
1636,Pass,0,0.9999064,0.2364382,0,0.9365404
1637,Pass,0,0.9487576,0.3855744,0,0.84868604
1638,Pass,0,0.9912136,0.09913962,0,0.9668205
1639,Pass,0,0.9995838,0.22626907,0,0.939108
1640,Pass,0,0.80411327,0.50827444,0,0.691443
1641,Pass,0,0.9790981,0.9493111,0,0.7199973
1642,Pass,0,0.7858915,0.33731398,0,0.71370625
1643,Pass,0,0.9997336,0.036807965,0,0.99272376
1644,Pass,0,0.53451973,0.50709015,0,0.45980293
1645,Pass,0,0.9946491,0.4469614,0,0.87249887
1646,Pass,0,0.9995395,0.05161041,0,0.98835385
1647,Pass,0,0.9748557,0.25654078,0,0.9075446
1648,Pass,0,0.94554514,0.39231062,0,0.8440142
1649,Pass,0,0.99993503,0.2534226,0,0.9317725
1650,Pass,0,0.99954575,0.28294525,0,0.92307866
1651,Pass,0,0.99924076,0.21667114,0,0.94149345
1652,Pass,0,0.9974694,0.24978861,0,0.93049836
1653,Pass,0,0.9993376,0.11391781,0,0.9705751
1654,Pass,0,0.9085719,0.56387985,0,0.7670018
1655,Pass,0,0.9787442,0.5471977,0,0.8308497
1656,Pass,0,0.99464154,0.3741698,0,0.89293283
1657,Pass,0,0.99928266,0.08546487,0,0.9785489
1658,Pass,0,0.5881135,0.5493779,0,0.49888378
1659,Pass,0,0.9980737,0.041974813,0,0.9896196
1660,Pass,0,0.9679366,0.24326232,0,0.90473175
1661,Pass,0,0.9998129,0.20806147,0,0.9444628
1662,Pass,0,0.99996436,0.13987306,0,0.96385634
1663,Pass,0,0.99536115,0.3512402,0,0.9000224
1664,Pass,0,0.99410075,0.2524489,0,0.92660916
1665,Pass,0,0.9983083,0.17344326,0,0.9527984
1666,Pass,0,0.99122435,0.14363594,0,0.95437884
1667,Pass,0,0.9993736,0.33827946,0,0.9073073
1668,Pass,0,0.98788494,0.1311861,0,0.95463586
1669,Pass,0,0.95911396,0.46037066,0,0.83769673
1670,Pass,0,0.9884581,0.52648705,0,0.8448754
1671,Pass,0,0.5548894,0.8867109,0,0.41785464
1672,Pass,0,0.99882156,0.21916074,0,0.94039637
1673,Pass,0,0.96802616,0.25682396,0,0.90110916
1674,Pass,0,0.9992384,0.12828743,0,0.96642494
1675,Pass,0,0.99971324,0.30897725,0,0.915886
1676,Pass,0,0.98280627,0.34805128,0,0.88955486
1677,Pass,0,0.9995096,0.3467459,0,0.9050417
1678,Pass,0,0.62290174,1.0831921,0,0.43451768
1679,Pass,0,0.9999125,0.3145002,0,0.91450936
1680,Pass,0,0.99919814,0.1687821,0,0.9549626
1681,Pass,0,0.99710375,2.1477134,0,0.39588177
1682,Pass,0,0.9063099,0.51669204,0,0.77716625
1683,Pass,0,0.9999528,0.1882493,0,0.95018804
1684,Pass,0,0.9979907,0.2892031,0,0.9198794
1685,Pass,0,0.9999436,0.097992994,0,0.9756593
1686,Pass,0,0.8402324,0.5081525,0,0.72253007
1687,Pass,0,0.9465301,0.374439,0,0.84966916
1688,Pass,0,0.9963433,0.2211168,0,0.9375129
1689,Pass,0,0.80709136,0.55343175,0,0.6837142
1690,Pass,0,0.997519,0.30050796,0,0.9162609
1691,Pass,0,0.9800506,0.11554699,0,0.9513924
1692,Pass,0,0.99290013,0.13479176,0,0.95847154
1693,Pass,0,0.99989235,0.18005078,0,0.95244503
1694,Pass,0,0.6829634,0.4908736,0,0.59062344
1695,Pass,0,0.80715823,0.6387023,0,0.6643395
1696,Pass,0,0.95965517,0.17845224,0,0.9145503
1697,Pass,0,0.98890895,0.36900124,0,0.8892295
1698,Pass,0,0.99980336,0.15252988,0,0.96012855
1699,Pass,0,0.99997616,0.07874339,0,0.9811256
1700,Pass,0,0.9974515,0.17015938,0,0.9529055
1701,Pass,0,0.69401914,0.6489468,0,0.56921196
1702,Pass,0,0.9765205,0.43278274,0,0.8605056
1703,Pass,0,0.9846319,0.27336133,0,0.9119699
1704,Pass,0,0.99801564,0.067675754,0,0.9823205
1705,Pass,0,0.9997075,0.16479044,0,0.95657605
1706,Pass,0,0.9996075,0.5560958,0,0.84604937
1707,Pass,0,0.991546,0.10778149,0,0.9647255
1708,Pass,0,0.9996854,0.25770333,0,0.9303317
1709,Pass,0,0.504495,0.8587546,0,0.38388744
1710,Pass,0,0.99981827,0.19339898,0,0.9486066
1711,Pass,0,0.98159397,0.2756103,0,0.90853286
1712,Pass,0,0.99904734,0.49573347,0,0.8626006
1713,Pass,0,0.9989248,0.19330306,0,0.947786
1714,Pass,0,0.9969977,0.24142016,0,0.9324138
1715,Pass,0,0.9993382,0.063736334,0,0.98473364
1716,Pass,0,0.6799648,0.19116119,0,0.6455659
1717,Pass,0,0.3930014,0.75879174,0,0.31013936
1718,Pass,0,0.9662415,0.3211742,0,0.88189363
1719,Pass,0,0.99816656,0.300548,0,0.91684437
1720,Pass,0,0.9999471,0.39717954,0,0.8912
1721,Pass,0,0.73687136,0.94516265,0,0.54273456
1722,Pass,0,0.87741137,0.32598433,0,0.7996264
1723,Pass,0,0.9999809,0.0974821,0,0.97584
1724,Pass,0,0.99988985,0.31264037,0,0.91501373
1725,Pass,0,0.9790572,0.33023944,0,0.89108485
1726,Pass,0,0.9993332,0.15287057,0,0.9595809
1727,Pass,0,0.99079424,0.38152492,0,0.88742155
1728,Pass,0,0.99813557,0.03230165,0,0.9924068
1729,Pass,0,0.99914753,0.10840315,0,0.97194606
1730,Pass,0,0.92982495,0.7180877,0,0.744462
1731,Pass,0,0.99949694,0.17574377,0,0.9532837
1732,Pass,0,0.9515388,0.76711124,0,0.74867743
1733,Pass,0,0.99996567,0.2986692,0,0.9190274
1734,Pass,0,0.999524,0.32527727,0,0.9111129
1735,Pass,0,0.9834179,0.31928512,0,0.89809513
1736,Pass,0,0.9972154,0.08696648,0,0.9761017
1737,Pass,0,0.47551307,1.36239,0,0.29422194
1738,Pass,0,0.999731,0.11136491,0,0.9716777
1739,Pass,0,0.9987663,0.15337941,0,0.95889306
1740,Pass,0,0.9031542,0.45934352,0,0.789083
1741,Pass,0,0.989052,0.29326043,0,0.9105074
1742,Pass,0,0.99928457,0.2728465,0,0.9256865
1743,Pass,0,0.931859,0.47805315,0,0.80924004
1744,Pass,0,0.99981517,0.17990285,0,0.95241326
1745,Pass,0,0.9765647,0.2631396,0,0.9073162
1746,Pass,0,0.9864413,0.25101373,0,0.9198695
1747,Pass,0,0.9682856,0.38096663,0,0.86741394
1748,Pass,0,0.98503566,0.47222573,0,0.8570401
1749,Pass,0,0.99716586,0.078427166,0,0.9784573
1750,Pass,0,0.97881305,0.42013124,0,0.8660219
1751,Pass,0,0.70183486,0.9337646,0,0.5191873
1752,Pass,0,0.9996854,0.1664106,0,0.9560976
1753,Pass,0,0.9987249,0.046270296,0,0.9890541
1754,Pass,0,0.5363935,1.2163434,0,0.35400823
1755,Pass,0,0.99952924,0.36070374,0,0.9011207
1756,Pass,0,0.98712224,0.3174988,0,0.9019759
1757,Pass,0,0.9986234,0.09422657,0,0.975433
1758,Pass,0,0.9994715,0.5091852,0,0.85917115
1759,Pass,0,0.90976024,0.3188637,0,0.8309363
1760,Pass,0,0.999438,0.14750858,0,0.96119446
1761,Pass,0,0.99508923,0.5902797,0,0.83262163
1762,Pass,0,0.9791356,0.36312774,0,0.8820648
1763,Pass,0,0.98647994,0.2826543,0,0.9110934
1764,Pass,0,0.9961015,0.15508287,0,0.9558556
1765,Pass,0,0.98577,0.4744025,0,0.8570732
1766,Pass,0,0.9994357,0.08079311,0,0.98001695
1767,Pass,0,0.99628806,0.42652223,0,0.8796856
1768,Pass,0,0.99938416,0.22122338,0,0.94034415
1769,Pass,0,0.9972765,0.44003665,0,0.8767533
1770,Pass,0,0.9993568,0.15263478,0,0.9596701
1771,Pass,0,0.9911513,0.22726443,0,0.9309072
1772,Pass,0,0.7873425,0.72080296,0,0.62978023
1773,Pass,0,0.8292841,0.33992776,0,0.75250125
1774,Pass,0,0.96881884,0.49333835,0,0.83715576
1775,Pass,0,0.9961888,0.117511116,0,0.9665063
1776,Pass,0,0.9982657,0.21339339,0,0.9414985
1777,Pass,0,0.9991161,0.23897028,0,0.935086
1778,Pass,0,0.9988625,0.37135625,0,0.8975156
1779,Pass,0,0.99835867,0.32807657,0,0.90926164
1780,Pass,0,0.9990376,0.030623617,0,0.9937769
1781,Pass,0,0.93095416,0.48309976,0,0.8071279
1782,Pass,0,0.8136602,0.8791021,0,0.6144676
1783,Pass,0,0.99959785,0.26007476,0,0.92958105
1784,Pass,0,0.99992466,0.117907934,0,0.9700188
1785,Pass,0,0.9409999,0.092690215,0,0.91955584
1786,Pass,0,0.9907459,0.28711477,0,0.9137857
1787,Pass,0,0.9971163,0.30431715,0,0.9148187
1788,Pass,0,0.9592995,0.3858655,0,0.8580372
1789,Pass,0,0.9771767,0.3822263,0,0.8750313
1790,Pass,0,0.64452785,0.9734276,0,0.46957675
1791,Pass,0,0.99958235,0.042690344,0,0.9909135
1792,Pass,0,0.9975762,0.26871404,0,0.9252678
1793,Pass,0,0.99464405,0.2808589,0,0.9191378
1794,Pass,0,0.950325,0.6432589,0,0.7809518
1795,Pass,0,0.9998653,0.18711625,0,0.9504248
1796,Pass,0,0.98240983,0.13710059,0,0.9477046
1797,Pass,0,0.94284904,0.44788995,0,0.82681304
1798,Pass,0,0.9943657,0.44598177,0,0.8725253
1799,Pass,0,0.9999511,0.09871978,0,0.9754615
1800,Pass,0,0.59524375,0.3889007,0,0.5319006
1801,Pass,0,0.94790524,0.41418308,0,0.8402675
1802,Pass,0,0.92857057,0.3037456,0,0.8520802
1803,Pass,0,0.9998592,0.1650239,0,0.95665526
1804,Pass,0,0.999998,0.1860376,0,0.95085543
1805,Pass,0,0.9999584,0.21556902,0,0.94248074
1806,Pass,0,0.9984206,0.2899498,0,0.92006516
1807,Pass,0,0.99948186,0.3176169,0,0.9132361
1808,Pass,0,0.7465179,0.66898924,0,0.60804564
1809,Pass,0,0.8959367,0.76781654,0,0.70475096
1810,Pass,0,0.99990034,0.19698186,0,0.9476731
1811,Pass,0,0.8405317,0.45721036,0,0.7348761
1812,Pass,0,0.98169357,0.15465192,0,0.9421492
1813,Pass,0,0.610147,0.53730106,0,0.5196547
1814,Pass,0,0.995106,0.37850407,0,0.8921321
1815,Pass,0,0.99873084,0.23798987,0,0.9350019
1816,Pass,0,0.99186134,0.5006082,0,0.855031
1817,Pass,0,0.95192385,0.36244392,0,0.8577346
1818,Pass,0,0.9985434,0.21432224,0,0.9414985
1819,Pass,0,0.98718065,0.47995728,0,0.8567515
1820,Pass,0,0.9996126,0.029069299,0,0.9947876
1821,Pass,0,0.9979359,0.44693384,0,0.8753898
1822,Pass,0,0.9557871,0.33975336,0,0.8673385
1823,Pass,0,0.84207696,0.7458776,0,0.66760015
1824,Pass,0,0.99952924,0.17435823,0,0.95370555
1825,Pass,0,0.9717226,0.24685453,0,0.9072851
1826,Pass,0,0.9996562,0.33545876,0,0.90835994
1827,Pass,0,0.9996772,0.2012386,0,0.94626015
1828,Pass,0,0.8949956,0.7350238,0,0.71229666
1829,Pass,0,0.9891774,0.08684342,0,0.9682683
1830,Pass,0,0.9984675,0.027607353,0,0.99406004
1831,Pass,0,0.99935776,0.3039776,0,0.9169709
1832,Pass,0,0.9952236,0.32230332,0,0.9080285
1833,Pass,0,0.9984164,0.24695243,0,0.93218124
1834,Pass,0,0.99947363,0.033409256,0,0.9934246
1835,Pass,0,0.9987495,0.047251683,0,0.9888017
1836,Pass,0,0.9980831,0.080046855,0,0.9789009
1837,Pass,0,0.9846219,0.29332954,0,0.9064098
1838,Pass,0,0.9998099,0.27247095,0,0.9262792
1839,Pass,0,0.83611184,0.43594208,0,0.7360323
1840,Pass,0,0.99910164,0.29131272,0,0.9203083
1841,Pass,0,0.9990362,0.26786837,0,0.92686045
1842,Pass,0,0.6254755,0.1998925,0,0.5922914
1843,Pass,0,0.9860823,0.5192987,0,0.8448459
1844,Pass,0,0.99598145,0.14208402,0,0.9593955
1845,Pass,0,0.99996996,0.12771092,0,0.9672952
1846,Pass,0,0.96498656,0.5807001,0,0.81004363
1847,Pass,0,0.9992488,0.34933785,0,0.9040743
1848,Pass,0,0.99981624,0.11115991,0,0.9718184
1849,Pass,0,0.96229935,0.40847096,0,0.854579
1850,Pass,0,0.95515656,0.8345392,0,0.7333411
1851,Pass,0,0.9838087,0.26036575,0,0.914817
1852,Pass,0,0.99897873,0.32291505,0,0.9112821
1853,Pass,0,0.9776089,0.38135272,0,0.87565947
1854,Pass,0,0.9999796,0.16351604,0,0.95719624
1855,Pass,0,0.78637385,0.5197922,0,0.6736321
1856,Pass,0,0.995812,0.36769262,0,0.8958046
1857,Pass,0,0.8951535,0.45064005,0,0.7842924
1858,Pass,0,0.9999479,0.13310234,0,0.9657519
1859,Pass,0,0.99999535,0.41161123,0,0.8871687
1860,Pass,0,0.99852556,0.2694776,0,0.92593306
1861,Pass,0,0.9968214,0.11341904,0,0.9682717
1862,Pass,0,0.99395907,0.2532106,0,0.9262634
1863,Pass,0,0.99952817,0.27706885,0,0.92472064
1864,Pass,0,0.99914,0.15235275,0,0.95954144
1865,Pass,0,0.8419444,0.7417621,0,0.66847324
1866,Pass,0,0.998372,0.32528508,0,0.91006064
1867,Pass,0,0.9994442,0.0627362,0,0.9851203
1868,Pass,0,0.81962144,0.6581024,0,0.6701083
1869,Pass,0,0.99509263,0.23216377,0,0.93323255
1870,Pass,0,0.99929595,0.19181333,0,0.94855845
1871,Pass,0,0.6558957,0.72095203,0,0.5246109
1872,Pass,0,0.999928,0.115595855,0,0.97067475
1873,Pass,0,0.99429804,0.23256058,0,0.932376
1874,Pass,0,0.99366623,0.31204638,0,0.909485
1875,Pass,0,0.9998878,0.16500193,0,0.9566889
1876,Pass,0,0.9996953,0.057448797,0,0.98686016
1877,Pass,0,0.9913662,0.19947487,0,0.93888694
1878,Pass,0,0.80179495,0.7513862,0,0.63441753
1879,Pass,0,0.993469,0.22195826,0,0.93457234
1880,Pass,0,0.9932516,0.44560197,0,0.8716542
1881,Pass,0,0.9745783,0.29561165,0,0.8965362
1882,Pass,0,0.91451865,0.4780634,0,0.79417884
1883,Pass,0,0.7794272,0.32064483,0,0.71150374
1884,Pass,0,0.9993856,0.19831765,0,0.94680834
1885,Pass,0,0.9864792,0.7509072,0,0.7806817
1886,Pass,0,0.9926042,0.20856558,0,0.93751186
1887,Pass,0,0.99883693,0.34951833,0,0.9036508
1888,Pass,0,0.9881486,0.19532259,0,0.93699807
1889,Pass,0,0.98183686,0.1843431,0,0.93405646
1890,Pass,0,0.9995827,0.1542132,0,0.95944154
1891,Pass,0,0.9993191,0.25389218,0,0.93106604
1892,Pass,0,0.99912065,0.14900051,0,0.9604685
1893,Pass,0,0.9770075,0.653524,0,0.80004734
1894,Pass,0,0.9218411,0.49404943,0,0.79637724
1895,Pass,0,0.9993278,0.2979825,0,0.91863483
1896,Pass,0,0.99964714,0.18731673,0,0.9501608
1897,Pass,0,0.99962914,0.052634634,0,0.9881534
1898,Pass,0,0.9836056,0.16752023,0,0.9404108
1899,Pass,0,0.62736845,0.63020635,0,0.51786655
1900,Pass,0,0.97262484,0.44840607,0,0.8527826
1901,Pass,0,0.84192735,1.9462072,0,0.38216886
1902,Pass,0,0.9981382,0.25200838,0,0.9304967
1903,Pass,0,0.6440232,1.1711115,0,0.43326566
1904,Pass,0,0.9730488,0.31258246,0,0.890467
1905,Pass,0,0.9999598,0.111719094,0,0.9718001
1906,Pass,0,0.9784077,0.2678669,0,0.90772265
1907,Pass,0,0.9976349,0.2153309,0,0.94035786
1908,Pass,0,0.9652885,0.33913475,0,0.8761292
1909,Pass,0,0.99090564,0.44874436,0,0.86871636
1910,Pass,0,0.9966665,0.26637226,0,0.925083
1911,Pass,0,0.97345734,0.7738949,0,0.7640587
1912,Pass,0,0.9990301,0.24218658,0,0.93409836
1913,Pass,0,0.87135804,0.49162117,0,0.75336236
1914,Pass,0,0.99903893,0.28459242,0,0.922146
1915,Pass,0,0.9871028,0.3690946,0,0.8875793
1916,Pass,0,0.9996629,0.13025165,0,0.9662811
1917,Pass,0,0.98957026,0.41797146,0,0.8761429
1918,Pass,0,0.9921604,0.2637927,0,0.92162305
1919,Pass,0,0.9999107,0.093202636,0,0.9769795
1920,Pass,0,0.95515764,0.5712907,0,0.8043303
1921,Pass,0,0.999992,0.08526309,0,0.9793005
1922,Pass,0,0.99932027,0.042064615,0,0.99083024
1923,Pass,0,0.9999536,0.19650088,0,0.9478594
1924,Pass,0,0.9960509,0.408801,0,0.8844595
1925,Pass,0,0.9998621,0.23167099,0,0.9378447
1926,Pass,0,0.9934767,0.63706034,0,0.8181513
1927,Pass,0,0.8041261,0.32472515,0,0.7331239
1928,Pass,0,0.99843234,0.33189598,0,0.9082522
1929,Pass,0,0.99930096,0.22939563,0,0.93796027
1930,Pass,0,0.8390088,0.32816586,0,0.7641116
1931,Pass,0,0.9958982,0.4115922,0,0.88353914
1932,Pass,0,0.9946464,0.17864983,0,0.9478414
1933,Pass,0,0.98197144,0.2645461,0,0.91194963
1934,Pass,0,0.99951756,0.0610965,0,0.9856553
1935,Pass,0,0.9999163,0.1479293,0,0.96153575
1936,Pass,0,0.9921291,0.49842677,0,0.85587287
1937,Pass,0,0.9993961,0.12394527,0,0.9678026
1938,Pass,0,0.85445327,0.9578459,0,0.62627864
1939,Pass,0,0.99916184,0.24385256,0,0.93375164
1940,Pass,0,0.99470925,0.43822938,0,0.8750038
1941,Pass,0,0.84123063,1.0239726,0,0.60088193
1942,Pass,0,0.97319376,0.41261336,0,0.86311567
1943,Pass,0,0.99391323,0.24478969,0,0.9285836
1944,Pass,0,0.99925774,0.35857028,0,0.9014779
1945,Pass,0,0.99982184,0.095078684,0,0.9763631
1946,Pass,0,0.9954483,0.22328715,0,0.9360608
1947,Pass,0,0.9207498,0.5951141,0,0.76916283
1948,Pass,0,0.9769732,0.45673126,0,0.8542989
1949,Pass,0,0.9986457,0.2961961,0,0.9185115
1950,Pass,0,0.99997544,0.10438934,0,0.97388464
1951,Pass,0,0.9873821,0.58854467,0,0.82665646
1952,Pass,0,0.3852493,0.8577652,0,0.2932569
1953,Pass,0,0.9917087,0.54827166,0,0.8415545
1954,Pass,0,0.9943598,0.5716235,0,0.8372486
1955,Pass,0,0.88516915,1.6051913,0,0.48701826
1956,Pass,0,0.9181384,0.31776553,0,0.83887327
1957,Pass,0,0.99990463,0.14503098,0,0.9623427
1958,Pass,0,0.9999685,0.19678187,0,0.9477942
1959,Pass,0,0.99831605,0.21054055,0,0.9423501
1960,Pass,0,0.99774605,0.25686646,0,0.9287627
1961,Pass,0,0.994341,0.3174036,0,0.9085987
1962,Pass,0,0.99971503,0.3244359,0,0.91152453
1963,Pass,0,0.8998969,0.6253246,0,0.7440677
1964,Pass,0,0.98162085,0.11554031,0,0.9529186
1965,Pass,0,0.5856053,0.93229306,0,0.43344897
1966,Pass,0,0.9999932,0.14398675,0,0.9627227
1967,Pass,0,0.99995387,0.19856767,0,0.9472761
1968,Pass,0,0.7454775,0.30874372,0,0.6830174
1969,Pass,0,0.96780425,0.4416401,0,0.85040474
1970,Pass,0,0.9900186,0.36440513,0,0.8915119
1971,Pass,0,0.99996614,0.1501925,0,0.9609447
1972,Pass,0,0.9999925,0.2029933,0,0.9460633
1973,Pass,0,0.9081984,0.4978931,0,0.7836058
1974,Pass,0,0.9999255,0.086055055,0,0.9790118
1975,Pass,0,0.9999373,0.33632854,0,0.90836984
1976,Pass,0,0.98849523,0.4571019,0,0.8642708
1977,Pass,0,0.9996233,0.15218471,0,0.96005297
1978,Pass,0,0.99870276,0.24864182,0,0.9319722
1979,Pass,0,0.9677356,0.31727976,0,0.88432133
1980,Pass,0,0.9995857,0.22098617,0,0.9406007
1981,Pass,0,0.9813743,0.60795027,0,0.81625
1982,Pass,0,0.5919584,0.9021807,0,0.4431838
1983,Pass,0,0.99074465,0.39895165,0,0.88250273
1984,Pass,0,0.5658738,0.8906138,0,0.42550284
1985,Pass,0,0.9958722,0.40292516,0,0.8859529
1986,Pass,0,0.9988387,0.096748926,0,0.9749321
1987,Pass,0,0.93942,0.812207,0,0.72718203
1988,Pass,0,0.9985671,0.30996382,0,0.9145578
1989,Pass,0,0.8588795,0.37544835,0,0.7707433
1990,Pass,0,0.9993136,0.15360007,0,0.9593562
1991,Pass,0,0.998156,0.22472923,0,0.9382006
1992,Pass,0,0.9559072,0.36716348,0,0.8600502
1993,Pass,0,0.97843456,0.17399526,0,0.9336782
1994,Pass,0,0.9976125,0.09882683,0,0.97314996
1995,Pass,0,0.9986487,0.1585687,0,0.95731705
1996,Pass,0,0.99646485,0.2086031,0,0.9411477
1997,Pass,0,0.9985306,0.19994168,0,0.9455405
1998,Pass,0,0.984984,0.3772102,0,0.8834173
1999,Pass,0,0.97984195,0.3976991,0,0.87313765
2000,Pass,0,0.99515104,0.20280083,0,0.941537
2001,Pass,0,0.98994327,0.5658365,0,0.8351473
2002,Pass,0,0.9993305,0.1347718,0,0.96468455
2003,Pass,0,0.9993555,0.23268287,0,0.937084
2004,Pass,0,0.75291795,0.70625144,0,0.60533786
2005,Pass,0,0.9993617,0.37869912,0,0.89589244
2006,Pass,0,0.99954236,0.18842888,0,0.94974744
2007,Pass,0,0.9997365,0.26820976,0,0.9274139
2008,Pass,0,0.9796417,0.39469293,0,0.87379056
2009,Pass,0,0.9569632,0.45445207,0,0.8374173
2010,Pass,0,0.97977656,0.086156614,0,0.9592561
2011,Pass,0,0.9767631,0.37077415,0,0.877819
2012,Pass,0,0.9994261,0.15173766,0,0.9599898
2013,Pass,0,0.9935121,0.1296365,0,0.9605083
2014,Pass,0,0.9942753,0.24954937,0,0.9275858
2015,Pass,0,0.999592,0.05886629,0,0.98635817
2016,Pass,0,0.84677273,0.6068887,0,0.70455
2017,Pass,0,0.9983748,0.16625023,0,0.9548894
2018,Pass,0,0.93432397,0.7086575,0,0.75055164
2019,Pass,0,0.98357195,0.60570824,0,0.8187005
2020,Pass,0,0.99895847,0.17666064,0,0.95251155
2021,Pass,0,0.9997538,0.44942594,0,0.876281
2022,Pass,0,0.99947625,0.16288944,0,0.9568912
2023,Pass,0,0.5758613,0.40360215,0,0.5121906
2024,Pass,0,0.8409804,0.863135,0,0.6388906
2025,Pass,0,0.93217784,0.60950434,0,0.7749223
2026,Pass,0,0.9998586,0.11216931,0,0.97157466
2027,Pass,0,0.9924759,0.25460675,0,0.92449003
2028,Pass,0,0.94353634,0.38165236,0,0.8450602
2029,Pass,0,0.99716693,0.53862226,0,0.8489028
2030,Pass,0,0.99909115,0.2662423,0,0.92737013
2031,Pass,0,0.99999046,0.13304432,0,0.96580935
2032,Pass,0,0.9999212,0.113135725,0,0.97136265
2033,Pass,0,0.7353478,0.5560281,0,0.62239885
2034,Pass,0,0.99833494,0.072144546,0,0.9813752
2035,Pass,0,0.7113491,0.71883297,0,0.56939024
2036,Pass,0,0.9998952,0.19913188,0,0.9470613
2037,Pass,0,0.9969984,0.25877494,0,0.9275295
2038,Pass,0,0.9761114,0.23587649,0,0.9144082
2039,Pass,0,0.9989974,0.36966407,0,0.8981141
2040,Pass,0,0.95226055,0.8410716,0,0.7293615
2041,Pass,0,0.9983279,0.06170779,0,0.98430985
2042,Pass,0,0.9997904,0.22780828,0,0.9388677
2043,Pass,0,0.95563304,0.7977925,0,0.7436211
2044,Pass,0,0.8808292,0.6348015,0,0.7259452
2045,Pass,0,0.99910516,0.16201733,0,0.95678186
2046,Pass,0,0.9985096,0.14882965,0,0.95992917
2047,Pass,0,0.988367,0.31280503,0,0.90442306
2048,Pass,0,0.9799421,0.25466132,0,0.9127997
2049,Pass,0,0.58854395,0.599332,0,0.49094862
2050,Pass,0,0.9990545,0.2818934,0,0.92292166
2051,Pass,0,0.9983924,0.046392467,0,0.9886904
2052,Pass,0,0.8631296,0.6900318,0,0.6978992
2053,Pass,0,0.5007516,0.74358124,0,0.39732143
2054,Pass,0,0.99250364,0.37464616,0,0.8908801
2055,Pass,0,0.71844536,0.37608674,0,0.64459074
2056,Pass,0,0.98770416,0.36014712,0,0.8906151
2057,Pass,0,0.99834216,0.28586182,0,0.9211451
2058,Pass,0,0.9170602,0.56651956,0,0.773484
2059,Pass,0,0.99476165,0.3446032,0,0.90134424
2060,Pass,0,0.9999151,0.23001935,0,0.9383607
2061,Pass,0,0.99899524,0.18874663,0,0.9491379
2062,Pass,0,0.99999356,0.11272448,0,0.97154903
2063,Pass,0,0.9571967,0.45013678,0,0.8387878
2064,Pass,0,0.9948486,0.32912627,0,0.90577006
2065,Pass,0,0.99862707,0.43231788,0,0.8801169
2066,Pass,0,0.99766976,0.21247661,0,0.94119465
2067,Pass,0,0.9371271,0.31215036,0,0.8577083
2068,Pass,0,0.50554025,0.62817866,0,0.41759184
2069,Pass,0,0.99850094,0.19381344,0,0.94723994
2070,Pass,0,0.42657232,1.0603757,0,0.30031195
2071,Pass,0,0.9860513,0.090385266,0,0.9642223
2072,Pass,0,0.99918216,0.27403516,0,0.9252563
2073,Pass,0,0.94032305,0.8257106,0,0.7242962
2074,Pass,0,0.99854726,0.36028084,0,0.9003546
2075,Pass,0,0.99813664,0.49939135,0,0.8607835
2076,Pass,0,0.99991953,0.12873022,0,0.96695876
2077,Pass,0,0.9998776,0.18660058,0,0.950582
2078,Pass,0,0.99991775,0.2135002,0,0.9430265
2079,Pass,0,0.99607086,0.19631884,0,0.9442301
2080,Pass,0,0.9997664,0.25898072,0,0.93004656
2081,Pass,0,0.996424,0.19620535,0,0.9445968
2082,Pass,0,0.934628,0.44266096,0,0.8209836
2083,Pass,0,0.99983716,0.10903735,0,0.9724379
2084,Pass,0,0.9969351,0.80317277,0,0.7742458
2085,Pass,0,0.96631694,0.13318747,0,0.9332478
2086,Pass,0,0.9994246,0.14226624,0,0.96266073
2087,Pass,0,0.99998474,0.10879036,0,0.9726512
2088,Pass,0,0.9986424,0.39875212,0,0.88959384
2089,Pass,0,0.9774277,0.47140443,0,0.85064733
2090,Pass,0,0.7557783,0.9911858,0,0.54684013
2091,Pass,0,0.9957729,0.28531694,0,0.91892767
2092,Pass,0,0.92491883,0.1237627,0,0.89572746
2093,Pass,0,0.4989902,0.6596661,0,0.40774548
2094,Pass,0,0.94960445,0.34397,0,0.8605975
2095,Pass,0,0.9878135,0.432553,0,0.87052095
2096,Pass,0,0.99997187,0.17459854,0,0.95406
2097,Pass,0,0.99664766,0.47002536,0,0.8677623
2098,Pass,0,0.9104376,0.8654508,0,0.6910618
2099,Pass,0,0.82941246,0.64409816,0,0.68139255
2100,Pass,0,0.9992461,0.2866157,0,0.92176646
2101,Pass,0,0.998909,0.44525632,0,0.87671643
2102,Pass,0,0.99982125,0.19238283,0,0.9488963
2103,Pass,0,0.9994529,0.23086597,0,0.937688
2104,Pass,0,0.9987723,0.1690085,0,0.9544918
2105,Pass,0,0.6488691,0.9353609,0,0.47971302
2106,Pass,0,0.9998223,0.5480832,0,0.84849286
2107,Pass,0,0.83654875,0.6428729,0,0.68754464
2108,Pass,0,0.99762064,0.107690796,0,0.9706614
2109,Pass,0,0.8563303,1.7497137,0,0.43621123
2110,Pass,0,0.7349472,0.47350883,0,0.6391819
2111,Pass,0,0.9994624,0.5116179,0,0.8584769
2112,Pass,0,0.98864007,0.23568147,0,0.92619926
2113,Pass,0,0.9952839,0.5976153,0,0.8307232
2114,Pass,0,0.9998393,0.22591628,0,0.9394477
2115,Pass,0,0.9922247,0.28679422,0,0.9152394
2116,Pass,0,0.9888115,0.49839637,0,0.85301936
2117,Pass,0,0.99900013,0.33466297,0,0.90798825
2118,Pass,0,0.7275307,0.7762309,0,0.5705531
2119,Pass,0,0.9987453,0.25189283,0,0.93109524
2120,Pass,0,0.99909043,0.25087005,0,0.9317054
2121,Pass,0,0.8931471,0.57445323,0,0.7513143
2122,Pass,0,0.97221684,0.48822355,0,0.8414958
2123,Pass,0,0.9924534,0.50081205,0,0.8554843
2124,Pass,0,0.999995,0.24560551,0,0.9340353
2125,Pass,0,0.7488115,1.0412058,0,0.5312248
2126,Pass,0,0.9902506,0.27721947,0,0.9160953
2127,Pass,0,0.99964726,0.19629505,0,0.94762707
2128,Pass,0,0.999905,0.12935203,0,0.96676916
2129,Pass,0,0.454925,0.72110814,0,0.36384666
2130,Pass,0,0.7133264,2.1486888,0,0.28301674
2131,Pass,0,0.96546894,0.57685804,0,0.8114958
2132,Pass,0,0.99958485,0.350526,0,0.9040431
2133,Pass,0,0.68871236,0.41667044,0,0.61002314
2134,Pass,0,0.99928266,0.3639049,0,0.8999953
2135,Pass,0,0.86381763,1.7525603,0,0.43933105
2136,Pass,0,0.9971486,0.14944375,0,0.9584479
2137,Pass,0,0.998271,0.0791814,0,0.97932905
2138,Pass,0,0.63611436,0.3683284,0,0.5721165
2139,Pass,0,0.99954957,0.22459556,0,0.9395482
2140,Pass,0,0.9999695,0.15942273,0,0.9583421
2141,Pass,0,0.9997886,0.18294568,0,0.951529
2142,Pass,0,0.9965772,0.30283153,0,0.91474205
2143,Pass,0,0.99864393,0.15549392,0,0.9581794
2144,Pass,0,0.99803585,0.18744405,0,0.9485934
2145,Pass,0,0.9995505,0.3535323,0,0.9031637
2146,Pass,0,0.9991555,0.34033185,0,0.9065304
2147,Pass,0,0.97815007,0.20714827,0,0.92425144
2148,Pass,0,0.6950465,0.5802317,0,0.58353835
2149,Pass,0,0.99388367,0.51411384,0,0.8529847
2150,Pass,0,0.9990402,0.18329209,0,0.9507191
2151,Pass,0,0.96545845,0.38200757,0,0.86459756
2152,Pass,0,0.99725986,0.33756766,0,0.90558875
2153,Pass,0,0.81631315,0.5902651,0,0.6830376
2154,Pass,0,0.99973136,0.0340514,0,0.9934995
2155,Pass,0,0.9790325,0.21759245,0,0.9221984
2156,Pass,0,0.9998889,0.13778241,0,0.9643737
2157,Pass,0,0.9646904,0.38660067,0,0.8626588
2158,Pass,0,0.9838487,0.34169194,0,0.8922647
2159,Pass,0,0.99890876,0.31018937,0,0.9148071
2160,Pass,0,0.9988543,0.17426702,0,0.9530873
2161,Pass,0,0.8412859,0.53907686,0,0.71609104
2162,Pass,0,0.92393327,0.45814463,0,0.8075504
2163,Pass,0,0.99829465,0.25131822,0,0.93083704
2164,Pass,0,0.9981012,0.036659226,0,0.99114466
2165,Pass,0,0.99998856,0.18476304,0,0.95120627
2166,Pass,0,0.9939405,0.24262568,0,0.9292163
2167,Pass,0,0.99993706,0.13334553,0,0.96567273
2168,Pass,0,0.59824646,1.0326838,0,0.42584968
2169,Pass,0,0.99084854,0.39305162,0,0.88424575
2170,Pass,0,0.99996686,0.2173761,0,0.9419786
2171,Pass,0,0.9949183,0.098535344,0,0.97060376
2172,Pass,0,0.9999465,0.34974322,0,0.90459114
2173,Pass,0,0.99994075,0.13562308,0,0.96503335
2174,Pass,0,0.6062158,1.0621272,0,0.4264833
2175,Pass,0,0.9798877,0.34655976,0,0.8873259
2176,Pass,0,0.99701643,0.19149266,0,0.9464849
2177,Pass,0,0.893093,0.46333653,0,0.7792857
2178,Pass,0,0.99996006,0.26422822,0,0.92874527
2179,Pass,0,0.8845884,0.64756507,0,0.7258558
2180,Pass,0,0.999146,0.23698074,0,0.93567514
2181,Pass,0,0.99348587,0.4214697,0,0.8786285
2182,Pass,0,0.82664514,0.57555795,0,0.69511503
2183,Pass,0,0.97611517,0.430127,0,0.86088026
2184,Pass,0,0.99850285,0.3146785,0,0.9131699
2185,Pass,0,0.82974726,0.475778,0,0.7210977
2186,Pass,0,0.6839792,0.6119134,0,0.5681288
2187,Pass,0,0.9999908,0.0626532,0,0.9856825
2188,Pass,0,0.9887966,0.3502462,0,0.89436406
2189,Pass,0,0.94872546,1.1133603,0,0.65372217
2190,Pass,0,0.99429435,0.119160496,0,0.9642053
2191,Pass,0,0.99697053,0.33256865,0,0.90673304
2192,Pass,0,0.99873203,0.27697444,0,0.92401075
2193,Pass,0,0.9966582,0.3466571,0,0.90248483
2194,Pass,0,0.9996191,0.32317644,0,0.9117925
2195,Pass,0,0.9677412,0.6422463,0,0.79554063
2196,Pass,0,0.99264175,0.3982607,0,0.8843861
2197,Pass,0,0.97030234,0.30971566,0,0.88873893
2198,Pass,0,0.8476021,0.41463026,0,0.7512471
2199,Pass,0,0.99838376,0.12963603,0,0.96521825
2200,Pass,0,0.8579367,0.5229636,0,0.73416686
2201,Pass,0,0.9901876,0.27565867,0,0.9164733
2202,Pass,0,0.9986904,0.13524906,0,0.96393216
2203,Pass,0,0.9898168,0.3852312,0,0.8855104
2204,Pass,0,0.9768613,0.25087,0,0.91097564
2205,Pass,0,0.99432075,0.3394864,0,0.9023811
2206,Pass,0,0.99704856,0.22991131,0,0.93570095
2207,Pass,0,0.99987626,0.13356827,0,0.96555114
2208,Pass,0,0.9505466,0.39196104,0,0.84857243
2209,Pass,0,0.9963819,0.18431033,0,0.9479029
2210,Pass,0,0.9913197,0.3659572,0,0.89224917
2211,Pass,0,0.9998228,0.1991882,0,0.9469768
2212,Pass,0,0.9539808,0.4758525,0,0.8290437
2213,Pass,0,0.99861956,0.30052415,0,0.91726726
2214,Pass,0,0.9997019,0.29820928,0,0.91891474
2215,Pass,0,0.8554039,0.4212909,0,0.7565534
2216,Pass,0,0.82500875,0.45198342,0,0.7225219
2217,Pass,0,0.9948708,0.14456676,0,0.9576283
2218,Pass,0,0.97456723,0.34250724,0,0.883623
2219,Pass,0,0.99788266,0.23948719,0,0.933786
2220,Pass,0,0.99999666,0.13011652,0,0.9666419
2221,Pass,0,0.98402345,0.404827,0,0.8748836
2222,Pass,0,0.9814982,0.6606731,0,0.8017436
2223,Pass,0,0.99984586,0.12870678,0,0.9668941
2224,Pass,0,0.96746564,0.75135154,0,0.76551336
2225,Pass,0,0.7386227,0.6792235,0,0.5994808
2226,Pass,0,0.9985089,0.20012651,0,0.9454678
2227,Pass,0,0.9674142,0.4111006,0,0.858403
2228,Pass,0,0.9925729,0.07003504,0,0.9763022
2229,Pass,0,0.9297225,0.3840789,0,0.8320512
2230,Pass,0,0.9995604,0.23214939,0,0.9374267
2231,Pass,0,0.9999906,0.12620795,0,0.9677395
2232,Pass,0,0.7662933,0.2993878,0,0.7041132
2233,Pass,0,0.9767883,0.6723256,0,0.79468286
2234,Pass,0,0.9997428,0.12556803,0,0.96768034
2235,Pass,0,0.9967585,0.0736254,0,0.97940886
2236,Pass,0,0.9997011,0.15856685,0,0.95832646
2237,Pass,0,0.9941577,0.55489165,0,0.84177464
2238,Pass,0,0.99974924,0.21406133,0,0.94270915
2239,Pass,0,0.9979102,0.05915262,0,0.9846179
2240,Pass,0,0.9999827,0.09794132,0,0.97571206
2241,Pass,0,0.99939036,0.20031603,0,0.946249
2242,Pass,0,0.91796887,0.5435898,0,0.780193
2243,Pass,0,0.9991273,0.35168484,0,0.9033024
2244,Pass,0,0.97987247,0.36678568,0,0.8817167
2245,Pass,0,0.98683864,0.087449476,0,0.9658101
2246,Pass,0,0.983145,0.14104976,0,0.94731766
2247,Pass,0,0.9998827,0.22684185,0,0.93922716
2248,Pass,0,0.9894208,0.37472972,0,0.88808954
2249,Pass,0,0.99999654,0.2419731,0,0.9350623
2250,Pass,0,0.9491109,0.36996222,0,0.8531855
2251,Pass,0,0.9995023,0.41172296,0,0.8866997
2252,Pass,0,0.99907553,0.17261331,0,0.9537648
2253,Pass,0,0.97547275,0.39705318,0,0.86942214
2254,Pass,0,0.70247126,0.3752241,0,0.6304298
2255,Pass,0,0.98585594,0.3125417,0,0.90219855
2256,Pass,0,0.99994123,0.22456725,0,0.9399243
2257,Pass,0,0.9914214,0.2619078,0,0.9214642
2258,Pass,0,0.9997087,0.10758779,0,0.9727221
2259,Pass,0,0.9958449,0.24074785,0,0.9315247
2260,Pass,0,0.9950867,0.23926204,0,0.9312329
2261,Pass,0,0.99985933,0.039928563,0,0.99196774
2262,Pass,0,0.99608827,0.47073632,0,0.8670753
2263,Pass,0,0.9990318,0.23070121,0,0.93733937
2264,Pass,0,0.99969065,0.134597,0,0.9650816
2265,Pass,0,0.99700505,0.39559722,0,0.8890233
2266,Pass,0,0.7967177,0.6980451,0,0.6423983
2267,Pass,0,0.9999044,0.24147198,0,0.93511754
2268,Pass,0,0.98992574,0.36870962,0,0.8902253
2269,Pass,0,0.73981464,0.2692821,0,0.6860712
2270,Pass,0,0.99984133,0.16267802,0,0.95730036
2271,Pass,0,0.9967229,0.36143848,0,0.8983839
2272,Pass,0,0.7419346,0.73879015,0,0.58969164
2273,Pass,0,0.9937797,0.048526675,0,0.9835237
2274,Pass,0,0.9842694,0.30241534,0,0.9035606
2275,Pass,0,0.9997819,0.15814973,0,0.95852166
2276,Pass,0,0.97380245,0.3205762,0,0.888959
2277,Pass,0,0.988123,0.13833456,0,0.95287174
2278,Pass,0,0.9999523,0.17246976,0,0.9546423
2279,Pass,0,0.98644143,0.56856006,0,0.83143455
2280,Pass,0,0.660678,0.81762314,0,0.51040447
2281,Pass,0,0.9992094,0.17907144,0,0.9520708
2282,Pass,0,0.9906455,0.44867665,0,0.86850727
2283,Pass,0,0.99954456,0.06779871,0,0.9837906
2284,Pass,0,0.99694973,0.22591724,0,0.9367324
2285,Pass,0,0.99975246,0.33331567,0,0.9090524
2286,Pass,0,0.99863607,0.2978257,0,0.9180432
2287,Pass,0,0.9995065,0.06129365,0,0.9855887
2288,Pass,0,0.9897065,0.57301193,0,0.8329426
2289,Pass,0,0.99313897,0.36393696,0,0.89445305
2290,Pass,0,0.9891427,0.3003868,0,0.90860075
2291,Pass,0,0.8405428,1.2404059,0,0.54903007
2292,Pass,0,0.9847647,0.6202498,0,0.8156504
2293,Pass,0,0.81083924,1.0695146,0,0.5687483
2294,Pass,0,0.9327692,0.23579447,0,0.87382734
2295,Pass,0,0.9936062,0.12015259,0,0.96325964
2296,Pass,0,0.89861125,0.19653289,0,0.85178846
2297,Pass,0,0.9784303,0.3888112,0,0.8743348
2298,Pass,0,0.96996236,1.1610947,0,0.65528387
2299,Pass,0,0.6251663,0.60628915,0,0.5202701
2300,Pass,0,0.9903334,0.37291312,0,0.8894166
2301,Pass,0,0.9997347,0.13089512,0,0.9661689
2302,Pass,0,0.99438536,0.14687285,0,0.9565137
2303,Pass,0,0.99886143,0.30130702,0,0.9172686
2304,Pass,0,0.99997616,0.22836211,0,0.93888575
2305,Pass,0,0.7422311,0.4660736,0,0.6470747
2306,Pass,0,0.99977666,0.11825072,0,0.9697785
2307,Pass,0,0.9980439,0.20999882,0,0.94224584
2308,Pass,0,0.9860145,0.5716873,0,0.8302042
2309,Pass,0,0.6455441,0.5072927,0,0.5552711
2310,Pass,0,0.9613879,0.35950345,0,0.86706036
2311,Pass,0,0.9906936,0.28126252,0,0.91537434
2312,Pass,0,0.9515018,0.367775,0,0.8559223
2313,Pass,0,0.9502572,0.24807954,0,0.8869145
2314,Pass,0,0.99828124,1.9449605,0,0.4534926
2315,Pass,0,0.9975242,0.03708698,0,0.9904513
2316,Pass,0,0.9993716,0.038706258,0,0.9918287
2317,Pass,0,0.9993438,0.18922845,0,0.94933313
2318,Pass,0,0.5230313,0.5467965,0,0.44405717
2319,Pass,0,0.9992872,0.28429058,0,0.92246026
2320,Pass,0,0.80394447,0.66163796,0,0.65648866
2321,Pass,0,0.9999931,0.14049922,0,0.9637072
2322,Pass,0,0.99752504,0.21579581,0,0.9401234
2323,Pass,0,0.9911493,0.18187666,0,0.94360596
2324,Pass,0,0.9987411,0.18179475,0,0.9508567
2325,Pass,0,0.6961491,1.0461689,0,0.49288937
2326,Pass,0,0.81973344,0.7639393,0,0.6457061
2327,Pass,0,0.99066997,0.33631983,0,0.8999536
2328,Pass,0,0.9993647,0.37611222,0,0.896625
2329,Pass,0,0.97714895,0.4572385,0,0.8543127
2330,Pass,0,0.9996026,0.20842719,0,0.94416094
2331,Pass,0,0.9960283,0.17800868,0,0.9493386
2332,Pass,0,0.9999697,0.10045002,0,0.97499114
2333,Pass,0,0.882277,0.5020774,0,0.7601982
2334,Pass,0,0.9991167,0.54780537,0,0.84797245
2335,Pass,0,0.9996191,0.061335787,0,0.985688
2336,Pass,0,0.9999676,0.12621103,0,0.9677164
2337,Pass,0,0.999998,0.19548719,0,0.9481876
2338,Pass,0,0.99917454,0.4212104,0,0.8837326
2339,Pass,0,0.9206012,0.97308683,0,0.6708011
2340,Pass,0,0.99999905,0.14704333,0,0.9618654
2341,Pass,0,0.9786547,0.28984183,0,0.90188026
2342,Pass,0,0.9057394,0.31942102,0,0.82712144
2343,Pass,0,0.9682851,1.1861763,0,0.64729416
2344,Pass,0,0.9994203,0.32676804,0,0.91059774
2345,Pass,0,0.7707615,0.24363182,0,0.7203515
2346,Pass,0,0.99992,0.14953771,0,0.9610852
2347,Pass,0,0.99940026,0.28881085,0,0.9212892
2348,Pass,0,0.9804844,0.22065566,0,0.9227181
2349,Pass,0,0.9999596,0.1487246,0,0.9613528
2350,Pass,0,0.99996066,0.30285412,0,0.91784126
2351,Pass,0,0.99523914,0.50083494,0,0.8578791
2352,Pass,0,0.99989915,0.223304,0,0.9402414
2353,Pass,0,0.9984686,0.18232319,0,0.9504483
2354,Pass,0,0.987916,0.1969656,0,0.93631923
2355,Pass,0,0.9995654,0.23549776,0,0.9364865
2356,Pass,0,0.9989735,0.11979353,0,0.9685643
2357,Pass,0,0.99940693,0.035758525,0,0.9926955
2358,Pass,0,0.99326396,0.5039289,0,0.8553089
2359,Pass,0,0.99873704,0.08093173,0,0.9792928
2360,Pass,0,0.9991511,0.16701227,0,0.95541686
2361,Pass,0,0.8634962,0.7189529,0,0.6911451
2362,Pass,0,0.9868547,0.29244435,0,0.90871185
2363,Pass,0,0.9997862,0.1869653,0,0.9503922
2364,Pass,0,0.9995369,0.25608566,0,0.93064994
2365,Pass,0,0.99882215,0.30747432,0,0.9154934
2366,Pass,0,0.99865425,0.05744467,0,0.9858336
2367,Pass,0,0.999044,0.14113829,0,0.96261233
2368,Pass,0,0.9999832,0.15761746,0,0.9588649
2369,Pass,0,0.57986367,1.2925436,0,0.37022296
2370,Pass,0,0.8763802,0.43555507,0,0.7715764
2371,Pass,0,0.93555605,0.6079724,0,0.77813524
2372,Pass,0,0.9960777,0.291646,0,0.91742915
2373,Pass,0,0.99986064,0.11620469,0,0.9704375
2374,Pass,0,0.9231644,0.31953007,0,0.8430055
2375,Pass,0,0.9993831,0.36330947,0,0.9002538
2376,Pass,0,0.9998416,0.26776,0,0.9276383
2377,Pass,0,0.9994289,0.15577826,0,0.95885235
2378,Pass,0,0.90871006,0.42220584,0,0.8034648
2379,Pass,0,0.9997602,0.073009655,0,0.982532
2380,Pass,0,0.5163839,0.28100306,0,0.4771627
2381,Pass,0,0.61703247,0.9394993,0,0.4554551
2382,Pass,0,0.9576043,0.49199426,0,0.82782865
2383,Pass,0,0.99979216,0.21200754,0,0.94332933
2384,Pass,0,0.9857001,0.20102751,0,0.93308866
2385,Pass,0,0.9999887,0.2528055,0,0.9319967
2386,Pass,0,0.9372587,0.60493916,0,0.780354
2387,Pass,0,0.9616408,2.1930916,0,0.36948198
2388,Pass,0,0.99834037,0.22900696,0,0.9371682
2389,Pass,0,0.9990181,0.3501524,0,0.90363586
2390,Pass,0,0.98026067,0.2384968,0,0.91757
2391,Pass,0,0.99938774,0.21023765,0,0.9434472
2392,Pass,0,0.99885905,0.29844394,0,0.9180738
2393,Pass,0,0.74694705,0.56775075,0,0.6297444
2394,Pass,0,0.9228527,0.40693906,0,0.8199471
2395,Pass,0,0.85914224,0.43064314,0,0.7575913
2396,Pass,0,0.9880756,0.3675575,0,0.8888829
2397,Pass,0,0.96781856,0.24854305,0,0.9031786
2398,Pass,0,0.98865056,0.13465606,0,0.95440716
2399,Pass,0,0.9999857,0.119938895,0,0.96950465
2400,Pass,0,0.9672659,0.6153812,0,0.80248624
2401,Pass,0,0.9999498,0.18660302,0,0.95065004
2402,Pass,0,0.9981179,0.26929262,0,0.9256072
2403,Pass,0,0.99997747,0.14329442,0,0.962903
2404,Pass,0,0.9893143,0.22720942,0,0.92919725
2405,Pass,0,0.9986547,0.56284857,0,0.84333897
2406,Pass,0,0.5917323,0.82817537,0,0.45537782
2407,Pass,0,0.9999492,0.15892802,0,0.9584623
2408,Pass,0,0.4067498,1.0530846,0,0.28719395
2409,Pass,0,0.9984642,0.29935458,0,0.91745424
2410,Pass,0,0.997338,0.19025144,0,0.9471397
2411,Pass,0,0.99960035,0.04308876,0,0.9908189
2412,Pass,0,0.84363765,0.4667446,0,0.7353208
2413,Pass,0,0.99996233,0.22187941,0,0.9407029
2414,Pass,0,0.59870857,1.1799035,0,0.40129423
2415,Pass,0,0.9954275,0.3635693,0,0.8966175
2416,Pass,0,0.998752,0.24280222,0,0.93366474
2417,Pass,0,0.9838171,0.4949909,0,0.8496567
2418,Pass,0,0.9985233,0.043325376,0,0.9896846
2419,Pass,0,0.9692694,0.4210716,0,0.85732067
2420,Pass,0,0.99694186,0.50314575,0,0.85869646
2421,Pass,0,0.9965456,0.09153176,0,0.97416174
2422,Pass,0,0.4861062,0.8990105,0,0.36437008
2423,Pass,0,0.9673013,0.3159569,0,0.88428575
2424,Pass,0,0.9977945,0.2399289,0,0.933579
2425,Pass,0,0.526122,0.47492427,0,0.45735684
2426,Pass,0,0.62574357,0.80450034,0,0.48573422
2427,Pass,0,0.99974185,0.13281855,0,0.965633
2428,Pass,0,0.9999472,0.12441331,0,0.96820414
2429,Pass,0,0.74293315,0.5240334,0,0.6355299
2430,Pass,0,0.9532396,0.2166785,0,0.8981488
2431,Pass,0,0.9999819,0.388636,0,0.893643
2432,Pass,0,0.95240295,0.41620162,0,0.84371173
2433,Pass,0,0.98813474,1.1937785,0,0.6584428
2434,Pass,0,0.99669915,0.3982139,0,0.88801426
2435,Pass,0,0.99900836,0.20408018,0,0.94482565
2436,Pass,0,0.99916923,0.37509,0,0.896738
2437,Pass,0,0.8707843,0.4560785,0,0.7616042
2438,Pass,0,0.9576187,0.44826517,0,0.8396636
2439,Pass,0,0.9928462,0.33326104,0,0.9027879
2440,Pass,0,0.9997614,0.29614258,0,0.91955274
2441,Pass,0,0.98596627,0.28698468,0,0.9094136
2442,Pass,0,0.999998,0.117268376,0,0.9702705
2443,Pass,0,0.98520225,0.14752881,0,0.94749784
2444,Pass,0,0.9972362,0.04194677,0,0.988797
2445,Pass,0,0.9994338,0.7915412,0,0.77946836
2446,Pass,0,0.99409544,0.15267952,0,0.9546051
2447,Pass,0,0.49667734,1.0316255,0,0.35369816
2448,Pass,0,0.9266824,0.45502356,0,0.81076974
2449,Pass,0,0.7177996,0.27734074,0,0.6640224
2450,Pass,0,0.6460418,0.7150197,0,0.51781136
2451,Pass,0,0.99990416,0.20755237,0,0.94469273
2452,Pass,0,0.9999856,0.18293034,0,0.9517209
2453,Pass,0,0.9951267,0.15722252,0,0.95431906
2454,Pass,0,0.646088,0.7109648,0,0.518588
2455,Pass,0,0.92814285,0.4636733,0,0.80978096
2456,Pass,0,0.9205476,0.4184264,0,0.8149136
2457,Pass,0,0.96958476,0.50981385,0,0.8333076
2458,Pass,0,0.9999778,0.07479452,0,0.98224205
2459,Pass,0,0.66854316,0.5634392,0,0.5644565
2460,Pass,0,0.9723523,0.24272713,0,0.9090061
2461,Pass,0,0.9989631,0.21861576,0,0.9406834
2462,Pass,0,0.53063935,1.2457324,0,0.34580776
2463,Pass,0,0.99531037,0.45732117,0,0.8701678
2464,Pass,0,0.98154426,0.5944041,0,0.82014525
2465,Pass,0,0.9999138,0.12477181,0,0.9680706
2466,Pass,0,0.99884796,0.2957026,0,0.91883665
2467,Pass,0,0.9941194,0.2847656,0,0.91755646
2468,Pass,0,0.9996146,0.19252986,0,0.9486587
2469,Pass,0,0.99343455,0.2819526,0,0.91771334
2470,Pass,0,0.9977708,0.3877161,0,0.89192617
2471,Pass,0,0.99922085,0.36922905,0,0.8984376
2472,Pass,0,0.95022917,0.76173854,0,0.74908835
2473,Pass,0,0.97560215,0.19865264,0,0.92418385
2474,Pass,0,0.99878913,0.19052286,0,0.9484412
2475,Pass,0,0.94028693,0.23025188,0,0.8823414
2476,Pass,0,0.9779375,0.43924832,0,0.85996914
2477,Pass,0,0.9896459,0.32324597,0,0.90267617
2478,Pass,0,0.98705274,0.33219597,0,0.8978168
2479,Pass,0,0.9691162,0.30706584,0,0.8883775
2480,Pass,0,0.9814596,0.5409819,0,0.8348772
2481,Pass,0,0.9774531,0.24052738,0,0.9143817
2482,Pass,0,0.99997556,0.1411156,0,0.9635163
2483,Pass,0,0.99875987,0.26767892,0,0.92665756
2484,Pass,0,0.9988643,0.42803466,0,0.88153374
2485,Pass,0,0.9993401,0.19141221,0,0.94871354
2486,Pass,0,0.999984,0.1090583,0,0.97257483
2487,Pass,0,0.99986005,0.17505528,0,0.9538244
2488,Pass,0,0.47910905,1.0960484,0,0.33247325
2489,Pass,0,0.99778664,0.5100846,0,0.85746944
2490,Pass,0,0.9952696,0.32596052,0,0.90704286
2491,Pass,0,0.98279333,0.2612292,0,0.9136333
2492,Pass,0,0.9999696,0.15634865,0,0.9592101
2493,Pass,0,0.9886057,0.30082095,0,0.9079863
2494,Pass,0,0.99391717,0.35785893,0,0.89685947
2495,Pass,0,0.9996418,0.15193346,0,0.9601416
2496,Pass,0,0.6596141,1.0063597,0,0.47443518
2497,Pass,0,0.96464366,0.3164876,0,0.88171166
2498,Pass,0,0.9981565,0.43778098,0,0.87816256
2499,Pass,0,0.99945396,0.21836199,0,0.94121724
2500,Pass,0,0.7475104,0.30900088,0,0.68482566
2501,Pass,0,0.9998254,0.14404838,0,0.9625438
2502,Pass,0,0.998765,0.23448414,0,0.9360224
2503,Pass,0,0.9993932,0.20829205,0,0.94400126
2504,Pass,0,0.9803264,0.09104427,0,0.95844173
2505,Pass,0,0.9999013,0.29669145,0,0.91952646
2506,Pass,0,0.9990827,0.1806252,0,0.9515118
2507,Pass,0,0.9572808,0.51448077,0,0.82147175
2508,Pass,0,0.97615564,0.5022343,0,0.84104383
2509,Pass,0,0.98323303,0.4150712,0,0.8713371
2510,Pass,0,0.9916094,0.13815992,0,0.9562826
2511,Pass,0,0.9925224,0.2756214,0,0.91864485
2512,Pass,0,0.95716625,0.31948164,0,0.874068
2513,Pass,0,0.99670047,0.24444078,0,0.9312858
2514,Pass,0,0.7985091,0.6223661,0,0.6609036
2515,Pass,0,0.9956741,0.72649294,0,0.79482126
2516,Pass,0,0.9564718,0.4692158,0,0.83300054
2517,Pass,0,0.9416486,0.34399402,0,0.8533809
2518,Pass,0,0.9999962,0.18812878,0,0.9502633
2519,Pass,0,0.9933615,0.052154757,0,0.9820923
2520,Pass,0,0.9412446,0.20867507,0,0.8889738
2521,Pass,0,0.9970716,0.3908652,0,0.8904147
2522,Pass,0,0.9967325,0.38217416,0,0.89255756
2523,Pass,0,0.99496055,0.8931932,0,0.74742556
2524,Pass,0,0.9993094,0.11381234,0,0.9705775
2525,Pass,0,0.9652313,0.5311844,0,0.82374245
2526,Pass,0,0.9872572,0.5967158,0,0.8242744
2527,Pass,0,0.9923868,0.2779719,0,0.91786075
2528,Pass,0,0.5970829,0.7820827,0,0.4672653
2529,Pass,0,0.9997311,0.06788535,0,0.9839498
2530,Pass,0,0.9900893,0.36754104,0,0.89069897
2531,Pass,0,0.99918157,0.15797314,0,0.9579959
2532,Pass,0,0.8343601,1.004505,0,0.6005602
2533,Pass,0,0.86950195,0.38460454,0,0.7780281
2534,Pass,0,0.8031824,0.3902506,0,0.71740526
2535,Pass,0,0.99907625,0.17710282,0,0.9524992
2536,Pass,0,0.99999595,0.12819926,0,0.9671825
2537,Pass,0,0.9936227,0.19156453,0,0.943243
2538,Pass,0,0.9967753,0.36252245,0,0.8981261
2539,Pass,0,0.98894846,0.42323586,0,0.8741225
2540,Pass,0,0.99948347,0.35181317,0,0.9035881
2541,Pass,0,0.9993205,0.043941908,0,0.99030083
2542,Pass,0,0.98590577,0.3826498,0,0.88273
2543,Pass,0,0.99951637,0.34327194,0,0.90602815
2544,Pass,0,0.91762406,0.3916231,0,0.81926936
2545,Pass,0,0.98911285,0.42522198,0,0.8737132
2546,Pass,0,0.9998216,0.19108315,0,0.94926345
2547,Pass,0,0.99903333,0.33273643,0,0.9085618
2548,Pass,0,0.87648106,0.36787575,0,0.7884125
2549,Pass,0,0.99501723,0.3227433,0,0.90771663
2550,Pass,0,0.99344194,0.22557129,0,0.9335335
2551,Pass,0,0.8961115,0.24758807,0,0.8365024
2552,Pass,0,0.9321403,0.43203625,0,0.82159436
2553,Pass,0,0.999539,0.09513089,0,0.97607225
2554,Pass,0,0.9999691,0.09500931,0,0.97652656
2555,Pass,0,0.9999207,0.20360363,0,0.9458231
2556,Pass,0,0.97710323,0.5623802,0,0.8252685
2557,Pass,0,0.9997378,0.30944222,0,0.9157772
2558,Pass,0,0.99954754,0.2650102,0,0.9281414
2559,Pass,0,0.94867396,0.62862676,0,0.78351396
2560,Pass,0,0.79806304,0.7490481,0,0.6319915
2561,Pass,0,0.999491,0.23074171,0,0.93775874
2562,Pass,0,0.9985946,0.24904571,0,0.9317574
2563,Pass,0,0.9999316,0.0730951,0,0.9826764
2564,Pass,0,0.9700982,0.26956162,0,0.89954937
2565,Pass,0,0.99982387,0.119203866,0,0.9695552
2566,Pass,0,0.9964036,0.26395273,0,0.9255195
2567,Pass,0,0.9999362,0.122984685,0,0.9685969
2568,Pass,0,0.9979893,0.22405317,0,0.9382344
2569,Pass,0,0.9908466,0.33902186,0,0.8993582
2570,Pass,0,0.9747395,0.66623443,0,0.79469234
2571,Pass,0,0.8792914,0.17101113,0,0.8398109
2572,Pass,0,0.992427,0.11736199,0,0.9628983
2573,Pass,0,0.511291,0.7786118,0,0.4006273
2574,Pass,0,0.90859866,0.632945,0,0.7493079
2575,Pass,0,0.9998385,0.12442023,0,0.9680969
2576,Pass,0,0.95606196,0.12326686,0,0.92602146
2577,Pass,0,0.99874485,0.37947276,0,0.8951213
2578,Pass,0,0.7731548,0.41431326,0,0.6853321
2579,Pass,0,0.99987805,0.25596395,0,0.931002
2580,Pass,0,0.9975666,0.19264668,0,0.94668216
2581,Pass,0,0.9999447,0.19439498,0,0.94844544
2582,Pass,0,0.84489626,0.5847634,0,0.7082664
2583,Pass,0,0.9977527,0.25651267,0,0.92886853
2584,Pass,0,0.99758077,0.31478384,0,0.91229695
2585,Pass,0,0.98719215,0.31560594,0,0.9025673
2586,Pass,0,0.998733,0.26618537,0,0.92705375
2587,Pass,0,0.99467623,0.49939853,0,0.85779727
2588,Pass,0,0.9997634,0.20221373,0,0.9460666
2589,Pass,0,0.95012933,0.80455226,0,0.73752517
2590,Pass,0,0.99939287,0.083533235,0,0.9792018
2591,Pass,0,0.99978095,0.11875895,0,0.96963924
2592,Pass,0,0.9999782,0.27316615,0,0.9262388
2593,Pass,0,0.99860865,0.21211368,0,0.9421828
2594,Pass,0,0.9452235,0.35046956,0,0.8548927
2595,Pass,0,0.9999974,0.05183185,0,0.9887441
2596,Pass,0,0.97418165,0.34991714,0,0.8812354
2597,Pass,0,0.7415166,0.98622084,0,0.5375606
2598,Pass,0,0.82074493,0.743875,0,0.6511521
2599,Pass,0,0.9996748,0.27884918,0,0.92435384
2600,Pass,0,0.9994061,0.3263623,0,0.9106993
2601,Pass,0,0.9976095,0.36033085,0,0.899495
2602,Pass,0,0.79435337,0.60114765,0,0.6622225
2603,Pass,0,0.9832665,0.37391004,0,0.88279307
2604,Pass,0,0.9837707,0.2602613,0,0.91481066
2605,Pass,0,0.99971443,0.22075866,0,0.94078606
2606,Pass,0,0.99992144,0.16150633,0,0.9577079
2607,Pass,0,0.6060221,0.8097524,0,0.46952683
2608,Pass,0,0.95670635,0.42091835,0,0.84625
2609,Pass,0,0.99828964,0.44476396,0,0.87631166
2610,Pass,0,0.72702116,0.46984455,0,0.6330407
2611,Pass,0,0.9826105,0.4827169,0,0.85201967
2612,Pass,0,0.9994647,0.09014159,0,0.97740746
2613,Pass,0,0.9999416,0.12397053,0,0.9683237
2614,Pass,0,0.9999485,0.26448256,0,0.9286628
2615,Pass,0,0.99986243,0.15452304,0,0.9596226
2616,Pass,0,0.9979652,0.2525006,0,0.9301967
2617,Pass,0,0.9290084,0.47447875,0,0.8077021
2618,Pass,0,0.74389195,0.5763441,0,0.62536395
2619,Pass,0,0.99932253,0.6037986,0,0.83234966
2620,Pass,0,0.99995494,0.14817761,0,0.96150273
2621,Pass,0,0.9995447,0.23243622,0,0.93733096
2622,Pass,0,0.9969777,0.3494277,0,0.9019942
2623,Pass,0,0.9937966,0.3308514,0,0.9043282
2624,Pass,0,0.9926842,0.2590174,0,0.92344797
2625,Pass,0,0.87203646,0.29796636,0,0.8016259
2626,Pass,0,0.9996741,0.11447568,0,0.97074443
2627,Pass,0,0.9982845,0.25712508,0,0.929191
2628,Pass,0,0.96985215,0.4805864,0,0.8415402
2629,Pass,0,0.9023264,0.3833474,0,0.8077196
2630,Pass,0,0.99558026,0.5109151,0,0.8553399
2631,Pass,0,0.8222417,0.66391146,0,0.67090213
2632,Pass,0,0.9997296,0.15199725,0,0.96020794
2633,Pass,0,0.99903286,0.23761402,0,0.93539065
2634,Pass,0,0.9992879,0.19718741,0,0.94703466
2635,Pass,0,0.6229587,0.51043206,0,0.53529185
2636,Pass,0,0.96100086,0.36817196,0,0.86435944
2637,Pass,0,0.9986237,0.37880772,0,0.8952002
2638,Pass,0,0.9987919,0.2713839,0,0.9256425
2639,Pass,0,0.9918075,0.2510404,0,0.9248661
2640,Pass,0,0.99767965,0.2352933,0,0.93477726
2641,Pass,0,0.99851173,0.24923603,0,0.93162644
2642,Pass,0,0.98804504,0.32300195,0,0.901284
2643,Pass,0,0.99840873,0.2844967,0,0.9215913
2644,Pass,0,0.9999255,0.20341136,0,0.9458819
2645,Pass,0,0.98433506,0.36114812,0,0.88729894
2646,Pass,0,0.99961734,0.11632157,0,0.97016835
2647,Pass,0,0.98941845,0.27849334,0,0.9149696
2648,Pass,0,0.938742,0.91576356,0,0.6992117
2649,Pass,0,0.9993691,0.15727414,0,0.9583729
2650,Pass,0,0.9857853,0.33057445,0,0.89711523
2651,Pass,0,0.9934777,0.1562848,0,0.95300066
2652,Pass,0,0.8739856,0.37227213,0,0.785083
2653,Pass,0,0.99993503,0.32563475,0,0.9113867
2654,Pass,0,0.9938214,2.4542556,0,0.30856943
2655,Pass,0,0.9993747,0.023996834,0,0.995982
2656,Pass,0,0.99248934,0.15417098,0,0.9526449
2657,Pass,0,0.9999707,0.18338959,0,0.95157707
2658,Pass,0,0.86669624,0.34914705,0,0.7841936
2659,Pass,0,0.7094147,1.2303163,0,0.46539995
2660,Pass,0,0.97849095,0.40693113,0,0.8693834
2661,Pass,0,0.9994215,0.092457995,0,0.97671163
2662,Pass,0,0.9976355,0.23901835,0,0.93368673
2663,Pass,0,0.99947375,0.31116578,0,0.915049
2664,Pass,0,0.9994023,0.22330116,0,0.93977493
2665,Pass,0,0.9620868,0.42590514,0,0.84965473
2666,Pass,0,0.9996056,0.52769756,0,0.85406196
2667,Pass,0,0.99742436,0.1841082,0,0.9489516
2668,Pass,0,0.97003585,0.6931393,0,0.7834892
2669,Pass,0,0.99827147,0.18960421,0,0.9482086
2670,Pass,0,0.99148375,0.34637362,0,0.8978786
2671,Pass,0,0.9898163,0.6518334,0,0.8110086
2672,Pass,0,0.9986161,0.2568644,0,0.9295731
2673,Pass,0,0.98886555,0.23306534,0,0.9271409
2674,Pass,0,0.99511623,0.09492553,0,0.971811
2675,Pass,0,0.9999857,0.28145283,0,0.9239062
2676,Pass,0,0.9920501,0.05461309,0,0.9801073
2677,Pass,0,0.9999646,0.106107175,0,0.9733891
2678,Pass,0,0.9423295,0.616275,0,0.7815601
2679,Pass,0,0.9998722,0.11947378,0,0.96952593
2680,Pass,0,0.99917775,0.32006535,0,0.91226757
2681,Pass,0,0.9794687,0.45247477,0,0.85765815
2682,Pass,0,0.9999826,0.11134513,0,0.9719278
2683,Pass,0,0.9979658,0.27383655,0,0.92418593
2684,Pass,0,0.9608268,0.591098,0,0.8037312
2685,Pass,0,0.98402816,0.30499846,0,0.90262145
2686,Pass,0,0.97961664,0.5274714,0,0.83704597
2687,Pass,0,0.9971361,0.1838512,0,0.9487497
2688,Pass,0,0.99976796,0.06368887,0,0.98517054
2689,Pass,0,0.8837388,0.38048232,0,0.7917957
2690,Pass,0,0.9955842,0.32411408,0,0.9078486
2691,Pass,0,0.99439245,0.19629872,0,0.94264466
2692,Pass,0,0.9386627,0.29027763,0,0.8649101
2693,Pass,0,0.99966896,0.112154014,0,0.97139466
2694,Pass,0,0.9541744,0.45272645,0,0.83544177
2695,Pass,0,0.9105271,0.20985778,0,0.8596581
2696,Pass,0,0.9640848,0.22746114,0,0.90543234
2697,Pass,0,0.99720275,0.47535613,0,0.8667449
2698,Pass,0,0.9913283,0.39893615,0,0.8830269
2699,Pass,0,0.85020053,0.63927335,0,0.69962883
2700,Pass,0,0.99882513,0.23019204,0,0.93728906
2701,Pass,0,0.9973194,0.1985551,0,0.944784
2702,Pass,0,0.99989414,0.13032345,0,0.96648437
2703,Pass,0,0.9969465,0.28796846,0,0.91926444
2704,Pass,0,0.99681073,0.09869583,0,0.9724047
2705,Pass,0,0.9549228,0.35453665,0,0.8625686
2706,Pass,0,0.99789524,0.238262,0,0.93414295
2707,Pass,0,0.9999745,0.16317272,0,0.9572882
2708,Pass,0,0.9855473,0.4621489,0,0.86028904
2709,Pass,0,0.99557805,0.25969124,0,0.9259505
2710,Pass,0,0.99524647,0.1518549,0,0.95594215
2711,Pass,0,0.9999871,0.22816114,0,0.9389528
2712,Pass,0,0.99930453,0.13342288,0,0.9650401
2713,Pass,0,0.715031,0.47434393,0,0.62169224
2714,Pass,0,0.99956185,0.1815054,0,0.9517197
2715,Pass,0,0.9466147,0.4979019,0,0.8167495
2716,Pass,0,0.99936694,0.3700944,0,0.8983249
2717,Pass,0,0.9998411,0.18244486,0,0.9517204
2718,Pass,0,0.99126446,0.20429364,0,0.93744206
2719,Pass,0,0.995891,0.21457127,0,0.93892765
2720,Pass,0,0.72143096,0.7024129,0,0.58080447
2721,Pass,0,0.8660943,0.52085733,0,0.7416627
2722,Pass,0,0.9959733,0.18587899,0,0.9470731
2723,Pass,0,0.98817897,0.42042905,0,0.87422544
2724,Pass,0,0.9813281,0.6716356,0,0.7985675
2725,Pass,0,0.9996817,0.061372254,0,0.98573935
2726,Pass,0,0.98955333,0.26132303,0,0.9198913
2727,Pass,0,0.9995054,0.28884688,0,0.92137605
2728,Pass,0,0.99989355,0.29602078,0,0.91970867
2729,Pass,0,0.9992349,0.14272705,0,0.9623481
2730,Pass,0,0.9813906,0.5563392,0,0.83056337
2731,Pass,0,0.9928693,0.27877173,0,0.91808283
2732,Pass,0,0.9257337,0.33654,0,0.840906
2733,Pass,0,0.9998764,0.14130011,0,0.96336865
2734,Pass,0,0.99916303,0.2972413,0,0.91869247
2735,Pass,0,0.68625146,0.5678214,0,0.5785588
2736,Pass,0,0.9991756,0.23333418,0,0.9367316
2737,Pass,0,0.99966145,0.21975093,0,0.9410206
2738,Pass,0,0.99997663,0.30444953,0,0.9174055
2739,Pass,0,0.976769,0.5046767,0,0.8408987
2740,Pass,0,0.90353733,0.3348366,0,0.8211781
2741,Pass,0,0.99765503,0.25457868,0,0.9293223
2742,Pass,0,0.8259529,0.7657209,0,0.65018976
2743,Pass,0,0.65947986,0.54795486,0,0.5596873
2744,Pass,0,0.99794227,0.19692056,0,0.9458346
2745,Pass,0,0.99811906,0.46042594,0,0.87174845
2746,Pass,0,0.99904555,0.09769467,0,0.9748672
2747,Pass,0,0.99999297,0.08335265,0,0.97984076
2748,Pass,0,0.97966385,0.13989057,0,0.944284
2749,Pass,0,0.99858046,0.37327647,0,0.8967208
2750,Pass,0,0.9393395,0.29275748,0,0.8648761
2751,Pass,0,0.9923349,0.21409878,0,0.93570733
2752,Pass,0,0.99979097,0.18458614,0,0.9510683
2753,Pass,0,0.96956617,0.8156818,0,0.74956626
2754,Pass,0,0.9978181,0.38129383,0,0.8937777
2755,Pass,0,0.975128,0.2196795,0,0.917946
2756,Pass,0,0.9891178,0.41671374,0,0.8760935
2757,Pass,0,0.99975723,0.07758515,0,0.98123765
2758,Pass,0,0.7638223,0.82272017,0,0.588989
2759,Pass,0,0.99989974,0.111432984,0,0.9718225
2760,Pass,0,0.636125,0.60633284,0,0.5293822
2761,Pass,0,0.9726447,0.28951353,0,0.89643186
2762,Pass,0,0.9957171,0.27506703,0,0.9217575
2763,Pass,0,0.99996877,0.12735918,0,0.9673934
2764,Pass,0,0.99200904,0.16088064,0,0.9503047
2765,Pass,0,0.99948657,0.1472941,0,0.9613017
2766,Pass,0,0.99780446,0.19196258,0,0.94710064
2767,Pass,0,0.99929726,0.18800311,0,0.9496346
2768,Pass,0,0.9999441,0.19843243,0,0.947305
2769,Pass,0,0.9298822,0.7356202,0,0.7399051
2770,Pass,0,0.9798639,0.67833704,0,0.79552215
2771,Pass,0,0.5665946,1.2467607,0,0.36907464
2772,Pass,0,0.9969139,0.16158664,0,0.95480466
2773,Pass,0,0.99781275,0.37287065,0,0.89614576
2774,Pass,0,0.99985635,0.24470182,0,0.9341609
2775,Pass,0,0.9965797,0.35023355,0,0.9014074
2776,Pass,0,0.9938599,0.31604365,0,0.90854067
2777,Pass,0,0.99479854,0.16811296,0,0.95094573
2778,Pass,0,0.8966121,0.79670477,0,0.69796956
2779,Pass,0,0.99612457,0.15472613,0,0.95597804
2780,Pass,0,0.98012674,0.79461515,0,0.76355994
2781,Pass,0,0.9794023,0.36502835,0,0.8817796
2782,Pass,0,0.9985423,0.2495174,0,0.9315756
2783,Pass,0,0.98252064,0.38179508,0,0.8799362
2784,Pass,0,0.9306688,0.33330393,0,0.84623915
2785,Pass,0,0.99981457,0.2492526,0,0.9328373
2786,Pass,0,0.9938606,0.04622935,0,0.9842484
2787,Pass,0,0.9859309,0.37079462,0,0.8860524
2788,Pass,0,0.9934263,0.05208321,0,0.9821765
2789,Pass,0,0.99907506,0.052982718,0,0.9875076
2790,Pass,0,0.99980587,0.32727614,0,0.91080564
2791,Pass,0,0.99910504,0.30287695,0,0.91704947
2792,Pass,0,0.9863224,0.17046084,0,0.94218946
2793,Pass,0,0.9577074,0.6146772,0,0.79474646
2794,Pass,0,0.9641729,0.2328144,0,0.9040579
2795,Pass,0,0.99998426,0.258577,0,0.9303632
2796,Pass,0,0.9917931,0.25279608,0,0.924361
2797,Pass,0,0.99942964,0.42553836,0,0.88273704
2798,Pass,0,0.9999852,0.1555446,0,0.95945203
2799,Pass,0,0.9989593,0.34754813,0,0.90431714
2800,Pass,0,0.9947949,0.40118602,0,0.88548297
2801,Pass,0,0.9999703,0.4348284,0,0.88059187
2802,Pass,0,0.95257515,0.35612348,0,0.86002123
2803,Pass,0,0.9972222,0.19945137,0,0.9444396
2804,Pass,0,0.9973953,0.30612025,0,0.9145669
2805,Pass,0,0.97954386,0.46691763,0,0.85372984
2806,Pass,0,0.9994603,0.18724531,0,0.9500034
2807,Pass,0,0.9988268,0.35751736,0,0.90138596
2808,Pass,0,0.97829837,0.28935102,0,0.90168744
2809,Pass,0,0.9988244,0.21975897,0,0.9402304
2810,Pass,0,0.66317147,1.0899041,0,0.461352
2811,Pass,0,0.99445146,0.3953156,0,0.8868254
2812,Pass,0,0.5524561,0.5496114,0,0.46859998
2813,Pass,0,0.98507774,0.22103876,0,0.92693424
2814,Pass,0,0.991783,0.37017572,0,0.8914849
2815,Pass,0,0.99231756,0.29497725,0,0.9130326
2816,Pass,0,0.99812394,0.042444333,0,0.9895371
2817,Pass,0,0.99983716,0.18607402,0,0.95069224
2818,Pass,0,0.9942676,0.27168694,0,0.92136455
2819,Pass,0,0.99984646,0.07379729,0,0.9823945
2820,Pass,0,0.97329754,0.31017083,0,0.8913573
2821,Pass,0,0.998965,0.22494915,0,0.938899
2822,Pass,0,0.99931467,0.17083064,0,0.954496
2823,Pass,0,0.93750244,0.40431565,0,0.8336577
2824,Pass,0,0.99886775,0.3003394,0,0.9175473
2825,Pass,0,0.98063123,0.42410713,0,0.8665298
2826,Pass,0,0.99998724,0.22593524,0,0.93958133
2827,Pass,0,0.97177446,0.17428283,0,0.9272439
2828,Pass,0,0.9996903,0.24976684,0,0.93257624
2829,Pass,0,0.99290234,0.37655643,0,0.8907025
2830,Pass,0,0.9999378,0.42469123,0,0.88342506
2831,Pass,0,0.99835193,0.21280505,0,0.9417457
2832,Pass,0,0.9992028,0.21249367,0,0.94263613
2833,Pass,0,0.9999542,0.14682148,0,0.9618849
2834,Pass,0,0.9370958,0.3790825,0,0.83997184
2835,Pass,0,0.99934345,0.24995534,0,0.9321995
2836,Pass,0,0.8165263,0.90798634,0,0.60997355
2837,Pass,0,0.9999925,0.07575097,0,0.9819864
2838,Pass,0,0.92664003,0.32885116,0,0.8437408
2839,Pass,0,0.9990797,0.32690555,0,0.9102487
2840,Pass,0,0.9976694,0.1496843,0,0.9588807
2841,Pass,0,0.99413353,0.35137054,0,0.8988758
2842,Pass,0,0.9999503,0.17148158,0,0.9549194
2843,Pass,0,0.9986607,0.263214,0,0.9278244
2844,Pass,0,0.9999876,0.08041539,0,0.98066473
2845,Pass,0,0.99486274,0.4052669,0,0.8843971
2846,Pass,0,0.99844664,0.21239734,0,0.94194996
2847,Pass,0,0.97932065,1.1409594,0,0.66717315
2848,Pass,0,0.9408234,0.4852666,0,0.81510884
2849,Pass,0,0.99955124,0.5204238,0,0.8560682
2850,Pass,0,0.9416204,0.6879046,0,0.7619299
2851,Pass,0,0.9410155,0.8464657,0,0.71931547
2852,Pass,0,0.96421856,0.4137529,0,0.85484546
2853,Pass,0,0.99316895,0.23676842,0,0.93013734
2854,Pass,0,0.8569834,0.5172558,0,0.7347321
2855,Pass,0,0.99840766,0.3354616,0,0.90722466
2856,Pass,0,0.9984665,0.31227845,0,0.9138132
2857,Pass,0,0.9831541,0.31674105,0,0.8985604
2858,Pass,0,0.9370647,0.4419311,0,0.82331705
2859,Pass,0,0.9904745,0.5797602,0,0.831702
2860,Pass,0,0.9798829,0.54190797,0,0.8332797
2861,Pass,0,0.7777573,0.23168679,0,0.7295127
2862,Pass,0,0.9731689,0.3300551,0,0.88577634
2863,Pass,0,0.39739263,0.7363447,0,0.3161231
2864,Pass,0,0.9978859,0.3387222,0,0.90583193
2865,Pass,0,0.9998267,0.18855858,0,0.949981
2866,Pass,0,0.8923379,0.54239935,0,0.75870883
2867,Pass,0,0.9860736,0.03924646,0,0.9784807
2868,Pass,0,0.9997155,0.05988229,0,0.98619324
2869,Pass,0,0.9997818,0.41856706,0,0.88501585
2870,Pass,0,0.98887014,0.37534475,0,0.8874236
2871,Pass,0,0.9851478,0.3191483,0,0.899713
2872,Pass,0,0.99967957,0.2645464,0,0.9283949
2873,Pass,0,0.9996779,0.12661824,0,0.9673211
2874,Pass,0,0.99999404,0.052283168,0,0.98861337
2875,Pass,0,0.9227531,0.30033103,0,0.8476315
2876,Pass,0,0.9951414,0.25518268,0,0.9268111
2877,Pass,0,0.9697346,0.8526691,0,0.73957014
2878,Pass,0,0.99975556,0.12558137,0,0.967689
2879,Pass,0,0.99236006,0.38263395,0,0.88851327
2880,Pass,0,0.99959725,0.035699412,0,0.9929012
2881,Pass,0,0.9862671,0.39483163,0,0.87966156
2882,Pass,0,0.99618596,0.32991093,0,0.90676695
2883,Pass,0,0.9963021,0.35610718,0,0.8995043
2884,Pass,0,0.9968118,0.24052066,0,0.93249303
2885,Pass,0,0.9486668,0.2220917,0,0.89239043
2886,Pass,0,0.9998172,0.30155554,0,0.91807616
2887,Pass,0,0.99987435,0.108395636,0,0.9726552
2888,Pass,0,0.9931792,0.40074095,0,0.8841696
2889,Pass,0,0.9999813,0.27001518,0,0.92713124
2890,Pass,0,0.99991703,0.16456321,0,0.9568407
2891,Pass,0,0.9826003,0.65148425,0,0.805193
2892,Pass,0,0.99489754,0.27800077,0,0.9201748
2893,Pass,0,0.99955684,0.19285367,0,0.9485125
2894,Pass,0,0.8100345,0.3950689,0,0.7224237
2895,Pass,0,0.99991846,0.26358697,0,0.92888767
2896,Pass,0,0.89342695,0.92681515,0,0.66267174
2897,Pass,0,0.9987668,0.20568632,0,0.9441443
2898,Pass,0,0.9886136,0.41359314,0,0.8765179
2899,Pass,0,0.9998307,0.13419788,0,0.96532947
2900,Pass,0,0.9983936,0.33775735,0,0.9065648
2901,Pass,0,0.89220273,0.58991814,0,0.7466244
2902,Pass,0,0.9818045,0.18969208,0,0.93254304
2903,Pass,0,0.99996996,0.12794581,0,0.96722895
2904,Pass,0,0.9991805,0.22790837,0,0.9382667
2905,Pass,0,0.61384946,0.49425897,0,0.53026736
2906,Pass,0,0.9793427,0.46937308,0,0.85287553
2907,Pass,0,0.75218236,0.78631926,0,0.5877434
2908,Pass,0,0.98345727,0.40963513,0,0.8730452
2909,Pass,0,0.99429023,0.35055754,0,0.8992457
2910,Pass,0,0.9544081,0.38688192,0,0.85338825
2911,Pass,0,0.9439902,0.21681264,0,0.8893981
2912,Pass,0,0.9968727,0.030971814,0,0.9915254
2913,Pass,0,0.99837947,0.3137056,0,0.9133313
2914,Pass,0,0.9819436,0.38709685,0,0.87794966
2915,Pass,0,0.87872136,0.29297242,0,0.80900997
2916,Pass,0,0.98408335,0.6521825,0,0.8062143
2917,Pass,0,0.99688065,0.34837523,0,0.9022026
2918,Pass,0,0.99203837,0.26342085,0,0.9216138
2919,Pass,0,0.81948185,0.43238437,0,0.72221595
2920,Pass,0,0.99140996,0.30324277,0,0.909884
2921,Pass,0,0.8034039,1.0873007,0,0.5594988
2922,Pass,0,0.999841,0.41404018,0,0.8863461
2923,Pass,0,0.9858089,0.38105735,0,0.8830865
2924,Pass,0,0.9901841,0.40156084,0,0.881274
2925,Pass,0,0.9850107,0.5655406,0,0.8310683
2926,Pass,0,0.8043198,0.6635061,0,0.65637094
2927,Pass,0,0.5727677,1.0520897,0,0.4045751
2928,Pass,0,0.9996383,0.048746586,0,0.9892598
2929,Pass,0,0.95955694,0.8327571,0,0.73720235
2930,Pass,0,0.92059225,0.98347175,0,0.66809547
2931,Pass,0,0.98848534,0.34198117,0,0.89638907
2932,Pass,0,0.5641322,0.37615073,0,0.50613046
2933,Pass,0,0.99511623,0.22467078,0,0.93535984
2934,Pass,0,0.9082974,0.30015513,0,0.83439773
2935,Pass,0,0.99949527,0.14776048,0,0.9611785
2936,Pass,0,0.99965477,0.22616208,0,0.93920493
2937,Pass,0,0.9915733,0.10544622,0,0.9654058
2938,Pass,0,0.9803037,0.72014916,0,0.7843072
2939,Pass,0,0.7424206,0.93692017,0,0.5485494
2940,Pass,0,0.65668535,0.35398525,0,0.59327704
2941,Pass,0,0.9864791,0.23981681,0,0.9230231
2942,Pass,0,0.9999536,0.10516107,0,0.97364545
2943,Pass,0,0.998638,0.2614112,0,0.9283115
2944,Pass,0,0.5891677,0.38051093,0,0.52786666
2945,Pass,0,0.42406318,1.0357788,0,0.3014903
2946,Pass,0,0.9433114,0.24476443,0,0.8813145
2947,Pass,0,0.9991671,0.10764863,0,0.9721779
2948,Pass,0,0.9999025,0.18547913,0,0.95092225
2949,Pass,0,0.99660045,0.2523328,0,0.9289718
2950,Pass,0,0.9995685,0.095600426,0,0.97596854
2951,Pass,0,0.99747074,0.2395048,0,0.93339556
2952,Pass,0,0.5819383,0.7563824,0,0.45963585
2953,Pass,0,0.90533453,1.0787061,0,0.632681
2954,Pass,0,0.97274166,0.3702993,0,0.8743353
2955,Pass,0,0.99976784,0.31104428,0,0.9153526
2956,Pass,0,0.9343667,0.4043396,0,0.8308629
2957,Pass,0,0.9612818,0.34753546,0,0.8702127
2958,Pass,0,0.9512796,0.27436787,0,0.88080853
2959,Pass,0,0.89811283,0.89919925,0,0.6731496
2960,Pass,0,0.99735296,0.38807112,0,0.8914527
2961,Pass,0,0.9858618,0.6056979,0,0.8206094
2962,Pass,0,0.99939954,0.09813185,0,0.9750893
2963,Pass,0,0.9999907,0.38147485,0,0.8956726
2964,Pass,0,0.5807876,0.38957778,0,0.5188718
2965,Pass,0,0.9991616,0.039513312,0,0.9913926
2966,Pass,0,0.8296533,0.31709743,0,0.75818384
2967,Pass,0,0.9999857,0.105018325,0,0.973717
2968,Pass,0,0.99839205,0.29534435,0,0.91851825
2969,Pass,0,0.9756943,0.29818347,0,0.8968543
2970,Pass,0,0.5641015,0.8213198,0,0.43520588
2971,Pass,0,0.9911438,0.4049511,0,0.8811795
2972,Pass,0,0.9929744,0.41896677,0,0.8788778
2973,Pass,0,0.9948514,0.33258936,0,0.90479994
2974,Pass,0,0.99939287,0.02933569,0,0.9944937
2975,Pass,0,0.9966582,0.33179674,0,0.90666616
2976,Pass,0,0.78343123,0.6224544,0,0.6484045
2977,Pass,0,0.9323385,0.2351592,0,0.87359107
2978,Pass,0,0.99973327,0.31517774,0,0.91415423
2979,Pass,0,0.49772656,0.82162803,0,0.38395408
2980,Pass,0,0.99989176,0.1899854,0,0.94964
2981,Pass,0,0.99048245,0.26914167,0,0.9185686
2982,Pass,0,0.99964726,0.12028182,0,0.96907973
2983,Pass,0,0.9974032,0.26814225,0,0.92526835
2984,Pass,0,0.9974275,0.058127042,0,0.98443043
2985,Pass,0,0.9925648,0.31789488,0,0.906838
2986,Pass,0,0.9430566,0.31322435,0,0.8628493
2987,Pass,0,0.9905737,0.32237363,0,0.90376633
2988,Pass,0,0.980692,0.25590652,0,0.9131535
2989,Pass,0,0.8839855,0.4416282,0,0.77675664
2990,Pass,0,0.719248,0.47167432,0,0.6259008
2991,Pass,0,0.9951249,0.30264476,0,0.91346145
2992,Pass,0,0.9642066,0.30919984,0,0.883296
2993,Pass,0,0.9973105,0.2837218,0,0.92079574
2994,Pass,0,0.9256244,0.4678085,0,0.806503
2995,Pass,0,0.63419074,0.9202772,0,0.47156194
2996,Pass,0,0.9947783,0.18740577,0,0.945508
2997,Pass,0,0.99882704,0.04598708,0,0.9892351
2998,Pass,0,0.8188254,0.5945158,0,0.6841571
2999,Pass,0,0.9996345,0.10282808,0,0.9739932
3000,Pass,0,0.9878731,0.30111027,0,0.9072327
3001,Pass,0,0.81118286,0.7048248,0,0.6525089
3002,Pass,0,0.98739165,0.17090057,0,0.94308823
3003,Pass,0,0.99837554,0.11001227,0,0.9707415
3004,Pass,0,0.99487406,0.49604893,0,0.8589087
3005,Pass,0,0.5534311,0.52366763,0,0.4734806
3006,Pass,0,0.9849043,0.29594392,0,0.90594286
3007,Pass,0,0.99994135,0.17894799,0,0.952803
3008,Pass,0,0.99169296,0.23137087,0,0.93026626
3009,Pass,0,0.99888283,0.09163105,0,0.97641844
3010,Pass,0,0.99628204,0.3436936,0,0.9029777
3011,Pass,0,0.9995115,0.4524279,0,0.87522155
3012,Pass,0,0.94700295,0.79244906,0,0.73833424
3013,Pass,0,0.97543925,0.15040146,0,0.9373174
3014,Pass,0,0.99722916,0.22305617,0,0.9378004
3015,Pass,0,0.99979967,0.17461072,0,0.9538923
3016,Pass,0,0.98486626,0.2782583,0,0.9108254
3017,Pass,0,0.9994086,0.26402232,0,0.9282912
3018,Pass,0,0.9999306,0.13243218,0,0.9659244
3019,Pass,0,0.992299,0.049285173,0,0.9818458
3020,Pass,0,0.98774475,0.1528787,0,0.9484511
3021,Pass,0,0.4991965,0.61672133,0,0.41396645
3022,Pass,0,0.9999331,0.26582396,0,0.92826974
3023,Pass,0,0.8570376,0.8484458,0,0.6546435
3024,Pass,0,0.9999192,0.29715082,0,0.91941327
3025,Pass,0,0.9998585,0.21795462,0,0.94171315
3026,Pass,0,0.99809366,0.17878519,0,0.9510883
3027,Pass,0,0.9990914,0.035606936,0,0.99242485
3028,Pass,0,0.9998951,0.23157904,0,0.93790156
3029,Pass,0,0.9866419,0.4057539,0,0.87695336
3030,Pass,0,0.44046152,1.3084456,0,0.27924204
3031,Pass,0,0.9999094,0.32685864,0,0.91101784
3032,Pass,0,0.99999523,0.13778149,0,0.9644766
3033,Pass,0,0.9860117,0.46264666,0,0.8605558
3034,Pass,0,0.98081815,0.22002347,0,0.9232072
3035,Pass,0,0.97981334,0.33894858,0,0.88936394
3036,Pass,0,0.9998235,0.22081617,0,0.9408725
3037,Pass,0,0.9986896,0.26418015,0,0.9275788
3038,Pass,0,0.9904626,0.64608556,0,0.8131454
3039,Pass,0,0.97504336,0.117371015,0,0.9460295
3040,Pass,0,0.99935013,0.14743829,0,0.9611298
3041,Pass,0,0.99207205,0.15606183,0,0.95171475
3042,Pass,0,0.99884135,0.46566764,0,0.87090117
3043,Pass,0,0.9988914,0.14379264,0,0.9617167
3044,Pass,0,0.9995534,0.19414464,0,0.9481449
3045,Pass,0,0.9998617,0.268253,0,0.92751783
3046,Pass,0,0.97393125,0.29257005,0,0.8967772
3047,Pass,0,0.8702257,0.19953114,0,0.8241454
3048,Pass,0,0.9978387,0.23431888,0,0.93520075
3049,Pass,0,0.97971445,0.3351962,0,0.8903121
3050,Pass,0,0.9997522,0.08596129,0,0.9788686
3051,Pass,0,0.99950814,0.2068285,0,0.9445228
3052,Pass,0,0.9999769,0.09986212,0,0.9751641
3053,Pass,0,0.999982,0.14993837,0,0.9610317
3054,Pass,0,0.9993605,0.1929261,0,0.9483057
3055,Pass,0,0.99638474,0.22074872,0,0.93765545
3056,Pass,0,0.7288312,0.35333994,0,0.6585894
3057,Pass,0,0.99636143,0.31422493,0,0.91133904
3058,Pass,0,0.9998683,0.16530718,0,0.95658404
3059,Pass,0,0.99703074,0.5856063,0,0.83556163
3060,Pass,0,0.6210874,0.96040124,0,0.45478308
3061,Pass,0,0.99587715,0.41392815,0,0.8828637
3062,Pass,0,0.7038514,0.50518584,0,0.6058433
3063,Pass,0,0.9990695,0.17844184,0,0.95211506
3064,Pass,0,0.98844796,0.3443936,0,0.895682
3065,Pass,0,0.8530315,0.66829807,0,0.6949684
3066,Pass,0,0.9963052,0.3210443,0,0.9093695
3067,Pass,0,0.9990934,0.27235442,0,0.9256482
3068,Pass,0,0.9963378,0.38169107,0,0.89233994
3069,Pass,0,0.98444057,0.48431158,0,0.8531633
3070,Pass,0,0.99648476,0.03345662,0,0.99044055
3071,Pass,0,0.99996173,0.19923636,0,0.9470948
3072,Pass,0,0.99937373,0.3436288,0,0.90579814
3073,Pass,0,0.64391977,1.1147164,0,0.44344833
3074,Pass,0,0.9999757,0.13607056,0,0.9649407
3075,Pass,0,0.9969933,0.40775526,0,0.88559073
3076,Pass,0,0.9999906,0.08089077,0,0.9805335
3077,Pass,0,0.9586928,0.28716856,0,0.8842079
3078,Pass,0,0.86322206,0.5736867,0,0.72632813
3079,Pass,0,0.9999951,0.08625905,0,0.9790223
3080,Pass,0,0.99994767,0.15865056,0,0.9585391
3081,Pass,0,0.9994778,0.25727844,0,0.9302584
3082,Pass,0,0.99967325,0.15949215,0,0.95803857
3083,Pass,0,0.9940241,0.24567595,0,0.9284385
3084,Pass,0,0.9867843,0.29932803,0,0.90672934
3085,Pass,0,0.9955914,0.28806028,0,0.9179891
3086,Pass,0,0.98566717,0.31710553,0,0.90075576
3087,Pass,0,0.99976116,0.24586147,0,0.93374467
3088,Pass,0,0.99799865,0.37334174,0,0.89618
3089,Pass,0,0.8050812,0.55669653,0,0.6812693
3090,Pass,0,0.99530643,0.4489452,0,0.87251806
3091,Pass,0,0.99780303,0.24527416,0,0.9320813
3092,Pass,0,0.99751425,0.043160666,0,0.9887309
3093,Pass,0,0.994574,0.20631146,0,0.9400053
3094,Pass,0,0.9977118,0.2014526,0,0.9443396
3095,Pass,0,0.99480987,0.42116016,0,0.8798863
3096,Pass,0,0.99998486,0.114679396,0,0.9709887
3097,Pass,0,0.9982114,0.066860326,0,0.9827429
3098,Pass,0,0.9904261,0.20142737,0,0.93745065
3099,Pass,0,0.9990409,0.103011444,0,0.9733631
3100,Pass,0,0.58778566,0.81876624,0,0.45390198
3101,Pass,0,0.9965333,0.4158275,0,0.88291097
3102,Pass,0,0.8690705,0.74029374,0,0.6903707
3103,Pass,0,0.9972857,0.3143563,0,0.9121475
3104,Pass,0,0.99920815,0.2553526,0,0.9305507
3105,Pass,0,0.9995295,0.20318618,0,0.94557077
3106,Pass,0,0.7546002,0.3247122,0,0.68797386
3107,Pass,0,0.9993237,0.3092058,0,0.91546464
3108,Pass,0,0.93941075,0.6248351,0,0.77686906
3109,Pass,0,0.5513159,0.55243343,0,0.4671936
3110,Pass,0,0.7236236,0.31905583,0,0.6608878
3111,Pass,0,0.9982968,0.3168271,0,0.91237587
3112,Pass,0,0.9889521,0.26515764,0,0.91826177
3113,Pass,0,0.9997056,0.23603003,0,0.9364676
3114,Pass,0,0.90348005,0.60474604,0,0.75227946
3115,Pass,0,0.9713291,0.59439945,0,0.81161106
3116,Pass,0,0.9973496,0.28020343,0,0.9218225
3117,Pass,0,0.6998363,1.1792119,0,0.46921343
3118,Pass,0,0.99979633,0.18828282,0,0.9500299
3119,Pass,0,0.99998593,0.07759713,0,0.9814587
3120,Pass,0,0.99996316,0.36465457,0,0.9003966
3121,Pass,0,0.9973412,0.45032844,0,0.8739123
3122,Pass,0,0.95269746,0.5863698,0,0.79820275
3123,Pass,0,0.9958917,0.2327304,0,0.9338227
3124,Pass,0,0.99386567,0.20926958,0,0.9385058
3125,Pass,0,0.9999467,0.09934457,0,0.9752808
3126,Pass,0,0.9997795,0.039562423,0,0.9919919
3127,Pass,0,0.997954,0.23666279,0,0.93464845
3128,Pass,0,0.9279212,0.29659706,0,0.853357
3129,Pass,0,0.9758292,0.4979895,0,0.841932
3130,Pass,0,0.8098589,0.15844838,0,0.7763684
3131,Pass,0,0.9954281,0.20136255,0,0.9422033
3132,Pass,0,0.96831816,0.9322648,0,0.7167302
3133,Pass,0,0.94951016,0.5130274,0,0.81519306
3134,Pass,0,0.90295684,0.33528605,0,0.82053596
3135,Pass,0,0.9989249,0.18163508,0,0.9510767
3136,Pass,0,0.7826613,0.5092311,0,0.6727854
3137,Pass,0,0.9999639,0.31583872,0,0.91417855
3138,Pass,0,0.98053485,0.44234934,0,0.8613947
3139,Pass,0,0.9959233,0.48783973,0,0.8621227
3140,Pass,0,0.99881065,0.13107951,0,0.9652239
3141,Pass,0,0.9993925,0.175008,0,0.95339173
3142,Pass,0,0.9993986,0.30787063,0,0.91590995
3143,Pass,0,0.9981343,0.09933168,0,0.97351676
3144,Pass,0,0.99999404,0.19180065,0,0.94922465
3145,Pass,0,0.8858318,0.57631356,0,0.74469537
3146,Pass,0,0.8911075,0.76868606,0,0.7007334
3147,Pass,0,0.99343985,0.66087973,0,0.8114403
3148,Pass,0,0.9972356,0.059812646,0,0.98376644
3149,Pass,0,0.86089385,0.42871147,0,0.7596054
3150,Pass,0,0.9973406,0.4188901,0,0.8827639
3151,Pass,0,0.6700516,0.34255707,0,0.60751456
3152,Pass,0,0.9902506,0.10057282,0,0.96548045
3153,Pass,0,0.9908827,0.35743564,0,0.8942397
3154,Pass,0,0.997884,0.34102455,0,0.9051816
3155,Pass,0,0.99921024,0.18561246,0,0.95022637
3156,Pass,0,0.9998753,0.17734197,0,0.9531935
3157,Pass,0,0.9164462,0.78920937,0,0.7153488
3158,Pass,0,0.99630284,0.44791442,0,0.8736814
3159,Pass,0,0.99976677,0.129517,0,0.9665889
3160,Pass,0,0.82788527,0.8799647,0,0.62500864
3161,Pass,0,0.99972826,0.35347527,0,0.9033404
3162,Pass,0,0.9999609,0.15619704,0,0.95924455
3163,Pass,0,0.99972254,0.4439231,0,0.87780684
3164,Pass,0,0.9968144,0.5559206,0,0.84373456
3165,Pass,0,0.99795145,0.28997308,0,0.91962624
3166,Pass,0,0.95640016,0.32136837,0,0.872859
3167,Pass,0,0.5720486,0.54479986,0,0.48599568
3168,Pass,0,0.98738515,0.24736243,0,0.9217675
3169,Pass,0,0.999754,0.23464179,0,0.9369047
3170,Pass,0,0.9958133,0.16373904,0,0.95314544
3171,Pass,0,0.98667616,0.38039935,0,0.8840466
3172,Pass,0,0.9917591,0.7421538,0,0.7873111
3173,Pass,0,0.98899955,0.42197096,0,0.8745209
3174,Pass,0,0.9999789,0.20793647,0,0.9446549
3175,Pass,0,0.9982811,0.045627113,0,0.9887959
3176,Pass,0,0.51717037,0.7851208,0,0.40428373
3177,Pass,0,0.9996099,0.1344744,0,0.9650382
3178,Pass,0,0.9997657,0.1972429,0,0.9474718
3179,Pass,0,0.9999652,0.10403456,0,0.97397476
3180,Pass,0,0.9849246,0.13901001,0,0.9495996
3181,Pass,0,0.9996971,0.31373942,0,0.9145271
3182,Pass,0,0.99991524,0.109166585,0,0.9724774
3183,Pass,0,0.99807906,0.33544326,0,0.9069312
3184,Pass,0,0.9988959,0.39119872,0,0.8919498
3185,Pass,0,0.9010952,0.38911113,0,0.80515116
3186,Pass,0,0.97069764,0.51756895,0,0.8321388
3187,Pass,0,0.99993896,0.18676159,0,0.95059496
3188,Pass,0,0.9999646,0.13463745,0,0.96533465
3189,Pass,0,0.7164201,0.43304497,0,0.63125324
3190,Pass,0,0.98921704,0.41524947,0,0.8765904
3191,Pass,0,0.9954957,0.17817095,0,0.9487853
3192,Pass,0,0.9994392,0.24289338,0,0.9342814
3193,Pass,0,0.9905956,0.48526177,0,0.8582318
3194,Pass,0,0.99908555,0.21483934,0,0.9418639
3195,Pass,0,0.99666756,0.12874293,0,0.9638103
3196,Pass,0,0.9738322,0.09365558,0,0.95137453
3197,Pass,0,0.9999943,0.2271053,0,0.9392576
3198,Pass,0,0.99985874,0.36052755,0,0.9014675
3199,Pass,0,0.99992204,0.23469932,0,0.937046
3200,Pass,0,0.99721485,0.24524137,0,0.931541
3201,Pass,0,0.99429166,0.1611098,0,0.952427
3202,Pass,0,0.9891065,0.4812902,0,0.8580507
3203,Pass,0,0.9914847,0.06429852,0,0.9768376
3204,Pass,0,0.9752353,0.2788127,0,0.90176576
3205,Pass,0,0.9689933,0.41969573,0,0.8574528
3206,Pass,0,0.8715715,1.1560694,0,0.5900498
3207,Pass,0,0.5865138,0.36547697,0,0.5279783
3208,Pass,0,0.9979303,0.885943,0,0.7516991
3209,Pass,0,0.9988882,0.22295584,0,0.93938893
3210,Pass,0,0.98375493,0.2722054,0,0.9114787
3211,Pass,0,0.9983942,0.10663264,0,0.9717123
3212,Pass,0,0.9962406,0.3369003,0,0.90485084
3213,Pass,0,0.9624308,0.4740974,0,0.8368639
3214,Pass,0,0.997486,0.05641068,0,0.9849715
3215,Pass,0,0.9999528,0.0974134,0,0.9758319
3216,Pass,0,0.79156494,0.54292476,0,0.6729093
3217,Pass,0,0.99970824,0.15703788,0,0.9587648
3218,Pass,0,0.88663703,0.6621525,0,0.7238853
3219,Pass,0,0.86562836,0.28362027,0,0.7992412
3220,Pass,0,0.99995327,0.11937058,0,0.9696337
3221,Pass,0,0.99988353,0.17508593,0,0.95383817
3222,Pass,0,0.99116266,0.2508022,0,0.92433137
3223,Pass,0,0.9999629,0.18578823,0,0.9508925
3224,Pass,0,0.99941564,0.34651077,0,0.905023
3225,Pass,0,0.52809066,0.47654775,0,0.45882615
3226,Pass,0,0.99996173,0.10192568,0,0.97456676
3227,Pass,0,0.9966509,0.124477684,0,0.9649944
3228,Pass,0,0.9997292,0.46346778,0,0.8722962
3229,Pass,0,0.89008754,0.44663176,0,0.7808611
3230,Pass,0,0.99965644,0.04914189,0,0.98916614
3231,Pass,0,0.9996476,0.06353815,0,0.9850945
3232,Pass,0,0.99470866,0.26734334,0,0.922993
3233,Pass,0,0.99684393,0.16833304,0,0.95283896
3234,Pass,0,0.99997604,0.24467336,0,0.93428075
3235,Pass,0,0.98677665,0.402278,0,0.8780415
3236,Pass,0,0.979914,0.4763133,0,0.85145307
3237,Pass,0,0.9910517,0.15439476,0,0.95120233
3238,Pass,0,0.9486423,0.3732099,0,0.85189444
3239,Pass,0,0.6979901,0.44872463,0,0.6119243
3240,Pass,0,0.3674408,1.1173011,0,0.2527774
3241,Pass,0,0.9928261,0.20566304,0,0.9385351
3242,Pass,0,0.9996394,0.6148009,0,0.82950854
3243,Pass,0,0.98633844,0.20659214,0,0.93214345
3244,Pass,0,0.9983845,0.13627946,0,0.96334636
3245,Pass,0,0.6756814,0.43281803,0,0.59540075
3246,Pass,0,0.9280438,0.5469349,0,0.78787935
3247,Pass,0,0.9950128,0.25877494,0,0.92568225
3248,Pass,0,0.9978522,0.20580037,0,0.9432476
3249,Pass,0,0.9999411,0.13029617,0,0.96653754
3250,Pass,0,0.8494234,0.7200096,0,0.67962784
3251,Pass,0,0.9136957,0.6692767,0,0.7441393
3252,Pass,0,0.9804115,0.29214954,0,0.9028605
3253,Pass,0,0.99870086,0.10718146,0,0.971856
3254,Pass,0,0.95058745,0.41515917,0,0.84238315
3255,Pass,0,0.99978954,0.11153025,0,0.9716879
3256,Pass,0,0.99557173,0.37474042,0,0.8936075
3257,Pass,0,0.9993787,0.2686449,0,0.9269591
3258,Pass,0,0.98326796,0.18915243,0,0.9340829
3259,Pass,0,0.99410903,0.1532356,0,0.9544621
3260,Pass,0,0.9189808,0.51480454,0,0.7885213
3261,Pass,0,0.9755004,0.4389433,0,0.85791004
3262,Pass,0,0.9610191,0.5650635,0,0.8109557
3263,Pass,0,0.9736632,0.49429965,0,0.8410775
3264,Pass,0,0.9984622,0.30893877,0,0.9147507
3265,Pass,0,0.99982303,0.109347634,0,0.9723366
3266,Pass,0,0.9907975,0.41927597,0,0.8768646
3267,Pass,0,0.99460816,0.36636665,0,0.895094
3268,Pass,0,0.99922454,0.06812927,0,0.9833824
3269,Pass,0,0.7289811,0.6527455,0,0.59710485
3270,Pass,0,0.99986255,0.20981263,0,0.9440154
3271,Pass,0,0.9999291,0.14666998,0,0.96190345
3272,Pass,0,0.9966247,0.5505132,0,0.8450955
3273,Pass,0,0.9980659,0.22718374,0,0.9374243
3274,Pass,0,0.99863213,0.13271351,0,0.9645907
3275,Pass,0,0.9946279,0.21521066,0,0.9375573
3276,Pass,0,0.9989587,0.038042646,0,0.9916061
3277,Pass,0,0.9618271,0.45231694,0,0.8422533
3278,Pass,0,0.999353,0.17004928,0,0.95475304
3279,Pass,0,0.9987601,0.3577644,0,0.90125614
3280,Pass,0,0.5047806,0.3235804,0,0.46037295
3281,Pass,0,0.9976305,0.035290115,0,0.9910629
3282,Pass,0,0.97349584,0.75781274,0,0.768509
3283,Pass,0,0.98893017,0.3185197,0,0.90334284
3284,Pass,0,0.95355505,0.41057488,0,0.8462471
3285,Pass,0,0.99779665,0.2733626,0,0.92416275
3286,Pass,0,0.9900136,0.33756194,0,0.8990102
3287,Pass,0,0.9969695,0.23470822,0,0.9342766
3288,Pass,0,0.9862265,0.29509774,0,0.90739465
3289,Pass,0,0.6388294,0.6589647,0,0.5221404
3290,Pass,0,0.999813,0.22049764,0,0.94095254
3291,Pass,0,0.9981237,0.5296336,0,0.85225034
3292,Pass,0,0.9980932,0.2615113,0,0.92777693
3293,Pass,0,0.9655435,0.3063972,0,0.8852847
3294,Pass,0,0.99990773,0.42118567,0,0.8843881
3295,Pass,0,0.9999746,0.37226537,0,0.8982582
3296,Pass,0,0.9999734,0.25400552,0,0.93164366
3297,Pass,0,0.93167984,0.2912929,0,0.85820884
3298,Pass,0,0.9996513,0.426161,0,0.8827571
3299,Pass,0,0.9979278,0.22018942,0,0.93926513
3300,Pass,0,0.98716766,0.4833451,0,0.8557961
3301,Pass,0,0.99401325,0.2807332,0,0.9185901
3302,Pass,0,0.71331716,0.33326873,0,0.6486126
3303,Pass,0,0.9928076,0.46526605,0,0.86575294
3304,Pass,0,0.99756145,0.18374147,0,0.9491853
3305,Pass,0,0.6220675,0.451849,0,0.54481465
3306,Pass,0,0.99987996,0.16449633,0,0.95682406
3307,Pass,0,0.9999076,0.15183374,0,0.96042514
3308,Pass,0,0.9999287,0.24931583,0,0.93292594
3309,Pass,0,0.9998166,0.105775,0,0.9733387
3310,Pass,0,0.9997999,0.16511427,0,0.956573
3311,Pass,0,0.9995247,0.3695158,0,0.89862996
3312,Pass,0,0.9988613,0.15273285,0,0.9591666
3313,Pass,0,0.99973315,0.181332,0,0.9519318
3314,Pass,0,0.999637,0.036534846,0,0.99270487
3315,Pass,0,0.9985216,0.20146506,0,0.9451026
3316,Pass,0,0.64826995,0.78854626,0,0.5061403
3317,Pass,0,0.8746357,0.3353973,0,0.7947725
3318,Pass,0,0.99499834,0.5686311,0,0.8386269
3319,Pass,0,0.84586424,0.31695879,0,0.77303135
3320,Pass,0,0.9993818,0.019574886,0,0.99723667
3321,Pass,0,0.996648,0.3271267,0,0.90797096
3322,Pass,0,0.990768,0.254556,0,0.9229134
3323,Pass,0,0.99593425,0.4665102,0,0.86812955
3324,Pass,0,0.9846704,0.3111346,0,0.90150476
3325,Pass,0,0.99997616,0.123127684,0,0.9685952
3326,Pass,0,0.9625985,0.5306039,0,0.8216533
3327,Pass,0,0.98430586,0.0796661,0,0.9654942
3328,Pass,0,0.99991536,0.32942408,0,0.910299
3329,Pass,0,0.93125457,0.75315773,0,0.73638624
3330,Pass,0,0.9425292,1.1720461,0,0.6338365
3331,Pass,0,0.9995981,0.28341115,0,0.9229955
3332,Pass,0,0.99894696,0.30111498,0,0.9174013
3333,Pass,0,0.7334405,0.60284495,0,0.6110903
3334,Pass,0,0.99730456,0.27112383,0,0.9243374
3335,Pass,0,0.9908087,0.23735449,0,0.927763
3336,Pass,0,0.56677127,0.6595478,0,0.46315113
3337,Pass,0,0.72629803,0.6268008,0,0.6002271
3338,Pass,0,0.9495986,0.48871619,0,0.8217867
3339,Pass,0,0.7860493,0.44016597,0,0.69102466
3340,Pass,0,0.9990097,0.21809754,0,0.94087344
3341,Pass,0,0.99885,0.29447323,0,0.9191852
3342,Pass,0,0.9796179,0.21231884,0,0.92420834
3343,Pass,0,0.99869174,0.23839389,0,0.93485135
3344,Pass,0,0.9473245,0.39087313,0,0.84598696
3345,Pass,0,0.98602676,0.35526803,0,0.8904608
3346,Pass,0,0.9996269,0.20487618,0,0.945186
3347,Pass,0,0.99160415,0.29482263,0,0.91241944
3348,Pass,0,0.99997926,0.26215065,0,0.92934966
3349,Pass,0,0.99701345,0.28046617,0,0.92143786
3350,Pass,0,0.99847525,0.12542306,0,0.96649426
3351,Pass,0,0.9827811,0.1254141,0,0.9513053
3352,Pass,0,0.99386877,0.37246206,0,0.89271826
3353,Pass,0,0.9987256,0.15847367,0,0.95741755
3354,Pass,0,0.99961346,0.059172116,0,0.98629296
3355,Pass,0,0.99996126,0.17970686,0,0.95260775
3356,Pass,0,0.9997588,0.15741155,0,0.9587078
3357,Pass,0,0.9997334,0.2582275,0,0.9302284
3358,Pass,0,0.63933104,0.4411734,0,0.5618612
3359,Pass,0,0.999943,0.12623695,0,0.9676853
3360,Pass,0,0.99986947,0.089201614,0,0.9780687
3361,Pass,0,0.99884415,0.3710307,0,0.89759094
3362,Pass,0,0.9999945,0.09646481,0,0.97614044
3363,Pass,0,0.993048,0.28637406,0,0.9161167
3364,Pass,0,0.99965966,0.7918629,0,0.77955365
3365,Pass,0,0.97464776,0.32781428,0,0.88773894
3366,Pass,0,0.9997141,0.09784261,0,0.9754778
3367,Pass,0,0.9935389,0.34421837,0,0.9003443
3368,Pass,0,0.9997271,0.16069746,0,0.95774996
3369,Pass,0,0.629703,1.1077974,0,0.43488774
3370,Pass,0,0.99911505,0.44289812,0,0.87756246
3371,Pass,0,0.9997814,0.16440246,0,0.9567563
3372,Pass,0,0.99995565,0.1730164,0,0.9544912
3373,Pass,0,0.9914352,0.6137991,0,0.822981
3374,Pass,0,0.99788374,0.28288537,0,0.92156065
3375,Pass,0,0.39242768,0.7550373,0,0.31010255
3376,Pass,0,0.6976274,0.6000235,0,0.58180714
3377,Pass,0,0.87376744,0.61045367,0,0.7261313
3378,Pass,0,0.9988481,0.4427129,0,0.87738025
3379,Pass,0,0.9994375,0.042966608,0,0.990692
3380,Pass,0,0.99687356,0.091162086,0,0.97458637
3381,Pass,0,0.9633625,0.71025,0,0.7734455
3382,Pass,0,0.9999745,0.10033331,0,0.97502875
3383,Pass,0,0.99704945,0.2498724,0,0.930083
3384,Pass,0,0.64005697,0.28493175,0,0.59073246
3385,Pass,0,0.97399193,0.31496984,0,0.8906736
3386,Pass,0,0.9988889,0.04525358,0,0.9895032
3387,Pass,0,0.99110436,0.2639891,0,0.9205872
3388,Pass,0,0.98344606,0.43351504,0,0.866405
3389,Pass,0,0.9998323,0.20857288,0,0.9443367
3390,Pass,0,0.9962031,0.3530017,0,0.9002883
3391,Pass,0,0.9999316,0.17244661,0,0.95462906
3392,Pass,0,0.82882434,0.49725112,0,0.715271
3393,Pass,0,0.9983967,0.4649415,0,0.8707182
3394,Pass,0,0.9247453,0.38215342,0,0.8280996
3395,Pass,0,0.99983275,0.16894963,0,0.9555218
3396,Pass,0,0.9949798,0.2919316,0,0.91633767
3397,Pass,0,0.9999963,0.3200736,0,0.91301256
3398,Pass,0,0.9977016,0.20134616,0,0.9443599
3399,Pass,0,0.9971589,0.42792782,0,0.88005877
3400,Pass,0,0.9999832,0.14427643,0,0.96263134
3401,Pass,0,0.9978053,0.32071418,0,0.9108317
3402,Pass,0,0.9997029,0.16689721,0,0.95597696
3403,Pass,0,0.9996805,0.14686415,0,0.9616096
3404,Pass,0,0.9834093,0.3723935,0,0.8833423
3405,Pass,0,0.7225805,0.9845655,0,0.5241706
3406,Pass,0,0.97611237,0.82910925,0,0.75092673
3407,Pass,0,0.9993481,0.27307332,0,0.92568135
3408,Pass,0,0.9999583,0.33165935,0,0.90970707
3409,Pass,0,0.99945444,0.3230271,0,0.91168445
3410,Pass,0,0.87548715,0.7893707,0,0.68333757
3411,Pass,0,0.9713867,0.24279536,0,0.90808463
3412,Pass,0,0.8289533,0.30260852,0,0.760935
3413,Pass,0,0.9993274,0.24514012,0,0.9335431
3414,Pass,0,0.99664044,0.19388756,0,0.9454541
3415,Pass,0,0.9128695,0.38759452,0,0.8160627
3416,Pass,0,0.99862385,0.60635084,0,0.83104813
3417,Pass,0,0.9971777,0.2587539,0,0.92770225
3418,Pass,0,0.97631,0.5126864,0,0.8382959
3419,Pass,0,0.99912816,0.057965897,0,0.9861544
3420,Pass,0,0.9978422,0.03247232,0,0.99206704
3421,Pass,0,0.99868304,0.052175637,0,0.9873476
3422,Pass,0,0.619887,0.8884037,0,0.46650428
3423,Pass,0,0.99598664,0.2261699,0,0.93575644
3424,Pass,0,0.99973446,0.14400077,0,0.96246964
3425,Pass,0,0.9991197,0.335624,0,0.9078259
3426,Pass,0,0.97928923,0.3100051,0,0.8968904
3427,Pass,0,0.99492115,0.32201707,0,0.907833
3428,Pass,0,0.99854636,0.12805113,0,0.9658222
3429,Pass,0,0.9084613,0.33087865,0,0.8266684
3430,Pass,0,0.9709536,0.17237796,0,0.92698276
3431,Pass,0,0.9999597,0.20826668,0,0.9445435
3432,Pass,0,0.89940786,0.44592413,0,0.7892173
3433,Pass,0,0.9997193,0.04390818,0,0.99070555
3434,Pass,0,0.99731016,0.058108367,0,0.9843199
3435,Pass,0,0.9847552,0.27999008,0,0.9102412
3436,Pass,0,0.9141086,0.53394294,0,0.77940166
3437,Pass,0,0.80113167,0.63478935,0,0.6602643
3438,Pass,0,0.99867046,0.06506466,0,0.9837011
3439,Pass,0,0.99904627,0.29608703,0,0.9189106
3440,Pass,0,0.9941994,0.30366254,0,0.9123262
3441,Pass,0,0.9966546,0.5777318,0,0.8374621
3442,Pass,0,0.99959904,0.15528652,0,0.9591543
3443,Pass,0,0.997792,0.30163628,0,0.9161938
3444,Pass,0,0.9999323,0.23609355,0,0.936662
3445,Pass,0,0.9999757,0.080632485,0,0.9805918
3446,Pass,0,0.986371,0.2802648,0,0.9116582
3447,Pass,0,0.9561655,0.59170806,0,0.79966736
3448,Pass,0,0.979262,0.54415977,0,0.8321292
3449,Pass,0,0.99989843,0.16093487,0,0.9578472
3450,Pass,0,0.55044186,0.20359015,0,0.520664
3451,Pass,0,0.9466923,0.82117426,0,0.7304146
3452,Pass,0,0.99821824,0.14107953,0,0.96183324
3453,Pass,0,0.97881925,0.3766547,0,0.8780418
3454,Pass,0,0.9997427,0.023201078,0,0.9965733
3455,Pass,0,0.99949014,0.062205154,0,0.98531544
3456,Pass,0,0.9946418,0.5239713,0,0.8508673
3457,Pass,0,0.99589384,0.42410728,0,0.8800165
3458,Pass,0,0.9998963,0.41069913,0,0.8873383
3459,Pass,0,0.99355906,0.25226486,0,0.9261559
3460,Pass,0,0.8692349,0.48308703,0,0.75362104
3461,Pass,0,0.99965715,0.2754742,0,0.92529005
3462,Pass,0,0.9999664,0.35600233,0,0.9028421
3463,Pass,0,0.9999243,0.15601997,0,0.9592594
3464,Pass,0,0.9886284,0.21149485,0,0.9329392
3465,Pass,0,0.9985625,0.29470462,0,0.9188554
3466,Pass,0,0.9733559,0.34640127,0,0.8814546
3467,Pass,0,0.99014497,0.11804649,0,0.96049285
3468,Pass,0,0.9992561,0.2593802,0,0.9294591
3469,Pass,0,0.99960655,0.21211597,0,0.94312364
3470,Pass,0,0.9999796,0.28555402,0,0.9227428
3471,Pass,0,0.9993081,0.08488123,0,0.9787384
3472,Pass,0,0.99186677,0.28467625,0,0.91550237
3473,Pass,0,0.98659015,0.61365396,0,0.8189996
3474,Pass,0,0.7871368,0.7750875,0,0.6175523
3475,Pass,0,0.6484038,0.6819046,0,0.52576655
3476,Pass,0,0.94489247,0.3879851,0,0.84458554
3477,Pass,0,0.9947015,0.33523768,0,0.9039199
3478,Pass,0,0.99265575,0.49816707,0,0.85639995
3479,Pass,0,0.90755963,0.12498401,0,0.87860316
3480,Pass,0,0.9998271,0.08740434,0,0.9785345
3481,Pass,0,0.9996934,0.13878904,0,0.96390104
3482,Pass,0,0.984313,0.19620776,0,0.933115
3483,Pass,0,0.9853849,0.21867704,0,0.9278803
3484,Pass,0,0.99969065,0.2188614,0,0.94129914
3485,Pass,0,0.99643207,0.27966064,0,0.92112714
3486,Pass,0,0.99992,0.10862737,0,0.97263426
3487,Pass,0,0.9997663,0.15753709,0,0.95867956
3488,Pass,0,0.9999254,0.22931181,0,0.93857
3489,Pass,0,0.9433985,0.42892054,0,0.8323472
3490,Pass,0,0.65958893,0.706638,0,0.5302304
3491,Pass,0,0.96802694,0.27025416,0,0.8974395
3492,Pass,0,0.9793519,0.2523146,0,0.9128988
3493,Pass,0,0.9968136,0.26682577,0,0.92509186
3494,Pass,0,0.98778474,0.23509164,0,0.92556244
3495,Pass,0,0.9988342,0.17202924,0,0.9536991
3496,Pass,0,0.98046607,0.23708779,0,0.9181523
3497,Pass,0,0.9975255,0.24979536,0,0.9305487
3498,Pass,0,0.9812603,0.22524239,0,0.92217755
3499,Pass,0,0.9980855,0.18239823,0,0.9500624
3500,Pass,0,0.9999026,0.18357366,0,0.9514603
3501,Pass,0,0.9837235,0.35114002,0,0.88952726
3502,Pass,0,0.9979457,0.30213523,0,0.9161943
3503,Pass,0,0.9202839,3.470206,0,0.021775676
3504,Pass,0,0.9617787,0.59903723,0,0.80237174
3505,Pass,0,0.99603266,0.26939967,0,0.9236433
3506,Pass,0,0.9950395,0.627388,0,0.82215554
3507,Pass,0,0.9922604,0.2824214,0,0.91649735
3508,Pass,0,0.99478745,0.17394105,0,0.9492983
3509,Pass,0,0.9975884,0.4984826,0,0.8605667
3510,Pass,0,0.90589184,0.101159036,0,0.8830819
3511,Pass,0,0.9594227,0.9891693,0,0.69473237
3512,Pass,0,0.99948895,0.23100217,0,0.93768334
3513,Pass,0,0.99944216,0.17801224,0,0.9525914
3514,Pass,0,0.96131414,0.27715665,0,0.88934284
3515,Pass,0,0.99995494,0.19720426,0,0.94766206
3516,Pass,0,0.62869996,0.6032841,0,0.5237443
3517,Pass,0,0.9999833,0.20124733,0,0.9465475
3518,Pass,0,0.99456537,0.33891633,0,0.9027632
3519,Pass,0,0.9628523,0.38143417,0,0.86241955
3520,Pass,0,0.9946473,1.5085164,0,0.57440037
3521,Pass,0,0.99774975,0.34701383,0,0.9033727
3522,Pass,0,0.715051,0.36037502,0,0.6447171
3523,Pass,0,0.9971841,0.4482356,0,0.87436384
3524,Pass,0,0.99996245,0.20023338,0,0.946814
3525,Pass,0,0.9921245,0.5169349,0,0.85068476
3526,Pass,0,0.9176329,0.23153234,0,0.8607517
3527,Pass,0,0.9974045,0.15300417,0,0.9576913
3528,Pass,0,0.99729913,0.37421528,0,0.8953059
3529,Pass,0,0.88246423,0.28039593,0,0.81558925
3530,Pass,0,0.99621177,0.31489554,0,0.91101354
3531,Pass,0,0.9933303,0.30996138,0,0.90976226
3532,Pass,0,0.99823284,0.074538365,0,0.9806002
3533,Pass,0,0.68109375,0.99302745,0,0.49244836
3534,Pass,0,0.82526684,1.0081422,0,0.5931676
3535,Pass,0,0.99989367,0.22691895,0,0.9392157
3536,Pass,0,0.9909587,0.75718266,0,0.78247106
3537,Pass,0,0.99388885,0.33216393,0,0.90404385
3538,Pass,0,0.987227,0.22842734,0,0.92689735
3539,Pass,0,0.9991386,0.22825037,0,0.9381309
3540,Pass,0,0.9934749,0.29029626,0,0.9154104
3541,Pass,0,0.99982846,0.41497216,0,0.88607186
3542,Pass,0,0.9999901,0.55777705,0,0.8458985
3543,Pass,0,0.9935247,0.3293122,0,0.90451247
3544,Pass,0,0.9965713,0.2748175,0,0.9226185
3545,Pass,0,0.9999896,0.09145878,0,0.97754896
3546,Pass,0,0.9998474,0.0626928,0,0.98553
3547,Pass,0,0.6884623,0.57524836,0,0.57897913
3548,Pass,0,0.99892944,0.22297014,0,0.9394237
3549,Pass,0,0.40108356,0.86289155,0,0.3047297
3550,Pass,0,0.8673811,0.6060879,0,0.7218932
3551,Pass,0,0.99935275,0.11390071,0,0.9705946
3552,Pass,0,0.9883908,0.3549457,0,0.89268565
3553,Pass,0,0.9908805,0.14318077,0,0.9541751
3554,Pass,0,0.9999629,0.08777109,0,0.9785639
3555,Pass,0,0.984704,0.4920306,0,0.8512457
3556,Pass,0,0.9990693,0.2518332,0,0.931414
3557,Pass,0,0.9525629,0.48696044,0,0.8248242
3558,Pass,0,0.6480673,2.0817394,0,0.26937413
3559,Pass,0,0.74008036,1.0173088,0,0.53002375
3560,Pass,0,0.9999497,0.10226027,0,0.9744606
3561,Pass,0,0.97141886,0.36238053,0,0.87531805
3562,Pass,0,0.99949324,0.052196514,0,0.9881428
3563,Pass,0,0.99923384,0.41851297,0,0.88454604
3564,Pass,0,0.9946407,0.48949194,0,0.8605485
3565,Pass,0,0.8181859,0.79647064,0,0.6369726
3566,Pass,0,0.7316691,0.08097467,0,0.71741545
3567,Pass,0,0.8966657,0.742716,0,0.7116785
3568,Pass,0,0.99937457,0.35367107,0,0.9029655
3569,Pass,0,0.99999714,0.1404084,0,0.9637368
3570,Pass,0,0.99987304,0.18366882,0,0.9514053
3571,Pass,0,0.962799,0.35554937,0,0.86940783
3572,Pass,0,0.999739,0.13788752,0,0.9641995
3573,Pass,0,0.90533453,0.48822564,0,0.78360575
3574,Pass,0,0.67240983,0.42343262,0,0.59429955
3575,Pass,0,0.98921365,0.79326886,0,0.77101505
3576,Pass,0,0.9988741,0.28238434,0,0.92261654
3577,Pass,0,0.9599409,0.2876289,0,0.8852343
3578,Pass,0,0.899051,0.25443783,0,0.8375077
3579,Pass,0,0.99983287,0.22295395,0,0.9402779
3580,Pass,0,0.9805383,0.44486445,0,0.8607015
3581,Pass,0,0.99924135,0.5895804,0,0.8362931
3582,Pass,0,0.98835576,0.09571294,0,0.9649891
3583,Pass,0,0.94506323,0.34271023,0,0.856818
3584,Pass,0,0.99994814,0.06517128,0,0.98492956
3585,Pass,0,0.99717903,0.3085325,0,0.9136895
3586,Pass,0,0.9997547,0.19597144,0,0.9478203
3587,Pass,0,0.96881604,0.27765524,0,0.8961467
3588,Pass,0,0.99992776,0.19935441,0,0.9470293
3589,Pass,0,0.99971,0.16098669,0,0.95765203
3590,Pass,0,0.9997614,0.19851285,0,0.9471093
3591,Pass,0,0.94113505,0.47512472,0,0.81807363
3592,Pass,0,0.9766266,0.32802728,0,0.8894826
3593,Pass,0,0.9986719,0.07142732,0,0.9819086
3594,Pass,0,0.99979705,0.074310765,0,0.982201
3595,Pass,0,0.9997247,0.14535181,0,0.9620789
3596,Pass,0,0.9992617,0.24544027,0,0.93339694
3597,Pass,0,0.7185732,1.0580828,0,0.50634915
3598,Pass,0,0.8473799,0.8873525,0,0.6379586
3599,Pass,0,0.48623866,0.8108239,0,0.3765753
3600,Pass,0,0.7767711,0.16797562,0,0.7425595
3601,Pass,0,0.98559153,0.38457724,0,0.8819123
3602,Pass,0,0.9999995,0.08637012,0,0.97899526
3603,Pass,0,0.99999833,0.0882397,0,0.97846633
3604,Pass,0,0.5842883,1.2227345,0,0.3845635
3605,Pass,0,0.99934906,0.09880712,0,0.9748495
3606,Pass,0,0.9572166,0.25455463,0,0.89166015
3607,Pass,0,0.99331903,0.31508777,0,0.90831435
3608,Pass,0,0.9999945,0.09298388,0,0.97712314
3609,Pass,0,0.9994622,0.26324284,0,0.9285609
3610,Pass,0,0.9999496,0.09425645,0,0.97672004
3611,Pass,0,0.9885515,0.3226694,0,0.9018388
3612,Pass,0,0.9990903,0.20802897,0,0.94378936
3613,Pass,0,0.99449795,0.19320503,0,0.9436133
3614,Pass,0,0.998147,0.31816715,0,0.91186136
3615,Pass,0,0.99874437,0.5439178,0,0.8487526
3616,Pass,0,0.99921775,0.46287298,0,0.8720178
3617,Pass,0,0.9947529,0.20655486,0,0.940106
3618,Pass,0,0.66442543,0.627775,0,0.54891163
3619,Pass,0,0.99997056,0.14807607,0,0.9615464
3620,Pass,0,0.99998677,0.2359746,0,0.9367466
3621,Pass,0,0.9986613,0.46499914,0,0.8709327
3622,Pass,0,0.9999902,0.13479595,0,0.9653146
3623,Pass,0,0.99894994,0.19302993,0,0.9478869
3624,Pass,0,0.9996791,0.2705637,0,0.92669624
3625,Pass,0,0.99909115,0.1138059,0,0.97036725
3626,Pass,0,0.82131225,0.6560436,0,0.6719681
3627,Pass,0,0.99941146,0.4385577,0,0.8790475
3628,Pass,0,0.99946755,0.2590197,0,0.92975754
3629,Pass,0,0.8530681,0.67663854,0,0.6929895
3630,Pass,0,0.99997234,0.15262815,0,0.960263
3631,Pass,0,0.9990446,0.23166536,0,0.9370794
3632,Pass,0,0.99990106,0.14573798,0,0.96213967
3633,Pass,0,0.9998665,0.15405397,0,0.9597589
3634,Pass,0,0.9676078,0.36592248,0,0.8709164
3635,Pass,0,0.9933711,0.2354464,0,0.9306975
3636,Pass,0,0.9979328,0.40113714,0,0.8882898
3637,Pass,0,0.9986879,0.4356549,0,0.87922955
3638,Pass,0,0.9996381,0.034710515,0,0.99322087
3639,Pass,0,0.9973092,0.050384913,0,0.9864936
3640,Pass,0,0.9055213,0.212442,0,0.8542713
3641,Pass,0,0.9966453,0.0820796,0,0.97691876
3642,Pass,0,0.9999865,0.14308383,0,0.9629712
3643,Pass,0,0.9999267,0.18019573,0,0.9524368
3644,Pass,0,0.9948894,0.17543538,0,0.94897586
3645,Pass,0,0.9954863,0.3294466,0,0.9062606
3646,Pass,0,0.81076705,0.30615154,0,0.74343
3647,Pass,0,0.9959745,0.2976394,0,0.91564876
3648,Pass,0,0.9996748,0.057405625,0,0.98685205
3649,Pass,0,0.99947494,0.20551097,0,0.9448632
3650,Pass,0,0.99959224,0.45486808,0,0.8746036
3651,Pass,0,0.9992681,0.08982377,0,0.97730494
3652,Pass,0,0.99904853,0.06542715,0,0.9839713
3653,Pass,0,0.9901044,0.29904974,0,0.90985787
3654,Pass,0,0.72639096,0.94383615,0,0.5352873
3655,Pass,0,0.7473158,0.12002654,0,0.72451806
3656,Pass,0,0.9817415,0.47840327,0,0.8524617
3657,Pass,0,0.99992347,0.15156676,0,0.96051574
3658,Pass,0,0.7047769,0.6562681,0,0.5765784
3659,Pass,0,0.9997409,0.26320374,0,0.92883086
3660,Pass,0,0.99916494,0.22342326,0,0.9395173
3661,Pass,0,0.9984297,0.14321226,0,0.9614358
3662,Pass,0,0.90778184,0.75507367,0,0.7173342
3663,Pass,0,0.99957234,0.4964,0,0.8628658
3664,Pass,0,0.87087077,0.7056724,0,0.700313
3665,Pass,0,0.9998479,0.29362997,0,0.92034155
3666,Pass,0,0.9935489,0.24207275,0,0.9290054
3667,Pass,0,0.98857695,0.26415956,0,0.918192
3668,Pass,0,0.9999807,0.11660714,0,0.97044045
3669,Pass,0,0.9986998,0.022969855,0,0.9955989
3670,Pass,0,0.9998971,0.2311078,0,0.9380365
3671,Pass,0,0.9998988,0.08614708,0,0.9789597
3672,Pass,0,0.97561353,0.61186635,0,0.8103799
3673,Pass,0,0.99681735,0.0745493,0,0.9792066
3674,Pass,0,0.85699743,0.4907931,0,0.7411468
3675,Pass,0,0.9994362,0.1785595,0,0.9524313
3676,Pass,0,0.99990296,0.17001224,0,0.955289
3677,Pass,0,0.99997675,0.14601731,0,0.96213365
3678,Pass,0,0.9988587,0.22305402,0,0.9393335
3679,Pass,0,0.9993069,0.02377519,0,0.995977
3680,Pass,0,0.99990845,0.26063177,0,0.9297126
3681,Pass,0,0.71160656,0.6848362,0,0.5764263
3682,Pass,0,0.998741,0.27798352,0,0.9237344
3683,Pass,0,0.99939704,0.32553896,0,0.91092336
3684,Pass,0,0.99906343,0.41393876,0,0.8856854
3685,Pass,0,0.9985166,0.3594122,0,0.9005719
3686,Pass,0,0.9755559,0.28460017,0,0.90046823
3687,Pass,0,0.929542,0.19991933,0,0.88021886
3688,Pass,0,0.7834472,0.5641754,0,0.66130817
3689,Pass,0,0.9993542,0.03345244,0,0.99329376
3690,Pass,0,0.99124616,0.28316563,0,0.91535234
3691,Pass,0,0.99883085,0.2359277,0,0.935677
3692,Pass,0,0.9998473,0.34882697,0,0.90476006
3693,Pass,0,0.98516,0.26192942,0,0.9156386
3694,Pass,0,0.7495075,0.2557612,0,0.697921
3695,Pass,0,0.99953294,0.21762456,0,0.9414997
3696,Pass,0,0.9138498,0.17082101,0,0.8728667
3697,Pass,0,0.99986315,0.25213835,0,0.93206805
3698,Pass,0,0.9903122,0.17898703,0,0.9436169
3699,Pass,0,0.99661654,0.05884946,0,0.98342675
3700,Pass,0,0.99987245,0.11855661,0,0.96978503
3701,Pass,0,0.9939183,0.3344733,0,0.9034226
3702,Pass,0,0.74261636,1.0943158,0,0.5156949
3703,Pass,0,0.8066973,0.25592372,0,0.75113755
3704,Pass,0,0.9986265,0.22190373,0,0.9394394
3705,Pass,0,0.99965715,0.39994735,0,0.89016044
3706,Pass,0,0.9984303,0.55427575,0,0.845566
3707,Pass,0,0.9920324,0.30163485,0,0.9109056
3708,Pass,0,0.98609364,0.46818238,0,0.8590862
3709,Pass,0,0.8651077,0.28911817,0,0.7974177
3710,Pass,0,0.9451039,0.61442715,0,0.78435427
3711,Pass,0,0.900816,0.3932823,0,0.8038409
3712,Pass,0,0.9999987,0.10321022,0,0.9742402
3713,Pass,0,0.99585414,0.4555402,0,0.87114394
3714,Pass,0,0.9998265,0.15630415,0,0.95908535
3715,Pass,0,0.99984264,0.08012648,0,0.9806042
3716,Pass,0,0.63265747,0.42298734,0,0.5592446
3717,Pass,0,0.99303377,0.4452009,0,0.8715755
3718,Pass,0,0.748887,0.9465187,0,0.55129784
3719,Pass,0,0.9994429,0.23797882,0,0.93567157
3720,Pass,0,0.9987851,0.19045837,0,0.9484556
3721,Pass,0,0.97790456,0.2447983,0,0.9136248
3722,Pass,0,0.9976349,0.3249696,0,0.90947753
3723,Pass,0,0.87985575,0.6153062,0,0.7299856
3724,Pass,0,0.99956924,0.37175015,0,0.89803946
3725,Pass,0,0.97758627,0.382506,0,0.87532085
3726,Pass,0,0.52063143,0.71760243,0,0.4169136
3727,Pass,0,0.9890442,0.56555057,0,0.83446866
3728,Pass,0,0.9903554,0.41321823,0,0.87816703
3729,Pass,0,0.9552469,0.25930676,0,0.8885437
3730,Pass,0,0.8215239,0.7875059,0,0.64165056
3731,Pass,0,0.9970824,0.3549777,0,0.90052664
3732,Pass,0,0.84198606,0.46440548,0,0.7344373
3733,Pass,0,0.99899477,0.0288732,0,0.99422795
3734,Pass,0,0.99425393,0.19590099,0,0.942625
3735,Pass,0,0.99934775,0.06929646,0,0.9831743
3736,Pass,0,0.9735227,0.40649253,0,0.8650898
3737,Pass,0,0.9996772,0.35825026,0,0.9019465
3738,Pass,0,0.96485627,0.3857375,0,0.8630423
3739,Pass,0,0.9264368,0.31607357,0,0.8468978
3740,Pass,0,0.9990651,0.3667452,0,0.89899826
3741,Pass,0,0.9996444,0.08804945,0,0.9781737
3742,Pass,0,0.81748146,0.85615104,0,0.6226504
3743,Pass,0,0.9999658,0.12706114,0,0.96747464
3744,Pass,0,0.9999087,0.42920616,0,0.8821248
3745,Pass,0,0.99857175,0.13705765,0,0.9633077
3746,Pass,0,0.99276125,0.42800006,0,0.8761573
3747,Pass,0,0.99842227,0.086496174,0,0.9774156
3748,Pass,0,0.9839293,0.17761295,0,0.93791664
3749,Pass,0,0.9858766,0.4263577,0,0.8705385
3750,Pass,0,0.99950874,0.51327115,0,0.8580501
3751,Pass,0,0.8056804,0.50364774,0,0.6938429
3752,Pass,0,0.9998759,0.34175295,0,0.90678287
3753,Pass,0,0.99963677,0.10248112,0,0.9740933
3754,Pass,0,0.9991542,0.39955267,0,0.889824
3755,Pass,0,0.97733486,0.5829701,0,0.8197829
3756,Pass,0,0.98638165,0.40681976,0,0.87642527
3757,Pass,0,0.7168029,0.82702,0,0.5518618
3758,Pass,0,0.96649706,0.38308817,0,0.8652328
3759,Pass,0,0.9952009,0.25525728,0,0.92684555
3760,Pass,0,0.99699664,0.19766973,0,0.9447275
3761,Pass,0,0.9784008,0.13574836,0,0.94421077
3762,Pass,0,0.805097,1.0378366,0,0.5719208
3763,Pass,0,0.988538,0.4345943,0,0.87058973
3764,Pass,0,0.96256495,0.16088831,0,0.9220964
3765,Pass,0,0.9990466,0.121372476,0,0.96818984
3766,Pass,0,0.99490273,0.4100257,0,0.883096
3767,Pass,0,0.9109347,1.310582,0,0.5769613
3768,Pass,0,0.99980634,0.22283942,0,0.9402852
3769,Pass,0,0.6138824,0.548619,0,0.52087456
3770,Pass,0,0.9999707,0.38190356,0,0.8955336
3771,Pass,0,0.9726486,0.51127356,0,0.83554006
3772,Pass,0,0.9782493,0.46543318,0,0.8530115
3773,Pass,0,0.5465616,0.36132962,0,0.49265337
3774,Pass,0,0.9781292,0.17834301,0,0.9321862
3775,Pass,0,0.99984825,0.2600769,0,0.9298132
3776,Pass,0,0.7694384,0.9519357,0,0.5652501
3777,Pass,0,0.9961098,0.09677671,0,0.97226065
3778,Pass,0,0.8885076,1.1818515,0,0.5950481
3779,Pass,0,0.9987501,0.04303583,0,0.98999107
3780,Pass,0,0.666381,1.1665025,0,0.449174
3781,Pass,0,0.99935883,0.24377109,0,0.93395865
3782,Pass,0,0.9742895,0.59885067,0,0.81286025
3783,Pass,0,0.99912685,0.19516023,0,0.94745386
3784,Pass,0,0.99947447,0.08272666,0,0.97950935
3785,Pass,0,0.5921674,0.4782694,0,0.5142107
3786,Pass,0,0.99815315,0.1430688,0,0.96120995
3787,Pass,0,0.99069196,0.39824754,0,0.8826527
3788,Pass,0,0.99998224,0.18039763,0,0.9524327
3789,Pass,0,0.99915767,0.07318375,0,0.9818908
3790,Pass,0,0.99790347,0.20623669,0,0.9431731
3791,Pass,0,0.9819126,0.37289825,0,0.881858
3792,Pass,0,0.99968374,0.5010541,0,0.86164844
3793,Pass,0,0.99516886,0.2176859,0,0.93737173
3794,Pass,0,0.5815524,0.43874556,0,0.51148236
3795,Pass,0,0.98544216,0.3222223,0,0.8991266
3796,Pass,0,0.8262802,0.7277356,0,0.6593085
3797,Pass,0,0.9999913,0.21433747,0,0.9428594
3798,Pass,0,0.9031294,0.38827673,0,0.80718154
3799,Pass,0,0.9977648,0.19663186,0,0.9457477
3800,Pass,0,0.9796593,0.25263554,0,0.9130966
3801,Pass,0,0.98756593,0.4738317,0,0.85879374
3802,Pass,0,0.99977356,0.38481694,0,0.8945348
3803,Pass,0,0.99984133,0.23787269,0,0.9360746
3804,Pass,0,0.9967753,0.2657258,0,0.9253659
3805,Pass,0,0.9990565,0.107741244,0,0.9720442
3806,Pass,0,0.5038167,0.77387726,0,0.39544415
3807,Pass,0,0.9999311,0.19758312,0,0.94753253
3808,Pass,0,0.8748055,1.3409207,0,0.54658514
3809,Pass,0,0.9983064,0.06397354,0,0.9836501
3810,Pass,0,0.9930483,0.19322836,0,0.9422313
3811,Pass,0,0.6472329,0.9609451,0,0.4738284
3812,Pass,0,0.9999479,0.46431622,0,0.8722476
3813,Pass,0,0.99964213,0.34066078,0,0.90687907
3814,Pass,0,0.9999504,0.1767291,0,0.9534381
3815,Pass,0,0.9997712,0.047269884,0,0.9898081
3816,Pass,0,0.997698,0.27172613,0,0.92453235
3817,Pass,0,0.5587902,0.6329589,0,0.46082383
3818,Pass,0,0.6284686,0.9765279,0,0.4573265
3819,Pass,0,0.9997714,0.32946715,0,0.91015583
3820,Pass,0,0.9791276,0.19988367,0,0.9271832
3821,Pass,0,0.7991092,0.6562801,0,0.65374905
3822,Pass,0,0.9998543,0.20973754,0,0.94402874
3823,Pass,0,0.9845232,0.4414264,0,0.8651549
3824,Pass,0,0.9972479,0.303527,0,0.91516185
3825,Pass,0,0.996218,0.19389874,0,0.94505024
3826,Pass,0,0.999464,0.26894635,0,0.92695314
3827,Pass,0,0.9998729,0.18005028,0,0.9524267
3828,Pass,0,0.99952924,0.27376652,0,0.9256535
3829,Pass,0,0.9992607,0.4174525,0,0.88486904
3830,Pass,0,0.99996996,0.10299972,0,0.9742716
3831,Pass,0,0.90263444,0.5085742,0,0.77608323
3832,Pass,0,0.99408096,0.30296376,0,0.91241366
3833,Pass,0,0.93803996,0.4434493,0,0.8237719
3834,Pass,0,0.9940346,0.35949892,0,0.8965052
3835,Pass,0,0.9993992,0.32479143,0,0.9111362
3836,Pass,0,0.7209071,0.6407004,0,0.59294295
3837,Pass,0,0.9988135,0.27775997,0,0.9238646
3838,Pass,0,0.7050311,0.72047293,0,0.5640066
3839,Pass,0,0.49056002,0.26456815,0,0.45557642
3840,Pass,0,0.9983652,0.33439913,0,0.9074856
3841,Pass,0,0.999987,0.2687954,0,0.92748094
3842,Pass,0,0.9967687,0.2923229,0,0.91787505
3843,Pass,0,0.9982072,0.03967129,0,0.9904011
3844,Pass,0,0.99860424,0.18308224,0,0.9503634
3845,Pass,0,0.99998975,0.21015105,0,0.94403994
3846,Pass,0,0.9094463,0.41751093,0,0.8053212
3847,Pass,0,0.99782735,0.26545855,0,0.9264179
3848,Pass,0,0.94818074,0.49240637,0,0.81957185
3849,Pass,0,0.9984446,0.106089555,0,0.9719144
3850,Pass,0,0.73906475,0.8215066,0,0.5701515
3851,Pass,0,0.9860394,0.09628118,0,0.96256936
3852,Pass,0,0.99565744,0.13310473,0,0.96160746
3853,Pass,0,0.7549105,0.92631096,0,0.5600389
3854,Pass,0,0.9973502,0.13464488,0,0.96280867
3855,Pass,0,0.6477093,0.22533724,0,0.6086927
3856,Pass,0,0.8921368,0.4623794,0,0.77869254
3857,Pass,0,0.97185236,0.47305495,0,0.8453423
3858,Pass,0,0.99761283,0.04781248,0,0.9875184
3859,Pass,0,0.8971651,0.54502934,0,0.762147
3860,Pass,0,0.9964618,0.36863524,0,0.89612395
3861,Pass,0,0.9787242,0.35996038,0,0.8825694
3862,Pass,0,0.6814232,0.31433755,0,0.62325376
3863,Pass,0,0.9992213,0.32458436,0,0.9110325
3864,Pass,0,0.99154645,0.21293965,0,0.93528837
3865,Pass,0,0.99997544,0.1544529,0,0.9597509
3866,Pass,0,0.9979036,0.16350749,0,0.9552114
3867,Pass,0,0.99424064,0.291814,0,0.91568995
3868,Pass,0,0.9998275,0.21216102,0,0.9433194
3869,Pass,0,0.9835796,1.0458406,0,0.6964878
3870,Pass,0,0.9996419,0.576621,0,0.8402858
3871,Pass,0,0.8510301,0.60489595,0,0.7085712
3872,Pass,0,0.9969007,0.16954818,0,0.95255125
3873,Pass,0,0.99967754,0.2829098,0,0.9232103
3874,Pass,0,0.97052664,0.41114345,0,0.861153
3875,Pass,0,0.9999279,0.26300347,0,0.9290612
3876,Pass,0,0.64841,0.3530646,0,0.5859693
3877,Pass,0,0.9999547,0.14254478,0,0.96309274
3878,Pass,0,0.9880967,0.18030684,0,0.9411377
3879,Pass,0,0.98510253,0.17191255,0,0.9406204
3880,Pass,0,0.9888237,0.42549193,0,0.87338245
3881,Pass,0,0.96756023,0.22374006,0,0.9097128
3882,Pass,0,0.9998299,0.22048444,0,0.94097215
3883,Pass,0,0.9999919,0.12492085,0,0.9681041
3884,Pass,0,0.98326856,0.44363815,0,0.8634385
3885,Pass,0,0.997783,0.2497739,0,0.93079495
3886,Pass,0,0.99989545,0.14080206,0,0.9635276
3887,Pass,0,0.9994499,0.23703031,0,0.9359458
3888,Pass,0,0.95629823,0.33053097,0,0.8702922
3889,Pass,0,0.99583036,0.20694403,0,0.9410149
3890,Pass,0,0.9359675,0.2330094,0,0.87755954
3891,Pass,0,0.9970796,0.20856032,0,0.94174033
3892,Pass,0,0.99854517,0.19186652,0,0.9478308
3893,Pass,0,0.5691075,1.2044128,0,0.37751567
3894,Pass,0,0.9935371,0.13452393,0,0.9591616
3895,Pass,0,0.99407107,0.32549962,0,0.90607995
3896,Pass,0,0.9994937,0.1412407,0,0.96301675
3897,Pass,0,0.9905121,0.34734192,0,0.8967279
3898,Pass,0,0.9914681,0.40469986,0,0.8815381
3899,Pass,0,0.9943914,0.30651727,0,0.91170096
3900,Pass,0,0.99897826,0.0951824,0,0.9755101
3901,Pass,0,0.9993104,0.31952453,0,0.9125412
3902,Pass,0,0.8317884,0.6791825,0,0.6751055
3903,Pass,0,0.99984026,0.10586105,0,0.97333753
3904,Pass,0,0.9279337,0.1801309,0,0.88388
3905,Pass,0,0.99510866,0.34937462,0,0.9003182
3906,Pass,0,0.7057177,0.5775341,0,0.59303504
3907,Pass,0,0.9998647,0.16848299,0,0.95568407
3908,Pass,0,0.99974674,0.106635526,0,0.9730279
3909,Pass,0,0.99576414,0.4775946,0,0.8648651
3910,Pass,0,0.9999325,0.12226507,0,0.96879643
3911,Pass,0,0.9990089,0.25171608,0,0.93139076
3912,Pass,0,0.98537654,0.23429917,0,0.92352647
3913,Pass,0,0.99718297,0.17374508,0,0.9516395
3914,Pass,0,0.997322,0.17068167,0,0.9526347
3915,Pass,0,0.99946696,0.23048452,0,0.9378088
3916,Pass,0,0.9805815,0.22750594,0,0.92091304
3917,Pass,0,0.99752873,0.31746438,0,0.91149443
3918,Pass,0,0.9873927,0.5647172,0,0.8333076
3919,Pass,0,0.9995931,0.06822504,0,0.98371804
3920,Pass,0,0.99999106,0.14497818,0,0.9624408
3921,Pass,0,0.93194705,0.3256134,0,0.84942496
3922,Pass,0,0.9994455,0.20584933,0,0.9447399
3923,Pass,0,0.9993381,0.27682558,0,0.9246134
3924,Pass,0,0.97710824,0.34187663,0,0.8861008
3925,Pass,0,0.9987394,0.10423994,0,0.97272295
3926,Pass,0,0.68156636,0.91958934,0,0.5069211
3927,Pass,0,0.8996718,0.3483329,0,0.8142369
3928,Pass,0,0.99835193,0.41040298,0,0.8860512
3929,Pass,0,0.98682284,0.4780842,0,0.8569628
3930,Pass,0,0.9992488,0.03976458,0,0.9914082
3931,Pass,0,0.9983765,0.16077597,0,0.95643395
3932,Pass,0,0.99729174,0.32238737,0,0.9098918
3933,Pass,0,0.99992454,0.15132467,0,0.9605851
3934,Pass,0,0.999585,0.16725843,0,0.95576227
3935,Pass,0,0.9998815,0.2659375,0,0.9281898
3936,Pass,0,0.9981516,0.5570593,0,0.84454554
3937,Pass,0,0.9949596,0.12711887,0,0.9626149
3938,Pass,0,0.99442613,0.28883907,0,0.916696
3939,Pass,0,0.9983246,0.50030196,0,0.8606889
3940,Pass,0,0.8682535,0.3394203,0,0.7879869
3941,Pass,0,0.7047438,1.0895582,0,0.49034163
3942,Pass,0,0.9717824,0.31622612,0,0.8883084
3943,Pass,0,0.7346188,0.6217569,0,0.6081497
3944,Pass,0,0.99916065,0.31002542,0,0.91508406
3945,Pass,0,0.9969984,0.4708896,0,0.8678245
3946,Pass,0,0.45894653,0.38342652,0,0.4108168
3947,Pass,0,0.9999875,0.19615385,0,0.94798946
3948,Pass,0,0.9994394,0.38443738,0,0.89434296
3949,Pass,0,0.99679023,0.29611543,0,0.9168276
3950,Pass,0,0.8181626,0.31025988,0,0.74926233
3951,Pass,0,0.44534993,1.1392349,0,0.30361643
3952,Pass,0,0.99602014,0.3637136,0,0.89711076
3953,Pass,0,0.9994438,0.36748257,0,0.899131
3954,Pass,0,0.64679545,0.39017847,0,0.57773304
3955,Pass,0,0.9985947,0.2869274,0,0.92107767
3956,Pass,0,0.999851,0.31552044,0,0.91416514
3957,Pass,0,0.99989986,0.16862155,0,0.9556786
3958,Pass,0,0.98566324,0.3409315,0,0.894122
3959,Pass,0,0.99994063,0.1351916,0,0.96515507
3960,Pass,0,0.9999683,0.09052984,0,0.97779036
3961,Pass,0,0.9997218,0.19091979,0,0.9492149
3962,Pass,0,0.84568167,0.53533685,0,0.72072566
3963,Pass,0,0.9938538,0.33130804,0,0.9042522
3964,Pass,0,0.9911896,0.21771488,0,0.9336155
3965,Pass,0,0.9931625,0.40258655,0,0.88363725
3966,Pass,0,0.9963786,0.23546688,0,0.93350947
3967,Pass,0,0.6680038,0.526343,0,0.57099724
3968,Pass,0,0.8771068,0.9059823,0,0.65572554
3969,Pass,0,0.9884666,0.2550255,0,0.92063856
3970,Pass,0,0.80285025,0.7492273,0,0.6357419
3971,Pass,0,0.99661356,0.35712278,0,0.89949965
3972,Pass,0,0.9993974,0.16584107,0,0.95598286
3973,Pass,0,0.9999491,0.12861082,0,0.967021
3974,Pass,0,0.98789746,0.063248865,0,0.97359604
3975,Pass,0,0.99991274,0.41578847,0,0.8859162
3976,Pass,0,0.6138204,0.57086325,0,0.51696706
3977,Pass,0,0.9845244,0.2921635,0,0.90664417
3978,Pass,0,0.9995975,0.29555246,0,0.91956854
3979,Pass,0,0.9994405,0.1942364,0,0.94801193
3980,Pass,0,0.9999691,0.20691347,0,0.9449345
3981,Pass,0,0.99614346,0.23603112,0,0.93313044
3982,Pass,0,0.9999074,0.11674116,0,0.97033143
3983,Pass,0,0.99367464,0.06277304,0,0.9794231
3984,Pass,0,0.7611474,0.51810914,0,0.652384
3985,Pass,0,0.86170185,1.3013904,0,0.5480147
3986,Pass,0,0.79919255,0.43740773,0,0.7032014
3987,Pass,0,0.99919885,0.4221641,0,0.88348514
3988,Pass,0,0.8667969,0.52916586,0,0.7402311
3989,Pass,0,0.9086701,0.2937673,0,0.8363789
3990,Pass,0,0.99705684,0.14805137,0,0.9587516
3991,Pass,0,0.99873084,0.30118755,0,0.9171824
3992,Pass,0,0.9654606,0.18293098,0,0.9188621
3993,Pass,0,0.999948,0.105674416,0,0.9734951
3994,Pass,0,0.9684908,0.40165892,0,0.8619399
3995,Pass,0,0.69590575,0.5552319,0,0.58917147
3996,Pass,0,0.99890816,0.6187516,0,0.8277875
3997,Pass,0,0.99893326,0.5041458,0,0.86012965
3998,Pass,0,0.9913019,0.43547773,0,0.8727766
3999,Pass,0,0.99920124,0.48361447,0,0.8661522
4000,Pass,0,0.56870556,0.6954872,0,0.4589614
4001,Pass,0,0.977665,0.50567645,0,0.8413942
4002,Pass,0,0.9542196,0.67563957,0,0.775429
4003,Pass,0,0.9999689,0.22679238,0,0.9393221
4004,Pass,0,0.9950329,0.21031566,0,0.9393141
4005,Pass,0,0.9982134,0.052367907,0,0.98682916
4006,Pass,0,0.9989213,0.040159307,0,0.990972
4007,Pass,0,0.6833829,0.87690306,0,0.51650786
4008,Pass,0,0.9999988,0.13416694,0,0.9655005
4009,Pass,0,0.88424253,0.24006207,0,0.82730174
4010,Pass,0,0.9992601,0.060736574,0,0.985503
4011,Pass,0,0.9943137,0.54554105,0,0.84453166
4012,Pass,0,0.9910868,0.39960188,0,0.8826255
4013,Pass,0,0.99488574,0.3201638,0,0.9083212
4014,Pass,0,0.9988631,0.056517918,0,0.9863011
4015,Pass,0,0.99571145,0.70410275,0,0.8011452
4016,Pass,0,0.9793738,0.19208013,0,0.929574
4017,Pass,0,0.8284007,0.41586936,0,0.73393863
4018,Pass,0,0.9943066,0.37228495,0,0.8931613
4019,Pass,0,0.9977168,0.27208582,0,0.92444843
4020,Pass,0,0.999724,0.21626356,0,0.94206375
4021,Pass,0,0.999356,0.07401404,0,0.9818514
4022,Pass,0,0.99861443,0.2826778,0,0.92229396
4023,Pass,0,0.9980229,0.32024965,0,0.91116124
4024,Pass,0,0.99779546,0.17384939,0,0.9521946
4025,Pass,0,0.9992912,0.09388878,0,0.9761806
4026,Pass,0,0.9992101,0.18312375,0,0.9509283
4027,Pass,0,0.6179504,0.6920015,0,0.49931148
4028,Pass,0,0.999912,0.07071062,0,0.98333025
4029,Pass,0,0.94296265,0.42491537,0,0.833029
4030,Pass,0,0.9682851,0.49742258,0,0.835578
4031,Pass,0,0.9371849,0.52751553,0,0.8007779
4032,Pass,0,0.99893516,0.06917868,0,0.9828017
4033,Pass,0,0.99988914,0.10461509,0,0.9737368
4034,Pass,0,0.99997616,0.24278644,0,0.93481356
4035,Pass,0,0.99975604,0.0761928,0,0.9816295
4036,Pass,0,0.9997434,0.053090673,0,0.98813766
4037,Pass,0,0.9796235,0.35404527,0,0.8850163
4038,Pass,0,0.8980259,0.25303113,0,0.8369094
4039,Pass,0,0.9986951,0.05060066,0,0.9878036
4040,Pass,0,0.9977652,0.3180044,0,0.9115584
4041,Pass,0,0.9977985,0.57739943,0,0.83851695
4042,Pass,0,0.99939823,0.3408953,0,0.90659165
4043,Pass,0,0.99563295,0.31983396,0,0.9090961
4044,Pass,0,0.74624443,0.53331536,0,0.6364069
4045,Pass,0,0.99762326,0.24189644,0,0.93286467
4046,Pass,0,0.9999329,0.25673336,0,0.93083584
4047,Pass,0,0.9882521,0.2626668,0,0.91830677
4048,Pass,0,0.99694794,0.21177973,0,0.9407098
4049,Pass,0,0.9999893,0.089083835,0,0.9782191
4050,Pass,0,0.97058016,0.11191885,0,0.9431931
4051,Pass,0,0.9998745,0.26385236,0,0.9287719
4052,Pass,0,0.99067533,0.5383555,0,0.8434511
4053,Pass,0,0.88134634,1.339408,0,0.5510482
4054,Pass,0,0.9997676,0.25444078,0,0.9313291
4055,Pass,0,0.99192095,0.17884362,0,0.94518995
4056,Pass,0,0.9970264,0.4137738,0,0.8839259
4057,Pass,0,0.99976546,0.06327887,0,0.9852838
4058,Pass,0,0.9615171,0.4262181,0,0.8490667
4059,Pass,0,0.97718143,0.46652743,0,0.85177845
4060,Pass,0,0.99713814,0.37162513,0,0.8958905
4061,Pass,0,0.9992894,0.3212973,0,0.91202193
4062,Pass,0,0.999819,0.3342581,0,0.9088468
4063,Pass,0,0.5838942,0.6761866,0,0.47440067
4064,Pass,0,0.9999932,0.0787783,0,0.98113245
4065,Pass,0,0.6216908,0.99509776,0,0.4491351
4066,Pass,0,0.9988519,0.19839978,0,0.9462796
4067,Pass,0,0.99820983,0.27883643,0,0.92300284
4068,Pass,0,0.9309464,0.47195414,0,0.81005055
4069,Pass,0,0.99943227,0.07628286,0,0.98128617
4070,Pass,0,0.9999914,0.05131875,0,0.9888831
4071,Pass,0,0.99459696,0.5506775,0,0.84332997
4072,Pass,0,0.99676836,0.31611747,0,0.9111787
4073,Pass,0,0.9999974,0.060414106,0,0.98632115
4074,Pass,0,0.99093086,0.06933575,0,0.97488266
4075,Pass,0,0.4378632,0.9593189,0,0.3207534
4076,Pass,0,0.98956317,0.3914211,0,0.88355416
4077,Pass,0,0.9957931,0.06633653,0,0.98050934
4078,Pass,0,0.8149167,0.79592633,0,0.63455266
4079,Pass,0,0.99713826,0.1857237,0,0.9482246
4080,Pass,0,0.94992834,0.102567114,0,0.925632
4081,Pass,0,0.9994004,0.34285998,0,0.90603924
4082,Pass,0,0.9944885,0.26371214,0,0.9238083
4083,Pass,0,0.9999933,0.1106503,0,0.9721344
4084,Pass,0,0.98949885,0.3651154,0,0.8908454
4085,Pass,0,0.9994469,0.05366505,0,0.9876826
4086,Pass,0,0.9979837,0.73864675,0,0.79324055
4087,Pass,0,0.99935645,0.18917218,0,0.949361
4088,Pass,0,0.96835726,0.31557167,0,0.8853564
4089,Pass,0,0.99999475,0.13065654,0,0.96648765
4090,Pass,0,0.9979494,0.22532167,0,0.9378395
4091,Pass,0,0.99927384,0.36654752,0,0.89924186
4092,Pass,0,0.99770206,0.42053705,0,0.88262
4093,Pass,0,0.63717,0.83241737,0,0.48958212
4094,Pass,0,0.986358,0.44340032,0,0.8662176
4095,Pass,0,0.9960614,0.7406519,0,0.7911488
4096,Pass,0,0.9950067,0.39903975,0,0.8862744
4097,Pass,0,0.99966335,0.18860443,0,0.9498128
4098,Pass,0,0.9989593,0.36314255,0,0.8999191
4099,Pass,0,0.99903893,0.25867486,0,0.92945606
4100,Pass,0,0.7378835,0.5413332,0,0.62760633
4101,Pass,0,0.997338,0.2022214,0,0.9437693
4102,Pass,0,0.9147256,0.6495794,0,0.7500649
4103,Pass,0,0.95371616,0.2455213,0,0.89083165
4104,Pass,0,0.9997526,0.03562706,0,0.9930759
4105,Pass,0,0.9997713,0.085857496,0,0.9789165
4106,Pass,0,0.9986467,0.24539548,0,0.9328351
4107,Pass,0,0.9881138,0.6495139,0,0.8102607
4108,Pass,0,0.99973017,0.20502718,0,0.94524103
4109,Pass,0,0.9882152,0.20411961,0,0.9346069
4110,Pass,0,0.9965558,0.055942815,0,0.9841846
4111,Pass,0,0.93290323,0.5326055,0,0.7957789
4112,Pass,0,0.9989957,0.5273771,0,0.8536313
4113,Pass,0,0.9864179,0.36627647,0,0.8877483
4114,Pass,0,0.91954184,0.3982459,0,0.81926227
4115,Pass,0,0.99410075,0.33319107,0,0.90394837
4116,Pass,0,0.75532556,0.7568793,0,0.5964774
4117,Pass,0,0.99447143,0.72305447,0,0.79482657
4118,Pass,0,0.9908897,0.5084704,0,0.851994
4119,Pass,0,0.9997106,0.35408843,0,0.90315133
4120,Pass,0,0.9965904,0.313362,0,0.91179127
4121,Pass,0,0.98469365,0.25027585,0,0.9184449
4122,Pass,0,0.98921216,0.19482312,0,0.93814605
4123,Pass,0,0.5036395,0.7945793,0,0.39236146
4124,Pass,0,0.90989345,0.3545848,0,0.82188183
4125,Pass,0,0.99939036,0.21941075,0,0.9408614
4126,Pass,0,0.9393963,0.3959623,0,0.83755714
4127,Pass,0,0.5998281,0.26688242,0,0.5566603
4128,Pass,0,0.94959366,0.74993426,0,0.751752
4129,Pass,0,0.85758716,0.3979471,0,0.7641363
4130,Pass,0,0.99998415,0.10478781,0,0.9737806
4131,Pass,0,0.9862937,0.35211176,0,0.8915807
4132,Pass,0,0.9997329,0.20009975,0,0.9466344
4133,Pass,0,0.99614453,0.3020021,0,0.91457814
4134,Pass,0,0.9473747,0.33037913,0,0.8622119
4135,Pass,0,0.91241235,0.34487772,0,0.8266576
4136,Pass,0,0.9984707,0.2788212,0,0.92324835
4137,Pass,0,0.98618156,0.5930214,0,0.82440495
4138,Pass,0,0.9995852,0.051337313,0,0.9884761
4139,Pass,0,0.9681293,0.29770482,0,0.89003146
4140,Pass,0,0.8031154,0.7320618,0,0.6398439
4141,Pass,0,0.9697477,0.34058625,0,0.87977916
4142,Pass,0,0.99995494,0.3260955,0,0.91127473
4143,Pass,0,0.8832727,0.42096305,0,0.7812835
4144,Pass,0,0.99983263,0.052373093,0,0.9884284
4145,Pass,0,0.9742545,0.8276622,0,0.74989545
4146,Pass,0,0.74692595,0.29215398,0,0.68784285
4147,Pass,0,0.9944794,0.057289347,0,0.981756
4148,Pass,0,0.9952081,0.44608617,0,0.8732351
4149,Pass,0,0.9717624,0.4149322,0,0.8612101
4150,Pass,0,0.999998,0.09539547,0,0.97644573
4151,Pass,0,0.9996006,0.40413895,0,0.8889272
4152,Pass,0,0.50895137,0.45879984,0,0.44474733
4153,Pass,0,0.99978596,0.044538595,0,0.9905937
4154,Pass,0,0.9530223,0.7770521,0,0.74717
4155,Pass,0,0.99959487,0.18326494,0,0.9512546
4156,Pass,0,0.42485517,0.45558307,0,0.3716457
4157,Pass,0,0.999977,0.14455889,0,0.9625456
4158,Pass,0,0.9888947,0.59194946,0,0.8269723
4159,Pass,0,0.58752507,0.65114516,0,0.48150438
4160,Pass,0,0.9995004,0.33108282,0,0.9094532
4161,Pass,0,0.99823403,0.37990686,0,0.89454114
4162,Pass,0,0.9999573,0.13527253,0,0.96514827
4163,Pass,0,0.54763913,1.4869876,0,0.3195855
4164,Pass,0,0.99992216,0.12652022,0,0.96758515
4165,Pass,0,0.8104386,0.50838757,0,0.69685614
4166,Pass,0,0.9944035,0.19573322,0,0.9428139
4167,Pass,0,0.86569566,0.47466797,0,0.7526102
4168,Pass,0,0.9996586,0.14627859,0,0.9617537
4169,Pass,0,0.9997793,0.063414305,0,0.9852592
4170,Pass,0,0.99277604,0.19880867,0,0.9404089
4171,Pass,0,0.99378467,0.186338,0,0.94486314
4172,Pass,0,0.99960583,0.2347065,0,0.9367476
4173,Pass,0,0.90200126,0.31796512,0,0.8240785
4174,Pass,0,0.8908834,0.4726192,0,0.775023
4175,Pass,0,0.9997346,0.13285221,0,0.96561646
4176,Pass,0,0.9704781,1.5074748,0,0.56072825
4177,Pass,0,0.99810994,0.42895877,0,0.8806076
4178,Pass,0,0.9475083,0.17210399,0,0.9046725
4179,Pass,0,0.9991003,0.03291486,0,0.99319303
4180,Pass,0,0.7087691,0.40693507,0,0.62973636
4181,Pass,0,0.9997392,0.07564066,0,0.98176885
4182,Pass,0,0.96213305,0.32540214,0,0.87699544
4183,Pass,0,0.99661,0.40010554,0,0.88740253
4184,Pass,0,0.9785782,0.3648938,0,0.88107485
4185,Pass,0,0.9691235,0.17762549,0,0.9237998
4186,Pass,0,0.99922884,0.25830328,0,0.92973757
4187,Pass,0,0.9439144,0.38952,0,0.84330225
4188,Pass,0,0.9999529,0.14580916,0,0.96216947
4189,Pass,0,0.99279636,0.15496643,0,0.95271665
4190,Pass,0,0.9980216,0.039235756,0,0.99033964
4191,Pass,0,0.99871683,0.02939889,0,0.9938032
4192,Pass,0,0.9990435,0.17894615,0,0.951948
4193,Pass,0,0.95719224,0.44158113,0,0.8410959
4194,Pass,0,0.9416117,0.8436148,0,0.72052914
4195,Pass,0,0.99714965,0.078886345,0,0.9783121
4196,Pass,0,0.9903798,0.4426373,0,0.86996293
4197,Pass,0,0.98512256,0.5755058,0,0.82839113
4198,Pass,0,0.997177,0.29209358,0,0.91831565
4199,Pass,0,0.7774314,0.6288101,0,0.64204377
4200,Pass,0,0.9999454,0.22092429,0,0.94095665
4201,Pass,0,0.8377424,0.7579551,0,0.66130716
4202,Pass,0,0.99987066,0.21768205,0,0.94180155
4203,Pass,0,0.9921997,0.27303883,0,0.9190696
4204,Pass,0,0.9993593,0.12531018,0,0.9673819
4205,Pass,0,0.50079286,0.60332674,0,0.41718405
4206,Pass,0,0.97892624,0.32219383,0,0.8931893
4207,Pass,0,0.9542774,0.8900875,0,0.71770066
4208,Pass,0,0.9973143,0.38307348,0,0.8928253
4209,Pass,0,0.99957615,0.11885232,0,0.96941423
4210,Pass,0,0.98834944,0.48746517,0,0.8556709
4211,Pass,0,0.85984266,0.46353313,0,0.7502248
4212,Pass,0,0.8928018,0.7774475,0,0.6998574
4213,Pass,0,0.99151456,0.25040507,0,0.9247707
4214,Pass,0,0.9989417,0.41661388,0,0.884823
4215,Pass,0,0.9273652,0.4797039,0,0.80490535
4216,Pass,0,0.9783136,0.19257645,0,0.9284307
4217,Pass,0,0.99922335,0.3260835,0,0.91061145
4218,Pass,0,0.99992895,0.56421846,0,0.84402835
4219,Pass,0,0.99989927,0.26512223,0,0.92843646
4220,Pass,0,0.9996681,0.3125205,0,0.91484463
4221,Pass,0,0.9949477,0.37776932,0,0.8921966
4222,Pass,0,0.9995353,0.46306568,0,0.87224054
4223,Pass,0,0.99814594,0.39427313,0,0.89041376
4224,Pass,0,0.9483186,1.4190753,0,0.5715922
4225,Pass,0,0.9965527,0.16528209,0,0.953419
4226,Pass,0,0.9997681,0.20332913,0,0.94575614
4227,Pass,0,0.9997733,0.1510162,0,0.9605269
4228,Pass,0,0.99149066,0.3511645,0,0.8965438
4229,Pass,0,0.9998267,0.34800103,0,0.9049746
4230,Pass,0,0.9949857,0.4323665,0,0.87689394
4231,Pass,0,0.9650674,0.28671312,0,0.89021134
4232,Pass,0,0.9941004,0.049483325,0,0.9835726
4233,Pass,0,0.9999391,0.16685282,0,0.95621544
4234,Pass,0,0.998381,0.23150782,0,0.9365014
4235,Pass,0,0.9799243,0.25585324,0,0.9124534
4236,Pass,0,0.99995446,0.35519305,0,0.9030598
4237,Pass,0,0.9873789,0.2621435,0,0.9176412
4238,Pass,0,0.76771176,1.3784055,0,0.4715476
4239,Pass,0,0.9848273,0.6185503,0,0.8161748
4240,Pass,0,0.9941989,0.273201,0,0.9208759
4241,Pass,0,0.9999708,0.10280063,0,0.97432864
4242,Pass,0,0.99813014,0.26155025,0,0.9278003
4243,Pass,0,0.998379,0.22396842,0,0.9386246
4244,Pass,0,0.99087536,0.5249313,0,0.84737676
4245,Pass,0,0.9962232,0.24053991,0,0.93193704
4246,Pass,0,0.99520147,0.46096793,0,0.869048
4247,Pass,0,0.69228524,0.38108802,0,0.6201423
4248,Pass,0,0.5276505,1.2407827,0,0.34459734
4249,Pass,0,0.99923635,0.076657474,0,0.98098814
4250,Pass,0,0.91793483,0.4096501,0,0.81487507
4251,Pass,0,0.99181694,0.27508673,0,0.91814154
4252,Pass,0,0.9998945,0.15678324,0,0.9590153
4253,Pass,0,0.9991924,0.37915438,0,0.89561224
4254,Pass,0,0.9982407,0.23991743,0,0.9339997
4255,Pass,0,0.9731458,0.686439,0,0.7878419
4256,Pass,0,0.58070725,0.58828664,0,0.48622227
4257,Pass,0,0.9951067,0.3625033,0,0.896628
4258,Pass,0,0.99987185,0.2057819,0,0.94516194
4259,Pass,0,0.6047544,1.0659224,0,0.42480722
4260,Pass,0,0.97162163,0.37821737,0,0.8711565
4261,Pass,0,0.99583864,0.36817324,0,0.8956934
4262,Pass,0,0.9992706,0.050186355,0,0.98848975
4263,Pass,0,0.9933189,0.36687574,0,0.89379096
4264,Pass,0,0.99873406,0.049568456,0,0.9881332
4265,Pass,0,0.7361928,1.7696375,0,0.37087265
4266,Pass,0,0.997764,0.28320882,0,0.92135894
4267,Pass,0,0.9997937,0.041160394,0,0.9915549
4268,Pass,0,0.99926597,0.44023633,0,0.878446
4269,Pass,0,0.98960483,0.7921902,0,0.7716213
4270,Pass,0,0.99896395,0.16915464,0,0.9546337
4271,Pass,0,0.69174516,0.64299846,0,0.5685086
4272,Pass,0,0.98612255,0.4520818,0,0.8635939
4273,Pass,0,0.99288744,0.07182249,0,0.97611046
4274,Pass,0,0.9244779,0.16157827,0,0.8854305
4275,Pass,0,0.998228,0.18100339,0,0.9505912
4276,Pass,0,0.981369,0.32020956,0,0.8959679
4277,Pass,0,0.973525,0.6637393,0,0.7943879
4278,Pass,0,0.99998033,0.062910594,0,0.9855995
4279,Pass,0,0.99863344,0.23315796,0,0.936273
4280,Pass,0,0.91563076,0.7264412,0,0.7309381
4281,Pass,0,0.9846527,0.30186433,0,0.9040656
4282,Pass,0,0.9997359,0.22050956,0,0.9408766
4283,Pass,0,0.9863908,0.7317575,0,0.7859446
4284,Pass,0,0.78216976,0.92837614,0,0.57980543
4285,Pass,0,0.99989915,0.2055856,0,0.9452431
4286,Pass,0,0.9973392,0.30666715,0,0.9143615
4287,Pass,0,0.9803237,0.4043549,0,0.87172484
4288,Pass,0,0.99997675,0.114432655,0,0.97105044
4289,Pass,0,0.7623952,0.97848743,0,0.554361
4290,Pass,0,0.9914136,0.38319212,0,0.88750964
4291,Pass,0,0.9850761,0.2656981,0,0.9145125
4292,Pass,0,0.9995503,0.06886862,0,0.98349434
4293,Pass,0,0.8698733,0.52500904,0,0.7438791
4294,Pass,0,0.8776286,0.9137125,0,0.6542003
4295,Pass,0,0.99626046,0.1646547,0,0.95331585
4296,Pass,0,0.99937385,0.29772857,0,0.9187488
4297,Pass,0,0.9442392,0.579057,0,0.7930656
4298,Pass,0,0.9855247,0.39941213,0,0.87772495
4299,Pass,0,0.7751021,0.72128206,0,0.61988455
4300,Pass,0,0.5656022,1.3404202,0,0.35347244
4301,Pass,0,0.7725441,0.49074718,0,0.66812
4302,Pass,0,0.99276066,0.24619044,0,0.9271142
4303,Pass,0,0.99833554,0.06904163,0,0.98225033
4304,Pass,0,0.9983217,0.042970244,0,0.9895849
4305,Pass,0,0.9999863,0.26223984,0,0.92933095
4306,Pass,0,0.8507122,1.4130799,0,0.51420057
4307,Pass,0,0.999902,0.29245943,0,0.9207218
4308,Pass,0,0.9814145,0.18444309,0,0.933627
4309,Pass,0,0.9704813,0.47395003,0,0.84390444
4310,Pass,0,0.9940546,0.37421367,0,0.8923936
4311,Pass,0,0.89900273,0.33846962,0,0.81613475
4312,Pass,0,0.99504495,0.2938573,0,0.9158567
4313,Pass,0,0.6350922,0.57678616,0,0.5338205
4314,Pass,0,0.7223574,0.69032896,0,0.5840147
4315,Pass,0,0.94393957,0.93909234,0,0.6968661
4316,Pass,0,0.9580481,0.20586976,0,0.9056029
4317,Pass,0,0.92111427,0.83260226,0,0.7077082
4318,Pass,0,0.989749,0.03622441,0,0.98297226
4319,Pass,0,0.9979272,0.27992824,0,0.9224339
4320,Pass,0,0.9999304,0.2639727,0,0.92878985
4321,Pass,0,0.9878016,0.4885787,0,0.8548861
4322,Pass,0,0.99999714,0.09109583,0,0.97765875
4323,Pass,0,0.9934422,0.40160584,0,0.8841611
4324,Pass,0,0.9964451,0.2262438,0,0.9361664
4325,Pass,0,0.97511214,0.3188263,0,0.8906363
4326,Pass,0,0.99862885,0.25809297,0,0.92923856
4327,Pass,0,0.88538736,0.28252319,0,0.8177591
4328,Pass,0,0.9998565,0.06275954,0,0.9855201
4329,Pass,0,0.9996567,0.3828454,0,0.8949866
4330,Pass,0,0.9776137,0.5921867,0,0.817473
4331,Pass,0,0.99136764,0.07644839,0,0.9733216
4332,Pass,0,0.99917454,0.2231124,0,0.93961406
4333,Pass,0,0.90047807,0.52384883,0,0.770346
4334,Pass,0,0.9921003,0.3389337,0,0.9005208
4335,Pass,0,0.9808053,0.26752648,0,0.91004133
4336,Pass,0,0.99896073,0.20834199,0,0.94357866
4337,Pass,0,0.9998072,0.10366446,0,0.97392535
4338,Pass,0,0.9991997,0.19998394,0,0.94616216
4339,Pass,0,0.9390846,0.33753845,0,0.85276884
4340,Pass,0,0.9994836,0.121785305,0,0.96849686
4341,Pass,0,0.71128047,0.36867633,0,0.63965046
4342,Pass,0,0.9967553,0.18243432,0,0.9487861
4343,Pass,0,0.990562,0.29615995,0,0.91108656
4344,Pass,0,0.4284763,1.0219542,0,0.30630016
4345,Pass,0,0.9984175,0.20696652,0,0.9434533
4346,Pass,0,0.9983323,0.20889877,0,0.9428282
4347,Pass,0,0.99974483,0.09455593,0,0.9764355
4348,Pass,0,0.9999523,0.11013512,0,0.97224
4349,Pass,0,0.9990938,0.17830986,0,0.9521754
4350,Pass,0,0.5548152,0.7442854,0,0.44010785
4351,Pass,0,0.9995926,0.22143601,0,0.94048023
4352,Pass,0,0.99818987,0.109681375,0,0.97065425
4353,Pass,0,0.99293,0.12059767,0,0.96247935
4354,Pass,0,0.94894505,0.29382986,0,0.87343293
4355,Pass,0,0.8563989,0.55292195,0,0.7256075
4356,Pass,0,0.9477915,0.57199,0,0.7979402
4357,Pass,0,0.99892384,0.10260088,0,0.97336483
4358,Pass,0,0.9775473,0.41544706,0,0.8661947
4359,Pass,0,0.873757,1.0555434,0,0.6163272
4360,Pass,0,0.6364146,1.3531462,0,0.39544004
4361,Pass,0,0.9919369,0.2683434,0,0.92014104
4362,Pass,0,0.9996978,0.09859597,0,0.9752493
4363,Pass,0,0.9002961,0.6742664,0,0.7319581
4364,Pass,0,0.9976127,0.15066344,0,0.95855045
4365,Pass,0,0.9995384,0.5855988,0,0.8376653
4366,Pass,0,0.99979585,0.081795774,0,0.9800871
4367,Pass,0,0.97409475,0.2908225,0,0.89740837
4368,Pass,0,0.99272656,0.37444836,0,0.89113563
4369,Pass,0,0.4311507,1.384681,0,0.26405957
4370,Pass,0,0.95853853,0.23329793,0,0.8986439
4371,Pass,0,0.9980525,0.32889184,0,0.90875304
4372,Pass,0,0.999616,0.28320533,0,0.92307013
4373,Pass,0,0.976648,0.5651361,0,0.8241241
4374,Pass,0,0.8609389,0.4717972,0,0.74917257
4375,Pass,0,0.99922407,0.36603874,0,0.89934057
4376,Pass,0,0.99872845,0.43795675,0,0.8786163
4377,Pass,0,0.9991228,0.32412267,0,0.9110729
4378,Pass,0,0.99993694,0.17400315,0,0.9541947
4379,Pass,0,0.98746765,0.596687,0,0.8244582
4380,Pass,0,0.5369681,0.6189126,0,0.44495696
4381,Pass,0,0.9987159,0.2758859,0,0.9243027
4382,Pass,0,0.97321147,0.69264936,0,0.7861888
4383,Pass,0,0.96525794,0.38444725,0,0.86375314
4384,Pass,0,0.6819673,0.53070015,0,0.5820941
4385,Pass,0,0.9745105,0.20778498,0,0.9206372
4386,Pass,0,0.9987562,0.19439584,0,0.9473179
4387,Pass,0,0.7960852,0.44497925,0,0.6987656
4388,Pass,0,0.9989705,0.17420779,0,0.9532148
4389,Pass,0,0.9733217,0.34280628,0,0.8824115
4390,Pass,0,0.9999683,0.16663943,0,0.95630354
4391,Pass,0,0.9322431,0.35221913,0,0.8426924
4392,Pass,0,0.9999844,0.14020763,0,0.9637811
4393,Pass,0,0.9934928,0.53801495,0,0.84594536
4394,Pass,0,0.999303,0.20904328,0,0.9437041
4395,Pass,0,0.9990534,0.4637727,0,0.8716206
4396,Pass,0,0.99841666,0.23967952,0,0.9342315
4397,Pass,0,0.9961498,0.41374907,0,0.8831557
4398,Pass,0,0.99816495,0.54285455,0,0.8485598
4399,Pass,0,0.9782045,0.36666068,0,0.8802504
4400,Pass,0,0.45680788,0.669541,0,0.37200302
4401,Pass,0,0.96092457,0.31557468,0,0.87855995
4402,Pass,0,0.84264463,0.28809446,0,0.7769558
4403,Pass,0,0.928107,0.42061147,0,0.821033
4404,Pass,0,0.99940526,0.13331632,0,0.9651674
4405,Pass,0,0.66162235,0.6518505,0,0.54209876
4406,Pass,0,0.99993944,0.1830191,0,0.95165193
4407,Pass,0,0.98714286,0.21014746,0,0.93191284
4408,Pass,0,0.9817924,0.29631352,0,0.902978
4409,Pass,0,0.9989008,0.05686841,0,0.9862395
4410,Pass,0,0.99088573,0.24913232,0,0.9245402
4411,Pass,0,0.9963432,0.22632459,0,0.9360479
4412,Pass,0,0.9996377,0.056682162,0,0.98701966
4413,Pass,0,0.9450577,0.30009288,0,0.8681838
4414,Pass,0,0.9997423,0.14483018,0,0.96224314
4415,Pass,0,0.95903194,0.6728636,0,0.7800912
4416,Pass,0,0.9998171,0.15861964,0,0.9584227
4417,Pass,0,0.9975405,0.2275111,0,0.93683857
4418,Pass,0,0.9996382,0.2646391,0,0.92833036
4419,Pass,0,0.96827286,0.5676016,0,0.81638294
4420,Pass,0,0.9996873,0.27411345,0,0.925702
4421,Pass,0,0.994576,0.19942416,0,0.9419411
4422,Pass,0,0.99149996,0.29432654,0,0.9124625
4423,Pass,0,0.9874511,0.37253705,0,0.88693285
4424,Pass,0,0.95574224,0.30994484,0,0.87534094
4425,Pass,0,0.9023431,0.7816864,0,0.70625687
4426,Pass,0,0.9129355,0.9799765,0,0.66343963
4427,Pass,0,0.8521445,0.19806156,0,0.80737513
4428,Pass,0,0.99681693,0.030574467,0,0.99158174
4429,Pass,0,0.993885,0.55387324,0,0.84182954
4430,Pass,0,0.9998274,0.14975612,0,0.9609346
4431,Pass,0,0.9954868,0.22185063,0,0.9365008
4432,Pass,0,0.9977048,0.20140135,0,0.9443473
4433,Pass,0,0.53634757,0.40493464,0,0.47684395
4434,Pass,0,0.9933128,0.3822057,0,0.88948643
4435,Pass,0,0.6145806,1.1894064,0,0.41028383
4436,Pass,0,0.996323,0.16323695,0,0.9537746
4437,Pass,0,0.81935924,0.7416501,0,0.6505674
4438,Pass,0,0.91993755,0.8389075,0,0.70516646
4439,Pass,0,0.9794429,0.58280987,0,0.82159543
4440,Pass,0,0.99265105,0.48772675,0,0.85932183
4441,Pass,0,0.99975973,0.10507771,0,0.9734802
4442,Pass,0,0.6635024,0.2636,0,0.616367
4443,Pass,0,0.5255246,0.62248755,0,0.43494394
4444,Pass,0,0.9268972,0.4955797,0,0.80034477
4445,Pass,0,0.9993814,0.2711337,0,0.92625946
4446,Pass,0,0.9992473,0.2446562,0,0.9336048
4447,Pass,0,0.99936134,0.23422103,0,0.93665546
4448,Pass,0,0.99995804,0.26148054,0,0.9295191
4449,Pass,0,0.956316,0.43055794,0,0.84330213
4450,Pass,0,0.9988024,0.040216718,0,0.9908379
4451,Pass,0,0.7344741,1.5257697,0,0.42057493
4452,Pass,0,0.9915753,0.2459146,0,0.9260844
4453,Pass,0,0.9990609,0.1501526,0,0.9600861
4454,Pass,0,0.88711214,0.6099262,0,0.7373534
4455,Pass,0,0.99392927,0.72206265,0,0.79467154
4456,Pass,0,0.94993454,0.17810659,0,0.90537924
4457,Pass,0,0.9999207,0.23820892,0,0.936054
4458,Pass,0,0.9983701,0.5875203,0,0.83614457
4459,Pass,0,0.99999,0.056580946,0,0.987396
4460,Pass,0,0.9988682,0.25382927,0,0.93066376
4461,Pass,0,0.998628,0.57260233,0,0.8405665
4462,Pass,0,0.9998722,0.12603478,0,0.96767384
4463,Pass,0,0.9996251,0.17478283,0,0.9536771
4464,Pass,0,0.99993885,0.13206466,0,0.9660361
4465,Pass,0,0.9992149,0.36948767,0,0.8983594
4466,Pass,0,0.997797,0.16263692,0,0.95535463
4467,Pass,0,0.9980718,0.38355199,0,0.89336866
4468,Pass,0,0.99996245,0.17794158,0,0.9531073
4469,Pass,0,0.9588438,0.44683826,0,0.8411241
4470,Pass,0,0.99989176,0.21228795,0,0.9433442
4471,Pass,0,0.9999833,0.21243075,0,0.94339025
4472,Pass,0,0.9908041,0.5556393,0,0.838726
4473,Pass,0,0.99572045,0.19453721,0,0.94439876
4474,Pass,0,0.99995506,0.18897475,0,0.94998544
4475,Pass,0,0.9995982,0.35979238,0,0.9014401
4476,Pass,0,0.8254008,0.30595478,0,0.75689423
4477,Pass,0,0.68785226,0.7703734,0,0.5405735
4478,Pass,0,0.9937006,0.20079814,0,0.9407266
4479,Pass,0,0.9208411,0.40797606,0,0.8178902
4480,Pass,0,0.98595715,0.42337614,0,0.8714395
4481,Pass,0,0.971064,0.5852572,0,0.8138959
4482,Pass,0,0.5369033,1.0314587,0,0.38236952
4483,Pass,0,0.9795232,0.3259184,0,0.89270395
4484,Pass,0,0.99972457,0.22144653,0,0.94060147
4485,Pass,0,0.99999034,0.17976265,0,0.95261973
4486,Pass,0,0.99910223,0.4541683,0,0.87437224
4487,Pass,0,0.9938298,0.45339802,0,0.8699742
4488,Pass,0,0.9685441,0.5509766,0,0.82115763
4489,Pass,0,0.9723789,0.25145957,0,0.9066337
4490,Pass,0,0.9999598,0.38807994,0,0.89378035
4491,Pass,0,0.9897054,0.20938535,0,0.93454486
4492,Pass,0,0.9979417,0.22586964,0,0.9376778
4493,Pass,0,0.999014,0.1159505,0,0.9696875
4494,Pass,0,0.81325096,0.61938626,0,0.6737891
4495,Pass,0,0.9998703,0.1269434,0,0.9674155
4496,Pass,0,0.9836796,0.23191305,0,0.92259866
4497,Pass,0,0.79733205,1.1536123,0,0.5403431
4498,Pass,0,0.97834593,0.49008355,0,0.8462871
4499,Pass,0,0.998801,0.33124742,0,0.9087704
4500,Pass,0,0.90901196,1.9003052,0,0.42440006
4501,Pass,0,0.9992472,0.28474557,0,0.92229503
4502,Pass,0,0.9982735,0.19421229,0,0.94691175
4503,Pass,0,0.62131834,0.14732967,0,0.59757495
4504,Pass,0,0.52284116,0.7613709,0,0.41222245
4505,Pass,0,0.95661604,0.824266,0,0.7372362
4506,Pass,0,0.9320891,0.2797348,0,0.86162734
4507,Pass,0,0.970586,0.66654307,0,0.79122144
4508,Pass,0,0.96534127,0.34657654,0,0.8741489
4509,Pass,0,0.99734443,0.26717454,0,0.9254863
4510,Pass,0,0.99767405,0.35029185,0,0.9023808
4511,Pass,0,0.9523292,0.65225065,0,0.7801812
4512,Pass,0,0.999899,0.050760474,0,0.9889493
4513,Pass,0,0.99219644,0.45418125,0,0.868325
4514,Pass,0,0.99814594,0.15820691,0,0.9569371
4515,Pass,0,0.997148,0.40963888,0,0.8851978
4516,Pass,0,0.99952126,0.1331002,0,0.96534044
4517,Pass,0,0.9993013,0.28691286,0,0.9217335
4518,Pass,0,0.99998,0.29288098,0,0.9206746
4519,Pass,0,0.9965209,0.32307667,0,0.90899456
4520,Pass,0,0.9998944,0.11085404,0,0.9719807
4521,Pass,0,0.94400537,1.0042882,0,0.6795391
4522,Pass,0,0.9999305,0.10806379,0,0.97280353
4523,Pass,0,0.9044926,0.6501997,0,0.7415156
4524,Pass,0,0.9995616,0.099327095,0,0.9749101
4525,Pass,0,0.9996302,0.053628467,0,0.98787403
4526,Pass,0,0.99901927,0.2386639,0,0.9350818
4527,Pass,0,0.99920124,0.4184343,0,0.8845394
4528,Pass,0,0.97385186,1.0627878,0,0.68494004
4529,Pass,0,0.99994147,0.21367118,0,0.94300056
4530,Pass,0,0.99865973,0.13766868,0,0.9632203
4531,Pass,0,0.99583876,0.19885604,0,0.94329673
4532,Pass,0,0.99991536,0.13630559,0,0.96481615
4533,Pass,0,0.9955498,0.08582839,0,0.9747913
4534,Pass,0,0.8746042,0.7210624,0,0.69951516
4535,Pass,0,0.999597,0.17431785,0,0.9537816
4536,Pass,0,0.68396425,0.80134076,0,0.5315382
4537,Pass,0,0.99974245,0.4082581,0,0.8878907
4538,Pass,0,0.99668866,0.13328864,0,0.96255165
4539,Pass,0,0.9999901,0.18893972,0,0.9500286
4540,Pass,0,0.96222144,0.5022741,0,0.8290275
4541,Pass,0,0.99979454,0.16748643,0,0.9558983
4542,Pass,0,0.99996436,0.10203982,0,0.9745371
4543,Pass,0,0.9642547,0.50637895,0,0.8296618
4544,Pass,0,0.9990783,0.29712498,0,0.91864735
4545,Pass,0,0.99022245,0.29286194,0,0.91169626
4546,Pass,0,0.9451679,0.29172355,0,0.8705183
4547,Pass,0,0.57635975,0.7908199,0,0.44962606
4548,Pass,0,0.9874628,0.59348446,0,0.8253469
4549,Pass,0,0.7666237,0.26556435,0,0.7117374
4550,Pass,0,0.99237156,0.16172203,0,0.95041627
4551,Pass,0,0.9778061,0.884527,0,0.73693126
4552,Pass,0,0.9963242,0.55394644,0,0.84387493
4553,Pass,0,0.9992649,0.2746416,0,0.92516184
4554,Pass,0,0.9999831,0.3902987,0,0.89317465
4555,Pass,0,0.9159807,0.33858967,0,0.8315167
4556,Pass,0,0.9144719,0.6227963,0,0.7567716
4557,Pass,0,0.99998856,0.08352496,0,0.9797878
4558,Pass,0,0.9941744,0.14646049,0,0.9564265
4559,Pass,0,0.99894387,0.27808326,0,0.923894
4560,Pass,0,0.99534225,0.23013648,0,0.9340364
4561,Pass,0,0.9704944,0.50416505,0,0.83563715
4562,Pass,0,0.99450475,0.29488063,0,0.91507214
4563,Pass,0,0.99522096,0.13947263,0,0.95939666
4564,Pass,0,0.9996947,0.057225242,0,0.98692256
4565,Pass,0,0.99352914,0.17693809,0,0.94725686
4566,Pass,0,0.95916057,0.5053696,0,0.82555205
4567,Pass,0,0.61066514,0.45667583,0,0.53399616
4568,Pass,0,0.9989249,0.5133467,0,0.8575276
4569,Pass,0,0.99809974,0.2920459,0,0.91917884
4570,Pass,0,0.96762645,0.3373504,0,0.8787387
4571,Pass,0,0.67996883,0.9092172,0,0.5077241
4572,Pass,0,0.9979919,0.2843491,0,0.92124814
4573,Pass,0,0.95367944,0.46306294,0,0.8322253
4574,Pass,0,0.9990482,0.20375736,0,0.9449544
4575,Pass,0,0.89431936,0.9475289,0,0.65810376
4576,Pass,0,0.9918235,0.29771608,0,0.9118111
4577,Pass,0,0.9984742,0.23637754,0,0.9352161
4578,Pass,0,0.48080552,1.2205262,0,0.31675354
4579,Pass,0,0.99164575,0.35178626,0,0.89651
4580,Pass,0,0.99963176,0.06820475,0,0.98376185
4581,Pass,0,0.9995857,0.206562,0,0.94467133
4582,Pass,0,0.8804023,0.3600546,0,0.7938838
4583,Pass,0,0.993328,0.37606773,0,0.8912213
4584,Pass,0,0.9420967,0.3765259,0,0.8451344
4585,Pass,0,0.8855675,0.5016778,0,0.7631333
4586,Pass,0,0.9984621,0.22819926,0,0.93751013
4587,Pass,0,0.9999931,0.1302331,0,0.96660554
4588,Pass,0,0.99924314,0.13525829,0,0.964463
4589,Pass,0,0.99663264,0.106467165,0,0.9700444
4590,Pass,0,0.99943954,0.19353347,0,0.94820935
4591,Pass,0,0.99995863,0.14242326,0,0.96313083
4592,Pass,0,0.99781466,0.35057065,0,0.9024295
4593,Pass,0,0.9988914,0.3329305,0,0.908378
4594,Pass,0,0.9258251,0.24239112,0,0.86559784
4595,Pass,0,0.99978167,0.10333059,0,0.9739947
4596,Pass,0,0.9999825,0.08282034,0,0.97998077
4597,Pass,0,0.9951309,0.06879819,0,0.97916573
4598,Pass,0,0.99282384,0.4466012,0,0.8709987
4599,Pass,0,0.996403,0.12899683,0,0.9634831
4600,Pass,0,0.9999871,0.14661355,0,0.9619753
4601,Pass,0,0.81285244,0.85472834,0,0.6194511
4602,Pass,0,0.99971884,0.044787053,0,0.99045706
4603,Pass,0,0.9990608,0.117436156,0,0.96931386
4604,Pass,0,0.995112,0.37112057,0,0.8942118
4605,Pass,0,0.95269036,0.45228654,0,0.83426064
4606,Pass,0,0.9984341,0.04428239,0,0.9893265
4607,Pass,0,0.99960274,0.20625432,0,0.94477427
4608,Pass,0,0.99644643,0.39081275,0,0.8898712
4609,Pass,0,0.9992514,0.20729353,0,0.9441491
4610,Pass,0,0.98959386,0.21407698,0,0.93312883
4611,Pass,0,0.99999046,0.17626187,0,0.95360816
4612,Pass,0,0.99996233,0.0912989,0,0.97756743
4613,Pass,0,0.9973724,0.25801876,0,0.92809033
4614,Pass,0,0.955856,0.21297842,0,0.9016125
4615,Pass,0,0.96435744,0.7534566,0,0.76248085
4616,Pass,0,0.9596006,0.37100214,0,0.86233324
4617,Pass,0,0.99439526,0.18281452,0,0.9464329
4618,Pass,0,0.99790835,0.29675826,0,0.9176749
4619,Pass,0,0.8631201,0.68632716,0,0.6987943
4620,Pass,0,0.9991265,0.65524477,0,0.81767464
4621,Pass,0,0.9999523,0.22398475,0,0.9400992
4622,Pass,0,0.9998981,0.163915,0,0.9570055
4623,Pass,0,0.999987,0.06352013,0,0.985434
4624,Pass,0,0.9996855,0.21653244,0,0.9419517
4625,Pass,0,0.92535686,0.40612805,0,0.8223839
4626,Pass,0,0.9962915,0.32286817,0,0.908844
4627,Pass,0,0.99974746,0.174855,0,0.95377356
4628,Pass,0,0.9982243,0.13554154,0,0.96339977
4629,Pass,0,0.9998498,0.4776092,0,0.8684096
4630,Pass,0,0.9212303,0.59173054,0,0.7704443
4631,Pass,0,0.99998283,0.11234911,0,0.9716446
4632,Pass,0,0.90968794,0.35272908,0,0.8221728
4633,Pass,0,0.88230765,0.38344473,0,0.7897755
4634,Pass,0,0.9538486,0.37235808,0,0.8567991
4635,Pass,0,0.99093986,0.60598546,0,0.8247558
4636,Pass,0,0.99982965,0.12396003,0,0.96821827
4637,Pass,0,0.99986684,0.38830703,0,0.89363307
4638,Pass,0,0.9991301,0.2290382,0,0.93790066
4639,Pass,0,0.8730762,0.7835213,0,0.6828976
4640,Pass,0,0.92226154,0.37183598,0,0.8285618
4641,Pass,0,0.99744344,0.36553004,0,0.89788115
4642,Pass,0,0.9899014,0.1322213,0,0.9562952
4643,Pass,0,0.9977451,0.1597289,0,0.95612407
4644,Pass,0,0.9933187,0.14010194,0,0.95738643
4645,Pass,0,0.9990374,0.3132297,0,0.9140674
4646,Pass,0,0.99116933,0.12450135,0,0.9596803
4647,Pass,0,0.9932935,0.54553586,0,0.8436666
4648,Pass,0,0.9652052,0.41138846,0,0.8563645
4649,Pass,0,0.9996778,0.122649044,0,0.96844125
4650,Pass,0,0.9988709,0.06897273,0,0.9827965
4651,Pass,0,0.9991862,0.04705664,0,0.9892891
4652,Pass,0,0.99950254,0.24194068,0,0.9346095
4653,Pass,0,0.9983438,0.024212904,0,0.99489367
4654,Pass,0,0.99990225,0.32112336,0,0.9126303
4655,Pass,0,0.99475914,0.13966706,0,0.9588969
4656,Pass,0,0.6991151,0.50335306,0,0.60212827
4657,Pass,0,0.9698085,0.63956565,0,0.79797405
4658,Pass,0,0.99849844,0.4680447,0,0.8699321
4659,Pass,0,0.9832345,0.3539397,0,0.8883079
4660,Pass,0,0.9862585,0.31149617,0,0.9028581
4661,Pass,0,0.99992335,0.19785239,0,0.9474491
4662,Pass,0,0.9353103,0.7846734,0,0.73127127
4663,Pass,0,0.99203014,0.20789762,0,0.93715674
4664,Pass,0,0.99431926,0.27701205,0,0.9199176
4665,Pass,0,0.81057876,0.57472754,0,0.68179506
4666,Pass,0,0.98658144,0.31235832,0,0.9029136
4667,Pass,0,0.99997675,0.28578758,0,0.9226742
4668,Pass,0,0.96770465,0.45405158,0,0.84692633
4669,Pass,0,0.99882704,0.20022438,0,0.9457415
4670,Pass,0,0.9991549,0.060189046,0,0.9855537
4671,Pass,0,0.65847725,0.5948602,0,0.55011654
4672,Pass,0,0.9943982,0.27759197,0,0.91982776
4673,Pass,0,0.9717049,0.50993854,0,0.8350956
4674,Pass,0,0.99934953,0.089859545,0,0.97737443
4675,Pass,0,0.99955744,0.1929648,0,0.9484817
4676,Pass,0,0.991755,0.06835571,0,0.9759679
4677,Pass,0,0.9996093,0.44167894,0,0.87834066
4678,Pass,0,0.99976796,0.3674652,0,0.8994275
4679,Pass,0,0.73422235,0.5348219,0,0.62584203
4680,Pass,0,0.9999188,0.16762711,0,0.95597744
4681,Pass,0,0.93994385,0.38584775,0,0.84072936
4682,Pass,0,0.9793296,0.2943449,0,0.90125716
4683,Pass,0,0.9725112,0.26251498,0,0.90372163
4684,Pass,0,0.9870186,0.41258678,0,0.8753842
4685,Pass,0,0.99802715,0.07273888,0,0.9809052
4686,Pass,0,0.998782,0.28177452,0,0.92270344
4687,Pass,0,0.9975069,0.06548903,0,0.9824355
4688,Pass,0,0.9988931,0.3545086,0,0.9022943
4689,Pass,0,0.99933016,0.18811284,0,0.94963497
4690,Pass,0,0.88301706,1.1679239,0,0.5948431
4691,Pass,0,0.998582,0.05705929,0,0.98587096
4692,Pass,0,0.9855468,0.42939425,0,0.86940235
4693,Pass,0,0.95125586,1.185986,0,0.6359613
4694,Pass,0,0.9999335,0.057508424,0,0.98707837
4695,Pass,0,0.98834246,0.2787659,0,0.9138986
4696,Pass,0,0.99342644,0.39571115,0,0.88580036
4697,Pass,0,0.9999968,0.08943204,0,0.97812814
4698,Pass,0,0.9993591,0.08319572,0,0.9792639
4699,Pass,0,0.7816127,0.5826799,0,0.6556763
4700,Pass,0,0.96153706,0.19618708,0,0.91152936
4701,Pass,0,0.9886021,0.30524623,0,0.9067479
4702,Pass,0,0.7580399,0.28690785,0,0.69920033
4703,Pass,0,0.99026525,0.24020565,0,0.926457
4704,Pass,0,0.9992968,0.25077245,0,0.9319254
4705,Pass,0,0.9968124,0.16996413,0,0.95234984
4706,Pass,0,0.98270345,0.3024644,0,0.9021094
4707,Pass,0,0.99692744,0.28328407,0,0.9205653
4708,Pass,0,0.99969745,0.04134898,0,0.9914062
4709,Pass,0,0.9918006,0.24585761,0,0.9263108
4710,Pass,0,0.50241333,0.33979493,0,0.45591405
4711,Pass,0,0.9980153,0.30489936,0,0.9154794
4712,Pass,0,0.99101603,0.6269992,0,0.8189398
4713,Pass,0,0.99106795,0.50256807,0,0.8537987
4714,Pass,0,0.9995245,0.20097177,0,0.94619095
4715,Pass,0,0.9997354,0.18217735,0,0.9516953
4716,Pass,0,0.8473296,0.1649441,0,0.8107356
4717,Pass,0,0.998976,0.048090667,0,0.9887893
4718,Pass,0,0.999821,0.14927189,0,0.96106505
4719,Pass,0,0.9779951,0.0636763,0,0.963719
4720,Pass,0,0.99869436,0.272868,0,0.92513365
4721,Pass,0,0.9836806,0.4659442,0,0.8576055
4722,Pass,0,0.97951084,0.41639894,0,0.8676714
4723,Pass,0,0.9663218,0.54945695,0,0.8196881
4724,Pass,0,0.9541014,0.454292,0,0.8349561
4725,Pass,0,0.9918983,0.11130716,0,0.964081
4726,Pass,0,0.9866085,0.08672213,0,0.9657875
4727,Pass,0,0.99164784,0.34236425,0,0.8991497
4728,Pass,0,0.987051,0.36487487,0,0.88870865
4729,Pass,0,0.9988991,0.16196896,0,0.95659816
4730,Pass,0,0.9995017,0.119311646,0,0.9692124
4731,Pass,0,0.6771628,1.1053523,0,0.46813205
4732,Pass,0,0.9994567,0.07506097,0,0.98165494
4733,Pass,0,0.98891246,0.09129282,0,0.9667667
4734,Pass,0,0.88223344,0.28518033,0,0.81418425
4735,Pass,0,0.82425094,0.86964875,0,0.6246655
4736,Pass,0,0.9976634,0.46336254,0,0.8705234
4737,Pass,0,0.82012093,0.8002726,0,0.6375988
4738,Pass,0,0.9979678,0.40166226,0,0.888173
4739,Pass,0,0.76310813,0.39494324,0,0.68059975
4740,Pass,0,0.4836266,0.83704954,0,0.37097153
4741,Pass,0,0.99882656,0.17836174,0,0.95190614
4742,Pass,0,0.9714333,0.47838387,0,0.8435163
4743,Pass,0,0.9678545,0.81185603,0,0.7492883
4744,Pass,0,0.9917631,0.17717068,0,0.94550794
4745,Pass,0,0.98172885,0.38806328,0,0.87748975
4746,Pass,0,0.9990056,0.3844857,0,0.89394116
4747,Pass,0,0.9999902,0.1342038,0,0.9654818
4748,Pass,0,0.98383385,0.33176628,0,0.8950082
4749,Pass,0,0.99832994,0.28342658,0,0.92182016
4750,Pass,0,0.98892885,0.35504967,0,0.8931426
4751,Pass,0,0.5746055,0.70177543,0,0.46270275
4752,Pass,0,0.99595404,0.4920617,0,0.86096215
4753,Pass,0,0.9536044,0.2889986,0,0.8790221
4754,Pass,0,0.9998454,0.050496973,0,0.98897064
4755,Pass,0,0.6929862,0.5748072,0,0.5828699
4756,Pass,0,0.9997174,0.3530379,0,0.903454
4757,Pass,0,0.9999223,0.20969981,0,0.9441036
4758,Pass,0,0.9998198,0.2492516,0,0.9328425
4759,Pass,0,0.9538952,0.8359497,0,0.73199284
4760,Pass,0,0.99351877,0.22957933,0,0.93248147
4761,Pass,0,0.62499267,1.002182,0,0.45027047
4762,Pass,0,0.9998142,0.18596444,0,0.95070136
4763,Pass,0,0.94442695,0.43201342,0,0.83243
4764,Pass,0,0.99479717,0.1311944,0,0.9613131
4765,Pass,0,0.99958676,0.2010958,0,0.9462149
4766,Pass,0,0.99962425,0.28460065,0,0.9226839
4767,Pass,0,0.9999654,0.19957577,0,0.9470025
4768,Pass,0,0.9999701,0.28137818,0,0.9239129
4769,Pass,0,0.9881142,0.2763094,0,0.9143728
4770,Pass,0,0.9997578,0.101611726,0,0.97445667
4771,Pass,0,0.99715424,0.3190917,0,0.9106941
4772,Pass,0,0.99915016,0.15026927,0,0.9601389
4773,Pass,0,0.9997296,0.20816265,0,0.9443555
4774,Pass,0,0.9980677,0.1263689,0,0.96583325
4775,Pass,0,0.99961746,0.11606416,0,0.9702412
4776,Pass,0,0.9998876,0.43854102,0,0.879471
4777,Pass,0,0.82924086,0.3626587,0,0.7471404
4778,Pass,0,0.9942946,0.13316214,0,0.9602751
4779,Pass,0,0.9999875,0.10623764,0,0.97337455
4780,Pass,0,0.99738616,0.09916587,0,0.97283375
4781,Pass,0,0.9999807,0.13026837,0,0.9665836
4782,Pass,0,0.9911458,0.4070523,0,0.88059324
4783,Pass,0,0.986008,0.4246661,0,0.87112534
4784,Pass,0,0.99982244,0.18591018,0,0.9507245
4785,Pass,0,0.6406878,0.6854099,0,0.5188759
4786,Pass,0,0.98590535,0.19175854,0,0.93586296
4787,Pass,0,0.9999783,0.09137567,0,0.97756135
4788,Pass,0,0.9928256,0.2960366,0,0.9132031
4789,Pass,0,0.99613625,0.62722045,0,0.8231088
4790,Pass,0,0.9989452,0.1571284,0,0.95800745
4791,Pass,0,0.99892247,0.14782022,0,0.96061075
4792,Pass,0,0.9930397,0.28816134,0,0.9156079
4793,Pass,0,0.99993765,0.27069676,0,0.92689836
4794,Pass,0,0.9987476,0.43828654,0,0.8785401
4795,Pass,0,0.9972519,0.36695543,0,0.8973075
4796,Pass,0,0.98841757,0.15613285,0,0.94818914
4797,Pass,0,0.9997849,0.2655489,0,0.9282098
4798,Pass,0,0.9419793,0.50445807,0,0.8110065
4799,Pass,0,0.98164934,0.4438675,0,0.861953
4800,Pass,0,0.9999927,0.09798979,0,0.9757082
4801,Pass,0,0.99139005,0.348741,0,0.89713115
4802,Pass,0,0.99173766,0.21612231,0,0.9345776
4803,Pass,0,0.9999137,0.12962946,0,0.9666992
4804,Pass,0,0.9997981,0.23032981,0,0.9381632
4805,Pass,0,0.91391057,0.2144943,0,0.86165625
4806,Pass,0,0.9987558,0.054965463,0,0.9866329
4807,Pass,0,0.6894331,0.81303596,0,0.5335119
4808,Pass,0,0.5489893,1.1151114,0,0.37801135
4809,Pass,0,0.9990964,0.27013677,0,0.9262765
4810,Pass,0,0.9998821,0.18314077,0,0.951563
4811,Pass,0,0.99999464,0.067801975,0,0.98423266
4812,Pass,0,0.5401987,0.11841203,0,0.5239655
4813,Pass,0,0.9944936,0.6012102,0,0.8290543
4814,Pass,0,0.6861907,0.85899484,0,0.5220994
4815,Pass,0,0.9980325,0.5265658,0,0.8530369
4816,Pass,0,0.99546164,0.3676131,0,0.8955118
4817,Pass,0,0.98740304,0.28683054,0,0.91078174
4818,Pass,0,0.99997187,0.14837502,0,0.9614633
4819,Pass,0,0.99493814,0.33253562,0,0.9048939
4820,Pass,0,0.93786156,0.30654573,0,0.8598645
4821,Pass,0,0.9999341,0.117536746,0,0.97013277
4822,Pass,0,0.9864048,0.22126524,0,0.92811984
4823,Pass,0,0.78615814,1.6582597,0,0.42076403
4824,Pass,0,0.98885065,0.15667479,0,0.9484533
4825,Pass,0,0.7491642,1.4587516,0,0.44316152
4826,Pass,0,0.9877051,0.49004257,0,0.8543944
4827,Pass,0,0.98791945,0.129166,0,0.9552327
4828,Pass,0,0.9856737,0.33367372,0,0.89615124
4829,Pass,0,0.98495483,0.38830718,0,0.8803054
4830,Pass,0,0.9997625,0.30373126,0,0.9174118
4831,Pass,0,0.9981736,0.2574551,0,0.9289948
4832,Pass,0,0.9975828,0.18298288,0,0.94941926
4833,Pass,0,0.99955314,0.410483,0,0.88709474
4834,Pass,0,0.9466477,0.43643665,0,0.8332053
4835,Pass,0,0.99871373,0.21994032,0,0.9400751
4836,Pass,0,0.994183,0.19331844,0,0.94328266
4837,Pass,0,0.8298242,0.62331945,0,0.6865988
4838,Pass,0,0.75927144,0.7134674,0,0.6088992
4839,Pass,0,0.9919042,0.28506443,0,0.9154282
4840,Pass,0,0.9609056,0.513404,0,0.8248744
4841,Pass,0,0.99573886,0.3424095,0,0.9028464
4842,Pass,0,0.99644035,0.36409593,0,0.89738166
4843,Pass,0,0.9965328,0.2607284,0,0.92654675
4844,Pass,0,0.99973327,0.20165072,0,0.946197
4845,Pass,0,0.99349594,0.32589832,0,0.90544385
4846,Pass,0,0.6877083,0.51025945,0,0.590963
4847,Pass,0,0.9912492,0.111583605,0,0.9633727
4848,Pass,0,0.8792982,0.25403556,0,0.81920695
4849,Pass,0,0.99687946,0.19803573,0,0.9445134
4850,Pass,0,0.995587,0.17901729,0,0.9486345
4851,Pass,0,0.9965603,0.34520194,0,0.9028055
4852,Pass,0,0.85564184,0.8537471,0,0.65229666
4853,Pass,0,0.99940467,0.1353659,0,0.9645885
4854,Pass,0,0.9998534,0.30386245,0,0.9174582
4855,Pass,0,0.99933356,0.63684064,0,0.8230365
4856,Pass,0,0.9909155,0.30208188,0,0.90975493
4857,Pass,0,0.9404695,0.18071409,0,0.89566576
4858,Pass,0,0.99873704,0.014092518,0,0.9981392
4859,Pass,0,0.9986879,0.06217164,0,0.984534
4860,Pass,0,0.9336882,0.67431843,0,0.75909275
4861,Pass,0,0.99218094,0.27219328,0,0.919289
4862,Pass,0,0.998085,0.2817136,0,0.9220767
4863,Pass,0,0.8645486,0.62094784,0,0.71590877
4864,Pass,0,0.9823941,0.048147902,0,0.9723607
4865,Pass,0,0.99999785,0.117724866,0,0.97014153
4866,Pass,0,0.9934127,0.34300575,0,0.90057003
4867,Pass,0,0.9999889,0.13805382,0,0.9643936
4868,Pass,0,0.9949181,0.3446451,0,0.90147424
4869,Pass,0,0.9996991,0.09830247,0,0.97533345
4870,Pass,0,0.9996506,0.19095106,0,0.9491384
4871,Pass,0,0.98795766,0.064362116,0,0.97334486
4872,Pass,0,0.99700433,0.09627892,0,0.9732739
4873,Pass,0,0.9979153,0.28482848,0,0.9210423
4874,Pass,0,0.67368984,1.1238266,0,0.46221736
4875,Pass,0,0.99992144,0.17479761,0,0.9539557
4876,Pass,0,0.78596973,0.48523337,0,0.68095446
4877,Pass,0,0.9977586,0.24595009,0,0.93184936
4878,Pass,0,0.92476946,0.44474313,0,0.8117801
4879,Pass,0,0.492519,0.8127841,0,0.38116664
4880,Pass,0,0.8705697,1.165611,0,0.5870265
4881,Pass,0,0.9999051,0.26636425,0,0.9280912
4882,Pass,0,0.9890786,0.45900682,0,0.8642489
4883,Pass,0,0.99896955,0.25082964,0,0.93160415
4884,Pass,0,0.98439807,0.28661513,0,0.90806985
4885,Pass,0,0.9880532,0.24059564,0,0.9242787
4886,Pass,0,0.80359805,1.2646533,0,0.5193972
4887,Pass,0,0.9518004,0.21036436,0,0.8984894
4888,Pass,0,0.9384193,0.47764555,0,0.8150451
4889,Pass,0,0.8739974,0.37487078,0,0.7844524
4890,Pass,0,0.6395883,0.664521,0,0.52175736
4891,Pass,0,0.98324674,0.21320817,0,0.92738503
4892,Pass,0,0.9999802,0.09801682,0,0.97568834
4893,Pass,0,0.8791579,0.50113165,0,0.75774544
4894,Pass,0,0.99954283,0.3125378,0,0.9147251
4895,Pass,0,0.999741,0.30509907,0,0.9170061
4896,Pass,0,0.98904943,0.3014268,0,0.9082247
4897,Pass,0,0.99956876,0.16390729,0,0.95669246
4898,Pass,0,0.9967822,0.09805816,0,0.97255635
4899,Pass,0,0.8338063,0.47107577,0,0.72573215
4900,Pass,0,0.9966798,0.36527064,0,0.89726675
4901,Pass,0,0.9905211,0.22674383,0,0.9304609
4902,Pass,0,0.9986841,0.29826078,0,0.91796464
4903,Pass,0,0.99917006,0.099532545,0,0.97447026
4904,Pass,0,0.99973243,0.26193157,0,0.9291821
4905,Pass,0,0.9984303,0.13231435,0,0.9645083
4906,Pass,0,0.9999678,0.24067514,0,0.93540186
4907,Pass,0,0.9681542,0.22643372,0,0.909535
4908,Pass,0,0.9996525,0.19366862,0,0.94837326
4909,Pass,0,0.9868733,0.19136442,0,0.9368916
4910,Pass,0,0.97277373,0.433082,0,0.8571217
4911,Pass,0,0.98959434,0.7427931,0,0.7854139
4912,Pass,0,0.9999733,0.16108346,0,0.9578769
4913,Pass,0,0.9996495,0.25735316,0,0.93039715
4914,Pass,0,0.99978083,0.3205215,0,0.9126894
4915,Pass,0,0.9268533,0.31425864,0,0.84775347
4916,Pass,0,0.9998975,0.18543231,0,0.9509307
4917,Pass,0,0.9979741,0.04710397,0,0.9880757
4918,Pass,0,0.5798453,0.5297567,0,0.49508214
4919,Pass,0,0.9760542,0.23962463,0,0.91332173
4920,Pass,0,0.99997497,0.2928309,0,0.9206841
4921,Pass,0,0.9672019,0.28043336,0,0.89389503
4922,Pass,0,0.98871535,0.4768275,0,0.8589571
4923,Pass,0,0.91689426,0.37830576,0,0.8220651
4924,Pass,0,0.99662554,0.30614218,0,0.9138549
4925,Pass,0,0.99816173,0.47084352,0,0.86885
4926,Pass,0,0.9997732,0.21310844,0,0.94300073
4927,Pass,0,0.9988753,0.05985519,0,0.98537207
4928,Pass,0,0.99492633,0.34531835,0,0.9012926
4929,Pass,0,0.91708964,0.38480738,0,0.8205569
4930,Pass,0,0.99576473,0.073480465,0,0.97847307
4931,Pass,0,0.99936026,0.059564088,0,0.9859325
4932,Pass,0,0.99888784,0.034737755,0,0.9924677
4933,Pass,0,0.9991185,0.23157126,0,0.93717533
4934,Pass,0,0.99802244,0.28081906,0,0.9222709
4935,Pass,0,0.9996258,0.1711455,0,0.95470434
4936,Pass,0,0.9999279,0.18747771,0,0.95038223
4937,Pass,0,0.99957067,0.25901693,0,0.9298542
4938,Pass,0,0.99884015,0.24708751,0,0.93253875
4939,Pass,0,0.59853363,0.3495362,0,0.54149216
4940,Pass,0,0.9997718,0.2212867,0,0.940691
4941,Pass,0,0.9763975,0.28969654,0,0.8998402
4942,Pass,0,0.98880357,0.35188276,0,0.8939135
4943,Pass,0,0.6061764,0.7800011,0,0.4747379
4944,Pass,0,0.998877,0.28623113,0,0.9215344
4945,Pass,0,0.990393,0.27601802,0,0.916563
4946,Pass,0,0.99993277,0.16314673,0,0.9572556
4947,Pass,0,0.99557143,0.20474672,0,0.94138783
4948,Pass,0,0.9157552,0.565209,0,0.7727222
4949,Pass,0,0.9995968,0.18470162,0,0.95085096
4950,Pass,0,0.6952489,0.50961643,0,0.597569
4951,Pass,0,0.9755663,0.07102131,0,0.9593027
4952,Pass,0,0.8756378,0.5058204,0,0.7535524
4953,Pass,0,0.9992975,0.050478753,0,0.98843384
4954,Pass,0,0.99858814,0.15970425,0,0.95693886
4955,Pass,0,0.9998124,0.10137088,0,0.97457784
4956,Pass,0,0.9796143,1.4549963,0,0.5805208
4957,Pass,0,0.9980027,0.17491335,0,0.9520925
4958,Pass,0,0.9999064,0.12166914,0,0.96893936
4959,Pass,0,0.96810687,0.29076675,0,0.8919071
4960,Pass,0,0.9999577,0.5237257,0,0.8554841
4961,Pass,0,0.99152595,0.31544548,0,0.90657455
4962,Pass,0,0.9966037,0.23303032,0,0.9344059
4963,Pass,0,0.85359746,0.40178403,0,0.7596567
4964,Pass,0,0.8461243,0.28539154,0,0.7808098
4965,Pass,0,0.9982495,0.16318016,0,0.9556348
4966,Pass,0,0.60573256,0.7738019,0,0.47545046
4967,Pass,0,0.97212076,0.41954243,0,0.8602624
4968,Pass,0,0.9871423,0.1943263,0,0.93632156
4969,Pass,0,0.9903632,0.33861634,0,0.8990328
4970,Pass,0,0.99962056,0.18297002,0,0.95136225
4971,Pass,0,0.99519026,0.46016213,0,0.86926466
4972,Pass,0,0.99668616,0.06183822,0,0.9826545
4973,Pass,0,0.9999598,0.1505043,0,0.9608506
4974,Pass,0,0.99462706,0.5426997,0,0.84559566
4975,Pass,0,0.9995758,0.23602213,0,0.9363482
4976,Pass,0,0.9907203,0.4087585,0,0.879738
4977,Pass,0,0.9992065,0.05689827,0,0.98653287
4978,Pass,0,0.82446563,0.969067,0,0.6016871
4979,Pass,0,0.9984377,0.20819491,0,0.9431261
4980,Pass,0,0.99938893,0.19592239,0,0.9474873
4981,Pass,0,0.97438836,0.20060901,0,0.92249584
4982,Pass,0,0.99625885,0.3107407,0,0.91222525
4983,Pass,0,0.99998534,0.18320452,0,0.9516432
4984,Pass,0,0.9980385,0.10676849,0,0.9713278
4985,Pass,0,0.9976592,0.258303,0,0.9282772
4986,Pass,0,0.99014145,0.4130946,0,0.8780119
4987,Pass,0,0.9907175,0.47786632,0,0.86040586
4988,Pass,0,0.930146,0.395228,0,0.82950246
4989,Pass,0,0.9843895,0.23683532,0,0.9218965
4990,Pass,0,0.5982983,0.7547453,0,0.47283408
4991,Pass,0,0.9999428,0.1665023,0,0.9563179
4992,Pass,0,0.9996032,0.1025709,0,0.97403526
4993,Pass,0,0.9996855,0.24836275,0,0.932968
4994,Pass,0,0.99989176,0.26386932,0,0.9287831
4995,Pass,0,0.85604733,0.36360958,0,0.771063
4996,Pass,0,0.9986847,0.254078,0,0.9304226
4997,Pass,0,0.70163345,0.4554602,0,0.6137842
4998,Pass,0,0.98611206,0.25277194,0,0.9190729
4999,Pass,0,0.9996742,0.1282768,0,0.9668494
5000,Pass,0,0.99908566,0.2610932,0,0.92881745
5001,Pass,0,0.9009439,0.3485936,0,0.81532186
5002,Pass,0,0.99783164,0.11196145,0,0.9696636
5003,Pass,0,0.9999924,0.2502272,0,0.93272805
5004,Pass,0,0.9999933,0.18232895,0,0.95189804
5005,Pass,0,0.9995832,0.026329855,0,0.9955313
5006,Pass,0,0.9874099,0.29806304,0,0.90765685
5007,Pass,0,0.9999926,0.1385522,0,0.9642564
5008,Pass,0,0.99715096,0.14920749,0,0.95851666
5009,Pass,0,0.9501394,0.22499673,0,0.89299643
5010,Pass,0,0.99995124,0.13257226,0,0.9659048
5011,Pass,0,0.9651074,0.24976723,0,0.9003149
5012,Pass,0,0.9999722,0.12333689,0,0.9685323
5013,Pass,0,0.99940145,0.04222473,0,0.9908656
5014,Pass,0,0.99970406,0.10744418,0,0.9727581
5015,Pass,0,0.96536213,0.4541116,0,0.84485984
5016,Pass,0,0.9999683,0.24475625,0,0.9342501
5017,Pass,0,0.96343464,0.5802156,0,0.8088727
5018,Pass,0,0.9999962,0.13722824,0,0.96463364
5019,Pass,0,0.9997571,0.2507842,0,0.9323514
5020,Pass,0,0.9954656,0.37423763,0,0.8936536
5021,Pass,0,0.99986804,0.2345804,0,0.93702894
5022,Pass,0,0.995701,0.32529965,0,0.9076218
5023,Pass,0,0.9998851,0.1782244,0,0.95295364
5024,Pass,0,0.9966719,0.2741676,0,0.92289454
5025,Pass,0,0.99960405,0.03470783,0,0.9931878
5026,Pass,0,0.9517154,0.40398005,0,0.84638643
5027,Pass,0,0.9967879,0.22821826,0,0.9359328
5028,Pass,0,0.99979645,0.26075807,0,0.9295728
5029,Pass,0,0.99903995,0.16085854,0,0.9570463
5030,Pass,0,0.999969,0.10482637,0,0.973755
5031,Pass,0,0.99990904,0.08968005,0,0.97797227
5032,Pass,0,0.9998945,0.15405644,0,0.9597851
5033,Pass,0,0.9995345,0.09578989,0,0.9758819
5034,Pass,0,0.9999943,0.054878946,0,0.98788077
5035,Pass,0,0.9975827,0.29812837,0,0.9169895
5036,Pass,0,0.99983764,0.036945082,0,0.9927883
5037,Pass,0,0.9993975,0.33739722,0,0.907578
5038,Pass,0,0.99469143,0.47752392,0,0.8639533
5039,Pass,0,0.99994683,0.18617228,0,0.95076877
5040,Pass,0,0.99360645,0.47445863,0,0.8638708
5041,Pass,0,0.9998983,0.2107681,0,0.9437794
5042,Pass,0,0.98459387,0.29736933,0,0.90526104
5043,Pass,0,0.99975103,0.25647885,0,0.9307384
5044,Pass,0,0.99985373,0.025947263,0,0.9959088
5045,Pass,0,0.9958204,0.14261778,0,0.9590903
5046,Pass,0,0.9595624,0.47508535,0,0.83410215
5047,Pass,0,0.9996264,0.17865668,0,0.95258516
5048,Pass,0,0.9978975,0.19417816,0,0.9465648
5049,Pass,0,0.9732116,0.41051948,0,0.8637068
5050,Pass,0,0.9953318,0.11365143,0,0.96675944
5051,Pass,0,0.99565226,0.36353815,0,0.8968287
5052,Pass,0,0.999113,0.040712588,0,0.99100614
5053,Pass,0,0.99525523,0.31040582,0,0.9114004
5054,Pass,0,0.5752855,0.79054314,0,0.44883296
5055,Pass,0,0.99996054,0.11984067,0,0.969508
5056,Pass,0,0.99559337,0.24279241,0,0.9307147
5057,Pass,0,0.9999621,0.14022468,0,0.96375483
5058,Pass,0,0.9988556,0.25464055,0,0.93042314
5059,Pass,0,0.99876094,0.21695322,0,0.94096184
5060,Pass,0,0.9829895,0.31501818,0,0.89888805
5061,Pass,0,0.99106735,0.44831604,0,0.86897796
5062,Pass,0,0.99451727,0.2942722,0,0.9152545
5063,Pass,0,0.998587,0.2119689,0,0.94220316
5064,Pass,0,0.9996414,0.2038194,0,0.945498
5065,Pass,0,0.95947915,0.22140384,0,0.9027477
5066,Pass,0,0.9997347,0.23431225,0,0.93697965
5067,Pass,0,0.5696471,1.5094402,0,0.32881778
5068,Pass,0,0.51635826,0.5349879,0,0.4401132
5069,Pass,0,0.9999918,0.24231927,0,0.93496007
5070,Pass,0,0.9890947,0.22832827,0,0.9286786
5071,Pass,0,0.9999857,0.09580659,0,0.97631764
5072,Pass,0,0.9997273,0.0277002,0,0.99528813
5073,Pass,0,0.99893266,0.14890383,0,0.960315
5074,Pass,0,0.99697673,0.267637,0,0.9250149
5075,Pass,0,0.9948704,0.19375731,0,0.9438116
5076,Pass,0,0.99993813,0.104466766,0,0.9738264
5077,Pass,0,0.99960774,0.30690807,0,0.91637325
5078,Pass,0,0.7784041,0.65131134,0,0.63790214
5079,Pass,0,0.9998141,0.086719036,0,0.97871524
5080,Pass,0,0.9993507,0.32894015,0,0.9099215
5081,Pass,0,0.9995523,0.1116866,0,0.9714132
5082,Pass,0,0.99999726,0.14789888,0,0.9616222
5083,Pass,0,0.9792269,0.3946711,0,0.8734267
5084,Pass,0,0.99657357,0.276142,0,0.92224795
5085,Pass,0,0.9998567,0.1431353,0,0.9628317
5086,Pass,0,0.97872525,0.75947773,0,0.77217716
5087,Pass,0,0.99999,0.13547823,0,0.96512175
5088,Pass,0,0.9992798,0.2930061,0,0.91999465
5089,Pass,0,0.9914329,0.332535,0,0.90170604
5090,Pass,0,0.9992593,0.09585012,0,0.97559613
5091,Pass,0,0.99714154,0.15815605,0,0.95598847
5092,Pass,0,0.9997894,0.07126256,0,0.98305386
5093,Pass,0,0.99559444,0.05009804,0,0.98487806
5094,Pass,0,0.9998878,0.1992496,0,0.94702107
5095,Pass,0,0.99877566,0.21732937,0,0.9408696
5096,Pass,0,0.9998306,0.1311201,0,0.96619815
5097,Pass,0,0.99863714,0.3435272,0,0.9051592
5098,Pass,0,0.9990853,0.27572143,0,0.924691
5099,Pass,0,0.9752662,0.3516395,0,0.88174224
5100,Pass,0,0.80192333,0.42810935,0,0.7077094
5101,Pass,0,0.99877924,0.19090913,0,0.94832295
5102,Pass,0,0.9998927,0.18492326,0,0.9510699
5103,Pass,0,0.9972258,0.32217798,0,0.9098906
5104,Pass,0,0.9998863,0.15455851,0,0.9596355
5105,Pass,0,0.99589694,0.40399867,0,0.88567305
5106,Pass,0,0.9927026,0.2643908,0,0.9219591
5107,Pass,0,0.9996786,0.1724498,0,0.95438665
5108,Pass,0,0.9956911,0.32232895,0,0.90844786
5109,Pass,0,0.99992347,0.2153486,0,0.94251007
5110,Pass,0,0.99941075,0.18760179,0,0.9498557
5111,Pass,0,0.998679,0.2616649,0,0.92827815
5112,Pass,0,0.9996704,0.022932634,0,0.996577
5113,Pass,0,0.9995776,0.047968846,0,0.98941916
5114,Pass,0,0.999571,0.2309963,0,0.937762
5115,Pass,0,0.99997175,0.14689727,0,0.9618804
5116,Pass,0,0.99995935,0.15454406,0,0.95970964
5117,Pass,0,0.99990356,0.21997759,0,0.9411845
5118,Pass,0,0.9951407,0.40436834,0,0.88489664
5119,Pass,0,0.9856755,0.39647585,0,0.87867635
5120,Pass,0,0.9977857,0.2844147,0,0.9210392
5121,Pass,0,0.98964465,0.32679123,0,0.90168446
5122,Pass,0,0.9988091,0.30885828,0,0.9150912
5123,Pass,0,0.99992466,0.20925234,0,0.9442321
5124,Pass,0,0.9999856,0.19494002,0,0.94833034
5125,Pass,0,0.99964046,0.20543963,0,0.9450398
5126,Pass,0,0.99983776,0.15817083,0,0.9585692
5127,Pass,0,0.5137596,0.8255585,0,0.39575213
5128,Pass,0,0.99978584,0.02062575,0,0.99734324
5129,Pass,0,0.9971962,0.34519678,0,0.9033831
5130,Pass,0,0.986231,0.29750443,0,0.90672874
5131,Pass,0,0.99996066,0.144679,0,0.962496
5132,Pass,0,0.99953663,0.045930922,0,0.98995376
5133,Pass,0,0.9999908,0.09411045,0,0.9768015
5134,Pass,0,0.99760264,0.285867,0,0.92046124
5135,Pass,0,0.9429847,0.45505765,0,0.82502383
5136,Pass,0,0.9996532,0.23183532,0,0.93760234
5137,Pass,0,0.9967193,0.14869519,0,0.95824593
5138,Pass,0,0.9799541,0.5375681,0,0.834541
5139,Pass,0,0.9999366,0.09627236,0,0.9761382
5140,Pass,0,0.5363784,1.1096984,0,0.37014768
5141,Pass,0,0.9997242,0.26123923,0,0.92936987
5142,Pass,0,0.99904794,0.34056905,0,0.9063659
5143,Pass,0,0.99365693,0.41194522,0,0.8814517
5144,Pass,0,0.98871404,0.3065364,0,0.90649045
5145,Pass,0,0.9986389,0.21270889,0,0.9420435
5146,Pass,0,0.9805181,0.2656263,0,0.9103009
5147,Pass,0,0.9998617,0.18892427,0,0.949911
5148,Pass,0,0.9994667,0.08005598,0,0.98025537
5149,Pass,0,0.9991572,0.13058013,0,0.9656996
5150,Pass,0,0.99999535,0.13858731,0,0.9642492
5151,Pass,0,0.9993938,0.22317484,0,0.9398026
5152,Pass,0,0.9918513,0.47590467,0,0.86193985
5153,Pass,0,0.99997854,0.12715311,0,0.96746105
5154,Pass,0,0.99966955,0.13800861,0,0.96409833
5155,Pass,0,0.981757,0.1537603,0,0.94245726
5156,Pass,0,0.9997392,0.066608466,0,0.98431814
5157,Pass,0,0.991691,0.17818956,0,0.94515395
5158,Pass,0,0.9999709,0.1532883,0,0.96007526
5159,Pass,0,0.8066194,0.61155814,0,0.6700775
5160,Pass,0,0.9995701,0.3402543,0,0.9069284
5161,Pass,0,0.9996605,0.2307268,0,0.93792206
5162,Pass,0,0.99617577,0.5040332,0,0.85778695
5163,Pass,0,0.98621714,0.46717808,0,0.85947347
5164,Pass,0,0.9910137,0.28443697,0,0.9147819
5165,Pass,0,0.6389816,0.63665587,0,0.5262892
5166,Pass,0,0.9975349,0.061671462,0,0.9835382
5167,Pass,0,0.7864017,0.46338555,0,0.6861793
5168,Pass,0,0.99968326,0.2292106,0,0.9383713
5169,Pass,0,0.9991973,0.31793028,0,0.9128877
5170,Pass,0,0.99957997,0.2512026,0,0.9320681
5171,Pass,0,0.99980515,0.23268317,0,0.93750554
5172,Pass,0,0.99882966,0.4065282,0,0.8875679
5173,Pass,0,0.99146783,0.33047634,0,0.90231407
5174,Pass,0,0.9988531,0.2422868,0,0.9339046
5175,Pass,0,0.9969138,0.40481442,0,0.8863478
5176,Pass,0,0.76059747,1.0293263,0,0.54213697
5177,Pass,0,0.9727684,0.42100886,0,0.8604328
5178,Pass,0,0.9995178,0.21461567,0,0.94233453
5179,Pass,0,0.99999714,0.1295427,0,0.9668044
5180,Pass,0,0.99986887,0.1617876,0,0.9575781
5181,Pass,0,0.9998658,0.16033818,0,0.95798427
5182,Pass,0,0.99241793,0.4538155,0,0.8686213
5183,Pass,0,0.79819787,0.7192861,0,0.6388051
5184,Pass,0,0.9986999,0.48328453,0,0.86581063
5185,Pass,0,0.9941355,0.22569112,0,0.93415165
5186,Pass,0,0.9995321,0.025553204,0,0.99569964
5187,Pass,0,0.9987852,0.2986236,0,0.9179553
5188,Pass,0,0.99896836,0.32880512,0,0.90961146
5189,Pass,0,0.9736438,0.19389398,0,0.9236368
5190,Pass,0,0.99823725,0.25517133,0,0.92969763
5191,Pass,0,0.9999162,0.42470124,0,0.8834032
5192,Pass,0,0.98806584,0.35089326,0,0.8935226
5193,Pass,0,0.99871016,0.032103818,0,0.9930338
5194,Pass,0,0.8929942,0.6796099,0,0.72467434
5195,Pass,0,0.9995968,0.36083123,0,0.90114564
5196,Pass,0,0.9998779,0.28089926,0,0.9239629
5197,Pass,0,0.9990397,0.39700195,0,0.8904414
5198,Pass,0,0.99990106,0.79848033,0,0.7778739
5199,Pass,0,0.9374768,0.9034702,0,0.70152307
5200,Pass,0,0.99514365,0.2067598,0,0.94041777
5201,Pass,0,0.8996428,0.8458464,0,0.68784744
5202,Pass,0,0.9992435,0.7368164,0,0.79475826
5203,Pass,0,0.96782905,0.2558596,0,0.9011892
5204,Pass,0,0.9888797,0.42165303,0,0.8745037
5205,Pass,0,0.9964987,0.3574749,0,0.89929694
5206,Pass,0,0.9995005,0.3491288,0,0.90436107
5207,Pass,0,0.995308,0.533148,0,0.8488586
5208,Pass,0,0.9997304,0.10166852,0,0.97441393
5209,Pass,0,0.93282115,0.50621456,0,0.8026591
5210,Pass,0,0.5337482,0.54104805,0,0.45402214
5211,Pass,0,0.99870574,0.06811056,0,0.9828771
5212,Pass,0,0.9993662,0.1918107,0,0.94862586
5213,Pass,0,0.9990496,0.28344798,0,0.9224786
5214,Pass,0,0.9999721,0.1697544,0,0.9554278
5215,Pass,0,0.9999058,0.1756565,0,0.95369834
5216,Pass,0,0.9982936,0.18259172,0,0.950206
5217,Pass,0,0.90877074,0.28301817,0,0.83922935
5218,Pass,0,0.99896467,0.29743335,0,0.9184559
5219,Pass,0,0.9945945,0.26364467,0,0.9239257
5220,Pass,0,0.99064493,0.2383898,0,0.92732006
5221,Pass,0,0.9988933,0.22805957,0,0.9379544
5222,Pass,0,0.9999689,0.13370472,0,0.9656021
5223,Pass,0,0.9998591,0.23784266,0,0.9360997
5224,Pass,0,0.9968381,0.20849395,0,0.94153094
5225,Pass,0,0.99979144,0.2220806,0,0.9404854
5226,Pass,0,0.9981469,0.2715433,0,0.92499983
5227,Pass,0,0.99957937,0.037885737,0,0.9922665
5228,Pass,0,0.9672861,0.5819944,0,0.8116205
5229,Pass,0,0.99725,0.24205871,0,0.93246996
5230,Pass,0,0.9998764,0.15125643,0,0.9605581
5231,Pass,0,0.9991841,0.7333297,0,0.7956946
5232,Pass,0,0.99936825,0.02854226,0,0.9946931
5233,Pass,0,0.99699926,0.14924142,0,0.9583613
5234,Pass,0,0.9998029,0.11556011,0,0.9705634
5235,Pass,0,0.9993325,0.27008146,0,0.926511
5236,Pass,0,0.9943802,0.27944332,0,0.9192914
5237,Pass,0,0.9995035,0.30673516,0,0.91632646
5238,Pass,0,0.99985266,0.1380377,0,0.9642667
5239,Pass,0,0.9860234,0.46423164,0,0.8601248
5240,Pass,0,0.99898,0.550313,0,0.84714913
5241,Pass,0,0.992857,0.1704876,0,0.9484241
5242,Pass,0,0.9921571,0.25417426,0,0.9243142
5243,Pass,0,0.8895044,0.1270218,0,0.8606123
5244,Pass,0,0.9444997,0.2539851,0,0.879966
5245,Pass,0,0.99949944,0.19434677,0,0.9480367
5246,Pass,0,0.8241079,0.34741685,0,0.74606186
5247,Pass,0,0.993526,0.11710217,0,0.96403754
5248,Pass,0,0.99820685,0.13938513,0,0.96229976
5249,Pass,0,0.9991672,0.1934632,0,0.9479708
5250,Pass,0,0.938034,0.61741185,0,0.7776964
5251,Pass,0,0.9343236,0.19350016,0,0.88644
5252,Pass,0,0.9990951,0.042831324,0,0.9903907
5253,Pass,0,0.99804986,0.12012681,0,0.9675749
5254,Pass,0,0.9997609,0.122214906,0,0.9686443
5255,Pass,0,0.99074113,0.3251149,0,0.90315235
5256,Pass,0,0.99992096,0.36961764,0,0.8989575
5257,Pass,0,0.997863,0.28795984,0,0.9201119
5258,Pass,0,0.99943703,0.038438994,0,0.99196905
5259,Pass,0,0.99888283,0.14555858,0,0.9612105
5260,Pass,0,0.9914506,0.3592601,0,0.8942415
5261,Pass,0,0.986888,0.21875204,0,0.92927474
5262,Pass,0,0.96510094,0.17480381,0,0.92073417
5263,Pass,0,0.9998357,0.25701216,0,0.93066674
5264,Pass,0,0.989668,0.23270138,0,0.92799497
5265,Pass,0,0.7385794,0.5464896,0,0.627123
5266,Pass,0,0.9844099,0.34249336,0,0.892551
5267,Pass,0,0.9465939,0.8118165,0,0.73283947
5268,Pass,0,0.7576412,0.58774537,0,0.63448364
5269,Pass,0,0.8949807,0.33378333,0,0.8136676
5270,Pass,0,0.9998909,0.2159425,0,0.9423117
5271,Pass,0,0.9985343,0.0926185,0,0.9757994
5272,Pass,0,0.9998115,0.17914712,0,0.95262307
5273,Pass,0,0.9998135,0.19006042,0,0.9495445
5274,Pass,0,0.99950004,0.23604015,0,0.9362722
5275,Pass,0,0.9999982,0.11316886,0,0.97142816
5276,Pass,0,0.9998585,0.17935084,0,0.9526104
5277,Pass,0,0.9999862,0.05877737,0,0.9867722
5278,Pass,0,0.9127472,0.7630098,0,0.71921283
5279,Pass,0,0.972128,0.26544353,0,0.9025618
5280,Pass,0,0.99991775,0.094091654,0,0.9767354
5281,Pass,0,0.9997706,0.040669832,0,0.9916704
5282,Pass,0,0.9999857,0.13909425,0,0.9640968
5283,Pass,0,0.9985702,0.3054826,0,0.915824
5284,Pass,0,0.9999683,0.26030067,0,0.9298617
5285,Pass,0,0.9999907,0.1822522,0,0.9519172
5286,Pass,0,0.9999887,0.12396041,0,0.96837217
5287,Pass,0,0.9999963,0.19620737,0,0.94798267
5288,Pass,0,0.95594066,0.68403536,0,0.7745617
5289,Pass,0,0.9981863,0.18362269,0,0.94981337
5290,Pass,0,0.99984586,0.19752266,0,0.94746876
5291,Pass,0,0.9996749,0.02840104,0,0.99503815
5292,Pass,0,0.99995375,0.27108505,0,0.92680365
5293,Pass,0,0.99980336,0.236047,0,0.9365544
5294,Pass,0,0.99999166,0.16757466,0,0.9560619
5295,Pass,0,0.99999714,0.11966961,0,0.96959174
5296,Pass,0,0.9999739,0.16467196,0,0.9568644
5297,Pass,0,0.9999974,0.12076068,0,0.96928394
5298,Pass,0,0.9912965,0.51047707,0,0.85178214
5299,Pass,0,0.81476355,0.33666718,0,0.7400752
5300,Pass,0,0.99855036,0.1491688,0,0.9598728
5301,Pass,0,0.9908732,0.16649015,0,0.9476474
5302,Pass,0,0.99997866,0.23195985,0,0.9378724
5303,Pass,0,0.99943227,0.09723997,0,0.97537285
5304,Pass,0,0.9999273,0.11823628,0,0.9699287
5305,Pass,0,0.99999,0.16622041,0,0.9564426
5306,Pass,0,0.9946861,0.25803486,0,0.92558616
5307,Pass,0,0.9998227,0.16773728,0,0.9558544
5308,Pass,0,0.983597,0.28056884,0,0.9090099
5309,Pass,0,0.9999789,0.17855577,0,0.9529496
5310,Pass,0,0.9999628,0.16244502,0,0.9574825
5311,Pass,0,0.9694883,0.31673303,0,0.88607264
5312,Pass,0,0.9999584,0.129838,0,0.96668357
5313,Pass,0,0.99999523,0.12855808,0,0.96708053
5314,Pass,0,0.99985266,0.045972664,0,0.99025494
5315,Pass,0,0.9974637,0.2218849,0,0.93835086
5316,Pass,0,0.9997937,0.08480359,0,0.97923595
5317,Pass,0,0.9999753,0.1238243,0,0.9683977
5318,Pass,0,0.9998735,0.028043024,0,0.99533695
5319,Pass,0,0.9999927,0.13230659,0,0.9660198
5320,Pass,0,0.9999665,0.17190033,0,0.95481664
5321,Pass,0,0.9999522,0.10160554,0,0.9746478
5322,Pass,0,0.998884,0.21991023,0,0.94024384
5323,Pass,0,0.99899334,0.04393295,0,0.98997915
5324,Pass,0,0.999907,0.12907979,0,0.96684796
5325,Pass,0,0.99999726,0.05734032,0,0.9871888
5326,Pass,0,0.9999944,0.046117477,0,0.9903544
5327,Pass,0,0.99985087,0.029870614,0,0.9947985
5328,Pass,0,0.99969804,0.14734605,0,0.96149045
5329,Pass,0,0.99904484,0.29199004,0,0.9200649
5330,Pass,0,0.99802667,0.33243662,0,0.90773076
5331,Pass,0,0.5950846,0.792703,0,0.4639172
5332,Pass,0,0.99998546,0.11124245,0,0.9719596
5333,Pass,0,0.9996524,0.17261428,0,0.9543152
5334,Pass,0,0.9999927,0.082469806,0,0.9800897
5335,Pass,0,0.9996823,0.32007125,0,0.9127266
5336,Pass,0,0.9986015,0.20169188,0,0.9451142
5337,Pass,0,0.9999887,0.043408986,0,0.9911134
5338,Pass,0,0.97217125,0.39695358,0,0.86650693
5339,Pass,0,0.999977,0.1586408,0,0.95857006
5340,Pass,0,0.9999455,0.1804634,0,0.95237917
5341,Pass,0,0.9993406,0.11923514,0,0.96907777
5342,Pass,0,0.9998635,0.13387409,0,0.9654525
5343,Pass,0,0.9924959,0.4154462,0,0.8794408
5344,Pass,0,0.98946613,0.35427904,0,0.8938431
5345,Pass,0,0.99964905,0.22420256,0,0.9397526
5346,Pass,0,0.99946207,0.2499742,0,0.9323048
5347,Pass,0,0.99999,0.13839233,0,0.964299
5348,Pass,0,0.9978928,0.41715002,0,0.88374287
5349,Pass,0,0.9983418,0.50058734,0,0.86062336
5350,Pass,0,0.9997212,0.045460183,0,0.9902694
5351,Pass,0,0.99998236,0.18313783,0,0.9516592
5352,Pass,0,0.99718493,0.22396258,0,0.9375037
5353,Pass,0,0.99947566,0.095774435,0,0.97582877
5354,Pass,0,0.9997439,0.12734336,0,0.9671803
5355,Pass,0,0.9998666,0.18206275,0,0.9518525
5356,Pass,0,0.99987507,0.14477262,0,0.96238714
5357,Pass,0,0.99993086,0.09751742,0,0.97578114
5358,Pass,0,0.99635625,0.31491688,0,0.9111397
5359,Pass,0,0.9991714,0.24260458,0,0.93411255
5360,Pass,0,0.9893686,0.3629031,0,0.89134616
5361,Pass,0,0.99985874,0.034979895,0,0.99336404
5362,Pass,0,0.9999467,0.103647076,0,0.97406614
5363,Pass,0,0.99798054,0.20735855,0,0.9429299
5364,Pass,0,0.99999833,0.13505816,0,0.9652484
5365,Pass,0,0.9999312,0.21343753,0,0.9430569
5366,Pass,0,0.99998736,0.105055064,0,0.9737083
5367,Pass,0,0.9967619,0.2751545,0,0.92270017
5368,Pass,0,0.9999708,0.11256308,0,0.9715725
5369,Pass,0,0.9999958,0.107019946,0,0.97316176
5370,Pass,0,0.9998374,0.051332384,0,0.9887269
5371,Pass,0,0.99685764,0.18862112,0,0.9471423
5372,Pass,0,0.999064,0.13745108,0,0.9636716
5373,Pass,0,0.99645245,0.2296836,0,0.9352056
5374,Pass,0,0.9999578,0.18650045,0,0.9506866
5375,Pass,0,0.9976616,0.23000102,0,0.936251
5376,Pass,0,0.9996101,0.179708,0,0.95227295
5377,Pass,0,0.9983785,0.40822017,0,0.8866901
5378,Pass,0,0.99997795,0.106901765,0,0.97317773
5379,Pass,0,0.9976381,0.3796737,0,0.8940728
5380,Pass,0,0.9781929,0.3279753,0,0.89092356
5381,Pass,0,0.99986136,0.25720716,0,0.9306355
5382,Pass,0,0.99900097,0.23457746,0,0.9362172
5383,Pass,0,0.9995407,0.1130643,0,0.9710132
5384,Pass,0,0.9997608,0.032651585,0,0.9939239
5385,Pass,0,0.99999595,0.12965147,0,0.9667725
5386,Pass,0,0.9770851,0.18665734,0,0.9288976
5387,Pass,0,0.99872595,0.23006071,0,0.93723303
5388,Pass,0,0.9985972,0.19282094,0,0.9476111
5389,Pass,0,0.9999777,0.17696427,0,0.9533977
5390,Pass,0,0.99768317,0.27870962,0,0.9225516
5391,Pass,0,0.99874616,0.18676622,0,0.9494597
5392,Pass,0,0.99119395,0.2637086,0,0.9207489
5393,Pass,0,0.99998105,0.18916926,0,0.9499552
5394,Pass,0,0.99255013,0.26369637,0,0.92201215
5395,Pass,0,0.99952316,0.20737682,0,0.94438225
5396,Pass,0,0.99925524,0.10163108,0,0.9739613
5397,Pass,0,0.99985445,0.20441459,0,0.9455315
5398,Pass,0,0.99913603,0.1173992,0,0.96939725
5399,Pass,0,0.99969375,0.04930116,0,0.98915815
5400,Pass,0,0.9999862,0.17804983,0,0.9530993
5401,Pass,0,0.9980102,0.31658316,0,0.9121827
5402,Pass,0,0.99996626,0.03773899,0,0.99269193
5403,Pass,0,0.9967308,0.31548572,0,0.9113222
5404,Pass,0,0.9953193,0.15764725,0,0.95438445
5405,Pass,0,0.9969036,0.32637113,0,0.90841645
5406,Pass,0,0.9991685,0.087727435,0,0.9777988
5407,Pass,0,0.9654755,0.360646,0,0.8704355
5408,Pass,0,0.99742186,0.3752036,0,0.8951378
5409,Pass,0,0.99541557,0.23756917,0,0.9320164
5410,Pass,0,0.9999075,0.20993763,0,0.94402254
5411,Pass,0,0.99999404,0.1833219,0,0.9516184
5412,Pass,0,0.99999344,0.076235004,0,0.9818507
5413,Pass,0,0.98717624,0.46232405,0,0.86166215
5414,Pass,0,0.989207,0.16748743,0,0.9457754
5415,Pass,0,0.9988788,0.15354356,0,0.95895475
5416,Pass,0,0.9996693,0.13721637,0,0.9643217
5417,Pass,0,0.9905813,0.32263833,0,0.9036993
5418,Pass,0,0.99957246,0.14504053,0,0.9620203
5419,Pass,0,0.99946564,0.19236653,0,0.94856346
5420,Pass,0,0.99975127,0.2790876,0,0.9243573
5421,Pass,0,0.99974984,0.23064001,0,0.93803036
5422,Pass,0,0.999969,0.2064048,0,0.94507796
5423,Pass,0,0.9964972,0.369062,0,0.8960358
5424,Pass,0,0.93200916,0.24572347,0,0.87050277
5425,Pass,0,0.999967,0.29663506,0,0.9196028
5426,Pass,0,0.99991703,0.26925898,0,0.92728513
5427,Pass,0,0.9064401,0.82933515,0,0.6972698
5428,Pass,0,0.9999114,0.12463036,0,0.96810824
5429,Pass,0,0.85290515,0.43290186,0,0.7515476
5430,Pass,0,0.9999726,0.16340683,0,0.9572203
5431,Pass,0,0.9996197,0.03368574,0,0.99349177
5432,Pass,0,0.9999865,0.37466913,0,0.8975903
5433,Pass,0,0.9977362,0.1700965,0,0.9531952
5434,Pass,0,0.9912039,0.29194427,0,0.9128567
5435,Pass,0,0.9997727,0.1259583,0,0.96759915
5436,Pass,0,0.9999188,0.15933669,0,0.9583178
5437,Pass,0,0.99999213,0.079466954,0,0.980937
5438,Pass,0,0.9997609,0.29702744,0,0.9193026
5439,Pass,0,0.9999491,0.23078232,0,0.93817717
5440,Pass,0,0.9965969,0.24654834,0,0.93059605
5441,Pass,0,0.999046,0.1667995,0,0.95537645
5442,Pass,0,0.9996793,0.01976684,0,0.99747944
5443,Pass,0,0.99998426,0.23044547,0,0.9383052
5444,Pass,0,0.99988854,0.14286321,0,0.96293914
5445,Pass,0,0.9999838,0.15752235,0,0.9588923
5446,Pass,0,0.99467385,0.2719691,0,0.92166173
5447,Pass,0,0.9945697,0.14666432,0,0.9567495
5448,Pass,0,0.9995783,0.2008925,0,0.94626427
5449,Pass,0,0.70405996,0.59589773,0,0.58799183
5450,Pass,0,0.995464,0.90638685,0,0.7440958
5451,Pass,0,0.9999888,0.19382425,0,0.9486484
5452,Pass,0,0.9998,0.26727802,0,0.9277358
5453,Pass,0,0.9996679,0.029880803,0,0.9946135
5454,Pass,0,0.998209,0.29675722,0,0.9179517
5455,Pass,0,0.99968493,0.17647283,0,0.95325726
5456,Pass,0,0.93761396,0.31943572,0,0.8562254
5457,Pass,0,0.7937416,0.9551123,0,0.5823921
5458,Pass,0,0.9999881,0.12689772,0,0.96754235
5459,Pass,0,0.9972185,0.29479012,0,0.9175946
5460,Pass,0,0.9993711,0.030642979,0,0.99410325
5461,Pass,0,0.99971145,0.026435506,0,0.9956293
5462,Pass,0,0.9997925,0.32568392,0,0.9112429
5463,Pass,0,0.99999726,0.13742562,0,0.964579
5464,Pass,0,0.99984455,0.25195906,0,0.9321013
5465,Pass,0,0.9999982,0.085755765,0,0.97916746
5466,Pass,0,0.9999943,0.10120909,0,0.97480077
5467,Pass,0,0.9999963,0.09029951,0,0.97788274
5468,Pass,0,0.990893,0.4298468,0,0.87399185
5469,Pass,0,0.9999577,0.25691435,0,0.9308078
5470,Pass,0,0.9993099,0.38863388,0,0.8930431
5471,Pass,0,0.99975806,0.095885985,0,0.97607297
5472,Pass,0,0.99996805,0.16875096,0,0.95570725
5473,Pass,0,0.9996817,0.37105983,0,0.89833534
5474,Pass,0,0.99999547,0.15211427,0,0.9604303
5475,Pass,0,0.99974495,0.22518197,0,0.9395663
5476,Pass,0,0.99999607,0.116936564,0,0.9703623
5477,Pass,0,0.99951315,0.021793185,0,0.99674183
5478,Pass,0,0.9980406,0.37907,0,0.8946036
5479,Pass,0,0.9983693,0.18426457,0,0.9498065
5480,Pass,0,0.99930346,0.22550225,0,0.939061
5481,Pass,0,0.99994195,0.18958928,0,0.9497995
5482,Pass,0,0.99999595,0.11386562,0,0.9712292
5483,Pass,0,0.99928385,0.24645743,0,0.9331307
5484,Pass,0,0.9999896,0.064645976,0,0.9851188
5485,Pass,0,0.9999958,0.047663186,0,0.9899195
5486,Pass,0,0.9998535,0.033567768,0,0.9937574
5487,Pass,0,0.99894327,0.27237356,0,0.9255037
5488,Pass,0,0.9999974,0.20692745,0,0.9449572
5489,Pass,0,0.99996924,0.20958677,0,0.94417983
5490,Pass,0,0.99948776,0.036927246,0,0.992446
5491,Pass,0,0.9971373,0.22125615,0,0.9382208
5492,Pass,0,0.99875593,0.29072154,0,0.92015654
5493,Pass,0,0.98745,0.46557394,0,0.86099505
5494,Pass,0,0.9966595,0.13730125,0,0.9613944
5495,Pass,0,0.9605524,0.36737728,0,0.86417156
5496,Pass,0,0.99921,0.23892878,0,0.93518555
5497,Pass,0,0.99993646,0.14210977,0,0.96319795
5498,Pass,0,0.999995,0.06200334,0,0.9858701
5499,Pass,0,0.99838436,0.067416094,0,0.98275656
5500,Pass,0,0.99998474,0.14302686,0,0.9629855
5501,Pass,0,0.9999968,0.11826323,0,0.9699885
5502,Pass,0,0.99722207,0.40922266,0,0.88538074
5503,Pass,0,0.9776805,0.26721862,0,0.907227
5504,Pass,0,0.9840937,0.49111778,0,0.85097176
5505,Pass,0,0.99895763,0.12978177,0,0.965732
5506,Pass,0,0.9996668,0.07424704,0,0.982091
5507,Pass,0,0.9053133,0.23216814,0,0.8490333
5508,Pass,0,0.99998,0.12209477,0,0.9688904
5509,Pass,0,0.9991585,0.25810665,0,0.9297276
5510,Pass,0,0.999731,0.25119892,0,0.93221
5511,Pass,0,0.9999615,0.092747025,0,0.9771578
5512,Pass,0,0.9966454,0.37463814,0,0.89460003
5513,Pass,0,0.9999751,0.08214091,0,0.9801653
5514,Pass,0,0.99888426,0.025260648,0,0.9951368
5515,Pass,0,0.9461205,0.15383658,0,0.9082269
5516,Pass,0,0.99982065,0.2132331,0,0.9430103
5517,Pass,0,0.99901724,0.3516144,0,0.90322274
5518,Pass,0,0.99980897,0.21961288,0,0.94119847
5519,Pass,0,0.7994118,0.6629291,0,0.6524959
5520,Pass,0,0.99955803,0.049030438,0,0.9891003
5521,Pass,0,0.9923091,0.09423366,0,0.96926343
5522,Pass,0,0.9696442,0.47178206,0,0.84377
5523,Pass,0,0.86404514,0.2797353,0,0.7987271
5524,Pass,0,0.9993253,0.04989294,0,0.9886266
5525,Pass,0,0.9924964,0.28752115,0,0.9152863
5526,Pass,0,0.99117893,0.21555273,0,0.9342105
5527,Pass,0,0.9014555,0.29676536,0,0.8289752
5528,Pass,0,0.9998493,0.21095695,0,0.9436798
5529,Pass,0,0.99912494,0.07988894,0,0.9799673
5530,Pass,0,0.99931383,0.41948003,0,0.884344
5531,Pass,0,0.9999635,0.07101331,0,0.98329544
5532,Pass,0,0.9917754,0.38612476,0,0.88701236
5533,Pass,0,0.9789823,0.23675373,0,0.91685516
5534,Pass,0,0.9998282,0.044268325,0,0.9907118
5535,Pass,0,0.9957903,0.10111248,0,0.9707299
5536,Pass,0,0.76731896,0.24126983,0,0.7176458
5537,Pass,0,0.9554606,0.15396506,0,0.9171583
5538,Pass,0,0.999982,0.20640227,0,0.94509095
5539,Pass,0,0.99964094,0.33635348,0,0.90809363
5540,Pass,0,0.99998474,0.055545986,0,0.987683
5541,Pass,0,0.9952265,0.23179549,0,0.9334616
5542,Pass,0,0.99973863,0.16577798,0,0.9563271
5543,Pass,0,0.99619186,0.23790585,0,0.93264854
5544,Pass,0,0.9997793,0.08433911,0,0.97935295
5545,Pass,0,0.9947278,0.2850917,0,0.91802645
5546,Pass,0,0.9406555,0.22045706,0,0.8852885
5547,Pass,0,0.98945016,0.3066278,0,0.9071398
5548,Pass,0,0.9991146,0.2290629,0,0.93787915
5549,Pass,0,0.9999037,0.3275689,0,0.91081214
5550,Pass,0,0.99981385,0.07478087,0,0.9820848
5551,Pass,0,0.99959785,0.27219704,0,0.92616
5552,Pass,0,0.99954754,0.08397161,0,0.9792296
5553,Pass,0,0.9998609,0.05631433,0,0.9873438
5554,Pass,0,0.9999199,0.062610544,0,0.9856247
5555,Pass,0,0.99998605,0.14302169,0,0.9629883
5556,Pass,0,0.9982436,0.19921155,0,0.9454745
5557,Pass,0,0.99616027,0.24259995,0,0.93129873
5558,Pass,0,0.9999969,0.26027343,0,0.929896
5559,Pass,0,0.99742633,0.40909922,0,0.8855969
5560,Pass,0,0.99047625,0.37231398,0,0.8897124
5561,Pass,0,0.9942889,0.29400563,0,0.9151192
5562,Pass,0,0.8891727,0.58699334,0,0.744823
5563,Pass,0,0.9999684,0.107600525,0,0.97297114
5564,Pass,0,0.99496293,0.24199048,0,0.9303506
5565,Pass,0,0.99485224,0.20150632,0,0.94161785
5566,Pass,0,0.999728,0.09653383,0,0.97586083
5567,Pass,0,0.998209,0.26186597,0,0.9277846
5568,Pass,0,0.9999943,0.16466114,0,0.95688695
5569,Pass,0,0.96941155,0.6289145,0,0.8005625
5570,Pass,0,0.99996245,0.5027851,0,0.86139995
5571,Pass,0,0.9999932,0.23959497,0,0.9357305
5572,Pass,0,0.9999957,0.2866754,0,0.92244107
5573,Pass,0,0.8893876,0.5967111,0,0.74256295
5574,Pass,0,0.9999975,0.17234479,0,0.95472074
5575,Pass,0,0.9951567,0.16861662,0,0.9511466
5576,Pass,0,0.99999225,0.091054216,0,0.9776658
5577,Pass,0,0.9965532,0.24141458,0,0.9319996
5578,Pass,0,0.9994381,0.49512234,0,0.8631105
5579,Pass,0,0.999721,0.12741199,0,0.9671388
5580,Pass,0,0.98874193,0.29924563,0,0.90855116
5581,Pass,0,0.99995244,0.20140114,0,0.94647485
5582,Pass,0,0.99467754,0.1829969,0,0.9466504
5583,Pass,0,0.9977391,0.50223094,0,0.8596408
5584,Pass,0,0.9999902,0.07721238,0,0.9815716
5585,Pass,0,0.99999094,0.14534314,0,0.9623376
5586,Pass,0,0.99134606,0.791862,0,0.7730709
5587,Pass,0,0.9967068,0.11235233,0,0.9684605
5588,Pass,0,0.99901307,0.12492566,0,0.96715516
5589,Pass,0,0.9999435,0.17374644,0,0.95427346
5590,Pass,0,0.9998419,0.07789159,0,0.98123425
5591,Pass,0,0.9999299,0.13420698,0,0.9654227
5592,Pass,0,0.99977535,0.0684225,0,0.9838417
5593,Pass,0,0.970226,0.42469049,0,0.85717547
5594,Pass,0,0.9718873,0.2288795,0,0.912371
5595,Pass,0,0.9987999,0.60995847,0,0.83017737
5596,Pass,0,0.9963181,0.38533145,0,0.89129835
5597,Pass,0,0.9829684,0.5445455,0,0.83517164
5598,Pass,0,0.9993063,0.24003774,0,0.93496287
5599,Pass,0,0.9978555,0.18868004,0,0.9480738
5600,Pass,0,0.6277257,0.92308235,0,0.4662576
5601,Pass,0,0.9501941,0.3103103,0,0.8701615
5602,Pass,0,0.99375325,0.17036438,0,0.9493149
5603,Pass,0,0.9951147,0.21261758,0,0.93874466
5604,Pass,0,0.9994642,0.12757176,0,0.9668453
5605,Pass,0,0.9988784,0.35043073,0,0.903431
5606,Pass,0,0.9999423,0.12161193,0,0.96899027
5607,Pass,0,0.99416345,0.32284847,0,0.9069082
5608,Pass,0,0.9530225,0.50821507,0,0.8195034
5609,Pass,0,0.9999958,0.104944035,0,0.97374785
5610,Pass,0,0.9973769,0.1981235,0,0.94496
5611,Pass,0,0.668435,0.49953452,0,0.57642496
5612,Pass,0,0.99416924,0.19272298,0,0.9434367
5613,Pass,0,0.8480892,0.432108,0,0.74749404
5614,Pass,0,0.99782157,0.0811536,0,0.97833264
5615,Pass,0,0.99602014,0.3343841,0,0.9053582
5616,Pass,0,0.9995721,0.28895193,0,0.9214078
5617,Pass,0,0.87845176,0.49517965,0,0.75861293
5618,Pass,0,0.99960834,0.25650546,0,0.9305981
5619,Pass,0,0.99603075,0.18137698,0,0.94839376
5620,Pass,0,0.84091514,0.6872199,0,0.68060493
5621,Pass,0,0.9671047,0.39126977,0,0.8635429
5622,Pass,0,0.9881081,0.36844486,0,0.88866454
5623,Pass,0,0.9865958,0.47152045,0,0.85859394
5624,Pass,0,0.9998776,0.19676161,0,0.9477137
5625,Pass,0,0.999705,0.23134284,0,0.93779
5626,Pass,0,0.9230601,0.43113086,0,0.813827
5627,Pass,0,0.9858937,0.23203063,0,0.92464256
5628,Pass,0,0.99958926,0.19642732,0,0.94753474
5629,Pass,0,0.9959998,0.49696952,0,0.8596217
5630,Pass,0,0.99393266,0.25532195,0,0.92564636
5631,Pass,0,0.981723,0.41883197,0,0.8689566
5632,Pass,0,0.999969,0.115505874,0,0.97073996
5633,Pass,0,0.9963121,0.46556795,0,0.8687239
5634,Pass,0,0.6122307,0.6560178,0,0.50090957
5635,Pass,0,0.9990017,0.25026864,0,0.9317923
5636,Pass,0,0.9968554,0.52967304,0,0.85115623
5637,Pass,0,0.9992199,0.080827855,0,0.9797955
5638,Pass,0,0.99143463,0.23673481,0,0.9285225
5639,Pass,0,0.79278415,0.5145307,0,0.68030095
5640,Pass,0,0.99916637,0.18077719,0,0.95154864
5641,Pass,0,0.97066045,0.5391462,0,0.8261939
5642,Pass,0,0.748922,0.8855263,0,0.56421965
5643,Pass,0,0.95144963,0.40180305,0,0.8467349
5644,Pass,0,0.9857167,0.5025437,0,0.8491954
5645,Pass,0,0.99538815,0.33474866,0,0.90468127
5646,Pass,0,0.9996055,0.1242193,0,0.96792805
5647,Pass,0,0.9710707,0.5697496,0,0.818153
5648,Pass,0,0.99678075,0.59413403,0,0.8329523
5649,Pass,0,0.934026,0.5255568,0,0.79859537
5650,Pass,0,0.99779797,0.32375556,0,0.90996826
5651,Pass,0,0.9984617,0.12129122,0,0.96764594
5652,Pass,0,0.99992716,0.19181803,0,0.9491563
5653,Pass,0,0.9841642,0.3829887,0,0.8810765
5654,Pass,0,0.5970937,0.6045433,0,0.4972021
5655,Pass,0,0.965131,0.5776747,0,0.81098926
5656,Pass,0,0.99483216,0.31820774,0,0.9088217
5657,Pass,0,0.9969432,0.44229335,0,0.8758251
5658,Pass,0,0.9998901,0.13585502,0,0.964919
5659,Pass,0,0.9999951,0.08668874,0,0.978901
5660,Pass,0,0.99989784,0.27334115,0,0.9261149
5661,Pass,0,0.9996309,0.45064986,0,0.87582797
5662,Pass,0,0.99948967,0.18728219,0,0.9500209
5663,Pass,0,0.99307185,0.34544072,0,0.89957833
5664,Pass,0,0.9992822,0.14420107,0,0.9619778
5665,Pass,0,0.9994886,0.11044396,0,0.971702
5666,Pass,0,0.9995828,0.04203678,0,0.9910984
5667,Pass,0,0.9999045,0.39242998,0,0.89250284
5668,Pass,0,0.9999721,0.19660345,0,0.9478479
5669,Pass,0,0.99914217,0.1297925,0,0.96590734
5670,Pass,0,0.9996288,0.24958585,0,0.9325699
5671,Pass,0,0.99128586,0.17872778,0,0.9446172
5672,Pass,0,0.99595356,0.29724312,0,0.91574097
5673,Pass,0,0.92137784,0.2549967,0,0.85816085
5674,Pass,0,0.9992417,0.6056731,0,0.8317535
5675,Pass,0,0.99315625,0.39920193,0,0.8845806
5676,Pass,0,0.98296356,0.68104035,0,0.7972884
5677,Pass,0,0.97898304,0.41353643,0,0.867995
5678,Pass,0,0.6307567,0.65913534,0,0.5155118
5679,Pass,0,0.9978776,0.058609664,0,0.9847387
5680,Pass,0,0.9962096,0.38649175,0,0.890875
5681,Pass,0,0.9996369,0.19695221,0,0.94743174
5682,Pass,0,0.99977905,0.22412945,0,0.93989545
5683,Pass,0,0.98580605,0.50155574,0,0.8495473
5684,Pass,0,0.99986017,0.13529986,0,0.9650468
5685,Pass,0,0.9994205,0.050711047,0,0.98849
5686,Pass,0,0.99985564,0.11278561,0,0.9713978
5687,Pass,0,0.9992287,0.4570424,0,0.8736722
5688,Pass,0,0.9792644,0.25850904,0,0.9111047
5689,Pass,0,0.9993918,0.08428295,0,0.9789892
5690,Pass,0,0.9934657,0.21471514,0,0.93660074
5691,Pass,0,0.9969897,0.47824383,0,0.86574686
5692,Pass,0,0.99997187,0.29357547,0,0.9204711
5693,Pass,0,0.999663,0.1928395,0,0.9486172
5694,Pass,0,0.9999583,0.1486755,0,0.9613654
5695,Pass,0,0.9003227,0.27585673,0,0.8332481
5696,Pass,0,0.9832328,0.38997853,0,0.8783024
5697,Pass,0,0.9993443,0.13021508,0,0.9659835
5698,Pass,0,0.9969524,0.31817478,0,0.9107679
5699,Pass,0,0.9993179,0.06276105,0,0.9849888
5700,Pass,0,0.99122286,0.26194063,0,0.9212705
5701,Pass,0,0.9944988,0.3745094,0,0.8927094
5702,Pass,0,0.9994854,0.17776656,0,0.9527019
5703,Pass,0,0.9983021,0.30612108,0,0.9153982
5704,Pass,0,0.9980567,0.30019036,0,0.91684425
5705,Pass,0,0.9817639,0.22652312,0,0.92229587
5706,Pass,0,0.99936336,0.43434742,0,0.8801932
5707,Pass,0,0.991746,0.3081064,0,0.9088307
5708,Pass,0,0.9999579,0.23430985,0,0.9371895
5709,Pass,0,0.90610486,0.3399189,0,0.8222115
5710,Pass,0,0.8398994,0.5560623,0,0.71088326
5711,Pass,0,0.999835,0.23497742,0,0.9368859
5712,Pass,0,0.9985812,0.14776042,0,0.96029943
5713,Pass,0,0.9996705,0.22199368,0,0.9403962
5714,Pass,0,0.890826,0.36525565,0,0.801975
5715,Pass,0,0.99551153,0.22079456,0,0.93682086
5716,Pass,0,0.99959415,0.24558808,0,0.9336658
5717,Pass,0,0.7309573,0.6651776,0,0.596158
5718,Pass,0,0.9687746,0.19947632,0,0.9174909
5719,Pass,0,0.8375092,0.6364894,0,0.6898434
5720,Pass,0,0.87895626,0.5749885,0,0.7392441
5721,Pass,0,0.99979264,0.13376701,0,0.96541435
5722,Pass,0,0.9996847,0.07480011,0,0.98195255
5723,Pass,0,0.9986045,0.13577034,0,0.9637022
5724,Pass,0,0.99978834,0.37224013,0,0.898098
5725,Pass,0,0.99998415,0.2940338,0,0.920353
5726,Pass,0,0.99843246,0.27437326,0,0.9244668
5727,Pass,0,0.99918383,0.10776436,0,0.97216153
5728,Pass,0,0.99965703,0.24622756,0,0.9335441
5729,Pass,0,0.9991223,0.23459393,0,0.93632627
5730,Pass,0,0.9864601,0.38762915,0,0.8818396
5731,Pass,0,0.99279165,0.5582521,0,0.83967614
5732,Pass,0,0.99587727,0.12045073,0,0.9653775
5733,Pass,0,0.9999567,0.19268453,0,0.9489397
5734,Pass,0,0.862932,0.8496612,0,0.6588497
5735,Pass,0,0.6417986,1.3978043,0,0.39069366
5736,Pass,0,0.6050006,0.8567742,0,0.46070382
5737,Pass,0,0.98423576,0.2703721,0,0.91243356
5738,Pass,0,0.99806005,0.067684494,0,0.9823617
5739,Pass,0,0.998869,0.2506588,0,0.93155855
5740,Pass,0,0.9975076,0.31871825,0,0.91112196
5741,Pass,0,0.99978524,0.25603577,0,0.93089527
5742,Pass,0,0.9999331,0.17466933,0,0.9540031
5743,Pass,0,0.99567527,0.3954283,0,0.88788503
5744,Pass,0,0.9992065,0.21397555,0,0.9422216
5745,Pass,0,0.9637308,0.5876661,0,0.8070942
5746,Pass,0,0.9957313,0.41515562,0,0.8823893
5747,Pass,0,0.9999248,0.16468331,0,0.95681417
5748,Pass,0,0.99899894,0.27731928,0,0.92416036
5749,Pass,0,0.68640167,0.59663105,0,0.5731025
5750,Pass,0,0.9998646,0.3470437,0,0.9052791
5751,Pass,0,0.9999864,0.08838415,0,0.9784139
5752,Pass,0,0.99842274,0.47804973,0,0.867046
5753,Pass,0,0.99757993,0.27713242,0,0.92290026
5754,Pass,0,0.97480243,0.6398355,0,0.80200887
5755,Pass,0,0.9999889,0.18619254,0,0.95080304
5756,Pass,0,0.99534875,0.45197624,0,0.8717034
5757,Pass,0,0.5704509,0.7378163,0,0.45355278
5758,Pass,0,0.9999964,0.089207485,0,0.9781912
5759,Pass,0,0.9992367,0.19112247,0,0.9486971
5760,Pass,0,0.9996338,0.36297387,0,0.9005743
5761,Pass,0,0.9999386,0.22421007,0,0.9400227
5762,Pass,0,0.9995023,0.028221605,0,0.994917
5763,Pass,0,0.99985135,0.19650555,0,0.9477611
5764,Pass,0,0.99985087,0.17601092,0,0.95354587
5765,Pass,0,0.9999658,0.18177782,0,0.95202744
5766,Pass,0,0.99981135,0.16700304,0,0.9560509
5767,Pass,0,0.99999,0.13010445,0,0.9666389
5768,Pass,0,0.99988353,0.17971328,0,0.95253193
5769,Pass,0,0.97202176,0.6979077,0,0.7837846
5770,Pass,0,0.99948716,0.2132935,0,0.9426787
5771,Pass,0,0.9920167,0.48193988,0,0.86039335
5772,Pass,0,0.9956726,0.3892315,0,0.8896246
5773,Pass,0,0.9993869,0.30407083,0,0.9169713
5774,Pass,0,0.999092,0.16317157,0,0.95644367
5775,Pass,0,0.99971837,0.17668681,0,0.9532288
5776,Pass,0,0.9996112,0.050903294,0,0.98862433
5777,Pass,0,0.9998807,0.24423729,0,0.9343147
5778,Pass,0,0.9948137,0.34371933,0,0.9016397
5779,Pass,0,0.9999583,0.15189101,0,0.9604577
5780,Pass,0,0.99572206,0.35254484,0,0.899982
5781,Pass,0,0.9909706,0.23643301,0,0.9281724
5782,Pass,0,0.99994516,0.4043451,0,0.8891754
5783,Pass,0,0.99973994,0.07186448,0,0.98283535
5784,Pass,0,0.9676582,0.6095001,0,0.8044184
5785,Pass,0,0.99978715,0.44088623,0,0.8787207
5786,Pass,0,0.9994905,0.0132232,0,0.99913746
5787,Pass,0,0.9824075,0.24878417,0,0.91672623
5788,Pass,0,0.9999877,0.05981351,0,0.9864812
5789,Pass,0,0.9999974,0.13761035,0,0.96452695
5790,Pass,0,0.9990207,0.18816996,0,0.9493247
5791,Pass,0,0.9981147,0.37498736,0,0.8958205
5792,Pass,0,0.99999213,0.17584747,0,0.95372677
5793,Pass,0,0.9994653,0.16482925,0,0.9563333
5794,Pass,0,0.9998011,0.0777245,0,0.9812414
5795,Pass,0,0.9999937,0.056183334,0,0.98751193
5796,Pass,0,0.9999627,0.12224659,0,0.9688308
5797,Pass,0,0.99955577,0.34334108,0,0.9060443
5798,Pass,0,0.9999007,0.13716468,0,0.9645595
5799,Pass,0,0.9995609,0.10147538,0,0.9743032
5800,Pass,0,0.9525272,0.3941958,0,0.84973955
5801,Pass,0,0.99074906,0.67068076,0,0.80650103
5802,Pass,0,0.9991953,0.2824661,0,0.9228901
5803,Pass,0,0.9958171,0.36324885,0,0.89705855
5804,Pass,0,0.99995756,0.21787176,0,0.94182986
5805,Pass,0,0.9995214,0.21662654,0,0.94177043
5806,Pass,0,0.9980123,0.19990595,0,0.9450597
5807,Pass,0,0.9994517,0.22215147,0,0.94014585
5808,Pass,0,0.9999498,0.14056176,0,0.9636479
5809,Pass,0,0.9996263,0.042706545,0,0.9909525
5810,Pass,0,0.999913,0.17011367,0,0.9552699
5811,Pass,0,0.9997875,0.011972115,0,0.9997875
5812,Pass,0,0.99943393,0.13971335,0,0.9633901
5813,Pass,0,0.9985727,0.14880003,0,0.9599982
5814,Pass,0,0.99819225,0.42111728,0,0.88289005
5815,Pass,0,0.9958097,0.5017544,0,0.8581124
5816,Pass,0,0.99999976,0.11110499,0,0.9720123
5817,Pass,0,0.9999981,0.15079528,0,0.96080524
5818,Pass,0,0.9966888,0.29382846,0,0.9173778
5819,Pass,0,0.99953485,0.09980412,0,0.97474945
5820,Pass,0,0.99873203,0.33361337,0,0.9080405
5821,Pass,0,0.9838622,0.43225852,0,0.8671207
5822,Pass,0,0.9999956,0.18748593,0,0.9504443
5823,Pass,0,0.9862592,0.4318853,0,0.8693372
5824,Pass,0,0.9881615,0.46862125,0,0.8607653
5825,Pass,0,0.99999523,0.22845389,0,0.9388778
5826,Pass,0,0.9952467,0.20675136,0,0.9405175
5827,Pass,0,0.99199533,0.4188893,0,0.8780329
5828,Pass,0,0.7217065,0.5723424,0,0.60752875
5829,Pass,0,0.9997975,0.31241414,0,0.91499305
5830,Pass,0,0.99194944,0.5536769,0,0.84024507
5831,Pass,0,0.9984831,0.28579083,0,0.9212951
5832,Pass,0,0.99824995,0.44745457,0,0.8755185
5833,Pass,0,0.99983406,0.2804205,0,0.92405754
5834,Pass,0,0.9999951,0.12281238,0,0.96870255
5835,Pass,0,0.59921306,1.2668505,0,0.38692343
5836,Pass,0,0.9988005,0.22792213,0,0.937906
5837,Pass,0,0.96335024,0.20993671,0,0.9095087
5838,Pass,0,0.99954283,0.23577961,0,0.9363858
5839,Pass,0,0.9994711,0.104478545,0,0.9733683
5840,Pass,0,0.98440164,0.4471263,0,0.86346406
5841,Pass,0,0.95129037,0.67411107,0,0.77345914
5842,Pass,0,0.8542595,1.0042841,0,0.61493677
5843,Pass,0,0.9999552,0.34974322,0,0.904599
5844,Pass,0,0.99998677,0.13650519,0,0.9648287
5845,Pass,0,0.9892592,0.98540807,0,0.71738786
5846,Pass,0,0.9996952,0.22244251,0,0.9402927
5847,Pass,0,0.9985875,0.20633559,0,0.94379175
5848,Pass,0,0.99923825,0.14834456,0,0.96076655
5849,Pass,0,0.9984018,0.46533775,0,0.87061095
5850,Pass,0,0.9999937,0.13951623,0,0.9639853
5851,Pass,0,0.9863235,0.33309484,0,0.89690316
5852,Pass,0,0.99985814,0.19187915,0,0.9490735
5853,Pass,0,0.9997893,0.13628595,0,0.96470004
5854,Pass,0,0.990101,0.5370131,0,0.8433373
5855,Pass,0,0.99766004,0.1829945,0,0.94948953
5856,Pass,0,0.9694704,0.20987976,0,0.9153024
5857,Pass,0,0.95644075,0.5424123,0,0.81320864
5858,Pass,0,0.88204825,1.099167,0,0.6113125
5859,Pass,0,0.9998155,0.049952205,0,0.98909485
5860,Pass,0,0.99955636,0.11314485,0,0.9710057
5861,Pass,0,0.99827135,0.5554055,0,0.845113
5862,Pass,0,0.9989122,0.28433526,0,0.92210156
5863,Pass,0,0.9936109,0.19596101,0,0.94199854
5864,Pass,0,0.9994955,0.30956683,0,0.91552013
5865,Pass,0,0.99998903,0.18066452,0,0.95236385
5866,Pass,0,0.9881368,0.81197405,0,0.7649575
5867,Pass,0,0.9988243,0.32390684,0,0.91086155
5868,Pass,0,0.966343,0.38774553,0,0.8638243
5869,Pass,0,0.99450964,0.17489514,0,0.9487653
5870,Pass,0,0.99790275,0.44825137,0,0.8749895
5871,Pass,0,0.9677256,0.4054763,0,0.8602159
5872,Pass,0,0.9988427,0.09804587,0,0.9745703
5873,Pass,0,0.99912995,0.05976329,0,0.98564917
5874,Pass,0,0.9993393,0.3281328,0,0.91013885
5875,Pass,0,0.9996438,0.17756546,0,0.95290965
5876,Pass,0,0.9744529,0.4251859,0,0.86077356
5877,Pass,0,0.99169403,0.8460218,0,0.75817865
5878,Pass,0,0.9704688,0.495011,0,0.8381232
5879,Pass,0,0.9809343,0.3069744,0,0.8992364
5880,Pass,0,0.9988361,0.06727022,0,0.9832424
5881,Pass,0,0.99961793,0.2417451,0,0.9347726
5882,Pass,0,0.99701655,0.4916337,0,0.8620012
5883,Pass,0,0.99844617,0.412435,0,0.88556206
5884,Pass,0,0.9999831,0.15101272,0,0.9607294
5885,Pass,0,0.99955374,0.1754394,0,0.9534238
5886,Pass,0,0.9994873,0.24782717,0,0.93293417
5887,Pass,0,0.78118986,1.1117119,0,0.53864485
5888,Pass,0,0.6444502,0.6222606,0,0.5334125
5889,Pass,0,0.9987923,0.07711834,0,0.98042226
5890,Pass,0,0.8823989,0.41622823,0,0.7816901
5891,Pass,0,0.93810666,0.45505714,0,0.8207561
5892,Pass,0,0.9989341,0.20258695,0,0.94517654
5893,Pass,0,0.9994357,0.062266346,0,0.9852445
5894,Pass,0,0.9875608,0.14108284,0,0.9515633
5895,Pass,0,0.98784155,0.38185573,0,0.8846846
5896,Pass,0,0.9992261,0.051764973,0,0.9880004
5897,Pass,0,0.9769455,0.32112747,0,0.8916762
5898,Pass,0,0.99993205,0.20115565,0,0.94652486
5899,Pass,0,0.9938432,0.16632976,0,0.9505328
5900,Pass,0,0.9999242,0.304733,0,0.9172774
5901,Pass,0,0.99935013,0.079182334,0,0.9803875
5902,Pass,0,0.9993099,0.029518148,0,0.9943597
5903,Pass,0,0.9799856,0.3536027,0,0.8854659
5904,Pass,0,0.99868184,0.16328362,0,0.9560195
5905,Pass,0,0.99834454,0.28946888,0,0.9201306
5906,Pass,0,0.9205675,1.2357724,0,0.6025053
5907,Pass,0,0.50179803,0.3662571,0,0.4516068
5908,Pass,0,0.9868255,0.27910024,0,0.91240275
5909,Pass,0,0.99986625,0.2423397,0,0.9348369
5910,Pass,0,0.99997795,0.20641601,0,0.9450832
5911,Pass,0,0.997776,0.21251054,0,0.9412854
5912,Pass,0,0.99630547,0.61585253,0,0.8264462
5913,Pass,0,0.98710877,0.54073167,0,0.8397523
5914,Pass,0,0.95904154,1.1116923,0,0.6612821
5915,Pass,0,0.99941206,0.09684598,0,0.9754643
5916,Pass,0,0.97174746,1.5279421,0,0.5558465
5917,Pass,0,0.9985885,0.061601046,0,0.9845969
5918,Pass,0,0.99742055,0.27702793,0,0.92278224
5919,Pass,0,0.97708535,0.17674752,0,0.93163145
5920,Pass,0,0.9994837,0.13390703,0,0.96507645
5921,Pass,0,0.5254945,0.3536022,0,0.47481057
5922,Pass,0,0.9679089,0.48202294,0,0.83946157
5923,Pass,0,0.99154913,0.29228607,0,0.9130789
5924,Pass,0,0.57199943,0.23421732,0,0.5361094
5925,Pass,0,0.9990233,0.20318644,0,0.9450919
5926,Pass,0,0.9614167,0.6704147,0,0.7826958
5927,Pass,0,0.9997149,0.2324657,0,0.9374823
5928,Pass,0,0.9986714,0.22895409,0,0.9374938
5929,Pass,0,0.9988175,0.15172176,0,0.95940965
5930,Pass,0,0.9999901,0.083146386,0,0.9798962
5931,Pass,0,0.9983211,0.32530132,0,0.9100097
5932,Pass,0,0.9999311,0.15453982,0,0.9596838
5933,Pass,0,0.9964778,0.124013,0,0.9649575
5934,Pass,0,0.8913966,0.49228048,0,0.7705214
5935,Pass,0,0.75458276,0.56678945,0,0.63638675
5936,Pass,0,0.9666666,0.53200567,0,0.82474315
5937,Pass,0,0.60216147,1.149752,0,0.40873444
5938,Pass,0,0.9989976,0.2093586,0,0.9433268
5939,Pass,0,0.987017,0.35268313,0,0.89207536
5940,Pass,0,0.99970335,0.26522475,0,0.9282256
5941,Pass,0,0.99928135,0.3364322,0,0.9077447
5942,Pass,0,0.99984133,0.31398413,0,0.91459
5943,Pass,0,0.9797691,0.16990383,0,0.93608344
5944,Pass,0,0.66339445,0.5211617,0,0.5680277
5945,Pass,0,0.85813266,0.6543036,0,0.70251477
5946,Pass,0,0.9866607,0.39963764,0,0.8786739
5947,Pass,0,0.9964929,0.32266042,0,0.90908617
5948,Pass,0,0.99795014,0.18036151,0,0.9505074
5949,Pass,0,0.9924663,0.3586719,0,0.89532244
5950,Pass,0,0.9985745,0.298231,0,0.9178723
5951,Pass,0,0.98630816,0.32034293,0,0.9004401
5952,Pass,0,0.99987876,0.19779901,0,0.94742197
5953,Pass,0,0.9957272,0.1649261,0,0.95272934
5954,Pass,0,0.9998909,0.31353444,0,0.9147623
5955,Pass,0,0.9792315,0.98360264,0,0.71061516
5956,Pass,0,0.9992341,0.32664633,0,0.91046244
5957,Pass,0,0.9735367,0.3669903,0,0.87595934
5958,Pass,0,0.99911493,0.1440043,0,0.9618723
5959,Pass,0,0.99792165,0.29311264,0,0.9187143
5960,Pass,0,0.9995735,0.35211885,0,0.9035833
5961,Pass,0,0.92976224,0.4426334,0,0.8167167
5962,Pass,0,0.9992913,0.4206904,0,0.8839826
5963,Pass,0,0.99428695,0.60534424,0,0.8277216
5964,Pass,0,0.9981534,0.29467016,0,0.9184887
5965,Pass,0,0.99969804,0.2641964,0,0.9285109
5966,Pass,0,0.9999194,0.21757007,0,0.9418791
5967,Pass,0,0.99928963,0.42406327,0,0.8830296
5968,Pass,0,0.99563897,0.33226153,0,0.9056083
5969,Pass,0,0.9949955,0.21757644,0,0.9372392
5970,Pass,0,0.98475873,0.06778333,0,0.9692421
5971,Pass,0,0.9974694,0.26322153,0,0.92671555
5972,Pass,0,0.7493871,0.74418163,0,0.59447426
5973,Pass,0,0.87930036,1.0806485,0,0.61400515
5974,Pass,0,0.99677235,0.2657305,0,0.9253618
5975,Pass,0,0.8513087,0.56927735,0,0.71736383
5976,Pass,0,0.9942697,0.47197005,0,0.865146
5977,Pass,0,0.9988809,0.47119555,0,0.8693768
5978,Pass,0,0.9970114,0.034148525,0,0.9907692
5979,Pass,0,0.9970611,0.21628255,0,0.9395491
5980,Pass,0,0.9966833,0.37945616,0,0.8932783
5981,Pass,0,0.8597689,0.6208648,0,0.711971
5982,Pass,0,0.91654044,0.8873923,0,0.69001657
5983,Pass,0,0.9335979,0.50601137,0,0.8033811
5984,Pass,0,0.99247265,0.14881611,0,0.9541293
5985,Pass,0,0.7094022,0.5724979,0,0.5971399
5986,Pass,0,0.9307907,0.20819674,0,0.87922615
5987,Pass,0,0.9911192,0.7897687,0,0.7734797
5988,Pass,0,0.98720574,0.27930573,0,0.912697
5989,Pass,0,0.9913804,0.15916577,0,0.9501825
5990,Pass,0,0.9999758,0.17668203,0,0.9534756
5991,Pass,0,0.9990421,0.0358841,0,0.99229765
5992,Pass,0,0.9146702,0.3442521,0,0.8288648
5993,Pass,0,0.99990773,0.17531936,0,0.9537953
5994,Pass,0,0.9997948,0.15554355,0,0.95926964
5995,Pass,0,0.99701995,0.41938043,0,0.8823421
5996,Pass,0,0.99141484,0.5388446,0,0.8439438
5997,Pass,0,0.81393707,0.93129736,0,0.60268265
5998,Pass,0,0.9863582,0.20266622,0,0.9332554
5999,Pass,0,0.99302155,0.19388752,0,0.9420211
6000,Pass,0,0.9928422,0.33193785,0,0.9031552
6001,Pass,0,0.99922454,0.30858597,0,0.9155486
6002,Pass,0,0.9848999,0.2608205,0,0.91570514
6003,Pass,0,0.99964404,0.21620065,0,0.9420062
6004,Pass,0,0.9844461,0.650241,0,0.80705106
6005,Pass,0,0.9134067,0.11899784,0,0.8858074
6006,Pass,0,0.9589826,0.22909391,0,0.90019846
6007,Pass,0,0.98832345,0.21078733,0,0.9328488
6008,Pass,0,0.995815,0.14462891,0,0.9585197
6009,Pass,0,0.6097289,1.2055626,0,0.40426382
6010,Pass,0,0.9760261,0.42483282,0,0.8622605
6011,Pass,0,0.8017436,1.146412,0,0.54496264
6012,Pass,0,0.9980573,0.08737291,0,0.9768113
6013,Pass,0,0.99920386,0.30683854,0,0.91602266
6014,Pass,0,0.98186344,0.17158084,0,0.9376195
6015,Pass,0,0.87104195,0.2934352,0,0.801826
6016,Pass,0,0.9999517,0.09740771,0,0.9758325
6017,Pass,0,0.99995077,0.16335174,0,0.95721495
6018,Pass,0,0.9978434,0.5708222,0,0.84040755
6019,Pass,0,0.86869913,0.5852989,0,0.7280887
6020,Pass,0,0.97437346,0.42527783,0,0.8606781
6021,Pass,0,0.9508291,0.46896258,0,0.82815427
6022,Pass,0,0.98909026,0.36414275,0,0.89074916
6023,Pass,0,0.43857792,1.483389,0,0.2563863
6024,Pass,0,0.97551507,1.0731953,0,0.6832434
6025,Pass,0,0.9984012,0.42864034,0,0.8809544
6026,Pass,0,0.7757847,0.6344654,0,0.6394452
6027,Pass,0,0.71412355,0.61712015,0,0.59211767
6028,Pass,0,0.962513,0.5592401,0,0.8137988
6029,Pass,0,0.9973628,0.15865606,0,0.95605975
6030,Pass,0,0.9630335,0.5575219,0,0.81470597
6031,Pass,0,0.99564517,0.29741102,0,0.9154102
6032,Pass,0,0.99277735,0.2417654,0,0.92837006
6033,Pass,0,0.99524325,0.30318457,0,0.9134184
6034,Pass,0,0.9613388,0.71120137,0,0.7715625
6035,Pass,0,0.75489557,1.142614,0,0.5139284
6036,Pass,0,0.9888859,0.36931533,0,0.88912106
6037,Pass,0,0.6253904,0.32567245,0,0.57000285
6038,Pass,0,0.9973086,0.3098107,0,0.91344833
6039,Pass,0,0.99664515,0.25504756,0,0.92824966
6040,Pass,0,0.9992945,0.32751063,0,0.9102737
6041,Pass,0,0.8065182,0.44783556,0,0.70727277
6042,Pass,0,0.8798993,0.33165428,0,0.8004853
6043,Pass,0,0.9586282,0.31564873,0,0.87644035
6044,Pass,0,0.99161243,0.18680327,0,0.94266766
6045,Pass,0,0.8146101,0.7588714,0,0.642836
6046,Pass,0,0.77231735,0.63397586,0,0.63669395
6047,Pass,0,0.9889375,0.4007373,0,0.88039446
6048,Pass,0,0.9862977,0.31590268,0,0.901667
6049,Pass,0,0.98499703,0.27805912,0,0.9110017
6050,Pass,0,0.9973425,0.18579972,0,0.94839746
6051,Pass,0,0.8835689,0.37459195,0,0.7931128
6052,Pass,0,0.60833997,0.48803455,0,0.5265771
6053,Pass,0,0.92234075,0.6689706,0,0.7512598
6054,Pass,0,0.9842165,0.24630827,0,0.9191023
6055,Pass,0,0.9983903,0.26485565,0,0.92711043
6056,Pass,0,0.9654568,0.46850643,0,0.84101903
6057,Pass,0,0.983579,0.49344465,0,0.84988046
6058,Pass,0,0.9995844,0.07779984,0,0.98100746
6059,Pass,0,0.6739982,1.1798451,0,0.4517694
6060,Pass,0,0.997719,0.14908008,0,0.9590986
6061,Pass,0,0.9989422,0.33606622,0,0.90753984
6062,Pass,0,0.9999896,0.13601847,0,0.96496886
6063,Pass,0,0.9979132,0.16717401,0,0.9541876
6064,Pass,0,0.9992725,0.15435734,0,0.9591032
6065,Pass,0,0.77606714,1.7346781,0,0.3986198
6066,Pass,0,0.9999871,0.21331868,0,0.9431431
6067,Pass,0,0.9999945,0.1428585,0,0.9630425
6068,Pass,0,0.99999833,0.13365452,0,0.96564466
6069,Pass,0,0.9999902,0.16709378,0,0.95619625
6070,Pass,0,0.9992243,0.29658765,0,0.9189332
6071,Pass,0,0.80056816,0.7443253,0,0.6350427
6072,Pass,0,0.9984164,0.08212957,0,0.97864074
6073,Pass,0,0.9984389,0.17966305,0,0.95116985
6074,Pass,0,0.999602,0.053483665,0,0.987887
6075,Pass,0,0.99048513,0.43010932,0,0.87355876
6076,Pass,0,0.9998227,0.14842737,0,0.9613051
6077,Pass,0,0.9988418,0.13849738,0,0.96316224
6078,Pass,0,0.99999356,0.080757804,0,0.9805739
6079,Pass,0,0.99997973,0.090804614,0,0.977724
6080,Pass,0,0.9747048,0.7366781,0,0.7752792
6081,Pass,0,0.9434198,0.4100828,0,0.8373835
6082,Pass,0,0.9994118,0.3706549,0,0.89820707
6083,Pass,0,0.9923247,0.18186851,0,0.94472724
6084,Pass,0,0.9909032,0.25616476,0,0.92258924
6085,Pass,0,0.757474,0.5391617,0,0.64473337
6086,Pass,0,0.99987257,0.24944521,0,0.932837
6087,Pass,0,0.9521888,0.28881878,0,0.8777656
6088,Pass,0,0.9999993,0.07659349,0,0.9817552
6089,Pass,0,0.9999951,0.14457537,0,0.9625584
6090,Pass,0,0.9998882,0.43777055,0,0.8796891
6091,Pass,0,0.43610704,0.7311314,0,0.34756204
6092,Pass,0,0.9997981,0.046301883,0,0.990108
6093,Pass,0,0.85105413,0.5933761,0,0.7113591
6094,Pass,0,0.9999963,0.10190737,0,0.9746057
6095,Pass,0,0.99985814,0.20729277,0,0.9447225
6096,Pass,0,0.9999827,0.1947863,0,0.948371
6097,Pass,0,0.9999858,0.20095122,0,0.9466335
6098,Pass,0,0.9999442,0.20215823,0,0.9462533
6099,Pass,0,0.9999889,0.11806821,0,0.9700359
6100,Pass,0,0.9999938,0.18205786,0,0.95197505
6101,Pass,0,0.99399996,0.48945785,0,0.8600037
6102,Pass,0,0.99999905,0.20708026,0,0.94491565
6103,Pass,0,0.99802387,0.17225449,0,0.9528619
6104,Pass,0,0.9999993,0.1083817,0,0.97278064
6105,Pass,0,0.99998176,0.23157746,0,0.93798333
6106,Pass,0,0.99954283,0.121989705,0,0.96849656
6107,Pass,0,0.9995204,0.30848956,0,0.91584694
6108,Pass,0,0.99934405,0.074356146,0,0.98174316
6109,Pass,0,0.89172804,0.4148589,0,0.79029924
6110,Pass,0,0.9963224,0.19917803,0,0.94366425
6111,Pass,0,0.84112686,0.26107034,0,0.7819737
6112,Pass,0,0.9690517,0.5247261,0,0.82876974
6113,Pass,0,0.99998677,0.17564033,0,0.9537801
6114,Pass,0,0.99999845,0.05219882,0,0.98864156
6115,Pass,0,0.99850696,0.18551405,0,0.94958526
6116,Pass,0,0.99960345,0.31185415,0,0.9149735
6117,Pass,0,0.99996483,0.24708691,0,0.9335889
6118,Pass,0,0.9974534,0.11910701,0,0.9672838
6119,Pass,0,0.9999974,0.15562649,0,0.9594406
6120,Pass,0,0.999181,0.27566752,0,0.92479473
6121,Pass,0,0.9999598,0.2932472,0,0.9205527
6122,Pass,0,0.99999774,0.05334073,0,0.98831844
6123,Pass,0,0.9996227,0.15379156,0,0.9595989
6124,Pass,0,0.9765329,0.5494147,0,0.82836133
6125,Pass,0,0.99980575,0.039630163,0,0.99199873
6126,Pass,0,0.9902614,0.5321768,0,0.84482604
6127,Pass,0,0.9999876,0.07988447,0,0.98081464
6128,Pass,0,0.9999963,0.09849776,0,0.9755683
6129,Pass,0,0.99954236,0.10147005,0,0.9742866
6130,Pass,0,0.9999999,0.13933237,0,0.9640432
6131,Pass,0,0.99996185,0.074634545,0,0.9822715
6132,Pass,0,0.9989899,0.13946804,0,0.96303123
6133,Pass,0,0.99999857,0.08040153,0,0.9806794
6134,Pass,0,0.9999924,0.112666495,0,0.9715643
6135,Pass,0,0.99843246,0.06786899,0,0.9826762
6136,Pass,0,0.9992505,0.3418647,0,0.9061841
6137,Pass,0,0.99967444,0.22795667,0,0.93871695
6138,Pass,0,0.9999995,0.1780433,0,0.95311385
6139,Pass,0,0.99971336,0.5957024,0,0.8349603
6140,Pass,0,0.99992955,0.11172597,0,0.97176874
6141,Pass,0,0.999658,0.07647637,0,0.9814532
6142,Pass,0,0.9989151,0.247586,0,0.9324681
6143,Pass,0,0.9999912,0.1615349,0,0.95776653
6144,Pass,0,0.9999982,0.14831547,0,0.9615054
6145,Pass,0,0.9997825,0.24047701,0,0.9352844
6146,Pass,0,0.99845135,0.15372102,0,0.9584944
6147,Pass,0,0.99992,0.21641646,0,0.9422053
6148,Pass,0,0.999871,0.20157592,0,0.9463485
6149,Pass,0,0.9998785,0.21445026,0,0.9427213
6150,Pass,0,0.9999279,0.22237574,0,0.9405304
6151,Pass,0,0.9997954,0.24505751,0,0.93400353
6152,Pass,0,0.99997616,0.1990343,0,0.9471655
6153,Pass,0,0.9988661,0.2173825,0,0.9409398
6154,Pass,0,0.99975604,0.30945492,0,0.9157904
6155,Pass,0,0.9999484,0.2792062,0,0.924506
6156,Pass,0,0.9998381,0.074250005,0,0.9822585
6157,Pass,0,0.8344042,0.6659092,0,0.68035537
6158,Pass,0,0.99993885,0.12695971,0,0.9674772
6159,Pass,0,0.9994618,0.14393596,0,0.96222544
6160,Pass,0,0.9921038,0.46240705,0,0.8659399
6161,Pass,0,0.9915752,0.5334303,0,0.845596
6162,Pass,0,0.9998024,0.08844297,0,0.97821724
6163,Pass,0,0.99994993,0.13937053,0,0.96398425
6164,Pass,0,0.9999913,0.17599797,0,0.9536835
6165,Pass,0,0.9901064,0.31796184,0,0.9045732
6166,Pass,0,0.67086774,0.9462072,0,0.49392247
6167,Pass,0,0.9999974,0.06871559,0,0.98397744
6168,Pass,0,0.9761143,0.59028244,0,0.8167439
6169,Pass,0,0.9999975,0.23105605,0,0.9381453
6170,Pass,0,0.9998654,0.1190525,0,0.9696382
6171,Pass,0,0.99998,0.087008804,0,0.9787958
6172,Pass,0,0.41450536,0.65122485,0,0.33969727
6173,Pass,0,0.9420473,0.6987661,0,0.7593866
6174,Pass,0,0.9144591,0.6253216,0,0.75610906
6175,Pass,0,0.9999877,0.18079406,0,0.95232606
6176,Pass,0,0.9999982,0.18504773,0,0.9511351
6177,Pass,0,0.9997942,0.24140082,0,0.9350346
6178,Pass,0,0.9996867,0.15411317,0,0.95956963
6179,Pass,0,0.9999651,0.18292335,0,0.9517033
6180,Pass,0,0.9940228,0.1878812,0,0.9446565
6181,Pass,0,0.9992409,0.26943535,0,0.9266083
6182,Pass,0,0.9997346,0.05550835,0,0.9874466
6183,Pass,0,0.9997055,0.26673207,0,0.92780215
6184,Pass,0,0.988913,0.22327782,0,0.92991805
6185,Pass,0,0.9999945,0.07038159,0,0.9835043
6186,Pass,0,0.999635,0.17411415,0,0.9538753
6187,Pass,0,0.9999845,0.1331182,0,0.96578276
6188,Pass,0,0.99287605,0.3294062,0,0.9038956
6189,Pass,0,0.99899906,0.24538794,0,0.93316644
6190,Pass,0,0.9966775,0.18877302,0,0.94692844
6191,Pass,0,0.9999993,0.110363536,0,0.97222114
6192,Pass,0,0.9997272,0.028273555,0,0.9951262
6193,Pass,0,0.99871147,0.2895803,0,0.92043734
6194,Pass,0,0.9997266,0.29658225,0,0.9193967
6195,Pass,0,0.9999976,0.14487569,0,0.962476
6196,Pass,0,0.99995923,0.2304623,0,0.938277
6197,Pass,0,0.9999826,0.15160465,0,0.9605619
6198,Pass,0,0.9979938,0.29928488,0,0.9170416
6199,Pass,0,0.99996984,0.35982317,0,0.90176654
6200,Pass,0,0.99188703,0.232211,0,0.93021303
6201,Pass,0,0.999997,0.12812762,0,0.9672038
6202,Pass,0,0.999288,0.02560635,0,0.9954415
6203,Pass,0,0.9977754,0.35353377,0,0.9015593
6204,Pass,0,0.9980817,0.23900434,0,0.9341083
6205,Pass,0,0.99997306,0.22642031,0,0.9394311
6206,Pass,0,0.999982,0.091811106,0,0.977442
6207,Pass,0,0.9999974,0.062000677,0,0.9858732
6208,Pass,0,0.99823785,0.28812236,0,0.92041177
6209,Pass,0,0.99998367,0.13416626,0,0.965486
6210,Pass,0,0.992763,0.3299465,0,0.9036413
6211,Pass,0,0.9999957,0.10691845,0,0.9731903
6212,Pass,0,0.9997819,0.19952086,0,0.9468442
6213,Pass,0,0.99177575,0.35893196,0,0.89462674
6214,Pass,0,0.99656916,0.23677045,0,0.9333212
6215,Pass,0,0.99890983,0.27517208,0,0.9246835
6216,Pass,0,0.9999831,0.17122105,0,0.95502424
6217,Pass,0,0.9986871,0.13598779,0,0.9637206
6218,Pass,0,0.9999249,0.19008626,0,0.94964296
6219,Pass,0,0.999629,0.21469624,0,0.9424166
6220,Pass,0,0.9998746,0.22109379,0,0.94084215
6221,Pass,0,0.99717355,0.08631235,0,0.9762449
6222,Pass,0,0.99975055,0.047035906,0,0.9898537
6223,Pass,0,0.99754226,0.34032938,0,0.9050674
6224,Pass,0,0.99936074,0.071339756,0,0.98261064
6225,Pass,0,0.9996101,0.23261483,0,0.9373419
6226,Pass,0,0.999962,0.20834365,0,0.94452393
6227,Pass,0,0.9949345,0.39293438,0,0.887925
6228,Pass,0,0.9983859,0.38982376,0,0.891882
6229,Pass,0,0.99988806,0.17727602,0,0.95322424
6230,Pass,0,0.99897087,0.20294769,0,0.9451096
6231,Pass,0,0.99954885,0.16759314,0,0.95563334
6232,Pass,0,0.99922657,0.16170843,0,0.9569853
6233,Pass,0,0.9986957,0.16958474,0,0.9542561
6234,Pass,0,0.99615663,0.33378,0,0.9056521
6235,Pass,0,0.97733647,0.17898479,0,0.93125355
6236,Pass,0,0.9999876,0.13699053,0,0.9646925
6237,Pass,0,0.9989165,0.15774855,0,0.9578051
6238,Pass,0,0.99914896,0.6058194,0,0.83163506
6239,Pass,0,0.9991903,0.15980962,0,0.95748615
6240,Pass,0,0.99825996,0.28576392,0,0.92109686
6241,Pass,0,0.9996315,0.083363056,0,0.97948366
6242,Pass,0,0.9970138,0.15372778,0,0.9571125
6243,Pass,0,0.99805284,0.3847019,0,0.89302766
6244,Pass,0,0.9999286,0.13227336,0,0.96596724
6245,Pass,0,0.9998802,0.29521298,0,0.91992444
6246,Pass,0,0.99997103,0.14001526,0,0.9638226
6247,Pass,0,0.9982691,0.15540557,0,0.9578447
6248,Pass,0,0.9998901,0.13017328,0,0.96652293
6249,Pass,0,0.99597025,0.19961353,0,0.94320834
6250,Pass,0,0.9988061,0.25797912,0,0.9294357
6251,Pass,0,0.9991136,0.25655898,0,0.9301224
6252,Pass,0,0.9967057,0.22853641,0,0.9357661
6253,Pass,0,0.9998258,0.261545,0,0.929378
6254,Pass,0,0.99938655,0.023772666,0,0.99605703
6255,Pass,0,0.9990527,0.26356047,0,0.9280909
6256,Pass,0,0.99989355,0.1752242,0,0.95380867
6257,Pass,0,0.9999976,0.13655989,0,0.9648237
6258,Pass,0,0.99999297,0.14273241,0,0.9630766
6259,Pass,0,0.9999074,0.121573105,0,0.9689674
6260,Pass,0,0.99615085,0.27742264,0,0.9214966
6261,Pass,0,0.9999751,0.07347431,0,0.982612
6262,Pass,0,0.9999049,0.3871313,0,0.893999
6263,Pass,0,0.9991373,0.40109214,0,0.8893746
6264,Pass,0,0.99992967,0.21900155,0,0.94148463
6265,Pass,0,0.99991024,0.058538392,0,0.9867647
6266,Pass,0,0.99501026,0.33306247,0,0.9048115
6267,Pass,0,0.99761367,0.38267085,0,0.8932067
6268,Pass,0,0.9999944,0.15082166,0,0.96079427
6269,Pass,0,0.99923754,0.19521171,0,0.9475443
6270,Pass,0,0.9999819,0.14646469,0,0.9620123
6271,Pass,0,0.99903536,0.21123926,0,0.94283193
6272,Pass,0,0.99941015,0.23112682,0,0.93757427
6273,Pass,0,0.9999393,0.26020864,0,0.9298607
6274,Pass,0,0.9749553,0.30427256,0,0.89449906
6275,Pass,0,0.99997675,0.09268628,0,0.97718984
6276,Pass,0,0.99966455,0.027725143,0,0.9952186
6277,Pass,0,0.99995315,0.24121425,0,0.9352359
6278,Pass,0,0.9997881,0.08952521,0,0.97789776
6279,Pass,0,0.99887806,0.24382697,0,0.9334936
6280,Pass,0,0.9999912,0.12697463,0,0.96752363
6281,Pass,0,0.9968072,0.28855535,0,0.9189708
6282,Pass,0,0.9999486,0.32751295,0,0.9108688
6283,Pass,0,0.9993044,0.20925234,0,0.94364643
6284,Pass,0,0.99997544,0.09687553,0,0.97600585
6285,Pass,0,0.99993896,0.24190292,0,0.9350282
6286,Pass,0,0.9999918,0.1505728,0,0.9608619
6287,Pass,0,0.9999721,0.116785616,0,0.9703817
6288,Pass,0,0.9999949,0.16158241,0,0.9577567
6289,Pass,0,0.99723023,0.23474908,0,0.93450946
6290,Pass,0,0.99863654,0.22981746,0,0.9372177
6291,Pass,0,0.9997863,0.46426496,0,0.87212104
6292,Pass,0,0.9992887,0.2875315,0,0.9215473
6293,Pass,0,0.99999225,0.1173129,0,0.9702524
6294,Pass,0,0.99963784,0.3038852,0,0.91725403
6295,Pass,0,0.9999496,0.1103544,0,0.97217536
6296,Pass,0,0.9999614,0.23423612,0,0.93721366
6297,Pass,0,0.9995426,0.2620964,0,0.92895913
6298,Pass,0,0.99975234,0.10440112,0,0.973664
6299,Pass,0,0.99997616,0.2330817,0,0.9375534
6300,Pass,0,0.9998541,0.2927385,0,0.9205989
6301,Pass,0,0.9999875,0.09228603,0,0.97731334
6302,Pass,0,0.9993224,0.19530798,0,0.94759756
6303,Pass,0,0.9648931,0.43010944,0,0.8509878
6304,Pass,0,0.9945551,0.3452857,0,0.90096545
6305,Pass,0,0.959879,0.34198526,0,0.87044686
6306,Pass,0,0.999382,0.19227089,0,0.94851106
6307,Pass,0,0.9999958,0.090134665,0,0.9779289
6308,Pass,0,0.9995413,0.08877589,0,0.9778678
6309,Pass,0,0.99999607,0.10957876,0,0.9724396
6310,Pass,0,0.9998692,0.08354188,0,0.97966605
6311,Pass,0,0.99998665,0.1802831,0,0.9524693
6312,Pass,0,0.99968386,0.20659234,0,0.9447555
6313,Pass,0,0.9999939,0.15050618,0,0.96088284
6314,Pass,0,0.9999757,0.27329037,0,0.9262014
6315,Pass,0,0.99993753,0.09290744,0,0.9770891
6316,Pass,0,0.99998856,0.10346063,0,0.97415954
6317,Pass,0,0.99982625,0.28238064,0,0.9234971
6318,Pass,0,0.99879694,0.13585716,0,0.96386343
6319,Pass,0,0.99998045,0.08673012,0,0.978875
6320,Pass,0,0.9997235,0.06222687,0,0.9855394
6321,Pass,0,0.99999535,0.1717854,0,0.95487666
6322,Pass,0,0.99974173,0.21953796,0,0.9411563
6323,Pass,0,0.99994135,0.25188604,0,0.9322122
6324,Pass,0,0.99701273,0.46676493,0,0.86899793
6325,Pass,0,0.99998915,0.10144618,0,0.9747289
6326,Pass,0,0.99992037,0.15151192,0,0.96052825
6327,Pass,0,0.9999242,0.22838612,0,0.93883026
6328,Pass,0,0.9998104,0.14922191,0,0.961069
6329,Pass,0,0.9992993,0.024863865,0,0.9956622
6330,Pass,0,0.99999857,0.11980426,0,0.96955514
6331,Pass,0,0.9997515,0.27777416,0,0.9247282
6332,Pass,0,0.9999969,0.20096494,0,0.9466401
6333,Pass,0,0.99998975,0.15670499,0,0.9591288
6334,Pass,0,0.99996996,0.11255972,0,0.97157264
6335,Pass,0,0.999984,0.15552944,0,0.9594552
6336,Pass,0,0.9995666,0.23483646,0,0.9366742
6337,Pass,0,0.99997556,0.2192393,0,0.9414607
6338,Pass,0,0.9933642,0.04131308,0,0.98513556
6339,Pass,0,0.9999596,0.11055899,0,0.9721274
6340,Pass,0,0.99998415,0.19889121,0,0.9472135
6341,Pass,0,0.999982,0.35482126,0,0.9031896
6342,Pass,0,0.99994755,0.12636842,0,0.96765256
6343,Pass,0,0.99965084,0.29969814,0,0.9184476
6344,Pass,0,0.999097,0.30919373,0,0.9152603
6345,Pass,0,0.99720335,0.75207084,0,0.788841
6346,Pass,0,0.99998784,0.09306134,0,0.9770948
6347,Pass,0,0.7338711,0.58274627,0,0.6156133
6348,Pass,0,0.9998235,0.4563297,0,0.87439334
6349,Pass,0,0.9997478,0.17535742,0,0.95363206
6350,Pass,0,0.99993646,0.10546034,0,0.9735443
6351,Pass,0,0.9497841,0.20585726,0,0.89779466
6352,Pass,0,0.9990553,0.261651,0,0.9286319
6353,Pass,0,0.99994695,0.16747499,0,0.9560473
6354,Pass,0,0.9999912,0.14322896,0,0.9629347
6355,Pass,0,0.99999607,0.13570821,0,0.9650627
6356,Pass,0,0.9990889,0.12240334,0,0.9679401
6357,Pass,0,0.99998915,0.23440847,0,0.93719095
6358,Pass,0,0.9995435,0.3313239,0,0.9094244
6359,Pass,0,0.992467,0.47168803,0,0.8636564
6360,Pass,0,0.9998431,0.17643054,0,0.95342004
6361,Pass,0,0.9999939,0.13807863,0,0.9643914
6362,Pass,0,0.9999676,0.12167251,0,0.96899766
6363,Pass,0,0.9999521,0.20679016,0,0.94495314
6364,Pass,0,0.99999475,0.08445429,0,0.9795315
6365,Pass,0,0.99959177,0.25727662,0,0.93036497
6366,Pass,0,0.9999939,0.11124856,0,0.9719661
6367,Pass,0,0.99998,0.20981418,0,0.9441258
6368,Pass,0,0.9999764,0.15596694,0,0.95932436
6369,Pass,0,0.9998394,0.20949395,0,0.94408345
6370,Pass,0,0.9938352,0.39414835,0,0.88660336
6371,Pass,0,0.99987125,0.2228482,0,0.9403438
6372,Pass,0,0.9988978,0.30335674,0,0.91672397
6373,Pass,0,0.9999783,0.34456325,0,0.9060823
6374,Pass,0,0.99983454,0.06339477,0,0.98531914
6375,Pass,0,0.9998171,0.06553396,0,0.9846981
6376,Pass,0,0.9425004,0.49622464,0,0.81364596
6377,Pass,0,0.9983045,0.27525246,0,0.92410046
6378,Pass,0,0.99995625,0.3097183,0,0.9158994
6379,Pass,0,0.9997824,0.13861884,0,0.9640349
6380,Pass,0,0.99985373,0.27389577,0,0.9259175
6381,Pass,0,0.99953043,0.23989214,0,0.9352136
6382,Pass,0,0.9999962,0.10758069,0,0.9730038
6383,Pass,0,0.99887615,0.14446406,0,0.9615127
6384,Pass,0,0.9999232,0.28337935,0,0.9233047
6385,Pass,0,0.99997234,0.43159792,0,0.8815057
6386,Pass,0,0.99995387,0.35468653,0,0.90320224
6387,Pass,0,0.9999651,0.12110079,0,0.9691566
6388,Pass,0,0.99997616,0.1958799,0,0.94805604
6389,Pass,0,0.9998983,0.28153938,0,0.92380106
6390,Pass,0,0.9992404,0.5494567,0,0.84761155
6391,Pass,0,0.517529,0.61842513,0,0.42892003
6392,Pass,0,0.9842465,0.5367863,0,0.83841366
6393,Pass,0,0.91994643,0.66085815,0,0.75141656
6394,Pass,0,0.9990017,0.24075451,0,0.9344757
6395,Pass,0,0.9992908,0.23623917,0,0.93602
6396,Pass,0,0.9992593,0.19833958,0,0.9466825
6397,Pass,0,0.9990565,0.038116593,0,0.9916823
6398,Pass,0,0.9997137,0.27102765,0,0.92659736
6399,Pass,0,0.99925977,0.15930457,0,0.9576953
6400,Pass,0,0.8405527,0.31038424,0,0.76973736
6401,Pass,0,0.99224055,0.2976217,0,0.91222095
6402,Pass,0,0.999634,0.25694123,0,0.930499
6403,Pass,0,0.997664,0.45292935,0,0.8734625
6404,Pass,0,0.9983908,0.4215166,0,0.88295317
6405,Pass,0,0.99995804,0.20452511,0,0.9455982
6406,Pass,0,0.99998474,0.20270236,0,0.9461381
6407,Pass,0,0.99933064,0.04992382,0,0.98862314
6408,Pass,0,0.9979572,0.033301994,0,0.9919476
6409,Pass,0,0.9832934,0.26086786,0,0.91419846
6410,Pass,0,0.99977523,0.24635918,0,0.93361735
6411,Pass,0,0.98549795,0.35446694,0,0.8902061
6412,Pass,0,0.9999187,0.2192177,0,0.94141334
6413,Pass,0,0.999992,0.1554976,0,0.9594718
6414,Pass,0,0.9997857,0.25816014,0,0.9302961
6415,Pass,0,0.99999356,0.16462743,0,0.95689577
6416,Pass,0,0.95807415,0.7034161,0,0.7710482
6417,Pass,0,0.99699104,0.26652786,0,0.9253404
6418,Pass,0,0.92619365,0.504136,0,0.79749995
6419,Pass,0,0.9994998,0.052890778,0,0.9879533
6420,Pass,0,0.94604546,0.75618,0,0.7472748
6421,Pass,0,0.9363888,1.0677851,0,0.65726995
6422,Pass,0,0.9791171,0.33738667,0,0.88916373
6423,Pass,0,0.99999285,0.1121069,0,0.9717227
6424,Pass,0,0.9608462,0.29517564,0,0.88402194
6425,Pass,0,0.99530375,0.4318173,0,0.8773286
6426,Pass,0,0.68454444,0.26914454,0,0.6348427
6427,Pass,0,0.999848,0.16216974,0,0.9574502
6428,Pass,0,0.9325583,0.41442764,0,0.8265988
6429,Pass,0,0.9999881,0.11658867,0,0.9704528
6430,Pass,0,0.99986124,0.07327869,0,0.9825554
6431,Pass,0,0.99918,0.26035026,0,0.92911476
6432,Pass,0,0.9983828,0.23000206,0,0.93692756
6433,Pass,0,0.99996567,0.15530996,0,0.9594995
6434,Pass,0,0.98460186,0.3599286,0,0.8878785
6435,Pass,0,0.9998536,0.12769045,0,0.9671885
6436,Pass,0,0.99832946,0.15102401,0,0.9591375
6437,Pass,0,0.9999831,0.17678145,0,0.95345443
6438,Pass,0,0.99949527,0.02299146,0,0.9963858
6439,Pass,0,0.996327,0.26487547,0,0.9251889
6440,Pass,0,0.99992657,0.17857938,0,0.952893
6441,Pass,0,0.99850285,0.28915262,0,0.9203657
6442,Pass,0,0.99991,0.095121026,0,0.9764373
6443,Pass,0,0.9844823,0.18489987,0,0.9364184
6444,Pass,0,0.99856144,0.2872116,0,0.92096686
6445,Pass,0,0.9996113,0.04286736,0,0.9908923
6446,Pass,0,0.9012628,0.19619226,0,0.8543886
6447,Pass,0,0.9999287,0.17134556,0,0.95493716
6448,Pass,0,0.9998901,0.14544387,0,0.9622121
6449,Pass,0,0.9971511,0.21148446,0,0.94098467
6450,Pass,0,0.9999137,0.31058526,0,0.9156157
6451,Pass,0,0.9742361,0.20467567,0,0.9212331
6452,Pass,0,0.998379,0.54732066,0,0.8474829
6453,Pass,0,0.98596,0.31336063,0,0.9020658
6454,Pass,0,0.9997489,0.09801289,0,0.9754637
6455,Pass,0,0.9879617,0.5137954,0,0.8479911
6456,Pass,0,0.99971706,0.03071555,0,0.99442685
6457,Pass,0,0.99974865,0.14299695,0,0.96276665
6458,Pass,0,0.9907294,0.2885047,0,0.91338176
6459,Pass,0,0.9999466,0.27220124,0,0.92648196
6460,Pass,0,0.99987686,0.3818951,0,0.8954521
6461,Pass,0,0.9998301,0.21391858,0,0.9428257
6462,Pass,0,0.9854043,0.29481116,0,0.90671796
6463,Pass,0,0.99998426,0.13865624,0,0.964219
6464,Pass,0,0.9997267,0.23243257,0,0.9375027
6465,Pass,0,0.99953485,0.23201717,0,0.93744004
6466,Pass,0,0.9993511,0.4517696,0,0.87526685
6467,Pass,0,0.99982977,0.18113789,0,0.9520785
6468,Pass,0,0.9993734,0.06519225,0,0.98435754
6469,Pass,0,0.9949897,0.34904495,0,0.9003031
6470,Pass,0,0.99672204,0.21504599,0,0.9395776
6471,Pass,0,0.9906803,0.31808126,0,0.90506417
6472,Pass,0,0.9994661,0.0300798,0,0.99435663
6473,Pass,0,0.9988354,0.17092732,0,0.95401096
6474,Pass,0,0.9989801,0.22509497,0,0.93887204
6475,Pass,0,0.9999969,0.14226769,0,0.9632116
6476,Pass,0,0.9999709,0.16920234,0,0.95558256
6477,Pass,0,0.99956256,0.3393444,0,0.90717834
6478,Pass,0,0.99997115,0.14954515,0,0.9611323
6479,Pass,0,0.99998975,0.15018742,0,0.96096885
6480,Pass,0,0.985452,0.44865718,0,0.86395943
6481,Pass,0,0.9986792,0.3367533,0,0.90710723
6482,Pass,0,0.99987245,0.03470145,0,0.99345624
6483,Pass,0,0.9999746,0.18899027,0,0.94999963
6484,Pass,0,0.9997657,0.042053036,0,0.99127513
6485,Pass,0,0.99937004,0.15553425,0,0.9588647
6486,Pass,0,0.9998709,0.13475274,0,0.96521163
6487,Pass,0,0.9964269,0.25450101,0,0.9282001
6488,Pass,0,0.99995995,0.13918026,0,0.9640476
6489,Pass,0,0.99998415,0.104430825,0,0.97388136
6490,Pass,0,0.9966523,0.25059554,0,0.92950904
6491,Pass,0,0.99995816,0.105644085,0,0.97351354
6492,Pass,0,0.99860126,0.28808606,0,0.92075706
6493,Pass,0,0.99960405,0.32013482,0,0.9126372
6494,Pass,0,0.97690886,0.71976006,0,0.7816984
6495,Pass,0,0.9833782,0.6420238,0,0.8084569
6496,Pass,0,0.9975956,0.17749724,0,0.95097643
6497,Pass,0,0.9801917,0.20607898,0,0.9264764
6498,Pass,0,0.99998677,0.08608758,0,0.97906256
6499,Pass,0,0.99236894,0.17201744,0,0.9475293
6500,Pass,0,0.9999751,0.20453,0,0.94561297
6501,Pass,0,0.9983753,0.37637854,0,0.8956622
6502,Pass,0,0.99967456,0.03569236,0,0.99298
6503,Pass,0,0.99733764,0.2719101,0,0.9241466
6504,Pass,0,0.99994874,0.21886733,0,0.9415405
6505,Pass,0,0.9737854,1.0189006,0,0.6969588
6506,Pass,0,0.9996045,0.06601983,0,0.98435163
6507,Pass,0,0.99664503,0.38455626,0,0.891809
6508,Pass,0,0.9984281,0.17284885,0,0.95308036
6509,Pass,0,0.9999989,0.087570235,0,0.9786559
6510,Pass,0,0.9999739,0.12039745,0,0.96936375
6511,Pass,0,0.8450491,0.44872925,0,0.7408491
6512,Pass,0,0.9892342,0.38303426,0,0.8856028
6513,Pass,0,0.9960672,0.34095374,0,0.9035535
6514,Pass,0,0.99993074,0.1538934,0,0.9598659
6515,Pass,0,0.99972755,0.046313893,0,0.9900347
6516,Pass,0,0.9999969,0.13593772,0,0.9649987
6517,Pass,0,0.99136084,0.6184511,0,0.82161725
6518,Pass,0,0.99996686,0.13563024,0,0.9650565
6519,Pass,0,0.9966505,0.19922936,0,0.9439606
6520,Pass,0,0.99669814,0.15830311,0,0.955522
6521,Pass,0,0.9991788,0.16390166,0,0.9563209
6522,Pass,0,0.9999467,0.105848916,0,0.9734446
6523,Pass,0,0.9578252,0.7445354,0,0.75972843
6524,Pass,0,0.99939203,0.16926259,0,0.9550124
6525,Pass,0,0.9999831,0.18276891,0,0.9517641
6526,Pass,0,0.99026567,0.3175426,0,0.90483594
6527,Pass,0,0.999757,0.054566633,0,0.9877345
6528,Pass,0,0.9812414,0.38696072,0,0.8773595
6529,Pass,0,0.9992687,0.26529518,0,0.92780215
6530,Pass,0,0.9995621,0.30469614,0,0.9169556
6531,Pass,0,0.9992849,0.40581074,0,0.88817483
6532,Pass,0,0.43629062,0.6995335,0,0.3516004
6533,Pass,0,0.99915564,0.054573633,0,0.9871384
6534,Pass,0,0.99959284,0.2189328,0,0.9411869
6535,Pass,0,0.9923747,0.22116049,0,0.93376637
6536,Pass,0,0.99972075,0.20449953,0,0.9453811
6537,Pass,0,0.99977654,0.17709234,0,0.95316976
6538,Pass,0,0.9495226,0.6871761,0,0.76851946
6539,Pass,0,0.99993646,0.18518575,0,0.9510374
6540,Pass,0,0.9842629,0.07393788,0,0.9670439
6541,Pass,0,0.99735826,0.27229494,0,0.92405736
6542,Pass,0,0.9775309,0.7078354,0,0.7854871
6543,Pass,0,0.9999894,0.3208197,0,0.91279566
6544,Pass,0,0.98749477,0.74826705,0,0.78222144
6545,Pass,0,0.99916995,0.10823704,0,0.9720147
6546,Pass,0,0.92676,0.2742056,0,0.85814786
6547,Pass,0,0.99998045,0.24907492,0,0.9330422
6548,Pass,0,0.9995765,0.26784712,0,0.92736775
6549,Pass,0,0.9989661,0.41501725,0,0.885295
6550,Pass,0,0.9999521,0.15351616,0,0.9599929
6551,Pass,0,0.99945897,0.16250816,0,0.9569822
6552,Pass,0,0.9996662,0.37634948,0,0.89682853
6553,Pass,0,0.97310895,0.8093137,0,0.75405467
6554,Pass,0,0.76617765,0.5687058,0,0.64575094
6555,Pass,0,0.6795859,1.1157265,0,0.46781674
6556,Pass,0,0.994882,0.12880597,0,0.96206594
6557,Pass,0,0.98012584,0.6798891,0,0.7953053
6558,Pass,0,0.9062408,0.69314265,0,0.7319617
6559,Pass,0,0.9449564,0.78807276,0,0.7379062
6560,Pass,0,0.46890205,1.0091448,0,0.33689463
6561,Pass,0,0.760123,0.4614706,0,0.66366065
6562,Pass,0,0.9953355,0.4732202,0,0.8657221
6563,Pass,0,0.99748296,0.3405178,0,0.9049605
6564,Pass,0,0.86118495,0.7284271,0,0.6869917
6565,Pass,0,0.9927529,0.5917991,0,0.8302409
6566,Pass,0,0.993958,0.23007302,0,0.93275523
6567,Pass,0,0.9996263,0.4691582,0,0.87060046
6568,Pass,0,0.71855897,1.0645089,0,0.50503546
6569,Pass,0,0.7477593,0.6809299,0,0.606536
6570,Pass,0,0.9278597,0.738369,0,0.73757577
6571,Pass,0,0.7959624,1.6487985,0,0.4281375
6572,Pass,0,0.23848084,0.916761,0,0.1775627
6573,Pass,0,0.9952976,0.6138673,0,0.826168
6574,Pass,0,0.84544164,1.4706477,0,0.49727413
6575,Pass,0,0.9339187,0.48067614,0,0.8103371
6576,Pass,0,0.8936047,1.3928927,0,0.54521924
6577,Pass,0,0.8577257,0.42681184,0,0.75727
6578,Pass,0,0.89207643,0.607674,0,0.74204683
6579,Pass,0,0.999035,0.36546162,0,0.8993332
6580,Pass,0,0.9957663,0.2839076,0,0.9193177
6581,Pass,0,0.9880961,0.33995208,0,0.8966022
6582,Pass,0,0.9999598,0.32728308,0,0.9109439
6583,Pass,0,0.9999577,0.26467645,0,0.9286165
6584,Pass,0,0.72698015,0.9649862,0,0.53138065
6585,Pass,0,0.999992,0.13013569,0,0.966632
6586,Pass,0,0.9999311,0.06448523,0,0.98510647
6587,Pass,0,0.9982955,0.26600793,0,0.9266977
6588,Pass,0,0.9993309,0.15830195,0,0.9580463
6589,Pass,0,0.9998888,0.14822969,0,0.96142447
6590,Pass,0,0.67194587,0.55385506,0,0.56914765
6591,Pass,0,0.9995741,0.21458009,0,0.94239765
6592,Pass,0,0.74877745,0.57073754,0,0.6306562
6593,Pass,0,0.98969436,0.40769437,0,0.87912434
6594,Pass,0,0.996431,0.29098818,0,0.91793954
6595,Pass,0,0.9990435,0.4546491,0,0.8741853
6596,Pass,0,0.98594785,0.39630857,0,0.8789657
6597,Pass,0,0.9111411,1.7647091,0,0.4602743
6598,Pass,0,0.8497224,0.68651694,0,0.6879018
6599,Pass,0,0.84980786,0.751504,0,0.6723793
6600,Pass,0,0.9996306,0.26242158,0,0.9289491
6601,Pass,0,0.9998091,0.072619185,0,0.98269033
6602,Pass,0,0.99765164,0.284153,0,0.9209893
6603,Pass,0,0.5893956,0.5964632,0,0.49213642
6604,Pass,0,0.9987435,0.0624225,0,0.98451805
6605,Pass,0,0.9671199,0.33543584,0,0.87880135
6606,Pass,0,0.9998198,0.3351162,0,0.90860534
6607,Pass,0,0.988882,0.43682408,0,0.87027013
6608,Pass,0,0.67683357,0.56091946,0,0.5719377
6609,Pass,0,0.98260707,0.21952523,0,0.9250293
6610,Pass,0,0.96723896,0.29963842,0,0.8886849
6611,Pass,0,0.9978162,0.23693696,0,0.9344422
6612,Pass,0,0.99186057,0.36389357,0,0.8933138
6613,Pass,0,0.88264734,0.41597024,0,0.7819745
6614,Pass,0,0.78213704,0.8521353,0,0.5966163
6615,Pass,0,0.9951697,0.39532343,0,0.8874637
6616,Pass,0,0.99938583,0.28272435,0,0.9229933
6617,Pass,0,0.9614881,0.6214216,0,0.7960531
6618,Pass,0,0.98441744,0.09053046,0,0.9625842
6619,Pass,0,0.99787366,0.2280534,0,0.9369987
6620,Pass,0,0.998606,0.43263903,0,0.88000774
6621,Pass,0,0.92424506,0.39683306,0,0.82382125
6622,Pass,0,0.994392,0.150808,0,0.95541525
6623,Pass,0,0.98518145,0.14987217,0,0.94682604
6624,Pass,0,0.92038834,0.5684983,0,0.7757769
6625,Pass,0,0.45913363,0.9821253,0,0.3333786
6626,Pass,0,0.99951565,0.32772604,0,0.9104143
6627,Pass,0,0.9009549,0.44221085,0,0.79151934
6628,Pass,0,0.98448515,0.2671264,0,0.91356695
6629,Pass,0,0.9973605,0.32449755,0,0.90936035
6630,Pass,0,0.9998834,0.18666086,0,0.9505705
6631,Pass,0,0.99707437,0.29577133,0,0.91718584
6632,Pass,0,0.75142044,0.9693269,0,0.5483242
6633,Pass,0,0.99931777,0.07817996,0,0.98063856
6634,Pass,0,0.9993893,0.018957017,0,0.99741846
6635,Pass,0,0.98785245,0.38273358,0,0.8844496
6636,Pass,0,0.99901915,0.4542709,0,0.8742706
6637,Pass,0,0.996539,0.21429306,0,0.9396169
6638,Pass,0,0.99974316,0.18185844,0,0.9517927
6639,Pass,0,0.99991536,0.092983454,0,0.9770459
6640,Pass,0,0.9999871,0.1418189,0,0.9633289
6641,Pass,0,0.75784636,0.71840787,0,0.6066993
6642,Pass,0,0.6467414,0.4507012,0,0.56663394
6643,Pass,0,0.74086475,0.4705331,0,0.6449508
6644,Pass,0,0.99413246,0.040465407,0,0.98613536
6645,Pass,0,0.5590933,0.3915028,0,0.49918637
6646,Pass,0,0.9995958,0.34694242,0,0.9050643
6647,Pass,0,0.9998154,0.13002133,0,0.96649355
6648,Pass,0,0.99969876,0.17882124,0,0.95260763
6649,Pass,0,0.9983047,0.24042411,0,0.93391687
6650,Pass,0,0.9570673,0.4419203,0,0.8408945
6651,Pass,0,0.4894299,1.2373524,0,0.32011026
6652,Pass,0,0.99733895,0.056905285,0,0.98468703
6653,Pass,0,0.9998497,0.17442912,0,0.9539913
6654,Pass,0,0.9336147,0.40469226,0,0.83010125
6655,Pass,0,0.96069455,0.2424388,0,0.898186
6656,Pass,0,0.9940388,0.14682317,0,0.9561943
6657,Pass,0,0.9979316,0.32146475,0,0.9107355
6658,Pass,0,0.9797402,0.34718165,0,0.88702023
6659,Pass,0,0.9965527,0.20791511,0,0.9414242
6660,Pass,0,0.99998975,0.08696231,0,0.97881854
6661,Pass,0,0.99245197,0.10040329,0,0.9676743
6662,Pass,0,0.9343873,0.44674847,0,0.81969386
6663,Pass,0,0.99989986,0.110445544,0,0.9721014
6664,Pass,0,0.999373,0.38787758,0,0.8933129
6665,Pass,0,0.99995375,0.22580807,0,0.9395858
6666,Pass,0,0.99987257,0.25131452,0,0.9323093
6667,Pass,0,0.9993432,0.17360556,0,0.9537404
6668,Pass,0,0.9868978,0.4418219,0,0.8671315
6669,Pass,0,0.9945115,0.27907166,0,0.9195171
6670,Pass,0,0.996856,0.044055533,0,0.9878266
6671,Pass,0,0.97464365,0.27644533,0,0.90187013
6672,Pass,0,0.98256785,0.36615387,0,0.88431734
6673,Pass,0,0.9951009,0.07562903,0,0.97721714
6674,Pass,0,0.9999379,0.2413295,0,0.93518907
6675,Pass,0,0.99974054,0.30952284,0,0.915757
6676,Pass,0,0.9999782,0.24989013,0,0.93281
6677,Pass,0,0.82001615,0.5098875,0,0.70474416
6678,Pass,0,0.9986578,0.048015676,0,0.9884955
6679,Pass,0,0.9995789,0.1627424,0,0.95703095
6680,Pass,0,0.99755365,0.058826588,0,0.98435795
6681,Pass,0,0.99448216,0.52238333,0,0.8511766
6682,Pass,0,0.9935581,0.19087236,0,0.9433759
6683,Pass,0,0.9988217,0.0750224,0,0.98104215
6684,Pass,0,0.99840814,0.2582586,0,0.92898655
6685,Pass,0,0.9999299,0.26661098,0,0.9280446
6686,Pass,0,0.99222916,0.33689216,0,0.90120965
6687,Pass,0,0.9997826,0.14555381,0,0.9620777
6688,Pass,0,0.9857636,0.096821725,0,0.9621497
6689,Pass,0,0.9992568,0.18444172,0,0.95060086
6690,Pass,0,0.9999883,0.12653483,0,0.967645
6691,Pass,0,0.9947189,0.42561013,0,0.8785562
6692,Pass,0,0.9293207,0.35463613,0,0.8394165
6693,Pass,0,0.9978999,0.2525791,0,0.9301137
6694,Pass,0,0.9839491,0.115951024,0,0.9550647
6695,Pass,0,0.9994198,0.2165052,0,0.941709
6696,Pass,0,0.9998596,0.11363901,0,0.97116077
6697,Pass,0,0.9998211,0.10045756,0,0.97484416
6698,Pass,0,0.97939944,0.27913642,0,0.9055267
6699,Pass,0,0.9993887,0.25045207,0,0.93210155
6700,Pass,0,0.99778986,0.22928631,0,0.93657273
6701,Pass,0,0.9999713,0.21335569,0,0.94311774
6702,Pass,0,0.99990165,0.042779464,0,0.99120486
6703,Pass,0,0.9985279,0.26704594,0,0.9266208
6704,Pass,0,0.999519,0.28952405,0,0.9211974
6705,Pass,0,0.99994695,0.34831938,0,0.90499353
6706,Pass,0,0.8949198,0.5371366,0,0.76223373
6707,Pass,0,0.99992275,0.08245957,0,0.9800241
6708,Pass,0,0.9975454,0.14322774,0,0.96057993
6709,Pass,0,0.99961925,0.30432191,0,0.91711366
6710,Pass,0,0.95395887,0.3737549,0,0.856522
6711,Pass,0,0.999998,0.14374639,0,0.96279514
6712,Pass,0,0.99954283,0.0637791,0,0.98492324
6713,Pass,0,0.9992704,0.4024139,0,0.8891202
6714,Pass,0,0.9999814,0.14106943,0,0.96353495
6715,Pass,0,0.9999007,0.19112027,0,0.9493281
6716,Pass,0,0.9973755,0.21696733,0,0.93965256
6717,Pass,0,0.9999962,0.097467,0,0.97585917
6718,Pass,0,0.86045814,0.27229422,0,0.7972189
6719,Pass,0,0.999984,0.2510399,0,0.9324908
6720,Pass,0,0.9997149,0.0643066,0,0.9849439
6721,Pass,0,0.49398685,0.45867452,0,0.43168807
6722,Pass,0,0.9991523,0.31219822,0,0.91446346
6723,Pass,0,0.9981774,0.44621155,0,0.8758052
6724,Pass,0,0.99653876,0.5170951,0,0.85442466
6725,Pass,0,0.9489836,0.42119777,0,0.839344
6726,Pass,0,0.99980503,0.035548236,0,0.9931503
6727,Pass,0,0.99999607,0.071348436,0,0.98323286
6728,Pass,0,0.9988751,0.36566758,0,0.8991312
6729,Pass,0,0.99989545,0.028195323,0,0.99531573
6730,Pass,0,0.9633156,0.25721025,0,0.8966192
6731,Pass,0,0.99929583,0.15459073,0,0.9590597
6732,Pass,0,0.97955716,0.43819815,0,0.8616838
6733,Pass,0,0.99876714,0.07366487,0,0.98137134
6734,Pass,0,0.9997999,0.24789062,0,0.9332081
6735,Pass,0,0.9979692,0.40789708,0,0.88641757
6736,Pass,0,0.99998057,0.17616144,0,0.95362705
6737,Pass,0,0.9970747,0.30785865,0,0.9137836
6738,Pass,0,0.9999919,0.18810543,0,0.9502659
6739,Pass,0,0.9990006,0.32071266,0,0.9119232
6740,Pass,0,0.6686852,1.2716031,0,0.43088567
6741,Pass,0,0.97622013,0.5228487,0,0.83541787
6742,Pass,0,0.9997849,0.45046824,0,0.8760141
6743,Pass,0,0.9977804,0.4752679,0,0.8672718
6744,Pass,0,0.47239596,0.27267474,0,0.43762654
6745,Pass,0,0.99861836,0.3518529,0,0.90279484
6746,Pass,0,0.9813627,0.30477077,0,0.9002396
6747,Pass,0,0.8936764,0.9669483,0,0.652731
6748,Pass,0,0.99866056,0.15481813,0,0.9583859
6749,Pass,0,0.9970298,0.41583064,0,0.88335
6750,Pass,0,0.99958044,0.13813399,0,0.96397704
6751,Pass,0,0.9995345,0.0673259,0,0.98391414
6752,Pass,0,0.9999949,0.12886526,0,0.96699345
6753,Pass,0,0.9990606,0.23006389,0,0.93754613
6754,Pass,0,0.9980392,0.42942604,0,0.88041353
6755,Pass,0,0.52032363,1.0306063,0,0.3706871
6756,Pass,0,0.9864448,0.4370158,0,0.86807185
6757,Pass,0,0.9997557,0.032277223,0,0.99402446
6758,Pass,0,0.9993316,0.11090513,0,0.9714192
6759,Pass,0,0.9977689,0.4493244,0,0.8745699
6760,Pass,0,0.99795926,0.22441123,0,0.9381052
6761,Pass,0,0.99949026,0.39923292,0,0.89021343
6762,Pass,0,0.9991092,0.108416975,0,0.9719049
6763,Pass,0,0.999363,0.30910575,0,0.9155289
6764,Pass,0,0.9990754,0.287847,0,0.92126167
6765,Pass,0,0.68787235,0.84740794,0,0.52562904
6766,Pass,0,0.999985,0.114745066,0,0.9709703
6767,Pass,0,0.99999726,0.23527716,0,0.93695337
6768,Pass,0,0.9523931,0.40452406,0,0.8468428
6769,Pass,0,0.95594037,0.6375531,0,0.7871063
6770,Pass,0,0.99997663,0.09845409,0,0.9755614
6771,Pass,0,0.9993685,0.19410881,0,0.9479796
6772,Pass,0,0.9344527,0.25796238,0,0.86955625
6773,Pass,0,0.9992429,0.20772672,0,0.9440188
6774,Pass,0,0.9998474,0.2475949,0,0.9333359
6775,Pass,0,0.9798881,0.32218665,0,0.8940689
6776,Pass,0,0.983413,0.2263794,0,0.923885
6777,Pass,0,0.9999701,0.27553353,0,0.9255629
6778,Pass,0,0.99252445,0.32950327,0,0.9035483
6779,Pass,0,0.9999341,0.12682569,0,0.96751046
6780,Pass,0,0.9511864,0.31123695,0,0.87082136
6781,Pass,0,0.9999796,0.1652385,0,0.9567099
6782,Pass,0,0.999894,0.34560162,0,0.9057128
6783,Pass,0,0.9684712,0.7583531,0,0.7643947
6784,Pass,0,0.9640168,0.47695404,0,0.8374655
6785,Pass,0,0.66300994,0.46291095,0,0.57860196
6786,Pass,0,0.99998665,0.17407468,0,0.954222
6787,Pass,0,0.8068991,0.32354665,0,0.73592055
6788,Pass,0,0.98693687,0.5164614,0,0.8463687
6789,Pass,0,0.99966073,0.032353442,0,0.9939086
6790,Pass,0,0.9984092,0.23826171,0,0.93462414
6791,Pass,0,0.96652013,0.303491,0,0.8869732
6792,Pass,0,0.99996996,0.2351805,0,0.9369551
6793,Pass,0,0.7802319,0.5282834,0,0.6665003
6794,Pass,0,0.9999994,0.19402878,0,0.9486007
6795,Pass,0,0.99995637,0.21634503,0,0.9422597
6796,Pass,0,0.55016726,0.7394954,0,0.4371649
6797,Pass,0,0.9948344,0.40921086,0,0.8832642
6798,Pass,0,0.99996877,0.12427309,0,0.96826464
6799,Pass,0,0.9997032,0.07256556,0,0.9826014
6800,Pass,0,0.98162556,0.2585325,0,0.91329503
6801,Pass,0,0.9960587,0.3726194,0,0.8946411
6802,Pass,0,0.9997056,0.2698192,0,0.92693096
6803,Pass,0,0.9999814,0.18588555,0,0.95088255
6804,Pass,0,0.9999268,0.13040403,0,0.96649325
6805,Pass,0,0.99988973,0.15219878,0,0.9603049
6806,Pass,0,0.91489947,0.56626153,0,0.7717282
6807,Pass,0,0.91523963,0.43221292,0,0.80665237
6808,Pass,0,0.99982065,0.18934213,0,0.94975406
6809,Pass,0,0.9936698,0.063261166,0,0.9792814
6810,Pass,0,0.9178696,0.2295417,0,0.8614896
6811,Pass,0,0.99517053,0.3548874,0,0.8988253
6812,Pass,0,0.999936,0.22226565,0,0.94056916
6813,Pass,0,0.99970764,0.5582573,0,0.84552395
6814,Pass,0,0.9936435,0.17659295,0,0.94746274
6815,Pass,0,0.9999939,0.068625614,0,0.9839995
6816,Pass,0,0.9966509,0.33213824,0,0.9065634
6817,Pass,0,0.88574123,0.4725672,0,0.7705626
6818,Pass,0,0.9821148,0.31897545,0,0.89699095
6819,Pass,0,0.9997172,0.04163161,0,0.991346
6820,Pass,0,0.96416503,0.1896929,0,0.9157885
6821,Pass,0,0.99967754,0.17737465,0,0.9529957
6822,Pass,0,0.99997437,0.36820194,0,0.8994052
6823,Pass,0,0.99990463,0.21528655,0,0.94250983
6824,Pass,0,0.9999505,0.10664584,0,0.97322327
6825,Pass,0,0.99997103,0.1483038,0,0.96148264
6826,Pass,0,0.997724,0.37086052,0,0.89663225
6827,Pass,0,0.84172815,0.59014,0,0.7043329
6828,Pass,0,0.7170018,0.29190704,0,0.6603357
6829,Pass,0,0.99965084,0.10554766,0,0.97324157
6830,Pass,0,0.9999409,0.15989032,0,0.95818263
6831,Pass,0,0.98188466,0.15624556,0,0.94189084
6832,Pass,0,0.99997437,0.19551711,0,0.9481568
6833,Pass,0,0.99997985,0.14305124,0,0.962974
6834,Pass,0,0.97298336,0.45981583,0,0.8499628
6835,Pass,0,0.999943,0.26362756,0,0.92889905
6836,Pass,0,0.9769636,0.15053935,0,0.9387441
6837,Pass,0,0.999974,0.057237037,0,0.9871951
6838,Pass,0,0.99812347,0.42554113,0,0.8815826
6839,Pass,0,0.9947747,0.27013135,0,0.9222713
6840,Pass,0,0.9982943,0.41930887,0,0.88349
6841,Pass,0,0.9994424,0.29635578,0,0.91919917
6842,Pass,0,0.9999025,0.109928116,0,0.97225
6843,Pass,0,0.9997694,0.16825214,0,0.9556582
6844,Pass,0,0.9775454,0.26312387,0,0.9082317
6845,Pass,0,0.99994516,0.083800696,0,0.9796674
6846,Pass,0,0.9986694,0.27691424,0,0.92396975
6847,Pass,0,0.7577131,0.66598284,0,0.6178074
6848,Pass,0,0.9993125,0.035678875,0,0.99262416
6849,Pass,0,0.752837,0.17957509,0,0.71721417
6850,Pass,0,0.9997799,0.3547743,0,0.9030203
6851,Pass,0,0.98941654,0.51883346,0,0.84783256
6852,Pass,0,0.99967813,0.17463793,0,0.9537687
6853,Pass,0,0.9999409,0.12951936,0,0.9667566
6854,Pass,0,0.99747735,0.22216809,0,0.938284
6855,Pass,0,0.9998634,0.23386304,0,0.93722713
6856,Pass,0,0.99982053,0.15056808,0,0.9606988
6857,Pass,0,0.999747,0.15362208,0,0.9597661
6858,Pass,0,0.9999769,0.10626488,0,0.9733565
6859,Pass,0,0.9999249,0.16545597,0,0.9565962
6860,Pass,0,0.9999831,0.21526426,0,0.94259
6861,Pass,0,0.99998426,0.17543152,0,0.9538367
6862,Pass,0,0.9997905,0.1515462,0,0.96039385
6863,Pass,0,0.99931204,0.17705213,0,0.9527383
6864,Pass,0,0.96562976,0.3989689,0,0.860127
6865,Pass,0,0.99990106,0.19078386,0,0.94942343
6866,Pass,0,0.99989724,0.24485853,0,0.9341548
6867,Pass,0,0.98678315,0.38659832,0,0.88241553
6868,Pass,0,0.99969304,0.036361817,0,0.99280936
6869,Pass,0,0.99922264,0.030636026,0,0.9939575
6870,Pass,0,0.97582585,0.35317573,0,0.881825
6871,Pass,0,0.9999585,0.117555775,0,0.9701511
6872,Pass,0,0.97027594,0.40301782,0,0.86315644
6873,Pass,0,0.99976736,0.18100862,0,0.9520556
6874,Pass,0,0.9999628,0.14489935,0,0.9624358
6875,Pass,0,0.9999887,0.1281118,0,0.96720016
6876,Pass,0,0.99939775,0.22810929,0,0.9384141
6877,Pass,0,0.998259,0.3545634,0,0.9017061
6878,Pass,0,0.9057584,0.25762802,0,0.8429402
6879,Pass,0,0.99999106,0.14999765,0,0.9610237
6880,Pass,0,0.99989533,0.12584987,0,0.9677484
6881,Pass,0,0.99998,0.09352463,0,0.9769563
6882,Pass,0,0.9993654,0.095445484,0,0.9758139
6883,Pass,0,0.99074465,0.82334614,0,0.76379544
6884,Pass,0,0.99998236,0.16093226,0,0.95792824
6885,Pass,0,0.8525869,0.43052122,0,0.75184023
6886,Pass,0,0.997844,0.27151918,0,0.92472595
6887,Pass,0,0.99852484,0.20406911,0,0.94437146
6888,Pass,0,0.99494815,0.24237446,0,0.93022895
6889,Pass,0,0.9960114,0.33237568,0,0.90591496
6890,Pass,0,0.9999722,0.20302378,0,0.9460355
6891,Pass,0,0.9986218,0.026473299,0,0.9945335
6892,Pass,0,0.9997745,0.148148,0,0.9613376
6893,Pass,0,0.9998056,0.17897803,0,0.95266527
6894,Pass,0,0.59545416,0.5071831,0,0.5122041
6895,Pass,0,0.8774799,0.44235352,0,0.77086043
6896,Pass,0,0.999848,0.07830803,0,0.98112273
6897,Pass,0,0.9966299,0.46664777,0,0.8686972
6898,Pass,0,0.91913635,0.42763716,0,0.8112741
6899,Pass,0,0.99248743,0.3081048,0,0.90951055
6900,Pass,0,0.9990029,0.17981711,0,0.9516637
6901,Pass,0,0.9992624,0.04489995,0,0.98997295
6902,Pass,0,0.9962943,0.045251705,0,0.9869335
6903,Pass,0,0.9886783,0.26564115,0,0.91787255
6904,Pass,0,0.99867564,0.21294378,0,0.94201195
6905,Pass,0,0.9725955,0.36702886,0,0.875102
6906,Pass,0,0.9755333,0.4078501,0,0.86650246
6907,Pass,0,0.99979204,0.2281254,0,0.9387798
6908,Pass,0,0.9999919,0.17701352,0,0.95339733
6909,Pass,0,0.99781203,0.4093777,0,0.8858609
6910,Pass,0,0.98862875,0.42337978,0,0.8737998
6911,Pass,0,0.999871,0.35639545,0,0.902645
6912,Pass,0,0.9605014,0.4029066,0,0.8544911
6913,Pass,0,0.9993766,0.04149028,0,0.99104816
6914,Pass,0,0.86031854,0.48081332,0,0.7464429
6915,Pass,0,0.9998627,0.21591404,0,0.94229317
6916,Pass,0,0.9955841,0.24861664,0,0.929069
6917,Pass,0,0.9996598,0.07173598,0,0.9827928
6918,Pass,0,0.99955827,0.1592452,0,0.9579981
6919,Pass,0,0.81196904,0.48880827,0,0.7026604
6920,Pass,0,0.8807914,0.24708468,0,0.82232654
6921,Pass,0,0.9999584,0.24074142,0,0.9353743
6922,Pass,0,0.9949941,0.23010682,0,0.93371797
6923,Pass,0,0.99956566,0.34701195,0,0.9050174
6924,Pass,0,0.9985141,0.2942579,0,0.91893685
6925,Pass,0,0.99501735,0.36615008,0,0.8955231
6926,Pass,0,0.58037,0.3562582,0,0.52395815
6927,Pass,0,0.99979633,0.17545739,0,0.9536501
6928,Pass,0,0.9996331,0.038037375,0,0.99227697
6929,Pass,0,0.99863166,0.31632978,0,0.9128222
6930,Pass,0,0.99979526,0.3529837,0,0.90353966
6931,Pass,0,0.99832386,0.18762147,0,0.9488172
6932,Pass,0,0.999997,0.16459404,0,0.9569085
6933,Pass,0,0.99986446,0.12445162,0,0.96811324
6934,Pass,0,0.99927527,0.21442491,0,0.94215965
6935,Pass,0,0.9999949,0.19564638,0,0.94813967
6936,Pass,0,0.99225616,0.25102472,0,0.9252888
6937,Pass,0,0.9998598,0.3001245,0,0.9185192
6938,Pass,0,0.9998128,0.041891072,0,0.9913676
6939,Pass,0,0.9992506,0.3270432,0,0.9103655
6940,Pass,0,0.9988423,0.28183457,0,0.9227422
6941,Pass,0,0.9999182,0.098478995,0,0.97549736
6942,Pass,0,0.9998011,0.28690845,0,0.92219573
6943,Pass,0,0.99989617,0.14153227,0,0.9633222
6944,Pass,0,0.9985576,0.33959493,0,0.90619564
6945,Pass,0,0.9564954,0.54109067,0,0.813612
6946,Pass,0,0.99686337,0.2152366,0,0.9396572
6947,Pass,0,0.9999887,0.119148724,0,0.9697306
6948,Pass,0,0.9997248,0.033761185,0,0.9935749
6949,Pass,0,0.9998381,0.18432598,0,0.95118654
6950,Pass,0,0.99888617,0.23037705,0,0.9372941
6951,Pass,0,0.9998785,0.17005199,0,0.9552544
6952,Pass,0,0.99904996,0.13280381,0,0.96496886
6953,Pass,0,0.9999951,0.10127306,0,0.97478354
6954,Pass,0,0.99648064,0.38454214,0,0.8916659
6955,Pass,0,0.9999682,0.22943455,0,0.93857557
6956,Pass,0,0.99654275,0.3181494,0,0.9104008
6957,Pass,0,0.9990613,0.21403372,0,0.9420682
6958,Pass,0,0.9994636,0.3136786,0,0.9143307
6959,Pass,0,0.9992023,0.16219154,0,0.9568258
6960,Pass,0,0.99998844,0.07935827,0,0.980964
6961,Pass,0,0.99974793,0.07008675,0,0.983345
6962,Pass,0,0.93671733,0.3057054,0,0.85903764
6963,Pass,0,0.99996877,0.07255208,0,0.9828662
6964,Pass,0,0.9998472,0.29720324,0,0.9193322
6965,Pass,0,0.9999813,0.15110807,0,0.96070075
6966,Pass,0,0.99971384,0.20440267,0,0.94540185
6967,Pass,0,0.9486187,0.3777002,0,0.85067064
6968,Pass,0,0.9998846,0.3104278,0,0.9156335
6969,Pass,0,0.9997509,0.038236067,0,0.9923378
6970,Pass,0,0.99867165,0.1997124,0,0.9457387
6971,Pass,0,0.99053687,0.292072,0,0.91220665
6972,Pass,0,0.99996555,0.23073375,0,0.9382063
6973,Pass,0,0.99992037,0.22200839,0,0.94062704
6974,Pass,0,0.99993277,0.11078883,0,0.9720364
6975,Pass,0,0.9996151,0.2224575,0,0.94021314
6976,Pass,0,0.9997801,0.03077925,0,0.9944716
6977,Pass,0,0.99993706,0.28099275,0,0.9239912
6978,Pass,0,0.9984629,0.23393776,0,0.9358933
6979,Pass,0,0.99988496,0.16681382,0,0.9561746
6980,Pass,0,0.9888011,0.3541781,0,0.89327055
6981,Pass,0,0.99401724,0.4124054,0,0.88164216
6982,Pass,0,0.99976355,0.36214176,0,0.90092605
6983,Pass,0,0.9891566,0.3161123,0,0.904222
6984,Pass,0,0.9919288,0.26272509,0,0.9217069
6985,Pass,0,0.9999883,0.088865764,0,0.9782797
6986,Pass,0,0.9995384,0.37636742,0,0.89670885
6987,Pass,0,0.99996614,0.08041527,0,0.98064375
6988,Pass,0,0.9854342,0.4377093,0,0.8669897
6989,Pass,0,0.99843174,0.28212023,0,0.9222824
6990,Pass,0,0.91935027,0.3425084,0,0.8335584
6991,Pass,0,0.9999671,0.12703836,0,0.9674823
6992,Pass,0,0.9997713,0.21951176,0,0.94119155
6993,Pass,0,0.9999192,0.15792999,0,0.95871526
6994,Pass,0,0.99995744,0.23818876,0,0.93609405
6995,Pass,0,0.9999205,0.16932915,0,0.9554985
6996,Pass,0,0.94712335,0.2989825,0,0.8703784
6997,Pass,0,0.9323003,0.20241025,0,0.8821752
6998,Pass,0,0.99235713,0.3821325,0,0.88865113
6999,Pass,0,0.9979354,0.24666223,0,0.93181384
7000,Pass,0,0.9990283,0.05248298,0,0.9876023
7001,Pass,0,0.9723971,0.41794565,0,0.8609452
7002,Pass,0,0.710126,0.3265545,0,0.647057
7003,Pass,0,0.99901927,0.2530353,0,0.93102837
7004,Pass,0,0.9982021,0.1828615,0,0.95004284
7005,Pass,0,0.9995049,0.0670652,0,0.9839586
7006,Pass,0,0.9999701,0.070652194,0,0.98340386
7007,Pass,0,0.9998989,0.13182436,0,0.9660653
7008,Pass,0,0.99587846,0.36614424,0,0.8962997
7009,Pass,0,0.99928856,0.14740214,0,0.9610808
7010,Pass,0,0.9969116,0.20606932,0,0.94228274
7011,Pass,0,0.99996674,0.20635161,0,0.94509083
7012,Pass,0,0.99960274,0.15093796,0,0.9603851
7013,Pass,0,0.99974984,0.2834629,0,0.92312104
7014,Pass,0,0.9995036,0.051683415,0,0.98829776
7015,Pass,0,0.999433,0.28311816,0,0.92292565
7016,Pass,0,0.9917476,0.41332334,0,0.8793721
7017,Pass,0,0.99970514,0.12065402,0,0.9690308
7018,Pass,0,0.99999297,0.22538085,0,0.9397432
7019,Pass,0,0.99980205,0.06298264,0,0.9854035
7020,Pass,0,0.99992776,0.11260944,0,0.97151756
7021,Pass,0,0.99956197,0.18531656,0,0.9506443
7022,Pass,0,0.99999166,0.07380537,0,0.9825348
7023,Pass,0,0.9994505,0.10020708,0,0.97455347
7024,Pass,0,0.99998486,0.21771215,0,0.9419007
7025,Pass,0,0.99515533,0.09463363,0,0.97193116
7026,Pass,0,0.99997807,0.15256439,0,0.96028656
7027,Pass,0,0.99949324,0.24600586,0,0.9334537
7028,Pass,0,0.9996014,0.30699953,0,0.91634166
7029,Pass,0,0.9997068,0.24486096,0,0.93397623
7030,Pass,0,0.97723615,0.33314297,0,0.88862646
7031,Pass,0,0.9923534,0.35965723,0,0.89494455
7032,Pass,0,0.98383236,0.40370524,0,0.8750253
7033,Pass,0,0.99480706,0.18840903,0,0.9452536
7034,Pass,0,0.9999896,0.15011883,0,0.9609881
7035,Pass,0,0.98101,0.44230562,0,0.8618243
7036,Pass,0,0.99999833,0.19449833,0,0.9484671
7037,Pass,0,0.9920288,0.11076643,0,0.9643592
7038,Pass,0,0.9999621,0.12628347,0,0.96769065
7039,Pass,0,0.9999349,0.10687045,0,0.9731447
7040,Pass,0,0.998252,0.36208045,0,0.8995812
7041,Pass,0,0.99998045,0.1562918,0,0.9592365
7042,Pass,0,0.99999547,0.11103515,0,0.97202784
7043,Pass,0,0.884391,0.23401332,0,0.82895094
7044,Pass,0,0.94790065,0.6058777,0,0.78896326
7045,Pass,0,0.99940515,0.20198391,0,0.9457924
7046,Pass,0,0.9995845,0.24133193,0,0.9348579
7047,Pass,0,0.9986927,0.29222277,0,0.919675
7048,Pass,0,0.99974245,0.023438271,0,0.99650615
7049,Pass,0,0.5625739,0.56510204,0,0.4747217
7050,Pass,0,0.9998605,0.23253122,0,0.9376004
7051,Pass,0,0.99883026,0.30519167,0,0.91614455
7052,Pass,0,0.99973077,0.21003592,0,0.9438279
7053,Pass,0,0.99827075,0.10721719,0,0.9714274
7054,Pass,0,0.64391017,0.4128393,0,0.57103634
7055,Pass,0,0.99991274,0.17574476,0,0.95368004
7056,Pass,0,0.99996793,0.12770759,0,0.9672943
7057,Pass,0,0.99994516,0.10327318,0,0.9741702
7058,Pass,0,0.99956447,0.1849049,0,0.95076287
7059,Pass,0,0.9999565,0.04150626,0,0.9916187
7060,Pass,0,0.99712163,0.3159891,0,0.91153777
7061,Pass,0,0.7904302,0.60900986,0,0.65719736
7062,Pass,0,0.99803525,0.30839372,0,0.9145131
7063,Pass,0,0.9995478,0.06827556,0,0.98365927
7064,Pass,0,0.9987424,0.4566734,0,0.873351
7065,Pass,0,0.9987167,0.38852578,0,0.8925435
7066,Pass,0,0.99999976,0.12469906,0,0.9681744
7067,Pass,0,0.9999914,0.08343004,0,0.9798174
7068,Pass,0,0.9999826,0.11224149,0,0.97167474
7069,Pass,0,0.99998176,0.21779,0,0.94187576
7070,Pass,0,0.9974903,0.287033,0,0.9200293
7071,Pass,0,0.9676064,0.34917423,0,0.8754905
7072,Pass,0,0.9999614,0.29588944,0,0.91980815
7073,Pass,0,0.9998311,0.046019252,0,0.9902204
7074,Pass,0,0.99322295,0.2689704,0,0.92115825
7075,Pass,0,0.9982754,0.25204268,0,0.9306149
7076,Pass,0,0.9999958,0.097052656,0,0.97597575
7077,Pass,0,0.99997234,0.10093082,0,0.974858
7078,Pass,0,0.9999677,0.16966888,0,0.95544773
7079,Pass,0,0.9999486,0.12596023,0,0.96776885
7080,Pass,0,0.9999585,0.15521201,0,0.9595203
7081,Pass,0,0.7934869,0.57091206,0,0.6682735
7082,Pass,0,0.99999046,0.044885572,0,0.9906983
7083,Pass,0,0.99954623,0.20285474,0,0.94568014
7084,Pass,0,0.98009837,0.14491537,0,0.9433124
7085,Pass,0,0.99962354,0.26283374,0,0.9288262
7086,Pass,0,0.9991393,0.14708297,0,0.96102726
7087,Pass,0,0.9994461,0.049256377,0,0.98892576
7088,Pass,0,0.9999938,0.11560295,0,0.9707366
7089,Pass,0,0.9094406,0.462514,0,0.7937614
7090,Pass,0,0.9980763,0.60014236,0,0.8323419
7091,Pass,0,0.9998543,0.03976616,0,0.99200857
7092,Pass,0,0.9999988,0.13283102,0,0.96587765
7093,Pass,0,0.95437014,0.45708647,0,0.8344384
7094,Pass,0,0.8668451,0.7702727,0,0.68126607
7095,Pass,0,0.9641081,0.2816947,0,0.8906924
7096,Pass,0,0.9999969,0.092807055,0,0.9771754
7097,Pass,0,0.993468,0.3289598,0,0.90455973
7098,Pass,0,0.9999213,0.26205432,0,0.92932296
7099,Pass,0,0.99900264,0.26365423,0,0.9280179
7100,Pass,0,0.9884675,0.21576275,0,0.9315963
7101,Pass,0,0.9990376,0.1800922,0,0.95161915
7102,Pass,0,0.9864395,0.26740882,0,0.91530186
7103,Pass,0,0.99941266,0.22217958,0,0.9401012
7104,Pass,0,0.99984264,0.13834386,0,0.96417063
7105,Pass,0,0.9998988,0.13094053,0,0.9663147
7106,Pass,0,0.95995796,0.507599,0,0.8256342
7107,Pass,0,0.87523633,0.49504548,0,0.7558693
7108,Pass,0,0.99994445,0.21239021,0,0.94336504
7109,Pass,0,0.999762,0.4018292,0,0.88972265
7110,Pass,0,0.9999877,0.10793238,0,0.97289634
7111,Pass,0,0.99996245,0.053244077,0,0.9883109
7112,Pass,0,0.9999354,0.14948998,0,0.96111345
7113,Pass,0,0.9999764,0.09038646,0,0.97783875
7114,Pass,0,0.99998045,0.14781214,0,0.9616305
7115,Pass,0,0.9645939,0.34330258,0,0.8743638
7116,Pass,0,0.9999839,0.115465,0,0.970766
7117,Pass,0,0.9998592,0.27816257,0,0.9247182
7118,Pass,0,0.985606,0.30049336,0,0.9053224
7119,Pass,0,0.99718225,0.41341668,0,0.8841647
7120,Pass,0,0.99844354,0.16376805,0,0.9556548
7121,Pass,0,0.55332166,0.84210986,0,0.42364144
7122,Pass,0,0.9975504,0.24126767,0,0.9329736
7123,Pass,0,0.99939287,0.02327393,0,0.9962041
7124,Pass,0,0.999936,0.0816818,0,0.9802566
7125,Pass,0,0.99992466,0.17469136,0,0.9539888
7126,Pass,0,0.99941695,0.2590009,0,0.92971575
7127,Pass,0,0.99914527,0.26787707,0,0.9269592
7128,Pass,0,0.99474597,0.19401015,0,0.94362247
7129,Pass,0,0.9996407,0.116004445,0,0.9702806
7130,Pass,0,0.97172594,0.3117489,0,0.88948506
7131,Pass,0,0.9998568,0.18148285,0,0.95200694
7132,Pass,0,0.976096,0.3312825,0,0.8881023
7133,Pass,0,0.9989568,0.11298377,0,0.97046864
7134,Pass,0,0.9999846,0.17727646,0,0.95331615
7135,Pass,0,0.9234079,0.23974524,0,0.8640277
7136,Pass,0,0.97357124,0.33745733,0,0.88410795
7137,Pass,0,0.99997795,0.18627182,0,0.95077026
7138,Pass,0,0.99895585,0.07420928,0,0.98140323
7139,Pass,0,0.99883693,0.07226214,0,0.9818355
7140,Pass,0,0.9995291,0.24464609,0,0.9338709
7141,Pass,0,0.99999213,0.10153546,0,0.97470653
7142,Pass,0,0.9999949,0.12247579,0,0.9687973
7143,Pass,0,0.99759173,0.21776018,0,0.93963295
7144,Pass,0,0.9999865,0.12238317,0,0.9688154
7145,Pass,0,0.99996066,0.15383732,0,0.95991045
7146,Pass,0,0.9998652,0.19990093,0,0.9468157
7147,Pass,0,0.99978405,0.16567646,0,0.9563992
7148,Pass,0,0.9849857,0.17838489,0,0.938709
7149,Pass,0,0.9999393,0.22807069,0,0.9389335
7150,Pass,0,0.9998342,0.031380657,0,0.9943556
7151,Pass,0,0.99890804,0.2308886,0,0.9371704
7152,Pass,0,0.99999225,0.12381456,0,0.9684168
7153,Pass,0,0.9988188,0.2859697,0,0.92155445
7154,Pass,0,0.96509284,0.40029126,0,0.85928845
7155,Pass,0,0.99998367,0.18185325,0,0.95202315
7156,Pass,0,0.9649271,0.41129997,0,0.85614187
7157,Pass,0,0.99907446,0.26827583,0,0.92678106
7158,Pass,0,0.9997009,0.20872477,0,0.94416976
7159,Pass,0,0.99970895,0.11591274,0,0.9703727
7160,Pass,0,0.99991274,0.22623648,0,0.93942636
7161,Pass,0,0.9832065,0.15573929,0,0.9432994
7162,Pass,0,0.98628855,0.12764092,0,0.95408034
7163,Pass,0,0.9955842,0.25356454,0,0.92767835
7164,Pass,0,0.99960715,0.21115465,0,0.9433955
7165,Pass,0,0.9996791,0.022686273,0,0.99665517
7166,Pass,0,0.99999225,0.095446184,0,0.9764258
7167,Pass,0,0.9997613,0.031605087,0,0.9942198
7168,Pass,0,0.9961647,0.15148516,0,0.956928
7169,Pass,0,0.99991834,0.2032937,0,0.9459083
7170,Pass,0,0.9965934,0.31394988,0,0.91162866
7171,Pass,0,0.9998165,0.042054713,0,0.991325
7172,Pass,0,0.9999908,0.064279,0,0.98522353
7173,Pass,0,0.99964774,0.05527697,0,0.9874261
7174,Pass,0,0.9895215,0.192319,0,0.939139
7175,Pass,0,0.992677,0.2004155,0,0.9398647
7176,Pass,0,0.99938095,0.035450384,0,0.9927566
7177,Pass,0,0.99022746,0.33424705,0,0.9001311
7178,Pass,0,0.9985511,0.4555014,0,0.8735141
7179,Pass,0,0.98745024,0.9289498,0,0.7318155
7180,Pass,0,0.9998816,0.16937828,0,0.95544755
7181,Pass,0,0.98360115,0.39425325,0,0.8774444
7182,Pass,0,0.57300764,0.33842668,0,0.5201961
7183,Pass,0,0.9973895,0.042977326,0,0.98865885
7184,Pass,0,0.9942825,0.3694677,0,0.89393044
7185,Pass,0,0.99957734,0.31983358,0,0.9126978
7186,Pass,0,0.99294853,0.26776853,0,0.9212406
7187,Pass,0,0.9933502,0.30950648,0,0.9099081
7188,Pass,0,0.9999491,0.13234876,0,0.96596575
7189,Pass,0,0.9983725,0.39969754,0,0.88908696
7190,Pass,0,0.9857119,0.32237834,0,0.89932925
7191,Pass,0,0.9955011,0.053176954,0,0.9839204
7192,Pass,0,0.9371522,0.4900785,0,0.8106551
7193,Pass,0,0.99968314,0.31261298,0,0.9148323
7194,Pass,0,0.9989748,0.2987052,0,0.9181065
7195,Pass,0,0.98285204,0.46320826,0,0.8576424
7196,Pass,0,0.9983767,0.3996574,0,0.88910204
7197,Pass,0,0.98339164,0.37108654,0,0.8836893
7198,Pass,0,0.89599586,0.5297235,0,0.76502544
7199,Pass,0,0.93419564,0.31152132,0,0.8551911
7200,Pass,0,0.9963714,0.23797292,0,0.93279773
7201,Pass,0,0.99991274,0.21910188,0,0.9414404
7202,Pass,0,0.9997274,0.26906887,0,0.92716295
7203,Pass,0,0.9999734,0.1292891,0,0.9668531
7204,Pass,0,0.9993957,0.3954348,0,0.89120096
7205,Pass,0,0.99308574,0.21724859,0,0.9355323
7206,Pass,0,0.99995923,0.14417174,0,0.96263784
7207,Pass,0,0.9996983,0.27626505,0,0.9251049
7208,Pass,0,0.90650696,0.8662341,0,0.6878778
7209,Pass,0,0.99409145,0.29495806,0,0.91467017
7210,Pass,0,0.96648204,0.2672905,0,0.89681596
7211,Pass,0,0.98104733,0.26657632,0,0.9105291
7212,Pass,0,0.8227502,0.26039472,0,0.76504636
7213,Pass,0,0.9948324,0.57040083,0,0.83799
7214,Pass,0,0.9999894,0.25828063,0,0.93045163
7215,Pass,0,0.9975768,0.5001366,0,0.8600908
7216,Pass,0,0.49534038,0.95741576,0,0.363124
7217,Pass,0,0.99589515,0.059093863,0,0.9826462
7218,Pass,0,0.9996754,0.19534186,0,0.94792277
7219,Pass,0,0.99949765,0.17447554,0,0.9536423
7220,Pass,0,0.7690065,0.5979628,0,0.6417832
7221,Pass,0,0.9998975,0.114696756,0,0.970899
7222,Pass,0,0.99996436,0.1185403,0,0.9698788
7223,Pass,0,0.9946672,0.051330287,0,0.9836147
7224,Pass,0,0.955903,0.2779054,0,0.8841347
7225,Pass,0,0.9989046,0.2807386,0,0.9231089
7226,Pass,0,0.987217,0.060387127,0,0.97372305
7227,Pass,0,0.9757524,0.13602726,0,0.9415781
7228,Pass,0,0.9969567,0.035457313,0,0.9903465
7229,Pass,0,0.9837015,0.3650481,0,0.8856448
7230,Pass,0,0.9926202,0.2813948,0,0.9171174
7231,Pass,0,0.99945635,0.17681159,0,0.9529437
7232,Pass,0,0.9946747,0.07236901,0,0.97771406
7233,Pass,0,0.98948073,0.5450785,0,0.8405559
7234,Pass,0,0.9990901,0.2209385,0,0.9401478
7235,Pass,0,0.51349604,0.5122138,0,0.4409752
7236,Pass,0,0.9602286,0.31631646,0,0.8777226
7237,Pass,0,0.97748363,0.25517106,0,0.910369
7238,Pass,0,0.9870841,0.43171278,0,0.87011236
7239,Pass,0,0.99991584,0.15152186,0,0.9605211
7240,Pass,0,0.9751644,0.33148843,0,0.88719803
7241,Pass,0,0.98204964,0.29693538,0,0.9030422
7242,Pass,0,0.9163593,0.26007742,0,0.8521722
7243,Pass,0,0.9171878,0.29303822,0,0.8444077
7244,Pass,0,0.99947304,0.2984028,0,0.9186498
7245,Pass,0,0.9869632,0.25299788,0,0.91980326
7246,Pass,0,0.9781311,0.17559211,0,0.93294764
7247,Pass,0,0.9953252,0.085008726,0,0.9748017
7248,Pass,0,0.9250926,0.5823341,0,0.7761285
7249,Pass,0,0.7470592,0.38063377,0,0.66930413
7250,Pass,0,0.9998921,0.2700088,0,0.92705035
7251,Pass,0,0.9999995,0.10822989,0,0.97282374
7252,Pass,0,0.99974364,0.42321083,0,0.88367134
7253,Pass,0,0.9967211,0.046193924,0,0.9870911
7254,Pass,0,0.99834,0.2858079,0,0.92115825
7255,Pass,0,0.99938905,0.22940259,0,0.938041
7256,Pass,0,0.9777194,0.28107324,0,0.90343875
7257,Pass,0,0.99936575,0.28168744,0,0.92326725
7258,Pass,0,0.9893205,0.3405498,0,0.89754623
7259,Pass,0,0.97194237,0.4397853,0,0.85454977
7260,Pass,0,0.99529487,0.30314288,0,0.91347754
7261,Pass,0,0.99981743,0.1772713,0,0.95315826
7262,Pass,0,0.99230146,0.15517646,0,0.9521829
7263,Pass,0,0.9963192,0.28205228,0,0.9203501
7264,Pass,0,0.9987129,0.26789296,0,0.9265536
7265,Pass,0,0.98607177,0.36536297,0,0.8876911
7266,Pass,0,0.99382013,0.4993216,0,0.8570806
7267,Pass,0,0.9869077,0.53205144,0,0.8419999
7268,Pass,0,0.9447434,0.6697832,0,0.7692903
7269,Pass,0,0.99900347,0.13950165,0,0.96303487
7270,Pass,0,0.99977785,0.019866824,0,0.9975495
7271,Pass,0,0.9662818,0.36365834,0,0.87034065
7272,Pass,0,0.9851244,0.40479216,0,0.87587214
7273,Pass,0,0.9988907,0.3141882,0,0.91366285
7274,Pass,0,0.9996207,0.24230114,0,0.93461823
7275,Pass,0,0.99985373,0.13525492,0,0.96505326
7276,Pass,0,0.99942076,0.3577829,0,0.90184706
7277,Pass,0,0.9936293,0.5266291,0,0.84925556
7278,Pass,0,0.97901845,0.47123775,0,0.8520778
7279,Pass,0,0.99995625,0.2506951,0,0.93256223
7280,Pass,0,0.99924976,0.028425626,0,0.994608
7281,Pass,0,0.9997435,0.16667472,0,0.95607865
7282,Pass,0,0.99505377,0.37491176,0,0.8930945
7283,Pass,0,0.9992711,0.44047412,0,0.8783834
7284,Pass,0,0.9942866,0.3264753,0,0.9060025
7285,Pass,0,0.9999052,0.07956041,0,0.9808253
7286,Pass,0,0.99906653,0.24944323,0,0.93208563
7287,Pass,0,0.9998259,0.29336336,0,0.92039657
7288,Pass,0,0.9904606,0.16377164,0,0.94801295
7289,Pass,0,0.9999968,0.10802213,0,0.9728797
7290,Pass,0,0.99980754,0.033643693,0,0.9936904
7291,Pass,0,0.9897731,0.5456794,0,0.8406364
7292,Pass,0,0.99801517,0.14806911,0,0.9596681
7293,Pass,0,0.9983707,0.49791995,0,0.86140007
7294,Pass,0,0.99619365,0.32336077,0,0.9086162
7295,Pass,0,0.99974304,0.1389169,0,0.9639129
7296,Pass,0,0.9992588,0.20735489,0,0.9441387
7297,Pass,0,0.9998332,0.18219562,0,0.95178324
7298,Pass,0,0.99502736,0.20860651,0,0.93978906
7299,Pass,0,0.9998209,0.03693511,0,0.99277455
7300,Pass,0,0.9975521,0.25999033,0,0.9277023
7301,Pass,0,0.99940705,0.33188698,0,0.90914136
7302,Pass,0,0.9998435,0.24889843,0,0.93296427
7303,Pass,0,0.99973553,0.03856725,0,0.9922291
7304,Pass,0,0.9988483,0.2177514,0,0.9408191
7305,Pass,0,0.99983394,0.12913735,0,0.966761
7306,Pass,0,0.99972695,0.26412374,0,0.92855823
7307,Pass,0,0.9962345,0.38941172,0,0.890076
7308,Pass,0,0.9997924,0.20328873,0,0.9457906
7309,Pass,0,0.9989054,0.37975046,0,0.8951869
7310,Pass,0,0.99991965,0.14130513,0,0.96340895
7311,Pass,0,0.99932086,0.16182923,0,0.9570415
7312,Pass,0,0.99996555,0.15213762,0,0.96039504
7313,Pass,0,0.9999374,0.13238145,0,0.96594524
7314,Pass,0,0.9994382,0.19673222,0,0.94730556
7315,Pass,0,0.99856937,0.276826,0,0.9239021
7316,Pass,0,0.9997273,0.20596424,0,0.9449739
7317,Pass,0,0.99999046,0.13300024,0,0.96582174
7318,Pass,0,0.9995266,0.17829886,0,0.952591
7319,Pass,0,0.99937195,0.14916019,0,0.9606649
7320,Pass,0,0.98398906,0.25477147,0,0.9165388
7321,Pass,0,0.99751556,0.23515032,0,0.9346638
7322,Pass,0,0.9966564,0.1754578,0,0.950655
7323,Pass,0,0.9996493,0.039919116,0,0.991762
7324,Pass,0,0.99954045,0.23971619,0,0.9352727
7325,Pass,0,0.9989864,0.11706234,0,0.9693472
7326,Pass,0,0.9998939,0.1275704,0,0.9672613
7327,Pass,0,0.998502,0.18678203,0,0.9492231
7328,Pass,0,0.999529,0.1670729,0,0.95576113
7329,Pass,0,0.99888974,0.3115596,0,0.91440326
7330,Pass,0,0.99996924,0.09431943,0,0.97672147
7331,Pass,0,0.9999403,0.16462915,0,0.9568443
7332,Pass,0,0.9966723,0.39069,0,0.8901074
7333,Pass,0,0.4702414,0.6214625,0,0.38932556
7334,Pass,0,0.99976593,0.13698955,0,0.96447897
7335,Pass,0,0.9988172,0.1124921,0,0.9704717
7336,Pass,0,0.99912554,0.223006,0,0.93959796
7337,Pass,0,0.9992061,0.15568617,0,0.95866454
7338,Pass,0,0.97417927,0.6515622,0,0.7982709
7339,Pass,0,0.99131846,0.5188462,0,0.8494587
7340,Pass,0,0.99956447,0.061442833,0,0.98560387
7341,Pass,0,0.9998084,0.14559412,0,0.962091
7342,Pass,0,0.9999747,0.07660802,0,0.981727
7343,Pass,0,0.9996867,0.08729546,0,0.9784279
7344,Pass,0,0.99964833,0.077155046,0,0.9812522
7345,Pass,0,0.9398035,0.33993945,0,0.8527846
7346,Pass,0,0.9999908,0.05961554,0,0.98654014
7347,Pass,0,0.99931633,0.14174335,0,0.962704
7348,Pass,0,0.97181535,0.3229598,0,0.88649106
7349,Pass,0,0.93870556,0.28215066,0,0.8671034
7350,Pass,0,0.9830405,0.2902933,0,0.90579677
7351,Pass,0,0.9997247,0.14379299,0,0.96251893
7352,Pass,0,0.9987255,0.27889758,0,0.9234624
7353,Pass,0,0.99971706,0.032671988,0,0.99387467
7354,Pass,0,0.9354514,0.54867417,0,0.79370874
7355,Pass,0,0.99988663,0.14633887,0,0.96195614
7356,Pass,0,0.99410725,0.23366569,0,0.9318869
7357,Pass,0,0.9961753,0.16863234,0,0.9521157
7358,Pass,0,0.99999666,0.046150308,0,0.99034745
7359,Pass,0,0.98301053,0.3772291,0,0.88164216
7360,Pass,0,0.9963762,0.1859996,0,0.9474223
7361,Pass,0,0.98716855,0.4993477,0,0.8513369
7362,Pass,0,0.99997103,0.120365076,0,0.9693701
7363,Pass,0,0.99910164,0.16927505,0,0.95473135
7364,Pass,0,0.9977806,0.3852855,0,0.89261967
7365,Pass,0,0.9974464,0.29496112,0,0.9177562
7366,Pass,0,0.9984475,0.25458038,0,0.93005997
7367,Pass,0,0.9996604,0.10179555,0,0.97430974
7368,Pass,0,0.99989116,0.15277053,0,0.96014494
7369,Pass,0,0.99992406,0.2091418,0,0.9442628
7370,Pass,0,0.9960322,0.6756598,0,0.8094015
7371,Pass,0,0.99998856,0.3486324,0,0.90494275
7372,Pass,0,0.9995148,0.35107094,0,0.90382594
7373,Pass,0,0.99935657,0.15098868,0,0.9601343
7374,Pass,0,0.9989491,0.13920388,0,0.9630664
7375,Pass,0,0.9993505,0.109166496,0,0.9719281
7376,Pass,0,0.99995303,0.243102,0,0.9347028
7377,Pass,0,0.9843276,0.3325077,0,0.8952514
7378,Pass,0,0.99918884,0.3237979,0,0.9112247
7379,Pass,0,0.9994248,0.30898982,0,0.9156182
7380,Pass,0,0.9955504,0.41173047,0,0.8831917
7381,Pass,0,0.9915888,0.20077045,0,0.93873507
7382,Pass,0,0.993996,0.19650364,0,0.9422114
7383,Pass,0,0.99991035,0.15944111,0,0.95828027
7384,Pass,0,0.9769647,0.20020635,0,0.9250461
7385,Pass,0,0.9998652,0.16452058,0,0.956803
7386,Pass,0,0.9875852,0.22412416,0,0.9284334
7387,Pass,0,0.99977726,0.1360841,0,0.9647454
7388,Pass,0,0.9989478,0.27661017,0,0.92431307
7389,Pass,0,0.9959299,0.26507428,0,0.9247642
7390,Pass,0,0.9967616,0.21273308,0,0.9402658
7391,Pass,0,0.9991036,0.47281602,0,0.86911356
7392,Pass,0,0.9822044,0.35250333,0,0.88777554
7393,Pass,0,0.99995434,0.2418798,0,0.9350492
7394,Pass,0,0.97072583,0.6856715,0,0.7860931
7395,Pass,0,0.9995982,0.059824135,0,0.98609394
7396,Pass,0,0.9917868,0.23572023,0,0.9291364
7397,Pass,0,0.9999238,0.20659773,0,0.94498074
7398,Pass,0,0.9989115,0.2584994,0,0.929387
7399,Pass,0,0.9999052,0.035706278,0,0.9932052
7400,Pass,0,0.99435127,0.4146402,0,0.8813111
7401,Pass,0,0.9950304,0.56325614,0,0.8401639
7402,Pass,0,0.992303,0.22009894,0,0.9339964
7403,Pass,0,0.9778497,0.6460411,0,0.8028028
7404,Pass,0,0.9814433,0.18857649,0,0.9325091
7405,Pass,0,0.9991405,0.244362,0,0.9335879
7406,Pass,0,0.97914493,0.3575085,0,0.88362664
7407,Pass,0,0.99976355,0.30428815,0,0.9172556
7408,Pass,0,0.9901382,0.36984786,0,0.8900981
7409,Pass,0,0.9999801,0.13565029,0,0.96506363
7410,Pass,0,0.97555417,0.3409776,0,0.88493913
7411,Pass,0,0.9993457,0.046515405,0,0.98959976
7412,Pass,0,0.9769961,0.2633826,0,0.90765005
7413,Pass,0,0.9818381,0.38982445,0,0.8770992
7414,Pass,0,0.9994808,0.18214613,0,0.9514618
7415,Pass,0,0.9999057,0.14659673,0,0.96190166
7416,Pass,0,0.9994968,0.16608945,0,0.95600784
7417,Pass,0,0.9952879,0.86355954,0,0.7559983
7418,Pass,0,0.99912554,0.08603331,0,0.97823465
7419,Pass,0,0.99491996,0.17333391,0,0.9495953
7420,Pass,0,0.7543463,0.56465775,0,0.6366413
7421,Pass,0,0.9990088,0.32546994,0,0.910589
7422,Pass,0,0.9989712,0.05164389,0,0.9877825
7423,Pass,0,0.9687413,0.40634745,0,0.86088055
7424,Pass,0,0.9993974,0.025718521,0,0.9955188
7425,Pass,0,0.99529773,0.34122872,0,0.9027782
7426,Pass,0,0.9925552,0.37957233,0,0.889546
7427,Pass,0,0.9994216,0.15811309,0,0.9581865
7428,Pass,0,0.9998553,0.15881926,0,0.958403
7429,Pass,0,0.9982187,0.23903783,0,0.9342271
7430,Pass,0,0.99147004,0.44384652,0,0.8705821
7431,Pass,0,0.9991235,0.47364464,0,0.86889714
7432,Pass,0,0.32066578,0.77623206,0,0.25147638
7433,Pass,0,0.9856113,0.35913497,0,0.8890096
7434,Pass,0,0.8710862,1.008776,0,0.62594473
7435,Pass,0,0.9998821,0.15741661,0,0.95882463
7436,Pass,0,0.9988244,0.16989939,0,0.95429033
7437,Pass,0,0.9644914,0.46965218,0,0.8398661
7438,Pass,0,0.9987218,0.25661293,0,0.9297424
7439,Pass,0,0.9987307,0.15946147,0,0.95714396
7440,Pass,0,0.9824373,0.22223367,0,0.9241182
7441,Pass,0,0.99232215,0.4836566,0,0.86017734
7442,Pass,0,0.9994412,0.03794827,0,0.9921117
7443,Pass,0,0.9876506,0.25979874,0,0.9185475
7444,Pass,0,0.98581207,0.51313883,0,0.8463288
7445,Pass,0,0.9855423,0.32859996,0,0.8974435
7446,Pass,0,0.9884483,0.4292392,0,0.87200516
7447,Pass,0,0.990072,0.1543128,0,0.950285
7448,Pass,0,0.999918,0.27341548,0,0.92611265
7449,Pass,0,0.9959074,0.14588489,0,0.9582555
7450,Pass,0,0.9995956,0.32014397,0,0.9126268
7451,Pass,0,0.3652722,0.5142065,0,0.31347945
7452,Pass,0,0.99938333,0.18464969,0,0.95066255
7453,Pass,0,0.99882656,0.07372836,0,0.9814118
7454,Pass,0,0.9851923,0.15874504,0,0.94436854
7455,Pass,0,0.9985827,0.27442712,0,0.9245907
7456,Pass,0,0.9991617,0.38267928,0,0.8945904
7457,Pass,0,0.57966113,0.72197664,0,0.4634678
7458,Pass,0,0.9999168,0.11248879,0,0.97154105
7459,Pass,0,0.5876715,0.5240177,0,0.5027165
7460,Pass,0,0.9997354,0.10786521,0,0.9726698
7461,Pass,0,0.9987565,0.38585514,0,0.8933321
7462,Pass,0,0.936192,0.3316228,0,0.8517057
7463,Pass,0,0.9986619,0.06525295,0,0.98363966
7464,Pass,0,0.99734,0.19117889,0,0.94688046
7465,Pass,0,0.9964857,0.16696739,0,0.9528808
7466,Pass,0,0.99979955,0.28422204,0,0.9229526
7467,Pass,0,0.9999676,0.145389,0,0.96230215
7468,Pass,0,0.9980331,0.031160906,0,0.99262637
7469,Pass,0,0.96106184,0.22653839,0,0.90284365
7470,Pass,0,0.99996495,0.12158508,0,0.9690198
7471,Pass,0,0.9618845,0.5220055,0,0.82337886
7472,Pass,0,0.8366197,0.2937018,0,0.77007604
7473,Pass,0,0.40448743,0.561619,0,0.34171996
7474,Pass,0,0.99639314,0.19231345,0,0.9456623
7475,Pass,0,0.9999914,0.17461357,0,0.95407444
7476,Pass,0,0.93635553,1.0703125,0,0.65657854
7477,Pass,0,0.99991906,0.20108084,0,0.94653374
7478,Pass,0,0.9992642,0.17612112,0,0.9529553
7479,Pass,0,0.9731601,0.52082616,0,0.83335483
7480,Pass,0,0.99953747,0.06428158,0,0.9847762
7481,Pass,0,0.9878622,0.43945086,0,0.8686401
7482,Pass,0,0.99473,0.6769689,0,0.8079757
7483,Pass,0,0.8672352,0.5142339,0,0.7442613
7484,Pass,0,0.9990709,0.27557492,0,0.924719
7485,Pass,0,0.99619424,0.17423764,0,0.95055735
7486,Pass,0,0.93584055,0.40755174,0,0.8313248
7487,Pass,0,0.9493592,0.60920006,0,0.78928673
7488,Pass,0,0.9995987,0.26788637,0,0.9273772
7489,Pass,0,0.99043345,0.17101023,0,0.9459629
7490,Pass,0,0.9816094,0.33244553,0,0.8927964
7491,Pass,0,0.9089028,0.43719015,0,0.7997902
7492,Pass,0,0.9566856,0.9327712,0,0.70798314
7493,Pass,0,0.9966581,0.07669381,0,0.9784467
7494,Pass,0,0.98975766,0.8579891,0,0.7533542
7495,Pass,0,0.9803718,0.21309756,0,0.924704
7496,Pass,0,0.99603266,0.34457478,0,0.9025039
7497,Pass,0,0.9987093,0.2550299,0,0.93017715
7498,Pass,0,0.9735779,0.61370856,0,0.8081827
7499,Pass,0,0.97216403,0.4029219,0,0.8648624
7500,Pass,0,0.9985954,0.30397308,0,0.9162727
7501,Pass,0,0.9995189,0.13196161,0,0.9656594
7502,Pass,0,0.99827826,0.25158593,0,0.9307463
7503,Pass,0,0.9987686,0.37130114,0,0.8974468
7504,Pass,0,0.99353254,0.23037447,0,0.93227136
7505,Pass,0,0.9155687,0.42420024,0,0.80901355
7506,Pass,0,0.9997991,0.10485069,0,0.97358257
7507,Pass,0,0.99977404,0.117369145,0,0.9700248
7508,Pass,0,0.9936054,0.35937327,0,0.8961533
7509,Pass,0,0.9989195,0.27874252,0,0.9236855
7510,Pass,0,0.9999485,0.18210337,0,0.951919
7511,Pass,0,0.8861473,0.91605246,0,0.6599649
7512,Pass,0,0.9999436,0.20821063,0,0.94454414
7513,Pass,0,0.9998324,0.34036896,0,0.90713406
7514,Pass,0,0.97535217,0.41730267,0,0.8637387
7515,Pass,0,0.99729663,0.2660518,0,0.92575806
7516,Pass,0,0.99953735,0.15180464,0,0.9600777
7517,Pass,0,0.9998722,0.100922264,0,0.9747628
7518,Pass,0,0.62157756,0.31821576,0,0.5678363
7519,Pass,0,0.99614847,0.25771704,0,0.9270363
7520,Pass,0,0.9999856,0.09771388,0,0.97577906
7521,Pass,0,0.99523073,0.27237856,0,0.92206275
7522,Pass,0,0.99854386,0.2537569,0,0.93038195
7523,Pass,0,0.9989454,0.4221027,0,0.88327837
7524,Pass,0,0.99677616,0.44740906,0,0.8742387
7525,Pass,0,0.9739721,0.23932242,0,0.9114566
7526,Pass,0,0.9995821,0.10599957,0,0.97304714
7527,Pass,0,0.99962413,0.21226497,0,0.9430982
7528,Pass,0,0.77957356,0.4041849,0,0.6932509
7529,Pass,0,0.9925746,0.41544294,0,0.8795114
7530,Pass,0,0.9991929,0.28901052,0,0.9210418
7531,Pass,0,0.97196084,0.29341504,0,0.894731
7532,Pass,0,0.99949527,0.13020447,0,0.96613246
7533,Pass,0,0.9951375,0.4338046,0,0.8766237
7534,Pass,0,0.9949982,0.39663756,0,0.8869416
7535,Pass,0,0.97397083,0.10083167,0,0.94953674
7536,Pass,0,0.99969244,0.10878899,0,0.9723672
7537,Pass,0,0.9998722,0.12342965,0,0.9684092
7538,Pass,0,0.97135305,0.3642013,0,0.8747595
7539,Pass,0,0.707789,0.52387047,0,0.60549897
7540,Pass,0,0.9997831,0.20257716,0,0.94598264
7541,Pass,0,0.94101167,0.33801764,0,0.85439146
7542,Pass,0,0.99215335,0.2818549,0,0.9165572
7543,Pass,0,0.999754,0.18049164,0,0.9521888
7544,Pass,0,0.9988739,0.20936993,0,0.9432068
7545,Pass,0,0.6185215,0.6018218,0,0.5155204
7546,Pass,0,0.9997687,0.15443517,0,0.9595574
7547,Pass,0,0.9999732,0.0986773,0,0.975495
7548,Pass,0,0.9995962,0.13320902,0,0.96538204
7549,Pass,0,0.99930394,0.16084489,0,0.95730305
7550,Pass,0,0.9999527,0.11422356,0,0.97108614
7551,Pass,0,0.9973406,0.30246344,0,0.9155464
7552,Pass,0,0.9929749,0.7967071,0,0.7729827
7553,Pass,0,0.9971908,0.46284723,0,0.87025607
7554,Pass,0,0.99906427,0.2701364,0,0.9262468
7555,Pass,0,0.9986487,0.07736411,0,0.98021203
7556,Pass,0,0.99977654,0.07160583,0,0.98294437
7557,Pass,0,0.99696916,0.22761068,0,0.93627405
7558,Pass,0,0.9610745,0.43489683,0,0.8463209
7559,Pass,0,0.99994123,0.1864174,0,0.95069426
7560,Pass,0,0.9994252,0.294605,0,0.9196774
7561,Pass,0,0.9997236,0.06068078,0,0.98597586
7562,Pass,0,0.98788285,0.28988504,0,0.91037244
7563,Pass,0,0.99950194,0.033787936,0,0.99334586
7564,Pass,0,0.99878055,0.19685873,0,0.9466465
7565,Pass,0,0.9832118,0.23563391,0,0.9211271
7566,Pass,0,0.99992347,0.13431332,0,0.9653864
7567,Pass,0,0.99779284,0.05795829,0,0.98483855
7568,Pass,0,0.9980356,0.38215053,0,0.8937311
7569,Pass,0,0.9926765,0.3954026,0,0.88521814
7570,Pass,0,0.9953956,0.1857943,0,0.9465476
7571,Pass,0,0.99663746,0.17060418,0,0.95200264
7572,Pass,0,0.9138846,0.64555293,0,0.75041413
7573,Pass,0,0.9980149,0.6351053,0,0.8224395
7574,Pass,0,0.9787871,0.40601102,0,0.8699008
7575,Pass,0,0.9894772,0.32922894,0,0.90085095
7576,Pass,0,0.9999633,0.12944221,0,0.9668
7577,Pass,0,0.9945575,0.15402852,0,0.95467
7578,Pass,0,0.99490017,0.23891546,0,0.9311556
7579,Pass,0,0.8883954,0.48041725,0,0.77090275
7580,Pass,0,0.81232697,0.5640836,0,0.6857066
7581,Pass,0,0.9996068,0.04907269,0,0.9891366
7582,Pass,0,0.9986753,0.023882555,0,0.99531716
7583,Pass,0,0.9972498,0.31765306,0,0.91118646
7584,Pass,0,0.95293945,0.5079318,0,0.8195082
7585,Pass,0,0.9998155,0.17292336,0,0.95438373
7586,Pass,0,0.9935993,0.2127361,0,0.93728185
7587,Pass,0,0.5639184,0.29642245,0,0.51863194
7588,Pass,0,0.95549786,0.31516352,0,0.8737093
7589,Pass,0,0.9999906,0.09854548,0,0.9755492
7590,Pass,0,0.9998846,0.16141988,0,0.957697
7591,Pass,0,0.9998023,0.044798378,0,0.9905365
7592,Pass,0,0.967518,0.34794158,0,0.8757471
7593,Pass,0,0.99993825,0.21405314,0,0.9428897
7594,Pass,0,0.99415225,0.26728606,0,0.92249286
7595,Pass,0,0.8752216,0.86739343,0,0.6638513
7596,Pass,0,0.9999335,0.15965363,0,0.9582424
7597,Pass,0,0.989907,0.7676232,0,0.77872276
7598,Pass,0,0.9999583,0.23887114,0,0.9359022
7599,Pass,0,0.99824333,0.08909928,0,0.9765068
7600,Pass,0,0.9997534,0.03152216,0,0.99423534
7601,Pass,0,0.99978775,0.14708512,0,0.9616504
7602,Pass,0,0.99959713,0.25645673,0,0.9306014
7603,Pass,0,0.98850274,0.48090985,0,0.85763305
7604,Pass,0,0.75637424,0.6239941,0,0.62568206
7605,Pass,0,0.99934536,0.39827663,0,0.8903542
7606,Pass,0,0.9912971,0.35030887,0,0.8966083
7607,Pass,0,0.99995065,0.09382884,0,0.97684175
7608,Pass,0,0.99441,0.14324799,0,0.957555
7609,Pass,0,0.98802584,0.39109936,0,0.8822713
7610,Pass,0,0.9988949,0.29261616,0,0.9197502
7611,Pass,0,0.9999167,0.27633822,0,0.9252863
7612,Pass,0,0.9980751,0.28110546,0,0.92223895
7613,Pass,0,0.99976,0.2430193,0,0.93454576
7614,Pass,0,0.9999956,0.14108527,0,0.9635442
7615,Pass,0,0.9997181,0.21724406,0,0.9417815
7616,Pass,0,0.98375076,0.21598308,0,0.92708975
7617,Pass,0,0.9996996,0.07830597,0,0.98097765
7618,Pass,0,0.9997316,0.072825566,0,0.98255587
7619,Pass,0,0.65900743,0.68071514,0,0.53458595
7620,Pass,0,0.9937111,0.5792615,0,0.8345596
7621,Pass,0,0.9999689,0.3141699,0,0.91465425
7622,Pass,0,0.99895954,0.23724502,0,0.93542606
7623,Pass,0,0.99979967,0.21791197,0,0.94166976
7624,Pass,0,0.9962404,0.18466577,0,0.9476683
7625,Pass,0,0.999949,0.112892345,0,0.9714583
7626,Pass,0,0.99967563,0.08259883,0,0.9797426
7627,Pass,0,0.96512777,0.37958375,0,0.8649618
7628,Pass,0,0.99907035,0.31153458,0,0.9145757
7629,Pass,0,0.9998946,0.35614896,0,0.90273595
7630,Pass,0,0.999257,0.26363328,0,0.92826015
7631,Pass,0,0.99884146,0.11832986,0,0.96884906
7632,Pass,0,0.99998987,0.09372688,0,0.97690886
7633,Pass,0,0.999764,0.28730467,0,0.92204976
7634,Pass,0,0.9851246,0.37470105,0,0.8842413
7635,Pass,0,0.8296349,0.27933925,0,0.7670109
7636,Pass,0,0.9960854,0.094988815,0,0.97273964
7637,Pass,0,0.84679747,0.49392956,0,0.7315758
7638,Pass,0,0.99894005,0.09163541,0,0.97647315
7639,Pass,0,0.99906343,0.24562879,0,0.93315864
7640,Pass,0,0.9598786,0.36515334,0,0.8641681
7641,Pass,0,0.89265674,0.5689338,0,0.75229275
7642,Pass,0,0.9996389,0.15330908,0,0.9597507
7643,Pass,0,0.9945905,0.37392873,0,0.8929547
7644,Pass,0,0.9972703,0.28086618,0,0.9215626
7645,Pass,0,0.99998057,0.14737631,0,0.9617536
7646,Pass,0,0.9995285,0.1325156,0,0.9655124
7647,Pass,0,0.99997675,0.082064584,0,0.98018855
7648,Pass,0,0.9998017,0.13314255,0,0.9655993
7649,Pass,0,0.998755,0.36078942,0,0.90039855
7650,Pass,0,0.99994266,0.114138395,0,0.97110045
7651,Pass,0,0.789053,0.6120498,0,0.6553751
7652,Pass,0,0.93293154,0.25623143,0,0.8685966
7653,Pass,0,0.9997733,0.27163315,0,0.9264817
7654,Pass,0,0.99995327,0.08368779,0,0.97970724
7655,Pass,0,0.9999982,0.11187335,0,0.9717939
7656,Pass,0,0.9974885,0.31849012,0,0.9111688
7657,Pass,0,0.9996045,0.25663897,0,0.93055683
7658,Pass,0,0.99966705,0.10546065,0,0.97328186
7659,Pass,0,0.9998934,0.16626975,0,0.9563363
7660,Pass,0,0.99975497,0.18200815,0,0.95176166
7661,Pass,0,0.99900025,0.16630034,0,0.9554734
7662,Pass,0,0.9997595,0.1657763,0,0.9563475
7663,Pass,0,0.99982435,0.2320238,0,0.9377096
7664,Pass,0,0.99985874,0.34832987,0,0.9049107
7665,Pass,0,0.9991761,0.061883233,0,0.9850967
7666,Pass,0,0.999979,0.17704296,0,0.9533767
7667,Pass,0,0.9999825,0.21941817,0,0.94141674
7668,Pass,0,0.9995975,0.26091874,0,0.9293425
7669,Pass,0,0.9997539,0.15385602,0,0.95970666
7670,Pass,0,0.9995479,0.13223854,0,0.9656093
7671,Pass,0,0.94130784,0.1653503,0,0.90054715
7672,Pass,0,0.9777916,0.3070606,0,0.8963316
7673,Pass,0,0.99439657,0.23372875,0,0.93214047
7674,Pass,0,0.9998129,0.10061214,0,0.97479254
7675,Pass,0,0.9966781,0.16613425,0,0.9532992
7676,Pass,0,0.9924654,0.34800005,0,0.89831185
7677,Pass,0,0.9999733,0.06963917,0,0.983693
7678,Pass,0,0.96847737,0.4333217,0,0.85327065
7679,Pass,0,0.98664737,0.5247359,0,0.84381545
7680,Pass,0,0.94541,0.32622793,0,0.86153173
7681,Pass,0,0.99990773,0.14138886,0,0.96337384
7682,Pass,0,0.98973024,0.3531281,0,0.8944033
7683,Pass,0,0.90190387,0.20847623,0,0.85186845
7684,Pass,0,0.9999727,0.10674371,0,0.97321725
7685,Pass,0,0.9990515,0.14150631,0,0.9625158
7686,Pass,0,0.99942327,0.05337784,0,0.9877402
7687,Pass,0,0.9897211,0.34933817,0,0.895454
7688,Pass,0,0.9999821,0.08388963,0,0.9796785
7689,Pass,0,0.93577904,0.34347147,0,0.84819967
7690,Pass,0,0.99865365,0.20583677,0,0.94399494
7691,Pass,0,0.9306005,0.2949705,0,0.85624844
7692,Pass,0,0.9511146,0.3107122,0,0.8708965
7693,Pass,0,0.9999715,0.108963266,0,0.9725895
7694,Pass,0,0.9870401,0.4929908,0,0.8529976
7695,Pass,0,0.99990094,0.124944545,0,0.9680094
7696,Pass,0,0.99961424,0.17996061,0,0.95220554
7697,Pass,0,0.8989955,0.38995904,0,0.8030598
7698,Pass,0,0.99092495,0.33133808,0,0.9015789
7699,Pass,0,0.9999697,0.108283125,0,0.97277975
7700,Pass,0,0.9879121,0.33998877,0,0.896425
7701,Pass,0,0.9999833,0.12421249,0,0.9682958
7702,Pass,0,0.9990608,0.16180584,0,0.9567991
7703,Pass,0,0.9995567,0.11617351,0,0.97015136
7704,Pass,0,0.99653184,0.20603551,0,0.94193333
7705,Pass,0,0.99999785,0.122030966,0,0.9689258
7706,Pass,0,0.9984837,0.07665737,0,0.9802493
7707,Pass,0,0.98308384,0.30343252,0,0.9021899
7708,Pass,0,0.99926835,0.06200877,0,0.9851522
7709,Pass,0,0.99999785,0.22734031,0,0.9391946
7710,Pass,0,0.9971788,0.22359328,0,0.93760186
7711,Pass,0,0.9928572,0.28875834,0,0.9152723
7712,Pass,0,0.9999839,0.23817244,0,0.93612343
7713,Pass,0,0.93672967,0.5850606,0,0.7851706
7714,Pass,0,0.9993861,0.23198876,0,0.9373085
7715,Pass,0,0.99990666,0.09530461,0,0.9763822
7716,Pass,0,0.98101383,0.32823935,0,0.8934197
7717,Pass,0,0.99946684,0.21548502,0,0.94204116
7718,Pass,0,0.9975254,0.68298066,0,0.8085532
7719,Pass,0,0.99954057,0.23452075,0,0.93673885
7720,Pass,0,0.9727016,0.42045397,0,0.860526
7721,Pass,0,0.99993944,0.16459991,0,0.9568518
7722,Pass,0,0.9992467,0.0863232,0,0.9782715
7723,Pass,0,0.9997601,0.137063,0,0.96445256
7724,Pass,0,0.988364,0.38062125,0,0.885497
7725,Pass,0,0.9995504,0.031897277,0,0.9939276
7726,Pass,0,0.9998317,0.25787058,0,0.93042064
7727,Pass,0,0.9999232,0.09797274,0,0.9756451
7728,Pass,0,0.99857616,0.20111124,0,0.94525397
7729,Pass,0,0.9769356,0.3690996,0,0.8784359
7730,Pass,0,0.9991154,0.5107091,0,0.8584352
7731,Pass,0,0.99835384,0.3083083,0,0.91482913
7732,Pass,0,0.82811815,0.40994477,0,0.7350735
7733,Pass,0,0.99998176,0.11235893,0,0.9716408
7734,Pass,0,0.99968493,0.28679624,0,0.9221203
7735,Pass,0,0.99931324,0.20964587,0,0.94354373
7736,Pass,0,0.60915214,0.5176294,0,0.52219045
7737,Pass,0,0.99999964,0.094461635,0,0.976711
7738,Pass,0,0.99862015,0.15616642,0,0.957967
7739,Pass,0,0.9993661,0.24511977,0,0.9335849
7740,Pass,0,0.99999607,0.3067924,0,0.9167619
7741,Pass,0,0.99993706,0.16932726,0,0.9555149
7742,Pass,0,0.99983656,0.21687834,0,0.94199634
7743,Pass,0,0.99997723,0.13769788,0,0.96448284
7744,Pass,0,0.9999863,0.13546032,0,0.96512324
7745,Pass,0,0.9999925,0.5087557,0,0.85974026
7746,Pass,0,0.9856514,0.37353516,0,0.88503855
7747,Pass,0,0.999676,0.16512978,0,0.9564501
7748,Pass,0,0.99955493,0.43833315,0,0.8792371
7749,Pass,0,0.99661154,0.27303037,0,0.9231586
7750,Pass,0,0.9999926,0.20786603,0,0.9446877
7751,Pass,0,0.9999819,0.1944409,0,0.94846773
7752,Pass,0,0.99995387,0.1682648,0,0.95583093
7753,Pass,0,0.99999917,0.050178874,0,0.9892125
7754,Pass,0,0.99806505,0.26939934,0,0.9255281
7755,Pass,0,0.9999894,0.32702908,0,0.9110426
7756,Pass,0,0.94142914,0.24341613,0,0.8799144
7757,Pass,0,0.9933628,0.42229015,0,0.8782895
7758,Pass,0,0.99998295,0.116653636,0,0.9704295
7759,Pass,0,0.9996145,0.21802457,0,0.9414636
7760,Pass,0,0.99841607,0.24951512,0,0.9314585
7761,Pass,0,0.9999994,0.052217238,0,0.98863727
7762,Pass,0,0.99978644,0.19964956,0,0.94681215
7763,Pass,0,0.9999027,0.1984094,0,0.94727236
7764,Pass,0,0.9917902,0.6064021,0,0.8253468
7765,Pass,0,0.9999908,0.13352203,0,0.9656748
7766,Pass,0,0.9998485,0.1195837,0,0.9694719
7767,Pass,0,0.9999745,0.32433927,0,0.9117884
7768,Pass,0,0.9999716,0.15889843,0,0.95849216
7769,Pass,0,0.9983804,0.13598323,0,0.96342593
7770,Pass,0,0.99994457,0.36492297,0,0.9003041
7771,Pass,0,0.9999001,0.30508748,0,0.91715527
7772,Pass,0,0.9997068,0.3107087,0,0.9153914
7773,Pass,0,0.99752814,0.23001386,0,0.9361222
7774,Pass,0,0.99897397,0.36219034,0,0.90020084
7775,Pass,0,0.99998975,0.16389672,0,0.95709836
7776,Pass,0,0.9999858,0.1933028,0,0.94879276
7777,Pass,0,0.9998017,0.37222153,0,0.8981152
7778,Pass,0,0.99999976,0.09522977,0,0.97649425
7779,Pass,0,0.9982216,0.54702556,0,0.84743243
7780,Pass,0,0.9999988,0.097705744,0,0.97579426
7781,Pass,0,0.9997739,0.30161804,0,0.91801876
7782,Pass,0,0.9999871,0.16396585,0,0.9570764
7783,Pass,0,0.99306446,1.0492535,0,0.70224744
7784,Pass,0,0.9988906,0.26967078,0,0.9262171
7785,Pass,0,0.9999211,0.24758269,0,0.9334081
7786,Pass,0,0.96148837,0.41082552,0,0.85321957
7787,Pass,0,0.9999993,0.077662766,0,0.9814533
7788,Pass,0,0.99965477,0.32028225,0,0.9126418
7789,Pass,0,0.9979955,0.4409488,0,0.87712836
7790,Pass,0,0.9960084,0.47069156,0,0.8670184
7791,Pass,0,0.99925226,0.2210436,0,0.9402707
7792,Pass,0,0.99999964,0.11143563,0,0.9719188
7793,Pass,0,0.99922705,0.33980113,0,0.90674496
7794,Pass,0,0.999938,0.22074547,0,0.94100016
7795,Pass,0,0.9853221,0.20678401,0,0.9311296
7796,Pass,0,0.9989235,0.23052947,0,0.93728614
7797,Pass,0,0.86575264,0.72790205,0,0.6907639
7798,Pass,0,0.99890935,0.27821335,0,0.9238253
7799,Pass,0,0.990437,0.22144634,0,0.9318632
7800,Pass,0,0.9862664,0.81149733,0,0.76364225
7801,Pass,0,0.9997204,0.20163271,0,0.9461899
7802,Pass,0,0.99887115,0.18205592,0,0.9509068
7803,Pass,0,0.99994445,0.36236057,0,0.9010273
7804,Pass,0,0.99864537,0.37701613,0,0.8957247
7805,Pass,0,0.99998593,0.3878154,0,0.89387834
7806,Pass,0,0.99889874,0.13613564,0,0.96388316
7807,Pass,0,0.9987165,0.09241606,0,0.97603446
7808,Pass,0,0.99989545,0.20510133,0,0.9453764
7809,Pass,0,0.99987805,0.19159587,0,0.9491724
7810,Pass,0,0.99992394,0.13467559,0,0.9652846
7811,Pass,0,0.998047,0.1629999,0,0.95549166
7812,Pass,0,0.91272944,0.72430634,0,0.7291721
7813,Pass,0,0.95057184,0.4315831,0,0.8379617
7814,Pass,0,0.9999951,0.2846758,0,0.923005
7815,Pass,0,0.99948704,0.392508,0,0.89210826
7816,Pass,0,0.9999993,0.10453281,0,0.9738673
7817,Pass,0,0.99997306,0.13510793,0,0.96520996
7818,Pass,0,0.99999464,0.12047793,0,0.9693611
7819,Pass,0,0.99126303,0.2936856,0,0.9124238
7820,Pass,0,0.9988864,0.26200423,0,0.92837524
7821,Pass,0,0.9722056,1.0295459,0,0.6929062
7822,Pass,0,0.9994831,0.25372303,0,0.9312666
7823,Pass,0,0.9898346,0.5839106,0,0.83000475
7824,Pass,0,0.99999154,0.158054,0,0.95874965
7825,Pass,0,0.9999771,0.21372285,0,0.9430196
7826,Pass,0,0.9917887,0.27361545,0,0.91852736
7827,Pass,0,0.99619293,0.11130873,0,0.9682547
7828,Pass,0,0.9819556,0.22018746,0,0.92423236
7829,Pass,0,0.99959534,0.22491844,0,0.9395001
7830,Pass,0,0.9998678,0.37675473,0,0.89689493
7831,Pass,0,0.99987483,0.51100475,0,0.8590042
7832,Pass,0,0.9998586,0.047755286,0,0.98975766
7833,Pass,0,0.9999765,0.0967656,0,0.9760379
7834,Pass,0,0.99949193,0.17078935,0,0.954677
7835,Pass,0,0.999995,0.18221848,0,0.9519308
7836,Pass,0,0.9999957,0.12051551,0,0.96935153
7837,Pass,0,0.98009574,0.2314461,0,0.9193666
7838,Pass,0,0.99951506,0.20599455,0,0.9447647
7839,Pass,0,0.9388772,0.18188725,0,0.89383847
7840,Pass,0,0.99975604,0.37793568,0,0.8964614
7841,Pass,0,0.98790807,0.4799894,0,0.85737383
7842,Pass,0,0.8764672,0.94666237,0,0.6451813
7843,Pass,0,0.9999889,0.13711487,0,0.9646587
7844,Pass,0,0.99748766,0.21271545,0,0.94095564
7845,Pass,0,0.99990535,0.32353467,0,0.9119525
7846,Pass,0,0.9999628,0.15283291,0,0.9601961
7847,Pass,0,0.9804175,0.52231055,0,0.8391588
7848,Pass,0,0.998796,0.40808377,0,0.8870993
7849,Pass,0,0.8961693,0.96741194,0,0.6544345
7850,Pass,0,0.62335736,0.5642935,0,0.5261554
7851,Pass,0,0.9987674,0.27633378,0,0.924224
7852,Pass,0,0.99974686,0.32431585,0,0.9115875
7853,Pass,0,0.9997392,0.25698492,0,0.9305846
7854,Pass,0,0.9580447,0.22399583,0,0.900697
7855,Pass,0,0.99999416,0.20614827,0,0.9451741
7856,Pass,0,0.97218996,0.45216647,0,0.8513692
7857,Pass,0,0.9389097,0.32805458,0,0.855124
7858,Pass,0,0.99040496,0.51224315,0,0.8505222
7859,Pass,0,0.7943537,0.41854486,0,0.70317405
7860,Pass,0,0.9993457,0.20257235,0,0.9455702
7861,Pass,0,0.99954873,0.31766716,0,0.913283
7862,Pass,0,0.9999187,0.6019794,0,0.8333598
7863,Pass,0,0.9740191,0.42753318,0,0.8597449
7864,Pass,0,0.99652416,0.22793949,0,0.9357636
7865,Pass,0,0.991041,0.35747993,0,0.8943702
7866,Pass,0,0.9999187,0.23893888,0,0.93584603
7867,Pass,0,0.9988335,0.18301922,0,0.9505993
7868,Pass,0,0.9999918,0.20636143,0,0.94511175
7869,Pass,0,0.99865913,0.088786006,0,0.9770019
7870,Pass,0,0.97993016,0.4242589,0,0.86586833
7871,Pass,0,0.99999726,0.41947794,0,0.8849494
7872,Pass,0,0.9999844,0.2848781,0,0.922938
7873,Pass,0,0.99999285,0.1719087,0,0.9548394
7874,Pass,0,0.9673004,0.36123285,0,0.87192047
7875,Pass,0,0.99220455,0.22184157,0,0.9334155
7876,Pass,0,0.9967379,0.2516693,0,0.9292867
7877,Pass,0,0.98948646,0.39452273,0,0.8826192
7878,Pass,0,0.9999975,0.19176234,0,0.9492387
7879,Pass,0,0.99999976,0.15507022,0,0.9595999
7880,Pass,0,0.99996996,0.057408962,0,0.98714244
7881,Pass,0,0.9997681,0.033527438,0,0.99368393
7882,Pass,0,0.9999691,0.10996794,0,0.9723035
7883,Pass,0,0.99998057,0.1466706,0,0.96195287
7884,Pass,0,0.9986155,0.21884309,0,0.940292
7885,Pass,0,0.9999995,0.124430604,0,0.9682499
7886,Pass,0,0.6415677,0.83890855,0,0.4917854
7887,Pass,0,0.9998455,0.16462947,0,0.95675355
7888,Pass,0,0.9887742,0.28105634,0,0.9136584
7889,Pass,0,0.9999777,0.1054191,0,0.9735961
7890,Pass,0,0.99905664,0.10656887,0,0.97237504
7891,Pass,0,0.99997604,0.14812003,0,0.96153927
7892,Pass,0,0.99707484,0.25333095,0,0.92913306
7893,Pass,0,0.9973653,0.46924105,0,0.868608
7894,Pass,0,0.998009,0.24944347,0,0.93109894
7895,Pass,0,0.9945227,0.22293353,0,0.9352897
7896,Pass,0,0.99755234,0.15153362,0,0.95824736
7897,Pass,0,0.999966,0.19342354,0,0.9487399
7898,Pass,0,0.9991504,0.19679627,0,0.9470147
7899,Pass,0,0.893568,0.26743364,0,0.82912153
7900,Pass,0,0.98243296,0.14559554,0,0.9453708
7901,Pass,0,0.9999634,0.22755976,0,0.9391003
7902,Pass,0,0.6980929,0.60402375,0,0.5814069
7903,Pass,0,0.9933363,0.42865384,0,0.87648153
7904,Pass,0,0.9999963,0.12639917,0,0.96769106
7905,Pass,0,0.9678375,0.3759901,0,0.8683723
7906,Pass,0,0.99985635,0.15286939,0,0.96008354
7907,Pass,0,0.99993205,0.21665427,0,0.9421496
7908,Pass,0,0.9945555,0.26553184,0,0.9233596
7909,Pass,0,0.9986425,0.4641455,0,0.87115693
7910,Pass,0,0.9999987,0.14485326,0,0.96248335
7911,Pass,0,0.99543047,0.23048352,0,0.9340216
7912,Pass,0,0.9792859,0.32934633,0,0.89154
7913,Pass,0,0.9998442,0.15018402,0,0.9608299
7914,Pass,0,0.9999888,0.09566839,0,0.97635967
7915,Pass,0,0.66434795,0.7701648,0,0.5221409
7916,Pass,0,0.9953353,0.17474242,0,0.94959587
7917,Pass,0,0.99307126,0.58266133,0,0.833069
7918,Pass,0,0.7281144,0.54031086,0,0.6195074
7919,Pass,0,0.99997485,0.2749805,0,0.92572343
7920,Pass,0,0.9903098,0.25589505,0,0.9221121
7921,Pass,0,0.9112936,0.7278435,0,0.72711504
7922,Pass,0,0.9991203,0.4097144,0,0.88692737
7923,Pass,0,0.99995136,0.36217627,0,0.9010856
7924,Pass,0,0.99623126,0.3759589,0,0.8938568
7925,Pass,0,0.9998963,0.19385587,0,0.94855165
7926,Pass,0,0.99999607,0.20651826,0,0.9450715
7927,Pass,0,0.97689545,0.6884564,0,0.79032123
7928,Pass,0,0.8897735,0.7806373,0,0.6966822
7929,Pass,0,0.99998474,0.20055142,0,0.94674534
7930,Pass,0,0.99915814,0.3211514,0,0.9119433
7931,Pass,0,0.99950314,0.15373482,0,0.9595002
7932,Pass,0,0.9999001,0.3289262,0,0.91042566
7933,Pass,0,0.99993885,0.39637822,0,0.8914189
7934,Pass,0,0.99498004,0.28851008,0,0.917299
7935,Pass,0,0.999882,0.1306786,0,0.9663724
7936,Pass,0,0.99979657,0.23823912,0,0.93592924
7937,Pass,0,0.9999963,0.14950518,0,0.9611677
7938,Pass,0,0.9997284,0.54966134,0,0.84796774
7939,Pass,0,0.99986565,0.071583994,0,0.9830381
7940,Pass,0,0.99999595,0.08076125,0,0.98057526
7941,Pass,0,0.99998474,0.2259084,0,0.9395866
7942,Pass,0,0.99350584,0.17488614,0,0.9478102
7943,Pass,0,0.99947673,0.2370012,0,0.9359792
7944,Pass,0,0.99956876,0.06918452,0,0.98342335
7945,Pass,0,0.902793,0.5531766,0,0.76485133
7946,Pass,0,0.9987895,0.3348483,0,0.9077445
7947,Pass,0,0.9999908,0.12475258,0,0.9681506
7948,Pass,0,0.9947472,0.32093537,0,0.90797806
7949,Pass,0,0.99992657,0.23552182,0,0.93681806
7950,Pass,0,0.9999976,0.15247987,0,0.9603292
7951,Pass,0,0.9934836,0.27100578,0,0.92082906
7952,Pass,0,0.9844812,0.71301717,0,0.7896317
7953,Pass,0,0.99993885,0.10091005,0,0.97483116
7954,Pass,0,0.9984072,0.13287207,0,0.9643287
7955,Pass,0,0.99923265,0.24150057,0,0.93448126
7956,Pass,0,0.99999,0.18063998,0,0.9523717
7957,Pass,0,0.9997634,0.20294549,0,0.9458601
7958,Pass,0,0.9994843,0.18137923,0,0.9516815
7959,Pass,0,0.99999714,0.12590705,0,0.96783084
7960,Pass,0,0.9999895,0.10335973,0,0.974189
7961,Pass,0,0.99995756,0.16994227,0,0.9553609
7962,Pass,0,0.99671257,0.1753925,0,0.950727
7963,Pass,0,0.99995196,0.2094778,0,0.9441943
7964,Pass,0,0.9528214,0.30493635,0,0.87401307
7965,Pass,0,0.99999845,0.14456905,0,0.9625634
7966,Pass,0,0.99997425,0.1305965,0,0.9664847
7967,Pass,0,0.99999833,0.12593335,0,0.9678245
7968,Pass,0,0.9999974,0.14881983,0,0.96136224
7969,Pass,0,0.9998597,0.046799492,0,0.9900285
7970,Pass,0,0.9999802,0.10498112,0,0.97372216
7971,Pass,0,0.98631096,0.20160216,0,0.9335069
7972,Pass,0,0.9999813,0.13601506,0,0.96496177
7973,Pass,0,0.9998499,0.036344767,0,0.99297
7974,Pass,0,0.9997992,0.15953408,0,0.95814747
7975,Pass,0,0.99971586,0.086176686,0,0.97877216
7976,Pass,0,0.9999995,0.07871178,0,0.9811574
7977,Pass,0,0.9999871,0.15576012,0,0.959393
7978,Pass,0,0.9998641,0.45040035,0,0.8761026
7979,Pass,0,0.9999589,0.21247071,0,0.94335586
7980,Pass,0,0.9993444,0.12034229,0,0.96876913
7981,Pass,0,0.999995,0.17540188,0,0.9538553
7982,Pass,0,0.99762267,0.3216807,0,0.91039276
7983,Pass,0,0.99782026,0.32758465,0,0.9089099
7984,Pass,0,0.9999093,0.3235146,0,0.91196173
7985,Pass,0,0.99957067,0.20832625,0,0.9441592
7986,Pass,0,0.99812454,0.41224965,0,0.88532907
7987,Pass,0,0.9999192,0.13742219,0,0.9645046
7988,Pass,0,0.9999546,0.21184266,0,0.9435291
7989,Pass,0,0.9998468,0.26385346,0,0.9287459
7990,Pass,0,0.9294359,0.21775423,0,0.87543845
7991,Pass,0,0.88568467,0.30467114,0,0.8124956
7992,Pass,0,0.9998952,0.20908733,0,0.94425094
7993,Pass,0,0.99998987,0.18206368,0,0.9519696
7994,Pass,0,0.9988079,0.29730448,0,0.91834813
7995,Pass,0,0.9999931,0.1053348,0,0.97363484
7996,Pass,0,0.9989447,0.24004263,0,0.9346232
7997,Pass,0,0.99973434,0.19857916,0,0.94706494
7998,Pass,0,0.99997187,0.28799364,0,0.9220469
7999,Pass,0,0.9947909,0.40318298,0,0.8849185
8000,Pass,0,0.9999982,0.21127999,0,0.94372916
8001,Pass,0,0.9995265,0.18878785,0,0.94963104
8002,Pass,0,0.9932822,0.22045083,0,0.93481934
8003,Pass,0,0.9953928,0.14191203,0,0.95887685
8004,Pass,0,0.995501,0.34659168,0,0.9014553
8005,Pass,0,0.99972194,0.013889181,0,0.9991809
8006,Pass,0,0.9959413,0.19778296,0,0.94369555
8007,Pass,0,0.999255,0.21756169,0,0.94125557
8008,Pass,0,0.9992483,0.21296917,0,0.94254494
8009,Pass,0,0.99997175,0.28318962,0,0.923403
8010,Pass,0,0.99121803,0.72663784,0,0.7912236
8011,Pass,0,0.9998492,0.30233613,0,0.9178852
8012,Pass,0,0.9994678,0.8971643,0,0.7496909
8013,Pass,0,0.9999999,0.181476,0,0.9521451
8014,Pass,0,0.9999485,0.26614562,0,0.9281932
8015,Pass,0,0.99998105,0.24553272,0,0.9340428
8016,Pass,0,0.99552685,0.2688022,0,0.9233422
8017,Pass,0,0.99812967,0.17165755,0,0.9531312
8018,Pass,0,0.99999475,0.11507282,0,0.97088724
8019,Pass,0,0.9919208,0.34012815,0,0.90002346
8020,Pass,0,0.98604035,0.40378013,0,0.8769682
8021,Pass,0,0.9999026,0.22566742,0,0.93957746
8022,Pass,0,0.99763954,0.085667364,0,0.9768828
8023,Pass,0,0.99998856,0.14557356,0,0.96227026
8024,Pass,0,0.9999796,0.10048575,0,0.9749907
8025,Pass,0,0.9999943,0.22450946,0,0.9399905
8026,Pass,0,0.9999958,0.12947051,0,0.96682346
8027,Pass,0,0.9999914,0.18895163,0,0.9500265
8028,Pass,0,0.99339175,0.22964092,0,0.932345
8029,Pass,0,0.9992318,0.21907584,0,0.9408067
8030,Pass,0,0.99996364,0.31636193,0,0.91403055
8031,Pass,0,0.9993406,0.2715149,0,0.9261141
8032,Pass,0,0.99989283,0.13634233,0,0.964784
8033,Pass,0,0.9999517,0.11874178,0,0.96980965
8034,Pass,0,0.9996499,0.18568897,0,0.9506228
8035,Pass,0,0.9975955,0.32234678,0,0.9101804
8036,Pass,0,0.999856,0.17923804,0,0.9526398
8037,Pass,0,0.99997246,0.4360052,0,0.88026154
8038,Pass,0,0.99730945,0.29470077,0,0.91770345
8039,Pass,0,0.9999523,0.1436777,0,0.96277064
8040,Pass,0,0.9999962,0.09885356,0,0.9754677
8041,Pass,0,0.9999658,0.12998612,0,0.9666489
8042,Pass,0,0.99999166,0.076119624,0,0.98188156
8043,Pass,0,0.99860257,0.3538546,0,0.90221626
8044,Pass,0,0.96686584,0.37575474,0,0.86756474
8045,Pass,0,0.99979454,0.035561025,0,0.9931362
8046,Pass,0,0.9998274,0.15120319,0,0.9605261
8047,Pass,0,0.9383311,0.6791017,0,0.7616004
8048,Pass,0,0.9994073,0.18871744,0,0.94953763
8049,Pass,0,0.9999119,0.46463904,0,0.87212497
8050,Pass,0,0.99977976,0.29270658,0,0.9205395
8051,Pass,0,0.9999831,0.12096041,0,0.9692137
8052,Pass,0,0.99998796,0.14685282,0,0.9619085
8053,Pass,0,0.9987036,0.21100403,0,0.9425852
8054,Pass,0,0.99999785,0.0424607,0,0.9913902
8055,Pass,0,0.9998969,0.11521636,0,0.97075164
8056,Pass,0,0.99999964,0.11810978,0,0.97003454
8057,Pass,0,0.999946,0.18828458,0,0.95017165
8058,Pass,0,0.9982035,0.22812626,0,0.93728787
8059,Pass,0,0.99467164,0.763936,0,0.78350633
8060,Pass,0,0.9982564,0.2600797,0,0.9283321
8061,Pass,0,0.99472755,0.5963383,0,0.83061755
8062,Pass,0,0.5093186,1.3191535,0,0.32135606
8063,Pass,0,0.9865289,0.25640273,0,0.9184501
8064,Pass,0,0.9977112,0.301329,0,0.9162061
8065,Pass,0,0.999585,0.77682835,0,0.7837383
8066,Pass,0,0.9879175,0.3879555,0,0.8830514
8067,Pass,0,0.99999833,0.12083299,0,0.9692645
8068,Pass,0,0.9989507,0.23430619,0,0.93624663
8069,Pass,0,0.8111757,0.36042452,0,0.73137546
8070,Pass,0,0.99999094,0.11679457,0,0.9703974
8071,Pass,0,0.9957716,0.49437195,0,0.86015505
8072,Pass,0,0.9981896,0.5206619,0,0.8548349
8073,Pass,0,0.999851,0.13759242,0,0.9643908
8074,Pass,0,0.9996662,0.30024207,0,0.91830826
8075,Pass,0,0.9996383,0.6803554,0,0.8110067
8076,Pass,0,0.99317247,0.34132427,0,0.9008237
8077,Pass,0,0.99897456,0.25873068,0,0.9293805
8078,Pass,0,0.99916804,0.0761818,0,0.98105526
8079,Pass,0,0.79270464,0.1896799,0,0.7529339
8080,Pass,0,0.9999727,0.20299667,0,0.9460436
8081,Pass,0,0.7602094,0.73062277,0,0.6059694
8082,Pass,0,0.99985695,0.22957136,0,0.9384325
8083,Pass,0,0.99997616,0.111203454,0,0.97196156
8084,Pass,0,0.9356403,0.17551391,0,0.8924403
8085,Pass,0,0.99996996,0.101411134,0,0.97472006
8086,Pass,0,0.9994796,0.10469355,0,0.9733159
8087,Pass,0,0.99961853,0.25173593,0,0.93195355
8088,Pass,0,0.9985227,0.64687675,0,0.8195395
8089,Pass,0,0.99984205,0.22013757,0,0.9410815
8090,Pass,0,0.9990683,0.15160698,0,0.95968294
8091,Pass,0,0.64385027,0.78203577,0,0.50387305
8092,Pass,0,0.98120177,0.42138532,0,0.86778796
8093,Pass,0,0.9593593,0.41688445,0,0.8496892
8094,Pass,0,0.7073806,0.9249482,0,0.52505046
8095,Pass,0,0.46194822,0.4452295,0,0.40544346
8096,Pass,0,0.9997825,0.16847649,0,0.95560735
8097,Pass,0,0.99265724,0.36093175,0,0.8948614
8098,Pass,0,0.996609,0.54450923,0,0.8467715
8099,Pass,0,0.9987276,0.09496569,0,0.9753264
8100,Pass,0,0.99923956,0.13237447,0,0.9652731
8101,Pass,0,0.96173507,0.30019808,0,0.8834761
8102,Pass,0,0.4975819,0.34192038,0,0.45123118
8103,Pass,0,0.9987317,0.1156578,0,0.96949595
8104,Pass,0,0.99709666,0.2503245,0,0.92999977
8105,Pass,0,0.9991153,0.3885991,0,0.89287895
8106,Pass,0,0.99327165,0.44273224,0,0.8724765
8107,Pass,0,0.999071,0.22852582,0,0.9379898
8108,Pass,0,0.9976162,0.2717338,0,0.9244544
8109,Pass,0,0.98588425,0.32850718,0,0.89778066
8110,Pass,0,0.98806864,0.5498143,0,0.8380353
8111,Pass,0,0.9999938,0.120680474,0,0.96930313
8112,Pass,0,0.7789642,0.46125123,0,0.68015903
8113,Pass,0,0.99971086,0.061213538,0,0.9858129
8114,Pass,0,0.9999982,0.10948945,0,0.9724669
8115,Pass,0,0.52388906,0.5835915,0,0.43934324
8116,Pass,0,0.9999976,0.15320297,0,0.960125
8117,Pass,0,0.99951625,0.123996146,0,0.9679046
8118,Pass,0,0.9999013,0.034288105,0,0.99360156
8119,Pass,0,0.9891699,0.22958668,0,0.9283977
8120,Pass,0,0.9993374,0.22590695,0,0.9389787
8121,Pass,0,0.99999154,0.18459332,0,0.95125705
8122,Pass,0,0.99988115,0.15190549,0,0.9603795
8123,Pass,0,0.9995504,0.2673864,0,0.92747355
8124,Pass,0,0.99993837,0.1812035,0,0.9521634
8125,Pass,0,0.999718,0.41942728,0,0.8847166
8126,Pass,0,0.96218896,0.3208367,0,0.87828654
8127,Pass,0,0.9999783,0.13303581,0,0.9658
8128,Pass,0,0.9993105,0.46680608,0,0.870989
8129,Pass,0,0.99977463,0.2631491,0,0.92887765
8130,Pass,0,0.99985874,0.15553752,0,0.9593327
8131,Pass,0,0.9999323,0.09407642,0,0.97675395
8132,Pass,0,0.9988809,0.17996381,0,0.9515061
8133,Pass,0,0.9999925,0.11260841,0,0.9715808
8134,Pass,0,0.99998796,0.07732927,0,0.9815364
8135,Pass,0,0.9990946,0.54939467,0,0.8475054
8136,Pass,0,0.94066894,0.1952478,0,0.89199597
8137,Pass,0,0.99998164,0.24848321,0,0.93321043
8138,Pass,0,0.99892503,0.16696271,0,0.9552147
8139,Pass,0,0.9994771,0.18629602,0,0.9502872
8140,Pass,0,0.99994683,0.18272647,0,0.9517416
8141,Pass,0,0.9996197,0.12522559,0,0.96765786
8142,Pass,0,0.99961203,0.2435699,0,0.9342521
8143,Pass,0,0.99501675,0.5291034,0,0.84974635
8144,Pass,0,0.997332,0.19438514,0,0.94597
8145,Pass,0,0.99992955,0.3475123,0,0.9052056
8146,Pass,0,0.9824568,0.20038424,0,0.93019694
8147,Pass,0,0.99987125,0.15606973,0,0.9591945
8148,Pass,0,0.9999379,0.206788,0,0.9449403
8149,Pass,0,0.99985766,0.23657143,0,0.93645716
8150,Pass,0,0.99767536,0.22859588,0,0.9366597
8151,Pass,0,0.99865025,0.12092871,0,0.96793085
8152,Pass,0,0.999984,0.15716998,0,0.958992
8153,Pass,0,0.99650806,0.39352408,0,0.88916343
8154,Pass,0,0.99990845,0.18231449,0,0.9518213
8155,Pass,0,0.99980146,0.21447471,0,0.9426417
8156,Pass,0,0.99405515,0.5172295,0,0.8522575
8157,Pass,0,0.99967575,0.15411289,0,0.95955914
8158,Pass,0,0.99859923,0.1925152,0,0.94769925
8159,Pass,0,0.9979558,0.06785797,0,0.9822102
8160,Pass,0,0.8330081,0.8235158,0,0.6421516
8161,Pass,0,0.99999356,0.14618094,0,0.9621036
8162,Pass,0,0.9999944,0.32437018,0,0.9117978
8163,Pass,0,0.99782395,0.15868904,0,0.95649254
8164,Pass,0,0.99774784,0.25481516,0,0.92934215
8165,Pass,0,0.8436212,0.3058288,0,0.7736323
8166,Pass,0,0.9998659,0.085272476,0,0.9791743
8167,Pass,0,0.9999925,0.10893989,0,0.97261643
8168,Pass,0,0.9775294,0.40906206,0,0.867941
8169,Pass,0,0.99993944,0.17279951,0,0.954537
8170,Pass,0,0.9947221,0.3184554,0,0.9086516
8171,Pass,0,0.99869764,0.40736264,0,0.88721526
8172,Pass,0,0.9990287,0.22707963,0,0.93835795
8173,Pass,0,0.99975914,0.29780096,0,0.9190826
8174,Pass,0,0.9997291,0.18054901,0,0.95214885
8175,Pass,0,0.9998429,0.1516321,0,0.9604199
8176,Pass,0,0.99999523,0.08389844,0,0.9796889
8177,Pass,0,0.99997425,0.20068091,0,0.94669884
8178,Pass,0,0.99917346,0.2949498,0,0.9193485
8179,Pass,0,0.99611735,0.15782325,0,0.9551001
8180,Pass,0,0.99991333,0.2015366,0,0.9463996
8181,Pass,0,0.7456465,0.301863,0,0.6846207
8182,Pass,0,0.916908,0.40505114,0,0.815154
8183,Pass,0,0.88665366,0.66630924,0,0.72285837
8184,Pass,0,0.9261955,0.47809,0,0.80431217
8185,Pass,0,0.9997669,0.227609,0,0.9389019
8186,Pass,0,0.9999279,0.18678524,0,0.95057774
8187,Pass,0,0.9973648,0.0583693,0,0.9843004
8188,Pass,0,0.9998665,0.3020915,0,0.9179701
8189,Pass,0,0.999998,0.116447985,0,0.97050214
8190,Pass,0,0.9998288,0.16875705,0,0.9555724
8191,Pass,0,0.99994314,0.17423612,0,0.95413494
8192,Pass,0,0.9999467,0.30379328,0,0.9175634
8193,Pass,0,0.9998777,0.18428741,0,0.9512351
8194,Pass,0,0.99713385,0.17921373,0,0.95005304
8195,Pass,0,0.999711,0.18285961,0,0.9514795
8196,Pass,0,0.993606,0.3828533,0,0.88956726
8197,Pass,0,0.999469,0.37870193,0,0.89598775
8198,Pass,0,0.8121601,0.38495174,0,0.72663915
8199,Pass,0,0.99992144,0.2426238,0,0.9348084
8200,Pass,0,0.99998426,0.16878195,0,0.955714
8201,Pass,0,0.9876039,0.24173176,0,0.9235416
8202,Pass,0,0.99717677,0.27487206,0,0.9231637
8203,Pass,0,0.9989017,0.26918527,0,0.92636436
8204,Pass,0,0.9998878,0.29202434,0,0.9208316
8205,Pass,0,0.99978536,0.5486496,0,0.84830165
8206,Pass,0,0.99996316,0.17646882,0,0.95352376
8207,Pass,0,0.99219006,0.16348022,0,0.94974995
8208,Pass,0,0.9997253,0.29303434,0,0.92039686
8209,Pass,0,0.9996902,0.3802207,0,0.89575744
8210,Pass,0,0.892329,0.56059664,0,0.7541169
8211,Pass,0,0.9999975,0.09887405,0,0.97546315
8212,Pass,0,0.98891103,0.41216442,0,0.8771805
8213,Pass,0,0.99683917,0.35423267,0,0.9005166
8214,Pass,0,0.9999778,0.32834256,0,0.9106612
8215,Pass,0,0.9999653,0.17982873,0,0.95257723
8216,Pass,0,0.9999497,0.3707143,0,0.8986737
8217,Pass,0,0.97905344,0.35054177,0,0.8854697
8218,Pass,0,0.99510324,0.15890159,0,0.9538248
8219,Pass,0,0.99976593,0.05733976,0,0.9869606
8220,Pass,0,0.999985,0.10954468,0,0.97243845
8221,Pass,0,0.9999893,0.190912,0,0.949471
8222,Pass,0,0.99995506,0.13812065,0,0.96434206
8223,Pass,0,0.9998037,0.43587232,0,0.88015056
8224,Pass,0,0.9999809,0.12181006,0,0.9689718
8225,Pass,0,0.999501,0.2540676,0,0.931186
8226,Pass,0,0.9988757,0.39550936,0,0.8907162
8227,Pass,0,0.96523964,0.34912038,0,0.8733637
8228,Pass,0,0.9952561,0.29315376,0,0.91624874
8229,Pass,0,0.98369414,0.1778804,0,0.9376182
8230,Pass,0,0.9583273,0.39172745,0,0.85558164
8231,Pass,0,0.9939454,0.08650084,0,0.97303164
8232,Pass,0,0.99775094,0.24939473,0,0.93087184
8233,Pass,0,0.9972167,0.060153633,0,0.9836518
8234,Pass,0,0.99972945,0.124030516,0,0.9681014
8235,Pass,0,0.9999939,0.18037334,0,0.9524507
8236,Pass,0,0.99816656,0.51708215,0,0.855824
8237,Pass,0,0.9999776,0.2003992,0,0.9467815
8238,Pass,0,0.9935096,0.13585073,0,0.9587628
8239,Pass,0,0.9995491,0.23168476,0,0.93754715
8240,Pass,0,0.9999703,0.11000795,0,0.9722934
8241,Pass,0,0.9998005,0.33289972,0,0.9092134
8242,Pass,0,0.99932754,0.28690118,0,0.92176104
8243,Pass,0,0.9941175,0.37086773,0,0.89338917
8244,Pass,0,0.9996099,0.17249961,0,0.954307
8245,Pass,0,0.67235047,0.46242058,0,0.5868464
8246,Pass,0,0.7247605,0.7301141,0,0.57781684
8247,Pass,0,0.9999809,0.15569124,0,0.95940655
8248,Pass,0,0.99999666,0.10831004,0,0.9727984
8249,Pass,0,0.9999844,0.21498893,0,0.94266903
8250,Pass,0,0.9981092,0.13749982,0,0.9627369
8251,Pass,0,0.99991393,0.15214479,0,0.9603434
8252,Pass,0,0.9983436,0.035250343,0,0.99178255
8253,Pass,0,0.9269624,0.30831438,0,0.8494088
8254,Pass,0,0.99985397,0.52003646,0,0.8564368
8255,Pass,0,0.98813486,0.6363104,0,0.8139614
8256,Pass,0,0.9993237,0.27357718,0,0.9255166
8257,Pass,0,0.999819,0.22021197,0,0.9410388
8258,Pass,0,0.98954177,0.30186233,0,0.9085551
8259,Pass,0,0.97862065,0.40192774,0,0.870881
8260,Pass,0,0.9865138,0.27958086,0,0.9119806
8261,Pass,0,0.999244,0.036022853,0,0.99245906
8262,Pass,0,0.94498837,0.5074398,0,0.8128017
8263,Pass,0,0.99338645,0.5346614,0,0.8467953
8264,Pass,0,0.99968374,0.27426517,0,0.9256559
8265,Pass,0,0.9997626,0.39280447,0,0.89227045
8266,Pass,0,0.99997294,0.27514875,0,0.9256742
8267,Pass,0,0.98911685,0.4917104,0,0.8551498
8268,Pass,0,0.9987174,0.06937474,0,0.98253214
8269,Pass,0,0.999959,0.14182362,0,0.96330047
8270,Pass,0,0.9943434,0.31335184,0,0.90973836
8271,Pass,0,0.99992,0.20234501,0,0.9461777
8272,Pass,0,0.9576403,0.5469924,0,0.81299025
8273,Pass,0,0.6995937,0.45822194,0,0.61145437
8274,Pass,0,0.94279593,0.26000303,0,0.8767769
8275,Pass,0,0.987632,0.45029354,0,0.8654144
8276,Pass,0,0.9989323,0.35927474,0,0.90098554
8277,Pass,0,0.950946,0.97886753,0,0.69136
8278,Pass,0,0.7173236,0.432727,0,0.6321137
8279,Pass,0,0.8313646,0.38788873,0,0.743132
8280,Pass,0,0.9994667,0.23851739,0,0.9355419
8281,Pass,0,0.99899465,0.21912466,0,0.9405695
8282,Pass,0,0.99965,0.3739574,0,0.8974891
8283,Pass,0,0.9880464,0.23026909,0,0.92715293
8284,Pass,0,0.9990126,0.34608936,0,0.9047769
8285,Pass,0,0.9996402,0.09042558,0,0.977499
8286,Pass,0,0.99480337,0.21518612,0,0.9377296
8287,Pass,0,0.9993204,0.25168434,0,0.9316902
8288,Pass,0,0.91794086,0.42019328,0,0.8121481
8289,Pass,0,0.9988752,0.040931642,0,0.9907085
8290,Pass,0,0.9911152,0.7864188,0,0.7744139
8291,Pass,0,0.9996562,0.2155938,0,0.942189
8292,Pass,0,0.8662425,0.6042353,0,0.72139865
8293,Pass,0,0.9940573,0.2716695,0,0.9211745
8294,Pass,0,0.98419166,0.62336636,0,0.81430984
8295,Pass,0,0.9662267,0.43363708,0,0.85120165
8296,Pass,0,0.939918,0.7964428,0,0.73175067
8297,Pass,0,0.9959936,0.29054388,0,0.91766155
8298,Pass,0,0.9418862,0.32354555,0,0.8590338
8299,Pass,0,0.9982304,0.37569064,0,0.89572614
8300,Pass,0,0.9999621,0.31374195,0,0.9147688
8301,Pass,0,0.9993556,0.3358908,0,0.90796494
8302,Pass,0,0.99976045,0.30638984,0,0.91665953
8303,Pass,0,0.9993967,0.17557642,0,0.9532354
8304,Pass,0,0.99557614,0.23841009,0,0.93193036
8305,Pass,0,0.9995022,0.081842534,0,0.979786
8306,Pass,0,0.99966323,0.06003672,0,0.9860981
8307,Pass,0,0.999678,0.15972354,0,0.95797783
8308,Pass,0,0.95061576,0.5190296,0,0.81453145
8309,Pass,0,0.99993384,0.22059919,0,0.94103754
8310,Pass,0,0.98424256,0.6571188,0,0.80497307
8311,Pass,0,0.826476,0.5466108,0,0.70172715
8312,Pass,0,0.9999354,0.14037079,0,0.96368784
8313,Pass,0,0.9999844,0.15811679,0,0.9587251
8314,Pass,0,0.9989679,0.18720867,0,0.9495457
8315,Pass,0,0.94875747,0.4453052,0,0.83268666
8316,Pass,0,0.9680864,1.7171819,0,0.5020307
8317,Pass,0,0.99575895,0.40385443,0,0.88559085
8318,Pass,0,0.8739842,0.63099146,0,0.72124386
8319,Pass,0,0.9767998,0.32537752,0,0.8903711
8320,Pass,0,0.83096546,0.39552698,0,0.7409833
8321,Pass,0,0.9960829,0.42799294,0,0.87909085
8322,Pass,0,0.84815717,0.3127806,0,0.7761274
8323,Pass,0,0.89751744,0.58342254,0,0.75271785
8324,Pass,0,0.9992914,0.12532765,0,0.9673112
8325,Pass,0,0.8194722,0.8276067,0,0.63077056
8326,Pass,0,0.99199015,0.3125973,0,0.9077967
8327,Pass,0,0.9197539,0.59390897,0,0.76864386
8328,Pass,0,0.99989843,0.17619663,0,0.95353884
8329,Pass,0,0.9995522,0.35593617,0,0.9024868
8330,Pass,0,0.9995851,0.44361547,0,0.87777287
8331,Pass,0,0.9994893,0.12868498,0,0.9665554
8332,Pass,0,0.5348321,0.72256905,0,0.42753536
8333,Pass,0,0.9997106,0.1355528,0,0.96483105
8334,Pass,0,0.99143463,0.22696643,0,0.9312567
8335,Pass,0,0.9988405,0.28520653,0,0.9217897
8336,Pass,0,0.99992573,0.19009645,0,0.9496409
8337,Pass,0,0.9996227,0.29139087,0,0.9207662
8338,Pass,0,0.9999696,0.23635142,0,0.9366241
8339,Pass,0,0.889719,0.44922626,0,0.779886
8340,Pass,0,0.99989784,0.07121308,0,0.9831745
8341,Pass,0,0.9999218,0.12865031,0,0.96698344
8342,Pass,0,0.9994686,0.16937292,0,0.9550544
8343,Pass,0,0.9999267,0.07541659,0,0.9820162
8344,Pass,0,0.9997937,0.050202098,0,0.9890027
8345,Pass,0,0.9998696,0.22322927,0,0.94023466
8346,Pass,0,0.9999559,0.15840934,0,0.9586152
8347,Pass,0,0.9973321,0.33792076,0,0.9055549
8348,Pass,0,0.99966156,0.279208,0,0.9242403
8349,Pass,0,0.9988931,0.21259099,0,0.94231653
8350,Pass,0,0.9996772,0.2893817,0,0.92138344
8351,Pass,0,0.994886,0.38416576,0,0.8903446
8352,Pass,0,0.9992126,0.079182364,0,0.9802526
8353,Pass,0,0.90283644,0.7868488,0,0.70532715
8354,Pass,0,0.9986166,0.4238555,0,0.8824934
8355,Pass,0,0.99998665,0.24834031,0,0.93325543
8356,Pass,0,0.99983156,0.24730884,0,0.9334018
8357,Pass,0,0.9998481,0.29166695,0,0.9208959
8358,Pass,0,0.92936826,0.49157053,0,0.80353034
8359,Pass,0,0.9988167,0.19604674,0,0.9469098
8360,Pass,0,0.99984837,0.044060186,0,0.99079055
8361,Pass,0,0.9954827,0.25679263,0,0.9266765
8362,Pass,0,0.9986903,0.765595,0,0.7862041
8363,Pass,0,0.9999677,0.2453391,0,0.934085
8364,Pass,0,0.99997365,0.13894522,0,0.9641272
8365,Pass,0,0.99619824,0.26109,0,0.926134
8366,Pass,0,0.99996364,0.1381749,0,0.964335
8367,Pass,0,0.99977106,0.04067193,0,0.9916703
8368,Pass,0,0.9999889,0.09452358,0,0.976683
8369,Pass,0,0.9998877,0.16819204,0,0.9557882
8370,Pass,0,0.9999856,0.15138479,0,0.9606268
8371,Pass,0,0.999665,0.20644467,0,0.9447794
8372,Pass,0,0.98874146,0.28343457,0,0.9129643
8373,Pass,0,0.99749917,0.17722856,0,0.9509602
8374,Pass,0,0.98199826,0.6220056,0,0.81287235
8375,Pass,0,0.93903637,0.67790556,0,0.76248986
8376,Pass,0,0.9979426,0.59032804,0,0.8349955
8377,Pass,0,0.99998033,0.14764279,0,0.9616782
8378,Pass,0,0.9993869,0.1770435,0,0.9528121
8379,Pass,0,0.988203,0.43149295,0,0.87116
8380,Pass,0,0.99991906,0.17645124,0,0.9534866
8381,Pass,0,0.98735386,0.34060267,0,0.8957473
8382,Pass,0,0.8066686,0.5767573,0,0.6780439
8383,Pass,0,0.90652305,0.6012118,0,0.75571775
8384,Pass,0,0.9998274,0.20096111,0,0.94648075
8385,Pass,0,0.99977845,0.2248178,0,0.93970054
8386,Pass,0,0.99959487,0.38731748,0,0.89366925
8387,Pass,0,0.9862882,0.48999506,0,0.85318196
8388,Pass,0,0.9978725,0.1711065,0,0.95304084
8389,Pass,0,0.9975401,0.38291192,0,0.89307296
8390,Pass,0,0.99826545,0.045314997,0,0.9888683
8391,Pass,0,0.9988123,0.44807005,0,0.87583816
8392,Pass,0,0.99998665,0.27984494,0,0.92436105
8393,Pass,0,0.99952173,0.19054122,0,0.9491317
8394,Pass,0,0.99857855,0.24639495,0,0.9324897
8395,Pass,0,0.9999492,0.13317382,0,0.96573293
8396,Pass,0,0.999824,0.050223283,0,0.9890267
8397,Pass,0,0.9919259,0.5675506,0,0.8363399
8398,Pass,0,0.9999331,0.26880723,0,0.9274276
8399,Pass,0,0.999992,0.10506061,0,0.97371125
8400,Pass,0,0.99997497,0.22576869,0,0.9396168
8401,Pass,0,0.99999166,0.11563118,0,0.9707266
8402,Pass,0,0.9999722,0.25479028,0,0.93142104
8403,Pass,0,0.99994516,0.24055049,0,0.9354158
8404,Pass,0,0.9558784,0.40567976,0,0.84962994
8405,Pass,0,0.99132043,0.5870404,0,0.8303747
8406,Pass,0,0.9374005,0.57495415,0,0.7884076
8407,Pass,0,0.99990845,0.2009118,0,0.94657135
8408,Pass,0,0.52117574,1.0197806,0,0.37288702
8409,Pass,0,0.99798536,0.2833083,0,0.9215353
8410,Pass,0,0.51023483,0.6381426,0,0.42003444
8411,Pass,0,0.9997563,0.21491264,0,0.9424755
8412,Pass,0,0.9955395,0.27812645,0,0.9207332
8413,Pass,0,0.9952154,0.4104368,0,0.883258
8414,Pass,0,0.99152946,0.36667386,0,0.8922373
8415,Pass,0,0.9994506,0.24617416,0,0.93336636
8416,Pass,0,0.9921034,0.44514644,0,0.87077415
8417,Pass,0,0.9999783,0.1753071,0,0.9538661
8418,Pass,0,0.99993455,0.076589696,0,0.98169273
8419,Pass,0,0.99882,0.31793064,0,0.9125429
8420,Pass,0,0.9990219,0.052397702,0,0.98762
8421,Pass,0,0.99999523,0.10107364,0,0.97484
8422,Pass,0,0.9943891,0.32218507,0,0.9073003
8423,Pass,0,0.99896216,0.23676896,0,0.9355628
8424,Pass,0,0.9999043,0.107185915,0,0.9730258
8425,Pass,0,0.9986028,0.37951213,0,0.8949829
8426,Pass,0,0.9394592,0.6047003,0,0.7822495
8427,Pass,0,0.99954116,0.052051328,0,0.98823106
8428,Pass,0,0.9997564,0.214322,0,0.94264233
8429,Pass,0,0.9995247,0.23123975,0,0.9376499
8430,Pass,0,0.98067456,0.50738245,0,0.8435119
8431,Pass,0,0.6842691,0.509254,0,0.5882018
8432,Pass,0,0.99979335,0.019079074,0,0.9977873
8433,Pass,0,0.99998987,0.110868536,0,0.97206944
8434,Pass,0,0.9999957,0.17585547,0,0.9537279
8435,Pass,0,0.9981254,0.4141191,0,0.884803
8436,Pass,0,0.9987702,0.15139681,0,0.9594558
8437,Pass,0,0.99877375,0.1885456,0,0.9489842
8438,Pass,0,0.99945563,0.27746454,0,0.9245419
8439,Pass,0,0.9997714,0.1284475,0,0.9668953
8440,Pass,0,0.99926335,0.14479837,0,0.96179104
8441,Pass,0,0.99949527,0.22251752,0,0.9400835
8442,Pass,0,0.99960285,0.36767334,0,0.89922017
8443,Pass,0,0.99954754,0.08347484,0,0.9793698
8444,Pass,0,0.9737874,0.3005329,0,0.8944556
8445,Pass,0,0.9992644,0.18251273,0,0.9511523
8446,Pass,0,0.9999989,0.12005216,0,0.9694855
8447,Pass,0,0.999982,0.18950795,0,0.9498605
8448,Pass,0,0.99998057,0.11605802,0,0.97059536
8449,Pass,0,0.9998454,0.06997329,0,0.9834728
8450,Pass,0,0.99764985,0.22393106,0,0.9379496
8451,Pass,0,0.9996024,0.17136934,0,0.9546188
8452,Pass,0,0.9996137,0.36410436,0,0.90023714
8453,Pass,0,0.7828038,0.69334316,0,0.63221854
8454,Pass,0,0.99999654,0.10744322,0,0.973043
8455,Pass,0,0.9999976,0.08837994,0,0.978426
8456,Pass,0,0.9943234,0.4397988,0,0.87422377
8457,Pass,0,0.9944279,0.2800799,0,0.9191568
8458,Pass,0,0.99998975,0.08601318,0,0.9790865
8459,Pass,0,0.9987639,0.17002589,0,0.9541969
8460,Pass,0,0.999946,0.24335589,0,0.9346246
8461,Pass,0,0.99959284,0.15369247,0,0.95959824
8462,Pass,0,0.99998975,0.18762289,0,0.95040005
8463,Pass,0,0.99769694,0.1965601,0,0.94570357
8464,Pass,0,0.9999987,0.19269557,0,0.9489764
8465,Pass,0,0.99975544,0.2838653,0,0.9230126
8466,Pass,0,0.9994307,0.2126493,0,0.9428072
8467,Pass,0,0.9850817,0.28848547,0,0.9081803
8468,Pass,0,0.9998785,0.068571985,0,0.9839011
8469,Pass,0,0.9955793,0.35598654,0,0.89888555
8470,Pass,0,0.99990714,0.22821414,0,0.93886274
8471,Pass,0,0.9999895,0.11197454,0,0.9717569
8472,Pass,0,0.9999136,0.29803246,0,0.91915923
8473,Pass,0,0.99981636,0.16142012,0,0.9576315
8474,Pass,0,0.9999839,0.10646402,0,0.97330713
8475,Pass,0,0.99999785,0.09948488,0,0.9752911
8476,Pass,0,0.9908572,0.42380023,0,0.8756518
8477,Pass,0,0.9942796,0.3184691,0,0.9082436
8478,Pass,0,0.99990237,0.07743006,0,0.9814239
8479,Pass,0,0.9963858,0.2146378,0,0.93937546
8480,Pass,0,0.9999981,0.12540682,0,0.96797293
8481,Pass,0,0.9999976,0.105091326,0,0.973708
8482,Pass,0,0.9998598,0.23529904,0,0.93681836
8483,Pass,0,0.99995315,0.2021215,0,0.94627213
8484,Pass,0,0.9999262,0.20293795,0,0.9460162
8485,Pass,0,0.99505204,0.24757345,0,0.92886555
8486,Pass,0,0.99689263,0.44170222,0,0.87594706
8487,Pass,0,0.99922156,0.23864576,0,0.93527627
8488,Pass,0,0.9983859,0.18602765,0,0.9493254
8489,Pass,0,0.9997925,0.22079249,0,0.94085
8490,Pass,0,0.9996551,0.46511024,0,0.871768
8491,Pass,0,0.9991659,0.11102551,0,0.9712242
8492,Pass,0,0.9939458,0.109396435,0,0.9666072
8493,Pass,0,0.96707904,0.20452681,0,0.91450614
8494,Pass,0,0.9989625,0.2289857,0,0.9377582
8495,Pass,0,0.99291056,0.27121115,0,0.92024034
8496,Pass,0,0.9999727,0.4123171,0,0.8869493
8497,Pass,0,0.99560946,0.49248996,0,0.86054397
8498,Pass,0,0.91891843,0.48656243,0,0.7957947
8499,Pass,0,0.99998736,0.09533429,0,0.97645265
8500,Pass,0,0.9999527,0.18897544,0,0.949983
8501,Pass,0,0.9998913,0.15459543,0,0.95962983
8502,Pass,0,0.8915045,0.5438989,0,0.7576228
8503,Pass,0,0.9913611,0.22984917,0,0.9303808
8504,Pass,0,0.507401,0.8120542,0,0.39278856
8505,Pass,0,0.99986196,0.38294712,0,0.8951418
8506,Pass,0,0.99677014,0.16049127,0,0.95497525
8507,Pass,0,0.9704733,0.4488753,0,0.8507676
8508,Pass,0,0.98381746,0.7051404,0,0.7912871
8509,Pass,0,0.9894695,0.26733857,0,0.91813296
8510,Pass,0,0.9974195,0.3250266,0,0.9092651
8511,Pass,0,0.9996922,0.3176077,0,0.9134309
8512,Pass,0,0.9998653,0.19413461,0,0.9484436
8513,Pass,0,0.99657047,0.25393453,0,0.92849326
8514,Pass,0,0.99999154,0.24045391,0,0.93548644
8515,Pass,0,0.9998399,0.17469858,0,0.9539059
8516,Pass,0,0.99995387,0.16565193,0,0.9565686
8517,Pass,0,0.9999331,0.2161156,0,0.94230264
8518,Pass,0,0.9999949,0.28702694,0,0.92234105
8519,Pass,0,0.9723715,0.5483071,0,0.8251354
8520,Pass,0,0.6691534,1.0527472,0,0.47253305
8521,Pass,0,0.9487179,0.2639248,0,0.88123375
8522,Pass,0,0.839438,0.55731535,0,0.7101958
8523,Pass,0,0.6012836,0.688186,0,0.48649222
8524,Pass,0,0.9999082,0.23296042,0,0.9375239
8525,Pass,0,0.99773693,0.41704884,0,0.8836334
8526,Pass,0,0.9987626,0.047862202,0,0.9886425
8527,Pass,0,0.8863991,1.0673769,0,0.62228334
8528,Pass,0,0.99999857,0.09298418,0,0.9771271
8529,Pass,0,0.99947983,0.47254544,0,0.86951715
8530,Pass,0,0.9991773,0.65250343,0,0.8184895
8531,Pass,0,0.99971634,0.3121713,0,0.9149873
8532,Pass,0,0.99723804,0.23070881,0,0.9356543
8533,Pass,0,0.99946004,0.26562595,0,0.9278865
8534,Pass,0,0.9894839,0.22542027,0,0.92985636
8535,Pass,0,0.9999397,0.14409223,0,0.9626414
8536,Pass,0,0.99684817,0.09730623,0,0.9728323
8537,Pass,0,0.97852135,0.22485808,0,0.9197097
8538,Pass,0,0.9985846,0.13860437,0,0.96288407
8539,Pass,0,0.9996662,0.39559665,0,0.89139646
8540,Pass,0,0.9992823,0.083639964,0,0.9790634
8541,Pass,0,0.9963013,0.2687189,0,0.92408395
8542,Pass,0,0.9993413,0.20800222,0,0.94403404
8543,Pass,0,0.9972947,0.11242368,0,0.96901166
8544,Pass,0,0.9842917,0.34501642,0,0.8917427
8545,Pass,0,0.9983392,0.10736873,0,0.9714512
8546,Pass,0,0.9997451,0.14563404,0,0.96201885
8547,Pass,0,0.9991357,0.41026425,0,0.886786
8548,Pass,0,0.9997434,0.10617459,0,0.9731547
8549,Pass,0,0.9998367,0.081811525,0,0.9801226
8550,Pass,0,0.9974069,0.40272734,0,0.88737386
8551,Pass,0,0.9999802,0.12921366,0,0.9668809
8552,Pass,0,0.9999832,0.3641479,0,0.90055764
8553,Pass,0,0.99966013,0.67945045,0,0.8112799
8554,Pass,0,0.99999034,0.10735145,0,0.9730628
8555,Pass,0,0.9999981,0.1255227,0,0.9679402
8556,Pass,0,0.9997588,0.18626949,0,0.95056254
8557,Pass,0,0.995053,0.28526965,0,0.9182766
8558,Pass,0,0.9955179,0.20334882,0,0.9417301
8559,Pass,0,0.9995679,0.10562739,0,0.97313833
8560,Pass,0,0.92220825,0.25637233,0,0.8585761
8561,Pass,0,0.9999467,0.30912396,0,0.9160585
8562,Pass,0,0.99998724,0.39634094,0,0.8914726
8563,Pass,0,0.99996555,0.18930554,0,0.949902
8564,Pass,0,0.9998306,0.34864187,0,0.9047972
8565,Pass,0,0.9969805,0.20318793,0,0.9431589
8566,Pass,0,0.9993917,0.2958535,0,0.91929424
8567,Pass,0,0.9994647,0.20518255,0,0.94494617
8568,Pass,0,0.9998932,0.06727222,0,0.9842824
8569,Pass,0,0.9745155,0.30568185,0,0.8937078
8570,Pass,0,0.99986947,0.27187648,0,0.92650217
8571,Pass,0,0.9999292,0.32757658,0,0.9108332
8572,Pass,0,0.9998859,0.3551933,0,0.9029978
8573,Pass,0,0.9999757,0.15816575,0,0.9587029
8574,Pass,0,0.99806076,0.25862792,0,0.9285593
8575,Pass,0,0.99824274,0.22433187,0,0.9383941
8576,Pass,0,0.999936,0.105429314,0,0.9735526
8577,Pass,0,0.9996803,0.24060345,0,0.93515307
8578,Pass,0,0.996372,0.32736006,0,0.90765387
8579,Pass,0,0.99985313,0.18483533,0,0.9510571
8580,Pass,0,0.99996746,0.19042777,0,0.94958705
8581,Pass,0,0.99972993,0.30820972,0,0.9161179
8582,Pass,0,0.9990983,0.18929501,0,0.9490811
8583,Pass,0,0.9997384,0.18229046,0,0.95166624
8584,Pass,0,0.5547129,0.7074296,0,0.44579864
8585,Pass,0,0.9998461,0.18878844,0,0.94993454
8586,Pass,0,0.9998266,0.036074474,0,0.99302316
8587,Pass,0,0.99990857,0.07802184,0,0.981263
8588,Pass,0,0.9996238,0.23666403,0,0.936212
8589,Pass,0,0.99893206,0.2386694,0,0.93499863
8590,Pass,0,0.9944279,0.2753963,0,0.92047167
8591,Pass,0,0.9994105,0.21160048,0,0.94308406
8592,Pass,0,0.93850267,0.36682132,0,0.8444816
8593,Pass,0,0.930898,0.1511889,0,0.89430994
8594,Pass,0,0.98504454,0.34545666,0,0.89230233
8595,Pass,0,0.99998355,0.19921197,0,0.9471224
8596,Pass,0,0.97466826,0.3219887,0,0.8893607
8597,Pass,0,0.99599516,0.24698707,0,0.9299108
8598,Pass,0,0.9995036,0.22574313,0,0.93918115
8599,Pass,0,0.9930061,0.31521478,0,0.9079926
8600,Pass,0,0.99970585,0.07055207,0,0.9831723
8601,Pass,0,0.9996793,0.26893854,0,0.92715514
8602,Pass,0,0.9568765,0.5250103,0,0.8182803
8603,Pass,0,0.9997243,0.24225773,0,0.93472743
8604,Pass,0,0.99945647,0.048505735,0,0.9891478
8605,Pass,0,0.9998852,0.26609954,0,0.9281475
8606,Pass,0,0.9980709,0.15912308,0,0.956607
8607,Pass,0,0.96056616,0.46159494,0,0.83863306
8608,Pass,0,0.9998235,0.27721453,0,0.9249528
8609,Pass,0,0.9992267,0.20857377,0,0.9437645
8610,Pass,0,0.99983084,0.27421573,0,0.92580605
8611,Pass,0,0.9998895,0.09524421,0,0.9763825
8612,Pass,0,0.99994874,0.18246977,0,0.95181584
8613,Pass,0,0.9915838,0.28068238,0,0.9163593
8614,Pass,0,0.9996141,0.20834625,0,0.9441946
8615,Pass,0,0.5211159,0.36195973,0,0.4696247
8616,Pass,0,0.9987631,0.07573444,0,0.9807838
8617,Pass,0,0.99959487,0.32866895,0,0.9102204
8618,Pass,0,0.99941623,0.18709774,0,0.95000315
8619,Pass,0,0.99993503,0.109638385,0,0.9723634
8620,Pass,0,0.9998951,0.17971471,0,0.9525425
8621,Pass,0,0.9999013,0.16283607,0,0.9573132
8622,Pass,0,0.9999485,0.14049137,0,0.96366644
8623,Pass,0,0.971183,0.48150805,0,0.84244233
8624,Pass,0,0.98917866,0.30871895,0,0.90630686
8625,Pass,0,0.99077046,0.34395608,0,0.89790887
8626,Pass,0,0.9999571,0.17590421,0,0.9536773
8627,Pass,0,0.99931693,0.20461495,0,0.9449666
8628,Pass,0,0.99964416,0.25325075,0,0.93154997
8629,Pass,0,0.99656653,0.23192032,0,0.9346834
8630,Pass,0,0.99996805,0.19342089,0,0.94874257
8631,Pass,0,0.999877,0.16807953,0,0.9558097
8632,Pass,0,0.9999553,0.33590227,0,0.9085066
8633,Pass,0,0.99920636,0.15384664,0,0.95918375
8634,Pass,0,0.9997204,0.1523464,0,0.96010065
8635,Pass,0,0.9944863,0.22923902,0,0.9334851
8636,Pass,0,0.9998259,0.08758912,0,0.9784812
8637,Pass,0,0.99440324,0.46398014,0,0.8675054
8638,Pass,0,0.9999349,0.24564442,0,0.9339682
8639,Pass,0,0.8390599,0.74725384,0,0.6648822
8640,Pass,0,0.9844282,0.42351073,0,0.8700507
8641,Pass,0,0.9999721,0.18699706,0,0.95056
8642,Pass,0,0.9965797,0.24100588,0,0.9321394
8643,Pass,0,0.99998415,0.17578208,0,0.95373756
8644,Pass,0,0.99976295,0.17634414,0,0.953368
8645,Pass,0,0.99826753,0.22340226,0,0.9386794
8646,Pass,0,0.99639744,0.4327676,0,0.87802523
8647,Pass,0,0.9997279,0.2926494,0,0.9205079
8648,Pass,0,0.9686498,0.39408624,0,0.8641523
8649,Pass,0,0.9991798,0.17478085,0,0.9532529
8650,Pass,0,0.9994567,0.077894814,0,0.98085535
8651,Pass,0,0.9998869,0.21670297,0,0.94209325
8652,Pass,0,0.9997563,0.18720938,0,0.95029485
8653,Pass,0,0.99472433,0.47414115,0,0.8649319
8654,Pass,0,0.99965656,0.20427245,0,0.94538444
8655,Pass,0,0.9996649,0.2305663,0,0.9379715
8656,Pass,0,0.9993569,0.2956633,0,0.91931593
8657,Pass,0,0.9993759,0.074879594,0,0.98162675
8658,Pass,0,0.99980134,0.058495764,0,0.9866693
8659,Pass,0,0.99980026,0.043957748,0,0.9907718
8660,Pass,0,0.99991155,0.09481989,0,0.9765238
8661,Pass,0,0.9984376,0.2295973,0,0.9370931
8662,Pass,0,0.99984384,0.27836552,0,0.9246467
8663,Pass,0,0.9870964,0.31481484,0,0.90270025
8664,Pass,0,0.9995946,0.23795246,0,0.9358211
8665,Pass,0,0.99966216,0.2671275,0,0.92765033
8666,Pass,0,0.99913365,0.079501085,0,0.9800852
8667,Pass,0,0.99961436,0.29561383,0,0.91956675
8668,Pass,0,0.9999609,0.14522386,0,0.9623424
8669,Pass,0,0.9990151,0.26767835,0,0.9268945
8670,Pass,0,0.9828791,0.35127285,0,0.88872683
8671,Pass,0,0.9999943,0.17069133,0,0.95518446
8672,Pass,0,0.99977165,0.04196875,0,0.9913048
8673,Pass,0,0.9997068,0.16497321,0,0.9565238
8674,Pass,0,0.9994373,0.22769037,0,0.93856937
8675,Pass,0,0.9999901,0.1586235,0,0.95858747
8676,Pass,0,0.99987507,0.19352944,0,0.94862366
8677,Pass,0,0.9999851,0.116762586,0,0.9704008
8678,Pass,0,0.99926966,0.437871,0,0.87911654
8679,Pass,0,0.99966085,0.43570662,0,0.8800716
8680,Pass,0,0.9993437,0.14403285,0,0.9620844
8681,Pass,0,0.99968994,0.3050516,0,0.9169726
8682,Pass,0,0.99979776,0.053922247,0,0.98795664
8683,Pass,0,0.9998982,0.13467059,0,0.96526116
8684,Pass,0,0.89273906,0.33618143,0,0.8110252
8685,Pass,0,0.9999968,0.12686299,0,0.9675606
8686,Pass,0,0.9991441,0.2137624,0,0.94222283
8687,Pass,0,0.9999856,0.12579215,0,0.96785206
8688,Pass,0,0.99998593,0.08930446,0,0.9781535
8689,Pass,0,0.9999565,0.31910667,0,0.9132492
8690,Pass,0,0.9990903,0.2590572,0,0.92939603
8691,Pass,0,0.9994491,0.2273106,0,0.9386876
8692,Pass,0,0.99989367,0.036396332,0,0.99299884
8693,Pass,0,0.99944764,0.44490808,0,0.8772875
8694,Pass,0,0.99901724,0.29827946,0,0.91826564
8695,Pass,0,0.999926,0.21879873,0,0.94153845
8696,Pass,0,0.9999529,0.21409889,0,0.9428906
8697,Pass,0,0.9999796,0.09200767,0,0.9773842
8698,Pass,0,0.9995931,0.20627126,0,0.9447603
8699,Pass,0,0.9999902,0.26574984,0,0.9283437
8700,Pass,0,0.9926513,0.19085689,0,0.9425192
8701,Pass,0,0.999895,0.20524888,0,0.94533426
8702,Pass,0,0.99505615,0.25125635,0,0.92783475
8703,Pass,0,0.999907,0.19570628,0,0.94803953
8704,Pass,0,0.9996106,0.17009246,0,0.95498705
8705,Pass,0,0.99724257,0.1073509,0,0.97038925
8706,Pass,0,0.9998666,0.17818627,0,0.95294684
8707,Pass,0,0.99998224,0.15105069,0,0.9607179
8708,Pass,0,0.99989533,0.059942253,0,0.9863537
8709,Pass,0,0.99997807,0.19281587,0,0.9489229
8710,Pass,0,0.99881434,0.37242144,0,0.897172
8711,Pass,0,0.99877506,0.2776737,0,0.9238534
8712,Pass,0,0.9993407,0.1536805,0,0.95935965
8713,Pass,0,0.99992216,0.16943856,0,0.95546925
8714,Pass,0,0.99952567,0.20596243,0,0.94478375
8715,Pass,0,0.99901295,0.07329223,0,0.981718
8716,Pass,0,0.99999225,0.12716037,0,0.9674722
8717,Pass,0,0.99811137,0.3026013,0,0.9162151
8718,Pass,0,0.9998907,0.14039165,0,0.96363884
8719,Pass,0,0.999879,0.27370936,0,0.92599356
8720,Pass,0,0.9998148,0.034032036,0,0.9935879
8721,Pass,0,0.99985695,0.15815029,0,0.9585934
8722,Pass,0,0.99973315,0.45037547,0,0.8759949
8723,Pass,0,0.9952708,0.102165535,0,0.96992755
8724,Pass,0,0.99967587,0.04293029,0,0.99093854
8725,Pass,0,0.9997782,0.2458389,0,0.93376696
8726,Pass,0,0.99840385,0.2763683,0,0.92387795
8727,Pass,0,0.99983203,0.20231618,0,0.94610256
8728,Pass,0,0.9992099,0.24883118,0,0.932392
8729,Pass,0,0.9996836,0.0726042,0,0.98257124
8730,Pass,0,0.99999595,0.12576085,0,0.9678709
8731,Pass,0,0.9999815,0.122619346,0,0.96874386
8732,Pass,0,0.9996536,0.21856697,0,0.94134736
8733,Pass,0,0.99996805,0.18488747,0,0.95115167
8734,Pass,0,0.99999714,0.055834897,0,0.98761374
8735,Pass,0,0.99104345,0.52790254,0,0.84668916
8736,Pass,0,0.9956381,0.47737232,0,0.8648181
8737,Pass,0,0.9998355,0.14204639,0,0.9631186
8738,Pass,0,0.9951749,0.19099872,0,0.9448755
8739,Pass,0,0.9999914,0.16009663,0,0.95817286
8740,Pass,0,0.99969625,0.06641474,0,0.98433053
8741,Pass,0,0.99988174,0.12923476,0,0.96677977
8742,Pass,0,0.9991844,0.3926043,0,0.89181095
8743,Pass,0,0.9999981,0.13384885,0,0.9655896
8744,Pass,0,0.9999769,0.17027742,0,0.9552847
8745,Pass,0,0.99981195,0.024237521,0,0.9963498
8746,Pass,0,0.9999403,0.14726084,0,0.96174747
8747,Pass,0,0.9997341,0.24760668,0,0.9332268
8748,Pass,0,0.99995494,0.10695662,0,0.9731398
8749,Pass,0,0.9998,0.113872804,0,0.9710369
8750,Pass,0,0.9987379,0.2532546,0,0.9307043
8751,Pass,0,0.99975806,0.13535815,0,0.9649318
8752,Pass,0,0.9997942,0.14849956,0,0.96125734
8753,Pass,0,0.99982363,0.23549028,0,0.9367305
8754,Pass,0,0.9999926,0.17060083,0,0.9552085
8755,Pass,0,0.999977,0.19757323,0,0.9475788
8756,Pass,0,0.9821904,0.73520255,0,0.7816424
8757,Pass,0,0.99997246,0.20649812,0,0.9450548
8758,Pass,0,0.9998305,0.035769965,0,0.9931129
8759,Pass,0,0.99898463,0.3528435,0,0.9028466
8760,Pass,0,0.99997604,0.16249119,0,0.9574821
8761,Pass,0,0.9996681,0.25089327,0,0.9322376
8762,Pass,0,0.998784,0.1521398,0,0.95925957
8763,Pass,0,0.9999646,0.2132201,0,0.94314975
8764,Pass,0,0.99997425,0.13917632,0,0.9640626
8765,Pass,0,0.9999672,0.27425918,0,0.92592007
8766,Pass,0,0.99998367,0.14409754,0,0.96268225
8767,Pass,0,0.999905,0.14832897,0,0.961412
8768,Pass,0,0.999788,0.03237637,0,0.99402857
8769,Pass,0,0.9999181,0.15393722,0,0.95984143
8770,Pass,0,0.999876,0.1779132,0,0.95303285
8771,Pass,0,0.9999958,0.09477575,0,0.9766186
8772,Pass,0,0.9999833,0.11167514,0,0.9718354
8773,Pass,0,0.99998295,0.13495094,0,0.96526384
8774,Pass,0,0.9999926,0.14217319,0,0.9632342
8775,Pass,0,0.99999166,0.14305587,0,0.962984
8776,Pass,0,0.99988496,0.041205723,0,0.9916326
8777,Pass,0,0.99999726,0.085532196,0,0.9792296
8778,Pass,0,0.99981993,0.25631964,0,0.93084747
8779,Pass,0,0.99990785,0.056772787,0,0.9872608
8780,Pass,0,0.9999913,0.11078464,0,0.97209454
8781,Pass,0,0.991844,0.2880482,0,0.91453713
8782,Pass,0,0.99847,0.19390209,0,0.9471856
8783,Pass,0,0.9999212,0.14468259,0,0.962457
8784,Pass,0,0.99877006,0.18529859,0,0.9498963
8785,Pass,0,0.99917394,0.3212907,0,0.9119184
8786,Pass,0,0.9999982,0.10657089,0,0.97329086
8787,Pass,0,0.9985135,0.25553793,0,0.9298516
8788,Pass,0,0.9996551,0.17766745,0,0.9528917
8789,Pass,0,0.9999943,0.055481296,0,0.9877107
8790,Pass,0,0.9999982,0.17032649,0,0.9552912
8791,Pass,0,0.99999297,0.04797885,0,0.9898275
8792,Pass,0,0.9999515,0.13084264,0,0.96639323
8793,Pass,0,0.99998593,0.1158033,0,0.9706724
8794,Pass,0,0.9998839,0.18306388,0,0.95158637
8795,Pass,0,0.9996457,0.30370212,0,0.9173129
8796,Pass,0,0.9990107,0.22543825,0,0.9388039
8797,Pass,0,0.9999883,0.09944564,0,0.97529286
8798,Pass,0,0.999967,0.21975248,0,0.9413078
8799,Pass,0,0.99986064,0.025379498,0,0.996076
8800,Pass,0,0.9999914,0.12132395,0,0.96911913
8801,Pass,0,0.99995875,0.15404578,0,0.9598498
8802,Pass,0,0.99999774,0.101139545,0,0.9748238
8803,Pass,0,0.99931765,0.21730332,0,0.94138753
8804,Pass,0,0.9999565,0.17332394,0,0.9544052
8805,Pass,0,0.99966526,0.12157154,0,0.9687332
8806,Pass,0,0.9998448,0.5342033,0,0.8524299
8807,Pass,0,0.99652547,0.22687742,0,0.93606365
8808,Pass,0,0.99994993,0.2401801,0,0.9355248
8809,Pass,0,0.9963406,0.07596469,0,0.9783401
8810,Pass,0,0.9976046,0.31046227,0,0.91353595
8811,Pass,0,0.9999292,0.14703475,0,0.96180063
8812,Pass,0,0.9999732,0.16253619,0,0.95746666
8813,Pass,0,0.9999913,0.1103029,0,0.9722305
8814,Pass,0,0.9999652,0.11762272,0,0.9701386
8815,Pass,0,0.99996126,0.083080456,0,0.97988653
8816,Pass,0,0.9794183,0.36830613,0,0.8808876
8817,Pass,0,0.99839133,0.18710059,0,0.9490281
8818,Pass,0,0.9999355,0.18387002,0,0.95140797
8819,Pass,0,0.9962288,0.031424165,0,0.99075776
8820,Pass,0,0.9988469,0.18784998,0,0.94924986
8821,Pass,0,0.99965763,0.29574108,0,0.9195706
8822,Pass,0,0.9999429,0.24215586,0,0.9349605
8823,Pass,0,0.99664223,0.19110045,0,0.94624007
8824,Pass,0,0.99999297,0.08191523,0,0.98024654
8825,Pass,0,0.9995801,0.1268627,0,0.9671575
8826,Pass,0,0.99997926,0.23536603,0,0.9369114
8827,Pass,0,0.99892265,0.1835776,0,0.9505267
8828,Pass,0,0.9999894,0.113549426,0,0.9713121
8829,Pass,0,0.9993988,0.13545156,0,0.9645588
8830,Pass,0,0.9881307,0.17689803,0,0.942121
8831,Pass,0,0.9999622,0.1443254,0,0.9625973
8832,Pass,0,0.99998534,0.19900756,0,0.94718176
8833,Pass,0,0.9995766,0.34487328,0,0.9056309
8834,Pass,0,0.9998977,0.21287526,0,0.94318396
8835,Pass,0,0.99986887,0.22559537,0,0.9395661
8836,Pass,0,0.99997985,0.21965101,0,0.94134855
8837,Pass,0,0.9995697,0.22860242,0,0.9384364
8838,Pass,0,0.99998784,0.102911286,0,0.9743139
8839,Pass,0,0.9948526,0.15593635,0,0.9544174
8840,Pass,0,0.99994767,0.15531866,0,0.9594798
8841,Pass,0,0.9983884,0.13057803,0,0.9649572
8842,Pass,0,0.9997061,0.21246415,0,0.9431192
8843,Pass,0,0.999966,0.13455443,0,0.96535945
8844,Pass,0,0.9992539,0.11032305,0,0.97150797
8845,Pass,0,0.999889,0.19985928,0,0.9468501
8846,Pass,0,0.9815438,0.5078661,0,0.84412557
8847,Pass,0,0.9978503,0.31708708,0,0.9118946
8848,Pass,0,0.9979031,0.24010047,0,0.9336324
8849,Pass,0,0.9994815,0.27241948,0,0.92598945
8850,Pass,0,0.99960107,0.03426298,0,0.99331033
8851,Pass,0,0.99953306,0.21651377,0,0.94181323
8852,Pass,0,0.99999595,0.05408191,0,0.98810744
8853,Pass,0,0.99642664,0.30353785,0,0.91440517
8854,Pass,0,0.9999777,0.11724413,0,0.9702577
8855,Pass,0,0.99989426,0.16845848,0,0.95571923
8856,Pass,0,0.9999788,0.19500066,0,0.94830674
8857,Pass,0,0.99998,0.30388442,0,0.91756815
8858,Pass,0,0.99999297,0.11300436,0,0.97146946
8859,Pass,0,0.99986625,0.4289376,0,0.88216317
8860,Pass,0,0.9999391,0.18282478,0,0.9517064
8861,Pass,0,0.99997413,0.12595557,0,0.96779484
8862,Pass,0,0.9999007,0.037886165,0,0.9925853
8863,Pass,0,0.9554685,0.6028495,0,0.796079
8864,Pass,0,0.9998056,0.19914348,0,0.94697315
8865,Pass,0,0.9998678,0.41998726,0,0.88469106
8866,Pass,0,0.9933161,0.4373416,0,0.8740273
8867,Pass,0,0.99992144,0.2887235,0,0.92179435
8868,Pass,0,0.99993515,0.40636706,0,0.8885957
8869,Pass,0,0.9998845,0.10513176,0,0.97358644
8870,Pass,0,0.9966176,0.16946661,0,0.9523037
8871,Pass,0,0.99997604,0.1625163,0,0.957475
8872,Pass,0,0.9999846,0.1634388,0,0.95722276
8873,Pass,0,0.9997471,0.057429116,0,0.9869168
8874,Pass,0,0.9999862,0.07576608,0,0.9819759
8875,Pass,0,0.999741,0.03385384,0,0.9935649
8876,Pass,0,0.9995009,0.18096295,0,0.9518148
8877,Pass,0,0.9999026,0.2756987,0,0.9254539
8878,Pass,0,0.99990404,0.15890786,0,0.95842475
8879,Pass,0,0.9999919,0.07214083,0,0.98300505
8880,Pass,0,0.9967699,0.1490543,0,0.9581935
8881,Pass,0,0.999553,0.21933351,0,0.94103634
8882,Pass,0,0.9000668,0.37168005,0,0.80866164
8883,Pass,0,0.9999889,0.123367384,0,0.96853983
8884,Pass,0,0.9999443,0.13916598,0,0.96403664
8885,Pass,0,0.99934167,0.08185306,0,0.9796257
8886,Pass,0,0.999949,0.06653024,0,0.9845468
8887,Pass,0,0.9950972,0.09410538,0,0.9720228
8888,Pass,0,0.9999887,0.095085844,0,0.976524
8889,Pass,0,0.56742376,0.4752523,0,0.49320784
8890,Pass,0,0.9997838,0.1435808,0,0.96263576
8891,Pass,0,0.9999844,0.062457033,0,0.9857316
8892,Pass,0,0.9996443,0.054605335,0,0.98761225
8893,Pass,0,0.9994836,0.12539282,0,0.9674789
8894,Pass,0,0.9999231,0.1650231,0,0.95671666
8895,Pass,0,0.99985564,0.17040972,0,0.95513153
8896,Pass,0,0.9996885,0.15337703,0,0.95977914
8897,Pass,0,0.9912441,0.2516553,0,0.9241685
8898,Pass,0,0.99996746,0.11898001,0,0.9697576
8899,Pass,0,0.9934796,0.1726571,0,0.9484104
8900,Pass,0,0.9957659,0.14136873,0,0.959389
8901,Pass,0,0.9997168,0.25546086,0,0.9309939
8902,Pass,0,0.9987206,0.28149274,0,0.9227261
8903,Pass,0,0.999908,0.10958031,0,0.9723535
8904,Pass,0,0.99848664,0.24414721,0,0.9330375
8905,Pass,0,0.999602,0.08620088,0,0.9786539
8906,Pass,0,0.960334,0.26826298,0,0.8908473
8907,Pass,0,0.9994941,0.24990492,0,0.9323542
8908,Pass,0,0.8414994,0.4428333,0,0.73913777
8909,Pass,0,0.9999771,0.07129942,0,0.983228
8910,Pass,0,0.99973327,0.32020167,0,0.91273624
8911,Pass,0,0.9999498,0.049579743,0,0.98933285
8912,Pass,0,0.9569828,0.42823923,0,0.8445166
8913,Pass,0,0.99733645,0.23556444,0,0.9343794
8914,Pass,0,0.999851,0.021295728,0,0.99721915
8915,Pass,0,0.9999119,0.15458821,0,0.9596517
8916,Pass,0,0.9999819,0.09787612,0,0.97572964
8917,Pass,0,0.9994986,0.17466159,0,0.9535907
8918,Pass,0,0.99887437,0.27345896,0,0.92513376
8919,Pass,0,0.999969,0.19012804,0,0.94967306
8920,Pass,0,0.9949131,0.15193942,0,0.9555981
8921,Pass,0,0.9998828,0.17713393,0,0.95325935
8922,Pass,0,0.9994716,0.066398464,0,0.98411393
8923,Pass,0,0.92649865,0.4143063,0,0.82125944
8924,Pass,0,0.99928856,0.2097453,0,0.9434924
8925,Pass,0,0.9999989,0.0961844,0,0.9762239
8926,Pass,0,0.99986863,0.14571656,0,0.96211445
8927,Pass,0,0.9999863,0.17474993,0,0.95403105
8928,Pass,0,0.9891803,0.3254134,0,0.90164614
8929,Pass,0,0.99998105,0.14015044,0,0.9637941
8930,Pass,0,0.9996568,0.04045801,0,0.9916173
8931,Pass,0,0.9961026,0.3602615,0,0.8981558
8932,Pass,0,0.9999236,0.20661156,0,0.9449766
8933,Pass,0,0.9981797,0.18599698,0,0.9491379
8934,Pass,0,0.99988496,0.18082665,0,0.95221895
8935,Pass,0,0.9983146,0.120811425,0,0.9676386
8936,Pass,0,0.99965894,0.16744103,0,0.9557815
8937,Pass,0,0.9999896,0.07735157,0,0.9815317
8938,Pass,0,0.9991327,0.04954791,0,0.9885334
8939,Pass,0,0.999757,0.14251897,0,0.9629096
8940,Pass,0,0.9999784,0.079946734,0,0.98078805
8941,Pass,0,0.9996486,0.23473139,0,0.9367807
8942,Pass,0,0.9912896,0.3758174,0,0.88946253
8943,Pass,0,0.9905757,0.347384,0,0.89677376
8944,Pass,0,0.9998299,0.22798869,0,0.93885386
8945,Pass,0,0.9998234,0.20469114,0,0.945424
8946,Pass,0,0.9998597,0.1708077,0,0.9550231
8947,Pass,0,0.99993014,0.10950002,0,0.9723977
8948,Pass,0,0.9981383,0.11698586,0,0.96854573
8949,Pass,0,0.99838436,0.19710505,0,0.94620156
8950,Pass,0,0.99941576,0.22515935,0,0.93926334
8951,Pass,0,0.9999578,0.16306217,0,0.9573034
8952,Pass,0,0.957409,0.7306031,0,0.7631643
8953,Pass,0,0.99766904,0.14876167,0,0.95914024
8954,Pass,0,0.99812466,0.30060086,0,0.916791
8955,Pass,0,0.99878246,0.13679622,0,0.96358466
8956,Pass,0,0.9924771,0.3046908,0,0.9104577
8957,Pass,0,0.99997866,0.14083427,0,0.9635987
8958,Pass,0,0.9985814,0.44782886,0,0.87570375
8959,Pass,0,0.99883074,0.21289697,0,0.9421714
8960,Pass,0,0.9999671,0.17681776,0,0.953429
8961,Pass,0,0.9993787,0.23217636,0,0.93724865
8962,Pass,0,0.9972441,0.15108302,0,0.9580782
8963,Pass,0,0.99533683,0.42400604,0,0.8795527
8964,Pass,0,0.99994254,0.1486073,0,0.9613695
8965,Pass,0,0.9999099,0.18509412,0,0.951038
8966,Pass,0,0.9996753,0.18160115,0,0.9518007
8967,Pass,0,0.99988854,0.18345867,0,0.9514794
8968,Pass,0,0.99999774,0.06868222,0,0.9839872
8969,Pass,0,0.99910885,0.21225768,0,0.942614
8970,Pass,0,0.9999654,0.16093744,0,0.95791054
8971,Pass,0,0.9996779,0.039242256,0,0.99198145
8972,Pass,0,0.9999461,0.17815515,0,0.95303136
8973,Pass,0,0.98017716,0.37242818,0,0.8804295
8974,Pass,0,0.99904007,0.23801382,0,0.9352846
8975,Pass,0,0.9961273,0.4204604,0,0.8812484
8976,Pass,0,0.9997818,0.055071265,0,0.9876166
8977,Pass,0,0.99974066,0.10396623,0,0.9737754
8978,Pass,0,0.99998033,0.17414239,0,0.9541969
8979,Pass,0,0.99915385,0.044846416,0,0.98988056
8980,Pass,0,0.99796885,0.046362396,0,0.9882794
8981,Pass,0,0.9865866,0.21458758,0,0.9301509
8982,Pass,0,0.98895514,0.19590925,0,0.93759906
8983,Pass,0,0.9980755,0.14861542,0,0.95957226
8984,Pass,0,0.9980533,0.5395829,0,0.84938675
8985,Pass,0,0.99985814,0.17645207,0,0.9534283
8986,Pass,0,0.997163,0.043303035,0,0.98834264
8987,Pass,0,0.9999889,0.05433235,0,0.9880298
8988,Pass,0,0.9995453,0.022376575,0,0.99660915
8989,Pass,0,0.99999547,0.09612145,0,0.9762383
8990,Pass,0,0.9999962,0.09669517,0,0.9760771
8991,Pass,0,0.99985147,0.12668332,0,0.9674707
8992,Pass,0,0.99998665,0.19785467,0,0.9475085
8993,Pass,0,0.99993765,0.13308962,0,0.96574557
8994,Pass,0,0.9973858,0.18026102,0,0.9499982
8995,Pass,0,0.99892586,0.035480246,0,0.99229616
8996,Pass,0,0.9999926,0.16271915,0,0.9574336
8997,Pass,0,0.99999106,0.10669508,0,0.97324884
8998,Pass,0,0.9762222,0.21207415,0,0.9210722
8999,Pass,0,0.999902,0.13374038,0,0.9655275
9000,Pass,0,0.99980575,0.3025458,0,0.9177861
9001,Pass,0,0.9999238,0.19780153,0,0.9474639
9002,Pass,0,0.9995994,0.03448768,0,0.9932453
9003,Pass,0,0.99925524,0.02896413,0,0.9944616
9004,Pass,0,0.99608815,0.20084567,0,0.94297343
9005,Pass,0,0.9936272,0.12217665,0,0.9627122
9006,Pass,0,0.8139383,0.31840062,0,0.7435231
9007,Pass,0,0.99791795,0.28408504,0,0.9212543
9008,Pass,0,0.99809283,0.57512504,0,0.8394052
9009,Pass,0,0.78261137,1.37368,0,0.48174337
9010,Pass,0,0.9412122,0.43224683,0,0.8295344
9011,Pass,0,0.9982968,0.2468188,0,0.9321072
9012,Pass,0,0.99186474,0.22461927,0,0.93231803
9013,Pass,0,0.96898246,0.42522794,0,0.8559298
9014,Pass,0,0.99977833,0.35473916,0,0.90302885
9015,Pass,0,0.5606281,0.9719896,0,0.4086784
9016,Pass,0,0.3847191,0.5184582,0,0.32970715
9017,Pass,0,0.9894337,0.12754817,0,0.95714873
9018,Pass,0,0.9906494,0.15871902,0,0.9496068
9019,Pass,0,0.8375282,0.91009665,0,0.62516373
9020,Pass,0,0.9994673,0.28932053,0,0.92120725
9021,Pass,0,0.9996997,0.28059202,0,0.923885
9022,Pass,0,0.9893801,0.5853399,0,0.82922447
9023,Pass,0,0.98861617,0.5213384,0,0.8464475
9024,Pass,0,0.47161466,0.6947414,0,0.3807056
9025,Pass,0,0.9555724,0.19580607,0,0.9059777
9026,Pass,0,0.9710905,0.5642834,0,0.8196683
9027,Pass,0,0.9907516,0.31595868,0,0.905723
9028,Pass,0,0.9865313,0.2859115,0,0.9102337
9029,Pass,0,0.9999187,0.23938927,0,0.9357189
9030,Pass,0,0.9975479,0.06769336,0,0.9818551
9031,Pass,0,0.99207616,0.4492261,0,0.86960757
9032,Pass,0,0.9042671,0.33115062,0,0.82278234
9033,Pass,0,0.9999709,0.06452159,0,0.98513544
9034,Pass,0,0.9982993,0.2894767,0,0.9200867
9035,Pass,0,0.9875143,0.19801241,0,0.93564665
9036,Pass,0,0.6953074,0.4300526,0,0.6132377
9037,Pass,0,0.99974924,0.110005796,0,0.97207904
9038,Pass,0,0.98664993,0.2762934,0,0.9130223
9039,Pass,0,0.99767226,0.061730076,0,0.9836572
9040,Pass,0,0.99984026,0.14722177,0,0.9616623
9041,Pass,0,0.99996483,0.1672233,0,0.95613545
9042,Pass,0,0.99996495,0.2078021,0,0.9446797
9043,Pass,0,0.65931064,0.2464533,0,0.6156647
9044,Pass,0,0.9759778,0.69438046,0,0.7879465
9045,Pass,0,0.87660396,0.58839184,0,0.7339486
9046,Pass,0,0.61322707,0.64226687,0,0.5041054
9047,Pass,0,0.9999522,0.32931438,0,0.91036355
9048,Pass,0,0.9998388,0.24864075,0,0.9330327
9049,Pass,0,0.9983292,0.07451456,0,0.98070157
9050,Pass,0,0.9996878,0.22939342,0,0.938324
9051,Pass,0,0.99554694,0.2344786,0,0.933008
9052,Pass,0,0.99999344,0.2296043,0,0.93855137
9053,Pass,0,0.9999943,0.083420165,0,0.979823
9054,Pass,0,0.91654414,0.46055558,0,0.8004681
9055,Pass,0,0.99995255,0.20821317,0,0.9445519
9056,Pass,0,0.9982728,0.18816382,0,0.94861573
9057,Pass,0,0.9929733,0.21295393,0,0.9366303
9058,Pass,0,0.99995553,0.13028803,0,0.96655375
9059,Pass,0,0.99806195,0.27939254,0,0.9227094
9060,Pass,0,0.99999964,0.10000496,0,0.97514594
9061,Pass,0,0.99905604,0.14804886,0,0.9606747
9062,Pass,0,0.9589783,0.290559,0,0.88355327
9063,Pass,0,0.97458774,0.4051386,0,0.86640865
9064,Pass,0,0.99998844,0.1303714,0,0.966562
9065,Pass,0,0.9999968,0.1051649,0,0.9736864
9066,Pass,0,0.99999905,0.12653668,0,0.96765494
9067,Pass,0,0.9999832,0.30321085,0,0.91776127
9068,Pass,0,0.9996927,0.34939203,0,0.9044606
9069,Pass,0,0.9781677,0.40042835,0,0.870892
9070,Pass,0,0.99997973,0.35627788,0,0.90277636
9071,Pass,0,0.7302188,0.45798418,0,0.63827014
9072,Pass,0,0.9917672,0.19848907,0,0.9395428
9073,Pass,0,0.99919254,0.3569125,0,0.90188664
9074,Pass,0,0.99993825,0.28893197,0,0.921751
9075,Pass,0,0.9999987,0.1870405,0,0.95057297
9076,Pass,0,0.9999987,0.069803596,0,0.98367155
9077,Pass,0,0.999997,0.20404571,0,0.94577044
9078,Pass,0,0.9999974,0.32395276,0,0.9119184
9079,Pass,0,0.99532676,0.32746843,0,0.9066713
9080,Pass,0,0.9999907,0.117934234,0,0.9700755
9081,Pass,0,0.99910176,0.15452804,0,0.95889115
9082,Pass,0,0.8876367,0.27639982,0,0.8213711
9083,Pass,0,0.99999166,0.22887474,0,0.93875563
9084,Pass,0,0.9995757,0.28605035,0,0.92223
9085,Pass,0,0.9999,0.22398971,0,0.9400486
9086,Pass,0,0.9999988,0.12331406,0,0.9685645
9087,Pass,0,0.99999547,0.2089766,0,0.9443769
9088,Pass,0,0.9987576,0.45527342,0,0.8737591
9089,Pass,0,0.98828363,0.4865921,0,0.85585755
9090,Pass,0,0.9994753,0.10519856,0,0.9731692
9091,Pass,0,0.9999924,0.11475865,0,0.9709736
9092,Pass,0,0.99757296,0.38005835,0,0.893906
9093,Pass,0,0.8295962,0.6425745,0,0.6819004
9094,Pass,0,0.9709132,0.4239896,0,0.8579747
9095,Pass,0,0.99996936,0.22930625,0,0.9386129
9096,Pass,0,0.9995999,0.18581516,0,0.95053965
9097,Pass,0,0.9951233,0.23427719,0,0.9326676
9098,Pass,0,0.9999665,0.3117344,0,0.91533965
9099,Pass,0,0.99982613,0.48915485,0,0.86513
9100,Pass,0,0.9998437,0.16850072,0,0.95565903
9101,Pass,0,0.9999969,0.07370226,0,0.98256916
9102,Pass,0,0.9999441,0.20790783,0,0.9446301
9103,Pass,0,0.9860525,0.34569475,0,0.89314914
9104,Pass,0,0.999887,0.20719312,0,0.94477785
9105,Pass,0,0.99993896,0.32426208,0,0.9117778
9106,Pass,0,0.9999862,0.24950463,0,0.9329263
9107,Pass,0,0.99810326,0.29941592,0,0.91710526
9108,Pass,0,0.999926,0.17190297,0,0.9547772
9109,Pass,0,0.9999927,0.12123876,0,0.9691445
9110,Pass,0,0.8847689,0.80694187,0,0.68619305
9111,Pass,0,0.9997968,0.114683926,0,0.9708048
9112,Pass,0,0.97525465,0.07840103,0,0.9569643
9113,Pass,0,0.99996364,0.3886074,0,0.8936348
9114,Pass,0,0.9996995,0.387892,0,0.89360064
9115,Pass,0,0.9999912,0.24189508,0,0.9350793
9116,Pass,0,0.9995216,0.310497,0,0.91528153
9117,Pass,0,0.999463,0.3561874,0,0.90233535
9118,Pass,0,0.98420125,0.158317,0,0.9435375
9119,Pass,0,0.99975234,0.43057227,0,0.8816013
9120,Pass,0,0.99953604,0.059693005,0,0.9860696
9121,Pass,0,0.99933076,0.052628357,0,0.98786026
9122,Pass,0,0.999992,0.12469553,0,0.96816784
9123,Pass,0,0.9939336,0.26682526,0,0.92241925
9124,Pass,0,0.99981326,0.03561563,0,0.9931394
9125,Pass,0,0.9999913,0.14236178,0,0.96317965
9126,Pass,0,0.99844545,0.3715039,0,0.89709926
9127,Pass,0,0.9997018,0.14962266,0,0.9608515
9128,Pass,0,0.9938193,0.5272158,0,0.84925336
9129,Pass,0,0.997661,0.15067591,0,0.95859337
9130,Pass,0,0.9999552,0.20138639,0,0.9464816
9131,Pass,0,0.98579663,0.2554403,0,0.9180363
9132,Pass,0,0.9992694,0.18225606,0,0.9512295
9133,Pass,0,0.9997265,0.36055407,0,0.9013408
9134,Pass,0,0.9995586,0.28191316,0,0.92338175
9135,Pass,0,0.9982364,0.16341661,0,0.9555556
9136,Pass,0,0.99725693,0.30242312,0,0.915481
9137,Pass,0,0.9999956,0.12630664,0,0.96771646
9138,Pass,0,0.9999988,0.11554959,0,0.9707566
9139,Pass,0,0.8965361,0.24249235,0,0.8381885
9140,Pass,0,0.9998323,0.048872907,0,0.98941606
9141,Pass,0,0.99044085,0.57028246,0,0.8343239
9142,Pass,0,0.9949785,0.18675871,0,0.94588006
9143,Pass,0,0.9997181,0.07020073,0,0.9832835
9144,Pass,0,0.99727964,0.31105578,0,0.9130712
9145,Pass,0,0.98362744,0.117530845,0,0.95431376
9146,Pass,0,0.99985015,0.23686828,0,0.9363664
9147,Pass,0,0.99998116,0.19769183,0,0.9475493
9148,Pass,0,0.999954,0.09680284,0,0.97600543
9149,Pass,0,0.99995923,0.0932545,0,0.97701234
9150,Pass,0,0.99620664,0.2923901,0,0.91733855
9151,Pass,0,0.99996555,0.25726828,0,0.93071526
9152,Pass,0,0.9999753,0.21687832,0,0.94212705
9153,Pass,0,0.9603725,0.5093081,0,0.82552737
9154,Pass,0,0.99982446,0.12626682,0,0.96756214
9155,Pass,0,0.99913245,0.23375455,0,0.93657255
9156,Pass,0,0.9998272,0.12498069,0,0.9679278
9157,Pass,0,0.99995244,0.14076093,0,0.96359414
9158,Pass,0,0.92459804,0.42165846,0,0.81765556
9159,Pass,0,0.9999869,0.12978445,0,0.9667262
9160,Pass,0,0.99989855,0.2052492,0,0.9453376
9161,Pass,0,0.9981212,0.348478,0,0.9032965
9162,Pass,0,0.99932206,0.18479426,0,0.9505635
9163,Pass,0,0.8832196,0.87523055,0,0.6679635
9164,Pass,0,0.99998987,0.18920065,0,0.94995475
9165,Pass,0,0.9760779,0.36737955,0,0.87813866
9166,Pass,0,0.9999757,0.13909337,0,0.96408737
9167,Pass,0,0.99997175,0.24122182,0,0.9352512
9168,Pass,0,0.703762,0.22740126,0,0.66095877
9169,Pass,0,0.99986947,0.26015162,0,0.9298119
9170,Pass,0,0.77855974,0.4921405,0,0.67301625
9171,Pass,0,0.99978966,0.118838325,0,0.96962523
9172,Pass,0,0.9998412,0.38274986,0,0.89517885
9173,Pass,0,0.9978542,0.3579766,0,0.9003789
9174,Pass,0,0.99997234,0.1878565,0,0.95031756
9175,Pass,0,0.99962103,0.34390035,0,0.90594566
9176,Pass,0,0.99949133,0.20772654,0,0.94425356
9177,Pass,0,0.99994373,0.17174007,0,0.9548402
9178,Pass,0,0.9999994,0.03715539,0,0.9928896
9179,Pass,0,0.9999813,0.14051892,0,0.9636902
9180,Pass,0,0.9989864,0.11032693,0,0.9712468
9181,Pass,0,0.9944952,0.23557666,0,0.93171406
9182,Pass,0,0.9869221,0.39265943,0,0.880851
9183,Pass,0,0.99808323,0.33130866,0,0.90810007
9184,Pass,0,0.9999782,0.15490049,0,0.95962715
9185,Pass,0,0.9999646,0.12117369,0,0.9691356
9186,Pass,0,0.9981749,0.14781742,0,0.95989263
9187,Pass,0,0.9997323,0.25058663,0,0.9323841
9188,Pass,0,0.99385166,0.17559193,0,0.9479421
9189,Pass,0,0.9999877,0.12899953,0,0.9669486
9190,Pass,0,0.99823207,0.118111685,0,0.9683194
9191,Pass,0,0.97637606,0.33610332,0,0.8870283
9192,Pass,0,0.999193,0.41324726,0,0.8859953
9193,Pass,0,0.9998462,0.2422567,0,0.93484163
9194,Pass,0,0.9804042,0.2642162,0,0.91058546
9195,Pass,0,0.99996924,0.14202385,0,0.9632538
9196,Pass,0,0.9991372,0.2500837,0,0.9319709
9197,Pass,0,0.9984231,0.37893373,0,0.89498484
9198,Pass,0,0.9593499,0.2757346,0,0.8879108
9199,Pass,0,0.99986374,0.18145108,0,0.9520225
9200,Pass,0,0.99909806,0.044227242,0,0.98999995
9201,Pass,0,0.98831195,0.3732134,0,0.88751733
9202,Pass,0,0.8875594,0.3505227,0,0.80272603
9203,Pass,0,0.9990589,0.26697385,0,0.92713386
9204,Pass,0,0.99949884,0.2722875,0,0.92604274
9205,Pass,0,0.9996191,0.25580898,0,0.93080467
9206,Pass,0,0.99638224,0.37486365,0,0.89430034
9207,Pass,0,0.99972934,0.17501181,0,0.953712
9208,Pass,0,0.948302,0.5585873,0,0.8019582
9209,Pass,0,0.9945399,0.34264553,0,0.90169305
9210,Pass,0,0.98265094,0.5628716,0,0.8298178
9211,Pass,0,0.91768026,0.50475246,0,0.79000974
9212,Pass,0,0.9957975,0.19541988,0,0.9442237
9213,Pass,0,0.9999677,0.28933504,0,0.92166436
9214,Pass,0,0.98169875,0.29649013,0,0.90284294
9215,Pass,0,0.9963207,0.27703887,0,0.9217617
9216,Pass,0,0.9622647,0.32557815,0,0.8770676
9217,Pass,0,0.992436,0.38416472,0,0.88815236
9218,Pass,0,0.99782664,0.15809307,0,0.956663
9219,Pass,0,0.9984604,0.15867859,0,0.95710564
9220,Pass,0,0.99999845,0.12025062,0,0.969429
9221,Pass,0,0.9997241,0.18435848,0,0.9510689
9222,Pass,0,0.99803144,0.084424816,0,0.97761667
9223,Pass,0,0.9999045,0.22258942,0,0.9404481
9224,Pass,0,0.9995055,0.20480914,0,0.9450902
9225,Pass,0,0.6347815,1.0694985,0,0.44525874
9226,Pass,0,0.9999877,0.11728437,0,0.97025603
9227,Pass,0,0.9917486,0.23215999,0,0.93009746
9228,Pass,0,0.99671483,0.197246,0,0.94457966
9229,Pass,0,0.9995709,0.16001976,0,0.9577916
9230,Pass,0,0.99994314,0.22182238,0,0.940701
9231,Pass,0,0.9982815,0.25552413,0,0.92963934
9232,Pass,0,0.99997556,0.10873364,0,0.9726582
9233,Pass,0,0.9997203,0.09568986,0,0.97609144
9234,Pass,0,0.99972504,0.16713734,0,0.9559304
9235,Pass,0,0.9998733,0.13667352,0,0.96467173
9236,Pass,0,0.99999464,0.13190925,0,0.96613383
9237,Pass,0,0.99907035,0.36135584,0,0.90052307
9238,Pass,0,0.99878687,0.21034822,0,0.94284874
9239,Pass,0,0.99995935,0.06822768,0,0.98407775
9240,Pass,0,0.99993277,0.1655131,0,0.95658755
9241,Pass,0,0.99936396,0.06986147,0,0.98303086
9242,Pass,0,0.99908245,0.21029834,0,0.9431418
9243,Pass,0,0.99806005,0.38105264,0,0.89406234
9244,Pass,0,0.9999639,0.24052823,0,0.93543965
9245,Pass,0,0.8655151,0.7175067,0,0.69311446
9246,Pass,0,0.9928444,0.2890543,0,0.9151775
9247,Pass,0,0.99999,0.07924732,0,0.98099685
9248,Pass,0,0.99162227,0.22095373,0,0.9331163
9249,Pass,0,0.9966564,0.11747652,0,0.9669697
9250,Pass,0,0.9985261,0.24575691,0,0.9326206
9251,Pass,0,0.9999733,0.19710721,0,0.9477068
9252,Pass,0,0.944929,0.4677351,0,0.82334286
9253,Pass,0,0.9489963,0.53105634,0,0.80992156
9254,Pass,0,0.974115,0.2947099,0,0.89635795
9255,Pass,0,0.9066266,0.6783363,0,0.7360631
9256,Pass,0,0.9997669,0.24935898,0,0.9327628
9257,Pass,0,0.9819386,0.36209333,0,0.8848768
9258,Pass,0,0.99949324,0.048828267,0,0.9890932
9259,Pass,0,0.516741,0.43757784,0,0.4546503
9260,Pass,0,0.99936956,0.19885507,0,0.9466415
9261,Pass,0,0.99998033,0.16474468,0,0.95685
9262,Pass,0,0.99906105,0.13674608,0,0.9638676
9263,Pass,0,0.9997471,0.24897897,0,0.9328516
9264,Pass,0,0.98969966,0.16339812,0,0.947389
9265,Pass,0,0.9954358,0.09068021,0,0.97331613
9266,Pass,0,0.99567974,0.23745361,0,0.9322962
9267,Pass,0,0.9995585,0.28708893,0,0.921921
9268,Pass,0,0.9997693,0.35856488,0,0.9019408
9269,Pass,0,0.99977463,0.22942324,0,0.93839705
9270,Pass,0,0.99994123,0.109404534,0,0.9724355
9271,Pass,0,0.9994407,0.22402303,0,0.93960744
9272,Pass,0,0.995381,0.16182476,0,0.95326966
9273,Pass,0,0.9956772,0.20110364,0,0.9425119
9274,Pass,0,0.9995396,0.12171977,0,0.9685696
9275,Pass,0,0.9989336,0.25347942,0,0.9308233
9276,Pass,0,0.9999875,0.26540643,0,0.9284381
9277,Pass,0,0.9997327,0.07353511,0,0.98235667
9278,Pass,0,0.99957234,0.21893649,0,0.9411666
9279,Pass,0,0.99999225,0.055019606,0,0.9878391
9280,Pass,0,0.49962774,0.8152018,0,0.38632715
9281,Pass,0,0.98246473,0.22263685,0,0.9240322
9282,Pass,0,0.99879056,0.028643416,0,0.9940896
9283,Pass,0,0.99555236,0.09626716,0,0.9718598
9284,Pass,0,0.9998894,0.19657956,0,0.94777626
9285,Pass,0,0.99998546,0.09508045,0,0.97652245
9286,Pass,0,0.98561805,0.3840778,0,0.882075
9287,Pass,0,0.9846757,0.28357428,0,0.9091713
9288,Pass,0,0.99998045,0.04564951,0,0.99047273
9289,Pass,0,0.9999331,0.23612818,0,0.936653
9290,Pass,0,0.9995944,0.2914836,0,0.92071396
9291,Pass,0,0.999119,0.037743114,0,0.99184966
9292,Pass,0,0.99713874,0.3068025,0,0.91413957
9293,Pass,0,0.98138463,0.39835763,0,0.87432986
9294,Pass,0,0.99999356,0.06809332,0,0.9841494
9295,Pass,0,0.9993217,0.059520293,0,0.9859069
9296,Pass,0,0.94271064,0.2236415,0,0.8863751
9297,Pass,0,0.994249,0.23148052,0,0.93263316
9298,Pass,0,0.9999976,0.109432295,0,0.97248244
9299,Pass,0,0.99566036,0.24536222,0,0.93005496
9300,Pass,0,0.999966,0.13386714,0,0.96555346
9301,Pass,0,0.99799025,0.059895612,0,0.98448753
9302,Pass,0,0.999106,0.122086845,0,0.9680459
9303,Pass,0,0.8776064,0.4480629,0,0.76955694
9304,Pass,0,0.9748058,0.36906785,0,0.8765295
9305,Pass,0,0.99902093,0.34367555,0,0.9054652
9306,Pass,0,0.9999826,0.14463969,0,0.96252817
9307,Pass,0,0.99852955,0.37491173,0,0.8962141
9308,Pass,0,0.9753667,0.4753437,0,0.8477689
9309,Pass,0,0.8460195,0.4635332,0,0.7381639
9310,Pass,0,0.9956163,0.22646405,0,0.93532586
9311,Pass,0,0.9976452,0.35540855,0,0.9009136
9312,Pass,0,0.9999356,0.14640431,0,0.9619848
9313,Pass,0,0.99912244,0.06452237,0,0.9842993
9314,Pass,0,0.9999238,0.08457739,0,0.9794273
9315,Pass,0,0.9973296,0.29275408,0,0.9182702
9316,Pass,0,0.47179836,0.53503644,0,0.4021265
9317,Pass,0,0.9436891,0.21363492,0,0.8899611
9318,Pass,0,0.9867383,0.17534363,0,0.9412265
9319,Pass,0,0.9917025,0.4023556,0,0.8824029
9320,Pass,0,0.99898106,0.24834129,0,0.93231666
9321,Pass,0,0.9493024,0.3914062,0,0.84761035
9322,Pass,0,0.9983714,0.23417538,0,0.93574053
9323,Pass,0,0.99996376,0.0613954,0,0.9860109
9324,Pass,0,0.9990324,0.07623248,0,0.9809078
9325,Pass,0,0.99959785,0.3339514,0,0.9087323
9326,Pass,0,0.9932986,0.26438975,0,0.9225129
9327,Pass,0,0.99998987,0.075461395,0,0.98206556
9328,Pass,0,0.9999832,0.10163669,0,0.9746693
9329,Pass,0,0.99992716,0.22708616,0,0.9392
9330,Pass,0,0.9930922,0.2598998,0,0.92358005
9331,Pass,0,0.99969137,0.17495273,0,0.95369244
9332,Pass,0,0.99620867,0.38939056,0,0.8900589
9333,Pass,0,0.9998883,0.17169857,0,0.95479894
9334,Pass,0,0.9999256,0.1233651,0,0.96847916
9335,Pass,0,0.9967861,0.042841367,0,0.98809904
9336,Pass,0,0.998877,0.02708631,0,0.99461466
9337,Pass,0,0.99990845,0.2284979,0,0.9387839
9338,Pass,0,0.99787843,0.31411317,0,0.9127581
9339,Pass,0,0.99972767,0.4441032,0,0.8777604
9340,Pass,0,0.9999416,0.14697553,0,0.96182925
9341,Pass,0,0.9742968,0.25808328,0,0.90659994
9342,Pass,0,0.9586371,0.57189006,0,0.8070981
9343,Pass,0,0.99979216,0.1594585,0,0.95816207
9344,Pass,0,0.9998273,0.17022106,0,0.95515776
9345,Pass,0,0.9995652,0.03959931,0,0.9917688
9346,Pass,0,0.9813757,0.2218661,0,0.92322147
9347,Pass,0,0.9999392,0.15280989,0,0.9601799
9348,Pass,0,0.99971884,0.059213918,0,0.98638517
9349,Pass,0,0.9998772,0.20187305,0,0.9462704
9350,Pass,0,0.9977289,0.22030972,0,0.939044
9351,Pass,0,0.9710208,0.24010351,0,0.9084806
9352,Pass,0,0.997044,0.16202909,0,0.9548048
9353,Pass,0,0.99867886,0.28845444,0,0.92072475
9354,Pass,0,0.99804366,0.31356665,0,0.9130632
9355,Pass,0,0.9965411,0.2547837,0,0.92822695
9356,Pass,0,0.99764013,0.018299293,0,0.9958581
9357,Pass,0,0.9858014,0.23587766,0,0.9234853
9358,Pass,0,0.9969688,0.15935668,0,0.9554849
9359,Pass,0,0.9969518,0.218662,0,0.93877643
9360,Pass,0,0.99999344,0.10428976,0,0.97393024
9361,Pass,0,0.9999126,0.13055393,0,0.9664372
9362,Pass,0,0.9861178,0.22941852,0,0.92557997
9363,Pass,0,0.99745446,0.25397822,0,0.92930454
9364,Pass,0,0.99741346,0.42191505,0,0.88197654
9365,Pass,0,0.9998356,0.16906974,0,0.95549065
9366,Pass,0,0.9573336,0.36908957,0,0.86081296
9367,Pass,0,0.9999918,0.067321904,0,0.9843654
9368,Pass,0,0.99943763,0.0464197,0,0.9897178
9369,Pass,0,0.98176724,0.36113706,0,0.88498735
9370,Pass,0,0.9997123,0.33506447,0,0.9085222
9371,Pass,0,0.999342,0.27307305,0,0.9256758
9372,Pass,0,0.99950397,0.4584098,0,0.873527
9373,Pass,0,0.999723,0.16978827,0,0.9551803
9374,Pass,0,0.99997556,0.25853446,0,0.9303671
9375,Pass,0,0.9932735,0.5327261,0,0.84724176
9376,Pass,0,0.99840146,0.23992531,0,0.93414795
9377,Pass,0,0.99273115,0.5310702,0,0.84724325
9378,Pass,0,0.99958664,0.15725957,0,0.9585856
9379,Pass,0,0.990263,0.36328268,0,0.8920458
9380,Pass,0,0.9977041,0.44052672,0,0.87699115
9381,Pass,0,0.9989335,0.34102452,0,0.9061336
9382,Pass,0,0.9925817,0.6577155,0,0.8116261
9383,Pass,0,0.9999831,0.12911886,0,0.9669104
9384,Pass,0,0.99999523,0.1747824,0,0.9540304
9385,Pass,0,0.87967455,0.39608362,0,0.78427964
9386,Pass,0,0.98352873,0.24395119,0,0.9191145
9387,Pass,0,0.9997855,0.31197855,0,0.91510504
9388,Pass,0,0.9990357,0.112503365,0,0.97068083
9389,Pass,0,0.9999883,0.1819444,0,0.9520018
9390,Pass,0,0.9998369,0.30711302,0,0.91652554
9391,Pass,0,0.9994741,0.5633795,0,0.84388113
9392,Pass,0,0.99042004,0.356058,0,0.89420736
9393,Pass,0,0.9999927,0.21869527,0,0.9416305
9394,Pass,0,0.74990857,0.6479499,0,0.61526173
9395,Pass,0,0.9988681,0.04046565,0,0.99083287
9396,Pass,0,0.9964945,0.31110245,0,0.9123392
9397,Pass,0,0.9902547,0.35708314,0,0.8937715
9398,Pass,0,0.99683374,0.36778194,0,0.8966986
9399,Pass,0,0.99928856,0.2887936,0,0.92119116
9400,Pass,0,0.9972868,0.78593487,0,0.77937233
9401,Pass,0,0.9991379,0.06577268,0,0.9839619
9402,Pass,0,0.9998136,0.18447074,0,0.9511224
9403,Pass,0,0.9999974,0.0846432,0,0.97948074
9404,Pass,0,0.9967769,0.36306837,0,0.8979739
9405,Pass,0,0.99992335,0.19685975,0,0.94772935
9406,Pass,0,0.99908614,0.16721205,0,0.9552984
9407,Pass,0,0.99917185,0.086107485,0,0.9782591
9408,Pass,0,0.99389404,0.3239567,0,0.9063515
9409,Pass,0,0.99991155,0.26886842,0,0.92739034
9410,Pass,0,0.9973289,0.21362032,0,0.94055104
9411,Pass,0,0.9998167,0.3625011,0,0.9008725
9412,Pass,0,0.99997556,0.22589503,0,0.93958175
9413,Pass,0,0.9993192,0.2874744,0,0.9215916
9414,Pass,0,0.99998534,0.1281499,0,0.9671862
9415,Pass,0,0.9993229,0.06987505,0,0.9829867
9416,Pass,0,0.9898491,0.3621867,0,0.8919792
9417,Pass,0,0.99914217,0.20435219,0,0.9448755
9418,Pass,0,0.9979656,0.2157652,0,0.9405472
9419,Pass,0,0.9999751,0.12443815,0,0.9682241
9420,Pass,0,0.9998816,0.16867721,0,0.95564544
9421,Pass,0,0.8074801,0.6784937,0,0.6555332
9422,Pass,0,0.98827076,0.7042588,0,0.79511493
9423,Pass,0,0.9520859,0.48692927,0,0.82441956
9424,Pass,0,0.9999713,0.11081276,0,0.97206706
9425,Pass,0,0.99133474,0.45418912,0,0.8675687
9426,Pass,0,0.78730005,0.4089292,0,0.6990673
9427,Pass,0,0.9977329,0.45631322,0,0.8725697
9428,Pass,0,0.9998325,0.301699,0,0.91804975
9429,Pass,0,0.9996842,0.24879213,0,0.93284565
9430,Pass,0,0.9997272,0.1684093,0,0.95557344
9431,Pass,0,0.99989045,0.1375482,0,0.96444136
9432,Pass,0,0.99454945,0.23518634,0,0.9318745
9433,Pass,0,0.9672659,0.39713374,0,0.8620856
9434,Pass,0,0.9995801,0.049594086,0,0.988963
9435,Pass,0,0.9996057,0.072325796,0,0.9825732
9436,Pass,0,0.9984251,0.33737457,0,0.90670127
9437,Pass,0,0.9975298,0.41676107,0,0.883531
9438,Pass,0,0.99978274,0.095734276,0,0.9761399
9439,Pass,0,0.99998987,0.11475726,0,0.9709716
9440,Pass,0,0.9995333,0.24184676,0,0.9346647
9441,Pass,0,0.9998752,0.17706847,0,0.95327055
9442,Pass,0,0.9986131,0.32103086,0,0.91147983
9443,Pass,0,0.9994204,0.057189386,0,0.9866619
9444,Pass,0,0.99759907,0.028561275,0,0.99292684
9445,Pass,0,0.9999914,0.06615553,0,0.9846943
9446,Pass,0,0.6712548,0.28771165,0,0.6189993
9447,Pass,0,0.9937894,0.44759768,0,0.8715662
9448,Pass,0,0.99950397,0.17045549,0,0.95478266
9449,Pass,0,0.98817074,0.37646842,0,0.8864825
9450,Pass,0,0.74134165,0.67384416,0,0.6028134
9451,Pass,0,0.9998865,0.17997582,0,0.9524606
9452,Pass,0,0.9982344,0.2302312,0,0.93672365
9453,Pass,0,0.99992263,0.22136873,0,0.9408098
9454,Pass,0,0.99864346,0.23858179,0,0.9347532
9455,Pass,0,0.9999707,0.09089399,0,0.97768986
9456,Pass,0,0.54803395,0.5646011,0,0.46252984
9457,Pass,0,0.9984072,0.10107189,0,0.97329235
9458,Pass,0,0.99976605,0.24860707,0,0.9329742
9459,Pass,0,0.99995625,0.1024266,0,0.97442
9460,Pass,0,0.99999535,0.1316858,0,0.9661976
9461,Pass,0,0.9999615,0.17436533,0,0.954116
9462,Pass,0,0.9999471,0.2461354,0,0.933841
9463,Pass,0,0.99398583,0.16132675,0,0.9520732
9464,Pass,0,0.9995184,0.04818447,0,0.9892998
9465,Pass,0,0.99821645,0.67649806,0,0.81094027
9466,Pass,0,0.9780521,0.21787518,0,0.9211968
9467,Pass,0,0.9947444,0.20279601,0,0.9411536
9468,Pass,0,0.9938711,0.33414888,0,0.90347075
9469,Pass,0,0.999912,0.29909906,0,0.91885674
9470,Pass,0,0.9414605,0.34409449,0,0.8531838
9471,Pass,0,0.9996486,0.21566007,0,0.94216305
9472,Pass,0,0.97999763,0.30062705,0,0.90013385
9473,Pass,0,0.99966955,0.14070442,0,0.9633375
9474,Pass,0,0.99278766,0.22508664,0,0.9330545
9475,Pass,0,0.99999785,0.19072418,0,0.9495322
9476,Pass,0,0.9990433,0.1614122,0,0.9568933
9477,Pass,0,0.96612495,0.33844933,0,0.8770753
9478,Pass,0,0.97983825,0.5024026,0,0.84417015
9479,Pass,0,0.98381627,0.21114689,0,0.92849475
9480,Pass,0,0.99206674,0.3811552,0,0.88866484
9481,Pass,0,0.9990682,0.44119596,0,0.87800145
9482,Pass,0,0.99226475,0.5490369,0,0.84181195
9483,Pass,0,0.99724054,0.4058314,0,0.88635194
9484,Pass,0,0.99997187,0.1807958,0,0.9523104
9485,Pass,0,0.9994336,0.045131188,0,0.9900773
9486,Pass,0,0.999985,0.13418856,0,0.96548104
9487,Pass,0,0.99879396,0.25799823,0,0.9294189
9488,Pass,0,0.9963121,0.24123794,0,0.93182385
9489,Pass,0,0.9996062,0.10704096,0,0.97277665
9490,Pass,0,0.9925672,0.25529146,0,0.92438316
9491,Pass,0,0.9832876,0.80785364,0,0.76234734
9492,Pass,0,0.9928478,0.3742873,0,0.8912896
9493,Pass,0,0.9989901,0.29389724,0,0.9194766
9494,Pass,0,0.99978536,0.41164654,0,0.88697237
9495,Pass,0,0.99850416,0.24591096,0,0.9325567
9496,Pass,0,0.9994899,0.2460937,0,0.9334258
9497,Pass,0,0.9372742,0.44094416,0,0.82376224
9498,Pass,0,0.9999901,0.16211678,0,0.95760125
9499,Pass,0,0.99963176,0.032930512,0,0.99371696
9500,Pass,0,0.8152,0.6697567,0,0.66381115
9501,Pass,0,0.99665016,0.6366947,0,0.82086754
9502,Pass,0,0.9998079,0.26583675,0,0.92814994
9503,Pass,0,0.99985313,0.39801425,0,0.8908807
9504,Pass,0,0.999992,0.17621323,0,0.95362335
9505,Pass,0,0.9990645,0.5466736,0,0.8482473
9506,Pass,0,0.9990094,0.509398,0,0.85871387
9507,Pass,0,0.9828631,0.4409966,0,0.8638154
9508,Pass,0,0.9951563,0.21592484,0,0.9378547
9509,Pass,0,0.9994282,0.06476118,0,0.9845332
9510,Pass,0,0.9999703,0.23067568,0,0.9382272
9511,Pass,0,0.9999496,0.23852733,0,0.9359911
9512,Pass,0,0.9999143,0.18841796,0,0.9501039
9513,Pass,0,0.9483217,0.60221934,0,0.79029316
9514,Pass,0,0.9987863,0.24009222,0,0.93446094
9515,Pass,0,0.9999701,0.30335027,0,0.9177098
9516,Pass,0,0.9999939,0.11414331,0,0.97114885
9517,Pass,0,0.74152696,0.9092663,0,0.5536785
9518,Pass,0,0.9998766,0.11884808,0,0.9697068
9519,Pass,0,0.999982,0.15390216,0,0.95991266
9520,Pass,0,0.99944144,0.09035281,0,0.97732514
9521,Pass,0,0.9981384,0.34988055,0,0.9029168
9522,Pass,0,0.99711955,0.4307303,0,0.8792351
9523,Pass,0,0.9999671,0.2523427,0,0.9321072
9524,Pass,0,0.9994961,0.21198356,0,0.94305676
9525,Pass,0,0.9999949,0.15500897,0,0.9596125
9526,Pass,0,0.99995613,0.26188588,0,0.9294029
9527,Pass,0,0.9971757,0.34242246,0,0.90414554
9528,Pass,0,0.9999995,0.120490156,0,0.96936244
9529,Pass,0,0.9996414,0.18420428,0,0.95103383
9530,Pass,0,0.79545194,0.8770839,0,0.6011701
9531,Pass,0,0.9974483,0.27317715,0,0.9238924
9532,Pass,0,0.99981743,0.22765037,0,0.9389377
9533,Pass,0,0.9976229,0.20735243,0,0.94259375
9534,Pass,0,0.7119452,0.5361945,0,0.6065774
9535,Pass,0,0.58403146,0.61932695,0,0.48388752
9536,Pass,0,0.9673661,0.19588989,0,0.91713643
9537,Pass,0,0.999495,0.31965116,0,0.9126741
9538,Pass,0,0.95506954,0.5660094,0,0.80568016
9539,Pass,0,0.9081926,0.34364697,0,0.82315
9540,Pass,0,0.9786186,0.8147437,0,0.75682384
9541,Pass,0,0.99679863,0.37594625,0,0.8943694
9542,Pass,0,0.99544454,0.21312845,0,0.9389122
9543,Pass,0,0.99993765,0.17376819,0,0.9542618
9544,Pass,0,0.7876517,0.47902933,0,0.6837913
9545,Pass,0,0.999964,0.10793856,0,0.9728714
9546,Pass,0,0.9964194,0.5022603,0,0.85849553
9547,Pass,0,0.9987565,0.37241957,0,0.89712054
9548,Pass,0,0.9999666,0.29265267,0,0.9207267
9549,Pass,0,0.99868125,0.11506221,0,0.969615
9550,Pass,0,0.9998952,0.33154446,0,0.90968215
9551,Pass,0,0.99994385,0.15297486,0,0.9601378
9552,Pass,0,0.99035585,0.19389318,0,0.93949074
9553,Pass,0,0.9342082,0.7242884,0,0.74633604
9554,Pass,0,0.47729316,0.587193,0,0.3997817
9555,Pass,0,0.99987924,0.09901623,0,0.9753077
9556,Pass,0,0.9987835,0.36065054,0,0.9004634
9557,Pass,0,0.9998814,0.28077686,0,0.9240007
9558,Pass,0,0.999491,0.2543583,0,0.93109465
9559,Pass,0,0.99874616,0.25510123,0,0.93019134
9560,Pass,0,0.96630657,0.15895979,0,0.9262068
9561,Pass,0,0.99993145,0.15066461,0,0.96077806
9562,Pass,0,0.94677967,0.29433927,0,0.8713037
9563,Pass,0,0.99998,0.24653257,0,0.9337595
9564,Pass,0,0.9988451,0.41357732,0,0.8855938
9565,Pass,0,0.99998295,0.20541623,0,0.94537026
9566,Pass,0,0.99996316,0.16118081,0,0.9578397
9567,Pass,0,0.99998057,0.14643276,0,0.96202
9568,Pass,0,0.99999213,0.09142576,0,0.97756076
9569,Pass,0,0.9873788,0.3462896,0,0.8941846
9570,Pass,0,0.9998099,0.064740725,0,0.984915
9571,Pass,0,0.987762,0.27072057,0,0.9156054
9572,Pass,0,0.9996226,0.16370384,0,0.9568014
9573,Pass,0,0.99999213,0.15468591,0,0.95970106
9574,Pass,0,0.9999746,0.23459378,0,0.937125
9575,Pass,0,0.999949,0.23627603,0,0.9366261
9576,Pass,0,0.9796949,0.47548744,0,0.8514911
9577,Pass,0,0.98125917,0.3199676,0,0.89593464
9578,Pass,0,0.99786747,0.23543087,0,0.9349145
9579,Pass,0,0.99971825,0.1605559,0,0.9577815
9580,Pass,0,0.9801706,0.21323839,0,0.9244753
9581,Pass,0,0.99998343,0.14081672,0,0.96360826
9582,Pass,0,0.99991584,0.16038911,0,0.9580179
9583,Pass,0,0.9998679,0.2544719,0,0.93141377
9584,Pass,0,0.99985075,0.2314593,0,0.93789375
9585,Pass,0,0.9999198,0.3857193,0,0.8944109
9586,Pass,0,0.9999894,0.068991356,0,0.9838917
9587,Pass,0,0.8215997,1.0787306,0,0.5741584
9588,Pass,0,0.99994135,0.1552244,0,0.9595004
9589,Pass,0,0.9999534,0.12815396,0,0.96715415
9590,Pass,0,0.99997354,0.2689584,0,0.9274224
9591,Pass,0,0.9996038,0.043614265,0,0.990674
9592,Pass,0,0.9999168,0.2040862,0,0.9456831
9593,Pass,0,0.9997004,0.049906574,0,0.9889939
9594,Pass,0,0.98804384,0.33512926,0,0.89790004
9595,Pass,0,0.97260743,0.38714096,0,0.8695901
9596,Pass,0,0.99114627,0.32422194,0,0.9037716
9597,Pass,0,0.9998958,0.24407151,0,0.9343757
9598,Pass,0,0.9999821,0.08023163,0,0.9807113
9599,Pass,0,0.9981407,0.16615571,0,0.9546921
9600,Pass,0,0.9985266,0.25901464,0,0.9288836
9601,Pass,0,0.9999229,0.25580832,0,0.9310877
9602,Pass,0,0.9996131,0.071715474,0,0.9827527
9603,Pass,0,0.9996203,0.23008667,0,0.938065
9604,Pass,0,0.99986136,0.15344307,0,0.9599264
9605,Pass,0,0.99992645,0.13291954,0,0.96578276
9606,Pass,0,0.9978465,0.2781567,0,0.92285836
9607,Pass,0,0.9921818,0.48985916,0,0.8583182
9608,Pass,0,0.9999502,0.18363984,0,0.9514869
9609,Pass,0,0.99997604,0.23799594,0,0.9361659
9610,Pass,0,0.96989673,0.30565172,0,0.88948023
9611,Pass,0,0.9994547,0.25480264,0,0.93093544
9612,Pass,0,0.98177874,0.48537725,0,0.850561
9613,Pass,0,0.82387775,0.6015859,0,0.6867339
9614,Pass,0,0.9654289,0.40426174,0,0.8585054
9615,Pass,0,0.999892,0.31923586,0,0.9131538
9616,Pass,0,0.9999913,0.1559628,0,0.9593398
9617,Pass,0,0.9988385,0.22363958,0,0.9391494
9618,Pass,0,0.99854136,0.27477288,0,0.924455
9619,Pass,0,0.99967694,0.3726551,0,0.89788085
9620,Pass,0,0.8362618,0.5263358,0,0.7148227
9621,Pass,0,0.99448156,0.44618264,0,0.8725706
9622,Pass,0,0.99736196,0.44408944,0,0.87568724
9623,Pass,0,0.99955183,0.20020495,0,0.94643325
9624,Pass,0,0.929359,0.77477723,0,0.72921485
9625,Pass,0,0.9984939,0.4094557,0,0.8864443
9626,Pass,0,0.9962096,0.15706371,0,0.95540226
9627,Pass,0,0.9900771,0.3412356,0,0.89804095
9628,Pass,0,0.9973693,0.3470448,0,0.9030195
9629,Pass,0,0.99444383,0.54302424,0,0.8453488
9630,Pass,0,0.9980124,0.50749695,0,0.85839254
9631,Pass,0,0.9974878,0.16442907,0,0.95455384
9632,Pass,0,0.98983544,0.3954901,0,0.8826602
9633,Pass,0,0.99806696,0.24940336,0,0.9311643
9634,Pass,0,0.34484753,1.1679724,0,0.23230128
9635,Pass,0,0.9994155,0.15216504,0,0.959859
9636,Pass,0,0.8686633,0.6875061,0,0.7029931
9637,Pass,0,0.9999536,0.29598895,0,0.9197729
9638,Pass,0,0.5091398,0.8722064,0,0.3854882
9639,Pass,0,0.9994742,0.35108706,0,0.90378475
9640,Pass,0,0.9979317,0.20501989,0,0.94354266
9641,Pass,0,0.99856025,0.30944517,0,0.91469777
9642,Pass,0,0.88660604,1.4693516,0,0.5218107
9643,Pass,0,0.9637224,0.4486644,0,0.84490687
9644,Pass,0,0.9985549,0.32119298,0,0.911381
9645,Pass,0,0.9965808,0.24328914,0,0.931498
9646,Pass,0,0.9979673,0.30243334,0,0.9161302
9647,Pass,0,0.99937844,0.16632912,0,0.955827
9648,Pass,0,0.99994814,0.10396004,0,0.97397923
9649,Pass,0,0.9970487,0.09755794,0,0.97295713
9650,Pass,0,0.9987777,0.34399608,0,0.90515435
9651,Pass,0,0.9943159,0.25303507,0,0.9266452
9652,Pass,0,0.85665333,0.5886317,0,0.7171866
9653,Pass,0,0.9758119,0.34758854,0,0.8833516
9654,Pass,0,0.99397475,0.35541677,0,0.8975968
9655,Pass,0,0.49456185,0.6539106,0,0.4049305
9656,Pass,0,0.96766424,0.34229666,0,0.8774217
9657,Pass,0,0.9997328,0.11281164,0,0.97127116
9658,Pass,0,0.9989819,0.18900397,0,0.9490527
9659,Pass,0,0.99647385,0.18271643,0,0.9484388
9660,Pass,0,0.99819946,0.40762916,0,0.8866976
9661,Pass,0,0.99702615,0.28583726,0,0.91993773
9662,Pass,0,0.99808264,0.40114123,0,0.888422
9663,Pass,0,0.9992694,0.21213949,0,0.9427989
9664,Pass,0,0.7601684,0.98582864,0,0.55116624
9665,Pass,0,0.99844486,0.14205529,0,0.9617765
9666,Pass,0,0.66766673,0.28799796,0,0.6156365
9667,Pass,0,0.999977,0.28324446,0,0.9233924
9668,Pass,0,0.996058,0.2480286,0,0.9296766
9669,Pass,0,0.81801355,0.8738032,0,0.618979
9670,Pass,0,0.99023026,0.265134,0,0.9194552
9671,Pass,0,0.9998622,0.17569406,0,0.9536461
9672,Pass,0,0.9974235,0.4396512,0,0.8769911
9673,Pass,0,0.9996183,0.45438161,0,0.8747637
9674,Pass,0,0.9993467,0.11534257,0,0.97018194
9675,Pass,0,0.998858,0.17621952,0,0.9525401
9676,Pass,0,0.985185,0.41119376,0,0.87414545
9677,Pass,0,0.6852615,0.44896165,0,0.60071933
9678,Pass,0,0.98965096,0.25282586,0,0.9223562
9679,Pass,0,0.7945166,0.7614439,0,0.62640256
9680,Pass,0,0.98263663,0.4105118,0,0.8720735
9681,Pass,0,0.99582905,0.20062202,0,0.94279104
9682,Pass,0,0.99888366,0.10981761,0,0.97129047
9683,Pass,0,0.99979514,0.1591621,0,0.95824856
9684,Pass,0,0.9866152,0.3134812,0,0.90263164
9685,Pass,0,0.9997677,0.17811649,0,0.9528723
9686,Pass,0,0.9935567,0.3841655,0,0.8891551
9687,Pass,0,0.98712707,0.2721011,0,0.91463214
9688,Pass,0,0.9995777,0.3063774,0,0.9164955
9689,Pass,0,0.99879575,0.075986214,0,0.98074484
9690,Pass,0,0.99921644,0.3591349,0,0.90128124
9691,Pass,0,0.9957979,0.44760114,0,0.8733267
9692,Pass,0,0.7772498,0.74682456,0,0.61599725
9693,Pass,0,0.9915589,0.3844173,0,0.88729674
9694,Pass,0,0.9855285,0.36583272,0,0.88707143
9695,Pass,0,0.98687696,0.811918,0,0.76399773
9696,Pass,0,0.7916103,0.48722157,0,0.68539697
9697,Pass,0,0.98765576,0.44080546,0,0.86808085
9698,Pass,0,0.8329282,0.82578367,0,0.6415566
9699,Pass,0,0.9986505,0.22107153,0,0.93969667
9700,Pass,0,0.6523188,1.142011,0,0.4442058
9701,Pass,0,0.75469005,0.67458975,0,0.61350864
9702,Pass,0,0.9998118,0.12110978,0,0.9690056
9703,Pass,0,0.9580269,0.3803789,0,0.8583829
9704,Pass,0,0.99992025,0.18691467,0,0.9505339
9705,Pass,0,0.9997296,0.014358205,0,0.9990561
9706,Pass,0,0.95122564,0.36447766,0,0.85655934
9707,Pass,0,0.99993956,0.20439348,0,0.9456179
9708,Pass,0,0.9986261,0.22905189,0,0.93742377
9709,Pass,0,0.9607238,0.48451027,0,0.83255535
9710,Pass,0,0.9990921,0.17396179,0,0.95340025
9711,Pass,0,0.98581725,0.28214815,0,0.91062224
9712,Pass,0,0.9730724,0.71853954,0,0.77896386
9713,Pass,0,0.8982472,0.3896135,0,0.802479
9714,Pass,0,0.98366356,0.36855832,0,0.8846358
9715,Pass,0,0.9993363,0.03163397,0,0.993789
9716,Pass,0,0.62929875,0.9154863,0,0.46877557
9717,Pass,0,0.9997317,0.28989884,0,0.9212877
9718,Pass,0,0.99991643,0.18330576,0,0.9515491
9719,Pass,0,0.84809726,0.52993757,0,0.7240771
9720,Pass,0,0.9969426,0.25830117,0,0.9276109
9721,Pass,0,0.98834807,0.18007569,0,0.9414416
9722,Pass,0,0.9998274,0.2237274,0,0.94005436
9723,Pass,0,0.97580713,0.45058703,0,0.854972
9724,Pass,0,0.999218,0.26281974,0,0.9284534
9725,Pass,0,0.9988457,0.051267747,0,0.9877645
9726,Pass,0,0.74639285,0.739912,0,0.5929987
9727,Pass,0,0.9998568,0.18253446,0,0.9517101
9728,Pass,0,0.9805016,0.3907703,0,0.87564343
9729,Pass,0,0.99935347,3.5540175,0,0.0
9730,Pass,0,0.99668026,0.3224303,0,0.90932184
9731,Pass,0,0.97657007,0.3255954,0,0.8901016
9732,Pass,0,0.9850289,0.37886468,0,0.8829975
9733,Pass,0,0.57193667,0.7679869,0,0.4498624
9734,Pass,0,0.97040504,0.23244448,0,0.9100028
9735,Pass,0,0.8947478,0.73802066,0,0.7113424
9736,Pass,0,0.982196,0.666848,0,0.80060136
9737,Pass,0,0.9994343,0.11313382,0,0.97089016
9738,Pass,0,0.9312267,0.5299943,0,0.7950353
9739,Pass,0,0.9611098,0.1410545,0,0.9260842
9740,Pass,0,0.9423816,0.45525232,0,0.8244444
9741,Pass,0,0.7553094,0.31194827,0,0.6913422
9742,Pass,0,0.9932273,0.69199675,0,0.80254114
9743,Pass,0,0.97215444,0.3304036,0,0.88475734
9744,Pass,0,0.9614854,0.38793448,0,0.85943073
9745,Pass,0,0.49775162,1.0583076,0,0.35071364
9746,Pass,0,0.9479497,0.41952586,0,0.838877
9747,Pass,0,0.9835488,0.43310058,0,0.8666106
9748,Pass,0,0.99931943,0.26451397,0,0.92806965
9749,Pass,0,0.8406968,0.91559213,0,0.6262245
9750,Pass,0,0.99955446,0.30404317,0,0.91713285
9751,Pass,0,0.56966585,0.68191636,0,0.46191898
9752,Pass,0,0.75125355,0.59063095,0,0.62852234
9753,Pass,0,0.9994199,0.2395167,0,0.9352162
9754,Pass,0,0.9720125,0.35321325,0,0.87836874
9755,Pass,0,0.99183923,0.38428786,0,0.88758385
9756,Pass,0,0.9959281,0.45344982,0,0.8717964
9757,Pass,0,0.99882466,0.15169542,0,0.95942396
9758,Pass,0,0.98599166,0.5243451,0,0.8433635
9759,Pass,0,0.99804115,0.19098797,0,0.9475999
9760,Pass,0,0.99721485,0.11661207,0,0.96775484
9761,Pass,0,0.996849,0.23792069,0,0.93325955
9762,Pass,0,0.9421931,0.6852199,0,0.7631075
9763,Pass,0,0.952106,0.36356992,0,0.8575961
9764,Pass,0,0.88595873,0.503844,0,0.7629286
9765,Pass,0,0.96362334,0.41742554,0,0.85331863
9766,Pass,0,0.9982186,0.26545987,0,0.92678076
9767,Pass,0,0.93021077,0.365121,0,0.83746696
9768,Pass,0,0.4647266,1.051018,0,0.3284008
9769,Pass,0,0.95745,0.19363494,0,0.90834475
9770,Pass,0,0.63915133,1.8272643,0,0.31158736
9771,Pass,0,0.98221576,0.18999003,0,0.9328511
9772,Pass,0,0.9998036,0.02906499,0,0.99497885
9773,Pass,0,0.97513914,0.26388237,0,0.9057872
9774,Pass,0,0.9997074,0.06378261,0,0.9850844
9775,Pass,0,0.9998142,0.25365373,0,0.93159467
9776,Pass,0,0.999361,0.27442607,0,0.92531157
9777,Pass,0,0.8679331,0.7689175,0,0.6824533
9778,Pass,0,0.9957268,0.30358762,0,0.9137489
9779,Pass,0,0.4979096,0.7445585,0,0.39492905
9780,Pass,0,0.9565809,0.3344421,0,0.8694932
9781,Pass,0,0.84032506,0.6078496,0,0.6989574
9782,Pass,0,0.891466,0.47780508,0,0.77422464
9783,Pass,0,0.9919493,0.28343514,0,0.91592616
9784,Pass,0,0.9840447,0.1615609,0,0.94248617
9785,Pass,0,0.99775356,0.125449,0,0.96578836
9786,Pass,0,0.9944377,0.23683235,0,0.9313076
9787,Pass,0,0.99832064,0.24324907,0,0.93313557
9788,Pass,0,0.97796476,0.195106,0,0.9274012
9789,Pass,0,0.9959586,0.4128765,0,0.8832316
9790,Pass,0,0.99953747,0.48879248,0,0.86498255
9791,Pass,0,0.9981833,0.11916285,0,0.96797585
9792,Pass,0,0.36010513,1.568189,0,0.20189096
9793,Pass,0,0.9627177,0.52752066,0,0.8225931
9794,Pass,0,0.9990688,0.32411268,0,0.9110265
9795,Pass,0,0.9893773,0.17992456,0,0.94246423
9796,Pass,0,0.9991128,0.08570897,0,0.9783137
9797,Pass,0,0.99870706,0.35548982,0,0.9018496
9798,Pass,0,0.7687742,0.29427773,0,0.7075019
9799,Pass,0,0.9996605,0.15141991,0,0.96030456
9800,Pass,0,0.95030504,0.3444871,0,0.8610937
9801,Pass,0,0.99992454,0.16809677,0,0.95585036
9802,Pass,0,0.9996469,0.033698034,0,0.9935153
9803,Pass,0,0.8559609,0.5659619,0,0.7220853
9804,Pass,0,0.9957534,0.38817996,0,0.8899924
9805,Pass,0,0.99999726,0.08932494,0,0.97815883
9806,Pass,0,0.9999528,0.14547595,0,0.9622634
9807,Pass,0,0.9999534,0.2664317,0,0.928117
9808,Pass,0,0.5224343,1.3672421,0,0.3225386
9809,Pass,0,0.99676883,0.1278848,0,0.9641498
9810,Pass,0,0.9992908,0.048009355,0,0.9891239
9811,Pass,0,0.98466176,0.80577445,0,0.76399076
9812,Pass,0,0.99625754,0.3307017,0,0.9066097
9813,Pass,0,0.999481,0.17372558,0,0.95383805
9814,Pass,0,0.98928714,0.36307287,0,0.89122534
9815,Pass,0,0.9993156,0.06744532,0,0.983665
9816,Pass,0,0.99892455,0.34111208,0,0.9061008
9817,Pass,0,0.97062767,0.41432387,0,0.8603711
9818,Pass,0,0.9977192,0.1283039,0,0.96495104
9819,Pass,0,0.999186,0.051186614,0,0.98812383
9820,Pass,0,0.98471063,0.47703785,0,0.85541946
9821,Pass,0,0.999977,0.14425872,0,0.96263033
9822,Pass,0,0.99997747,0.059324574,0,0.9866091
9823,Pass,0,0.99987733,0.09764419,0,0.97569317
9824,Pass,0,0.9985084,0.32548034,0,0.9101299
9825,Pass,0,0.99621326,0.27171987,0,0.9231583
9826,Pass,0,0.7888649,0.4049846,0,0.7013353
9827,Pass,0,0.9964496,0.2168163,0,0.93882275
9828,Pass,0,0.8921461,0.5520779,0,0.7561079
9829,Pass,0,0.77531207,0.68567264,0,0.62784696
9830,Pass,0,0.99790347,0.44328538,0,0.8763892
9831,Pass,0,0.9434887,0.43563053,0,0.83063954
9832,Pass,0,0.6186124,0.58923674,0,0.5177941
9833,Pass,0,0.99686414,0.3155557,0,0.91142434
9834,Pass,0,0.91077167,0.66360795,0,0.7432155
9835,Pass,0,0.9962496,0.58762705,0,0.83433867
9836,Pass,0,0.99932635,0.048687123,0,0.98896784
9837,Pass,0,0.9995241,0.18520612,0,0.9506395
9838,Pass,0,0.99945396,0.06570156,0,0.9842932
9839,Pass,0,0.62460697,1.4699411,0,0.36750758
9840,Pass,0,0.93656725,0.612793,0,0.7777017
9841,Pass,0,0.99338853,0.4949046,0,0.8579471
9842,Pass,0,0.99791867,0.31241032,0,0.9132747
9843,Pass,0,0.9550877,0.3411843,0,0.866318
9844,Pass,0,0.99903774,0.06817314,0,0.9831862
9845,Pass,0,0.99843174,0.05134337,0,0.9873338
9846,Pass,0,0.99687,0.045807727,0,0.98734736
9847,Pass,0,0.77111363,0.5915585,0,0.64493597
9848,Pass,0,0.99949574,0.10056078,0,0.9744978
9849,Pass,0,0.9452304,0.4039214,0,0.8406348
9850,Pass,0,0.97741425,0.4850818,0,0.8468614
9851,Pass,0,0.9999552,0.12574239,0,0.9678367
9852,Pass,0,0.9931953,0.39331925,0,0.8862649
9853,Pass,0,0.99499846,0.35815218,0,0.89775276
9854,Pass,0,0.9224188,0.3114389,0,0.8444317
9855,Pass,0,0.7407001,0.3480872,0,0.67041296
9856,Pass,0,0.94189507,0.517137,0,0.8075624
9857,Pass,0,0.93162835,0.40583614,0,0.8280343
9858,Pass,0,0.8878735,0.51551664,0,0.7616515
9859,Pass,0,0.99983704,0.116888136,0,0.9702217
9860,Pass,0,0.97663057,0.30795065,0,0.89502186
9861,Pass,0,0.9999851,0.13757831,0,0.96452415
9862,Pass,0,0.99285054,0.28690124,0,0.91578674
9863,Pass,0,0.84386086,0.65094626,0,0.69163096
9864,Pass,0,0.9988367,0.20651163,0,0.94397765
9865,Pass,0,0.99765956,0.24544178,0,0.9319
9866,Pass,0,0.99999,0.23617493,0,0.9366931
9867,Pass,0,0.9645025,0.75551784,0,0.7620343
9868,Pass,0,0.99903035,0.23649164,0,0.9357048
9869,Pass,0,0.9999789,0.121038206,0,0.96918774
9870,Pass,0,0.9959132,0.49055836,0,0.8613496
9871,Pass,0,0.99996173,0.1899416,0,0.94971883
9872,Pass,0,0.99976605,0.23248696,0,0.93752426
9873,Pass,0,0.999511,0.45818904,0,0.8735955
9874,Pass,0,0.6333259,0.58460283,0,0.53093815
9875,Pass,0,0.97770876,0.50268966,0,0.84225625
9876,Pass,0,0.9984982,0.044805605,0,0.9892425
9877,Pass,0,0.99938333,0.14624904,0,0.96149725
9878,Pass,0,0.9989373,0.05202297,0,0.9876421
9879,Pass,0,0.3440732,0.79349744,0,0.26815608
9880,Pass,0,0.5731549,0.37238836,0,0.5148343
9881,Pass,0,0.8560397,0.62632805,0,0.7075625
9882,Pass,0,0.9324415,0.4570126,0,0.81528485
9883,Pass,0,0.52359205,0.81915426,0,0.4042728
9884,Pass,0,0.99019593,0.39010862,0,0.8844861
9885,Pass,0,0.9965599,0.2977504,0,0.9161558
9886,Pass,0,0.9717373,0.36109388,0,0.875958
9887,Pass,0,0.98679256,0.3806826,0,0.88407207
9888,Pass,0,0.80403763,0.81847256,0,0.6209635
9889,Pass,0,0.9986166,0.097204104,0,0.97458696
9890,Pass,0,0.5183496,0.6686887,0,0.42224446
9891,Pass,0,0.8258651,0.5155834,0,0.7084428
9892,Pass,0,0.57785213,0.5798174,0,0.4852134
9893,Pass,0,0.9492361,1.0771525,0,0.6637774
9894,Pass,0,0.9973895,0.26307502,0,0.92668253
9895,Pass,0,0.9997384,0.13152224,0,0.9659955
9896,Pass,0,0.9992207,0.03020579,0,0.99407697
9897,Pass,0,0.9999306,0.30347553,0,0.9176383
9898,Pass,0,0.9996006,0.030327797,0,0.99442047
9899,Pass,0,0.99997854,0.12942968,0,0.96681833
9900,Pass,0,0.99071234,0.24066906,0,0.92674565
9901,Pass,0,0.9952608,0.2613321,0,0.92519444
9902,Pass,0,0.99560416,0.1966884,0,0.9436838
9903,Pass,0,0.9940811,0.05659092,0,0.98155874
9904,Pass,0,0.41125837,0.9152835,0,0.30637705
9905,Pass,0,0.45138553,0.9461547,0,0.33233666
9906,Pass,0,0.9880689,0.330004,0,0.89935255
9907,Pass,0,0.99499655,0.14304651,0,0.9581764
9908,Pass,0,0.9998423,0.18061464,0,0.9522382
9909,Pass,0,0.9991691,0.23354904,0,0.9366649
9910,Pass,0,0.94009155,0.48255202,0,0.8151953
9911,Pass,0,0.9997397,0.30670097,0,0.91655266
9912,Pass,0,0.99895716,0.062809445,0,0.98461956
9913,Pass,0,0.46468696,0.26042807,0,0.4320916
9914,Pass,0,0.91356415,0.33038944,0,0.831438
9915,Pass,0,0.9998084,0.1740274,0,0.95406526
9916,Pass,0,0.99592495,0.33146277,0,0.90609306
9917,Pass,0,0.9997218,0.28691724,0,0.92212015
9918,Pass,0,0.97348434,0.50096524,0,0.83909106
9919,Pass,0,0.9828231,0.4258021,0,0.8679963
9920,Pass,0,0.99990034,0.11680123,0,0.9703076
9921,Pass,0,0.99893874,0.30743095,0,0.9156125
9922,Pass,0,0.94084704,0.55109745,0,0.7976432
9923,Pass,0,0.99969184,0.023590418,0,0.99641275
9924,Pass,0,0.9834923,0.35220137,0,0.88902354
9925,Pass,0,0.73243266,0.594134,0,0.61205184
9926,Pass,0,0.85048664,0.6099261,0,0.70691085
9927,Pass,0,0.997267,0.2737703,0,0.9235574
9928,Pass,0,0.99939823,0.28533196,0,0.922269
9929,Pass,0,0.9994159,0.20366965,0,0.94532686
9930,Pass,0,0.9996648,0.20231195,0,0.9459455
9931,Pass,0,0.99891865,0.10519653,0,0.9726277
9932,Pass,0,0.9644787,0.24407354,0,0.9012788
9933,Pass,0,0.85122055,0.38530955,0,0.76150054
9934,Pass,0,0.99956566,0.14956069,0,0.9607381
9935,Pass,0,0.9992507,0.23834312,0,0.93538886
9936,Pass,0,0.96297234,0.26131684,0,0.8951832
9937,Pass,0,0.57212013,0.5722504,0,0.48162258
9938,Pass,0,0.9998385,0.14296576,0,0.96286196
9939,Pass,0,0.9997607,0.23324268,0,0.9373059
9940,Pass,0,0.98320884,0.7215157,0,0.78625214
9941,Pass,0,0.92145133,0.571851,0,0.7758007
9942,Pass,0,0.99845946,0.25057,0,0.93120164
9943,Pass,0,0.8304167,0.48588955,0,0.71930885
9944,Pass,0,0.54543054,0.90543157,0,0.40784898
9945,Pass,0,0.96525663,0.35048878,0,0.87300617
9946,Pass,0,0.99950564,0.15950198,0,0.9578752
9947,Pass,0,0.9974946,0.37165877,0,0.89620125
9948,Pass,0,0.9866888,0.37964094,0,0.88426924
9949,Pass,0,0.9998116,0.2639529,0,0.92868507
9950,Pass,0,0.998533,0.071370825,0,0.98178804
9951,Pass,0,0.9962126,0.27504367,0,0.9222228
9952,Pass,0,0.9999448,0.12268347,0,0.9686902
9953,Pass,0,0.98645455,0.5563324,0,0.834851
9954,Pass,0,0.7286282,0.39338902,0,0.6501676
9955,Pass,0,0.99622476,0.103092134,0,0.9705966
9956,Pass,0,0.9990594,0.052114848,0,0.9877368
9957,Pass,0,0.99759954,0.40155697,0,0.8878749
9958,Pass,0,0.9970907,0.29447833,0,0.9175648
9959,Pass,0,0.7846433,0.4967736,0,0.6772488
9960,Pass,0,0.9990408,0.36577797,0,0.89924914
9961,Pass,0,0.99968565,0.15455212,0,0.9594447
9962,Pass,0,0.9947817,0.29415423,0,0.915531
9963,Pass,0,0.99935704,0.23312639,0,0.93696034
9964,Pass,0,0.9973104,0.13401188,0,0.9629485
9965,Pass,0,0.987362,0.39613435,0,0.88027495
9966,Pass,0,0.9996288,0.2374657,0,0.9359904
9967,Pass,0,0.99107504,0.2753019,0,0.9173946
9968,Pass,0,0.99983215,0.15337753,0,0.9599169
9969,Pass,0,0.9991229,0.03891028,0,0.99152434
9970,Pass,0,0.88060474,1.0697436,0,0.61762714
9971,Pass,0,0.9770857,0.28178146,0,0.90265787
9972,Pass,0,0.99897516,0.23120715,0,0.93714356
9973,Pass,0,0.993276,0.29014766,0,0.91526884
9974,Pass,0,0.99986684,0.11706523,0,0.9702006
9975,Pass,0,0.8588733,0.7456273,0,0.680977
9976,Pass,0,0.98700756,0.52723134,0,0.84342813
9977,Pass,0,0.9973024,0.19999695,0,0.9443619
9978,Pass,0,0.9993199,0.0882091,0,0.97781116
9979,Pass,0,0.9966725,0.3034314,0,0.91466075
9980,Pass,0,0.62227225,1.1005625,0,0.43102694
9981,Pass,0,0.99439174,0.28562713,0,0.91756594
9982,Pass,0,0.92761624,0.9932548,0,0.6706309
9983,Pass,0,0.99999654,0.06508481,0,0.9850017
9984,Pass,0,0.99909735,0.08327488,0,0.97898513
9985,Pass,0,0.95686036,0.3531381,0,0.8646966
9986,Pass,0,0.9187864,0.49181303,0,0.7943184
9987,Pass,0,0.9999248,0.11954928,0,0.96955556
9988,Pass,0,0.99968827,0.22869825,0,0.9385206
9989,Pass,0,0.99999404,0.12032786,0,0.9694029
9990,Pass,0,0.9998778,0.15292801,0,0.96008766
9991,Pass,0,0.99944836,0.24293481,0,0.93427825
9992,Pass,0,0.94695526,0.26958045,0,0.8780844
9993,Pass,0,0.9995838,0.42694244,0,0.882477
9994,Pass,0,0.99967206,0.028922241,0,0.9948882
9995,Pass,0,0.99934405,0.14146492,0,0.96280926
9996,Pass,0,0.9998042,0.36161947,0,0.9011101
9997,Pass,0,0.99951875,0.1936028,0,0.94826496
9998,Pass,0,0.9770039,0.44553113,0,0.85741514
9999,Pass,0,0.99999905,0.058664214,0,0.9868168
