ID,Outcome,SUT,Confidence,dsa,lsa,conf*(1-norm_dsa)
0,Pass,0,0.99939144,2.733349,0,0.84925836
1,Pass,0,0.36087143,1.000057,0,0.3411572
2,Pass,0,1.0,0.056711853,0,0.99739814
3,Pass,0,0.76193076,1.8333492,0,0.6852901
4,Pass,0,0.9998202,0.19987027,0,0.9893247
5,Pass,0,0.99966156,0.2724214,0,0.98516774
6,Pass,0,0.9999999,0.10735712,0,0.9946048
7,Pass,0,0.99085313,0.25450468,0,0.9774661
8,Pass,0,0.9998332,0.2591212,0,0.98607033
9,Pass,0,0.9816793,0.577703,0,0.9509177
10,Pass,0,0.41916862,1.4337759,0,0.3862429
11,Pass,0,0.73612404,0.97304684,0,0.6970065
12,Pass,0,0.95756924,0.5479294,0,0.92913556
13,Pass,0,0.9168823,2.8209057,0,0.77471656
14,Pass,0,0.9998759,0.24080119,0,0.9871227
15,Pass,0,0.9997806,0.263268,0,0.9857898
16,Pass,0,0.5098926,1.0898142,0,0.4795133
17,Pass,0,0.9995234,0.23211473,0,0.98725355
18,Pass,0,0.9952304,0.0637748,0,0.99225324
19,Pass,0,0.9785195,0.4062359,0,0.9571106
20,Pass,0,0.9999958,0.08767361,0,0.99568635
21,Pass,0,0.9985171,0.3646859,0,0.9789588
22,Pass,0,0.99973446,7.14957,0,0.60604984
23,Pass,0,0.7268121,2.4688606,0,0.62822926
24,Pass,0,0.99872106,0.17036591,0,0.98986226
25,Pass,0,0.9999423,2.2425263,0,0.8767949
26,Pass,0,0.36457738,0.88662255,0,0.34694156
27,Pass,0,0.9999225,0.02169534,0,0.99925196
28,Pass,0,0.9999387,8.135341,0,0.55180955
29,Pass,0,0.99977547,0.09422836,0,0.99510556
30,Pass,0,0.99969876,3.6468873,0,0.79915094
31,Pass,0,0.99997497,0.15002418,0,0.9922269
32,Pass,0,0.48070523,3.132291,0,0.3979148
33,Pass,0,0.99703836,0.19170904,0,0.98702085
34,Pass,0,0.9999958,0.12829976,0,0.99344575
35,Pass,0,0.9999995,0.055138756,0,0.99748445
36,Pass,0,0.9999347,0.20244391,0,0.9892961
37,Pass,0,0.9999963,4.606318,0,0.74647427
38,Pass,0,0.99909675,3.243582,0,0.8208929
39,Pass,0,0.99999404,0.056655053,0,0.99739534
40,Pass,0,0.9999813,6.02974,0,0.6679596
41,Pass,0,0.9999994,0.13017482,0,0.9933459
42,Pass,0,0.99990904,0.1830736,0,0.9903389
43,Pass,0,0.98221105,3.3407924,0,0.801753
44,Pass,0,0.9999707,0.0669841,0,0.9968024
45,Pass,0,0.9999893,2.55421,0,0.8596462
46,Pass,0,0.9995902,0.26670092,0,0.98541284
47,Pass,0,0.99999166,0.06373211,0,0.9970026
48,Pass,0,0.9993998,0.15416731,0,0.99142784
49,Pass,0,0.99967265,3.155515,0,0.8262215
50,Pass,0,0.9540814,0.31461897,0,0.93802804
51,Pass,0,0.99936265,0.06788068,0,0.99614686
52,Pass,0,0.99989283,0.20203748,0,0.98927706
53,Pass,0,0.999997,0.0693364,0,0.9966989
54,Pass,0,0.7275306,0.9864141,0,0.6883334
55,Pass,0,0.999015,3.2081714,0,0.8227767
56,Pass,0,0.9999951,0.10227537,0,0.9948803
57,Pass,0,0.99972147,3.3846653,0,0.81362724
58,Pass,0,0.99928844,0.14591649,0,0.9917721
59,Pass,0,0.9999924,0.083353154,0,0.99592125
60,Pass,0,0.9999769,6.793905,0,0.6258121
61,Pass,0,0.39604676,1.9836369,0,0.3529267
62,Pass,0,0.99994767,0.098483,0,0.99504226
63,Pass,0,0.99999046,6.0243015,0,0.66826564
64,Pass,0,0.5468818,1.9161669,0,0.4893744
65,Pass,0,0.99999595,2.748196,0,0.8489532
66,Pass,0,0.999355,0.5503966,0,0.9695446
67,Pass,0,0.99998176,0.07840236,0,0.9961837
68,Pass,0,0.9997819,0.14880498,0,0.99210256
69,Pass,0,0.99750656,2.4945412,0,0.86079454
70,Pass,0,0.9999958,0.074436426,0,0.99641645
71,Pass,0,0.9992111,1.9259305,0,0.89360094
72,Pass,0,0.9720435,0.90362114,0,0.92411125
73,Pass,0,0.999987,0.11678327,0,0.99407214
74,Pass,0,0.9999994,0.070895694,0,0.9966153
75,Pass,0,0.99999654,0.15145521,0,0.9921694
76,Pass,0,0.81499326,0.43463373,0,0.7958856
77,Pass,0,0.9973695,3.1210387,0,0.82621443
78,Pass,0,0.99999094,0.21351242,0,0.9887413
79,Pass,0,0.88831073,3.6076941,0,0.71202844
80,Pass,0,0.9999999,0.09216538,0,0.9954427
81,Pass,0,0.9994916,3.4451733,0,0.81010467
82,Pass,0,0.9986123,1.7299036,0,0.90386176
83,Pass,0,0.59045976,1.2483627,0,0.55011714
84,Pass,0,0.92046964,1.1713653,0,0.8614882
85,Pass,0,0.9999875,0.08504958,0,0.9958228
86,Pass,0,0.99994075,1.5417483,0,0.9154408
87,Pass,0,0.9998908,9.015722,0,0.5032333
88,Pass,0,0.99919814,3.4544103,0,0.8093578
89,Pass,0,0.7226723,1.0890863,0,0.6796446
90,Pass,0,0.9999964,0.16922693,0,0.9911892
91,Pass,0,0.99268746,0.64321935,0,0.957994
92,Pass,0,1.0,0.06788687,0,0.9967818
93,Pass,0,0.99582183,0.41388515,0,0.9736142
94,Pass,0,0.98808354,4.1629677,0,0.76174206
95,Pass,0,0.5170699,2.1492455,0,0.45605052
96,Pass,0,0.9999529,0.09992052,0,0.99496824
97,Pass,0,0.9989023,3.5129933,0,0.80589074
98,Pass,0,0.46613613,1.5401037,0,0.42678759
99,Pass,0,0.61958814,1.4089166,0,0.57176894
100,Pass,0,0.9998839,0.26682788,0,0.9856953
101,Pass,0,0.9732431,2.5950305,0,0.83446264
102,Pass,0,0.9151504,3.5156956,0,0.7381853
103,Pass,0,0.99999917,0.05087286,0,0.99771935
104,Pass,0,0.56309617,1.218168,0,0.52556086
105,Pass,0,0.9991615,3.2447133,0,0.8208837
106,Pass,0,0.9865969,1.0632722,0,0.92925984
107,Pass,0,0.999363,0.49683222,0,0.9725046
108,Pass,0,0.9764213,2.5435967,0,0.8399574
109,Pass,0,0.90088946,0.28213182,0,0.88734525
110,Pass,0,0.9619832,0.49611223,0,0.9361676
111,Pass,0,0.9919863,3.833946,0,0.7827516
112,Pass,0,0.9378997,1.0935092,0,0.8818287
113,Pass,0,0.9980812,6.429695,0,0.64467424
114,Pass,0,0.7482159,0.657408,0,0.72148097
115,Pass,0,0.95029956,2.4553561,0,0.8221112
116,Pass,0,0.99903476,0.20106809,0,0.9884815
117,Pass,0,0.9999769,3.7553754,0,0.79339004
118,Pass,0,0.74996364,2.3826191,0,0.65180767
119,Pass,0,0.9994104,5.3945627,0,0.70258904
120,Pass,0,0.9999895,0.13441475,0,0.99310225
121,Pass,0,0.63051593,1.4058574,0,0.5819597
122,Pass,0,0.54569286,1.6265016,0,0.49702832
123,Pass,0,0.99658173,0.28968722,0,0.9811836
124,Pass,0,0.99999,0.09662331,0,0.995187
125,Pass,0,0.9999039,0.023588264,0,0.999129
126,Pass,0,0.9999436,2.9841263,0,0.8358974
127,Pass,0,0.9996517,0.371416,0,0.97970015
128,Pass,0,0.98565763,4.602808,0,0.73596156
129,Pass,0,0.9999063,3.1212776,0,0.82830274
130,Pass,0,0.9999368,0.110905565,0,0.99434644
131,Pass,0,0.8736978,2.654304,0,0.74625593
132,Pass,0,0.93968624,3.811328,0,0.7426552
133,Pass,0,0.33593157,1.3817745,0,0.3105076
134,Pass,0,0.9997969,0.21116468,0,0.98867893
135,Pass,0,0.99998283,0.13808927,0,0.992893
136,Pass,0,0.99813914,2.4963968,0,0.86123836
137,Pass,0,0.9829276,0.3533076,0,0.9642916
138,Pass,0,0.9982487,0.32865736,0,0.9806793
139,Pass,0,0.99470514,5.6389585,0,0.68587357
140,Pass,0,0.99983263,2.9844322,0,0.83578783
141,Pass,0,0.9906508,0.4336997,0,0.9674759
142,Pass,0,0.9942825,7.2566338,0,0.59687376
143,Pass,0,0.9975889,3.5926285,0,0.8004496
144,Pass,0,0.99943405,4.6180873,0,0.7454058
145,Pass,0,0.99999607,0.095641084,0,0.9952472
146,Pass,0,0.97848845,1.8615308,0,0.8785439
147,Pass,0,0.79497355,1.594883,0,0.72546464
148,Pass,0,0.9913325,3.7602155,0,0.7862669
149,Pass,0,0.999647,0.1220861,0,0.9934418
150,Pass,0,0.99867487,2.6585913,0,0.85276705
151,Pass,0,0.97556347,1.5257893,0,0.8939821
152,Pass,0,0.99409455,0.36508438,0,0.9746011
153,Pass,0,0.9996031,0.23378062,0,0.9872404
154,Pass,0,0.999992,0.1264704,0,0.9935429
155,Pass,0,0.9994246,7.7012978,0,0.5754505
156,Pass,0,0.9995197,0.039290763,0,0.99787945
157,Pass,0,0.9998746,8.014388,0,0.5584441
158,Pass,0,0.9309873,1.6535045,0,0.846576
159,Pass,0,0.99882394,4.154269,0,0.7705013
160,Pass,0,0.72716033,1.0993078,0,0.6834555
161,Pass,0,0.5430303,2.4364932,0,0.47034448
162,Pass,0,0.9999893,0.18819846,0,0.9901357
163,Pass,0,0.91039103,0.4793389,0,0.8868022
164,Pass,0,0.84863085,1.1330124,0,0.79604775
165,Pass,0,0.6369939,2.9472463,0,0.53378725
166,Pass,0,0.9999988,0.08565426,0,0.99580073
167,Pass,0,0.9999987,0.045263987,0,0.9980282
168,Pass,0,0.9998468,6.427483,0,0.64593667
169,Pass,0,0.9999994,0.10768157,0,0.99458647
170,Pass,0,0.87085223,0.38437584,0,0.8528489
171,Pass,0,0.5391462,2.6004887,0,0.46210384
172,Pass,0,0.90019476,1.2810444,0,0.8370672
173,Pass,0,0.9992685,0.31167987,0,0.9826168
174,Pass,0,0.7070023,1.625891,0,0.6439761
175,Pass,0,0.9956631,0.15465505,0,0.98769414
176,Pass,0,0.9976057,2.6443207,0,0.8526392
177,Pass,0,0.9999999,0.051517222,0,0.99768454
178,Pass,0,0.99991035,5.6538525,0,0.6886413
179,Pass,0,0.9999882,0.0942773,0,0.9953146
180,Pass,0,0.9998117,5.46174,0,0.69916683
181,Pass,0,0.99929225,0.41794676,0,0.9767834
182,Pass,0,0.99995136,7.5107164,0,0.5862643
183,Pass,0,0.669582,1.0901555,0,0.62967587
184,Pass,0,0.9999248,3.0278423,0,0.8334708
185,Pass,0,0.9999702,0.09618401,0,0.9951915
186,Pass,0,0.9999938,0.13952826,0,0.9928245
187,Pass,0,0.9999945,0.06357598,0,0.9970141
188,Pass,0,0.99930775,0.21309547,0,0.9880887
189,Pass,0,0.99419665,4.138323,0,0.7678062
190,Pass,0,0.9999571,3.7259805,0,0.79499555
191,Pass,0,0.5794553,1.2398684,0,0.54013604
192,Pass,0,0.99550444,2.3207927,0,0.8686064
193,Pass,0,0.9991761,0.40471128,0,0.97739923
194,Pass,0,0.9999578,0.12931854,0,0.9933518
195,Pass,0,0.7482271,2.2278485,0,0.6566853
196,Pass,0,0.9998499,5.7552037,0,0.6830108
197,Pass,0,0.9999858,0.14774258,0,0.9923635
198,Pass,0,0.99871397,4.563715,0,0.7478636
199,Pass,0,0.99990785,1.9658736,0,0.89202136
200,Pass,0,0.9999907,0.564533,0,0.96938163
201,Pass,0,0.68841463,1.172665,0,0.6442534
202,Pass,0,0.9999218,0.11935872,0,0.9938653
203,Pass,0,0.99936944,0.20068367,0,0.9888339
204,Pass,0,0.9961521,4.785153,0,0.73377943
205,Pass,0,0.61935085,2.409822,0,0.5373604
206,Pass,0,0.4042899,1.7222441,0,0.36610076
207,Pass,0,0.9999981,0.07643232,0,0.9963086
208,Pass,0,0.98645824,0.43458945,0,0.963333
209,Pass,0,0.9998982,3.7921383,0,0.7913003
210,Pass,0,0.99999976,0.1956206,0,0.9897368
211,Pass,0,0.999859,0.06448107,0,0.99682903
212,Pass,0,0.3257865,1.0363096,0,0.30733758
213,Pass,0,0.6097473,2.0886707,0,0.5398282
214,Pass,0,0.9992242,0.23316737,0,0.98690003
215,Pass,0,0.9301303,1.0121711,0,0.8786963
216,Pass,0,0.9996351,1.8153507,0,0.9000767
217,Pass,0,0.9997454,3.1569092,0,0.8262048
218,Pass,0,0.9645746,0.9964441,0,0.91207254
219,Pass,0,0.72543925,0.9421213,0,0.68812686
220,Pass,0,0.9496086,4.396702,0,0.7198392
221,Pass,0,0.8254572,1.5592726,0,0.75490415
222,Pass,0,0.9858482,4.321461,0,0.7514011
223,Pass,0,0.80792594,1.4780986,0,0.7424883
224,Pass,0,0.98957926,1.7974946,0,0.89199686
225,Pass,0,0.9999734,0.16986777,0,0.991131
226,Pass,0,0.99969006,0.3786255,0,0.97934026
227,Pass,0,0.9999385,3.0256324,0,0.83360416
228,Pass,0,0.99986386,0.047071807,0,0.997794
229,Pass,0,0.9970143,3.59811,0,0.79968715
230,Pass,0,0.9998343,0.24267167,0,0.9869785
231,Pass,0,0.9913054,3.366134,0,0.80779094
232,Pass,0,0.99995875,5.094041,0,0.7195483
233,Pass,0,0.9995894,0.11979193,0,0.993511
234,Pass,0,0.99814963,0.07352492,0,0.99462706
235,Pass,0,0.4775866,1.2926935,0,0.44378823
236,Pass,0,0.99997747,0.085782446,0,0.9957724
237,Pass,0,0.9909582,0.26036042,0,0.97724974
238,Pass,0,0.999783,0.2956426,0,0.98400694
239,Pass,0,0.9999864,0.13975625,0,0.9928046
240,Pass,0,0.9997025,4.560907,0,0.74875873
241,Pass,0,0.9992723,0.16988425,0,0.9904352
242,Pass,0,0.535068,2.5748956,0,0.45936364
243,Pass,0,0.9974318,2.943695,0,0.8360219
244,Pass,0,0.9999442,0.21263576,0,0.9887434
245,Pass,0,0.9999765,3.6228592,0,0.8006982
246,Pass,0,0.9884235,0.065243654,0,0.9853867
247,Pass,0,0.99981874,0.19507371,0,0.9895878
248,Pass,0,0.99452364,1.7022189,0,0.9016796
249,Pass,0,0.9997552,0.19501051,0,0.98952836
250,Pass,0,0.61882997,2.0592973,0,0.5488718
251,Pass,0,0.9999505,0.038935862,0,0.9983291
252,Pass,0,0.9963186,0.3129647,0,0.97964543
253,Pass,0,0.99996614,0.18526435,0,0.99027467
254,Pass,0,0.9994332,2.8263295,0,0.84416866
255,Pass,0,0.99874014,0.2725265,0,0.98425394
256,Pass,0,0.99995124,2.217108,0,0.8782046
257,Pass,0,0.9998677,0.03298521,0,0.9985746
258,Pass,0,0.9932556,2.2861063,0,0.8685444
259,Pass,0,0.999974,3.8251505,0,0.7895397
260,Pass,0,0.9998741,0.031938512,0,0.99863875
261,Pass,0,0.99599874,2.1593177,0,0.87790775
262,Pass,0,0.98864615,1.4354646,0,0.9108958
263,Pass,0,0.9999999,0.055784643,0,0.99744916
264,Pass,0,0.9996947,1.8152478,0,0.900136
265,Pass,0,0.9999658,6.325277,0,0.6516502
266,Pass,0,0.9995091,3.7078207,0,0.7956404
267,Pass,0,0.99998736,0.113116585,0,0.99427474
268,Pass,0,0.9999521,5.5048337,0,0.69688845
269,Pass,0,0.845541,1.2469743,0,0.7878349
270,Pass,0,0.4351067,1.4813828,0,0.39978662
271,Pass,0,0.92902076,2.6727765,0,0.79256266
272,Pass,0,0.98677444,0.40306956,0,0.96535724
273,Pass,0,0.5480366,1.0722797,0,0.5159147
274,Pass,0,0.9998691,5.2709,0,0.7097309
275,Pass,0,0.46311685,1.615344,0,0.42210138
276,Pass,0,0.9999896,4.8616447,0,0.7323876
277,Pass,0,0.9999809,0.030196749,0,0.99884146
278,Pass,0,0.9996346,0.116150156,0,0.9937568
279,Pass,0,0.9987301,0.25820726,0,0.98503274
280,Pass,0,0.79631037,1.0975839,0,0.74852514
281,Pass,0,0.999984,0.19165507,0,0.9899399
282,Pass,0,0.9998853,0.11688025,0,0.9939657
283,Pass,0,0.9999913,0.1508687,0,0.99219656
284,Pass,0,0.9999852,0.055075474,0,0.99747366
285,Pass,0,0.99684024,4.047507,0,0.77484065
286,Pass,0,0.99997926,3.2492266,0,0.82130665
287,Pass,0,0.99996805,0.1664141,0,0.9913162
288,Pass,0,0.9900511,0.39017734,0,0.9692667
289,Pass,0,0.99976784,0.07330942,0,0.9962514
290,Pass,0,0.99370545,3.8222687,0,0.7847482
291,Pass,0,0.9999907,0.12937263,0,0.9933815
292,Pass,0,0.9139096,1.4031218,0,0.84366703
293,Pass,0,0.9978123,0.33186743,0,0.9800738
294,Pass,0,0.9999982,0.17008081,0,0.9911438
295,Pass,0,0.9795721,1.3149327,0,0.90904725
296,Pass,0,0.9835503,1.9115529,0,0.8803753
297,Pass,0,0.99999666,0.10063599,0,0.9949723
298,Pass,0,0.99759585,3.6670175,0,0.79636234
299,Pass,0,0.999969,0.087699495,0,0.9956582
300,Pass,0,0.98582387,1.2157393,0,0.9202421
301,Pass,0,0.9999919,0.07032881,0,0.996639
302,Pass,0,0.9536329,2.3628552,0,0.82986003
303,Pass,0,0.50764036,2.0972815,0,0.44918868
304,Pass,0,0.9997464,0.31340405,0,0.9829916
305,Pass,0,0.9998801,5.8003335,0,0.68054277
306,Pass,0,0.98541796,5.382224,0,0.69342285
307,Pass,0,0.9999945,0.1098192,0,0.99446374
308,Pass,0,0.9999795,0.22553642,0,0.98806685
309,Pass,0,0.9992712,0.33217555,0,0.9814899
310,Pass,0,0.9999392,0.2075771,0,0.9890174
311,Pass,0,0.99999404,0.10299932,0,0.9948394
312,Pass,0,0.9273568,0.8069153,0,0.88657415
313,Pass,0,0.9963117,6.026995,0,0.6656592
314,Pass,0,0.51826257,1.7440667,0,0.46868384
315,Pass,0,0.99989176,0.120860435,0,0.9937526
316,Pass,0,0.99997675,0.15763143,0,0.9918091
317,Pass,0,0.8365559,1.960852,0,0.7465261
318,Pass,0,0.99464405,0.53266937,0,0.9659466
319,Pass,0,0.9725409,3.042787,0,0.8098439
320,Pass,0,0.9978727,0.26984206,0,0.98354673
321,Pass,0,0.99996686,0.067176744,0,0.99678797
322,Pass,0,0.99919456,3.7205093,0,0.7946908
323,Pass,0,0.79922616,6.7339716,0,0.50281876
324,Pass,0,0.99077636,2.0537796,0,0.8790716
325,Pass,0,0.83923334,1.678086,0,0.7620035
326,Pass,0,0.34623042,1.1112524,0,0.32519272
327,Pass,0,0.99287766,0.5568255,0,0.9629084
328,Pass,0,0.37249407,0.81600326,0,0.3559261
329,Pass,0,0.9997676,0.064934574,0,0.996713
330,Pass,0,0.999969,0.17655465,0,0.9907578
331,Pass,0,0.9728248,3.6557255,0,0.77719396
332,Pass,0,0.9999794,0.071279,0,0.99657416
333,Pass,0,0.8815964,1.4043334,0,0.8137785
334,Pass,0,0.99970007,0.21737836,0,0.98824054
335,Pass,0,0.9998838,0.26111633,0,0.98601013
336,Pass,0,0.9999064,0.15937482,0,0.99164325
337,Pass,0,0.9998342,4.005843,0,0.77946526
338,Pass,0,0.99775714,0.22818469,0,0.9857252
339,Pass,0,0.96137714,1.9115669,0,0.8605274
340,Pass,0,0.99999833,0.070195384,0,0.99665284
341,Pass,0,0.98428136,0.20559326,0,0.97363836
342,Pass,0,0.9996574,7.4110107,0,0.59158903
343,Pass,0,0.97295713,0.69768775,0,0.9360303
344,Pass,0,0.9999863,0.13000947,0,0.99334204
345,Pass,0,0.99981445,0.12212412,0,0.9936061
346,Pass,0,0.9999074,2.6599958,0,0.853742
347,Pass,0,0.99990666,0.0319718,0,0.9986694
348,Pass,0,0.9999993,0.06265981,0,0.9970694
349,Pass,0,0.82436645,0.92805946,0,0.7826052
350,Pass,0,0.9999151,0.14273787,0,0.9925693
351,Pass,0,0.99977547,0.1663709,0,0.9911276
352,Pass,0,0.9983334,2.9199173,0,0.8380867
353,Pass,0,0.9999788,0.14481884,0,0.9925178
354,Pass,0,0.99970466,0.22950034,0,0.9875767
355,Pass,0,0.9864096,2.0316892,0,0.8763989
356,Pass,0,0.99987113,4.8987117,0,0.73025674
357,Pass,0,0.9994438,2.6905088,0,0.8516643
358,Pass,0,0.9976802,0.25112367,0,0.98438704
359,Pass,0,0.9999912,0.111314565,0,0.9943779
360,Pass,0,0.5177252,1.545563,0,0.47386596
361,Pass,0,0.9999678,0.1268865,0,0.9934958
362,Pass,0,0.9999422,0.16270567,0,0.991495
363,Pass,0,0.9999995,0.11900689,0,0.993962
364,Pass,0,0.9994061,0.21234117,0,0.98822755
365,Pass,0,0.99766916,5.427401,0,0.699558
366,Pass,0,0.9999814,0.06171321,0,0.99710375
367,Pass,0,0.99969184,2.6901813,0,0.85189366
368,Pass,0,0.9994248,0.08745277,0,0.99513
369,Pass,0,0.9404811,4.134089,0,0.7265419
370,Pass,0,0.99991345,0.025110388,0,0.99905455
371,Pass,0,0.9459898,0.8212135,0,0.90364176
372,Pass,0,0.9999995,0.054696556,0,0.9975088
373,Pass,0,0.9999057,0.19250499,0,0.98981553
374,Pass,0,0.99999917,0.059779245,0,0.99722815
375,Pass,0,0.99999976,0.03598763,0,0.9985409
376,Pass,0,0.99999666,0.23715128,0,0.9874432
377,Pass,0,0.9998338,7.960294,0,0.5614043
378,Pass,0,0.9997204,0.16525418,0,0.9911346
379,Pass,0,0.21833727,1.132029,0,0.20482042
380,Pass,0,0.9980914,3.179956,0,0.82356924
381,Pass,0,0.87099224,2.15384,0,0.7679859
382,Pass,0,0.9999846,2.837563,0,0.8440149
383,Pass,0,0.99788755,0.26071367,0,0.9840638
384,Pass,0,0.99978906,5.009899,0,0.72406584
385,Pass,0,0.99992025,0.093825,0,0.99527186
386,Pass,0,0.99998295,0.06146732,0,0.9971189
387,Pass,0,0.99990094,0.1778375,0,0.9906196
388,Pass,0,0.99990416,4.6831574,0,0.74216795
389,Pass,0,0.9989134,4.2820287,0,0.7635318
390,Pass,0,0.99982786,0.07726395,0,0.99609315
391,Pass,0,0.9996903,0.068817906,0,0.99642175
392,Pass,0,0.99999547,0.22994101,0,0.9878397
393,Pass,0,0.7132654,2.553395,0,0.6131945
394,Pass,0,0.9999962,0.16564578,0,0.9913864
395,Pass,0,0.99964213,2.2763565,0,0.8746666
396,Pass,0,0.9980363,3.298478,0,0.81699985
397,Pass,0,0.99969876,0.18506078,0,0.9900211
398,Pass,0,0.9997669,0.080453746,0,0.9958565
399,Pass,0,0.98992133,4.762281,0,0.7304385
400,Pass,0,0.9994276,0.31848615,0,0.9823981
401,Pass,0,0.9999603,5.3183393,0,0.70717937
402,Pass,0,0.9847376,1.3849448,0,0.9100384
403,Pass,0,0.9999589,0.2484565,0,0.98678243
404,Pass,0,0.628039,0.9972976,0,0.59382516
405,Pass,0,0.99998355,0.18623964,0,0.99023813
406,Pass,0,0.9999962,0.13241096,0,0.9932194
407,Pass,0,0.99425656,0.08226026,0,0.99026865
408,Pass,0,0.9999565,0.07393773,0,0.99640477
409,Pass,0,0.9990478,0.05540713,0,0.9965203
410,Pass,0,0.9991819,3.4464333,0,0.8097843
411,Pass,0,0.88137,2.05752,0,0.7818184
412,Pass,0,0.99999833,3.8764758,0,0.78672814
413,Pass,0,0.9999665,6.887977,0,0.6206175
414,Pass,0,0.99998736,2.2464592,0,0.8766175
415,Pass,0,0.99999905,0.088246554,0,0.995658
416,Pass,0,0.99707925,3.2301698,0,0.81997275
417,Pass,0,0.99975234,0.12222971,0,0.99353856
418,Pass,0,0.9995622,0.120222785,0,0.99346024
419,Pass,0,0.95476377,1.89089,0,0.85569656
420,Pass,0,0.99994373,0.07569625,0,0.99629503
421,Pass,0,0.99915206,0.20222123,0,0.98853403
422,Pass,0,0.81920505,2.104074,0,0.72457165
423,Pass,0,0.93824047,4.712801,0,0.69486487
424,Pass,0,0.9999796,0.26169077,0,0.986073
425,Pass,0,0.9999291,0.12408973,0,0.99361163
426,Pass,0,0.5243191,1.1075091,0,0.4925686
427,Pass,0,0.99991846,0.3222649,0,0.9826722
428,Pass,0,0.68504447,0.7067379,0,0.65870297
429,Pass,0,0.99994326,0.12127477,0,0.993781
430,Pass,0,0.9978941,2.2456305,0,0.8748281
431,Pass,0,0.9999355,0.08328455,0,0.9958683
432,Pass,0,0.9971307,0.32379255,0,0.97984844
433,Pass,0,0.9999174,4.0208206,0,0.7787042
434,Pass,0,0.96974415,2.054596,0,0.86036694
435,Pass,0,0.9093354,1.4899353,0,0.8350905
436,Pass,0,0.99932456,0.13348585,0,0.99249303
437,Pass,0,0.61491424,2.3972561,0,0.5339373
438,Pass,0,0.99984694,5.6698904,0,0.68771327
439,Pass,0,0.9996556,4.536155,0,0.7500882
440,Pass,0,0.5884031,1.8715035,0,0.52797896
441,Pass,0,0.9987626,0.042042118,0,0.996972
442,Pass,0,0.9985228,2.676186,0,0.85166824
443,Pass,0,0.99957305,4.7342095,0,0.73910785
444,Pass,0,0.544799,1.742207,0,0.4927376
445,Pass,0,0.9999995,0.09957263,0,0.9950338
446,Pass,0,0.9995963,0.2582742,0,0.98588336
447,Pass,0,0.9997485,3.7510285,0,0.79344857
448,Pass,0,0.87337726,2.6649907,0,0.7454673
449,Pass,0,0.9993988,3.0530157,0,0.8316449
450,Pass,0,0.99984217,6.474362,0,0.6433486
451,Pass,0,0.99996555,0.1288516,0,0.99338526
452,Pass,0,0.99995804,0.029439013,0,0.9988604
453,Pass,0,0.99983513,0.028639479,0,0.99878174
454,Pass,0,0.9745569,0.43671027,0,0.95159674
455,Pass,0,0.46646613,2.8857894,0,0.3924697
456,Pass,0,0.99999654,0.17078261,0,0.9911035
457,Pass,0,0.9999385,1.9928126,0,0.890563
458,Pass,0,0.9999956,0.072036825,0,0.99654853
459,Pass,0,0.99999297,0.33721125,0,0.9819211
460,Pass,0,0.9984812,4.494617,0,0.75149447
461,Pass,0,0.99991333,5.596563,0,0.69180274
462,Pass,0,0.9999994,0.05311148,0,0.99759614
463,Pass,0,1.0,0.046308167,0,0.99797195
464,Pass,0,0.9999045,3.6247182,0,0.800538
465,Pass,0,0.99932766,3.693725,0,0.7962729
466,Pass,0,0.9997943,0.05278167,0,0.9974097
467,Pass,0,0.9998129,0.02437046,0,0.99899495
468,Pass,0,0.9997986,5.878282,0,0.6761891
469,Pass,0,0.4329683,0.98183244,0,0.40975064
470,Pass,0,0.9777395,2.1612651,0,0.86170846
471,Pass,0,0.98635733,0.67657924,0,0.95007026
472,Pass,0,0.9997305,0.20813477,0,0.9887803
473,Pass,0,0.9999765,3.64213,0,0.7996354
474,Pass,0,0.99943763,0.025783991,0,0.998542
475,Pass,0,0.9999267,0.13185367,0,0.99318105
476,Pass,0,0.9923183,0.28703213,0,0.97713125
477,Pass,0,0.99428433,0.2357967,0,0.9818769
478,Pass,0,0.98248833,0.34830955,0,0.96413136
479,Pass,0,0.96015793,1.9820915,0,0.85570145
480,Pass,0,0.9980774,5.2317185,0,0.7106159
481,Pass,0,0.99994516,0.04729198,0,0.99786294
482,Pass,0,0.9999598,0.034470465,0,0.9985847
483,Pass,0,0.98915595,0.41712832,0,0.9669201
484,Pass,0,0.99999,0.04812391,0,0.9978618
485,Pass,0,0.9964594,2.8173704,0,0.84214926
486,Pass,0,0.9964288,8.777767,0,0.5145678
487,Pass,0,0.9981223,2.5641758,0,0.8574927
488,Pass,0,0.99999785,0.2337548,0,0.9876317
489,Pass,0,0.9988586,0.32510552,0,0.98147404
490,Pass,0,0.30767202,1.8460708,0,0.2765082
491,Pass,0,0.51973665,1.9632977,0,0.46373272
492,Pass,0,0.9624006,2.3963785,0,0.83571035
493,Pass,0,0.9999683,6.6272383,0,0.6349985
494,Pass,0,0.9998684,0.03113129,0,0.99867755
495,Pass,0,0.99999976,0.093958534,0,0.9953437
496,Pass,0,0.9999988,6.456043,0,0.64445966
497,Pass,0,0.9998667,3.740277,0,0.7941353
498,Pass,0,0.999962,0.06213918,0,0.9970609
499,Pass,0,0.832188,1.8285669,0,0.74869984
500,Pass,0,0.9999298,0.26545355,0,0.98581636
501,Pass,0,0.999948,3.7248256,0,0.795052
502,Pass,0,0.99876666,2.523748,0,0.8602732
503,Pass,0,0.9998429,0.12558249,0,0.99344367
504,Pass,0,0.98182076,2.3255377,0,0.8564101
505,Pass,0,0.9999982,0.10569853,0,0.99469465
506,Pass,0,0.9999169,6.696971,0,0.63112026
507,Pass,0,0.998585,2.5225074,0,0.86018497
508,Pass,0,0.9992895,0.47846502,0,0.97344536
509,Pass,0,0.9999912,0.11711539,0,0.994058
510,Pass,0,0.5568276,0.6073869,0,0.5384674
511,Pass,0,0.97493094,2.3594446,0,0.8485772
512,Pass,0,0.9999312,3.6348295,0,0.8000018
513,Pass,0,0.781907,1.9474958,0,0.6983346
514,Pass,0,0.37468594,0.70658904,0,0.3602815
515,Pass,0,0.99969935,3.4327958,0,0.8109555
516,Pass,0,0.99999905,0.06706833,0,0.996826
517,Pass,0,0.9999962,12.136755,0,0.33115494
518,Pass,0,0.9999982,0.08490187,0,0.9958416
519,Pass,0,0.99999106,0.16905086,0,0.99119353
520,Pass,0,0.94612527,2.84851,0,0.79798484
521,Pass,0,0.99973077,0.22989862,0,0.98758054
522,Pass,0,0.9998093,0.06886784,0,0.9965376
523,Pass,0,0.99971265,6.0087996,0,0.6689347
524,Pass,0,0.9930269,0.2103981,0,0.98202616
525,Pass,0,0.9999552,0.19758435,0,0.9895844
526,Pass,0,0.99657804,4.3312726,0,0.75904006
527,Pass,0,0.999984,5.4222145,0,0.7014673
528,Pass,0,0.9995047,12.380087,0,0.31757852
529,Pass,0,0.9999827,2.6761818,0,0.8529137
530,Pass,0,0.5014295,0.9750101,0,0.47472933
531,Pass,0,0.9999877,0.04651126,0,0.99794847
532,Pass,0,0.9999976,2.6639385,0,0.85360163
533,Pass,0,0.80049163,2.01526,0,0.71194106
534,Pass,0,0.9995167,5.14274,0,0.71654564
535,Pass,0,0.96606475,3.9242566,0,0.7574858
536,Pass,0,0.99744844,0.24614196,0,0.9844324
537,Pass,0,0.99999607,0.060854204,0,0.99716574
538,Pass,0,0.9998635,6.564785,0,0.63837594
539,Pass,0,0.9978296,3.8797128,0,0.7848438
540,Pass,0,0.99667066,3.1882262,0,0.82194227
541,Pass,0,0.36835513,2.3080666,0,0.32165906
542,Pass,0,0.99975926,0.18756549,0,0.9899429
543,Pass,0,0.9999976,0.06343515,0,0.99702495
544,Pass,0,0.73611486,2.0152116,0,0.65468764
545,Pass,0,0.9981646,3.3451931,0,0.8145332
546,Pass,0,0.5214694,1.749331,0,0.47143254
547,Pass,0,0.99997246,0.14287056,0,0.9926189
548,Pass,0,0.9998975,2.7482383,0,0.8488673
549,Pass,0,0.9836805,4.220025,0,0.7552521
550,Pass,0,0.9999958,0.12849486,0,0.99343497
551,Pass,0,0.99989736,0.1349696,0,0.9929801
552,Pass,0,0.99917513,0.20735104,0,0.9882742
553,Pass,0,0.99999964,0.12723774,0,0.9935081
554,Pass,0,0.9982193,1.989748,0,0.8892006
555,Pass,0,0.9887567,4.6197524,0,0.73735154
556,Pass,0,0.99960095,4.227142,0,0.76708317
557,Pass,0,0.99998295,3.9396236,0,0.78323334
558,Pass,0,0.9992071,0.19221328,0,0.98914
559,Pass,0,0.9999993,8.040516,0,0.5570727
560,Pass,0,0.9673848,0.64083874,0,0.93370265
561,Pass,0,0.9999999,0.117813274,0,0.99402815
562,Pass,0,0.57551664,2.020783,0,0.51167756
563,Pass,0,0.999943,0.13659829,0,0.99293566
564,Pass,0,0.9997814,2.277922,0,0.87470216
565,Pass,0,0.96155745,0.5097364,0,0.9350308
566,Pass,0,0.99999976,0.08571955,0,0.99579805
567,Pass,0,0.9999993,0.07930501,0,0.9961514
568,Pass,0,0.99909806,0.5555429,0,0.9690117
569,Pass,0,0.9999715,0.13160937,0,0.99323905
570,Pass,0,0.93808895,1.6776619,0,0.8517839
571,Pass,0,0.99950397,5.35704,0,0.70472324
572,Pass,0,0.9992192,5.187901,0,0.7138435
573,Pass,0,0.99999964,0.15546606,0,0.9919513
574,Pass,0,0.9953506,0.39094952,0,0.9744126
575,Pass,0,0.9907197,0.8057778,0,0.94721264
576,Pass,0,0.9999838,6.5156174,0,0.6411644
577,Pass,0,0.6068149,0.8909303,0,0.57731706
578,Pass,0,0.99832004,0.33902115,0,0.9801787
579,Pass,0,0.99132514,0.22015426,0,0.9798099
580,Pass,0,0.3318361,1.2318794,0,0.30946538
581,Pass,0,0.9993148,5.1168623,0,0.7178271
582,Pass,0,0.99999404,0.15503739,0,0.99196935
583,Pass,0,0.9850382,0.8028719,0,0.9419386
584,Pass,0,0.99915314,0.32022393,0,0.9820325
585,Pass,0,0.61148286,1.4443785,0,0.56309325
586,Pass,0,0.9824814,2.2556808,0,0.8607716
587,Pass,0,0.77543944,1.683434,0,0.7038514
588,Pass,0,0.99999404,0.12217016,0,0.9937821
589,Pass,0,0.99805045,2.9200697,0,0.8378408
590,Pass,0,0.9982577,0.13542542,0,0.9913267
591,Pass,0,0.9948955,1.2771683,0,0.9253396
592,Pass,0,0.9997596,0.25839767,0,0.9860376
593,Pass,0,0.99998903,4.720733,0,0.7401587
594,Pass,0,0.99999905,0.09261732,0,0.99541694
595,Pass,0,0.9999026,3.934376,0,0.78345984
596,Pass,0,0.54859614,1.7223225,0,0.4967735
597,Pass,0,0.9999428,0.04027618,0,0.9982475
598,Pass,0,0.9999032,7.5533113,0,0.5838871
599,Pass,0,0.99999833,0.13366029,0,0.9931526
600,Pass,0,0.99997437,3.3981965,0,0.8130868
601,Pass,0,0.9987226,0.25991625,0,0.98493123
602,Pass,0,0.93613476,0.5905808,0,0.90613544
603,Pass,0,0.9999088,0.10011486,0,0.99491364
604,Pass,0,0.99960905,0.13834748,0,0.99250764
605,Pass,0,0.99997854,4.327331,0,0.76184744
606,Pass,0,0.9999981,0.0570515,0,0.9973775
607,Pass,0,0.9958807,0.45093447,0,0.97163683
608,Pass,0,0.92551136,1.4160815,0,0.85371554
609,Pass,0,0.9996786,0.3692695,0,0.97984487
610,Pass,0,0.99999785,0.07661797,0,0.99629813
611,Pass,0,0.9998697,0.107438244,0,0.9944709
612,Pass,0,0.9999399,3.0610316,0,0.8316531
613,Pass,0,0.99941957,5.963625,0,0.67122865
614,Pass,0,0.99986625,0.070374094,0,0.9965114
615,Pass,0,0.9999943,3.2286332,0,0.82245475
616,Pass,0,0.9999255,0.0452151,0,0.9979578
617,Pass,0,0.8356887,2.145424,0,0.7372453
618,Pass,0,0.9999294,0.032961678,0,0.99863756
619,Pass,0,0.99988365,0.25257707,0,0.98648095
620,Pass,0,0.9992717,3.2945933,0,0.81822526
621,Pass,0,0.9992993,0.10838136,0,0.99385154
622,Pass,0,0.99999475,0.079472385,0,0.9961376
623,Pass,0,0.99996126,5.718211,0,0.6851271
624,Pass,0,0.9992563,0.44440296,0,0.97529024
625,Pass,0,0.99998677,0.15702167,0,0.9918527
626,Pass,0,0.7626129,1.3823386,0,0.704873
627,Pass,0,0.9987795,0.07398889,0,0.9952291
628,Pass,0,0.9998504,9.366051,0,0.48389447
629,Pass,0,0.42355403,1.2217182,0,0.3952375
630,Pass,0,0.9983158,2.6873076,0,0.8508793
631,Pass,0,0.9999999,0.09398317,0,0.99534243
632,Pass,0,0.9907408,0.41877848,0,0.9683791
633,Pass,0,0.9420061,2.317349,0,0.8221065
634,Pass,0,0.99893004,5.7047067,0,0.68516445
635,Pass,0,0.9999964,0.10137241,0,0.99493146
636,Pass,0,0.26746684,0.97610754,0,0.25320855
637,Pass,0,0.99987924,0.105776,0,0.99457204
638,Pass,0,0.9977053,6.1334715,0,0.6607313
639,Pass,0,0.3339921,1.9405751,0,0.29842153
640,Pass,0,0.9904592,1.1447371,0,0.92844766
641,Pass,0,0.9999167,0.06377165,0,0.9969257
642,Pass,0,0.9999989,0.0840228,0,0.9958908
643,Pass,0,0.9099162,2.9392512,0,0.76289153
644,Pass,0,0.9999615,5.8312182,0,0.6788948
645,Pass,0,0.86983216,1.9122665,0,0.77855206
646,Pass,0,0.9995086,0.5185059,0,0.9714515
647,Pass,0,0.9878775,6.364991,0,0.6416088
648,Pass,0,0.9289948,1.4023143,0,0.8576341
649,Pass,0,0.9999988,0.11873881,0,0.99397606
650,Pass,0,0.99592435,0.26883066,0,0.98168194
651,Pass,0,0.9989568,4.5491276,0,0.74884915
652,Pass,0,0.9999659,0.12445812,0,0.9936279
653,Pass,0,0.99984014,0.21076208,0,0.98874384
654,Pass,0,0.999405,0.4869375,0,0.97309095
655,Pass,0,0.99998426,0.0852734,0,0.99580723
656,Pass,0,0.9999918,0.10521393,0,0.994715
657,Pass,0,0.999859,0.19783062,0,0.9894756
658,Pass,0,0.99999964,0.09115191,0,0.99549836
659,Pass,0,0.99986243,0.2927836,0,0.98424286
660,Pass,0,0.99849105,3.3401659,0,0.81507635
661,Pass,0,0.9319079,1.3876714,0,0.86107606
662,Pass,0,0.89686143,0.31060374,0,0.88196945
663,Pass,0,0.9910944,2.3020515,0,0.865783
664,Pass,0,0.99944943,2.8113618,0,0.8450074
665,Pass,0,0.765959,1.7438507,0,0.692694
666,Pass,0,0.83825606,2.4677274,0,0.7246096
667,Pass,0,0.9999993,0.053132687,0,0.99759483
668,Pass,0,0.99983,4.625535,0,0.7452904
669,Pass,0,0.9999596,0.11948248,0,0.993896
670,Pass,0,0.78871274,1.582499,0,0.72028995
671,Pass,0,0.6671095,2.2483222,0,0.5847387
672,Pass,0,0.9998722,0.34754807,0,0.98123246
673,Pass,0,0.99984646,4.828404,0,0.7341158
674,Pass,0,0.9997601,0.19514763,0,0.9895256
675,Pass,0,0.9962735,0.5049311,0,0.96905315
676,Pass,0,0.9998565,0.12060255,0,0.9937318
677,Pass,0,0.99999833,0.07943979,0,0.996143
678,Pass,0,0.99976,4.251136,0,0.76588225
679,Pass,0,0.86694694,1.9024996,0,0.7764366
680,Pass,0,0.9942958,3.7854223,0,0.78723496
681,Pass,0,0.42658004,2.1179135,0,0.37697655
682,Pass,0,0.99964523,2.6410859,0,0.85456073
683,Pass,0,0.99123865,1.2551345,0,0.92314297
684,Pass,0,0.99979776,12.981537,0,0.284507
685,Pass,0,0.99967134,0.15875244,0,0.9914444
686,Pass,0,0.9998466,0.098007716,0,0.99496794
687,Pass,0,0.9995902,0.27886337,0,0.9847423
688,Pass,0,0.99892235,0.22102617,0,0.9872708
689,Pass,0,0.9823959,4.3246474,0,0.7485972
690,Pass,0,0.99987197,3.9827695,0,0.78076714
691,Pass,0,0.99993944,5.951422,0,0.6722507
692,Pass,0,0.99970454,0.21550886,0,0.988348
693,Pass,0,0.99995065,0.3688079,0,0.98013693
694,Pass,0,0.9978744,5.2763047,0,0.7080175
695,Pass,0,0.9999989,0.107513055,0,0.9945953
696,Pass,0,0.99937063,0.05611688,0,0.9968032
697,Pass,0,0.9999783,7.0979705,0,0.6090435
698,Pass,0,0.99998677,0.022821443,0,0.99925405
699,Pass,0,0.99961036,0.086788185,0,0.99535143
700,Pass,0,0.9999862,0.16380747,0,0.99147785
701,Pass,0,0.9998565,0.24194011,0,0.9870407
702,Pass,0,0.99999857,0.0844443,0,0.9958672
703,Pass,0,0.8835101,0.5451927,0,0.8574089
704,Pass,0,0.99945956,3.0559986,0,0.831531
705,Pass,0,0.99999976,0.030488238,0,0.9988442
706,Pass,0,0.99991226,0.19890703,0,0.98946893
707,Pass,0,0.9999814,5.3821597,0,0.70367444
708,Pass,0,0.37734404,1.1401675,0,0.35381404
709,Pass,0,0.999316,0.25647208,0,0.9857062
710,Pass,0,0.99999225,0.07245176,0,0.9965223
711,Pass,0,0.8892077,0.64698124,0,0.8579462
712,Pass,0,0.9870417,0.4317046,0,0.9640599
713,Pass,0,0.9999999,0.0931054,0,0.99539083
714,Pass,0,1.0,0.09384274,0,0.9953503
715,Pass,0,0.99990404,6.4974966,0,0.64211255
716,Pass,0,0.99999225,5.6575165,0,0.68849564
717,Pass,0,0.9988695,0.043907277,0,0.99697596
718,Pass,0,0.41899216,1.2694271,0,0.38987812
719,Pass,0,0.9999591,0.24672441,0,0.98687816
720,Pass,0,0.9999877,8.8778305,0,0.5108871
721,Pass,0,0.8292404,1.5652328,0,0.7580914
722,Pass,0,0.77332884,1.8811529,0,0.6935028
723,Pass,0,0.9990181,0.19310437,0,0.9889038
724,Pass,0,0.99985814,0.24218464,0,0.9870289
725,Pass,0,0.99936396,0.17440663,0,0.99027675
726,Pass,0,0.9998957,0.16520342,0,0.9913112
727,Pass,0,0.9846746,0.09585501,0,0.97998685
728,Pass,0,0.99953556,3.845269,0,0.7880844
729,Pass,0,0.99746144,0.3103703,0,0.9809119
730,Pass,0,0.9998016,0.14842409,0,0.99214315
731,Pass,0,0.99999857,0.0970402,0,0.9951725
732,Pass,0,0.99909437,3.9469693,0,0.7821326
733,Pass,0,0.9999864,2.507512,0,0.86221915
734,Pass,0,0.9576415,2.7918603,0,0.8106899
735,Pass,0,0.9972306,0.2403012,0,0.9845386
736,Pass,0,0.99999475,0.12057348,0,0.99387085
737,Pass,0,0.99996376,3.7228706,0,0.79517233
738,Pass,0,0.44985104,1.1384491,0,0.42184237
739,Pass,0,0.9999598,0.16922168,0,0.9911532
740,Pass,0,0.9999697,0.20128274,0,0.9893948
741,Pass,0,0.99955875,3.5897338,0,0.8021898
742,Pass,0,0.9999304,0.28257468,0,0.98487276
743,Pass,0,0.9980646,0.4920383,0,0.971505
744,Pass,0,0.9821132,4.471943,0,0.7404035
745,Pass,0,0.99996924,0.19826737,0,0.9895606
746,Pass,0,0.99980444,0.059622608,0,0.9970426
747,Pass,0,0.99999726,0.066931166,0,0.9968318
748,Pass,0,0.9985002,0.16578509,0,0.9898957
749,Pass,0,0.99988806,0.2263274,0,0.98793286
750,Pass,0,0.84340906,3.0599942,0,0.7015142
751,Pass,0,0.99975485,2.0366015,0,0.887985
752,Pass,0,0.99999917,5.750381,0,0.6833787
753,Pass,0,0.9991339,3.9005723,0,0.78472024
754,Pass,0,0.9995912,0.21287279,0,0.98838127
755,Pass,0,0.998514,0.46239722,0,0.9735748
756,Pass,0,0.99988747,0.04145626,0,0.99812716
757,Pass,0,0.99996734,0.14778596,0,0.99234277
758,Pass,0,0.8362267,1.893659,0,0.7493313
759,Pass,0,0.26790324,1.0362972,0,0.25273237
760,Pass,0,0.88418424,1.3025901,0,0.8211288
761,Pass,0,0.97868127,2.0786436,0,0.8669981
762,Pass,0,0.9882542,3.535982,0,0.79604715
763,Pass,0,0.9675959,4.4170046,0,0.7323908
764,Pass,0,0.99799985,3.5067685,0,0.8055053
765,Pass,0,0.9281788,0.6383438,0,0.89598936
766,Pass,0,0.9993237,2.2491882,0,0.8758853
767,Pass,0,0.998505,0.39468694,0,0.9772948
768,Pass,0,0.99999857,0.06146724,0,0.99713445
769,Pass,0,0.9999895,7.6990004,0,0.5759025
770,Pass,0,0.99994135,2.866354,0,0.8423906
771,Pass,0,0.9999999,0.09569238,0,0.99524814
772,Pass,0,0.7931853,1.6072667,0,0.723291
773,Pass,0,0.9629144,4.362443,0,0.73174495
774,Pass,0,0.9987136,5.3401856,0,0.70509434
775,Pass,0,0.9993948,4.739842,0,0.7386655
776,Pass,0,0.99969244,8.885636,0,0.5103058
777,Pass,0,0.53397125,2.4963744,0,0.46073452
778,Pass,0,0.9999417,0.0622581,0,0.99703413
779,Pass,0,0.9990528,4.1572337,0,0.7705145
780,Pass,0,0.9995989,0.411583,0,0.977434
781,Pass,0,0.9999926,0.1347588,0,0.99308634
782,Pass,0,0.99824107,0.2700354,0,0.98389924
783,Pass,0,0.98800397,1.4724818,0,0.9082871
784,Pass,0,0.9999753,4.4891443,0,0.7529208
785,Pass,0,0.9852563,0.24419563,0,0.9725051
786,Pass,0,0.9999138,0.22134982,0,0.9882328
787,Pass,0,0.99989736,0.14703918,0,0.9923145
788,Pass,0,0.99593866,2.8866737,0,0.8379024
789,Pass,0,0.56543535,1.6317452,0,0.5148467
790,Pass,0,0.9948443,5.220262,0,0.70894253
791,Pass,0,0.93972516,4.608778,0,0.70135576
792,Pass,0,0.9915165,2.216998,0,0.87080276
793,Pass,0,0.99993145,0.123702936,0,0.9936353
794,Pass,0,0.99999726,0.036473837,0,0.99851155
795,Pass,0,0.9925453,3.4823291,0,0.80244064
796,Pass,0,0.71971136,1.6169419,0,0.65590745
797,Pass,0,0.89274216,0.94154805,0,0.8468529
798,Pass,0,0.7626622,1.0789585,0,0.71767956
799,Pass,0,0.99992347,0.1543935,0,0.99193484
800,Pass,0,0.9999497,9.740156,0,0.46331078
801,Pass,0,0.9931657,1.6690989,0,0.90226257
802,Pass,0,0.9998901,0.1149453,0,0.9940772
803,Pass,0,0.99971825,0.056959674,0,0.99710345
804,Pass,0,0.9998661,3.818517,0,0.7898203
805,Pass,0,0.9969463,0.1939592,0,0.986806
806,Pass,0,0.9999949,0.10126545,0,0.9949358
807,Pass,0,0.9936893,0.54064995,0,0.964582
808,Pass,0,0.9995047,0.2538563,0,0.98603654
809,Pass,0,0.99996877,0.14933987,0,0.9922585
810,Pass,0,0.9999993,0.119607575,0,0.9939286
811,Pass,0,0.99993086,0.037503123,0,0.9983885
812,Pass,0,0.9997899,3.9245229,0,0.7839148
813,Pass,0,0.9999794,0.17143238,0,0.9910506
814,Pass,0,0.99936503,0.56655115,0,0.9686639
815,Pass,0,0.999998,4.133036,0,0.772578
816,Pass,0,0.99982256,0.18745278,0,0.99001175
817,Pass,0,0.99760616,0.16515934,0,0.9890438
818,Pass,0,0.9999335,0.11703245,0,0.9940052
819,Pass,0,0.9998628,2.0593255,0,0.8868277
820,Pass,0,0.99999905,0.0807558,0,0.9960711
821,Pass,0,0.99999964,0.061572228,0,0.99712974
822,Pass,0,0.54800266,1.4619278,0,0.50410616
823,Pass,0,0.99214584,0.68008846,0,0.9554538
824,Pass,0,0.5312197,2.1135428,0,0.46957657
825,Pass,0,0.9949709,0.31578678,0,0.97816545
826,Pass,0,0.9454942,0.74021655,0,0.90739197
827,Pass,0,0.99898285,0.36187956,0,0.9795701
828,Pass,0,0.99698156,2.4445136,0,0.86309236
829,Pass,0,0.7874431,1.0909936,0,0.7404762
830,Pass,0,0.9796975,1.7135369,0,0.887626
831,Pass,0,0.9999957,0.13260333,0,0.9932083
832,Pass,0,0.99786013,3.215661,0,0.8214134
833,Pass,0,0.99998975,7.3632655,0,0.594419
834,Pass,0,0.9999337,0.14756687,0,0.9923215
835,Pass,0,0.99931085,0.5711608,0,0.9683573
836,Pass,0,0.99966526,0.23422864,0,0.98727715
837,Pass,0,0.7510711,1.1666703,0,0.7031388
838,Pass,0,0.9999529,4.8148727,0,0.7349401
839,Pass,0,0.7180794,1.297109,0,0.6670867
840,Pass,0,0.48229238,1.5494927,0,0.44133028
841,Pass,0,0.5405764,2.9424515,0,0.4531344
842,Pass,0,0.9999249,0.32533887,0,0.98250896
843,Pass,0,0.99987805,0.022335244,0,0.9991722
844,Pass,0,0.9993007,0.2545664,0,0.9857962
845,Pass,0,0.99972016,0.1823501,0,0.99019176
846,Pass,0,0.999997,0.26759022,0,0.9857648
847,Pass,0,0.7521955,1.2466898,0,0.7008718
848,Pass,0,0.9946136,0.29940817,0,0.9787126
849,Pass,0,0.99996483,0.13654618,0,0.99296016
850,Pass,0,0.9997129,5.947986,0,0.6722879
851,Pass,0,0.99649304,2.3340173,0,0.8687422
852,Pass,0,0.9401023,2.0483074,0,0.83439445
853,Pass,0,0.99994063,0.21109463,0,0.9888249
854,Pass,0,0.9999982,0.06851363,0,0.99674547
855,Pass,0,0.9999994,0.039541345,0,0.99834454
856,Pass,0,0.9883295,3.210439,0,0.8138527
857,Pass,0,0.99999976,0.07534892,0,0.99637
858,Pass,0,0.9947915,1.4763595,0,0.9143142
859,Pass,0,0.99999976,0.11285267,0,0.9943016
860,Pass,0,0.99997914,7.1748776,0,0.6048025
861,Pass,0,0.9976248,8.844155,0,0.5115327
862,Pass,0,0.9402177,0.5026029,0,0.9146496
863,Pass,0,0.9038976,0.94796187,0,0.85711515
864,Pass,0,0.99991703,6.210036,0,0.6579737
865,Pass,0,0.9993399,4.266205,0,0.76472986
866,Pass,0,0.9911068,2.2118306,0,0.8707254
867,Pass,0,0.7812746,0.9529216,0,0.740625
868,Pass,0,0.99988186,0.26440006,0,0.9858272
869,Pass,0,0.83865565,0.62414867,0,0.8102275
870,Pass,0,0.99999285,0.10684688,0,0.994626
871,Pass,0,0.99798644,0.42833272,0,0.97493535
872,Pass,0,0.99469626,1.4794866,0,0.9140551
873,Pass,0,0.9992255,5.494872,0,0.69693106
874,Pass,0,0.999972,0.10200451,0,0.9948723
875,Pass,0,0.9706683,4.6072793,0,0.7245301
876,Pass,0,0.9999993,0.07813014,0,0.9962162
877,Pass,0,0.9650805,0.4404302,0,0.9421456
878,Pass,0,0.99992526,18.141153,0,0.0
879,Pass,0,0.9917605,3.1804163,0,0.81832016
880,Pass,0,0.9997682,0.07362059,0,0.99623466
881,Pass,0,0.97208023,1.5468497,0,0.8896611
882,Pass,0,0.99996805,0.120918564,0,0.99382526
883,Pass,0,1.0,0.11221641,0,0.99433696
884,Pass,0,0.99992037,0.11788085,0,0.99394536
885,Pass,0,0.9852042,1.4191805,0,0.90860945
886,Pass,0,0.6896277,1.1559895,0,0.6460229
887,Pass,0,0.9980562,0.30863976,0,0.981592
888,Pass,0,0.9999411,9.020782,0,0.5029796
889,Pass,0,0.998381,0.21502769,0,0.98706603
890,Pass,0,0.9968971,0.15695208,0,0.988792
891,Pass,0,0.99998045,0.14554185,0,0.99247956
892,Pass,0,0.99990463,0.17583123,0,0.990734
893,Pass,0,0.9999689,0.13241294,0,0.9931922
894,Pass,0,0.9997515,8.951523,0,0.5067031
895,Pass,0,0.99989533,0.11972181,0,0.993819
896,Pass,0,0.9878065,0.09029885,0,0.98340654
897,Pass,0,0.9999738,0.17999466,0,0.9905728
898,Pass,0,0.99560225,4.555448,0,0.7459874
899,Pass,0,0.83467174,3.6939335,0,0.66506404
900,Pass,0,0.9181857,2.2184675,0,0.8063254
901,Pass,0,0.8606867,2.8153307,0,0.7274989
902,Pass,0,0.9997502,0.29891545,0,0.9837943
903,Pass,0,0.9999026,0.13371949,0,0.9930543
904,Pass,0,0.9999726,0.07758665,0,0.9962196
905,Pass,0,0.99522346,3.0705028,0,0.82721055
906,Pass,0,0.99994063,0.18668953,0,0.99017084
907,Pass,0,0.99966836,0.2898689,0,0.9842125
908,Pass,0,0.9999808,0.017795607,0,0.99952525
909,Pass,0,0.99019986,1.5282177,0,0.90726197
910,Pass,0,0.9999987,0.14022063,0,0.9927911
911,Pass,0,0.9999994,12.265672,0,0.32404596
912,Pass,0,0.99538016,0.2602866,0,0.9816146
913,Pass,0,0.9328906,4.0300136,0,0.72603285
914,Pass,0,0.82270986,1.7712749,0,0.74277216
915,Pass,0,0.989673,0.41048664,0,0.96778804
916,Pass,0,0.9986104,4.732608,0,0.7384842
917,Pass,0,0.9999999,0.04604551,0,0.9979863
918,Pass,0,0.99797565,5.537183,0,0.6937305
919,Pass,0,0.9999975,0.089550786,0,0.9955845
920,Pass,0,0.9963229,0.2000402,0,0.98585474
921,Pass,0,0.9999975,11.310994,0,0.37669784
922,Pass,0,0.99999464,0.09843394,0,0.99509174
923,Pass,0,0.99715936,2.866602,0,0.8400333
924,Pass,0,0.9974355,2.1360984,0,0.8804515
925,Pass,0,0.99999917,0.09322985,0,0.99538326
926,Pass,0,0.9970937,0.25061423,0,0.9838363
927,Pass,0,0.99981886,0.34696645,0,0.9812122
928,Pass,0,0.9999889,0.17374444,0,0.9909326
929,Pass,0,0.6537172,0.83225554,0,0.6240549
930,Pass,0,0.9999994,0.06479704,0,0.99695164
931,Pass,0,0.99049497,2.2841697,0,0.86623615
932,Pass,0,0.9512247,2.0942104,0,0.841858
933,Pass,0,0.33973426,1.6669865,0,0.30867842
934,Pass,0,0.999848,0.06447286,0,0.9968186
935,Pass,0,0.7098973,1.6613276,0,0.6452256
936,Pass,0,0.9999893,0.1530679,0,0.99207324
937,Pass,0,0.9537209,3.0413876,0,0.79424584
938,Pass,0,0.8061743,1.0395136,0,0.7603791
939,Pass,0,0.99968994,5.606273,0,0.6911129
940,Pass,0,0.9992999,0.061585627,0,0.9964313
941,Pass,0,0.979867,0.49330848,0,0.953723
942,Pass,0,0.9897984,2.8440483,0,0.8350634
943,Pass,0,0.9752343,2.0126588,0,0.86749357
944,Pass,0,0.9778185,0.558615,0,0.94820726
945,Pass,0,0.9987172,2.9953299,0,0.8342551
946,Pass,0,0.9458009,0.35298222,0,0.9278857
947,Pass,0,0.99576604,0.4269397,0,0.97284275
948,Pass,0,1.0,0.1266479,0,0.993541
949,Pass,0,0.9783528,2.9676137,0,0.8187397
950,Pass,0,0.9999759,0.1634659,0,0.9914865
951,Pass,0,0.99999154,2.5285075,0,0.86106575
952,Pass,0,0.9999902,3.566522,0,0.80381626
953,Pass,0,0.99415696,0.32994935,0,0.97658867
954,Pass,0,0.9994778,0.06845111,0,0.9962302
955,Pass,0,0.99867505,0.25591725,0,0.98510456
956,Pass,0,0.98898435,2.3601627,0,0.86077
957,Pass,0,0.4639141,2.5809095,0,0.39812315
958,Pass,0,0.99996185,0.26296702,0,0.9859851
959,Pass,0,0.99914217,0.2671865,0,0.9849444
960,Pass,0,0.99914956,0.15017155,0,0.9913998
961,Pass,0,0.3557662,1.3334907,0,0.32978848
962,Pass,0,0.99996376,0.046332832,0,0.9979344
963,Pass,0,0.9999937,0.0921356,0,0.99543816
964,Pass,0,0.9999994,0.07672907,0,0.99629354
965,Pass,0,0.9999801,0.056284886,0,0.99740183
966,Pass,0,0.9984285,0.47225842,0,0.97294843
967,Pass,0,0.9988877,4.0267816,0,0.77757394
968,Pass,0,0.99767023,4.233933,0,0.7652279
969,Pass,0,0.9993407,0.23066919,0,0.98715276
970,Pass,0,0.9975177,0.283645,0,0.98243755
971,Pass,0,1.0,0.088749394,0,0.9956312
972,Pass,0,0.9999969,4.0431037,0,0.77753717
973,Pass,0,0.9979177,0.29137495,0,0.982406
974,Pass,0,0.9998336,3.5913,0,0.80232406
975,Pass,0,1.0,0.040496193,0,0.9982925
976,Pass,0,0.98745465,1.5167265,0,0.9053725
977,Pass,0,0.9999963,0.2573963,0,0.98632634
978,Pass,0,0.9971072,0.4391318,0,0.97348255
979,Pass,0,0.9999988,0.09857982,0,0.99508786
980,Pass,0,0.9898665,0.3598744,0,0.9707403
981,Pass,0,0.99968827,4.2725086,0,0.7646489
982,Pass,0,0.752673,2.6989906,0,0.6410293
983,Pass,0,0.9427522,2.040386,0,0.83715826
984,Pass,0,0.9999914,0.084067516,0,0.9958809
985,Pass,0,0.9998524,6.378462,0,0.6486435
986,Pass,0,0.9887121,0.24892765,0,0.9756581
987,Pass,0,0.67782867,1.0913742,0,0.6373854
988,Pass,0,0.9946794,1.7378527,0,0.899866
989,Pass,0,0.9999994,0.084826045,0,0.995847
990,Pass,0,0.82216746,1.9843355,0,0.7326214
991,Pass,0,0.9995167,0.31437102,0,0.9827125
992,Pass,0,0.9997174,9.16935,0,0.49467552
993,Pass,0,0.99999917,0.16645366,0,0.9913448
994,Pass,0,0.99982774,0.16485564,0,0.99126303
995,Pass,0,0.99991846,0.038204517,0,0.99833745
996,Pass,0,0.96193355,1.3849391,0,0.88896453
997,Pass,0,0.99987805,2.6410475,0,0.8547619
998,Pass,0,0.9998524,0.31193903,0,0.98317665
999,Pass,0,0.9993874,0.15128896,0,0.99157417
1000,Pass,0,0.9994018,0.37554148,0,0.9792279
1001,Pass,0,0.99995303,0.19215284,0,0.98988175
1002,Pass,0,0.9923383,2.2229614,0,0.8711982
1003,Pass,0,0.99976915,0.11926042,0,0.993719
1004,Pass,0,0.9999701,0.12229779,0,0.99375117
1005,Pass,0,0.9999821,0.12179346,0,0.993791
1006,Pass,0,0.9996449,3.8307593,0,0.7889706
1007,Pass,0,0.99999964,0.05677543,0,0.99739426
1008,Pass,0,0.99289846,3.2147474,0,0.8173791
1009,Pass,0,0.9999026,3.383975,0,0.81381273
1010,Pass,0,0.9999993,0.09291329,0,0.99540085
1011,Pass,0,0.9999999,0.028110027,0,0.9989755
1012,Pass,0,0.9999838,0.17894326,0,0.99064076
1013,Pass,0,0.83752704,0.30494243,0,0.82388175
1014,Pass,0,0.9998568,4.9857697,0,0.72544545
1015,Pass,0,0.9999949,0.067056626,0,0.9968225
1016,Pass,0,0.9998976,0.18486373,0,0.9902289
1017,Pass,0,0.7655863,0.540925,0,0.74314904
1018,Pass,0,0.99880767,0.25889564,0,0.9850713
1019,Pass,0,0.9985494,0.2762846,0,0.98385894
1020,Pass,0,0.3887111,1.225146,0,0.36265048
1021,Pass,0,0.99986625,2.6481283,0,0.85436136
1022,Pass,0,0.9999819,7.547258,0,0.58426684
1023,Pass,0,0.9700069,0.3455117,0,0.9520328
1024,Pass,0,0.97838235,1.1675569,0,0.9158955
1025,Pass,0,0.9990345,4.956316,0,0.7264717
1026,Pass,0,0.99490273,1.6474351,0,0.9050293
1027,Pass,0,0.997053,2.0115209,0,0.8869644
1028,Pass,0,0.97518504,2.478273,0,0.8424073
1029,Pass,0,0.99998677,0.085890576,0,0.9957757
1030,Pass,0,0.9994456,5.909059,0,0.6742539
1031,Pass,0,0.45316985,1.5412903,0,0.41488618
1032,Pass,0,0.9997769,5.321835,0,0.7068569
1033,Pass,0,0.9992912,0.41908917,0,0.97671944
1034,Pass,0,0.9999993,0.12846872,0,0.99343985
1035,Pass,0,0.9999925,0.014995724,0,0.99969137
1036,Pass,0,0.9999112,0.3065911,0,0.9835294
1037,Pass,0,0.998565,2.3292046,0,0.8708136
1038,Pass,0,0.9993611,0.14603572,0,0.9918377
1039,Pass,0,0.9999927,6.982897,0,0.6153988
1040,Pass,0,0.977666,3.7642038,0,0.77521247
1041,Pass,0,0.46465772,0.79874873,0,0.44443262
1042,Pass,0,0.99990404,0.21440104,0,0.98860633
1043,Pass,0,0.99925476,3.2864103,0,0.81866235
1044,Pass,0,0.9961534,0.44283456,0,0.9723479
1045,Pass,0,0.9996283,6.270465,0,0.65445215
1046,Pass,0,0.9998951,3.6864293,0,0.7971273
1047,Pass,0,0.9999068,0.1279409,0,0.9933771
1048,Pass,0,0.9999969,0.07874195,0,0.99618006
1049,Pass,0,0.692751,2.7931585,0,0.5863977
1050,Pass,0,0.9999759,9.500543,0,0.47653785
1051,Pass,0,0.98607695,0.4262866,0,0.9634122
1052,Pass,0,0.9964234,1.5170805,0,0.9135763
1053,Pass,0,0.9927772,0.24644075,0,0.97980577
1054,Pass,0,0.9997141,0.1670935,0,0.99102694
1055,Pass,0,0.9992725,0.38061327,0,0.9788217
1056,Pass,0,0.9877435,3.3410745,0,0.8062536
1057,Pass,0,0.99999213,0.13468227,0,0.9930901
1058,Pass,0,0.9997565,0.17718428,0,0.9905126
1059,Pass,0,0.9999422,0.13574326,0,0.992982
1060,Pass,0,0.99999094,0.082158126,0,0.99598575
1061,Pass,0,0.9999553,3.8283377,0,0.7893491
1062,Pass,0,0.9999877,0.051437717,0,0.99767673
1063,Pass,0,0.72079796,3.6632895,0,0.57554793
1064,Pass,0,0.3181541,1.922083,0,0.28459477
1065,Pass,0,0.7864016,1.1775544,0,0.7357425
1066,Pass,0,0.99997354,0.07960579,0,0.9961091
1067,Pass,0,0.66450554,2.2790475,0,0.58133024
1068,Pass,0,0.99942017,3.248905,0,0.82086515
1069,Pass,0,0.90914786,0.600224,0,0.8795299
1070,Pass,0,0.7322687,1.0421841,0,0.69056386
1071,Pass,0,0.991178,5.076437,0,0.71419215
1072,Pass,0,0.99929476,2.334971,0,0.87113214
1073,Pass,0,0.9988701,0.22281961,0,0.9871203
1074,Pass,0,0.9983511,0.68055785,0,0.9614037
1075,Pass,0,0.9999814,0.12365912,0,0.9936874
1076,Pass,0,0.531866,0.8021294,0,0.5086164
1077,Pass,0,0.99862754,0.21611455,0,0.9872499
1078,Pass,0,0.99902594,3.6847205,0,0.7965286
1079,Pass,0,0.9996805,0.025377298,0,0.99880713
1080,Pass,0,0.99990094,3.3125012,0,0.81775296
1081,Pass,0,0.6342935,0.68321675,0,0.6107263
1082,Pass,0,0.99980956,0.22464083,0,0.9879483
1083,Pass,0,0.999783,8.387897,0,0.5377975
1084,Pass,0,0.99993813,0.12789485,0,0.99341077
1085,Pass,0,0.9933954,0.12772089,0,0.98692024
1086,Pass,0,0.9991461,2.8112793,0,0.84475553
1087,Pass,0,0.99755055,2.277625,0,0.8727667
1088,Pass,0,0.96685475,0.44936988,0,0.9434009
1089,Pass,0,0.9977884,2.9651382,0,0.8351407
1090,Pass,0,0.9970995,4.512104,0,0.7494929
1091,Pass,0,0.8326445,1.0250403,0,0.78601027
1092,Pass,0,0.97876006,3.1684675,0,0.80823827
1093,Pass,0,0.9997236,0.42771703,0,0.97666633
1094,Pass,0,0.99988294,0.23385182,0,0.9875128
1095,Pass,0,0.9997385,4.5076365,0,0.7517229
1096,Pass,0,0.99937785,0.3018845,0,0.9832642
1097,Pass,0,0.99979013,0.07440227,0,0.9962134
1098,Pass,0,0.9876237,6.388873,0,0.6401431
1099,Pass,0,0.8858029,3.4788022,0,0.7163152
1100,Pass,0,0.99998844,0.14874856,0,0.9923106
1101,Pass,0,0.99999976,0.101167455,0,0.99494606
1102,Pass,0,0.99904937,2.0237205,0,0.88806814
1103,Pass,0,0.97886676,3.452358,0,0.79300004
1104,Pass,0,0.99968183,1.9357072,0,0.8934829
1105,Pass,0,0.9909819,4.4866014,0,0.7462883
1106,Pass,0,0.99976057,0.10337812,0,0.9945862
1107,Pass,0,0.98880625,2.454827,0,0.8554525
1108,Pass,0,0.99916553,4.7784386,0,0.73636913
1109,Pass,0,0.35539788,1.5381671,0,0.32543516
1110,Pass,0,0.36241308,1.5790634,0,0.3310415
1111,Pass,0,0.99988604,0.084843695,0,0.99573314
1112,Pass,0,0.99382377,0.29333156,0,0.9782685
1113,Pass,0,0.94059247,0.7992845,0,0.8996236
1114,Pass,0,0.99814045,3.4495323,0,0.80876964
1115,Pass,0,0.9690843,0.20226601,0,0.95878345
1116,Pass,0,0.6740925,1.3321425,0,0.62492096
1117,Pass,0,0.9992705,0.3455108,0,0.98075426
1118,Pass,0,0.42987904,1.1347377,0,0.40320185
1119,Pass,0,0.866702,3.3291435,0,0.70802283
1120,Pass,0,0.99984753,2.9498158,0,0.8377091
1121,Pass,0,0.9991755,2.909804,0,0.839351
1122,Pass,0,0.9988681,0.29939923,0,0.9828996
1123,Pass,0,0.9999858,0.25535324,0,0.9864286
1124,Pass,0,0.46351913,1.072056,0,0.4363567
1125,Pass,0,0.9999994,0.065198496,0,0.9969295
1126,Pass,0,0.9999027,4.9753866,0,0.7260514
1127,Pass,0,0.9996588,0.02338665,0,0.99889517
1128,Pass,0,0.9853538,2.5324438,0,0.84824765
1129,Pass,0,0.9999993,0.06237029,0,0.99708533
1130,Pass,0,0.99999654,0.1132539,0,0.9942763
1131,Pass,0,0.9999962,5.728747,0,0.68456984
1132,Pass,0,0.9544016,1.6251789,0,0.86935836
1133,Pass,0,0.9997607,0.13139865,0,0.9930413
1134,Pass,0,0.99999917,0.087375306,0,0.99570614
1135,Pass,0,0.99989474,0.316127,0,0.98298734
1136,Pass,0,0.9999981,0.067335114,0,0.9968103
1137,Pass,0,0.9979323,0.16203512,0,0.989539
1138,Pass,0,0.99947625,5.347625,0,0.7052227
1139,Pass,0,0.99871194,1.7109554,0,0.9049957
1140,Pass,0,0.5699583,2.69221,0,0.4856298
1141,Pass,0,0.9896958,1.4973167,0,0.9084868
1142,Pass,0,0.99495834,3.775158,0,0.7883228
1143,Pass,0,0.9997521,5.5626383,0,0.6935618
1144,Pass,0,0.99973255,0.048026476,0,0.99761033
1145,Pass,0,0.9999825,0.1649985,0,0.9914085
1146,Pass,0,0.99517715,2.3296168,0,0.86783653
1147,Pass,0,0.99468935,2.2661393,0,0.8708935
1148,Pass,0,0.99869376,4.3014903,0,0.76229197
1149,Pass,0,0.99974626,3.5643303,0,0.80374104
1150,Pass,0,0.81593215,1.1351516,0,0.7652789
1151,Pass,0,0.9999939,0.091278166,0,0.99548566
1152,Pass,0,0.9999628,6.961061,0,0.6165846
1153,Pass,0,0.99982303,6.0512385,0,0.6666683
1154,Pass,0,0.9870864,0.49723724,0,0.96053594
1155,Pass,0,0.9998165,0.22998048,0,0.98766065
1156,Pass,0,0.99448735,3.1475418,0,0.8223733
1157,Pass,0,0.99908876,2.4471843,0,0.8647694
1158,Pass,0,0.99901736,0.1650061,0,0.9904512
1159,Pass,0,0.96340466,0.33963567,0,0.94586515
1160,Pass,0,0.999977,11.943024,0,0.34183306
1161,Pass,0,0.99952745,3.3207011,0,0.81699544
1162,Pass,0,0.9996146,0.2144598,0,0.98831695
1163,Pass,0,0.9999856,0.16431513,0,0.9914493
1164,Pass,0,0.9999771,0.12440983,0,0.9936417
1165,Pass,0,0.46490258,2.0208962,0,0.41333044
1166,Pass,0,0.99999905,0.06423727,0,0.99698216
1167,Pass,0,0.9992725,4.9575453,0,0.7265771
1168,Pass,0,0.999527,4.6882515,0,0.74160725
1169,Pass,0,0.9999491,0.16632822,0,0.9913021
1170,Pass,0,0.9998124,0.12503918,0,0.99344337
1171,Pass,0,0.99995637,0.03021646,0,0.99881583
1172,Pass,0,0.9989361,0.32000798,0,0.98183113
1173,Pass,0,0.9999771,6.467969,0,0.643788
1174,Pass,0,0.6313164,1.8504404,0,0.56721884
1175,Pass,0,0.99061394,2.5302575,0,0.85289526
1176,Pass,0,0.77928305,0.3881955,0,0.76300853
1177,Pass,0,0.9999975,5.8148894,0,0.67981976
1178,Pass,0,0.9985512,1.5539795,0,0.913495
1179,Pass,0,0.9999143,3.52302,0,0.80615425
1180,Pass,0,0.9999256,0.13605842,0,0.9929482
1181,Pass,0,0.9971354,2.4126697,0,0.86497676
1182,Pass,0,0.7715302,1.2746611,0,0.7176971
1183,Pass,0,0.9999138,2.5736437,0,0.8585096
1184,Pass,0,0.99998236,0.08923708,0,0.99558675
1185,Pass,0,0.99897873,0.4361764,0,0.97547257
1186,Pass,0,0.99996877,5.784044,0,0.68150145
1187,Pass,0,0.46328515,1.67964,0,0.42061195
1188,Pass,0,0.99751794,3.3930972,0,0.81137
1189,Pass,0,0.99864286,0.20175691,0,0.9880558
1190,Pass,0,0.99991095,0.032905303,0,0.9986222
1191,Pass,0,0.99994993,0.3439371,0,0.98150784
1192,Pass,0,0.5903254,0.085309714,0,0.58785844
1193,Pass,0,0.9671514,2.4480329,0,0.83708054
1194,Pass,0,0.99992406,4.4004707,0,0.75777245
1195,Pass,0,0.99999964,10.782232,0,0.40586105
1196,Pass,0,0.9999999,0.052443575,0,0.99763346
1197,Pass,0,0.9999583,0.046751473,0,0.99790585
1198,Pass,0,0.63619435,1.7565975,0,0.5748942
1199,Pass,0,0.99914134,3.0234115,0,0.833062
1200,Pass,0,0.9923063,2.4341588,0,0.85961163
1201,Pass,0,0.99990034,0.26454613,0,0.9858374
1202,Pass,0,0.9997936,2.3881228,0,0.8686362
1203,Pass,0,0.99996436,2.339408,0,0.8714712
1204,Pass,0,0.99948287,0.26617488,0,0.985336
1205,Pass,0,0.99997973,3.9207354,0,0.7842725
1206,Pass,0,0.9998369,4.669528,0,0.7428697
1207,Pass,0,0.99533147,0.37575147,0,0.97522813
1208,Pass,0,0.99972993,5.2078514,0,0.7131084
1209,Pass,0,0.99939334,0.084650934,0,0.9952531
1210,Pass,0,0.53761995,1.4262505,0,0.495613
1211,Pass,0,0.9999993,0.1044294,0,0.9947657
1212,Pass,0,0.99992037,0.149854,0,0.99218214
1213,Pass,0,0.47265434,1.7910602,0,0.42621365
1214,Pass,0,0.99997056,0.15083225,0,0.99217796
1215,Pass,0,0.99995315,0.041698985,0,0.9981794
1216,Pass,0,0.99999964,0.041914646,0,0.9982139
1217,Pass,0,0.46153793,0.87367207,0,0.43954146
1218,Pass,0,0.99999213,8.640893,0,0.52395684
1219,Pass,0,0.9996604,4.299832,0,0.7631211
1220,Pass,0,0.99999595,0.022330012,0,0.99929035
1221,Pass,0,0.60249364,2.0237877,0,0.5355623
1222,Pass,0,0.99650675,0.36298507,0,0.9770813
1223,Pass,0,0.99997866,4.0926175,0,0.77479225
1224,Pass,0,0.9999981,0.027649874,0,0.99899906
1225,Pass,0,0.9999869,0.0962175,0,0.9952063
1226,Pass,0,0.79460114,2.3769758,0,0.6908503
1227,Pass,0,0.9993937,0.136813,0,0.9923783
1228,Pass,0,0.99990666,0.09709727,0,0.99507797
1229,Pass,0,0.9999974,7.1387644,0,0.6068052
1230,Pass,0,0.94551265,1.4495778,0,0.87041855
1231,Pass,0,0.99996316,0.05100672,0,0.997676
1232,Pass,0,0.99994767,5.120833,0,0.71806276
1233,Pass,0,0.9998981,2.3949695,0,0.8683494
1234,Pass,0,0.9999777,6.1206217,0,0.6629449
1235,Pass,0,0.99992085,0.10562839,0,0.9946216
1236,Pass,0,0.99998665,0.20737185,0,0.98907566
1237,Pass,0,0.9871427,5.8344083,0,0.6700182
1238,Pass,0,0.9981048,0.4798227,0,0.9722166
1239,Pass,0,0.9963141,1.8587475,0,0.89470184
1240,Pass,0,0.9948259,0.41252005,0,0.9727154
1241,Pass,0,0.86809343,2.1973588,0,0.7633463
1242,Pass,0,0.9996388,5.556572,0,0.6938176
1243,Pass,0,0.9999913,2.7121224,0,0.8509388
1244,Pass,0,0.3861494,1.9732597,0,0.34432793
1245,Pass,0,0.9998797,0.11911091,0,0.9938371
1246,Pass,0,0.99872965,0.47266287,0,0.9732196
1247,Pass,0,0.99995756,0.1944122,0,0.98976165
1248,Pass,0,0.9999989,0.15603095,0,0.9919194
1249,Pass,0,0.99265623,4.7420163,0,0.7335659
1250,Pass,0,0.9099976,3.1231458,0,0.75373036
1251,Pass,0,0.26621625,0.62076426,0,0.25724193
1252,Pass,0,0.999874,2.903044,0,0.8403105
1253,Pass,0,0.9999311,0.09861831,0,0.99501836
1254,Pass,0,0.99999785,0.07541875,0,0.9963643
1255,Pass,0,0.99990284,0.086138085,0,0.9956785
1256,Pass,0,0.9998934,1.0240777,0,0.9439451
1257,Pass,0,1.0,0.11401026,0,0.994238
1258,Pass,0,0.99980956,0.3730761,0,0.9797633
1259,Pass,0,0.9999676,4.444547,0,0.75537455
1260,Pass,0,0.99994266,3.0314722,0,0.8332855
1261,Pass,0,0.9999094,0.17662773,0,0.99069476
1262,Pass,0,0.99843985,2.411432,0,0.8661765
1263,Pass,0,0.9946045,5.164844,0,0.71181166
1264,Pass,0,0.9999838,4.7724752,0,0.73730105
1265,Pass,0,0.9687404,1.2130097,0,0.90444094
1266,Pass,0,0.5710077,1.0922387,0,0.5369109
1267,Pass,0,0.9996394,5.4628606,0,0.6989846
1268,Pass,0,0.99999964,0.042872746,0,0.9981611
1269,Pass,0,0.9999993,0.10928117,0,0.99449813
1270,Pass,0,0.9997838,5.4087048,0,0.7020717
1271,Pass,0,0.9997595,0.16669106,0,0.9910941
1272,Pass,0,0.9998921,9.752835,0,0.46258488
1273,Pass,0,0.98431545,3.5152125,0,0.794002
1274,Pass,0,0.999995,0.0777618,0,0.9962322
1275,Pass,0,0.99928015,0.3964583,0,0.9779559
1276,Pass,0,0.9999367,4.2352896,0,0.76689154
1277,Pass,0,0.9999691,6.876005,0,0.62127936
1278,Pass,0,0.9996488,2.1652122,0,0.8808001
1279,Pass,0,0.75658643,1.5199164,0,0.6935621
1280,Pass,0,0.3280566,1.2217258,0,0.3061244
1281,Pass,0,0.99998593,0.092123635,0,0.9954311
1282,Pass,0,0.99992335,0.14240402,0,0.9925959
1283,Pass,0,0.9999975,0.09082458,0,0.9955143
1284,Pass,0,0.9972241,0.2961984,0,0.9814579
1285,Pass,0,0.99875164,4.753052,0,0.73746246
1286,Pass,0,0.97762656,4.213742,0,0.7509428
1287,Pass,0,0.9978885,3.6381657,0,0.7981839
1288,Pass,0,0.99982363,4.0900803,0,0.77481204
1289,Pass,0,0.9188937,2.349259,0,0.80031866
1290,Pass,0,0.56220716,0.7378642,0,0.5396239
1291,Pass,0,0.95878977,0.5148097,0,0.9320712
1292,Pass,0,0.9999931,0.08741842,0,0.9956977
1293,Pass,0,0.99853873,5.2739873,0,0.7086165
1294,Pass,0,0.9999918,0.06548963,0,0.9969058
1295,Pass,0,0.9979869,2.190933,0,0.8779201
1296,Pass,0,0.98725766,0.54804873,0,0.95793587
1297,Pass,0,0.9999908,0.13753267,0,0.9929316
1298,Pass,0,0.9999962,0.13917138,0,0.9928465
1299,Pass,0,0.99861753,2.9976003,0,0.8340468
1300,Pass,0,0.9998871,6.9985285,0,0.6144718
1301,Pass,0,0.99928683,1.6870122,0,0.90683615
1302,Pass,0,0.99871516,0.21904024,0,0.98717535
1303,Pass,0,0.9960516,4.6983137,0,0.73847586
1304,Pass,0,0.9999995,0.06113693,0,0.99715364
1305,Pass,0,0.4684559,1.7455503,0,0.42360353
1306,Pass,0,0.99999416,0.23690094,0,0.98745453
1307,Pass,0,0.9997421,4.4521036,0,0.75478756
1308,Pass,0,0.9999291,0.12067155,0,0.9938001
1309,Pass,0,0.9043659,1.2910919,0,0.8404446
1310,Pass,0,0.99997485,2.107708,0,0.8842588
1311,Pass,0,0.7827868,0.56447804,0,0.7588286
1312,Pass,0,0.76326835,3.0829015,0,0.633892
1313,Pass,0,0.9997837,4.401748,0,0.7575956
1314,Pass,0,0.99999464,0.0956858,0,0.9952433
1315,Pass,0,0.96394646,1.3475288,0,0.8928136
1316,Pass,0,0.99988437,5.181765,0,0.7146571
1317,Pass,0,0.99985564,5.792034,0,0.6809837
1318,Pass,0,0.9999652,7.387016,0,0.5930946
1319,Pass,0,0.9999995,0.033918295,0,0.9986548
1320,Pass,0,0.99999845,0.1141434,0,0.99422914
1321,Pass,0,0.9936314,0.32690254,0,0.9762394
1322,Pass,0,0.9623589,3.5967638,0,0.77196217
1323,Pass,0,0.9998628,3.1678221,0,0.8257
1324,Pass,0,0.99994385,0.1851246,0,0.9902603
1325,Pass,0,0.9999894,9.387912,0,0.48275608
1326,Pass,0,0.9999944,0.1113419,0,0.99437964
1327,Pass,0,0.998871,5.3987136,0,0.7019812
1328,Pass,0,0.9996277,6.022342,0,0.6681312
1329,Pass,0,0.92236376,0.5208488,0,0.89635307
1330,Pass,0,0.99999666,3.19405,0,0.82436407
1331,Pass,0,0.77756333,2.085845,0,0.6885221
1332,Pass,0,0.98658377,1.561427,0,0.90214175
1333,Pass,0,0.99997747,0.14168079,0,0.99268955
1334,Pass,0,0.9995732,6.437682,0,0.64519763
1335,Pass,0,0.97680444,2.438766,0,0.8459345
1336,Pass,0,0.9999573,2.7555788,0,0.84851325
1337,Pass,0,0.99998903,8.261243,0,0.5448936
1338,Pass,0,0.81136507,1.2912666,0,0.7540094
1339,Pass,0,0.9999893,0.16675274,0,0.9913185
1340,Pass,0,0.9998436,0.46062997,0,0.9749686
1341,Pass,0,0.9999428,0.10965465,0,0.9944213
1342,Pass,0,0.99997985,0.15894698,0,0.9917397
1343,Pass,0,0.77087677,1.1631924,0,0.72182834
1344,Pass,0,0.99999785,0.13050623,0,0.99332607
1345,Pass,0,0.99956495,5.29361,0,0.70826304
1346,Pass,0,0.9902512,2.7360692,0,0.8413426
1347,Pass,0,0.99890864,3.2540865,0,0.82015955
1348,Pass,0,0.3454648,0.79998267,0,0.33040428
1349,Pass,0,0.98987037,5.0928535,0,0.71235377
1350,Pass,0,0.9999912,0.19146088,0,0.9899577
1351,Pass,0,0.99993885,0.098115675,0,0.99505377
1352,Pass,0,0.99976677,3.2666354,0,0.8201722
1353,Pass,0,0.52216744,1.6330287,0,0.47541294
1354,Pass,0,0.999554,2.53552,0,0.86030227
1355,Pass,0,0.9999552,0.12722662,0,0.9934646
1356,Pass,0,0.99999714,0.069735505,0,0.996677
1357,Pass,0,0.9982488,0.0936226,0,0.9936194
1358,Pass,0,0.48427257,0.99085015,0,0.4580629
1359,Pass,0,0.9984945,0.24348801,0,0.98561096
1360,Pass,0,0.999997,0.07178153,0,0.99656403
1361,Pass,0,0.99999976,0.07958256,0,0.99613655
1362,Pass,0,0.97577536,0.48089325,0,0.9504087
1363,Pass,0,0.7584878,0.42461267,0,0.7411242
1364,Pass,0,0.99980015,0.12542804,0,0.9934097
1365,Pass,0,0.99999046,0.17860538,0,0.990666
1366,Pass,0,0.9999993,0.088100195,0,0.9956663
1367,Pass,0,0.95230585,2.591571,0,0.8166926
1368,Pass,0,0.99996495,0.07167281,0,0.9965381
1369,Pass,0,0.38919488,1.2163881,0,0.36328983
1370,Pass,0,0.7818312,2.3942087,0,0.67900467
1371,Pass,0,0.9999696,5.441944,0,0.70036906
1372,Pass,0,0.95336205,2.2471337,0,0.835709
1373,Pass,0,0.9989851,3.1683881,0,0.824944
1374,Pass,0,0.99916184,6.022626,0,0.6678042
1375,Pass,0,0.99999475,0.07989721,0,0.9961142
1376,Pass,0,0.99996245,6.317521,0,0.65207577
1377,Pass,0,0.9998041,5.8291125,0,0.67890406
1378,Pass,0,0.5135028,1.4280984,0,0.4733279
1379,Pass,0,0.8547888,3.7186666,0,0.6799272
1380,Pass,0,0.9997236,4.1512485,0,0.7713618
1381,Pass,0,0.9993955,0.19129945,0,0.9893769
1382,Pass,0,1.0,0.04585588,0,0.99799687
1383,Pass,0,0.9347487,1.1081599,0,0.8781108
1384,Pass,0,0.9999671,4.5984344,0,0.7468872
1385,Pass,0,0.4506955,1.354292,0,0.41726908
1386,Pass,0,0.9999759,0.30563945,0,0.98364556
1387,Pass,0,0.99999857,0.14923115,0,0.9922941
1388,Pass,0,0.84307355,5.492249,0,0.5881415
1389,Pass,0,0.47254056,1.036883,0,0.44576615
1390,Pass,0,0.9998852,6.1627803,0,0.6605587
1391,Pass,0,0.99756074,0.32160163,0,0.98039156
1392,Pass,0,0.77318996,3.0389993,0,0.644004
1393,Pass,0,0.9996437,0.18027306,0,0.9902305
1394,Pass,0,0.9947929,0.32194653,0,0.97765243
1395,Pass,0,0.9999324,8.087993,0,0.5544172
1396,Pass,0,0.99992025,0.27226245,0,0.98543143
1397,Pass,0,0.38958177,1.5962499,0,0.35548913
1398,Pass,0,0.99975556,4.84031,0,0.7333925
1399,Pass,0,0.9991955,3.6084902,0,0.8008647
1400,Pass,0,0.99986565,1.4952159,0,0.91793805
1401,Pass,0,0.9999964,10.163905,0,0.43996182
1402,Pass,0,0.42575777,1.7078421,0,0.38587898
1403,Pass,0,0.99425125,5.272474,0,0.7056569
1404,Pass,0,0.9982591,6.1768537,0,0.65870965
1405,Pass,0,0.99996245,5.6885734,0,0.68676233
1406,Pass,0,0.9999989,0.22915612,0,0.98788637
1407,Pass,0,0.97936696,2.1012611,0,0.86638385
1408,Pass,0,0.78301466,0.9847152,0,0.74090147
1409,Pass,0,0.997603,2.1452298,0,0.880097
1410,Pass,0,0.99999416,0.25818968,0,0.9862804
1411,Pass,0,0.9999913,0.06659737,0,0.99684423
1412,Pass,0,0.9641057,2.0180414,0,0.8573082
1413,Pass,0,0.9996226,0.08998893,0,0.9951871
1414,Pass,0,0.9578874,3.678025,0,0.7640823
1415,Pass,0,0.9995716,0.15464191,0,0.99157214
1416,Pass,0,0.9932152,3.5784335,0,0.7977178
1417,Pass,0,0.99998736,0.18989323,0,0.99004036
1418,Pass,0,0.9997911,0.21360545,0,0.9885385
1419,Pass,0,0.9959751,0.24974388,0,0.9827804
1420,Pass,0,0.99897456,2.6621063,0,0.8528293
1421,Pass,0,0.99994445,8.73474,0,0.5187563
1422,Pass,0,0.99999976,0.06568366,0,0.9969031
1423,Pass,0,0.8169453,2.925003,0,0.68558484
1424,Pass,0,0.9999348,0.20281747,0,0.9892756
1425,Pass,0,0.9999796,0.10214924,0,0.9948719
1426,Pass,0,0.99997306,0.14763612,0,0.9923567
1427,Pass,0,0.99998343,5.880599,0,0.6761863
1428,Pass,0,0.9997154,3.2162685,0,0.8229071
1429,Pass,0,0.9570379,1.9058695,0,0.85694414
1430,Pass,0,0.99743277,0.3313132,0,0.97973156
1431,Pass,0,0.99935955,0.2631296,0,0.98538226
1432,Pass,0,0.9999871,4.6725435,0,0.742815
1433,Pass,0,0.9999974,5.1288404,0,0.7176568
1434,Pass,0,0.9863884,0.29464585,0,0.97087795
1435,Pass,0,0.53371686,1.3188344,0,0.49517673
1436,Pass,0,0.9489701,2.722916,0,0.8069576
1437,Pass,0,0.9998797,7.5678234,0,0.5830731
1438,Pass,0,0.9999994,0.07267272,0,0.9965173
1439,Pass,0,0.9999981,5.5610957,0,0.6938175
1440,Pass,0,0.9817068,0.34502104,0,0.9635425
1441,Pass,0,0.998288,0.19309665,0,0.98818153
1442,Pass,0,0.9992131,2.5549693,0,0.8589371
1443,Pass,0,0.99996006,0.33207658,0,0.98217195
1444,Pass,0,0.99959356,0.24613585,0,0.98654985
1445,Pass,0,0.2981609,1.3015801,0,0.2769142
1446,Pass,0,0.9996966,0.23050657,0,0.9875133
1447,Pass,0,0.98187536,2.7995064,0,0.83079106
1448,Pass,0,0.99998033,7.0169673,0,0.61351216
1449,Pass,0,0.99046165,0.47191364,0,0.9652037
1450,Pass,0,0.99654925,3.0097978,0,0.83164895
1451,Pass,0,0.9999925,0.07864427,0,0.996181
1452,Pass,0,0.9998574,0.059407987,0,0.99710727
1453,Pass,0,0.99999523,6.737024,0,0.6289607
1454,Pass,0,0.9333583,4.399258,0,0.7073893
1455,Pass,0,0.99999833,0.22292036,0,0.9882297
1456,Pass,0,0.9889682,0.3672082,0,0.96945935
1457,Pass,0,0.98025185,1.9219202,0,0.8768624
1458,Pass,0,0.9965166,5.098245,0,0.7168403
1459,Pass,0,0.9978058,0.035776693,0,0.99636173
1460,Pass,0,0.9998888,4.934105,0,0.7283178
1461,Pass,0,0.9993585,0.40349317,0,0.9776448
1462,Pass,0,0.9946408,0.3353695,0,0.9767667
1463,Pass,0,0.99356997,3.4637983,0,0.8042845
1464,Pass,0,0.99999356,0.084665805,0,0.99584997
1465,Pass,0,0.9999963,0.08233787,0,0.9959811
1466,Pass,0,0.992077,0.3025074,0,0.976047
1467,Pass,0,0.9995022,0.23993117,0,0.9868017
1468,Pass,0,0.9998217,5.1050014,0,0.71884537
1469,Pass,0,0.99983025,3.0964427,0,0.8296092
1470,Pass,0,0.9996669,2.9477108,0,0.8376739
1471,Pass,0,0.9989759,1.8639845,0,0.89680356
1472,Pass,0,0.7064378,0.21386246,0,0.6984769
1473,Pass,0,0.9999746,2.7946908,0,0.8463709
1474,Pass,0,0.99806744,0.12967825,0,0.9914541
1475,Pass,0,0.99971515,0.3178099,0,0.982718
1476,Pass,0,0.98523915,1.8782222,0,0.88369817
1477,Pass,0,0.99932694,4.0342255,0,0.7775055
1478,Pass,0,0.99955326,2.109286,0,0.883799
1479,Pass,0,0.98239267,2.6379242,0,0.83998346
1480,Pass,0,0.9994331,7.075208,0,0.6099661
1481,Pass,0,0.9999341,0.2375787,0,0.98735785
1482,Pass,0,0.99999845,0.057536367,0,0.9973511
1483,Pass,0,0.99996686,0.08980587,0,0.9955399
1484,Pass,0,0.99999917,0.090007104,0,0.995561
1485,Pass,0,0.91156,2.2305076,0,0.7999015
1486,Pass,0,0.99999964,0.11599827,0,0.994128
1487,Pass,0,0.9999877,4.480881,0,0.7533859
1488,Pass,0,0.9999907,0.064444356,0,0.99696237
1489,Pass,0,0.9850205,1.6798677,0,0.8942779
1490,Pass,0,0.6138322,1.3213009,0,0.5694234
1491,Pass,0,0.99995065,0.077702306,0,0.9961913
1492,Pass,0,0.78955066,1.7475816,0,0.7138666
1493,Pass,0,0.99999714,0.28148788,0,0.98499846
1494,Pass,0,0.99837565,0.16157936,0,0.99000376
1495,Pass,0,0.9929107,0.300512,0,0.9769765
1496,Pass,0,0.9999988,0.07698247,0,0.996279
1497,Pass,0,0.9995493,3.6247213,0,0.8002535
1498,Pass,0,0.99999976,0.04818049,0,0.9978684
1499,Pass,0,0.9993493,0.05595596,0,0.9967908
1500,Pass,0,0.9996507,0.0440456,0,0.9977481
1501,Pass,0,0.99960023,0.24092036,0,0.986844
1502,Pass,0,0.99932396,1.5293089,0,0.91556174
1503,Pass,0,0.9999956,0.15224804,0,0.99212474
1504,Pass,0,0.999798,3.0715904,0,0.8309528
1505,Pass,0,0.99948955,4.1064878,0,0.7736487
1506,Pass,0,0.99628663,0.43147087,0,0.9731024
1507,Pass,0,0.99997497,0.22431399,0,0.9881298
1508,Pass,0,0.9999963,0.15482523,0,0.9919833
1509,Pass,0,0.9998914,0.14847659,0,0.99222934
1510,Pass,0,0.93749166,3.2017515,0,0.7724388
1511,Pass,0,0.9999993,0.11499883,0,0.99418277
1512,Pass,0,0.99999833,0.06377537,0,0.9970069
1513,Pass,0,0.99990726,0.31675574,0,0.98296493
1514,Pass,0,0.999974,0.1721261,0,0.99100703
1515,Pass,0,0.99759704,4.2693696,0,0.7632221
1516,Pass,0,0.99968946,0.061049607,0,0.99684924
1517,Pass,0,0.99996555,0.14424168,0,0.9925365
1518,Pass,0,0.99998534,0.232304,0,0.98769933
1519,Pass,0,0.9980756,5.951402,0,0.67099875
1520,Pass,0,0.9999702,4.0854883,0,0.7751788
1521,Pass,0,0.9960102,3.0240715,0,0.830415
1522,Pass,0,0.9988888,4.0827436,0,0.7744917
1523,Pass,0,0.99768686,0.43816411,0,0.9741017
1524,Pass,0,0.5186693,2.3861644,0,0.45068398
1525,Pass,0,0.99995124,0.32984984,0,0.98228604
1526,Pass,0,0.9989825,5.2363977,0,0.71100247
1527,Pass,0,0.65890706,0.99250084,0,0.6231859
1528,Pass,0,0.99999726,0.016789423,0,0.99959725
1529,Pass,0,0.9992417,0.18717916,0,0.98945177
1530,Pass,0,0.99731064,2.4430816,0,0.863456
1531,Pass,0,0.99999523,0.2575684,0,0.9863157
1532,Pass,0,0.9373607,0.376954,0,0.91836613
1533,Pass,0,0.99998724,4.225933,0,0.76744634
1534,Pass,0,0.9999838,7.8556952,0,0.5672573
1535,Pass,0,0.99998236,0.030906668,0,0.99880373
1536,Pass,0,0.99868923,3.315674,0,0.8165872
1537,Pass,0,0.99986637,2.330273,0,0.87188953
1538,Pass,0,0.9999155,0.063503146,0,0.9969393
1539,Pass,0,0.9999957,0.17682731,0,0.99076927
1540,Pass,0,0.9558273,2.6401236,0,0.8171531
1541,Pass,0,0.99907124,0.0447576,0,0.9971305
1542,Pass,0,0.9999802,0.17607969,0,0.99079514
1543,Pass,0,0.9995516,4.5598054,0,0.7487064
1544,Pass,0,0.91839683,3.7001634,0,0.73146033
1545,Pass,0,0.99829835,3.2742903,0,0.81854606
1546,Pass,0,0.999984,0.068516344,0,0.9967312
1547,Pass,0,0.9998852,3.440193,0,0.81069833
1548,Pass,0,0.8595843,1.595156,0,0.78441316
1549,Pass,0,0.9999987,0.064948015,0,0.9969426
1550,Pass,0,0.6631592,1.0851011,0,0.62382066
1551,Pass,0,0.99998915,0.12703946,0,0.99350864
1552,Pass,0,0.9994355,2.676893,0,0.8524077
1553,Pass,0,0.6018692,1.9336805,0,0.5379983
1554,Pass,0,0.8642775,3.5468175,0,0.6956663
1555,Pass,0,0.58721554,1.4656595,0,0.5400571
1556,Pass,0,0.9832993,2.8659036,0,0.82839507
1557,Pass,0,1.0,0.05429228,0,0.9975316
1558,Pass,0,0.99999964,0.08230791,0,0.9959861
1559,Pass,0,0.9999424,3.7603958,0,0.7930859
1560,Pass,0,0.99998856,0.0639058,0,0.99699
1561,Pass,0,0.9862679,0.6106422,0,0.95357084
1562,Pass,0,0.9999907,7.5153193,0,0.5860335
1563,Pass,0,0.99988234,0.21682937,0,0.988451
1564,Pass,0,0.99859613,0.2592589,0,0.98484266
1565,Pass,0,0.99682873,0.237736,0,0.9842829
1566,Pass,0,0.94750816,2.0358162,0,0.8416204
1567,Pass,0,0.9999995,0.038243793,0,0.99841624
1568,Pass,0,0.99997735,5.4736314,0,0.69862694
1569,Pass,0,0.9998381,5.295995,0,0.708325
1570,Pass,0,0.999302,0.13996778,0,0.9921134
1571,Pass,0,0.79164696,2.3409405,0,0.6898552
1572,Pass,0,0.9992873,0.33373553,0,0.98141974
1573,Pass,0,0.9833422,1.838643,0,0.8841432
1574,Pass,0,0.96559215,2.3149781,0,0.8428167
1575,Pass,0,0.9999391,0.021514824,0,0.9992785
1576,Pass,0,0.98694175,1.1418117,0,0.9253096
1577,Pass,0,0.72311866,1.946075,0,0.6458863
1578,Pass,0,0.99999416,4.479505,0,0.7534666
1579,Pass,0,0.9999901,0.13489936,0,0.9930761
1580,Pass,0,0.9997609,5.372726,0,0.7040395
1581,Pass,0,0.7881041,2.8721719,0,0.6636775
1582,Pass,0,0.9998086,3.5685818,0,0.8035567
1583,Pass,0,0.99033993,4.0151463,0,0.7715555
1584,Pass,0,0.99998844,0.23539433,0,0.98753196
1585,Pass,0,0.795852,1.1023717,0,0.7478841
1586,Pass,0,0.9995943,0.1944674,0,0.989399
1587,Pass,0,0.87216955,2.6863005,0,0.7434114
1588,Pass,0,0.99997735,0.100703776,0,0.99494934
1589,Pass,0,0.99915004,0.542763,0,0.9697663
1590,Pass,0,0.9999982,0.16206911,0,0.9915857
1591,Pass,0,0.9999895,0.06700243,0,0.99682015
1592,Pass,0,0.77000064,0.56932974,0,0.74622774
1593,Pass,0,0.9995894,0.12968627,0,0.9929656
1594,Pass,0,0.99997795,0.1099994,0,0.9944373
1595,Pass,0,0.7418538,1.0126407,0,0.70081186
1596,Pass,0,0.99260217,4.6846485,0,0.7366665
1597,Pass,0,0.9999827,0.016205074,0,0.9996149
1598,Pass,0,0.9998517,9.116954,0,0.49763128
1599,Pass,0,1.0,0.04003923,0,0.99831766
1600,Pass,0,0.9997577,5.5332084,0,0.69518834
1601,Pass,0,0.9966397,0.62530047,0,0.96279305
1602,Pass,0,0.9999989,0.24667606,0,0.9869201
1603,Pass,0,0.9980463,1.4218363,0,0.92030686
1604,Pass,0,0.999926,0.060539633,0,0.99711317
1605,Pass,0,0.9995857,0.24622288,0,0.9865373
1606,Pass,0,0.99958616,2.007832,0,0.88942116
1607,Pass,0,0.9999355,0.18225677,0,0.99041015
1608,Pass,0,0.99644923,4.895819,0,0.7279165
1609,Pass,0,0.9999367,3.8725543,0,0.7868959
1610,Pass,0,0.99782723,0.176192,0,0.98865575
1611,Pass,0,0.99987745,0.025045501,0,0.9990222
1612,Pass,0,0.99988043,4.9551215,0,0.72715276
1613,Pass,0,0.5725126,1.6838186,0,0.5196465
1614,Pass,0,0.51010895,3.1971245,0,0.4204304
1615,Pass,0,0.9999974,0.082402095,0,0.99597865
1616,Pass,0,0.9999974,9.518166,0,0.47557616
1617,Pass,0,0.99997175,0.21674187,0,0.98854417
1618,Pass,0,0.97400403,0.5323666,0,0.9459183
1619,Pass,0,0.8928064,1.1273582,0,0.8377645
1620,Pass,0,0.9999807,0.20921108,0,0.9889684
1621,Pass,0,0.9912709,1.4422402,0,0.9129437
1622,Pass,0,0.9917298,0.26819447,0,0.97758216
1623,Pass,0,0.9999968,0.10012991,0,0.9950003
1624,Pass,0,0.99846315,0.21180926,0,0.9873245
1625,Pass,0,0.9998604,2.1979246,0,0.87918264
1626,Pass,0,0.99999726,0.10794813,0,0.9945696
1627,Pass,0,0.8698712,1.4089993,0,0.8027314
1628,Pass,0,0.9946404,3.9297721,0,0.77958924
1629,Pass,0,0.9999695,2.7290747,0,0.8499853
1630,Pass,0,0.995169,4.1109023,0,0.7700621
1631,Pass,0,0.9999943,0.17661387,0,0.99077964
1632,Pass,0,0.9999858,0.17558633,0,0.99082786
1633,Pass,0,0.740201,0.4517719,0,0.7221472
1634,Pass,0,0.9993911,3.6263509,0,0.80003697
1635,Pass,0,0.999974,0.3937849,0,0.97878236
1636,Pass,0,0.9999937,0.07114953,0,0.99659556
1637,Pass,0,0.9999118,0.166996,0,0.9912283
1638,Pass,0,0.9181248,0.5571248,0,0.8903967
1639,Pass,0,0.999997,0.09937496,0,0.9950422
1640,Pass,0,0.7172759,1.6904494,0,0.65077996
1641,Pass,0,0.99848807,5.6642957,0,0.68708676
1642,Pass,0,0.85830617,2.4828286,0,0.74122655
1643,Pass,0,0.99979335,4.5719013,0,0.7482205
1644,Pass,0,0.9862618,0.5696437,0,0.955795
1645,Pass,0,0.98923475,0.45691347,0,0.96482646
1646,Pass,0,0.99118453,0.6266935,0,0.95744693
1647,Pass,0,0.9995728,0.14195938,0,0.9922725
1648,Pass,0,0.9993799,0.17373228,0,0.9903297
1649,Pass,0,0.999887,0.16036578,0,0.99156934
1650,Pass,0,0.9996749,0.21163782,0,0.9885322
1651,Pass,0,0.99975306,0.14705507,0,0.9921704
1652,Pass,0,0.99990726,0.17024639,0,0.9910445
1653,Pass,0,0.98354787,2.9511454,0,0.82398057
1654,Pass,0,0.9990652,0.086736016,0,0.9948115
1655,Pass,0,0.99961627,0.04341285,0,0.9977486
1656,Pass,0,0.99991345,0.09527062,0,0.99518543
1657,Pass,0,0.6734007,2.988848,0,0.56275034
1658,Pass,0,0.9999387,4.157277,0,0.77119535
1659,Pass,0,0.9999645,2.787939,0,0.84673464
1660,Pass,0,0.9954159,2.3997614,0,0.86419386
1661,Pass,0,0.9999392,0.14596133,0,0.99241555
1662,Pass,0,0.99716526,6.5874934,0,0.63540435
1663,Pass,0,0.99913293,11.631081,0,0.358734
1664,Pass,0,0.9998926,5.8966517,0,0.6752396
1665,Pass,0,0.99991596,0.1523118,0,0.9920422
1666,Pass,0,0.99993086,0.12815416,0,0.9933893
1667,Pass,0,0.9999807,0.20239845,0,0.98934406
1668,Pass,0,0.9999825,6.9809127,0,0.61550194
1669,Pass,0,0.999964,6.003875,0,0.66937447
1670,Pass,0,0.99999917,0.064311765,0,0.99697816
1671,Pass,0,0.99885416,5.260772,0,0.7095684
1672,Pass,0,0.2826462,1.6278083,0,0.25741965
1673,Pass,0,0.99993694,3.0947585,0,0.8297906
1674,Pass,0,0.9999945,0.101463124,0,0.99492455
1675,Pass,0,0.49049184,0.7979054,0,0.4691651
1676,Pass,0,0.97176707,0.3850806,0,0.9516397
1677,Pass,0,0.99586856,0.40285558,0,0.97426575
1678,Pass,0,0.97352093,2.0755584,0,0.8625923
1679,Pass,0,0.9999924,3.2655997,0,0.8204144
1680,Pass,0,0.9995382,0.14283061,0,0.99219006
1681,Pass,0,0.9999907,9.977238,0,0.45025432
1682,Pass,0,0.99995553,0.09281805,0,0.9953625
1683,Pass,0,0.9911122,4.525332,0,0.7442693
1684,Pass,0,0.9995072,0.100728355,0,0.99448025
1685,Pass,0,0.72509116,1.0720084,0,0.68260247
1686,Pass,0,0.9604303,3.0266023,0,0.8006166
1687,Pass,0,0.99918777,0.3355745,0,0.9812206
1688,Pass,0,0.8498154,2.1516733,0,0.74941504
1689,Pass,0,0.99993074,0.074643984,0,0.99634016
1690,Pass,0,0.9999976,0.070288174,0,0.996647
1691,Pass,0,0.98227745,0.4495038,0,0.9584423
1692,Pass,0,0.9984351,0.28232434,0,0.98341376
1693,Pass,0,0.99998,0.051174827,0,0.9976836
1694,Pass,0,0.9999323,0.026664283,0,0.9989877
1695,Pass,0,0.9999943,0.0789516,0,0.9961659
1696,Pass,0,0.5242265,0.7737258,0,0.502132
1697,Pass,0,0.98310906,0.5915418,0,0.9515523
1698,Pass,0,0.99985766,0.16091971,0,0.9915097
1699,Pass,0,0.99999344,0.09943726,0,0.99503523
1700,Pass,0,0.99996364,0.13061546,0,0.9932861
1701,Pass,0,0.99998283,0.21658629,0,0.9885637
1702,Pass,0,0.9901792,2.0275488,0,0.8799742
1703,Pass,0,0.99905616,0.3315005,0,0.98131585
1704,Pass,0,0.9999994,0.19546394,0,0.9897451
1705,Pass,0,0.9998821,5.5894675,0,0.69217247
1706,Pass,0,0.99966,5.082758,0,0.71995544
1707,Pass,0,0.73530513,2.6700656,0,0.6274107
1708,Pass,0,0.99986017,0.11358276,0,0.9941225
1709,Pass,0,0.99990475,4.1255345,0,0.7729197
1710,Pass,0,0.53116864,0.88178194,0,0.50561607
1711,Pass,0,0.99998474,8.323354,0,0.5414657
1712,Pass,0,0.9496987,3.1688821,0,0.7842183
1713,Pass,0,0.9999999,0.0356384,0,0.9985603
1714,Pass,0,0.9997373,8.17108,0,0.54972786
1715,Pass,0,0.827755,0.7793671,0,0.7926102
1716,Pass,0,0.9985863,0.20969404,0,0.9875628
1717,Pass,0,0.9999418,0.030210724,0,0.99880165
1718,Pass,0,0.9914983,4.4083633,0,0.7509555
1719,Pass,0,0.9248328,3.0228994,0,0.7711313
1720,Pass,0,0.9999534,0.03649539,0,0.9984666
1721,Pass,0,0.999982,0.07821347,0,0.99619436
1722,Pass,0,0.99996495,4.5732236,0,0.748276
1723,Pass,0,0.99999726,0.04589709,0,0.99799186
1724,Pass,0,0.9989379,0.096631415,0,0.99413955
1725,Pass,0,0.99999976,0.04423111,0,0.9980863
1726,Pass,0,1.0,0.09726493,0,0.99516153
1727,Pass,0,0.42359903,1.0065027,0,0.40030745
1728,Pass,0,0.9997558,0.29613435,0,0.9839531
1729,Pass,0,0.99999964,0.050158888,0,0.9977592
1730,Pass,0,0.8462056,4.6181545,0,0.6311206
1731,Pass,0,0.9999982,7.394707,0,0.5926899
1732,Pass,0,0.9989052,2.5076342,0,0.86128026
1733,Pass,0,0.9999826,0.18096493,0,0.9905281
1734,Pass,0,0.99978715,2.675636,0,0.85277694
1735,Pass,0,0.71170396,0.9684408,0,0.67406493
1736,Pass,0,0.99979824,0.1762301,0,0.99060655
1737,Pass,0,0.9997242,0.15141575,0,0.9919014
1738,Pass,0,0.5721616,2.394205,0,0.49691096
1739,Pass,0,0.9999287,5.832522,0,0.6788007
1740,Pass,0,0.9995396,0.23664615,0,0.9870198
1741,Pass,0,0.9999635,0.031987865,0,0.9987253
1742,Pass,0,0.6375349,3.0499234,0,0.5306303
1743,Pass,0,0.6410133,1.0807489,0,0.6031424
1744,Pass,0,0.99975973,0.12770481,0,0.993244
1745,Pass,0,0.99999523,3.9086099,0,0.7849534
1746,Pass,0,0.99998844,0.06986041,0,0.9966615
1747,Pass,0,0.99905854,0.19878654,0,0.9886308
1748,Pass,0,0.99999404,0.1786571,0,0.9906667
1749,Pass,0,0.99999976,0.055730272,0,0.997452
1750,Pass,0,0.9746308,2.5310016,0,0.83909416
1751,Pass,0,0.99997044,0.031216271,0,0.99877477
1752,Pass,0,0.9999809,4.119754,0,0.77329737
1753,Pass,0,0.9999982,6.2164507,0,0.65767336
1754,Pass,0,0.9960621,2.2102401,0,0.87516624
1755,Pass,0,0.9408735,3.4252958,0,0.76362526
1756,Pass,0,0.9999355,0.1958307,0,0.9896616
1757,Pass,0,0.93719757,4.528588,0,0.7036142
1758,Pass,0,0.65700614,1.6981803,0,0.5958175
1759,Pass,0,0.9998702,0.1716732,0,0.99092907
1760,Pass,0,0.9996828,0.12575704,0,0.993275
1761,Pass,0,0.9999516,0.024269264,0,0.9991391
1762,Pass,0,0.9992889,3.5684018,0,0.8031489
1763,Pass,0,0.9999763,0.20684451,0,0.9890945
1764,Pass,0,0.33538368,2.0712183,0,0.2972484
1765,Pass,0,0.9981098,0.03557875,0,0.99667627
1766,Pass,0,0.99997616,0.25681323,0,0.98633856
1767,Pass,0,0.99999964,0.08036597,0,0.9960932
1768,Pass,0,0.89275926,1.2749649,0,0.8304525
1769,Pass,0,0.99999845,0.08969991,0,0.9955772
1770,Pass,0,0.9999268,0.026374342,0,0.9989982
1771,Pass,0,0.9965205,2.4246154,0,0.8637869
1772,Pass,0,0.99981064,3.4975615,0,0.8074745
1773,Pass,0,0.9986841,0.112158,0,0.99303174
1774,Pass,0,0.9997601,6.200976,0,0.65836996
1775,Pass,0,0.98764986,4.3345847,0,0.7520595
1776,Pass,0,0.9999553,0.40360248,0,0.9782226
1777,Pass,0,0.99289894,4.048998,0,0.77169544
1778,Pass,0,0.99874204,8.2376375,0,0.54551435
1779,Pass,0,0.75347817,2.4170728,0,0.65343046
1780,Pass,0,0.99981004,0.21825735,0,0.9883008
1781,Pass,0,0.674853,1.2663628,0,0.62807435
1782,Pass,0,0.96689814,0.3190933,0,0.95039046
1783,Pass,0,0.9999583,0.015217795,0,0.99964494
1784,Pass,0,0.99625707,2.7978976,0,0.84304816
1785,Pass,0,0.9924354,1.069952,0,0.9343934
1786,Pass,0,0.99953187,2.7240007,0,0.84989303
1787,Pass,0,0.9999994,0.092648104,0,0.99541557
1788,Pass,0,0.9999913,0.07080721,0,0.9966121
1789,Pass,0,0.99960464,2.5142689,0,0.8615175
1790,Pass,0,0.97995615,2.2938151,0,0.8564981
1791,Pass,0,0.99999917,0.06704256,0,0.99682754
1792,Pass,0,0.99932444,3.0948827,0,0.82927555
1793,Pass,0,0.9999894,0.1391013,0,0.9928436
1794,Pass,0,0.9999969,0.04368329,0,0.99811363
1795,Pass,0,0.66507375,2.4754274,0,0.574624
1796,Pass,0,0.99999976,0.08972213,0,0.99557734
1797,Pass,0,0.97210634,2.008467,0,0.86493593
1798,Pass,0,0.977446,4.104504,0,0.75669295
1799,Pass,0,0.5637386,3.7813075,0,0.44646868
1800,Pass,0,0.99819225,0.32703346,0,0.9807132
1801,Pass,0,0.9989409,6.934332,0,0.61742705
1802,Pass,0,0.99843496,2.2192876,0,0.87675285
1803,Pass,0,0.9997962,5.5814233,0,0.6925566
1804,Pass,0,0.9970366,2.506505,0,0.85973114
1805,Pass,0,0.9353767,1.2657088,0,0.87057304
1806,Pass,0,0.9688815,0.5395214,0,0.9405612
1807,Pass,0,0.9999672,0.07975709,0,0.99609447
1808,Pass,0,0.99999535,0.12812476,0,0.993455
1809,Pass,0,0.99999046,0.21426922,0,0.9886991
1810,Pass,0,0.7774731,1.0554744,0,0.7326239
1811,Pass,0,0.9999964,0.18103102,0,0.9905381
1812,Pass,0,0.9998989,1.9641106,0,0.8921106
1813,Pass,0,0.5453659,1.0576942,0,0.51383924
1814,Pass,0,0.9997918,4.935813,0,0.728153
1815,Pass,0,0.9981192,0.11584,0,0.9922673
1816,Pass,0,0.99996316,0.092552215,0,0.9953848
1817,Pass,0,0.6678668,2.1422617,0,0.5893092
1818,Pass,0,0.9995372,0.04858015,0,0.99738485
1819,Pass,0,0.9998073,5.205459,0,0.7132955
1820,Pass,0,0.9998055,2.9301293,0,0.8387595
1821,Pass,0,0.9996877,0.051036544,0,0.99739957
1822,Pass,0,0.9999392,4.25233,0,0.7659537
1823,Pass,0,0.9681272,1.3491421,0,0.8965997
1824,Pass,0,0.99998283,9.451304,0,0.4792567
1825,Pass,0,0.99956816,3.743087,0,0.79374325
1826,Pass,0,0.99963737,0.1640575,0,0.99111825
1827,Pass,0,0.9999857,0.069962196,0,0.99665314
1828,Pass,0,0.99992156,2.6892245,0,0.8521422
1829,Pass,0,0.99998724,0.08087385,0,0.99605286
1830,Pass,0,0.99496055,3.6126244,0,0.7972434
1831,Pass,0,0.99988556,0.023273254,0,0.999128
1832,Pass,0,0.5206111,1.8930978,0,0.4665286
1833,Pass,0,0.64264375,1.0590584,0,0.60544527
1834,Pass,0,0.9955568,2.0400543,0,0.88406664
1835,Pass,0,0.98936987,1.6528686,0,0.8996998
1836,Pass,0,0.9999902,0.19634311,0,0.9896875
1837,Pass,0,0.9999324,5.0577693,0,0.7215297
1838,Pass,0,0.999972,0.020095997,0,0.9993896
1839,Pass,0,0.9895231,0.17192623,0,0.98066074
1840,Pass,0,0.6290105,1.8044932,0,0.566741
1841,Pass,0,0.99999404,0.07977082,0,0.99612045
1842,Pass,0,0.99899334,3.2394726,0,0.8210343
1843,Pass,0,0.99995697,6.688292,0,0.6316242
1844,Pass,0,0.9998367,0.28001636,0,0.9849215
1845,Pass,0,0.9999167,3.5484006,0,0.80475646
1846,Pass,0,0.9997036,0.23098004,0,0.9874941
1847,Pass,0,0.99996877,0.10113551,0,0.99491704
1848,Pass,0,0.9998547,0.17494279,0,0.99073344
1849,Pass,0,0.999572,0.1791365,0,0.9902221
1850,Pass,0,0.99858534,7.256262,0,0.5994773
1851,Pass,0,0.9874537,1.822349,0,0.8887273
1852,Pass,0,0.9996836,4.7244396,0,0.7397282
1853,Pass,0,0.9998838,2.7008045,0,0.8514714
1854,Pass,0,0.999718,0.14529073,0,0.9922329
1855,Pass,0,0.99998844,0.06769773,0,0.99678075
1856,Pass,0,0.9995414,4.650565,0,0.74369544
1857,Pass,0,0.99998355,0.14425589,0,0.9925536
1858,Pass,0,0.99990976,8.084201,0,0.5546137
1859,Pass,0,0.9997118,2.1084466,0,0.88398546
1860,Pass,0,0.99951255,0.11297293,0,0.9938106
1861,Pass,0,0.9999999,0.07541019,0,0.9963668
1862,Pass,0,0.999084,0.12420277,0,0.99276567
1863,Pass,0,0.6368306,3.7737064,0,0.50462294
1864,Pass,0,0.99989414,4.7827916,0,0.7366661
1865,Pass,0,0.9808358,0.4048844,0,0.95944935
1866,Pass,0,0.999995,4.6403246,0,0.74459773
1867,Pass,0,0.999863,0.024006993,0,0.99906504
1868,Pass,0,0.8915494,2.368769,0,0.77554363
1869,Pass,0,0.9954331,0.4039276,0,0.9737809
1870,Pass,0,0.99988234,0.12473029,0,0.9935299
1871,Pass,0,0.9996158,0.21492948,0,0.9882922
1872,Pass,0,0.99996257,5.4288206,0,0.7010879
1873,Pass,0,0.99999905,0.12253631,0,0.99376684
1874,Pass,0,0.9953864,1.5273813,0,0.91206
1875,Pass,0,0.99998343,0.070070155,0,0.9966449
1876,Pass,0,0.99963176,0.07849249,0,0.99583006
1877,Pass,0,0.9994056,3.6318748,0,0.7997441
1878,Pass,0,0.999925,4.345297,0,0.76081586
1879,Pass,0,0.9999951,0.087226465,0,0.9957103
1880,Pass,0,0.77109265,2.5245316,0,0.6641361
1881,Pass,0,0.7484152,0.9379529,0,0.7100931
1882,Pass,0,0.9999,0.14411402,0,0.99247843
1883,Pass,0,0.9998989,5.326832,0,0.7066676
1884,Pass,0,0.9921366,0.16741702,0,0.9834976
1885,Pass,0,0.9999999,0.10133414,0,0.994937
1886,Pass,0,0.9454402,3.9627392,0,0.7393076
1887,Pass,0,0.9999808,0.2783383,0,0.98515606
1888,Pass,0,0.99999154,0.12421339,0,0.9936669
1889,Pass,0,0.9920621,2.8743122,0,0.8353174
1890,Pass,0,0.9999932,0.08224843,0,0.99598294
1891,Pass,0,0.99248224,3.0431259,0,0.8264306
1892,Pass,0,0.9995828,4.631171,0,0.74479544
1893,Pass,0,0.9999664,0.06332269,0,0.99700004
1894,Pass,0,0.9999976,0.0618125,0,0.9971145
1895,Pass,0,0.9999776,0.16058122,0,0.9916473
1896,Pass,0,0.99997604,0.3607312,0,0.98060733
1897,Pass,0,0.999992,0.07576873,0,0.99633914
1898,Pass,0,0.99529016,2.8252232,0,0.84073
1899,Pass,0,0.9944088,0.46223772,0,0.9695808
1900,Pass,0,0.9990527,4.201606,0,0.7680695
1901,Pass,0,0.9652874,0.6107453,0,0.93328035
1902,Pass,0,0.99935764,2.4595573,0,0.86432016
1903,Pass,0,0.99814546,2.9854996,0,0.8343187
1904,Pass,0,0.98066676,5.2574997,0,0.6968253
1905,Pass,0,0.9999398,5.5240707,0,0.69581896
1906,Pass,0,0.9999782,4.4276724,0,0.7563132
1907,Pass,0,0.99916506,2.091692,0,0.88442534
1908,Pass,0,0.99609417,2.3699667,0,0.86641955
1909,Pass,0,0.53769463,1.3632892,0,0.49754897
1910,Pass,0,0.9998716,3.8038278,0,0.79063463
1911,Pass,0,0.99894994,0.21568614,0,0.9875922
1912,Pass,0,0.96803755,0.6497988,0,0.9338543
1913,Pass,0,0.9880606,3.2871459,0,0.8094512
1914,Pass,0,0.9999958,0.07868469,0,0.99618214
1915,Pass,0,0.9995577,0.249735,0,0.986316
1916,Pass,0,0.9999931,4.651407,0,0.7439851
1917,Pass,0,0.9968099,1.6031454,0,0.9091991
1918,Pass,0,0.9999666,0.013826095,0,0.99973
1919,Pass,0,0.99988043,0.23131149,0,0.9876505
1920,Pass,0,0.99682415,4.1001525,0,0.77193385
1921,Pass,0,0.9999305,7.5187883,0,0.5858069
1922,Pass,0,0.99578166,0.46531293,0,0.9707506
1923,Pass,0,0.9633834,3.6699755,0,0.768894
1924,Pass,0,0.99325055,3.2043698,0,0.8182375
1925,Pass,0,0.9999994,8.662983,0,0.52274233
1926,Pass,0,0.9999865,0.12061,0,0.9938606
1927,Pass,0,0.9736221,0.7131787,0,0.9358382
1928,Pass,0,0.9991391,0.15728278,0,0.99099755
1929,Pass,0,0.9999963,6.4154215,0,0.6466985
1930,Pass,0,1.0,0.051982116,0,0.997659
1931,Pass,0,0.9999863,7.932574,0,0.56301874
1932,Pass,0,0.9998282,3.9769242,0,0.78105533
1933,Pass,0,0.9999958,4.176024,0,0.7702055
1934,Pass,0,0.9999999,0.09194927,0,0.9954546
1935,Pass,0,0.7444726,0.9502024,0,0.70584947
1936,Pass,0,0.9999826,0.10716038,0,0.9945985
1937,Pass,0,0.551523,1.5042183,0,0.5060581
1938,Pass,0,0.96192586,0.27305844,0,0.94794536
1939,Pass,0,0.9673187,0.2383907,0,0.95510936
1940,Pass,0,0.64834887,2.1145887,0,0.57307655
1941,Pass,0,0.86139506,4.418283,0,0.65194476
1942,Pass,0,0.9999658,0.12109562,0,0.9938133
1943,Pass,0,1.0,0.05378776,0,0.9975594
1944,Pass,0,0.9960531,4.4305663,0,0.7531856
1945,Pass,0,0.99997807,0.12453199,0,0.9936359
1946,Pass,0,0.99991846,5.134738,0,0.71727496
1947,Pass,0,0.99940443,0.28598478,0,0.98416674
1948,Pass,0,0.9960179,2.126316,0,0.87973756
1949,Pass,0,0.9993795,5.059095,0,0.7210576
1950,Pass,0,0.99941444,0.058356255,0,0.9967235
1951,Pass,0,0.99986136,0.44646725,0,0.97576696
1952,Pass,0,0.99994373,0.16188866,0,0.9915416
1953,Pass,0,0.9826346,0.23564418,0,0.9703808
1954,Pass,0,0.9999994,0.11705768,0,0.99406934
1955,Pass,0,0.9993672,0.09246827,0,0.9947962
1956,Pass,0,0.69685245,6.4433136,0,0.44958308
1957,Pass,0,0.78403765,1.3287555,0,0.72699267
1958,Pass,0,0.49569857,1.0999482,0,0.4658879
1959,Pass,0,0.7463855,2.4810555,0,0.64464575
1960,Pass,0,0.9997975,12.302379,0,0.32195646
1961,Pass,0,0.4062719,1.5029398,0,0.37280947
1962,Pass,0,0.9997466,0.11232028,0,0.9940793
1963,Pass,0,1.0,0.045464754,0,0.99801844
1964,Pass,0,0.99143326,2.5880415,0,0.85044104
1965,Pass,0,0.99930274,1.6390215,0,0.90949553
1966,Pass,0,0.99986935,0.1844194,0,0.9902254
1967,Pass,0,0.9993981,3.543848,0,0.80459005
1968,Pass,0,0.646365,1.727062,0,0.5851377
1969,Pass,0,0.99983513,0.06379086,0,0.99684334
1970,Pass,0,0.99961424,0.2926097,0,0.98400813
1971,Pass,0,0.99600095,2.896482,0,0.83741605
1972,Pass,0,0.99997556,0.12676801,0,0.9935101
1973,Pass,0,0.99765944,1.6375506,0,0.9080809
1974,Pass,0,0.9997557,0.01788681,0,0.99929523
1975,Pass,0,0.9941142,3.5268154,0,0.80127
1976,Pass,0,0.96428716,0.20887591,0,0.95368576
1977,Pass,0,0.99974257,0.33291745,0,0.98191196
1978,Pass,0,0.9999864,0.17035724,0,0.9911169
1979,Pass,0,0.9999645,0.18033473,0,0.9905449
1980,Pass,0,0.979856,2.8706203,0,0.82523936
1981,Pass,0,0.9989754,3.7281113,0,0.7940976
1982,Pass,0,0.99998796,0.121785425,0,0.99379724
1983,Pass,0,0.9997763,6.425888,0,0.645979
1984,Pass,0,0.783561,0.5705008,0,0.75931877
1985,Pass,0,0.99999106,0.14548834,0,0.99249303
1986,Pass,0,0.96655864,3.1489258,0,0.7992043
1987,Pass,0,0.9999721,0.07167385,0,0.9965452
1988,Pass,0,0.9999945,0.06918312,0,0.9967049
1989,Pass,0,0.6119645,1.0210867,0,0.57782346
1990,Pass,0,0.59469706,0.90752125,0,0.56524414
1991,Pass,0,0.9999939,0.045157716,0,0.9980293
1992,Pass,0,0.9999933,9.921976,0,0.45330328
1993,Pass,0,0.9990484,4.2004747,0,0.7681286
1994,Pass,0,0.35140076,1.4550773,0,0.32338536
1995,Pass,0,0.9998435,0.11811067,0,0.9938563
1996,Pass,0,0.9998497,3.7145967,0,0.7955378
1997,Pass,0,0.99368036,2.647897,0,0.8490883
1998,Pass,0,0.999876,2.863139,0,0.8425128
1999,Pass,0,0.32359865,1.7455261,0,0.2926161
2000,Pass,0,0.94881284,1.1205906,0,0.89067227
2001,Pass,0,0.99997663,0.058514755,0,0.9972754
2002,Pass,0,0.9998128,0.12925695,0,0.99321115
2003,Pass,0,0.99997425,0.23727328,0,0.9874143
2004,Pass,0,0.9991549,4.9602146,0,0.72634447
2005,Pass,0,0.8315634,1.4849068,0,0.763899
2006,Pass,0,0.9999584,8.368954,0,0.5389366
2007,Pass,0,0.9999435,8.362155,0,0.53930354
2008,Pass,0,0.9999963,0.041587006,0,0.9982286
2009,Pass,0,0.939511,3.2517936,0,0.77150965
2010,Pass,0,0.9999888,0.08351202,0,0.9959089
2011,Pass,0,0.99971753,0.31011033,0,0.9831449
2012,Pass,0,0.8037809,1.774521,0,0.7255385
2013,Pass,0,0.5940707,0.20211361,0,0.587761
2014,Pass,0,0.99998367,0.20494512,0,0.9892066
2015,Pass,0,0.9690243,1.0105913,0,0.915524
2016,Pass,0,0.9998845,8.956553,0,0.50649303
2017,Pass,0,0.9999969,0.094272144,0,0.99532354
2018,Pass,0,0.9978371,5.505287,0,0.6953895
2019,Pass,0,0.99979514,0.3758668,0,0.9795953
2020,Pass,0,0.9999151,0.10623883,0,0.99458224
2021,Pass,0,0.99831945,2.8590086,0,0.84142864
2022,Pass,0,0.9986986,3.7670176,0,0.79173464
2023,Pass,0,0.99999905,0.07350473,0,0.99647105
2024,Pass,0,0.9345057,1.3487802,0,0.8654809
2025,Pass,0,0.9991623,0.6244127,0,0.9652789
2026,Pass,0,0.9996113,3.4246223,0,0.8113347
2027,Pass,0,0.9702251,2.4603033,0,0.83908427
2028,Pass,0,0.9925499,1.927711,0,0.88754636
2029,Pass,0,0.45135757,1.1820747,0,0.4221691
2030,Pass,0,0.81272894,0.52883154,0,0.78945214
2031,Pass,0,0.999635,0.05512204,0,0.9971217
2032,Pass,0,0.9998697,4.094805,0,0.7745872
2033,Pass,0,0.9417881,1.8507643,0,0.8461514
2034,Pass,0,0.99991894,3.4797711,0,0.8085431
2035,Pass,0,0.99999714,0.18724045,0,0.99019635
2036,Pass,0,0.99992037,0.027651986,0,0.9989213
2037,Pass,0,0.9992274,1.8800403,0,0.8961445
2038,Pass,0,0.9941777,4.109767,0,0.7693573
2039,Pass,0,0.99958843,0.2764779,0,0.98487204
2040,Pass,0,0.99996734,0.1076566,0,0.99455595
2041,Pass,0,0.9514302,2.0093572,0,0.84649247
2042,Pass,0,0.9810845,3.628568,0,0.78526217
2043,Pass,0,0.99976116,4.2126374,0,0.7680059
2044,Pass,0,0.9999733,0.10355356,0,0.99478817
2045,Pass,0,0.8114145,1.0405625,0,0.76527464
2046,Pass,0,0.9999999,0.07588525,0,0.9963406
2047,Pass,0,0.9998641,5.6459975,0,0.6890426
2048,Pass,0,0.82536316,1.4366207,0,0.7604013
2049,Pass,0,0.9974331,0.37677306,0,0.97723114
2050,Pass,0,0.9782306,2.3536336,0,0.85176265
2051,Pass,0,0.9935104,3.0580344,0,0.8264699
2052,Pass,0,0.3791981,0.8218189,0,0.3622103
2053,Pass,0,0.84610736,1.919925,0,0.75695956
2054,Pass,0,0.42756295,1.1749587,0,0.40008104
2055,Pass,0,0.9983089,0.26430237,0,0.9842817
2056,Pass,0,0.9998115,0.24975072,0,0.9865656
2057,Pass,0,0.99999917,0.080112614,0,0.9961067
2058,Pass,0,0.50734615,1.651341,0,0.46140632
2059,Pass,0,0.9997193,5.7280793,0,0.6844171
2060,Pass,0,0.9998367,0.110300824,0,0.99428016
2061,Pass,0,0.999998,0.06174344,0,0.9971186
2062,Pass,0,0.9754052,0.3612171,0,0.9564862
2063,Pass,0,0.99768734,2.4606328,0,0.8628164
2064,Pass,0,0.99446326,0.38133734,0,0.97407115
2065,Pass,0,0.6126975,1.2269465,0,0.57155913
2066,Pass,0,0.99998665,0.08993959,0,0.9955523
2067,Pass,0,0.99994445,0.10724317,0,0.994556
2068,Pass,0,0.9999758,3.6869948,0,0.79716045
2069,Pass,0,0.99753535,3.2232504,0,0.8207285
2070,Pass,0,0.6911899,1.3441933,0,0.6403118
2071,Pass,0,0.99942905,0.14770547,0,0.99181306
2072,Pass,0,0.92502546,1.8676941,0,0.8302273
2073,Pass,0,0.99712783,2.9161453,0,0.8372822
2074,Pass,0,0.5049159,1.1195904,0,0.4740039
2075,Pass,0,0.99000657,0.3280105,0,0.9726175
2076,Pass,0,0.99999845,0.114919215,0,0.99418634
2077,Pass,0,0.854239,1.2966069,0,0.7936009
2078,Pass,0,0.90177065,3.171263,0,0.74452305
2079,Pass,0,0.5406368,1.6923488,0,0.49045974
2080,Pass,0,0.9839743,0.27798948,0,0.9694058
2081,Pass,0,0.99999964,0.056853235,0,0.99739
2082,Pass,0,0.8487793,2.386871,0,0.73749125
2083,Pass,0,0.9997743,0.16172327,0,0.9913827
2084,Pass,0,0.97358996,0.2866544,0,0.9587099
2085,Pass,0,0.9999734,0.054668963,0,0.9974843
2086,Pass,0,0.9993843,5.4688473,0,0.6984762
2087,Pass,0,0.9998153,0.18196313,0,0.9903073
2088,Pass,0,0.99944395,0.26426503,0,0.9854029
2089,Pass,0,0.9999883,0.16256244,0,0.99154866
2090,Pass,0,0.9999763,0.027078671,0,0.9990088
2091,Pass,0,0.9939167,4.482613,0,0.748717
2092,Pass,0,0.9999913,0.3375186,0,0.9819025
2093,Pass,0,0.7835196,1.3951898,0,0.7236415
2094,Pass,0,0.94353646,0.5792547,0,0.9138893
2095,Pass,0,0.7443317,1.842725,0,0.6690764
2096,Pass,0,0.9997396,0.2509718,0,0.9864273
2097,Pass,0,0.9999063,7.0027556,0,0.6142504
2098,Pass,0,0.94786876,0.34692785,0,0.9302309
2099,Pass,0,0.99999464,0.099364705,0,0.99504036
2100,Pass,0,0.99999464,3.1326394,0,0.8277493
2101,Pass,0,0.9999608,4.4894886,0,0.7528909
2102,Pass,0,0.9999206,3.0472696,0,0.832396
2103,Pass,0,0.9998141,4.356728,0,0.76010114
2104,Pass,0,0.99965024,5.2834554,0,0.70888335
2105,Pass,0,0.998635,2.713412,0,0.8497136
2106,Pass,0,0.9999678,7.4596763,0,0.5890888
2107,Pass,0,0.99930024,6.2050123,0,0.6578447
2108,Pass,0,0.99999,5.1401753,0,0.7170264
2109,Pass,0,0.80321616,1.1678817,0,0.7519024
2110,Pass,0,0.9999914,0.13364182,0,0.9931468
2111,Pass,0,0.99842525,4.903554,0,0.72893405
2112,Pass,0,0.99998784,0.094981045,0,0.99527544
2113,Pass,0,0.9999151,0.082700446,0,0.9958803
2114,Pass,0,0.97909606,2.4654925,0,0.8464759
2115,Pass,0,0.9993,0.2300359,0,0.98714745
2116,Pass,0,0.99858296,0.1337985,0,0.99173933
2117,Pass,0,0.43736905,0.8488976,0,0.41712204
2118,Pass,0,0.99990034,0.18455638,0,0.9902485
2119,Pass,0,0.9972887,3.597608,0,0.7999349
2120,Pass,0,0.99999905,5.14256,0,0.71690136
2121,Pass,0,0.9997974,4.185666,0,0.769521
2122,Pass,0,0.99999845,0.09313662,0,0.9953877
2123,Pass,0,0.9999908,0.10268622,0,0.99485344
2124,Pass,0,0.9997551,0.03670628,0,0.9982569
2125,Pass,0,0.999998,0.1814034,0,0.9905191
2126,Pass,0,0.999041,5.3238883,0,0.7062235
2127,Pass,0,0.9476701,2.991922,0,0.7917922
2128,Pass,0,0.99885833,0.237656,0,0.98629135
2129,Pass,0,0.42825893,1.9044596,0,0.38350186
2130,Pass,0,0.9981748,0.09988713,0,0.99320084
2131,Pass,0,0.9997198,0.03546013,0,0.9982904
2132,Pass,0,0.9999932,8.607211,0,0.525815
2133,Pass,0,0.9994355,0.4083477,0,0.9774525
2134,Pass,0,0.99994457,0.30126572,0,0.9838559
2135,Pass,0,0.9999497,4.528706,0,0.75071967
2136,Pass,0,0.4706834,1.0343236,0,0.44408065
2137,Pass,0,0.99989367,3.9479535,0,0.7827041
2138,Pass,0,1.0,0.068863936,0,0.99672794
2139,Pass,0,0.9999304,0.0995013,0,0.99496895
2140,Pass,0,0.999526,4.230868,0,0.76682025
2141,Pass,0,0.99135286,4.455184,0,0.7482854
2142,Pass,0,0.99941945,6.367776,0,0.64895165
2143,Pass,0,0.9999989,0.11763893,0,0.9940368
2144,Pass,0,0.9999999,0.03674692,0,0.99849916
2145,Pass,0,0.9999964,0.04770182,0,0.9978915
2146,Pass,0,0.9996018,0.41009083,0,0.9775191
2147,Pass,0,0.9974318,5.001204,0,0.72283703
2148,Pass,0,0.9998435,0.24306418,0,0.9869659
2149,Pass,0,0.9999987,0.12028546,0,0.9938906
2150,Pass,0,0.9999976,0.120130904,0,0.99389803
2151,Pass,0,0.9999999,0.069432504,0,0.9966965
2152,Pass,0,0.9997738,0.5170705,0,0.97178847
2153,Pass,0,0.99987924,3.243874,0,0.8215197
2154,Pass,0,0.9999553,0.2501812,0,0.9866838
2155,Pass,0,0.9933348,1.3079883,0,0.9221995
2156,Pass,0,0.99945325,3.2803857,0,0.81915706
2157,Pass,0,0.60386324,2.0105364,0,0.5372211
2158,Pass,0,0.99966836,0.15471333,0,0.9916642
2159,Pass,0,0.99879336,0.088586934,0,0.99443877
2160,Pass,0,0.9999341,6.185713,0,0.6593263
2161,Pass,0,0.80036056,2.8644903,0,0.674338
2162,Pass,0,0.999902,3.1709733,0,0.82555866
2163,Pass,0,0.9967938,2.0484838,0,0.8847017
2164,Pass,0,0.9994892,0.2612184,0,0.98561543
2165,Pass,0,0.99031657,0.8523766,0,0.9442821
2166,Pass,0,0.99999666,6.304622,0,0.65280944
2167,Pass,0,0.99901533,0.076048486,0,0.99535066
2168,Pass,0,0.99995434,4.265053,0,0.7652636
2169,Pass,0,1.0,9.889733,0,0.45508456
2170,Pass,0,0.9813602,2.2528164,0,0.85994434
2171,Pass,0,0.817897,1.8831791,0,0.73337907
2172,Pass,0,0.9999993,0.078515634,0,0.9961949
2173,Pass,0,0.99998784,0.09533903,0,0.99525565
2174,Pass,0,0.9999908,0.17029381,0,0.99112475
2175,Pass,0,0.9485502,1.4480716,0,0.8732937
2176,Pass,0,0.99800843,1.9934704,0,0.88880783
2177,Pass,0,0.9982443,4.237634,0,0.7654645
2178,Pass,0,0.99992895,7.3389997,0,0.59572107
2179,Pass,0,0.9999964,0.0887731,0,0.99562633
2180,Pass,0,0.99726415,1.1660846,0,0.9336524
2181,Pass,0,0.9931271,4.7525606,0,0.7333364
2182,Pass,0,0.99999726,0.07581671,0,0.9963417
2183,Pass,0,0.99970144,0.084443696,0,0.9955714
2184,Pass,0,0.9999852,5.4232197,0,0.7014127
2185,Pass,0,0.5732635,2.1653764,0,0.50510275
2186,Pass,0,0.9522923,0.22513142,0,0.940969
2187,Pass,0,0.99874914,1.5899018,0,0.9116974
2188,Pass,0,0.9999293,0.31274313,0,0.98320794
2189,Pass,0,0.999025,3.944666,0,0.7822052
2190,Pass,0,0.99911994,0.25248,0,0.98573285
2191,Pass,0,0.9999932,0.15302703,0,0.99207944
2192,Pass,0,0.9997938,0.1970481,0,0.98945427
2193,Pass,0,0.9801703,2.496355,0,0.84573627
2194,Pass,0,0.53826123,2.4317589,0,0.4663543
2195,Pass,0,0.21744952,2.0318727,0,0.19319595
2196,Pass,0,0.9999908,0.071328685,0,0.99658287
2197,Pass,0,0.9999913,0.1695837,0,0.9911644
2198,Pass,0,0.96997267,1.6642591,0,0.88145125
2199,Pass,0,0.9436291,0.66607046,0,0.9094609
2200,Pass,0,0.99963975,5.934577,0,0.672978
2201,Pass,0,0.9874622,2.023181,0,0.87779754
2202,Pass,0,0.99929273,0.22471622,0,0.98743343
2203,Pass,0,0.99917966,1.891479,0,0.8954714
2204,Pass,0,0.9997142,0.2596967,0,0.9859212
2205,Pass,0,0.99844736,3.727468,0,0.7937133
2206,Pass,0,0.99995756,0.108520925,0,0.99449855
2207,Pass,0,0.99999785,0.078287944,0,0.99620605
2208,Pass,0,0.9299968,0.35762754,0,0.91214263
2209,Pass,0,0.9892107,2.4995654,0,0.85336167
2210,Pass,0,0.99985194,0.06583899,0,0.9967472
2211,Pass,0,0.99999404,0.11112741,0,0.9943911
2212,Pass,0,0.9999932,0.1514201,0,0.992168
2213,Pass,0,0.9999496,0.09106499,0,0.9954533
2214,Pass,0,0.9999833,0.10714248,0,0.99460024
2215,Pass,0,0.9375364,1.7921606,0,0.84536177
2216,Pass,0,0.99980265,0.20255286,0,0.9891594
2217,Pass,0,0.991478,0.19682288,0,0.98123676
2218,Pass,0,0.9999871,5.3275843,0,0.7066884
2219,Pass,0,0.9984261,0.20343141,0,0.9877491
2220,Pass,0,0.97753227,0.27728945,0,0.9630968
2221,Pass,0,0.7127957,0.7051813,0,0.6854482
2222,Pass,0,0.9992704,7.683113,0,0.5763639
2223,Pass,0,0.9999832,4.4015408,0,0.7577582
2224,Pass,0,0.4831888,0.5624969,0,0.46845296
2225,Pass,0,0.9991173,5.6494164,0,0.6883396
2226,Pass,0,0.99995613,3.0893986,0,0.83010215
2227,Pass,0,0.99079496,0.42138177,0,0.9682898
2228,Pass,0,0.99222106,3.9915009,0,0.774315
2229,Pass,0,0.66951334,1.0664548,0,0.6304864
2230,Pass,0,0.9930615,0.55292255,0,0.96330047
2231,Pass,0,0.99437654,0.9309238,0,0.9438456
2232,Pass,0,0.9999851,0.1470989,0,0.9923983
2233,Pass,0,0.99962175,0.119210705,0,0.9935752
2234,Pass,0,0.99982065,5.2982225,0,0.7081899
2235,Pass,0,0.9999969,0.1261482,0,0.9935655
2236,Pass,0,0.9876325,3.3997664,0,0.80296606
2237,Pass,0,0.9999832,0.08507469,0,0.9958171
2238,Pass,0,0.9966775,3.5264373,0,0.8033568
2239,Pass,0,0.9984896,2.0234945,0,0.887583
2240,Pass,0,0.9999913,0.14487678,0,0.992527
2241,Pass,0,0.99975723,3.3473797,0,0.8157123
2242,Pass,0,0.99983346,0.108727485,0,0.9943637
2243,Pass,0,0.93855435,0.23118475,0,0.92708105
2244,Pass,0,0.44250688,2.2274725,0,0.38837758
2245,Pass,0,0.99822885,1.9724791,0,0.89015985
2246,Pass,0,0.998642,6.2672596,0,0.653983
2247,Pass,0,1.0,0.034839466,0,0.9986045
2248,Pass,0,0.9990934,0.102495596,0,0.9939711
2249,Pass,0,0.9963308,13.095329,0,0.27726758
2250,Pass,0,0.99813026,3.587461,0,0.8011685
2251,Pass,0,0.883228,2.9547796,0,0.7397592
2252,Pass,0,0.98194665,1.8930647,0,0.87994117
2253,Pass,0,0.5745079,1.6564047,0,0.5223262
2254,Pass,0,0.9999988,0.06503225,0,0.99693805
2255,Pass,0,0.99976784,0.10253119,0,0.9946402
2256,Pass,0,0.9992142,3.0874813,0,0.8295919
2257,Pass,0,0.99999416,0.057810556,0,0.99733174
2258,Pass,0,0.99998915,0.23895606,0,0.9873362
2259,Pass,0,0.9999578,0.21826997,0,0.9884461
2260,Pass,0,0.99998033,0.09766973,0,0.9951197
2261,Pass,0,0.99182546,1.4888718,0,0.9109037
2262,Pass,0,0.9999887,0.07326066,0,0.9964742
2263,Pass,0,0.9998778,0.22167414,0,0.9881793
2264,Pass,0,0.99999166,0.10379786,0,0.99479294
2265,Pass,0,0.9997882,0.10407898,0,0.9945751
2266,Pass,0,0.9984744,0.25810236,0,0.98478633
2267,Pass,0,0.99987006,3.421825,0,0.811699
2268,Pass,0,0.9999933,0.26436877,0,0.98593885
2269,Pass,0,0.9999074,0.25704145,0,0.98625815
2270,Pass,0,0.9989291,0.23047616,0,0.9867568
2271,Pass,0,0.99999917,0.033366833,0,0.9986848
2272,Pass,0,0.9994276,4.311793,0,0.76228416
2273,Pass,0,0.9991684,4.261265,0,0.7648709
2274,Pass,0,0.99999595,0.110158704,0,0.9944464
2275,Pass,0,0.5830758,1.0265468,0,0.5503708
2276,Pass,0,0.9256289,2.9110494,0,0.7775051
2277,Pass,0,0.9990176,0.09550844,0,0.9942807
2278,Pass,0,0.9995402,0.2981708,0,0.9836287
2279,Pass,0,0.99979013,0.22443613,0,0.98794043
2280,Pass,0,0.9992348,4.7402983,0,0.7385222
2281,Pass,0,0.99999094,0.22451828,0,0.9881343
2282,Pass,0,0.9996669,4.095459,0,0.77439404
2283,Pass,0,0.8998433,0.48642445,0,0.87617606
2284,Pass,0,0.8516335,2.775494,0,0.7217177
2285,Pass,0,0.99898034,3.8262115,0,0.78869665
2286,Pass,0,0.8914507,0.48831913,0,0.86791104
2287,Pass,0,0.99917954,3.8837688,0,0.7856821
2288,Pass,0,0.98046905,2.441513,0,0.8489597
2289,Pass,0,0.9999999,0.05744326,0,0.99735767
2290,Pass,0,0.9999833,10.882718,0,0.40031254
2291,Pass,0,0.9999957,0.12377266,0,0.9936953
2292,Pass,0,0.9997483,5.6224585,0,0.69026077
2293,Pass,0,0.9999864,0.01844918,0,0.99949485
2294,Pass,0,0.99993515,9.625682,0,0.46961713
2295,Pass,0,0.9412976,1.5691353,0,0.8603314
2296,Pass,0,0.99989045,0.20966256,0,0.9888542
2297,Pass,0,0.9997814,0.31335378,0,0.9830288
2298,Pass,0,0.9965395,2.8320537,0,0.8414099
2299,Pass,0,0.9999865,5.4382434,0,0.700585
2300,Pass,0,0.9999925,0.22177285,0,0.9882872
2301,Pass,0,0.9751016,2.876596,0,0.82091373
2302,Pass,0,0.28924918,2.8915346,0,0.24327338
2303,Pass,0,0.99999833,0.11933629,0,0.9939426
2304,Pass,0,0.9998425,0.119860604,0,0.99375886
2305,Pass,0,0.8378415,3.1382818,0,0.6932657
2306,Pass,0,0.9996056,0.095601745,0,0.9948607
2307,Pass,0,0.9999645,0.19037631,0,0.98999107
2308,Pass,0,0.9999809,8.6841135,0,0.5215673
2309,Pass,0,0.99825126,0.38984618,0,0.9773129
2310,Pass,0,0.9996426,0.22481196,0,0.9877739
2311,Pass,0,0.9999999,0.10364185,0,0.99480975
2312,Pass,0,0.6624912,1.7420923,0,0.59918725
2313,Pass,0,0.99992967,0.30735534,0,0.98350537
2314,Pass,0,0.99989426,6.2503815,0,0.6557338
2315,Pass,0,0.99405,1.8553412,0,0.89285535
2316,Pass,0,0.99866533,0.26668343,0,0.984502
2317,Pass,0,0.99990296,0.044843495,0,0.99795586
2318,Pass,0,0.92655885,1.5696157,0,0.846836
2319,Pass,0,0.99954647,4.023105,0,0.7782894
2320,Pass,0,0.99988806,0.14519332,0,0.9924071
2321,Pass,0,0.9999963,0.13414243,0,0.993124
2322,Pass,0,0.9999995,0.10191827,0,0.99490446
2323,Pass,0,0.99991596,3.1883776,0,0.8246103
2324,Pass,0,0.97431225,2.797398,0,0.8245049
2325,Pass,0,0.9997702,0.16614293,0,0.99113494
2326,Pass,0,0.9996031,3.5271533,0,0.8056755
2327,Pass,0,0.9997825,5.2595024,0,0.71029794
2328,Pass,0,0.96722746,1.334958,0,0.8965231
2329,Pass,0,0.6740662,1.8133056,0,0.60700876
2330,Pass,0,0.99999523,5.85832,0,0.677423
2331,Pass,0,0.9989202,4.039778,0,0.7768832
2332,Pass,0,0.99957174,3.671969,0,0.79766667
2333,Pass,0,0.87221897,2.6715655,0,0.74416244
2334,Pass,0,0.99768496,6.125829,0,0.6611384
2335,Pass,0,0.99980754,0.16427709,0,0.9912749
2336,Pass,0,0.9999807,0.1385953,0,0.9928629
2337,Pass,0,0.9994086,0.29635203,0,0.9835994
2338,Pass,0,0.9999939,0.20126547,0,0.98941964
2339,Pass,0,0.5379985,0.96765405,0,0.5095694
2340,Pass,0,0.99998224,5.4223814,0,0.7014568
2341,Pass,0,0.99996614,0.1791189,0,0.9906136
2342,Pass,0,0.99998415,9.095267,0,0.4988933
2343,Pass,0,0.9999443,0.1327798,0,0.9931475
2344,Pass,0,0.99999404,0.16016705,0,0.99168646
2345,Pass,0,0.74934196,2.2142036,0,0.6582276
2346,Pass,0,0.9997768,0.049129933,0,0.9975936
2347,Pass,0,0.9999974,0.08715277,0,0.99571663
2348,Pass,0,0.9639718,2.8271918,0,0.8141704
2349,Pass,0,0.9989033,0.24426912,0,0.9859714
2350,Pass,0,0.9999684,5.206866,0,0.7133329
2351,Pass,0,0.99973553,0.21694389,0,0.98829955
2352,Pass,0,0.9999554,0.13408163,0,0.99308676
2353,Pass,0,0.5834971,1.5432919,0,0.534139
2354,Pass,0,0.99744946,4.4545865,0,0.75292003
2355,Pass,0,0.99165416,0.27785093,0,0.9769795
2356,Pass,0,0.9926643,2.5675974,0,0.8526163
2357,Pass,0,0.9999671,0.09361373,0,0.9953302
2358,Pass,0,0.999777,0.26216632,0,0.985847
2359,Pass,0,0.99975854,0.16603,0,0.99112964
2360,Pass,0,0.48447818,1.7096602,0,0.43905073
2361,Pass,0,0.99997497,0.012354468,0,0.9998195
2362,Pass,0,0.99657875,2.742369,0,0.8463724
2363,Pass,0,0.99952364,3.4512172,0,0.80979747
2364,Pass,0,0.5790193,1.1782328,0,0.54169786
2365,Pass,0,0.9974734,0.14201131,0,0.99018556
2366,Pass,0,0.7819374,1.5743433,0,0.7144541
2367,Pass,0,0.99134773,2.5784123,0,0.85089415
2368,Pass,0,0.9999931,0.096226335,0,0.99521196
2369,Pass,0,0.9999763,0.107222944,0,0.99458873
2370,Pass,0,0.99481684,1.8878711,0,0.8917593
2371,Pass,0,0.9987331,3.6240845,0,0.79963505
2372,Pass,0,0.9999223,4.9036584,0,0.73002124
2373,Pass,0,0.90997505,1.3621129,0,0.842093
2374,Pass,0,0.9994222,2.522669,0,0.8608973
2375,Pass,0,0.99987125,4.396719,0,0.7579393
2376,Pass,0,0.9999857,0.08117158,0,0.9960349
2377,Pass,0,0.34417778,1.5387353,0,0.31515023
2378,Pass,0,0.98357093,0.52751917,0,0.9554723
2379,Pass,0,0.9996439,0.18147306,0,0.9901646
2380,Pass,0,0.98353124,0.49527586,0,0.95718277
2381,Pass,0,0.9936086,2.9064336,0,0.83485925
2382,Pass,0,0.9999471,0.123917244,0,0.99363905
2383,Pass,0,0.9998789,5.2277756,0,0.71211594
2384,Pass,0,0.9835939,2.4637356,0,0.8504598
2385,Pass,0,0.9999715,0.1522683,0,0.99209976
2386,Pass,0,0.99998355,0.08003383,0,0.9960955
2387,Pass,0,0.36188006,1.4366896,0,0.3333962
2388,Pass,0,0.99965477,0.18432835,0,0.9900179
2389,Pass,0,0.9999995,0.21505724,0,0.98866457
2390,Pass,0,0.78823316,0.4145101,0,0.7706278
2391,Pass,0,0.9990256,0.3430113,0,0.9806516
2392,Pass,0,0.9999076,0.27848634,0,0.9850758
2393,Pass,0,0.35726503,1.5904553,0,0.32611462
2394,Pass,0,0.9999902,0.12804295,0,0.99345434
2395,Pass,0,0.96613044,1.7194287,0,0.87502
2396,Pass,0,0.9999604,0.20608684,0,0.9891206
2397,Pass,0,0.99528307,2.8321612,0,0.8403432
2398,Pass,0,0.9996933,0.22845285,0,0.9876232
2399,Pass,0,0.9964199,0.20336446,0,0.9857681
2400,Pass,0,0.34133914,1.7203271,0,0.30913243
2401,Pass,0,0.9836463,0.25097978,0,0.9705479
2402,Pass,0,0.9998963,0.20671913,0,0.9890223
2403,Pass,0,0.98142403,1.9252534,0,0.87773055
2404,Pass,0,0.99996936,5.9137,0,0.6743512
2405,Pass,0,0.99999976,0.08129751,0,0.99604195
2406,Pass,0,0.8729358,1.4004881,0,0.80596924
2407,Pass,0,0.9974038,0.5159528,0,0.9695463
2408,Pass,0,0.9992016,3.0777702,0,0.8301166
2409,Pass,0,0.99948466,0.114859305,0,0.9936788
2410,Pass,0,0.9998423,4.777045,0,0.7369448
2411,Pass,0,0.9999958,0.18648796,0,0.9902366
2412,Pass,0,0.99780065,3.3238475,0,0.81541085
2413,Pass,0,0.9997936,4.8690457,0,0.7318359
2414,Pass,0,0.91124916,1.4537174,0,0.8386683
2415,Pass,0,0.999936,0.13399152,0,0.9930724
2416,Pass,0,0.9978522,0.2335095,0,0.9855261
2417,Pass,0,0.99999845,2.3780258,0,0.869371
2418,Pass,0,0.9821401,0.664412,0,0.94666725
2419,Pass,0,0.9999949,0.07309631,0,0.9964894
2420,Pass,0,0.82814676,0.51791126,0,0.8049272
2421,Pass,0,0.9942994,0.18329175,0,0.9847711
2422,Pass,0,0.9998041,0.07624687,0,0.9961255
2423,Pass,0,0.99974865,0.12821977,0,0.99320465
2424,Pass,0,0.9998079,0.24590388,0,0.98677415
2425,Pass,0,0.99999607,0.11300209,0,0.9942897
2426,Pass,0,0.9996202,0.14442365,0,0.9921836
2427,Pass,0,0.9957695,1.2999588,0,0.9249008
2428,Pass,0,0.9915149,2.6570675,0,0.84673643
2429,Pass,0,0.9868348,3.5532846,0,0.79396206
2430,Pass,0,0.99972147,3.9564185,0,0.7821025
2431,Pass,0,0.9997911,0.19650331,0,0.98948157
2432,Pass,0,0.9978315,5.357602,0,0.70351315
2433,Pass,0,0.93426955,2.0620284,0,0.8285106
2434,Pass,0,0.9999263,0.17108801,0,0.99101704
2435,Pass,0,0.99999833,0.11291944,0,0.9942965
2436,Pass,0,0.5982757,0.7463057,0,0.5739651
2437,Pass,0,0.99795604,2.9932654,0,0.8337329
2438,Pass,0,0.9905285,3.9177122,0,0.7770252
2439,Pass,0,0.99982613,7.3758984,0,0.59362507
2440,Pass,0,0.99527633,5.917341,0,0.67098653
2441,Pass,0,0.99993944,2.5306726,0,0.8609014
2442,Pass,0,0.99998796,0.1601752,0,0.99167997
2443,Pass,0,0.99997044,0.12960388,0,0.9933486
2444,Pass,0,0.9999995,0.031057458,0,0.99881256
2445,Pass,0,0.99932444,5.297105,0,0.7079
2446,Pass,0,0.9663128,2.3501458,0,0.84157157
2447,Pass,0,0.3004218,1.2049232,0,0.28061548
2448,Pass,0,0.99575067,2.336062,0,0.86798275
2449,Pass,0,0.26842013,1.7295568,0,0.24295698
2450,Pass,0,0.99999404,0.06673509,0,0.9968394
2451,Pass,0,0.9965809,3.4833608,0,0.8056466
2452,Pass,0,0.99998736,8.965959,0,0.50602645
2453,Pass,0,0.72197646,2.5405886,0,0.6211934
2454,Pass,0,0.99651825,0.24472362,0,0.98359233
2455,Pass,0,0.9515306,0.17128351,0,0.9430422
2456,Pass,0,0.9999813,0.24862662,0,0.9867951
2457,Pass,0,0.99985945,0.023803296,0,0.99907273
2458,Pass,0,0.99998665,0.21918069,0,0.9884245
2459,Pass,0,0.99999845,0.2054878,0,0.9891913
2460,Pass,0,0.99972504,0.1313095,0,0.9930108
2461,Pass,0,0.9989743,0.06852818,0,0.99572414
2462,Pass,0,0.99977607,0.17538813,0,0.990631
2463,Pass,0,0.9999968,0.08233411,0,0.9959818
2464,Pass,0,0.98198503,1.72169,0,0.88925695
2465,Pass,0,0.99981755,0.12225205,0,0.99360216
2466,Pass,0,0.9999883,4.4259486,0,0.75641596
2467,Pass,0,0.9999335,4.202853,0,0.7686779
2468,Pass,0,0.95900714,1.826095,0,0.8629267
2469,Pass,0,0.99998593,0.06392858,0,0.99698615
2470,Pass,0,0.99545825,0.28341022,0,0.9804221
2471,Pass,0,0.9995908,7.832017,0,0.5683397
2472,Pass,0,0.99859554,7.018034,0,0.6126038
2473,Pass,0,0.9998609,0.13237752,0,0.9930869
2474,Pass,0,0.99971086,5.466385,0,0.6988402
2475,Pass,0,0.99995196,6.6160235,0,0.63560665
2476,Pass,0,0.9999012,0.2568837,0,0.9862608
2477,Pass,0,0.9999634,10.315737,0,0.43157375
2478,Pass,0,0.99999964,0.17362525,0,0.99094975
2479,Pass,0,0.9999614,0.07389219,0,0.9964121
2480,Pass,0,0.97994703,0.73726165,0,0.94061613
2481,Pass,0,0.9999896,0.15247363,0,0.9921064
2482,Pass,0,0.9999995,0.2387199,0,0.9873595
2483,Pass,0,0.99969184,3.7906709,0,0.7912179
2484,Pass,0,0.99999976,0.03983939,0,0.99832845
2485,Pass,0,0.99799687,0.13196008,0,0.99125844
2486,Pass,0,0.9609953,1.7348719,0,0.86955065
2487,Pass,0,0.9875673,3.3152478,0,0.80751646
2488,Pass,0,0.9999937,0.11109444,0,0.9943926
2489,Pass,0,0.93182707,0.36292246,0,0.9136657
2490,Pass,0,0.61820894,2.0025387,0,0.55025625
2491,Pass,0,0.9997862,10.524646,0,0.4199779
2492,Pass,0,0.7787429,0.74464846,0,0.7471702
2493,Pass,0,0.99998486,6.300945,0,0.6530046
2494,Pass,0,0.99583805,0.3378218,0,0.9778077
2495,Pass,0,0.9999695,0.13940357,0,0.9928072
2496,Pass,0,0.5998889,0.4749282,0,0.5844913
2497,Pass,0,0.9974515,0.46221146,0,0.972549
2498,Pass,0,0.9999788,3.874941,0,0.7867974
2499,Pass,0,0.9995615,0.20773001,0,0.9886354
2500,Pass,0,0.99995494,0.036641233,0,0.9984601
2501,Pass,0,0.95299953,3.7916117,0,0.7542133
2502,Pass,0,0.9130854,3.9388723,0,0.71520895
2503,Pass,0,0.9996526,0.18098523,0,0.9902001
2504,Pass,0,0.99940526,0.17719911,0,0.99016374
2505,Pass,0,0.98133117,2.6117258,0,0.84049374
2506,Pass,0,0.9953446,1.7980999,0,0.8971605
2507,Pass,0,0.98350865,1.6402515,0,0.89505416
2508,Pass,0,0.99998474,3.0301585,0,0.8333931
2509,Pass,0,0.99992526,0.2402989,0,0.9871991
2510,Pass,0,0.9995623,9.850396,0,0.457054
2511,Pass,0,0.9999918,0.044901118,0,0.99804133
2512,Pass,0,0.9999993,0.07422699,0,0.9964314
2513,Pass,0,0.99999917,0.08899994,0,0.99561656
2514,Pass,0,0.881751,0.08558416,0,0.8780528
2515,Pass,0,0.99994624,0.14451933,0,0.99250203
2516,Pass,0,0.9657034,3.0813513,0,0.80209625
2517,Pass,0,0.9999865,6.76567,0,0.62737536
2518,Pass,0,0.9983576,0.36634853,0,0.9787109
2519,Pass,0,0.9994511,2.2239878,0,0.8773861
2520,Pass,0,0.9980427,0.29879493,0,0.98212063
2521,Pass,0,0.9826968,0.53009784,0,0.9544834
2522,Pass,0,0.9997961,4.6178565,0,0.74568856
2523,Pass,0,0.9999552,0.14326717,0,0.99257994
2524,Pass,0,0.99998546,0.102875896,0,0.99483764
2525,Pass,0,0.7746531,2.066858,0,0.68675625
2526,Pass,0,0.8772857,0.9374673,0,0.8323884
2527,Pass,0,0.9938685,0.38075447,0,0.9735205
2528,Pass,0,0.99989665,5.6490107,0,0.68889886
2529,Pass,0,0.9940479,0.43748778,0,0.9705859
2530,Pass,0,0.9891305,1.7061323,0,0.89657646
2531,Pass,0,0.9824982,2.8302758,0,0.82965076
2532,Pass,0,0.9994604,0.18468261,0,0.9898059
2533,Pass,0,0.99997735,3.238301,0,0.82190764
2534,Pass,0,0.47455758,0.72588867,0,0.45580855
2535,Pass,0,0.9998661,0.23476996,0,0.98744565
2536,Pass,0,0.99993694,0.0972405,0,0.99510014
2537,Pass,0,0.99985003,0.15169013,0,0.99201113
2538,Pass,0,0.9999486,0.03245801,0,0.99868447
2539,Pass,0,0.9970337,3.31942,0,0.81502753
2540,Pass,0,0.5088643,1.2083431,0,0.47521973
2541,Pass,0,0.9975147,3.9458654,0,0.78095675
2542,Pass,0,0.9999969,0.12974933,0,0.9933669
2543,Pass,0,1.0,0.040153563,0,0.9983114
2544,Pass,0,0.9999685,0.15449959,0,0.9919737
2545,Pass,0,0.9999641,0.23394878,0,0.9875877
2546,Pass,0,0.99997497,4.788583,0,0.73640627
2547,Pass,0,0.9999994,0.15294887,0,0.99208987
2548,Pass,0,1.0,0.05293965,0,0.9976062
2549,Pass,0,0.99990666,0.19511482,0,0.98967254
2550,Pass,0,0.99992776,0.14953946,0,0.9922068
2551,Pass,0,0.9989611,2.2532735,0,0.8753424
2552,Pass,0,0.99999654,0.10883551,0,0.99451995
2553,Pass,0,0.99937016,4.6756377,0,0.74218607
2554,Pass,0,0.9999654,0.18900661,0,0.9900676
2555,Pass,0,0.9998964,0.13763832,0,0.992832
2556,Pass,0,0.9993099,2.186593,0,0.87932307
2557,Pass,0,0.9839221,3.7478633,0,0.78105974
2558,Pass,0,0.99974054,3.83547,0,0.78878635
2559,Pass,0,0.9999678,0.31025794,0,0.9833829
2560,Pass,0,0.9999224,0.16467358,0,0.99136686
2561,Pass,0,0.9982862,4.866266,0,0.73088557
2562,Pass,0,0.99987113,0.091934316,0,0.9953273
2563,Pass,0,0.99673367,2.565317,0,0.85623693
2564,Pass,0,0.73542386,2.8532128,0,0.62008345
2565,Pass,0,0.9986255,3.591532,0,0.80134183
2566,Pass,0,0.9999813,0.28063187,0,0.98503006
2567,Pass,0,0.99991727,4.790627,0,0.736251
2568,Pass,0,0.6038395,0.9457498,0,0.5726607
2569,Pass,0,0.9872959,2.656042,0,0.8431894
2570,Pass,0,0.9541391,1.6261941,0,0.8690658
2571,Pass,0,0.99992406,3.1366305,0,0.8274708
2572,Pass,0,0.9969619,3.293687,0,0.8163837
2573,Pass,0,0.8578527,1.6548855,0,0.780007
2574,Pass,0,0.9992786,5.024695,0,0.7228807
2575,Pass,0,0.99993956,0.18166192,0,0.99044704
2576,Pass,0,0.99999344,0.117021665,0,0.9940654
2577,Pass,0,0.9965571,2.4494884,0,0.8624515
2578,Pass,0,0.95163757,1.4624388,0,0.875382
2579,Pass,0,0.98772186,1.733924,0,0.89378566
2580,Pass,0,0.99984646,0.14877641,0,0.99216825
2581,Pass,0,0.99997187,0.23183013,0,0.9877122
2582,Pass,0,0.99998844,0.13368638,0,0.99314135
2583,Pass,0,0.9987482,5.178479,0,0.71402603
2584,Pass,0,0.9999862,0.13469079,0,0.9930837
2585,Pass,0,0.99997425,5.319525,0,0.7071238
2586,Pass,0,0.874997,2.308686,0,0.7640444
2587,Pass,0,0.99995613,0.09220626,0,0.99539685
2588,Pass,0,0.9999927,0.21817985,0,0.98848563
2589,Pass,0,0.5504126,2.362788,0,0.47897607
2590,Pass,0,0.98944014,4.5624504,0,0.74098814
2591,Pass,0,0.9833013,4.5575895,0,0.7366544
2592,Pass,0,0.9992612,4.613768,0,0.7455149
2593,Pass,0,0.9920042,6.280938,0,0.6488877
2594,Pass,0,0.999864,2.7812169,0,0.84702027
2595,Pass,0,0.98954904,0.30519083,0,0.9734134
2596,Pass,0,0.37303716,1.314232,0,0.34619454
2597,Pass,0,0.99995935,0.157948,0,0.99177444
2598,Pass,0,0.9984787,4.3237133,0,0.76090395
2599,Pass,0,0.9997588,5.3587804,0,0.7048069
2600,Pass,0,0.95149463,1.7107571,0,0.86221945
2601,Pass,0,0.9446465,2.9329464,0,0.7923385
2602,Pass,0,0.7433405,1.3908699,0,0.68671006
2603,Pass,0,0.99999785,0.2146089,0,0.98868763
2604,Pass,0,0.99991846,5.2407765,0,0.71142715
2605,Pass,0,0.99994135,0.120343894,0,0.9938304
2606,Pass,0,0.9413762,0.44383755,0,0.9188277
2607,Pass,0,0.99999726,3.9647892,0,0.78185666
2608,Pass,0,0.98363864,5.1200156,0,0.70639557
2609,Pass,0,0.9999994,0.15773243,0,0.99182606
2610,Pass,0,0.64568126,1.1174055,0,0.6062292
2611,Pass,0,0.999966,0.046745677,0,0.9979139
2612,Pass,0,0.99987006,3.4769685,0,0.8086581
2613,Pass,0,0.9974125,3.9792473,0,0.77904034
2614,Pass,0,0.9999994,0.11102625,0,0.994402
2615,Pass,0,0.9997502,4.109084,0,0.7737073
2616,Pass,0,0.99998844,4.118784,0,0.7733567
2617,Pass,0,0.99994755,0.1924954,0,0.98985744
2618,Pass,0,0.6507882,4.16651,0,0.50158423
2619,Pass,0,0.9992136,2.6906307,0,0.85146135
2620,Pass,0,0.46596575,0.7180467,0,0.4477577
2621,Pass,0,0.998743,4.240134,0,0.7657092
2622,Pass,0,0.99987197,0.09165789,0,0.9953434
2623,Pass,0,0.9982697,1.3536327,0,0.92426795
2624,Pass,0,0.99946743,0.29680547,0,0.9836323
2625,Pass,0,0.9999864,0.13110867,0,0.99328154
2626,Pass,0,0.9999075,2.530229,0,0.8608984
2627,Pass,0,0.6357169,2.1601827,0,0.56031257
2628,Pass,0,0.99832743,2.2845674,0,0.87306416
2629,Pass,0,0.99952805,0.2199501,0,0.98792875
2630,Pass,0,0.9947471,0.8392178,0,0.94922864
2631,Pass,0,0.99948287,2.7762017,0,0.8469739
2632,Pass,0,0.84525985,1.2834055,0,0.78587455
2633,Pass,0,0.92382884,1.6474718,0,0.84037393
2634,Pass,0,0.95426774,0.2626523,0,0.9409462
2635,Pass,0,0.9996247,4.653853,0,0.7435762
2636,Pass,0,0.9842429,2.4057307,0,0.8541697
2637,Pass,0,0.99958855,0.121790536,0,0.99340004
2638,Pass,0,0.9997669,0.041290555,0,0.998016
2639,Pass,0,0.99958736,2.109748,0,0.88380367
2640,Pass,0,0.9999577,0.04396268,0,0.99805903
2641,Pass,0,0.9968509,3.5063593,0,0.8046005
2642,Pass,0,0.9999778,0.08713974,0,0.9956979
2643,Pass,0,0.9994205,7.989444,0,0.5595655
2644,Pass,0,0.9892033,1.006678,0,0.9348024
2645,Pass,0,0.99999833,0.054001417,0,0.99754596
2646,Pass,0,0.9996964,0.1417146,0,0.99240863
2647,Pass,0,0.9999999,0.06898009,0,0.9967214
2648,Pass,0,0.99968755,0.06675445,0,0.99653286
2649,Pass,0,0.97090065,1.5838995,0,0.88659763
2650,Pass,0,0.48352638,1.8811951,0,0.43361378
2651,Pass,0,0.99996793,3.4793963,0,0.80860335
2652,Pass,0,0.9999459,8.087809,0,0.55443484
2653,Pass,0,0.49119198,2.2812047,0,0.42965168
2654,Pass,0,0.99994576,0.21952702,0,0.98836493
2655,Pass,0,0.9999981,0.11331658,0,0.9942744
2656,Pass,0,0.9999715,0.3008879,0,0.9839033
2657,Pass,0,0.9999963,6.4014387,0,0.64746964
2658,Pass,0,0.9999994,0.073139764,0,0.9964915
2659,Pass,0,0.8898348,0.44244787,0,0.86858904
2660,Pass,0,0.78110003,1.4605861,0,0.7185896
2661,Pass,0,0.99995863,0.028959032,0,0.9988875
2662,Pass,0,0.9999844,0.14791973,0,0.9923523
2663,Pass,0,0.9998518,4.6726575,0,0.74270815
2664,Pass,0,0.99995697,2.7315686,0,0.84983706
2665,Pass,0,0.9999939,0.15320355,0,0.9920704
2666,Pass,0,0.9999615,0.111937046,0,0.9943141
2667,Pass,0,0.9992162,2.2561665,0,0.8754065
2668,Pass,0,0.99916065,0.13590093,0,0.99219716
2669,Pass,0,0.80534583,2.095492,0,0.71269464
2670,Pass,0,0.9997962,0.054538146,0,0.99731475
2671,Pass,0,0.993009,1.9947797,0,0.8842837
2672,Pass,0,0.9999918,0.19847135,0,0.98957163
2673,Pass,0,0.99998176,0.2473174,0,0.98686785
2674,Pass,0,0.9969273,0.18419257,0,0.98732424
2675,Pass,0,0.9999988,0.06116834,0,0.9971512
2676,Pass,0,0.9999937,0.14473046,0,0.99253744
2677,Pass,0,0.99996173,7.7559996,0,0.57274294
2678,Pass,0,0.9999598,0.117870554,0,0.9939852
2679,Pass,0,0.9295698,2.9858809,0,0.77697885
2680,Pass,0,0.99870074,0.14572641,0,0.9911993
2681,Pass,0,0.51051694,1.6792947,0,0.46350294
2682,Pass,0,0.54965615,1.7068483,0,0.49820247
2683,Pass,0,0.9993554,3.5878289,0,0.8021316
2684,Pass,0,0.99456847,0.13319205,0,0.9877856
2685,Pass,0,0.4660048,0.8829746,0,0.44355634
2686,Pass,0,0.99999416,0.2091529,0,0.9889849
2687,Pass,0,0.9999999,0.06518473,0,0.9969307
2688,Pass,0,0.9999329,3.290995,0,0.8189651
2689,Pass,0,0.99996305,0.12013574,0,0.99386346
2690,Pass,0,1.0,0.072419524,0,0.99653184
2691,Pass,0,0.999992,0.19478258,0,0.9897753
2692,Pass,0,1.0,0.115811214,0,0.99413866
2693,Pass,0,0.99997604,7.8034344,0,0.57013506
2694,Pass,0,0.9999325,0.11729556,0,0.99398977
2695,Pass,0,0.99931264,3.255688,0,0.82040304
2696,Pass,0,0.9994337,4.1129775,0,0.7732477
2697,Pass,0,0.9999988,0.26906723,0,0.98568505
2698,Pass,0,0.38335434,1.4932657,0,0.35198402
2699,Pass,0,0.9999821,6.9659495,0,0.6163269
2700,Pass,0,0.86194354,2.3179038,0,0.752208
2701,Pass,0,0.99783725,6.6853585,0,0.63044673
2702,Pass,0,0.96481323,3.5807025,0,0.7747856
2703,Pass,0,0.99550074,0.20781837,0,0.9846142
2704,Pass,0,0.98704904,2.275395,0,0.8637002
2705,Pass,0,0.99996614,0.24123207,0,0.987188
2706,Pass,0,0.9977584,5.3515997,0,0.70379186
2707,Pass,0,0.998642,3.4157014,0,0.8110393
2708,Pass,0,0.99929273,2.8519807,0,0.8426363
2709,Pass,0,0.5041213,2.2484922,0,0.44187063
2710,Pass,0,0.9998814,5.011027,0,0.7240705
2711,Pass,0,0.28595847,0.94851744,0,0.27114955
2712,Pass,0,0.9989422,4.5905657,0,0.74655527
2713,Pass,0,0.9999658,0.13942325,0,0.99280244
2714,Pass,0,0.84612054,1.7289295,0,0.7658842
2715,Pass,0,0.9999454,0.19273672,0,0.989842
2716,Pass,0,0.99988174,4.2851796,0,0.76409817
2717,Pass,0,0.9999825,0.28179124,0,0.98496723
2718,Pass,0,0.9939487,2.379769,0,0.864016
2719,Pass,0,0.9999449,0.19723733,0,0.9895934
2720,Pass,0,0.99888927,0.177123,0,0.98965675
2721,Pass,0,0.9967489,5.203714,0,0.7112095
2722,Pass,0,0.9959858,0.24139509,0,0.98324955
2723,Pass,0,0.5644865,2.1972647,0,0.49637657
2724,Pass,0,0.9999888,0.09964252,0,0.99501926
2725,Pass,0,0.526457,0.5100933,0,0.5119232
2726,Pass,0,0.7562496,2.864234,0,0.6371833
2727,Pass,0,0.9999659,0.15307392,0,0.99204975
2728,Pass,0,0.99999356,0.16876034,0,0.99121207
2729,Pass,0,0.9999926,0.15463448,0,0.99199015
2730,Pass,0,0.9999989,0.08390691,0,0.99589723
2731,Pass,0,0.99985695,0.12805824,0,0.9933211
2732,Pass,0,0.9995252,5.495338,0,0.69711435
2733,Pass,0,0.6280889,1.282514,0,0.58399224
2734,Pass,0,0.999943,0.12360303,0,0.99365234
2735,Pass,0,0.99999523,0.101476446,0,0.9949245
2736,Pass,0,0.81838423,0.91091067,0,0.7777
2737,Pass,0,0.99999976,0.050028957,0,0.9977665
2738,Pass,0,0.99966717,5.517944,0,0.695967
2739,Pass,0,0.9743902,3.3699424,0,0.7938025
2740,Pass,0,0.9999944,0.068260044,0,0.99675566
2741,Pass,0,0.8601555,0.39239383,0,0.8419929
2742,Pass,0,0.9977344,3.110529,0,0.8270951
2743,Pass,0,0.99560577,9.651697,0,0.4661554
2744,Pass,0,0.9997465,0.26001054,0,0.9859358
2745,Pass,0,0.9999999,0.05656081,0,0.99740636
2746,Pass,0,0.99996305,0.09540309,0,0.99522746
2747,Pass,0,0.4068751,1.1074939,0,0.38223684
2748,Pass,0,0.9999877,0.08771672,0,0.9956759
2749,Pass,0,0.9998716,3.134135,0,0.82756495
2750,Pass,0,0.9999454,0.2218119,0,0.9882386
2751,Pass,0,0.9624684,2.5275462,0,0.8288066
2752,Pass,0,0.5282724,1.710249,0,0.4787214
2753,Pass,0,0.9932554,2.257161,0,0.8701298
2754,Pass,0,0.99990475,0.024033997,0,0.9991052
2755,Pass,0,0.9868427,2.4248946,0,0.85538286
2756,Pass,0,0.9999995,0.093638085,0,0.9953611
2757,Pass,0,0.9999987,0.14097096,0,0.99274975
2758,Pass,0,0.9971316,4.8025885,0,0.733542
2759,Pass,0,0.99998784,0.071785726,0,0.9965547
2760,Pass,0,0.99955696,0.25933948,0,0.98578584
2761,Pass,0,0.96550316,1.5964895,0,0.8809984
2762,Pass,0,0.9999995,0.07899343,0,0.9961688
2763,Pass,0,0.99980146,0.029008608,0,0.99872774
2764,Pass,0,0.9967623,0.44706553,0,0.97270966
2765,Pass,0,0.999838,0.14206459,0,0.9925299
2766,Pass,0,0.9999924,9.925428,0,0.45311248
2767,Pass,0,0.99859935,0.34042948,0,0.9803754
2768,Pass,0,0.6060699,1.689545,0,0.5499137
2769,Pass,0,0.99898595,6.2686954,0,0.65412915
2770,Pass,0,0.9996581,0.033201456,0,0.9983533
2771,Pass,0,0.9994517,0.14883335,0,0.99177337
2772,Pass,0,0.9994536,0.18077047,0,0.99001485
2773,Pass,0,0.9997465,7.158401,0,0.60557026
2774,Pass,0,0.99761546,2.3865292,0,0.8668315
2775,Pass,0,0.999788,0.2997961,0,0.9837829
2776,Pass,0,0.9999914,0.06678997,0,0.99683374
2777,Pass,0,0.99996746,4.0723586,0,0.77590084
2778,Pass,0,0.99991107,5.2152877,0,0.71282756
2779,Pass,0,0.99999905,0.06718185,0,0.99681973
2780,Pass,0,0.9952054,2.0687838,0,0.8821777
2781,Pass,0,0.99643314,1.6245892,0,0.907677
2782,Pass,0,0.99974185,5.7519712,0,0.68311524
2783,Pass,0,0.9997844,5.7946486,0,0.6807911
2784,Pass,0,0.9908415,1.5591488,0,0.9061596
2785,Pass,0,0.9998178,0.16083544,0,0.9914748
2786,Pass,0,0.99249274,1.650627,0,0.90266234
2787,Pass,0,0.9999999,0.05263227,0,0.997623
2788,Pass,0,0.99987686,0.13106652,0,0.993175
2789,Pass,0,0.97766477,1.4655162,0,0.89915764
2790,Pass,0,0.99286,3.5126915,0,0.8010325
2791,Pass,0,0.99999094,0.15176925,0,0.9921465
2792,Pass,0,0.99995434,7.6366153,0,0.5793227
2793,Pass,0,0.9996125,0.31468233,0,0.9827895
2794,Pass,0,0.99256307,4.806039,0,0.7299924
2795,Pass,0,0.9999665,3.640095,0,0.79973966
2796,Pass,0,0.99999547,0.07914875,0,0.99615616
2797,Pass,0,0.99999213,0.08483387,0,0.99583936
2798,Pass,0,0.6746128,1.3327276,0,0.6253816
2799,Pass,0,0.837243,1.0747206,0,0.7880572
2800,Pass,0,0.9999665,3.9472826,0,0.78279805
2801,Pass,0,0.99995923,3.1856358,0,0.8247973
2802,Pass,0,0.99942833,5.620121,0,0.6901687
2803,Pass,0,0.9999999,0.08896899,0,0.995619
2804,Pass,0,0.9999981,0.1116449,0,0.9943666
2805,Pass,0,0.9999988,0.04338303,0,0.99813205
2806,Pass,0,0.8826767,2.1195583,0,0.7799574
2807,Pass,0,0.99998116,0.15968606,0,0.99170023
2808,Pass,0,0.9484808,1.6253637,0,0.86395544
2809,Pass,0,0.9999888,0.19522661,0,0.98974764
2810,Pass,0,0.9985967,2.12459,0,0.88211036
2811,Pass,0,0.99995995,0.17959788,0,0.99058104
2812,Pass,0,0.99995446,0.29666314,0,0.9841195
2813,Pass,0,0.9477897,2.033966,0,0.84196717
2814,Pass,0,0.99978346,5.2608094,0,0.7102265
2815,Pass,0,0.9098453,3.2623107,0,0.7466209
2816,Pass,0,0.99998665,0.06151307,0,0.9971201
2817,Pass,0,0.9999856,0.10016609,0,0.9949872
2818,Pass,0,0.99859077,2.0913632,0,0.8839351
2819,Pass,0,0.99951875,2.4309156,0,0.8660384
2820,Pass,0,0.9998952,4.1277313,0,0.77279115
2821,Pass,0,0.98327684,1.7877612,0,0.88684374
2822,Pass,0,0.9999981,0.06616593,0,0.9968748
2823,Pass,0,0.9992501,3.8796277,0,0.7859658
2824,Pass,0,0.99930096,0.31963813,0,0.9822101
2825,Pass,0,0.99991906,6.8459888,0,0.62290365
2826,Pass,0,0.9999647,0.20479712,0,0.989196
2827,Pass,0,0.9978331,6.355742,0,0.6485838
2828,Pass,0,0.94478744,0.5999636,0,0.9140219
2829,Pass,0,0.99971944,0.23865102,0,0.9870868
2830,Pass,0,0.9999428,3.0995147,0,0.8295332
2831,Pass,0,0.99991643,0.1642512,0,0.99138427
2832,Pass,0,0.28463018,1.5850363,0,0.25989798
2833,Pass,0,0.99998796,6.6590743,0,0.6332552
2834,Pass,0,0.99431616,5.0606217,0,0.7173207
2835,Pass,0,0.9999713,0.1371954,0,0.99293077
2836,Pass,0,0.96655333,0.7067942,0,0.9293842
2837,Pass,0,0.9999683,8.657524,0,0.5230272
2838,Pass,0,0.99999976,0.111049294,0,0.9944011
2839,Pass,0,0.9694382,2.547079,0,0.8337641
2840,Pass,0,0.9999558,0.15884675,0,0.99172133
2841,Pass,0,0.99983585,0.39959267,0,0.97832686
2842,Pass,0,0.9998553,4.393882,0,0.75808364
2843,Pass,0,0.6282438,2.0720115,0,0.55678093
2844,Pass,0,0.99922836,2.8205707,0,0.844313
2845,Pass,0,0.99997926,5.42206,0,0.7014724
2846,Pass,0,0.99297416,3.0308218,0,0.82751405
2847,Pass,0,0.9608008,0.6769962,0,0.92543185
2848,Pass,0,0.99971646,0.2779236,0,0.9849185
2849,Pass,0,0.99999845,0.04747634,0,0.99790597
2850,Pass,0,1.0,0.03296434,0,0.9987079
2851,Pass,0,0.82005954,0.6293024,0,0.79202867
2852,Pass,0,0.9997292,0.19857514,0,0.9893061
2853,Pass,0,0.33037063,1.3197892,0,0.30649692
2854,Pass,0,0.99992263,0.013635157,0,0.99969655
2855,Pass,0,0.9996525,2.4708867,0,0.86395055
2856,Pass,0,0.99996233,0.06562195,0,0.9968692
2857,Pass,0,0.9994855,0.11697334,0,0.9935631
2858,Pass,0,0.99924743,2.4426887,0,0.8651545
2859,Pass,0,0.9998927,9.6118355,0,0.47036085
2860,Pass,0,0.9940883,0.3412372,0,0.9759023
2861,Pass,0,0.99975866,5.093138,0,0.71945405
2862,Pass,0,0.999795,6.5592923,0,0.6386351
2863,Pass,0,0.9999969,0.08208088,0,0.9959959
2864,Pass,0,0.33584216,2.176962,0,0.2956961
2865,Pass,0,0.9792757,2.6440358,0,0.8369883
2866,Pass,0,0.99997103,0.1259972,0,0.9935481
2867,Pass,0,0.9999851,4.607191,0,0.7464177
2868,Pass,0,0.99999917,0.038629644,0,0.9983946
2869,Pass,0,0.999984,0.059327014,0,0.997238
2870,Pass,0,0.9986689,0.2706394,0,0.9842877
2871,Pass,0,0.9995666,0.114547074,0,0.9937775
2872,Pass,0,0.9999621,0.028541356,0,0.99891394
2873,Pass,0,0.9886757,0.2055796,0,0.9779859
2874,Pass,0,0.99989355,0.18024546,0,0.9904795
2875,Pass,0,0.999969,0.3562528,0,0.98084736
2876,Pass,0,0.99999726,0.09376345,0,0.9953519
2877,Pass,0,0.8857158,0.53992695,0,0.85980654
2878,Pass,0,0.9996069,4.059214,0,0.77634573
2879,Pass,0,0.9992623,0.10576868,0,0.9939588
2880,Pass,0,0.99494153,3.979794,0,0.7770804
2881,Pass,0,0.90405774,2.9356143,0,0.758161
2882,Pass,0,0.8755785,1.1143396,0,0.8222274
2883,Pass,0,0.9999975,0.1354173,0,0.99305487
2884,Pass,0,0.999848,0.09856993,0,0.9949384
2885,Pass,0,0.9996915,0.15657923,0,0.99158424
2886,Pass,0,0.9999907,0.11657868,0,0.9940871
2887,Pass,0,0.9999826,0.12909627,0,0.9933887
2888,Pass,0,0.9995504,3.6279693,0,0.8000753
2889,Pass,0,0.9940248,1.3125235,0,0.9225915
2890,Pass,0,0.3660456,0.6571831,0,0.35297072
2891,Pass,0,0.9999769,6.200438,0,0.6585424
2892,Pass,0,0.99998796,0.11545028,0,0.9941466
2893,Pass,0,0.99949884,2.4621298,0,0.8643005
2894,Pass,0,0.86141056,0.35501304,0,0.8449974
2895,Pass,0,0.7752614,0.25454298,0,0.7647855
2896,Pass,0,0.99973255,4.8372273,0,0.7335456
2897,Pass,0,0.9994537,4.314004,0,0.76218224
2898,Pass,0,0.99978346,2.7160072,0,0.85054773
2899,Pass,0,0.99960667,0.20303702,0,0.9889388
2900,Pass,0,0.9998441,8.033204,0,0.5573895
2901,Pass,0,0.99953663,1.9222487,0,0.89409506
2902,Pass,0,0.99995315,0.17888677,0,0.9906135
2903,Pass,0,0.99992776,3.6342428,0,0.8000313
2904,Pass,0,0.943313,2.1116261,0,0.8339499
2905,Pass,0,1.0,0.04689602,0,0.9979395
2906,Pass,0,0.99518174,0.43604234,0,0.9717723
2907,Pass,0,0.9999852,0.07329189,0,0.996469
2908,Pass,0,0.9997478,0.20348635,0,0.9890537
2909,Pass,0,0.9999447,0.07212806,0,0.9964928
2910,Pass,0,0.9999709,0.12620929,0,0.9935363
2911,Pass,0,0.99575424,5.2717915,0,0.70676106
2912,Pass,0,0.5846048,2.6245043,0,0.50029224
2913,Pass,0,0.99999654,0.1373698,0,0.9929462
2914,Pass,0,0.99999344,2.5813794,0,0.8581514
2915,Pass,0,0.99999964,0.03087762,0,0.9988226
2916,Pass,0,0.9998808,0.26143876,0,0.98598945
2917,Pass,0,0.9999746,5.5104513,0,0.6965943
2918,Pass,0,0.5951367,1.1190169,0,0.55872005
2919,Pass,0,0.99999154,0.11629422,0,0.99410367
2920,Pass,0,0.92457294,1.6011748,0,0.8434116
2921,Pass,0,0.6403456,2.1467395,0,0.56486696
2922,Pass,0,0.99967647,6.3439956,0,0.6504296
2923,Pass,0,0.7326246,3.0641108,0,0.6092017
2924,Pass,0,0.5780735,2.9866781,0,0.48315603
2925,Pass,0,0.999985,0.096114196,0,0.99521005
2926,Pass,0,0.99998415,0.2037933,0,0.9892706
2927,Pass,0,0.9999994,0.12614137,0,0.99356836
2928,Pass,0,0.99818903,2.232094,0,0.87583184
2929,Pass,0,0.99999976,0.052836683,0,0.99761164
2930,Pass,0,0.9999802,0.08674438,0,0.99572206
2931,Pass,0,0.99999356,0.085367344,0,0.9958113
2932,Pass,0,0.9998111,6.1376286,0,0.6618967
2933,Pass,0,0.9120938,2.3468695,0,0.79451644
2934,Pass,0,0.4232207,1.9159269,0,0.3787225
2935,Pass,0,0.9999987,0.054265965,0,0.9975317
2936,Pass,0,0.9999865,0.15436278,0,0.99199915
2937,Pass,0,0.9999852,0.19406511,0,0.9898082
2938,Pass,0,0.999845,0.3344168,0,0.9819299
2939,Pass,0,0.5024793,3.3018463,0,0.41123992
2940,Pass,0,0.99976534,0.2421496,0,0.9869392
2941,Pass,0,0.36650684,3.1643248,0,0.3027369
2942,Pass,0,0.999987,0.1047392,0,0.9947364
2943,Pass,0,0.99947673,0.04542345,0,0.99749845
2944,Pass,0,0.9999976,0.040879946,0,0.99826896
2945,Pass,0,0.9999409,0.17822233,0,0.99063796
2946,Pass,0,0.5016354,1.3272071,0,0.46518025
2947,Pass,0,0.9988403,2.6568632,0,0.8530035
2948,Pass,0,0.5740901,2.1417253,0,0.50657994
2949,Pass,0,0.99994314,0.17169212,0,0.9910004
2950,Pass,0,0.6001423,2.3205283,0,0.5236503
2951,Pass,0,0.9975442,3.3169417,0,0.81558126
2952,Pass,0,0.999944,0.028217852,0,0.9989137
2953,Pass,0,0.99434423,1.8355024,0,0.8942076
2954,Pass,0,0.9999988,0.07546431,0,0.99636275
2955,Pass,0,0.99785906,0.17601414,0,0.9886971
2956,Pass,0,0.99999964,0.060737807,0,0.99717575
2957,Pass,0,0.99964976,0.2244739,0,0.98779964
2958,Pass,0,0.98612255,0.38192853,0,0.9658693
2959,Pass,0,0.9998635,0.11413087,0,0.9940956
2960,Pass,0,0.99996936,4.211661,0,0.7682197
2961,Pass,0,0.9997594,4.663582,0,0.7431399
2962,Pass,0,0.9985114,0.09097576,0,0.9940265
2963,Pass,0,0.999688,0.11946468,0,0.99362713
2964,Pass,0,0.9997811,2.8995116,0,0.8404272
2965,Pass,0,0.65810573,2.038395,0,0.5844662
2966,Pass,0,0.99579215,0.3177306,0,0.97886604
2967,Pass,0,0.9999995,0.050104808,0,0.9977621
2968,Pass,0,0.99895006,0.3187786,0,0.9819125
2969,Pass,0,0.9504296,1.2392024,0,0.88597256
2970,Pass,0,0.669122,2.7829983,0,0.5667712
2971,Pass,0,0.99987614,0.21832404,0,0.98836243
2972,Pass,0,0.9998258,3.8361976,0,0.7888135
2973,Pass,0,0.5936697,0.49306476,0,0.5778379
2974,Pass,0,0.9999757,0.3030531,0,0.98378795
2975,Pass,0,0.9999857,0.115189,0,0.99415874
2976,Pass,0,0.9999174,0.033957634,0,0.9985706
2977,Pass,0,0.99992764,4.417445,0,0.756839
2978,Pass,0,0.9999368,0.108612224,0,0.9944729
2979,Pass,0,0.9999045,2.6203601,0,0.8559254
2980,Pass,0,0.3863989,1.276854,0,0.3593914
2981,Pass,0,0.9988287,1.5557516,0,0.9136513
2982,Pass,0,0.99963117,0.18896376,0,0.98973894
2983,Pass,0,0.9999696,8.531441,0,0.5299814
2984,Pass,0,0.99949455,0.5096595,0,0.97192556
2985,Pass,0,0.9932446,2.1350815,0,0.8768078
2986,Pass,0,0.6946402,2.4083595,0,0.6027389
2987,Pass,0,0.9994765,0.3042115,0,0.983233
2988,Pass,0,0.520947,1.4265423,0,0.48023438
2989,Pass,0,0.9928362,0.1870403,0,0.98311657
2990,Pass,0,0.97530735,0.9078614,0,0.92698604
2991,Pass,0,0.9728338,2.8783014,0,0.81891304
2992,Pass,0,0.97569877,2.1215465,0,0.86204726
2993,Pass,0,0.99999285,0.09519462,0,0.99526864
2994,Pass,0,0.9999895,0.11540794,0,0.9941505
2995,Pass,0,0.87895596,1.1332372,0,0.8244829
2996,Pass,0,0.9999006,0.18410721,0,0.99027354
2997,Pass,0,0.99999404,0.097342305,0,0.99515134
2998,Pass,0,0.9789418,1.1577703,0,0.91694766
2999,Pass,0,0.98930323,2.4459426,0,0.85636723
3000,Pass,0,0.9997553,4.1086473,0,0.77373534
3001,Pass,0,0.9999857,0.31784403,0,0.98298204
3002,Pass,0,0.9999833,8.652385,0,0.5233184
3003,Pass,0,0.9198051,3.9004273,0,0.7224227
3004,Pass,0,0.99994874,0.1350939,0,0.9930243
3005,Pass,0,0.99998295,0.10414143,0,0.99476534
3006,Pass,0,0.9999566,0.11321453,0,0.99423873
3007,Pass,0,0.9986822,5.883685,0,0.67513645
3008,Pass,0,0.9999683,6.8514805,0,0.6226315
3009,Pass,0,0.9989931,3.6285536,0,0.799597
3010,Pass,0,0.99995387,0.14608046,0,0.9924235
3011,Pass,0,0.9999968,0.12068382,0,0.99386674
3012,Pass,0,0.99695194,0.35583812,0,0.9779108
3013,Pass,0,0.9996996,2.2343132,0,0.8770349
3014,Pass,0,0.99999654,9.68436,0,0.4664098
3015,Pass,0,1.0,0.06426471,0,0.9969816
3016,Pass,0,0.8290754,2.2409878,0,0.72704136
3017,Pass,0,0.99458694,0.4868647,0,0.9684037
3018,Pass,0,0.9262048,2.8830419,0,0.7794195
3019,Pass,0,0.5335143,2.0767598,0,0.4726872
3020,Pass,0,0.6851698,2.137799,0,0.60474557
3021,Pass,0,0.99999547,0.057369478,0,0.99735737
3022,Pass,0,0.9999827,0.05990844,0,0.9972046
3023,Pass,0,0.99542135,0.4826334,0,0.9694484
3024,Pass,0,0.99653757,0.2786742,0,0.98174536
3025,Pass,0,0.99995697,9.539169,0,0.47439858
3026,Pass,0,0.9989201,2.6709688,0,0.8522945
3027,Pass,0,0.9996495,0.14633435,0,0.9921074
3028,Pass,0,0.994779,0.3515239,0,0.97601604
3029,Pass,0,0.9998703,0.17883168,0,0.9905345
3030,Pass,0,0.99343634,0.10986514,0,0.98793924
3031,Pass,0,0.9999777,3.2504182,0,0.82123965
3032,Pass,0,0.99989057,0.31155434,0,0.9832354
3033,Pass,0,0.97229713,2.0350974,0,0.8636776
3034,Pass,0,0.9945966,2.6932094,0,0.84738564
3035,Pass,0,0.56859225,2.061364,0,0.5042486
3036,Pass,0,0.996816,0.25581285,0,0.98327655
3037,Pass,0,0.9886873,0.3941046,0,0.9677174
3038,Pass,0,0.98072654,0.40204138,0,0.9594962
3039,Pass,0,0.877682,3.8200276,0,0.69323075
3040,Pass,0,0.9997335,0.102686614,0,0.99459743
3041,Pass,0,0.99974996,3.7902179,0,0.79128885
3042,Pass,0,0.9815456,0.51282847,0,0.95430017
3043,Pass,0,0.993849,0.7185555,0,0.95498544
3044,Pass,0,0.9999075,5.9290066,0,0.67346543
3045,Pass,0,0.9994153,0.1823168,0,0.9898916
3046,Pass,0,0.9997316,0.104466245,0,0.9944974
3047,Pass,0,0.9988556,0.41789848,0,0.97635925
3048,Pass,0,0.99911326,3.022304,0,0.83309954
3049,Pass,0,0.9984303,3.9353406,0,0.7822531
3050,Pass,0,0.99994886,0.105304465,0,0.9946673
3051,Pass,0,0.9993807,3.1657984,0,0.82541347
3052,Pass,0,0.9999906,0.17570575,0,0.990826
3053,Pass,0,0.9999964,10.184243,0,0.43884012
3054,Pass,0,0.99999785,8.519453,0,0.53065753
3055,Pass,0,0.9961371,4.6123304,0,0.74326307
3056,Pass,0,0.9998654,0.12512621,0,0.9934912
3057,Pass,0,0.99987805,0.03812009,0,0.99830174
3058,Pass,0,0.97681546,1.3804163,0,0.9029612
3059,Pass,0,0.9960368,2.1232476,0,0.8799228
3060,Pass,0,0.9982528,4.198271,0,0.7676382
3061,Pass,0,0.8373519,1.1365277,0,0.7853054
3062,Pass,0,0.9999063,0.3063652,0,0.9835371
3063,Pass,0,0.9432314,1.6224551,0,0.8593252
3064,Pass,0,0.99997056,6.048471,0,0.6669194
3065,Pass,0,0.99952495,0.14156967,0,0.99224645
3066,Pass,0,0.99993277,0.025397483,0,0.999058
3067,Pass,0,0.9999999,0.12447672,0,0.9936606
3068,Pass,0,0.9974287,0.3208246,0,0.9803046
3069,Pass,0,0.94864213,0.519796,0,0.92194545
3070,Pass,0,0.9970022,3.3977504,0,0.8106947
3071,Pass,0,0.9999994,7.876799,0,0.56610215
3072,Pass,0,0.99999726,0.09970889,0,0.995024
3073,Pass,0,0.99999917,0.05602074,0,0.99743545
3074,Pass,0,0.997175,3.054889,0,0.82969135
3075,Pass,0,0.9999844,0.14012071,0,0.9927825
3076,Pass,0,0.9995734,3.6235983,0,0.8003347
3077,Pass,0,0.99981886,0.055241685,0,0.9972986
3078,Pass,0,0.99999034,4.1792936,0,0.7700209
3079,Pass,0,0.99992514,0.12301046,0,0.99366724
3080,Pass,0,0.99969435,4.9560723,0,0.726965
3081,Pass,0,0.9983796,0.34571275,0,0.9798687
3082,Pass,0,0.9998888,2.7301016,0,0.8498601
3083,Pass,0,0.9999857,0.26723233,0,0.9857733
3084,Pass,0,0.9999763,6.831971,0,0.6237124
3085,Pass,0,0.37037635,0.7964113,0,0.35430276
3086,Pass,0,0.99829453,0.5467511,0,0.96871644
3087,Pass,0,0.99982065,0.21918195,0,0.98826027
3088,Pass,0,0.88034576,1.2870076,0,0.81832063
3089,Pass,0,0.99990463,0.13088885,0,0.9932124
3090,Pass,0,0.99957865,3.3147867,0,0.8173634
3091,Pass,0,0.9999958,0.22286738,0,0.98823017
3092,Pass,0,0.9910585,3.7876208,0,0.7845517
3093,Pass,0,0.9985581,3.7907414,0,0.7903167
3094,Pass,0,0.98471177,4.086475,0,0.7632969
3095,Pass,0,0.9998252,3.1568935,0,0.8262716
3096,Pass,0,0.99923813,0.16147804,0,0.9908646
3097,Pass,0,0.9993505,0.13585784,0,0.99238807
3098,Pass,0,0.37840256,1.0645744,0,0.35638416
3099,Pass,0,0.99999416,0.11947103,0,0.99393106
3100,Pass,0,0.99423754,2.635243,0,0.8502583
3101,Pass,0,0.9994419,9.971411,0,0.4503284
3102,Pass,0,0.998946,8.190861,0,0.5482029
3103,Pass,0,0.9996412,0.23736373,0,0.9870805
3104,Pass,0,0.999374,0.30204555,0,0.98325145
3105,Pass,0,0.9999541,0.183337,0,0.990369
3106,Pass,0,0.9884642,3.2461073,0,0.8120191
3107,Pass,0,0.4981119,1.7052896,0,0.45152614
3108,Pass,0,0.9995871,4.259852,0,0.76526934
3109,Pass,0,0.7732668,1.4413452,0,0.71220386
3110,Pass,0,0.9999633,0.029754577,0,0.99884826
3111,Pass,0,0.3180855,1.3087444,0,0.2952933
3112,Pass,0,0.99675566,2.62578,0,0.852932
3113,Pass,0,0.99998164,0.1001899,0,0.994982
3114,Pass,0,0.9999933,0.04523207,0,0.9980246
3115,Pass,0,0.5869936,1.623015,0,0.53475875
3116,Pass,0,0.9655795,1.8358604,0,0.8683206
3117,Pass,0,0.61987597,1.0929627,0,0.5828363
3118,Pass,0,0.99999857,0.06762108,0,0.99679506
3119,Pass,0,0.9999974,0.16126388,0,0.99162924
3120,Pass,0,0.99377406,0.2896557,0,0.97842103
3121,Pass,0,0.99999964,0.12116527,0,0.993843
3122,Pass,0,0.99999976,0.062138595,0,0.9970986
3123,Pass,0,0.93370163,2.5391483,0,0.80343735
3124,Pass,0,0.9999982,8.42686,0,0.53576446
3125,Pass,0,0.9999342,0.17121488,0,0.9910178
3126,Pass,0,0.9385392,1.7308909,0,0.8494375
3127,Pass,0,0.63233405,1.147216,0,0.59265786
3128,Pass,0,0.9993383,2.3226285,0,0.87185043
3129,Pass,0,0.9996407,0.02757329,0,0.99864626
3130,Pass,0,0.9990349,0.27764815,0,0.9842621
3131,Pass,0,0.99999964,0.088934205,0,0.99562067
3132,Pass,0,0.99998534,0.14861158,0,0.9923151
3133,Pass,0,0.9995931,7.129563,0,0.60706717
3134,Pass,0,0.9983005,4.11171,0,0.7724408
3135,Pass,0,1.0,0.048170835,0,0.9978692
3136,Pass,0,0.93725765,2.500822,0,0.80847836
3137,Pass,0,0.99995935,6.589255,0,0.6370876
3138,Pass,0,0.9983708,0.45070747,0,0.97407883
3139,Pass,0,0.48002777,1.8081113,0,0.43241116
3140,Pass,0,0.99999917,0.062198326,0,0.99709475
3141,Pass,0,0.9997471,5.9563093,0,0.67185193
3142,Pass,0,0.60668486,2.2899501,0,0.5303821
3143,Pass,0,0.99911326,4.904691,0,0.72937363
3144,Pass,0,0.6318514,1.2893705,0,0.58725166
3145,Pass,0,0.9989201,4.2324033,0,0.7662709
3146,Pass,0,0.8760843,1.3339771,0,0.8120899
3147,Pass,0,0.9989052,0.07686901,0,0.9951957
3148,Pass,0,0.9999987,5.5866323,0,0.6924096
3149,Pass,0,0.4489519,1.6114079,0,0.4092884
3150,Pass,0,0.99998915,6.890916,0,0.6204695
3151,Pass,0,0.99955577,0.096281275,0,0.99477375
3152,Pass,0,0.9999629,0.16036317,0,0.99164474
3153,Pass,0,0.99463177,1.7058465,0,0.9015786
3154,Pass,0,0.7819131,1.0291796,0,0.7379417
3155,Pass,0,0.9978371,0.07330704,0,0.99432766
3156,Pass,0,0.9999448,0.21847865,0,0.9884218
3157,Pass,0,0.9989159,6.661067,0,0.6324665
3158,Pass,0,0.9999089,1.9556009,0,0.8925888
3159,Pass,0,0.9999629,4.149522,0,0.77164173
3160,Pass,0,0.99999964,0.07115944,0,0.996601
3161,Pass,0,0.9942168,0.5285471,0,0.96575767
3162,Pass,0,0.9986571,2.8083634,0,0.8445027
3163,Pass,0,0.999943,4.9083357,0,0.7297784
3164,Pass,0,0.999752,0.15201783,0,0.99189574
3165,Pass,0,0.99994445,0.15440483,0,0.99195504
3166,Pass,0,0.99749607,0.2045914,0,0.98676527
3167,Pass,0,0.9997241,7.005202,0,0.6140036
3168,Pass,0,0.99978656,3.6000206,0,0.8018054
3169,Pass,0,0.6853945,1.3830906,0,0.6334727
3170,Pass,0,0.9999989,0.10705477,0,0.99462056
3171,Pass,0,0.99993944,0.11232513,0,0.99427074
3172,Pass,0,0.9970982,0.4217889,0,0.9744275
3173,Pass,0,0.9984434,5.8556933,0,0.6765164
3174,Pass,0,0.89432317,2.6000233,0,0.76655006
3175,Pass,0,0.9997633,0.07912142,0,0.99592644
3176,Pass,0,0.5345721,1.0529859,0,0.5038082
3177,Pass,0,0.99999535,0.061382294,0,0.99713594
3178,Pass,0,0.9999212,0.17567876,0,0.9907588
3179,Pass,0,0.33585724,1.2334152,0,0.31318697
3180,Pass,0,0.9891059,0.26662973,0,0.9750811
3181,Pass,0,0.37227315,1.4718969,0,0.34224838
3182,Pass,0,0.99995184,0.19458394,0,0.9897465
3183,Pass,0,0.6845723,2.9592383,0,0.57320416
3184,Pass,0,0.999443,3.7182534,0,0.7950127
3185,Pass,0,0.9997427,0.1680346,0,0.9910034
3186,Pass,0,0.9999635,0.42152023,0,0.97724247
3187,Pass,0,0.99359304,3.0869799,0,0.8249524
3188,Pass,0,0.99898666,0.23038316,0,0.9868188
3189,Pass,0,0.99943143,7.8947463,0,0.5647914
3190,Pass,0,0.99993134,0.1384624,0,0.9928212
3191,Pass,0,0.9999509,0.12868169,0,0.99338
3192,Pass,0,0.9999807,7.7810507,0,0.5713722
3193,Pass,0,0.999713,4.163151,0,0.7706974
3194,Pass,0,0.9998055,0.4026997,0,0.9781259
3195,Pass,0,0.70507514,2.0039616,0,0.62751895
3196,Pass,0,0.9999286,3.5003495,0,0.807416
3197,Pass,0,0.55904436,0.9449388,0,0.53020346
3198,Pass,0,0.9983948,0.05606921,0,0.9958325
3199,Pass,0,0.9999565,6.6909704,0,0.6314762
3200,Pass,0,0.98834103,0.3240085,0,0.9711994
3201,Pass,0,0.9998722,4.6925025,0,0.741629
3202,Pass,0,0.9136701,6.409958,0,0.5911465
3203,Pass,0,0.999941,4.2234287,0,0.7675489
3204,Pass,0,0.9999701,0.30440673,0,0.9837078
3205,Pass,0,0.9940567,0.36560634,0,0.97453535
3206,Pass,0,0.9576487,2.5719752,0,0.82230955
3207,Pass,0,0.9998766,0.09922894,0,0.99493045
3208,Pass,0,0.999747,5.542548,0,0.6946659
3209,Pass,0,0.99999833,0.06035086,0,0.9971958
3210,Pass,0,0.99998343,0.20203951,0,0.9893666
3211,Pass,0,0.9987404,0.09162178,0,0.9942189
3212,Pass,0,0.9999759,0.22723159,0,0.9879698
3213,Pass,0,0.9999378,0.13507642,0,0.99301434
3214,Pass,0,0.9995654,0.0933993,0,0.9949422
3215,Pass,0,0.9995751,2.4499009,0,0.8650406
3216,Pass,0,0.99997556,0.15703677,0,0.9918407
3217,Pass,0,0.58228177,3.2227879,0,0.47909084
3218,Pass,0,0.9999174,0.23597254,0,0.9874299
3219,Pass,0,0.99706656,0.43730685,0,0.9735432
3220,Pass,0,0.88452524,1.1879972,0,0.82703567
3221,Pass,0,0.99989676,3.2964528,0,0.8186345
3222,Pass,0,0.9355683,3.808612,0,0.73954076
3223,Pass,0,0.37341586,1.4446462,0,0.34386015
3224,Pass,0,1.0,0.05931816,0,0.99725443
3225,Pass,0,0.44405535,2.4790936,0,0.38357425
3226,Pass,0,0.9997739,0.15484115,0,0.9917618
3227,Pass,0,0.9933971,4.7377534,0,0.734347
3228,Pass,0,0.9999999,0.078519195,0,0.9961953
3229,Pass,0,0.9999925,0.1563056,0,0.9918979
3230,Pass,0,0.985524,0.39193565,0,0.9647391
3231,Pass,0,0.82074887,1.7743366,0,0.7408631
3232,Pass,0,0.999943,2.7981648,0,0.84615254
3233,Pass,0,0.96458745,4.2167635,0,0.74076635
3234,Pass,0,0.99835336,0.31536868,0,0.9815138
3235,Pass,0,0.9999602,0.117080666,0,0.9940291
3236,Pass,0,0.999696,0.15727319,0,0.9915505
3237,Pass,0,0.87307686,0.46560252,0,0.85111624
3238,Pass,0,0.9999999,0.15729177,0,0.9918508
3239,Pass,0,0.52242976,0.40588608,0,0.5110097
3240,Pass,0,0.9939367,2.2984588,0,0.86846286
3241,Pass,0,0.9999919,0.22626606,0,0.98803884
3242,Pass,0,0.9999728,0.103437364,0,0.9947941
3243,Pass,0,0.9989374,2.2945936,0,0.8730452
3244,Pass,0,0.9999504,0.24911402,0,0.9867378
3245,Pass,0,0.9999944,0.116848364,0,0.99407595
3246,Pass,0,0.99984944,3.9367952,0,0.7832847
3247,Pass,0,0.938339,2.8900876,0,0.78926605
3248,Pass,0,0.99996614,5.4804955,0,0.69824046
3249,Pass,0,0.5020924,2.6358073,0,0.42936692
3250,Pass,0,0.9802428,0.68974847,0,0.9434687
3251,Pass,0,0.9998099,3.4497004,0,0.8101131
3252,Pass,0,0.99999034,0.06292656,0,0.99704576
3253,Pass,0,0.9999628,0.106087536,0,0.99463797
3254,Pass,0,0.9999987,0.18389766,0,0.99038225
3255,Pass,0,0.99952507,3.0077398,0,0.83424586
3256,Pass,0,0.9998211,0.122920446,0,0.99356884
3257,Pass,0,0.9998603,3.7384024,0,0.79423356
3258,Pass,0,0.4452188,1.9079492,0,0.3986036
3259,Pass,0,0.99997795,2.998983,0,0.8351068
3260,Pass,0,0.99990344,3.948005,0,0.7827089
3261,Pass,0,0.9998117,0.20737845,0,0.9889023
3262,Pass,0,0.82700586,2.459768,0,0.7152477
3263,Pass,0,0.99999034,0.065986276,0,0.9968771
3264,Pass,0,0.9997112,0.12427092,0,0.9933852
3265,Pass,0,0.6509173,1.2343936,0,0.6069454
3266,Pass,0,0.99999964,0.066937976,0,0.9968338
3267,Pass,0,0.9986474,4.102691,0,0.77320594
3268,Pass,0,0.338595,1.5371978,0,0.310067
3269,Pass,0,0.9953903,3.1550653,0,0.8227069
3270,Pass,0,0.98826677,2.8013039,0,0.836101
3271,Pass,0,0.99860495,3.9147468,0,0.78352416
3272,Pass,0,0.9999877,0.23839743,0,0.98736566
3273,Pass,0,0.9989517,0.61551213,0,0.96556574
3274,Pass,0,0.99958724,0.36388767,0,0.980052
3275,Pass,0,0.9999987,0.12627652,0,0.9935602
3276,Pass,0,0.7376991,1.5775164,0,0.6739046
3277,Pass,0,0.9998073,4.674004,0,0.74260086
3278,Pass,0,0.37339506,2.2940326,0,0.32634908
3279,Pass,0,0.99993885,0.20523752,0,0.9891461
3280,Pass,0,0.99999964,0.08827979,0,0.9956567
3281,Pass,0,0.84848773,0.5050806,0,0.82529825
3282,Pass,0,0.94847274,1.692325,0,0.8604453
3283,Pass,0,0.9996861,4.3434873,0,0.7607339
3284,Pass,0,0.9995517,7.466317,0,0.5884776
3285,Pass,0,0.9992536,0.4795985,0,0.9733479
3286,Pass,0,0.9999969,0.057771027,0,0.9973366
3287,Pass,0,0.55793697,1.112177,0,0.524007
3288,Pass,0,0.999998,0.10313453,0,0.9948358
3289,Pass,0,0.9809745,0.3493423,0,0.96259
3290,Pass,0,0.99998784,0.1505401,0,0.9922113
3291,Pass,0,0.96792823,8.262819,0,0.52733946
3292,Pass,0,0.9997029,0.21958996,0,0.9881214
3293,Pass,0,0.98154014,4.7192764,0,0.7265823
3294,Pass,0,0.8163944,1.5783385,0,0.74575746
3295,Pass,0,0.4112561,1.5206404,0,0.37698168
3296,Pass,0,0.9999993,0.045006774,0,0.998043
3297,Pass,0,1.0,0.04984678,0,0.99777675
3298,Pass,0,0.999998,0.08656016,0,0.99574995
3299,Pass,0,0.6056829,1.4441822,0,0.55775887
3300,Pass,0,0.9961132,2.6997082,0,0.8483207
3301,Pass,0,0.99943537,4.4391875,0,0.7552679
3302,Pass,0,0.9996884,0.10581967,0,0.9943798
3303,Pass,0,0.9999436,2.6239748,0,0.85575944
3304,Pass,0,0.99995756,0.16260414,0,0.9915159
3305,Pass,0,0.9008203,0.9698574,0,0.85310936
3306,Pass,0,0.9998816,0.06809673,0,0.99665225
3307,Pass,0,0.9999517,0.050974153,0,0.9976664
3308,Pass,0,0.99934715,0.23317449,0,0.987021
3309,Pass,0,0.90999717,1.168549,0,0.85182816
3310,Pass,0,0.9995086,3.6668062,0,0.797901
3311,Pass,0,0.9993567,2.3063684,0,0.8727626
3312,Pass,0,0.9999124,0.021116717,0,0.9992737
3313,Pass,0,0.9998833,3.9909613,0,0.7803242
3314,Pass,0,0.720599,2.3044384,0,0.62939346
3315,Pass,0,0.9992648,0.22242734,0,0.98753196
3316,Pass,0,0.9997656,0.07337667,0,0.99624544
3317,Pass,0,0.9999987,0.25500712,0,0.9864604
3318,Pass,0,0.9999999,0.058950752,0,0.9972746
3319,Pass,0,0.9999995,0.12613498,0,0.99356884
3320,Pass,0,0.99982786,5.5687156,0,0.6932792
3321,Pass,0,0.9999734,0.118003696,0,0.9939914
3322,Pass,0,0.99975616,3.7131355,0,0.795544
3323,Pass,0,0.99992776,0.041295785,0,0.9981763
3324,Pass,0,0.9987827,1.7141382,0,0.90488446
3325,Pass,0,0.7359882,0.86929333,0,0.70108944
3326,Pass,0,0.99999845,0.09041663,0,0.9955377
3327,Pass,0,0.99987614,4.543632,0,0.74984145
3328,Pass,0,0.9999993,0.05489779,0,0.9974975
3329,Pass,0,0.99992156,6.0287733,0,0.667973
3330,Pass,0,0.7858704,0.9658019,0,0.7444234
3331,Pass,0,0.9999753,0.030032204,0,0.9988449
3332,Pass,0,0.9999951,0.13688949,0,0.99297136
3333,Pass,0,0.9598542,1.5752959,0,0.87696576
3334,Pass,0,0.9999112,0.1985339,0,0.9894885
3335,Pass,0,0.9999788,0.13176031,0,0.993238
3336,Pass,0,0.99992704,4.2657137,0,0.7652063
3337,Pass,0,0.9999635,0.12051213,0,0.9938432
3338,Pass,0,0.9999728,0.24946263,0,0.9867407
3339,Pass,0,0.7433339,0.9233595,0,0.7058703
3340,Pass,0,0.99650973,2.3177357,0,0.86965156
3341,Pass,0,0.99996364,0.08238373,0,0.99594605
3342,Pass,0,0.8498853,3.2433276,0,0.6983074
3343,Pass,0,0.99995434,3.4691203,0,0.8091591
3344,Pass,0,0.9999094,3.7096176,0,0.79585993
3345,Pass,0,0.3368505,1.5803486,0,0.30766782
3346,Pass,0,0.41040868,0.8856537,0,0.3905778
3347,Pass,0,0.9986992,3.596725,0,0.8011149
3348,Pass,0,0.9999304,5.4142365,0,0.7018696
3349,Pass,0,0.999936,0.12475562,0,0.9935818
3350,Pass,0,0.99953663,5.43821,0,0.70027167
3351,Pass,0,0.9999367,0.09406999,0,0.9952748
3352,Pass,0,0.9845244,5.0998406,0,0.70812714
3353,Pass,0,0.98939985,2.8842304,0,0.8325345
3354,Pass,0,0.9994259,0.30822274,0,0.98296213
3355,Pass,0,0.9999622,0.19754638,0,0.98959345
3356,Pass,0,0.9281259,2.3717308,0,0.80720925
3357,Pass,0,0.999982,0.029625393,0,0.998874
3358,Pass,0,0.9998877,8.269155,0,0.544402
3359,Pass,0,0.98938215,1.4280593,0,0.91197807
3360,Pass,0,0.9452256,2.5359452,0,0.8135205
3361,Pass,0,0.9964438,4.8347983,0,0.73126596
3362,Pass,0,0.7392823,5.324137,0,0.5225895
3363,Pass,0,0.9999795,0.08071561,0,0.9960539
3364,Pass,0,0.99998784,9.676297,0,0.4668504
3365,Pass,0,0.9999815,0.03028963,0,0.99883693
3366,Pass,0,0.99997556,4.4560547,0,0.75474596
3367,Pass,0,0.5288784,0.99236906,0,0.5002103
3368,Pass,0,0.9999957,0.059903476,0,0.99721783
3369,Pass,0,0.99531245,2.2948685,0,0.86986196
3370,Pass,0,0.9324256,1.1688392,0,0.872808
3371,Pass,0,0.99966216,0.1419211,0,0.9923633
3372,Pass,0,0.99862826,5.787016,0,0.68042415
3373,Pass,0,0.9203831,1.9692459,0,0.8209058
3374,Pass,0,0.99990857,0.055259667,0,0.99738705
3375,Pass,0,0.840379,1.7498512,0,0.75971746
3376,Pass,0,0.99996495,0.17564373,0,0.990804
3377,Pass,0,0.9998369,7.440874,0,0.5900485
3378,Pass,0,0.99996567,0.10223821,0,0.99485314
3379,Pass,0,0.99999595,0.096975096,0,0.9951735
3380,Pass,0,0.99980336,3.718701,0,0.79527473
3381,Pass,0,0.9999635,0.29210356,0,0.9843799
3382,Pass,0,0.67589945,1.8941301,0,0.60564667
3383,Pass,0,0.9997826,0.2580317,0,0.9860805
3384,Pass,0,0.99976224,4.936954,0,0.72806853
3385,Pass,0,0.99939406,0.23929368,0,0.9867301
3386,Pass,0,0.5111181,0.3026688,0,0.5028549
3387,Pass,0,0.9982121,0.28460562,0,0.9830685
3388,Pass,0,0.9998882,0.17672507,0,0.99066836
3389,Pass,0,0.99998724,0.16107187,0,0.99162984
3390,Pass,0,0.99985147,0.16012429,0,0.9915474
3391,Pass,0,0.9999999,0.04073406,0,0.9982792
3392,Pass,0,0.9999999,0.08100089,0,0.99605846
3393,Pass,0,0.51774794,1.4553461,0,0.47646287
3394,Pass,0,0.9999846,4.178791,0,0.77004427
3395,Pass,0,0.99966156,1.6241403,0,0.9106426
3396,Pass,0,0.9998022,4.587472,0,0.7473685
3397,Pass,0,0.999863,0.1473145,0,0.9922652
3398,Pass,0,0.9999995,0.17688861,0,0.9907696
3399,Pass,0,0.9857582,0.7543807,0,0.9452634
3400,Pass,0,0.999708,6.290394,0,0.65340555
3401,Pass,0,0.99999094,0.19927768,0,0.9895264
3402,Pass,0,0.9999087,0.4603204,0,0.9750492
3403,Pass,0,0.63703644,1.5670377,0,0.58231515
3404,Pass,0,0.99999046,0.13089082,0,0.9932975
3405,Pass,0,0.9922327,0.25709745,0,0.97868514
3406,Pass,0,0.9994029,0.12391275,0,0.9930985
3407,Pass,0,0.9954804,3.76285,0,0.78941214
3408,Pass,0,0.9999988,0.0822974,0,0.99598587
3409,Pass,0,0.99992704,1.7557352,0,0.9036272
3410,Pass,0,0.99998844,5.5971093,0,0.6918246
3411,Pass,0,0.99996126,0.14637485,0,0.9924146
3412,Pass,0,0.9952041,0.43992913,0,0.9715808
3413,Pass,0,0.9999999,0.040973853,0,0.99826604
3414,Pass,0,0.99953544,0.38946092,0,0.97859144
3415,Pass,0,0.86866045,1.2006452,0,0.8115961
3416,Pass,0,0.781041,0.57883865,0,0.75651765
3417,Pass,0,0.99974436,0.21777946,0,0.9882622
3418,Pass,0,0.9999733,0.13331023,0,0.9931471
3419,Pass,0,0.8809601,2.5582983,0,0.75712353
3420,Pass,0,0.99815327,3.1251154,0,0.8266393
3421,Pass,0,0.99992526,3.9177356,0,0.7843952
3422,Pass,0,0.99999976,0.056072924,0,0.9974331
3423,Pass,0,0.9994917,2.8448334,0,0.84319806
3424,Pass,0,0.99962497,4.7707086,0,0.7371339
3425,Pass,0,0.9986975,4.5833917,0,0.7467675
3426,Pass,0,0.99993336,0.07115945,0,0.99653494
3427,Pass,0,0.99999714,0.13286328,0,0.99319535
3428,Pass,0,0.9993831,6.0045495,0,0.6689484
3429,Pass,0,0.9999938,0.11492147,0,0.99418163
3430,Pass,0,0.99880886,4.399585,0,0.75697607
3431,Pass,0,0.9982729,0.26582816,0,0.9841623
3432,Pass,0,0.75542086,2.2583601,0,0.66172767
3433,Pass,0,0.99945813,2.5202334,0,0.8610625
3434,Pass,0,0.99999976,0.0633097,0,0.997034
3435,Pass,0,0.9995807,0.21882224,0,0.9880429
3436,Pass,0,0.99984443,0.26805434,0,0.9855888
3437,Pass,0,0.99999917,0.12880358,0,0.9934213
3438,Pass,0,0.9999144,0.036212914,0,0.99844325
3439,Pass,0,0.99682045,2.310626,0,0.87031364
3440,Pass,0,0.9999635,0.09808766,0,0.9950799
3441,Pass,0,0.8491822,1.2802105,0,0.789671
3442,Pass,0,1.0,0.072115846,0,0.9965486
3443,Pass,0,0.99895006,4.437523,0,0.7549929
3444,Pass,0,0.9623634,1.6950638,0,0.87290144
3445,Pass,0,0.5638207,2.1166377,0,0.4982983
3446,Pass,0,0.9779398,3.1662848,0,0.80767864
3447,Pass,0,0.9998479,0.33858046,0,0.9817031
3448,Pass,0,0.9983094,3.4973292,0,0.80627483
3449,Pass,0,0.99990916,0.18197048,0,0.99039984
3450,Pass,0,0.5157275,2.0271478,0,0.45833948
3451,Pass,0,0.9430237,2.4544976,0,0.81586146
3452,Pass,0,0.31793076,1.6224054,0,0.28964972
3453,Pass,0,0.99987435,0.33916292,0,0.98169696
3454,Pass,0,0.542104,4.358006,0,0.4120923
3455,Pass,0,0.99994826,5.232261,0,0.711918
3456,Pass,0,0.4739948,2.0412138,0,0.42088288
3457,Pass,0,0.92907745,1.5993135,0,0.8476161
3458,Pass,0,0.32651526,2.076218,0,0.28929833
3459,Pass,0,0.99877566,4.7505546,0,0.73761785
3460,Pass,0,0.999954,0.1307592,0,0.99326855
3461,Pass,0,0.99929893,0.1258238,0,0.9928899
3462,Pass,0,0.6139827,1.243821,0,0.57218665
3463,Pass,0,0.9281383,1.4791312,0,0.8529113
3464,Pass,0,0.99956185,3.828741,0,0.78901625
3465,Pass,0,0.99982846,3.7774982,0,0.7920524
3466,Pass,0,0.7394823,2.265714,0,0.64746606
3467,Pass,0,0.9999988,0.07105836,0,0.9966057
3468,Pass,0,0.9999943,0.1453531,0,0.9925037
3469,Pass,0,0.99996257,0.26282567,0,0.9859936
3470,Pass,0,0.9999969,0.11396302,0,0.99423754
3471,Pass,0,0.9999356,0.24075373,0,0.9871843
3472,Pass,0,0.9860096,1.5442458,0,0.902551
3473,Pass,0,0.99712735,2.86927,0,0.83985955
3474,Pass,0,0.997079,0.14914937,0,0.9894015
3475,Pass,0,0.9986866,2.5303113,0,0.85984266
3476,Pass,0,0.9998934,3.4930532,0,0.80779004
3477,Pass,0,0.9997886,0.21767062,0,0.98831195
3478,Pass,0,0.9871377,1.8390106,0,0.8875358
3479,Pass,0,0.99303377,3.1199987,0,0.82267976
3480,Pass,0,0.99598855,4.2986426,0,0.7603834
3481,Pass,0,0.9997466,0.03467464,0,0.9983605
3482,Pass,0,0.99945813,7.0011306,0,0.61406475
3483,Pass,0,0.9904757,2.3283758,0,0.8638045
3484,Pass,0,0.99827564,0.28741848,0,0.9829762
3485,Pass,0,0.91272646,0.67175955,0,0.87939084
3486,Pass,0,0.9999974,0.06951015,0,0.9966897
3487,Pass,0,0.695082,0.9409916,0,0.65937436
3488,Pass,0,0.9999993,0.0725334,0,0.9965249
3489,Pass,0,0.85794336,1.3565378,0,0.79420656
3490,Pass,0,0.99999356,0.21926366,0,0.9884267
3491,Pass,0,0.99819857,0.30623782,0,0.9818643
3492,Pass,0,0.9998982,0.15574636,0,0.9918352
3493,Pass,0,0.9999292,0.1267337,0,0.99346596
3494,Pass,0,0.7396174,0.5941664,0,0.7157694
3495,Pass,0,0.99698764,0.2109286,0,0.9859138
3496,Pass,0,0.9998343,0.08263832,0,0.9958032
3497,Pass,0,0.58574295,0.62975436,0,0.5657068
3498,Pass,0,0.9948291,1.8001062,0,0.8965857
3499,Pass,0,0.9999088,3.3820763,0,0.8139225
3500,Pass,0,0.9999875,2.960243,0,0.8372513
3501,Pass,0,0.9999995,0.035775535,0,0.9985524
3502,Pass,0,0.9999094,0.044262398,0,0.99799436
3503,Pass,0,0.99997175,0.15599917,0,0.9918942
3504,Pass,0,0.9997311,2.6743326,0,0.852801
3505,Pass,0,0.9997371,2.5112746,0,0.8617968
3506,Pass,0,0.9999529,11.4126835,0,0.37107295
3507,Pass,0,0.39410013,1.9413501,0,0.35211113
3508,Pass,0,0.99983096,3.7205832,0,0.79519284
3509,Pass,0,0.58975244,3.1335266,0,0.4881409
3510,Pass,0,0.99913484,0.37909514,0,0.97877043
3511,Pass,0,0.9908851,2.051297,0,0.8793037
3512,Pass,0,0.9650211,2.3175097,0,0.84218353
3513,Pass,0,0.99937266,0.40205628,0,0.97773784
3514,Pass,0,0.999997,0.08754941,0,0.9956944
3515,Pass,0,0.9999999,0.064941615,0,0.9969441
3516,Pass,0,0.44182333,1.2101257,0,0.41256788
3517,Pass,0,0.9997136,0.08698297,0,0.99544346
3518,Pass,0,0.9997454,3.963527,0,0.78172934
3519,Pass,0,0.9999771,0.12734286,0,0.9934799
3520,Pass,0,0.99960476,0.26716667,0,0.98540145
3521,Pass,0,0.9971245,4.933544,0,0.7263351
3522,Pass,0,0.99947065,2.5933053,0,0.85704535
3523,Pass,0,0.9987398,6.1145988,0,0.662456
3524,Pass,0,0.9801312,2.95795,0,0.82075036
3525,Pass,0,0.9998865,0.07713655,0,0.9961586
3526,Pass,0,0.999982,0.11693998,0,0.99405855
3527,Pass,0,0.99987805,4.081433,0,0.775331
3528,Pass,0,0.9999685,0.2812918,0,0.98498106
3529,Pass,0,0.6947805,0.73031795,0,0.66716105
3530,Pass,0,0.9901106,4.118836,0,0.76571465
3531,Pass,0,0.99990475,0.19446209,0,0.98970664
3532,Pass,0,0.7973468,1.1193808,0,0.7485408
3533,Pass,0,0.98528975,1.4266115,0,0.9082845
3534,Pass,0,0.9584795,1.4219589,0,0.8838156
3535,Pass,0,0.9999994,0.15810286,0,0.9918056
3536,Pass,0,0.9999473,0.05489487,0,0.99744576
3537,Pass,0,0.99999857,0.21199863,0,0.9888323
3538,Pass,0,0.9989133,4.7908635,0,0.7354988
3539,Pass,0,0.99909306,9.228625,0,0.4911004
3540,Pass,0,0.9982687,2.92669,0,0.83765954
3541,Pass,0,0.9995363,0.17561604,0,0.9903808
3542,Pass,0,0.975248,0.39048356,0,0.9547579
3543,Pass,0,0.9706609,0.4922785,0,0.9448177
3544,Pass,0,0.9960871,5.575549,0,0.69030994
3545,Pass,0,0.9981975,2.8202252,0,0.843461
3546,Pass,0,0.99999976,0.0767286,0,0.99629396
3547,Pass,0,0.9992112,0.03946842,0,0.9975617
3548,Pass,0,0.99976987,0.24284092,0,0.9869056
3549,Pass,0,0.99993837,2.7139747,0,0.8507916
3550,Pass,0,0.99933344,0.5163486,0,0.97140026
3551,Pass,0,0.9998338,7.2069,0,0.6029488
3552,Pass,0,0.9976102,0.23024444,0,0.9854667
3553,Pass,0,0.9967644,0.5504184,0,0.96703005
3554,Pass,0,0.9999964,0.17833439,0,0.9906869
3555,Pass,0,0.9999889,0.14320034,0,0.9926171
3556,Pass,0,0.99999833,0.05262182,0,0.9976221
3557,Pass,0,0.99999964,0.13224563,0,0.99323195
3558,Pass,0,0.99999213,0.08820713,0,0.99565333
3559,Pass,0,0.99935454,0.21632643,0,0.987957
3560,Pass,0,0.7194471,2.0488532,0,0.6385287
3561,Pass,0,0.9998344,3.4519205,0,0.8100105
3562,Pass,0,0.9999634,3.331195,0,0.816773
3563,Pass,0,0.43315464,0.7674895,0,0.41504753
3564,Pass,0,0.99999416,4.3624735,0,0.7599212
3565,Pass,0,0.994249,0.24459687,0,0.9813594
3566,Pass,0,0.99984276,0.12060887,0,0.9937178
3567,Pass,0,0.93800974,0.42831337,0,0.916345
3568,Pass,0,0.9999393,0.16571,0,0.9913265
3569,Pass,0,0.99985075,0.2029115,0,0.98918724
3570,Pass,0,0.35407448,0.778171,0,0.33906457
3571,Pass,0,0.999987,7.1766872,0,0.6047074
3572,Pass,0,0.9993648,0.11835325,0,0.9933671
3573,Pass,0,0.97741085,0.9183756,0,0.9284185
3574,Pass,0,0.99608046,0.4660512,0,0.9710013
3575,Pass,0,0.998835,0.16815688,0,0.9900969
3576,Pass,0,0.99999785,6.2138095,0,0.6578188
3577,Pass,0,0.99999046,0.22713187,0,0.98798966
3578,Pass,0,0.9999969,0.10050734,0,0.9949796
3579,Pass,0,0.77139497,1.2379299,0,0.7191339
3580,Pass,0,0.99993193,7.722598,0,0.5745679
3581,Pass,0,0.9980691,0.27143785,0,0.98365253
3582,Pass,0,0.6740934,1.8304487,0,0.6063959
3583,Pass,0,0.838015,0.95872706,0,0.79414487
3584,Pass,0,0.9997391,2.3415272,0,0.871158
3585,Pass,0,0.99993837,0.06397676,0,0.996936
3586,Pass,0,0.99952924,7.7954683,0,0.5703195
3587,Pass,0,0.9999639,5.7800336,0,0.6817193
3588,Pass,0,0.61824435,2.2994616,0,0.5401634
3589,Pass,0,0.99997246,0.31404358,0,0.9831787
3590,Pass,0,0.99977475,0.058451872,0,0.9970775
3591,Pass,0,0.9973539,3.4190724,0,0.8098078
3592,Pass,0,0.9969363,1.7611998,0,0.9006241
3593,Pass,0,0.9999956,0.15746213,0,0.9918372
3594,Pass,0,0.9989531,0.26752308,0,0.9847394
3595,Pass,0,0.37426233,1.2651021,0,0.34834567
3596,Pass,0,0.9999771,7.073544,0,0.61038995
3597,Pass,0,0.83221793,2.0797472,0,0.7371979
3598,Pass,0,0.9999924,0.16416807,0,0.99146414
3599,Pass,0,0.77787596,2.2470944,0,0.681881
3600,Pass,0,0.99854624,5.4932065,0,0.69654894
3601,Pass,0,0.99871767,0.20484442,0,0.9879598
3602,Pass,0,0.71960384,1.9459966,0,0.64275
3603,Pass,0,0.9999994,0.10441697,0,0.99476653
3604,Pass,0,0.33375716,1.1324276,0,0.31308758
3605,Pass,0,0.98610175,2.8027897,0,0.8341885
3606,Pass,0,0.9999653,2.440395,0,0.86590254
3607,Pass,0,0.99809164,0.047167107,0,0.99602014
3608,Pass,0,0.92920613,1.7247031,0,0.8413075
3609,Pass,0,0.9999982,0.09446623,0,0.9953141
3610,Pass,0,0.9999999,0.032740433,0,0.9987201
3611,Pass,0,0.92730993,1.7017608,0,0.84076405
3612,Pass,0,0.9999939,0.2284309,0,0.9879214
3613,Pass,0,0.9983531,3.0026066,0,0.83355033
3614,Pass,0,0.98083204,2.332672,0,0.85516167
3615,Pass,0,0.99817705,3.5111754,0,0.8054057
3616,Pass,0,0.94126076,1.6389029,0,0.856676
3617,Pass,0,0.9975431,0.1859329,0,0.9878383
3618,Pass,0,0.7512014,0.565533,0,0.72816616
3619,Pass,0,0.9998555,0.44826955,0,0.9756619
3620,Pass,0,0.9998068,0.17700909,0,0.9905721
3621,Pass,0,0.99759465,2.4092298,0,0.8655644
3622,Pass,0,0.9998356,0.18770336,0,0.9900109
3623,Pass,0,0.9998771,0.15894195,0,0.99163806
3624,Pass,0,0.99999785,0.116377786,0,0.9941053
3625,Pass,0,0.9999521,4.6244946,0,0.7454388
3626,Pass,0,0.9999999,0.04171924,0,0.9982249
3627,Pass,0,0.9999944,0.09588007,0,0.99523234
3628,Pass,0,0.9999229,0.17115054,0,0.9910102
3629,Pass,0,0.99999905,0.061040338,0,0.99715847
3630,Pass,0,0.99999917,0.06754648,0,0.99679977
3631,Pass,0,0.9965759,0.48538134,0,0.97042185
3632,Pass,0,0.9999999,0.08980541,0,0.99557287
3633,Pass,0,0.3448932,1.2413185,0,0.32146266
3634,Pass,0,0.617362,2.5584505,0,0.5305742
3635,Pass,0,0.8605019,3.9095027,0,0.67541474
3636,Pass,0,0.9999999,0.06888823,0,0.99672645
3637,Pass,0,0.99457425,3.406027,0,0.8082664
3638,Pass,0,0.99996316,0.015842559,0,0.9996154
3639,Pass,0,0.652332,0.9484313,0,0.6185528
3640,Pass,0,1.0,0.076703526,0,0.9962956
3641,Pass,0,0.9999651,9.199621,0,0.4931286
3642,Pass,0,0.60786664,6.008642,0,0.40674523
3643,Pass,0,0.99999225,0.08326769,0,0.99592584
3644,Pass,0,0.9999988,0.094279826,0,0.995325
3645,Pass,0,0.99989474,0.22368756,0,0.98808503
3646,Pass,0,0.99997675,0.073794544,0,0.99643284
3647,Pass,0,0.9991033,3.9153595,0,0.7838814
3648,Pass,0,0.9738347,1.0772468,0,0.9164888
3649,Pass,0,0.99992764,8.132702,0,0.5519489
3650,Pass,0,0.9998441,7.841713,0,0.56794906
3651,Pass,0,0.9999982,0.08447189,0,0.99586535
3652,Pass,0,0.99997735,2.872407,0,0.84208703
3653,Pass,0,0.999992,4.703479,0,0.7411125
3654,Pass,0,0.9991536,0.19383478,0,0.9889977
3655,Pass,0,0.9863645,0.352789,0,0.9676915
3656,Pass,0,0.99994016,2.2714179,0,0.8751997
3657,Pass,0,0.99970776,2.9341576,0,0.8384553
3658,Pass,0,0.9987521,0.18560858,0,0.9890534
3659,Pass,0,0.98606515,1.4580158,0,0.9072914
3660,Pass,0,0.9999753,3.301248,0,0.81843436
3661,Pass,0,0.99795914,0.18355793,0,0.988381
3662,Pass,0,0.99981993,6.7032013,0,0.6307155
3663,Pass,0,0.32718688,2.4214554,0,0.28366354
3664,Pass,0,0.9899361,1.2146516,0,0.92414016
3665,Pass,0,0.9999999,0.061991464,0,0.99710685
3666,Pass,0,0.9999776,0.16063131,0,0.9916445
3667,Pass,0,0.9999713,3.3682702,0,0.81473476
3668,Pass,0,0.9995078,0.19042957,0,0.989536
3669,Pass,0,0.9992418,2.3492448,0,0.8702994
3670,Pass,0,0.9997975,0.14815962,0,0.99215364
3671,Pass,0,0.99954695,0.06026002,0,0.99675065
3672,Pass,0,0.99791986,0.31606042,0,0.98104954
3673,Pass,0,0.99828786,3.888016,0,0.78474706
3674,Pass,0,0.9973506,5.169687,0,0.7135105
3675,Pass,0,0.9596875,2.1315684,0,0.8473705
3676,Pass,0,0.93966967,0.8091669,0,0.8982288
3677,Pass,0,0.9997441,0.17100275,0,0.99084115
3678,Pass,0,0.99988925,0.21224035,0,0.9887109
3679,Pass,0,0.99970824,6.922449,0,0.61855656
3680,Pass,0,0.99876046,2.83333,0,0.84321487
3681,Pass,0,0.80335546,2.2164612,0,0.70557344
3682,Pass,0,0.9999784,4.671234,0,0.7428807
3683,Pass,0,0.999689,0.17367098,0,0.9906394
3684,Pass,0,0.9997334,0.24676952,0,0.986653
3685,Pass,0,0.6667849,2.959119,0,0.55831486
3686,Pass,0,0.99978524,0.3273911,0,0.98225856
3687,Pass,0,0.99948657,3.4714758,0,0.80865073
3688,Pass,0,0.999985,0.15320538,0,0.99206144
3689,Pass,0,0.9999981,0.066184685,0,0.9968738
3690,Pass,0,0.99996173,0.21738516,0,0.9884988
3691,Pass,0,0.99999905,0.049554534,0,0.99779195
3692,Pass,0,0.9999188,4.3610573,0,0.759942
3693,Pass,0,0.9999634,0.12322682,0,0.99369335
3694,Pass,0,0.9997912,0.15761419,0,0.9916261
3695,Pass,0,0.99997103,3.8084455,0,0.79045856
3696,Pass,0,0.9999864,0.14576688,0,0.99247307
3697,Pass,0,0.4162893,1.5188962,0,0.38163543
3698,Pass,0,0.996974,1.7718819,0,0.9000707
3699,Pass,0,0.999992,0.0748822,0,0.996388
3700,Pass,0,0.9998417,11.971431,0,0.34022033
3701,Pass,0,0.99967587,5.1365647,0,0.71700025
3702,Pass,0,0.9999932,0.06593038,0,0.9968829
3703,Pass,0,0.99523586,3.175709,0,0.8214461
3704,Pass,0,0.9929334,2.5998507,0,0.8510812
3705,Pass,0,0.9997472,5.1335664,0,0.71721673
3706,Pass,0,0.9999912,0.18093115,0,0.9905384
3707,Pass,0,0.5248516,1.0731773,0,0.49406266
3708,Pass,0,0.30558887,0.7659578,0,0.2928402
3709,Pass,0,0.9985846,2.0788815,0,0.88461703
3710,Pass,0,0.99768,4.013873,0,0.77734405
3711,Pass,0,0.9996301,0.45908922,0,0.9748454
3712,Pass,0,0.9984211,1.9347024,0,0.8924114
3713,Pass,0,0.9976672,3.8241117,0,0.7877754
3714,Pass,0,0.99993145,0.15493432,0,0.99191296
3715,Pass,0,0.9997899,7.881332,0,0.5657336
3716,Pass,0,0.99830294,3.3281467,0,0.8155846
3717,Pass,0,0.9997336,4.255908,0,0.76559895
3718,Pass,0,0.87861425,0.6727949,0,0.84647435
3719,Pass,0,0.5618977,0.7827762,0,0.537935
3720,Pass,0,0.9999852,5.9894333,0,0.67018515
3721,Pass,0,0.99843675,7.2921677,0,0.59741086
3722,Pass,0,0.999933,0.071078524,0,0.99653906
3723,Pass,0,1.0,4.197078,0,0.7690475
3724,Pass,0,0.99772674,6.549878,0,0.6378319
3725,Pass,0,0.9117352,1.6082127,0,0.83134687
3726,Pass,0,0.8225973,1.0361642,0,0.7760211
3727,Pass,0,0.9997565,0.16369686,0,0.9912563
3728,Pass,0,0.9998896,4.485008,0,0.75308436
3729,Pass,0,0.99982363,4.029443,0,0.77815574
3730,Pass,0,0.9999987,0.046183053,0,0.99797755
3731,Pass,0,0.7258798,0.57524955,0,0.70323205
3732,Pass,0,0.9994081,0.14831805,0,0.9917585
3733,Pass,0,0.9824126,3.074341,0,0.81635445
3734,Pass,0,0.9950696,0.25361055,0,0.98167473
3735,Pass,0,0.9999356,4.8376446,0,0.7336716
3736,Pass,0,0.35184115,0.7794998,0,0.33690012
3737,Pass,0,0.8589502,0.417894,0,0.83960503
3738,Pass,0,0.99998474,0.009536122,0,0.99998474
3739,Pass,0,0.99999356,0.11732247,0,0.99404895
3740,Pass,0,0.9999968,0.054859556,0,0.9974971
3741,Pass,0,0.99968314,0.063413724,0,0.9967126
3742,Pass,0,0.99963176,0.23230752,0,0.9873499
3743,Pass,0,0.9990075,0.2688277,0,0.9847212
3744,Pass,0,0.3799642,1.3230605,0,0.35243812
3745,Pass,0,0.9852702,2.8940127,0,0.82852805
3746,Pass,0,0.999143,2.2445176,0,0.8759843
3747,Pass,0,0.99914014,0.05490056,0,0.9966403
3748,Pass,0,0.99999666,0.12158444,0,0.993817
3749,Pass,0,0.9999989,0.045853112,0,0.997996
3750,Pass,0,0.99994576,6.1786456,0,0.65972376
3751,Pass,0,0.8880294,2.9580073,0,0.74362254
3752,Pass,0,0.9848669,4.4876804,0,0.74162465
3753,Pass,0,0.75466007,0.99729985,0,0.7135482
3754,Pass,0,0.99923027,0.24568942,0,0.9862159
3755,Pass,0,0.76727027,2.5745459,0,0.6587275
3756,Pass,0,0.99946815,0.432254,0,0.97616667
3757,Pass,0,0.9997682,2.1874359,0,0.8796799
3758,Pass,0,0.99992263,2.8945189,0,0.84082156
3759,Pass,0,0.9999813,3.7456014,0,0.7939326
3760,Pass,0,0.99887794,0.30189642,0,0.9827717
3761,Pass,0,0.9999981,0.13607751,0,0.99301904
3762,Pass,0,0.99992526,0.085215345,0,0.9957517
3763,Pass,0,0.99181235,5.5049458,0,0.6912095
3764,Pass,0,0.9999981,0.06606855,0,0.9968802
3765,Pass,0,1.0,0.07142817,0,0.9965865
3766,Pass,0,0.5925043,2.0665147,0,0.52528644
3767,Pass,0,0.99081504,1.809059,0,0.8924788
3768,Pass,0,0.99999976,0.042428643,0,0.99818563
3769,Pass,0,0.9999833,6.5259933,0,0.64059186
3770,Pass,0,0.96252096,0.32391202,0,0.9458322
3771,Pass,0,0.99886775,4.512768,0,0.75078547
3772,Pass,0,0.99998975,0.2043819,0,0.9892437
3773,Pass,0,0.9866855,0.13681893,0,0.97975904
3774,Pass,0,0.9998934,7.3979306,0,0.5924501
3775,Pass,0,0.9999701,0.102389924,0,0.99484915
3776,Pass,0,0.9997222,7.0983715,0,0.6088653
3777,Pass,0,0.9979201,3.9572313,0,0.7806485
3778,Pass,0,0.9987326,3.6365697,0,0.798947
3779,Pass,0,0.9103341,1.1911815,0,0.8510073
3780,Pass,0,0.99979275,2.4053392,0,0.8676861
3781,Pass,0,0.8058524,2.3514981,0,0.7017648
3782,Pass,0,0.9999795,0.09892858,0,0.9950494
3783,Pass,0,0.99993944,0.082322076,0,0.99592537
3784,Pass,0,0.5627609,2.0888512,0,0.49822405
3785,Pass,0,0.99846554,0.13231559,0,0.99170434
3786,Pass,0,0.97822076,1.8219806,0,0.8804374
3787,Pass,0,0.9999697,0.019854777,0,0.9994006
3788,Pass,0,0.99605066,5.4055276,0,0.6996248
3789,Pass,0,0.9998647,0.11726645,0,0.9939239
3790,Pass,0,0.75676423,2.3051956,0,0.66094965
3791,Pass,0,0.99929774,0.108683236,0,0.99383336
3792,Pass,0,0.99994326,0.17118168,0,0.9910286
3793,Pass,0,0.9819558,3.248848,0,0.8065241
3794,Pass,0,0.9999994,0.059042122,0,0.99726903
3795,Pass,0,0.9541391,2.4851692,0,0.823864
3796,Pass,0,0.9999728,0.105147585,0,0.9946998
3797,Pass,0,0.99992883,0.051921178,0,0.9975914
3798,Pass,0,0.99998,0.06599657,0,0.9968661
3799,Pass,0,0.99999845,0.031551056,0,0.9987843
3800,Pass,0,0.99966276,0.26329303,0,0.9856722
3801,Pass,0,0.95689756,2.2785866,0,0.83714825
3802,Pass,0,0.9995641,0.08118656,0,0.9956142
3803,Pass,0,0.99999535,0.078510396,0,0.99619126
3804,Pass,0,0.9999454,2.589706,0,0.8576509
3805,Pass,0,0.99995065,3.6595054,0,0.79865646
3806,Pass,0,0.9999795,0.27789137,0,0.98517936
3807,Pass,0,0.99998236,5.5187836,0,0.69614017
3808,Pass,0,0.9993175,0.22529007,0,0.9874263
3809,Pass,0,0.9999943,0.14685538,0,0.99242085
3810,Pass,0,0.9999974,0.1748672,0,0.990879
3811,Pass,0,0.5769075,2.220786,0,0.5065505
3812,Pass,0,0.9999645,0.018650843,0,0.99946177
3813,Pass,0,0.9981592,0.103701875,0,0.9929753
3814,Pass,0,0.99974746,0.2463766,0,0.98668844
3815,Pass,0,0.99991596,4.685831,0,0.7420293
3816,Pass,0,0.81190425,1.5970997,0,0.74081576
3817,Pass,0,0.9999987,0.118206404,0,0.99400526
3818,Pass,0,0.77773404,0.9806297,0,0.73608017
3819,Pass,0,0.9816535,5.059644,0,0.7082385
3820,Pass,0,0.9999093,0.18132435,0,0.9904356
3821,Pass,0,0.9693899,1.5231969,0,0.88846344
3822,Pass,0,0.9998524,0.27617863,0,0.9851486
3823,Pass,0,0.9998814,0.16908449,0,0.991083
3824,Pass,0,0.99998033,0.08316233,0,0.99591976
3825,Pass,0,0.9999666,2.4326167,0,0.86633265
3826,Pass,0,0.9999994,0.05863865,0,0.99729127
3827,Pass,0,0.99995327,0.13179208,0,0.99321085
3828,Pass,0,0.99995136,0.13399397,0,0.9930876
3829,Pass,0,0.9991504,3.7486339,0,0.7931058
3830,Pass,0,0.9993819,2.7644238,0,0.8475375
3831,Pass,0,0.9986356,0.44354331,0,0.97473174
3832,Pass,0,0.99999595,0.10279363,0,0.9948526
3833,Pass,0,0.99010676,0.70577717,0,0.9520874
3834,Pass,0,0.9999492,5.8397512,0,0.6784159
3835,Pass,0,0.99984586,0.13863875,0,0.9927266
3836,Pass,0,0.7778843,1.8505902,0,0.69889927
3837,Pass,0,0.9999218,0.098408535,0,0.9950206
3838,Pass,0,0.99970007,0.061795224,0,0.9968188
3839,Pass,0,0.8842457,0.4409002,0,0.86320883
3840,Pass,0,0.2616914,1.6401137,0,0.23815747
3841,Pass,0,0.99985707,0.22649711,0,0.9878929
3842,Pass,0,0.9997919,5.3736343,0,0.70401126
3843,Pass,0,0.99068844,3.695087,0,0.7893147
3844,Pass,0,0.99848443,0.08809616,0,0.9941582
3845,Pass,0,0.53365785,1.620031,0,0.48625705
3846,Pass,0,0.99925786,0.15942724,0,0.99099714
3847,Pass,0,0.815951,1.6748897,0,0.7410075
3848,Pass,0,0.9929974,2.254598,0,0.8700442
3849,Pass,0,0.99996805,5.3484373,0,0.7055249
3850,Pass,0,0.9999428,0.09561713,0,0.9951955
3851,Pass,0,0.99990714,0.16951251,0,0.99108493
3852,Pass,0,0.9999964,4.2719545,0,0.76491517
3853,Pass,0,0.999403,0.13038796,0,0.99274176
3854,Pass,0,0.9999645,5.2642083,0,0.71016765
3855,Pass,0,0.99961036,2.5984988,0,0.85687876
3856,Pass,0,0.9998603,5.3678994,0,0.7043757
3857,Pass,0,0.9992385,0.26784426,0,0.98500305
3858,Pass,0,0.9992281,0.34434834,0,0.9807767
3859,Pass,0,0.9997607,0.30030742,0,0.9837278
3860,Pass,0,0.99999547,0.14752746,0,0.99238497
3861,Pass,0,0.4541019,1.1213557,0,0.42625666
3862,Pass,0,0.9152964,0.31235206,0,0.90001005
3863,Pass,0,0.99999857,0.05614079,0,0.99742824
3864,Pass,0,0.99999964,0.088882856,0,0.99562347
3865,Pass,0,0.50687444,2.353151,0,0.44135803
3866,Pass,0,0.9997757,6.871905,0,0.6213853
3867,Pass,0,0.99635136,2.8188477,0,0.8419767
3868,Pass,0,0.9412498,1.1977712,0,0.879566
3869,Pass,0,0.9980805,0.2468112,0,0.9850193
3870,Pass,0,0.9968822,0.23043396,0,0.98473716
3871,Pass,0,0.9999765,0.17302543,0,0.99095994
3872,Pass,0,0.9999999,0.09209041,0,0.9954468
3873,Pass,0,0.9999976,0.09516162,0,0.9952752
3874,Pass,0,0.9926292,0.27698594,0,0.9779874
3875,Pass,0,0.9978321,0.03183262,0,0.9966051
3876,Pass,0,0.99964833,0.17410176,0,0.9905754
3877,Pass,0,0.9988839,4.3297544,0,0.76088
3878,Pass,0,0.99996793,0.103321545,0,0.9947956
3879,Pass,0,0.99996614,0.11138691,0,0.994349
3880,Pass,0,0.99945456,4.5216827,0,0.7507351
3881,Pass,0,0.9999038,0.06591604,0,0.99679464
3882,Pass,0,0.5181843,0.6163878,0,0.5008411
3883,Pass,0,0.9997869,2.8474455,0,0.84330314
3884,Pass,0,0.79141194,0.739439,0,0.759553
3885,Pass,0,0.99990964,0.039904512,0,0.9982349
3886,Pass,0,0.99998915,0.108372815,0,0.9945381
3887,Pass,0,0.66634816,1.593173,0,0.6081485
3888,Pass,0,0.9997868,0.14731538,0,0.9921896
3889,Pass,0,0.9999932,0.108504154,0,0.99453497
3890,Pass,0,0.99948776,2.8451416,0,0.84317774
3891,Pass,0,0.6918091,0.3448995,0,0.6790134
3892,Pass,0,0.9996908,4.0141497,0,0.7788955
3893,Pass,0,0.9999459,3.4294267,0,0.8113413
3894,Pass,0,0.9259052,1.7349995,0,0.8377931
3895,Pass,0,0.73702055,3.389302,0,0.5996386
3896,Pass,0,0.9999995,0.06917635,0,0.99671024
3897,Pass,0,0.58278984,1.132861,0,0.5466837
3898,Pass,0,0.958231,0.25639343,0,0.9451849
3899,Pass,0,0.99993396,5.4754405,0,0.6984968
3900,Pass,0,0.63601923,2.9378264,0,0.53330094
3901,Pass,0,0.6103513,1.3607539,0,0.5648663
3902,Pass,0,0.9999143,0.14929795,0,0.99220675
3903,Pass,0,0.999997,0.0827648,0,0.99595827
3904,Pass,0,0.9999987,0.17115106,0,0.99108523
3905,Pass,0,0.9999753,7.5370417,0,0.58482647
3906,Pass,0,0.99998844,0.095832855,0,0.995229
3907,Pass,0,0.9999963,0.15504779,0,0.991971
3908,Pass,0,0.99685365,2.5244808,0,0.8585851
3909,Pass,0,0.9699139,2.4421244,0,0.83978754
3910,Pass,0,0.9999895,0.043259356,0,0.9981296
3911,Pass,0,0.99992096,4.758656,0,0.7380169
3912,Pass,0,0.9988607,4.0599008,0,0.7757284
3913,Pass,0,0.9076156,1.6386493,0,0.826067
3914,Pass,0,0.99719185,0.40880087,0,0.9752333
3915,Pass,0,0.99999654,6.538448,0,0.63991344
3916,Pass,0,1.0,0.054635096,0,0.9975127
3917,Pass,0,0.998979,3.1765141,0,0.82449126
3918,Pass,0,0.99938846,5.372714,0,0.70377785
3919,Pass,0,0.9688833,0.46275726,0,0.9446649
3920,Pass,0,1.0,0.07596156,0,0.99633646
3921,Pass,0,0.9994149,3.7185438,0,0.7949744
3922,Pass,0,0.99973685,2.447709,0,0.86530143
3923,Pass,0,0.99999523,0.08887177,0,0.9956197
3924,Pass,0,0.99937445,3.2726233,0,0.81952035
3925,Pass,0,0.99993026,0.09087187,0,0.9954447
3926,Pass,0,0.9976126,3.4279523,0,0.8095293
3927,Pass,0,0.9999987,0.08886535,0,0.9956235
3928,Pass,0,0.99357504,0.3071804,0,0.97726476
3929,Pass,0,0.99920505,0.19929679,0,0.98874766
3930,Pass,0,0.9996278,4.753576,0,0.7380806
3931,Pass,0,0.668451,1.3639308,0,0.61851907
3932,Pass,0,0.99955815,0.38848272,0,0.9786676
3933,Pass,0,0.99971217,3.791418,0,0.79119277
3934,Pass,0,0.9849087,2.3809543,0,0.85609335
3935,Pass,0,0.99995077,0.23823507,0,0.98733807
3936,Pass,0,0.9999865,0.09835132,0,0.9950882
3937,Pass,0,0.99999976,0.10931011,0,0.994497
3938,Pass,0,0.9914909,0.61129856,0,0.9585847
3939,Pass,0,0.99999666,2.7104363,0,0.8510363
3940,Pass,0,0.9999341,0.15953642,0,0.9916617
3941,Pass,0,0.99999976,2.9996197,0,0.83508986
3942,Pass,0,0.9999999,0.070547014,0,0.996635
3943,Pass,0,0.9946548,0.50713074,0,0.967358
3944,Pass,0,0.9952435,1.262967,0,0.92644274
3945,Pass,0,0.94178236,1.751068,0,0.8513247
3946,Pass,0,0.9988802,3.9740682,0,0.7804721
3947,Pass,0,0.99999976,0.05562865,0,0.9974577
3948,Pass,0,0.99900997,3.5652533,0,0.8030982
3949,Pass,0,0.99998915,0.07378348,0,0.99644583
3950,Pass,0,0.9999969,0.18031898,0,0.9905778
3951,Pass,0,0.9999969,0.066387884,0,0.9968614
3952,Pass,0,0.9999999,0.12928884,0,0.99339527
3953,Pass,0,0.9999963,0.15315367,0,0.99207544
3954,Pass,0,0.9998565,0.08709933,0,0.9955793
3955,Pass,0,1.0,0.041909218,0,0.99821454
3956,Pass,0,0.9892503,4.5253677,0,0.74286926
3957,Pass,0,0.9987608,2.8810973,0,0.840584
3958,Pass,0,0.99993145,8.011052,0,0.5586598
3959,Pass,0,0.99996114,4.552799,0,0.74939954
3960,Pass,0,0.99917966,4.9573545,0,0.72652006
3961,Pass,0,0.999987,3.8063254,0,0.79058814
3962,Pass,0,0.99893314,0.2768663,0,0.984205
3963,Pass,0,0.99962115,3.8589306,0,0.78739864
3964,Pass,0,0.568871,1.4741553,0,0.52291924
3965,Pass,0,0.99999964,0.067067556,0,0.99682665
3966,Pass,0,0.99999607,0.1394164,0,0.9928329
3967,Pass,0,0.8027322,1.7025757,0,0.7277771
3968,Pass,0,0.9995739,0.23782633,0,0.98698854
3969,Pass,0,0.99014753,3.1962957,0,0.8161221
3970,Pass,0,0.99998915,0.06909508,0,0.9967044
3971,Pass,0,0.9993537,0.18785807,0,0.9895252
3972,Pass,0,0.9998796,4.0572004,0,0.7766686
3973,Pass,0,0.99995697,0.024477668,0,0.999133
3974,Pass,0,0.8899639,0.70501083,0,0.85582757
3975,Pass,0,0.999982,0.19305643,0,0.9898606
3976,Pass,0,0.9999192,4.81511,0,0.7349022
3977,Pass,0,0.9964059,0.23789966,0,0.9838564
3978,Pass,0,0.98259854,6.7275653,0,0.6185314
3979,Pass,0,0.95233494,3.3773057,0,0.7754481
3980,Pass,0,0.999967,0.17952795,0,0.9905918
3981,Pass,0,0.99999917,0.042688962,0,0.99817073
3982,Pass,0,0.99999416,0.10758595,0,0.9945865
3983,Pass,0,0.9604268,3.2528093,0,0.7886315
3984,Pass,0,0.9996357,0.28245372,0,0.98458916
3985,Pass,0,0.99847955,4.0422125,0,0.7764064
3986,Pass,0,0.41819847,1.480725,0,0.38426608
3987,Pass,0,0.99999964,9.198786,0,0.49319172
3988,Pass,0,0.7235951,2.533838,0,0.6228554
3989,Pass,0,0.99929225,0.19981597,0,0.98880535
3990,Pass,0,0.97300816,0.2087642,0,0.9623169
3991,Pass,0,0.99999917,0.17875797,0,0.9906662
3992,Pass,0,0.99974626,0.1938072,0,0.9895859
3993,Pass,0,0.9821278,0.23212622,0,0.97007084
3994,Pass,0,0.9999274,2.8306062,0,0.8443503
3995,Pass,0,0.9506457,2.2409928,0,0.83364975
3996,Pass,0,0.99458414,4.1641927,0,0.7666863
3997,Pass,0,0.9994823,0.17559306,0,0.9903286
3998,Pass,0,0.99999845,0.16278286,0,0.9915466
3999,Pass,0,0.9925506,1.2810519,0,0.922946
4000,Pass,0,0.9926986,0.09526285,0,0.9880051
4001,Pass,0,0.983355,0.31565207,0,0.966753
4002,Pass,0,0.99973124,1.7906293,0,0.90152633
4003,Pass,0,0.999894,4.084063,0,0.7751984
4004,Pass,0,0.9999784,0.07581638,0,0.996323
4005,Pass,0,0.9892581,2.6777947,0,0.84367836
4006,Pass,0,0.999941,9.94225,0,0.45216146
4007,Pass,0,0.9482888,2.023937,0,0.842935
4008,Pass,0,0.9999509,0.034174137,0,0.9985921
4009,Pass,0,0.9929705,1.5996315,0,0.90588963
4010,Pass,0,0.9947115,1.9359115,0,0.88902944
4011,Pass,0,0.9970005,1.5793002,0,0.91068417
4012,Pass,0,0.9659185,0.55380094,0,0.9369241
4013,Pass,0,0.9915531,2.2044823,0,0.8715193
4014,Pass,0,0.85116714,0.5456188,0,0.8260014
4015,Pass,0,0.9978669,2.6147373,0,0.85449064
4016,Pass,0,0.99996924,0.16215836,0,0.991552
4017,Pass,0,0.9999503,0.18000342,0,0.9905491
4018,Pass,0,0.9994248,0.27279216,0,0.984914
4019,Pass,0,0.9946116,0.27140412,0,0.98024684
4020,Pass,0,0.99999785,0.15938647,0,0.99173325
4021,Pass,0,0.9999845,0.3258548,0,0.9825391
4022,Pass,0,0.9984425,3.290245,0,0.8177857
4023,Pass,0,0.9406943,1.4127169,0,0.86789525
4024,Pass,0,0.9999945,0.107685655,0,0.99458134
4025,Pass,0,0.99994934,4.3011737,0,0.7632677
4026,Pass,0,0.9996263,0.35525215,0,0.9805664
4027,Pass,0,0.99999964,0.07100802,0,0.99660933
4028,Pass,0,0.9289265,1.7928907,0,0.83756095
4029,Pass,0,0.8678313,0.49943033,0,0.84438354
4030,Pass,0,0.99968314,4.4669867,0,0.7539225
4031,Pass,0,0.9999021,0.15146405,0,0.99207526
4032,Pass,0,0.9999975,0.17764334,0,0.990726
4033,Pass,0,0.9978356,4.450005,0,0.7534636
4034,Pass,0,0.9995365,3.6666028,0,0.7979344
4035,Pass,0,0.9999807,0.09680658,0,0.9951676
4036,Pass,0,0.99998105,3.934956,0,0.7834893
4037,Pass,0,0.99998736,0.07242231,0,0.9965191
4038,Pass,0,0.9225747,0.5336297,0,0.8959077
4039,Pass,0,0.31856126,2.070922,0,0.28234398
4040,Pass,0,0.99395037,0.306758,0,0.9776571
4041,Pass,0,0.999977,2.9339142,0,0.8386946
4042,Pass,0,0.95530623,1.7499032,0,0.8636109
4043,Pass,0,0.9796848,1.3040457,0,0.9097401
4044,Pass,0,0.6505688,0.8385344,0,0.62082404
4045,Pass,0,0.999974,5.7605963,0,0.68279815
4046,Pass,0,0.9965155,5.203535,0,0.71105283
4047,Pass,0,0.99993265,5.9043374,0,0.6748428
4048,Pass,0,0.99791497,7.1062737,0,0.6073298
4049,Pass,0,0.9995957,2.7596383,0,0.84798265
4050,Pass,0,0.9999988,13.040081,0,0.28133538
4051,Pass,0,0.99999905,0.1544291,0,0.99200785
4052,Pass,0,0.9996841,4.527905,0,0.7505645
4053,Pass,0,0.99768114,0.06385494,0,0.9946923
4054,Pass,0,0.99937314,0.19424562,0,0.98919237
4055,Pass,0,0.6886713,0.567257,0,0.66748804
4056,Pass,0,0.77996385,7.1494637,0,0.47282714
4057,Pass,0,0.98344684,1.2249892,0,0.9175215
4058,Pass,0,0.9999151,0.08706322,0,0.9956397
4059,Pass,0,0.9999573,0.079379655,0,0.9961055
4060,Pass,0,0.5047829,1.2472461,0,0.47032517
4061,Pass,0,0.9999796,4.12335,0,0.77309805
4062,Pass,0,0.99999785,6.7339096,0,0.6291341
4063,Pass,0,0.9071898,1.6178949,0,0.82671785
4064,Pass,0,0.9872951,0.37553203,0,0.96736604
4065,Pass,0,0.9999927,5.5687375,0,0.69339234
4066,Pass,0,0.9999994,0.09341295,0,0.9953734
4067,Pass,0,0.9157195,0.47758284,0,0.8920813
4068,Pass,0,0.9999621,6.046265,0,0.66703534
4069,Pass,0,0.9973023,0.15244757,0,0.9894417
4070,Pass,0,0.91645896,3.3393605,0,0.7481537
4071,Pass,0,0.79923284,1.8576087,0,0.7177707
4072,Pass,0,0.9998723,0.23088324,0,0.9876661
4073,Pass,0,0.99999976,0.053329878,0,0.99758446
4074,Pass,0,0.99995744,0.21490346,0,0.9886314
4075,Pass,0,0.9997975,2.2340107,0,0.87713754
4076,Pass,0,0.9996106,0.28893462,0,0.98420715
4077,Pass,0,0.999979,0.10355391,0,0.99479383
4078,Pass,0,0.99974173,0.046227682,0,0.99771863
4079,Pass,0,0.99946576,1.5936611,0,0.9121443
4080,Pass,0,0.6797072,0.8400688,0,0.64857274
4081,Pass,0,0.9986671,7.156206,0,0.60503733
4082,Pass,0,0.5844316,0.6430771,0,0.56401086
4083,Pass,0,0.983102,2.839976,0,0.82963467
4084,Pass,0,1.0,0.09146289,0,0.99548155
4085,Pass,0,0.9999119,4.2655873,0,0.7652017
4086,Pass,0,0.9998227,5.1297483,0,0.7174814
4087,Pass,0,0.7693804,0.47747353,0,0.74952435
4088,Pass,0,0.83702594,2.2610612,0,0.73308676
4089,Pass,0,0.9999598,0.14445096,0,0.99251926
4090,Pass,0,0.9997212,4.2938676,0,0.76349646
4091,Pass,0,0.9999734,0.2102076,0,0.9889062
4092,Pass,0,0.9970341,0.3287939,0,0.9794785
4093,Pass,0,0.99999046,3.877572,0,0.7866615
4094,Pass,0,0.9998683,3.990352,0,0.7803461
4095,Pass,0,0.9999988,0.079888545,0,0.9961187
4096,Pass,0,0.99327374,1.7689028,0,0.8968933
4097,Pass,0,0.9315534,0.8775729,0,0.88695604
4098,Pass,0,0.89141554,2.4434252,0,0.77175677
4099,Pass,0,0.9999021,0.17553185,0,0.990748
4100,Pass,0,0.99435014,0.36653954,0,0.9747718
4101,Pass,0,0.9992742,0.2963918,0,0.98346496
4102,Pass,0,0.99233925,6.79526,0,0.62095815
4103,Pass,0,0.4251874,1.0621911,0,0.4005026
4104,Pass,0,0.9987452,0.26231268,0,0.98482144
4105,Pass,0,0.99999547,5.370902,0,0.70430523
4106,Pass,0,0.50048393,1.1734778,0,0.46835586
4107,Pass,0,0.99997425,9.402923,0,0.4819209
4108,Pass,0,0.99999905,0.10559778,0,0.994701
4109,Pass,0,0.7914187,1.6710293,0,0.7188969
4110,Pass,0,0.9999938,0.10467962,0,0.9947465
4111,Pass,0,0.9912124,2.3862653,0,0.8612823
4112,Pass,0,0.9999093,0.2661119,0,0.98575985
4113,Pass,0,0.9999305,3.280816,0,0.81952447
4114,Pass,0,0.9998104,0.14115052,0,0.99255294
4115,Pass,0,0.9983803,2.0743442,0,0.88468593
4116,Pass,0,0.9259494,1.3505657,0,0.8574654
4117,Pass,0,0.9963192,2.6705844,0,0.85009646
4118,Pass,0,0.9999993,0.12787828,0,0.99347246
4119,Pass,0,0.63342047,0.9434937,0,0.600793
4120,Pass,0,0.9999918,0.17518403,0,0.990856
4121,Pass,0,0.9997191,3.888199,0,0.785862
4122,Pass,0,0.256191,1.9104792,0,0.22933158
4123,Pass,0,0.9965449,4.821324,0,0.7320807
4124,Pass,0,0.99777716,0.10482647,0,0.9925334
4125,Pass,0,0.43019518,1.0376844,0,0.4058011
4126,Pass,0,0.88709384,2.583254,0,0.761174
4127,Pass,0,0.98394495,2.0065606,0,0.8755728
4128,Pass,0,0.9999963,0.14808778,0,0.99235487
4129,Pass,0,0.9999827,3.471064,0,0.8090748
4130,Pass,0,0.99945134,6.3010564,0,0.65265006
4131,Pass,0,0.99986506,4.107652,0,0.7738751
4132,Pass,0,0.9999976,0.25637954,0,0.9863837
4133,Pass,0,0.9999838,0.1280704,0,0.99344647
4134,Pass,0,0.81481063,1.0193415,0,0.7694313
4135,Pass,0,0.9989178,2.3149953,0,0.8719041
4136,Pass,0,0.9999975,0.14859152,0,0.9923283
4137,Pass,0,0.6608266,0.8233809,0,0.63116515
4138,Pass,0,0.99998176,0.11896872,0,0.99394643
4139,Pass,0,0.9993005,3.2885973,0,0.81857926
4140,Pass,0,0.99990547,0.090422295,0,0.99544483
4141,Pass,0,0.9999995,0.060559794,0,0.99718547
4142,Pass,0,0.9999747,7.414566,0,0.59158075
4143,Pass,0,0.99992037,0.07161246,0,0.99649704
4144,Pass,0,0.96651834,0.23035486,0,0.95474744
4145,Pass,0,0.99825424,0.11699677,0,0.9923379
4146,Pass,0,0.99984384,3.915916,0,0.7844317
4147,Pass,0,0.35384712,0.8932818,0,0.3366004
4148,Pass,0,0.99995494,0.25482693,0,0.9864272
4149,Pass,0,0.9999027,4.808259,0,0.735268
4150,Pass,0,0.6409835,2.174038,0,0.5644647
4151,Pass,0,0.99998605,0.11006718,0,0.99444157
4152,Pass,0,0.9901933,0.96254367,0,0.9381482
4153,Pass,0,0.9943634,0.35411343,0,0.9754663
4154,Pass,0,0.9976285,6.4947805,0,0.6408007
4155,Pass,0,0.9999964,0.058208235,0,0.99731207
4156,Pass,0,0.990254,3.2522476,0,0.8131541
4157,Pass,0,0.99997187,0.2681643,0,0.98570836
4158,Pass,0,0.99989855,0.24351357,0,0.98699546
4159,Pass,0,0.9999968,0.0636843,0,0.9970104
4160,Pass,0,0.9999807,0.11728837,0,0.99403805
4161,Pass,0,0.994665,4.106743,0,0.7699003
4162,Pass,0,0.27194524,1.0386854,0,0.25650963
4163,Pass,0,0.6371426,3.2975638,0,0.52160174
4164,Pass,0,0.99976593,0.107725404,0,0.9943518
4165,Pass,0,0.9992512,0.26082724,0,0.9854023
4166,Pass,0,0.9991062,0.08116956,0,0.995159
4167,Pass,0,0.99994457,4.5936728,0,0.74713296
4168,Pass,0,0.9994593,3.6695254,0,0.79771173
4169,Pass,0,0.9998702,0.15718667,0,0.991728
4170,Pass,0,0.9957937,0.22905649,0,0.9837375
4171,Pass,0,0.9999939,3.1340673,0,0.82767
4172,Pass,0,0.7783895,2.2693732,0,0.6813748
4173,Pass,0,0.9999547,4.2565193,0,0.7657345
4174,Pass,0,0.99999464,0.1742391,0,0.99091095
4175,Pass,0,0.99867344,3.6750488,0,0.7967802
4176,Pass,0,0.9999988,0.094971105,0,0.9952869
4177,Pass,0,0.9752431,1.886262,0,0.8742998
4178,Pass,0,0.53482777,1.2568238,0,0.49803656
4179,Pass,0,0.9999374,0.119517736,0,0.99387205
4180,Pass,0,0.9999988,0.048967928,0,0.9978241
4181,Pass,0,0.99999917,0.063216634,0,0.99703854
4182,Pass,0,0.99998534,0.11591312,0,0.99411845
4183,Pass,0,0.99974674,0.05929297,0,0.99700326
4184,Pass,0,0.9999987,0.12076566,0,0.9938641
4185,Pass,0,0.93287075,0.36286196,0,0.91469216
4186,Pass,0,0.7851247,3.101694,0,0.6512299
4187,Pass,0,0.99984705,0.22012866,0,0.98823416
4188,Pass,0,0.969106,2.5528557,0,0.83316964
4189,Pass,0,0.98372144,2.9230573,0,0.82564986
4190,Pass,0,0.9999689,6.7420125,0,0.628669
4191,Pass,0,0.9999925,6.7915187,0,0.6259535
4192,Pass,0,0.99998903,0.082966544,0,0.99593925
4193,Pass,0,0.99987423,0.27079475,0,0.985467
4194,Pass,0,0.9898317,2.3538423,0,0.8618526
4195,Pass,0,0.998511,4.0061,0,0.77841955
4196,Pass,0,0.9995963,4.3546844,0,0.7600482
4197,Pass,0,0.99995744,0.05673592,0,0.9973544
4198,Pass,0,0.9182538,3.101288,0,0.7616757
4199,Pass,0,0.9999999,0.10596046,0,0.99468184
4200,Pass,0,0.9999981,0.09593037,0,0.99523324
4201,Pass,0,0.99923325,0.41466513,0,0.97690654
4202,Pass,0,0.9960408,0.4409367,0,0.97234225
4203,Pass,0,0.9999995,0.10211653,0,0.9948935
4204,Pass,0,0.4914839,0.87151444,0,0.46811873
4205,Pass,0,0.9857803,0.47950205,0,0.9602292
4206,Pass,0,0.99999976,0.0244301,0,0.99917835
4207,Pass,0,0.9999833,0.18247373,0,0.9904456
4208,Pass,0,0.9750779,2.3440096,0,0.84953517
4209,Pass,0,0.9940057,0.13630411,0,0.987056
4210,Pass,0,0.56878406,1.8667119,0,0.5105249
4211,Pass,0,0.9999677,0.19055893,0,0.98998415
4212,Pass,0,0.99970394,3.2696724,0,0.8199532
4213,Pass,0,0.9990534,3.3695457,0,0.8139166
4214,Pass,0,0.9994248,0.13954395,0,0.9922587
4215,Pass,0,0.75903285,1.9943289,0,0.6759447
4216,Pass,0,0.99999845,0.11029884,0,0.99444115
4217,Pass,0,0.49830294,1.8255361,0,0.44839463
4218,Pass,0,0.99998903,0.15101148,0,0.9921864
4219,Pass,0,0.99974245,0.24484468,0,0.986768
4220,Pass,0,0.86253524,2.4287143,0,0.74745303
4221,Pass,0,0.99996936,0.0854424,0,0.9957831
4222,Pass,0,0.77875125,1.1479869,0,0.72985494
4223,Pass,0,0.894533,0.9494785,0,0.84816045
4224,Pass,0,0.6899748,2.0510974,0,0.61228585
4225,Pass,0,0.9999895,3.4236596,0,0.8116948
4226,Pass,0,0.99961805,0.13973238,0,0.99244016
4227,Pass,0,0.9999981,0.08521111,0,0.99582446
4228,Pass,0,0.92884284,1.8441316,0,0.83486056
4229,Pass,0,0.9998659,7.8524413,0,0.56736976
4230,Pass,0,0.9979924,0.26490292,0,0.9839366
4231,Pass,0,0.99998784,0.13709535,0,0.9929527
4232,Pass,0,0.98778987,4.008937,0,0.76990706
4233,Pass,0,0.99975747,0.18359646,0,0.99016
4234,Pass,0,0.99974793,3.1168737,0,0.8284144
4235,Pass,0,0.99998415,0.108020276,0,0.99455255
4236,Pass,0,0.9998909,0.09253044,0,0.99531406
4237,Pass,0,0.9892475,0.2666284,0,0.97522074
4238,Pass,0,0.9993901,2.5666795,0,0.85844386
4239,Pass,0,0.82492614,2.4610825,0,0.7133892
4240,Pass,0,0.99935406,2.7234128,0,0.84977424
4241,Pass,0,0.9946175,5.6715226,0,0.68402684
4242,Pass,0,0.6844948,3.7491975,0,0.54331714
4243,Pass,0,0.3824327,1.4342476,0,0.35238263
4244,Pass,0,0.999984,0.15785295,0,0.9918041
4245,Pass,0,0.9997342,0.3198449,0,0.98262453
4246,Pass,0,0.99998593,0.0787926,0,0.99616635
4247,Pass,0,0.9999931,0.07137323,0,0.9965826
4248,Pass,0,1.0,0.039479982,0,0.99834853
4249,Pass,0,0.9995964,0.24226862,0,0.98676586
4250,Pass,0,0.9327495,1.248321,0,0.86902237
4251,Pass,0,0.9974394,0.40388975,0,0.97574556
4252,Pass,0,0.9999809,0.14484799,0,0.9925183
4253,Pass,0,0.99993515,2.490511,0,0.8631126
4254,Pass,0,0.9999474,9.214553,0,0.49229646
4255,Pass,0,0.9998311,5.3450723,0,0.70561385
4256,Pass,0,0.58225346,0.9949212,0,0.5506102
4257,Pass,0,0.97365046,2.0871856,0,0.86208266
4258,Pass,0,0.77753323,2.3949103,0,0.6752419
4259,Pass,0,0.9999455,3.3631139,0,0.81499815
4260,Pass,0,0.9528723,1.680955,0,0.86503404
4261,Pass,0,0.9972203,2.7036288,0,0.8490479
4262,Pass,0,0.9998872,7.8195667,0,0.56919485
4263,Pass,0,0.29003108,1.421902,0,0.26743907
4264,Pass,0,0.99979395,4.6351347,0,0.7447342
4265,Pass,0,0.9998054,0.14997916,0,0.99206114
4266,Pass,0,0.9999945,0.110145256,0,0.99444574
4267,Pass,0,0.99999976,0.07105204,0,0.996607
4268,Pass,0,0.9999751,0.13017496,0,0.9933218
4269,Pass,0,0.99992204,0.2090657,0,0.98891836
4270,Pass,0,0.99999344,0.09472767,0,0.995295
4271,Pass,0,0.9955331,0.34283268,0,0.9772332
4272,Pass,0,0.99999905,0.028749371,0,0.9989394
4273,Pass,0,0.99987733,0.024298156,0,0.9990633
4274,Pass,0,0.9999633,0.019625818,0,0.9994068
4275,Pass,0,0.9999263,9.540775,0,0.47429547
4276,Pass,0,0.3521819,2.2335675,0,0.30898315
4277,Pass,0,0.9999136,6.094171,0,0.6643611
4278,Pass,0,0.99883944,0.35013488,0,0.98007643
4279,Pass,0,0.9999913,0.19031568,0,0.99002093
4280,Pass,0,0.99992704,2.2614064,0,0.8757403
4281,Pass,0,0.98632324,4.3982224,0,0.74758756
4282,Pass,0,0.9977018,2.9368887,0,0.8366227
4283,Pass,0,0.9999963,12.170025,0,0.3293201
4284,Pass,0,0.99949884,2.060937,0,0.8864161
4285,Pass,0,0.9999908,0.12211402,0,0.9937819
4286,Pass,0,0.99995446,0.1501193,0,0.9922013
4287,Pass,0,0.99998975,0.13809712,0,0.99289936
4288,Pass,0,0.84514856,0.26946762,0,0.83303267
4289,Pass,0,0.8287524,0.77421886,0,0.7938006
4290,Pass,0,0.99704915,0.6353246,0,0.96263736
4291,Pass,0,0.99998474,0.11782696,0,0.99401236
4292,Pass,0,0.9998336,4.540432,0,0.74998593
4293,Pass,0,0.99995196,0.102002725,0,0.9948524
4294,Pass,0,0.99990726,0.26926976,0,0.98558366
4295,Pass,0,0.9907074,2.2838852,0,0.8664375
4296,Pass,0,0.9825017,0.2720189,0,0.96827847
4297,Pass,0,0.99998486,2.8947322,0,0.8408621
4298,Pass,0,0.99991655,0.103718765,0,0.9947226
4299,Pass,0,0.9999248,0.16366576,0,0.99142486
4300,Pass,0,0.9999609,0.11254782,0,0.9942798
4301,Pass,0,0.99948835,3.3017867,0,0.81800616
4302,Pass,0,0.9998049,2.2211974,0,0.87785053
4303,Pass,0,0.9999999,0.090063445,0,0.9955586
4304,Pass,0,0.97039366,1.7102346,0,0.87937325
4305,Pass,0,0.99999774,0.1498835,0,0.99225724
4306,Pass,0,0.9999981,0.106950425,0,0.99462545
4307,Pass,0,0.9978096,0.16844349,0,0.9890647
4308,Pass,0,0.9999479,4.518399,0,0.7512868
4309,Pass,0,0.99985886,0.16975728,0,0.99102354
4310,Pass,0,0.99992347,0.16398963,0,0.99140567
4311,Pass,0,0.9999981,0.12275141,0,0.993754
4312,Pass,0,0.9999912,4.0585523,0,0.77668065
4313,Pass,0,0.48899868,1.339936,0,0.45311862
4314,Pass,0,0.99999034,0.0710925,0,0.99659544
4315,Pass,0,0.93344885,0.3531499,0,0.915759
4316,Pass,0,0.99979657,0.3364527,0,0.9817701
4317,Pass,0,0.9950021,5.64323,0,0.68584394
4318,Pass,0,0.9999722,1.7034733,0,0.90655035
4319,Pass,0,0.9998197,3.1927278,0,0.82429105
4320,Pass,0,0.52191204,2.1177144,0,0.46122888
4321,Pass,0,0.99983585,2.7687361,0,0.8476847
4322,Pass,0,0.49578664,1.1286827,0,0.46518496
4323,Pass,0,0.68023366,0.8039049,0,0.65043175
4324,Pass,0,0.21865627,2.8103032,0,0.18488072
4325,Pass,0,0.7216026,1.0749273,0,0.67920214
4326,Pass,0,0.99989235,0.009721137,0,0.99988216
4327,Pass,0,0.94584674,2.1268103,0,0.83539784
4328,Pass,0,0.83902985,0.2958814,0,0.8257794
4329,Pass,0,0.9960083,5.908522,0,0.6719644
4330,Pass,0,0.99999416,0.08980027,0,0.9955674
4331,Pass,0,0.9999999,0.0396519,0,0.99833894
4332,Pass,0,0.952991,2.6158066,0,0.8160064
4333,Pass,0,0.9992859,5.524799,0,0.69532377
4334,Pass,0,0.99777836,0.2663249,0,0.98364735
4335,Pass,0,0.9969318,1.8983631,0,0.89307827
4336,Pass,0,0.9999945,3.574707,0,0.8033683
4337,Pass,0,0.99999976,0.10072917,0,0.99497026
4338,Pass,0,1.0,0.032233182,0,0.9987482
4339,Pass,0,0.9399379,2.6876025,0,0.80110765
4340,Pass,0,0.9999901,0.056035962,0,0.99742556
4341,Pass,0,0.89119565,3.467353,0,0.72123885
4342,Pass,0,0.9999944,0.08405187,0,0.99588466
4343,Pass,0,0.97143775,4.647461,0,0.7229516
4344,Pass,0,0.52773476,1.3219674,0,0.48953542
4345,Pass,0,0.34501028,1.389628,0,0.31874976
4346,Pass,0,0.9995654,1.3532295,0,0.92548984
4347,Pass,0,0.7743343,0.5117811,0,0.7528853
4348,Pass,0,0.9991781,0.294893,0,0.983453
4349,Pass,0,0.9999505,0.24474995,0,0.9869786
4350,Pass,0,0.99987507,0.23436263,0,0.98747694
4351,Pass,0,0.95029247,2.5951521,0,0.81477827
4352,Pass,0,0.99982387,0.13736294,0,0.9927752
4353,Pass,0,0.99996185,4.4462986,0,0.75527364
4354,Pass,0,0.9999049,7.13744,0,0.6068221
4355,Pass,0,0.9277673,1.5512857,0,0.84887826
4356,Pass,0,0.6680003,2.021208,0,0.5938868
4357,Pass,0,0.9999914,0.09392521,0,0.99533725
4358,Pass,0,0.9999497,0.066831954,0,0.9967899
4359,Pass,0,0.99997723,0.17409104,0,0.9909018
4360,Pass,0,0.9999838,0.07769067,0,0.99622494
4361,Pass,0,0.9999964,0.110100195,0,0.9944501
4362,Pass,0,0.28607652,1.6182534,0,0.26069453
4363,Pass,0,0.99986756,0.3054218,0,0.9835509
4364,Pass,0,0.9994661,5.071451,0,0.7204391
4365,Pass,0,0.9999809,5.2405257,0,0.7114854
4366,Pass,0,0.4769816,0.9922349,0,0.45113012
4367,Pass,0,0.9998665,0.18578632,0,0.9901472
4368,Pass,0,0.9999865,0.14753494,0,0.9923757
4369,Pass,0,0.98613447,3.7259562,0,0.78400743
4370,Pass,0,0.9999975,0.13952267,0,0.9928284
4371,Pass,0,0.9999449,6.214719,0,0.6577338
4372,Pass,0,0.3851214,1.2459021,0,0.35886058
4373,Pass,0,0.99997807,0.21000677,0,0.9889219
4374,Pass,0,0.9993592,0.23728067,0,0.98680663
4375,Pass,0,0.93373954,0.6059532,0,0.9030253
4376,Pass,0,0.9997757,5.000767,0,0.7245597
4377,Pass,0,0.99646324,4.4321833,0,0.7534068
4378,Pass,0,0.9031328,2.884985,0,0.7599072
4379,Pass,0,0.9685297,3.9713566,0,0.7569026
4380,Pass,0,0.99989724,0.2924752,0,0.9842941
4381,Pass,0,0.99981016,0.04476859,0,0.99786735
4382,Pass,0,0.32911098,0.9849666,0,0.31140575
4383,Pass,0,0.92651504,1.8408315,0,0.8329369
4384,Pass,0,0.8610896,1.7944875,0,0.7763204
4385,Pass,0,0.9999962,0.07920585,0,0.9961537
4386,Pass,0,0.9997433,0.1691558,0,0.9909422
4387,Pass,0,0.99999046,0.07006309,0,0.9966523
4388,Pass,0,0.9998753,0.19782408,0,0.9894921
4389,Pass,0,0.99993086,0.0504042,0,0.9976771
4390,Pass,0,0.6779751,1.1573207,0,0.63505733
4391,Pass,0,0.9982153,0.29003894,0,0.9827725
4392,Pass,0,0.8565663,1.0422964,0,0.80777705
4393,Pass,0,0.9666452,1.7157961,0,0.8756799
4394,Pass,0,0.9934865,3.4667523,0,0.8040551
4395,Pass,0,0.99977225,4.2826676,0,0.764153
4396,Pass,0,0.9999802,3.3474953,0,0.81588775
4397,Pass,0,0.99962234,0.057502814,0,0.99697787
4398,Pass,0,0.99976796,8.619258,0,0.5250324
4399,Pass,0,0.99991715,0.42378002,0,0.97707254
4400,Pass,0,0.9996332,0.101694606,0,0.9945523
4401,Pass,0,1.0,0.07658081,0,0.9963023
4402,Pass,0,0.999948,5.3647666,0,0.7046102
4403,Pass,0,0.99995995,0.077498086,0,0.9962119
4404,Pass,0,0.9979144,2.2524307,0,0.8744716
4405,Pass,0,0.9995552,5.173638,0,0.7148699
4406,Pass,0,0.890181,4.066332,0,0.69101053
4407,Pass,0,0.99980265,0.35847518,0,0.9805617
4408,Pass,0,0.87369186,1.9941468,0,0.7780612
4409,Pass,0,0.9999397,0.0465231,0,0.9978999
4410,Pass,0,0.99701893,2.7170987,0,0.8481359
4411,Pass,0,0.99999666,0.13874857,0,0.9928703
4412,Pass,0,0.4071796,0.85797024,0,0.3881264
4413,Pass,0,0.70603687,0.8760536,0,0.6722951
4414,Pass,0,0.99995804,0.25068486,0,0.9866587
4415,Pass,0,0.99999976,0.053782914,0,0.9975594
4416,Pass,0,0.9736129,0.37126315,0,0.95418924
4417,Pass,0,0.9956695,0.117705315,0,0.9897295
4418,Pass,0,0.9988501,3.0903854,0,0.82912964
4419,Pass,0,0.93998885,0.9494747,0,0.89126
4420,Pass,0,0.9992768,0.32458267,0,0.98191386
4421,Pass,0,0.9487151,0.3876911,0,0.9289286
4422,Pass,0,0.99328554,2.4981103,0,0.85695654
4423,Pass,0,0.99990404,0.23724492,0,0.9873466
4424,Pass,0,0.98583174,2.6302686,0,0.8433403
4425,Pass,0,0.99997425,0.02922351,0,0.99888843
4426,Pass,0,0.9999764,0.07050967,0,0.9966136
4427,Pass,0,0.99999344,0.100391366,0,0.9949826
4428,Pass,0,0.99992454,0.13899282,0,0.9927852
4429,Pass,0,0.9943076,2.227683,0,0.8726681
4430,Pass,0,0.9999505,0.18157732,0,0.99046254
4431,Pass,0,0.9866377,0.40843564,0,0.9649315
4432,Pass,0,0.9215141,0.53818184,0,0.8946464
4433,Pass,0,0.9999596,3.4269617,0,0.8114884
4434,Pass,0,0.95262337,3.2514708,0,0.7822942
4435,Pass,0,0.8370223,1.2770362,0,0.77850986
4436,Pass,0,0.5945576,1.6446898,0,0.5409389
4437,Pass,0,0.999995,0.06466712,0,0.9969544
4438,Pass,0,0.99972194,4.0957217,0,0.77442217
4439,Pass,0,0.9999976,0.123205416,0,0.9937285
4440,Pass,0,0.9993343,0.29171854,0,0.98378164
4441,Pass,0,0.98436654,2.1771517,0,0.8666866
4442,Pass,0,0.99988925,4.6961,0,0.74144316
4443,Pass,0,0.9948612,2.1874301,0,0.87536263
4444,Pass,0,0.9999529,0.26371527,0,0.98593503
4445,Pass,0,0.84797215,1.7014246,0,0.76884663
4446,Pass,0,0.9960104,0.22799008,0,0.9840102
4447,Pass,0,0.9998529,0.08677847,0,0.9955935
4448,Pass,0,0.9949528,0.5023972,0,0.9679076
4449,Pass,0,0.9999893,4.750452,0,0.7385197
4450,Pass,0,0.9999713,0.02068779,0,0.9993562
4451,Pass,0,0.99997735,4.6520195,0,0.7439396
4452,Pass,0,0.9862888,0.37495714,0,0.9664113
4453,Pass,0,0.47842428,1.5849407,0,0.43685538
4454,Pass,0,0.9996896,3.8979816,0,0.7852995
4455,Pass,0,0.9986444,3.098539,0,0.8285098
4456,Pass,0,0.9988714,0.13586202,0,0.99191207
4457,Pass,0,0.81888974,2.0080545,0,0.7286294
4458,Pass,0,0.99946135,0.21844134,0,0.987946
4459,Pass,0,0.99997175,0.13964605,0,0.99279606
4460,Pass,0,0.999949,7.2792435,0,0.5990285
4461,Pass,0,0.9999999,0.10434612,0,0.9947709
4462,Pass,0,0.9986644,1.9888872,0,0.88964444
4463,Pass,0,0.99980706,2.2119443,0,0.87836266
4464,Pass,0,0.98171324,0.43267268,0,0.95880306
4465,Pass,0,0.9983127,3.6926339,0,0.7955242
4466,Pass,0,0.7324417,0.6896748,0,0.70496696
4467,Pass,0,0.92305005,0.35153142,0,0.90563965
4468,Pass,0,0.9999312,0.12208555,0,0.9937243
4469,Pass,0,0.93306655,1.1394484,0,0.8749204
4470,Pass,0,0.99926704,0.27428594,0,0.98467624
4471,Pass,0,0.9118104,0.626847,0,0.8807668
4472,Pass,0,0.9991252,4.4830456,0,0.75261676
4473,Pass,0,0.9962102,0.21176542,0,0.9850991
4474,Pass,0,0.999889,0.09128764,0,0.9953807
4475,Pass,0,0.93852377,3.1945693,0,0.77366096
4476,Pass,0,0.9995003,3.386369,0,0.8133533
4477,Pass,0,0.9848037,7.7344127,0,0.5652334
4478,Pass,0,0.99983966,0.14127015,0,0.9925754
4479,Pass,0,0.9997694,0.21494189,0,0.98844343
4480,Pass,0,0.97629637,0.36691085,0,0.95705354
4481,Pass,0,0.99976426,0.28163692,0,0.9847608
4482,Pass,0,0.9999665,0.12671004,0,0.99350435
4483,Pass,0,0.991565,0.0793981,0,0.98774445
4484,Pass,0,0.9938676,2.1268797,0,0.8778074
4485,Pass,0,0.9997018,0.032068506,0,0.99845946
4486,Pass,0,0.9995815,4.010566,0,0.7790079
4487,Pass,0,0.999966,0.095693946,0,0.9952144
4488,Pass,0,0.99999917,0.056471713,0,0.99741054
4489,Pass,0,0.97009045,0.44308105,0,0.94689465
4490,Pass,0,0.9998634,0.12821633,0,0.9933188
4491,Pass,0,0.9998859,5.5910883,0,0.6920857
4492,Pass,0,0.9999846,4.439636,0,0.75565827
4493,Pass,0,0.99892837,5.411021,0,0.70134336
4494,Pass,0,0.9612006,0.5237695,0,0.9339399
4495,Pass,0,0.99998343,0.11628932,0,0.99409586
4496,Pass,0,0.6404343,3.3473523,0,0.52253795
4497,Pass,0,0.9989735,0.15449476,0,0.99098694
4498,Pass,0,0.99987555,6.005387,0,0.66923183
4499,Pass,0,0.99865687,0.2247993,0,0.9868006
4500,Pass,0,0.91772705,3.4294765,0,0.74462765
4501,Pass,0,0.9999994,0.10502741,0,0.99473286
4502,Pass,0,0.9999893,0.08491948,0,0.9958318
4503,Pass,0,0.99999475,0.11327438,0,0.9942734
4504,Pass,0,0.9999987,0.088539205,0,0.99564147
4505,Pass,0,0.99998856,2.5987642,0,0.85718834
4506,Pass,0,0.9967135,1.8403736,0,0.89607054
4507,Pass,0,0.6625495,0.5912824,0,0.64129186
4508,Pass,0,0.28790635,1.9464613,0,0.2571505
4509,Pass,0,0.99992466,0.104586504,0,0.99468285
4510,Pass,0,0.9999906,0.20256945,0,0.9893445
4511,Pass,0,0.9319693,1.7982001,0,0.84003156
4512,Pass,0,0.99999547,0.08930657,0,0.99559593
4513,Pass,0,1.0,0.0315595,0,0.9987854
4514,Pass,0,0.99510205,6.9825163,0,0.61240995
4515,Pass,0,0.99481755,0.2531048,0,0.9814538
4516,Pass,0,0.9999765,0.046826612,0,0.9979199
4517,Pass,0,0.99985886,0.14775284,0,0.992237
4518,Pass,0,0.99838185,3.802259,0,0.78954303
4519,Pass,0,0.9999862,0.017266823,0,0.9995598
4520,Pass,0,0.9921445,1.6644946,0,0.9015868
4521,Pass,0,0.98399156,3.2383313,0,0.80876684
4522,Pass,0,0.99995637,0.03856458,0,0.99835545
4523,Pass,0,0.9999423,0.11874712,0,0.99391943
4524,Pass,0,0.8325024,4.3248363,0,0.634368
4525,Pass,0,0.5580684,1.5577335,0,0.5104168
4526,Pass,0,0.95560247,1.0715446,0,0.8996307
4527,Pass,0,0.9321791,3.0681286,0,0.7749313
4528,Pass,0,0.99999213,0.10921039,0,0.9944949
4529,Pass,0,0.99998975,0.07754915,0,0.9962387
4530,Pass,0,0.45002204,1.1015285,0,0.4229191
4531,Pass,0,0.99999857,0.102808736,0,0.9948544
4532,Pass,0,0.9967949,0.22158952,0,0.98513716
4533,Pass,0,0.9948383,0.3311486,0,0.97719216
4534,Pass,0,0.68184197,1.9323298,0,0.60953504
4535,Pass,0,0.36692083,1.3093103,0,0.34061792
4536,Pass,0,0.9999136,0.22113916,0,0.9882442
4537,Pass,0,0.9574984,1.5205234,0,0.8777058
4538,Pass,0,0.99725324,0.35603783,0,0.97819537
4539,Pass,0,0.9999534,0.028272307,0,0.9989201
4540,Pass,0,0.99932456,5.1188498,0,0.7177246
4541,Pass,0,0.9725437,1.8617975,0,0.8731921
4542,Pass,0,0.9998368,0.06179905,0,0.99695486
4543,Pass,0,0.9610039,2.7855828,0,0.8138691
4544,Pass,0,0.9996791,8.587326,0,0.5267462
4545,Pass,0,0.99949276,4.770483,0,0.7370489
4546,Pass,0,0.9972621,0.31216797,0,0.980617
4547,Pass,0,0.99999106,0.18755507,0,0.990173
4548,Pass,0,0.99952626,3.910276,0,0.7844935
4549,Pass,0,0.8697426,1.7302057,0,0.78720504
4550,Pass,0,0.5447751,1.1821645,0,0.5095428
4551,Pass,0,0.99700767,0.36266455,0,0.97759014
4552,Pass,0,0.99999976,0.05788321,0,0.9973333
4553,Pass,0,0.9993212,0.23557112,0,0.9868633
4554,Pass,0,0.99980706,2.4524527,0,0.8651006
4555,Pass,0,0.8833195,0.5931921,0,0.85488546
4556,Pass,0,0.99999905,0.17182092,0,0.9910487
4557,Pass,0,0.9999993,0.06693731,0,0.9968335
4558,Pass,0,0.999997,3.2598152,0,0.82073724
4559,Pass,0,0.9973138,2.9515812,0,0.83548915
4560,Pass,0,0.99432003,3.7664256,0,0.7882959
4561,Pass,0,0.9999933,0.097910166,0,0.99511933
4562,Pass,0,0.50874287,1.2779517,0,0.47315326
4563,Pass,0,0.9948791,1.6912996,0,0.902601
4564,Pass,0,0.9999548,2.6630466,0,0.8536143
4565,Pass,0,0.63280123,1.3249867,0,0.5868914
4566,Pass,0,0.9205166,3.4980488,0,0.74340975
4567,Pass,0,0.99676055,5.5705905,0,0.6910493
4568,Pass,0,0.9999999,0.053861406,0,0.99755526
4569,Pass,0,0.998998,0.24807732,0,0.98585504
4570,Pass,0,0.9999944,0.19164693,0,0.98995066
4571,Pass,0,0.9999999,0.091229774,0,0.9954943
4572,Pass,0,0.96692276,0.6531606,0,0.93259954
4573,Pass,0,0.9999187,2.1464655,0,0.8820718
4574,Pass,0,0.9999566,2.9813852,0,0.83605945
4575,Pass,0,0.9807525,1.9184875,0,0.87749594
4576,Pass,0,0.5522127,2.428352,0,0.47854576
4577,Pass,0,0.9981312,3.9736378,0,0.77991056
4578,Pass,0,0.99926656,4.831306,0,0.73353
4579,Pass,0,0.9999945,0.048986223,0,0.99781877
4580,Pass,0,0.999995,0.13267908,0,0.99320346
4581,Pass,0,0.99999404,0.031750638,0,0.99876887
4582,Pass,0,0.8976281,0.55882984,0,0.8704347
4583,Pass,0,0.9924664,1.5659962,0,0.9072708
4584,Pass,0,0.48031542,1.5461473,0,0.43960983
4585,Pass,0,0.99974173,0.07394313,0,0.9961904
4586,Pass,0,0.99724495,0.27063146,0,0.98288465
4587,Pass,0,0.99850994,0.4701859,0,0.9731419
4588,Pass,0,0.9999304,0.157976,0,0.99174416
4589,Pass,0,0.999374,0.04786515,0,0.99726135
4590,Pass,0,0.9576045,0.6393811,0,0.92433983
4591,Pass,0,0.99807584,3.3927364,0,0.8118437
4592,Pass,0,0.9999987,0.07112505,0,0.99660194
4593,Pass,0,0.9880752,0.3264728,0,0.97080386
4594,Pass,0,0.99911565,0.4251807,0,0.97621214
4595,Pass,0,0.89163005,0.9079638,0,0.8474495
4596,Pass,0,0.87247545,0.87538606,0,0.8308116
4597,Pass,0,0.9999738,0.2003287,0,0.9894514
4598,Pass,0,0.9997807,0.26394668,0,0.98575246
4599,Pass,0,0.9996418,0.2092394,0,0.9886316
4600,Pass,0,0.999997,0.14980683,0,0.99226075
4601,Pass,0,0.98868585,0.82410043,0,0.94426906
4602,Pass,0,0.9086055,3.6211143,0,0.7276233
4603,Pass,0,0.9982534,0.036494944,0,0.9967692
4604,Pass,0,0.92221946,2.5260067,0,0.79422545
4605,Pass,0,0.8773488,0.60728246,0,0.84842515
4606,Pass,0,0.99985516,4.6056027,0,0.74640834
4607,Pass,0,0.99987626,3.094264,0,0.8297675
4608,Pass,0,0.9999937,0.09589333,0,0.995231
4609,Pass,0,0.9965957,2.4779985,0,0.86091787
4610,Pass,0,0.99996555,0.08763005,0,0.99565864
4611,Pass,0,0.999749,2.4792886,0,0.86357075
4612,Pass,0,0.4444323,1.062209,0,0.41862974
4613,Pass,0,0.9908325,3.4592032,0,0.80231965
4614,Pass,0,0.9962037,5.1938257,0,0.7113638
4615,Pass,0,0.99982435,0.15392426,0,0.99186236
4616,Pass,0,0.9999845,0.21584179,0,0.98860645
4617,Pass,0,0.999482,0.2683524,0,0.98521507
4618,Pass,0,0.99999845,0.1113295,0,0.9943843
4619,Pass,0,0.9989023,0.14471531,0,0.991455
4620,Pass,0,0.90921575,0.93782926,0,0.8626662
4621,Pass,0,0.9999981,0.10292132,0,0.9948477
4622,Pass,0,0.99733174,5.5469985,0,0.69274294
4623,Pass,0,0.99997365,0.10175553,0,0.99488765
4624,Pass,0,0.99950325,0.24099776,0,0.9867439
4625,Pass,0,0.9999893,0.14264235,0,0.99264824
4626,Pass,0,0.99999785,0.07758661,0,0.9962447
4627,Pass,0,0.9893947,1.6681192,0,0.8988902
4628,Pass,0,0.72594,1.548224,0,0.6643352
4629,Pass,0,0.9999976,2.8286867,0,0.8445154
4630,Pass,0,0.548374,1.7951488,0,0.4943698
4631,Pass,0,0.9998729,7.7652106,0,0.57218415
4632,Pass,0,0.38262776,2.4049737,0,0.33207732
4633,Pass,0,0.99998415,0.11766553,0,0.9940207
4634,Pass,0,0.99994063,0.024979416,0,0.99908894
4635,Pass,0,0.9889324,1.353366,0,0.9156374
4636,Pass,0,0.9987797,1.5904664,0,0.91169417
4637,Pass,0,0.943379,0.53627545,0,0.915973
4638,Pass,0,0.99995124,2.9269998,0,0.83905435
4639,Pass,0,0.99694437,0.37153774,0,0.9770402
4640,Pass,0,0.9978091,4.2508984,0,0.7644008
4641,Pass,0,0.99874675,2.3023376,0,0.872452
4642,Pass,0,0.99782807,2.4840996,0,0.86164665
4643,Pass,0,0.93001306,0.67879015,0,0.89568543
4644,Pass,0,0.99993217,0.26853254,0,0.9856489
4645,Pass,0,0.9997366,5.4703107,0,0.6986418
4646,Pass,0,0.99999607,0.05430102,0,0.9975272
4647,Pass,0,0.9999883,7.3138914,0,0.5971412
4648,Pass,0,0.9999418,0.09624111,0,0.99516016
4649,Pass,0,0.99970764,0.13737316,0,0.9926592
4650,Pass,0,0.9962167,0.31176624,0,0.9796111
4651,Pass,0,0.9957266,0.119189985,0,0.9897048
4652,Pass,0,1.0,0.136228,0,0.99301267
4653,Pass,0,0.9991535,4.4121475,0,0.75654495
4654,Pass,0,0.9934962,0.037028927,0,0.99198973
4655,Pass,0,0.8264027,1.8803053,0,0.7411368
4656,Pass,0,0.9823219,0.62320477,0,0.949075
4657,Pass,0,0.99812275,0.13595127,0,0.9911638
4658,Pass,0,0.9996301,5.647748,0,0.6887849
4659,Pass,0,0.9999809,0.10746219,0,0.9945802
4660,Pass,0,0.9999901,0.13167049,0,0.9932542
4661,Pass,0,0.99991155,0.1404972,0,0.9926894
4662,Pass,0,0.9849194,0.3375761,0,0.9671001
4663,Pass,0,0.9999883,0.065850385,0,0.9968825
4664,Pass,0,0.36793736,1.7101496,0,0.33342752
4665,Pass,0,0.9999361,0.3289608,0,0.98232025
4666,Pass,0,0.99636286,0.33495086,0,0.97848076
4667,Pass,0,0.99625623,0.32366216,0,0.97899634
4668,Pass,0,0.6734046,2.2360218,0,0.5907133
4669,Pass,0,0.9999975,0.09487883,0,0.99529064
4670,Pass,0,0.9999672,0.2144642,0,0.98866534
4671,Pass,0,0.9999608,12.689034,0,0.30068493
4672,Pass,0,0.99987817,4.164369,0,0.77075756
4673,Pass,0,0.9895864,0.4579747,0,0.96511155
4674,Pass,0,0.9920459,0.38337284,0,0.9715919
4675,Pass,0,0.9999987,5.0358043,0,0.72278893
4676,Pass,0,0.9999924,0.11292877,0,0.9942901
4677,Pass,0,0.9713821,8.119233,0,0.53691363
4678,Pass,0,0.9994917,0.07640847,0,0.9958054
4679,Pass,0,0.999466,4.771502,0,0.736973
4680,Pass,0,0.99998164,0.080730006,0,0.9960552
4681,Pass,0,0.99978155,0.22983225,0,0.9876344
4682,Pass,0,0.9998535,0.18430799,0,0.99021584
4683,Pass,0,0.9980065,0.24518742,0,0.9850357
4684,Pass,0,0.9965037,6.9175305,0,0.6168441
4685,Pass,0,0.9999962,3.125795,0,0.82812804
4686,Pass,0,0.99999905,0.09497079,0,0.9952871
4687,Pass,0,0.9968951,2.384084,0,0.86634
4688,Pass,0,0.99973565,0.28460318,0,0.9845691
4689,Pass,0,0.9662239,0.13627572,0,0.95947003
4690,Pass,0,0.8175473,0.57558835,0,0.79202425
4691,Pass,0,0.9979836,1.5412842,0,0.91367453
4692,Pass,0,0.9998068,2.5762455,0,0.8582743
4693,Pass,0,0.9362308,3.9540324,0,0.7325557
4694,Pass,0,0.9651634,0.7185681,0,0.927421
4695,Pass,0,0.9997843,5.4044843,0,0.70230484
4696,Pass,0,0.9968622,6.76498,0,0.6254531
4697,Pass,0,0.9985885,3.9708028,0,0.780424
4698,Pass,0,0.9552556,0.2510688,0,0.9425306
4699,Pass,0,0.9999994,0.15513474,0,0.9919693
4700,Pass,0,0.9999864,0.08860899,0,0.99562544
4701,Pass,0,0.99438924,0.33358866,0,0.9766173
4702,Pass,0,0.9963076,5.1716437,0,0.71265686
4703,Pass,0,0.9977329,8.637518,0,0.5229589
4704,Pass,0,0.79565036,1.7529962,0,0.7191439
4705,Pass,0,0.99991596,0.077075005,0,0.9961913
4706,Pass,0,0.99990964,2.3489294,0,0.8708984
4707,Pass,0,0.9997435,0.70025253,0,0.9616587
4708,Pass,0,0.99998534,0.032921374,0,0.9986956
4709,Pass,0,0.9971873,2.807473,0,0.84330875
4710,Pass,0,0.9999684,0.19943564,0,0.9894954
4711,Pass,0,0.9998306,3.6964924,0,0.796521
4712,Pass,0,0.9958092,2.1456132,0,0.87849337
4713,Pass,0,0.9999981,0.10348398,0,0.99481666
4714,Pass,0,0.99867034,2.3008635,0,0.87246644
4715,Pass,0,0.526008,3.0555663,0,0.43764102
4716,Pass,0,0.9808442,2.594293,0,0.84101975
4717,Pass,0,0.99776685,0.25894132,0,0.9840423
4718,Pass,0,0.99992216,0.13681279,0,0.9929031
4719,Pass,0,0.9999831,0.1491469,0,0.99228334
4720,Pass,0,0.9997887,4.1811504,0,0.7697633
4721,Pass,0,0.9999212,0.075595185,0,0.99627817
4722,Pass,0,0.9999713,3.4572341,0,0.80982834
4723,Pass,0,0.979735,5.2166433,0,0.698371
4724,Pass,0,0.99428684,0.21716921,0,0.98290086
4725,Pass,0,0.9999567,0.01803313,0,0.9994881
4726,Pass,0,0.9997137,1.8345052,0,0.8990913
4727,Pass,0,0.99998987,0.056003902,0,0.99742705
4728,Pass,0,0.99945706,2.5886884,0,0.8572882
4729,Pass,0,0.99969864,0.30445668,0,0.983438
4730,Pass,0,0.9999285,3.4236207,0,0.8116474
4731,Pass,0,0.99998903,0.21529679,0,0.98864096
4732,Pass,0,0.99999976,0.11933396,0,0.99394417
4733,Pass,0,0.48382208,2.3754718,0,0.42068973
4734,Pass,0,0.999819,5.988123,0,0.670146
4735,Pass,0,0.9999267,0.17182718,0,0.99097663
4736,Pass,0,0.99903214,4.7928257,0,0.73547816
4737,Pass,0,0.99977976,0.04413622,0,0.9978719
4738,Pass,0,0.45882913,0.93638986,0,0.43537468
4739,Pass,0,0.32450506,1.1589377,0,0.303934
4740,Pass,0,0.8343392,2.887297,0,0.701917
4741,Pass,0,0.9872658,6.097197,0,0.65579295
4742,Pass,0,0.99952114,3.772721,0,0.79207224
4743,Pass,0,0.9998826,3.5447497,0,0.8049304
4744,Pass,0,0.9999989,0.11785355,0,0.994025
4745,Pass,0,0.9993819,2.9374337,0,0.8380015
4746,Pass,0,0.57923824,4.240677,0,0.4440689
4747,Pass,0,0.9999771,0.1789886,0,0.99063164
4748,Pass,0,0.99993336,8.963193,0,0.5061517
4749,Pass,0,0.9967764,0.2350269,0,0.9843802
4750,Pass,0,0.99999666,0.120705605,0,0.99386543
4751,Pass,0,0.9999989,0.07754656,0,0.996248
4752,Pass,0,0.99999213,0.1968758,0,0.98965997
4753,Pass,0,0.9980241,2.4863873,0,0.86169
4754,Pass,0,0.99993443,8.299248,0,0.54276794
4755,Pass,0,0.96491987,1.768885,0,0.8712917
4756,Pass,0,0.999954,0.17784208,0,0.99067193
4757,Pass,0,0.9999268,3.7634306,0,0.7929061
4758,Pass,0,0.99943274,6.841273,0,0.6228606
4759,Pass,0,0.9999819,0.118734576,0,0.9939594
4760,Pass,0,0.970318,0.40325832,0,0.9492479
4761,Pass,0,0.4402263,0.97751796,0,0.4167242
4762,Pass,0,0.99993503,0.15563573,0,0.99187785
4763,Pass,0,0.9999299,0.1363183,0,0.99293804
4764,Pass,0,0.9998838,0.1980375,0,0.98948866
4765,Pass,0,0.99997795,0.06549198,0,0.9968919
4766,Pass,0,0.98426473,0.4668892,0,0.95943755
4767,Pass,0,0.99921334,2.1907322,0,0.87901
4768,Pass,0,0.99886835,0.16331562,0,0.9903967
4769,Pass,0,0.87443656,0.6949773,0,0.84137964
4770,Pass,0,0.9999982,0.1088114,0,0.9945229
4771,Pass,0,0.9995018,4.439743,0,0.7552875
4772,Pass,0,0.9999939,0.34426984,0,0.9815327
4773,Pass,0,0.99993753,6.2629733,0,0.65506774
4774,Pass,0,0.9999794,0.16066158,0,0.9916446
4775,Pass,0,0.91566545,2.9482093,0,0.76725936
4776,Pass,0,0.9976821,0.15891734,0,0.98946244
4777,Pass,0,0.9999757,0.25886205,0,0.9862251
4778,Pass,0,0.9999224,0.2879939,0,0.98456603
4779,Pass,0,0.5742263,1.1699218,0,0.537477
4780,Pass,0,0.81832325,0.35457274,0,0.80275095
4781,Pass,0,0.9586844,2.8415027,0,0.808948
4782,Pass,0,0.39744833,1.0770051,0,0.37404922
4783,Pass,0,0.9999882,0.18157645,0,0.9904999
4784,Pass,0,0.9999925,6.4911175,0,0.6425212
4785,Pass,0,0.9999987,7.329526,0,0.5962851
4786,Pass,0,1.0,0.044926815,0,0.9980481
4787,Pass,0,0.9995888,0.20940469,0,0.9885701
4788,Pass,0,1.0,0.03128431,0,0.9988005
4789,Pass,0,0.999448,3.6888971,0,0.79663485
4790,Pass,0,0.68441164,1.4628918,0,0.62955207
4791,Pass,0,0.99981934,4.6969967,0,0.74134195
4792,Pass,0,0.9999727,0.25419718,0,0.98647946
4793,Pass,0,0.9999145,5.04379,0,0.72228765
4794,Pass,0,0.82943535,1.1827521,0,0.77576625
4795,Pass,0,0.9999052,0.17400536,0,0.9908352
4796,Pass,0,0.9999896,7.784131,0,0.57120746
4797,Pass,0,0.9881462,0.21308096,0,0.97705334
4798,Pass,0,0.9994437,2.5354977,0,0.86020863
4799,Pass,0,0.9999993,0.114562206,0,0.99420685
4800,Pass,0,0.42172197,1.293698,0,0.39185375
4801,Pass,0,0.9999809,0.07713243,0,0.9962529
4802,Pass,0,0.99999785,0.1380827,0,0.99290824
4803,Pass,0,0.9999995,0.088063195,0,0.9956686
4804,Pass,0,0.99986935,3.411112,0,0.8122892
4805,Pass,0,0.9999758,0.16064748,0,0.9916418
4806,Pass,0,0.99976486,5.331652,0,0.70630705
4807,Pass,0,0.5588838,2.3047285,0,0.48813742
4808,Pass,0,0.9999913,0.10410629,0,0.9947756
4809,Pass,0,0.9972843,0.27113226,0,0.98289585
4810,Pass,0,0.9999975,0.062428024,0,0.9970804
4811,Pass,0,0.9999685,0.24760467,0,0.98683894
4812,Pass,0,0.9999958,0.065897584,0,0.9968874
4813,Pass,0,0.9999126,0.18931459,0,0.98999834
4814,Pass,0,0.9768345,5.1260543,0,0.70118386
4815,Pass,0,0.9943639,1.8310397,0,0.89447004
4816,Pass,0,0.9927215,2.818868,0,0.83890814
4817,Pass,0,0.9999337,0.25086802,0,0.9866246
4818,Pass,0,0.95583874,1.555428,0,0.87434447
4819,Pass,0,0.9998907,0.16314746,0,0.9914196
4820,Pass,0,0.9985441,0.39852417,0,0.9771218
4821,Pass,0,0.79757506,1.9493575,0,0.71224606
4822,Pass,0,0.99920434,4.401463,0,0.7571722
4823,Pass,0,0.9995845,5.5572896,0,0.69374037
4824,Pass,0,0.99368095,1.2813342,0,0.9239816
4825,Pass,0,0.999982,4.9345927,0,0.7283588
4826,Pass,0,0.8475843,2.3339636,0,0.7389261
4827,Pass,0,0.75215685,0.88137835,0,0.71599007
4828,Pass,0,0.9998153,0.2928982,0,0.9841901
4829,Pass,0,0.9999924,0.17292792,0,0.990981
4830,Pass,0,0.99998236,0.08537606,0,0.99579966
4831,Pass,0,0.99153566,3.4465609,0,0.8035804
4832,Pass,0,0.9999703,9.204673,0,0.4928526
4833,Pass,0,0.99581146,2.418761,0,0.86349374
4834,Pass,0,0.6729755,1.6635832,0,0.61158365
4835,Pass,0,0.8291937,1.8856237,0,0.74339664
4836,Pass,0,0.99999785,6.601969,0,0.63641095
4837,Pass,0,0.9997937,0.06907704,0,0.99651057
4838,Pass,0,0.9998646,0.04220818,0,0.99806285
4839,Pass,0,0.9999999,0.050234947,0,0.9977552
4840,Pass,0,0.99845254,6.4832764,0,0.64196354
4841,Pass,0,0.99403435,4.7940116,0,0.7317338
4842,Pass,0,0.99987805,0.32580566,0,0.9824372
4843,Pass,0,0.9991186,0.21158034,0,0.98798525
4844,Pass,0,0.24388936,1.2729527,0,0.22689506
4845,Pass,0,0.99999774,0.06387008,0,0.9970011
4846,Pass,0,0.99997735,0.085011125,0,0.99581486
4847,Pass,0,0.98856145,3.2417316,0,0.8123376
4848,Pass,0,0.9988042,2.3661108,0,0.8689891
4849,Pass,0,0.9857202,0.40531996,0,0.9642036
4850,Pass,0,0.41400266,1.0188352,0,0.39095715
4851,Pass,0,0.9999893,0.11568408,0,0.994135
4852,Pass,0,0.9998067,9.622623,0,0.46972546
4853,Pass,0,0.36175433,2.0676312,0,0.3206921
4854,Pass,0,0.9995122,1.741673,0,0.9040275
4855,Pass,0,0.99999654,0.05867806,0,0.99728626
4856,Pass,0,0.9929825,2.0651565,0,0.88040596
4857,Pass,0,0.9999207,4.177185,0,0.77008367
4858,Pass,0,0.99999905,0.17753038,0,0.9907338
4859,Pass,0,0.99998903,0.089134924,0,0.99559903
4860,Pass,0,0.9999883,0.118489325,0,0.99397933
4861,Pass,0,0.9997794,5.812063,0,0.6798274
4862,Pass,0,0.99998,0.11934326,0,0.99392396
4863,Pass,0,0.9991148,2.8409002,0,0.84309685
4864,Pass,0,0.9965934,0.41206983,0,0.9744684
4865,Pass,0,0.8281032,1.3044224,0,0.76896346
4866,Pass,0,0.8763462,0.85052544,0,0.8356991
4867,Pass,0,0.99985003,6.3068204,0,0.65259254
4868,Pass,0,0.98498315,2.4411712,0,0.85288686
4869,Pass,0,0.97110695,0.7216468,0,0.9329672
4870,Pass,0,0.9999006,0.19140308,0,0.9898712
4871,Pass,0,0.9703148,0.4532267,0,0.94657063
4872,Pass,0,0.99699295,0.9216089,0,0.94684136
4873,Pass,0,0.9999287,0.03510846,0,0.99851847
4874,Pass,0,0.479372,1.7992045,0,0.43205592
4875,Pass,0,0.9999784,5.612233,0,0.6909836
4876,Pass,0,0.99998975,0.22215134,0,0.98826367
4877,Pass,0,0.99996984,0.15055044,0,0.9921928
4878,Pass,0,0.9996431,2.4476542,0,0.8652233
4879,Pass,0,0.88336265,1.57966,0,0.80686706
4880,Pass,0,0.9999831,0.16723269,0,0.99128586
4881,Pass,0,0.9918417,6.87321,0,0.6163827
4882,Pass,0,0.9999933,0.1487057,0,0.99231786
4883,Pass,0,0.9999286,0.045217212,0,0.9979608
4884,Pass,0,0.9969292,5.446636,0,0.6979816
4885,Pass,0,0.9979323,2.0751555,0,0.88424426
4886,Pass,0,0.99988616,0.05834711,0,0.9971944
4887,Pass,0,0.99874204,3.3344643,0,0.8155953
4888,Pass,0,0.99997115,0.019431539,0,0.9994254
4889,Pass,0,0.99992025,4.6033783,0,0.7465796
4890,Pass,0,0.9944887,0.25375095,0,0.98109394
4891,Pass,0,0.9991285,3.7116528,0,0.79512626
4892,Pass,0,0.99864286,5.051189,0,0.7209616
4893,Pass,0,0.9966383,0.3035475,0,0.98047745
4894,Pass,0,0.9977531,3.3217854,0,0.8154854
4895,Pass,0,0.9965162,3.3583465,0,0.81246513
4896,Pass,0,0.99999976,0.029942598,0,0.9988743
4897,Pass,0,0.9339956,0.9422497,0,0.8859497
4898,Pass,0,0.96261936,1.9037114,0,0.8620563
4899,Pass,0,0.82682276,0.38913083,0,0.8095128
4900,Pass,0,0.7656772,2.911773,0,0.6431191
4901,Pass,0,0.99905175,0.29655457,0,0.983237
4902,Pass,0,0.999997,0.04142677,0,0.9982382
4903,Pass,0,0.99984133,0.09799671,0,0.9949633
4904,Pass,0,0.69596225,0.71317154,0,0.66895396
4905,Pass,0,0.99999845,0.05790256,0,0.9973309
4906,Pass,0,0.99993277,0.17418694,0,0.9908525
4907,Pass,0,0.99918836,6.91034,0,0.6189022
4908,Pass,0,0.9996458,0.21266353,0,0.9884469
4909,Pass,0,0.99988484,3.1798134,0,0.82505697
4910,Pass,0,0.9998399,6.3204393,0,0.6518349
4911,Pass,0,0.99999976,0.0665213,0,0.9968569
4912,Pass,0,0.99491394,4.359922,0,0.7562006
4913,Pass,0,0.9698108,0.29778248,0,0.95439327
4914,Pass,0,0.99879766,2.2300189,0,0.87648016
4915,Pass,0,0.9997625,5.0121007,0,0.7239251
4916,Pass,0,0.999995,0.066505335,0,0.996853
4917,Pass,0,0.8114115,4.1792145,0,0.62481344
4918,Pass,0,0.9012554,2.5285933,0,0.77604246
4919,Pass,0,0.99999964,0.0737199,0,0.9964598
4920,Pass,0,1.0,0.091789715,0,0.99546355
4921,Pass,0,0.9999565,0.14364335,0,0.99256045
4922,Pass,0,0.99865294,3.0379422,0,0.8318544
4923,Pass,0,0.99999976,0.096847415,0,0.99518436
4924,Pass,0,0.9999039,0.08972392,0,0.9954818
4925,Pass,0,0.99957424,0.07795187,0,0.9958026
4926,Pass,0,0.9815719,4.7455883,0,0.72518134
4927,Pass,0,0.9999852,0.23004308,0,0.98782396
4928,Pass,0,0.9980196,3.458903,0,0.8081559
4929,Pass,0,0.99992776,0.32278356,0,0.9826527
4930,Pass,0,0.9999963,5.7035165,0,0.6859614
4931,Pass,0,0.79146934,0.5005258,0,0.77003694
4932,Pass,0,0.9939487,5.5928373,0,0.6878803
4933,Pass,0,0.99863017,5.823763,0,0.6784016
4934,Pass,0,0.9999981,0.14451265,0,0.99255383
4935,Pass,0,0.9970196,2.5659337,0,0.85644865
4936,Pass,0,0.9890342,0.51760525,0,0.9613203
4937,Pass,0,0.9994972,4.414478,0,0.75667673
4938,Pass,0,0.9998616,0.12072278,0,0.99373025
4939,Pass,0,0.99993014,0.25454053,0,0.98641855
4940,Pass,0,0.9999887,3.9376743,0,0.78334534
4941,Pass,0,0.9990716,3.6245809,0,0.7998788
4942,Pass,0,0.9999858,0.09641668,0,0.9951942
4943,Pass,0,0.65157074,1.7920722,0,0.5875142
4944,Pass,0,0.99999607,0.052650124,0,0.99761826
4945,Pass,0,0.999966,0.028255487,0,0.9989337
4946,Pass,0,0.9996468,0.18546052,0,0.98994756
4947,Pass,0,0.9992182,0.42138708,0,0.9765215
4948,Pass,0,0.99923086,0.3882662,0,0.9783591
4949,Pass,0,0.9992761,2.6682394,0,0.8527487
4950,Pass,0,0.9999938,3.9542577,0,0.78243476
4951,Pass,0,0.99911827,0.18703833,0,0.98933727
4952,Pass,0,0.8536084,0.75117105,0,0.8186934
4953,Pass,0,0.7284636,0.9599039,0,0.6902812
4954,Pass,0,0.9873673,0.15076308,0,0.97967666
4955,Pass,0,0.999938,6.190727,0,0.65905243
4956,Pass,0,0.9999974,0.20967536,0,0.98895925
4957,Pass,0,0.99998116,5.0158653,0,0.7238759
4958,Pass,0,0.9995913,0.16000415,0,0.99129605
4959,Pass,0,0.9999989,15.201112,0,0.16214979
4960,Pass,0,0.9999995,0.05482506,0,0.99750173
4961,Pass,0,0.9840513,1.9723707,0,0.877523
4962,Pass,0,0.9009863,6.4017267,0,0.5833491
4963,Pass,0,0.99990785,5.14532,0,0.71668375
4964,Pass,0,0.99996233,3.7740927,0,0.79234624
4965,Pass,0,0.9999763,0.16979198,0,0.99113804
4966,Pass,0,0.73831755,2.8057919,0,0.6244543
4967,Pass,0,0.99978894,5.749911,0,0.68326104
4968,Pass,0,0.999897,2.4685726,0,0.86428946
4969,Pass,0,0.6004409,0.97416234,0,0.56849664
4970,Pass,0,0.9995782,0.24491616,0,0.9866019
4971,Pass,0,0.9999987,0.045354452,0,0.9980232
4972,Pass,0,0.9999924,3.672177,0,0.7979909
4973,Pass,0,0.9978982,0.30786103,0,0.98147947
4974,Pass,0,0.99889153,4.2473536,0,0.7654253
4975,Pass,0,0.9640108,1.8892666,0,0.8640704
4976,Pass,0,0.9999535,0.039152622,0,0.99832016
4977,Pass,0,0.3955495,1.2538714,0,0.36840376
4978,Pass,0,0.99891853,5.2128544,0,0.71225405
4979,Pass,0,0.77850646,1.1298463,0,0.7304044
4980,Pass,0,0.7060662,3.0593736,0,0.58730197
4981,Pass,0,0.9998629,0.26922792,0,0.9855423
4982,Pass,0,0.9999987,0.10254863,0,0.9948688
4983,Pass,0,0.99999845,0.07974181,0,0.9961265
4984,Pass,0,0.9999794,0.031160843,0,0.99878675
4985,Pass,0,0.99996614,0.11377055,0,0.9942176
4986,Pass,0,0.9995036,0.4564587,0,0.97486705
4987,Pass,0,0.99993706,0.13996914,0,0.99274385
4988,Pass,0,0.9080168,0.77781653,0,0.86954194
4989,Pass,0,0.99697495,4.16713,0,0.7683678
4990,Pass,0,0.9999726,0.06246452,0,0.9970535
4991,Pass,0,0.49908918,1.336917,0,0.4625518
4992,Pass,0,0.73362803,3.9815934,0,0.5729136
4993,Pass,0,1.0,0.062469725,0,0.99708056
4994,Pass,0,0.9994966,0.064149484,0,0.996486
4995,Pass,0,0.98009676,0.21232772,0,0.969135
4996,Pass,0,0.85120046,3.2155957,0,0.70069
4997,Pass,0,0.91383624,0.9916082,0,0.86433965
4998,Pass,0,0.9999732,0.018360062,0,0.9994865
4999,Pass,0,0.99999654,0.10800352,0,0.99456584
5000,Pass,0,0.99034077,1.3861512,0,0.9151507
5001,Pass,0,0.99969935,7.4991345,0,0.58675516
5002,Pass,0,0.9999906,0.01928724,0,0.99945277
5003,Pass,0,0.99999964,0.10719487,0,0.9946135
5004,Pass,0,0.99258935,2.0864499,0,0.8788917
5005,Pass,0,0.99999917,0.080207154,0,0.9961015
5006,Pass,0,0.9993662,0.09585068,0,0.9946088
5007,Pass,0,0.9999585,4.9948897,0,0.7250163
5008,Pass,0,0.99990106,0.3645622,0,0.98032254
5009,Pass,0,0.9999926,0.17919287,0,0.9906357
5010,Pass,0,0.88488156,1.099482,0,0.83168864
5011,Pass,0,0.99999666,0.10847558,0,0.9945399
5012,Pass,0,0.9995228,6.961131,0,0.61630946
5013,Pass,0,0.9807911,0.25674888,0,0.9674187
5014,Pass,0,0.99959594,3.323147,0,0.8169166
5015,Pass,0,0.9999994,0.051806938,0,0.9976681
5016,Pass,0,0.9955636,2.8874123,0,0.83754635
5017,Pass,0,0.9979577,5.824942,0,0.67787987
5018,Pass,0,0.9995633,2.6214082,0,0.85557544
5019,Pass,0,0.80970824,1.7674762,0,0.73120344
5020,Pass,0,0.999936,4.759029,0,0.73800737
5021,Pass,0,0.9998677,0.15160134,0,0.9920335
5022,Pass,0,0.93596333,1.4257622,0,0.86285704
5023,Pass,0,0.99999774,0.14475939,0,0.9925399
5024,Pass,0,0.7467936,2.2223995,0,0.6556516
5025,Pass,0,0.9998068,0.049458705,0,0.99760544
5026,Pass,0,0.9780629,2.1310575,0,0.86362296
5027,Pass,0,0.99995196,0.16408771,0,0.9914285
5028,Pass,0,0.98922986,0.26048237,0,0.9755387
5029,Pass,0,0.99988294,0.054293554,0,0.99741477
5030,Pass,0,0.9999902,0.0863609,0,0.9957532
5031,Pass,0,0.9995665,0.19089793,0,0.98956835
5032,Pass,0,0.9998859,0.12235009,0,0.9936647
5033,Pass,0,0.8181252,1.3848965,0,0.7560669
5034,Pass,0,0.9997793,0.2696087,0,0.9854388
5035,Pass,0,0.9999951,0.0867256,0,0.9957379
5036,Pass,0,0.99999726,0.21510525,0,0.98865974
5037,Pass,0,0.9909314,8.337623,0,0.53578377
5038,Pass,0,0.9981293,0.42528674,0,0.9752426
5039,Pass,0,0.88242096,1.2405995,0,0.82250816
5040,Pass,0,0.99986005,4.2169228,0,0.7678456
5041,Pass,0,0.99903417,4.616266,0,0.74520797
5042,Pass,0,0.9999733,0.12618615,0,0.99354
5043,Pass,0,0.99995553,0.09888967,0,0.9950277
5044,Pass,0,0.506856,1.0598125,0,0.4774963
5045,Pass,0,0.9972831,0.42272386,0,0.9745568
5046,Pass,0,0.99823594,6.7039056,0,0.6296775
5047,Pass,0,0.9917847,0.21944097,0,0.9803031
5048,Pass,0,0.9991948,0.39287108,0,0.9780701
5049,Pass,0,0.98648524,2.441357,0,0.85417736
5050,Pass,0,0.99998033,3.4089506,0,0.81249857
5051,Pass,0,0.9993807,0.14646237,0,0.99183357
5052,Pass,0,0.996813,0.45512012,0,0.9723163
5053,Pass,0,0.999796,3.0504093,0,0.8321191
5054,Pass,0,0.99999523,0.07133248,0,0.99658704
5055,Pass,0,0.9999176,0.1451499,0,0.9924388
5056,Pass,0,0.9997069,0.10001965,0,0.994718
5057,Pass,0,0.9998951,0.05653586,0,0.99730325
5058,Pass,0,0.99954045,0.19768427,0,0.9891684
5059,Pass,0,0.99997425,7.874099,0,0.56623685
5060,Pass,0,0.9999958,0.08886306,0,0.9956208
5061,Pass,0,0.9999937,0.1541786,0,0.9920164
5062,Pass,0,1.0,0.051961455,0,0.99766016
5063,Pass,0,0.9997781,0.1033533,0,0.994605
5064,Pass,0,0.9999722,0.31229198,0,0.983275
5065,Pass,0,0.73044264,0.8374743,0,0.69708866
5066,Pass,0,0.99975866,0.22804655,0,0.98771024
5067,Pass,0,0.99999416,0.0439399,0,0.9980967
5068,Pass,0,0.9999968,0.065687135,0,0.9968999
5069,Pass,0,0.9710652,0.3085292,0,0.9550522
5070,Pass,0,0.9999341,0.15161565,0,0.9920986
5071,Pass,0,0.71231717,0.9607948,0,0.6749461
5072,Pass,0,0.99999774,0.05895659,0,0.9972721
5073,Pass,0,0.99813557,2.8666384,0,0.84085363
5074,Pass,0,0.9998859,5.015327,0,0.72383666
5075,Pass,0,0.99997306,6.984303,0,0.6153091
5076,Pass,0,0.83677405,1.5022614,0,0.7678848
5077,Pass,0,0.98239756,0.18976663,0,0.9726324
5078,Pass,0,0.9975616,0.42517474,0,0.9746941
5079,Pass,0,0.999762,0.03779812,0,0.99820364
5080,Pass,0,0.99997115,4.7354345,0,0.7393346
5081,Pass,0,0.9908228,1.4371711,0,0.91280806
5082,Pass,0,0.9874342,3.4796178,0,0.79845613
5083,Pass,0,0.9999832,0.11077208,0,0.9943999
5084,Pass,0,0.6924639,2.4219103,0,0.600333
5085,Pass,0,0.9999931,3.6879141,0,0.79712355
5086,Pass,0,0.9913851,4.8329773,0,0.7276531
5087,Pass,0,0.99921906,2.6957023,0,0.8511866
5088,Pass,0,0.99999785,0.12774616,0,0.9934783
5089,Pass,0,0.99999154,0.121919185,0,0.9937934
5090,Pass,0,0.9999839,0.1376211,0,0.99291986
5091,Pass,0,0.9998772,5.2489467,0,0.7109472
5092,Pass,0,0.9990771,4.4013615,0,0.75708145
5093,Pass,0,0.6641299,1.6484824,0,0.60409814
5094,Pass,0,0.99999523,0.17770763,0,0.9907203
5095,Pass,0,0.9999552,5.170736,0,0.715316
5096,Pass,0,0.920258,1.1766641,0,0.86102116
5097,Pass,0,0.9996946,0.17526647,0,0.99055696
5098,Pass,0,0.99978024,2.5387068,0,0.86032134
5099,Pass,0,0.8382695,2.1333508,0,0.74008024
5100,Pass,0,0.86154526,1.7487932,0,0.77890235
5101,Pass,0,0.99995565,0.11149852,0,0.99433243
5102,Pass,0,0.6884254,1.4697022,0,0.63298553
5103,Pass,0,0.9996259,2.5248656,0,0.86095166
5104,Pass,0,0.64424664,1.1304479,0,0.60441875
5105,Pass,0,0.80690634,0.4117196,0,0.7890081
5106,Pass,0,0.48650527,0.84717745,0,0.4640298
5107,Pass,0,0.99984944,3.4891498,0,0.80796975
5108,Pass,0,0.98396087,0.27622986,0,0.969488
5109,Pass,0,0.9997416,0.06673829,0,0.99658763
5110,Pass,0,0.99952066,4.86089,0,0.7320857
5111,Pass,0,0.9998454,0.1286774,0,0.99327546
5112,Pass,0,0.9999474,3.3690324,0,0.81467324
5113,Pass,0,0.77071023,2.8725166,0,0.6490151
5114,Pass,0,0.99996483,5.876431,0,0.6764036
5115,Pass,0,0.99977416,0.164311,0,0.9912399
5116,Pass,0,0.9999933,7.572107,0,0.5829031
5117,Pass,0,0.9932028,1.5563837,0,0.9084705
5118,Pass,0,0.999864,0.14784852,0,0.99223673
5119,Pass,0,0.9989994,7.0674524,0,0.61012876
5120,Pass,0,0.99993896,0.13048121,0,0.99326897
5121,Pass,0,0.99997914,4.794607,0,0.7360771
5122,Pass,0,0.9925242,2.797307,0,0.8399217
5123,Pass,0,0.9999987,0.15502815,0,0.9919745
5124,Pass,0,0.9999405,5.9452233,0,0.6725933
5125,Pass,0,0.99857235,4.506489,0,0.75090927
5126,Pass,0,0.71807814,0.8760946,0,0.6837593
5127,Pass,0,0.9793035,0.48033002,0,0.95387554
5128,Pass,0,0.9999956,16.557629,0,0.0873346
5129,Pass,0,0.98563683,2.955235,0,0.8255083
5130,Pass,0,0.9986633,1.9718457,0,0.89058214
5131,Pass,0,0.9887995,4.597984,0,0.73857063
5132,Pass,0,0.66577464,1.1427534,0,0.62416404
5133,Pass,0,0.99436176,2.3626611,0,0.86531323
5134,Pass,0,0.99981374,0.07034643,0,0.9964605
5135,Pass,0,0.9999968,0.08102454,0,0.99605405
5136,Pass,0,0.9282948,2.7513142,0,0.7879224
5137,Pass,0,0.9937012,1.7438161,0,0.8986542
5138,Pass,0,0.4125455,1.6107515,0,0.37611333
5139,Pass,0,0.9426189,0.35583723,0,0.92461556
5140,Pass,0,0.9998851,0.19625407,0,0.9895884
5141,Pass,0,0.9865682,1.3667827,0,0.9127184
5142,Pass,0,0.9999361,0.030910693,0,0.9987573
5143,Pass,0,0.8016664,2.545539,0,0.6895402
5144,Pass,0,0.9999831,0.13472788,0,0.9930786
5145,Pass,0,0.99996245,8.470387,0,0.53334475
5146,Pass,0,0.9840147,0.47093007,0,0.95897454
5147,Pass,0,0.7741645,1.7705628,0,0.6989741
5148,Pass,0,0.9999999,0.05497279,0,0.9974939
5149,Pass,0,0.9952053,1.4358596,0,0.91691744
5150,Pass,0,0.9914253,4.2362933,0,0.76030886
5151,Pass,0,0.99964285,2.4575565,0,0.86467713
5152,Pass,0,0.9999975,7.386007,0,0.59316933
5153,Pass,0,0.9999889,0.07822504,0,0.9962006
5154,Pass,0,0.9997867,0.15042622,0,0.9920179
5155,Pass,0,0.8346253,0.6306546,0,0.80603427
5156,Pass,0,0.48695198,1.9577912,0,0.43462864
5157,Pass,0,0.99965703,3.1257617,0,0.82784903
5158,Pass,0,0.99997675,0.17319486,0,0.9909508
5159,Pass,0,0.99833375,0.3141926,0,0.9815593
5160,Pass,0,0.9999999,0.08950222,0,0.99558955
5161,Pass,0,0.9997458,5.108027,0,0.7186239
5162,Pass,0,0.99982905,4.242973,0,0.7663853
5163,Pass,0,0.73557234,2.8890254,0,0.6187558
5164,Pass,0,0.9999653,0.20538239,0,0.9891643
5165,Pass,0,0.9999999,0.07338842,0,0.99647826
5166,Pass,0,0.4862475,0.38407385,0,0.4762033
5167,Pass,0,0.9999809,6.771079,0,0.6270735
5168,Pass,0,0.993272,6.2060003,0,0.6538222
5169,Pass,0,0.99990606,3.6145413,0,0.80110043
5170,Pass,0,0.9946242,3.6568153,0,0.79454976
5171,Pass,0,0.9997023,0.24188742,0,0.9868914
5172,Pass,0,0.9999548,0.07728755,0,0.9962183
5173,Pass,0,0.9992532,0.037552662,0,0.99770916
5174,Pass,0,0.99748766,0.1963232,0,0.9872118
5175,Pass,0,0.99983716,0.18053702,0,0.99040765
5176,Pass,0,0.9999198,0.090845145,0,0.9954358
5177,Pass,0,0.9994466,5.705408,0,0.6854801
5178,Pass,0,0.9999733,0.25610334,0,0.9863749
5179,Pass,0,0.6620617,0.8005801,0,0.63317734
5180,Pass,0,0.9506317,1.4376647,0,0.8757556
5181,Pass,0,0.5038349,1.385076,0,0.4656119
5182,Pass,0,0.66666526,1.0405366,0,0.62875736
5183,Pass,0,0.84494084,2.3388846,0,0.73639226
5184,Pass,0,0.9948506,0.7078936,0,0.95653296
5185,Pass,0,0.9993895,7.207847,0,0.6026286
5186,Pass,0,0.98062897,0.25446996,0,0.96738195
5187,Pass,0,0.99992335,5.00686,0,0.72433066
5188,Pass,0,0.99998736,5.3138127,0,0.7074481
5189,Pass,0,0.9999906,0.13551421,0,0.99304265
5190,Pass,0,0.50626665,1.9636543,0,0.45170423
5191,Pass,0,1.0,0.03542334,0,0.9985723
5192,Pass,0,0.99560225,2.1496005,0,0.8780919
5193,Pass,0,0.99996066,0.14201126,0,0.9926547
5194,Pass,0,0.81798667,0.32619324,0,0.80370104
5195,Pass,0,0.9999155,0.068164036,0,0.9966823
5196,Pass,0,0.99999714,0.112502076,0,0.9943183
5197,Pass,0,0.9984749,4.543721,0,0.7487857
5198,Pass,0,0.99945694,5.02365,0,0.72306734
5199,Pass,0,0.99997425,3.8981955,0,0.7855114
5200,Pass,0,0.9916494,0.3430895,0,0.97340673
5201,Pass,0,0.9999938,0.0782102,0,0.9962063
5202,Pass,0,0.99937505,0.0880853,0,0.99504554
5203,Pass,0,0.99999845,0.16480625,0,0.99143493
5204,Pass,0,0.9999454,0.27111688,0,0.9855194
5205,Pass,0,0.99961036,0.31416702,0,0.9828158
5206,Pass,0,0.9828346,0.47485754,0,0.95761156
5207,Pass,0,0.99986124,3.1385012,0,0.8273156
5208,Pass,0,0.5936432,2.1541517,0,0.52342683
5209,Pass,0,0.9999999,0.060820177,0,0.99717146
5210,Pass,0,0.5088306,0.9296565,0,0.4830091
5211,Pass,0,0.99966145,0.18399902,0,0.9900427
5212,Pass,0,0.99325037,3.7168005,0,0.7901664
5213,Pass,0,0.9997912,8.075461,0,0.55502987
5214,Pass,0,0.99989295,3.364439,0,0.81488216
5215,Pass,0,0.99435955,0.36511278,0,0.9748593
5216,Pass,0,0.99999666,0.083549485,0,0.99591464
5217,Pass,0,0.99998546,0.22763808,0,0.9879568
5218,Pass,0,0.9994313,2.5623355,0,0.85871863
5219,Pass,0,0.9899143,0.5089401,0,0.96264887
5220,Pass,0,0.9999964,0.22835201,0,0.9879283
5221,Pass,0,0.9039033,1.6049917,0,0.8243661
5222,Pass,0,0.9769438,2.7703094,0,0.82819146
5223,Pass,0,0.99999547,0.118033975,0,0.9940116
5224,Pass,0,0.74670154,2.660719,0,0.6375198
5225,Pass,0,0.9999999,0.07487106,0,0.9963965
5226,Pass,0,0.9977641,0.15812175,0,0.98958755
5227,Pass,0,0.98809284,2.5540035,0,0.8494306
5228,Pass,0,0.99950314,3.7330546,0,0.79424465
5229,Pass,0,0.99999285,0.14697385,0,0.9924129
5230,Pass,0,0.99957293,4.0227404,0,0.7783301
5231,Pass,0,0.9999968,0.14326416,0,0.99262136
5232,Pass,0,0.99552083,0.24422039,0,0.98263544
5233,Pass,0,0.99964666,0.14152205,0,0.9923699
5234,Pass,0,0.9999701,0.013515206,0,0.9997506
5235,Pass,0,0.9981534,4.581239,0,0.7464792
5236,Pass,0,0.99999976,0.11996309,0,0.9939095
5237,Pass,0,0.99951816,4.7124877,0,0.74026465
5238,Pass,0,0.9998565,0.1603796,0,0.9915383
5239,Pass,0,0.99998844,0.07616563,0,0.99631375
5240,Pass,0,0.99915135,3.2071416,0,0.8229458
5241,Pass,0,0.9998678,0.20910865,0,0.98886234
5242,Pass,0,0.9999629,0.17397277,0,0.9908942
5243,Pass,0,0.99999464,0.18905587,0,0.99009377
5244,Pass,0,0.93858343,2.3294837,0,0.8184913
5245,Pass,0,0.9991103,4.2473097,0,0.7655954
5246,Pass,0,0.99890864,2.1479466,0,0.8810991
5247,Pass,0,0.85317165,2.082857,0,0.75561285
5248,Pass,0,0.99994934,0.16849042,0,0.99118304
5249,Pass,0,0.99996746,0.028468737,0,0.99892336
5250,Pass,0,0.99129736,4.286719,0,0.7574539
5251,Pass,0,0.9992754,2.5945742,0,0.85680795
5252,Pass,0,0.99990857,0.21528763,0,0.9885619
5253,Pass,0,0.9827937,2.4109938,0,0.85262674
5254,Pass,0,0.99998105,0.22307941,0,0.9882039
5255,Pass,0,0.9893154,4.1067595,0,0.7657586
5256,Pass,0,0.99998236,0.16171849,0,0.99158925
5257,Pass,0,0.99817944,0.33515006,0,0.9802538
5258,Pass,0,0.9989874,5.851298,0,0.6771272
5259,Pass,0,0.9999647,0.03480158,0,0.99857134
5260,Pass,0,0.9996438,0.06126482,0,0.99679184
5261,Pass,0,0.99881446,0.37782913,0,0.97852635
5262,Pass,0,0.99986744,0.10453494,0,0.9946287
5263,Pass,0,0.99996495,6.9961514,0,0.6146507
5264,Pass,0,0.9999994,0.053246588,0,0.9975887
5265,Pass,0,0.99989724,5.5865784,0,0.6923423
5266,Pass,0,0.9998733,7.227379,0,0.60184324
5267,Pass,0,0.9999671,0.34284666,0,0.98158485
5268,Pass,0,0.9999962,0.08059849,0,0.99607694
5269,Pass,0,0.98358303,5.8122964,0,0.6688016
5270,Pass,0,0.90979606,1.657979,0,0.8270816
5271,Pass,0,0.99853456,5.5004125,0,0.696144
5272,Pass,0,0.9938129,3.5070755,0,0.8021091
5273,Pass,0,0.99991155,4.6897664,0,0.741809
5274,Pass,0,0.89143115,0.9100966,0,0.8471556
5275,Pass,0,0.9999995,0.15886287,0,0.99176383
5276,Pass,0,0.999882,7.549233,0,0.5840996
5277,Pass,0,0.99998593,0.07058112,0,0.9966192
5278,Pass,0,0.9999964,0.091768436,0,0.9954611
5279,Pass,0,0.9999316,0.15690844,0,0.9918042
5280,Pass,0,0.9955863,2.761771,0,0.8444642
5281,Pass,0,0.99926347,2.0071042,0,0.88917416
5282,Pass,0,1.0,0.043147184,0,0.9981463
5283,Pass,0,0.999992,0.102664195,0,0.9948558
5284,Pass,0,0.9999918,5.439035,0,0.700545
5285,Pass,0,0.9998604,0.11621114,0,0.99397784
5286,Pass,0,0.99981767,4.5261636,0,0.7507608
5287,Pass,0,0.9975241,0.21835883,0,0.9860355
5288,Pass,0,0.99916434,2.9946468,0,0.83466625
5289,Pass,0,0.99990916,4.1209984,0,0.7731733
5290,Pass,0,0.9999981,0.05872985,0,0.99728495
5291,Pass,0,0.9986406,0.19253947,0,0.9885613
5292,Pass,0,0.9999639,0.086364895,0,0.99572676
5293,Pass,0,0.7840854,3.6482153,0,0.626734
5294,Pass,0,0.9996296,0.061784074,0,0.9967491
5295,Pass,0,0.9994567,5.286252,0,0.70859194
5296,Pass,0,0.67274755,3.1064203,0,0.55784214
5297,Pass,0,0.99912053,0.40720713,0,0.97720736
5298,Pass,0,0.9953413,2.4092155,0,0.86361
5299,Pass,0,0.99939454,4.1304774,0,0.77225286
5300,Pass,0,0.99665266,1.8873161,0,0.8934355
5301,Pass,0,0.99135053,5.4300785,0,0.6949811
5302,Pass,0,0.87078995,2.3240793,0,0.7596316
5303,Pass,0,0.9982126,0.5237826,0,0.96990144
5304,Pass,0,0.99989367,0.08709672,0,0.9956165
5305,Pass,0,0.40447542,1.1424456,0,0.37920278
5306,Pass,0,0.99867517,0.23275734,0,0.98638034
5307,Pass,0,0.9956474,1.629567,0,0.9066879
5308,Pass,0,0.88469595,0.9963213,0,0.83654773
5309,Pass,0,0.9992086,0.14038599,0,0.99199766
5310,Pass,0,0.99509394,0.3921611,0,0.9740948
5311,Pass,0,0.99991095,0.20879515,0,0.9889223
5312,Pass,0,0.7718653,1.0536518,0,0.7274172
5313,Pass,0,0.91763306,1.1457694,0,0.8601288
5314,Pass,0,0.9200897,2.7289927,0,0.7820908
5315,Pass,0,0.99992716,5.2373376,0,0.71162295
5316,Pass,0,0.9999969,0.060185235,0,0.99720347
5317,Pass,0,0.99990916,0.1367605,0,0.9928931
5318,Pass,0,0.9999435,0.18021563,0,0.99053067
5319,Pass,0,0.5517508,1.4770064,0,0.5070952
5320,Pass,0,0.9997465,1.7490134,0,0.9038347
5321,Pass,0,0.9996654,4.6482043,0,0.7439178
5322,Pass,0,0.97193974,2.7557397,0,0.82473034
5323,Pass,0,0.9969938,1.6901654,0,0.9045819
5324,Pass,0,0.9725479,2.346721,0,0.84718543
5325,Pass,0,0.9997608,4.6075835,0,0.7462287
5326,Pass,0,0.9991053,2.607018,0,0.8559764
5327,Pass,0,0.99942696,0.21744816,0,0.9879667
5328,Pass,0,0.99998724,0.08223783,0,0.99597764
5329,Pass,0,0.5025307,1.9320961,0,0.44924557
5330,Pass,0,0.7902304,0.9522956,0,0.7491421
5331,Pass,0,0.9999976,5.42698,0,0.70121396
5332,Pass,0,0.4313253,1.552044,0,0.39463124
5333,Pass,0,0.49079654,3.2483037,0,0.40312782
5334,Pass,0,0.99788433,0.25577262,0,0.98433256
5335,Pass,0,0.99847764,3.796404,0,0.7899412
5336,Pass,0,0.9966748,2.6288629,0,0.85269326
5337,Pass,0,0.53592557,2.465485,0,0.46333382
5338,Pass,0,0.99999,0.09916514,0,0.9950468
5339,Pass,0,0.9999933,0.220569,0,0.98835444
5340,Pass,0,0.5265474,1.9141004,0,0.47123826
5341,Pass,0,0.9999989,0.14121616,0,0.99273646
5342,Pass,0,0.99999976,0.1555483,0,0.9919469
5343,Pass,0,0.997269,11.966241,0,0.33963037
5344,Pass,0,0.9270399,0.49408832,0,0.90226555
5345,Pass,0,0.96987,0.5861458,0,0.93902683
5346,Pass,0,0.9999945,0.20161879,0,0.9894008
5347,Pass,0,0.99999857,0.062075283,0,0.9971009
5348,Pass,0,0.99988425,8.350088,0,0.53993696
5349,Pass,0,0.9999914,0.13936608,0,0.99283105
5350,Pass,0,0.99999833,3.1058788,0,0.8292283
5351,Pass,0,0.6086071,1.6904114,0,0.5521867
5352,Pass,0,0.99999285,4.3073277,0,0.7629615
5353,Pass,0,0.9998627,0.12491242,0,0.9935003
5354,Pass,0,0.93948615,2.5185926,0,0.8094799
5355,Pass,0,0.9948691,0.44302142,0,0.97108406
5356,Pass,0,0.9999311,0.10141159,0,0.9948643
5357,Pass,0,0.9999995,0.0755162,0,0.9963606
5358,Pass,0,0.9999583,0.092997566,0,0.99535537
5359,Pass,0,0.9996486,3.108936,0,0.8287697
5360,Pass,0,1.0,0.09256157,0,0.99542093
5361,Pass,0,0.999884,0.18621038,0,0.99014115
5362,Pass,0,0.9827198,1.586057,0,0.8972736
5363,Pass,0,0.99959797,5.905271,0,0.67456543
5364,Pass,0,0.99875724,0.87452734,0,0.9511103
5365,Pass,0,0.9991875,7.7856054,0,0.57066804
5366,Pass,0,0.99999917,0.16408333,0,0.9914755
5367,Pass,0,0.9999682,0.20192091,0,0.98935807
5368,Pass,0,0.9999969,0.106196515,0,0.99466586
5369,Pass,0,0.7322829,3.0226488,0,0.6105921
5370,Pass,0,0.9999702,3.7757368,0,0.79226184
5371,Pass,0,0.9997569,3.0955899,0,0.8295953
5372,Pass,0,0.6308792,1.4661081,0,0.58019865
5373,Pass,0,0.99994576,0.021140076,0,0.99930584
5374,Pass,0,0.99999666,0.061581295,0,0.9971263
5375,Pass,0,0.999729,6.100387,0,0.6638957
5376,Pass,0,0.9410159,1.3256122,0,0.8727127
5377,Pass,0,0.99858284,3.6965256,0,0.79552513
5378,Pass,0,0.99997985,0.19990872,0,0.9894806
5379,Pass,0,0.9416741,3.153716,0,0.7783796
5380,Pass,0,0.99997056,0.1372851,0,0.9929251
5381,Pass,0,0.99998987,0.111707576,0,0.99435496
5382,Pass,0,0.9999999,0.061304737,0,0.9971447
5383,Pass,0,0.99999976,0.10286558,0,0.9948524
5384,Pass,0,0.99924016,5.6226053,0,0.6899018
5385,Pass,0,0.99150616,1.8180144,0,0.8926116
5386,Pass,0,0.99986875,0.16582566,0,0.99125016
5387,Pass,0,0.9999496,0.082090534,0,0.9959482
5388,Pass,0,0.99963,2.638395,0,0.85469604
5389,Pass,0,0.5973027,0.70424914,0,0.574417
5390,Pass,0,0.9988022,1.9701452,0,0.89079964
5391,Pass,0,1.0,0.12386609,0,0.9936944
5392,Pass,0,0.99983895,0.20178448,0,0.9892377
5393,Pass,0,0.9999987,0.05502768,0,0.99748975
5394,Pass,0,0.75441295,1.1073616,0,0.70873505
5395,Pass,0,0.69828475,1.9797657,0,0.62240726
5396,Pass,0,0.9996984,3.547185,0,0.80464786
5397,Pass,0,0.99996126,0.16212592,0,0.99154586
5398,Pass,0,0.6270411,0.7670028,0,0.6008458
5399,Pass,0,0.9999993,0.10276756,0,0.9948574
5400,Pass,0,0.9999999,0.045976557,0,0.99799013
5401,Pass,0,0.99770725,3.1718602,0,0.82369775
5402,Pass,0,0.9982456,0.10921235,0,0.99275786
5403,Pass,0,0.9986363,2.0970874,0,0.8836601
5404,Pass,0,0.9999163,2.7208714,0,0.8503925
5405,Pass,0,0.9998474,0.29807815,0,0.98393613
5406,Pass,0,0.9981494,7.935654,0,0.5618149
5407,Pass,0,0.98459655,5.255152,0,0.6997452
5408,Pass,0,0.99995244,2.4792926,0,0.8637462
5409,Pass,0,0.9997962,0.25341916,0,0.9863483
5410,Pass,0,0.9999161,3.47683,0,0.80870295
5411,Pass,0,0.9999291,0.08234412,0,0.99591386
5412,Pass,0,0.99980146,0.21387817,0,0.9885338
5413,Pass,0,0.9993832,0.044508908,0,0.9974556
5414,Pass,0,0.9999875,7.6323123,0,0.57957923
5415,Pass,0,0.999067,0.28341734,0,0.9839759
5416,Pass,0,0.99994504,6.5915313,0,0.63695294
5417,Pass,0,0.97219175,1.8868016,0,0.8715354
5418,Pass,0,0.99999976,0.056408238,0,0.99741465
5419,Pass,0,0.9997445,4.301971,0,0.7630674
5420,Pass,0,0.9994655,0.2593992,0,0.9856924
5421,Pass,0,0.9975931,4.8698277,0,0.7301821
5422,Pass,0,0.9998691,0.17764784,0,0.99059856
5423,Pass,0,0.99999297,0.09732836,0,0.9951511
5424,Pass,0,0.9997782,0.10595314,0,0.9944618
5425,Pass,0,0.9999933,0.15488979,0,0.9919768
5426,Pass,0,1.0,0.06214468,0,0.9970985
5427,Pass,0,0.9995865,3.323945,0,0.8168649
5428,Pass,0,0.48338637,1.1825166,0,0.45211488
5429,Pass,0,0.9927745,4.2424693,0,0.7610054
5430,Pass,0,0.99517125,3.5140066,0,0.802825
5431,Pass,0,0.99999774,0.031452514,0,0.998789
5432,Pass,0,0.39866522,1.4111873,0,0.3678467
5433,Pass,0,0.9999429,3.7946377,0,0.79119784
5434,Pass,0,0.99960464,1.9891524,0,0.89046746
5435,Pass,0,0.9704433,2.5574992,0,0.8340708
5436,Pass,0,0.54028356,2.6701288,0,0.46100357
5437,Pass,0,0.99995685,0.14648932,0,0.99240386
5438,Pass,0,0.99998033,0.09297659,0,0.9953785
5439,Pass,0,1.0,0.06794958,0,0.99677837
5440,Pass,0,0.8782269,1.2848366,0,0.81645614
5441,Pass,0,0.9999995,0.14793018,0,0.9923668
5442,Pass,0,0.99994755,0.035856828,0,0.99849594
5443,Pass,0,0.99999964,0.074998245,0,0.99638927
5444,Pass,0,0.9998234,4.6909904,0,0.7416761
5445,Pass,0,0.99994206,0.27461034,0,0.9853234
5446,Pass,0,0.9620665,2.4955766,0,0.83015674
5447,Pass,0,0.99948466,2.566916,0,0.858512
5448,Pass,0,0.9999918,0.084211946,0,0.9958733
5449,Pass,0,0.99992025,0.1964685,0,0.9896113
5450,Pass,0,0.74467814,1.9439216,0,0.6652316
5451,Pass,0,0.9998616,0.13466904,0,0.99296117
5452,Pass,0,0.98200953,0.5366078,0,0.9534633
5453,Pass,0,0.99999464,0.10062778,0,0.99497074
5454,Pass,0,0.9996836,0.025867043,0,0.99878323
5455,Pass,0,0.7094475,0.56306136,0,0.6877894
5456,Pass,0,0.99866176,1.8949747,0,0.89481467
5457,Pass,0,0.9856243,2.3389826,0,0.8589969
5458,Pass,0,0.9547717,2.9127314,0,0.8018957
5459,Pass,0,0.99942684,0.26103088,0,0.98556423
5460,Pass,0,0.6264414,2.329231,0,0.5462967
5461,Pass,0,0.9993808,0.14143911,0,0.9921106
5462,Pass,0,0.9999883,5.5273232,0,0.69567335
5463,Pass,0,0.99185747,0.26327053,0,0.9779774
5464,Pass,0,0.60309756,1.6497281,0,0.5485412
5465,Pass,0,0.99998105,0.23331457,0,0.98763937
5466,Pass,0,0.9997986,0.1979243,0,0.98941064
5467,Pass,0,0.9950832,0.0448555,0,0.99314487
5468,Pass,0,0.43022704,2.0706878,0,0.38132003
5469,Pass,0,0.9991035,0.11496249,0,0.9932942
5470,Pass,0,0.9999988,3.784502,0,0.7918011
5471,Pass,0,0.9825251,0.2930605,0,0.9671613
5472,Pass,0,0.99999046,0.0851267,0,0.99582154
5473,Pass,0,0.9983866,0.19355223,0,0.98825413
5474,Pass,0,0.9996444,0.11969334,0,0.9935711
5475,Pass,0,0.99998355,4.626089,0,0.7453743
5476,Pass,0,0.92910004,2.236426,0,0.8149898
5477,Pass,0,0.9683185,4.329633,0,0.73760384
5478,Pass,0,0.949948,4.66566,0,0.70600533
5479,Pass,0,0.99581426,6.1752295,0,0.6571856
5480,Pass,0,0.9996245,0.122979455,0,0.9933702
5481,Pass,0,0.99999964,5.9590387,0,0.6718711
5482,Pass,0,0.9999404,0.11856119,0,0.9939278
5483,Pass,0,0.9999981,0.08662151,0,0.9957467
5484,Pass,0,0.9999293,0.078586526,0,0.99612135
5485,Pass,0,0.9687799,3.9334545,0,0.7591233
5486,Pass,0,0.99987876,3.023935,0,0.83364797
5487,Pass,0,0.99999714,0.08107574,0,0.99605155
5488,Pass,0,0.9390777,2.109304,0,0.8303259
5489,Pass,0,0.5287614,1.6375926,0,0.48128337
5490,Pass,0,0.99890864,4.5735817,0,0.74746585
5491,Pass,0,0.99955314,0.16184643,0,0.99115664
5492,Pass,0,0.9999831,4.2477303,0,0.76624095
5493,Pass,0,0.9963845,3.211936,0,0.8204034
5494,Pass,0,0.9998734,0.17660184,0,0.99066055
5495,Pass,0,0.9929952,0.40193027,0,0.97150534
5496,Pass,0,0.99993956,0.44805232,0,0.9757559
5497,Pass,0,0.9999728,3.3711054,0,0.81457967
5498,Pass,0,0.99999976,0.075033665,0,0.9963874
5499,Pass,0,0.9999857,3.4625244,0,0.80954826
5500,Pass,0,0.99999595,0.11402416,0,0.9942332
5501,Pass,0,0.28797564,1.4626732,0,0.26489618
5502,Pass,0,0.97806996,1.9538654,0,0.8731874
5503,Pass,0,0.99697137,4.8459053,0,0.73104244
5504,Pass,0,0.809933,1.8692323,0,0.726861
5505,Pass,0,0.94745475,0.8935649,0,0.9012605
5506,Pass,0,0.999874,0.13990709,0,0.99268466
5507,Pass,0,0.43232056,1.0841682,0,0.4066976
5508,Pass,0,0.9999999,0.06377805,0,0.9970083
5509,Pass,0,0.9999999,0.041731928,0,0.9982242
5510,Pass,0,0.34758902,2.4594798,0,0.3006228
5511,Pass,0,0.5852546,2.8014827,0,0.4951358
5512,Pass,0,0.9999875,0.056386203,0,0.9974037
5513,Pass,0,0.7905239,1.8147222,0,0.71181923
5514,Pass,0,0.9999938,10.277382,0,0.43370217
5515,Pass,0,0.9081661,1.0196694,0,0.8575711
5516,Pass,0,0.98917216,0.44146565,0,0.96560824
5517,Pass,0,0.9998691,5.608556,0,0.69111085
5518,Pass,0,0.9905088,1.5285264,0,0.90752816
5519,Pass,0,0.6171253,1.7773064,0,0.55695766
5520,Pass,0,0.98723674,3.414798,0,0.8018258
5521,Pass,0,0.9996748,5.6047254,0,0.69118774
5522,Pass,0,0.99977094,5.700411,0,0.6859781
5523,Pass,0,0.99997604,0.10939028,0,0.994469
5524,Pass,0,0.9538026,5.0995255,0,0.6860468
5525,Pass,0,0.99605274,0.34963807,0,0.97736937
5526,Pass,0,0.9999771,6.5973883,0,0.6366504
5527,Pass,0,0.9874978,0.30423397,0,0.97144777
5528,Pass,0,0.9911143,0.4342748,0,0.9678972
5529,Pass,0,0.99868697,3.1268961,0,0.82698315
5530,Pass,0,0.9999802,0.11632419,0,0.99409074
5531,Pass,0,0.84175575,2.5952005,0,0.72171694
5532,Pass,0,0.89835805,1.8952525,0,0.80492747
5533,Pass,0,0.9999901,7.725265,0,0.5744543
5534,Pass,0,0.9586227,0.5978879,0,0.9275164
5535,Pass,0,0.9972058,4.3981786,0,0.7558385
5536,Pass,0,0.62891775,1.0527747,0,0.5927317
5537,Pass,0,0.9676458,0.9736586,0,0.91619265
5538,Pass,0,0.9999957,0.11481961,0,0.9941891
5539,Pass,0,0.9999732,3.2969005,0,0.8186724
5540,Pass,0,0.80963284,1.4981025,0,0.74316376
5541,Pass,0,0.9999287,0.1854296,0,0.9902285
5542,Pass,0,0.9997216,4.5480933,0,0.74947953
5543,Pass,0,0.9963037,4.826533,0,0.73161733
5544,Pass,0,0.9997813,0.20635663,0,0.9889286
5545,Pass,0,0.99630415,3.4861922,0,0.8052673
5546,Pass,0,0.9970483,2.5213706,0,0.8589238
5547,Pass,0,0.9990963,0.2742406,0,0.98451036
5548,Pass,0,0.47646514,2.745031,0,0.40458143
5549,Pass,0,0.88119465,1.1922792,0,0.8237135
5550,Pass,0,0.99940026,4.9844913,0,0.72518474
5551,Pass,0,0.9992312,3.3405764,0,0.815658
5552,Pass,0,0.9999311,5.1792307,0,0.71483034
5553,Pass,0,0.50864875,1.5911511,0,0.4642795
5554,Pass,0,0.99092907,2.2031236,0,0.8710452
5555,Pass,0,0.9997383,0.06365439,0,0.9967543
5556,Pass,0,0.99970585,0.6728135,0,0.96313536
5557,Pass,0,0.9806887,0.1296354,0,0.97419286
5558,Pass,0,0.99963665,1.7451717,0,0.90394723
5559,Pass,0,0.99903333,5.9830804,0,0.66989726
5560,Pass,0,0.9999982,0.08427447,0,0.9958762
5561,Pass,0,0.9993687,0.46196523,0,0.974432
5562,Pass,0,0.9972211,1.5408915,0,0.9129981
5563,Pass,0,0.9999989,0.12838452,0,0.99344414
5564,Pass,0,0.9999988,0.06883452,0,0.99672836
5565,Pass,0,0.9999894,0.240016,0,0.98727804
5566,Pass,0,0.9999633,0.12602466,0,0.9935389
5567,Pass,0,0.90716016,0.35101497,0,0.8900753
5568,Pass,0,0.7900695,0.9589888,0,0.74869794
5569,Pass,0,0.3585268,1.4949073,0,0.3291557
5570,Pass,0,0.99170905,0.15101524,0,0.9839708
5571,Pass,0,0.99998033,0.23315625,0,0.9876474
5572,Pass,0,0.9999877,5.061812,0,0.72134656
5573,Pass,0,0.99999917,4.796517,0,0.7359865
5574,Pass,0,0.9999634,0.12745607,0,0.99346006
5575,Pass,0,0.5339024,1.4736968,0,0.49078885
5576,Pass,0,0.9884015,0.3028595,0,0.97241163
5577,Pass,0,0.99998844,2.0696301,0,0.88637084
5578,Pass,0,0.999894,3.2011886,0,0.82388574
5579,Pass,0,0.99823076,1.7334565,0,0.90332085
5580,Pass,0,0.9771558,0.38650542,0,0.95684004
5581,Pass,0,0.9999865,0.14144237,0,0.9927117
5582,Pass,0,0.99997914,0.13191865,0,0.99322957
5583,Pass,0,0.8555606,1.2750714,0,0.7958449
5584,Pass,0,0.6940335,3.433632,0,0.56296754
5585,Pass,0,0.99997914,0.11948912,0,0.9939151
5586,Pass,0,0.9999155,0.22540674,0,0.98801076
5587,Pass,0,0.67857057,1.1985515,0,0.634072
5588,Pass,0,0.96251655,0.6796432,0,0.92694396
5589,Pass,0,0.99999976,0.018650439,0,0.9994971
5590,Pass,0,0.999938,0.16274296,0,0.9914888
5591,Pass,0,0.934541,2.8824656,0,0.7864642
5592,Pass,0,0.9941275,0.20913403,0,0.9831839
5593,Pass,0,0.9961696,0.1771644,0,0.98695993
5594,Pass,0,0.9995802,2.9907265,0,0.83522975
5595,Pass,0,0.6185122,1.0142344,0,0.5842396
5596,Pass,0,0.6113796,0.84652424,0,0.58315724
5597,Pass,0,0.9998173,2.441462,0,0.86571556
5598,Pass,0,0.999946,3.8841283,0,0.78626496
5599,Pass,0,0.9731425,0.15652832,0,0.9652533
5600,Pass,0,0.9997925,3.807937,0,0.7903455
5601,Pass,0,0.99913317,5.3207393,0,0.7064621
5602,Pass,0,0.97654337,1.3562051,0,0.9040137
5603,Pass,0,0.9758965,0.3973425,0,0.9550236
5604,Pass,0,0.9999956,0.05759563,0,0.997345
5605,Pass,0,0.99999976,0.06335401,0,0.99703157
5606,Pass,0,0.631342,1.0598769,0,0.5947692
5607,Pass,0,1.0,0.074589334,0,0.99641216
5608,Pass,0,0.99978715,0.4376931,0,0.97617835
5609,Pass,0,0.9999745,6.5563865,0,0.63891
5610,Pass,0,0.99976987,5.0070176,0,0.7242108
5611,Pass,0,0.9997787,3.254315,0,0.8208613
5612,Pass,0,0.9956332,1.8799951,0,0.8929236
5613,Pass,0,0.9999919,0.121583454,0,0.99381226
5614,Pass,0,0.9658112,2.085433,0,0.85523504
5615,Pass,0,0.9850852,0.45218873,0,0.961036
5616,Pass,0,0.99630666,3.0210283,0,0.83082944
5617,Pass,0,0.9999839,0.17803612,0,0.99069095
5618,Pass,0,0.9958715,4.8917556,0,0.72771764
5619,Pass,0,0.9999937,5.519512,0,0.69610786
5620,Pass,0,0.98512495,4.285916,0,0.75278115
5621,Pass,0,0.9999882,0.09614795,0,0.9952114
5622,Pass,0,0.9999894,3.0184832,0,0.8340409
5623,Pass,0,0.99941516,0.12677751,0,0.99295276
5624,Pass,0,0.999974,5.9348583,0,0.6731875
5625,Pass,0,0.9996722,3.6652203,0,0.79811895
5626,Pass,0,0.9999989,0.053345058,0,0.9975828
5627,Pass,0,0.9961062,3.7923746,0,0.7882864
5628,Pass,0,0.9999944,0.08520413,0,0.9958211
5629,Pass,0,0.9904614,2.257644,0,0.8676558
5630,Pass,0,0.9992136,3.877961,0,0.7860289
5631,Pass,0,0.98822,2.7527757,0,0.8387064
5632,Pass,0,0.9997174,0.06222549,0,0.9968123
5633,Pass,0,0.99971443,3.3496842,0,0.81555027
5634,Pass,0,0.9999999,0.07143929,0,0.9965858
5635,Pass,0,0.9973482,0.09288708,0,0.9927634
5636,Pass,0,0.7655632,3.291685,0,0.62698245
5637,Pass,0,0.9999298,0.09802868,0,0.9950496
5638,Pass,0,0.99994993,4.0189476,0,0.77883285
5639,Pass,0,0.99799085,0.36989546,0,0.97815615
5640,Pass,0,0.9999981,5.102729,0,0.71909744
5641,Pass,0,0.99999917,5.7611427,0,0.68278515
5642,Pass,0,0.7648677,1.8060524,0,0.6890831
5643,Pass,0,0.99999976,0.05278074,0,0.99761474
5644,Pass,0,0.99998736,0.28762487,0,0.9846503
5645,Pass,0,0.9102229,2.7832613,0,0.77097946
5646,Pass,0,0.9999777,0.20215105,0,0.9893548
5647,Pass,0,0.99999833,0.16202667,0,0.9915881
5648,Pass,0,0.99997985,0.121673815,0,0.99379534
5649,Pass,0,0.95266676,1.1719455,0,0.8915918
5650,Pass,0,0.999456,0.18992539,0,0.98951256
5651,Pass,0,0.9995809,4.3149176,0,0.76222885
5652,Pass,0,0.9999895,4.2276554,0,0.76735306
5653,Pass,0,0.9999038,0.15751137,0,0.9917434
5654,Pass,0,0.8623008,1.2507329,0,0.8032721
5655,Pass,0,0.99470127,1.7443389,0,0.89952993
5656,Pass,0,0.9999877,0.0840068,0,0.99588054
5657,Pass,0,0.998565,4.5938673,0,0.7460915
5658,Pass,0,0.6100099,1.004022,0,0.576552
5659,Pass,0,0.9665659,3.4283638,0,0.784314
5660,Pass,0,0.99962723,2.2406135,0,0.8766241
5661,Pass,0,0.8717754,2.785688,0,0.7382969
5662,Pass,0,0.9986291,4.7843432,0,0.73564863
5663,Pass,0,0.99992204,0.18992333,0,0.989974
5664,Pass,0,0.99994934,5.875729,0,0.67643183
5665,Pass,0,0.97315085,2.6837883,0,0.82961977
5666,Pass,0,0.6857002,2.0780594,0,0.6074729
5667,Pass,0,0.99953926,0.18650842,0,0.9897833
5668,Pass,0,0.99966836,0.12008959,0,0.9935731
5669,Pass,0,0.9993604,0.21449222,0,0.9880638
5670,Pass,0,0.526623,1.0036004,0,0.49775097
5671,Pass,0,0.99985504,0.09548638,0,0.9951154
5672,Pass,0,0.7850322,1.6330785,0,0.71473885
5673,Pass,0,0.9997366,0.2292951,0,0.98761964
5674,Pass,0,0.99986875,0.22099122,0,0.98820806
5675,Pass,0,0.9695422,3.7646894,0,0.7687449
5676,Pass,0,0.99981874,4.255696,0,0.7656758
5677,Pass,0,0.9989869,4.8113947,0,0.73442173
5678,Pass,0,0.3441594,1.9170439,0,0.30795267
5679,Pass,0,0.70450646,2.5525205,0,0.60569847
5680,Pass,0,0.8527066,1.6748176,0,0.7743906
5681,Pass,0,0.9999763,0.12955534,0,0.9933571
5682,Pass,0,0.9998086,0.21844627,0,0.98828894
5683,Pass,0,0.99989045,1.8533652,0,0.8982102
5684,Pass,0,0.9007152,1.0697856,0,0.84804565
5685,Pass,0,0.9642915,3.790043,0,0.76323324
5686,Pass,0,0.99450845,0.3301952,0,0.9769205
5687,Pass,0,0.9997347,2.9824662,0,0.8358143
5688,Pass,0,0.9961659,2.6421156,0,0.85152984
5689,Pass,0,0.99944025,0.052310556,0,0.9970825
5690,Pass,0,0.99574995,2.5737805,0,0.85492706
5691,Pass,0,0.9636279,2.1321063,0,0.8508212
5692,Pass,0,0.99988806,4.3412957,0,0.76100844
5693,Pass,0,0.55648166,1.644755,0,0.5062948
5694,Pass,0,0.9558992,1.6897002,0,0.8673209
5695,Pass,0,0.9980159,0.6764919,0,0.9613047
5696,Pass,0,0.99998593,0.20699012,0,0.98909605
5697,Pass,0,0.9997912,5.351589,0,0.7052263
5698,Pass,0,0.9964939,2.7407339,0,0.84639025
5699,Pass,0,0.999814,0.13318679,0,0.9929956
5700,Pass,0,0.5781219,2.5742302,0,0.49634728
5701,Pass,0,0.949034,2.7594118,0,0.80510163
5702,Pass,0,0.9992107,3.8685932,0,0.7865429
5703,Pass,0,0.9999579,3.1364107,0,0.82751095
5704,Pass,0,0.96560794,2.5999608,0,0.82765365
5705,Pass,0,0.99948114,2.5365915,0,0.86018056
5706,Pass,0,0.99853957,3.5525632,0,0.80341893
5707,Pass,0,0.9999713,0.099074304,0,0.99503314
5708,Pass,0,0.9999101,0.054523602,0,0.9974292
5709,Pass,0,0.9884377,0.44580716,0,0.96465456
5710,Pass,0,0.99999905,7.069002,0,0.61065376
5711,Pass,0,0.9999641,0.220743,0,0.988316
5712,Pass,0,0.99902034,0.3208464,0,0.9818677
5713,Pass,0,0.9999951,0.303099,0,0.9838045
5714,Pass,0,0.9999819,0.15816182,0,0.99178493
5715,Pass,0,0.9999871,0.09016467,0,0.9955403
5716,Pass,0,0.99997365,3.0081663,0,0.8345967
5717,Pass,0,0.99995553,0.1077732,0,0.9945378
5718,Pass,0,0.9999591,8.949524,0,0.50691855
5719,Pass,0,0.99999905,0.096106604,0,0.9952245
5720,Pass,0,0.99974984,0.10946326,0,0.99424
5721,Pass,0,0.9994967,0.030737296,0,0.99832803
5722,Pass,0,0.6521609,1.7178586,0,0.59071565
5723,Pass,0,0.9997161,4.163631,0,0.77067333
5724,Pass,0,0.99999976,0.08478174,0,0.9958498
5725,Pass,0,0.99995935,2.3601449,0,0.8703232
5726,Pass,0,0.9984005,2.7427251,0,0.84790003
5727,Pass,0,0.8267257,0.99099094,0,0.7819755
5728,Pass,0,0.99994826,0.23330085,0,0.9876078
5729,Pass,0,0.98608714,2.6961312,0,0.8399768
5730,Pass,0,0.999992,2.6375551,0,0.85505193
5731,Pass,0,0.9999864,15.542013,0,0.1433465
5732,Pass,0,0.9998288,0.19372784,0,0.98967195
5733,Pass,0,0.99997354,0.124631,0,0.993626
5734,Pass,0,0.99792373,5.1591816,0,0.7144987
5735,Pass,0,0.504866,1.2603647,0,0.47003728
5736,Pass,0,0.9997054,0.27315873,0,0.9851703
5737,Pass,0,0.99609876,2.896746,0,0.83748376
5738,Pass,0,1.0,0.091899134,0,0.9954575
5739,Pass,0,0.87830055,1.7418853,0,0.7943851
5740,Pass,0,0.79530007,1.5164152,0,0.7292044
5741,Pass,0,0.9999993,0.07248018,0,0.9965278
5742,Pass,0,0.9998461,3.576531,0,0.8031485
5743,Pass,0,0.41925654,2.71436,0,0.35671303
5744,Pass,0,0.9690643,0.20087217,0,0.9588381
5745,Pass,0,0.99999607,0.09648994,0,0.99520034
5746,Pass,0,0.99998784,0.110196546,0,0.99443626
5747,Pass,0,0.99922323,4.9563155,0,0.72660893
5748,Pass,0,0.9998204,0.35789865,0,0.9806109
5749,Pass,0,0.9999821,0.11175072,0,0.9943449
5750,Pass,0,0.99769294,9.69664,0,0.46465966
5751,Pass,0,0.6470608,2.9971848,0,0.540441
5752,Pass,0,0.99998,0.14568588,0,0.99247116
5753,Pass,0,0.5845756,0.87881213,0,0.55654955
5754,Pass,0,0.99417466,0.3971888,0,0.9729193
5755,Pass,0,0.9999877,0.15535772,0,0.99194545
5756,Pass,0,0.96677846,2.4306886,0,0.8376825
5757,Pass,0,0.49962625,0.7422585,0,0.4794357
5758,Pass,0,0.9841172,3.158653,0,0.8131948
5759,Pass,0,0.9999851,0.07845307,0,0.99618423
5760,Pass,0,0.99999976,12.385574,0,0.31743315
5761,Pass,0,0.99997807,4.9649353,0,0.72668254
5762,Pass,0,0.99962413,2.6307817,0,0.8551108
5763,Pass,0,0.9933988,0.62496895,0,0.9596803
5764,Pass,0,0.92178404,0.53304327,0,0.89516973
5765,Pass,0,0.99991024,0.10021596,0,0.9949095
5766,Pass,0,0.99973637,2.0833626,0,0.8853903
5767,Pass,0,0.99999595,0.05369715,0,0.9975604
5768,Pass,0,0.99999356,10.125638,0,0.44207105
5769,Pass,0,0.9042416,3.0494344,0,0.7526389
5770,Pass,0,0.9838701,1.3036767,0,0.9136466
5771,Pass,0,0.9999788,0.105216496,0,0.9947019
5772,Pass,0,0.9998518,0.2557962,0,0.98627204
5773,Pass,0,0.9999248,2.0732152,0,0.88611674
5774,Pass,0,0.99988616,0.09135032,0,0.99537444
5775,Pass,0,0.9999645,0.1099543,0,0.99442637
5776,Pass,0,0.9992893,4.715261,0,0.7399423
5777,Pass,0,0.99993694,0.20985766,0,0.98888946
5778,Pass,0,0.999549,5.397993,0,0.70249736
5779,Pass,0,0.99575555,7.2406044,0,0.59863836
5780,Pass,0,0.99630046,2.5457246,0,0.85694134
5781,Pass,0,0.91224813,0.571957,0,0.8839513
5782,Pass,0,0.9878121,3.3517873,0,0.80572593
5783,Pass,0,0.99909973,4.070112,0,0.77535135
5784,Pass,0,0.9999639,0.015683962,0,0.9996248
5785,Pass,0,0.5678031,1.2136424,0,0.5300957
5786,Pass,0,0.9998136,4.7443013,0,0.73872924
5787,Pass,0,0.99999607,0.11674962,0,0.994083
5788,Pass,0,0.95245886,3.0238926,0,0.7941139
5789,Pass,0,0.83499545,2.141597,0,0.73680997
5790,Pass,0,0.9999988,0.037294213,0,0.99846786
5791,Pass,0,0.9999769,0.07176833,0,0.99654466
5792,Pass,0,0.89106596,1.995072,0,0.79348814
5793,Pass,0,0.9999958,0.092413016,0,0.995425
5794,Pass,0,0.3899736,2.5567698,0,0.33518788
5795,Pass,0,0.99964595,0.23383075,0,0.98727995
5796,Pass,0,0.9999777,6.320841,0,0.6519026
5797,Pass,0,0.99996746,0.22089002,0,0.9883112
5798,Pass,0,0.9979911,0.18064755,0,0.98857284
5799,Pass,0,0.99983406,6.8637285,0,0.6218724
5800,Pass,0,0.99999857,0.17492148,0,0.9908772
5801,Pass,0,0.99999785,0.1953507,0,0.9897497
5802,Pass,0,0.691802,1.434154,0,0.6374465
5803,Pass,0,0.9999989,0.055378,0,0.9974706
5804,Pass,0,0.9980876,5.783831,0,0.6802311
5805,Pass,0,0.99988353,0.26226303,0,0.98594666
5806,Pass,0,0.99999297,5.3542137,0,0.7052239
5807,Pass,0,0.99999774,0.032209784,0,0.9987472
5808,Pass,0,0.4832407,0.6538382,0,0.46606886
5809,Pass,0,0.96875954,0.60793597,0,0.9367875
5810,Pass,0,0.9886445,1.4467102,0,0.9102811
5811,Pass,0,0.9999994,0.026365593,0,0.99907124
5812,Pass,0,0.9999956,2.1611342,0,0.88133055
5813,Pass,0,0.9801819,2.1644993,0,0.86368614
5814,Pass,0,0.9999536,3.3710163,0,0.8145689
5815,Pass,0,0.9976495,2.957772,0,0.8354297
5816,Pass,0,0.94559175,1.4163138,0,0.8722261
5817,Pass,0,0.9999093,2.5512714,0,0.8597395
5818,Pass,0,0.8031334,1.5408614,0,0.73530394
5819,Pass,0,0.9999441,0.26769534,0,0.9857068
5820,Pass,0,0.99895394,3.5898867,0,0.80169606
5821,Pass,0,0.9995455,3.7428253,0,0.7937397
5822,Pass,0,0.39692345,2.1207147,0,0.35070714
5823,Pass,0,0.999271,4.276748,0,0.76409614
5824,Pass,0,0.961935,3.2530346,0,0.7898579
5825,Pass,0,0.99944955,0.37014204,0,0.9795723
5826,Pass,0,0.9999995,11.024324,0,0.3925091
5827,Pass,0,0.7744062,1.3157494,0,0.7186175
5828,Pass,0,0.62972444,1.3678142,0,0.58255047
5829,Pass,0,0.9999974,10.315522,0,0.4316002
5830,Pass,0,0.9999963,0.09467077,0,0.99530095
5831,Pass,0,0.9619386,3.0496686,0,0.8006501
5832,Pass,0,0.9999242,0.22269033,0,0.98816913
5833,Pass,0,0.99876875,5.095346,0,0.7186201
5834,Pass,0,0.9947796,0.23921861,0,0.98217815
5835,Pass,0,0.4502656,0.78102636,0,0.43110704
5836,Pass,0,0.99987495,0.09240461,0,0.9953052
5837,Pass,0,0.9999999,0.18145692,0,0.99051803
5838,Pass,0,0.9380219,0.58788145,0,0.90810174
5839,Pass,0,0.9999573,4.140892,0,0.7721134
5840,Pass,0,0.9998246,3.2909374,0,0.8188796
5841,Pass,0,0.99792624,0.37417996,0,0.977857
5842,Pass,0,0.99927074,5.6551347,0,0.6881302
5843,Pass,0,0.99846786,0.58612424,0,0.9667164
5844,Pass,0,0.99999976,0.05776045,0,0.9973401
5845,Pass,0,0.9999503,0.09316981,0,0.99533796
5846,Pass,0,0.9999629,0.21186927,0,0.9888042
5847,Pass,0,0.9999006,0.24457133,0,0.9869392
5848,Pass,0,0.99722505,0.16445318,0,0.98870474
5849,Pass,0,0.99997723,0.068156935,0,0.9967442
5850,Pass,0,0.99996996,3.5456908,0,0.8049488
5851,Pass,0,0.9991429,3.0397835,0,0.83216107
5852,Pass,0,0.26463354,1.562583,0,0.24196659
5853,Pass,0,0.9999,3.851341,0,0.7880369
5854,Pass,0,0.97022456,0.67441356,0,0.9346469
5855,Pass,0,0.9999924,0.07856929,0,0.996185
5856,Pass,0,0.9999244,0.18117703,0,0.9904587
5857,Pass,0,0.93478197,1.4383713,0,0.86111784
5858,Pass,0,0.9999887,0.15826112,0,0.99178624
5859,Pass,0,0.95818174,2.622376,0,0.8201039
5860,Pass,0,0.9631489,0.35405478,0,0.9448481
5861,Pass,0,0.9979353,0.3260535,0,0.9805147
5862,Pass,0,0.9995989,2.204917,0,0.8785672
5863,Pass,0,0.83389604,1.2145473,0,0.77847606
5864,Pass,0,0.9972404,5.3810945,0,0.7018043
5865,Pass,0,0.99936515,0.14554031,0,0.991869
5866,Pass,0,0.5612257,1.1778992,0,0.52506155
5867,Pass,0,0.9999732,4.378297,0,0.7590325
5868,Pass,0,0.9998729,13.169526,0,0.27416167
5869,Pass,0,0.99995303,5.9300346,0,0.6734393
5870,Pass,0,0.84721833,1.212018,0,0.7910312
5871,Pass,0,0.9985324,3.176506,0,0.82412314
5872,Pass,0,0.99995553,0.12749013,0,0.9934504
5873,Pass,0,0.99999,11.8501625,0,0.34695897
5874,Pass,0,0.88733983,0.78684294,0,0.8492994
5875,Pass,0,0.9999101,2.4147532,0,0.8672688
5876,Pass,0,0.9999988,0.12071312,0,0.99386716
5877,Pass,0,0.55709374,1.4897633,0,0.5116138
5878,Pass,0,0.9999168,0.068394236,0,0.9966709
5879,Pass,0,0.57989895,0.87506706,0,0.5522169
5880,Pass,0,0.99892163,2.8529868,0,0.84226793
5881,Pass,0,0.999959,4.2740216,0,0.76477253
5882,Pass,0,0.9986331,2.9357178,0,0.8374681
5883,Pass,0,0.99864334,0.26681328,0,0.98447317
5884,Pass,0,0.99995303,0.1633693,0,0.9914692
5885,Pass,0,0.9999975,0.16331963,0,0.991516
5886,Pass,0,0.8830743,1.8987324,0,0.7910637
5887,Pass,0,0.6887018,3.2784407,0,0.56453747
5888,Pass,0,0.9999975,7.807898,0,0.5699011
5889,Pass,0,0.99843615,0.08183336,0,0.99445504
5890,Pass,0,0.9991731,0.1327493,0,0.99238324
5891,Pass,0,0.9999664,0.14004867,0,0.9927686
5892,Pass,0,0.9965042,5.82589,0,0.6768404
5893,Pass,0,0.919956,1.896676,0,0.82420695
5894,Pass,0,0.52923185,1.1008304,0,0.4973788
5895,Pass,0,0.9999733,0.14085457,0,0.992731
5896,Pass,0,0.9997845,0.017623652,0,0.9993386
5897,Pass,0,0.9999516,0.31687635,0,0.98300195
5898,Pass,0,0.99995375,3.6365936,0,0.7999225
5899,Pass,0,0.9999223,0.38901672,0,0.97899467
5900,Pass,0,0.99987376,0.13368134,0,0.99302775
5901,Pass,0,0.8340374,1.7320837,0,0.75480187
5902,Pass,0,0.88046163,3.3133614,0,0.72002965
5903,Pass,0,0.9994062,2.8110628,0,0.84498733
5904,Pass,0,0.99632555,0.59845716,0,0.9639645
5905,Pass,0,0.9673488,2.6437879,0,0.82680756
5906,Pass,0,0.9970837,2.797921,0,0.8437464
5907,Pass,0,0.9887636,0.63679117,0,0.9545578
5908,Pass,0,0.9535515,2.8929977,0,0.8019087
5909,Pass,0,0.9999989,0.05755713,0,0.99735045
5910,Pass,0,0.9679294,0.5424418,0,0.9394811
5911,Pass,0,0.823738,0.81237453,0,0.78726417
5912,Pass,0,0.99985147,0.2279108,0,0.9878094
5913,Pass,0,0.9999306,6.173592,0,0.65999246
5914,Pass,0,0.99151963,0.26851448,0,0.9773575
5915,Pass,0,0.99990976,0.16783646,0,0.9911799
5916,Pass,0,0.99955183,7.3738484,0,0.5935753
5917,Pass,0,0.9999585,0.11191282,0,0.99431247
5918,Pass,0,0.999648,0.15604028,0,0.9915708
5919,Pass,0,0.6615801,1.1069137,0,0.62153935
5920,Pass,0,0.99326044,2.7934718,0,0.84075487
5921,Pass,0,0.9999974,0.094694585,0,0.9953007
5922,Pass,0,0.99886656,0.18766296,0,0.9890536
5923,Pass,0,0.99361575,1.0747827,0,0.9352401
5924,Pass,0,0.99990034,0.051544957,0,0.9975837
5925,Pass,0,0.9996804,0.22784317,0,0.98764414
5926,Pass,0,0.9999958,0.14460862,0,0.9925463
5927,Pass,0,0.99256116,0.34065303,0,0.97443515
5928,Pass,0,0.99978095,0.101939015,0,0.9946858
5929,Pass,0,0.99989617,0.17559195,0,0.99073875
5930,Pass,0,0.9993672,10.682398,0,0.41110697
5931,Pass,0,0.8130054,0.8673024,0,0.7745439
5932,Pass,0,0.99532664,0.6154927,0,0.9620629
5933,Pass,0,0.9998246,4.8523235,0,0.73278064
5934,Pass,0,0.9992446,5.4658895,0,0.6985416
5935,Pass,0,0.99992096,4.647853,0,0.74412745
5936,Pass,0,0.99786866,0.24511665,0,0.9849036
5937,Pass,0,0.99959284,0.20310198,0,0.9889216
5938,Pass,0,0.9997241,4.841056,0,0.7333282
5939,Pass,0,0.6550265,1.1606389,0,0.6134415
5940,Pass,0,0.99998605,0.049157947,0,0.9978009
5941,Pass,0,0.99979514,0.032120742,0,0.99854976
5942,Pass,0,0.9999076,0.04352008,0,0.9980335
5943,Pass,0,0.9999933,11.137095,0,0.38628712
5944,Pass,0,0.995427,0.14048094,0,0.98823816
5945,Pass,0,0.76471096,0.9500268,0,0.7250452
5946,Pass,0,0.99998343,0.10878888,0,0.9945095
5947,Pass,0,0.9997869,0.06997754,0,0.9964541
5948,Pass,0,0.9999999,0.026062854,0,0.9990884
5949,Pass,0,0.6281709,2.6744308,0,0.53584546
5950,Pass,0,0.99985397,4.108181,0,0.7738374
5951,Pass,0,0.9999349,0.34190127,0,0.9816054
5952,Pass,0,0.9997452,0.11398053,0,0.9939863
5953,Pass,0,0.9999317,9.285734,0,0.48836318
5954,Pass,0,0.9799891,3.0862198,0,0.81369853
5955,Pass,0,0.39009827,2.1548507,0,0.34394225
5956,Pass,0,0.99395186,2.0201254,0,0.8837339
5957,Pass,0,0.99999905,0.09034901,0,0.99554205
5958,Pass,0,0.9999994,0.115160726,0,0.99417394
5959,Pass,0,0.7416964,1.221556,0,0.6921172
5960,Pass,0,0.92538065,1.5129899,0,0.84864914
5961,Pass,0,0.98692364,1.093313,0,0.92793244
5962,Pass,0,0.9999795,3.5843415,0,0.80282485
5963,Pass,0,0.99994016,0.04193708,0,0.99815327
5964,Pass,0,0.99968576,0.13302673,0,0.9928771
5965,Pass,0,0.9999738,4.217004,0,0.7679284
5966,Pass,0,0.99994993,0.15007849,0,0.9921991
5967,Pass,0,0.9997117,0.062346093,0,0.99679995
5968,Pass,0,0.43408978,0.9310884,0,0.41202685
5969,Pass,0,0.9999958,0.130378,0,0.99333113
5970,Pass,0,0.9988709,0.268297,0,0.98461574
5971,Pass,0,0.9938023,9.918291,0,0.45069885
5972,Pass,0,0.99841344,0.17982312,0,0.9890366
5973,Pass,0,0.79008967,3.888896,0,0.62104565
5974,Pass,0,0.99986005,0.11394799,0,0.99410236
5975,Pass,0,0.9999994,0.04043032,0,0.99829555
5976,Pass,0,0.9990181,6.037036,0,0.6669141
5977,Pass,0,0.9999043,0.053105243,0,0.99750155
5978,Pass,0,0.99994063,0.1859808,0,0.9902099
5979,Pass,0,0.99056834,3.4127183,0,0.80464536
5980,Pass,0,0.9933791,0.29798496,0,0.97757584
5981,Pass,0,0.9988765,0.2872881,0,0.9835751
5982,Pass,0,0.9996935,1.3884782,0,0.92366505
5983,Pass,0,0.9141501,0.7569225,0,0.8764688
5984,Pass,0,0.9995315,4.6963587,0,0.7411637
5985,Pass,0,1.0,0.08212478,0,0.9959966
5986,Pass,0,0.9999851,0.18434066,0,0.99034435
5987,Pass,0,0.9999937,0.11946696,0,0.9939308
5988,Pass,0,0.9916156,4.26129,0,0.7590878
5989,Pass,0,0.977849,2.0562162,0,0.86747026
5990,Pass,0,0.99680847,3.9187539,0,0.78189427
5991,Pass,0,0.99933463,6.688985,0,0.63119286
5992,Pass,0,0.9991019,0.2197144,0,0.9875205
5993,Pass,0,0.99914765,3.749646,0,0.7930479
5994,Pass,0,0.999907,0.14279228,0,0.9925583
5995,Pass,0,0.9999969,0.09987117,0,0.9950147
5996,Pass,0,0.99999106,0.1585743,0,0.99177134
5997,Pass,0,0.92090183,4.213762,0,0.7073699
5998,Pass,0,0.99994683,3.912795,0,0.78468466
5999,Pass,0,0.9818224,1.923884,0,0.87816095
6000,Pass,0,0.99999917,0.13169257,0,0.99326193
6001,Pass,0,0.95349294,1.4907042,0,0.8756023
6002,Pass,0,0.9999882,0.12954487,0,0.9933695
6003,Pass,0,0.99928135,0.18167882,0,0.9897941
6004,Pass,0,0.9998902,0.019794708,0,0.9993245
6005,Pass,0,0.9997477,6.7288895,0,0.62925357
6006,Pass,0,0.9995801,3.8594067,0,0.7873401
6007,Pass,0,0.9894476,5.7310486,0,0.677223
6008,Pass,0,0.9999881,0.020382488,0,0.9993899
6009,Pass,0,0.9935446,1.7204627,0,0.89979225
6010,Pass,0,0.9999976,0.069207564,0,0.9967066
6011,Pass,0,0.9674988,5.000376,0,0.70118874
6012,Pass,0,0.9999274,0.07911065,0,0.99609053
6013,Pass,0,0.99973935,0.10201482,0,0.99464023
6014,Pass,0,0.5569207,0.71610796,0,0.53521806
6015,Pass,0,0.9977095,4.2543874,0,0.76413256
6016,Pass,0,0.966452,0.40746966,0,0.94524133
6017,Pass,0,0.9984359,2.7572968,0,0.8471277
6018,Pass,0,0.9999255,0.20000452,0,0.9894215
6019,Pass,0,1.0,0.038142506,0,0.99842227
6020,Pass,0,0.9761229,1.0757594,0,0.9187224
6021,Pass,0,0.9999912,0.06484509,0,0.9969408
6022,Pass,0,0.9999988,4.455127,0,0.7548147
6023,Pass,0,0.99999464,5.0508885,0,0.72195405
6024,Pass,0,0.59029204,2.2164345,0,0.51844436
6025,Pass,0,0.98876196,0.22098087,0,0.9772314
6026,Pass,0,0.99940336,2.198374,0,0.8787559
6027,Pass,0,0.9994085,2.838365,0,0.8434844
6028,Pass,0,0.9999826,0.14612812,0,0.99244934
6029,Pass,0,0.9999676,2.786281,0,0.8468287
6030,Pass,0,0.99950266,7.093692,0,0.6089896
6031,Pass,0,0.99994695,2.672697,0,0.8530753
6032,Pass,0,0.99931514,0.4421148,0,0.97547376
6033,Pass,0,0.9999007,0.23786725,0,0.987309
6034,Pass,0,0.8450302,1.4780344,0,0.77659035
6035,Pass,0,0.9106297,1.887533,0,0.81631047
6036,Pass,0,0.7538333,0.56512976,0,0.7307341
6037,Pass,0,0.9998903,0.08860536,0,0.99552995
6038,Pass,0,0.99988663,0.19706611,0,0.9895451
6039,Pass,0,0.99984753,0.44386744,0,0.9758968
6040,Pass,0,0.9899222,1.8656467,0,0.88858515
6041,Pass,0,0.48840535,1.4312947,0,0.4501079
6042,Pass,0,0.9997297,4.312233,0,0.7624903
6043,Pass,0,0.9991555,2.4114366,0,0.8667971
6044,Pass,0,0.9999237,0.13462661,0,0.99302524
6045,Pass,0,0.9999938,7.517268,0,0.58592784
6046,Pass,0,0.9997453,0.1850217,0,0.9900693
6047,Pass,0,0.757949,1.6834842,0,0.68797356
6048,Pass,0,0.99997854,5.8425503,0,0.6782814
6049,Pass,0,0.99940777,4.3950915,0,0.7576776
6050,Pass,0,0.9993079,5.380739,0,0.7032788
6051,Pass,0,0.8233785,0.34160206,0,0.808299
6052,Pass,0,0.9999869,3.799905,0,0.79094213
6053,Pass,0,0.9999646,0.042109046,0,0.9981682
6054,Pass,0,0.99541724,1.400279,0,0.9190661
6055,Pass,0,0.9999815,0.10430405,0,0.99475497
6056,Pass,0,0.67394036,1.6626602,0,0.6124948
6057,Pass,0,0.9979971,2.285879,0,0.8727031
6058,Pass,0,0.99999523,0.09704294,0,0.99516904
6059,Pass,0,0.37731048,1.2204242,0,0.35211247
6060,Pass,0,0.95713985,0.31071445,0,0.9412411
6061,Pass,0,0.9996438,0.33614904,0,0.98163676
6062,Pass,0,0.9999987,0.102477886,0,0.99487275
6063,Pass,0,0.9928953,0.22190481,0,0.9812659
6064,Pass,0,0.9122266,1.4961467,0,0.8374332
6065,Pass,0,0.99819994,3.7616217,0,0.79163635
6066,Pass,0,0.58556026,2.4757023,0,0.50591546
6067,Pass,0,0.99896216,3.774665,0,0.79152226
6068,Pass,0,0.998855,1.9429864,0,0.89234287
6069,Pass,0,0.72215664,0.9500687,0,0.68469656
6070,Pass,0,0.99991405,2.9210303,0,0.8393523
6071,Pass,0,0.9985518,5.7815413,0,0.6806736
6072,Pass,0,0.999907,4.479656,0,0.75339264
6073,Pass,0,0.9848328,2.915964,0,0.8269679
6074,Pass,0,0.4879505,0.91852903,0,0.46348804
6075,Pass,0,0.9999993,0.11067481,0,0.99442124
6076,Pass,0,0.4157015,0.97300446,0,0.39361218
6077,Pass,0,0.42139313,1.6162897,0,0.3840509
6078,Pass,0,0.9998517,0.22488824,0,0.9879763
6079,Pass,0,0.9994993,2.940252,0,0.8379446
6080,Pass,0,0.99997723,0.10474682,0,0.99472624
6081,Pass,0,0.77275705,1.0476828,0,0.7285119
6082,Pass,0,0.9991524,4.031906,0,0.7774976
6083,Pass,0,0.8280943,1.0986128,0,0.77835476
6084,Pass,0,0.99996686,0.18671228,0,0.9901955
6085,Pass,0,0.9999975,0.15112114,0,0.99218875
6086,Pass,0,0.99999964,0.08997622,0,0.9955632
6087,Pass,0,0.99827397,1.2537848,0,0.9297693
6088,Pass,0,0.9999336,0.02955128,0,0.9988298
6089,Pass,0,0.9926051,0.2028797,0,0.9820206
6090,Pass,0,0.9549279,4.5909843,0,0.7136393
6091,Pass,0,0.97153485,2.631286,0,0.8310553
6092,Pass,0,0.9999713,0.13430539,0,0.99309015
6093,Pass,0,0.9999865,3.563973,0,0.8039539
6094,Pass,0,0.9999988,0.06562836,0,0.9969052
6095,Pass,0,0.9902604,1.7430751,0,0.895583
6096,Pass,0,0.96070194,2.17985,0,0.8457081
6097,Pass,0,0.9999095,0.07212298,0,0.996458
6098,Pass,0,0.99998844,0.0986465,0,0.99507385
6099,Pass,0,0.99999976,0.112816215,0,0.99430364
6100,Pass,0,0.9989102,10.002709,0,0.4483645
6101,Pass,0,0.9999969,0.06819731,0,0.9967616
6102,Pass,0,0.99069375,3.6725984,0,0.7905476
6103,Pass,0,0.4973453,1.0571301,0,0.4686101
6104,Pass,0,0.99995506,2.4200912,0,0.8670134
6105,Pass,0,0.99993396,3.0485713,0,0.83233535
6106,Pass,0,0.99998724,0.15030093,0,0.99222386
6107,Pass,0,0.99693847,2.9649637,0,0.8344389
6108,Pass,0,0.9999943,0.110142075,0,0.9944457
6109,Pass,0,0.9999417,4.243669,0,0.76643324
6110,Pass,0,0.999987,0.13158031,0,0.99325603
6111,Pass,0,1.0,0.1128008,0,0.9943047
6112,Pass,0,0.99994516,9.531823,0,0.47479808
6113,Pass,0,0.99989927,0.15270288,0,0.9920041
6114,Pass,0,0.6810098,1.1206136,0,0.6392786
6115,Pass,0,0.9944397,3.7064233,0,0.79168165
6116,Pass,0,0.9929055,0.37737298,0,0.9727624
6117,Pass,0,0.9999893,0.18597221,0,0.9902585
6118,Pass,0,0.5741605,1.8932799,0,0.5145094
6119,Pass,0,0.9996865,3.3569493,0,0.8151269
6120,Pass,0,0.99987745,2.7744606,0,0.84740424
6121,Pass,0,0.9993723,0.19793786,0,0.98898804
6122,Pass,0,0.9999417,0.051194176,0,0.9976443
6123,Pass,0,0.99999833,0.05784782,0,0.9973338
6124,Pass,0,0.9835249,0.6408065,0,0.94928247
6125,Pass,0,0.8648753,1.0313455,0,0.81613517
6126,Pass,0,0.9994685,7.5662065,0,0.5829224
6127,Pass,0,0.9999144,0.0849878,0,0.9957534
6128,Pass,0,0.9175282,2.2246125,0,0.80543697
6129,Pass,0,0.999998,0.2502839,0,0.9867202
6130,Pass,0,0.99998724,7.7868447,0,0.5710564
6131,Pass,0,0.99894947,0.2649831,0,0.98487574
6132,Pass,0,0.9998342,0.14998233,0,0.99208957
6133,Pass,0,0.99982625,0.036351852,0,0.9983475
6134,Pass,0,0.9999976,7.017067,0,0.6135172
6135,Pass,0,0.9997745,4.333115,0,0.76137304
6136,Pass,0,0.99953437,5.7161884,0,0.68494606
6137,Pass,0,0.99981683,0.08321213,0,0.9957541
6138,Pass,0,0.99981064,3.1928496,0,0.82427686
6139,Pass,0,0.9997502,5.0116262,0,0.72394246
6140,Pass,0,0.99999404,9.394668,0,0.4823857
6141,Pass,0,0.99951065,1.7277299,0,0.9047947
6142,Pass,0,0.999564,4.9930763,0,0.72483027
6143,Pass,0,0.9958941,3.7676208,0,0.7894782
6144,Pass,0,0.9999808,0.15590426,0,0.99190843
6145,Pass,0,0.9999974,0.06250703,0,0.9970759
6146,Pass,0,0.7813214,0.49677286,0,0.76032555
6147,Pass,0,0.9999478,0.2093427,0,0.9889286
6148,Pass,0,0.9989613,1.9810317,0,0.8903418
6149,Pass,0,0.9991412,2.830916,0,0.8436693
6150,Pass,0,0.9999851,3.5593448,0,0.804208
6151,Pass,0,0.9999411,0.07383076,0,0.99639535
6152,Pass,0,0.9999825,0.102591954,0,0.99485034
6153,Pass,0,0.99999094,0.2025559,0,0.98934555
6154,Pass,0,0.99970645,3.2620633,0,0.8203748
6155,Pass,0,0.9999974,0.053583402,0,0.9975681
6156,Pass,0,0.99999166,0.13422452,0,0.9931149
6157,Pass,0,0.80679196,0.44978058,0,0.78720266
6158,Pass,0,0.99994683,0.035481907,0,0.9985159
6159,Pass,0,0.99959725,5.1285434,0,0.71738607
6160,Pass,0,0.9998735,0.11030325,0,0.9943167
6161,Pass,0,0.9999807,0.2152468,0,0.98863554
6162,Pass,0,1.0,0.054279745,0,0.9975323
6163,Pass,0,0.9958252,1.0259275,0,0.94000286
6164,Pass,0,0.99999344,3.7910259,0,0.79143703
6165,Pass,0,0.99835145,5.7622304,0,0.6816003
6166,Pass,0,0.9996872,3.9619222,0,0.78177226
6167,Pass,0,0.9998222,0.24063833,0,0.98707867
6168,Pass,0,0.7576951,3.0579603,0,0.63030565
6169,Pass,0,0.99999964,0.1325375,0,0.99321586
6170,Pass,0,0.9987552,0.19916618,0,0.9883097
6171,Pass,0,0.99883264,0.21106245,0,0.987731
6172,Pass,0,0.9859196,1.2931365,0,0.9161229
6173,Pass,0,1.0,0.047316622,0,0.99791634
6174,Pass,0,0.99217814,0.6377596,0,0.9578012
6175,Pass,0,0.99948883,4.5221934,0,0.75073266
6176,Pass,0,0.99384284,0.081728406,0,0.98988575
6177,Pass,0,0.693659,2.1208022,0,0.6128886
6178,Pass,0,0.99980193,0.23412628,0,0.9874177
6179,Pass,0,0.9999865,0.124762096,0,0.9936316
6180,Pass,0,0.9997733,2.5287051,0,0.86086684
6181,Pass,0,0.9969567,0.4302836,0,0.9738222
6182,Pass,0,0.9985734,2.8722925,0,0.8409111
6183,Pass,0,0.9998746,0.42558694,0,0.9769313
6184,Pass,0,0.4302679,1.2438785,0,0.40097666
6185,Pass,0,0.8905469,1.9082808,0,0.7972887
6186,Pass,0,0.47724426,1.5498818,0,0.43670067
6187,Pass,0,0.69842815,1.277662,0,0.64958006
6188,Pass,0,0.9982881,3.7229557,0,0.7938351
6189,Pass,0,0.9999976,9.53774,0,0.47449666
6190,Pass,0,0.99979085,2.57976,0,0.85806674
6191,Pass,0,0.99998426,0.06790143,0,0.9967653
6192,Pass,0,0.9984079,11.285121,0,0.37752378
6193,Pass,0,0.98734933,3.5391514,0,0.7951457
6194,Pass,0,0.97637886,2.8022096,0,0.82599473
6195,Pass,0,0.9997625,2.6473072,0,0.85431796
6196,Pass,0,0.96120024,2.9750247,0,0.80399257
6197,Pass,0,0.9997665,0.31448892,0,0.98295164
6198,Pass,0,0.9995241,5.528005,0,0.69531286
6199,Pass,0,0.99967706,3.6403565,0,0.79949373
6200,Pass,0,0.9501673,5.1000915,0,0.68340236
6201,Pass,0,0.90374374,2.571236,0,0.7760596
6202,Pass,0,0.99999833,0.18139024,0,0.9905202
6203,Pass,0,0.9999056,0.039961305,0,0.9982278
6204,Pass,0,0.9989492,2.8358507,0,0.8432353
6205,Pass,0,0.99996984,0.02125329,0,0.9993236
6206,Pass,0,0.9999435,0.23136045,0,0.9877101
6207,Pass,0,0.9999937,0.096059695,0,0.9952218
6208,Pass,0,0.9995839,0.13749151,0,0.9925298
6209,Pass,0,0.9996511,0.28841412,0,0.9842757
6210,Pass,0,0.99702364,0.31113788,0,0.9804391
6211,Pass,0,0.9999993,9.587277,0,0.47176537
6212,Pass,0,0.99999845,0.12030266,0,0.99388945
6213,Pass,0,0.99988925,4.325052,0,0.7619051
6214,Pass,0,0.99988437,5.583714,0,0.6924913
6215,Pass,0,0.99994504,7.641395,0,0.57905376
6216,Pass,0,0.99876106,2.9109342,0,0.83894056
6217,Pass,0,0.9839622,3.9352741,0,0.7709212
6218,Pass,0,0.978031,2.0852733,0,0.8660644
6219,Pass,0,0.9929807,4.461467,0,0.74917006
6220,Pass,0,0.99982446,0.06862118,0,0.99656636
6221,Pass,0,0.4826069,2.5877821,0,0.41398203
6222,Pass,0,0.9999995,0.07418073,0,0.9964342
6223,Pass,0,0.99781895,0.20321836,0,0.9871602
6224,Pass,0,0.98331994,2.4321625,0,0.85193527
6225,Pass,0,0.9993855,0.20007241,0,0.9888834
6226,Pass,0,0.99985754,0.058834005,0,0.99713904
6227,Pass,0,0.9999964,0.15508917,0,0.99196887
6228,Pass,0,0.9999963,0.14979534,0,0.9922607
6229,Pass,0,0.9986305,0.20701301,0,0.9877541
6230,Pass,0,0.99957186,3.5909996,0,0.8021306
6231,Pass,0,0.9549228,2.4213996,0,0.82789916
6232,Pass,0,0.9998927,0.1662351,0,0.99125135
6233,Pass,0,0.9995396,4.0819182,0,0.7750419
6234,Pass,0,0.9999809,0.24320689,0,0.9870937
6235,Pass,0,0.810003,2.090913,0,0.7170206
6236,Pass,0,0.99936754,5.070753,0,0.7204065
6237,Pass,0,0.8944083,1.1395189,0,0.83866775
6238,Pass,0,0.9923878,3.7223718,0,0.7891752
6239,Pass,0,0.98597497,2.457634,0,0.85285044
6240,Pass,0,0.99999106,0.09259331,0,0.9954103
6241,Pass,0,0.5346052,1.5903753,0,0.48799464
6242,Pass,0,0.9876391,0.46059096,0,0.9630699
6243,Pass,0,0.9999764,0.17079969,0,0.9910826
6244,Pass,0,0.99997056,0.1316922,0,0.99323356
6245,Pass,0,0.98604465,2.412259,0,0.85537827
6246,Pass,0,0.43869743,1.3760875,0,0.4056335
6247,Pass,0,0.9999498,0.3671472,0,0.98022777
6248,Pass,0,0.99999976,7.3945556,0,0.5926992
6249,Pass,0,0.99999726,0.105065115,0,0.9947286
6250,Pass,0,0.82871026,3.80298,0,0.65532994
6251,Pass,0,0.9874184,0.4382564,0,0.964071
6252,Pass,0,1.0,0.041776307,0,0.9982219
6253,Pass,0,0.99509406,0.27772045,0,0.98037565
6254,Pass,0,0.9999939,0.088936515,0,0.9956148
6255,Pass,0,0.39270663,0.74578536,0,0.37676045
6256,Pass,0,0.6781771,3.3861265,0,0.55188245
6257,Pass,0,0.9999708,3.9410346,0,0.783146
6258,Pass,0,0.9999963,0.057792637,0,0.99733484
6259,Pass,0,0.999912,4.1416383,0,0.7720372
6260,Pass,0,0.9969246,0.34738693,0,0.9783486
6261,Pass,0,0.99995685,4.7966146,0,0.73594993
6262,Pass,0,0.99999654,0.14848438,0,0.99233323
6263,Pass,0,0.9999685,0.1676214,0,0.99125004
6264,Pass,0,0.9999639,0.2795488,0,0.9850726
6265,Pass,0,0.99769384,4.3308926,0,0.7599108
6266,Pass,0,0.99865425,0.29855046,0,0.98273593
6267,Pass,0,0.95274574,1.415033,0,0.87889236
6268,Pass,0,0.9999989,0.062497202,0,0.997078
6269,Pass,0,0.9075237,1.85596,0,0.8151065
6270,Pass,0,0.9998766,0.2198752,0,0.9882774
6271,Pass,0,0.99514824,4.6083384,0,0.7427444
6272,Pass,0,0.97534174,3.061156,0,0.81118804
6273,Pass,0,0.8272346,1.8555378,0,0.7430129
6274,Pass,0,0.99859434,0.27813327,0,0.9838014
6275,Pass,0,0.99956983,0.30706427,0,0.9831675
6276,Pass,0,0.94442475,0.7514117,0,0.9057825
6277,Pass,0,0.99997973,0.0821454,0,0.99597526
6278,Pass,0,0.36153206,1.2992299,0,0.33581644
6279,Pass,0,0.99988985,0.14386356,0,0.99248224
6280,Pass,0,0.9997907,0.11238984,0,0.9941193
6281,Pass,0,0.9906212,0.22406964,0,0.9789002
6282,Pass,0,0.99998355,0.23658662,0,0.9874614
6283,Pass,0,0.99947685,1.6310691,0,0.9100924
6284,Pass,0,0.9999987,0.12716289,0,0.9935113
6285,Pass,0,0.9999453,0.050649922,0,0.99767786
6286,Pass,0,0.99998415,0.1263196,0,0.9935434
6287,Pass,0,0.9999957,0.19739881,0,0.9896347
6288,Pass,0,0.9998982,0.1676213,0,0.99118036
6289,Pass,0,0.9999844,0.108807474,0,0.9945094
6290,Pass,0,0.9996331,0.30927834,0,0.9831077
6291,Pass,0,0.99999964,0.13183095,0,0.9932548
6292,Pass,0,0.9999956,0.12928903,0,0.9933909
6293,Pass,0,0.9998252,3.216701,0,0.82297367
6294,Pass,0,0.99967563,0.050004378,0,0.99744445
6295,Pass,0,0.9999987,0.2588695,0,0.98624736
6296,Pass,0,0.9999989,5.754167,0,0.6831698
6297,Pass,0,0.99989784,0.13210014,0,0.99313885
6298,Pass,0,0.9993574,3.2827818,0,0.8189464
6299,Pass,0,0.9975528,0.2571679,0,0.9839288
6300,Pass,0,0.99999833,0.070138164,0,0.996656
6301,Pass,0,0.9999515,0.16550785,0,0.9913497
6302,Pass,0,0.9771187,4.7522907,0,0.7215301
6303,Pass,0,0.9999995,0.10034124,0,0.9949914
6304,Pass,0,0.999881,6.290744,0,0.6534993
6305,Pass,0,0.72261524,1.9479374,0,0.64536244
6306,Pass,0,1.0,0.035361636,0,0.9985757
6307,Pass,0,0.99991643,3.7437074,0,0.7939856
6308,Pass,0,0.9998091,6.436525,0,0.64541364
6309,Pass,0,0.9994036,2.521548,0,0.860943
6310,Pass,0,0.99530077,2.1167502,0,0.87962925
6311,Pass,0,0.40354598,0.9716571,0,0.38213256
6312,Pass,0,0.9999341,0.033765145,0,0.99859786
6313,Pass,0,0.99999774,0.05432237,0,0.99752766
6314,Pass,0,0.9998343,0.06242568,0,0.9969178
6315,Pass,0,0.9993987,0.2882287,0,0.9840374
6316,Pass,0,0.99993217,4.095577,0,0.774593
6317,Pass,0,0.99995077,0.025424646,0,0.9990745
6318,Pass,0,0.99973685,0.13775156,0,0.9926673
6319,Pass,0,0.99999976,0.14164475,0,0.9927137
6320,Pass,0,0.9998454,0.22580533,0,0.9879195
6321,Pass,0,0.9992499,0.33828762,0,0.9811321
6322,Pass,0,0.7810367,1.2925979,0,0.72576755
6323,Pass,0,0.9258134,1.3266139,0,0.85856247
6324,Pass,0,0.9246967,0.83732677,0,0.8824801
6325,Pass,0,0.5254068,2.598117,0,0.45039648
6326,Pass,0,0.9964741,3.547311,0,0.8020457
6327,Pass,0,0.9998801,0.18754603,0,0.9900636
6328,Pass,0,0.9993617,3.9987097,0,0.7794901
6329,Pass,0,0.99960274,0.1741108,0,0.99052966
6330,Pass,0,0.9999778,5.869606,0,0.6767888
6331,Pass,0,0.49829233,2.3640776,0,0.43358493
6332,Pass,0,0.9958411,3.3457122,0,0.81260854
6333,Pass,0,0.77103835,1.4806713,0,0.70847905
6334,Pass,0,0.39829466,1.9186893,0,0.35635656
6335,Pass,0,0.63917273,0.8849753,0,0.6083119
6336,Pass,0,0.9997613,0.095348805,0,0.9950296
6337,Pass,0,0.99995947,0.25513542,0,0.9864147
6338,Pass,0,0.9997906,0.15592644,0,0.99171853
6339,Pass,0,0.9642807,0.40625277,0,0.9431824
6340,Pass,0,0.962589,0.4984025,0,0.9366356
6341,Pass,0,0.83759636,1.2928606,0,0.77831274
6342,Pass,0,0.9999999,0.04181209,0,0.9982198
6343,Pass,0,0.9998903,0.16293703,0,0.9914309
6344,Pass,0,0.47431606,0.7136932,0,0.45589557
6345,Pass,0,0.9999893,8.509774,0,0.53118676
6346,Pass,0,0.8409009,2.2856836,0,0.7353386
6347,Pass,0,0.62397844,1.2133963,0,0.582549
6348,Pass,0,0.99952495,7.1949487,0,0.60342133
6349,Pass,0,0.999977,0.03774296,0,0.9984214
6350,Pass,0,0.99896765,0.47214788,0,0.9734799
6351,Pass,0,0.9790267,1.8109118,0,0.8817604
6352,Pass,0,0.9999987,0.12770726,0,0.9934813
6353,Pass,0,0.99470586,3.586186,0,0.7984898
6354,Pass,0,0.9999801,5.34921,0,0.70549077
6355,Pass,0,0.9999974,0.18649621,0,0.99023765
6356,Pass,0,0.99690884,3.134612,0,0.8250866
6357,Pass,0,0.82982755,3.0345278,0,0.6913831
6358,Pass,0,0.8423426,3.4484668,0,0.6825798
6359,Pass,0,0.9998317,0.25918254,0,0.98606545
6360,Pass,0,0.9989826,3.476883,0,0.8079451
6361,Pass,0,0.9999813,0.13108161,0,0.9932779
6362,Pass,0,0.99949574,5.5222673,0,0.69560933
6363,Pass,0,0.9993819,2.7086525,0,0.8506115
6364,Pass,0,0.9999502,0.31601566,0,0.98304796
6365,Pass,0,0.81989104,1.1455147,0,0.7685234
6366,Pass,0,0.9999902,0.06423,0,0.99697375
6367,Pass,0,0.98773474,1.5659356,0,0.9029486
6368,Pass,0,0.99997187,0.06423878,0,0.996955
6369,Pass,0,0.98840743,0.21065547,0,0.9774438
6370,Pass,0,0.99952006,3.3640406,0,0.8146003
6371,Pass,0,0.9996842,0.38475764,0,0.97899646
6372,Pass,0,0.9875916,3.2585368,0,0.81062526
6373,Pass,0,0.9999064,0.09762006,0,0.9950489
6374,Pass,0,0.9998204,0.05554958,0,0.99728316
6375,Pass,0,0.99813914,4.455188,0,0.7534076
6376,Pass,0,0.9724237,3.0857942,0,0.8074397
6377,Pass,0,0.9997955,0.17424951,0,0.990713
6378,Pass,0,0.99979764,0.17207634,0,0.99083495
6379,Pass,0,0.9991997,6.4296036,0,0.64540166
6380,Pass,0,0.99917895,0.15122701,0,0.9913708
6381,Pass,0,0.99997115,0.13569742,0,0.99301326
6382,Pass,0,0.99795145,2.5652258,0,0.85728806
6383,Pass,0,0.99987566,4.2421136,0,0.7664684
6384,Pass,0,0.99945086,0.25897452,0,0.9857013
6385,Pass,0,0.9998958,0.10081301,0,0.9948622
6386,Pass,0,0.99990666,4.961831,0,0.7268018
6387,Pass,0,0.77737904,2.0029297,0,0.69191384
6388,Pass,0,0.99964976,0.08709891,0,0.9953735
6389,Pass,0,0.99999917,0.14444059,0,0.9925589
6390,Pass,0,0.9999032,0.015639745,0,0.9995666
6391,Pass,0,0.9998807,0.06268412,0,0.9969498
6392,Pass,0,0.99998105,9.920219,0,0.4533946
6393,Pass,0,0.9999975,3.6376352,0,0.79990005
6394,Pass,0,0.99859613,0.26739573,0,0.98439455
6395,Pass,0,0.9973387,0.28191465,0,0.9823564
6396,Pass,0,0.9817799,3.395948,0,0.79841447
6397,Pass,0,0.9972608,2.191723,0,0.87723786
6398,Pass,0,0.9999354,6.7709293,0,0.62705326
6399,Pass,0,0.9999515,8.002854,0,0.55912316
6400,Pass,0,0.9986313,3.422574,0,0.8106521
6401,Pass,0,0.9999988,3.9785776,0,0.78109735
6402,Pass,0,0.9993973,2.553675,0,0.8591668
6403,Pass,0,0.99956805,0.15470567,0,0.99156505
6404,Pass,0,0.97862726,0.40449873,0,0.9573097
6405,Pass,0,0.9999881,0.09078209,0,0.99550724
6406,Pass,0,0.89846,4.0582485,0,0.6978377
6407,Pass,0,0.9990134,3.497814,0,0.8068167
6408,Pass,0,0.9951994,0.37144,0,0.9753354
6409,Pass,0,0.99994516,0.11838519,0,0.99394226
6410,Pass,0,0.9936605,0.7234561,0,0.95453584
6411,Pass,0,0.9999999,0.087627396,0,0.99569297
6412,Pass,0,0.9997906,0.11856337,0,0.99377877
6413,Pass,0,0.7175509,3.0499043,0,0.5972296
6414,Pass,0,0.9552311,1.6471716,0,0.86895525
6415,Pass,0,0.9998271,0.3893649,0,0.9788823
6416,Pass,0,0.99999917,8.407227,0,0.5368477
6417,Pass,0,0.9999894,0.15106633,0,0.99218374
6418,Pass,0,0.9977724,0.43941084,0,0.9741166
6419,Pass,0,0.9999931,4.735476,0,0.73934853
6420,Pass,0,0.99851674,0.35807347,0,0.9793226
6421,Pass,0,0.9999999,0.09286885,0,0.9954039
6422,Pass,0,0.99999154,0.10381937,0,0.9947917
6423,Pass,0,0.9997867,0.24477015,0,0.98681575
6424,Pass,0,0.99996877,0.026781581,0,0.99901766
6425,Pass,0,0.99994946,4.593674,0,0.7471366
6426,Pass,0,0.9997322,0.18970288,0,0.98979825
6427,Pass,0,0.99880993,2.153367,0,0.8807135
6428,Pass,0,0.5353498,2.1582305,0,0.47190794
6429,Pass,0,0.9957651,2.2647207,0,0.87191325
6430,Pass,0,0.9992324,10.916134,0,0.39817038
6431,Pass,0,0.6530658,0.2341089,0,0.6449771
6432,Pass,0,0.9999143,4.197071,0,0.768982
6433,Pass,0,0.9999994,0.053727664,0,0.9975621
6434,Pass,0,0.99997497,0.23014274,0,0.9878083
6435,Pass,0,0.99938154,0.35078087,0,0.98057276
6436,Pass,0,0.99967027,2.9125164,0,0.8396171
6437,Pass,0,0.99975866,3.0145009,0,0.834068
6438,Pass,0,0.94182783,0.585544,0,0.91190773
6439,Pass,0,0.99998856,0.09179741,0,0.9954517
6440,Pass,0,0.99678373,3.2147274,0,0.8205787
6441,Pass,0,0.99999964,0.06739526,0,0.9968086
6442,Pass,0,0.9996245,0.28698766,0,0.98432815
6443,Pass,0,0.97962385,1.725994,0,0.88688624
6444,Pass,0,0.3493723,1.6955726,0,0.3168846
6445,Pass,0,0.6621181,1.1403646,0,0.6208232
6446,Pass,0,0.9998715,0.06993293,0,0.9965409
6447,Pass,0,0.6600837,1.7377546,0,0.5971677
6448,Pass,0,0.99996316,0.04974424,0,0.99774563
6449,Pass,0,0.90521497,0.4898949,0,0.8812332
6450,Pass,0,0.9998435,6.1858,0,0.65926176
6451,Pass,0,0.9890472,2.8228972,0,0.8355834
6452,Pass,0,0.99992514,0.17726088,0,0.99067545
6453,Pass,0,0.7962158,2.2490141,0,0.6978733
6454,Pass,0,0.99999344,0.094486624,0,0.9953083
6455,Pass,0,0.7906207,0.6183541,0,0.7640735
6456,Pass,0,0.9901878,0.35975468,0,0.971062
6457,Pass,0,0.47534725,1.3818624,0,0.43936968
6458,Pass,0,0.99890435,0.12779222,0,0.9923894
6459,Pass,0,0.7142499,1.6561174,0,0.64938694
6460,Pass,0,0.980055,0.58098346,0,0.94916695
6461,Pass,0,0.7985947,2.390861,0,0.69371086
6462,Pass,0,0.9999882,0.11022574,0,0.994435
6463,Pass,0,0.9920575,2.0379639,0,0.8810736
6464,Pass,0,0.94645035,4.001814,0,0.73805785
6465,Pass,0,0.99985325,0.17290011,0,0.99084467
6466,Pass,0,0.9999964,0.07518808,0,0.99637556
6467,Pass,0,0.92912585,0.42757708,0,0.907704
6468,Pass,0,0.998487,0.289106,0,0.9830914
6469,Pass,0,0.99997485,0.038370572,0,0.9983846
6470,Pass,0,0.9970817,1.4396757,0,0.9184364
6471,Pass,0,0.9993988,0.04737659,0,0.9973131
6472,Pass,0,0.99996674,0.10015936,0,0.99496883
6473,Pass,0,0.9998148,0.2158824,0,0.9884364
6474,Pass,0,0.99841976,4.9421525,0,0.7268046
6475,Pass,0,0.9995135,4.089537,0,0.77460164
6476,Pass,0,0.9993111,2.767732,0,0.84729505
6477,Pass,0,0.99992645,0.09362958,0,0.99528885
6478,Pass,0,0.70484585,2.4993281,0,0.60805804
6479,Pass,0,0.99999166,7.0367384,0,0.61242867
6480,Pass,0,0.99965036,2.7936451,0,0.8461541
6481,Pass,0,0.8585337,2.4589584,0,0.7425533
6482,Pass,0,0.28361842,2.5268447,0,0.24424216
6483,Pass,0,0.9997781,0.037410017,0,0.9982411
6484,Pass,0,0.9993567,0.19781816,0,0.98897916
6485,Pass,0,0.9943262,0.2383301,0,0.9817793
6486,Pass,0,0.9999958,14.483357,0,0.2017349
6487,Pass,0,0.9999999,0.048340652,0,0.9978597
6488,Pass,0,0.9997931,3.1897352,0,0.82443416
6489,Pass,0,0.99957913,5.0360136,0,0.7224741
6490,Pass,0,0.9999993,0.11479479,0,0.99419403
6491,Pass,0,0.9703765,1.7785263,0,0.8757028
6492,Pass,0,0.9999994,0.12002422,0,0.9939057
6493,Pass,0,0.82198143,0.41870534,0,0.8034321
6494,Pass,0,0.9998574,0.26042345,0,0.9860224
6495,Pass,0,0.9999987,0.052480668,0,0.9976302
6496,Pass,0,0.99094874,0.34387183,0,0.9726763
6497,Pass,0,0.91427636,2.1711514,0,0.8052782
6498,Pass,0,0.999801,7.1297946,0,0.6071806
6499,Pass,0,0.9767472,3.801782,0,0.7724595
6500,Pass,0,0.99995553,0.15852416,0,0.99173886
6501,Pass,0,0.9599027,0.14600533,0,0.9526779
6502,Pass,0,0.99996686,0.06884711,0,0.9966958
6503,Pass,0,0.9928595,1.3268939,0,0.920723
6504,Pass,0,0.9999887,0.08932061,0,0.9955884
6505,Pass,0,0.99998736,0.10325117,0,0.9948188
6506,Pass,0,0.99990785,0.090454295,0,0.99544543
6507,Pass,0,0.9934546,4.4545283,0,0.74990773
6508,Pass,0,0.9990552,0.112324044,0,0.9933916
6509,Pass,0,0.9852824,0.3756679,0,0.9653866
6510,Pass,0,0.96906304,2.5452785,0,0.83353764
6511,Pass,0,0.99999344,0.11005289,0,0.9944498
6512,Pass,0,0.99995387,0.14600955,0,0.9924274
6513,Pass,0,0.99550277,0.19832942,0,0.9851372
6514,Pass,0,0.9956886,0.3859897,0,0.9750159
6515,Pass,0,0.99999416,0.09531893,0,0.99526304
6516,Pass,0,0.7381729,1.811035,0,0.6648304
6517,Pass,0,0.9999995,0.097456045,0,0.99515057
6518,Pass,0,0.9962768,2.8701894,0,0.8390926
6519,Pass,0,0.99940217,5.576041,0,0.6925803
6520,Pass,0,0.99998903,0.08347097,0,0.9959114
6521,Pass,0,0.99970585,0.07129363,0,0.9963008
6522,Pass,0,0.9999589,0.035324547,0,0.99853665
6523,Pass,0,0.96276003,2.6998804,0,0.819907
6524,Pass,0,0.99992836,0.08255614,0,0.9959014
6525,Pass,0,0.8077002,1.1855206,0,0.75531423
6526,Pass,0,0.9999236,0.14210854,0,0.9926125
6527,Pass,0,0.99888927,4.092682,0,0.7739446
6528,Pass,0,0.99982834,4.021732,0,0.77858454
6529,Pass,0,0.99999654,0.11256586,0,0.9943142
6530,Pass,0,0.99999964,0.08577076,0,0.99579513
6531,Pass,0,0.9999707,0.010745191,0,0.999904
6532,Pass,0,0.9982179,3.5045974,0,0.8058008
6533,Pass,0,0.9999988,0.12222414,0,0.99378383
6534,Pass,0,0.57411796,2.390257,0,0.498735
6535,Pass,0,0.9494031,1.1289394,0,0.8907892
6536,Pass,0,0.99999917,4.1556187,0,0.77133346
6537,Pass,0,0.9998129,0.1591764,0,0.9915615
6538,Pass,0,0.85711277,2.8925693,0,0.7208268
6539,Pass,0,0.974644,2.53598,0,0.8388379
6540,Pass,0,0.99984646,0.057368647,0,0.9972088
6541,Pass,0,0.99699485,0.37866554,0,0.9766977
6542,Pass,0,0.99999,0.12217249,0,0.9937779
6543,Pass,0,0.99969566,4.652771,0,0.74368864
6544,Pass,0,0.99999976,0.023589129,0,0.9992247
6545,Pass,0,0.9999716,0.09771135,0,0.99510866
6546,Pass,0,0.99999654,10.427421,0,0.42542842
6547,Pass,0,0.99989843,4.841592,0,0.7334266
6548,Pass,0,0.9999436,0.2160526,0,0.9885544
6549,Pass,0,0.9993962,0.37780154,0,0.9790978
6550,Pass,0,0.99999833,0.1090602,0,0.99450934
6551,Pass,0,0.99990046,0.3502824,0,0.9811094
6552,Pass,0,0.7775407,1.0564685,0,0.732645
6553,Pass,0,0.91791713,1.3003896,0,0.8525674
6554,Pass,0,0.99562377,1.2975919,0,0.92489547
6555,Pass,0,0.99389243,2.268133,0,0.87008643
6556,Pass,0,0.91439265,3.8997588,0,0.71820545
6557,Pass,0,0.9999932,4.4701242,0,0.75398326
6558,Pass,0,0.9999964,0.16354816,0,0.99150234
6559,Pass,0,0.9995764,4.5563955,0,0.748913
6560,Pass,0,0.9999013,0.033710394,0,0.9985682
6561,Pass,0,0.9994823,3.0051665,0,0.83435196
6562,Pass,0,0.9996935,0.23927002,0,0.98702705
6563,Pass,0,0.99431133,0.22065686,0,0.9827338
6564,Pass,0,0.9967823,0.45132422,0,0.9724951
6565,Pass,0,0.63788843,1.2770072,0,0.59329754
6566,Pass,0,0.9999608,0.14189635,0,0.9926611
6567,Pass,0,0.99993944,0.15240838,0,0.9920602
6568,Pass,0,0.71782035,0.90633065,0,0.6823167
6569,Pass,0,0.99999774,4.8558764,0,0.7327116
6570,Pass,0,0.88758063,1.2764939,0,0.8255604
6571,Pass,0,0.9997633,0.09499604,0,0.99505115
6572,Pass,0,0.99995387,0.29252285,0,0.9843472
6573,Pass,0,0.9999678,0.112563506,0,0.9942858
6574,Pass,0,0.80140454,1.6641673,0,0.728271
6575,Pass,0,0.9851968,1.2536545,0,0.9175966
6576,Pass,0,0.9998274,0.20660375,0,0.9889605
6577,Pass,0,0.8852141,0.6337257,0,0.85474014
6578,Pass,0,0.99359566,3.724913,0,0.7899965
6579,Pass,0,0.6942831,0.6034489,0,0.67154145
6580,Pass,0,0.99955565,0.20134276,0,0.9889818
6581,Pass,0,0.99997354,0.13764775,0,0.99290806
6582,Pass,0,0.56654406,1.4071674,0,0.5228734
6583,Pass,0,0.99979955,3.4207416,0,0.81170154
6584,Pass,0,0.99524313,2.9883575,0,0.8317358
6585,Pass,0,0.9999925,0.08573463,0,0.99579
6586,Pass,0,0.99948597,0.2113294,0,0.9883623
6587,Pass,0,0.40166762,2.066801,0,0.35609326
6588,Pass,0,0.9373257,3.3447983,0,0.7649072
6589,Pass,0,0.97375983,2.6187785,0,0.8336303
6590,Pass,0,0.99992573,0.08844566,0,0.995574
6591,Pass,0,0.9361578,0.8161218,0,0.89451283
6592,Pass,0,0.99017817,4.427245,0,0.7489245
6593,Pass,0,0.99999726,0.10608654,0,0.9946723
6594,Pass,0,0.99999845,0.11815157,0,0.99400806
6595,Pass,0,0.9997174,2.7977939,0,0.8459821
6596,Pass,0,0.4932025,3.9658,0,0.38558722
6597,Pass,0,0.99812835,3.512448,0,0.80529636
6598,Pass,0,0.99946254,0.19199587,0,0.9894049
6599,Pass,0,0.99997723,3.3589346,0,0.8152545
6600,Pass,0,0.9953002,2.7100143,0,0.84706265
6601,Pass,0,0.9787421,3.5542836,0,0.78739715
6602,Pass,0,0.9989255,0.09099528,0,0.9944377
6603,Pass,0,0.9999702,0.11359483,0,0.9942313
6604,Pass,0,0.9998147,0.11079123,0,0.9942312
6605,Pass,0,0.37130064,1.6252359,0,0.33821422
6606,Pass,0,0.3989824,1.292936,0,0.37074146
6607,Pass,0,0.99969316,5.210281,0,0.71294826
6608,Pass,0,0.9999976,0.102520436,0,0.9948693
6609,Pass,0,0.55073816,2.510896,0,0.47476068
6610,Pass,0,0.60706276,0.95811915,0,0.5753033
6611,Pass,0,0.9998678,0.15641752,0,0.991768
6612,Pass,0,0.99940026,3.3195767,0,0.8169535
6613,Pass,0,0.99999845,0.08792085,0,0.9956753
6614,Pass,0,0.99772304,4.6882787,0,0.74026734
6615,Pass,0,0.99999666,6.9133863,0,0.61923486
6616,Pass,0,0.9998963,0.13805912,0,0.99280864
6617,Pass,0,0.9999571,0.09242146,0,0.99538594
6618,Pass,0,0.9999949,5.8175697,0,0.6796702
6619,Pass,0,0.34782758,2.1121922,0,0.30749133
6620,Pass,0,0.34961262,2.4745302,0,0.30208278
6621,Pass,0,0.9170766,1.8952649,0,0.82169855
6622,Pass,0,0.96852255,0.48000696,0,0.9433918
6623,Pass,0,0.9940248,0.38045794,0,0.97368985
6624,Pass,0,0.9989724,3.3760633,0,0.8134915
6625,Pass,0,0.990875,5.8288136,0,0.67285717
6626,Pass,0,0.9999608,0.33471987,0,0.9820269
6627,Pass,0,0.99995446,0.10396519,0,0.99474674
6628,Pass,0,0.9997609,4.658474,0,0.7434227
6629,Pass,0,0.9999529,3.5193412,0,0.80638826
6630,Pass,0,0.8799525,1.4696324,0,0.809092
6631,Pass,0,0.98337513,0.48649368,0,0.95750713
6632,Pass,0,0.99999404,9.674763,0,0.46693793
6633,Pass,0,0.99957424,4.3712583,0,0.7591177
6634,Pass,0,0.9953585,0.2111707,0,0.9842895
6635,Pass,0,0.9998764,3.1363654,0,0.827446
6636,Pass,0,0.9998697,0.25748277,0,0.9861967
6637,Pass,0,0.9968828,3.269231,0,0.81766355
6638,Pass,0,0.9999175,0.29615957,0,0.9841109
6639,Pass,0,0.9998635,0.06764894,0,0.99665886
6640,Pass,0,0.91563565,0.65614897,0,0.8829821
6641,Pass,0,0.99990976,0.21377043,0,0.9886468
6642,Pass,0,0.9995522,6.828274,0,0.6236516
6643,Pass,0,0.9999933,0.13161057,0,0.9932607
6644,Pass,0,0.996329,4.1008973,0,0.7715094
6645,Pass,0,0.9998073,0.15923192,0,0.9915528
6646,Pass,0,0.99980706,0.04405057,0,0.9979039
6647,Pass,0,0.9999318,6.8314934,0,0.623711
6648,Pass,0,0.6153556,0.9055139,0,0.58494765
6649,Pass,0,0.9999567,0.17754345,0,0.9906912
6650,Pass,0,0.9999083,4.3195457,0,0.7622233
6651,Pass,0,0.5076486,0.8928862,0,0.4829166
6652,Pass,0,0.9431537,4.7153506,0,0.698371
6653,Pass,0,0.99893314,0.33603114,0,0.9809454
6654,Pass,0,0.9999957,0.16463158,0,0.9914419
6655,Pass,0,0.99957055,2.7377322,0,0.84916896
6656,Pass,0,0.99999666,0.15095818,0,0.9921969
6657,Pass,0,0.99775296,0.037712373,0,0.99620247
6658,Pass,0,0.99999905,0.06698426,0,0.99683064
6659,Pass,0,0.99985397,0.04006515,0,0.99817044
6660,Pass,0,0.99999976,0.028008968,0,0.99898094
6661,Pass,0,0.9999908,0.20228755,0,0.9893603
6662,Pass,0,0.9989648,2.041576,0,0.88700914
6663,Pass,0,0.979901,2.3056722,0,0.85580915
6664,Pass,0,0.7297802,4.3877687,0,0.55356055
6665,Pass,0,0.99999,0.07452258,0,0.9964059
6666,Pass,0,0.695444,0.4374705,0,0.6790304
6667,Pass,0,0.99979216,0.17140427,0,0.9908666
6668,Pass,0,0.9999931,0.08047576,0,0.9960806
6669,Pass,0,0.9999703,5.364169,0,0.70465887
6670,Pass,0,0.9994404,0.07544992,0,0.9958071
6671,Pass,0,0.9997831,0.1249729,0,0.99341786
6672,Pass,0,0.99885094,0.23774406,0,0.98627925
6673,Pass,0,0.61852324,1.5500869,0,0.5659705
6674,Pass,0,0.9999548,10.004323,0,0.44874442
6675,Pass,0,0.9616418,3.331959,0,0.7854313
6676,Pass,0,0.9986682,3.3391757,0,0.81527555
6677,Pass,0,0.89412725,0.4003961,0,0.8748527
6678,Pass,0,0.97153443,3.1540883,0,0.80304193
6679,Pass,0,0.99946815,4.7707806,0,0.7370143
6680,Pass,0,0.9981831,0.44249338,0,0.9743479
6681,Pass,0,0.9921171,0.16865003,0,0.98341084
6682,Pass,0,0.9143148,0.6879447,0,0.88010496
6683,Pass,0,0.999871,8.148973,0,0.5510203
6684,Pass,0,0.99999654,0.07070975,0,0.9966227
6685,Pass,0,0.9999747,0.07777105,0,0.9962115
6686,Pass,0,0.9973525,1.8397368,0,0.89668
6687,Pass,0,0.99996364,0.0790416,0,0.99613035
6688,Pass,0,0.9655994,2.4317403,0,0.8366049
6689,Pass,0,0.99990964,0.29208696,0,0.98432773
6690,Pass,0,0.2848233,1.9074477,0,0.25500965
6691,Pass,0,0.9999969,8.582297,0,0.52719104
6692,Pass,0,0.9671486,0.1984085,0,0.95707405
6693,Pass,0,0.9999975,0.13081494,0,0.9933087
6694,Pass,0,0.9987035,0.21107727,0,0.9876025
6695,Pass,0,0.99890697,1.1459374,0,0.93630034
6696,Pass,0,0.3142378,2.087735,0,0.27822068
6697,Pass,0,0.99951243,0.3019439,0,0.9833934
6698,Pass,0,0.99997413,0.11614595,0,0.99409455
6699,Pass,0,0.99999976,0.052046478,0,0.9976552
6700,Pass,0,0.9999579,3.2493615,0,0.8212817
6701,Pass,0,0.9876468,2.3379636,0,0.8608151
6702,Pass,0,0.9687284,0.53677887,0,0.9405591
6703,Pass,0,0.99948573,0.21104066,0,0.98837805
6704,Pass,0,0.9986822,6.6405,0,0.6334514
6705,Pass,0,0.9997999,0.15182121,0,0.9919541
6706,Pass,0,0.9942801,0.20495935,0,0.9835637
6707,Pass,0,0.9441728,0.26582325,0,0.9308271
6708,Pass,0,0.99965036,0.11830366,0,0.99365366
6709,Pass,0,0.99999964,0.08931411,0,0.9955997
6710,Pass,0,0.9999515,0.14971854,0,0.99222046
6711,Pass,0,0.99999595,0.07616549,0,0.9963212
6712,Pass,0,0.9998517,3.8467104,0,0.7882542
6713,Pass,0,0.99992645,0.07719306,0,0.9961953
6714,Pass,0,0.9999238,0.2010381,0,0.98936284
6715,Pass,0,0.9999118,3.2718778,0,0.8200021
6716,Pass,0,0.99999905,0.157579,0,0.99183416
6717,Pass,0,0.99995077,2.2141635,0,0.8783665
6718,Pass,0,0.9999969,0.11000017,0,0.99445605
6719,Pass,0,0.96489835,1.1624912,0,0.90354234
6720,Pass,0,0.9998907,0.22626352,0,0.987939
6721,Pass,0,0.9999846,2.7701805,0,0.8477311
6722,Pass,0,0.99740714,6.2008324,0,0.6568284
6723,Pass,0,0.99903584,3.6796741,0,0.7968145
6724,Pass,0,0.9987581,5.1681633,0,0.7146014
6725,Pass,0,0.9997346,0.27088112,0,0.9853246
6726,Pass,0,0.98292243,2.1305828,0,0.86793965
6727,Pass,0,0.93973714,0.48282713,0,0.9152071
6728,Pass,0,0.99125016,3.1788862,0,0.81798273
6729,Pass,0,0.9999969,12.478535,0,0.31230533
6730,Pass,0,0.9976291,3.2494254,0,0.8193655
6731,Pass,0,0.9998859,0.15483299,0,0.9918734
6732,Pass,0,0.71328425,2.9076927,0,0.59927297
6733,Pass,0,0.9999883,0.14430964,0,0.9925553
6734,Pass,0,0.6535387,2.7936165,0,0.5531889
6735,Pass,0,0.998678,2.1656132,0,0.8799226
6736,Pass,0,0.9999708,0.160428,0,0.991649
6737,Pass,0,1.0,0.043348905,0,0.99813515
6738,Pass,0,0.99998283,0.09713925,0,0.9951514
6739,Pass,0,0.9992506,0.13031286,0,0.9925945
6740,Pass,0,0.9999933,0.16502295,0,0.99141794
6741,Pass,0,0.99973375,0.18119057,0,0.9902691
6742,Pass,0,0.9999722,5.921148,0,0.67394245
6743,Pass,0,0.91178924,1.5805322,0,0.83278817
6744,Pass,0,0.9993206,0.32413977,0,0.98198134
6745,Pass,0,0.9995864,0.14038427,0,0.9923728
6746,Pass,0,0.9982437,0.31000018,0,0.9817015
6747,Pass,0,0.9998832,0.1796166,0,0.9905039
6748,Pass,0,0.9998585,0.19916674,0,0.9894014
6749,Pass,0,0.9999993,0.07074115,0,0.9966237
6750,Pass,0,0.99995995,0.12832774,0,0.99340856
6751,Pass,0,0.9999994,0.10542379,0,0.994711
6752,Pass,0,0.9999504,0.25282285,0,0.9865332
6753,Pass,0,0.9983847,0.07604225,0,0.99472266
6754,Pass,0,0.99378127,3.156629,0,0.8212913
6755,Pass,0,0.9998406,0.1513031,0,0.9920231
6756,Pass,0,0.9999994,0.18375525,0,0.99039084
6757,Pass,0,0.998899,0.28983197,0,0.9834571
6758,Pass,0,0.9996388,2.91445,0,0.83948404
6759,Pass,0,0.8387543,1.2044717,0,0.78347754
6760,Pass,0,0.9997621,4.2749987,0,0.7645681
6761,Pass,0,0.9996364,3.5548172,0,0.80417717
6762,Pass,0,0.9999893,0.10319058,0,0.99482405
6763,Pass,0,0.999979,0.033638164,0,0.9986497
6764,Pass,0,0.6043911,1.7704697,0,0.5456929
6765,Pass,0,0.99990094,7.462806,0,0.5888768
6766,Pass,0,0.9966266,0.23121235,0,0.98444194
6767,Pass,0,0.99999917,0.059993315,0,0.99721634
6768,Pass,0,0.9999759,8.028904,0,0.55770016
6769,Pass,0,0.99926823,4.349792,0,0.7600684
6770,Pass,0,0.9359276,1.6918555,0,0.8490887
6771,Pass,0,0.99089396,0.16093637,0,0.98261994
6772,Pass,0,0.99854374,3.356367,0,0.8142272
6773,Pass,0,0.9889774,1.5166398,0,0.9067733
6774,Pass,0,0.99977976,0.31392866,0,0.9829955
6775,Pass,0,0.9998386,0.18917802,0,0.98993254
6776,Pass,0,0.975873,2.3663497,0,0.8490254
6777,Pass,0,0.99476874,2.838461,0,0.83956325
6778,Pass,0,0.95773935,1.5469241,0,0.8765322
6779,Pass,0,0.9999596,0.12364783,0,0.9936663
6780,Pass,0,0.9996612,0.12030058,0,0.99355435
6781,Pass,0,0.99999976,0.045808915,0,0.99799925
6782,Pass,0,0.9999583,0.022295123,0,0.9992546
6783,Pass,0,0.99983644,1.7129092,0,0.9059069
6784,Pass,0,0.9941049,6.1013145,0,0.66011006
6785,Pass,0,0.9989177,2.369364,0,0.86890864
6786,Pass,0,0.9999999,0.063147,0,0.99704313
6787,Pass,0,0.9999819,0.18630251,0,0.990233
6788,Pass,0,0.9991653,0.18252288,0,0.98963267
6789,Pass,0,0.999721,4.933222,0,0.7282443
6790,Pass,0,0.99999976,0.05468868,0,0.9975095
6791,Pass,0,0.9989675,0.31164393,0,0.9823228
6792,Pass,0,0.9985299,2.468045,0,0.8631369
6793,Pass,0,0.99973077,5.2233887,0,0.7122524
6794,Pass,0,0.99876,4.3615255,0,0.75903547
6795,Pass,0,0.99993575,2.1690035,0,0.8808438
6796,Pass,0,1.0,0.0974976,0,0.9951487
6797,Pass,0,0.9999999,0.048810534,0,0.9978338
6798,Pass,0,0.9996184,6.1857777,0,0.6591146
6799,Pass,0,0.99975175,6.215469,0,0.6575654
6800,Pass,0,0.99987733,0.15783368,0,0.9916994
6801,Pass,0,0.99915266,0.343183,0,0.9807669
6802,Pass,0,0.98264045,2.1779146,0,0.8651255
6803,Pass,0,0.9946571,1.3317419,0,0.9221241
6804,Pass,0,0.6766855,2.6261785,0,0.57903045
6805,Pass,0,0.94214296,1.4125245,0,0.8692418
6806,Pass,0,0.9782615,4.181802,0,0.7531538
6807,Pass,0,0.96964294,1.4973907,0,0.89007545
6808,Pass,0,0.8137807,4.662452,0,0.6049492
6809,Pass,0,0.9999871,0.17690703,0,0.99075633
6810,Pass,0,0.99963474,0.22152801,0,0.9879472
6811,Pass,0,0.5442328,3.3997183,0,0.44247416
6812,Pass,0,0.99994695,4.584253,0,0.7476543
6813,Pass,0,0.99986124,2.629915,0,0.8553614
6814,Pass,0,0.999997,0.14382628,0,0.9925906
6815,Pass,0,0.99650156,0.38235933,0,0.97601146
6816,Pass,0,0.9981166,0.0805883,0,0.9942053
6817,Pass,0,0.9994342,0.2691692,0,0.9851229
6818,Pass,0,0.99997187,0.099034674,0,0.99503595
6819,Pass,0,0.98598367,0.6955609,0,0.94867814
6820,Pass,0,0.99899536,1.8542486,0,0.89735746
6821,Pass,0,0.9999467,0.16575694,0,0.9913313
6822,Pass,0,0.9686358,3.4001434,0,0.78750116
6823,Pass,0,0.77362543,1.9082975,0,0.6926106
6824,Pass,0,0.7854306,2.1264765,0,0.6937283
6825,Pass,0,0.42138466,1.8816788,0,0.37787545
6826,Pass,0,0.9876732,0.5996753,0,0.9555269
6827,Pass,0,0.997618,4.035362,0,0.77611345
6828,Pass,0,0.75089407,1.375538,0,0.6943231
6829,Pass,0,0.99992955,2.3059878,0,0.8732839
6830,Pass,0,0.9999957,0.08483194,0,0.995843
6831,Pass,0,0.99977106,3.2394235,0,0.8216762
6832,Pass,0,0.9875952,1.1853942,0,0.9235484
6833,Pass,0,0.99997425,0.02264941,0,0.999251
6834,Pass,0,0.99929285,6.6589684,0,0.63282084
6835,Pass,0,0.9997203,0.3218998,0,0.9824975
6836,Pass,0,0.9999589,4.5561867,0,0.749211
6837,Pass,0,0.9999671,6.587324,0,0.63719904
6838,Pass,0,0.77950734,1.6625158,0,0.7084431
6839,Pass,0,0.99993026,6.3448596,0,0.6505471
6840,Pass,0,0.9999188,3.5256617,0,0.8060122
6841,Pass,0,0.9838928,4.2867174,0,0.7517961
6842,Pass,0,0.9999882,7.890334,0,0.56534934
6843,Pass,0,0.9997454,2.8778732,0,0.8415904
6844,Pass,0,0.9999559,0.03282989,0,0.99867123
6845,Pass,0,0.9937192,3.323282,0,0.81210643
6846,Pass,0,0.9999831,0.21100801,0,0.98887163
6847,Pass,0,0.9999976,0.20977071,0,0.98895425
6848,Pass,0,0.99821943,2.4724214,0,0.86262757
6849,Pass,0,0.9998548,0.10229574,0,0.9947396
6850,Pass,0,0.82828724,1.4793442,0,0.76114357
6851,Pass,0,0.9991818,0.054686844,0,0.9966937
6852,Pass,0,0.98781407,1.831339,0,0.8885619
6853,Pass,0,0.9999521,0.016879437,0,0.99954706
6854,Pass,0,0.9997243,3.8897307,0,0.78578174
6855,Pass,0,0.9999523,3.5234869,0,0.80615914
6856,Pass,0,0.9984761,3.065483,0,0.8301905
6857,Pass,0,0.9999442,0.25694317,0,0.98629993
6858,Pass,0,0.99829,0.21605875,0,0.9869193
6859,Pass,0,0.9991642,3.093869,0,0.8291984
6860,Pass,0,0.99923384,3.1274834,0,0.82740366
6861,Pass,0,0.99210197,5.1134453,0,0.712833
6862,Pass,0,0.944227,1.1487111,0,0.884903
6863,Pass,0,0.9999987,0.059650306,0,0.99723476
6864,Pass,0,1.0,0.024505075,0,0.9991744
6865,Pass,0,0.9999796,0.20621821,0,0.9891324
6866,Pass,0,0.9996952,4.878434,0,0.7312462
6867,Pass,0,0.9823782,3.2985609,0,0.8041775
6868,Pass,0,0.9999925,0.18168576,0,0.9904981
6869,Pass,0,0.99999976,0.089900434,0,0.9955675
6870,Pass,0,0.9999857,0.07515833,0,0.99636656
6871,Pass,0,0.99800986,0.35016048,0,0.97926104
6872,Pass,0,0.9976184,0.3909538,0,0.9766325
6873,Pass,0,0.99999297,0.10103429,0,0.9949467
6874,Pass,0,0.9999782,0.09146371,0,0.9954598
6875,Pass,0,0.9998845,3.1857395,0,0.82472986
6876,Pass,0,0.9999124,6.0688653,0,0.6657558
6877,Pass,0,0.999603,4.6804714,0,0.74209255
6878,Pass,0,0.9968527,2.6091843,0,0.85392743
6879,Pass,0,0.99999356,0.15597595,0,0.99191713
6880,Pass,0,0.9999728,2.7171853,0,0.8506439
6881,Pass,0,0.81828725,3.5196567,0,0.6598741
6882,Pass,0,0.99999654,7.7748113,0,0.5717254
6883,Pass,0,0.9999441,3.367499,0,0.81475514
6884,Pass,0,0.99972385,3.9970605,0,0.77986354
6885,Pass,0,0.9999989,0.07543243,0,0.9963646
6886,Pass,0,0.99876994,0.413952,0,0.9764929
6887,Pass,0,0.9999871,0.060958166,0,0.99715114
6888,Pass,0,0.9988127,0.21881647,0,0.9872841
6889,Pass,0,0.99863404,0.29359505,0,0.98298895
6890,Pass,0,0.99989855,0.03415288,0,0.998541
6891,Pass,0,0.9998012,4.1304135,0,0.7725706
6892,Pass,0,0.90802526,1.2189194,0,0.8474598
6893,Pass,0,0.99942124,0.07153588,0,0.9960038
6894,Pass,0,0.9999982,0.10279354,0,0.99485487
6895,Pass,0,0.9999577,0.09931074,0,0.9950066
6896,Pass,0,0.9920021,2.3894637,0,0.8617935
6897,Pass,0,0.9322581,1.4660654,0,0.857369
6898,Pass,0,0.9991386,3.349836,0,0.81507206
6899,Pass,0,0.99998474,2.2949986,0,0.8739382
6900,Pass,0,0.9997002,0.1982677,0,0.9892943
6901,Pass,0,0.9999057,6.3511553,0,0.6501839
6902,Pass,0,0.9987949,0.56681323,0,0.96809685
6903,Pass,0,0.99151176,0.8791952,0,0.9439552
6904,Pass,0,0.6215949,1.1246095,0,0.5833675
6905,Pass,0,0.9999753,0.062376197,0,0.99706113
6906,Pass,0,0.9994629,0.16953494,0,0.9906434
6907,Pass,0,0.99997354,4.277794,0,0.76457566
6908,Pass,0,0.435672,1.8237474,0,0.39207956
6909,Pass,0,0.99998367,0.040026005,0,0.9983021
6910,Pass,0,0.5498802,1.6053398,0,0.50148404
6911,Pass,0,0.9986154,0.013162984,0,0.99841565
6912,Pass,0,0.9993079,3.9557223,0,0.7818173
6913,Pass,0,0.99996996,0.14252096,0,0.9926358
6914,Pass,0,0.9908607,1.6019045,0,0.9038406
6915,Pass,0,0.99944466,6.06329,0,0.66575176
6916,Pass,0,0.998628,1.7738974,0,0.901453
6917,Pass,0,0.99970514,3.499499,0,0.80728245
6918,Pass,0,0.9997367,5.1435065,0,0.7166611
6919,Pass,0,0.99975115,5.988246,0,0.6700938
6920,Pass,0,0.9999993,6.157773,0,0.66091025
6921,Pass,0,0.9996935,0.10266246,0,0.99455893
6922,Pass,0,0.9999465,4.3322062,0,0.7615541
6923,Pass,0,0.99976164,0.0901771,0,0.9953152
6924,Pass,0,0.505075,1.0885079,0,0.47501913
6925,Pass,0,0.9999411,0.15207814,0,0.9920801
6926,Pass,0,0.9999602,0.014017004,0,0.99971306
6927,Pass,0,0.6786754,2.1982138,0,0.5967521
6928,Pass,0,0.99996436,0.2820316,0,0.9849361
6929,Pass,0,0.9999702,3.6438532,0,0.7995353
6930,Pass,0,0.97194695,1.7541642,0,0.878426
6931,Pass,0,0.99998856,0.16041079,0,0.99166757
6932,Pass,0,0.99729496,0.29163393,0,0.9817787
6933,Pass,0,0.9999287,0.18639718,0,0.9901751
6934,Pass,0,0.9974185,4.99915,0,0.7229403
6935,Pass,0,0.9998124,0.13368286,0,0.9929668
6936,Pass,0,0.99999356,0.115738235,0,0.99413633
6937,Pass,0,0.9999652,0.24178378,0,0.9871566
6938,Pass,0,0.999432,5.8424516,0,0.67791617
6939,Pass,0,0.9999238,0.119240165,0,0.9938739
6940,Pass,0,0.49175382,0.63763326,0,0.474719
6941,Pass,0,0.99998546,4.217623,0,0.76790327
6942,Pass,0,0.9999932,0.14533292,0,0.99250376
6943,Pass,0,0.99999976,0.07882359,0,0.9961784
6944,Pass,0,0.99994874,0.18098186,0,0.9904936
6945,Pass,0,0.5699492,1.4130338,0,0.52583164
6946,Pass,0,0.99999094,0.09154734,0,0.9954679
6947,Pass,0,0.9996006,4.090048,0,0.774641
6948,Pass,0,0.99999464,0.060561776,0,0.99718046
6949,Pass,0,0.9994795,5.3217916,0,0.706649
6950,Pass,0,0.9999753,0.19488095,0,0.98975337
6951,Pass,0,0.99999154,4.67764,0,0.7425372
6952,Pass,0,0.9995074,3.8141003,0,0.7897804
6953,Pass,0,0.9995968,0.12362706,0,0.99330693
6954,Pass,0,0.89575773,2.4749534,0,0.7739585
6955,Pass,0,0.99997914,0.3146781,0,0.98315024
6956,Pass,0,0.9706386,1.1012665,0,0.912195
6957,Pass,0,0.99985254,0.22170678,0,0.98815256
6958,Pass,0,0.9999291,0.058457848,0,0.9972311
6959,Pass,0,0.98149955,2.8811936,0,0.8260511
6960,Pass,0,0.99996233,5.5141964,0,0.6963792
6961,Pass,0,0.9999944,2.6881247,0,0.85226494
6962,Pass,0,0.9999999,0.048841488,0,0.9978321
6963,Pass,0,0.99998724,0.068360776,0,0.99674296
6964,Pass,0,0.99999154,7.9248486,0,0.5634477
6965,Pass,0,0.916976,3.0834386,0,0.76151854
6966,Pass,0,0.9999398,0.056299794,0,0.9973608
6967,Pass,0,0.99997115,0.11051918,0,0.9944019
6968,Pass,0,0.99949574,4.731027,0,0.73922604
6969,Pass,0,0.9999926,0.112948865,0,0.9942892
6970,Pass,0,0.9235756,1.5228335,0,0.8464923
6971,Pass,0,0.99999666,3.7299218,0,0.7948096
6972,Pass,0,0.9969591,4.0018916,0,0.77744114
6973,Pass,0,0.9985102,2.2389684,0,0.87573504
6974,Pass,0,0.99997604,0.17117783,0,0.9910614
6975,Pass,0,0.9965702,0.31238055,0,0.979925
6976,Pass,0,0.99178785,0.4036331,0,0.970231
6977,Pass,0,0.99999964,9.044116,0,0.50172216
6978,Pass,0,0.996018,0.31825384,0,0.9790593
6979,Pass,0,0.99909544,2.1543524,0,0.88091093
6980,Pass,0,0.95769656,2.2458308,0,0.8395774
6981,Pass,0,0.9994861,0.18821467,0,0.9896366
6982,Pass,0,0.99925035,3.6136773,0,0.80062276
6983,Pass,0,0.9999999,0.06375614,0,0.9970095
6984,Pass,0,0.99911076,3.6393504,0,0.7990962
6985,Pass,0,0.99850756,3.951016,0,0.7814504
6986,Pass,0,0.99991596,4.120172,0,0.7732241
6987,Pass,0,0.99995935,0.17775229,0,0.9906822
6988,Pass,0,0.99993527,4.132976,0,0.7725329
6989,Pass,0,0.25805098,2.8875792,0,0.21709038
6990,Pass,0,0.99878615,0.3453511,0,0.9802877
6991,Pass,0,0.9999918,0.05478286,0,0.9974963
6992,Pass,0,0.99999726,5.8191757,0,0.67958325
6993,Pass,0,0.99999774,0.1755006,0,0.9908444
6994,Pass,0,0.99998915,0.25583252,0,0.9864055
6995,Pass,0,0.99996257,0.07487446,0,0.9963591
6996,Pass,0,0.99988043,2.9134037,0,0.8397446
6997,Pass,0,0.99142355,0.36761943,0,0.97184384
6998,Pass,0,0.9994573,6.2827654,0,0.65366215
6999,Pass,0,0.9990019,2.942086,0,0.8374265
7000,Pass,0,0.9999877,0.07214349,0,0.9965348
7001,Pass,0,0.99996495,4.226706,0,0.7673866
7002,Pass,0,0.9999318,0.18277736,0,0.99037784
7003,Pass,0,0.9999654,8.180906,0,0.5493113
7004,Pass,0,0.9974003,4.559671,0,0.7471023
7005,Pass,0,0.9999403,0.09306286,0,0.9953339
7006,Pass,0,0.99999344,0.041301575,0,0.9982415
7007,Pass,0,0.9999875,0.11720968,0,0.9940491
7008,Pass,0,0.99948007,9.874503,0,0.45568752
7009,Pass,0,0.9999931,0.15854093,0,0.9917752
7010,Pass,0,0.8828818,3.351759,0,0.72013915
7011,Pass,0,0.9999999,0.022676574,0,0.99927515
7012,Pass,0,0.99898976,2.1006956,0,0.88377404
7013,Pass,0,0.7714968,0.7100585,0,0.7416897
7014,Pass,0,0.99936694,0.092200786,0,0.99481064
7015,Pass,0,0.9970151,2.1762815,0,0.87787086
7016,Pass,0,0.9962555,1.7148814,0,0.90255404
7017,Pass,0,0.99858236,3.2640615,0,0.8193423
7018,Pass,0,0.99989426,0.1498761,0,0.992155
7019,Pass,0,0.99977916,0.17573136,0,0.9906151
7020,Pass,0,0.7452233,1.4437582,0,0.68627566
7021,Pass,0,0.30539775,0.92946786,0,0.28990299
7022,Pass,0,0.9909945,2.0619242,0,0.87882
7023,Pass,0,0.9978808,3.7433255,0,0.7923902
7024,Pass,0,0.9999995,0.049409,0,0.99780047
7025,Pass,0,0.99856347,6.488835,0,0.6417287
7026,Pass,0,0.9999987,0.115303695,0,0.99416536
7027,Pass,0,0.9995919,2.2923934,0,0.87373847
7028,Pass,0,0.9802675,2.540541,0,0.8434313
7029,Pass,0,0.9991689,3.545805,0,0.8042977
7030,Pass,0,0.9792295,0.37925094,0,0.95926243
7031,Pass,0,0.6220973,1.10686,0,0.58444804
7032,Pass,0,0.9999975,0.11388123,0,0.9942426
7033,Pass,0,0.5050333,2.504598,0,0.4355365
7034,Pass,0,0.96995544,1.9705218,0,0.86505204
7035,Pass,0,0.9991025,0.25601417,0,0.98552084
7036,Pass,0,0.9998042,3.0709143,0,0.8309953
7037,Pass,0,0.40376356,4.544089,0,0.30278593
7038,Pass,0,0.9167119,0.98457736,0,0.8674151
7039,Pass,0,0.9999647,5.372041,0,0.7042208
7040,Pass,0,0.99833727,0.40020078,0,0.976827
7041,Pass,0,0.6388552,1.7567364,0,0.5772938
7042,Pass,0,0.8867323,4.451387,0,0.6695022
7043,Pass,0,0.86697644,2.145475,0,0.76484495
7044,Pass,0,0.99978226,3.7588153,0,0.793046
7045,Pass,0,0.99989974,3.825796,0,0.7894454
7046,Pass,0,0.99999774,0.0712129,0,0.9965961
7047,Pass,0,0.72009903,1.1159993,0,0.67615575
7048,Pass,0,0.6072628,1.1124476,0,0.5703242
7049,Pass,0,0.9995672,3.013979,0,0.83393705
7050,Pass,0,0.99515307,3.1138835,0,0.8247711
7051,Pass,0,0.99959165,3.2620263,0,0.82028264
7052,Pass,0,0.78628117,2.1446774,0,0.69369036
7053,Pass,0,0.4804296,2.2520373,0,0.42101052
7054,Pass,0,0.99877435,0.047591746,0,0.99667805
7055,Pass,0,0.99999404,0.13428304,0,0.993114
7056,Pass,0,0.99998903,0.27002802,0,0.98562247
7057,Pass,0,0.9998547,0.037843067,0,0.99829376
7058,Pass,0,0.46232027,2.5922992,0,0.39646494
7059,Pass,0,0.9999999,0.081491694,0,0.99603134
7060,Pass,0,0.9998729,0.31942064,0,0.9827842
7061,Pass,0,0.9974353,4.630356,0,0.7432402
7062,Pass,0,0.9991297,0.45762572,0,0.9744381
7063,Pass,0,0.93036747,1.9464271,0,0.83098197
7064,Pass,0,0.99991155,3.9383554,0,0.7832474
7065,Pass,0,0.9999347,0.30606145,0,0.9835817
7066,Pass,0,0.9999876,0.09844416,0,0.99508417
7067,Pass,0,0.9998852,0.07706184,0,0.9961614
7068,Pass,0,0.9998234,1.9623293,0,0.8921414
7069,Pass,0,0.6603525,1.2962816,0,0.61348933
7070,Pass,0,0.99962854,4.4887776,0,0.75267994
7071,Pass,0,0.99986196,3.5837307,0,0.80276424
7072,Pass,0,0.9995296,1.4936612,0,0.91771525
7073,Pass,0,0.9999049,4.5363126,0,0.75026655
7074,Pass,0,0.99880695,0.16202429,0,0.9904069
7075,Pass,0,0.49229243,0.5841636,0,0.47669068
7076,Pass,0,0.7291201,1.8241105,0,0.65615124
7077,Pass,0,0.9921342,0.35746807,0,0.9730959
7078,Pass,0,0.9902952,1.4213862,0,0.9131841
7079,Pass,0,0.99996436,0.16029261,0,0.9916501
7080,Pass,0,0.855171,1.7569613,0,0.7727543
7081,Pass,0,0.99911207,2.650406,0,0.8535914
7082,Pass,0,0.5442565,0.8777401,0,0.5181956
7083,Pass,0,0.79039466,1.11583,0,0.742169
7084,Pass,0,0.99996185,0.02313863,0,0.99921167
7085,Pass,0,0.9999995,0.07167129,0,0.9965726
7086,Pass,0,0.99989533,4.095659,0,0.77456
7087,Pass,0,0.9999218,0.13270614,0,0.99312925
7088,Pass,0,0.40419477,1.5558313,0,0.36972433
7089,Pass,0,0.9792261,2.317024,0,0.8546067
7090,Pass,0,0.9999887,0.1530078,0,0.992076
7091,Pass,0,0.9999857,0.12342666,0,0.9937045
7092,Pass,0,0.99980503,6.2511473,0,0.65563303
7093,Pass,0,0.9895353,0.2686383,0,0.9753947
7094,Pass,0,0.5037832,1.2935938,0,0.46810594
7095,Pass,0,0.9999509,0.22350965,0,0.98815036
7096,Pass,0,0.99995613,4.0005665,0,0.7798514
7097,Pass,0,1.0,0.04234168,0,0.9981907
7098,Pass,0,0.9994505,0.2977895,0,0.98356146
7099,Pass,0,0.94969374,0.11303308,0,0.9442728
7100,Pass,0,0.97933495,8.866457,0,0.50095004
7101,Pass,0,0.9976827,2.1274328,0,0.8811465
7102,Pass,0,0.98885846,4.113706,0,0.76502603
7103,Pass,0,0.95840454,5.308852,0,0.6782923
7104,Pass,0,0.99999034,0.10622957,0,0.9946575
7105,Pass,0,0.5386633,2.7393405,0,0.4575649
7106,Pass,0,0.9999597,2.819213,0,0.84500587
7107,Pass,0,0.9988418,3.9188383,0,0.7834846
7108,Pass,0,0.99998057,0.18948072,0,0.9900564
7109,Pass,0,0.99982846,0.18239951,0,0.99029624
7110,Pass,0,0.9961582,2.6218581,0,0.85263616
7111,Pass,0,0.48280627,1.0039825,0,0.45632628
7112,Pass,0,0.99966204,4.4396687,0,0.7554127
7113,Pass,0,0.99999225,7.9679937,0,0.5610686
7114,Pass,0,0.99985313,0.13284822,0,0.9930532
7115,Pass,0,0.9843401,0.52595204,0,0.9563046
7116,Pass,0,0.99999595,0.09924492,0,0.9950483
7117,Pass,0,0.85725343,0.8544397,0,0.8173068
7118,Pass,0,0.99389815,3.2205176,0,0.81788576
7119,Pass,0,0.77478755,2.810701,0,0.6550901
7120,Pass,0,0.99857247,0.0688558,0,0.9953055
7121,Pass,0,0.99997354,0.17000027,0,0.9911238
7122,Pass,0,0.99906856,0.40116614,0,0.9774894
7123,Pass,0,0.9921749,4.0096784,0,0.7732843
7124,Pass,0,0.99995697,0.07825684,0,0.99616706
7125,Pass,0,0.99964523,2.4844015,0,0.8631992
7126,Pass,0,0.9998305,4.9551477,0,0.727115
7127,Pass,0,0.9999945,4.840714,0,0.73354554
7128,Pass,0,0.940545,1.5418105,0,0.86106104
7129,Pass,0,0.9995065,0.19635527,0,0.98920804
7130,Pass,0,0.9998492,0.2454379,0,0.98684067
7131,Pass,0,0.9802839,2.8976817,0,0.8241366
7132,Pass,0,0.9999862,0.14557621,0,0.9924834
7133,Pass,0,0.99981827,0.27035514,0,0.98543614
7134,Pass,0,1.0,0.080006,0,0.9961134
7135,Pass,0,0.999721,3.898414,0,0.7853003
7136,Pass,0,0.9976113,3.9972365,0,0.7782059
7137,Pass,0,0.99999714,0.1250033,0,0.99362886
7138,Pass,0,0.8852604,1.1491511,0,0.8296197
7139,Pass,0,0.99999905,0.079198726,0,0.996157
7140,Pass,0,0.56635404,1.4296272,0,0.52199644
7141,Pass,0,0.99999344,0.2802425,0,0.9850635
7142,Pass,0,0.9999262,0.21451074,0,0.98862225
7143,Pass,0,0.9996093,0.15637828,0,0.9915138
7144,Pass,0,0.99997365,0.024959143,0,0.99912304
7145,Pass,0,0.97109926,5.3766556,0,0.6836453
7146,Pass,0,1.0,0.110959105,0,0.9944063
7147,Pass,0,0.9999558,0.13391073,0,0.99309653
7148,Pass,0,0.9999764,7.1436214,0,0.6065246
7149,Pass,0,0.99590826,3.6798265,0,0.79431164
7150,Pass,0,0.9999398,0.16698731,0,0.99125654
7151,Pass,0,0.8491429,0.5979718,0,0.82158524
7152,Pass,0,0.9996259,0.046523146,0,0.9975868
7153,Pass,0,0.7234202,1.5796001,0,0.66077733
7154,Pass,0,0.9998715,1.9393017,0,0.8934542
7155,Pass,0,0.6655727,3.802728,0,0.5263328
7156,Pass,0,0.99997556,0.0236888,0,0.99919504
7157,Pass,0,0.99975044,0.23165095,0,0.98750335
7158,Pass,0,0.9997062,4.787861,0,0.73624814
7159,Pass,0,0.9991387,0.18696046,0,0.98936176
7160,Pass,0,0.9999305,5.333972,0,0.7062961
7161,Pass,0,0.99961674,7.6708994,0,0.57723707
7162,Pass,0,0.89243263,2.1777086,0,0.7857158
7163,Pass,0,0.9999989,0.035760034,0,0.9985526
7164,Pass,0,0.9999931,0.14475891,0,0.9925353
7165,Pass,0,0.99797815,0.5819986,0,0.9664694
7166,Pass,0,0.9999888,0.12655063,0,0.9935352
7167,Pass,0,0.8994368,1.2730038,0,0.8367612
7168,Pass,0,0.78825045,2.0484722,0,0.6996101
7169,Pass,0,0.99989283,0.05436999,0,0.9974204
7170,Pass,0,0.99961984,0.19297749,0,0.9895065
7171,Pass,0,0.79331577,0.96809727,0,0.7513757
7172,Pass,0,0.9982925,3.1846595,0,0.82347625
7173,Pass,0,0.9917984,5.1872454,0,0.708578
7174,Pass,0,0.998831,3.4593644,0,0.8087875
7175,Pass,0,0.7229991,0.91447437,0,0.6869146
7176,Pass,0,0.9961124,0.6983885,0,0.95826834
7177,Pass,0,0.9999999,0.04974507,0,0.9977823
7178,Pass,0,0.99998164,0.2005608,0,0.9894464
7179,Pass,0,0.99805695,1.9411433,0,0.89173144
7180,Pass,0,0.9997625,0.03183565,0,0.9985329
7181,Pass,0,0.99906176,0.11932465,0,0.9930123
7182,Pass,0,0.9999968,0.096416265,0,0.99520516
7183,Pass,0,0.99915123,5.202342,0,0.7129992
7184,Pass,0,0.99920976,7.6738462,0,0.5768396
7185,Pass,0,0.99999976,0.041410662,0,0.9982418
7186,Pass,0,0.9969381,0.18007183,0,0.98756146
7187,Pass,0,0.9999697,0.153262,0,0.99204314
7188,Pass,0,0.4834528,1.225107,0,0.4510414
7189,Pass,0,0.9999206,0.33979127,0,0.9817077
7190,Pass,0,0.9986204,3.39909,0,0.8119367
7191,Pass,0,0.9995365,0.4366742,0,0.97598976
7192,Pass,0,0.9999927,0.10793121,0,0.9945661
7193,Pass,0,0.9945886,0.29626518,0,0.97886044
7194,Pass,0,0.9992612,3.114537,0,0.82813984
7195,Pass,0,0.9997907,3.1208937,0,0.8282282
7196,Pass,0,0.9999765,0.10502295,0,0.9947103
7197,Pass,0,0.99995124,0.0945628,0,0.9952621
7198,Pass,0,0.9993729,0.20252079,0,0.98873603
7199,Pass,0,0.9999981,0.07367115,0,0.9964609
7200,Pass,0,0.99988055,0.20834978,0,0.9889168
7201,Pass,0,0.68088657,2.5257638,0,0.58639604
7202,Pass,0,0.9999963,0.05008053,0,0.9977602
7203,Pass,0,0.99654263,0.32087472,0,0.979431
7204,Pass,0,0.9025179,1.8721495,0,0.8098046
7205,Pass,0,0.9996383,2.6619258,0,0.8534059
7206,Pass,0,0.63837355,1.3754786,0,0.5902818
7207,Pass,0,0.99900156,0.28549522,0,0.983797
7208,Pass,0,0.9997024,3.8371086,0,0.78866583
7209,Pass,0,0.999438,4.8329296,0,0.73356634
7210,Pass,0,0.9999982,0.06297772,0,0.99705076
7211,Pass,0,0.99976903,0.028480157,0,0.99872446
7212,Pass,0,0.99997413,0.11521015,0,0.99414617
7213,Pass,0,0.99997485,0.11413667,0,0.994206
7214,Pass,0,0.9999144,0.17246808,0,0.9909291
7215,Pass,0,0.9089799,0.28875586,0,0.8949819
7216,Pass,0,0.9986621,3.7811887,0,0.79092515
7217,Pass,0,0.99999905,0.07446628,0,0.996418
7218,Pass,0,0.97632515,0.401688,0,0.95520914
7219,Pass,0,0.99997973,2.1472018,0,0.88208497
7220,Pass,0,0.99040157,1.8303398,0,0.89094394
7221,Pass,0,0.526826,1.2294708,0,0.49138
7222,Pass,0,0.99999774,2.852353,0,0.8432102
7223,Pass,0,0.7153143,1.8240579,0,0.64372927
7224,Pass,0,0.87059224,1.5321373,0,0.7974843
7225,Pass,0,0.9988121,0.19573943,0,0.9885548
7226,Pass,0,0.9999919,0.08484721,0,0.9958384
7227,Pass,0,0.8102366,0.6767009,0,0.78042334
7228,Pass,0,0.99762875,0.43669432,0,0.97412586
7229,Pass,0,0.9991873,3.031012,0,0.8326814
7230,Pass,0,0.99998105,0.14386897,0,0.9925724
7231,Pass,0,0.9999263,0.248071,0,0.9867715
7232,Pass,0,0.99992716,0.18644337,0,0.990171
7233,Pass,0,0.9999964,0.03687344,0,0.9984887
7234,Pass,0,0.9953166,0.57865095,0,0.9640756
7235,Pass,0,0.4186523,1.1347015,0,0.39267266
7236,Pass,0,0.99940705,0.0910222,0,0.9949156
7237,Pass,0,0.43192744,0.7577646,0,0.4141033
7238,Pass,0,0.99999404,4.2987914,0,0.7634333
7239,Pass,0,0.9999993,0.08952548,0,0.9955877
7240,Pass,0,0.99999917,0.10162654,0,0.9949202
7241,Pass,0,0.99957365,5.2069297,0,0.71304774
7242,Pass,0,0.99999034,8.5095,0,0.5312025
7243,Pass,0,0.99503905,0.3837292,0,0.9745038
7244,Pass,0,0.9997739,0.21428654,0,0.988484
7245,Pass,0,0.9998709,0.05206072,0,0.9975259
7246,Pass,0,0.9995301,3.3428652,0,0.81577575
7247,Pass,0,0.9999666,0.04600311,0,0.99795544
7248,Pass,0,1.0,0.04846206,0,0.99785316
7249,Pass,0,0.93780524,0.5355354,0,0.91059947
7250,Pass,0,0.9999604,0.19295895,0,0.9898447
7251,Pass,0,0.9999988,0.107350916,0,0.9946041
7252,Pass,0,0.9997633,0.19928566,0,0.98930067
7253,Pass,0,1.0,0.113067284,0,0.99429
7254,Pass,0,0.76147056,4.794467,0,0.5605186
7255,Pass,0,0.99985886,3.034802,0,0.8330321
7256,Pass,0,0.9888122,3.6356206,0,0.79106283
7257,Pass,0,0.9999658,0.13302414,0,0.99315536
7258,Pass,0,0.99999404,0.06917479,0,0.9967048
7259,Pass,0,0.9999846,3.7245696,0,0.7950952
7260,Pass,0,0.5422605,2.4571507,0,0.46905994
7261,Pass,0,0.9999378,0.1510091,0,0.9921357
7262,Pass,0,0.9701302,1.016256,0,0.9162657
7263,Pass,0,0.99999046,0.15790795,0,0.99180746
7264,Pass,0,0.9999989,0.097077504,0,0.99517083
7265,Pass,0,0.9997744,0.103416026,0,0.9945979
7266,Pass,0,0.99727637,2.215621,0,0.87593716
7267,Pass,0,0.9999443,0.23003282,0,0.9877841
7268,Pass,0,0.99938047,3.3658059,0,0.8143892
7269,Pass,0,0.9999981,0.20980796,0,0.98895264
7270,Pass,0,0.9992207,6.485051,0,0.6423596
7271,Pass,0,0.99999833,0.09732844,0,0.9951564
7272,Pass,0,0.8784538,1.0743414,0,0.8268653
7273,Pass,0,0.5448774,0.9268805,0,0.5173101
7274,Pass,0,0.9992894,0.02827333,0,0.9982567
7275,Pass,0,0.9999987,0.13075823,0,0.993313
7276,Pass,0,0.99995565,6.329741,0,0.6513974
7277,Pass,0,0.51561844,1.3324805,0,0.47799715
7278,Pass,0,0.9999527,0.16075584,0,0.991613
7279,Pass,0,0.99646544,6.852486,0,0.62039506
7280,Pass,0,0.9955434,0.44335613,0,0.9717239
7281,Pass,0,0.82501566,1.1468527,0,0.7732661
7282,Pass,0,0.9995672,0.21020375,0,0.9885047
7283,Pass,0,0.98530364,0.45932996,0,0.9608611
7284,Pass,0,0.9995801,4.187853,0,0.7692331
7285,Pass,0,0.9583065,1.479933,0,0.8805919
7286,Pass,0,0.9999827,4.639013,0,0.744661
7287,Pass,0,0.9931363,3.200327,0,0.8183648
7288,Pass,0,0.99040914,2.6097195,0,0.8483785
7289,Pass,0,0.99995005,10.325628,0,0.43102247
7290,Pass,0,0.6227679,0.7883178,0,0.596019
7291,Pass,0,0.99944943,0.9259164,0,0.9489368
7292,Pass,0,0.9984366,4.712607,0,0.739457
7293,Pass,0,0.9994758,0.21654329,0,0.9880648
7294,Pass,0,0.8804455,0.473557,0,0.8579133
7295,Pass,0,0.99999213,0.09772686,0,0.9951283
7296,Pass,0,0.9993345,0.056657784,0,0.99673736
7297,Pass,0,0.9999325,0.13821913,0,0.9928358
7298,Pass,0,0.99968946,5.4814477,0,0.69799477
7299,Pass,0,0.999742,2.8268733,0,0.8443995
7300,Pass,0,0.999474,8.322469,0,0.54123795
7301,Pass,0,0.9999958,0.088820025,0,0.9956231
7302,Pass,0,0.9999716,0.09349509,0,0.99534124
7303,Pass,0,0.9990213,0.07652022,0,0.99533063
7304,Pass,0,0.99999666,6.576989,0,0.6377878
7305,Pass,0,0.99998343,0.28394404,0,0.98484945
7306,Pass,0,0.9999242,0.12227171,0,0.99370706
7307,Pass,0,0.9999968,0.14879024,0,0.9923166
7308,Pass,0,0.57641906,2.4773617,0,0.49796486
7309,Pass,0,0.99996996,0.13099757,0,0.9932713
7310,Pass,0,0.8302107,2.1100276,0,0.73403335
7311,Pass,0,0.9998072,2.0078928,0,0.8896145
7312,Pass,0,0.99996996,0.14883326,0,0.99228764
7313,Pass,0,0.9999989,0.07257454,0,0.9965222
7314,Pass,0,0.99464923,2.817215,0,0.8406279
7315,Pass,0,0.9999739,3.2658436,0,0.8203858
7316,Pass,0,0.9996847,0.1640567,0,0.9911652
7317,Pass,0,0.677441,1.4589168,0,0.62328863
7318,Pass,0,0.82781166,1.6937875,0,0.75091594
7319,Pass,0,0.9999994,0.029252129,0,0.99891204
7320,Pass,0,0.9998957,4.1140847,0,0.7735441
7321,Pass,0,0.9998872,0.14545874,0,0.99239165
7322,Pass,0,0.9999652,0.08128619,0,0.99600816
7323,Pass,0,0.99999845,0.12055278,0,0.9938756
7324,Pass,0,0.8755814,1.8153447,0,0.7883783
7325,Pass,0,0.9999943,0.13779253,0,0.9929207
7326,Pass,0,0.9999919,0.06643907,0,0.9968536
7327,Pass,0,0.99833316,5.5010476,0,0.6959686
7328,Pass,0,0.99991345,2.2800403,0,0.8747008
7329,Pass,0,0.99999857,0.076270476,0,0.99631804
7330,Pass,0,0.9996531,0.07559365,0,0.99601114
7331,Pass,0,0.9771805,1.0453047,0,0.92135906
7332,Pass,0,0.9999131,0.19575265,0,0.98964375
7333,Pass,0,0.9992778,0.1830183,0,0.98971677
7334,Pass,0,0.9999851,4.327192,0,0.76186013
7335,Pass,0,0.92548716,1.2518035,0,0.8620784
7336,Pass,0,0.99532986,0.35382918,0,0.97643
7337,Pass,0,0.96984506,1.2548648,0,0.90323347
7338,Pass,0,0.9933443,0.31125313,0,0.9768147
7339,Pass,0,0.997678,2.395593,0,0.8663871
7340,Pass,0,0.9631632,3.008102,0,0.8038775
7341,Pass,0,0.99576074,0.4122062,0,0.97364676
7342,Pass,0,0.9999771,3.490026,0,0.8080246
7343,Pass,0,0.9999994,0.05684392,0,0.9973903
7344,Pass,0,0.9999877,4.93617,0,0.72827595
7345,Pass,0,0.999286,2.344064,0,0.87062335
7346,Pass,0,0.99999976,0.13289765,0,0.99319607
7347,Pass,0,0.9980762,2.7998834,0,0.84447825
7348,Pass,0,0.98395133,1.2348349,0,0.9174579
7349,Pass,0,0.99881905,0.43286937,0,0.97549886
7350,Pass,0,0.9949092,0.57055074,0,0.9641255
7351,Pass,0,0.99999344,3.434068,0,0.81112397
7352,Pass,0,0.99977976,3.306509,0,0.8179842
7353,Pass,0,1.0,0.06476136,0,0.9969542
7354,Pass,0,0.9745618,2.4245384,0,0.8447571
7355,Pass,0,0.37672517,1.1021047,0,0.3540246
7356,Pass,0,0.99991643,2.175573,0,0.8804645
7357,Pass,0,0.9996885,0.30401778,0,0.98345226
7358,Pass,0,0.99978346,3.779947,0,0.7918817
7359,Pass,0,0.91946065,1.4527303,0,0.84627575
7360,Pass,0,0.9999995,0.06365866,0,0.9970145
7361,Pass,0,0.99977225,0.065141514,0,0.9967062
7362,Pass,0,0.49326265,1.4240046,0,0.45478266
7363,Pass,0,0.9959645,4.61716,0,0.7428691
7364,Pass,0,0.99969757,0.23158625,0,0.9874547
7365,Pass,0,0.99903774,0.4805173,0,0.973087
7366,Pass,0,0.9987984,4.4215317,0,0.7557592
7367,Pass,0,0.9986198,0.13196366,0,0.99187696
7368,Pass,0,0.99814534,0.12959671,0,0.991536
7369,Pass,0,0.9995952,0.031595044,0,0.9983791
7370,Pass,0,0.9999956,0.100527324,0,0.99497724
7371,Pass,0,0.65998757,2.0382154,0,0.58614403
7372,Pass,0,0.997738,0.4344322,0,0.974357
7373,Pass,0,0.8994322,1.4660211,0,0.8271822
7374,Pass,0,0.99942845,0.22948512,0,0.9873047
7375,Pass,0,0.99993694,0.17932987,0,0.99057305
7376,Pass,0,0.99980766,0.1506978,0,0.99202377
7377,Pass,0,0.67867386,0.92647326,0,0.6443525
7378,Pass,0,0.9745496,1.7518678,0,0.8809017
7379,Pass,0,0.99958783,0.4717852,0,0.9741042
7380,Pass,0,0.9998777,5.7185054,0,0.6850535
7381,Pass,0,0.5959261,0.96675843,0,0.5644654
7382,Pass,0,0.61422384,2.779399,0,0.52039236
7383,Pass,0,0.99963534,4.781839,0,0.7365279
7384,Pass,0,0.9998301,6.811296,0,0.6247613
7385,Pass,0,0.999974,5.2638454,0,0.71019435
7386,Pass,0,0.8882573,2.4775448,0,0.767351
7387,Pass,0,0.9999956,0.15448833,0,0.9920012
7388,Pass,0,0.9998783,0.14226526,0,0.99255884
7389,Pass,0,0.9998965,2.6196296,0,0.8559588
7390,Pass,0,0.99999535,5.725545,0,0.68474597
7391,Pass,0,0.99998367,0.2847842,0,0.9848033
7392,Pass,0,0.9956874,3.3506072,0,0.8122144
7393,Pass,0,0.99930346,0.24095789,0,0.9865489
7394,Pass,0,0.9998797,0.21418168,0,0.9885944
7395,Pass,0,0.998126,3.3429592,0,0.8146246
7396,Pass,0,0.9999821,3.1124792,0,0.82885075
7397,Pass,0,0.9999974,0.07097771,0,0.99660873
7398,Pass,0,0.99553335,1.2420412,0,0.9278615
7399,Pass,0,0.9998872,5.541604,0,0.69481546
7400,Pass,0,0.99997497,0.09817288,0,0.99508655
7401,Pass,0,0.998944,0.20276748,0,0.9882981
7402,Pass,0,0.99998,0.0292118,0,0.9988948
7403,Pass,0,0.9999982,4.2188826,0,0.7678436
7404,Pass,0,0.999967,0.14978933,0,0.9922319
7405,Pass,0,0.9999664,0.12805118,0,0.99343026
7406,Pass,0,0.99930847,4.1080117,0,0.77342457
7407,Pass,0,0.99994683,6.502456,0,0.6418665
7408,Pass,0,0.99815553,1.7887961,0,0.9002063
7409,Pass,0,0.99869967,4.041665,0,0.7766077
7410,Pass,0,0.99998796,0.16117765,0,0.9916247
7411,Pass,0,0.9999819,0.076566935,0,0.996285
7412,Pass,0,0.99873966,0.2050027,0,0.9879728
7413,Pass,0,0.99983346,3.5300603,0,0.80570084
7414,Pass,0,0.99659735,0.4939371,0,0.96997243
7415,Pass,0,0.99982363,3.569421,0,0.80352247
7416,Pass,0,0.9998914,14.009976,0,0.22781901
7417,Pass,0,0.6875671,0.8256457,0,0.6566195
7418,Pass,0,0.7806904,1.4478376,0,0.7187616
7419,Pass,0,0.9999968,0.07967138,0,0.9961287
7420,Pass,0,0.46504614,1.5990237,0,0.42427838
7421,Pass,0,0.980594,0.21315172,0,0.969582
7422,Pass,0,0.9991756,0.44035286,0,0.9754347
7423,Pass,0,0.9999547,4.2502327,0,0.7660812
7424,Pass,0,0.999997,0.12191939,0,0.99379885
7425,Pass,0,0.99931383,3.0727227,0,0.830488
7426,Pass,0,0.9999988,0.05685429,0,0.9973891
7427,Pass,0,0.9998317,0.09315715,0,0.99522054
7428,Pass,0,0.99170566,2.5668032,0,0.8518363
7429,Pass,0,0.75875455,1.6662362,0,0.68942654
7430,Pass,0,0.99516475,4.415042,0,0.75336593
7431,Pass,0,0.4417824,1.3967388,0,0.40798277
7432,Pass,0,0.9999778,5.4599013,0,0.69938445
7433,Pass,0,0.78220946,1.5079279,0,0.7175679
7434,Pass,0,0.99979895,4.8958254,0,0.73036313
7435,Pass,0,0.99997747,0.011676793,0,0.9998594
7436,Pass,0,0.9999975,5.3156304,0,0.707355
7437,Pass,0,0.9999933,0.16010064,0,0.9916894
7438,Pass,0,0.94063604,0.46407425,0,0.9170554
7439,Pass,0,0.9997502,0.2991081,0,0.98378366
7440,Pass,0,0.9999907,0.09005177,0,0.99555016
7441,Pass,0,0.99679154,1.9764398,0,0.8886604
7442,Pass,0,0.8925631,2.3729486,0,0.77621967
7443,Pass,0,0.99765223,1.5347872,0,0.91372865
7444,Pass,0,0.9999995,0.054842874,0,0.9975008
7445,Pass,0,0.50220114,1.4834791,0,0.46137655
7446,Pass,0,0.86055475,1.1542507,0,0.8062248
7447,Pass,0,0.9993013,5.609242,0,0.6906805
7448,Pass,0,1.0,0.07437505,0,0.99642396
7449,Pass,0,0.9999025,0.05710917,0,0.997279
7450,Pass,0,1.0,0.065846585,0,0.99689436
7451,Pass,0,0.9892209,1.7411661,0,0.894747
7452,Pass,0,0.76822996,1.0612928,0,0.72366744
7453,Pass,0,0.99991536,0.039033066,0,0.99828863
7454,Pass,0,0.99997795,0.16379598,0,0.99147034
7455,Pass,0,0.99998915,0.082471125,0,0.9959667
7456,Pass,0,0.99997497,0.11277783,0,0.99428105
7457,Pass,0,0.994585,2.5758846,0,0.85381144
7458,Pass,0,0.77795446,2.011114,0,0.69207484
7459,Pass,0,0.95766085,2.8342638,0,0.8084667
7460,Pass,0,0.99980694,5.8060045,0,0.6801802
7461,Pass,0,0.98823404,3.4400377,0,0.8012602
7462,Pass,0,0.8017145,2.0035992,0,0.71354425
7463,Pass,0,0.99992,0.1537689,0,0.9919659
7464,Pass,0,0.999838,2.4053621,0,0.8677241
7465,Pass,0,0.5930827,1.9606774,0,0.5292612
7466,Pass,0,0.9999682,0.21660198,0,0.9885484
7467,Pass,0,0.9999672,9.342858,0,0.4852301
7468,Pass,0,0.9993393,3.442645,0,0.8101206
7469,Pass,0,0.99993765,0.16146429,0,0.991559
7470,Pass,0,0.48952043,0.8834353,0,0.46592677
7471,Pass,0,0.99885654,0.08428843,0,0.9947385
7472,Pass,0,0.9999659,0.13485104,0,0.99305475
7473,Pass,0,0.9999968,4.671664,0,0.7428706
7474,Pass,0,0.9999894,0.102773964,0,0.9948472
7475,Pass,0,0.99784374,0.5593055,0,0.96758807
7476,Pass,0,0.9999807,0.1900102,0,0.9900273
7477,Pass,0,0.7656448,1.1584262,0,0.71713054
7478,Pass,0,0.99593157,0.15103866,0,0.9881591
7479,Pass,0,0.9999523,0.08679721,0,0.99569136
7480,Pass,0,0.99979216,4.378426,0,0.758888
7481,Pass,0,0.99600005,3.1832378,0,0.82166326
7482,Pass,0,0.99996674,3.8845246,0,0.78625935
7483,Pass,0,0.91330206,1.1234192,0,0.857195
7484,Pass,0,0.49463624,3.0822284,0,0.4108122
7485,Pass,0,0.99995816,4.8667784,0,0.7320814
7486,Pass,0,0.9993383,4.78148,0,0.7363289
7487,Pass,0,0.9997824,3.2415836,0,0.8215664
7488,Pass,0,0.9969741,1.7911222,0,0.89901286
7489,Pass,0,0.9997907,0.12846763,0,0.9932327
7490,Pass,0,0.9999919,8.465411,0,0.53363484
7491,Pass,0,0.9999342,0.287827,0,0.98458683
7492,Pass,0,0.9991222,4.7332993,0,0.7388246
7493,Pass,0,0.9999411,2.744513,0,0.84910977
7494,Pass,0,0.99944705,0.58522356,0,0.96771413
7495,Pass,0,0.9999958,0.1833797,0,0.990408
7496,Pass,0,0.99908245,0.25745225,0,0.98542184
7497,Pass,0,0.99973625,3.1606662,0,0.8259901
7498,Pass,0,0.99981505,0.05820127,0,0.9971315
7499,Pass,0,0.9968702,0.22018258,0,0.9852889
7500,Pass,0,0.8395895,1.3781621,0,0.7762149
7501,Pass,0,0.9998292,0.042428143,0,0.9980154
7502,Pass,0,0.9998981,0.48459557,0,0.97370017
7503,Pass,0,0.99981314,3.2134874,0,0.8231409
7504,Pass,0,0.9728891,2.123957,0,0.85943556
7505,Pass,0,0.9988193,3.723308,0,0.7942381
7506,Pass,0,0.8093691,0.682734,0,0.7793185
7507,Pass,0,0.7135576,1.4443048,0,0.6570932
7508,Pass,0,0.99975353,7.436089,0,0.5902632
7509,Pass,0,0.7234168,1.6861428,0,0.6565234
7510,Pass,0,0.99994326,6.5498095,0,0.6392527
7511,Pass,0,0.9931297,2.5418983,0,0.8544237
7512,Pass,0,0.9781448,0.60188013,0,0.9461897
7513,Pass,0,0.7239272,0.9346855,0,0.6869895
7514,Pass,0,0.9689464,1.9024705,0,0.86778873
7515,Pass,0,0.99993694,0.035489026,0,0.9985057
7516,Pass,0,0.91197133,0.85656345,0,0.86936814
7517,Pass,0,0.9997553,0.04150285,0,0.9979927
7518,Pass,0,0.8773042,1.8063899,0,0.79036283
7519,Pass,0,0.9671864,3.6284382,0,0.774145
7520,Pass,0,0.9999441,0.15016034,0,0.99218875
7521,Pass,0,0.9996619,3.345465,0,0.81574005
7522,Pass,0,0.9985258,3.506685,0,0.80593437
7523,Pass,0,0.99999785,10.016344,0,0.44810075
7524,Pass,0,0.902429,1.3725412,0,0.83459085
7525,Pass,0,0.9999962,0.10342031,0,0.9948183
7526,Pass,0,1.0,0.06509656,0,0.9969357
7527,Pass,0,0.9966845,0.28214362,0,0.9816994
7528,Pass,0,0.9979938,2.6403494,0,0.8531896
7529,Pass,0,0.9982191,3.0135787,0,0.8328343
7530,Pass,0,0.9953354,2.2653685,0,0.87150145
7531,Pass,0,0.36412662,1.3637731,0,0.33693027
7532,Pass,0,0.9998609,0.20621131,0,0.9890153
7533,Pass,0,0.9999999,0.058432356,0,0.9973031
7534,Pass,0,0.99997854,2.5258093,0,0.8612033
7535,Pass,0,0.9999964,0.11910256,0,0.9939536
7536,Pass,0,0.99905163,0.21420084,0,0.9877746
7537,Pass,0,0.94369173,3.5925336,0,0.75720835
7538,Pass,0,0.9870364,0.31967765,0,0.97015315
7539,Pass,0,0.9999263,11.165808,0,0.3846778
7540,Pass,0,0.72869563,1.1951938,0,0.681045
7541,Pass,0,0.99875283,4.2492857,0,0.7652126
7542,Pass,0,0.99992836,5.96681,0,0.67139465
7543,Pass,0,0.9907934,0.39805546,0,0.96956295
7544,Pass,0,0.9999707,3.9348805,0,0.78348535
7545,Pass,0,0.9870838,0.34428376,0,0.96886015
7546,Pass,0,0.9999994,0.07741618,0,0.99625564
7547,Pass,0,0.8937403,1.1362231,0,0.83820385
7548,Pass,0,0.98975253,2.77136,0,0.8389926
7549,Pass,0,0.99998736,0.03716148,0,0.99846375
7550,Pass,0,0.9997832,0.19992505,0,0.9892851
7551,Pass,0,0.33445534,1.5259844,0,0.30648297
7552,Pass,0,0.8837569,2.0770175,0,0.7829853
7553,Pass,0,0.99999785,0.1111972,0,0.994391
7554,Pass,0,0.9991844,0.42918932,0,0.9760585
7555,Pass,0,0.99999917,0.07865379,0,0.99618715
7556,Pass,0,0.4378097,1.1742898,0,0.4096853
7557,Pass,0,0.9996654,4.7019396,0,0.74095523
7558,Pass,0,0.999997,0.07132243,0,0.99658936
7559,Pass,0,0.96626204,4.346841,0,0.7351203
7560,Pass,0,0.3881477,0.7196252,0,0.37294665
7561,Pass,0,0.99387145,1.3709825,0,0.9192447
7562,Pass,0,0.99997306,0.13983297,0,0.99278706
7563,Pass,0,0.99998736,0.11164324,0,0.994356
7564,Pass,0,0.9999969,0.10405241,0,0.9947841
7565,Pass,0,0.99999976,0.04563302,0,0.9980089
7566,Pass,0,0.9949675,0.092936836,0,0.9903909
7567,Pass,0,0.9952531,0.28564215,0,0.98009753
7568,Pass,0,0.9997515,8.139261,0,0.55149
7569,Pass,0,0.8854496,1.741368,0,0.8008763
7570,Pass,0,0.8882954,2.0196068,0,0.789819
7571,Pass,0,0.9805469,2.3593428,0,0.8534708
7572,Pass,0,0.98965096,0.6427503,0,0.9550892
7573,Pass,0,0.99946076,0.20377764,0,0.9887537
7574,Pass,0,0.9558312,1.9726356,0,0.852344
7575,Pass,0,0.99989784,4.932035,0,0.72843856
7576,Pass,0,0.9801784,2.7241123,0,0.83343095
7577,Pass,0,0.9967025,2.6821702,0,0.8497867
7578,Pass,0,0.999954,0.23692974,0,0.9874133
7579,Pass,0,0.9992878,0.1200473,0,0.9931972
7580,Pass,0,0.4447917,2.1099844,0,0.39326504
7581,Pass,0,0.59114134,2.0024183,0,0.5261678
7582,Pass,0,1.0,0.112449214,0,0.9943241
7583,Pass,0,0.90758276,2.7108953,0,0.77236557
7584,Pass,0,0.50790024,3.1651793,0,0.41950482
7585,Pass,0,0.9917389,0.31727967,0,0.9749063
7586,Pass,0,0.99982196,3.4579368,0,0.80966866
7587,Pass,0,0.63321924,1.6128087,0,0.57722735
7588,Pass,0,0.9986771,3.9145694,0,0.7835905
7589,Pass,0,0.99985313,6.6612487,0,0.6330499
7590,Pass,0,0.99999917,6.1936445,0,0.6589318
7591,Pass,0,0.99999905,0.0886751,0,0.9956344
7592,Pass,0,0.62124,1.1691222,0,0.58150935
7593,Pass,0,0.999236,2.5400646,0,0.8597782
7594,Pass,0,0.9999964,0.055854794,0,0.9974418
7595,Pass,0,0.95798206,1.4034845,0,0.88433295
7596,Pass,0,0.68311095,0.7024929,0,0.6570037
7597,Pass,0,0.5392023,1.6472554,0,0.4904994
7598,Pass,0,0.99390805,1.2472707,0,0.92606
7599,Pass,0,0.99989974,0.047962066,0,0.9977807
7600,Pass,0,0.9862244,2.1078818,0,0.8720901
7601,Pass,0,0.99999976,0.042939845,0,0.99815744
7602,Pass,0,0.85545945,1.1507261,0,0.8016175
7603,Pass,0,0.9785348,0.48782334,0,0.95272243
7604,Pass,0,0.563896,0.9801338,0,0.53371024
7605,Pass,0,0.504283,1.2546962,0,0.46965218
7606,Pass,0,0.99924314,6.4881425,0,0.6422036
7607,Pass,0,0.9996847,2.20128,0,0.87884307
7608,Pass,0,0.9979272,8.0594,0,0.55487907
7609,Pass,0,0.99997985,0.15574254,0,0.9919164
7610,Pass,0,0.9985397,0.28261903,0,0.98350054
7611,Pass,0,0.4891958,1.61109,0,0.44598547
7612,Pass,0,0.99989057,0.18582524,0,0.99016887
7613,Pass,0,0.9882345,0.25672188,0,0.9747621
7614,Pass,0,0.9999907,6.96784,0,0.616228
7615,Pass,0,0.9996902,5.287949,0,0.7086639
7616,Pass,0,0.99981445,0.15154628,0,0.9919837
7617,Pass,0,0.9969061,2.9181268,0,0.836987
7618,Pass,0,0.999297,2.9470954,0,0.8373978
7619,Pass,0,0.99610126,0.2794201,0,0.9812746
7620,Pass,0,0.99912053,0.25225022,0,0.9857461
7621,Pass,0,0.999995,0.08160993,0,0.99601996
7622,Pass,0,0.9998878,0.08928248,0,0.99549013
7623,Pass,0,0.9999937,0.14000723,0,0.992798
7624,Pass,0,0.9615495,0.45899013,0,0.9377142
7625,Pass,0,0.999995,0.2080885,0,0.9890444
7626,Pass,0,0.9945839,2.6416035,0,0.85020566
7627,Pass,0,0.99999654,0.11501434,0,0.9941792
7628,Pass,0,0.9733944,4.52861,0,0.7307883
7629,Pass,0,0.999959,4.8427095,0,0.73340935
7630,Pass,0,0.96128696,1.9376656,0,0.85906297
7631,Pass,0,1.0,0.04024046,0,0.9983066
7632,Pass,0,0.9876209,0.6006174,0,0.95542496
7633,Pass,0,0.62194294,1.2755516,0,0.5785166
7634,Pass,0,0.99990773,3.50751,0,0.80700433
7635,Pass,0,0.99925333,4.3533893,0,0.7598588
7636,Pass,0,0.9963815,4.4429436,0,0.75275373
7637,Pass,0,0.7728708,3.0825887,0,0.6418801
7638,Pass,0,0.99999595,0.14629959,0,0.9924532
7639,Pass,0,0.9971282,4.7750096,0,0.7350563
7640,Pass,0,0.9999418,7.5832496,0,0.5822586
7641,Pass,0,0.9924676,0.42769426,0,0.9695789
7642,Pass,0,0.99996483,0.13012221,0,0.99331445
7643,Pass,0,0.99896336,6.1289973,0,0.661811
7644,Pass,0,0.9542898,1.6619141,0,0.8673231
7645,Pass,0,0.9999844,0.068035774,0,0.99675804
7646,Pass,0,0.99995065,0.2282326,0,0.98788965
7647,Pass,0,0.9686404,6.295175,0,0.63284445
7648,Pass,0,0.9999913,0.24815936,0,0.98683083
7649,Pass,0,0.9998223,0.1990547,0,0.9893718
7650,Pass,0,0.99999964,0.090061836,0,0.99555844
7651,Pass,0,0.99917173,5.1184945,0,0.7176344
7652,Pass,0,0.99997365,3.1795325,0,0.8251457
7653,Pass,0,0.999998,0.1535245,0,0.99205667
7654,Pass,0,0.98574084,0.20701921,0,0.97500455
7655,Pass,0,0.9988556,5.372904,0,0.70339215
7656,Pass,0,0.5902605,2.137491,0,0.5209866
7657,Pass,0,0.9997484,3.2392354,0,0.82166797
7658,Pass,0,0.99995124,0.17211364,0,0.99098516
7659,Pass,0,0.9999541,0.17749551,0,0.9906912
7660,Pass,0,0.9684425,0.27121556,0,0.95446575
7661,Pass,0,0.9991511,7.7833138,0,0.5707735
7662,Pass,0,0.79716116,1.7505331,0,0.7206178
7663,Pass,0,0.35288745,1.1606771,0,0.33048332
7664,Pass,0,0.9999995,8.32001,0,0.54165816
7665,Pass,0,0.99982256,0.098610505,0,0.9949108
7666,Pass,0,0.99999344,0.071392514,0,0.9965819
7667,Pass,0,0.529692,1.4313639,0,0.4881551
7668,Pass,0,0.9979627,0.19123597,0,0.987962
7669,Pass,0,0.9999865,0.12458626,0,0.9936413
7670,Pass,0,0.99999464,4.7511654,0,0.7384844
7671,Pass,0,0.99920636,3.1358716,0,0.82691866
7672,Pass,0,0.9999329,0.018054701,0,0.99946314
7673,Pass,0,0.99999833,0.094601884,0,0.9953068
7674,Pass,0,0.99991155,9.006441,0,0.50375557
7675,Pass,0,0.94436127,0.55710864,0,0.91584164
7676,Pass,0,0.9999802,0.24211743,0,0.98715305
7677,Pass,0,0.72701705,3.6767335,0,0.5799747
7678,Pass,0,0.9984295,0.050702866,0,0.9961626
7679,Pass,0,0.9999999,0.04172838,0,0.9982244
7680,Pass,0,0.99978846,0.33275262,0,0.9819661
7681,Pass,0,0.9993561,7.4704804,0,0.588133
7682,Pass,0,0.8161836,1.2046449,0,0.76238656
7683,Pass,0,0.9999987,2.1640763,0,0.88117105
7684,Pass,0,0.9999981,0.17368042,0,0.99094516
7685,Pass,0,0.9999907,0.08495499,0,0.99583125
7686,Pass,0,0.54177994,2.7927744,0,0.45861566
7687,Pass,0,0.99977297,5.1269917,0,0.7175977
7688,Pass,0,0.99993026,0.14306255,0,0.9925665
7689,Pass,0,0.9998956,0.18664989,0,0.99012834
7690,Pass,0,0.99999833,0.05517201,0,0.9974814
7691,Pass,0,0.99991393,6.598172,0,0.63656694
7692,Pass,0,0.99815243,0.30165502,0,0.98207116
7693,Pass,0,0.99492824,5.309879,0,0.7040849
7694,Pass,0,0.9999988,0.17096008,0,0.9910959
7695,Pass,0,0.99989474,0.2708786,0,0.9854826
7696,Pass,0,0.9999628,8.862144,0,0.51173943
7697,Pass,0,0.99976367,4.31421,0,0.7624072
7698,Pass,0,0.9999918,4.8683796,0,0.7320177
7699,Pass,0,0.76558596,2.791385,0,0.64812565
7700,Pass,0,0.9996687,3.9454267,0,0.7826673
7701,Pass,0,0.99828917,3.9030275,0,0.78392166
7702,Pass,0,0.57323176,0.84729385,0,0.546746
7703,Pass,0,0.9966239,7.7773533,0,0.56965744
7704,Pass,0,0.999985,0.050925657,0,0.9977023
7705,Pass,0,0.99997747,0.1616266,0,0.9915895
7706,Pass,0,0.9863732,0.4845483,0,0.9605321
7707,Pass,0,0.9993618,0.2781928,0,0.9845543
7708,Pass,0,0.999997,0.05535999,0,0.9974697
7709,Pass,0,0.98226213,3.0355964,0,0.8183283
7710,Pass,0,0.9999882,0.1023866,0,0.9948673
7711,Pass,0,0.9999908,4.275749,0,0.7647016
7712,Pass,0,0.9990829,0.2787721,0,0.98424757
7713,Pass,0,0.99193406,4.248307,0,0.76004183
7714,Pass,0,0.97533065,0.5033267,0,0.94876885
7715,Pass,0,0.9999933,0.10240568,0,0.99487144
7716,Pass,0,0.99999654,0.089099824,0,0.99560845
7717,Pass,0,0.99124473,0.31545874,0,0.9745201
7718,Pass,0,0.86778456,3.1378114,0,0.7180644
7719,Pass,0,0.4871819,1.4101683,0,0.44954807
7720,Pass,0,0.99889475,13.028969,0,0.28163695
7721,Pass,0,0.99926335,3.9306808,0,0.7831626
7722,Pass,0,0.99998415,0.18328391,0,0.99040174
7723,Pass,0,0.99897826,4.4016786,0,0.75698906
7724,Pass,0,0.61474186,0.55600303,0,0.59621423
7725,Pass,0,0.9596038,1.4607534,0,0.8827991
7726,Pass,0,0.99979776,7.3031993,0,0.597617
7727,Pass,0,0.55989474,1.7014693,0,0.5076487
7728,Pass,0,0.9999833,0.093566,0,0.99534893
7729,Pass,0,0.99871016,0.27371454,0,0.9841589
7730,Pass,0,0.9999894,0.07703691,0,0.9962666
7731,Pass,0,0.99410254,3.382167,0,0.8091912
7732,Pass,0,0.99989986,0.20562595,0,0.98908615
7733,Pass,0,0.42535484,1.6317608,0,0.3872986
7734,Pass,0,0.9999881,0.13828076,0,0.99288756
7735,Pass,0,0.9999566,7.2538776,0,0.600432
7736,Pass,0,0.9999902,0.16196059,0,0.9915837
7737,Pass,0,0.99993277,0.13951258,0,0.9927648
7738,Pass,0,0.952192,1.1406823,0,0.8927892
7739,Pass,0,0.99989927,0.04959715,0,0.99769
7740,Pass,0,0.9999927,0.027727172,0,0.99898946
7741,Pass,0,0.9830257,0.38350415,0,0.9627507
7742,Pass,0,0.978912,0.3325695,0,0.9614717
7743,Pass,0,0.99999964,0.08303043,0,0.9959463
7744,Pass,0,0.9937623,2.0063672,0,0.8843195
7745,Pass,0,0.999567,0.27762353,0,0.9847877
7746,Pass,0,0.9401688,2.5405507,0,0.8089295
7747,Pass,0,0.99987483,4.209231,0,0.76828104
7748,Pass,0,0.9995685,9.494175,0,0.47669473
7749,Pass,0,0.999979,0.10816044,0,0.9945398
7750,Pass,0,0.9024291,1.5207461,0,0.82721466
7751,Pass,0,0.46364892,1.4464275,0,0.42690575
7752,Pass,0,0.9981704,0.2645574,0,0.9841311
7753,Pass,0,0.6765115,0.9710789,0,0.64063525
7754,Pass,0,0.5631122,0.621561,0,0.5441046
7755,Pass,0,0.9998272,4.7704163,0,0.7372992
7756,Pass,0,0.9994692,0.14969389,0,0.9917433
7757,Pass,0,0.99986863,4.0894666,0,0.77488077
7758,Pass,0,0.95073307,1.9952518,0,0.84661186
7759,Pass,0,0.99960476,2.2225616,0,0.8775996
7760,Pass,0,0.99999857,0.07691529,0,0.99628246
7761,Pass,0,0.9998535,0.27148148,0,0.9854088
7762,Pass,0,0.9983456,1.5777432,0,0.9119985
7763,Pass,0,0.99102014,3.010345,0,0.82700485
7764,Pass,0,0.6972062,0.7303438,0,0.6694893
7765,Pass,0,0.99995494,6.5096207,0,0.6414766
7766,Pass,0,0.9999145,0.057485685,0,0.9972702
7767,Pass,0,0.99987423,0.079931125,0,0.99599224
7768,Pass,0,0.9790182,1.7979842,0,0.8824508
7769,Pass,0,0.9999385,0.25903985,0,0.98617864
7770,Pass,0,0.9996499,0.24723959,0,0.9865446
7771,Pass,0,0.79035336,1.4568197,0,0.72726655
7772,Pass,0,0.99999774,4.613345,0,0.7460878
7773,Pass,0,0.9989048,0.050245266,0,0.9966621
7774,Pass,0,0.99975866,2.937609,0,0.83830774
7775,Pass,0,0.6389369,3.2965288,0,0.5231071
7776,Pass,0,0.999383,4.032336,0,0.7776533
7777,Pass,0,0.87433755,1.9252244,0,0.7819598
7778,Pass,0,0.9235439,0.19969891,0,0.9138578
7779,Pass,0,0.99840873,0.21369709,0,0.98716676
7780,Pass,0,0.9999994,0.061009448,0,0.99716055
7781,Pass,0,0.9978097,3.3058023,0,0.81641126
7782,Pass,0,0.99977034,0.44745445,0,0.97562367
7783,Pass,0,0.999856,4.0174236,0,0.7788437
7784,Pass,0,0.5524404,1.141371,0,0.51795524
7785,Pass,0,0.5941282,0.7970374,0,0.56832373
7786,Pass,0,0.9999987,0.24134488,0,0.9872139
7787,Pass,0,0.9997435,0.35605767,0,0.98063695
7788,Pass,0,0.37062016,1.348823,0,0.3432444
7789,Pass,0,1.0,0.089896634,0,0.9955679
7790,Pass,0,0.9999795,0.1432208,0,0.99260664
7791,Pass,0,0.999923,5.320136,0,0.70705384
7792,Pass,0,0.9993678,4.926783,0,0.7283419
7793,Pass,0,0.999899,2.150055,0,0.88185644
7794,Pass,0,0.9999964,0.053502582,0,0.9975716
7795,Pass,0,0.6821006,0.57508224,0,0.6608251
7796,Pass,0,0.9985159,2.4742842,0,0.86278117
7797,Pass,0,0.99820507,0.22138488,0,0.9865421
7798,Pass,0,0.9998292,3.284082,0,0.8192614
7799,Pass,0,0.9999964,13.807425,0,0.23901413
7800,Pass,0,0.99988425,4.452157,0,0.754892
7801,Pass,0,0.9509848,0.49066794,0,0.9257499
7802,Pass,0,0.9999995,0.039765287,0,0.9983323
7803,Pass,0,0.73216575,1.9077805,0,0.65551347
7804,Pass,0,0.9980363,0.3016494,0,0.98195726
7805,Pass,0,0.9999732,0.1403601,0,0.9927581
7806,Pass,0,0.9999225,0.027309295,0,0.9989423
7807,Pass,0,0.9400062,1.5829146,0,0.85843676
7808,Pass,0,0.99987876,0.19521709,0,0.9896393
7809,Pass,0,0.9999478,0.061870225,0,0.9970616
7810,Pass,0,0.9987612,0.39093694,0,0.9777521
7811,Pass,0,0.99972457,0.18871394,0,0.9898452
7812,Pass,0,0.9999231,5.27489,0,0.7095492
7813,Pass,0,0.9988938,3.1841297,0,0.8240014
7814,Pass,0,0.9667759,2.0008776,0,0.8605977
7815,Pass,0,0.99993837,8.603541,0,0.5259886
7816,Pass,0,0.99993503,0.19142668,0,0.989904
7817,Pass,0,0.99979836,3.7461345,0,0.793758
7818,Pass,0,0.6971873,2.6459968,0,0.5958115
7819,Pass,0,0.99998736,4.191553,0,0.7693425
7820,Pass,0,0.9997025,1.9798664,0,0.8910666
7821,Pass,0,0.9999814,3.7865827,0,0.7916725
7822,Pass,0,0.99999166,0.08438941,0,0.9958634
7823,Pass,0,0.9999945,0.0672086,0,0.9968138
7824,Pass,0,0.99970144,3.6209867,0,0.80058116
7825,Pass,0,0.81568366,2.0527234,0,0.72376716
7826,Pass,0,0.999987,0.12612578,0,0.99355686
7827,Pass,0,0.9993923,0.08408501,0,0.99528325
7828,Pass,0,0.9998287,4.5705247,0,0.7483229
7829,Pass,0,0.99998486,0.20962758,0,0.98894954
7830,Pass,0,0.99993384,0.11204344,0,0.9942807
7831,Pass,0,0.98659086,0.474811,0,0.96127397
7832,Pass,0,0.99995446,0.02791697,0,0.99894077
7833,Pass,0,0.9586124,3.9859526,0,0.7483806
7834,Pass,0,0.9927933,3.198401,0,0.8181876
7835,Pass,0,0.99991333,4.807483,0,0.7353186
7836,Pass,0,0.99999154,0.3871768,0,0.97916394
7837,Pass,0,0.79195386,5.3968635,0,0.5566459
7838,Pass,0,0.99991727,4.72844,0,0.73968047
7839,Pass,0,0.995349,0.069399044,0,0.9920628
7840,Pass,0,0.6014362,0.88046265,0,0.5725471
7841,Pass,0,0.99999905,0.055687096,0,0.9974537
7842,Pass,0,0.5447977,0.45487368,0,0.5314167
7843,Pass,0,0.22688407,1.121367,0,0.21297154
7844,Pass,0,0.998678,4.3227043,0,0.76111144
7845,Pass,0,0.99998903,10.297866,0,0.43257037
7846,Pass,0,0.99999726,3.0175405,0,0.8340994
7847,Pass,0,0.9669454,0.53943795,0,0.93868613
7848,Pass,0,0.98706007,1.9112042,0,0.88353586
7849,Pass,0,0.9984175,7.1356,0,0.6060208
7850,Pass,0,0.99998736,5.215361,0,0.7128779
7851,Pass,0,0.9939585,2.4401703,0,0.86071336
7852,Pass,0,0.9988003,5.089258,0,0.7189781
7853,Pass,0,0.9999994,0.0572994,0,0.9973652
7854,Pass,0,0.99964106,4.9990525,0,0.7245566
7855,Pass,0,0.97747624,0.37587148,0,0.9577271
7856,Pass,0,0.99260086,2.2227204,0,0.87144184
7857,Pass,0,0.99999547,9.560164,0,0.4732589
7858,Pass,0,0.9999629,7.121294,0,0.6077478
7859,Pass,0,0.97973907,2.6737807,0,0.83577704
7860,Pass,0,0.9998331,3.0711956,0,0.8310038
7861,Pass,0,0.9988971,3.950782,0,0.7817681
7862,Pass,0,0.92961556,1.6991146,0,0.84299016
7863,Pass,0,0.9999999,0.061631735,0,0.9971267
7864,Pass,0,0.5018895,1.2058882,0,0.46877408
7865,Pass,0,0.9999901,0.12991303,0,0.9933511
7866,Pass,0,0.9999603,3.661927,0,0.7985306
7867,Pass,0,0.99973434,0.2806877,0,0.9847837
7868,Pass,0,0.999356,5.8551803,0,0.67716306
7869,Pass,0,0.99891937,0.10487698,0,0.99366677
7870,Pass,0,0.9973719,0.36568162,0,0.9777813
7871,Pass,0,0.99993324,8.455025,0,0.53417635
7872,Pass,0,0.9999503,0.1412407,0,0.99268687
7873,Pass,0,0.9999809,0.16648948,0,0.9913248
7874,Pass,0,0.95009613,4.250853,0,0.7278513
7875,Pass,0,0.8959545,1.9625646,0,0.79944766
7876,Pass,0,0.9999969,5.3272443,0,0.7067141
7877,Pass,0,0.99973625,0.9715946,0,0.94669056
7878,Pass,0,0.89717567,2.0758932,0,0.7949297
7879,Pass,0,0.91013956,4.011904,0,0.7092356
7880,Pass,0,0.9997713,0.30361173,0,0.98355603
7881,Pass,0,0.99999535,0.081234425,0,0.996041
7882,Pass,0,0.62211037,2.9857202,0,0.5199951
7883,Pass,0,0.9997663,0.28543803,0,0.9845532
7884,Pass,0,0.99984,0.14822476,0,0.99219227
7885,Pass,0,0.99986327,3.7293606,0,0.79473454
7886,Pass,0,0.9999902,0.09031144,0,0.9955353
7887,Pass,0,0.81081855,0.80559796,0,0.77521986
7888,Pass,0,0.36078027,1.0698212,0,0.33968288
7889,Pass,0,0.3182151,1.5966237,0,0.29036126
7890,Pass,0,0.9999212,0.22826424,0,0.9878588
7891,Pass,0,0.99999774,0.10963147,0,0.9944773
7892,Pass,0,0.99867487,0.18205419,0,0.98917276
7893,Pass,0,0.9969446,1.4876336,0,0.91567326
7894,Pass,0,0.99999654,10.346971,0,0.42986542
7895,Pass,0,0.9999993,0.1006124,0,0.9949762
7896,Pass,0,0.9999999,0.060085442,0,0.997212
7897,Pass,0,0.994166,3.6285763,0,0.79573214
7898,Pass,0,0.99090296,4.158307,0,0.7641703
7899,Pass,0,0.9996226,0.11621606,0,0.99374115
7900,Pass,0,0.9988154,3.875589,0,0.7858464
7901,Pass,0,0.99999785,0.06906853,0,0.99671453
7902,Pass,0,0.9998362,0.05100982,0,0.9975492
7903,Pass,0,0.99981743,0.22281459,0,0.9880568
7904,Pass,0,0.99501437,2.2091513,0,0.87430537
7905,Pass,0,0.99994814,0.169891,0,0.99110466
7906,Pass,0,0.9995357,0.11467991,0,0.9937394
7907,Pass,0,0.9999392,0.13543655,0,0.9929959
7908,Pass,0,0.7509443,1.015867,0,0.7092658
7909,Pass,0,0.99970204,4.048373,0,0.77701735
7910,Pass,0,0.9999958,0.088810176,0,0.9956237
7911,Pass,0,0.99678016,0.3858035,0,0.97609496
7912,Pass,0,0.9258035,1.9226671,0,0.8281187
7913,Pass,0,0.9601626,2.425567,0,0.83222127
7914,Pass,0,0.99998057,0.061280362,0,0.9971268
7915,Pass,0,0.9999807,0.018151775,0,0.9995055
7916,Pass,0,0.99694294,4.55868,0,0.7468143
7917,Pass,0,0.99890804,2.8138478,0,0.84441274
7918,Pass,0,0.99326044,5.96756,0,0.66687644
7919,Pass,0,0.38069403,1.4256452,0,0.3509612
7920,Pass,0,0.9999306,2.215887,0,0.8782538
7921,Pass,0,0.999198,0.3685147,0,0.97941536
7922,Pass,0,0.99986804,0.19548683,0,0.9896138
7923,Pass,0,0.99989617,0.17511927,0,0.99076486
7924,Pass,0,0.6713326,2.1123312,0,0.5934755
7925,Pass,0,0.9911411,1.2233763,0,0.9247881
7926,Pass,0,0.99997914,0.1357473,0,0.99301845
7927,Pass,0,0.9999852,0.14978795,0,0.99225014
7928,Pass,0,0.6563513,0.5146877,0,0.6380652
7929,Pass,0,0.63096803,3.2748785,0,0.5173363
7930,Pass,0,0.9924253,1.6926817,0,0.90029913
7931,Pass,0,0.99998724,4.2063437,0,0.76852673
7932,Pass,0,0.6774141,2.089898,0,0.59968984
7933,Pass,0,0.9994404,5.0150814,0,0.7235276
7934,Pass,0,0.9030125,0.8874734,0,0.8592884
7935,Pass,0,0.9999951,4.9300895,0,0.7286167
7936,Pass,0,0.9999958,9.458682,0,0.47885606
7937,Pass,0,0.99994266,5.3756948,0,0.70400375
7938,Pass,0,0.99999404,0.1739356,0,0.9909271
7939,Pass,0,0.9497579,2.8443341,0,0.8012674
7940,Pass,0,0.99999654,6.8712015,0,0.6215614
7941,Pass,0,0.7497016,1.462917,0,0.68960756
7942,Pass,0,0.99935013,0.41709167,0,0.9768871
7943,Pass,0,0.9998306,4.063848,0,0.7762639
7944,Pass,0,0.9340521,3.0394268,0,0.777967
7945,Pass,0,0.999025,0.236022,0,0.9865459
7946,Pass,0,0.99950504,3.9576786,0,0.78186375
7947,Pass,0,0.9943937,1.4706644,0,0.914261
7948,Pass,0,0.99996877,0.21583952,0,0.988591
7949,Pass,0,0.9998324,0.15899397,0,0.9915908
7950,Pass,0,0.99078244,3.97252,0,0.77422947
7951,Pass,0,0.9999064,0.03826691,0,0.99832195
7952,Pass,0,0.59004295,1.269346,0,0.549046
7953,Pass,0,0.40546715,1.4504262,0,0.37324533
7954,Pass,0,0.9999652,7.1612844,0,0.6055437
7955,Pass,0,0.99997306,4.2176414,0,0.7678927
7956,Pass,0,0.99880874,2.7729733,0,0.84658045
7957,Pass,0,0.99971145,2.3702338,0,0.8695511
7958,Pass,0,0.86406887,3.0916214,0,0.7171909
7959,Pass,0,0.99997044,0.12094642,0,0.9938261
7960,Pass,0,0.6937005,1.0607041,0,0.6534837
7961,Pass,0,0.979882,1.4534788,0,0.90184736
7962,Pass,0,0.9747561,2.7637374,0,0.8266902
7963,Pass,0,0.99994934,3.1771564,0,0.8252567
7964,Pass,0,0.93639183,1.7738076,0,0.8452775
7965,Pass,0,0.5264423,1.0461681,0,0.4963442
7966,Pass,0,0.9937482,0.19713734,0,0.9834662
7967,Pass,0,0.99996877,3.605377,0,0.8016561
7968,Pass,0,0.9999175,0.104498416,0,0.9946805
7969,Pass,0,0.99999857,0.07260242,0,0.99652034
7970,Pass,0,0.9799242,1.2671419,0,0.91195685
7971,Pass,0,0.9056563,1.974829,0,0.80749184
7972,Pass,0,0.9974269,2.9695923,0,0.8345932
7973,Pass,0,0.9999448,2.8327136,0,0.8442487
7974,Pass,0,0.9999261,0.20439559,0,0.9891799
7975,Pass,0,0.9822958,0.50323814,0,0.9555491
7976,Pass,0,0.99960107,0.05346802,0,0.9971791
7977,Pass,0,0.99902046,3.5416067,0,0.8044095
7978,Pass,0,0.97965884,2.4217837,0,0.8493241
7979,Pass,0,0.9998548,3.5830657,0,0.8027951
7980,Pass,0,0.9713807,1.8692398,0,0.8717492
7981,Pass,0,0.99770504,0.42330953,0,0.9749369
7982,Pass,0,0.99998283,0.07344204,0,0.99645835
7983,Pass,0,0.9999771,0.056069694,0,0.9974107
7984,Pass,0,0.99999714,0.07622283,0,0.99631923
7985,Pass,0,0.93856996,1.4309527,0,0.86499137
7986,Pass,0,0.9996575,0.02651425,0,0.9987214
7987,Pass,0,0.9998685,5.1895995,0,0.7142137
7988,Pass,0,0.99999774,0.17808168,0,0.99070203
7989,Pass,0,0.9998418,0.19512942,0,0.9896075
7990,Pass,0,0.6944907,3.5659688,0,0.55826956
7991,Pass,0,0.98588943,0.12231972,0,0.97975695
7992,Pass,0,0.9999554,5.1337175,0,0.7173577
7993,Pass,0,0.9999151,0.12274552,0,0.9936719
7994,Pass,0,0.9999933,6.904902,0,0.61970073
7995,Pass,0,0.4367864,1.1285633,0,0.4098293
7996,Pass,0,0.99998343,0.050617386,0,0.99771774
7997,Pass,0,0.9414721,0.7357171,0,0.9037657
7998,Pass,0,0.9999229,4.2708836,0,0.76491797
7999,Pass,0,0.9998561,2.565815,0,0.8588918
8000,Pass,0,0.9999616,0.16388768,0,0.99144906
8001,Pass,0,0.9996131,0.05129248,0,0.99731106
8002,Pass,0,0.99999845,0.055760738,0,0.99744904
8003,Pass,0,0.99804413,6.5368776,0,0.6387505
8004,Pass,0,0.99991107,3.0783553,0,0.83067375
8005,Pass,0,0.9999666,6.3498635,0,0.6502948
8006,Pass,0,0.9999862,0.17231196,0,0.9910088
8007,Pass,0,0.98467296,2.1431265,0,0.86880416
8008,Pass,0,0.8029804,1.9534631,0,0.7168913
8009,Pass,0,0.9171759,1.5289131,0,0.8403192
8010,Pass,0,0.996865,1.5329787,0,0.91310704
8011,Pass,0,0.9999987,0.08629612,0,0.9957652
8012,Pass,0,0.9162225,0.3114983,0,0.90096384
8013,Pass,0,0.9999747,0.083249815,0,0.9959094
8014,Pass,0,0.99982303,2.26418,0,0.87549627
8015,Pass,0,0.70993525,3.2481298,0,0.5831296
8016,Pass,0,0.9999994,0.03753495,0,0.9984552
8017,Pass,0,0.9999999,0.050833654,0,0.9977222
8018,Pass,0,0.9972185,3.737657,0,0.792176
8019,Pass,0,0.9999229,5.0908117,0,0.7197006
8020,Pass,0,0.9458993,0.73875403,0,0.90785706
8021,Pass,0,0.99910396,3.0977857,0,0.8289325
8022,Pass,0,0.9773347,2.863955,0,0.8234751
8023,Pass,0,0.6867964,0.8647553,0,0.6544021
8024,Pass,0,0.9999492,0.113260075,0,0.9942289
8025,Pass,0,0.9954591,2.114963,0,0.87986726
8026,Pass,0,0.9999734,4.9423137,0,0.7279267
8027,Pass,0,0.9990941,7.0216203,0,0.612712
8028,Pass,0,0.8932816,2.4747827,0,0.77182746
8029,Pass,0,0.48438856,1.4939072,0,0.44473338
8030,Pass,0,0.77440155,1.383491,0,0.71571994
8031,Pass,0,0.9999436,0.19002703,0,0.98998964
8032,Pass,0,0.99988174,0.025224209,0,0.99901664
8033,Pass,0,0.9981858,3.6904788,0,0.7955417
8034,Pass,0,0.43188453,1.567859,0,0.39476618
8035,Pass,0,0.9987379,0.12882681,0,0.992167
8036,Pass,0,0.9995943,4.175519,0,0.76992404
8037,Pass,0,0.99617565,0.20251507,0,0.9855731
8038,Pass,0,0.99905866,0.3859744,0,0.9783168
8039,Pass,0,0.99981195,0.2199395,0,0.9882099
8040,Pass,0,0.8998096,0.5615777,0,0.8724137
8041,Pass,0,0.86264604,3.2959194,0,0.7062901
8042,Pass,0,0.99996877,6.1547756,0,0.66105545
8043,Pass,0,0.9998388,5.5026064,0,0.6969323
8044,Pass,0,0.99821484,0.1824934,0,0.9886929
8045,Pass,0,0.9998342,4.992727,0,0.72504544
8046,Pass,0,0.99997675,0.115923315,0,0.9941094
8047,Pass,0,0.999353,4.524222,0,0.7505189
8048,Pass,0,0.9976064,3.070267,0,0.82920414
8049,Pass,0,0.99986005,0.30339107,0,0.9836556
8050,Pass,0,0.9999486,6.2353215,0,0.6566
8051,Pass,0,0.99993503,3.8823617,0,0.78635377
8052,Pass,0,0.9999815,0.14827795,0,0.9923297
8053,Pass,0,0.99999905,0.06586014,0,0.99689263
8054,Pass,0,0.41170824,1.1817392,0,0.38509142
8055,Pass,0,0.9998253,3.377087,0,0.8141296
8056,Pass,0,0.62566674,3.2369428,0,0.5142988
8057,Pass,0,0.99869615,0.23931459,0,0.9860399
8058,Pass,0,0.9984963,3.0494843,0,0.83108836
8059,Pass,0,0.9996761,2.8788702,0,0.84147704
8060,Pass,0,0.8889303,1.113648,0,0.8347995
8061,Pass,0,0.81578976,4.7812457,0,0.6010978
8062,Pass,0,0.99999416,0.18508503,0,0.9903123
8063,Pass,0,0.6032359,2.2803817,0,0.5276852
8064,Pass,0,0.99999547,0.09197133,0,0.995449
8065,Pass,0,0.79826564,0.5277804,0,0.77544934
8066,Pass,0,0.9991961,1.2634088,0,0.9300978
8067,Pass,0,0.99999964,0.07170753,0,0.99657077
8068,Pass,0,0.60414684,1.6832789,0,0.54837763
8069,Pass,0,0.5797208,3.150264,0,0.47930253
8070,Pass,0,0.99999464,0.16919486,0,0.9911891
8071,Pass,0,0.9898319,0.2769974,0,0.9752308
8072,Pass,0,0.9998036,0.21784118,0,0.9883174
8073,Pass,0,0.9950001,2.2808418,0,0.87035877
8074,Pass,0,0.9910512,4.9909163,0,0.7187753
8075,Pass,0,0.9786143,0.83472586,0,0.9340765
8076,Pass,0,0.9994104,0.30696973,0,0.9830159
8077,Pass,0,0.99991655,0.25037742,0,0.98663473
8078,Pass,0,0.99999714,0.06413908,0,0.9969857
8079,Pass,0,0.9851638,1.2748134,0,0.9164162
8080,Pass,0,0.99956053,7.301566,0,0.5975652
8081,Pass,0,0.4198712,2.8744533,0,0.35352874
8082,Pass,0,0.9999981,0.2323004,0,0.98771214
8083,Pass,0,0.9999201,0.026646018,0,0.9989765
8084,Pass,0,0.60882425,1.2053801,0,0.56867015
8085,Pass,0,0.99980503,0.22223762,0,0.9880763
8086,Pass,0,0.99999833,0.13583821,0,0.99303246
8087,Pass,0,0.99972945,7.045669,0,0.61177564
8088,Pass,0,0.99898785,0.3377094,0,0.98090667
8089,Pass,0,0.9998683,0.20058385,0,0.9893329
8090,Pass,0,0.9963052,1.4235791,0,0.9186057
8091,Pass,0,0.59838843,1.51028,0,0.54886013
8092,Pass,0,0.9997726,0.105258316,0,0.9944945
8093,Pass,0,0.9963141,4.6329184,0,0.74226385
8094,Pass,0,0.9986761,0.35014534,0,0.9799156
8095,Pass,0,0.9999844,0.18725501,0,0.99018294
8096,Pass,0,0.99999285,0.072970256,0,0.9964943
8097,Pass,0,0.9513673,0.7534678,0,0.9123332
8098,Pass,0,0.9999372,5.5650682,0,0.69355613
8099,Pass,0,0.9980312,4.519052,0,0.74981076
8100,Pass,0,0.99997735,0.31881803,0,0.9829201
8101,Pass,0,0.99950445,0.1839923,0,0.98988754
8102,Pass,0,0.999918,0.18446958,0,0.9902708
8103,Pass,0,0.9989679,0.38817137,0,0.97810686
8104,Pass,0,0.99788815,1.8399879,0,0.8971478
8105,Pass,0,0.999984,4.8329225,0,0.7339675
8106,Pass,0,0.969502,3.8169239,0,0.76592004
8107,Pass,0,0.7512667,2.2318606,0,0.6591867
8108,Pass,0,0.99859196,0.24956338,0,0.98537254
8109,Pass,0,0.9999033,0.114824235,0,0.994097
8110,Pass,0,0.99998856,0.05770309,0,0.9973321
8111,Pass,0,0.99994755,4.635587,0,0.7448237
8112,Pass,0,0.9746361,0.11613347,0,0.9689061
8113,Pass,0,0.99999976,0.093879364,0,0.99534804
8114,Pass,0,0.9705895,1.7241868,0,0.8788039
8115,Pass,0,0.99969983,0.11811663,0,0.99371314
8116,Pass,0,0.99997497,6.986837,0,0.6151706
8117,Pass,0,0.9999448,0.038298998,0,0.99835855
8118,Pass,0,0.9999547,0.08549699,0,0.99576545
8119,Pass,0,0.46016362,2.2477963,0,0.40335867
8120,Pass,0,0.9999261,0.27639446,0,0.98520935
8121,Pass,0,0.9999831,0.1573534,0,0.9918307
8122,Pass,0,0.9999695,0.22482213,0,0.9880963
8123,Pass,0,0.9999914,0.14878659,0,0.9923115
8124,Pass,0,0.99992144,0.61604697,0,0.9664736
8125,Pass,0,0.5434831,0.59789467,0,0.52584743
8126,Pass,0,0.99999845,0.11059732,0,0.9944247
8127,Pass,0,0.9998739,0.13284326,0,0.99307406
8128,Pass,0,0.99886984,0.44332123,0,0.97497267
8129,Pass,0,0.99999547,3.1046274,0,0.8292949
8130,Pass,0,0.99995995,6.5418696,0,0.63970125
8131,Pass,0,0.9978143,0.4172081,0,0.97537935
8132,Pass,0,0.9972083,0.18250962,0,0.98769504
8133,Pass,0,0.9999466,0.16058967,0,0.9916161
8134,Pass,0,0.9997862,0.076983206,0,0.9960671
8135,Pass,0,0.99981993,2.8992732,0,0.840473
8136,Pass,0,0.9998203,4.124221,0,0.7729268
8137,Pass,0,0.9999976,0.045244817,0,0.9980282
8138,Pass,0,0.7324824,1.7974066,0,0.66025585
8139,Pass,0,0.9999809,0.2121104,0,0.98880875
8140,Pass,0,0.9925741,3.6583605,0,0.7928275
8141,Pass,0,0.9998883,0.18454203,0,0.9902374
8142,Pass,0,0.99992716,5.1583414,0,0.7159795
8143,Pass,0,0.9920661,1.3923869,0,0.91640383
8144,Pass,0,0.9999964,0.04341177,0,0.9981281
8145,Pass,0,0.97578126,0.57602704,0,0.9452947
8146,Pass,0,0.9999814,0.0678148,0,0.9967673
8147,Pass,0,0.9986248,3.5575433,0,0.80321324
8148,Pass,0,0.9962096,3.3213062,0,0.81425023
8149,Pass,0,0.6169385,0.2826123,0,0.6076469
8150,Pass,0,0.9740292,2.5980356,0,0.8349752
8151,Pass,0,0.76082784,2.0712996,0,0.67431337
8152,Pass,0,0.9999968,0.05760596,0,0.9973456
8153,Pass,0,0.9987066,0.05202403,0,0.9963663
8154,Pass,0,0.9993843,0.15474476,0,0.99138063
8155,Pass,0,0.999838,0.15010983,0,0.9920863
8156,Pass,0,0.9986299,0.06111154,0,0.9957893
8157,Pass,0,0.99999785,0.09652599,0,0.99520016
8158,Pass,0,0.54189545,2.006835,0,0.48220265
8159,Pass,0,0.99999976,0.07336932,0,0.9964792
8160,Pass,0,0.9831746,1.8916469,0,0.8811185
8161,Pass,0,0.9999739,0.12403766,0,0.9936591
8162,Pass,0,0.98643863,3.566898,0,0.7929027
8163,Pass,0,0.99999475,0.0713269,0,0.99658686
8164,Pass,0,0.9997905,3.145878,0,0.8268503
8165,Pass,0,0.85594153,0.56694376,0,0.82962793
8166,Pass,0,0.987298,0.5943399,0,0.9554544
8167,Pass,0,0.99861753,0.1435322,0,0.9912375
8168,Pass,0,0.99897003,0.23453844,0,0.9865734
8169,Pass,0,0.9998258,0.04729764,0,0.9977435
8170,Pass,0,0.5250819,2.4770572,0,0.45362377
8171,Pass,0,0.99999666,0.10791858,0,0.9945707
8172,Pass,0,0.9995278,4.9186363,0,0.72890764
8173,Pass,0,0.9052865,2.5178661,0,0.780049
8174,Pass,0,0.9999715,7.7040877,0,0.57561153
8175,Pass,0,0.751481,0.91891766,0,0.7137909
8176,Pass,0,0.99724424,0.059281956,0,0.9945082
8177,Pass,0,1.0,0.023921302,0,0.9992066
8178,Pass,0,0.9999176,6.929495,0,0.6182975
8179,Pass,0,0.9784984,1.8062851,0,0.8815343
8180,Pass,0,0.9985831,0.32217726,0,0.98136467
8181,Pass,0,0.99041945,2.5789907,0,0.8500658
8182,Pass,0,0.68397176,1.7299007,0,0.6190751
8183,Pass,0,0.9994661,5.2792478,0,0.7089847
8184,Pass,0,0.9982383,2.9003265,0,0.83908546
8185,Pass,0,0.99997914,0.097215936,0,0.99514353
8186,Pass,0,0.98507166,2.2757623,0,0.86195
8187,Pass,0,0.99999475,0.14398517,0,0.99257964
8188,Pass,0,0.99976224,4.5220695,0,0.7509449
8189,Pass,0,0.9999943,0.19622192,0,0.9896982
8190,Pass,0,0.99915826,0.26062,0,0.9853221
8191,Pass,0,0.5887534,1.0196364,0,0.55595434
8192,Pass,0,0.9998155,0.12571877,0,0.993409
8193,Pass,0,0.9998518,6.7816634,0,0.62640893
8194,Pass,0,0.39327568,1.4510032,0,0.36201018
8195,Pass,0,0.99997747,0.12207291,0,0.99377096
8196,Pass,0,0.7358312,1.7402911,0,0.6655924
8197,Pass,0,0.9994931,0.16671409,0,0.9908288
8198,Pass,0,0.88533074,1.2190208,0,0.82627404
8199,Pass,0,0.9967147,2.9022055,0,0.8377015
8200,Pass,0,0.99961275,0.103662305,0,0.9944235
8201,Pass,0,0.9999962,0.24627492,0,0.98693955
8202,Pass,0,0.9966197,3.2361674,0,0.8192651
8203,Pass,0,0.979385,2.4662378,0,0.8466855
8204,Pass,0,0.9992167,0.3412742,0,0.98093486
8205,Pass,0,0.98918545,0.42173207,0,0.96669775
8206,Pass,0,0.99999356,0.12914655,0,0.9933968
8207,Pass,0,0.99996746,0.118968,0,0.9939322
8208,Pass,0,0.99987316,5.6855145,0,0.68686974
8209,Pass,0,0.9846259,1.2169814,0,0.91905636
8210,Pass,0,0.9999968,0.052414633,0,0.9976319
8211,Pass,0,0.99996173,4.160678,0,0.7710256
8212,Pass,0,0.9999963,4.766331,0,0.7376492
8213,Pass,0,0.99992573,0.1901305,0,0.9899663
8214,Pass,0,0.9915833,2.0059779,0,0.8824017
8215,Pass,0,0.9089793,2.149438,0,0.8017011
8216,Pass,0,0.99994695,0.024787901,0,0.9991059
8217,Pass,0,0.99999976,0.04252143,0,0.99818057
8218,Pass,0,0.99999225,0.15522856,0,0.99195707
8219,Pass,0,0.9837548,2.0359626,0,0.8738084
8220,Pass,0,0.8992137,1.2097452,0,0.83969086
8221,Pass,0,0.38657558,2.231599,0,0.33920002
8222,Pass,0,0.9994735,10.464449,0,0.42316478
8223,Pass,0,0.9996917,0.37383842,0,0.9796058
8224,Pass,0,0.88885754,1.9032269,0,0.7960241
8225,Pass,0,0.9985734,0.12489538,0,0.99222016
8226,Pass,0,0.9998803,0.33580324,0,0.98188806
8227,Pass,0,0.99999905,2.6250894,0,0.85574543
8228,Pass,0,0.9739217,2.962842,0,0.8152878
8229,Pass,0,0.9999597,0.13949375,0,0.99279255
8230,Pass,0,0.99999595,0.0636454,0,0.9970117
8231,Pass,0,0.9998549,0.068627045,0,0.9965964
8232,Pass,0,0.99462044,3.9372663,0,0.77916247
8233,Pass,0,0.9993112,3.687258,0,0.7966162
8234,Pass,0,0.9998785,0.26918578,0,0.98556
8235,Pass,0,0.9889494,2.6749725,0,0.843569
8236,Pass,0,0.9578887,0.9204249,0,0.9097667
8237,Pass,0,0.99943286,0.108361654,0,0.99398553
8238,Pass,0,0.61926824,1.3971121,0,0.5718769
8239,Pass,0,0.9998698,3.496413,0,0.80758566
8240,Pass,0,0.9973671,0.20637383,0,0.98653966
8241,Pass,0,0.98359907,2.821991,0,0.8310297
8242,Pass,0,0.99983037,0.16100179,0,0.99147815
8243,Pass,0,0.99981576,0.16850625,0,0.9910498
8244,Pass,0,0.99991894,0.2105599,0,0.9888329
8245,Pass,0,0.9999505,0.036430325,0,0.9984673
8246,Pass,0,0.97896373,1.9753625,0,0.8728247
8247,Pass,0,0.9999645,0.058747686,0,0.99725044
8248,Pass,0,0.99992144,3.5388508,0,0.805287
8249,Pass,0,0.9796703,3.670101,0,0.7818861
8250,Pass,0,0.9994091,0.27645475,0,0.9846966
8251,Pass,0,0.9999994,0.11338343,0,0.994272
8252,Pass,0,0.9724001,1.9167409,0,0.8701166
8253,Pass,0,0.99808407,3.3331654,0,0.8151295
8254,Pass,0,0.97049564,5.91983,0,0.6541469
8255,Pass,0,0.9999641,0.11738944,0,0.994016
8256,Pass,0,0.99940705,0.21712938,0,0.98796463
8257,Pass,0,0.9999236,0.022356384,0,0.99921656
8258,Pass,0,0.693839,1.6900278,0,0.629532
8259,Pass,0,0.89344066,3.507755,0,0.7210649
8260,Pass,0,0.99997723,0.14281957,0,0.99262655
8261,Pass,0,0.9993886,6.1609974,0,0.66032887
8262,Pass,0,0.89540225,1.641151,0,0.81482744
8263,Pass,0,0.99996626,0.20383793,0,0.9892504
8264,Pass,0,0.9998783,0.051487993,0,0.99756485
8265,Pass,0,0.47213742,1.0773598,0,0.44433188
8266,Pass,0,0.9760597,4.645498,0,0.726497
8267,Pass,0,0.9999863,0.1926235,0,0.9898887
8268,Pass,0,0.9997596,2.7208867,0,0.85025835
8269,Pass,0,0.99999845,0.06746883,0,0.99680334
8270,Pass,0,0.9938305,0.4098206,0,0.9718901
8271,Pass,0,0.99902284,0.23585798,0,0.9865529
8272,Pass,0,0.9986533,0.3412074,0,0.9803855
8273,Pass,0,0.9985544,2.639719,0,0.8537035
8274,Pass,0,0.99281776,4.7771373,0,0.7317622
8275,Pass,0,0.9994704,0.2932205,0,0.98383284
8276,Pass,0,0.9946936,0.08826419,0,0.9903746
8277,Pass,0,0.99999285,0.10292029,0,0.9948425
8278,Pass,0,0.98361075,1.6813627,0,0.89291686
8279,Pass,0,0.99999785,0.1364816,0,0.9929965
8280,Pass,0,0.6947863,0.84115785,0,0.66291934
8281,Pass,0,0.9999956,0.1177802,0,0.9940257
8282,Pass,0,0.9997018,0.09618281,0,0.9949245
8283,Pass,0,0.99972755,0.094850756,0,0.99502355
8284,Pass,0,0.9999969,0.086337715,0,0.9957611
8285,Pass,0,0.99999976,0.03499649,0,0.99859554
8286,Pass,0,0.99999714,0.11222186,0,0.9943338
8287,Pass,0,0.9984352,2.6192436,0,0.8547291
8288,Pass,0,0.99980336,6.8968205,0,0.6200286
8289,Pass,0,0.9077607,2.8748026,0,0.7643109
8290,Pass,0,0.80046535,0.5479492,0,0.7766957
8291,Pass,0,0.9405028,0.4882835,0,0.91566974
8292,Pass,0,0.9999355,0.2829525,0,0.9848569
8293,Pass,0,0.9961702,3.5439332,0,0.8019867
8294,Pass,0,0.9844588,0.39358613,0,0.9636068
8295,Pass,0,0.99999297,0.073313326,0,0.9964755
8296,Pass,0,0.66100246,1.1091796,0,0.6209141
8297,Pass,0,0.3392371,2.289714,0,0.29657564
8298,Pass,0,0.9981875,0.6884089,0,0.960814
8299,Pass,0,0.99602306,4.469791,0,0.75100815
8300,Pass,0,0.9999877,0.036474995,0,0.99850196
8301,Pass,0,0.9735212,2.85705,0,0.8206327
8302,Pass,0,0.99995744,3.368573,0,0.81470674
8303,Pass,0,0.9999989,4.6578207,0,0.7436357
8304,Pass,0,0.9983986,4.2656784,0,0.76403856
8305,Pass,0,0.9986278,7.11454,0,0.6073083
8306,Pass,0,0.9999863,0.17058995,0,0.99110395
8307,Pass,0,0.9139802,3.699579,0,0.72797215
8308,Pass,0,0.6568584,1.0302019,0,0.61988246
8309,Pass,0,0.9998492,4.7624555,0,0.7377544
8310,Pass,0,0.9999944,0.11065261,0,0.99441767
8311,Pass,0,0.99972636,4.905634,0,0.7297693
8312,Pass,0,0.95557755,3.6125817,0,0.76568884
8313,Pass,0,0.99999356,0.19903721,0,0.9895422
8314,Pass,0,0.99992526,0.23222561,0,0.9876443
8315,Pass,0,0.99900925,0.19903937,0,0.98856807
8316,Pass,0,0.99994063,0.2227493,0,0.9881821
8317,Pass,0,0.9996884,4.7343044,0,0.73918784
8318,Pass,0,0.9999949,0.11755753,0,0.99403733
8319,Pass,0,0.9998976,0.06812705,0,0.99666655
8320,Pass,0,0.97616756,1.0961267,0,0.91766787
8321,Pass,0,0.9999958,5.4359474,0,0.7007181
8322,Pass,0,0.99987495,2.9983706,0,0.8350545
8323,Pass,0,0.99989355,6.505785,0,0.64164877
8324,Pass,0,0.99678636,1.0555329,0,0.9392826
8325,Pass,0,0.9927505,0.2936757,0,0.9771932
8326,Pass,0,0.9999441,0.08255161,0,0.9959174
8327,Pass,0,0.9994791,0.104905166,0,0.99422204
8328,Pass,0,0.9976051,0.767263,0,0.9559148
8329,Pass,0,0.9880101,2.0969486,0,0.8742649
8330,Pass,0,0.99963117,0.121590644,0,0.9934534
8331,Pass,0,0.5062712,1.0403409,0,0.47748905
8332,Pass,0,0.9999281,7.8481627,0,0.5676411
8333,Pass,0,0.97837776,5.7013354,0,0.67124957
8334,Pass,0,0.9999697,4.7103148,0,0.74071896
8335,Pass,0,0.99999976,9.914599,0,0.45371306
8336,Pass,0,0.9927676,0.238052,0,0.98025554
8337,Pass,0,0.99999464,0.06658305,0,0.99684834
8338,Pass,0,0.9999938,0.07077026,0,0.9966166
8339,Pass,0,0.9998115,4.9073567,0,0.7297364
8340,Pass,0,0.9843813,2.4074535,0,0.8541963
8341,Pass,0,0.9999757,0.055950925,0,0.99741584
8342,Pass,0,0.99694294,0.42738527,0,0.973968
8343,Pass,0,0.99993384,0.11956176,0,0.9938661
8344,Pass,0,0.86403304,1.6128874,0,0.7876279
8345,Pass,0,0.8620013,1.1907244,0,0.80584604
8346,Pass,0,0.99999905,4.516093,0,0.75145245
8347,Pass,0,0.29802957,3.4500716,0,0.24147744
8348,Pass,0,0.9999081,0.14696118,0,0.9923295
8349,Pass,0,0.99986446,0.12896413,0,0.9932786
8350,Pass,0,0.38471255,1.0510437,0,0.36261407
8351,Pass,0,0.9999598,4.887651,0,0.73093146
8352,Pass,0,0.99430376,0.39528224,0,0.97315013
8353,Pass,0,0.9999851,0.18162619,0,0.9904941
8354,Pass,0,0.9986584,3.4100409,0,0.8113644
8355,Pass,0,0.9984458,2.4205353,0,0.86568034
8356,Pass,0,0.9999995,9.859847,0,0.45673266
8357,Pass,0,0.9748769,5.043066,0,0.7042407
8358,Pass,0,0.99762195,4.367914,0,0.7578191
8359,Pass,0,0.43235528,0.6678653,0,0.41665718
8360,Pass,0,0.99862874,0.27382478,0,0.98407257
8361,Pass,0,0.3928944,0.9379668,0,0.3727762
8362,Pass,0,0.9910233,2.2063046,0,0.8709541
8363,Pass,0,0.99986744,0.16261503,0,0.99142593
8364,Pass,0,0.4156051,1.9005201,0,0.37226078
8365,Pass,0,1.0,0.07682551,0,0.99628884
8366,Pass,0,0.9998838,0.11538616,0,0.99404657
8367,Pass,0,0.89312094,1.5081341,0,0.8193035
8368,Pass,0,0.9999969,5.969131,0,0.6713127
8369,Pass,0,0.99998915,7.49546,0,0.58712786
8370,Pass,0,0.99998,0.061185256,0,0.99713147
8371,Pass,0,0.99782604,0.44124848,0,0.97406787
8372,Pass,0,0.9892988,4.3525,0,0.75233763
8373,Pass,0,0.9997023,2.0663078,0,0.88630044
8374,Pass,0,0.9982899,0.38121563,0,0.97782594
8375,Pass,0,0.99985325,4.804066,0,0.7354628
8376,Pass,0,0.9998708,6.9628177,0,0.616431
8377,Pass,0,0.99999714,0.06577799,0,0.99689525
8378,Pass,0,0.9999783,0.119013004,0,0.99394053
8379,Pass,0,0.9998393,3.3037,0,0.81818783
8380,Pass,0,0.99986255,0.2228382,0,0.98810005
8381,Pass,0,0.9993192,5.627338,0,0.68969554
8382,Pass,0,0.9999392,4.137315,0,0.77229667
8383,Pass,0,0.97788936,2.75477,0,0.8298311
8384,Pass,0,0.99250036,1.9178181,0,0.8880436
8385,Pass,0,0.85373336,0.9710571,0,0.8084598
8386,Pass,0,0.97389925,1.338559,0,0.90251374
8387,Pass,0,0.9999585,0.03116728,0,0.9987656
8388,Pass,0,0.9999994,0.08051071,0,0.996085
8389,Pass,0,0.99645066,0.3190099,0,0.979443
8390,Pass,0,0.99979967,4.710396,0,0.7405884
8391,Pass,0,0.7058279,2.923568,0,0.5923904
8392,Pass,0,0.9888305,3.238247,0,0.8127487
8393,Pass,0,0.9887172,2.2421367,0,0.86697346
8394,Pass,0,0.6385084,1.2013158,0,0.5965396
8395,Pass,0,0.99997985,0.13303871,0,0.99316853
8396,Pass,0,0.99525994,5.4683514,0,0.6956209
8397,Pass,0,0.84332985,2.1998925,0,0.74145293
8398,Pass,0,0.9994467,4.759863,0,0.73760027
8399,Pass,0,0.62401015,2.6168747,0,0.5342771
8400,Pass,0,0.9961357,2.2172818,0,0.874844
8401,Pass,0,0.99413836,0.28643757,0,0.97895616
8402,Pass,0,0.6692453,1.7438074,0,0.60523266
8403,Pass,0,0.999451,2.7378373,0,0.84906155
8404,Pass,0,0.981861,2.0156841,0,0.8732243
8405,Pass,0,0.9999894,0.100838386,0,0.99495393
8406,Pass,0,0.99979836,0.035414264,0,0.9983714
8407,Pass,0,0.894658,5.0629616,0,0.64530975
8408,Pass,0,0.99996996,0.04153876,0,0.998205
8409,Pass,0,0.99976474,2.4739888,0,0.8638765
8410,Pass,0,0.9998971,0.04290834,0,0.99805677
8411,Pass,0,0.9998331,6.714412,0,0.6301056
8412,Pass,0,0.9996896,0.019967074,0,0.99911445
8413,Pass,0,0.99968684,0.14493501,0,0.9922216
8414,Pass,0,0.9999951,5.7114086,0,0.6855254
8415,Pass,0,0.99692184,0.17765582,0,0.98767823
8416,Pass,0,0.99913824,6.4413614,0,0.6447141
8417,Pass,0,0.99983466,0.13423851,0,0.9929582
8418,Pass,0,0.9966101,0.7452098,0,0.9561736
8419,Pass,0,0.9993279,0.082714416,0,0.9952947
8420,Pass,0,0.9999095,5.9728746,0,0.67104757
8421,Pass,0,0.9895822,0.37530425,0,0.9696194
8422,Pass,0,0.9992034,0.27337536,0,0.9846636
8423,Pass,0,0.99973625,0.24333383,0,0.9868452
8424,Pass,0,0.9992772,2.8716118,0,0.84154123
8425,Pass,0,0.9999788,0.053460345,0,0.9975563
8426,Pass,0,0.95618075,3.5061011,0,0.77178746
8427,Pass,0,0.99788195,0.5529043,0,0.9679774
8428,Pass,0,0.9994497,0.18363057,0,0.98985326
8429,Pass,0,0.99238175,3.3713367,0,0.8083833
8430,Pass,0,0.99872655,0.105509736,0,0.9934401
8431,Pass,0,0.89095294,4.149468,0,0.6875246
8432,Pass,0,0.99991477,2.8093178,0,0.8455136
8433,Pass,0,0.9996406,0.17886743,0,0.9903049
8434,Pass,0,0.999572,0.12849087,0,0.99301416
8435,Pass,0,0.9993845,3.0352361,0,0.83261293
8436,Pass,0,0.48142117,1.3493111,0,0.44584817
8437,Pass,0,0.99635386,4.347159,0,0.7579963
8438,Pass,0,0.98801607,6.6148224,0,0.6280852
8439,Pass,0,0.9954516,0.16755114,0,0.98677635
8440,Pass,0,0.9999722,0.16195793,0,0.99156606
8441,Pass,0,0.99999917,0.07684489,0,0.9962869
8442,Pass,0,0.99998,3.6913362,0,0.79692435
8443,Pass,0,0.99975556,5.321268,0,0.70687306
8444,Pass,0,0.999961,0.22582698,0,0.9880326
8445,Pass,0,0.99987924,2.7860138,0,0.8467686
8446,Pass,0,0.36424133,1.8097634,0,0.32807705
8447,Pass,0,0.6365186,2.7103808,0,0.54170424
8448,Pass,0,0.99999964,0.06758009,0,0.9967984
8449,Pass,0,0.9999399,0.1288324,0,0.9933609
8450,Pass,0,0.9979138,5.0415173,0,0.7209676
8451,Pass,0,1.0,0.0308919,0,0.99882215
8452,Pass,0,0.99979156,10.196832,0,0.4380561
8453,Pass,0,0.9992441,3.6044075,0,0.80112857
8454,Pass,0,0.99999154,0.13623385,0,0.9930039
8455,Pass,0,0.99397415,3.2217362,0,0.8178815
8456,Pass,0,0.9131092,0.70407337,0,0.8781323
8457,Pass,0,0.99564314,2.9482708,0,0.8342714
8458,Pass,0,0.99993646,0.24238348,0,0.98709524
8459,Pass,0,0.99998796,0.11474611,0,0.99418545
8460,Pass,0,0.8612872,1.4593949,0,0.79241604
8461,Pass,0,0.9962514,3.2066166,0,0.8205861
8462,Pass,0,0.9985618,4.9750905,0,0.725094
8463,Pass,0,0.9999262,5.474835,0,0.6985248
8464,Pass,0,0.9725749,2.3103368,0,0.84916055
8465,Pass,0,0.9998658,0.2611995,0,0.9859878
8466,Pass,0,0.41544223,1.0246692,0,0.39218292
8467,Pass,0,0.9998128,8.806205,0,0.51474726
8468,Pass,0,0.97131515,2.781428,0,0.82282424
8469,Pass,0,0.313809,1.2733504,0,0.2919358
8470,Pass,0,0.9996215,0.29787597,0,0.98372495
8471,Pass,0,0.9403846,1.1105534,0,0.8832811
8472,Pass,0,0.6930332,1.6648315,0,0.6297639
8473,Pass,0,0.99554104,4.0672145,0,0.7727487
8474,Pass,0,0.9476084,0.4525683,0,0.92445433
8475,Pass,0,0.9968509,0.21245511,0,0.9856947
8476,Pass,0,0.99998105,0.06321441,0,0.9970206
8477,Pass,0,1.0,0.03857082,0,0.99839866
8478,Pass,0,0.9993118,5.873958,0,0.6760981
8479,Pass,0,0.6939927,1.8528963,0,0.6234376
8480,Pass,0,0.71986175,4.102839,0,0.5573494
8481,Pass,0,0.9994387,5.0784802,0,0.72003186
8482,Pass,0,0.999998,0.071228266,0,0.9965955
8483,Pass,0,0.9998653,0.19581178,0,0.98959315
8484,Pass,0,0.9999821,4.311363,0,0.7627308
8485,Pass,0,0.9998555,2.9911447,0,0.83543676
8486,Pass,0,0.9997019,0.16633752,0,0.9910565
8487,Pass,0,0.36837894,0.8334169,0,0.3516402
8488,Pass,0,0.99758935,3.591499,0,0.8005122
8489,Pass,0,0.94123983,1.4443767,0,0.8667551
8490,Pass,0,0.9998789,0.15610625,0,0.99179614
8491,Pass,0,0.37046194,1.2449228,0,0.34522074
8492,Pass,0,0.9999943,0.109183386,0,0.99449855
8493,Pass,0,0.96541536,1.2510378,0,0.8993118
8494,Pass,0,0.99997914,3.5994163,0,0.8019932
8495,Pass,0,0.97968423,0.5029819,0,0.9530225
8496,Pass,0,0.9997334,3.276378,0,0.8196077
8497,Pass,0,0.99999845,0.09816707,0,0.9951103
8498,Pass,0,0.9701643,1.8667632,0,0.8707901
8499,Pass,0,0.9999976,0.09672258,0,0.9951891
8500,Pass,0,0.98835725,0.30174252,0,0.97242904
8501,Pass,0,0.31316358,1.4686456,0,0.28796232
8502,Pass,0,0.99999964,0.15110499,0,0.9921918
8503,Pass,0,0.9999535,0.07566428,0,0.9963066
8504,Pass,0,0.9999981,0.0598409,0,0.9972237
8505,Pass,0,0.9999051,2.8282213,0,0.84446293
8506,Pass,0,0.9991679,0.29173765,0,0.98361677
8507,Pass,0,0.9999329,4.674135,0,0.74268687
8508,Pass,0,0.9998271,4.975134,0,0.7260104
8509,Pass,0,0.96200174,1.6868669,0,0.8730083
8510,Pass,0,0.98796463,0.5087625,0,0.96076256
8511,Pass,0,0.945065,2.634383,0,0.80825144
8512,Pass,0,0.4978262,2.8214471,0,0.42062166
8513,Pass,0,0.9963242,5.0514507,0,0.71927327
8514,Pass,0,0.99999964,0.036263805,0,0.99852556
8515,Pass,0,0.9978884,2.1651165,0,0.8792543
8516,Pass,0,0.78492945,2.0670528,0,0.6958582
8517,Pass,0,0.99995387,3.578616,0,0.80312
8518,Pass,0,0.9990742,2.9443753,0,0.837361
8519,Pass,0,0.99782914,3.590643,0,0.8007517
8520,Pass,0,0.9999194,2.7801242,0,0.8471275
8521,Pass,0,0.9996456,4.18886,0,0.76922804
8522,Pass,0,0.99965143,5.4581065,0,0.69925505
8523,Pass,0,0.999995,0.23303254,0,0.9876687
8524,Pass,0,0.99997866,0.55031496,0,0.9701541
8525,Pass,0,0.9954562,4.7263017,0,0.7364979
8526,Pass,0,0.99991167,7.828409,0,0.5687211
8527,Pass,0,0.82501173,2.0086262,0,0.7340506
8528,Pass,0,0.9995845,0.5806519,0,0.9680993
8529,Pass,0,0.99979883,3.000055,0,0.8348981
8530,Pass,0,0.99986744,4.185872,0,0.7695635
8531,Pass,0,0.8323134,3.1202023,0,0.68952143
8532,Pass,0,0.99925846,0.07084747,0,0.99587953
8533,Pass,0,0.9999783,0.15885219,0,0.9917434
8534,Pass,0,0.99977714,5.814034,0,0.6797172
8535,Pass,0,0.99996805,4.9840193,0,0.7256227
8536,Pass,0,0.99984777,0.08748951,0,0.99554914
8537,Pass,0,0.99986625,0.1969235,0,0.98953277
8538,Pass,0,0.99999976,0.09678471,0,0.9951878
8539,Pass,0,1.0,0.044608198,0,0.9980657
8540,Pass,0,0.9999486,0.18536192,0,0.9902519
8541,Pass,0,0.99859244,0.107408725,0,0.9932021
8542,Pass,0,0.99706787,3.9339433,0,0.78126246
8543,Pass,0,0.99160963,0.2322864,0,0.9794275
8544,Pass,0,0.9999987,0.14562218,0,0.9924932
8545,Pass,0,0.99999285,0.09245853,0,0.99541956
8546,Pass,0,0.9998128,0.17557608,0,0.99065703
8547,Pass,0,0.8379641,0.56720287,0,0.8121912
8548,Pass,0,0.9912922,0.2694542,0,0.9770819
8549,Pass,0,0.9987796,4.0976663,0,0.773585
8550,Pass,0,0.998054,4.241604,0,0.7651
8551,Pass,0,0.9993767,2.473623,0,0.8635614
8552,Pass,0,0.999998,0.12627302,0,0.99355966
8553,Pass,0,0.99999976,0.1392635,0,0.992845
8554,Pass,0,0.9972926,4.4498963,0,0.7530596
8555,Pass,0,0.99990034,0.03346485,0,0.99858075
8556,Pass,0,0.9975358,1.6335925,0,0.90818614
8557,Pass,0,0.9998658,4.2558346,0,0.76570415
8558,Pass,0,0.9999994,0.027215974,0,0.99902433
8559,Pass,0,0.99909055,2.2733195,0,0.87435126
8560,Pass,0,0.86001945,1.0652363,0,0.80994546
8561,Pass,0,0.6375914,0.39790842,0,0.62393445
8562,Pass,0,0.99988997,4.6074085,0,0.74633473
8563,Pass,0,0.999468,0.22082283,0,0.9878213
8564,Pass,0,0.9994537,6.778223,0,0.6263491
8565,Pass,0,0.99999714,0.1368613,0,0.9929749
8566,Pass,0,0.9999883,0.1073958,0,0.9945912
8567,Pass,0,0.99988294,0.16719863,0,0.9911885
8568,Pass,0,0.58921915,1.4042975,0,0.5438939
8569,Pass,0,0.98387605,1.9170437,0,0.88036895
8570,Pass,0,0.9999883,0.11720653,0,0.9940501
8571,Pass,0,0.86618334,2.53521,0,0.7455269
8572,Pass,0,0.9989906,2.6382198,0,0.854159
8573,Pass,0,0.99948895,0.03494808,0,0.9980881
8574,Pass,0,1.0,0.12199697,0,0.99379754
8575,Pass,0,0.963832,4.085553,0,0.747161
8576,Pass,0,0.9962566,3.8314717,0,0.78625715
8577,Pass,0,0.9776318,2.098391,0,0.86500365
8578,Pass,0,0.9994066,0.186795,0,0.9896361
8579,Pass,0,0.96890956,2.4643478,0,0.83773035
8580,Pass,0,0.99996305,2.961455,0,0.837164
8581,Pass,0,0.99874735,2.1677923,0,0.87986374
8582,Pass,0,0.77727866,1.8777725,0,0.6971898
8583,Pass,0,0.99907434,5.271781,0,0.7091182
8584,Pass,0,0.9999987,3.9009604,0,0.78537804
8585,Pass,0,0.9998841,5.140452,0,0.7169352
8586,Pass,0,0.99998426,7.0425625,0,0.6121029
8587,Pass,0,0.8012767,1.3905582,0,0.74024624
8588,Pass,0,0.999956,0.10762882,0,0.99454623
8589,Pass,0,0.99975175,5.3739724,0,0.7039643
8590,Pass,0,0.9999951,0.06089975,0,0.9971623
8591,Pass,0,0.9902716,0.13629112,0,0.9833488
8592,Pass,0,0.8815677,3.4260433,0,0.71545553
8593,Pass,0,0.99926406,0.103234716,0,0.9941002
8594,Pass,0,0.5813677,1.7373272,0,0.5259682
8595,Pass,0,0.91644895,0.3348438,0,0.90000653
8596,Pass,0,0.99571335,2.3659723,0,0.8663077
8597,Pass,0,0.99969995,0.81361157,0,0.9553667
8598,Pass,0,0.9999479,6.138733,0,0.6619263
8599,Pass,0,0.9999088,0.32964352,0,0.98225576
8600,Pass,0,0.99991906,6.4317327,0,0.6457489
8601,Pass,0,0.99975294,0.24107978,0,0.9869859
8602,Pass,0,0.9999697,3.8213193,0,0.78974754
8603,Pass,0,0.99995625,7.168643,0,0.60513246
8604,Pass,0,0.99581146,2.925116,0,0.8356841
8605,Pass,0,0.99999917,0.1731193,0,0.99097717
8606,Pass,0,0.98169154,1.7875305,0,0.88542646
8607,Pass,0,0.99996555,4.492495,0,0.75272864
8608,Pass,0,0.99999917,5.067286,0,0.721053
8609,Pass,0,0.99999666,0.07036628,0,0.99664176
8610,Pass,0,0.9996151,0.11480466,0,0.9938115
8611,Pass,0,0.8358786,1.4336035,0,0.7702282
8612,Pass,0,0.99973184,8.017775,0,0.55817765
8613,Pass,0,0.999731,3.8556862,0,0.7876641
8614,Pass,0,0.99999726,14.390383,0,0.20686296
8615,Pass,0,0.8215316,1.0303874,0,0.7752775
8616,Pass,0,0.9983663,7.701729,0,0.5748174
8617,Pass,0,0.9990854,0.22862813,0,0.98701304
8618,Pass,0,0.9999075,0.3760127,0,0.97969735
8619,Pass,0,0.99991,0.25093177,0,0.98659766
8620,Pass,0,0.9997855,0.07536425,0,0.9961557
8621,Pass,0,0.9951255,0.13709202,0,0.9881247
8622,Pass,0,0.9991842,0.25553837,0,0.9856277
8623,Pass,0,0.90547514,1.0963427,0,0.85120106
8624,Pass,0,0.99989855,3.9164944,0,0.7844428
8625,Pass,0,0.999997,0.099623136,0,0.9950285
8626,Pass,0,0.6846835,2.778547,0,0.5801205
8627,Pass,0,0.9999995,0.065500125,0,0.99691296
8628,Pass,0,0.9704158,4.17124,0,0.7476787
8629,Pass,0,0.9999732,0.15084034,0,0.99218017
8630,Pass,0,0.999912,3.3762734,0,0.8142451
8631,Pass,0,0.9954406,3.1475067,0,0.82316345
8632,Pass,0,0.9996495,2.6591082,0,0.85357076
8633,Pass,0,0.99999845,4.985763,0,0.7255486
8634,Pass,0,0.99809414,0.17205004,0,0.98914826
8635,Pass,0,0.99969566,0.13817728,0,0.99260294
8636,Pass,0,0.9998882,6.120418,0,0.66289675
8637,Pass,0,0.99638236,0.3995054,0,0.97495246
8638,Pass,0,0.9999889,0.118483216,0,0.9939803
8639,Pass,0,0.965551,0.37494257,0,0.9460923
8640,Pass,0,0.999819,0.030545535,0,0.9986605
8641,Pass,0,0.9999999,0.08773447,0,0.99568707
8642,Pass,0,0.9999684,0.15555103,0,0.9919156
8643,Pass,0,0.9931665,1.8037896,0,0.89488554
8644,Pass,0,0.9999901,0.10396651,0,0.9947821
8645,Pass,0,0.93157446,1.6307805,0,0.84827745
8646,Pass,0,0.77183664,1.0022888,0,0.7295766
8647,Pass,0,0.99746007,0.20078516,0,0.986939
8648,Pass,0,0.99999106,5.6470485,0,0.6890722
8649,Pass,0,1.0,0.051040705,0,0.99771094
8650,Pass,0,0.9999478,4.6483865,0,0.744118
8651,Pass,0,0.99677986,0.17585686,0,0.98763645
8652,Pass,0,0.9998797,0.047337662,0,0.9977951
8653,Pass,0,0.9996873,0.34615406,0,0.98112786
8654,Pass,0,0.99991536,4.3725133,0,0.7593076
8655,Pass,0,0.99999726,5.221704,0,0.7125351
8656,Pass,0,0.9998969,4.794154,0,0.73604155
8657,Pass,0,0.9996942,3.236131,0,0.82179457
8658,Pass,0,0.9983456,4.9843807,0,0.72442555
8659,Pass,0,0.99962807,4.3265305,0,0.7616246
8660,Pass,0,0.9987889,0.31909493,0,0.9817367
8661,Pass,0,0.99997187,0.19819401,0,0.9895673
8662,Pass,0,0.99822265,0.04175793,0,0.9964487
8663,Pass,0,0.99997807,0.19006342,0,0.9900218
8664,Pass,0,0.99988425,0.18623249,0,0.9901402
8665,Pass,0,0.9980116,3.61713,0,0.7994402
8666,Pass,0,0.96704704,1.2314942,0,0.90187407
8667,Pass,0,0.96471393,1.507502,0,0.8850129
8668,Pass,0,0.9860881,1.748307,0,0.89152503
8669,Pass,0,0.9999989,0.1146416,0,0.99420214
8670,Pass,0,0.9999938,0.07495535,0,0.99638575
8671,Pass,0,0.997027,4.4912076,0,0.75058746
8672,Pass,0,0.9989447,7.3366594,0,0.5952636
8673,Pass,0,0.9997162,0.1691663,0,0.99091476
8674,Pass,0,0.9998042,4.1077256,0,0.7738239
8675,Pass,0,0.6846146,1.5504135,0,0.6264341
8676,Pass,0,0.3430074,2.558301,0,0.29479077
8677,Pass,0,0.99052304,0.25940147,0,0.976873
8678,Pass,0,0.89795727,1.7887743,0,0.8098416
8679,Pass,0,0.63622916,1.1630943,0,0.5957514
8680,Pass,0,0.9999155,7.5585465,0,0.5836055
8681,Pass,0,0.9998355,4.2243633,0,0.7674164
8682,Pass,0,0.9988624,3.3696966,0,0.8137527
8683,Pass,0,0.7902181,0.7240575,0,0.7590776
8684,Pass,0,0.99912184,4.2406793,0,0.7659696
8685,Pass,0,0.98566103,4.1743965,0,0.7592532
8686,Pass,0,0.9998777,5.6848283,0,0.6869106
8687,Pass,0,0.9990747,1.141692,0,0.93669146
8688,Pass,0,0.9999956,5.426009,0,0.70126605
8689,Pass,0,0.99999654,0.08360222,0,0.99591166
8690,Pass,0,0.9693234,3.8010397,0,0.7666281
8691,Pass,0,0.99997866,0.089377664,0,0.9955753
8692,Pass,0,0.9999726,6.913848,0,0.61919445
8693,Pass,0,0.9999976,0.0580405,0,0.9973225
8694,Pass,0,0.99998486,0.08985354,0,0.9955552
8695,Pass,0,0.9741513,0.4522975,0,0.9503632
8696,Pass,0,0.99999964,0.06267106,0,0.9970691
8697,Pass,0,0.9998851,3.5681503,0,0.8036419
8698,Pass,0,0.9999385,0.2391861,0,0.9872735
8699,Pass,0,0.99999726,0.09637919,0,0.99520767
8700,Pass,0,0.9998863,0.041528594,0,0.998122
8701,Pass,0,0.999979,0.17900124,0,0.99063283
8702,Pass,0,0.52539235,1.1263245,0,0.49303165
8703,Pass,0,0.7350953,1.5451359,0,0.67283875
8704,Pass,0,0.9941328,0.6563376,0,0.95866954
8705,Pass,0,0.99952865,3.24994,0,0.8208972
8706,Pass,0,0.9998846,0.36522835,0,0.9802696
8707,Pass,0,0.9999962,0.11320415,0,0.99427867
8708,Pass,0,0.99994564,0.19720967,0,0.98959553
8709,Pass,0,0.98878723,4.0420637,0,0.7688779
8710,Pass,0,0.9999893,3.68732,0,0.7971533
8711,Pass,0,0.97044206,0.7521386,0,0.9306964
8712,Pass,0,0.9996358,0.22042874,0,0.98800886
8713,Pass,0,0.99999774,0.11885442,0,0.9939686
8714,Pass,0,0.87031674,2.186064,0,0.7658435
8715,Pass,0,0.9996898,2.4004397,0,0.86786693
8716,Pass,0,0.98423356,1.3313662,0,0.912481
8717,Pass,0,0.69085246,1.3405842,0,0.6401368
8718,Pass,0,0.98785573,1.7161582,0,0.8948747
8719,Pass,0,0.9999436,4.2086773,0,0.7683645
8720,Pass,0,0.99998,0.10198568,0,0.9948813
8721,Pass,0,0.99999666,0.1166011,0,0.9940918
8722,Pass,0,0.98558307,4.8885913,0,0.72037154
8723,Pass,0,0.99999917,7.0777187,0,0.61017305
8724,Pass,0,0.99999416,0.100680545,0,0.99496734
8725,Pass,0,0.9996942,4.668496,0,0.7428205
8726,Pass,0,0.999962,2.8088176,0,0.84558105
8727,Pass,0,0.9999728,3.992625,0,0.78030235
8728,Pass,0,0.999964,0.19660582,0,0.98964703
8729,Pass,0,0.99989915,0.10923803,0,0.9944009
8730,Pass,0,0.99998665,0.14265642,0,0.9926449
8731,Pass,0,0.9999453,0.1390947,0,0.99280024
8732,Pass,0,0.9351868,1.3924876,0,0.8638574
8733,Pass,0,0.66506696,1.3689144,0,0.61520505
8734,Pass,0,0.41768798,1.1836144,0,0.3906414
8735,Pass,0,0.98110056,3.773511,0,0.77743214
8736,Pass,0,0.9999672,0.047262322,0,0.9978866
8737,Pass,0,0.99897766,4.612422,0,0.74537754
8738,Pass,0,0.9998227,0.25309628,0,0.98639214
8739,Pass,0,0.9998455,0.060231943,0,0.9970499
8740,Pass,0,0.99999464,0.05414774,0,0.9975342
8741,Pass,0,0.99974066,0.20470385,0,0.9889795
8742,Pass,0,0.9991272,3.2555342,0,0.8202592
8743,Pass,0,0.9999895,0.1078495,0,0.99456733
8744,Pass,0,0.99922585,5.52094,0,0.6954947
8745,Pass,0,0.99041146,1.1197399,0,0.9297683
8746,Pass,0,0.99998045,0.19429153,0,0.989791
8747,Pass,0,0.9996947,5.254813,0,0.71049404
8748,Pass,0,0.9965192,1.0424864,0,0.9397479
8749,Pass,0,0.9972627,0.14844362,0,0.98962265
8750,Pass,0,0.9999937,0.13197663,0,0.9932409
8751,Pass,0,0.99733764,0.08614911,0,0.99312353
8752,Pass,0,0.999511,3.5880275,0,0.80224556
8753,Pass,0,0.99999774,0.035061788,0,0.99858993
8754,Pass,0,0.56625235,1.5726999,0,0.5174346
8755,Pass,0,0.9999981,0.08517937,0,0.9958262
8756,Pass,0,0.9999989,0.12966882,0,0.99337333
8757,Pass,0,0.9693366,0.1653338,0,0.9610075
8758,Pass,0,0.99998915,0.08130948,0,0.99603075
8759,Pass,0,0.99032986,3.2870004,0,0.81131816
8760,Pass,0,0.8719759,1.52251,0,0.7992148
8761,Pass,0,0.99999654,0.07492211,0,0.99639034
8762,Pass,0,0.99860007,4.2575197,0,0.7646421
8763,Pass,0,0.99889565,5.4020057,0,0.7018171
8764,Pass,0,0.99998546,0.08459903,0,0.9958456
8765,Pass,0,0.9971635,1.5502514,0,0.9124306
8766,Pass,0,0.9903364,2.5648372,0,0.8507677
8767,Pass,0,0.6975159,1.6893507,0,0.63289416
8768,Pass,0,0.9998179,0.2158539,0,0.9884411
8769,Pass,0,0.99999464,0.15578842,0,0.9919285
8770,Pass,0,0.9826654,0.21033347,0,0.971783
8771,Pass,0,0.99983966,2.2173843,0,0.87809134
8772,Pass,0,0.97885615,3.939286,0,0.7667041
8773,Pass,0,0.99599516,3.0177968,0,0.8307472
8774,Pass,0,0.96553224,2.7173426,0,0.821338
8775,Pass,0,0.99663526,3.0533133,0,0.82932884
8776,Pass,0,0.99277264,4.280031,0,0.7589474
8777,Pass,0,0.99999917,0.035841372,0,0.9985484
8778,Pass,0,0.99997973,0.13895115,0,0.9928423
8779,Pass,0,0.99795246,5.762003,0,0.6813404
8780,Pass,0,0.34666416,2.2305794,0,0.30419934
8781,Pass,0,0.97337306,2.0673103,0,0.862904
8782,Pass,0,0.9766465,1.7976185,0,0.8803327
8783,Pass,0,0.9999192,5.5444217,0,0.6946823
8784,Pass,0,0.99999905,0.2049637,0,0.9892208
8785,Pass,0,0.99999213,0.10975156,0,0.99446505
8786,Pass,0,0.9971119,2.645684,0,0.8521423
8787,Pass,0,0.99874216,0.36018535,0,0.9794274
8788,Pass,0,0.89702433,2.62122,0,0.76781666
8789,Pass,0,0.9999809,0.10739964,0,0.99458367
8790,Pass,0,0.99108595,2.6409547,0,0.8472509
8791,Pass,0,0.9999708,0.14551614,0,0.9924714
8792,Pass,0,0.9924932,3.6592631,0,0.79271346
8793,Pass,0,0.49356425,1.9839587,0,0.43981808
8794,Pass,0,0.9989563,2.1354215,0,0.8818312
8795,Pass,0,0.9999263,0.064818524,0,0.9968776
8796,Pass,0,0.9999374,0.21693073,0,0.9884998
8797,Pass,0,0.9986993,2.1051223,0,0.88327324
8798,Pass,0,0.77979493,1.2087088,0,0.7282216
8799,Pass,0,0.9990928,0.25757977,0,0.98542506
8800,Pass,0,0.99999845,3.8725677,0,0.7869438
8801,Pass,0,0.9999393,5.10947,0,0.71868336
8802,Pass,0,0.9999665,0.22690469,0,0.9879785
8803,Pass,0,0.93555355,1.2458389,0,0.87176293
8804,Pass,0,0.99999166,0.023759073,0,0.9992072
8805,Pass,0,0.2846399,1.9605664,0,0.25401157
8806,Pass,0,0.9926965,3.1119792,0,0.8228394
8807,Pass,0,0.99998343,0.14138374,0,0.99271184
8808,Pass,0,0.919061,1.0789196,0,0.86485577
8809,Pass,0,0.9989549,0.3618041,0,0.97954684
8810,Pass,0,0.9996094,7.7867403,0,0.57084644
8811,Pass,0,0.91273236,1.6576118,0,0.82976943
8812,Pass,0,0.75600827,0.5592075,0,0.7330894
8813,Pass,0,0.76848876,1.0074323,0,0.726194
8814,Pass,0,0.99993134,0.14071907,0,0.99269676
8815,Pass,0,0.99802065,2.9229362,0,0.83765805
8816,Pass,0,0.9999393,0.0883902,0,0.99559057
8817,Pass,0,0.9999708,0.080895886,0,0.9960353
8818,Pass,0,0.9998561,0.26416254,0,0.9858149
8819,Pass,0,0.999246,0.17203908,0,0.99029034
8820,Pass,0,0.99958354,0.17470291,0,0.99047804
8821,Pass,0,0.38914415,2.3840153,0,0.33818263
8822,Pass,0,0.9999335,4.2807813,0,0.7643803
8823,Pass,0,0.99211276,0.47383475,0,0.9667076
8824,Pass,0,0.35691327,1.1280601,0,0.3348956
8825,Pass,0,0.60317427,1.3916869,0,0.55719507
8826,Pass,0,0.99994767,0.1640239,0,0.9914277
8827,Pass,0,0.8238995,2.9628472,0,0.68970126
8828,Pass,0,0.99956137,0.051324558,0,0.99725765
8829,Pass,0,0.99901056,4.703923,0,0.7403606
8830,Pass,0,0.9932406,2.6956053,0,0.84609914
8831,Pass,0,0.9999795,0.101386674,0,0.9949139
8832,Pass,0,0.8508832,1.14498,0,0.7975989
8833,Pass,0,0.72077286,1.9210023,0,0.6447877
8834,Pass,0,0.99999964,0.109699875,0,0.99447536
8835,Pass,0,0.9997545,2.9635599,0,0.83687335
8836,Pass,0,0.9999988,0.07867115,0,0.99618584
8837,Pass,0,0.9999844,0.06551586,0,0.99689704
8838,Pass,0,0.6075636,0.848901,0,0.57943773
8839,Pass,0,0.9992465,4.402989,0,0.75712013
8840,Pass,0,0.94820476,1.7417974,0,0.85761505
8841,Pass,0,0.99916565,0.057798833,0,0.99650604
8842,Pass,0,0.9999962,0.32017276,0,0.9828639
8843,Pass,0,0.9995826,0.14634362,0,0.9920405
8844,Pass,0,0.9999995,0.09628181,0,0.9952153
8845,Pass,0,0.99961674,0.31742263,0,0.9826426
8846,Pass,0,0.98836553,2.1358306,0,0.8724599
8847,Pass,0,0.9545545,1.9801774,0,0.8508084
8848,Pass,0,0.99995947,0.27911517,0,0.98509216
8849,Pass,0,0.99965274,0.15901253,0,0.9914116
8850,Pass,0,0.8609263,1.7254286,0,0.7794522
8851,Pass,0,0.9992865,3.9584417,0,0.7816507
8852,Pass,0,0.99996424,0.1540682,0,0.99199325
8853,Pass,0,0.99985385,3.0304363,0,0.8332687
8854,Pass,0,0.99970526,4.3131375,0,0.7624218
8855,Pass,0,0.9999924,0.11863824,0,0.9939752
8856,Pass,0,0.99778926,0.4103325,0,0.9757333
8857,Pass,0,0.9998248,4.0327234,0,0.77797574
8858,Pass,0,0.99899465,2.4833982,0,0.86269265
8859,Pass,0,0.9998486,0.11632922,0,0.9939596
8860,Pass,0,0.99937797,4.722535,0,0.73960704
8861,Pass,0,0.9999856,0.09195704,0,0.99543995
8862,Pass,0,0.7257501,1.6933018,0,0.6583544
8863,Pass,0,0.99999297,0.2508024,0,0.9866867
8864,Pass,0,0.9401194,2.092111,0,0.8321385
8865,Pass,0,0.9735318,3.031357,0,0.8112827
8866,Pass,0,0.99911326,0.24690951,0,0.9860332
8867,Pass,0,0.9995658,6.436401,0,0.64526343
8868,Pass,0,0.9643375,4.009754,0,0.7515843
8869,Pass,0,0.63897926,0.9287988,0,0.60658336
8870,Pass,0,0.99999785,0.19314307,0,0.9898715
8871,Pass,0,0.9999223,0.20722681,0,0.98902
8872,Pass,0,0.5447503,1.7128716,0,0.4935749
8873,Pass,0,0.999969,0.12825584,0,0.9934215
8874,Pass,0,0.9979888,0.47453308,0,0.97239476
8875,Pass,0,0.99999857,0.09115014,0,0.99549735
8876,Pass,0,0.99959,0.17583115,0,0.9904222
8877,Pass,0,0.9999633,0.56857455,0,0.9691322
8878,Pass,0,0.9999393,0.05285717,0,0.9975502
8879,Pass,0,0.98893714,8.415933,0,0.53043425
8880,Pass,0,0.9999982,0.12482368,0,0.9936398
8881,Pass,0,0.99995947,0.19147424,0,0.98992556
8882,Pass,0,0.9999999,0.026184445,0,0.9990817
8883,Pass,0,0.9999354,4.2296724,0,0.7672003
8884,Pass,0,0.9999273,0.061958198,0,0.99703634
8885,Pass,0,0.98950607,3.2269435,0,0.8139208
8886,Pass,0,0.57683486,0.85591394,0,0.5499084
8887,Pass,0,0.999961,3.5921948,0,0.8023769
8888,Pass,0,0.9778813,2.262654,0,0.85636526
8889,Pass,0,0.99999845,0.086672716,0,0.99574417
8890,Pass,0,0.9916276,3.3917344,0,0.8066534
8891,Pass,0,0.99999976,0.09898746,0,0.99506634
8892,Pass,0,0.9999101,0.18578143,0,0.9901907
8893,Pass,0,0.99996996,3.9101875,0,0.78484654
8894,Pass,0,0.97872317,1.4738004,0,0.89968395
8895,Pass,0,0.97271776,0.4027725,0,0.9516216
8896,Pass,0,0.9996841,3.8430312,0,0.7883249
8897,Pass,0,0.9998679,0.081665285,0,0.9958904
8898,Pass,0,0.99972075,5.30575,0,0.707704
8899,Pass,0,0.98723,1.8265661,0,0.88829637
8900,Pass,0,0.9999908,0.048710875,0,0.9978303
8901,Pass,0,0.64462054,1.439786,0,0.5937719
8902,Pass,0,0.99991846,0.13363345,0,0.9930748
8903,Pass,0,0.8790087,2.087292,0,0.7782805
8904,Pass,0,1.0,0.078105524,0,0.99621826
8905,Pass,0,0.99997795,3.567645,0,0.8037445
8906,Pass,0,0.72414935,1.0948484,0,0.68080366
8907,Pass,0,0.99999774,0.04610677,0,0.9979808
8908,Pass,0,0.99999917,0.10796075,0,0.99457085
8909,Pass,0,0.974643,2.7268407,0,0.8285776
8910,Pass,0,0.99948287,6.7168646,0,0.6297497
8911,Pass,0,0.9980877,3.0857575,0,0.8287515
8912,Pass,0,0.9987509,0.23653603,0,0.986247
8913,Pass,0,0.9975737,3.5810993,0,0.8010717
8914,Pass,0,0.66652673,2.3841844,0,0.5792335
8915,Pass,0,0.9999943,0.119196445,0,0.9939463
8916,Pass,0,0.9999809,0.23390387,0,0.98760676
8917,Pass,0,0.9700823,2.272929,0,0.8489857
8918,Pass,0,0.99895704,2.259905,0,0.87497354
8919,Pass,0,0.9999943,0.08580913,0,0.9957876
8920,Pass,0,0.99977773,2.0464454,0,0.8874625
8921,Pass,0,0.99997675,0.009816897,0,0.99996126
8922,Pass,0,0.9930021,9.747788,0,0.45967373
8923,Pass,0,0.99999356,0.05110248,0,0.9977011
8924,Pass,0,0.9977428,0.2313358,0,0.9855376
8925,Pass,0,0.99927455,0.47218502,0,0.97377694
8926,Pass,0,0.97398776,1.7141658,0,0.88241905
8927,Pass,0,0.9001328,0.15443423,0,0.89293945
8928,Pass,0,0.999785,3.5947716,0,0.80209357
8929,Pass,0,0.9998982,0.23115194,0,0.9876768
8930,Pass,0,0.99999666,0.16011141,0,0.99169207
8931,Pass,0,0.8235004,2.790743,0,0.6971837
8932,Pass,0,0.99997354,5.138547,0,0.71710443
8933,Pass,0,0.9973028,0.13797672,0,0.99023813
8934,Pass,0,0.9999783,0.1423454,0,0.9926537
8935,Pass,0,0.9999871,3.799934,0,0.7909407
8936,Pass,0,0.9990681,4.393975,0,0.7574817
8937,Pass,0,0.9999498,0.05634555,0,0.9973683
8938,Pass,0,0.982444,2.4239209,0,0.85162294
8939,Pass,0,0.99520504,0.30768898,0,0.9788401
8940,Pass,0,0.9763317,2.7091177,0,0.83096755
8941,Pass,0,0.5538459,2.2861567,0,0.48430455
8942,Pass,0,0.9998708,0.13613644,0,0.99288934
8943,Pass,0,0.99989593,0.25436613,0,0.9863944
8944,Pass,0,0.999634,0.18085267,0,0.99018896
8945,Pass,0,0.6861148,0.92653835,0,0.6514147
8946,Pass,0,0.98834735,1.7520778,0,0.89336205
8947,Pass,0,0.3857036,1.2875247,0,0.35851768
8948,Pass,0,0.93386775,1.9077969,0,0.83609796
8949,Pass,0,0.974952,1.680987,0,0.8850767
8950,Pass,0,0.9950118,0.2900436,0,0.9796184
8951,Pass,0,0.6400596,1.2930187,0,0.59475166
8952,Pass,0,0.8518214,1.7146174,0,0.7717169
8953,Pass,0,0.9999876,5.421258,0,0.70152247
8954,Pass,0,0.90834856,1.1068678,0,0.85337496
8955,Pass,0,0.999997,0.14650546,0,0.99244285
8956,Pass,0,0.9999558,0.07628162,0,0.99627477
8957,Pass,0,0.82720387,1.6265581,0,0.7534318
8958,Pass,0,0.9666,2.754866,0,0.820246
8959,Pass,0,0.9577609,2.5990272,0,0.820977
8960,Pass,0,0.999874,0.09522199,0,0.99514884
8961,Pass,0,0.99986184,0.08983844,0,0.99543357
8962,Pass,0,0.99340445,4.9781337,0,0.72118235
8963,Pass,0,0.99997175,0.097421385,0,0.9951248
8964,Pass,0,0.97182816,0.14844258,0,0.964383
8965,Pass,0,0.9999982,0.050539035,0,0.9977368
8966,Pass,0,0.9631312,0.79886657,0,0.92120284
8967,Pass,0,0.9999989,0.10595164,0,0.9946814
8968,Pass,0,0.9999951,0.03407502,0,0.9986417
8969,Pass,0,0.99743503,2.0809126,0,0.8834869
8970,Pass,0,0.9999602,0.106616914,0,0.9946062
8971,Pass,0,0.9996062,4.9871664,0,0.72518665
8972,Pass,0,0.9998703,0.21008117,0,0.9888112
8973,Pass,0,0.9999999,0.048949003,0,0.99782616
8974,Pass,0,0.66924185,1.2207605,0,0.6245353
8975,Pass,0,0.99981254,0.21516936,0,0.98847353
8976,Pass,0,0.99996996,0.21553099,0,0.98860925
8977,Pass,0,0.99861753,0.15477523,0,0.99061835
8978,Pass,0,0.65311116,2.1755953,0,0.5750885
8979,Pass,0,0.99996984,0.24571861,0,0.98694426
8980,Pass,0,0.99997246,0.116965115,0,0.9940477
8981,Pass,0,0.99916637,0.37157977,0,0.97921544
8982,Pass,0,0.99996316,0.2114152,0,0.9888295
8983,Pass,0,0.9677518,1.2391222,0,0.9021242
8984,Pass,0,0.99999404,0.113733344,0,0.9942474
8985,Pass,0,0.9994678,0.02401851,0,0.99866945
8986,Pass,0,0.99975973,2.6149957,0,0.8560972
8987,Pass,0,0.9999937,0.08516527,0,0.99582255
8988,Pass,0,0.99963474,0.2321943,0,0.9873591
8989,Pass,0,0.6619063,1.0126464,0,0.6252871
8990,Pass,0,0.9923314,3.6386483,0,0.79371244
8991,Pass,0,0.9971566,2.269408,0,0.87287396
8992,Pass,0,0.9307215,1.6201159,0,0.8480482
8993,Pass,0,0.99998903,0.059807833,0,0.9972165
8994,Pass,0,0.9999665,8.576307,0,0.5275054
8995,Pass,0,0.9746493,2.5378559,0,0.83874166
8996,Pass,0,0.9997292,0.17047365,0,0.9908555
8997,Pass,0,0.99997663,0.0576455,0,0.99732333
8998,Pass,0,0.9999275,2.8792217,0,0.84166926
8999,Pass,0,0.999788,6.767556,0,0.6271468
9000,Pass,0,0.99727875,4.3024683,0,0.76115805
9001,Pass,0,0.9736736,3.556119,0,0.78322095
9002,Pass,0,0.9999958,0.07596417,0,0.99633217
9003,Pass,0,0.9998965,0.089144446,0,0.9955064
9004,Pass,0,0.8234262,3.149156,0,0.680844
9005,Pass,0,0.42233965,0.9052798,0,0.4014751
9006,Pass,0,0.4854636,1.290271,0,0.45117265
9007,Pass,0,0.9999702,5.0932746,0,0.71959877
9008,Pass,0,0.99995995,0.13255028,0,0.99317575
9009,Pass,0,1.0,0.12587826,0,0.99358344
9010,Pass,0,0.99652344,2.9059896,0,0.8373328
9011,Pass,0,0.9715745,0.25290933,0,0.9585334
9012,Pass,0,0.9999943,4.799867,0,0.73579806
9013,Pass,0,0.9999825,0.030769184,0,0.9988114
9014,Pass,0,0.9999809,0.18708347,0,0.99018896
9015,Pass,0,0.98796785,3.8840406,0,0.7768512
9016,Pass,0,0.9999995,0.073579215,0,0.9964674
9017,Pass,0,0.99961436,4.715909,0,0.74014723
9018,Pass,0,0.99982846,0.23061667,0,0.98763746
9019,Pass,0,0.99989665,2.8866978,0,0.841231
9020,Pass,0,0.99999845,0.09163326,0,0.9954706
9021,Pass,0,0.9999633,5.542454,0,0.6948215
9022,Pass,0,0.9999931,4.8873734,0,0.7309711
9023,Pass,0,0.49524948,1.1201446,0,0.46491417
9024,Pass,0,0.99188167,0.30638194,0,0.97564286
9025,Pass,0,0.9995327,4.480193,0,0.753081
9026,Pass,0,0.9999641,0.3406936,0,0.98170066
9027,Pass,0,0.979894,0.6337367,0,0.9461601
9028,Pass,0,0.995497,6.098595,0,0.6611838
9029,Pass,0,0.9999244,0.094941,0,0.9952145
9030,Pass,0,0.99929,3.897371,0,0.7850193
9031,Pass,0,0.8684773,1.9359671,0,0.7762041
9032,Pass,0,0.9999268,0.13130595,0,0.9932114
9033,Pass,0,0.65914154,2.7299457,0,0.56024605
9034,Pass,0,0.99995744,0.06237049,0,0.9970436
9035,Pass,0,0.9984492,0.0639036,0,0.9954554
9036,Pass,0,0.9976801,4.58547,0,0.7458924
9037,Pass,0,0.9974546,4.7954144,0,0.7341743
9038,Pass,0,0.999605,0.18609954,0,0.989871
9039,Pass,0,0.98803127,3.398443,0,0.8033623
9040,Pass,0,0.9999993,0.045382287,0,0.99802226
9041,Pass,0,0.9998354,0.15136196,0,0.99201465
9042,Pass,0,0.99999416,0.10484001,0,0.994738
9043,Pass,0,0.9633212,2.3102973,0,0.8410832
9044,Pass,0,0.9999957,0.09831208,0,0.9950995
9045,Pass,0,0.99999344,0.052070707,0,0.9976476
9046,Pass,0,0.9999411,2.3828578,0,0.8690547
9047,Pass,0,0.99999344,3.840037,0,0.78873396
9048,Pass,0,0.9999881,6.190436,0,0.6591014
9049,Pass,0,0.99991894,0.35097322,0,0.9810895
9050,Pass,0,0.9999924,0.06928708,0,0.99669695
9051,Pass,0,0.9991586,0.3372205,0,0.9811013
9052,Pass,0,0.9990588,0.2124201,0,0.9878798
9053,Pass,0,0.99999213,4.980189,0,0.7258514
9054,Pass,0,0.73132575,2.1488879,0,0.6450365
9055,Pass,0,0.9958532,1.2273918,0,0.9289642
9056,Pass,0,0.9999249,4.8116374,0,0.735098
9057,Pass,0,0.997532,0.048432183,0,0.9953921
9058,Pass,0,0.9968712,0.2685861,0,0.9826287
9059,Pass,0,0.9999956,0.07903136,0,0.9961628
9060,Pass,0,0.9999993,0.08181106,0,0.99601316
9061,Pass,0,0.99996495,0.17463407,0,0.99085975
9062,Pass,0,0.99856323,4.5572124,0,0.7481089
9063,Pass,0,0.9990489,3.1184087,0,0.82775056
9064,Pass,0,0.99999607,0.06783737,0,0.99678063
9065,Pass,0,0.99954873,3.2461061,0,0.82112503
9066,Pass,0,0.99997294,2.711792,0,0.8509414
9067,Pass,0,0.99999213,0.100942284,0,0.99495095
9068,Pass,0,0.5268517,1.5655917,0,0.4816373
9069,Pass,0,0.98166776,2.804279,0,0.830357
9070,Pass,0,0.9999925,0.14536509,0,0.99250126
9071,Pass,0,0.9992052,0.2514913,0,0.9858714
9072,Pass,0,0.9999908,0.20364267,0,0.9892855
9073,Pass,0,0.7658326,2.4747112,0,0.66170996
9074,Pass,0,0.9999949,7.6178174,0,0.58038294
9075,Pass,0,0.99898905,0.18315172,0,0.9894234
9076,Pass,0,0.99997556,6.8365626,0,0.6234587
9077,Pass,0,0.99846673,5.6816006,0,0.6861191
9078,Pass,0,0.9899273,2.2802076,0,0.865956
9079,Pass,0,0.99999976,7.1621513,0,0.60551685
9080,Pass,0,0.9999293,0.10324145,0,0.9947616
9081,Pass,0,0.9999912,0.06479807,0,0.99694335
9082,Pass,0,0.90519416,2.2005987,0,0.7958086
9083,Pass,0,0.99999595,0.110936135,0,0.9944035
9084,Pass,0,0.48496643,2.0261102,0,0.43102908
9085,Pass,0,0.99999714,0.11834021,0,0.9939963
9086,Pass,0,0.99977416,0.13531776,0,0.99283856
9087,Pass,0,0.9997633,0.15686926,0,0.99163944
9088,Pass,0,0.9060985,0.6420763,0,0.87448835
9089,Pass,0,0.9998344,3.309996,0,0.8178367
9090,Pass,0,1.0,0.05453743,0,0.99751806
9091,Pass,0,0.99783677,4.82355,0,0.73290724
9092,Pass,0,0.999933,4.0180173,0,0.77887094
9093,Pass,0,0.99791306,4.0644917,0,0.77473974
9094,Pass,0,0.9996493,3.343974,0,0.81581193
9095,Pass,0,0.9997321,7.387776,0,0.59291434
9096,Pass,0,0.9993181,2.3769438,0,0.86883926
9097,Pass,0,0.9742886,0.2729087,0,0.9601365
9098,Pass,0,0.38007286,1.1993496,0,0.35513213
9099,Pass,0,0.98200315,2.8050826,0,0.83059716
9100,Pass,0,0.9755652,1.2483113,0,0.9089133
9101,Pass,0,0.9985348,2.7519453,0,0.8475063
9102,Pass,0,0.9998671,6.313969,0,0.65220946
9103,Pass,0,0.9996253,5.186022,0,0.71423733
9104,Pass,0,0.9961832,0.20243286,0,0.9855851
9105,Pass,0,0.9995894,1.8437619,0,0.8984692
9106,Pass,0,0.9995684,0.10923464,0,0.9940722
9107,Pass,0,0.9997565,0.3099054,0,0.98319453
9108,Pass,0,0.9983607,1.7821462,0,0.9007575
9109,Pass,0,0.9996711,0.3337924,0,0.9817935
9110,Pass,0,0.999997,3.8719442,0,0.78697705
9111,Pass,0,0.9999999,0.038236808,0,0.99841696
9112,Pass,0,0.99857867,0.45926452,0,0.9738104
9113,Pass,0,1.0,0.07242057,0,0.9965318
9114,Pass,0,0.72399807,1.0332005,0,0.683123
9115,Pass,0,0.9999815,0.26514482,0,0.98588437
9116,Pass,0,0.9995653,2.392215,0,0.8682122
9117,Pass,0,0.9996402,5.0683146,0,0.72073746
9118,Pass,0,0.99998343,0.09371758,0,0.9953407
9119,Pass,0,0.9998373,0.13877824,0,0.9927104
9120,Pass,0,0.9998845,0.11776251,0,0.9939163
9121,Pass,0,0.88844264,5.673602,0,0.61090547
9122,Pass,0,0.99962497,0.10488012,0,0.9943685
9123,Pass,0,0.9668855,0.9689967,0,0.9157214
9124,Pass,0,0.99924517,2.6896489,0,0.8515424
9125,Pass,0,0.999987,0.11415114,0,0.99421734
9126,Pass,0,0.9999236,2.8677416,0,0.8422991
9127,Pass,0,0.9839642,1.6285001,0,0.8961065
9128,Pass,0,0.9996892,6.484816,0,0.64267373
9129,Pass,0,0.99973637,3.2614276,0,0.8204344
9130,Pass,0,0.9998573,0.1721472,0,0.9908902
9131,Pass,0,0.9995005,2.2465792,0,0.8761841
9132,Pass,0,0.9965677,0.3016958,0,0.98050976
9133,Pass,0,0.9999944,8.397727,0,0.5373691
9134,Pass,0,0.9993061,0.46052212,0,0.97445047
9135,Pass,0,0.99992216,0.13104822,0,0.99322104
9136,Pass,0,0.99996936,0.13282266,0,0.99317
9137,Pass,0,0.9998989,0.11513286,0,0.9940756
9138,Pass,0,0.99979466,0.1428366,0,0.99244434
9139,Pass,0,0.9983858,0.14602491,0,0.9908703
9140,Pass,0,0.9998441,0.20735149,0,0.9889358
9141,Pass,0,0.9092039,3.001705,0,0.75916255
9142,Pass,0,0.9999938,4.872026,0,0.7318181
9143,Pass,0,0.520086,2.1811311,0,0.4577961
9144,Pass,0,0.99968517,0.044534635,0,0.9977555
9145,Pass,0,0.999961,0.19083685,0,0.9899623
9146,Pass,0,0.9985703,4.0444355,0,0.7763546
9147,Pass,0,0.9996557,3.5916207,0,0.8021636
9148,Pass,0,0.9999883,0.10348153,0,0.99480706
9149,Pass,0,0.73039854,1.0509037,0,0.68844897
9150,Pass,0,0.99999785,0.061797317,0,0.99711555
9151,Pass,0,0.9996754,5.4162073,0,0.70158195
9152,Pass,0,0.9997814,0.34330383,0,0.9813774
9153,Pass,0,0.99999607,0.13840643,0,0.99288857
9154,Pass,0,0.9978155,2.1029887,0,0.88260907
9155,Pass,0,0.83836114,0.7148546,0,0.805749
9156,Pass,0,0.85776186,0.6742467,0,0.82631606
9157,Pass,0,0.99996734,0.11105354,0,0.9943686
9158,Pass,0,0.9999317,2.232944,0,0.8773141
9159,Pass,0,0.9991166,2.2666335,0,0.8747425
9160,Pass,0,0.36313435,2.7044363,0,0.30916172
9161,Pass,0,0.9988028,0.2512906,0,0.98548543
9162,Pass,0,0.99583375,5.383004,0,0.70070946
9163,Pass,0,0.9998791,0.20096417,0,0.98932266
9164,Pass,0,0.9998807,0.071282506,0,0.99647564
9165,Pass,0,0.99743843,3.8125994,0,0.7882281
9166,Pass,0,0.9999888,7.381618,0,0.5934062
9167,Pass,0,0.9999988,0.07324072,0,0.99648535
9168,Pass,0,0.99883014,0.32360837,0,0.9815286
9169,Pass,0,0.98924494,1.4711603,0,0.90950006
9170,Pass,0,0.9259178,1.0929762,0,0.8705903
9171,Pass,0,0.9998745,0.29903916,0,0.9839097
9172,Pass,0,0.91231513,0.9114311,0,0.86693513
9173,Pass,0,0.99898773,0.09166108,0,0.99446297
9174,Pass,0,0.999998,2.7286801,0,0.85003126
9175,Pass,0,0.9998634,0.26134998,0,0.9859772
9176,Pass,0,0.9999877,0.054620307,0,0.9975013
9177,Pass,0,0.99995995,0.019944957,0,0.9993859
9178,Pass,0,0.99936706,2.5303898,0,0.8604242
9179,Pass,0,0.76250213,1.1802584,0,0.71326894
9180,Pass,0,0.9994499,2.3699033,0,0.86934185
9181,Pass,0,0.9991762,0.14951995,0,0.9914622
9182,Pass,0,0.99979275,0.21927002,0,0.98822784
9183,Pass,0,0.9999846,7.77761,0,0.57156426
9184,Pass,0,0.99992085,0.013026508,0,0.9997283
9185,Pass,0,0.99785715,4.2928295,0,0.76213
9186,Pass,0,0.9998468,0.14404482,0,0.9924295
9187,Pass,0,0.9522587,0.54701066,0,0.92403096
9188,Pass,0,0.69811106,1.0393752,0,0.6584598
9189,Pass,0,0.80060875,2.1517525,0,0.7060184
9190,Pass,0,0.99983156,0.30590054,0,0.98348916
9191,Pass,0,0.99988985,2.9199371,0,0.8393923
9192,Pass,0,0.99990475,0.08878174,0,0.9955346
9193,Pass,0,0.99538785,4.4270926,0,0.75287324
9194,Pass,0,0.97632957,3.161054,0,0.8066304
9195,Pass,0,0.9972963,0.25530735,0,0.98377806
9196,Pass,0,0.9999957,0.12284082,0,0.9937467
9197,Pass,0,0.8923361,1.3661076,0,0.82557327
9198,Pass,0,0.9998865,4.614416,0,0.74594575
9199,Pass,0,0.988761,0.4484353,0,0.96482676
9200,Pass,0,0.9457594,1.6831492,0,0.85846245
9201,Pass,0,0.99998546,11.94957,0,0.34147492
9202,Pass,0,0.99494606,4.2679358,0,0.7612726
9203,Pass,0,0.99998164,0.079475954,0,0.9961244
9204,Pass,0,0.99877685,4.0679913,0,0.77521753
9205,Pass,0,0.99988437,6.0411367,0,0.6672663
9206,Pass,0,0.9999571,7.4343433,0,0.5904797
9207,Pass,0,0.9834035,0.6450282,0,0.94893634
9208,Pass,0,0.89515334,2.801527,0,0.75731343
9209,Pass,0,0.9999354,4.9150763,0,0.7294012
9210,Pass,0,0.99290234,1.8841467,0,0.8902471
9211,Pass,0,0.9998963,7.567186,0,0.5831179
9212,Pass,0,0.99995863,5.7082825,0,0.68567276
9213,Pass,0,0.6279945,4.6023664,0,0.4689203
9214,Pass,0,0.99877375,0.17818758,0,0.98948365
9215,Pass,0,0.99991846,0.026287472,0,0.99899465
9216,Pass,0,0.5330647,0.67573494,0,0.51347864
9217,Pass,0,0.9993073,8.056679,0,0.55579644
9218,Pass,0,0.9997414,2.909059,0,0.8398674
9219,Pass,0,0.9999341,0.22064856,0,0.9882915
9220,Pass,0,0.99996614,3.6852593,0,0.7972485
9221,Pass,0,0.99998057,0.17195867,0,0.99102277
9222,Pass,0,0.9992949,0.06624729,0,0.9961693
9223,Pass,0,0.9922776,2.9582245,0,0.8309066
9224,Pass,0,0.99997044,0.09527718,0,0.99524176
9225,Pass,0,0.99758255,4.275937,0,0.7628496
9226,Pass,0,0.86419904,0.83943975,0,0.82464373
9227,Pass,0,0.57743347,1.9168272,0,0.5166924
9228,Pass,0,0.9998771,2.8065124,0,0.8456364
9229,Pass,0,0.99917823,5.038465,0,0.7220493
9230,Pass,0,0.57582104,1.21392,0,0.53757244
9231,Pass,0,0.99233997,3.54656,0,0.79875934
9232,Pass,0,0.9626087,1.4344593,0,0.88695943
9233,Pass,0,0.49477434,1.3491231,0,0.4582198
9234,Pass,0,0.9904337,5.0542407,0,0.7148683
9235,Pass,0,0.9998092,0.16821228,0,0.99105954
9236,Pass,0,0.9999238,0.10046421,0,0.9949093
9237,Pass,0,0.9999993,0.10746196,0,0.99459845
9238,Pass,0,0.630623,1.60468,0,0.5751434
9239,Pass,0,0.9999925,0.1564118,0,0.99189204
9240,Pass,0,0.9998673,0.066489406,0,0.99672663
9241,Pass,0,0.99999833,0.15015143,0,0.99224305
9242,Pass,0,0.9986915,3.0742848,0,0.8298848
9243,Pass,0,0.99835485,0.17020774,0,0.98950803
9244,Pass,0,0.99506015,0.35988653,0,0.97583294
9245,Pass,0,0.99999595,0.1498309,0,0.9922584
9246,Pass,0,0.97061676,3.2712967,0,0.79600906
9247,Pass,0,0.98500776,0.21040544,0,0.97409546
9248,Pass,0,0.9993087,4.233039,0,0.766534
9249,Pass,0,0.9997962,3.512814,0,0.80662185
9250,Pass,0,0.9989177,0.2043491,0,0.9881849
9251,Pass,0,0.9997404,3.557548,0,0.8041102
9252,Pass,0,0.99884844,2.666634,0,0.8524721
9253,Pass,0,0.998743,0.05243568,0,0.99638
9254,Pass,0,0.92925483,5.4167542,0,0.6521321
9255,Pass,0,0.9999759,0.21338212,0,0.98873365
9256,Pass,0,0.999808,0.22262968,0,0.9880577
9257,Pass,0,0.9993994,4.712188,0,0.7401932
9258,Pass,0,0.9989183,7.965829,0,0.56058526
9259,Pass,0,0.9984799,0.6899529,0,0.9610104
9260,Pass,0,0.99992204,0.042018715,0,0.9981307
9261,Pass,0,0.9998603,9.977433,0,0.4501848
9262,Pass,0,0.9990288,1.9427295,0,0.8925123
9263,Pass,0,0.9998267,0.052610908,0,0.9974515
9264,Pass,0,0.9999913,0.20121454,0,0.98941994
9265,Pass,0,0.96935713,2.39406,0,0.84187514
9266,Pass,0,0.99946636,0.29962876,0,0.9834756
9267,Pass,0,0.9892145,0.51714176,0,0.96152085
9268,Pass,0,0.9982828,0.13356091,0,0.9914543
9269,Pass,0,0.99987125,0.35209465,0,0.9809808
9270,Pass,0,0.9970298,3.3205395,0,0.8149628
9271,Pass,0,0.99992085,0.18496747,0,0.9902462
9272,Pass,0,0.90249896,0.9655715,0,0.8549124
9273,Pass,0,0.9999974,0.0775961,0,0.9962437
9274,Pass,0,0.9989467,3.8402207,0,0.78789824
9275,Pass,0,0.9999181,0.2138268,0,0.9886519
9276,Pass,0,0.99996877,0.15460552,0,0.9919681
9277,Pass,0,0.99979407,4.5930614,0,0.7470542
9278,Pass,0,0.95329773,3.7926784,0,0.7543932
9279,Pass,0,0.99983346,4.2607856,0,0.7654064
9280,Pass,0,0.99965096,3.80161,0,0.7905825
9281,Pass,0,0.99996245,0.15951249,0,0.99169123
9282,Pass,0,0.99944526,4.8358574,0,0.7334103
9283,Pass,0,0.9998791,5.5944643,0,0.6918948
9284,Pass,0,0.99999547,0.17133445,0,0.991072
9285,Pass,0,0.99999845,0.14152879,0,0.99271876
9286,Pass,0,0.64838976,2.9697888,0,0.5425306
9287,Pass,0,0.4310298,1.3924463,0,0.39815488
9288,Pass,0,0.9996402,0.13479248,0,0.99273455
9289,Pass,0,0.99799085,0.15954866,0,0.98973393
9290,Pass,0,0.9482966,1.5872822,0,0.86577934
9291,Pass,0,0.9989047,6.7464867,0,0.6277535
9292,Pass,0,0.7802712,2.1600907,0,0.68772477
9293,Pass,0,0.9997534,2.3982947,0,0.86804044
9294,Pass,0,0.9740966,2.5216005,0,0.8391393
9295,Pass,0,0.99999344,0.104909375,0,0.99473345
9296,Pass,0,0.665828,1.219522,0,0.621395
9297,Pass,0,0.9978514,3.3294423,0,0.81514436
9298,Pass,0,0.9997422,0.18787135,0,0.9899092
9299,Pass,0,0.9999176,0.08258333,0,0.99588925
9300,Pass,0,0.9999844,0.053472582,0,0.9975613
9301,Pass,0,0.9715476,1.3020372,0,0.9022914
9302,Pass,0,0.9989827,4.1551137,0,0.77057725
9303,Pass,0,0.9592743,1.1724653,0,0.8977482
9304,Pass,0,0.9997241,0.07085733,0,0.996343
9305,Pass,0,0.99999464,0.081804305,0,0.9960089
9306,Pass,0,0.8465793,0.62659544,0,0.81776834
9307,Pass,0,0.99406344,0.020854767,0,0.9934429
9308,Pass,0,0.9999969,0.13374913,0,0.99314624
9309,Pass,0,0.7402106,3.1512191,0,0.61195356
9310,Pass,0,0.99999857,13.323517,0,0.26570317
9311,Pass,0,0.99944633,3.654358,0,0.7985374
9312,Pass,0,0.9999962,0.061552152,0,0.99712735
9313,Pass,0,0.574279,1.7374084,0,0.51955247
9314,Pass,0,0.9999895,0.15343663,0,0.99205315
9315,Pass,0,0.999915,0.13908236,0,0.99277085
9316,Pass,0,0.98622316,0.43062615,0,0.96331906
9317,Pass,0,0.99951184,3.970868,0,0.78114194
9318,Pass,0,0.9998447,4.22826,0,0.7672086
9319,Pass,0,0.9999715,0.34356686,0,0.9815495
9320,Pass,0,0.56084776,2.9366791,0,0.4703053
9321,Pass,0,0.9999732,0.15103105,0,0.9921696
9322,Pass,0,0.99977845,5.2186675,0,0.71254665
9323,Pass,0,0.704547,0.98853153,0,0.6665058
9324,Pass,0,0.90156347,0.2926235,0,0.8874875
9325,Pass,0,0.9999999,0.047904566,0,0.9978838
9326,Pass,0,0.9999645,0.15261759,0,0.9920735
9327,Pass,0,0.9999044,0.3279396,0,0.9823454
9328,Pass,0,0.9999137,0.09179018,0,0.9953776
9329,Pass,0,0.99825233,2.228384,0,0.87609166
9330,Pass,0,0.9999962,0.21039966,0,0.9889182
9331,Pass,0,0.9999685,0.082511246,0,0.9959439
9332,Pass,0,0.5626355,1.143736,0,0.52744055
9333,Pass,0,0.9999974,0.093970425,0,0.99534065
9334,Pass,0,0.6342696,2.8302202,0,0.5355981
9335,Pass,0,0.9768587,1.596473,0,0.89136094
9336,Pass,0,0.9999316,0.18209326,0,0.99041533
9337,Pass,0,0.9974927,4.495025,0,0.750728
9338,Pass,0,0.9999887,0.11823019,0,0.993994
9339,Pass,0,0.9999919,0.06608059,0,0.9968733
9340,Pass,0,0.9997894,3.0403585,0,0.8326679
9341,Pass,0,0.9980794,9.539864,0,0.4734696
9342,Pass,0,0.9980596,2.889139,0,0.83955103
9343,Pass,0,0.7611223,1.1761814,0,0.71214926
9344,Pass,0,0.9999721,0.114707686,0,0.99417186
9345,Pass,0,0.99999726,0.03127111,0,0.99879855
9346,Pass,0,0.9999852,0.091200955,0,0.99548125
9347,Pass,0,0.999881,4.9377866,0,0.7281092
9348,Pass,0,0.99991035,0.41408578,0,0.9776006
9349,Pass,0,0.9733887,2.875368,0,0.81953764
9350,Pass,0,0.9999943,0.082931034,0,0.9959464
9351,Pass,0,0.99472815,4.1772366,0,0.76608175
9352,Pass,0,0.99983954,0.24344632,0,0.9869409
9353,Pass,0,0.99323153,0.5287545,0,0.9647893
9354,Pass,0,0.99998295,5.316574,0,0.70729274
9355,Pass,0,0.99707556,4.000712,0,0.77759683
9356,Pass,0,0.9997814,0.31369597,0,0.98301
9357,Pass,0,0.9991937,0.1277977,0,0.99267656
9358,Pass,0,0.99757534,7.9938436,0,0.55829024
9359,Pass,0,0.99918085,2.6217124,0,0.8552314
9360,Pass,0,0.52615964,3.40818,0,0.42753473
9361,Pass,0,0.99999714,0.14029953,0,0.9927852
9362,Pass,0,0.9999826,0.06132133,0,0.9971266
9363,Pass,0,0.8921777,0.6583799,0,0.86025095
9364,Pass,0,0.9999323,0.18539974,0,0.99023366
9365,Pass,0,0.780899,0.99547106,0,0.7384364
9366,Pass,0,0.9994473,0.17854276,0,0.9901313
9367,Pass,0,0.9992694,4.404532,0,0.7570525
9368,Pass,0,0.99998,0.06031764,0,0.9971793
9369,Pass,0,0.9998061,0.26629677,0,0.9856479
9370,Pass,0,0.99898,0.07452269,0,0.9953995
9371,Pass,0,0.7412453,1.1047547,0,0.6964713
9372,Pass,0,0.9996928,3.53687,0,0.8052121
9373,Pass,0,0.9995746,2.0956728,0,0.88456833
9374,Pass,0,0.99845386,0.6546083,0,0.9629317
9375,Pass,0,0.9969158,2.433981,0,0.86361456
9376,Pass,0,0.9937344,1.7895124,0,0.8961798
9377,Pass,0,0.9999902,0.16658078,0,0.9913289
9378,Pass,0,0.60043526,1.2690614,0,0.5587256
9379,Pass,0,0.9988236,0.254686,0,0.9853189
9380,Pass,0,0.99891615,0.15699883,0,0.99079204
9381,Pass,0,0.9865827,0.5147236,0,0.9590943
9382,Pass,0,0.9678252,0.71093947,0,0.9303858
9383,Pass,0,0.99999535,0.084863685,0,0.99584085
9384,Pass,0,0.9999833,11.771165,0,0.35131344
9385,Pass,0,0.99999094,0.14896835,0,0.992301
9386,Pass,0,0.87552756,1.4471272,0,0.8061101
9387,Pass,0,0.99976116,0.053836692,0,0.9973185
9388,Pass,0,0.99998224,0.17592476,0,0.9908057
9389,Pass,0,0.99683964,0.28122008,0,0.98190296
9390,Pass,0,0.9999995,0.09885371,0,0.99507344
9391,Pass,0,0.9897007,1.1172954,0,0.92923445
9392,Pass,0,0.9999858,0.063202545,0,0.997026
9393,Pass,0,0.984634,2.0316906,0,0.87482125
9394,Pass,0,0.9912306,0.527986,0,0.96288764
9395,Pass,0,0.90257305,1.0512019,0,0.85072
9396,Pass,0,0.9997764,3.428029,0,0.81128085
9397,Pass,0,0.9995265,0.27385896,0,0.98495543
9398,Pass,0,0.98730797,1.4835668,0,0.90704364
9399,Pass,0,0.99999106,0.07123063,0,0.9965885
9400,Pass,0,0.9999914,5.051215,0,0.7219337
9401,Pass,0,0.6824039,0.33365756,0,0.67020524
9402,Pass,0,0.99990165,0.0382235,0,0.9983197
9403,Pass,0,0.9994261,2.2139242,0,0.8779189
9404,Pass,0,0.88210744,0.52746105,0,0.8569102
9405,Pass,0,0.9999976,0.16273892,0,0.9915481
9406,Pass,0,0.9999312,3.838792,0,0.78875357
9407,Pass,0,0.99793255,5.147205,0,0.7151642
9408,Pass,0,0.99995494,0.086363494,0,0.99571794
9409,Pass,0,0.9989085,3.3351712,0,0.81569237
9410,Pass,0,0.95939714,1.3471866,0,0.8886181
9411,Pass,0,0.99999976,0.09151106,0,0.99547863
9412,Pass,0,0.9996798,0.019934136,0,0.9991065
9413,Pass,0,0.998865,7.7425904,0,0.5728535
9414,Pass,0,0.9996891,0.034950107,0,0.99828786
9415,Pass,0,0.99882287,4.5756636,0,0.7472869
9416,Pass,0,0.9997539,0.4092888,0,0.97771204
9417,Pass,0,0.9999633,7.105427,0,0.6086231
9418,Pass,0,0.99999917,0.06235629,0,0.997086
9419,Pass,0,0.99954695,2.588987,0,0.8573488
9420,Pass,0,0.99959415,0.045200113,0,0.997628
9421,Pass,0,0.99999976,0.03959309,0,0.99834204
9422,Pass,0,0.9991456,0.06553262,0,0.9960599
9423,Pass,0,0.9994721,3.5215545,0,0.8058785
9424,Pass,0,0.99875724,0.06304245,0,0.99581
9425,Pass,0,0.99999917,0.09008222,0,0.9955569
9426,Pass,0,0.99999714,0.065797426,0,0.9968942
9427,Pass,0,0.9999993,0.0792349,0,0.99615526
9428,Pass,0,0.99999106,7.6597075,0,0.57807046
9429,Pass,0,0.7026374,3.1850774,0,0.57957864
9430,Pass,0,0.999998,0.060833458,0,0.9971688
9431,Pass,0,0.999821,0.2528474,0,0.98640424
9432,Pass,0,0.9956878,0.41882336,0,0.973212
9433,Pass,0,0.9997193,4.7606053,0,0.7377606
9434,Pass,0,0.99985135,0.4947335,0,0.9730956
9435,Pass,0,0.99952734,0.2955763,0,0.98375905
9436,Pass,0,0.6415711,2.0386639,0,0.5697722
9437,Pass,0,0.9999335,0.17865668,0,0.99060667
9438,Pass,0,0.9716233,0.13372071,0,0.9649686
9439,Pass,0,0.99998057,0.20262508,0,0.9893314
9440,Pass,0,0.94045514,0.5291542,0,0.91350347
9441,Pass,0,0.99999714,0.10352011,0,0.9948137
9442,Pass,0,0.42905363,1.4291809,0,0.39546016
9443,Pass,0,0.9703428,0.9405193,0,0.92051977
9444,Pass,0,0.99999785,0.084848106,0,0.99584424
9445,Pass,0,0.99277943,0.47032008,0,0.9675497
9446,Pass,0,0.9993432,0.3981611,0,0.97792375
9447,Pass,0,0.9985209,0.1706278,0,0.9896495
9448,Pass,0,0.99952877,5.1736217,0,0.7148519
9449,Pass,0,0.99994016,7.8810406,0,0.56583476
9450,Pass,0,0.99995935,0.05507306,0,0.997448
9451,Pass,0,0.99098176,1.7366774,0,0.896585
9452,Pass,0,0.9999186,0.53270864,0,0.9710668
9453,Pass,0,0.99995446,5.0694556,0,0.7209011
9454,Pass,0,0.99902546,5.1842475,0,0.71390647
9455,Pass,0,0.39515668,0.9760718,0,0.37409222
9456,Pass,0,0.99986804,0.29375485,0,0.9841948
9457,Pass,0,0.9948684,4.6231956,0,0.7417203
9458,Pass,0,0.99845314,3.528234,0,0.8046891
9459,Pass,0,0.99999905,0.028920714,0,0.9989299
9460,Pass,0,0.9999764,0.14739867,0,0.99237317
9461,Pass,0,0.9961702,0.45992112,0,0.9714256
9462,Pass,0,0.5225566,3.0080543,0,0.43613875
9463,Pass,0,0.61384135,0.9000923,0,0.5836918
9464,Pass,0,0.9970086,2.479551,0,0.8611892
9465,Pass,0,0.999959,0.10081238,0,0.9949251
9466,Pass,0,0.9894561,1.600573,0,0.90263206
9467,Pass,0,0.9999976,0.15551932,0,0.9919463
9468,Pass,0,0.99996996,0.2816639,0,0.984962
9469,Pass,0,0.8479872,1.2691615,0,0.78907645
9470,Pass,0,0.99951386,5.6758966,0,0.6871531
9471,Pass,0,0.95380855,2.3074832,0,0.83292574
9472,Pass,0,0.9999999,0.0936977,0,0.99535817
9473,Pass,0,0.947428,0.50323564,0,0.9216308
9474,Pass,0,0.97397184,2.844335,0,0.8216956
9475,Pass,0,0.9998642,0.11665401,0,0.9939572
9476,Pass,0,0.6940023,0.9735732,0,0.657103
9477,Pass,0,0.9997392,4.2784796,0,0.7643587
9478,Pass,0,0.99852544,0.51523226,0,0.97067624
9479,Pass,0,0.7968154,2.7589376,0,0.6759897
9480,Pass,0,0.9991555,3.976917,0,0.7805302
9481,Pass,0,0.99969745,0.061161146,0,0.996851
9482,Pass,0,0.9998741,2.948457,0,0.8378063
9483,Pass,0,0.99999845,0.06357588,0,0.99701804
9484,Pass,0,0.99939835,0.11920846,0,0.9933533
9485,Pass,0,0.79465127,1.1714777,0,0.7437271
9486,Pass,0,0.9999311,5.6443086,0,0.689182
9487,Pass,0,0.99864703,0.043729417,0,0.99676377
9488,Pass,0,0.9582489,2.6535423,0,0.81851417
9489,Pass,0,0.9984478,0.47708926,0,0.9727012
9490,Pass,0,0.999961,0.13226327,0,0.99319255
9491,Pass,0,0.99977666,0.06522807,0,0.99670583
9492,Pass,0,0.99999833,0.030479377,0,0.99884325
9493,Pass,0,0.91346097,1.5550582,0,0.8355984
9494,Pass,0,0.9999391,0.14750043,0,0.9923305
9495,Pass,0,0.99996936,4.7562437,0,0.7381857
9496,Pass,0,0.9997607,0.22107053,0,0.9880969
9497,Pass,0,0.99999654,9.052728,0,0.5012456
9498,Pass,0,0.99999976,0.055419784,0,0.9974692
9499,Pass,0,0.9999236,0.04916978,0,0.9977379
9500,Pass,0,0.99991095,0.17902187,0,0.9905643
9501,Pass,0,0.9989046,4.176603,0,0.7693331
9502,Pass,0,0.97232944,3.6567633,0,0.7767425
9503,Pass,0,0.999966,0.13942342,0,0.9928027
9504,Pass,0,0.7660666,0.8423046,0,0.73088187
9505,Pass,0,0.99967635,0.2142628,0,0.98838884
9506,Pass,0,0.99999976,0.11226544,0,0.994334
9507,Pass,0,0.9965481,0.20366839,0,0.9858782
9508,Pass,0,0.99985445,0.15620628,0,0.99176645
9509,Pass,0,0.99930704,3.0315936,0,0.8327492
9510,Pass,0,0.9999995,0.08709943,0,0.99572176
9511,Pass,0,0.99998903,4.168723,0,0.7706029
9512,Pass,0,0.9999529,0.24181652,0,0.98714274
9513,Pass,0,0.70403534,0.33962974,0,0.6912181
9514,Pass,0,0.99839944,4.020982,0,0.77751315
9515,Pass,0,0.9997719,0.21582991,0,0.98839694
9516,Pass,0,0.99993145,5.4634676,0,0.69915533
9517,Pass,0,0.9999963,0.14558701,0,0.9924928
9518,Pass,0,0.9998597,4.6699452,0,0.7428636
9519,Pass,0,0.99996006,6.01285,0,0.6688769
9520,Pass,0,0.9998814,1.9449588,0,0.89315104
9521,Pass,0,0.9799509,1.1640614,0,0.9175528
9522,Pass,0,0.9998745,0.16793425,0,0.99113953
9523,Pass,0,0.99998355,0.15308036,0,0.99206686
9524,Pass,0,0.94194657,1.3535662,0,0.87212354
9525,Pass,0,0.6070297,2.7244034,0,0.51613843
9526,Pass,0,0.98703605,4.62555,0,0.73575276
9527,Pass,0,0.9981806,3.1200848,0,0.8269389
9528,Pass,0,0.9999995,0.08077674,0,0.99607044
9529,Pass,0,0.70214564,2.8120103,0,0.59362
9530,Pass,0,0.9999982,0.1120296,0,0.9943455
9531,Pass,0,0.9996105,0.24892075,0,0.986413
9532,Pass,0,0.99999714,8.572603,0,0.5277258
9533,Pass,0,0.9981577,2.658892,0,0.8523088
9534,Pass,0,0.99980265,3.520067,0,0.8062271
9535,Pass,0,0.9999553,0.14702973,0,0.9923726
9536,Pass,0,0.52990556,1.7473435,0,0.47911727
9537,Pass,0,0.56645894,2.3053925,0,0.49473295
9538,Pass,0,0.9999999,0.035415553,0,0.9985726
9539,Pass,0,0.9982609,2.6820905,0,0.8511198
9540,Pass,0,0.9992441,3.3573034,0,0.8147467
9541,Pass,0,0.9993895,0.27110538,0,0.98497224
9542,Pass,0,0.9999914,0.119520865,0,0.9939256
9543,Pass,0,0.9925902,3.9126039,0,0.7789222
9544,Pass,0,0.9732068,0.45831558,0,0.9491188
9545,Pass,0,0.999992,0.101395905,0,0.9949258
9546,Pass,0,0.9998826,0.12565553,0,0.99347913
9547,Pass,0,0.99993443,0.03281063,0,0.99865085
9548,Pass,0,0.9395934,1.86985,0,0.84319055
9549,Pass,0,0.5953566,1.7499884,0,0.53820837
9550,Pass,0,0.9999902,2.1443465,0,0.8822517
9551,Pass,0,0.999992,0.09156305,0,0.9954681
9552,Pass,0,0.999869,0.21922018,0,0.9883059
9553,Pass,0,0.99958736,4.5345945,0,0.7501231
9554,Pass,0,0.99999976,0.09085562,0,0.9955148
9555,Pass,0,0.9973742,0.30777404,0,0.9809689
9556,Pass,0,0.9825486,0.36259127,0,0.9634166
9557,Pass,0,0.99473095,0.23770806,0,0.982213
9558,Pass,0,1.0,0.022916844,0,0.99926203
9559,Pass,0,0.99963653,0.42069694,0,0.9769683
9560,Pass,0,0.9999738,0.08201318,0,0.9959766
9561,Pass,0,0.9887735,2.0084157,0,0.8797684
9562,Pass,0,0.99995744,6.726418,0,0.6295219
9563,Pass,0,0.99999666,0.07123154,0,0.996594
9564,Pass,0,0.9989441,0.3850671,0,0.9782546
9565,Pass,0,0.9998909,3.5783813,0,0.8030824
9566,Pass,0,0.99988735,0.11382093,0,0.99413645
9567,Pass,0,0.99301416,1.7689284,0,0.8966575
9568,Pass,0,0.9941368,0.26912934,0,0.9799036
9569,Pass,0,1.0,0.038648136,0,0.9983944
9570,Pass,0,0.99339104,3.3855407,0,0.8084272
9571,Pass,0,0.98546696,2.4653127,0,0.8519937
9572,Pass,0,0.9999969,0.06663915,0,0.9968475
9573,Pass,0,0.9717183,3.538272,0,0.78260463
9574,Pass,0,0.999992,0.10089281,0,0.9949536
9575,Pass,0,0.7850056,2.000177,0,0.6988211
9576,Pass,0,0.95243937,0.79387885,0,0.91123843
9577,Pass,0,0.9997981,4.610752,0,0.7460818
9578,Pass,0,0.9999478,0.21406834,0,0.98866796
9579,Pass,0,0.9995085,1.8456645,0,0.8982916
9580,Pass,0,0.99998486,0.14242084,0,0.9926561
9581,Pass,0,0.99999726,6.356559,0,0.64994544
9582,Pass,0,0.9999907,2.3262508,0,0.8722198
9583,Pass,0,0.99867755,0.16153948,0,0.9903053
9584,Pass,0,0.99996877,0.15104796,0,0.9921643
9585,Pass,0,0.99779737,0.30554304,0,0.98150784
9586,Pass,0,0.3809189,1.5973908,0,0.34756038
9587,Pass,0,0.999522,0.15959913,0,0.99124956
9588,Pass,0,0.9999894,4.473176,0,0.7538121
9589,Pass,0,0.9999858,0.31261137,0,0.98327076
9590,Pass,0,0.9847398,0.23930359,0,0.97226095
9591,Pass,0,0.99961483,3.7634182,0,0.7926594
9592,Pass,0,0.9887018,0.2568399,0,0.9752165
9593,Pass,0,0.99994504,0.093183994,0,0.9953319
9594,Pass,0,0.9997557,1.9680233,0,0.891767
9595,Pass,0,0.9998449,0.17970173,0,0.9904613
9596,Pass,0,0.9983467,0.18666598,0,0.9885937
9597,Pass,0,0.99999726,0.043457,0,0.99812645
9598,Pass,0,0.9999974,0.244722,0,0.9870264
9599,Pass,0,0.99999595,0.12294269,0,0.99374133
9600,Pass,0,0.99901736,0.10724154,0,0.993634
9601,Pass,0,0.98938996,3.6889198,0,0.7886166
9602,Pass,0,0.9856651,2.8428707,0,0.83164024
9603,Pass,0,0.99996114,5.839701,0,0.67842674
9604,Pass,0,0.999979,0.15853015,0,0.99176186
9605,Pass,0,0.99998367,0.19342534,0,0.98984194
9606,Pass,0,0.99331987,4.343014,0,0.7559153
9607,Pass,0,0.96594816,0.45462525,0,0.94223636
9608,Pass,0,0.99999785,0.09355682,0,0.99536395
9609,Pass,0,0.9999696,0.24243574,0,0.9871251
9610,Pass,0,0.3527253,1.4444908,0,0.32481027
9611,Pass,0,0.9999696,6.6670895,0,0.6328015
9612,Pass,0,0.99999416,0.16108014,0,0.9916362
9613,Pass,0,0.99895346,3.4075673,0,0.81174046
9614,Pass,0,0.99989724,0.16264538,0,0.9914538
9615,Pass,0,0.9996619,0.19895162,0,0.9892188
9616,Pass,0,0.9997173,0.06297077,0,0.9967711
9617,Pass,0,0.9897556,0.3942246,0,0.9687565
9618,Pass,0,0.9965664,1.7124476,0,0.9029694
9619,Pass,0,0.9998901,3.184113,0,0.82482415
9620,Pass,0,0.5039605,2.5932045,0,0.43214855
9621,Pass,0,0.99993014,0.0874205,0,0.9956349
9622,Pass,0,0.9995191,0.14696787,0,0.99194306
9623,Pass,0,0.99989974,0.2614672,0,0.98600656
9624,Pass,0,0.9995615,0.13295206,0,0.9927578
9625,Pass,0,0.7916124,1.4659768,0,0.7280253
9626,Pass,0,0.99998283,7.283857,0,0.59879434
9627,Pass,0,0.56362647,1.8675824,0,0.5058686
9628,Pass,0,0.99996126,3.151675,0,0.8266719
9629,Pass,0,0.97501117,0.51442975,0,0.94786096
9630,Pass,0,0.998776,0.36690524,0,0.97909045
9631,Pass,0,0.99994075,0.021526193,0,0.99927956
9632,Pass,0,0.9992143,5.6796064,0,0.68674266
9633,Pass,0,0.96898973,3.4003499,0,0.7877779
9634,Pass,0,0.7835189,2.6261282,0,0.6704485
9635,Pass,0,0.6994539,1.0758667,0,0.6583186
9636,Pass,0,0.9945475,2.6587427,0,0.84923434
9637,Pass,0,0.99997103,4.9157043,0,0.7293925
9638,Pass,0,0.9999975,3.1575255,0,0.8263791
9639,Pass,0,0.9999447,0.029608047,0,0.9988377
9640,Pass,0,0.9998492,0.112327196,0,0.99418086
9641,Pass,0,0.99999964,10.3271265,0,0.43096122
9642,Pass,0,0.99952877,0.2993387,0,0.983553
9643,Pass,0,0.5373787,1.4546866,0,0.49454784
9644,Pass,0,0.8394852,0.5237981,0,0.81567514
9645,Pass,0,0.99998915,0.17752518,0,0.99072427
9646,Pass,0,0.99999726,0.19013327,0,0.9900369
9647,Pass,0,0.98380625,0.33534738,0,0.966128
9648,Pass,0,0.999925,0.15526944,0,0.9918881
9649,Pass,0,0.99998677,0.17994618,0,0.99058837
9650,Pass,0,0.9991472,5.4408026,0,0.6998559
9651,Pass,0,0.9998037,0.35053533,0,0.98100054
9652,Pass,0,0.99997723,8.234458,0,0.54636437
9653,Pass,0,0.8393447,1.120438,0,0.7879191
9654,Pass,0,0.582942,0.7639959,0,0.55868566
9655,Pass,0,0.99887615,2.131745,0,0.881963
9656,Pass,0,0.99990726,0.05026674,0,0.99766105
9657,Pass,0,0.9999324,0.21068262,0,0.9888395
9658,Pass,0,0.9990809,0.51474005,0,0.9712434
9659,Pass,0,0.99979943,0.06530663,0,0.9967241
9660,Pass,0,0.99997556,2.855003,0,0.84304535
9661,Pass,0,0.99999404,0.086073495,0,0.99577284
9662,Pass,0,0.99910337,3.8629513,0,0.7867693
9663,Pass,0,0.7167696,1.4606047,0,0.6594067
9664,Pass,0,0.9999573,0.12987177,0,0.9933208
9665,Pass,0,0.86219925,0.9983509,0,0.8151789
9666,Pass,0,0.99999964,0.16643512,0,0.9913463
9667,Pass,0,0.99999726,0.15898885,0,0.9917546
9668,Pass,0,0.99694914,2.4300225,0,0.8638611
9669,Pass,0,1.0,0.123460256,0,0.99371684
9670,Pass,0,0.996992,0.15766375,0,0.98884696
9671,Pass,0,0.6713913,2.2617896,0,0.58799314
9672,Pass,0,0.9999962,3.924714,0,0.784066
9673,Pass,0,0.93005913,1.7647308,0,0.8400266
9674,Pass,0,0.99999166,0.042820327,0,0.99815595
9675,Pass,0,0.9587793,3.1625783,0,0.79204994
9676,Pass,0,0.99995184,0.021589128,0,0.9992871
9677,Pass,0,0.9999583,0.05559202,0,0.9974183
9678,Pass,0,0.9999995,0.04305211,0,0.99815106
9679,Pass,0,0.9999565,0.10879072,0,0.99448264
9680,Pass,0,0.7780296,3.485346,0,0.6288822
9681,Pass,0,0.98969054,2.8835223,0,0.8328178
9682,Pass,0,0.65499705,1.1715297,0,0.6130205
9683,Pass,0,0.99826545,3.313241,0,0.8163746
9684,Pass,0,0.73792523,1.0473225,0,0.6956891
9685,Pass,0,0.9498002,2.308114,0,0.8293923
9686,Pass,0,0.99999106,0.1795631,0,0.99061376
9687,Pass,0,0.99684864,3.171521,0,0.8230075
9688,Pass,0,0.9999335,0.20160595,0,0.9893411
9689,Pass,0,0.99977225,0.19082251,0,0.98977613
9690,Pass,0,0.9999356,0.2137636,0,0.98867273
9691,Pass,0,0.4261165,1.3421706,0,0.39479786
9692,Pass,0,0.99997747,4.9926257,0,0.72515494
9693,Pass,0,0.99888927,2.427543,0,0.8656788
9694,Pass,0,0.99990237,0.06540834,0,0.99682117
9695,Pass,0,0.9999685,0.11005573,0,0.9944248
9696,Pass,0,0.99982566,0.11996351,0,0.9937364
9697,Pass,0,0.9997774,0.19944492,0,0.9893058
9698,Pass,0,0.9999473,4.3911176,0,0.75830585
9699,Pass,0,0.9996488,0.18815403,0,0.9898011
9700,Pass,0,0.9999809,0.13881907,0,0.9928508
9701,Pass,0,0.98682654,3.665699,0,0.7878372
9702,Pass,0,0.48408046,1.0277361,0,0.45689642
9703,Pass,0,0.9999927,5.7086215,0,0.6856774
9704,Pass,0,0.9995969,4.386985,0,0.75826794
9705,Pass,0,0.99992025,4.299565,0,0.7633343
9706,Pass,0,0.99981576,2.7202086,0,0.8503435
9707,Pass,0,0.97025067,0.28416547,0,0.95555484
9708,Pass,0,0.68217456,1.7014824,0,0.61851764
9709,Pass,0,0.9822885,1.3766408,0,0.908225
9710,Pass,0,0.99788934,1.1197655,0,0.9367869
9711,Pass,0,0.99869543,3.5567362,0,0.8033145
9712,Pass,0,0.999997,0.08114116,0,0.99604785
9713,Pass,0,0.99993086,0.097787075,0,0.99506396
9714,Pass,0,0.99963486,0.053414587,0,0.99721575
9715,Pass,0,0.9973719,6.3517632,0,0.6485029
9716,Pass,0,0.58434886,0.787919,0,0.559263
9717,Pass,0,0.9979091,0.25679377,0,0.9843008
9718,Pass,0,0.991659,3.6441882,0,0.79287165
9719,Pass,0,0.99926037,4.640555,0,0.744038
9720,Pass,0,0.98413414,3.1212645,0,0.81523806
9721,Pass,0,0.99991035,0.25594807,0,0.9863214
9722,Pass,0,0.99996054,3.4953728,0,0.80771625
9723,Pass,0,0.99993324,0.2098538,0,0.988886
9724,Pass,0,0.9957135,0.38505644,0,0.9750914
9725,Pass,0,0.99577713,2.1589687,0,0.8777316
9726,Pass,0,0.99982184,3.612413,0,0.8011504
9727,Pass,0,0.7831687,3.68454,0,0.6244322
9728,Pass,0,0.9988223,4.3475547,0,0.7598524
9729,Pass,0,0.9999844,3.3091087,0,0.8180083
9730,Pass,0,0.9997002,4.6490602,0,0.74389654
9731,Pass,0,0.9959312,0.10574317,0,0.9906467
9732,Pass,0,0.9995115,0.5939441,0,0.96729577
9733,Pass,0,0.99872667,4.2153816,0,0.76706004
9734,Pass,0,0.9999964,0.13478616,0,0.9930886
9735,Pass,0,0.9998938,0.100144,0,0.99489707
9736,Pass,0,0.99906343,4.3438926,0,0.7602377
9737,Pass,0,0.99957913,1.9652246,0,0.89176387
9738,Pass,0,0.9999001,5.2831974,0,0.7090747
9739,Pass,0,0.8449788,2.2079704,0,0.74252623
9740,Pass,0,0.96715754,1.8900651,0,0.86684835
9741,Pass,0,0.99991786,4.18379,0,0.76971716
9742,Pass,0,0.9999931,0.2748886,0,0.9853584
9743,Pass,0,1.0,0.026166428,0,0.9990828
9744,Pass,0,0.8210271,1.0209668,0,0.775228
9745,Pass,0,0.9999939,0.12004147,0,0.99389935
9746,Pass,0,0.9337424,1.8654857,0,0.8381647
9747,Pass,0,0.8735058,0.44127786,0,0.85270625
9748,Pass,0,0.9999281,0.3536835,0,0.980949
9749,Pass,0,0.99667585,2.6613681,0,0.85090744
9750,Pass,0,0.99297595,4.578466,0,0.74275905
9751,Pass,0,0.99953115,3.3721097,0,0.8141645
9752,Pass,0,0.99997973,2.9853456,0,0.8358604
9753,Pass,0,0.99949276,3.5097597,0,0.8065454
9754,Pass,0,0.9998318,0.10331508,0,0.99466056
9755,Pass,0,0.99966204,3.769698,0,0.79235065
9756,Pass,0,0.9999989,0.10528164,0,0.9947184
9757,Pass,0,0.9999964,0.18519048,0,0.99030876
9758,Pass,0,0.9999646,0.25822186,0,0.9862495
9759,Pass,0,0.9999988,0.069658436,0,0.99668294
9760,Pass,0,0.9946536,4.084214,0,0.77112734
9761,Pass,0,0.99979025,0.1596364,0,0.9915136
9762,Pass,0,0.9998287,0.064428784,0,0.9968018
9763,Pass,0,0.9979265,0.34382805,0,0.9795277
9764,Pass,0,0.30469748,1.6554042,0,0.27703908
9765,Pass,0,0.99998116,0.14403448,0,0.99256337
9766,Pass,0,0.99876666,3.170164,0,0.82466584
9767,Pass,0,0.9980123,2.2196143,0,0.87636375
9768,Pass,0,0.9996327,0.08721054,0,0.99535036
9769,Pass,0,0.99941754,0.30249652,0,0.9832695
9770,Pass,0,0.99998415,0.19979826,0,0.9894909
9771,Pass,0,0.9939628,0.39488044,0,0.9728385
9772,Pass,0,0.9997837,0.048452746,0,0.9976378
9773,Pass,0,0.99999416,0.12428222,0,0.9936657
9774,Pass,0,0.9524242,1.1443927,0,0.8928121
9775,Pass,0,0.9999999,0.0485555,0,0.99784786
9776,Pass,0,0.97926074,4.3043556,0,0.74730414
9777,Pass,0,0.99744093,0.4806383,0,0.9715251
9778,Pass,0,0.92107815,2.201315,0,0.8097367
9779,Pass,0,0.99999917,0.05048629,0,0.9977407
9780,Pass,0,0.99689424,3.831343,0,0.78676754
9781,Pass,0,0.99989915,0.099833556,0,0.99491954
9782,Pass,0,0.99538165,4.7037964,0,0.7376782
9783,Pass,0,0.99395174,2.1665812,0,0.8757053
9784,Pass,0,0.99991083,0.04290004,0,0.9980709
9785,Pass,0,0.9999654,0.2021078,0,0.989345
9786,Pass,0,0.9999927,0.121627,0,0.9938107
9787,Pass,0,0.98996514,5.698174,0,0.6793722
9788,Pass,0,0.9998392,0.109671004,0,0.9943174
9789,Pass,0,0.98663527,0.2790984,0,0.97196704
9790,Pass,0,0.99999905,0.15082976,0,0.9922064
9791,Pass,0,0.9999372,0.24277359,0,0.98707443
9792,Pass,0,0.9985672,4.997363,0,0.7238714
9793,Pass,0,0.99952877,0.18828578,0,0.989675
9794,Pass,0,0.99999726,0.09506629,0,0.9952801
9795,Pass,0,0.9999467,4.0403743,0,0.7776487
9796,Pass,0,0.71316,0.73326707,0,0.68469393
9797,Pass,0,0.9985593,6.218289,0,0.65662575
9798,Pass,0,0.9859725,4.150699,0,0.76078176
9799,Pass,0,0.999564,5.0516148,0,0.7216031
9800,Pass,0,0.5682558,1.817935,0,0.5115795
9801,Pass,0,0.74470466,0.51585925,0,0.72390884
9802,Pass,0,0.9992482,0.36951298,0,0.9794096
9803,Pass,0,0.99999475,0.2025621,0,0.989349
9804,Pass,0,0.8777293,2.505091,0,0.75692254
9805,Pass,0,0.99987197,0.03967591,0,0.99820995
9806,Pass,0,0.99992585,3.457387,0,0.80978316
9807,Pass,0,0.9999913,0.0551623,0,0.9974749
9808,Pass,0,0.9999825,0.13302837,0,0.9931717
9809,Pass,0,0.9999999,0.029358475,0,0.9989066
9810,Pass,0,0.99999833,0.058910962,0,0.9972752
9811,Pass,0,0.9999863,0.107284844,0,0.9945953
9812,Pass,0,0.97700524,0.041540667,0,0.9752807
9813,Pass,0,0.9891698,0.1599231,0,0.98096544
9814,Pass,0,0.9982357,0.40727797,0,0.976338
9815,Pass,0,0.9990988,0.038062923,0,0.9975269
9816,Pass,0,0.99990106,0.23202662,0,0.9876314
9817,Pass,0,0.9988016,0.10114716,0,0.9937551
9818,Pass,0,0.9999993,0.10858562,0,0.99453646
9819,Pass,0,0.99999726,0.13594176,0,0.9930257
9820,Pass,0,0.9936308,4.8041506,0,0.73088115
9821,Pass,0,0.9998542,4.2735653,0,0.7647175
9822,Pass,0,0.99993503,3.3318503,0,0.81671375
9823,Pass,0,0.99999833,0.042989414,0,0.9981533
9824,Pass,0,0.997212,3.2225556,0,0.82050073
9825,Pass,0,0.9999862,0.09736086,0,0.9951425
9826,Pass,0,0.9985896,4.3670826,0,0.75859994
9827,Pass,0,0.99984705,0.28112486,0,0.98487055
9828,Pass,0,0.98699063,1.866083,0,0.8859299
9829,Pass,0,0.999736,4.449227,0,0.7549416
9830,Pass,0,0.99974316,0.15982312,0,0.9914566
9831,Pass,0,0.9241883,1.5590311,0,0.8452089
9832,Pass,0,0.9999989,0.107064284,0,0.99462
9833,Pass,0,0.99984455,2.5132172,0,0.8617823
9834,Pass,0,0.9997656,3.1636052,0,0.8258522
9835,Pass,0,0.99990535,0.3213138,0,0.98271173
9836,Pass,0,0.99892884,3.730724,0,0.79391664
9837,Pass,0,0.99997723,4.839914,0,0.733577
9838,Pass,0,0.99999,0.07517171,0,0.9963701
9839,Pass,0,0.9952544,4.7599187,0,0.73450327
9840,Pass,0,0.9999615,0.12848687,0,0.99340135
9841,Pass,0,0.99980277,5.120592,0,0.717972
9842,Pass,0,0.99989474,8.290497,0,0.5432289
9843,Pass,0,0.9996573,0.4710813,0,0.9742107
9844,Pass,0,0.70423156,0.8086251,0,0.673195
9845,Pass,0,0.6136691,0.57049483,0,0.5946833
9846,Pass,0,0.50000477,1.7350409,0,0.45242158
9847,Pass,0,0.9948991,0.55621946,0,0.96490204
9848,Pass,0,0.99982244,0.24105616,0,0.98705584
9849,Pass,0,0.9710388,0.24759024,0,0.9582898
9850,Pass,0,0.99998856,9.705181,0,0.46525773
9851,Pass,0,0.99839634,10.609679,0,0.4147118
9852,Pass,0,0.9999914,6.194969,0,0.6588536
9853,Pass,0,0.9999839,0.1119533,0,0.9943355
9854,Pass,0,0.99999535,0.06345518,0,0.9970216
9855,Pass,0,0.9999709,5.210392,0,0.71314025
9856,Pass,0,0.9766897,0.5904162,0,0.94539964
9857,Pass,0,0.99991167,6.2592463,0,0.65525633
9858,Pass,0,0.99994755,0.1654024,0,0.99135166
9859,Pass,0,0.7419379,1.8606285,0,0.666192
9860,Pass,0,0.99999774,0.09197494,0,0.99545103
9861,Pass,0,0.9944153,0.2326158,0,0.98218066
9862,Pass,0,0.84303236,1.7915369,0,0.76017797
9863,Pass,0,0.54429513,0.5802215,0,0.5271637
9864,Pass,0,0.9999436,0.15066722,0,0.9921603
9865,Pass,0,0.9994192,4.4579268,0,0.75422287
9866,Pass,0,0.99994755,0.2767703,0,0.98520976
9867,Pass,0,0.9999198,0.334626,0,0.98199177
9868,Pass,0,0.6826667,1.6975493,0,0.61911196
9869,Pass,0,1.0,0.05513022,0,0.9974854
9870,Pass,0,0.9978986,4.848295,0,0.7315908
9871,Pass,0,0.9999999,0.04787801,0,0.9978852
9872,Pass,0,0.9883663,1.7475834,0,0.89362425
9873,Pass,0,0.99688065,0.15959679,0,0.9886303
9874,Pass,0,0.9999982,0.0739328,0,0.9964466
9875,Pass,0,0.9999683,3.9657419,0,0.78178144
9876,Pass,0,0.9814875,1.0918279,0,0.9229017
9877,Pass,0,0.99991024,0.124396056,0,0.99357605
9878,Pass,0,0.9999864,0.06810332,0,0.9967564
9879,Pass,0,0.9784226,1.9149892,0,0.8756001
9880,Pass,0,0.99582493,0.50217766,0,0.96876806
9881,Pass,0,0.99997306,0.12125982,0,0.9938114
9882,Pass,0,0.999997,0.08382318,0,0.9958999
9883,Pass,0,0.9944667,0.66950834,0,0.9582692
9884,Pass,0,0.87196577,4.6277676,0,0.6498708
9885,Pass,0,0.99544793,2.3807576,0,0.865265
9886,Pass,0,0.72978026,2.3407927,0,0.6359494
9887,Pass,0,0.7561629,0.5368063,0,0.73417354
9888,Pass,0,0.99990845,0.22037466,0,0.9882813
9889,Pass,0,0.99993324,5.867999,0,0.6768472
9890,Pass,0,0.99886215,2.661833,0,0.85274833
9891,Pass,0,0.99997187,0.13077858,0,0.99328524
9892,Pass,0,0.88948673,1.6895553,0,0.80706966
9893,Pass,0,0.9999808,0.08516918,0,0.99580956
9894,Pass,0,0.9999621,2.298144,0,0.8737449
9895,Pass,0,0.51811963,0.7785467,0,0.49614477
9896,Pass,0,0.99997973,9.122533,0,0.49738735
9897,Pass,0,0.990094,0.3335853,0,0.972399
9898,Pass,0,0.7813689,2.011805,0,0.69508255
9899,Pass,0,0.99995613,5.7820373,0,0.6816035
9900,Pass,0,0.9998474,0.16102432,0,0.99149376
9901,Pass,0,0.9999033,0.04226461,0,0.99809843
9902,Pass,0,0.99981755,0.06433648,0,0.9967957
9903,Pass,0,0.9998771,2.6889865,0,0.8521175
9904,Pass,0,0.9991002,8.525315,0,0.5298581
9905,Pass,0,0.999778,2.79232,0,0.8463352
9906,Pass,0,0.9992513,0.21295229,0,0.98804086
9907,Pass,0,0.9997633,0.23645133,0,0.9872514
9908,Pass,0,0.9991903,0.19025928,0,0.98923105
9909,Pass,0,0.91328466,1.2660156,0,0.8499961
9910,Pass,0,0.9998541,1.988163,0,0.8907442
9911,Pass,0,0.99780935,2.5901291,0,0.85579556
9912,Pass,0,0.8723445,1.6502904,0,0.7934049
9913,Pass,0,0.99995494,0.10297308,0,0.99480194
9914,Pass,0,1.0,0.07028934,0,0.9966493
9915,Pass,0,0.9990596,0.11096455,0,0.99347085
9916,Pass,0,0.9994429,0.28775507,0,0.984107
9917,Pass,0,0.99986553,11.312492,0,0.37656555
9918,Pass,0,0.9818479,1.58016,0,0.89679676
9919,Pass,0,0.9987587,2.031429,0,0.8873851
9920,Pass,0,0.9997093,0.3178523,0,0.98270994
9921,Pass,0,0.9996123,0.049755357,0,0.9973949
9922,Pass,0,0.9903154,1.6604261,0,0.90014684
9923,Pass,0,0.9999889,0.12214881,0,0.9937781
9924,Pass,0,0.5710691,4.018731,0,0.44479647
9925,Pass,0,0.8519544,1.5585327,0,0.77917135
9926,Pass,0,0.7209313,2.048105,0,0.63987577
9927,Pass,0,0.9999982,0.055771314,0,0.9974482
9928,Pass,0,0.9999976,0.14794208,0,0.9923642
9929,Pass,0,0.98752546,1.2758093,0,0.9185588
9930,Pass,0,0.9999821,0.06428692,0,0.99696255
9931,Pass,0,0.99675447,4.108951,0,0.77139616
9932,Pass,0,0.9999902,0.15362656,0,0.9920434
9933,Pass,0,0.80843073,1.680353,0,0.73393434
9934,Pass,0,0.9975083,5.8167114,0,0.6780274
9935,Pass,0,0.9999608,3.8829827,0,0.78633976
9936,Pass,0,0.6976621,0.9144406,0,0.6628435
9937,Pass,0,0.9880655,3.2298062,0,0.8125799
9938,Pass,0,0.99504566,1.6562053,0,0.90467805
9939,Pass,0,0.999969,0.2053681,0,0.98916876
9940,Pass,0,0.99721706,0.17747962,0,0.98798037
9941,Pass,0,0.6362157,1.2568833,0,0.5924479
9942,Pass,0,0.9989992,1.9959648,0,0.8895528
9943,Pass,0,0.78734916,0.76337606,0,0.75461435
9944,Pass,0,0.9998023,4.9654713,0,0.72652525
9945,Pass,0,0.99948645,0.09919537,0,0.9945441
9946,Pass,0,0.99871266,3.9998777,0,0.7789195
9947,Pass,0,0.9999038,4.2467,0,0.766237
9948,Pass,0,0.9999236,0.03372523,0,0.99858963
9949,Pass,0,0.96421856,1.2961178,0,0.89579964
9950,Pass,0,0.9822943,2.8526173,0,0.8282682
9951,Pass,0,0.8581984,2.7498682,0,0.7284941
9952,Pass,0,0.99999845,0.069699414,0,0.9966803
9953,Pass,0,0.9999999,0.045521688,0,0.99801517
9954,Pass,0,0.9999646,5.2917533,0,0.7086486
9955,Pass,0,0.99997616,0.09042917,0,0.99551487
9956,Pass,0,0.93131256,2.9193878,0,0.7818509
9957,Pass,0,0.9767721,0.48377362,0,0.9512244
9958,Pass,0,0.99158794,0.061370708,0,0.98875314
9959,Pass,0,0.996872,7.0956616,0,0.6072785
9960,Pass,0,0.9441965,2.552186,0,0.8117891
9961,Pass,0,0.9976156,0.18331195,0,0.9880543
9962,Pass,0,0.77439654,1.612141,0,0.7059497
9963,Pass,0,0.9996356,3.15659,0,0.82613164
9964,Pass,0,0.9999956,8.792654,0,0.51558876
9965,Pass,0,0.99970967,4.2556286,0,0.76559603
9966,Pass,0,0.99647164,2.434304,0,0.863212
9967,Pass,0,0.6934736,1.405431,0,0.6400853
9968,Pass,0,0.9999268,0.083677545,0,0.99583805
9969,Pass,0,0.85348547,1.0042077,0,0.80666465
9970,Pass,0,0.9991405,0.33812696,0,0.9810335
9971,Pass,0,0.9973757,4.167899,0,0.76863444
9972,Pass,0,0.99996483,0.13300401,0,0.99315554
9973,Pass,0,0.9999685,4.5631523,0,0.74883413
9974,Pass,0,0.68050444,3.0978165,0,0.5645971
9975,Pass,0,0.9996321,8.6250925,0,0.5246393
9976,Pass,0,0.99988973,0.36680636,0,0.9801876
9977,Pass,0,0.99967325,3.633746,0,0.7998551
9978,Pass,0,0.9990169,5.169663,0,0.7147039
9979,Pass,0,0.99246526,3.2305748,0,0.81615615
9980,Pass,0,0.9737214,1.2507267,0,0.90706575
9981,Pass,0,0.9999994,0.14901195,0,0.992307
9982,Pass,0,0.99939024,0.37669095,0,0.97915316
9983,Pass,0,0.99999535,0.11232672,0,0.99432623
9984,Pass,0,0.9999989,0.119824514,0,0.9939163
9985,Pass,0,0.9999616,0.17281367,0,0.99095684
9986,Pass,0,0.84225637,2.0917382,0,0.74553317
9987,Pass,0,0.9656925,2.015557,0,0.85885155
9988,Pass,0,0.7151892,1.6991763,0,0.6485425
9989,Pass,0,0.99998474,3.5228693,0,0.8062194
9990,Pass,0,0.50093323,1.3358016,0,0.46429166
9991,Pass,0,0.99959916,0.08363874,0,0.99551386
9992,Pass,0,0.9999831,0.13803539,0,0.99289614
9993,Pass,0,0.99707603,0.3957963,0,0.9758352
9994,Pass,0,0.99979323,0.11518797,0,0.9939675
9995,Pass,0,0.9999982,0.11132045,0,0.9943846
9996,Pass,0,0.98603225,1.9399197,0,0.8810543
9997,Pass,0,0.99997246,0.11339094,0,0.9942448
9998,Pass,0,0.9972664,0.21073526,0,0.98620015
9999,Pass,0,0.99411535,0.2455202,0,0.9811769
