ID,Outcome,SUT,Confidence,dsa,lsa,conf*(1-norm_dsa)
0,Pass,0,0.99999905,0.12253631,0,0.9652666
1,Pass,0,0.9999274,0.07911065,0,0.9783986
2,Pass,0,0.99974865,0.08127599,0,0.9775656
3,Pass,0,0.9996996,0.15253173,0,0.95586103
4,Pass,0,0.9985852,0.2173981,0,0.9351029
5,Pass,0,0.99994075,0.021526193,0,0.9959174
6,Pass,0,0.97037494,0.47023705,0,0.8340954
7,Pass,0,0.9898925,0.3580501,0,0.88463414
8,Pass,0,0.99915206,0.31257114,0,0.90672386
9,Pass,0,0.9985952,0.12548243,0,0.96301705
10,Pass,0,0.99998724,0.073340744,0,0.9802113
11,Pass,0,0.99998593,0.17721452,0,0.9486309
12,Pass,0,0.99978215,0.22544393,0,0.93377817
13,Pass,0,0.99990666,0.09709727,0,0.9729106
14,Pass,0,0.9999287,0.13679914,0,0.9608628
15,Pass,0,0.99995077,0.29317558,0,0.913345
16,Pass,0,0.99967134,0.15875244,0,0.95394343
17,Pass,0,0.99997973,0.0821454,0,0.97752726
18,Pass,0,0.68023366,0.8039049,0,0.5156979
19,Pass,0,0.9999864,0.13232833,0,0.9622775
20,Pass,0,0.99078816,0.32607856,0,0.89506495
21,Pass,0,0.9998683,0.20058385,0,0.9414155
22,Pass,0,0.999992,0.1264704,0,0.9640637
23,Pass,0,0.9999987,0.10402566,0,0.9708938
24,Pass,0,0.99937844,0.15741289,0,0.954071
25,Pass,0,0.99941754,0.30249652,0,0.91002584
26,Pass,0,0.9985863,0.20969404,0,0.9374427
27,Pass,0,0.99999964,0.1325375,0,0.96222657
28,Pass,0,0.99986863,0.20215087,0,0.94093955
29,Pass,0,0.99914014,0.05490056,0,0.9849823
30,Pass,0,0.9999994,0.14102824,0,0.959645
31,Pass,0,0.99817395,0.055427518,0,0.9838699
32,Pass,0,0.9999994,0.06681009,0,0.98220867
33,Pass,0,0.6368724,0.42188218,0,0.55679256
34,Pass,0,0.9999962,0.041698504,0,0.9898399
35,Pass,0,0.9999988,0.12032218,0,0.96593946
36,Pass,0,0.9971277,0.5133369,0,0.8440255
37,Pass,0,0.99947673,0.04542345,0,0.9881938
38,Pass,0,0.99977607,0.17538813,0,0.94898695
39,Pass,0,0.9999033,0.114824235,0,0.96751857
40,Pass,0,0.97700524,0.041540667,0,0.96712935
41,Pass,0,0.99852544,0.51523226,0,0.8446333
42,Pass,0,0.9998136,0.19509278,0,0.94303316
43,Pass,0,0.9980878,0.52123624,0,0.84244126
44,Pass,0,0.9997936,0.16409494,0,0.9524362
45,Pass,0,0.9997681,0.1864446,0,0.9456188
46,Pass,0,0.9991277,0.05810111,0,0.9839979
47,Pass,0,0.99998355,0.14425589,0,0.9586485
48,Pass,0,0.9995486,0.21510868,0,0.9367007
49,Pass,0,0.99996686,0.18671228,0,0.94572544
50,Pass,0,0.99998915,0.06909508,0,0.9815039
51,Pass,0,0.99999607,0.095641084,0,0.9734403
52,Pass,0,0.9999987,0.15502815,0,0.95538807
53,Pass,0,0.9997558,0.29613435,0,0.9122676
54,Pass,0,0.99999917,0.050738133,0,0.9870946
55,Pass,0,0.9996226,0.11621606,0,0.96682394
56,Pass,0,0.99999774,0.14475939,0,0.9585091
57,Pass,0,0.9993505,0.13585784,0,0.96059316
58,Pass,0,0.9999877,0.18416996,0,0.94651806
59,Pass,0,0.99960977,0.39514592,0,0.88204473
60,Pass,0,0.999982,0.19305643,0,0.94381106
61,Pass,0,0.9994246,0.39289004,0,0.88256675
62,Pass,0,0.5936697,0.49306476,0,0.5061746
63,Pass,0,0.99762195,0.29199076,0,0.9115772
64,Pass,0,0.99999046,0.22713187,0,0.9334596
65,Pass,0,0.99901474,0.43183625,0,0.8703761
66,Pass,0,0.99979573,0.18637276,0,0.9456668
67,Pass,0,0.9999503,0.21838288,0,0.93608177
68,Pass,0,0.99999523,0.056370612,0,0.9853783
69,Pass,0,0.99995744,0.06237049,0,0.98351717
70,Pass,0,0.9998342,0.14998233,0,0.9567647
71,Pass,0,0.99999845,0.04085527,0,0.9900985
72,Pass,0,0.99999475,0.23647565,0,0.9306229
73,Pass,0,0.7064378,0.21386246,0,0.6622873
74,Pass,0,0.9984295,0.10610194,0,0.96874005
75,Pass,0,0.99999094,0.15176925,0,0.9563715
76,Pass,0,0.9999728,0.11269307,0,0.96823364
77,Pass,0,0.9998061,0.26629677,0,0.9213829
78,Pass,0,0.7693804,0.47747353,0,0.6596359
79,Pass,0,0.9999604,0.23989825,0,0.92955047
80,Pass,0,0.9952401,0.29372808,0,0.9088751
81,Pass,0,0.9999956,0.11584718,0,0.9672968
82,Pass,0,0.9999999,0.091229774,0,0.9747851
83,Pass,0,0.99974173,0.046227682,0,0.9882114
84,Pass,0,0.9998185,0.14525038,0,0.95818806
85,Pass,0,0.9999095,0.161081,0,0.9534629
86,Pass,0,0.99999046,0.21426922,0,0.93737
87,Pass,0,0.998944,0.20276748,0,0.93988216
88,Pass,0,1.0,0.041365206,0,0.989945
89,Pass,0,0.99982375,0.15906897,0,0.9539927
90,Pass,0,0.99975234,0.12222971,0,0.96512157
91,Pass,0,0.9999969,0.057771027,0,0.98495424
92,Pass,0,0.8678313,0.49943033,0,0.73825073
93,Pass,0,0.99885094,0.23774406,0,0.9291733
94,Pass,0,0.9981748,0.09988713,0,0.9703789
95,Pass,0,0.9979056,0.3028303,0,0.9085479
96,Pass,0,0.97182816,0.14844258,0,0.93042
97,Pass,0,0.99980885,0.14951845,0,0.95688146
98,Pass,0,0.99994886,0.22528519,0,0.93398213
99,Pass,0,0.99998105,0.22307941,0,0.9346828
100,Pass,0,0.99999213,0.100942284,0,0.9718248
101,Pass,0,0.99996006,0.08212478,0,0.97751427
102,Pass,0,0.999997,0.06461719,0,0.982873
103,Pass,0,0.99999917,0.07857164,0,0.9786327
104,Pass,0,0.6318097,0.26311925,0,0.5828619
105,Pass,0,0.99995303,0.19215284,0,0.9440584
106,Pass,0,0.9999852,0.160378,0,0.95374876
107,Pass,0,0.99170905,0.15101524,0,0.94867814
108,Pass,0,0.9998882,0.17672507,0,0.94868696
109,Pass,0,0.9998853,0.11688025,0,0.96687615
110,Pass,0,0.9999845,0.12578905,0,0.9642636
111,Pass,0,0.9979323,0.16203512,0,0.95128804
112,Pass,0,0.99999285,0.21244578,0,0.9379266
113,Pass,0,0.99996555,0.1288516,0,0.9633143
114,Pass,0,0.99916637,0.37157977,0,0.88881207
115,Pass,0,0.923778,0.57059413,0,0.7658577
116,Pass,0,0.9996792,0.3042254,0,0.90973866
117,Pass,0,0.99999416,0.23690094,0,0.93049306
118,Pass,0,0.99891615,0.15699883,0,0.9537554
119,Pass,0,0.9844588,0.39358613,0,0.86914253
120,Pass,0,0.9999994,0.13455325,0,0.9616135
121,Pass,0,0.9622426,0.325801,0,0.8693585
122,Pass,0,0.99972457,0.18871394,0,0.9448879
123,Pass,0,0.9999993,0.045382287,0,0.988723
124,Pass,0,0.9999393,0.40409058,0,0.8796163
125,Pass,0,0.9889682,0.3672082,0,0.8810546
126,Pass,0,0.9998982,0.1676213,0,0.95146394
127,Pass,0,0.9999999,0.03674692,0,0.9913489
128,Pass,0,0.9999969,0.085406244,0,0.97655267
129,Pass,0,1.0,0.039598454,0,0.9904821
130,Pass,0,0.99999666,0.13756457,0,0.9606954
131,Pass,0,0.9999913,0.09930661,0,0.9723213
132,Pass,0,0.9999987,0.17919189,0,0.94804186
133,Pass,0,0.99997497,0.23014274,0,0.93252975
134,Pass,0,0.99999857,0.060286775,0,0.98419106
135,Pass,0,0.9999746,0.053316064,0,0.98628664
136,Pass,0,0.9998976,0.06812705,0,0.98170835
137,Pass,0,0.9997943,0.050808232,0,0.9868711
138,Pass,0,0.99999976,0.044020295,0,0.98913753
139,Pass,0,0.99542135,0.4826334,0,0.85187286
140,Pass,0,0.99995065,0.2282326,0,0.93308777
141,Pass,0,0.9999964,0.058208235,0,0.98482084
142,Pass,0,0.99859434,0.27813327,0,0.91667277
143,Pass,0,0.9998797,0.047337662,0,0.9880104
144,Pass,0,0.99996483,0.21544498,0,0.93698853
145,Pass,0,0.99864703,0.043729417,0,0.98788786
146,Pass,0,0.99999166,0.11107522,0,0.96874374
147,Pass,0,0.99999595,0.10279363,0,0.9712657
148,Pass,0,0.9997297,0.03441622,0,0.99178946
149,Pass,0,0.9907934,0.39805546,0,0.8733889
150,Pass,0,0.9997002,0.18266572,0,0.9467031
151,Pass,0,0.9270399,0.49408832,0,0.79012424
152,Pass,0,0.999998,0.24552022,0,0.9278762
153,Pass,0,0.99996877,0.14933987,0,0.95708877
154,Pass,0,0.99948895,0.03494808,0,0.991389
155,Pass,0,1.0,0.1416617,0,0.959453
156,Pass,0,0.9999982,0.058936916,0,0.9846011
157,Pass,0,0.99985504,0.09548638,0,0.97335
158,Pass,0,0.970318,0.40325832,0,0.8538049
159,Pass,0,0.9994252,0.18025067,0,0.94717646
160,Pass,0,0.9826689,0.4963715,0,0.8368552
161,Pass,0,0.9999987,0.059650306,0,0.98438466
162,Pass,0,1.0,0.054172922,0,0.9860512
163,Pass,0,0.9999702,0.18580383,0,0.94600475
164,Pass,0,0.9999957,0.17682731,0,0.94875795
165,Pass,0,0.99999905,0.10682228,0,0.97004384
166,Pass,0,0.9990829,0.2787721,0,0.9169272
167,Pass,0,0.98561317,0.39090687,0,0.8709645
168,Pass,0,0.9996388,0.03822056,0,0.99054307
169,Pass,0,0.99997675,0.115923315,0,0.9672555
170,Pass,0,0.99996483,0.13300401,0,0.9620512
171,Pass,0,0.9941533,0.29368734,0,0.90789497
172,Pass,0,0.9998573,0.1721472,0,0.9500492
173,Pass,0,0.99481755,0.2531048,0,0.9207755
174,Pass,0,0.99992776,0.14953946,0,0.9569889
175,Pass,0,0.919061,1.0789196,0,0.619915
176,Pass,0,0.995369,0.054245632,0,0.9814628
177,Pass,0,0.9961702,0.45992112,0,0.8593922
178,Pass,0,0.99996185,0.02313863,0,0.99544823
179,Pass,0,0.9999845,0.3258548,0,0.90344083
180,Pass,0,0.9999255,0.0452151,0,0.98870087
181,Pass,0,0.99994755,0.1924954,0,0.94394904
182,Pass,0,0.9999503,0.18000342,0,0.9477493
183,Pass,0,0.9999907,0.08495499,0,0.9766838
184,Pass,0,0.97313344,0.6703612,0,0.77725965
185,Pass,0,0.9995739,0.23782633,0,0.9298208
186,Pass,0,0.99998796,0.06654337,0,0.9822785
187,Pass,0,0.9999976,0.13636294,0,0.96106166
188,Pass,0,0.9999912,0.10750033,0,0.9698301
189,Pass,0,0.99343634,0.10986514,0,0.9627588
190,Pass,0,0.9921387,0.43571123,0,0.86321664
191,Pass,0,0.99406344,0.020854767,0,0.9902666
192,Pass,0,0.9999852,0.043872587,0,0.9891681
193,Pass,0,0.97541034,0.3227764,0,0.8821521
194,Pass,0,0.999572,0.1791365,0,0.9476541
195,Pass,0,0.9576045,0.6393811,0,0.77387565
196,Pass,0,0.99963176,0.07849249,0,0.97829723
197,Pass,0,0.99997985,0.063962065,0,0.98305535
198,Pass,0,0.9999572,0.14564542,0,0.9582009
199,Pass,0,0.99933344,0.5163486,0,0.84497756
200,Pass,0,0.99934715,0.23317449,0,0.9310232
201,Pass,0,0.9999987,0.088539205,0,0.975602
202,Pass,0,0.99984896,0.09740607,0,0.9727606
203,Pass,0,0.99663806,0.06969353,0,0.9780335
204,Pass,0,0.9998276,0.065180555,0,0.9825353
205,Pass,0,0.99997735,0.085011125,0,0.9766537
206,Pass,0,0.9997814,0.31369597,0,0.90695304
207,Pass,0,0.9997837,0.29736978,0,0.91191757
208,Pass,0,0.99999917,0.035841372,0,0.9916235
209,Pass,0,0.9861951,0.26116508,0,0.91037816
210,Pass,0,0.99768686,0.43816411,0,0.8672999
211,Pass,0,0.9721692,0.56314105,0,0.80817926
212,Pass,0,0.9997869,0.06997754,0,0.9810372
213,Pass,0,0.9966973,0.14935756,0,0.9539522
214,Pass,0,0.9997719,0.21582991,0,0.93669075
215,Pass,0,0.9998416,0.21015663,0,0.93848056
216,Pass,0,0.99999213,0.10921039,0,0.9693112
217,Pass,0,0.9891059,0.26662973,0,0.9114219
218,Pass,0,0.9999958,0.12725587,0,0.9638286
219,Pass,0,0.9999213,0.2748657,0,0.9188842
220,Pass,0,0.99362975,0.11407338,0,0.9616749
221,Pass,0,0.99960655,0.23252319,0,0.93146276
222,Pass,0,0.9999026,0.33877257,0,0.89944
223,Pass,0,0.9999838,0.12220954,0,0.9653511
224,Pass,0,0.9928999,0.11537021,0,0.96057713
225,Pass,0,0.99978334,0.24162447,0,0.92886114
226,Pass,0,0.99997807,0.17196761,0,0.95021856
227,Pass,0,0.99986756,0.3054218,0,0.90954643
228,Pass,0,0.99994445,0.10724317,0,0.969863
229,Pass,0,0.9992736,0.1276055,0,0.9630263
230,Pass,0,0.9972241,0.2961984,0,0.909938
231,Pass,0,0.99993193,0.07951917,0,0.9782789
232,Pass,0,0.9870838,0.34428376,0,0.88625526
233,Pass,0,0.9999006,0.19140308,0,0.9442368
234,Pass,0,0.9977647,0.29887834,0,0.9096184
235,Pass,0,0.9962219,0.308999,0,0.90514666
236,Pass,0,0.9999988,0.25093,0,0.9262323
237,Pass,0,0.9999944,0.05633069,0,0.98538965
238,Pass,0,0.99999666,0.13123158,0,0.96262074
239,Pass,0,0.9997019,0.036482308,0,0.9911339
240,Pass,0,0.99999654,0.09752639,0,0.9728676
241,Pass,0,0.78734916,0.76337606,0,0.60660547
242,Pass,0,0.9999894,0.23901397,0,0.92984617
243,Pass,0,0.9982577,0.13542542,0,0.959674
244,Pass,0,0.9978643,0.38300234,0,0.88418853
245,Pass,0,0.9968829,0.45054293,0,0.86284935
246,Pass,0,0.99999344,0.041301575,0,0.9899578
247,Pass,0,0.7853204,0.8725654,0,0.57897323
248,Pass,0,0.9998424,0.25773415,0,0.92401916
249,Pass,0,0.9998616,0.12072278,0,0.9656851
250,Pass,0,0.9972843,0.27113226,0,0.9175928
251,Pass,0,0.99089396,0.16093637,0,0.9449097
252,Pass,0,0.99998784,0.14278616,0,0.9590994
253,Pass,0,0.99998724,0.17566139,0,0.94910437
254,Pass,0,0.99989307,0.09410273,0,0.97380763
255,Pass,0,0.9984711,0.49967292,0,0.8493104
256,Pass,0,0.9998766,0.09922894,0,0.97223336
257,Pass,0,0.9984457,0.42443982,0,0.8721255
258,Pass,0,0.99999654,0.20764594,0,0.93938935
259,Pass,0,0.70403534,0.33962974,0,0.63311577
260,Pass,0,0.9999794,0.17143238,0,0.95038253
261,Pass,0,0.9999602,0.25978088,0,0.9235058
262,Pass,0,0.9999963,0.041587006,0,0.9898739
263,Pass,0,0.9999342,0.12539534,0,0.9643348
264,Pass,0,0.97156006,0.48333627,0,0.831245
265,Pass,0,0.99991214,0.087523565,0,0.97582626
266,Pass,0,0.9863732,0.4845483,0,0.8435553
267,Pass,0,0.9999025,0.03582828,0,0.9915316
268,Pass,0,0.99699485,0.37866554,0,0.88473266
269,Pass,0,0.99998975,0.22215134,0,0.93497306
270,Pass,0,0.9999361,0.3289608,0,0.90245295
271,Pass,0,0.9999733,0.15856361,0,0.95428896
272,Pass,0,0.99980706,0.04405057,0,0.98893774
273,Pass,0,0.99722505,0.16445318,0,0.9498807
274,Pass,0,0.992077,0.3025074,0,0.9033386
275,Pass,0,0.9997565,0.17718428,0,0.9484225
276,Pass,0,0.9999783,0.035497636,0,0.9917073
277,Pass,0,0.99999094,0.2025559,0,0.9409315
278,Pass,0,0.99975866,0.22804655,0,0.93296516
279,Pass,0,0.9997665,0.028772628,0,0.9935413
280,Pass,0,0.9999844,0.14791973,0,0.95753545
281,Pass,0,0.99988544,0.12685081,0,0.9638453
282,Pass,0,0.943379,0.53627545,0,0.79195064
283,Pass,0,0.9999908,0.20228755,0,0.9410129
284,Pass,0,0.99992085,0.14280523,0,0.9590294
285,Pass,0,0.999998,0.2502839,0,0.92642796
286,Pass,0,0.9992242,0.23316737,0,0.93091077
287,Pass,0,0.965551,0.37494257,0,0.85792226
288,Pass,0,0.99977237,0.12750396,0,0.9635378
289,Pass,0,0.9985415,0.30399445,0,0.9087734
290,Pass,0,0.9557609,0.2665004,0,0.8807334
291,Pass,0,0.99867505,0.25591725,0,0.92349195
292,Pass,0,0.9999548,0.19010206,0,0.94468355
293,Pass,0,0.9999976,0.16791372,0,0.9514696
294,Pass,0,0.9997781,0.1033533,0,0.97088397
295,Pass,0,0.99998784,0.110196546,0,0.9690072
296,Pass,0,0.99999976,0.08571955,0,0.9764602
297,Pass,0,0.99958855,0.121790536,0,0.9650969
298,Pass,0,0.99992716,0.17946914,0,0.9478898
299,Pass,0,0.999992,0.15159759,0,0.95642465
300,Pass,0,0.95923555,0.33205074,0,0.8648191
301,Pass,0,0.99993956,0.21307163,0,0.9376863
302,Pass,0,0.99969745,0.061161146,0,0.983629
303,Pass,0,0.99883014,0.32360837,0,0.90308005
304,Pass,0,0.9999604,0.15102878,0,0.95656735
305,Pass,0,0.9997867,0.15042622,0,0.95658433
306,Pass,0,0.9999778,0.08713974,0,0.97600704
307,Pass,0,0.999605,0.18609954,0,0.9455694
308,Pass,0,0.9996106,0.28893462,0,0.9143231
309,Pass,0,0.99998736,0.20024747,0,0.9416299
310,Pass,0,0.9998073,0.15923192,0,0.95392746
311,Pass,0,0.9996226,0.08998893,0,0.9747944
312,Pass,0,0.9999212,0.075595185,0,0.97946125
313,Pass,0,0.99865425,0.29855046,0,0.91052884
314,Pass,0,0.9998431,0.082404435,0,0.97731495
315,Pass,0,0.99987984,0.21830148,0,0.9360406
316,Pass,0,0.9999198,0.090845145,0,0.97482395
317,Pass,0,0.9999827,0.11528896,0,0.967454
318,Pass,0,0.999198,0.3685147,0,0.88977134
319,Pass,0,0.99970204,0.20523216,0,0.9398462
320,Pass,0,0.7361762,1.0302483,0,0.50745076
321,Pass,0,0.68504447,0.7067379,0,0.53958166
322,Pass,0,0.99968004,0.15180382,0,0.95606357
323,Pass,0,0.9999931,0.081517324,0,0.9777312
324,Pass,0,0.79146934,0.5005258,0,0.6730272
325,Pass,0,0.99899775,0.26331368,0,0.921544
326,Pass,0,0.6942831,0.6034489,0,0.56866026
327,Pass,0,0.999982,0.10115217,0,0.97175115
328,Pass,0,0.99901795,0.4062496,0,0.87815005
329,Pass,0,0.99990034,0.051544957,0,0.9867518
330,Pass,0,0.9998807,0.06268412,0,0.9833463
331,Pass,0,0.9999658,0.12109562,0,0.96567243
332,Pass,0,0.9999356,0.022277324,0,0.99568397
333,Pass,0,0.9999654,0.28758982,0,0.91505647
334,Pass,0,0.99999297,0.09362767,0,0.9740494
335,Pass,0,0.9632719,0.38688198,0,0.8524007
336,Pass,0,0.9974038,0.5159528,0,0.84346604
337,Pass,0,0.8997869,0.36397642,0,0.8024886
338,Pass,0,0.9992685,0.31167987,0,0.90710026
339,Pass,0,0.9998518,0.3488227,0,0.8963393
340,Pass,0,0.93593013,0.46200645,0,0.80683
341,Pass,0,0.9909582,0.26036042,0,0.9150175
342,Pass,0,0.9998684,0.03113129,0,0.9929256
343,Pass,0,0.99961287,0.23331025,0,0.9312295
344,Pass,0,0.9994704,0.2932205,0,0.9128926
345,Pass,0,0.999801,0.075708054,0,0.97930914
346,Pass,0,0.99997306,0.14763612,0,0.95761085
347,Pass,0,0.9994604,0.26421553,0,0.9216967
348,Pass,0,0.99968314,0.063413724,0,0.98293024
349,Pass,0,0.9966845,0.28214362,0,0.9137044
350,Pass,0,0.99925846,0.07084747,0,0.9802544
351,Pass,0,0.9999994,0.07741618,0,0.97898424
352,Pass,0,0.99995804,0.36704773,0,0.89089406
353,Pass,0,0.99988997,0.24881078,0,0.9267757
354,Pass,0,0.9999095,0.07212298,0,0.9805053
355,Pass,0,0.99996996,0.21553099,0,0.9369672
356,Pass,0,1.0,0.07242057,0,0.98050356
357,Pass,0,0.9978058,0.035776693,0,0.9894681
358,Pass,0,0.9928496,0.36863366,0,0.8840822
359,Pass,0,0.9289948,1.4023143,0,0.53527856
360,Pass,0,0.9998254,0.42336485,0,0.87365746
361,Pass,0,1.0,0.043147184,0,0.98940325
362,Pass,0,0.9999809,0.2121104,0,0.93801737
363,Pass,0,0.9999379,0.16666007,0,0.9517939
364,Pass,0,1.0,0.061596278,0,0.98379433
365,Pass,0,0.99989307,0.14203817,0,0.95923597
366,Pass,0,0.9862679,0.6106422,0,0.8056568
367,Pass,0,0.9999682,0.32917023,0,0.90241814
368,Pass,0,0.999777,0.23988926,0,0.9293827
369,Pass,0,0.997359,0.35369346,0,0.8926277
370,Pass,0,0.9999391,0.12092724,0,0.9656978
371,Pass,0,0.9999993,0.057320468,0,0.9850936
372,Pass,0,0.9994049,0.21638215,0,0.93617916
373,Pass,0,0.9999908,0.20364267,0,0.940601
374,Pass,0,0.9999783,0.19045177,0,0.9445994
375,Pass,0,0.9999993,0.0725334,0,0.9804686
376,Pass,0,0.9992086,0.14038599,0,0.95908123
377,Pass,0,0.9996438,0.06126482,0,0.98354465
378,Pass,0,0.99954695,0.06026002,0,0.9837547
379,Pass,0,0.9999925,0.15313089,0,0.95595896
380,Pass,0,0.9993856,0.129423,0,0.962582
381,Pass,0,0.9924614,0.4904371,0,0.84698516
382,Pass,0,0.99999607,0.12727429,0,0.9638232
383,Pass,0,0.9999039,0.14903958,0,0.957118
384,Pass,0,0.9999999,0.04831055,0,0.9878333
385,Pass,0,0.99944025,0.052310556,0,0.98606515
386,Pass,0,0.99944776,0.1384684,0,0.95989347
387,Pass,0,0.99971515,0.3178099,0,0.9056426
388,Pass,0,0.9999298,0.023617761,0,0.9952706
389,Pass,0,0.9994104,0.30696973,0,0.9086602
390,Pass,0,0.99997056,0.30565217,0,0.90957004
391,Pass,0,0.9991529,0.7172605,0,0.7837957
392,Pass,0,0.9999993,0.07248018,0,0.9804847
393,Pass,0,0.99978095,0.101939015,0,0.97131664
394,Pass,0,0.99707603,0.3957963,0,0.8796118
395,Pass,0,0.99999905,0.157579,0,0.9546129
396,Pass,0,0.9999914,0.15184486,0,0.9563489
397,Pass,0,0.99998796,0.07579076,0,0.97946715
398,Pass,0,0.9999591,0.14552937,0,0.95823795
399,Pass,0,0.9999925,0.1563056,0,0.9549938
400,Pass,0,0.99683964,0.28122008,0,0.9141265
401,Pass,0,0.9999385,0.2391861,0,0.9297465
402,Pass,0,0.9999862,0.13469079,0,0.961559
403,Pass,0,0.99837685,0.3638377,0,0.89045966
404,Pass,0,0.90834856,1.1068678,0,0.60497135
405,Pass,0,0.9980197,0.28066176,0,0.91537803
406,Pass,0,0.89963925,0.4499699,0,0.77883714
407,Pass,0,0.99998426,0.11447217,0,0.9677039
408,Pass,0,0.99777836,0.2663249,0,0.91950566
409,Pass,0,0.9983234,0.24941184,0,0.9251412
410,Pass,0,0.99999833,0.054665156,0,0.98589987
411,Pass,0,0.99303955,0.32097995,0,0.8986381
412,Pass,0,0.9875952,1.1853942,0,0.6341732
413,Pass,0,0.9999968,0.08233411,0,0.9774865
414,Pass,0,0.9980191,0.21985595,0,0.933827
415,Pass,0,0.9998404,0.38189018,0,0.88627756
416,Pass,0,0.9999076,0.04352008,0,0.9891985
417,Pass,0,0.9862439,0.34425074,0,0.88551104
418,Pass,0,0.9999926,0.10528576,0,0.97050476
419,Pass,0,0.9997625,0.03183565,0,0.99260634
420,Pass,0,0.75339013,0.72765094,0,0.5886247
421,Pass,0,0.9989875,0.19820258,0,0.94130945
422,Pass,0,0.9995012,0.26923865,0,0.92020804
423,Pass,0,0.99999714,0.28148788,0,0.91694057
424,Pass,0,0.9997613,0.095348805,0,0.9733006
425,Pass,0,0.9441728,0.26582325,0,0.87024933
426,Pass,0,0.99981314,0.14816675,0,0.9572964
427,Pass,0,0.99963844,0.034534674,0,0.99166286
428,Pass,0,0.99994755,0.2767703,0,0.9183293
429,Pass,0,0.9999976,0.20851357,0,0.9391265
430,Pass,0,0.999762,0.03779812,0,0.9907936
431,Pass,0,0.9998367,0.28001636,0,0.91724074
432,Pass,0,0.97578126,0.57602704,0,0.8073593
433,Pass,0,0.9999963,0.17076412,0,0.95060176
434,Pass,0,0.9995875,0.15030004,0,0.95643204
435,Pass,0,0.99819857,0.30623782,0,0.9077805
436,Pass,0,0.9997607,0.22107053,0,0.9350874
437,Pass,0,0.9999801,0.18197678,0,0.9471776
438,Pass,0,0.9988714,0.13586202,0,0.96013135
439,Pass,0,0.99953246,0.14485222,0,0.9580349
440,Pass,0,0.9999889,0.107000396,0,0.96997994
441,Pass,0,0.9954516,0.16755114,0,0.947254
442,Pass,0,0.99999595,0.12831238,0,0.9635075
443,Pass,0,0.9858898,0.13510756,0,0.9478794
444,Pass,0,0.99045616,0.24547961,0,0.9190348
445,Pass,0,0.5935818,1.386033,0,0.34495464
446,Pass,0,0.9999449,0.19723733,0,0.94250506
447,Pass,0,0.8899639,0.70501083,0,0.70145565
448,Pass,0,0.61474186,0.55600303,0,0.5123784
449,Pass,0,0.9710005,0.7778168,0,0.7438349
450,Pass,0,0.83902985,0.2958814,0,0.7656712
451,Pass,0,0.99994767,0.13176222,0,0.96241224
452,Pass,0,0.9996138,0.20224021,0,0.9406726
453,Pass,0,0.99965274,0.15901253,0,0.95384663
454,Pass,0,0.9996966,0.23050657,0,0.9321596
455,Pass,0,0.99991846,0.038204517,0,0.99082506
456,Pass,0,0.9941275,0.20913403,0,0.93342626
457,Pass,0,0.99879587,0.2433672,0,0.92741454
458,Pass,0,0.9999976,0.09672258,0,0.973113
459,Pass,0,0.9994778,0.06845111,0,0.9811977
460,Pass,0,0.99949455,0.5096595,0,0.8471464
461,Pass,0,1.0,0.054635096,0,0.9859107
462,Pass,0,0.9997049,0.27630332,0,0.91824836
463,Pass,0,0.9999999,0.08773447,0,0.9758477
464,Pass,0,0.99854845,0.22552605,0,0.932601
465,Pass,0,0.9999925,0.1564118,0,0.95496154
466,Pass,0,0.9999963,0.17210051,0,0.9501955
467,Pass,0,0.9998871,0.33090982,0,0.90181625
468,Pass,0,0.9998846,0.36522835,0,0.8913817
469,Pass,0,0.99999714,0.112502076,0,0.9683153
470,Pass,0,0.9999927,0.10793121,0,0.96970063
471,Pass,0,0.99522924,0.6338041,0,0.805969
472,Pass,0,0.9999993,0.07813014,0,0.97876704
473,Pass,0,0.9884235,0.065243654,0,0.9713095
474,Pass,0,0.9999542,0.14719655,0,0.9577264
475,Pass,0,0.9942801,0.20495935,0,0.93483144
476,Pass,0,0.9999052,0.06813504,0,0.9817134
477,Pass,0,0.9999893,0.18013069,0,0.9477475
478,Pass,0,0.94786876,0.34692785,0,0.850284
479,Pass,0,0.84848773,0.5050806,0,0.720338
480,Pass,0,0.9990176,0.09550844,0,0.9725281
481,Pass,0,0.9999802,0.14013821,0,0.95989716
482,Pass,0,0.9999733,0.10355356,0,0.97101265
483,Pass,0,0.99995446,0.29666314,0,0.9122881
484,Pass,0,0.99999416,0.09531893,0,0.9735364
485,Pass,0,0.99985075,0.2029115,0,0.9406915
486,Pass,0,0.99999905,0.2049637,0,0.9402071
487,Pass,0,0.9997665,0.31448892,0,0.9066986
488,Pass,0,0.9962102,0.21176542,0,0.9345848
489,Pass,0,0.9997018,0.032068506,0,0.9924753
490,Pass,0,0.9929229,0.2548802,0,0.9184859
491,Pass,0,0.99997807,0.18024756,0,0.94770133
492,Pass,0,0.79631037,1.0975839,0,0.5326001
493,Pass,0,0.99999976,0.09898746,0,0.97242653
494,Pass,0,0.9999993,0.11003299,0,0.969068
495,Pass,0,0.6237074,0.89330536,0,0.45589224
496,Pass,0,0.9999504,0.24911402,0,0.9267395
497,Pass,0,0.9451468,0.5713287,0,0.78336245
498,Pass,0,0.99721044,0.19606194,0,0.940284
499,Pass,0,0.9985397,0.28261903,0,0.9152608
500,Pass,0,0.99999976,0.07216617,0,0.9805807
501,Pass,0,0.9999856,0.10016609,0,0.9720544
502,Pass,0,0.9906508,0.4336997,0,0.8625279
503,Pass,0,1.0,0.12367104,0,0.9649225
504,Pass,0,0.9987626,0.042042118,0,0.9885145
505,Pass,0,0.99703836,0.19170904,0,0.9414412
506,Pass,0,0.9996376,0.052001834,0,0.9863537
507,Pass,0,0.99906856,0.40116614,0,0.8797386
508,Pass,0,0.9991297,0.45762572,0,0.86264265
509,Pass,0,0.99999607,0.07655885,0,0.9792416
510,Pass,0,0.9998785,0.26918578,0,0.92057145
511,Pass,0,0.812172,0.61136734,0,0.66326326
512,Pass,0,0.9999949,0.11755753,0,0.96677613
513,Pass,0,0.999998,0.108790085,0,0.9694446
514,Pass,0,0.9999918,0.104152456,0,0.9708485
515,Pass,0,0.99795914,0.18355793,0,0.9447836
516,Pass,0,0.99999785,0.17617896,0,0.9489571
517,Pass,0,0.9999969,0.05922929,0,0.9845109
518,Pass,0,0.999998,0.122058876,0,0.96541065
519,Pass,0,0.99995315,0.17888677,0,0.94809145
520,Pass,0,0.9999685,0.2812918,0,0.91697395
521,Pass,0,0.99917537,0.11640048,0,0.96633536
522,Pass,0,0.9982437,0.31000018,0,0.90667975
523,Pass,0,0.9995426,0.080409005,0,0.9776276
524,Pass,0,0.99875164,0.14141768,0,0.9583294
525,Pass,0,0.9998678,0.067307994,0,0.98192805
526,Pass,0,0.9949709,0.31578678,0,0.9019568
527,Pass,0,0.9997842,0.29717904,0,0.9119759
528,Pass,0,0.99982065,0.224065,0,0.93423325
529,Pass,0,0.99991083,0.04290004,0,0.98939013
530,Pass,0,0.98710907,0.23432,0,0.919278
531,Pass,0,0.9990256,0.3430113,0,0.8973637
532,Pass,0,0.96776885,0.7434887,0,0.7514593
533,Pass,0,0.9999678,0.112563506,0,0.9682682
534,Pass,0,0.99999833,0.058815382,0,0.98463815
535,Pass,0,0.99993134,0.1384624,0,0.9603597
536,Pass,0,0.9997886,0.21767062,0,0.9361469
537,Pass,0,0.9998573,0.043832377,0,0.9890538
538,Pass,0,0.9998153,0.2928982,0,0.9133055
539,Pass,0,0.9998745,0.16793425,0,0.95134616
540,Pass,0,0.99999464,0.1568032,0,0.95484453
541,Pass,0,0.9999628,0.18642919,0,0.9458077
542,Pass,0,0.9892145,0.51714176,0,0.8361831
543,Pass,0,0.857638,0.9129343,0,0.62176335
544,Pass,0,0.99911326,0.24690951,0,0.92663324
545,Pass,0,0.999355,0.5503966,0,0.83465123
546,Pass,0,0.9999175,0.07817097,0,0.9786746
547,Pass,0,0.99542457,0.27016914,0,0.9161732
548,Pass,0,0.9999293,0.31274313,0,0.9073769
549,Pass,0,0.9999957,0.15325381,0,0.95592463
550,Pass,0,0.99875057,0.14258844,0,0.9579728
551,Pass,0,0.8798773,0.8580977,0,0.6525549
552,Pass,0,0.99373513,0.33477032,0,0.8951013
553,Pass,0,0.99963117,0.18896376,0,0.9447237
554,Pass,0,0.99998415,0.24952868,0,0.92664474
555,Pass,0,0.9999541,0.23229294,0,0.93185663
556,Pass,0,0.999941,0.24456398,0,0.928114
557,Pass,0,0.9953709,0.6255032,0,0.8085957
558,Pass,0,0.9997596,0.15332761,0,0.95567656
559,Pass,0,0.9999932,0.19844584,0,0.9421832
560,Pass,0,0.9998783,0.14226526,0,0.9591527
561,Pass,0,0.9989735,0.15449476,0,0.9545706
562,Pass,0,0.9987035,0.21107727,0,0.9371328
563,Pass,0,0.9999672,0.20588234,0,0.9398979
564,Pass,0,0.9996531,0.07559365,0,0.9791991
565,Pass,0,0.99995327,0.13179208,0,0.96240854
566,Pass,0,0.9987301,0.25820726,0,0.92284757
567,Pass,0,0.99937505,0.1929695,0,0.9432646
568,Pass,0,0.9999809,0.18708347,0,0.94562584
569,Pass,0,0.9995449,0.27650303,0,0.91804075
570,Pass,0,0.9999939,0.20126547,0,0.9413266
571,Pass,0,0.9814658,0.63089645,0,0.79569054
572,Pass,0,0.99986994,0.10937411,0,0.9691429
573,Pass,0,0.99999833,0.05262182,0,0.98652107
574,Pass,0,0.99994993,0.15007849,0,0.9568462
575,Pass,0,0.99983346,0.108727485,0,0.96930414
576,Pass,0,0.999997,0.10951135,0,0.9692244
577,Pass,0,0.9999951,0.11487732,0,0.9675912
578,Pass,0,0.94238883,0.43106836,0,0.82126164
579,Pass,0,0.99999356,0.15597595,0,0.95509505
580,Pass,0,0.99998546,0.17792046,0,0.9484159
581,Pass,0,0.99979657,0.3364527,0,0.9000498
582,Pass,0,0.83209336,1.8812243,0,0.35829404
583,Pass,0,0.59888023,1.1619062,0,0.38884073
584,Pass,0,0.9992623,0.10576868,0,0.96964926
585,Pass,0,0.9999912,0.037218533,0,0.9911969
586,Pass,0,0.999826,0.15667018,0,0.954724
587,Pass,0,0.99999297,0.14265785,0,0.9591434
588,Pass,0,0.999998,0.1535245,0,0.9558446
589,Pass,0,0.9999058,0.15435098,0,0.9555052
590,Pass,0,0.9999968,0.07967138,0,0.97829604
591,Pass,0,0.9882586,0.60273397,0,0.80965894
592,Pass,0,0.99999166,0.042820327,0,0.9894943
593,Pass,0,0.9926051,0.2028797,0,0.93388414
594,Pass,0,0.99999857,0.044899408,0,0.9888691
595,Pass,0,0.99979573,0.30897585,0,0.9084008
596,Pass,0,0.9999703,0.19215311,0,0.94407463
597,Pass,0,0.99974924,0.22056578,0,0.93523014
598,Pass,0,0.9997409,0.2338154,0,0.9311952
599,Pass,0,0.99996006,0.20348212,0,0.9406209
600,Pass,0,0.9999994,0.092648104,0,0.97435343
601,Pass,0,0.9999554,0.2470507,0,0.9273714
602,Pass,0,0.99999976,0.06903912,0,0.9815314
603,Pass,0,0.9993832,0.23928858,0,0.92919916
604,Pass,0,0.9999999,0.10434612,0,0.9707975
605,Pass,0,0.9976433,0.39653525,0,0.8798882
606,Pass,0,0.9998118,0.14743698,0,0.957517
607,Pass,0,0.9999994,0.07784836,0,0.9788528
608,Pass,0,0.99990535,0.06856997,0,0.9815813
609,Pass,0,0.9999304,0.19081108,0,0.9444449
610,Pass,0,0.9863645,0.352789,0,0.8830589
611,Pass,0,0.9981371,0.16008557,0,0.9520748
612,Pass,0,0.9999927,0.121627,0,0.9655369
613,Pass,0,0.76779807,0.49506253,0,0.65417355
614,Pass,0,0.9996778,0.13511689,0,0.9611329
615,Pass,0,0.9996444,0.11969334,0,0.9657882
616,Pass,0,0.9992729,0.14184706,0,0.958699
617,Pass,0,0.9995522,0.16657552,0,0.9514525
618,Pass,0,0.99999595,0.22503896,0,0.9341009
619,Pass,0,0.8020676,0.57770556,0,0.66321963
620,Pass,0,0.99948823,0.23390734,0,0.9309319
621,Pass,0,0.9999802,0.16447642,0,0.952498
622,Pass,0,0.99993706,0.13996914,0,0.9599071
623,Pass,0,1.0,0.08550809,0,0.9765247
624,Pass,0,0.99085313,0.25450468,0,0.91668445
625,Pass,0,0.9999633,0.56857455,0,0.82963306
626,Pass,0,0.99999905,0.05432816,0,0.98600304
627,Pass,0,0.9994692,0.14969389,0,0.9565031
628,Pass,0,0.9993612,0.38083562,0,0.88617325
629,Pass,0,0.98581403,0.6329763,0,0.7985924
630,Pass,0,0.99835914,0.29665658,0,0.9108346
631,Pass,0,0.9999989,0.24667606,0,0.92752564
632,Pass,0,0.9998653,0.19581178,0,0.94286335
633,Pass,0,0.9999932,0.087159194,0,0.97601616
634,Pass,0,0.99998915,0.23895606,0,0.92986363
635,Pass,0,0.9993955,0.19129945,0,0.9437913
636,Pass,0,0.99999416,0.0439399,0,0.9891564
637,Pass,0,0.9999374,0.119517736,0,0.9661247
638,Pass,0,0.9999776,0.16063131,0,0.9536645
639,Pass,0,0.99985003,0.15169013,0,0.95626074
640,Pass,0,0.9993771,0.110011026,0,0.9684717
641,Pass,0,0.99727136,0.23732059,0,0.9278323
642,Pass,0,0.9988194,0.12539032,0,0.9632612
643,Pass,0,0.9999902,0.19634311,0,0.9428196
644,Pass,0,0.99995995,0.09586001,0,0.97333854
645,Pass,0,0.99986625,0.1969235,0,0.9425263
646,Pass,0,0.6579351,1.1405545,0,0.43145472
647,Pass,0,0.9998981,0.028609136,0,0.9937218
648,Pass,0,0.99999917,0.062198326,0,0.9836105
649,Pass,0,0.99928695,0.24659611,0,0.9268896
650,Pass,0,0.99975294,0.24107978,0,0.9289985
651,Pass,0,0.999998,0.08656016,0,0.9762029
652,Pass,0,0.9999534,0.028272307,0,0.99387914
653,Pass,0,0.99997747,0.1384053,0,0.9604214
654,Pass,0,0.996161,0.6694139,0,0.7959391
655,Pass,0,0.99983895,0.44651717,0,0.8666316
656,Pass,0,0.9999981,0.10292132,0,0.97122896
657,Pass,0,0.9999814,0.0678148,0,0.98188555
658,Pass,0,0.99910825,0.29677442,0,0.9114823
659,Pass,0,0.88210744,0.52746105,0,0.7428781
660,Pass,0,0.9999658,0.13942325,0,0.96010065
661,Pass,0,0.9961577,0.1186753,0,0.9627279
662,Pass,0,0.9999263,0.14725526,0,0.9576819
663,Pass,0,0.99991536,0.030449081,0,0.9931796
664,Pass,0,0.9999938,0.2005371,0,0.94154793
665,Pass,0,0.9999999,0.045667924,0,0.98863673
666,Pass,0,0.999302,0.13996778,0,0.95929796
667,Pass,0,0.96987,0.5861458,0,0.79948467
668,Pass,0,0.99952257,0.16589464,0,0.9516312
669,Pass,0,0.9999392,0.13543655,0,0.9612871
670,Pass,0,0.99799687,0.13196008,0,0.96047467
671,Pass,0,0.9998994,0.30468243,0,0.9098001
672,Pass,0,0.99990034,0.03346485,0,0.99224794
673,Pass,0,0.9996182,0.15902075,0,0.9538112
674,Pass,0,0.9449703,1.1508299,0,0.61673206
675,Pass,0,0.9996588,0.02338665,0,0.9950712
676,Pass,0,0.99974436,0.21777946,0,0.9360724
677,Pass,0,0.9999443,0.17927301,0,0.9479657
678,Pass,0,0.99998236,0.16171849,0,0.95333856
679,Pass,0,0.999316,0.25647208,0,0.9239161
680,Pass,0,1.0,0.05353554,0,0.986245
681,Pass,0,0.99998605,0.14449985,0,0.9585768
682,Pass,0,0.99977475,0.058451872,0,0.98452854
683,Pass,0,0.9994061,0.21234117,0,0.93740803
684,Pass,0,0.62441033,1.1537006,0,0.40697458
685,Pass,0,0.9997079,0.39286652,0,0.88282406
686,Pass,0,0.9998838,0.11538616,0,0.9673288
687,Pass,0,0.9999708,0.080895886,0,0.97789836
688,Pass,0,0.9997975,0.14815962,0,0.9572836
689,Pass,0,0.9422849,1.0379497,0,0.6473165
690,Pass,0,0.9999249,0.32533887,0,0.90354383
691,Pass,0,0.97044206,0.7521386,0,0.750983
692,Pass,0,0.9994702,0.25330487,0,0.925021
693,Pass,0,0.9999783,0.22984439,0,0.93262357
694,Pass,0,0.9999845,0.25585043,0,0.92472315
695,Pass,0,0.99990165,0.0382235,0,0.99080265
696,Pass,0,0.9874184,0.4382564,0,0.8583457
697,Pass,0,0.99999774,0.110642254,0,0.96888125
698,Pass,0,0.9916494,0.3430895,0,0.8907145
699,Pass,0,0.998487,0.289106,0,0.91324335
700,Pass,0,0.9993672,0.09246827,0,0.9737921
701,Pass,0,0.9999914,0.26408467,0,0.9222262
702,Pass,0,0.9996202,0.14442365,0,0.9582492
703,Pass,0,0.9995782,0.24491616,0,0.92767024
704,Pass,0,0.999987,0.124261074,0,0.96473056
705,Pass,0,0.99990284,0.086138085,0,0.97623837
706,Pass,0,0.9998317,0.174634,0,0.949269
707,Pass,0,0.9682841,0.6278413,0,0.7859032
708,Pass,0,0.99650675,0.36298507,0,0.88905
709,Pass,0,0.9999958,0.17820974,0,0.9483378
710,Pass,0,0.9999994,0.15294887,0,0.9560209
711,Pass,0,0.9999865,0.2862671,0,0.91547793
712,Pass,0,0.99996305,0.13472162,0,0.96152735
713,Pass,0,0.9998703,0.17883168,0,0.94802964
714,Pass,0,0.99971133,0.24815969,0,0.926808
715,Pass,0,0.9999831,0.16723269,0,0.95166284
716,Pass,0,0.92305005,0.35153142,0,0.8267285
717,Pass,0,0.9676458,0.9736586,0,0.68365186
718,Pass,0,0.99998903,0.10290982,0,0.9712236
719,Pass,0,0.9996786,0.3692695,0,0.8899699
720,Pass,0,0.8536084,0.75117105,0,0.6608216
721,Pass,0,0.99998844,0.14874856,0,0.9572874
722,Pass,0,0.9999856,0.07794377,0,0.9788103
723,Pass,0,0.99376667,0.2613917,0,0.91729915
724,Pass,0,0.99999213,0.106644705,0,0.97009116
725,Pass,0,0.99962234,0.057502814,0,0.9846669
726,Pass,0,0.52586895,0.72137326,0,0.41186574
727,Pass,0,0.999838,0.14206459,0,0.9591751
728,Pass,0,0.99932456,0.13348585,0,0.96128887
729,Pass,0,0.99998593,0.10326335,0,0.97111315
730,Pass,0,0.9979442,0.18662173,0,0.9438399
731,Pass,0,0.99999964,0.109699875,0,0.9691696
732,Pass,0,0.99999857,0.13151413,0,0.96253663
733,Pass,0,0.9998129,0.1591764,0,0.9539497
734,Pass,0,0.9999888,0.1429575,0,0.95904833
735,Pass,0,0.99981755,0.025098681,0,0.99470884
736,Pass,0,0.99579215,0.3177306,0,0.9021127
737,Pass,0,0.9997663,0.28543803,0,0.91552824
738,Pass,0,0.9961404,0.2368929,0,0.92690957
739,Pass,0,0.99993646,0.24238348,0,0.9287727
740,Pass,0,0.6400596,1.2930187,0,0.39006448
741,Pass,0,0.9990853,0.20139772,0,0.9404311
742,Pass,0,0.99999917,0.09159787,0,0.9746725
743,Pass,0,0.99993503,0.0657562,0,0.9824658
744,Pass,0,0.999979,0.24201204,0,0.9289251
745,Pass,0,0.999887,0.028660046,0,0.9936953
746,Pass,0,0.9985404,0.20120704,0,0.9399761
747,Pass,0,0.99999654,0.11256586,0,0.96829534
748,Pass,0,0.99995637,0.19937223,0,0.9418668
749,Pass,0,0.998256,0.059179783,0,0.98281205
750,Pass,0,0.99886984,0.1106291,0,0.96779245
751,Pass,0,0.9999999,0.0931054,0,0.97421485
752,Pass,0,0.9999987,0.12076566,0,0.9658045
753,Pass,0,0.99966836,0.15471333,0,0.9551682
754,Pass,0,0.99986315,0.042519182,0,0.98945874
755,Pass,0,0.9987218,0.06241765,0,0.98228747
756,Pass,0,0.99991965,0.08306562,0,0.97718877
757,Pass,0,0.99997985,0.13303871,0,0.96205515
758,Pass,0,0.99993634,0.08821308,0,0.97564024
759,Pass,0,0.99988806,0.14519332,0,0.95827204
760,Pass,0,0.99700767,0.36266455,0,0.8895941
761,Pass,0,0.9997497,0.24806705,0,0.9268717
762,Pass,0,0.92178404,0.53304327,0,0.7747278
763,Pass,0,0.9999652,0.24178378,0,0.92898166
764,Pass,0,0.99993503,0.15563573,0,0.95514256
765,Pass,0,0.9999814,0.16513887,0,0.9522978
766,Pass,0,0.9999771,0.112979114,0,0.96815085
767,Pass,0,0.99952793,0.08907943,0,0.9749785
768,Pass,0,0.99989665,0.03197159,0,0.9926982
769,Pass,0,0.9999871,0.09320616,0,0.9741719
770,Pass,0,0.99997723,0.17866696,0,0.9481811
771,Pass,0,0.9976821,0.15891734,0,0.9519952
772,Pass,0,0.9992811,0.059443723,0,0.9837411
773,Pass,0,0.999848,0.09856993,0,0.97240585
774,Pass,0,0.99809915,0.22766471,0,0.9315324
775,Pass,0,0.9999168,0.1839219,0,0.94652635
776,Pass,0,0.9985285,0.1602597,0,0.9523953
777,Pass,0,0.99966896,0.050665688,0,0.9867907
778,Pass,0,0.99999,0.11040114,0,0.96894705
779,Pass,0,0.9999826,0.18096493,0,0.94748753
780,Pass,0,0.99991286,0.26434326,0,0.92207515
781,Pass,0,0.9921342,0.35746807,0,0.88681304
782,Pass,0,0.99994946,0.11946226,0,0.9661532
783,Pass,0,0.99945444,0.050424498,0,0.9866522
784,Pass,0,0.99894935,0.12786712,0,0.9626343
785,Pass,0,0.99999666,0.19855899,0,0.94215196
786,Pass,0,0.9996917,0.37383842,0,0.88859296
787,Pass,0,0.9998857,0.3641787,0,0.89170176
788,Pass,0,0.9999732,0.15103105,0,0.9565789
789,Pass,0,0.9941368,0.26912934,0,0.9153022
790,Pass,0,0.99960536,0.19216411,0,0.9437267
791,Pass,0,0.9999192,0.40567756,0,0.8791162
792,Pass,0,0.9999999,0.064941615,0,0.9827772
793,Pass,0,0.9999958,0.15905571,0,0.95416087
794,Pass,0,0.9999963,0.050729096,0,0.9870945
795,Pass,0,0.9961832,0.20243286,0,0.9373859
796,Pass,0,0.9999988,0.082861155,0,0.97732824
797,Pass,0,0.99894446,0.47175157,0,0.8581927
798,Pass,0,0.9994784,0.041189156,0,0.98948216
799,Pass,0,1.0,0.094333634,0,0.9738416
800,Pass,0,0.9487151,0.3876911,0,0.839286
801,Pass,0,0.99999285,0.10684688,0,0.9700304
802,Pass,0,0.9993206,0.32413977,0,0.9033621
803,Pass,0,0.9999734,0.19684367,0,0.9426516
804,Pass,0,0.99998224,0.09852965,0,0.97254866
805,Pass,0,0.9999995,0.08232133,0,0.9774931
806,Pass,0,0.9999963,0.13774541,0,0.96064
807,Pass,0,0.99999845,0.16480625,0,0.9524151
808,Pass,0,0.999613,0.09726588,0,0.97257364
809,Pass,0,0.9928282,0.093664356,0,0.9670594
810,Pass,0,0.9920459,0.38337284,0,0.8789212
811,Pass,0,0.99998343,0.09371758,0,0.97401273
812,Pass,0,0.9999995,0.15537623,0,0.95528305
813,Pass,0,0.5998889,0.4749282,0,0.51478493
814,Pass,0,0.99999857,0.03588937,0,0.9916083
815,Pass,0,0.9998828,0.17760625,0,0.948414
816,Pass,0,0.9999856,0.09195704,0,0.97455007
817,Pass,0,0.99995756,0.108520925,0,0.96948725
818,Pass,0,0.99948466,0.114859305,0,0.96710277
819,Pass,0,0.9999999,0.11424264,0,0.96778876
820,Pass,0,0.9999999,0.07521106,0,0.9796551
821,Pass,0,0.9996346,0.116150156,0,0.9668556
822,Pass,0,0.99987483,0.17699838,0,0.94859123
823,Pass,0,0.9988952,0.30000716,0,0.9103062
824,Pass,0,0.9998072,0.06268227,0,0.9832745
825,Pass,0,0.9999944,0.1113419,0,0.96866536
826,Pass,0,0.99987745,0.025045501,0,0.99478453
827,Pass,0,0.99519366,0.5355707,0,0.8356614
828,Pass,0,0.9998734,0.17660184,0,0.94871044
829,Pass,0,0.92055744,0.34811732,0,0.82545155
830,Pass,0,0.9991948,0.39287108,0,0.8823696
831,Pass,0,0.9996227,0.09818669,0,0.9723032
832,Pass,0,0.99977547,0.09422836,0,0.9736549
833,Pass,0,0.99555355,0.49150172,0,0.8493019
834,Pass,0,0.9998079,0.24590388,0,0.9275832
835,Pass,0,0.99962556,0.039386153,0,0.9901757
836,Pass,0,0.9997136,0.08698297,0,0.97579676
837,Pass,0,0.99982846,0.23061667,0,0.93224907
838,Pass,0,0.9999919,0.06608059,0,0.98242307
839,Pass,0,0.9876732,0.5996753,0,0.8100978
840,Pass,0,0.9978982,0.30786103,0,0.9070149
841,Pass,0,0.9977285,0.27616754,0,0.9164742
842,Pass,0,0.9978096,0.16844349,0,0.94922704
843,Pass,0,0.9999677,0.18101755,0,0.94745743
844,Pass,0,0.97295713,0.69768775,0,0.76903576
845,Pass,0,0.99996114,0.14032695,0,0.95982146
846,Pass,0,0.85776186,0.6742467,0,0.684097
847,Pass,0,0.9999118,0.11080861,0,0.96874744
848,Pass,0,0.99989927,0.04959715,0,0.98734283
849,Pass,0,0.9999902,0.12408769,0,0.9647864
850,Pass,0,0.99993086,0.0504042,0,0.98712873
851,Pass,0,0.999984,0.068516344,0,0.98167485
852,Pass,0,0.9994486,0.3147195,0,0.9063402
853,Pass,0,0.9997428,0.15487239,0,0.95519096
854,Pass,0,0.99976593,0.18497121,0,0.9460646
855,Pass,0,0.99999726,0.04589709,0,0.98856455
856,Pass,0,0.99992967,0.30735534,0,0.90901506
857,Pass,0,0.99988186,0.26440006,0,0.92202926
858,Pass,0,0.99972016,0.1823501,0,0.9468179
859,Pass,0,0.99963176,0.23230752,0,0.9315518
860,Pass,0,1.0,0.04984678,0,0.98736644
861,Pass,0,0.9999958,0.12829976,0,0.9635113
862,Pass,0,0.99995005,0.08941052,0,0.97528964
863,Pass,0,0.9991186,0.21158034,0,0.9373695
864,Pass,0,0.9999981,0.24245968,0,0.9288067
865,Pass,0,0.99998784,0.101180196,0,0.9717483
866,Pass,0,0.9850382,0.8028719,0,0.7470852
867,Pass,0,0.99998724,0.113052316,0,0.9681384
868,Pass,0,0.9994091,0.27645475,0,0.9179306
869,Pass,0,0.99999905,0.11831557,0,0.96654975
870,Pass,0,0.9990809,0.51474005,0,0.84525263
871,Pass,0,0.99999917,0.048773643,0,0.9876918
872,Pass,0,0.9999753,0.22047709,0,0.93546855
873,Pass,0,0.9999975,0.13081494,0,0.9627482
874,Pass,0,0.99610126,0.2794201,0,0.9139945
875,Pass,0,0.99890304,0.2805503,0,0.9162221
876,Pass,0,0.99999607,0.13840643,0,0.9604389
877,Pass,0,0.7056924,0.5893948,0,0.58102036
878,Pass,0,0.9998797,0.29933944,0,0.9114064
879,Pass,0,0.99999535,0.10552587,0,0.9704344
880,Pass,0,0.99977857,0.33576784,0,0.90024173
881,Pass,0,0.9690843,0.20226601,0,0.91193557
882,Pass,0,0.7663419,0.8486127,0,0.57056206
883,Pass,0,0.8102366,0.6767009,0,0.6455893
884,Pass,0,0.9990054,0.038218956,0,0.9899159
885,Pass,0,0.99999297,0.1459847,0,0.95813197
886,Pass,0,0.9999987,0.08629612,0,0.9762839
887,Pass,0,0.9999405,0.19559896,0,0.94299895
888,Pass,0,0.9999876,0.13256724,0,0.96220595
889,Pass,0,0.9999236,0.016061949,0,0.9975614
890,Pass,0,0.95211035,0.54356813,0,0.79716957
891,Pass,0,0.99999297,0.06288948,0,0.98339427
892,Pass,0,0.99998844,0.17901465,0,0.948086
893,Pass,0,0.99905163,0.23942313,0,0.92884994
894,Pass,0,0.9785195,0.4062359,0,0.86013573
895,Pass,0,0.96428716,0.20887591,0,0.9054836
896,Pass,0,0.9485206,0.38597658,0,0.8396084
897,Pass,0,0.99989927,0.17287749,0,0.9498671
898,Pass,0,0.9983935,0.2714373,0,0.91852075
899,Pass,0,0.9999052,0.17400536,0,0.9495299
900,Pass,0,0.7396174,0.5941664,0,0.6078791
901,Pass,0,0.9991019,0.2197144,0,0.9348831
902,Pass,0,0.9982659,0.36226252,0,0.89083874
903,Pass,0,0.99995136,0.22498997,0,0.9340742
904,Pass,0,0.9998909,0.09253044,0,0.9742835
905,Pass,0,0.9999964,0.20124006,0,0.9413367
906,Pass,0,0.9997334,0.24676952,0,0.9272509
907,Pass,0,0.9996151,0.11480466,0,0.9672455
908,Pass,0,0.9999819,0.06638061,0,0.98232204
909,Pass,0,0.99874216,0.36018535,0,0.89189446
910,Pass,0,0.999997,0.07904503,0,0.9784867
911,Pass,0,0.9999821,0.06428692,0,0.9829588
912,Pass,0,0.99999774,0.09197494,0,0.97455645
913,Pass,0,0.9974806,0.1784432,0,0.94588166
914,Pass,0,0.99999285,0.09245853,0,0.9744047
915,Pass,0,0.999503,0.23384146,0,0.9309657
916,Pass,0,0.9823255,0.31260875,0,0.8914426
917,Pass,0,0.9999411,0.07383076,0,0.9800171
918,Pass,0,0.9971957,0.033388425,0,0.9895872
919,Pass,0,0.999874,0.14869541,0,0.957194
920,Pass,0,0.9990845,0.049918678,0,0.9864406
921,Pass,0,0.9999988,0.107350916,0,0.96988297
922,Pass,0,0.9997054,0.27315873,0,0.91920453
923,Pass,0,0.99999964,0.07584896,0,0.9794609
924,Pass,0,0.91346097,1.5550582,0,0.48390976
925,Pass,0,0.9999989,0.08917518,0,0.9754088
926,Pass,0,0.80116314,0.6184923,0,0.6525374
927,Pass,0,0.99997544,0.13111939,0,0.9626344
928,Pass,0,0.9975642,0.27291685,0,0.91730917
929,Pass,0,0.9991062,0.08116956,0,0.9769697
930,Pass,0,0.9706609,0.4922785,0,0.8278369
931,Pass,0,0.99974245,0.24484468,0,0.9278444
932,Pass,0,0.99981827,0.27035514,0,0.92016053
933,Pass,0,0.99997497,0.11277783,0,0.96821
934,Pass,0,0.99999905,0.23326363,0,0.9316034
935,Pass,0,0.99999833,0.14881277,0,0.9572773
936,Pass,0,0.6740925,1.3321425,0,0.40278685
937,Pass,0,0.9999999,0.048810534,0,0.9876813
938,Pass,0,0.95593166,0.82081723,0,0.7197946
939,Pass,0,0.9580291,0.73332906,0,0.7468556
940,Pass,0,0.9999225,0.39617825,0,0.8820068
941,Pass,0,0.9999902,0.059399977,0,0.9844525
942,Pass,0,0.99999976,0.0633097,0,0.9832732
943,Pass,0,0.99582183,0.41388515,0,0.87302905
944,Pass,0,0.9148068,0.7177905,0,0.71748215
945,Pass,0,0.9999994,0.027215974,0,0.994246
946,Pass,0,0.99903476,0.20106809,0,0.9404836
947,Pass,0,0.70930797,1.6397014,0,0.35750616
948,Pass,0,0.99977976,0.04413622,0,0.9888847
949,Pass,0,0.9994435,0.07088188,0,0.9804254
950,Pass,0,0.9992712,0.33217555,0,0.9008762
951,Pass,0,0.99969995,0.81361157,0,0.7549411
952,Pass,0,0.999843,0.16315767,0,0.9527682
953,Pass,0,0.99997115,0.13569742,0,0.9612385
954,Pass,0,0.99993026,0.117190346,0,0.9668253
955,Pass,0,0.99880695,0.16202429,0,0.95212513
956,Pass,0,0.96685475,0.44936988,0,0.8372034
957,Pass,0,0.99586856,0.40285558,0,0.87640935
958,Pass,0,0.98677444,0.40306956,0,0.8683419
959,Pass,0,0.9843401,0.52595204,0,0.82942617
960,Pass,0,0.9870864,0.49723724,0,0.84035736
961,Pass,0,0.99999905,0.047074597,0,0.9882083
962,Pass,0,0.998288,0.19309665,0,0.9422
963,Pass,0,0.9972179,0.07274103,0,0.9776786
964,Pass,0,0.9982488,0.0936226,0,0.97235197
965,Pass,0,0.783561,0.5705008,0,0.6496331
966,Pass,0,0.9924367,0.1168424,0,0.95968485
967,Pass,0,0.9999392,0.016755937,0,0.997366
968,Pass,0,0.9999852,0.14978795,0,0.9569683
969,Pass,0,0.8575061,0.5768771,0,0.70927703
970,Pass,0,0.9999957,0.103624776,0,0.9710127
971,Pass,0,0.9999896,0.15247363,0,0.9561561
972,Pass,0,0.9999999,0.0382685,0,0.99088633
973,Pass,0,0.99999976,0.074554525,0,0.9798546
974,Pass,0,0.9999993,0.06850409,0,0.98169357
975,Pass,0,0.9997596,0.25839767,0,0.923741
976,Pass,0,0.99101955,0.34970337,0,0.8881562
977,Pass,0,0.9991007,0.12584803,0,0.96339345
978,Pass,0,0.9999999,0.09462251,0,0.97375363
979,Pass,0,0.9991456,0.06553262,0,0.9817581
980,Pass,0,0.99999785,0.084848106,0,0.9767233
981,Pass,0,0.9999436,0.07510245,0,0.979633
982,Pass,0,0.99411535,0.2455202,0,0.9224178
983,Pass,0,0.9999901,0.10396651,0,0.9709034
984,Pass,0,0.9987663,0.04293922,0,0.9882457
985,Pass,0,0.9999895,0.06700243,0,0.9821405
986,Pass,0,0.9999678,0.1268865,0,0.96391386
987,Pass,0,0.9999223,0.38901672,0,0.8841837
988,Pass,0,0.9922376,0.07554001,0,0.97195154
989,Pass,0,0.9999167,0.2895931,0,0.9144029
990,Pass,0,0.9989255,0.5915671,0,0.8217894
991,Pass,0,0.9999995,0.14793018,0,0.9575468
992,Pass,0,0.99886835,0.16331562,0,0.95179147
993,Pass,0,0.9999093,0.3168259,0,0.9061176
994,Pass,0,0.9963546,0.070425175,0,0.97753364
995,Pass,0,0.99031395,0.34167466,0,0.88994104
996,Pass,0,0.99999547,0.08930657,0,0.9753655
997,Pass,0,0.99999726,0.0747417,0,0.9797952
998,Pass,0,0.9981831,0.44249338,0,0.86641747
999,Pass,0,0.9771558,0.38650542,0,0.8647985
1000,Pass,0,0.9943929,0.26145428,0,0.91785824
1001,Pass,0,0.9995085,0.115281194,0,0.9669976
1002,Pass,0,0.99407804,0.27354583,0,0.91391337
1003,Pass,0,0.99928004,0.355846,0,0.89369303
1004,Pass,0,0.9987576,0.05373342,0,0.9849596
1005,Pass,0,0.9998354,0.15136196,0,0.95634645
1006,Pass,0,0.9994917,0.07640847,0,0.97879344
1007,Pass,0,0.9998872,0.14545874,0,0.95819056
1008,Pass,0,0.9996891,0.034950107,0,0.9915869
1009,Pass,0,0.9998529,0.08677847,0,0.9759949
1010,Pass,0,0.99911994,0.25248,0,0.92494744
1011,Pass,0,0.99965286,0.030917196,0,0.99277663
1012,Pass,0,0.9987483,0.22828391,0,0.9319503
1013,Pass,0,0.99975926,0.18756549,0,0.94526976
1014,Pass,0,0.6371426,3.2975638,0,0.0
1015,Pass,0,0.9997868,0.14731538,0,0.95752996
1016,Pass,0,0.9999802,0.17607969,0,0.9489705
1017,Pass,0,0.9999895,0.13441475,0,0.96164614
1018,Pass,0,0.999974,0.18573898,0,0.9460281
1019,Pass,0,0.99989235,0.009721137,0,0.9994578
1020,Pass,0,0.9999621,0.10460426,0,0.9706824
1021,Pass,0,0.97025067,0.28416547,0,0.88887495
1022,Pass,0,0.9999261,0.27639446,0,0.91842383
1023,Pass,0,0.99781895,0.20321836,0,0.9386868
1024,Pass,0,0.99825865,0.24641177,0,0.9259917
1025,Pass,0,0.9999763,0.030960375,0,0.9930847
1026,Pass,0,0.9767721,0.48377362,0,0.83557445
1027,Pass,0,0.9997123,0.06395896,0,0.9827932
1028,Pass,0,0.9999901,0.12991303,0,0.96301526
1029,Pass,0,0.99993896,0.17455599,0,0.9493946
1030,Pass,0,0.9997316,0.104466245,0,0.9705006
1031,Pass,0,0.99999356,0.19903721,0,0.94200367
1032,Pass,0,0.7906207,0.6183541,0,0.64398396
1033,Pass,0,0.9177657,1.2888566,0,0.56046516
1034,Pass,0,0.99997187,0.23183013,0,0.93201387
1035,Pass,0,0.999995,0.13121267,0,0.96262485
1036,Pass,0,0.99999833,0.053759456,0,0.98617524
1037,Pass,0,0.9998565,0.12060255,0,0.9657167
1038,Pass,0,0.99161655,0.048887476,0,0.9793781
1039,Pass,0,0.5454783,1.222379,0,0.3441394
1040,Pass,0,0.99349993,0.05457807,0,0.9795194
1041,Pass,0,0.9999999,0.046042006,0,0.988523
1042,Pass,0,0.99998415,0.108020276,0,0.9696652
1043,Pass,0,0.9997774,0.16119282,0,0.9533029
1044,Pass,0,0.96568674,0.88097227,0,0.7094792
1045,Pass,0,0.99074614,0.37607273,0,0.87996846
1046,Pass,0,0.99999595,0.12294269,0,0.96514
1047,Pass,0,0.9999944,0.19164693,0,0.94425124
1048,Pass,0,0.999918,0.18446958,0,0.946361
1049,Pass,0,1.0,0.11221641,0,0.9684049
1050,Pass,0,0.99038225,0.5121949,0,0.8386597
1051,Pass,0,0.99743277,0.3313132,0,0.8994803
1052,Pass,0,0.9982899,0.38121563,0,0.8851079
1053,Pass,0,0.9999958,0.1833797,0,0.946766
1054,Pass,0,0.9996984,0.062306,0,0.9832819
1055,Pass,0,0.99912554,0.42702788,0,0.8719332
1056,Pass,0,0.9999639,0.2795488,0,0.9174996
1057,Pass,0,0.9999771,0.17156185,0,0.95034105
1058,Pass,0,0.99998033,0.09766973,0,0.97280824
1059,Pass,0,0.99925333,0.1420231,0,0.9586268
1060,Pass,0,0.99917597,0.24143954,0,0.928353
1061,Pass,0,0.997482,0.26197734,0,0.920551
1062,Pass,0,0.8053227,0.60811603,0,0.6584658
1063,Pass,0,0.99982774,0.16485564,0,0.95223755
1064,Pass,0,0.9999263,0.248071,0,0.92703426
1065,Pass,0,0.99999,0.094945095,0,0.9736459
1066,Pass,0,0.99989223,0.17765455,0,0.94840825
1067,Pass,0,0.9999163,0.19688495,0,0.9425852
1068,Pass,0,0.99704915,0.6353246,0,0.806982
1069,Pass,0,0.998899,0.28983197,0,0.9133997
1070,Pass,0,0.9999995,0.17114046,0,0.9504904
1071,Pass,0,0.9998461,0.18471745,0,0.94621754
1072,Pass,0,0.9758965,0.3973425,0,0.8604687
1073,Pass,0,0.9999789,0.36837077,0,0.89051044
1074,Pass,0,0.9999397,0.32201293,0,0.9045683
1075,Pass,0,0.9977939,0.040737245,0,0.9879516
1076,Pass,0,0.9999852,0.21288079,0,0.9377872
1077,Pass,0,0.99981385,0.15358368,0,0.95565057
1078,Pass,0,0.99874014,0.2725265,0,0.918509
1079,Pass,0,0.99880767,0.25889564,0,0.9227102
1080,Pass,0,0.99377406,0.2896557,0,0.9087667
1081,Pass,0,0.99578166,0.46531293,0,0.85742474
1082,Pass,0,0.9992768,0.32458267,0,0.903188
1083,Pass,0,0.99941623,0.027411079,0,0.9936069
1084,Pass,0,0.99999976,0.078333355,0,0.97870576
1085,Pass,0,0.9999602,0.12930739,0,0.9631706
1086,Pass,0,0.99825126,0.38984618,0,0.8824544
1087,Pass,0,0.999982,0.13418135,0,0.96170986
1088,Pass,0,0.99991536,0.17356963,0,0.949672
1089,Pass,0,0.9992482,0.36951298,0,0.8895127
1090,Pass,0,0.996756,0.30612752,0,0.90650207
1091,Pass,0,0.99977094,0.19732173,0,0.9423154
1092,Pass,0,0.9999341,0.22064856,0,0.93537784
1093,Pass,0,0.9974287,0.3208246,0,0.90265715
1094,Pass,0,0.99987495,0.09240461,0,0.9743062
1095,Pass,0,0.9999938,0.11492147,0,0.9675765
1096,Pass,0,0.9928362,0.1870403,0,0.93888247
1097,Pass,0,0.9982152,0.04620279,0,0.98671
1098,Pass,0,0.99936944,0.20068367,0,0.9409155
1099,Pass,0,0.999915,0.13908236,0,0.96015555
1100,Pass,0,0.9999932,0.14533292,0,0.9583304
1101,Pass,0,0.9815456,0.51282847,0,0.8309877
1102,Pass,0,1.0,0.10522027,0,0.9705319
1103,Pass,0,0.9989524,0.31491798,0,0.90582985
1104,Pass,0,0.9999858,0.063202545,0,0.9832921
1105,Pass,0,0.99998915,0.16225591,0,0.9531816
1106,Pass,0,1.0,0.08456428,0,0.97681165
1107,Pass,0,0.9361578,0.8161218,0,0.7062417
1108,Pass,0,0.99986184,0.11645903,0,0.9669814
1109,Pass,0,0.9999964,0.0674113,0,0.98202294
1110,Pass,0,0.99982786,0.07726395,0,0.9788626
1111,Pass,0,0.9999987,0.17115106,0,0.9504864
1112,Pass,0,0.8751371,1.1398271,0,0.57408303
1113,Pass,0,1.0,0.04109108,0,0.9900283
1114,Pass,0,0.7920714,0.31944993,0,0.71714306
1115,Pass,0,0.9999738,0.18005458,0,0.947756
1116,Pass,0,0.9999392,0.2075771,0,0.9393564
1117,Pass,0,0.9999039,0.08972392,0,0.97514933
1118,Pass,0,0.9999913,0.24815936,0,0.92706764
1119,Pass,0,0.99990404,0.5562564,0,0.8333285
1120,Pass,0,0.99999213,0.13468227,0,0.9615673
1121,Pass,0,0.94827986,0.46443436,0,0.8167763
1122,Pass,0,0.9946116,0.27140412,0,0.9150515
1123,Pass,0,1.0,0.039996684,0,0.99036103
1124,Pass,0,0.9970982,0.4217889,0,0.8717521
1125,Pass,0,0.9999417,0.2539643,0,0.92525697
1126,Pass,0,0.9998957,0.24060148,0,0.9292765
1127,Pass,0,0.9999527,0.10926096,0,0.96925753
1128,Pass,0,0.91791713,1.3003896,0,0.5573392
1129,Pass,0,0.9996151,0.06930236,0,0.9810738
1130,Pass,0,0.99985003,0.14324562,0,0.9588276
1131,Pass,0,0.9985707,0.39195007,0,0.8820981
1132,Pass,0,0.99998,0.11934326,0,0.9662188
1133,Pass,0,0.9995203,0.16972372,0,0.95046544
1134,Pass,0,0.99999905,0.088246554,0,0.9756912
1135,Pass,0,0.9999882,0.15847954,0,0.9543288
1136,Pass,0,0.99948645,0.09919537,0,0.97186416
1137,Pass,0,0.9988018,0.057133168,0,0.9839708
1138,Pass,0,0.96862227,0.56446016,0,0.8048422
1139,Pass,0,0.9991937,0.1277977,0,0.96289086
1140,Pass,0,0.9999707,0.12263987,0,0.96520764
1141,Pass,0,0.9999423,0.11874712,0,0.9663637
1142,Pass,0,0.9987795,0.07398889,0,0.97883064
1143,Pass,0,0.9899143,0.5089401,0,0.83924294
1144,Pass,0,0.9999963,0.14558701,0,0.95825607
1145,Pass,0,0.99576604,0.4269397,0,0.8690281
1146,Pass,0,0.99999607,0.10360201,0,0.97102004
1147,Pass,0,0.6886713,0.567257,0,0.57164127
1148,Pass,0,0.99990475,0.08878174,0,0.97543657
1149,Pass,0,0.9999964,0.23616211,0,0.93071973
1150,Pass,0,0.9997663,0.1350993,0,0.96122336
1151,Pass,0,0.99817085,0.24384049,0,0.9266906
1152,Pass,0,0.9995839,0.13749151,0,0.960321
1153,Pass,0,0.99938154,0.35078087,0,0.8953228
1154,Pass,0,0.9997527,0.06629282,0,0.98212355
1155,Pass,0,0.99980766,0.1506978,0,0.9565218
1156,Pass,0,0.9872951,0.37553203,0,0.8770656
1157,Pass,0,0.99960023,0.24092036,0,0.92890495
1158,Pass,0,0.9999964,0.16922693,0,0.95106924
1159,Pass,0,0.99966145,0.18399902,0,0.94626117
1160,Pass,0,0.9999436,0.15066722,0,0.95666116
1161,Pass,0,0.9999764,0.21288005,0,0.9377792
1162,Pass,0,0.9999995,0.15475805,0,0.955471
1163,Pass,0,0.99998546,0.102875896,0,0.97123045
1164,Pass,0,0.9990435,0.30880812,0,0.90776825
1165,Pass,0,0.99995184,0.19458394,0,0.94331825
1166,Pass,0,0.7324417,0.6896748,0,0.58071405
1167,Pass,0,0.9978976,0.14013998,0,0.95789754
1168,Pass,0,0.99999607,0.13451856,0,0.96162087
1169,Pass,0,0.9991842,0.25553837,0,0.92407787
1170,Pass,0,0.9999819,0.15816182,0,0.9544194
1171,Pass,0,0.99999404,0.11538305,0,0.9674364
1172,Pass,0,0.99999917,0.070949234,0,0.98095006
1173,Pass,0,0.99779093,0.35178962,0,0.89359176
1174,Pass,0,0.99999845,0.035068844,0,0.99185765
1175,Pass,0,0.9999782,0.09146371,0,0.9746928
1176,Pass,0,0.9994992,0.1722848,0,0.94966716
1177,Pass,0,0.9999981,0.07643232,0,0.9792821
1178,Pass,0,0.46153793,0.87367207,0,0.34011108
1179,Pass,0,0.9911089,0.05705158,0,0.9764167
1180,Pass,0,0.99995494,0.036641233,0,0.9913365
1181,Pass,0,0.89619696,0.31616658,0,0.81231314
1182,Pass,0,0.5768878,1.0946035,0,0.38636535
1183,Pass,0,0.9994803,0.15561974,0,0.9547131
1184,Pass,0,0.9987134,0.20994914,0,0.93748456
1185,Pass,0,0.99997914,0.26268283,0,0.92264104
1186,Pass,0,0.99998987,0.12439708,0,0.964692
1187,Pass,0,0.99976987,0.24284092,0,0.9284789
1188,Pass,0,0.99997246,0.06384365,0,0.9830841
1189,Pass,0,0.99438286,0.042798236,0,0.9839511
1190,Pass,0,0.9999994,0.11705768,0,0.9669325
1191,Pass,0,0.99532986,0.35382918,0,0.8907706
1192,Pass,0,0.704547,0.98853153,0,0.4945841
1193,Pass,0,0.9998043,0.057241835,0,0.98492545
1194,Pass,0,0.9977043,0.43443274,0,0.8684469
1195,Pass,0,0.99999344,0.094486624,0,0.9737887
1196,Pass,0,0.9999417,0.0622581,0,0.9835358
1197,Pass,0,0.99986446,0.12896413,0,0.9631827
1198,Pass,0,0.99996495,0.27471754,0,0.91896933
1199,Pass,0,0.9999988,0.08565426,0,0.9764791
1200,Pass,0,0.99430376,0.39528224,0,0.87732154
1201,Pass,0,0.999629,0.08936421,0,0.97499055
1202,Pass,0,0.5444613,0.705927,0,0.42898422
1203,Pass,0,0.99997795,0.16379598,0,0.9527027
1204,Pass,0,0.99837434,0.29820538,0,0.9103784
1205,Pass,0,0.9999999,0.06523202,0,0.9826889
1206,Pass,0,0.99676347,0.17957482,0,0.94485873
1207,Pass,0,0.99999714,0.08155211,0,0.9777246
1208,Pass,0,0.99898785,0.35141987,0,0.894776
1209,Pass,0,0.9886757,0.2055796,0,0.92937565
1210,Pass,0,0.9999926,0.17919287,0,0.9480358
1211,Pass,0,0.9999521,0.04824482,0,0.98780614
1212,Pass,0,0.99268746,0.64321935,0,0.80106914
1213,Pass,0,0.9999418,0.015602098,0,0.9977194
1214,Pass,0,0.9990908,0.09075958,0,0.9740417
1215,Pass,0,0.99990463,0.17583123,0,0.94897425
1216,Pass,0,0.9887121,0.24892765,0,0.91638005
1217,Pass,0,0.9973437,0.26510304,0,0.9194756
1218,Pass,0,0.99975973,0.12770481,0,0.96346456
1219,Pass,0,0.9997732,0.19765769,0,0.94221544
1220,Pass,0,0.999863,0.1473145,0,0.9576032
1221,Pass,0,0.99999857,0.12262266,0,0.9652398
1222,Pass,0,0.99999344,0.11005289,0,0.96905625
1223,Pass,0,0.99872106,0.17036591,0,0.94951046
1224,Pass,0,0.93780524,0.5355354,0,0.78748256
1225,Pass,0,0.9999981,0.106950425,0,0.970004
1226,Pass,0,0.97237587,2.5208802,0,0.22960347
1227,Pass,0,0.9996711,0.3337924,0,0.90074533
1228,Pass,0,0.99598855,0.25173378,0,0.9222745
1229,Pass,0,0.9998698,0.15224111,0,0.9561122
1230,Pass,0,0.9999238,0.119240165,0,0.96619594
1231,Pass,0,0.9998343,0.24267167,0,0.9285902
1232,Pass,0,0.71040916,0.7838077,0,0.54291505
1233,Pass,0,0.999859,0.19783062,0,0.9422437
1234,Pass,0,0.9997416,0.3774847,0,0.887529
1235,Pass,0,0.99992025,0.093825,0,0.97391856
1236,Pass,0,0.99980444,0.059622608,0,0.98420185
1237,Pass,0,0.9999151,0.082700446,0,0.97729534
1238,Pass,0,0.9999124,0.021116717,0,0.99601364
1239,Pass,0,0.81832325,0.35457274,0,0.7321735
1240,Pass,0,0.9972754,0.20893672,0,0.9364417
1241,Pass,0,0.99989724,0.2924752,0,0.913509
1242,Pass,0,0.79571205,2.1623733,0,0.2746154
1243,Pass,0,0.9982035,0.32337388,0,0.9025847
1244,Pass,0,0.99890363,0.4124657,0,0.8761619
1245,Pass,0,0.99999464,0.09843394,0,0.9725898
1246,Pass,0,0.9993963,0.10901399,0,0.9687933
1247,Pass,0,0.6475819,1.247517,0,0.40360695
1248,Pass,0,0.9669875,0.6307475,0,0.7839965
1249,Pass,0,0.9999937,0.11109444,0,0.96873987
1250,Pass,0,0.9997508,0.17581862,0,0.94883215
1251,Pass,0,0.9988256,0.3682148,0,0.8895307
1252,Pass,0,0.99967885,0.30401966,0,0.9098008
1253,Pass,0,0.96340466,0.33963567,0,0.8663563
1254,Pass,0,0.99975175,0.038237542,0,0.9906499
1255,Pass,0,0.99981445,0.12212412,0,0.96521366
1256,Pass,0,0.99985576,0.21626239,0,0.9366379
1257,Pass,0,0.99987805,0.03812009,0,0.99081075
1258,Pass,0,0.9998665,0.18578632,0,0.94591194
1259,Pass,0,0.99906355,0.25079396,0,0.9254073
1260,Pass,0,0.5236862,1.1824298,0,0.3367512
1261,Pass,0,0.9999914,0.09392521,0,0.9739574
1262,Pass,0,0.9999441,0.15016034,0,0.9568157
1263,Pass,0,0.96846807,0.7519002,0,0.74952567
1264,Pass,0,0.99864334,0.26681328,0,0.9201546
1265,Pass,0,0.99994135,0.120343894,0,0.96587735
1266,Pass,0,0.9999949,0.13272564,0,0.96216476
1267,Pass,0,0.9999807,0.20921108,0,0.93889856
1268,Pass,0,0.9999968,0.10202681,0,0.9714996
1269,Pass,0,0.99986804,0.29375485,0,0.9130933
1270,Pass,0,0.9781448,0.60188013,0,0.80162686
1271,Pass,0,0.9998932,0.078904234,0,0.9784279
1272,Pass,0,0.9999951,0.303099,0,0.91036856
1273,Pass,0,0.99788433,0.25577262,0,0.92280465
1274,Pass,0,0.9235439,0.19969891,0,0.8698015
1275,Pass,0,0.99998844,0.13965471,0,0.9600521
1276,Pass,0,0.99999416,0.16108014,0,0.95354384
1277,Pass,0,0.99941146,0.26374555,0,0.9217944
1278,Pass,0,1.0,0.04427346,0,0.9890608
1279,Pass,0,0.84514856,0.26946762,0,0.7780417
1280,Pass,0,0.9995565,0.032298755,0,0.99226105
1281,Pass,0,0.998505,0.39468694,0,0.8812092
1282,Pass,0,0.99277943,0.47032008,0,0.8533284
1283,Pass,0,0.99036306,0.40612772,0,0.870579
1284,Pass,0,0.9999993,0.088100195,0,0.97573596
1285,Pass,0,0.9999751,0.258889,0,0.9237907
1286,Pass,0,0.9999813,0.24862662,0,0.9269163
1287,Pass,0,0.9998934,0.27050844,0,0.9201831
1288,Pass,0,0.9996555,0.18490687,0,0.9459796
1289,Pass,0,0.99948394,0.4774906,0,0.8569123
1290,Pass,0,0.6032222,0.91939884,0,0.43613347
1291,Pass,0,0.9999809,0.16648948,0,0.9518867
1292,Pass,0,0.9992267,0.52050126,0,0.8436258
1293,Pass,0,0.9999981,0.12275141,0,0.9652002
1294,Pass,0,0.9999864,0.057181045,0,0.9851233
1295,Pass,0,0.9998733,0.034679633,0,0.9918518
1296,Pass,0,0.99841154,0.45418602,0,0.8630667
1297,Pass,0,0.9999924,0.083353154,0,0.97717243
1298,Pass,0,0.9998635,0.19676097,0,0.9425731
1299,Pass,0,0.91568464,1.2407829,0,0.5725773
1300,Pass,0,0.9997781,0.19124576,0,0.9441689
1301,Pass,0,0.99554104,0.44186258,0,0.86431515
1302,Pass,0,0.9995328,0.0551127,0,0.98530495
1303,Pass,0,0.9999212,0.30416775,0,0.9099764
1304,Pass,0,0.9999759,0.22723159,0,0.93341565
1305,Pass,0,0.9999039,0.023588264,0,0.99525386
1306,Pass,0,0.9998661,0.23476996,0,0.9310217
1307,Pass,0,0.9999933,0.16010064,0,0.9538408
1308,Pass,0,0.9999918,0.19312859,0,0.94379836
1309,Pass,0,0.9999454,0.17537351,0,0.9491522
1310,Pass,0,0.9987577,0.2567988,0,0.92330074
1311,Pass,0,0.98530364,0.45932996,0,0.8501948
1312,Pass,0,0.99784374,0.5593055,0,0.83068645
1313,Pass,0,0.99998987,0.16714866,0,0.9516948
1314,Pass,0,0.9997044,0.15112978,0,0.95629174
1315,Pass,0,0.9975616,0.42517474,0,0.87113035
1316,Pass,0,0.99994874,0.045889873,0,0.9885187
1317,Pass,0,0.9999931,0.1674222,0,0.95161474
1318,Pass,0,0.9995461,0.066124715,0,0.98197174
1319,Pass,0,0.8772857,0.9374673,0,0.62946415
1320,Pass,0,0.99914217,0.28802902,0,0.9141697
1321,Pass,0,0.99982846,0.07931764,0,0.9782389
1322,Pass,0,0.999907,0.14279228,0,0.9590201
1323,Pass,0,0.9999943,0.12553377,0,0.96435064
1324,Pass,0,0.9999529,0.26371527,0,0.92230296
1325,Pass,0,0.9967944,0.67235386,0,0.7955543
1326,Pass,0,0.8491429,0.5979718,0,0.69691384
1327,Pass,0,0.9976802,0.25112367,0,0.92402595
1328,Pass,0,0.9513673,0.7534678,0,0.73583746
1329,Pass,0,0.9994966,0.064149484,0,0.98252326
1330,Pass,0,0.9997465,0.26001054,0,0.92323864
1331,Pass,0,0.9999684,0.19943564,0,0.9418589
1332,Pass,0,1.0,0.06426471,0,0.9829831
1333,Pass,0,0.9999975,0.031661298,0,0.9928926
1334,Pass,0,0.9999695,0.13940357,0,0.9601102
1335,Pass,0,0.99899083,0.121311665,0,0.9646653
1336,Pass,0,0.9999815,0.11353552,0,0.967986
1337,Pass,0,0.9645746,0.9964441,0,0.67480016
1338,Pass,0,0.9997739,0.055907533,0,0.985301
1339,Pass,0,0.99992514,0.17726088,0,0.94855917
1340,Pass,0,0.9960006,0.20368046,0,0.9368363
1341,Pass,0,0.99999523,0.2575684,0,0.9242108
1342,Pass,0,0.9997743,0.16172327,0,0.9531387
1343,Pass,0,0.99953926,0.18650842,0,0.94538295
1344,Pass,0,0.9990219,0.32031453,0,0.9042539
1345,Pass,0,0.9999943,0.17661387,0,0.9488214
1346,Pass,0,0.9999839,0.1376211,0,0.96066594
1347,Pass,0,0.99941516,0.12677751,0,0.96341425
1348,Pass,0,0.99866533,0.26668343,0,0.92021424
1349,Pass,0,0.98535097,0.276103,0,0.905124
1350,Pass,0,0.9999515,0.022688119,0,0.9955749
1351,Pass,0,0.9994974,0.06624034,0,0.9818888
1352,Pass,0,0.99970454,0.3884789,0,0.8841547
1353,Pass,0,0.9998956,0.18664989,0,0.945677
1354,Pass,0,0.9995191,0.14696787,0,0.95737916
1355,Pass,0,0.8781426,0.78061306,0,0.67195463
1356,Pass,0,0.93001306,0.67879015,0,0.7404354
1357,Pass,0,0.90986407,0.38486618,0,0.8056977
1358,Pass,0,0.99879336,0.088586934,0,0.9744115
1359,Pass,0,0.99998987,0.056003902,0,0.98548454
1360,Pass,0,0.9989048,0.050245266,0,0.98616403
1361,Pass,0,0.9999355,0.08328455,0,0.97713774
1362,Pass,0,0.99999964,0.105162464,0,0.97054905
1363,Pass,0,0.9949528,0.5023972,0,0.8454937
1364,Pass,0,0.9674653,0.8157519,0,0.729969
1365,Pass,0,0.99834013,0.49293628,0,0.8512437
1366,Pass,0,0.9999503,0.26858386,0,0.9208205
1367,Pass,0,0.99998856,0.09386201,0,0.9739738
1368,Pass,0,0.9908586,0.105837524,0,0.9614739
1369,Pass,0,0.99998724,0.08805492,0,0.975738
1370,Pass,0,0.9997428,0.20432624,0,0.9401599
1371,Pass,0,0.9999982,0.10816229,0,0.96963567
1372,Pass,0,0.9999074,0.25704145,0,0.9242898
1373,Pass,0,0.99999964,0.024825683,0,0.99497294
1374,Pass,0,0.99996924,0.16215836,0,0.9531923
1375,Pass,0,0.99989676,0.04152195,0,0.9897951
1376,Pass,0,0.9999994,0.10542379,0,0.97046936
1377,Pass,0,0.999816,0.17530647,0,0.9490497
1378,Pass,0,0.7094475,0.56306136,0,0.5897918
1379,Pass,0,0.9999981,0.10468794,0,0.97069186
1380,Pass,0,0.99892235,0.22102617,0,0.93431675
1381,Pass,0,0.99994445,0.15440483,0,0.9555257
1382,Pass,0,0.9998746,0.42558694,0,0.87302494
1383,Pass,0,0.9992446,0.33224183,0,0.90083206
1384,Pass,0,0.9997644,0.19483373,0,0.9430654
1385,Pass,0,0.9991186,0.148675,0,0.95647705
1386,Pass,0,0.99991226,0.2799087,0,0.91734284
1387,Pass,0,0.999992,0.19478258,0,0.9432957
1388,Pass,0,0.99998975,0.1330094,0,0.9620736
1389,Pass,0,0.99999666,0.10847558,0,0.969539
1390,Pass,0,0.9999664,0.12805118,0,0.9635585
1391,Pass,0,0.99256116,0.34065303,0,0.8922688
1392,Pass,0,0.9986154,0.013162984,0,0.9971364
1393,Pass,0,0.60317427,1.3916869,0,0.34949243
1394,Pass,0,0.99350387,0.48305294,0,0.85010517
1395,Pass,0,0.9944088,0.46223772,0,0.8571723
1396,Pass,0,0.99989915,0.130515,0,0.9627447
1397,Pass,0,0.9993592,0.23728067,0,0.9297868
1398,Pass,0,0.9999368,0.110905565,0,0.9687422
1399,Pass,0,0.99989486,0.11650048,0,0.9670008
1400,Pass,0,0.999967,0.079283595,0,0.9783848
1401,Pass,0,0.99990976,0.16783646,0,0.95140946
1402,Pass,0,0.98965096,0.6427503,0,0.7987599
1403,Pass,0,0.5940707,0.20211361,0,0.55906475
1404,Pass,0,0.99948126,0.21082132,0,0.93794036
1405,Pass,0,0.999684,0.14387189,0,0.9584781
1406,Pass,0,0.99829,0.21605875,0,0.9352329
1407,Pass,0,0.99999976,0.0665213,0,0.9822968
1408,Pass,0,0.99996257,0.10057049,0,0.9719091
1409,Pass,0,0.99914014,0.33500403,0,0.8998989
1410,Pass,0,0.99973625,0.24333383,0,0.9282978
1411,Pass,0,0.9977081,0.3414231,0,0.896662
1412,Pass,0,0.9997135,0.18744785,0,0.94526225
1413,Pass,0,0.998776,0.36690524,0,0.88988423
1414,Pass,0,0.90502405,0.634251,0,0.73279494
1415,Pass,0,0.95713985,0.31071445,0,0.8691383
1416,Pass,0,0.99996066,0.059105758,0,0.9845128
1417,Pass,0,0.9998305,0.24058665,0,0.92922044
1418,Pass,0,0.99940085,0.25179178,0,0.9254166
1419,Pass,0,0.9999291,0.12408973,0,0.96472675
1420,Pass,0,0.9999943,0.07136426,0,0.9808191
1421,Pass,0,0.99999714,0.18171163,0,0.9472744
1422,Pass,0,0.9835249,0.6408065,0,0.7943967
1423,Pass,0,0.9999558,0.07628162,0,0.97928643
1424,Pass,0,0.999617,0.0842976,0,0.9765185
1425,Pass,0,0.9931217,0.7879454,0,0.75772274
1426,Pass,0,0.99999917,0.08267789,0,0.9773843
1427,Pass,0,0.9816793,0.577703,0,0.81173915
1428,Pass,0,0.9997292,0.17047365,0,0.9504362
1429,Pass,0,0.97144103,0.49046564,0,0.8290376
1430,Pass,0,0.9997613,0.040338784,0,0.99002063
1431,Pass,0,0.9999914,0.14878659,0,0.95727867
1432,Pass,0,0.99999714,0.06413908,0,0.9830185
1433,Pass,0,0.99876994,0.413952,0,0.8755933
1434,Pass,0,0.999884,0.04727006,0,0.9880352
1435,Pass,0,0.999138,0.17220229,0,0.94934905
1436,Pass,0,0.9972332,0.22434145,0,0.93173176
1437,Pass,0,0.9985831,0.32217726,0,0.90329117
1438,Pass,0,0.99382377,0.29333156,0,0.9077015
1439,Pass,0,0.99858296,0.1337985,0,0.9604806
1440,Pass,0,0.80679196,0.44978058,0,0.6985036
1441,Pass,0,0.99905616,0.44404855,0,0.866703
1442,Pass,0,0.999995,0.0777618,0,0.97887486
1443,Pass,0,0.9999969,0.066387884,0,0.98233455
1444,Pass,0,0.9960408,0.4409367,0,0.8650294
1445,Pass,0,0.99990535,0.20847549,0,0.93905145
1446,Pass,0,0.9999809,0.0684621,0,0.9816883
1447,Pass,0,0.90914786,0.600224,0,0.74553895
1448,Pass,0,0.99983966,0.07462014,0,0.97967774
1449,Pass,0,0.9998122,0.299211,0,0.91138387
1450,Pass,0,0.99999166,0.13422452,0,0.961706
1451,Pass,0,0.9997985,0.26715386,0,0.92111534
1452,Pass,0,0.99998736,0.03716148,0,0.99121046
1453,Pass,0,0.99852365,0.2709797,0,0.91877943
1454,Pass,0,0.9998739,0.13284326,0,0.9620126
1455,Pass,0,0.99885654,0.08428843,0,0.97577846
1456,Pass,0,0.99997747,0.12207291,0,0.96538657
1457,Pass,0,0.9999982,0.061360605,0,0.98386425
1458,Pass,0,0.9998454,0.17398126,0,0.9494804
1459,Pass,0,0.88790476,0.9505083,0,0.63356316
1460,Pass,0,0.9999963,0.14808778,0,0.9574958
1461,Pass,0,0.9999515,0.14482209,0,0.95844567
1462,Pass,0,0.99798834,0.2770102,0,0.9164572
1463,Pass,0,0.99908245,0.25745225,0,0.9234024
1464,Pass,0,0.99708694,0.40862286,0,0.8757333
1465,Pass,0,0.93287075,0.36286196,0,0.832311
1466,Pass,0,0.99936503,0.56655115,0,0.82975143
1467,Pass,0,0.99918777,0.3355745,0,0.8997685
1468,Pass,0,0.99851674,0.35807347,0,0.8923342
1469,Pass,0,0.9780295,0.5574268,0,0.81475
1470,Pass,0,0.9995902,0.27886337,0,0.9173651
1471,Pass,0,0.9999937,0.14473046,0,0.9585139
1472,Pass,0,0.99757165,0.24417555,0,0.92603266
1473,Pass,0,0.9999969,0.106436476,0,0.9701591
1474,Pass,0,0.9999726,0.29834098,0,0.9117946
1475,Pass,0,0.99919385,0.2872428,0,0.91445583
1476,Pass,0,0.99979895,0.2238549,0,0.9342768
1477,Pass,0,0.99887043,0.5283821,0,0.8409318
1478,Pass,0,0.9999238,0.10046421,0,0.97190374
1479,Pass,0,0.9999994,0.04779912,0,0.98798835
1480,Pass,0,0.9999894,0.08558281,0,0.97649163
1481,Pass,0,0.99915266,0.343183,0,0.89742565
1482,Pass,0,0.9997266,0.36828458,0,0.8903119
1483,Pass,0,0.99830997,0.052730914,0,0.9848224
1484,Pass,0,0.998522,0.05484228,0,0.9843906
1485,Pass,0,0.999995,0.10800141,0,0.9696815
1486,Pass,0,0.99583805,0.3378218,0,0.8960716
1487,Pass,0,0.99999917,0.06704256,0,0.98213774
1488,Pass,0,0.9909123,0.37087384,0,0.88168234
1489,Pass,0,0.99999785,0.1364659,0,0.96103054
1490,Pass,0,0.9945834,0.37246013,0,0.8844691
1491,Pass,0,0.9999995,0.092812575,0,0.97430354
1492,Pass,0,0.9972664,0.21073526,0,0.935888
1493,Pass,0,0.99999964,0.11599827,0,0.96725476
1494,Pass,0,0.9992173,0.22447002,0,0.9335464
1495,Pass,0,0.9998492,0.2454379,0,0.9277631
1496,Pass,0,0.9840147,0.47093007,0,0.8456123
1497,Pass,0,0.9995913,0.16000415,0,0.9534867
1498,Pass,0,0.9999913,0.1695837,0,0.95095587
1499,Pass,0,0.99996734,0.20283751,0,0.9408236
1500,Pass,0,0.9017117,0.52410096,0,0.7603092
1501,Pass,0,0.99990785,0.090454295,0,0.9749312
1502,Pass,0,0.99731296,0.2693556,0,0.9181579
1503,Pass,0,0.9997478,0.2008732,0,0.9412142
1504,Pass,0,0.9998292,0.13523126,0,0.96124375
1505,Pass,0,0.9969381,0.18007183,0,0.94487363
1506,Pass,0,0.9999974,0.1748672,0,0.94935536
1507,Pass,0,0.99929893,0.1258238,0,0.96359193
1508,Pass,0,0.93182707,0.36292246,0,0.83136266
1509,Pass,0,0.9471208,0.70797914,0,0.74565107
1510,Pass,0,0.9999951,0.0867256,0,0.9761498
1511,Pass,0,0.9968681,0.4001323,0,0.8781143
1512,Pass,0,0.9999715,0.13160937,0,0.9624817
1513,Pass,0,0.9996667,0.12263287,0,0.96491635
1514,Pass,0,0.999696,0.15727319,0,0.9544166
1515,Pass,0,0.9999306,0.059707504,0,0.98430026
1516,Pass,0,0.9966384,0.1954325,0,0.9399353
1517,Pass,0,0.99998593,0.06392858,0,0.98307145
1518,Pass,0,0.9999298,0.12272416,0,0.96514255
1519,Pass,0,0.9999424,0.11478318,0,0.9675688
1520,Pass,0,0.9658639,0.33293942,0,0.8705341
1521,Pass,0,1.0,0.089896634,0,0.9751905
1522,Pass,0,0.77087677,1.1631924,0,0.50021315
1523,Pass,0,0.96155745,0.5097364,0,0.81496936
1524,Pass,0,0.99999595,0.09924492,0,0.9723445
1525,Pass,0,0.99983156,0.30590054,0,0.90936816
1526,Pass,0,0.99976426,0.28163692,0,0.91668177
1527,Pass,0,0.47431606,0.7136932,0,0.3725965
1528,Pass,0,0.9992532,0.037552662,0,0.9903639
1529,Pass,0,0.99777716,0.10482647,0,0.96849394
1530,Pass,0,0.87078995,2.3240793,0,0.25771672
1531,Pass,0,0.9476084,0.4525683,0,0.81961644
1532,Pass,0,0.99881965,0.15139002,0,0.95536643
1533,Pass,0,0.99895656,0.3141054,0,0.9060805
1534,Pass,0,0.99981886,0.055241685,0,0.9855477
1535,Pass,0,0.99996114,0.063766174,0,0.9830965
1536,Pass,0,0.99999785,0.19314307,0,0.9437997
1537,Pass,0,0.99999714,0.20661959,0,0.9397019
1538,Pass,0,0.99969935,0.19793168,0,0.94206256
1539,Pass,0,0.9999974,0.093970425,0,0.97394943
1540,Pass,0,0.99920505,0.19929679,0,0.941182
1541,Pass,0,0.99988735,0.11382093,0,0.96780807
1542,Pass,0,0.9999815,0.16008133,0,0.9538354
1543,Pass,0,0.9967823,0.45132422,0,0.8625255
1544,Pass,0,0.9999969,0.06609886,0,0.9824225
1545,Pass,0,0.99958175,0.20551975,0,0.93964577
1546,Pass,0,0.99995756,0.1944122,0,0.94337577
1547,Pass,0,0.99912554,0.38983297,0,0.8832313
1548,Pass,0,0.99071854,0.15189916,0,0.9474644
1549,Pass,0,0.9703428,0.9405193,0,0.6953335
1550,Pass,0,0.99999535,0.12812476,0,0.963564
1551,Pass,0,0.9974141,0.46637294,0,0.85850894
1552,Pass,0,0.99992526,0.23222561,0,0.9318502
1553,Pass,0,0.7349054,0.5997659,0,0.6027553
1554,Pass,0,0.9672071,0.32731274,0,0.8733992
1555,Pass,0,0.9997098,0.046902686,0,0.98797464
1556,Pass,0,0.9999908,0.107641146,0,0.969787
1557,Pass,0,0.99995387,0.14600955,0,0.9580869
1558,Pass,0,0.9983847,0.07604225,0,0.9778205
1559,Pass,0,0.83865565,0.62414867,0,0.68163246
1560,Pass,0,0.9999982,0.06297772,0,0.98337257
1561,Pass,0,0.9999151,0.12274552,0,0.9651219
1562,Pass,0,0.99924976,0.31171763,0,0.90707177
1563,Pass,0,0.9999976,0.123205416,0,0.9650617
1564,Pass,0,0.9999567,0.17754345,0,0.9485032
1565,Pass,0,0.99956316,0.10871721,0,0.9690452
1566,Pass,0,0.92236376,0.5208488,0,0.7786346
1567,Pass,0,0.9999951,0.12884223,0,0.96334565
1568,Pass,0,0.9998902,0.1762474,0,0.9488341
1569,Pass,0,0.9972011,0.42113584,0,0.87204003
1570,Pass,0,0.6086071,1.6904114,0,0.29736802
1571,Pass,0,0.99961424,0.2926097,0,0.91320956
1572,Pass,0,0.99993813,0.17393476,0,0.9495826
1573,Pass,0,0.9999374,0.21693073,0,0.9365112
1574,Pass,0,0.99999905,0.17753038,0,0.94854736
1575,Pass,0,0.9999831,0.13472788,0,0.9615447
1576,Pass,0,0.9995975,0.19797397,0,0.94195366
1577,Pass,0,0.99999964,0.061954305,0,0.98368514
1578,Pass,0,0.999998,0.14024931,0,0.9598804
1579,Pass,0,0.9989097,0.34116662,0,0.8978198
1580,Pass,0,0.9999683,0.088012315,0,0.97573245
1581,Pass,0,0.9943258,0.5724225,0,0.82379264
1582,Pass,0,0.9998281,0.055255067,0,0.9855527
1583,Pass,0,0.9882212,0.56390995,0,0.8212925
1584,Pass,0,0.9994276,0.31848615,0,0.9051767
1585,Pass,0,0.9999987,0.14097096,0,0.9596617
1586,Pass,0,0.9995307,0.12186323,0,0.965019
1587,Pass,0,0.9858068,0.49955258,0,0.8385741
1588,Pass,0,0.9999999,0.047904566,0,0.98795676
1589,Pass,0,0.9999063,0.1035644,0,0.9709443
1590,Pass,0,0.99998486,0.10421399,0,0.97082305
1591,Pass,0,0.967702,0.33592248,0,0.87131315
1592,Pass,0,0.9999335,0.17865668,0,0.94814277
1593,Pass,0,0.9989428,0.1421418,0,0.95829284
1594,Pass,0,0.9897556,0.3942246,0,0.8736267
1595,Pass,0,0.99565923,0.17590055,0,0.9449242
1596,Pass,0,0.99981445,0.15154628,0,0.95627046
1597,Pass,0,0.9832976,0.39264917,0,0.8683974
1598,Pass,0,0.9999999,0.061304737,0,0.98388284
1599,Pass,0,0.9999988,0.1706732,0,0.9506318
1600,Pass,0,0.56612253,0.55568445,0,0.47190973
1601,Pass,0,0.99905616,0.3315005,0,0.90088737
1602,Pass,0,0.9999958,0.092413016,0,0.97442144
1603,Pass,0,0.99970955,0.048163116,0,0.9875913
1604,Pass,0,0.99998343,0.14138374,0,0.9595216
1605,Pass,0,0.99994504,0.093183994,0,0.9741376
1606,Pass,0,0.9999871,0.09016467,0,0.97509646
1607,Pass,0,0.9940883,0.3412372,0,0.893465
1608,Pass,0,0.99998593,0.092123635,0,0.97449976
1609,Pass,0,0.98725766,0.54804873,0,0.8252524
1610,Pass,0,0.99999344,0.11579618,0,0.96731025
1611,Pass,0,0.63381153,0.8051641,0,0.48026174
1612,Pass,0,0.99840873,0.21369709,0,0.93606097
1613,Pass,0,0.99999785,0.15547019,0,0.9552529
1614,Pass,0,0.99081147,0.3566786,0,0.88586855
1615,Pass,0,0.99999654,0.10113752,0,0.97176975
1616,Pass,0,0.9997633,0.15686926,0,0.95460355
1617,Pass,0,0.9644622,0.40481302,0,0.8481964
1618,Pass,0,0.99939036,0.3680926,0,0.89007086
1619,Pass,0,0.9948245,0.12416622,0,0.9597788
1620,Pass,0,0.99926645,0.25607806,0,0.92398995
1621,Pass,0,0.86322427,0.739387,0,0.67135835
1622,Pass,0,0.99977976,0.31392866,0,0.90688086
1623,Pass,0,0.999998,0.15398519,0,0.9557045
1624,Pass,0,0.99998903,0.082966544,0,0.9772867
1625,Pass,0,0.9998604,0.11621114,0,0.96705544
1626,Pass,0,0.9763634,0.7420796,0,0.7585511
1627,Pass,0,0.9999275,0.2866048,0,0.91532123
1628,Pass,0,0.99931765,0.19849226,0,0.94153255
1629,Pass,0,1.0,0.062469725,0,0.9835288
1630,Pass,0,0.9998202,0.05922686,0,0.9843377
1631,Pass,0,0.9998791,0.20096417,0,0.94131017
1632,Pass,0,0.9999945,0.048986223,0,0.9876226
1633,Pass,0,0.99992776,0.04338306,0,0.9892601
1634,Pass,0,0.81499326,0.43463373,0,0.70935714
1635,Pass,0,0.9999757,0.17461419,0,0.94941175
1636,Pass,0,0.99861753,0.15477523,0,0.9541453
1637,Pass,0,0.9989091,0.16554393,0,0.95115364
1638,Pass,0,0.99996865,0.1138609,0,0.9678746
1639,Pass,0,0.9999982,0.10569853,0,0.9703847
1640,Pass,0,0.9964586,0.33830595,0,0.89648336
1641,Pass,0,0.9867828,0.8455577,0,0.7356027
1642,Pass,0,0.9973023,0.15244757,0,0.95359445
1643,Pass,0,0.99988127,0.020398093,0,0.99620104
1644,Pass,0,0.99796414,0.14725362,0,0.9558031
1645,Pass,0,0.99998105,0.23331457,0,0.9315711
1646,Pass,0,0.99998,0.051174827,0,0.9869429
1647,Pass,0,0.99994576,0.097453415,0,0.97284037
1648,Pass,0,0.99829394,0.19938211,0,0.94029796
1649,Pass,0,0.99942845,0.22948512,0,0.9322199
1650,Pass,0,0.9996519,0.1723913,0,0.94977987
1651,Pass,0,0.9999902,0.16658078,0,0.9518678
1652,Pass,0,0.9989705,0.20784317,0,0.9383656
1653,Pass,0,0.9999807,0.2152468,0,0.93706363
1654,Pass,0,0.9986578,0.7876778,0,0.7620279
1655,Pass,0,0.99887794,0.30189642,0,0.9097167
1656,Pass,0,0.9999894,0.1273707,0,0.96378744
1657,Pass,0,0.9984492,0.0639036,0,0.98156834
1658,Pass,0,0.9995043,0.17040464,0,0.95024335
1659,Pass,0,0.9998011,0.08694346,0,0.9758942
1660,Pass,0,0.99938977,0.21010634,0,0.9380717
1661,Pass,0,0.9999591,0.106684245,0,0.9700471
1662,Pass,0,1.0,0.039479982,0,0.99051815
1663,Pass,0,0.9999629,0.16036317,0,0.953732
1664,Pass,0,0.9998832,0.1796166,0,0.94780326
1665,Pass,0,0.99997985,0.1401668,0,0.95988816
1666,Pass,0,0.9992506,0.13031286,0,0.9621816
1667,Pass,0,0.9990866,0.26220083,0,0.921964
1668,Pass,0,0.99985147,0.16012429,0,0.95369834
1669,Pass,0,0.99950325,0.24099776,0,0.9287914
1670,Pass,0,0.9999939,0.34426984,0,0.8978509
1671,Pass,0,0.9934349,0.16933215,0,0.944797
1672,Pass,0,0.99999356,0.13791141,0,0.96058697
1673,Pass,0,0.98754984,0.16788967,0,0.93963313
1674,Pass,0,0.9993647,0.110147096,0,0.96841836
1675,Pass,0,0.9999809,0.24320689,0,0.92856365
1676,Pass,0,0.99808514,0.4252012,0,0.8715795
1677,Pass,0,0.9999981,0.120277755,0,0.9659522
1678,Pass,0,0.8465793,0.62659544,0,0.68744284
1679,Pass,0,0.99998343,0.28394404,0,0.9161813
1680,Pass,0,0.99997425,0.109027885,0,0.96934927
1681,Pass,0,0.7135576,1.4443048,0,0.4020363
1682,Pass,0,0.99847335,0.33413604,0,0.89956176
1683,Pass,0,0.99999166,0.06464589,0,0.982859
1684,Pass,0,0.9999951,0.13688949,0,0.9608991
1685,Pass,0,1.0,0.037945826,0,0.99098456
1686,Pass,0,0.8773488,0.60728246,0,0.7175797
1687,Pass,0,0.9996125,0.31468233,0,0.9065001
1688,Pass,0,0.9997862,0.076983206,0,0.9789071
1689,Pass,0,0.98337513,0.48649368,0,0.84040976
1690,Pass,0,0.99647176,0.25866476,0,0.9206222
1691,Pass,0,0.881751,0.08558416,0,0.86103123
1692,Pass,0,0.99998283,0.07323414,0,0.98023945
1693,Pass,0,0.99999976,0.07958256,0,0.97832596
1694,Pass,0,0.99762875,0.43669432,0,0.86769515
1695,Pass,0,0.9710652,0.3085292,0,0.88242847
1696,Pass,0,0.9982828,0.13356091,0,0.96026397
1697,Pass,0,0.9992136,0.2703454,0,0.919607
1698,Pass,0,0.99999917,0.059779245,0,0.9843459
1699,Pass,0,0.9999951,0.06089975,0,0.9840013
1700,Pass,0,0.99992335,0.14240402,0,0.9591538
1701,Pass,0,0.9742886,0.2729087,0,0.8959085
1702,Pass,0,0.99509394,0.3921611,0,0.878963
1703,Pass,0,0.9984285,0.47225842,0,0.8575956
1704,Pass,0,0.9998307,0.064511456,0,0.9827417
1705,Pass,0,0.99997187,0.099034674,0,0.97238505
1706,Pass,0,0.99833375,0.3141926,0,0.9054891
1707,Pass,0,0.99872917,0.0697769,0,0.9800602
1708,Pass,0,0.9999987,0.083839096,0,0.9770309
1709,Pass,0,0.53482777,1.2568238,0,0.33181942
1710,Pass,0,0.9999702,0.16109318,0,0.953517
1711,Pass,0,0.9998124,0.12503918,0,0.9643256
1712,Pass,0,0.9967186,0.3066281,0,0.90631634
1713,Pass,0,0.9998771,0.15894195,0,0.95408213
1714,Pass,0,0.9999459,0.19971047,0,0.9417541
1715,Pass,0,0.9992894,0.02827333,0,0.99321884
1716,Pass,0,0.98408246,0.22112805,0,0.92040616
1717,Pass,0,0.94332904,1.0091575,0,0.656291
1718,Pass,0,0.9973719,0.36568162,0,0.88900423
1719,Pass,0,0.9999958,0.10853214,0,0.9695209
1720,Pass,0,0.9988765,0.2872881,0,0.91415167
1721,Pass,0,0.9385392,1.7308909,0,0.4470241
1722,Pass,0,0.9994505,0.2977895,0,0.9114861
1723,Pass,0,0.999987,0.047276024,0,0.98813516
1724,Pass,0,0.9996357,0.28245372,0,0.9163156
1725,Pass,0,0.9967817,0.21514489,0,0.9340969
1726,Pass,0,0.99999917,0.07865379,0,0.9786077
1727,Pass,0,0.9999566,0.063249916,0,0.98324895
1728,Pass,0,0.99985945,0.023803296,0,0.99514425
1729,Pass,0,0.99964833,0.17410176,0,0.94925666
1730,Pass,0,0.9608008,0.6769962,0,0.7654713
1731,Pass,0,0.9999888,0.09964252,0,0.97221667
1732,Pass,0,0.9832386,1.1505973,0,0.6417773
1733,Pass,0,0.9999987,0.09917246,0,0.97236925
1734,Pass,0,0.99988747,0.18842329,0,0.94513017
1735,Pass,0,0.9996847,0.1640567,0,0.9523441
1736,Pass,0,0.99961627,0.04341285,0,0.98894286
1737,Pass,0,0.9081661,1.0196694,0,0.62892526
1738,Pass,0,0.9999989,0.058725107,0,0.98466617
1739,Pass,0,0.9999523,0.08679721,0,0.97608626
1740,Pass,0,0.98180294,0.5358403,0,0.8243368
1741,Pass,0,0.99997056,0.06299949,0,0.9833388
1742,Pass,0,0.9999989,0.067917846,0,0.9818714
1743,Pass,0,0.9998055,0.24208167,0,0.92874277
1744,Pass,0,0.9999987,0.08886535,0,0.9755028
1745,Pass,0,0.9999721,0.07167385,0,0.98070323
1746,Pass,0,0.9999186,0.17667553,0,0.9487309
1747,Pass,0,0.99989736,0.2532559,0,0.92543125
1748,Pass,0,0.9966079,0.46642408,0,0.85779953
1749,Pass,0,0.9999908,0.17029381,0,0.95073956
1750,Pass,0,0.9845878,0.3211833,0,0.890929
1751,Pass,0,0.58574295,0.62975436,0,0.47507486
1752,Pass,0,0.99999774,0.10963147,0,0.9691886
1753,Pass,0,0.9996407,0.02757329,0,0.9937808
1754,Pass,0,0.9673848,0.64083874,0,0.78135073
1755,Pass,0,0.9999589,0.2484565,0,0.92694724
1756,Pass,0,0.99979705,0.1877399,0,0.9452525
1757,Pass,0,0.99974173,0.07394313,0,0.9797875
1758,Pass,0,0.99931514,0.4421148,0,0.8675151
1759,Pass,0,0.99746007,0.20078516,0,0.9390871
1760,Pass,0,0.9995728,0.14195938,0,0.95895267
1761,Pass,0,0.99970585,0.6728135,0,0.7977382
1762,Pass,0,0.99887925,0.15821688,0,0.95335025
1763,Pass,0,0.99952495,0.14156967,0,0.95902514
1764,Pass,0,0.99901736,0.10724154,0,0.9689643
1765,Pass,0,0.9999461,0.20324706,0,0.9406792
1766,Pass,0,0.99996364,0.0790416,0,0.97845507
1767,Pass,0,0.99997723,0.1387036,0,0.9603304
1768,Pass,0,0.9998938,0.100144,0,0.97197187
1769,Pass,0,0.98717797,0.27849826,0,0.90608335
1770,Pass,0,0.99999,0.09916514,0,0.972363
1771,Pass,0,0.9999825,0.102591954,0,0.97131383
1772,Pass,0,0.99897397,0.21918166,0,0.93492526
1773,Pass,0,0.5903254,0.085309714,0,0.576503
1774,Pass,0,0.95249593,0.6584776,0,0.7642173
1775,Pass,0,0.99844545,0.20148818,0,0.9398014
1776,Pass,0,0.9997552,0.19501051,0,0.94300306
1777,Pass,0,0.99985826,0.16552927,0,0.95206183
1778,Pass,0,0.99909043,0.10053121,0,0.9710733
1779,Pass,0,0.99995995,0.13255028,0,0.9621844
1780,Pass,0,0.99979514,0.029228793,0,0.99343115
1781,Pass,0,0.9997694,0.21494189,0,0.9369583
1782,Pass,0,0.9273568,0.8069153,0,0.7021978
1783,Pass,0,0.99926406,0.103234716,0,0.9704208
1784,Pass,0,0.9999969,0.13374913,0,0.9618556
1785,Pass,0,0.99901533,0.076048486,0,0.97843623
1786,Pass,0,0.9999722,0.12980713,0,0.9630302
1787,Pass,0,0.9999974,0.16126388,0,0.95349103
1788,Pass,0,0.99983394,0.16035257,0,0.95361227
1789,Pass,0,0.99550074,0.20781837,0,0.9351138
1790,Pass,0,0.979894,0.6337367,0,0.7935701
1791,Pass,0,0.9999441,0.042287096,0,0.9896094
1792,Pass,0,0.9999527,0.16075584,0,0.9536029
1793,Pass,0,0.9999951,0.18931887,0,0.9449597
1794,Pass,0,0.9993394,0.2669362,0,0.9207585
1795,Pass,0,0.99999845,0.07974181,0,0.9782763
1796,Pass,0,0.9997247,0.10411299,0,0.9706012
1797,Pass,0,0.9825017,0.2720189,0,0.90372664
1798,Pass,0,0.9999243,0.24208172,0,0.9288531
1799,Pass,0,0.99999535,0.06938925,0,0.9814206
1800,Pass,0,0.9986431,0.49355432,0,0.8513143
1801,Pass,0,0.9997464,0.31340405,0,0.90701
1802,Pass,0,0.999949,0.16830549,0,0.95130426
1803,Pass,0,0.9999844,0.053472582,0,0.98624873
1804,Pass,0,0.99999964,0.06267106,0,0.9834672
1805,Pass,0,0.99997187,0.13077858,0,0.9627346
1806,Pass,0,0.99939096,0.22420955,0,0.9337879
1807,Pass,0,0.99999666,0.13874857,0,0.96033543
1808,Pass,0,0.9974776,0.25309998,0,0.923239
1809,Pass,0,0.9535308,0.48562604,0,0.81515574
1810,Pass,0,0.999997,0.099623136,0,0.97223055
1811,Pass,0,0.9999436,0.27035877,0,0.92027473
1812,Pass,0,0.99981636,0.23163903,0,0.931927
1813,Pass,0,0.98952734,0.3313989,0,0.8923254
1814,Pass,0,0.99978524,0.3273911,0,0.9027939
1815,Pass,0,0.9999471,0.123917244,0,0.96479654
1816,Pass,0,0.9997775,0.262846,0,0.9224054
1817,Pass,0,0.9999821,0.12179346,0,0.96547604
1818,Pass,0,0.99984026,0.18161239,0,0.9471559
1819,Pass,0,0.99915206,0.20222123,0,0.94024384
1820,Pass,0,0.99997747,0.011676793,0,0.9989483
1821,Pass,0,0.9999393,0.16571,0,0.9520841
1822,Pass,0,0.9856641,0.5072077,0,0.83615875
1823,Pass,0,0.98200953,0.5366078,0,0.8242811
1824,Pass,0,0.99999785,0.078287944,0,0.9787177
1825,Pass,0,0.9997303,0.23118044,0,0.9319862
1826,Pass,0,0.99999094,0.21351242,0,0.9376005
1827,Pass,0,0.99999654,0.11501434,0,0.96755093
1828,Pass,0,0.8045368,0.8409671,0,0.6008692
1829,Pass,0,0.99875724,0.06304245,0,0.9821326
1830,Pass,0,0.99941444,0.058356255,0,0.98420274
1831,Pass,0,0.99999106,0.122382015,0,0.96530575
1832,Pass,0,0.99999404,0.113733344,0,0.96793795
1833,Pass,0,0.9999819,0.13342927,0,0.9619384
1834,Pass,0,0.99994063,0.024979416,0,0.9948675
1835,Pass,0,0.9868341,0.046111878,0,0.9754874
1836,Pass,0,0.99971336,0.073991835,0,0.979745
1837,Pass,0,0.9998859,0.12235009,0,0.9652139
1838,Pass,0,0.99664056,0.4009901,0,0.87765396
1839,Pass,0,0.9984366,0.18772319,0,0.94397134
1840,Pass,0,0.99999654,0.11869516,0,0.9664319
1841,Pass,0,0.9984113,0.09792594,0,0.97120404
1842,Pass,0,0.9991035,0.11496249,0,0.96670264
1843,Pass,0,0.99881446,0.4835646,0,0.8544939
1844,Pass,0,0.9990652,0.086736016,0,0.9752389
1845,Pass,0,0.99999976,0.08129751,0,0.9778046
1846,Pass,0,0.99996185,0.24293888,0,0.92862743
1847,Pass,0,0.99883944,0.35013488,0,0.8950333
1848,Pass,0,0.99998176,0.10742009,0,0.96984535
1849,Pass,0,0.99216706,0.53749526,0,0.8325395
1850,Pass,0,0.9902047,0.5689085,0,0.82143617
1851,Pass,0,0.9992034,0.27337536,0,0.91867715
1852,Pass,0,0.9997008,0.15850711,0,0.9540461
1853,Pass,0,0.9998435,0.24306418,0,0.9284794
1854,Pass,0,0.99999976,0.108453386,0,0.9695487
1855,Pass,0,0.99248296,0.28718975,0,0.9083301
1856,Pass,0,0.98663527,0.2790984,0,0.9054052
1857,Pass,0,0.9999831,0.1573534,0,0.95466626
1858,Pass,0,0.99999976,0.04252143,0,0.9895932
1859,Pass,0,0.99999976,0.24962877,0,0.92662877
1860,Pass,0,0.99998975,0.13437252,0,0.9616592
1861,Pass,0,0.99857247,0.0688558,0,0.9801861
1862,Pass,0,0.9968509,0.21245511,0,0.9349768
1863,Pass,0,0.9999896,0.15978843,0,0.9539322
1864,Pass,0,0.9999956,0.07903136,0,0.97848946
1865,Pass,0,0.99605274,0.34963807,0,0.8926866
1866,Pass,0,0.9999858,0.14774258,0,0.9575907
1867,Pass,0,0.999936,0.036002375,0,0.9915119
1868,Pass,0,0.99625224,0.3537675,0,0.89161474
1869,Pass,0,0.9999398,0.16698731,0,0.9516962
1870,Pass,0,0.9999844,0.14012071,0,0.9599065
1871,Pass,0,0.9742983,0.30700785,0,0.8858171
1872,Pass,0,0.99999714,0.1368613,0,0.96090966
1873,Pass,0,0.9999862,0.21566208,0,0.9369426
1874,Pass,0,0.9968712,0.2685861,0,0.91798437
1875,Pass,0,0.9999932,0.06593038,0,0.98247004
1876,Pass,0,0.99994683,0.035481907,0,0.99168086
1877,Pass,0,0.9998579,0.16470903,0,0.9523108
1878,Pass,0,0.5352089,0.9598575,0,0.38037628
1879,Pass,0,0.99999034,0.19530958,0,0.9431339
1880,Pass,0,0.99795306,0.5572902,0,0.8313889
1881,Pass,0,0.9998542,0.19907345,0,0.9418614
1882,Pass,0,0.9999199,0.26193085,0,0.922815
1883,Pass,0,0.98248833,0.34830955,0,0.8809267
1884,Pass,0,0.9994855,0.11697334,0,0.9664612
1885,Pass,0,0.96506053,0.18201783,0,0.91408986
1886,Pass,0,0.99979025,0.15121858,0,0.95634687
1887,Pass,0,0.9984206,0.32812178,0,0.9013398
1888,Pass,0,0.9966394,0.12484426,0,0.9613243
1889,Pass,0,0.9999418,0.45766732,0,0.86333114
1890,Pass,0,1.0,0.098666206,0,0.9725244
1891,Pass,0,0.99999917,0.1731193,0,0.9498885
1892,Pass,0,0.9999994,0.07116609,0,0.9808844
1893,Pass,0,0.99999416,0.120874636,0,0.96576697
1894,Pass,0,0.9980654,0.10674899,0,0.96819043
1895,Pass,0,0.9999976,0.32905358,0,0.90248024
1896,Pass,0,0.99999774,0.105013646,0,0.97059244
1897,Pass,0,0.99993193,0.04382124,0,0.989131
1898,Pass,0,0.7866311,0.40611362,0,0.6914917
1899,Pass,0,0.99654263,0.32087472,0,0.90184003
1900,Pass,0,0.99428684,0.21716921,0,0.9311469
1901,Pass,0,0.63917273,0.8849753,0,0.46881518
1902,Pass,0,0.9997813,0.20635663,0,0.939579
1903,Pass,0,0.67867386,0.92647326,0,0.4892259
1904,Pass,0,0.99946254,0.19199587,0,0.94364303
1905,Pass,0,0.9999999,0.048340652,0,0.9878242
1906,Pass,0,0.99985397,0.16129409,0,0.9533451
1907,Pass,0,0.9988451,0.18865944,0,0.9440732
1908,Pass,0,0.99928075,0.18332152,0,0.9461066
1909,Pass,0,0.879682,0.31241372,0,0.79834765
1910,Pass,0,0.9999894,0.15106633,0,0.9565837
1911,Pass,0,0.91197133,0.85656345,0,0.6767826
1912,Pass,0,0.99997985,0.19990872,0,0.94172585
1913,Pass,0,0.9152964,0.31235206,0,0.83068633
1914,Pass,0,0.99995387,0.14608046,0,0.9580654
1915,Pass,0,0.9999602,0.18385059,0,0.9465891
1916,Pass,0,0.9999794,0.058383122,0,0.98475087
1917,Pass,0,0.99994326,0.23810162,0,0.9300807
1918,Pass,0,0.99989724,0.2909008,0,0.9139876
1919,Pass,0,0.9999902,0.06423,0,0.98298407
1920,Pass,0,0.99950445,0.1839923,0,0.9461146
1921,Pass,0,1.0,0.041909218,0,0.9897796
1922,Pass,0,0.99984956,0.021788506,0,0.9957468
1923,Pass,0,0.9999999,0.058432356,0,0.9847561
1924,Pass,0,0.99632555,0.59845716,0,0.8175635
1925,Pass,0,0.9999802,0.10891635,0,0.96938896
1926,Pass,0,0.99955577,0.4801743,0,0.8561583
1927,Pass,0,0.99995387,0.1279964,0,0.963563
1928,Pass,0,0.99998355,0.23658662,0,0.9305787
1929,Pass,0,0.9999801,0.1297358,0,0.9630595
1930,Pass,0,0.9999913,0.14487678,0,0.9584672
1931,Pass,0,0.9997069,0.2915899,0,0.91360414
1932,Pass,0,0.99990654,0.2319204,0,0.9319256
1933,Pass,0,0.9998425,0.119860604,0,0.9659288
1934,Pass,0,0.9995372,0.04858015,0,0.9872944
1935,Pass,0,0.9999931,0.08741842,0,0.9759372
1936,Pass,0,0.99996614,0.24123207,0,0.9291503
1937,Pass,0,0.9998565,0.08709933,0,0.9759009
1938,Pass,0,0.5447977,0.45487368,0,0.47083092
1939,Pass,0,0.99943286,0.108361654,0,0.9690269
1940,Pass,0,0.99846786,0.58612424,0,0.8230651
1941,Pass,0,0.60894734,0.581003,0,0.5029205
1942,Pass,0,0.99961984,0.19297749,0,0.9434932
1943,Pass,0,0.9997855,0.07536425,0,0.9793985
1944,Pass,0,0.999814,0.13318679,0,0.9618506
1945,Pass,0,0.99948406,0.11647238,0,0.96661204
1946,Pass,0,0.99999523,0.1202664,0,0.96595293
1947,Pass,0,0.9999738,0.13060705,0,0.9627885
1948,Pass,0,0.99989474,0.316127,0,0.9063169
1949,Pass,0,0.9954425,0.35683578,0,0.8899615
1950,Pass,0,0.9999707,0.0669841,0,0.98212755
1951,Pass,0,0.9999708,0.14551614,0,0.95825315
1952,Pass,0,0.9768736,0.45009986,0,0.8456619
1953,Pass,0,0.9996253,0.12563094,0,0.9639653
1954,Pass,0,0.99383646,0.43531606,0,0.86481327
1955,Pass,0,0.69085246,1.3405842,0,0.41102833
1956,Pass,0,0.99613,0.36564133,0,0.8879095
1957,Pass,0,0.9999993,0.13512577,0,0.9614393
1958,Pass,0,0.99999845,0.12030266,0,0.96594507
1959,Pass,0,0.99938536,0.16922483,0,0.95048875
1960,Pass,0,0.99994385,0.1851246,0,0.94618636
1961,Pass,0,0.9989441,0.3850671,0,0.88451827
1962,Pass,0,0.9999982,0.124503955,0,0.9646675
1963,Pass,0,0.97432625,0.48856893,0,0.8320617
1964,Pass,0,0.99991953,0.10672309,0,0.96999687
1965,Pass,0,0.9961358,0.39315885,0,0.8795811
1966,Pass,0,0.9999981,0.0570515,0,0.9851741
1967,Pass,0,1.0,0.10552938,0,0.9704379
1968,Pass,0,0.9983796,0.34571275,0,0.8959635
1969,Pass,0,0.9854628,0.66464484,0,0.78881997
1970,Pass,0,0.9999281,0.3536835,0,0.89493006
1971,Pass,0,0.99995613,0.13953727,0,0.9600567
1972,Pass,0,0.9999964,0.18103102,0,0.94748056
1973,Pass,0,0.9834954,0.42544788,0,0.8587653
1974,Pass,0,0.99999595,0.13633136,0,0.96106964
1975,Pass,0,0.99986553,0.22004163,0,0.9354982
1976,Pass,0,0.99124473,0.31545874,0,0.89867777
1977,Pass,0,0.9999887,0.1255982,0,0.96432567
1978,Pass,0,0.9882345,0.25672188,0,0.91359574
1979,Pass,0,0.9997733,0.093753755,0,0.9737971
1980,Pass,0,0.99999344,0.15881525,0,0.95423174
1981,Pass,0,0.9996014,0.4125421,0,0.8767507
1982,Pass,0,0.975594,0.4278967,0,0.85113966
1983,Pass,0,0.99748766,0.1963232,0,0.94046617
1984,Pass,0,0.9642353,0.6218751,0,0.784366
1985,Pass,0,0.99997246,0.104679294,0,0.9706696
1986,Pass,0,0.99981886,0.04423648,0,0.9888929
1987,Pass,0,0.99737996,0.29690185,0,0.9098669
1988,Pass,0,0.99891376,0.13241754,0,0.9612181
1989,Pass,0,0.9987552,0.19916618,0,0.940798
1990,Pass,0,0.99989533,0.11972181,0,0.96602196
1991,Pass,0,0.9999912,0.13874613,0,0.9603309
1992,Pass,0,0.980594,0.21315172,0,0.9195213
1993,Pass,0,0.9994248,0.13954395,0,0.9595446
1994,Pass,0,0.99901736,0.1650061,0,0.95142
1995,Pass,0,0.99998474,0.11782696,0,0.96668446
1996,Pass,0,0.99999535,0.11232672,0,0.9683668
1997,Pass,0,0.99999297,0.08190924,0,0.97761196
1998,Pass,0,0.9996088,0.15570252,0,0.9548107
1999,Pass,0,0.9999559,0.27618957,0,0.9185135
2000,Pass,0,0.99984646,0.14877641,0,0.957143
2001,Pass,0,0.9847869,0.65988857,0,0.78970295
2002,Pass,0,0.99989736,0.1349696,0,0.9613888
2003,Pass,0,0.9999695,0.22482213,0,0.9341422
2004,Pass,0,0.9895864,0.4579747,0,0.854298
2005,Pass,0,0.99930096,0.31963813,0,0.90471196
2006,Pass,0,0.99993217,0.26853254,0,0.9208194
2007,Pass,0,0.99996126,0.16225366,0,0.9531557
2008,Pass,0,0.9999199,0.32231227,0,0.90445936
2009,Pass,0,0.9972097,0.431242,0,0.8689837
2010,Pass,0,0.9981098,0.03557875,0,0.98982966
2011,Pass,0,0.99996495,0.1279789,0,0.963579
2012,Pass,0,0.99999416,0.08980027,0,0.9752141
2013,Pass,0,0.99843186,0.046365213,0,0.98687494
2014,Pass,0,0.99997294,0.10218647,0,0.9714279
2015,Pass,0,0.99899405,0.06977067,0,0.980322
2016,Pass,0,0.9906212,0.22406964,0,0.9256359
2017,Pass,0,0.9995977,0.06834413,0,0.9813479
2018,Pass,0,0.3412899,0.4993932,0,0.29033396
2019,Pass,0,0.99942684,0.19347909,0,0.9431586
2020,Pass,0,0.9999796,0.10214924,0,0.97144574
2021,Pass,0,0.9999933,0.26436877,0,0.9221416
2022,Pass,0,0.99981385,0.20851958,0,0.93895215
2023,Pass,0,0.9948259,0.41252005,0,0.8725688
2024,Pass,0,0.9096565,0.38598794,0,0.8052036
2025,Pass,0,0.9449392,0.69762516,0,0.746908
2026,Pass,0,0.9999914,0.08003322,0,0.97818077
2027,Pass,0,0.9950612,0.17948364,0,0.94327265
2028,Pass,0,0.9983386,0.36545083,0,0.8899359
2029,Pass,0,0.98417205,0.7826466,0,0.75247985
2030,Pass,0,0.99993193,0.14912331,0,0.95711935
2031,Pass,0,1.0,0.07142817,0,0.9808053
2032,Pass,0,0.9999989,0.045853112,0,0.9885795
2033,Pass,0,0.99994993,0.3439371,0,0.89791256
2034,Pass,0,0.99952745,0.048998833,0,0.9871575
2035,Pass,0,0.6976621,0.9144406,0,0.5054658
2036,Pass,0,0.99996233,0.1261546,0,0.9641311
2037,Pass,0,0.9921171,0.16865003,0,0.9437495
2038,Pass,0,0.99948287,0.26617488,0,0.9211221
2039,Pass,0,0.9999956,0.1987387,0,0.94209635
2040,Pass,0,0.9888937,0.5376362,0,0.8297504
2041,Pass,0,0.9998129,0.02437046,0,0.9949255
2042,Pass,0,0.99997556,0.12676801,0,0.96395737
2043,Pass,0,0.9786143,0.83472586,0,0.732736
2044,Pass,0,0.9996511,0.43750226,0,0.8692086
2045,Pass,0,0.9999734,0.14561021,0,0.9582271
2046,Pass,0,0.99998796,0.11474611,0,0.9676242
2047,Pass,0,0.9996426,0.22481196,0,0.9338399
2048,Pass,0,0.99629265,0.23132348,0,0.9287381
2049,Pass,0,0.5264423,1.0461681,0,0.36033195
2050,Pass,0,0.9996146,0.2144598,0,0.93695974
2051,Pass,0,0.9998876,0.080031276,0,0.9780798
2052,Pass,0,0.9965934,0.41206983,0,0.8742555
2053,Pass,0,0.8921777,0.6583799,0,0.7158486
2054,Pass,0,0.9971469,0.2918922,0,0.911173
2055,Pass,0,0.99930656,0.27915677,0,0.91701555
2056,Pass,0,0.9994035,0.30650756,0,0.90879434
2057,Pass,0,0.99995744,0.21490346,0,0.93714625
2058,Pass,0,0.99935263,0.31445497,0,0.9063335
2059,Pass,0,0.9975431,0.1859329,0,0.9436695
2060,Pass,0,0.99543446,0.23059367,0,0.92815906
2061,Pass,0,0.9998903,0.08860536,0,0.9754761
2062,Pass,0,1.0,0.04129433,0,0.9899665
2063,Pass,0,0.91099066,0.9298101,0,0.6557686
2064,Pass,0,0.99999845,0.13545427,0,0.96133864
2065,Pass,0,0.9999608,0.14189635,0,0.959344
2066,Pass,0,0.99980754,0.16427709,0,0.9523941
2067,Pass,0,0.99981374,0.07034643,0,0.9809514
2068,Pass,0,0.9857803,0.47950205,0,0.84456056
2069,Pass,0,0.9999968,0.09067578,0,0.9749505
2070,Pass,0,0.7141049,1.2116925,0,0.45284513
2071,Pass,0,0.9959312,0.10574317,0,0.9664246
2072,Pass,0,0.99999475,0.14398517,0,0.9587416
2073,Pass,0,0.9436259,0.50957084,0,0.799819
2074,Pass,0,0.9830257,0.38350415,0,0.8708904
2075,Pass,0,0.98774916,0.28018862,0,0.9061001
2076,Pass,0,0.99999595,0.022330012,0,0.99572796
2077,Pass,0,0.9999969,0.14642282,0,0.9580025
2078,Pass,0,0.9999963,0.10892668,0,0.9694015
2079,Pass,0,0.9999751,0.14834869,0,0.95739615
2080,Pass,0,0.9999993,0.12846872,0,0.9634632
2081,Pass,0,0.99979323,0.11518797,0,0.9673014
2082,Pass,0,0.99995255,0.16795664,0,0.9514137
2083,Pass,0,0.9999969,0.05124747,0,0.9869375
2084,Pass,0,0.99413836,0.28643757,0,0.91007245
2085,Pass,0,0.9999759,0.0835307,0,0.97710234
2086,Pass,0,0.9999945,0.078992784,0,0.9785001
2087,Pass,0,0.9999399,0.1288324,0,0.96329546
2088,Pass,0,0.99998903,0.21624096,0,0.93676925
2089,Pass,0,0.99972755,0.094850756,0,0.9734191
2090,Pass,0,0.9793035,0.48033002,0,0.8387651
2091,Pass,0,0.9999913,0.13393223,0,0.96179456
2092,Pass,0,0.9999988,0.06326884,0,0.98328465
2093,Pass,0,0.9118104,0.626847,0,0.74034226
2094,Pass,0,0.99617565,0.20251507,0,0.9373539
2095,Pass,0,0.9999616,0.20345624,0,0.9406302
2096,Pass,0,0.9999932,0.13342294,0,0.96195114
2097,Pass,0,0.9999825,0.12629516,0,0.9641078
2098,Pass,0,0.8265936,1.3929837,0,0.47862065
2099,Pass,0,0.99986875,0.22099122,0,0.93521255
2100,Pass,0,0.99999344,0.11641718,0,0.9671215
2101,Pass,0,0.99994254,0.17702857,0,0.94864625
2102,Pass,0,0.9999801,0.24870206,0,0.9268922
2103,Pass,0,0.99996436,0.16029261,0,0.95375484
2104,Pass,0,0.99800986,0.35016048,0,0.89428216
2105,Pass,0,0.98310906,0.5915418,0,0.8087852
2106,Pass,0,0.9999323,0.63920826,0,0.80813485
2107,Pass,0,0.7824778,0.7241935,0,0.61217344
2108,Pass,0,0.9999989,0.054305494,0,0.98600984
2109,Pass,0,0.540364,1.7298554,0,0.25754425
2110,Pass,0,0.9994892,0.2612184,0,0.922634
2111,Pass,0,0.9999907,0.25145176,0,0.92606616
2112,Pass,0,0.99961275,0.103662305,0,0.97062945
2113,Pass,0,0.9999181,0.2138268,0,0.9374367
2114,Pass,0,0.9999999,0.058950752,0,0.9845985
2115,Pass,0,0.9995303,0.15495355,0,0.95496327
2116,Pass,0,0.9996749,0.21163782,0,0.93787396
2117,Pass,0,0.99724495,0.27063146,0,0.9177084
2118,Pass,0,0.7714968,0.7100585,0,0.6068978
2119,Pass,0,0.99999034,0.13114478,0,0.962641
2120,Pass,0,0.99999785,0.07468834,0,0.979812
2121,Pass,0,0.9984445,0.23708789,0,0.9289943
2122,Pass,0,0.9999225,0.3754704,0,0.8883019
2123,Pass,0,0.9992654,0.2859633,0,0.91490996
2124,Pass,0,0.9999933,0.10240568,0,0.97138107
2125,Pass,0,0.9980476,0.5657074,0,0.8289136
2126,Pass,0,0.9999896,0.116864756,0,0.9669817
2127,Pass,0,0.99997675,0.15763143,0,0.9545757
2128,Pass,0,0.9999833,0.093566,0,0.9740587
2129,Pass,0,0.5366571,0.9616879,0,0.3811069
2130,Pass,0,0.9552311,1.6471716,0,0.47928712
2131,Pass,0,0.9951047,0.33396295,0,0.8965792
2132,Pass,0,0.9999527,0.28869104,0,0.91471004
2133,Pass,0,0.99997556,0.120686844,0,0.9658061
2134,Pass,0,0.99999845,0.21461053,0,0.93727374
2135,Pass,0,0.62566674,3.2369428,0,0.011530997
2136,Pass,0,0.9996581,0.033201456,0,0.9920876
2137,Pass,0,0.9998503,0.054975,0,0.9856598
2138,Pass,0,0.9983858,0.14602491,0,0.95657986
2139,Pass,0,0.9999988,0.061195817,0,0.9839149
2140,Pass,0,0.9999981,0.092445664,0,0.9744137
2141,Pass,0,0.99998844,0.074909344,0,0.9797356
2142,Pass,0,0.9988121,0.19573943,0,0.94189215
2143,Pass,0,0.9997702,0.061372448,0,0.9836363
2144,Pass,0,0.99992156,0.16368137,0,0.95268387
2145,Pass,0,0.6169385,0.2826123,0,0.56548667
2146,Pass,0,0.9999597,0.13949375,0,0.9600734
2147,Pass,0,0.9997806,0.263268,0,0.92227995
2148,Pass,0,0.76902914,0.831584,0,0.57654405
2149,Pass,0,0.99996793,0.2678744,0,0.9210524
2150,Pass,0,0.9999995,0.11906127,0,0.96632344
2151,Pass,0,0.99853945,0.39171103,0,0.882143
2152,Pass,0,0.9999851,0.1470989,0,0.9577857
2153,Pass,0,0.96594816,0.45462525,0,0.834875
2154,Pass,0,0.9999471,0.049099006,0,0.9875415
2155,Pass,0,0.99136204,0.10224109,0,0.9630463
2156,Pass,0,0.99999595,0.050043143,0,0.9873027
2157,Pass,0,0.99995697,0.07825684,0,0.9786871
2158,Pass,0,0.99993443,0.21816042,0,0.9361346
2159,Pass,0,0.99992025,0.1964685,0,0.9427155
2160,Pass,0,0.99999464,0.06658305,0,0.98227304
2161,Pass,0,0.9980159,0.6764919,0,0.79527354
2162,Pass,0,0.9974394,0.40388975,0,0.8774781
2163,Pass,0,0.9999881,0.11455067,0,0.9676837
2164,Pass,0,0.99968517,0.044534635,0,0.98867005
2165,Pass,0,0.9999933,0.15488979,0,0.955425
2166,Pass,0,0.99734336,0.08273278,0,0.974772
2167,Pass,0,0.9999989,0.10512217,0,0.97056067
2168,Pass,0,0.9985624,0.96067387,0,0.70943666
2169,Pass,0,0.9911143,0.4342748,0,0.8627582
2170,Pass,0,1.0,0.07682551,0,0.97916436
2171,Pass,0,0.9983948,0.05606921,0,0.9838928
2172,Pass,0,0.99999833,0.13366029,0,0.96188396
2173,Pass,0,0.99999416,0.10070797,0,0.971898
2174,Pass,0,0.7482159,0.657408,0,0.60056037
2175,Pass,0,0.9973028,0.13797672,0,0.95798236
2176,Pass,0,0.9999863,0.13253002,0,0.962216
2177,Pass,0,0.99991655,0.25037742,0,0.92632407
2178,Pass,0,0.999998,0.07710587,0,0.97907716
2179,Pass,0,0.9979091,0.31334192,0,0.905362
2180,Pass,0,0.99999917,0.11847293,0,0.96650195
2181,Pass,0,0.99975306,0.14705507,0,0.95757675
2182,Pass,0,0.91224813,0.571957,0,0.75592095
2183,Pass,0,0.9750693,0.15237616,0,0.93235695
2184,Pass,0,0.99999595,0.110158704,0,0.96902657
2185,Pass,0,0.5181843,0.6163878,0,0.4223862
2186,Pass,0,0.987817,0.36627463,0,0.88030934
2187,Pass,0,0.9999988,0.07698247,0,0.9791155
2188,Pass,0,0.9957937,0.22905649,0,0.9289593
2189,Pass,0,0.4127145,0.6153591,0,0.33654398
2190,Pass,0,0.9999094,0.06380612,0,0.9830335
2191,Pass,0,0.9999635,0.09808766,0,0.97266483
2192,Pass,0,0.9999604,0.20608684,0,0.93982935
2193,Pass,0,0.99978846,0.33275262,0,0.9011671
2194,Pass,0,0.99999833,0.18139024,0,0.94737315
2195,Pass,0,0.5982757,0.7463057,0,0.46404055
2196,Pass,0,0.9999753,0.07424521,0,0.9799246
2197,Pass,0,0.99195296,0.26180193,0,0.91550124
2198,Pass,0,0.99838376,0.44039324,0,0.8672291
2199,Pass,0,0.99986315,0.10514295,0,0.97042257
2200,Pass,0,0.9938839,0.26887366,0,0.9151466
2201,Pass,0,0.9999502,0.31601566,0,0.9064009
2202,Pass,0,0.9999826,0.077669255,0,0.97889084
2203,Pass,0,0.9996038,0.23400955,0,0.9310085
2204,Pass,0,0.997806,0.18715413,0,0.9435478
2205,Pass,0,0.99969757,0.23158625,0,0.9318323
2206,Pass,0,0.9999244,0.094941,0,0.97358334
2207,Pass,0,1.0,0.079014905,0,0.97849876
2208,Pass,0,0.99894947,0.2649831,0,0.92099243
2209,Pass,0,0.99960905,0.13834748,0,0.96008503
2210,Pass,0,0.9998634,0.12821633,0,0.963409
2211,Pass,0,0.9999757,0.11876067,0,0.96639186
2212,Pass,0,0.99677986,0.17585686,0,0.94600093
2213,Pass,0,0.99999976,0.07745501,0,0.9789728
2214,Pass,0,0.9999976,0.16273892,0,0.95304286
2215,Pass,0,0.9999399,0.31224155,0,0.907539
2216,Pass,0,0.99929225,0.41794676,0,0.8748376
2217,Pass,0,0.99999213,0.09772686,0,0.97280234
2218,Pass,0,0.99992955,0.13679264,0,0.96086556
2219,Pass,0,0.9999945,0.1098192,0,0.9691284
2220,Pass,0,0.99998987,0.111707576,0,0.9685497
2221,Pass,0,0.9987509,0.23653603,0,0.929447
2222,Pass,0,0.99747854,0.32738832,0,0.9007118
2223,Pass,0,0.99997795,0.1099994,0,0.9690575
2224,Pass,0,0.68841463,1.172665,0,0.4447219
2225,Pass,0,0.99424237,0.6012942,0,0.8149965
2226,Pass,0,0.99951243,0.088622764,0,0.9751022
2227,Pass,0,0.9988998,0.15370314,0,0.95474064
2228,Pass,0,0.9981192,0.11584,0,0.96548396
2229,Pass,0,0.99900156,0.28549522,0,0.91481066
2230,Pass,0,0.99999905,0.079198726,0,0.97844195
2231,Pass,0,1.0,0.047316622,0,0.98813564
2232,Pass,0,0.99880445,0.13933657,0,0.9590119
2233,Pass,0,0.99999666,0.23715128,0,0.93041927
2234,Pass,0,0.99962175,0.119210705,0,0.965913
2235,Pass,0,0.9999536,0.05590088,0,0.9854801
2236,Pass,0,0.9999374,0.10114128,0,0.97171116
2237,Pass,0,0.98194396,0.40882334,0,0.86237353
2238,Pass,0,0.9999608,0.10290605,0,0.9711973
2239,Pass,0,0.99967563,0.050004378,0,0.98699826
2240,Pass,0,0.9999994,0.039541345,0,0.9904989
2241,Pass,0,0.9999902,0.15362656,0,0.9558061
2242,Pass,0,0.99526334,0.26719654,0,0.91692424
2243,Pass,0,0.99981207,0.33315668,0,0.9010655
2244,Pass,0,0.9999422,0.16270567,0,0.9530001
2245,Pass,0,0.9926986,0.09526285,0,0.96645075
2246,Pass,0,0.99972516,0.11233736,0,0.968102
2247,Pass,0,0.99999917,0.12318508,0,0.9650694
2248,Pass,0,0.99993455,0.21387652,0,0.937437
2249,Pass,0,0.99999964,0.08895581,0,0.9754762
2250,Pass,0,0.9987521,0.18560858,0,0.9449117
2251,Pass,0,0.99729496,0.29163393,0,0.9113866
2252,Pass,0,0.9997987,0.10741492,0,0.9696694
2253,Pass,0,0.9999838,0.26252386,0,0.92269367
2254,Pass,0,0.99998593,0.24087471,0,0.9292773
2255,Pass,0,0.9990963,0.2742406,0,0.9183159
2256,Pass,0,0.9994831,0.1431611,0,0.95850146
2257,Pass,0,0.9999602,0.1433561,0,0.9588997
2258,Pass,0,0.9991166,0.16675882,0,0.95098215
2259,Pass,0,0.999881,0.23710416,0,0.930326
2260,Pass,0,0.9999889,0.09640037,0,0.97320247
2261,Pass,0,0.99988616,0.05834711,0,0.98467004
2262,Pass,0,0.9995857,0.24622288,0,0.9272801
2263,Pass,0,0.9999858,0.08096189,0,0.97789294
2264,Pass,0,0.9997241,0.07085733,0,0.9807082
2265,Pass,0,0.99999344,0.12763283,0,0.9637117
2266,Pass,0,0.8842457,0.4409002,0,0.76794875
2267,Pass,0,0.9999969,0.1261482,0,0.9641664
2268,Pass,0,0.99981743,0.22281459,0,0.93461037
2269,Pass,0,0.99995995,0.0704826,0,0.9810535
2270,Pass,0,0.9999541,0.12709898,0,0.9638361
2271,Pass,0,0.99994063,0.1859808,0,0.94592303
2272,Pass,0,0.8833195,0.5931921,0,0.726247
2273,Pass,0,0.99875975,0.18866606,0,0.9439905
2274,Pass,0,0.99996173,0.17925014,0,0.9479891
2275,Pass,0,0.99994516,0.11838519,0,0.9664765
2276,Pass,0,0.9752457,0.3071769,0,0.8866284
2277,Pass,0,0.9972627,0.14844362,0,0.9547705
2278,Pass,0,0.99996495,0.17463407,0,0.94939554
2279,Pass,0,0.99998534,0.20586579,0,0.93991995
2280,Pass,0,0.68641293,0.57399845,0,0.5683599
2281,Pass,0,0.999995,0.066505335,0,0.98229694
2282,Pass,0,0.9997576,0.22250488,0,0.9346485
2283,Pass,0,0.9998821,0.09215882,0,0.9743879
2284,Pass,0,0.9998259,0.2844014,0,0.91589797
2285,Pass,0,0.9997831,0.33849123,0,0.899418
2286,Pass,0,0.9999875,0.11720968,0,0.9668748
2287,Pass,0,0.9999428,0.04027618,0,0.99021935
2288,Pass,0,0.9995714,0.20195203,0,0.9407202
2289,Pass,0,0.99992526,0.2402989,0,0.9293959
2290,Pass,0,0.9996511,0.28841412,0,0.91451836
2291,Pass,0,0.99699295,0.9216089,0,0.7201624
2292,Pass,0,0.9586227,0.5978879,0,0.7867912
2293,Pass,0,0.5242265,0.7737258,0,0.4022357
2294,Pass,0,0.99991894,0.2105599,0,0.9384306
2295,Pass,0,0.999826,0.08523969,0,0.9764364
2296,Pass,0,0.9999064,0.09762006,0,0.97275144
2297,Pass,0,0.9999453,0.1390947,0,0.9601809
2298,Pass,0,0.99217814,0.6377596,0,0.802305
2299,Pass,0,0.99282104,0.2702644,0,0.9137482
2300,Pass,0,0.9996537,0.29100758,0,0.91373247
2301,Pass,0,0.99999106,0.07395849,0,0.98002726
2302,Pass,0,0.995427,0.14048094,0,0.9554227
2303,Pass,0,0.9999988,0.0822974,0,0.97749966
2304,Pass,0,0.99996424,0.07737575,0,0.9789621
2305,Pass,0,0.99841344,0.17982312,0,0.94634736
2306,Pass,0,0.9999682,0.12108864,0,0.96567684
2307,Pass,0,0.99998903,0.123617016,0,0.96492827
2308,Pass,0,0.89565396,0.5387441,0,0.75121415
2309,Pass,0,0.9945886,0.29626518,0,0.907513
2310,Pass,0,0.9997019,0.16199742,0,0.9529864
2311,Pass,0,0.9999558,0.15884675,0,0.9541862
2312,Pass,0,0.99989057,0.3640615,0,0.89174175
2313,Pass,0,0.99749607,0.2045914,0,0.9379667
2314,Pass,0,0.9972107,1.4168657,0,0.57017237
2315,Pass,0,0.9996561,0.016391762,0,0.9971943
2316,Pass,0,0.999944,0.028217852,0,0.99388635
2317,Pass,0,0.9998254,0.13073084,0,0.9626081
2318,Pass,0,0.9669173,0.33061537,0,0.8721667
2319,Pass,0,0.9975368,0.25450873,0,0.9228665
2320,Pass,0,0.9892475,0.2666284,0,0.9115527
2321,Pass,0,0.9999999,0.07338842,0,0.98020923
2322,Pass,0,0.9999316,0.21575314,0,0.93686366
2323,Pass,0,0.99998,0.11720438,0,0.9668691
2324,Pass,0,0.9995072,0.100728355,0,0.9714185
2325,Pass,0,0.99881893,0.4780096,0,0.85618454
2326,Pass,0,0.962589,0.4984025,0,0.8191605
2327,Pass,0,0.9999536,0.11883889,0,0.96634674
2328,Pass,0,0.99998415,0.2037933,0,0.9405489
2329,Pass,0,0.99886984,0.44332123,0,0.8667622
2330,Pass,0,0.99979275,0.21927002,0,0.93566465
2331,Pass,0,0.9999994,0.040540356,0,0.99019516
2332,Pass,0,0.9998795,0.07381875,0,0.9799604
2333,Pass,0,0.9950618,0.36872694,0,0.8860239
2334,Pass,0,0.9997619,0.24584427,0,0.92755866
2335,Pass,0,0.99991274,0.0699273,0,0.9811759
2336,Pass,0,0.99999654,0.120225295,0,0.9659667
2337,Pass,0,0.99999976,0.06769663,0,0.9819395
2338,Pass,0,0.9929055,0.37737298,0,0.8814939
2339,Pass,0,0.99151176,0.8791952,0,0.72898823
2340,Pass,0,0.9999993,0.119607575,0,0.96615714
2341,Pass,0,0.9999764,0.14739867,0,0.95768625
2342,Pass,0,0.9986198,0.2688662,0,0.91950953
2343,Pass,0,0.7743343,0.5117811,0,0.6558068
2344,Pass,0,0.99998844,0.0986465,0,0.97251916
2345,Pass,0,0.9986305,0.20701301,0,0.9382982
2346,Pass,0,1.0,0.059599422,0,0.98440146
2347,Pass,0,0.9999882,0.12954487,0,0.96312535
2348,Pass,0,0.999572,0.12849087,0,0.96304476
2349,Pass,0,0.99999964,0.042872746,0,0.9894863
2350,Pass,0,0.99999774,0.14021133,0,0.9598918
2351,Pass,0,0.9963983,0.2107712,0,0.93506247
2352,Pass,0,0.99999976,0.11933396,0,0.96624076
2353,Pass,0,0.99998975,0.08313871,0,0.977235
2354,Pass,0,0.99999917,0.048908494,0,0.9876509
2355,Pass,0,0.99189866,0.16700879,0,0.94403654
2356,Pass,0,0.99983513,0.028639479,0,0.99364996
2357,Pass,0,0.99991035,0.037700363,0,0.9909703
2358,Pass,0,0.9988556,0.41789848,0,0.87446994
2359,Pass,0,0.9998573,0.08459113,0,0.9766641
2360,Pass,0,0.9999949,0.07309631,0,0.98029315
2361,Pass,0,0.9615495,0.45899013,0,0.82979727
2362,Pass,0,0.99995494,0.086363494,0,0.97622067
2363,Pass,0,0.9691654,0.3759671,0,0.86083186
2364,Pass,0,0.99999774,0.103655145,0,0.9710055
2365,Pass,0,0.99989593,0.25436613,0,0.92509246
2366,Pass,0,0.99951446,0.06989744,0,0.98079425
2367,Pass,0,0.99999595,0.08267584,0,0.9773818
2368,Pass,0,0.99999917,0.10606254,0,0.9702749
2369,Pass,0,0.9757799,0.81101197,0,0.7376486
2370,Pass,0,0.9895616,0.17437613,0,0.9395959
2371,Pass,0,0.9881605,0.3355884,0,0.8898342
2372,Pass,0,0.99764496,0.2808487,0,0.91497767
2373,Pass,0,0.9999994,0.052125905,0,0.98667294
2374,Pass,0,0.9966215,0.35870662,0,0.8904487
2375,Pass,0,0.9998814,0.16908449,0,0.95100313
2376,Pass,0,0.9999168,0.13249849,0,0.96215874
2377,Pass,0,0.99989474,0.22368756,0,0.93441725
2378,Pass,0,0.998914,0.2672555,0,0.9202696
2379,Pass,0,0.9999038,0.06591604,0,0.9823865
2380,Pass,0,0.9001328,0.15443423,0,0.8601397
2381,Pass,0,0.99971,0.28014782,0,0.91708463
2382,Pass,0,0.99905664,0.301353,0,0.91004455
2383,Pass,0,0.99999964,0.04902247,0,0.98761666
2384,Pass,0,0.999373,0.26681522,0,0.9208263
2385,Pass,0,0.9997744,0.103416026,0,0.97086126
2386,Pass,0,0.97747624,0.37587148,0,0.86824214
2387,Pass,0,0.9359276,1.6918555,0,0.4568873
2388,Pass,0,0.99994326,0.15992716,0,0.9538458
2389,Pass,0,0.9999914,0.13364182,0,0.9618829
2390,Pass,0,0.9999993,0.07400429,0,0.98002136
2391,Pass,0,0.9999496,0.082090534,0,0.97751445
2392,Pass,0,0.99995553,0.15852416,0,0.9542841
2393,Pass,0,0.99473095,0.23770806,0,0.92535156
2394,Pass,0,0.99867517,0.23275734,0,0.9305238
2395,Pass,0,0.9984855,0.4529502,0,0.8635057
2396,Pass,0,0.999374,0.30204555,0,0.91012317
2397,Pass,0,0.99964666,0.14152205,0,0.9591564
2398,Pass,0,0.9836516,0.22827859,0,0.9178648
2399,Pass,0,0.99999356,0.09121613,0,0.9747831
2400,Pass,0,0.99984944,0.35225707,0,0.89529324
2401,Pass,0,0.999997,0.09253782,0,0.9743846
2402,Pass,0,0.9999267,0.13185367,0,0.96236426
2403,Pass,0,0.9998436,0.06963989,0,0.98119545
2404,Pass,0,0.99952877,0.18828578,0,0.944833
2405,Pass,0,0.99912006,0.47592002,0,0.85707736
2406,Pass,0,0.6068149,0.8909303,0,0.44398305
2407,Pass,0,0.99999917,0.089361735,0,0.9753523
2408,Pass,0,0.99059474,0.59737426,0,0.81318706
2409,Pass,0,0.9991391,0.15728278,0,0.9538819
2410,Pass,0,0.9997466,0.11232028,0,0.9681279
2411,Pass,0,0.9996798,0.019934136,0,0.9961414
2412,Pass,0,0.99978954,0.18493235,0,0.94609874
2413,Pass,0,0.9999989,0.12244313,0,0.9652948
2414,Pass,0,0.8394852,0.5237981,0,0.70791805
2415,Pass,0,0.9995327,0.23540638,0,0.9305178
2416,Pass,0,0.99832565,0.084693626,0,0.9751368
2417,Pass,0,0.98643285,0.3414115,0,0.8865322
2418,Pass,0,0.99979013,0.07440227,0,0.97969544
2419,Pass,0,0.99819225,0.32703346,0,0.9014639
2420,Pass,0,0.99993825,0.15341583,0,0.9558205
2421,Pass,0,0.99933976,0.076289244,0,0.97868085
2422,Pass,0,0.9986193,0.3024751,0,0.9093055
2423,Pass,0,0.99998665,0.13415152,0,0.9617234
2424,Pass,0,0.9999604,0.09798861,0,0.9726919
2425,Pass,0,0.99438924,0.33358866,0,0.8960477
2426,Pass,0,0.99010617,0.37483183,0,0.8797736
2427,Pass,0,0.9999987,0.08294642,0,0.9773022
2428,Pass,0,0.9999981,0.08521111,0,0.97661316
2429,Pass,0,0.9953585,0.2111707,0,0.93396574
2430,Pass,0,0.9995301,0.25407815,0,0.92484146
2431,Pass,0,0.9999906,0.14132454,0,0.95954645
2432,Pass,0,0.99981743,0.17741933,0,0.9484088
2433,Pass,0,0.9939628,0.39488044,0,0.87714213
2434,Pass,0,0.9998474,0.29807815,0,0.91176033
2435,Pass,0,0.999969,0.08066253,0,0.9779675
2436,Pass,0,0.9997414,0.28430548,0,0.9158497
2437,Pass,0,0.98917216,0.44146565,0,0.8589051
2438,Pass,0,0.9994153,0.1823168,0,0.9465393
2439,Pass,0,0.99998033,0.12564301,0,0.96430403
2440,Pass,0,0.99983776,0.17691594,0,0.94858116
2441,Pass,0,0.99717534,0.34761488,0,0.8943061
2442,Pass,0,0.9999945,0.20161879,0,0.94121975
2443,Pass,0,0.99995744,0.120263785,0,0.9659172
2444,Pass,0,0.9984295,0.050702866,0,0.9855559
2445,Pass,0,0.99999917,0.5509765,0,0.8350129
2446,Pass,0,0.9999995,0.050104808,0,0.9872875
2447,Pass,0,0.5330647,0.67573494,0,0.42489776
2448,Pass,0,0.99309075,0.26991504,0,0.9141019
2449,Pass,0,0.9962366,0.1759132,0,0.9454683
2450,Pass,0,0.9839743,0.27798948,0,0.90329504
2451,Pass,0,0.99999905,0.096106604,0,0.97330165
2452,Pass,0,1.0,0.1128008,0,0.9682272
2453,Pass,0,0.9999546,0.07793555,0,0.9787825
2454,Pass,0,0.8555775,0.81185937,0,0.6465603
2455,Pass,0,0.60078555,0.64336044,0,0.4847902
2456,Pass,0,0.9979665,0.2828178,0,0.9146751
2457,Pass,0,0.997738,0.4344322,0,0.8684764
2458,Pass,0,0.99999976,0.05776045,0,0.98496026
2459,Pass,0,0.99979514,0.3758668,0,0.8880683
2460,Pass,0,0.99973375,0.18119057,0,0.94718325
2461,Pass,0,0.999936,0.13399152,0,0.96172327
2462,Pass,0,0.8326445,1.0250403,0,0.57526535
2463,Pass,0,0.998381,0.21502769,0,0.9356311
2464,Pass,0,0.9974281,0.17703775,0,0.94625807
2465,Pass,0,1.0,0.0315595,0,0.9929261
2466,Pass,0,0.9999759,0.2456802,0,0.9278071
2467,Pass,0,0.99997985,0.154244,0,0.9556085
2468,Pass,0,0.9999987,0.12716289,0,0.9638596
2469,Pass,0,0.99993074,0.074643984,0,0.97975975
2470,Pass,0,0.99999917,0.13169257,0,0.962483
2471,Pass,0,0.9999976,0.20977071,0,0.9387443
2472,Pass,0,0.99846315,0.21180926,0,0.936685
2473,Pass,0,0.9741614,0.22567637,0,0.90978
2474,Pass,0,0.9999536,0.10842356,0,0.96951306
2475,Pass,0,0.99971825,0.056959674,0,0.9849264
2476,Pass,0,0.99914443,0.29426932,0,0.91227627
2477,Pass,0,0.9999697,0.20128274,0,0.9412986
2478,Pass,0,0.9995065,0.19635527,0,0.9423598
2479,Pass,0,0.9970675,0.3329789,0,0.89864594
2480,Pass,0,0.98353124,0.49527586,0,0.83791715
2481,Pass,0,0.99997663,0.13523167,0,0.96138537
2482,Pass,0,0.9999838,0.12481056,0,0.96456045
2483,Pass,0,0.99999905,0.09034901,0,0.97505206
2484,Pass,0,0.9998252,0.31769064,0,0.9057785
2485,Pass,0,0.99995077,0.10910507,0,0.9693031
2486,Pass,0,0.9999999,0.054228555,0,0.98603415
2487,Pass,0,0.9999981,0.13388738,0,0.9618147
2488,Pass,0,0.8236468,0.92183435,0,0.594892
2489,Pass,0,0.9941328,0.6563376,0,0.79827064
2490,Pass,0,0.99979824,0.1762301,0,0.9487521
2491,Pass,0,0.99998367,0.20494512,0,0.94019824
2492,Pass,0,0.99980754,0.34509727,0,0.897432
2493,Pass,0,0.9997199,0.1831454,0,0.946576
2494,Pass,0,0.9998317,0.25918254,0,0.92356896
2495,Pass,0,0.99999857,0.21199863,0,0.93806785
2496,Pass,0,0.9999087,0.4603204,0,0.8624961
2497,Pass,0,0.99943894,0.11508356,0,0.9669904
2498,Pass,0,0.9990319,0.20721789,0,0.9386131
2499,Pass,0,0.99997663,0.12728864,0,0.96380013
2500,Pass,0,0.9998697,0.25748277,0,0.92412084
2501,Pass,0,0.99999404,0.086073495,0,0.97634697
2502,Pass,0,0.99999595,0.113125056,0,0.96812475
2503,Pass,0,1.0,0.112449214,0,0.96833414
2504,Pass,0,0.9978371,0.07330704,0,0.97811395
2505,Pass,0,0.9999926,0.10928229,0,0.9692898
2506,Pass,0,0.9996209,0.078937456,0,0.9781514
2507,Pass,0,0.99799085,0.36989546,0,0.8882774
2508,Pass,0,0.99776685,0.25894132,0,0.9217348
2509,Pass,0,0.9998524,0.31193903,0,0.9075516
2510,Pass,0,0.99816126,0.18053731,0,0.9458916
2511,Pass,0,0.99947065,0.20863871,0,0.9385936
2512,Pass,0,0.98922986,0.26048237,0,0.9133849
2513,Pass,0,0.9999467,0.1480469,0,0.95746076
2514,Pass,0,0.93953985,0.34081468,0,0.8445587
2515,Pass,0,0.99227965,0.4355966,0,0.86337394
2516,Pass,0,0.9982792,0.31400767,0,0.9054957
2517,Pass,0,0.9994387,0.3032946,0,0.9098026
2518,Pass,0,1.0,0.06509656,0,0.9827302
2519,Pass,0,0.9984273,0.06541213,0,0.9810888
2520,Pass,0,0.9997832,0.19992505,0,0.9415357
2521,Pass,0,0.9990854,0.22862813,0,0.93216026
2522,Pass,0,0.99995947,0.19147424,0,0.9442708
2523,Pass,0,0.996813,0.45512012,0,0.8614017
2524,Pass,0,0.9998264,0.09529539,0,0.97338015
2525,Pass,0,0.99972135,0.34443298,0,0.8975566
2526,Pass,0,0.9995703,0.5425428,0,0.83721775
2527,Pass,0,0.99986744,0.16261503,0,0.95295644
2528,Pass,0,0.99428433,0.2357967,0,0.92551386
2529,Pass,0,0.9997943,0.05278167,0,0.98627126
2530,Pass,0,0.99985254,0.22170678,0,0.9349799
2531,Pass,0,0.99999857,0.05813223,0,0.98484606
2532,Pass,0,0.9766897,0.5904162,0,0.8038383
2533,Pass,0,0.9942994,0.18329175,0,0.94139934
2534,Pass,0,0.90156347,0.2926235,0,0.82363033
2535,Pass,0,0.99998164,0.080730006,0,0.9779594
2536,Pass,0,0.9999449,0.14943239,0,0.95703787
2537,Pass,0,0.99995685,0.14648932,0,0.9579439
2538,Pass,0,0.99967706,0.10845002,0,0.96923685
2539,Pass,0,0.999025,0.236022,0,0.9298582
2540,Pass,0,0.9999963,0.18924189,0,0.9449842
2541,Pass,0,0.99995077,0.025424646,0,0.9947422
2542,Pass,0,0.9996598,0.25723037,0,0.9240035
2543,Pass,0,0.9999863,0.107284844,0,0.9698909
2544,Pass,0,0.99796,0.46567938,0,0.8591892
2545,Pass,0,0.9999347,0.30606145,0,0.909413
2546,Pass,0,0.9999975,0.11388123,0,0.96789634
2547,Pass,0,0.9994209,0.14438963,0,0.9580685
2548,Pass,0,0.998835,0.16815688,0,0.9502896
2549,Pass,0,0.99990046,0.080402225,0,0.97797966
2550,Pass,0,0.9999075,0.3760127,0,0.88812375
2551,Pass,0,0.9642905,0.21851079,0,0.9026621
2552,Pass,0,0.99990404,0.21440104,0,0.93724895
2553,Pass,0,0.9998155,0.12571877,0,0.964122
2554,Pass,0,0.99999976,0.0592383,0,0.984511
2555,Pass,0,0.99999964,0.08303043,0,0.97727764
2556,Pass,0,0.99649954,0.39499792,0,0.8793451
2557,Pass,0,0.99992,0.1537689,0,0.9556957
2558,Pass,0,0.99999976,0.11996309,0,0.96604955
2559,Pass,0,0.99907315,0.40917262,0,0.8773108
2560,Pass,0,0.9870417,0.4317046,0,0.8599843
2561,Pass,0,0.99999845,0.114919215,0,0.9675817
2562,Pass,0,0.9999287,0.18639718,0,0.94578516
2563,Pass,0,0.99997914,0.11948912,0,0.9661737
2564,Pass,0,0.99989045,0.08665551,0,0.976069
2565,Pass,0,0.9999981,0.06616593,0,0.9824033
2566,Pass,0,0.9999902,0.0863609,0,0.9762559
2567,Pass,0,0.9999845,0.09674506,0,0.9730934
2568,Pass,0,0.99995756,0.16260414,0,0.9530456
2569,Pass,0,0.9999057,0.15832783,0,0.9542962
2570,Pass,0,0.9946136,0.29940817,0,0.9065854
2571,Pass,0,0.9687913,0.2556872,0,0.8959257
2572,Pass,0,0.9999819,0.076566935,0,0.9792252
2573,Pass,0,0.99808645,0.4998732,0,0.8489225
2574,Pass,0,0.9966397,0.62530047,0,0.80968785
2575,Pass,0,0.9999999,0.050234947,0,0.9872483
2576,Pass,0,0.9951963,0.07638808,0,0.9745931
2577,Pass,0,0.99980956,0.22464083,0,0.9340479
2578,Pass,0,0.96651834,0.23035486,0,0.90126735
2579,Pass,0,0.9999999,0.14982414,0,0.95697135
2580,Pass,0,0.99994063,0.05349978,0,0.9861973
2581,Pass,0,0.99999666,0.09376557,0,0.974011
2582,Pass,0,0.4186169,0.5290457,0,0.3523419
2583,Pass,0,0.9998989,0.12238252,0,0.96521664
2584,Pass,0,0.9999409,0.17822233,0,0.94828176
2585,Pass,0,0.999972,0.20606714,0,0.93984616
2586,Pass,0,0.99999464,0.099364705,0,0.9723068
2587,Pass,0,0.99835336,0.31536868,0,0.9051499
2588,Pass,0,0.9998149,0.12569888,0,0.96412754
2589,Pass,0,0.9978713,0.38966748,0,0.8821727
2590,Pass,0,0.99988294,0.061341062,0,0.9837568
2591,Pass,0,0.9999703,0.09325626,0,0.9741402
2592,Pass,0,0.99998355,0.15308036,0,0.95596576
2593,Pass,0,0.99990845,0.22037466,0,0.93543714
2594,Pass,0,0.9999238,0.13407438,0,0.96168643
2595,Pass,0,0.99999976,0.037094593,0,0.99124306
2596,Pass,0,0.9996105,0.24892075,0,0.9264832
2597,Pass,0,0.58278984,1.132861,0,0.38353977
2598,Pass,0,0.9995365,0.4366742,0,0.86936057
2599,Pass,0,0.9995357,0.11467991,0,0.96720666
2600,Pass,0,0.9999951,0.13007718,0,0.9629702
2601,Pass,0,0.99999416,0.17405602,0,0.94959897
2602,Pass,0,0.9995851,0.26582015,0,0.9213241
2603,Pass,0,0.99692184,0.17765582,0,0.94559044
2604,Pass,0,0.99815243,0.30165502,0,0.90912926
2605,Pass,0,0.999982,0.075021446,0,0.9796952
2606,Pass,0,0.9999957,0.11100242,0,0.9687698
2607,Pass,0,0.96057683,0.6404525,0,0.7759648
2608,Pass,0,0.9999324,0.21068262,0,0.93840593
2609,Pass,0,0.99996805,0.19787458,0,0.9423331
2610,Pass,0,0.99828726,0.22629595,0,0.93212336
2611,Pass,0,0.99901676,0.28040493,0,0.9163706
2612,Pass,0,0.9997124,0.04793277,0,0.98766416
2613,Pass,0,0.99999785,0.07541875,0,0.97959
2614,Pass,0,0.9999982,0.16797043,0,0.9514529
2615,Pass,0,0.99999917,0.082566544,0,0.9774182
2616,Pass,0,0.9999924,0.13370033,0,0.9618661
2617,Pass,0,0.9980427,0.29879493,0,0.9098971
2618,Pass,0,0.894533,0.9494785,0,0.63857275
2619,Pass,0,0.9999875,0.20983264,0,0.938716
2620,Pass,0,0.9999573,0.079379655,0,0.9783461
2621,Pass,0,0.9999999,0.061631735,0,0.9837835
2622,Pass,0,0.9999335,0.20160595,0,0.9411662
2623,Pass,0,0.9999958,0.18648796,0,0.94582105
2624,Pass,0,0.9997452,0.11398053,0,0.9676219
2625,Pass,0,0.99989283,0.20203748,0,0.94099677
2626,Pass,0,0.99979514,0.032120742,0,0.9925521
2627,Pass,0,0.9999876,0.09844416,0,0.9725799
2628,Pass,0,0.9999244,0.18117703,0,0.947368
2629,Pass,0,0.9866377,0.40843564,0,0.86661196
2630,Pass,0,0.9038976,0.94796187,0,0.6456745
2631,Pass,0,0.8505143,0.41841516,0,0.74446774
2632,Pass,0,0.99998784,0.09533903,0,0.9735241
2633,Pass,0,0.9999589,0.08753051,0,0.9758698
2634,Pass,0,0.99997413,0.11521015,0,0.9674697
2635,Pass,0,0.9998517,0.22488824,0,0.93401206
2636,Pass,0,0.9990688,0.2563877,0,0.92371315
2637,Pass,0,0.9999205,0.22327106,0,0.93456787
2638,Pass,0,0.99988234,0.12473029,0,0.96448696
2639,Pass,0,0.9993672,0.19341817,0,0.9431209
2640,Pass,0,0.9999546,0.16889848,0,0.95112926
2641,Pass,0,0.9999459,0.24836805,0,0.9269621
2642,Pass,0,0.9996675,0.18236025,0,0.94676495
2643,Pass,0,0.9999889,0.17374444,0,0.9496887
2644,Pass,0,0.9999994,0.10502741,0,0.9705899
2645,Pass,0,0.9973653,0.27794048,0,0.915603
2646,Pass,0,0.9999174,0.08640776,0,0.97617054
2647,Pass,0,0.99998367,0.08570469,0,0.97644895
2648,Pass,0,0.6704123,1.0220048,0,0.46379945
2649,Pass,0,0.9923183,0.28703213,0,0.9082269
2650,Pass,0,0.9996418,0.16687112,0,0.9514479
2651,Pass,0,0.99986935,0.1844194,0,0.9463302
2652,Pass,0,0.99982506,0.220026,0,0.9354651
2653,Pass,0,0.9999995,0.10211653,0,0.97147495
2654,Pass,0,0.99170566,2.5668032,0,0.2203221
2655,Pass,0,0.9999521,0.016879437,0,0.99734133
2656,Pass,0,0.9993781,0.124967754,0,0.9639284
2657,Pass,0,0.99998903,0.15101148,0,0.9566
2658,Pass,0,0.99503905,0.3837292,0,0.88146526
2659,Pass,0,0.989101,0.59596986,0,0.8123831
2660,Pass,0,0.9990964,0.18875344,0,0.9442822
2661,Pass,0,0.9999341,0.05166691,0,0.98674804
2662,Pass,0,0.99994326,0.17118168,0,0.95042443
2663,Pass,0,0.9999995,0.09016156,0,0.9751095
2664,Pass,0,0.9999976,0.092348486,0,0.9744428
2665,Pass,0,0.9972831,0.42272386,0,0.87163025
2666,Pass,0,0.99997723,0.17409104,0,0.9495722
2667,Pass,0,0.9999534,0.12159402,0,0.96550894
2668,Pass,0,0.9997987,0.32500908,0,0.90353006
2669,Pass,0,0.9999995,0.097456045,0,0.97289187
2670,Pass,0,0.9973908,0.4278676,0,0.8701647
2671,Pass,0,0.99630874,0.85519713,0,0.73978406
2672,Pass,0,0.999788,0.2997961,0,0.91118395
2673,Pass,0,0.99795794,0.18610428,0,0.94400996
2674,Pass,0,0.9963497,0.06612727,0,0.97883075
2675,Pass,0,0.9999999,0.06778406,0,0.98191303
2676,Pass,0,0.99864286,0.20175691,0,0.9399056
2677,Pass,0,0.99999774,0.032209784,0,0.99272615
2678,Pass,0,0.97043836,0.5442577,0,0.81231153
2679,Pass,0,0.9999994,0.069649234,0,0.98134553
2680,Pass,0,0.99998426,0.21379839,0,0.9375073
2681,Pass,0,0.99992657,0.23561397,0,0.93082136
2682,Pass,0,0.9999999,0.11113721,0,0.9687329
2683,Pass,0,0.9994892,0.2293164,0,0.93232787
2684,Pass,0,0.9992895,0.47846502,0,0.8564496
2685,Pass,0,0.9985734,0.12489538,0,0.9631742
2686,Pass,0,0.99880767,0.33890146,0,0.898416
2687,Pass,0,0.9998117,0.20737845,0,0.93929696
2688,Pass,0,0.9999018,0.03330865,0,0.9922969
2689,Pass,0,0.99458694,0.4868647,0,0.8498793
2690,Pass,0,0.9999416,0.11954648,0,0.96611995
2691,Pass,0,0.999954,0.1405509,0,0.95974654
2692,Pass,0,0.9997633,0.19928566,0,0.9417113
2693,Pass,0,0.9996131,0.05129248,0,0.9865451
2694,Pass,0,0.9993204,0.19161236,0,0.9436253
2695,Pass,0,0.9967964,0.3232349,0,0.9013545
2696,Pass,0,0.99935454,0.21632643,0,0.9361489
2697,Pass,0,0.9997539,0.4092888,0,0.87787324
2698,Pass,0,0.9996885,0.30401778,0,0.90981025
2699,Pass,0,0.99032557,0.50574136,0,0.84055465
2700,Pass,0,0.99951017,0.12881093,0,0.96288794
2701,Pass,0,0.9999404,0.11856119,0,0.9664184
2702,Pass,0,0.99999106,0.18755507,0,0.9454921
2703,Pass,0,0.99998426,0.18356852,0,0.94669765
2704,Pass,0,0.968398,0.17668311,0,0.91882163
2705,Pass,0,0.9852563,0.24419563,0,0.9145945
2706,Pass,0,0.9976948,0.09539556,0,0.97127455
2707,Pass,0,0.99998724,0.068360776,0,0.98172534
2708,Pass,0,0.99733883,0.288706,0,0.9123145
2709,Pass,0,0.9998367,0.110300824,0,0.96882904
2710,Pass,0,0.9986689,0.2706394,0,0.9190164
2711,Pass,0,0.9999964,0.13684547,0,0.9609138
2712,Pass,0,0.99993014,0.0874205,0,0.97587514
2713,Pass,0,0.89138836,0.3877466,0,0.7885566
2714,Pass,0,0.9999924,0.09287032,0,0.974279
2715,Pass,0,0.98918545,0.42173207,0,0.8648512
2716,Pass,0,0.9994861,0.18821467,0,0.9448142
2717,Pass,0,0.99997985,0.15894698,0,0.9541787
2718,Pass,0,0.9999685,0.1103934,0,0.96892864
2719,Pass,0,0.9986474,0.09040829,0,0.97371614
2720,Pass,0,0.9958807,0.45093447,0,0.8618634
2721,Pass,0,0.9997459,0.4173448,0,0.87541765
2722,Pass,0,0.99898,0.07452269,0,0.978865
2723,Pass,0,0.9995363,0.17561604,0,0.9486901
2724,Pass,0,0.99954575,0.22912486,0,0.9324388
2725,Pass,0,0.99993527,0.03310039,0,0.9923934
2726,Pass,0,0.9998092,0.16821228,0,0.9511996
2727,Pass,0,0.9999366,0.21244238,0,0.93787485
2728,Pass,0,0.99999917,0.13018776,0,0.9629405
2729,Pass,0,0.99999976,0.042939845,0,0.989466
2730,Pass,0,0.97968423,0.5029819,0,0.83234453
2731,Pass,0,0.9999957,0.13064352,0,0.9627986
2732,Pass,0,0.9940042,0.3116618,0,0.902327
2733,Pass,0,0.9999919,0.08484721,0,0.9767177
2734,Pass,0,0.9917453,0.052982792,0,0.9782705
2735,Pass,0,0.97381127,0.72990954,0,0.76017135
2736,Pass,0,0.9396176,0.27136368,0,0.86446804
2737,Pass,0,0.99998283,0.09713925,0,0.9729719
2738,Pass,0,0.9999994,0.0808786,0,0.97793156
2739,Pass,0,0.99986243,0.34674677,0,0.89697987
2740,Pass,0,0.99951386,0.15752749,0,0.9541654
2741,Pass,0,0.999984,0.15785295,0,0.9545153
2742,Pass,0,0.890956,0.6632868,0,0.71353924
2743,Pass,0,0.9188509,0.6877145,0,0.7290556
2744,Pass,0,0.99997497,0.22431399,0,0.9343018
2745,Pass,0,0.9977702,0.27520913,0,0.91680324
2746,Pass,0,0.999959,0.019671239,0,0.9964995
2747,Pass,0,0.9995641,0.08118656,0,0.97741234
2748,Pass,0,0.9986841,0.112158,0,0.9671483
2749,Pass,0,0.9997693,0.14486296,0,0.9582586
2750,Pass,0,0.999164,0.23776287,0,0.9294588
2751,Pass,0,0.99955314,0.16184643,0,0.95289046
2752,Pass,0,0.9999999,0.0673992,0,0.98203003
2753,Pass,0,0.9604089,0.10566386,0,0.9319779
2754,Pass,0,0.9994429,0.28775507,0,0.9145281
2755,Pass,0,0.9998129,0.15283036,0,0.9558786
2756,Pass,0,0.9997162,0.19769824,0,0.9421494
2757,Pass,0,0.9997557,0.01788681,0,0.9968392
2758,Pass,0,0.91436267,0.7818433,0,0.6993282
2759,Pass,0,0.99999857,0.053970274,0,0.9861114
2760,Pass,0,0.99123293,0.40159738,0,0.872709
2761,Pass,0,0.9806887,0.1296354,0,0.9445103
2762,Pass,0,0.9998722,0.14822792,0,0.95733434
2763,Pass,0,0.99998903,0.08347097,0,0.97713333
2764,Pass,0,0.999946,0.12846312,0,0.96341354
2765,Pass,0,0.9999721,0.06973555,0,0.9812925
2766,Pass,0,0.9999094,0.16566545,0,0.95206916
2767,Pass,0,0.9999788,0.110652715,0,0.96885973
2768,Pass,0,1.0,0.100302406,0,0.97202694
2769,Pass,0,0.95266676,1.1719455,0,0.6156395
2770,Pass,0,0.48952043,0.8834353,0,0.35927862
2771,Pass,0,0.8819361,0.8534312,0,0.655333
2772,Pass,0,0.99992466,0.21189666,0,0.9380295
2773,Pass,0,0.99997723,0.2113558,0,0.9382433
2774,Pass,0,0.99999976,0.0695342,0,0.9813808
2775,Pass,0,0.9996468,0.18546052,0,0.9458031
2776,Pass,0,0.99991,0.08051605,0,0.9779544
2777,Pass,0,0.99835485,0.17020774,0,0.9492103
2778,Pass,0,0.90716016,0.35101497,0,0.81263924
2779,Pass,0,0.99999106,0.07123063,0,0.9808566
2780,Pass,0,0.9992912,0.41908917,0,0.87448955
2781,Pass,0,0.99996245,0.23553745,0,0.93087804
2782,Pass,0,0.99999833,0.08253358,0,0.9774274
2783,Pass,0,0.99973446,0.37991336,0,0.8867845
2784,Pass,0,0.99992573,0.2774754,0,0.9180949
2785,Pass,0,0.9999881,0.2447278,0,0.92810786
2786,Pass,0,0.98168695,0.041760717,0,0.971698
2787,Pass,0,0.99999905,0.13945362,0,0.96012336
2788,Pass,0,0.9962935,0.09608629,0,0.9697012
2789,Pass,0,0.9999819,0.032850713,0,0.99251556
2790,Pass,0,0.9999988,0.26906723,0,0.92071825
2791,Pass,0,0.99992204,0.18992333,0,0.94470686
2792,Pass,0,0.99993944,0.17135009,0,0.9503696
2793,Pass,0,0.99905175,0.29655457,0,0.91149753
2794,Pass,0,0.99784315,0.24067809,0,0.9273457
2795,Pass,0,0.9999995,0.11331315,0,0.968071
2796,Pass,0,0.9999583,0.12491545,0,0.96450394
2797,Pass,0,0.9999678,0.31025794,0,0.90816736
2798,Pass,0,1.0,0.084507585,0,0.9768289
2799,Pass,0,0.9998585,0.19916674,0,0.9418371
2800,Pass,0,0.99940443,0.28598478,0,0.91503084
2801,Pass,0,0.99998736,0.18176663,0,0.94724834
2802,Pass,0,0.99989855,0.21232444,0,0.93787503
2803,Pass,0,0.996572,0.17855687,0,0.9449856
2804,Pass,0,0.9998406,0.1513031,0,0.95636934
2805,Pass,0,0.9999981,0.20980796,0,0.93873346
2806,Pass,0,0.99994814,0.169891,0,0.95082146
2807,Pass,0,0.9999845,0.109966226,0,0.96907395
2808,Pass,0,0.99758494,0.38416207,0,0.88358927
2809,Pass,0,0.9999641,0.11738944,0,0.96679753
2810,Pass,0,0.9454942,0.74021655,0,0.7351039
2811,Pass,0,0.9998654,0.12512621,0,0.9643503
2812,Pass,0,0.9961563,0.18729484,0,0.9419451
2813,Pass,0,0.9997955,0.17424951,0,0.9493515
2814,Pass,0,0.99990916,0.18197048,0,0.9471123
2815,Pass,0,0.99836737,0.07970124,0,0.976693
2816,Pass,0,0.99974173,0.054614134,0,0.9856624
2817,Pass,0,0.9989023,0.14471531,0,0.9574725
2818,Pass,0,0.99890256,0.2044248,0,0.9393398
2819,Pass,0,0.99999535,0.06345518,0,0.98322463
2820,Pass,0,0.999824,0.13914764,0,0.96004826
2821,Pass,0,0.9997701,0.13497853,0,0.9612638
2822,Pass,0,0.999181,0.13514985,0,0.96064526
2823,Pass,0,0.8652642,0.7893918,0,0.65979075
2824,Pass,0,0.9998808,0.26143876,0,0.9229285
2825,Pass,0,0.98058313,0.24875256,0,0.908898
2826,Pass,0,1.0,0.11583983,0,0.9673033
2827,Pass,0,0.9956695,0.117705315,0,0.96254975
2828,Pass,0,0.9992625,0.4156255,0,0.8755167
2829,Pass,0,0.99998593,0.20699012,0,0.9395787
2830,Pass,0,0.99999416,0.18508503,0,0.94624597
2831,Pass,0,0.99994874,0.18098186,0,0.94745034
2832,Pass,0,0.9999119,0.19829717,0,0.9421517
2833,Pass,0,0.9999956,0.092778444,0,0.9743101
2834,Pass,0,0.9522923,0.22513142,0,0.88951397
2835,Pass,0,0.99998,0.18400994,0,0.94655937
2836,Pass,0,0.6002707,0.76914525,0,0.46141985
2837,Pass,0,0.9999993,0.07548498,0,0.9795712
2838,Pass,0,0.9998317,0.09315715,0,0.9740353
2839,Pass,0,0.99999905,0.117079124,0,0.9669256
2840,Pass,0,0.99996364,0.08238373,0,0.97743905
2841,Pass,0,0.9997112,0.19170113,0,0.9439674
2842,Pass,0,0.9999863,0.1926235,0,0.9439467
2843,Pass,0,0.9977724,0.43941084,0,0.86699605
2844,Pass,0,0.99999726,0.016789423,0,0.99741375
2845,Pass,0,0.99981934,0.5418461,0,0.83763814
2846,Pass,0,0.9999795,0.1061712,0,0.97022283
2847,Pass,0,0.99961036,0.31416702,0,0.9066548
2848,Pass,0,0.99185747,0.26327053,0,0.91497034
2849,Pass,0,0.99999785,0.2146089,0,0.9372736
2850,Pass,0,0.99981517,0.34918192,0,0.89619726
2851,Pass,0,0.9948344,0.3224633,0,0.8998138
2852,Pass,0,0.9999862,0.17231196,0,0.95012164
2853,Pass,0,0.99142355,0.36761943,0,0.8831181
2854,Pass,0,0.9929952,0.40193027,0,0.87416
2855,Pass,0,0.99999917,0.16645366,0,0.95191497
2856,Pass,0,0.99998915,0.108372815,0,0.96956295
2857,Pass,0,0.99998415,0.118527405,0,0.9664709
2858,Pass,0,0.9964059,0.23789966,0,0.92685163
2859,Pass,0,0.99989367,0.24677448,0,0.9273981
2860,Pass,0,0.99902534,0.41189632,0,0.87644154
2861,Pass,0,0.99991333,0.18442917,0,0.9463689
2862,Pass,0,0.99994385,0.20571218,0,0.9399277
2863,Pass,0,0.98171324,0.43267268,0,0.8550528
2864,Pass,0,0.99988234,0.21682937,0,0.9364904
2865,Pass,0,0.99999917,0.11261528,0,0.9682828
2866,Pass,0,0.99987876,0.29006043,0,0.9142261
2867,Pass,0,0.9926581,0.044346046,0,0.9817773
2868,Pass,0,0.9996791,0.015168412,0,0.99758905
2869,Pass,0,0.99999154,0.3871768,0,0.8848043
2870,Pass,0,0.9999019,0.15633255,0,0.9548991
2871,Pass,0,0.9993723,0.19793786,0,0.94175243
2872,Pass,0,0.99682873,0.237736,0,0.92729455
2873,Pass,0,0.9990158,0.087537296,0,0.97494733
2874,Pass,0,0.99999475,0.07861395,0,0.9786155
2875,Pass,0,0.9996693,0.12652078,0,0.96373725
2876,Pass,0,0.99999213,0.08820713,0,0.97569644
2877,Pass,0,0.8892077,0.64698124,0,0.7165471
2878,Pass,0,0.99942124,0.07153588,0,0.98020494
2879,Pass,0,0.99991345,0.2774162,0,0.9181016
2880,Pass,0,0.9999498,0.05634555,0,0.9853412
2881,Pass,0,0.9991084,0.2915448,0,0.91307086
2882,Pass,0,0.9710388,0.24759024,0,0.9003945
2883,Pass,0,0.9999615,0.119276576,0,0.9662213
2884,Pass,0,0.99998856,0.16041079,0,0.953742
2885,Pass,0,0.9810845,0.16021495,0,0.9357707
2886,Pass,0,0.999995,0.14664409,0,0.9579335
2887,Pass,0,0.99999154,0.10381937,0,0.97094953
2888,Pass,0,0.9999026,0.13371949,0,0.9617739
2889,Pass,0,0.9995466,0.5738103,0,0.8276963
2890,Pass,0,0.9996488,0.18815403,0,0.94498646
2891,Pass,0,0.9998574,0.30788395,0,0.90878874
2892,Pass,0,0.9999969,0.11396302,0,0.9678709
2893,Pass,0,0.99999654,0.06770818,0,0.9819328
2894,Pass,0,0.74470466,0.51585925,0,0.62978923
2895,Pass,0,0.9999999,0.08741284,0,0.97594553
2896,Pass,0,0.94597584,1.3452978,0,0.5614605
2897,Pass,0,0.99998415,0.14391647,0,0.9587523
2898,Pass,0,0.9998054,0.11877176,0,0.9662239
2899,Pass,0,0.9999734,0.054668963,0,0.9858742
2900,Pass,0,0.99977916,0.17573136,0,0.9488856
2901,Pass,0,0.9944969,0.41529047,0,0.87144256
2902,Pass,0,0.9994404,0.07544992,0,0.9790344
2903,Pass,0,0.9999999,0.08174377,0,0.977669
2904,Pass,0,0.9999963,0.11034397,0,0.9689706
2905,Pass,0,0.99893314,0.2768663,0,0.9173685
2906,Pass,0,0.99937207,0.31679872,0,0.905639
2907,Pass,0,0.93821496,0.4804384,0,0.8035422
2908,Pass,0,0.99996066,0.20239338,0,0.9409524
2909,Pass,0,0.99998033,0.23315625,0,0.93161863
2910,Pass,0,0.9881874,0.39904353,0,0.8707948
2911,Pass,0,0.9960104,0.22799008,0,0.9294845
2912,Pass,0,0.9994678,0.02401851,0,0.99468905
2913,Pass,0,0.99998534,0.14861158,0,0.957326
2914,Pass,0,0.999634,0.18085267,0,0.9471914
2915,Pass,0,0.99151963,0.26851448,0,0.9130779
2916,Pass,0,0.99982435,0.15392426,0,0.95555705
2917,Pass,0,0.9999136,0.22113916,0,0.9352095
2918,Pass,0,0.9999994,0.11102625,0,0.96876615
2919,Pass,0,0.9997738,0.5170705,0,0.8451305
2920,Pass,0,0.9997793,0.2696087,0,0.9203515
2921,Pass,0,0.81781507,0.5648876,0,0.67942804
2922,Pass,0,0.9999999,0.09216538,0,0.97450066
2923,Pass,0,0.99983466,0.13423851,0,0.9615507
2924,Pass,0,0.999954,0.1307592,0,0.96272326
2925,Pass,0,0.99991894,0.35097322,0,0.89574575
2926,Pass,0,0.9996736,0.28977877,0,0.9141242
2927,Pass,0,0.97741085,0.9183756,0,0.7069784
2928,Pass,0,0.9998758,0.053441852,0,0.986151
2929,Pass,0,0.99733764,0.22565635,0,0.93143064
2930,Pass,0,0.96645474,1.0282271,0,0.666777
2931,Pass,0,0.998171,0.22139788,0,0.9335012
2932,Pass,0,0.9958651,0.24224147,0,0.92503405
2933,Pass,0,0.99997485,0.11413667,0,0.9677968
2934,Pass,0,0.99985766,0.16091971,0,0.9534625
2935,Pass,0,0.9999989,0.049640536,0,0.98742807
2936,Pass,0,0.99837565,0.16157936,0,0.951849
2937,Pass,0,0.9999112,0.13787036,0,0.9605203
2938,Pass,0,0.99052304,0.25940147,0,0.9149044
2939,Pass,0,0.6092264,1.2954215,0,0.37082914
2940,Pass,0,0.99911827,0.18703833,0,0.9448238
2941,Pass,0,0.99992573,0.1901305,0,0.94464743
2942,Pass,0,0.99998033,0.0561753,0,0.9854231
2943,Pass,0,0.9926317,0.27673483,0,0.9116213
2944,Pass,0,0.9857202,0.40531996,0,0.8667398
2945,Pass,0,0.9687284,0.53677887,0,0.8130829
2946,Pass,0,0.9987078,0.091843896,0,0.97333914
2947,Pass,0,0.9999968,0.05760596,0,0.9850043
2948,Pass,0,0.9999864,0.14468047,0,0.95852214
2949,Pass,0,0.99991596,0.1523118,0,0.9561348
2950,Pass,0,0.9997633,0.07912142,0,0.9782348
2951,Pass,0,0.9999355,0.1958307,0,0.9429238
2952,Pass,0,0.585105,0.6649021,0,0.46830526
2953,Pass,0,0.8379641,0.56720287,0,0.6955777
2954,Pass,0,0.99990726,0.17024639,0,0.95067453
2955,Pass,0,0.9999869,0.18742922,0,0.9455264
2956,Pass,0,0.99976915,0.24700789,0,0.9272117
2957,Pass,0,0.99974924,0.38018814,0,0.8867141
2958,Pass,0,0.9996331,0.30927834,0,0.90816104
2959,Pass,0,0.9924354,1.069952,0,0.67211246
2960,Pass,0,0.99990916,0.23323482,0,0.9315284
2961,Pass,0,0.99881905,0.43286937,0,0.8698919
2962,Pass,0,0.99990857,0.055259667,0,0.9856307
2963,Pass,0,0.9999715,0.34356686,0,0.89804447
2964,Pass,0,0.9992417,0.18717916,0,0.9448978
2965,Pass,0,0.99936265,0.06788068,0,0.981258
2966,Pass,0,0.99923027,0.24568942,0,0.92711246
2967,Pass,0,0.99999833,0.05381651,0,0.9861579
2968,Pass,0,0.9977992,0.14316021,0,0.9568869
2969,Pass,0,0.99919015,0.21613607,0,0.93605274
2970,Pass,0,0.9637955,0.58451295,0,0.79495585
2971,Pass,0,0.99988806,0.2263274,0,0.9336085
2972,Pass,0,0.95818555,0.4202581,0,0.8381771
2973,Pass,0,0.99961805,0.13973238,0,0.95967287
2974,Pass,0,0.9999236,0.03372523,0,0.99219185
2975,Pass,0,0.99850476,0.68577915,0,0.7928439
2976,Pass,0,0.9999114,0.2708298,0,0.920102
2977,Pass,0,0.99993193,0.14456202,0,0.958506
2978,Pass,0,0.999956,0.10762882,0,0.96975696
2979,Pass,0,0.93373954,0.6059532,0,0.7640788
2980,Pass,0,0.99999964,0.07144275,0,0.9808005
2981,Pass,0,0.9975177,0.283645,0,0.9140129
2982,Pass,0,0.99992156,0.052521788,0,0.9864758
2983,Pass,0,0.99998224,0.19721326,0,0.9425475
2984,Pass,0,0.99985886,0.051752333,0,0.9866478
2985,Pass,0,0.9999683,0.10171419,0,0.971567
2986,Pass,0,0.99980944,0.24342029,0,0.9283396
2987,Pass,0,0.9999906,0.13551421,0,0.9613129
2988,Pass,0,0.9993956,0.07422644,0,0.97936225
2989,Pass,0,0.9997899,0.2151811,0,0.93690485
2990,Pass,0,0.9867307,1.0543576,0,0.6729271
2991,Pass,0,0.999887,0.16036578,0,0.9536588
2992,Pass,0,0.9997739,0.15484115,0,0.9552302
2993,Pass,0,0.99786866,0.24511665,0,0.9260229
2994,Pass,0,0.9999262,0.21451074,0,0.93723637
2995,Pass,0,0.51829404,1.0620271,0,0.35225582
2996,Pass,0,0.9999995,0.035775535,0,0.99164385
2997,Pass,0,0.9999287,0.03510846,0,0.99177647
2998,Pass,0,0.9991025,0.25601417,0,0.92385775
2999,Pass,0,0.999926,0.060539633,0,0.98404276
3000,Pass,0,0.99982065,0.21918195,0,0.9357175
3001,Pass,0,0.9989944,0.22159818,0,0.9342104
3002,Pass,0,0.9999578,0.112659335,0,0.96822935
3003,Pass,0,0.99957424,0.07795187,0,0.9784052
3004,Pass,0,0.998998,0.24807732,0,0.9261717
3005,Pass,0,0.7626622,1.0789585,0,0.5144136
3006,Pass,0,0.99989974,0.20525838,0,0.9400242
3007,Pass,0,0.9999987,0.08836468,0,0.975655
3008,Pass,0,0.999881,0.12899262,0,0.96319
3009,Pass,0,0.99996305,0.047278102,0,0.98811084
3010,Pass,0,0.9993303,0.28241757,0,0.9160466
3011,Pass,0,0.99960667,0.20303702,0,0.9404237
3012,Pass,0,0.99853384,0.500429,0,0.8491342
3013,Pass,0,0.999992,0.08848852,0,0.9756108
3014,Pass,0,0.9940057,0.13630411,0,0.9553208
3015,Pass,0,0.9999981,0.0557852,0,0.9855591
3016,Pass,0,0.9985209,0.1706278,0,0.9492407
3017,Pass,0,0.999967,0.17952795,0,0.94790965
3018,Pass,0,0.99999607,0.060854204,0,0.98401606
3019,Pass,0,0.999226,0.07991855,0,0.9774669
3020,Pass,0,0.9995622,0.120222785,0,0.9655479
3021,Pass,0,0.9995908,0.25106543,0,0.92581326
3022,Pass,0,0.9999987,0.24134488,0,0.92914623
3023,Pass,0,0.56291306,0.90985566,0,0.40862292
3024,Pass,0,0.996609,0.17579852,0,0.9458564
3025,Pass,0,0.99997914,0.097215936,0,0.972945
3026,Pass,0,0.9998901,0.1149453,0,0.9674689
3027,Pass,0,0.99986756,0.068834126,0,0.9814639
3028,Pass,0,1.0,0.07028934,0,0.9811515
3029,Pass,0,0.9991708,0.2171216,0,0.93573517
3030,Pass,0,0.51811963,0.7785467,0,0.39679056
3031,Pass,0,0.9999994,0.06224262,0,0.9835973
3032,Pass,0,0.99985504,0.1417925,0,0.9592742
3033,Pass,0,0.9997482,0.20698355,0,0.9393573
3034,Pass,0,0.99996746,0.1555889,0,0.95518774
3035,Pass,0,0.99999726,0.15898885,0,0.95418257
3036,Pass,0,0.9999989,0.048321072,0,0.9878292
3037,Pass,0,0.9999987,0.14022063,0,0.9598898
3038,Pass,0,0.96192586,0.27305844,0,0.88449657
3039,Pass,0,0.99158794,0.061370708,0,0.9755866
3040,Pass,0,0.999838,0.15010983,0,0.9567296
3041,Pass,0,0.9999347,0.20244391,0,0.9409126
3042,Pass,0,0.99905914,0.2134304,0,0.9367517
3043,Pass,0,0.9999517,0.07139674,0,0.9807675
3044,Pass,0,0.9999571,0.07224583,0,0.9805146
3045,Pass,0,0.9999975,0.12164816,0,0.96553504
3046,Pass,0,0.9999577,0.09931074,0,0.97228736
3047,Pass,0,0.9999863,0.09357831,0,0.97405785
3048,Pass,0,0.9992281,0.34434834,0,0.89713943
3049,Pass,0,0.9999814,0.12365912,0,0.9649082
3050,Pass,0,0.99995303,0.029582197,0,0.99348056
3051,Pass,0,0.9999738,0.08201318,0,0.9775616
3052,Pass,0,0.9999794,0.071279,0,0.98083043
3053,Pass,0,1.0,0.04585588,0,0.98857975
3054,Pass,0,0.999864,0.14784852,0,0.95744187
3055,Pass,0,0.99916065,0.32408395,0,0.9032345
3056,Pass,0,0.9995394,0.32537687,0,0.90318394
3057,Pass,0,0.9999987,0.18389766,0,0.9466112
3058,Pass,0,0.99999845,0.069699414,0,0.9813293
3059,Pass,0,0.98598367,0.6955609,0,0.77996963
3060,Pass,0,0.75215685,0.88137835,0,0.55250835
3061,Pass,0,0.9999356,0.2137636,0,0.9374723
3062,Pass,0,0.93973714,0.48282713,0,0.80416346
3063,Pass,0,0.99998164,0.1001899,0,0.97204334
3064,Pass,0,0.99996996,0.14252096,0,0.95916295
3065,Pass,0,0.9961124,0.6983885,0,0.7871257
3066,Pass,0,0.99972767,0.22077557,0,0.93514615
3067,Pass,0,0.9999982,0.17008081,0,0.9508113
3068,Pass,0,0.99983585,0.39959267,0,0.8808926
3069,Pass,0,0.98804665,0.26422858,0,0.9111671
3070,Pass,0,0.9997726,0.02123449,0,0.9958386
3071,Pass,0,0.9999994,0.19546394,0,0.94309556
3072,Pass,0,0.9999994,0.11338343,0,0.9680495
3073,Pass,0,0.5959261,0.96675843,0,0.42227814
3074,Pass,0,0.9999999,0.043723613,0,0.9892279
3075,Pass,0,0.99998057,0.17195867,0,0.9502237
3076,Pass,0,0.9999913,0.08899332,0,0.97545666
3077,Pass,0,0.9920014,0.207891,0,0.93180484
3078,Pass,0,0.98796463,0.5087625,0,0.8376434
3079,Pass,0,0.9999993,0.0730342,0,0.9803163
3080,Pass,0,0.9999974,0.08315323,0,0.97723806
3081,Pass,0,0.999998,0.13116914,0,0.96264094
3082,Pass,0,0.9999945,0.06357598,0,0.98318714
3083,Pass,0,0.99999595,0.07616549,0,0.97936106
3084,Pass,0,0.99865687,0.2247993,0,0.93292284
3085,Pass,0,0.9972914,0.23257585,0,0.92928946
3086,Pass,0,0.99988365,0.25257707,0,0.9256249
3087,Pass,0,0.9999305,0.20874576,0,0.9389929
3088,Pass,0,0.99994624,0.14451933,0,0.95853263
3089,Pass,0,0.9999702,0.11359483,0,0.96795696
3090,Pass,0,0.9998609,0.20621131,0,0.9396979
3091,Pass,0,0.99997807,0.19006342,0,0.9447172
3092,Pass,0,0.99814534,0.12959671,0,0.9613347
3093,Pass,0,0.9989033,0.24426912,0,0.9272404
3094,Pass,0,0.99923813,0.16147804,0,0.95270205
3095,Pass,0,0.9999809,0.14370666,0,0.95881295
3096,Pass,0,0.999984,0.078270465,0,0.97870946
3097,Pass,0,0.9999405,0.03552875,0,0.99166036
3098,Pass,0,0.999982,0.10620436,0,0.9702152
3099,Pass,0,0.9999225,0.027309295,0,0.9941412
3100,Pass,0,0.9982553,0.11861926,0,0.96477216
3101,Pass,0,0.9999186,0.53270864,0,0.840499
3102,Pass,0,0.9887636,0.63679117,0,0.79983497
3103,Pass,0,0.99858165,0.21899791,0,0.9346138
3104,Pass,0,0.9999949,0.14633836,0,0.9580263
3105,Pass,0,0.9999999,0.096550964,0,0.97316736
3106,Pass,0,0.99160963,0.2322864,0,0.9240824
3107,Pass,0,0.9999323,0.13953628,0,0.96003413
3108,Pass,0,0.96692276,0.6531606,0,0.77735543
3109,Pass,0,0.9405028,0.4882835,0,0.80325854
3110,Pass,0,0.99910647,0.21450421,0,0.93647
3111,Pass,0,0.9993618,0.2781928,0,0.9173592
3112,Pass,0,0.9874978,0.30423397,0,0.89865065
3113,Pass,0,0.999998,0.15951957,0,0.95402193
3114,Pass,0,0.91309696,0.3669751,0,0.813527
3115,Pass,0,0.9907197,0.8057778,0,0.750519
3116,Pass,0,0.99999726,0.08036175,0,0.97808665
3117,Pass,0,0.99214584,0.68008846,0,0.7895112
3118,Pass,0,0.9999969,0.11000017,0,0.9690757
3119,Pass,0,1.0,0.05513022,0,0.98576015
3120,Pass,0,0.99998045,0.11450055,0,0.9676916
3121,Pass,0,0.9999006,0.18410721,0,0.94645464
3122,Pass,0,0.89686143,0.31060374,0,0.8144322
3123,Pass,0,0.99998724,0.15030093,0,0.9568143
3124,Pass,0,0.99886215,0.05342093,0,0.9851576
3125,Pass,0,0.9999974,0.059799813,0,0.9843379
3126,Pass,0,0.9998661,0.03408096,0,0.99202675
3127,Pass,0,0.99995947,0.27911517,0,0.9176274
3128,Pass,0,0.9999815,0.14239316,0,0.9592129
3129,Pass,0,0.9938305,0.4098206,0,0.87251127
3130,Pass,0,0.983547,0.25490758,0,0.9098047
3131,Pass,0,0.9999893,0.10319058,0,0.9711385
3132,Pass,0,0.98380625,0.33534738,0,0.8859853
3133,Pass,0,0.9994443,0.22925201,0,0.9323055
3134,Pass,0,0.99847835,0.2444876,0,0.9267796
3135,Pass,0,0.9999937,0.09589333,0,0.97336125
3136,Pass,0,0.9987612,0.39093694,0,0.88257396
3137,Pass,0,0.999948,0.18405959,0,0.94651407
3138,Pass,0,0.99438286,0.38294592,0,0.88112074
3139,Pass,0,0.9999666,0.2335482,0,0.93148667
3140,Pass,0,0.9999913,0.04844089,0,0.9877853
3141,Pass,0,0.9999615,0.111937046,0,0.9684525
3142,Pass,0,0.9999975,0.09082458,0,0.97490597
3143,Pass,0,0.99981683,0.08321213,0,0.97704375
3144,Pass,0,0.99999964,0.109575935,0,0.9692073
3145,Pass,0,0.99999094,0.30999956,0,0.9082669
3146,Pass,0,0.89274216,0.94154805,0,0.63944674
3147,Pass,0,0.9998355,0.24934714,0,0.92656213
3148,Pass,0,0.9995105,0.11391999,0,0.96741325
3149,Pass,0,0.9992385,0.26784426,0,0.9203897
3150,Pass,0,0.9998227,0.25309628,0,0.9254106
3151,Pass,0,0.9631489,0.35405478,0,0.86190414
3152,Pass,0,0.9993345,0.056657784,0,0.98464006
3153,Pass,0,0.9996418,0.2092394,0,0.93857175
3154,Pass,0,0.564997,0.4075375,0,0.4964187
3155,Pass,0,0.99995923,0.14549546,0,0.95824844
3156,Pass,0,0.9999864,0.08860899,0,0.9755688
3157,Pass,0,0.9993012,0.45217422,0,0.8644469
3158,Pass,0,0.9959894,0.42097375,0,0.8710295
3159,Pass,0,0.9999913,0.06556947,0,0.9825779
3160,Pass,0,0.9799483,0.3623123,0,0.87447757
3161,Pass,0,0.9998165,0.22998048,0,0.9324313
3162,Pass,0,0.99998844,0.09716381,0,0.9729699
3163,Pass,0,0.9999021,0.17553185,0,0.9490629
3164,Pass,0,0.99997556,0.3223007,0,0.90451324
3165,Pass,0,0.9999776,0.16058122,0,0.9536797
3166,Pass,0,0.99859935,0.34042948,0,0.8977647
3167,Pass,0,0.9972621,0.31216797,0,0.905131
3168,Pass,0,0.9999399,0.19501922,0,0.9431746
3169,Pass,0,0.9999981,0.12609838,0,0.9641827
3170,Pass,0,0.99998915,0.07378348,0,0.98007864
3171,Pass,0,0.99959975,0.22762097,0,0.9329462
3172,Pass,0,0.8822517,0.6849076,0,0.70076907
3173,Pass,0,0.99990475,0.19446209,0,0.9433108
3174,Pass,0,0.9999932,0.15302703,0,0.9559912
3175,Pass,0,0.999863,0.024006993,0,0.9950859
3176,Pass,0,0.9995994,0.39684042,0,0.8815206
3177,Pass,0,0.9999976,0.046071384,0,0.9885118
3178,Pass,0,0.9999857,0.07515833,0,0.97965723
3179,Pass,0,0.99999774,0.035061788,0,0.9918591
3180,Pass,0,0.99999034,0.08008459,0,0.97816414
3181,Pass,0,0.99997485,0.21118866,0,0.9382919
3182,Pass,0,0.999995,0.08160993,0,0.97770494
3183,Pass,0,0.9999635,0.29210356,0,0.9136825
3184,Pass,0,0.9996263,0.35525215,0,0.8941832
3185,Pass,0,0.9940567,0.36560634,0,0.886072
3186,Pass,0,0.99978715,0.4376931,0,0.86926883
3187,Pass,0,0.9999987,0.046183053,0,0.98847896
3188,Pass,0,0.9999883,0.1073958,0,0.9698591
3189,Pass,0,0.9493423,0.6114237,0,0.77526766
3190,Pass,0,0.9994547,0.25348932,0,0.92495066
3191,Pass,0,0.9996269,0.16776831,0,0.9511611
3192,Pass,0,0.99998784,0.07236851,0,0.9805075
3193,Pass,0,0.9992304,0.22123452,0,0.9345416
3194,Pass,0,0.9999908,0.063528664,0,0.98319787
3195,Pass,0,0.9999999,0.063147,0,0.9833228
3196,Pass,0,0.99425656,0.08226026,0,0.97189784
3197,Pass,0,0.9999999,0.08728786,0,0.9759835
3198,Pass,0,0.999995,0.2080885,0,0.9392533
3199,Pass,0,0.9999999,0.045521688,0,0.9886812
3200,Pass,0,0.99998915,0.15322632,0,0.9559268
3201,Pass,0,0.999992,0.10876218,0,0.9694473
3202,Pass,0,0.99951446,0.2381459,0,0.92966837
3203,Pass,0,0.9973482,0.09288708,0,0.97169775
3204,Pass,0,0.999668,0.21813051,0,0.9358942
3205,Pass,0,0.9965712,0.21328111,0,0.9344642
3206,Pass,0,0.9743456,0.5657306,0,0.80922145
3207,Pass,0,0.98239756,0.18976663,0,0.9281969
3208,Pass,0,0.99991024,0.16929862,0,0.95096546
3209,Pass,0,0.9999598,0.14445096,0,0.9585665
3210,Pass,0,0.9999316,0.21532276,0,0.9369945
3211,Pass,0,0.99964297,0.120959304,0,0.96540207
3212,Pass,0,0.99999154,0.12421339,0,0.9647494
3213,Pass,0,0.98915595,0.41712832,0,0.8662098
3214,Pass,0,0.99995804,0.052676078,0,0.98646486
3215,Pass,0,0.9999858,0.09641668,0,0.9731945
3216,Pass,0,0.99986136,0.21605791,0,0.9367053
3217,Pass,0,0.9999995,0.038243793,0,0.9908935
3218,Pass,0,0.9373607,0.376954,0,0.8323011
3219,Pass,0,0.9944887,0.25375095,0,0.92027575
3220,Pass,0,1.0,0.08046749,0,0.97805715
3221,Pass,0,0.9999957,0.059454486,0,0.9844413
3222,Pass,0,0.9992705,0.3455108,0,0.89682436
3223,Pass,0,0.99999976,0.07385208,0,0.98006815
3224,Pass,0,0.9999862,0.16380747,0,0.9527071
3225,Pass,0,0.88779163,1.1891042,0,0.5690842
3226,Pass,0,0.99996996,0.04153876,0,0.9898625
3227,Pass,0,0.9958716,0.08393584,0,0.9729693
3228,Pass,0,0.99974746,0.2463766,0,0.9273834
3229,Pass,0,0.99200034,0.3626616,0,0.88512707
3230,Pass,0,0.99993014,0.023451738,0,0.99532145
3231,Pass,0,0.99979776,0.021085804,0,0.99590886
3232,Pass,0,0.9970163,0.22491647,0,0.9313548
3233,Pass,0,0.9999771,0.12178714,0,0.9654731
3234,Pass,0,0.999985,0.11596882,0,0.9672496
3235,Pass,0,0.9938685,0.38075447,0,0.88132715
3236,Pass,0,0.9652874,0.6107453,0,0.78848803
3237,Pass,0,0.9975522,0.09165585,0,0.97226995
3238,Pass,0,0.9998684,0.14614893,0,0.9579627
3239,Pass,0,0.9994086,0.29635203,0,0.91188467
3240,Pass,0,0.87307686,0.46560252,0,0.75169206
3241,Pass,0,0.9999714,0.24306355,0,0.92859834
3242,Pass,0,0.9998977,0.2495687,0,0.9265525
3243,Pass,0,0.99824107,0.2700354,0,0.918806
3244,Pass,0,0.99964976,0.08709891,0,0.97569925
3245,Pass,0,0.99985707,0.22649711,0,0.933528
3246,Pass,0,0.9998778,0.22167414,0,0.9350135
3247,Pass,0,0.9998223,0.1990547,0,0.9418371
3248,Pass,0,0.99999,0.0738119,0,0.98007077
3249,Pass,0,0.99998295,0.12693249,0,0.9639145
3250,Pass,0,0.9785348,0.48782334,0,0.8358776
3251,Pass,0,0.99902034,0.3208464,0,0.90409094
3252,Pass,0,0.99963117,0.121590644,0,0.9651988
3253,Pass,0,0.9993662,0.09585068,0,0.9727635
3254,Pass,0,0.9984478,0.47708926,0,0.8561458
3255,Pass,0,0.9998988,0.11765304,0,0.9666542
3256,Pass,0,0.9999765,0.17089443,0,0.95054334
3257,Pass,0,0.9999989,0.14507325,0,0.9584148
3258,Pass,0,0.99999917,0.090007104,0,0.9751561
3259,Pass,0,0.9950832,0.0448555,0,0.9840217
3260,Pass,0,0.99874216,0.27331352,0,0.91827184
3261,Pass,0,0.9996412,0.23736373,0,0.93002397
3262,Pass,0,0.99905866,0.3859744,0,0.8843441
3263,Pass,0,0.99878806,0.41543558,0,0.8751587
3264,Pass,0,0.9980065,0.24518742,0,0.92612934
3265,Pass,0,0.9999739,0.13215774,0,0.9623172
3266,Pass,0,0.994595,0.36335903,0,0.88723135
3267,Pass,0,0.99912053,0.25225022,0,0.9250178
3268,Pass,0,0.99809164,0.047167107,0,0.9862953
3269,Pass,0,0.9988576,0.36031032,0,0.8919596
3270,Pass,0,0.9999944,0.08520413,0,0.9766117
3271,Pass,0,0.99998593,0.071893595,0,0.98065
3272,Pass,0,0.9996567,0.11884052,0,0.96605927
3273,Pass,0,0.9999809,0.10746219,0,0.96983176
3274,Pass,0,0.99999595,0.11127808,0,0.9686862
3275,Pass,0,0.9999721,0.18324372,0,0.94678485
3276,Pass,0,0.9996896,0.019967074,0,0.9961411
3277,Pass,0,0.9993026,0.37942183,0,0.8865508
3278,Pass,0,0.9999503,0.16482413,0,0.95236385
3279,Pass,0,0.9999299,0.1363183,0,0.9610101
3280,Pass,0,0.99645066,0.3190099,0,0.90232176
3281,Pass,0,0.99933666,0.05481333,0,0.9852025
3282,Pass,0,0.9995577,0.249735,0,0.92618686
3283,Pass,0,0.9999925,0.18168576,0,0.94727784
3284,Pass,0,0.9968401,0.3554826,0,0.8916211
3285,Pass,0,0.9999269,0.13069436,0,0.96271694
3286,Pass,0,0.9999144,0.17246808,0,0.95000595
3287,Pass,0,0.99995935,0.05507306,0,0.9857375
3288,Pass,0,0.9703148,0.4532267,0,0.8390617
3289,Pass,0,0.9888809,0.64272875,0,0.7981448
3290,Pass,0,0.99994683,0.17038365,0,0.9506704
3291,Pass,0,0.9999409,0.19259831,0,0.9439115
3292,Pass,0,0.99981207,0.14586933,0,0.9579937
3293,Pass,0,0.9999751,0.1355026,0,0.9613015
3294,Pass,0,0.99156266,0.299147,0,0.9038832
3295,Pass,0,1.0,0.115811214,0,0.967312
3296,Pass,0,0.9977641,0.15812175,0,0.9523148
3297,Pass,0,0.9999509,0.22350965,0,0.93452376
3298,Pass,0,0.99999523,0.13293628,0,0.9621011
3299,Pass,0,0.99984,0.14822476,0,0.9573045
3300,Pass,0,0.9997795,0.19171755,0,0.9440269
3301,Pass,0,0.99999976,0.057190623,0,0.9851335
3302,Pass,0,0.99970764,0.13737316,0,0.96047586
3303,Pass,0,0.99987483,0.26103738,0,0.923045
3304,Pass,0,0.9999218,0.11935872,0,0.9661579
3305,Pass,0,0.92686754,0.43098134,0,0.8077599
3306,Pass,0,0.9999734,0.118003696,0,0.9666198
3307,Pass,0,0.9999995,0.100471795,0,0.971975
3308,Pass,0,0.9995647,0.1691667,0,0.9506769
3309,Pass,0,0.9999919,0.047976457,0,0.9879271
3310,Pass,0,0.9999887,0.08932061,0,0.9753546
3311,Pass,0,0.99999356,0.21926366,0,0.9358545
3312,Pass,0,0.99999,0.14069714,0,0.95973665
3313,Pass,0,0.99998784,0.13709535,0,0.96082956
3314,Pass,0,0.9999056,0.039961305,0,0.99027824
3315,Pass,0,0.99999356,0.16876034,0,0.95120835
3316,Pass,0,0.9522587,0.54701066,0,0.79629713
3317,Pass,0,0.9801354,0.19778791,0,0.92366934
3318,Pass,0,0.9997242,0.15141575,0,0.9562237
3319,Pass,0,0.9998436,0.16445085,0,0.9523757
3320,Pass,0,0.99990535,0.020594537,0,0.99616534
3321,Pass,0,0.99998903,0.2571748,0,0.92432475
3322,Pass,0,0.9996995,0.084094726,0,0.9766608
3323,Pass,0,0.9999393,0.25519535,0,0.9248805
3324,Pass,0,0.9998056,0.18916248,0,0.94482815
3325,Pass,0,0.9999938,0.07077026,0,0.98099923
3326,Pass,0,0.9950696,0.25361055,0,0.92085576
3327,Pass,0,0.99999845,0.031551056,0,0.99292713
3328,Pass,0,0.9959733,0.31430906,0,0.90331286
3329,Pass,0,0.9900461,0.65717137,0,0.7947381
3330,Pass,0,0.9778185,0.558615,0,0.8142211
3331,Pass,0,0.9999795,0.1432208,0,0.95895934
3332,Pass,0,0.999892,0.19995932,0,0.94162774
3333,Pass,0,0.6859285,0.5421102,0,0.5746086
3334,Pass,0,0.99993956,0.44805232,0,0.8662522
3335,Pass,0,0.99965525,0.15057774,0,0.9564125
3336,Pass,0,0.99887246,0.6360176,0,0.8082472
3337,Pass,0,0.9458993,0.73875403,0,0.7358395
3338,Pass,0,0.9989236,0.33797103,0,0.89880276
3339,Pass,0,0.99674135,0.38950774,0,0.8812222
3340,Pass,0,0.99998546,0.17216444,0,0.95016575
3341,Pass,0,0.98836786,0.45596105,0,0.85385114
3342,Pass,0,0.99409455,0.36508438,0,0.88626343
3343,Pass,0,0.9969567,0.4302836,0,0.86905366
3344,Pass,0,0.98803455,0.39730248,0,0.8711831
3345,Pass,0,0.99997926,0.28973383,0,0.9144173
3346,Pass,0,0.9999567,0.17502555,0,0.9492687
3347,Pass,0,0.99961627,0.10088558,0,0.97147673
3348,Pass,0,0.99999976,0.1555483,0,0.95523095
3349,Pass,0,0.9989531,0.26752308,0,0.92022437
3350,Pass,0,0.9998797,0.11911091,0,0.9661926
3351,Pass,0,0.9993808,0.14143911,0,0.9589265
3352,Pass,0,0.99998486,0.10338049,0,0.9710765
3353,Pass,0,0.9997198,0.03546013,0,0.99146235
3354,Pass,0,0.9999343,0.04225133,0,0.98961055
3355,Pass,0,1.0,0.072115846,0,0.9805962
3356,Pass,0,0.999992,0.07576873,0,0.9794779
3357,Pass,0,0.9999696,0.13946182,0,0.9600926
3358,Pass,0,0.9995807,0.21882224,0,0.93560225
3359,Pass,0,0.9999447,0.07212806,0,0.98053825
3360,Pass,0,0.9999263,0.064818524,0,0.9827423
3361,Pass,0,0.9877664,0.3298814,0,0.89119315
3362,Pass,0,1.0,0.03128431,0,0.99300975
3363,Pass,0,0.9997532,0.1488707,0,0.95702505
3364,Pass,0,0.9999862,0.2910584,0,0.91402096
3365,Pass,0,0.9976051,0.767263,0,0.7674162
3366,Pass,0,0.99999833,0.07943979,0,0.978368
3367,Pass,0,0.9948691,0.44302142,0,0.86338127
3368,Pass,0,0.999813,0.05687902,0,0.98504424
3369,Pass,0,0.9884377,0.44580716,0,0.85696274
3370,Pass,0,0.99997175,0.15599917,0,0.9550671
3371,Pass,0,0.99997437,0.07663037,0,0.97919863
3372,Pass,0,0.9999994,0.11329586,0,0.9680761
3373,Pass,0,0.9612006,0.5237695,0,0.8105661
3374,Pass,0,0.99996686,0.18556513,0,0.9460742
3375,Pass,0,0.98072654,0.40204138,0,0.86332643
3376,Pass,0,0.9922436,0.43545294,0,0.8633858
3377,Pass,0,0.8060268,0.56516576,0,0.6695664
3378,Pass,0,0.9999751,0.251876,0,0.9259227
3379,Pass,0,0.99994254,0.027616343,0,0.9940678
3380,Pass,0,0.99976057,0.10337812,0,0.9708594
3381,Pass,0,0.99094874,0.34387183,0,0.88984954
3382,Pass,0,0.9999976,0.033019673,0,0.9924798
3383,Pass,0,0.9999894,0.10840719,0,0.96955264
3384,Pass,0,0.9162225,0.3114983,0,0.8317647
3385,Pass,0,0.9999751,0.35492215,0,0.89459556
3386,Pass,0,0.99970007,0.061795224,0,0.98343885
3387,Pass,0,0.99984586,0.13863875,0,0.960224
3388,Pass,0,0.9972222,0.5684418,0,0.8273991
3389,Pass,0,0.99999666,0.061581295,0,0.98379564
3390,Pass,0,0.9999746,0.20217349,0,0.94103235
3391,Pass,0,0.99999344,0.09472767,0,0.9737154
3392,Pass,0,0.9642807,0.40625277,0,0.84761465
3393,Pass,0,0.99999297,0.33721125,0,0.899996
3394,Pass,0,0.99991155,0.21075352,0,0.93836474
3395,Pass,0,0.99999785,0.09652599,0,0.97317296
3396,Pass,0,0.9999267,0.24811421,0,0.9270215
3397,Pass,0,0.9999988,0.13430682,0,0.96168786
3398,Pass,0,0.9999527,0.051957432,0,0.98667806
3399,Pass,0,0.99929833,0.25066373,0,0.92566437
3400,Pass,0,0.99999785,0.05200301,0,0.98670876
3401,Pass,0,0.9999869,0.23795281,0,0.9301665
3402,Pass,0,0.9999342,0.17121488,0,0.9504057
3403,Pass,0,0.9999989,0.09733116,0,0.97292924
3404,Pass,0,0.9995358,0.21337579,0,0.9372153
3405,Pass,0,0.9930615,0.55292255,0,0.82863235
3406,Pass,0,0.99982053,0.9188823,0,0.7230337
3407,Pass,0,0.9999883,0.10348153,0,0.97104913
3408,Pass,0,0.9999956,0.15240254,0,0.9561833
3409,Pass,0,0.99994504,0.16205154,0,0.9532017
3410,Pass,0,0.8923165,0.41684115,0,0.78148484
3411,Pass,0,0.9998547,0.17494279,0,0.949197
3412,Pass,0,0.99694294,0.42738527,0,0.86992013
3413,Pass,0,0.999985,0.050925657,0,0.9870236
3414,Pass,0,0.9996464,0.30792958,0,0.90858305
3415,Pass,0,0.99763525,0.18407829,0,0.9443191
3416,Pass,0,0.9999962,0.19240446,0,0.94402266
3417,Pass,0,0.99970144,0.13089229,0,0.96243966
3418,Pass,0,0.9997774,0.2638091,0,0.9221125
3419,Pass,0,0.99822265,0.04175793,0,0.9880663
3420,Pass,0,0.99961096,0.043154534,0,0.98901606
3421,Pass,0,0.9997551,0.03670628,0,0.99111855
3422,Pass,0,0.5735038,1.7279847,0,0.27366525
3423,Pass,0,0.99993134,0.14071907,0,0.95967364
3424,Pass,0,0.9999877,0.036474995,0,0.99141955
3425,Pass,0,0.958231,0.25639343,0,0.8859539
3426,Pass,0,0.9999378,0.13507642,0,0.9613952
3427,Pass,0,0.99695194,0.35583812,0,0.89161336
3428,Pass,0,0.9999025,0.05710917,0,0.9850624
3429,Pass,0,0.9999026,0.2122545,0,0.93790007
3430,Pass,0,0.99439174,0.08074415,0,0.97248834
3431,Pass,0,0.99846554,0.13231559,0,0.9608178
3432,Pass,0,0.9858533,0.49551594,0,0.8398235
3433,Pass,0,0.9999559,0.03282989,0,0.99249613
3434,Pass,0,0.99939334,0.084650934,0,0.9761927
3435,Pass,0,0.99998486,0.08985354,0,0.97518885
3436,Pass,0,0.9998312,0.21325704,0,0.9375284
3437,Pass,0,0.995158,0.6113045,0,0.8127185
3438,Pass,0,0.99970955,0.066222705,0,0.9821025
3439,Pass,0,0.99990904,0.1830736,0,0.94677687
3440,Pass,0,0.99995065,0.3688079,0,0.89035237
3441,Pass,0,0.9863013,0.5738305,0,0.8167222
3442,Pass,0,0.99992526,0.085215345,0,0.9765407
3443,Pass,0,0.9999882,0.09614795,0,0.9732785
3444,Pass,0,0.9998838,0.26111633,0,0.92302924
3445,Pass,0,0.99999857,0.07691529,0,0.9791357
3446,Pass,0,0.9996935,0.23927002,0,0.92949325
3447,Pass,0,0.99997056,0.1372851,0,0.9607552
3448,Pass,0,0.9828346,0.47485754,0,0.8434247
3449,Pass,0,0.99999785,0.06556481,0,0.9825858
3450,Pass,0,0.99962497,0.10488012,0,0.9702713
3451,Pass,0,0.7584878,0.42461267,0,0.6624865
3452,Pass,0,0.99951255,0.11297293,0,0.9677029
3453,Pass,0,0.9990206,0.33920324,0,0.89851576
3454,Pass,0,0.9998683,0.039939776,0,0.99024785
3455,Pass,0,0.9999753,0.030032204,0,0.99336594
3456,Pass,0,0.99936754,0.38657746,0,0.8844343
3457,Pass,0,0.5054808,0.44274253,0,0.4387163
3458,Pass,0,0.999974,0.3937849,0,0.8827799
3459,Pass,0,0.9999958,0.065897584,0,0.98248255
3460,Pass,0,0.99571925,0.32776824,0,0.8990082
3461,Pass,0,0.9999504,0.21847957,0,0.9360525
3462,Pass,0,1.0,0.088749394,0,0.9755393
3463,Pass,0,0.9999999,0.10631312,0,0.97019947
3464,Pass,0,0.99497026,0.085514985,0,0.97161096
3465,Pass,0,0.99966836,0.2898689,0,0.91409194
3466,Pass,0,0.9980363,0.3016494,0,0.9090252
3467,Pass,0,0.9987066,0.05202403,0,0.98542833
3468,Pass,0,0.99947983,0.18260945,0,0.94651145
3469,Pass,0,0.9998418,0.19512942,0,0.9430486
3470,Pass,0,0.99999976,0.07534892,0,0.97961307
3471,Pass,0,0.9997323,0.077663325,0,0.97864765
3472,Pass,0,0.99987125,0.15905659,0,0.9540418
3473,Pass,0,0.99997735,0.31881803,0,0.90557367
3474,Pass,0,0.89369565,0.97879153,0,0.63001066
3475,Pass,0,0.72804064,0.35139272,0,0.6520994
3476,Pass,0,0.9952897,0.32286456,0,0.9001041
3477,Pass,0,0.998733,0.047049038,0,0.9869649
3478,Pass,0,0.99999344,0.117021665,0,0.96693766
3479,Pass,0,0.99999726,0.12150922,0,0.96557707
3480,Pass,0,0.99996257,0.07487446,0,0.9797209
3481,Pass,0,0.9999565,0.07393773,0,0.9799997
3482,Pass,0,0.99999547,0.118033975,0,0.9666319
3483,Pass,0,0.9999943,0.15720372,0,0.9547224
3484,Pass,0,0.99999607,0.07475333,0,0.9797905
3485,Pass,0,0.99988604,0.18220547,0,0.947019
3486,Pass,0,0.9999987,0.045354452,0,0.98873085
3487,Pass,0,0.99999857,0.06762108,0,0.98196125
3488,Pass,0,0.99999464,0.08800856,0,0.97575927
3489,Pass,0,0.9998049,0.13656875,0,0.9608139
3490,Pass,0,0.9903916,0.5262932,0,0.8344226
3491,Pass,0,0.99944705,0.58522356,0,0.8241459
3492,Pass,0,0.99751556,0.3771728,0,0.8856474
3493,Pass,0,0.99999726,0.12489043,0,0.9645491
3494,Pass,0,0.9990089,0.09144521,0,0.97375363
3495,Pass,0,0.9999585,0.11191282,0,0.96845704
3496,Pass,0,0.99870074,0.14572641,0,0.9569723
3497,Pass,0,0.99914956,0.15017155,0,0.95605206
3498,Pass,0,0.98730254,0.21982114,0,0.9238102
3499,Pass,0,0.9999852,0.055075474,0,0.98576224
3500,Pass,0,0.9999734,0.16986777,0,0.9508525
3501,Pass,0,0.99971753,0.31011033,0,0.9079849
3502,Pass,0,0.9999881,0.09174822,0,0.974616
3503,Pass,0,0.7452233,1.4437582,0,0.42000142
3504,Pass,0,0.9958324,0.8559804,0,0.73919326
3505,Pass,0,0.9999112,0.1985339,0,0.94207907
3506,Pass,0,0.9894805,0.4055998,0,0.86996204
3507,Pass,0,0.99999785,0.15938647,0,0.9540623
3508,Pass,0,0.9999968,0.2139529,0,0.93747205
3509,Pass,0,0.9982487,0.32865736,0,0.9010221
3510,Pass,0,0.99998796,0.071468614,0,0.9807812
3511,Pass,0,0.99538124,0.38501287,0,0.8813799
3512,Pass,0,0.9999552,0.14326717,0,0.9589219
3513,Pass,0,0.99999905,0.1794165,0,0.9479739
3514,Pass,0,0.9997497,0.120204695,0,0.96573454
3515,Pass,0,0.9999919,0.07032881,0,0.98113155
3516,Pass,0,0.9939201,0.8395062,0,0.7427518
3517,Pass,0,0.99999297,0.13805899,0,0.96054155
3518,Pass,0,0.9996989,0.15932249,0,0.9537965
3519,Pass,0,0.9991903,0.19025928,0,0.9439135
3520,Pass,0,0.82993865,1.584309,0,0.43228298
3521,Pass,0,0.9999826,0.17292343,0,0.94993234
3522,Pass,0,0.9993505,0.2556298,0,0.9242039
3523,Pass,0,0.9996264,0.26206732,0,0.9225027
3524,Pass,0,0.99999857,0.102808736,0,0.97126365
3525,Pass,0,0.99654204,0.39104065,0,0.88058156
3526,Pass,0,0.99997056,0.15083225,0,0.9566368
3527,Pass,0,0.999949,0.102609,0,0.9712762
3528,Pass,0,0.9997739,0.18518558,0,0.946007
3529,Pass,0,0.99954945,0.27415457,0,0.9187586
3530,Pass,0,0.9998074,0.14596856,0,0.95795906
3531,Pass,0,0.99987423,0.18655887,0,0.94568443
3532,Pass,0,0.9945967,0.052445482,0,0.98124564
3533,Pass,0,0.9380219,0.58788145,0,0.7727367
3534,Pass,0,0.9921944,0.94588596,0,0.70937324
3535,Pass,0,0.99998295,0.064242624,0,0.9829731
3536,Pass,0,0.99858093,0.32367477,0,0.90283465
3537,Pass,0,0.9999994,0.18304345,0,0.94687164
3538,Pass,0,0.9998647,0.11726645,0,0.96673876
3539,Pass,0,0.99999857,0.1238672,0,0.96486145
3540,Pass,0,0.999967,0.14978933,0,0.9569504
3541,Pass,0,0.99702364,0.31113788,0,0.90522677
3542,Pass,0,0.98612255,0.38192853,0,0.8741063
3543,Pass,0,0.99948597,0.2113294,0,0.9377904
3544,Pass,0,0.99960786,0.14109287,0,0.9592496
3545,Pass,0,0.9999999,0.028840058,0,0.9937527
3546,Pass,0,0.99970144,0.084443696,0,0.97655666
3547,Pass,0,0.9999441,0.26769534,0,0.9210849
3548,Pass,0,0.9999597,0.11053343,0,0.9688775
3549,Pass,0,0.98227745,0.4495038,0,0.850518
3550,Pass,0,0.9758981,0.6821264,0,0.7759772
3551,Pass,0,0.99996376,0.046332832,0,0.9883989
3552,Pass,0,0.9997414,0.44850054,0,0.86594427
3553,Pass,0,0.9998435,0.038933184,0,0.9905293
3554,Pass,0,0.9999982,0.04476756,0,0.9889088
3555,Pass,0,0.9999006,0.24457133,0,0.92807424
3556,Pass,0,0.999997,0.18865965,0,0.94516194
3557,Pass,0,0.9975641,0.39681998,0,0.8797319
3558,Pass,0,0.9782306,2.3536336,0,0.28072512
3559,Pass,0,0.62397844,1.2133963,0,0.3953688
3560,Pass,0,0.9999999,0.028110027,0,0.9939747
3561,Pass,0,0.9996946,0.17526647,0,0.9489466
3562,Pass,0,0.99989974,0.047962066,0,0.98784035
3563,Pass,0,0.9977449,0.26534823,0,0.91977113
3564,Pass,0,0.9989537,0.24765357,0,0.9262593
3565,Pass,0,0.9971307,0.32379255,0,0.9014877
3566,Pass,0,0.99999917,0.047512103,0,0.9880754
3567,Pass,0,0.99079496,0.42138177,0,0.8663639
3568,Pass,0,0.9977435,0.19867806,0,0.939993
3569,Pass,0,1.0,0.1266479,0,0.96401745
3570,Pass,0,0.99999976,0.058816377,0,0.9846393
3571,Pass,0,0.99313676,0.21453427,0,0.93086547
3572,Pass,0,0.9999908,0.048710875,0,0.9877027
3573,Pass,0,0.99925786,0.15942724,0,0.95334387
3574,Pass,0,0.947428,0.50323564,0,0.8048664
3575,Pass,0,0.99977475,0.22576293,0,0.9336743
3576,Pass,0,0.99997616,0.25681323,0,0.92442274
3577,Pass,0,0.99944955,0.37014204,0,0.8895008
3578,Pass,0,0.9998466,0.24767889,0,0.9270795
3579,Pass,0,0.99999344,0.071392514,0,0.9808097
3580,Pass,0,0.9995036,0.4564587,0,0.8633201
3581,Pass,0,0.999954,0.29727846,0,0.9121006
3582,Pass,0,0.995349,0.069399044,0,0.9768576
3583,Pass,0,0.99968433,0.20585828,0,0.93963933
3584,Pass,0,0.9999999,0.046976663,0,0.9882389
3585,Pass,0,0.9999416,0.14696546,0,0.9577846
3586,Pass,0,0.99966466,0.16832802,0,0.9510269
3587,Pass,0,0.9998356,0.18770336,0,0.9453
3588,Pass,0,0.9999918,0.09208437,0,0.9745174
3589,Pass,0,0.99869114,0.15408213,0,0.95442605
3590,Pass,0,0.9999999,0.090063445,0,0.9751397
3591,Pass,0,0.9997212,0.25804535,0,0.92381257
3592,Pass,0,0.9990934,0.102495596,0,0.9704796
3593,Pass,0,0.99997675,0.019145176,0,0.9966771
3594,Pass,0,0.9999976,0.028051395,0,0.99399024
3595,Pass,0,0.99999976,0.045808915,0,0.98859376
3596,Pass,0,0.9968971,0.15695208,0,0.9518418
3597,Pass,0,0.3901084,0.7749277,0,0.2991852
3598,Pass,0,0.9934962,0.037028927,0,0.98481625
3599,Pass,0,0.9866883,0.44596064,0,0.8554
3600,Pass,0,0.9998128,0.12925695,0,0.9630439
3601,Pass,0,0.6972062,0.7303438,0,0.5441573
3602,Pass,0,0.9999999,0.054050904,0,0.98608816
3603,Pass,0,1.0,0.023921302,0,0.99524826
3604,Pass,0,0.67782867,1.0913742,0,0.45463508
3605,Pass,0,0.9997372,0.04029778,0,0.99000925
3606,Pass,0,0.9690607,0.22125751,0,0.9063183
3607,Pass,0,0.90921575,0.93782926,0,0.65227425
3608,Pass,0,0.9999994,0.049150147,0,0.9875776
3609,Pass,0,0.99988985,0.14386356,0,0.95867795
3610,Pass,0,0.99999857,0.06146724,0,0.9838322
3611,Pass,0,0.99958175,0.18491057,0,0.9459087
3612,Pass,0,0.9999105,0.18963736,0,0.9447829
3613,Pass,0,0.99920267,0.22217636,0,0.93422955
3614,Pass,0,0.9999857,0.15922211,0,0.95410067
3615,Pass,0,0.989673,0.41048664,0,0.8686609
3616,Pass,0,0.99950707,0.41375703,0,0.8762987
3617,Pass,0,0.9999641,0.12502633,0,0.9644758
3618,Pass,0,0.8093821,0.34582326,0,0.7263266
3619,Pass,0,0.99989593,0.13380179,0,0.96174246
3620,Pass,0,0.99988043,0.23131149,0,0.93208635
3621,Pass,0,0.9999956,0.13769834,0,0.96065366
3622,Pass,0,0.9999993,0.06265981,0,0.9834703
3623,Pass,0,0.99989057,0.18582524,0,0.9459229
3624,Pass,0,0.99996626,0.20383793,0,0.94051856
3625,Pass,0,0.99960345,0.06065452,0,0.98369044
3626,Pass,0,0.9016847,1.1140292,0,0.59857
3627,Pass,0,0.9999654,0.2021078,0,0.9410437
3628,Pass,0,0.99999523,0.12019263,0,0.9659754
3629,Pass,0,0.9800426,0.780193,0,0.7500536
3630,Pass,0,0.999997,0.08754941,0,0.9759012
3631,Pass,0,0.9999981,0.1116449,0,0.9685768
3632,Pass,0,0.99997985,0.15574254,0,0.95515287
3633,Pass,0,0.99999726,0.056651063,0,0.9852951
3634,Pass,0,0.9995115,0.5939441,0,0.8215492
3635,Pass,0,0.80690634,0.4117196,0,0.70793957
3636,Pass,0,0.99999106,0.16905086,0,0.95111763
3637,Pass,0,0.9999467,0.16575694,0,0.95207685
3638,Pass,0,0.999877,0.04302021,0,0.9893201
3639,Pass,0,0.99980336,0.055215605,0,0.9855404
3640,Pass,0,0.9915765,0.19731137,0,0.934595
3641,Pass,0,0.9997609,0.034540135,0,0.9917828
3642,Pass,0,0.99999976,0.056072924,0,0.98547333
3643,Pass,0,0.9999732,0.07454796,0,0.9798305
3644,Pass,0,0.9999573,0.16709574,0,0.95167994
3645,Pass,0,0.99979216,0.32200092,0,0.9044385
3646,Pass,0,0.99318683,0.26058683,0,0.91700697
3647,Pass,0,0.9999448,0.21847865,0,0.9360475
3648,Pass,0,0.9999136,0.03507214,0,0.9917725
3649,Pass,0,0.9996056,0.095601745,0,0.9730722
3650,Pass,0,0.99999046,0.13089082,0,0.96271837
3651,Pass,0,0.99996316,0.05100672,0,0.9869774
3652,Pass,0,0.9996809,0.03916914,0,0.9902965
3653,Pass,0,0.99887234,0.098807044,0,0.971385
3654,Pass,0,0.9459898,0.8212135,0,0.7121947
3655,Pass,0,0.99999595,0.10058763,0,0.97193635
3656,Pass,0,0.99859613,0.26739573,0,0.9199342
3657,Pass,0,0.9999994,0.053246588,0,0.98633224
3658,Pass,0,0.99913436,0.19973925,0,0.94098103
3659,Pass,0,0.9999995,0.11942124,0,0.966214
3660,Pass,0,0.99997175,0.13964605,0,0.96003866
3661,Pass,0,0.9998301,0.16854815,0,0.9511174
3662,Pass,0,0.9372619,0.5688583,0,0.77753115
3663,Pass,0,0.9999821,0.29091537,0,0.9140608
3664,Pass,0,0.994779,0.3515239,0,0.89097476
3665,Pass,0,0.9999943,0.110142075,0,0.96902996
3666,Pass,0,0.99980646,0.10574564,0,0.9701843
3667,Pass,0,0.9999509,0.12868169,0,0.96335185
3668,Pass,0,0.9999999,0.083835565,0,0.9770331
3669,Pass,0,0.99339974,0.02663467,0,0.9878599
3670,Pass,0,0.9999918,0.06548963,0,0.9826026
3671,Pass,0,0.9999999,0.040973853,0,0.99006385
3672,Pass,0,0.99538016,0.2602866,0,0.9191229
3673,Pass,0,0.9997911,0.061245754,0,0.9836953
3674,Pass,0,0.9977691,0.19219299,0,0.9419844
3675,Pass,0,0.9999988,0.07546431,0,0.979577
3676,Pass,0,0.999998,0.052538898,0,0.9865459
3677,Pass,0,0.99994767,0.098483,0,0.9725292
3678,Pass,0,0.9998215,0.12178375,0,0.96532387
3679,Pass,0,0.9999341,0.026680255,0,0.99434394
3680,Pass,0,0.99997735,0.19702196,0,0.9426011
3681,Pass,0,0.9736221,0.7131787,0,0.764976
3682,Pass,0,0.99995303,0.17314738,0,0.9498361
3683,Pass,0,0.9999851,0.13754992,0,0.9606887
3684,Pass,0,0.99998796,0.16737156,0,0.9516253
3685,Pass,0,0.99395037,0.306758,0,0.90375996
3686,Pass,0,0.9975241,0.21835883,0,0.93381786
3687,Pass,0,0.99978155,0.22983225,0,0.93244374
3688,Pass,0,0.9945485,0.34598956,0,0.8924417
3689,Pass,0,0.9998677,0.03298521,0,0.99236137
3690,Pass,0,0.9998474,0.16102432,0,0.9534209
3691,Pass,0,0.9999881,0.09078209,0,0.9749097
3692,Pass,0,0.99996614,0.1791189,0,0.94803315
3693,Pass,0,0.999718,0.14529073,0,0.95807946
3694,Pass,0,0.999689,0.17367098,0,0.9494262
3695,Pass,0,0.99995124,0.17211364,0,0.9501487
3696,Pass,0,0.99896586,0.08122989,0,0.9768142
3697,Pass,0,0.999998,0.10313453,0,0.971164
3698,Pass,0,0.9993574,0.23443681,0,0.93064916
3699,Pass,0,0.99973875,0.038519867,0,0.9905512
3700,Pass,0,0.99999654,0.10800352,0,0.96968234
3701,Pass,0,0.99877375,0.17818758,0,0.9471855
3702,Pass,0,0.88733983,0.78684294,0,0.6773117
3703,Pass,0,0.99999106,0.18160231,0,0.9473018
3704,Pass,0,0.99999917,0.06235629,0,0.98356247
3705,Pass,0,0.99999774,0.3222851,0,0.9045381
3706,Pass,0,0.9995708,0.38305905,0,0.88568336
3707,Pass,0,0.9998449,0.17970173,0,0.9477411
3708,Pass,0,0.9999857,0.26723233,0,0.921264
3709,Pass,0,0.9973744,0.28462616,0,0.9135841
3710,Pass,0,0.9844769,0.44749075,0,0.85302484
3711,Pass,0,0.99969864,0.30445668,0,0.909686
3712,Pass,0,1.0,0.05453743,0,0.9859404
3713,Pass,0,0.99991333,0.22167625,0,0.935046
3714,Pass,0,0.99999833,0.05517201,0,0.9857458
3715,Pass,0,0.9999764,0.07050967,0,0.98106134
3716,Pass,0,0.977451,0.30493402,0,0.88929975
3717,Pass,0,0.99995387,0.29252285,0,0.91354626
3718,Pass,0,0.9650254,0.39142486,0,0.8526195
3719,Pass,0,0.9999325,0.13821913,0,0.9604348
3720,Pass,0,0.9999826,0.23540942,0,0.93093574
3721,Pass,0,0.9988379,0.23129135,0,0.9311206
3722,Pass,0,0.99987066,0.15590893,0,0.954998
3723,Pass,0,0.98017466,0.9390623,0,0.702813
3724,Pass,0,0.99976903,0.4288295,0,0.87194717
3725,Pass,0,0.9997625,0.1316257,0,0.96227545
3726,Pass,0,0.91039103,0.4793389,0,0.7800165
3727,Pass,0,0.8852141,0.6337257,0,0.71689624
3728,Pass,0,0.99991226,0.19890703,0,0.94196665
3729,Pass,0,0.9990859,0.5011755,0,0.849377
3730,Pass,0,0.8735058,0.44127786,0,0.758521
3731,Pass,0,0.9999999,0.14070944,0,0.95974237
3732,Pass,0,0.99993014,0.23043817,0,0.93239814
3733,Pass,0,0.9999666,0.013981227,0,0.9982369
3734,Pass,0,0.9999701,0.1234314,0,0.9649665
3735,Pass,0,0.9999995,0.052843392,0,0.9864549
3736,Pass,0,0.99760616,0.16515934,0,0.95002955
3737,Pass,0,0.99998367,0.2847842,0,0.9159261
3738,Pass,0,0.99812156,0.22182868,0,0.9333242
3739,Pass,0,0.9943634,0.35411343,0,0.88981974
3740,Pass,0,0.99999857,0.13569508,0,0.96126556
3741,Pass,0,0.9999765,0.046826612,0,0.9882614
3742,Pass,0,0.81272894,0.52883154,0,0.6841115
3743,Pass,0,0.9999492,0.22231215,0,0.9348862
3744,Pass,0,0.9995515,0.13985336,0,0.9595722
3745,Pass,0,0.99891126,0.06621312,0,0.9813212
3746,Pass,0,0.9993075,0.31189805,0,0.9070694
3747,Pass,0,0.99932337,0.066526376,0,0.98163086
3748,Pass,0,0.9982582,0.1313587,0,0.9609086
3749,Pass,0,0.9980691,0.27143785,0,0.91822225
3750,Pass,0,0.99997425,0.23727328,0,0.93036133
3751,Pass,0,0.944227,1.1487111,0,0.6168552
3752,Pass,0,0.99900913,0.19299793,0,0.9429106
3753,Pass,0,0.99999523,0.08887177,0,0.9754974
3754,Pass,0,0.9999808,0.17593528,0,0.94901496
3755,Pass,0,0.99165416,0.27785093,0,0.91038704
3756,Pass,0,0.980055,0.58098346,0,0.80941856
3757,Pass,0,0.9896494,0.2849419,0,0.9064131
3758,Pass,0,0.9994918,0.23319285,0,0.93115234
3759,Pass,0,0.9999467,0.2788371,0,0.91770023
3760,Pass,0,0.9999511,0.06363223,0,0.98312736
3761,Pass,0,0.9662239,0.13627572,0,0.92862856
3762,Pass,0,0.7902181,0.7240575,0,0.61826175
3763,Pass,0,0.99999666,0.29837266,0,0.9118069
3764,Pass,0,0.9993974,0.28613842,0,0.91497767
3765,Pass,0,0.9997348,0.03090218,0,0.9928626
3766,Pass,0,0.99695647,0.43374002,0,0.8680059
3767,Pass,0,0.77103835,1.4806713,0,0.42589778
3768,Pass,0,0.99971765,0.14577554,0,0.95793176
3769,Pass,0,0.98657215,0.42832902,0,0.8605876
3770,Pass,0,0.99926704,0.27428594,0,0.918459
3771,Pass,0,0.9999273,0.2479452,0,0.9270734
3772,Pass,0,0.99898344,0.42422792,0,0.87265956
3773,Pass,0,0.9987779,0.3714899,0,0.8884938
3774,Pass,0,0.9997453,0.1850217,0,0.9460297
3775,Pass,0,0.9999994,0.09447298,0,0.97379863
3776,Pass,0,0.9983511,0.68055785,0,0.79430664
3777,Pass,0,0.99563015,0.033877216,0,0.9878856
3778,Pass,0,0.49229243,0.5841636,0,0.40610394
3779,Pass,0,0.9998535,0.033652302,0,0.99214447
3780,Pass,0,0.8763462,0.85052544,0,0.6519536
3781,Pass,0,0.9999858,0.25535324,0,0.9248755
3782,Pass,0,0.99984765,0.21358654,0,0.9374437
3783,Pass,0,0.9999925,0.22177285,0,0.93509066
3784,Pass,0,0.99937063,0.05611688,0,0.98484004
3785,Pass,0,0.994463,0.25436914,0,0.9200651
3786,Pass,0,0.9993832,0.044508908,0,0.98837924
3787,Pass,0,0.99545825,0.28341022,0,0.9121969
3788,Pass,0,0.9999987,0.118206404,0,0.9665826
3789,Pass,0,0.9977843,0.16061255,0,0.95157844
3790,Pass,0,0.9999964,0.098713666,0,0.9725065
3791,Pass,0,0.999869,0.22537076,0,0.9338815
3792,Pass,0,0.9999467,0.14204939,0,0.95928395
3793,Pass,0,0.9996933,0.22845285,0,0.9327806
3794,Pass,0,0.99446326,0.38133734,0,0.88167834
3795,Pass,0,0.9998702,0.15718667,0,0.95460916
3796,Pass,0,0.79331577,0.96809727,0,0.5618272
3797,Pass,0,1.0,0.12587826,0,0.96425146
3798,Pass,0,0.9977428,0.2313358,0,0.9300862
3799,Pass,0,0.97300816,0.2087642,0,0.9137058
3800,Pass,0,0.998705,0.104499534,0,0.96949387
3801,Pass,0,0.9989255,0.09099528,0,0.973809
3802,Pass,0,0.99999976,0.07407172,0,0.98000133
3803,Pass,0,0.9999808,0.2515271,0,0.9260341
3804,Pass,0,0.9999112,0.3065911,0,0.9092306
3805,Pass,0,0.9996983,0.056134608,0,0.9851575
3806,Pass,0,0.99532664,0.6154927,0,0.8115889
3807,Pass,0,0.9999999,0.09398317,0,0.973948
3808,Pass,0,0.6640265,0.88766074,0,0.48650262
3809,Pass,0,0.99981755,0.06433648,0,0.98278195
3810,Pass,0,0.99983656,0.19775242,0,0.9422463
3811,Pass,0,0.8229649,0.6843027,0,0.65382916
3812,Pass,0,0.9999554,0.13408163,0,0.9617146
3813,Pass,0,0.9999571,0.27577895,0,0.9186394
3814,Pass,0,0.99999964,0.041914646,0,0.98977757
3815,Pass,0,0.9999621,0.028541356,0,0.993806
3816,Pass,0,0.99993694,0.0972405,0,0.9728965
3817,Pass,0,0.99994826,0.20281228,0,0.94081336
3818,Pass,0,0.526457,0.5100933,0,0.44614226
3819,Pass,0,0.99985135,0.4947335,0,0.85198593
3820,Pass,0,0.9974331,0.37677306,0,0.8856954
3821,Pass,0,0.9808358,0.4048844,0,0.8625748
3822,Pass,0,0.9999987,0.09954317,0,0.97225654
3823,Pass,0,0.9999852,0.19406511,0,0.94350743
3824,Pass,0,0.9999924,0.12969138,0,0.9630849
3825,Pass,0,0.9999937,0.088596664,0,0.9755796
3826,Pass,0,0.99998736,0.28762487,0,0.9150659
3827,Pass,0,0.9999895,0.09612241,0,0.9732876
3828,Pass,0,0.9997763,0.20763426,0,0.9391859
3829,Pass,0,0.99997914,0.3146781,0,0.9068339
3830,Pass,0,0.99994755,0.035856828,0,0.9915676
3831,Pass,0,0.99421424,0.41303417,0,0.87187684
3832,Pass,0,0.9999989,0.22915612,0,0.932852
3833,Pass,0,0.9998379,0.22507921,0,0.93394107
3834,Pass,0,0.99625623,0.32366216,0,0.90073663
3835,Pass,0,0.9999889,0.18536441,0,0.946156
3836,Pass,0,0.9988028,0.2512906,0,0.925015
3837,Pass,0,0.99998164,0.2005608,0,0.9415293
3838,Pass,0,0.9403846,1.1105534,0,0.62525403
3839,Pass,0,0.99989355,0.18024546,0,0.9476219
3840,Pass,0,0.9999839,0.17803612,0,0.9483792
3841,Pass,0,0.9999734,0.14221586,0,0.959259
3842,Pass,0,0.9999877,0.08771672,0,0.9758413
3843,Pass,0,0.99979836,0.035414264,0,0.9915542
3844,Pass,0,0.9999764,0.22527893,0,0.93400973
3845,Pass,0,0.99999964,0.052607384,0,0.9865268
3846,Pass,0,0.98453367,0.47236684,0,0.84562826
3847,Pass,0,0.9998565,0.24194011,0,0.9288331
3848,Pass,0,0.9999864,0.22655329,0,0.93363166
3849,Pass,0,0.9999957,0.050648537,0,0.9871184
3850,Pass,0,0.9340652,0.8882828,0,0.68417126
3851,Pass,0,0.9878065,0.09029885,0,0.96317875
3852,Pass,0,0.99942553,0.24479544,0,0.9275652
3853,Pass,0,0.9426189,0.35583723,0,0.84302145
3854,Pass,0,0.99998677,0.0961688,0,0.9732708
3855,Pass,0,0.9971311,0.3934544,0,0.8803704
3856,Pass,0,0.93868405,0.3774206,0,0.8333429
3857,Pass,0,0.99963164,0.15877898,0,0.95389754
3858,Pass,0,0.99960655,0.03862207,0,0.9903891
3859,Pass,0,0.9963019,0.3850812,0,0.88217443
3860,Pass,0,0.99721706,0.17747962,0,0.9459239
3861,Pass,0,0.99979764,0.17207634,0,0.95001405
3862,Pass,0,0.999405,0.4869375,0,0.85397434
3863,Pass,0,0.9991762,0.14951995,0,0.95627546
3864,Pass,0,0.99995077,0.23823507,0,0.9300471
3865,Pass,0,0.9999999,0.069432504,0,0.9814119
3866,Pass,0,0.99983513,0.06379086,0,0.9829651
3867,Pass,0,0.9999831,0.21100801,0,0.93835455
3868,Pass,0,0.99998474,0.08286387,0,0.9773137
3869,Pass,0,0.56849694,0.90882844,0,0.41285387
3870,Pass,0,0.9999943,0.13779253,0,0.9606238
3871,Pass,0,0.99118453,0.6266935,0,0.8048362
3872,Pass,0,0.9999765,0.08656954,0,0.97617906
3873,Pass,0,0.9999653,0.25908476,0,0.92372215
3874,Pass,0,0.9995716,0.15464191,0,0.95509744
3875,Pass,0,0.999821,0.2528474,0,0.9254848
3876,Pass,0,0.9961002,0.19822097,0,0.93858325
3877,Pass,0,0.9999993,0.11499883,0,0.96755826
3878,Pass,0,0.99990165,0.13504376,0,0.9613704
3879,Pass,0,0.99825937,0.2531461,0,0.9239486
3880,Pass,0,0.9998982,0.24775198,0,0.9271051
3881,Pass,0,0.99871516,0.21904024,0,0.93472594
3882,Pass,0,0.99999917,0.08950096,0,0.97530997
3883,Pass,0,0.9999995,0.10566297,0,0.97039676
3884,Pass,0,0.9999486,0.30301636,0,0.9103514
3885,Pass,0,0.99999046,0.15790795,0,0.95450467
3886,Pass,0,0.9999999,0.05656081,0,0.9853251
3887,Pass,0,0.99999905,0.11804387,0,0.96663237
3888,Pass,0,0.9999021,0.15146405,0,0.95637923
3889,Pass,0,0.9999602,0.106616914,0,0.97006863
3890,Pass,0,0.9999919,0.07358611,0,0.9801413
3891,Pass,0,0.999892,0.11777905,0,0.9666093
3892,Pass,0,0.99999964,0.10719487,0,0.9699312
3893,Pass,0,0.6100099,1.004022,0,0.42534733
3894,Pass,0,0.9990552,0.112324044,0,0.96745723
3895,Pass,0,0.99984753,0.44386744,0,0.8674446
3896,Pass,0,0.9999982,0.08427447,0,0.976898
3897,Pass,0,0.99791986,0.31606042,0,0.904547
3898,Pass,0,0.9999802,0.2136918,0,0.93753594
3899,Pass,0,0.9999175,0.29615957,0,0.91240746
3900,Pass,0,0.9997962,0.054538146,0,0.98573923
3901,Pass,0,0.99999547,0.15143403,0,0.95647764
3902,Pass,0,0.85896635,0.7671066,0,0.660808
3903,Pass,0,0.99989414,0.043711144,0,0.98912704
3904,Pass,0,0.99995947,0.15151425,0,0.9564189
3905,Pass,0,0.99998677,0.15702167,0,0.9547706
3906,Pass,0,0.6394073,0.6968091,0,0.50556517
3907,Pass,0,0.9999999,0.10133414,0,0.9717132
3908,Pass,0,0.99999535,0.058309834,0,0.9847889
3909,Pass,0,0.99987197,0.20526573,0,0.9399958
3910,Pass,0,0.9999964,0.055854794,0,0.98553634
3911,Pass,0,0.99993277,0.13951258,0,0.9600418
3912,Pass,0,0.9999956,0.072036825,0,0.9806159
3913,Pass,0,0.9997787,0.105537415,0,0.9702207
3914,Pass,0,0.99999464,0.15578842,0,0.95515305
3915,Pass,0,0.9999629,0.16090938,0,0.95356596
3916,Pass,0,0.9991387,0.18696046,0,0.94486684
3917,Pass,0,0.9999943,0.14685538,0,0.9578685
3918,Pass,0,0.9997348,0.28091305,0,0.91687477
3919,Pass,0,0.99993277,0.025397483,0,0.9947326
3920,Pass,0,0.9999994,0.102455355,0,0.9713718
3921,Pass,0,0.9995864,0.14038427,0,0.9594444
3922,Pass,0,0.99949074,0.062918,0,0.98289174
3923,Pass,0,0.9999907,0.11657868,0,0.9670697
3924,Pass,0,0.9862888,0.37495714,0,0.876344
3925,Pass,0,0.9999101,0.054523602,0,0.98585594
3926,Pass,0,0.80046535,0.5479492,0,0.6691362
3927,Pass,0,0.9989724,0.17909306,0,0.9470989
3928,Pass,0,0.99979895,0.32544854,0,0.90339667
3929,Pass,0,0.99881446,0.37782913,0,0.8866014
3930,Pass,0,0.9999505,0.036430325,0,0.99139625
3931,Pass,0,0.99999595,0.05369715,0,0.98619187
3932,Pass,0,0.9999999,0.12442933,0,0.9646918
3933,Pass,0,1.0,0.0707353,0,0.9810159
3934,Pass,0,0.9999949,0.07971184,0,0.97828186
3935,Pass,0,0.9999981,0.10348398,0,0.9710579
3936,Pass,0,0.99987435,0.33916292,0,0.8992959
3937,Pass,0,0.9956631,0.15465505,0,0.95135885
3938,Pass,0,0.99997556,0.2061943,0,0.93981093
3939,Pass,0,0.9974515,0.46221146,0,0.859803
3940,Pass,0,0.9999497,0.066831954,0,0.9821532
3941,Pass,0,0.781041,0.57883865,0,0.645564
3942,Pass,0,0.9836463,0.25097978,0,0.9110711
3943,Pass,0,0.6608266,0.8233809,0,0.49707222
3944,Pass,0,0.9999645,0.1099543,0,0.96905816
3945,Pass,0,0.9999665,0.18488243,0,0.9462814
3946,Pass,0,0.9912922,0.2694542,0,0.91258526
3947,Pass,0,0.99999976,0.057437442,0,0.9850585
3948,Pass,0,0.9999337,0.25086802,0,0.92619085
3949,Pass,0,0.99997663,0.23640682,0,0.9306269
3950,Pass,0,0.99625564,0.19464448,0,0.939813
3951,Pass,0,0.8239327,0.7779206,0,0.6311476
3952,Pass,0,0.9999392,0.1411184,0,0.9595598
3953,Pass,0,0.99998105,0.14386897,0,0.9587638
3954,Pass,0,0.9993987,0.2882287,0,0.9143438
3955,Pass,0,0.9999896,0.16897956,0,0.951138
3956,Pass,0,0.99994564,0.19720967,0,0.9425141
3957,Pass,0,0.9999989,0.11785355,0,0.96669006
3958,Pass,0,0.99990106,0.23202662,0,0.93188816
3959,Pass,0,0.9999919,0.06643907,0,0.98231405
3960,Pass,0,0.9999995,0.0347625,0,0.9919518
3961,Pass,0,0.999876,0.079241075,0,0.97830874
3962,Pass,0,0.99778926,0.4103325,0,0.8758315
3963,Pass,0,0.99998677,0.17994618,0,0.9478013
3964,Pass,0,0.999951,0.14011633,0,0.95987576
3965,Pass,0,0.99999213,0.1968758,0,0.9426595
3966,Pass,0,0.99998295,0.15372542,0,0.9557691
3967,Pass,0,0.9942168,0.5285471,0,0.83696413
3968,Pass,0,0.9914909,0.61129856,0,0.8097254
3969,Pass,0,0.9996314,0.188426,0,0.9448874
3970,Pass,0,0.9994655,0.2593992,0,0.92316496
3971,Pass,0,0.9157195,0.47758284,0,0.7850708
3972,Pass,0,0.9999927,0.07344455,0,0.9801851
3973,Pass,0,0.999997,0.055509772,0,0.98564184
3974,Pass,0,0.9940606,0.06882798,0,0.9757657
3975,Pass,0,0.9999075,0.16839951,0,0.9512362
3976,Pass,0,0.935189,0.1889097,0,0.88383657
3977,Pass,0,0.9996158,0.21492948,0,0.9368181
3978,Pass,0,0.9997029,0.21958996,0,0.9354833
3979,Pass,0,0.9999982,0.098442346,0,0.97259074
3980,Pass,0,0.9999949,0.113814265,0,0.96791416
3981,Pass,0,0.99996877,0.15104796,0,0.9565695
3982,Pass,0,0.99998844,0.06769773,0,0.98192805
3983,Pass,0,0.9997981,0.085800156,0,0.9762388
3984,Pass,0,0.8995425,0.18968782,0,0.8499347
3985,Pass,0,0.6509173,1.2343936,0,0.40828276
3986,Pass,0,0.99893314,0.33603114,0,0.8994005
3987,Pass,0,0.99960476,0.26716667,0,0.920933
3988,Pass,0,0.993849,0.7185555,0,0.7792437
3989,Pass,0,0.99805874,0.2806201,0,0.9154265
3990,Pass,0,0.999522,0.15959913,0,0.9535436
3991,Pass,0,0.9999939,0.06436473,0,0.98294675
3992,Pass,0,0.99885833,0.237656,0,0.9292069
3993,Pass,0,0.9999969,0.086337715,0,0.9762695
3994,Pass,0,0.9997806,0.32069016,0,0.90482646
3995,Pass,0,0.6338585,1.033767,0,0.43624446
3996,Pass,0,0.99857605,0.34612575,0,0.89601445
3997,Pass,0,0.99636286,0.33495086,0,0.89741355
3998,Pass,0,0.9659223,0.3146231,0,0.8759655
3999,Pass,0,0.9999752,0.19621821,0,0.94284344
4000,Pass,0,0.95706415,0.41992763,0,0.8372923
4001,Pass,0,0.9981875,0.6884089,0,0.79179394
4002,Pass,0,0.9999019,0.28710032,0,0.9151472
4003,Pass,0,0.9999945,0.07590245,0,0.9794397
4004,Pass,0,0.99998844,0.06986041,0,0.98127055
4005,Pass,0,0.9992743,0.051524147,0,0.9861403
4006,Pass,0,0.9998715,0.06993293,0,0.98113376
4007,Pass,0,0.85594153,0.56694376,0,0.71056783
4008,Pass,0,0.99999976,0.052223314,0,0.9866437
4009,Pass,0,0.9997204,0.16525418,0,0.95201415
4010,Pass,0,0.9997845,0.017623652,0,0.996948
4011,Pass,0,0.9998258,0.2848575,0,0.9157592
4012,Pass,0,0.99895006,0.3187786,0,0.90465534
4013,Pass,0,0.9997346,0.27088112,0,0.9199236
4014,Pass,0,0.9998549,0.068627045,0,0.98151445
4015,Pass,0,0.9862618,0.5696437,0,0.8179449
4016,Pass,0,0.9998735,0.11030325,0,0.96886396
4017,Pass,0,0.985524,0.39193565,0,0.87057745
4018,Pass,0,0.925605,0.40589425,0,0.81371915
4019,Pass,0,0.99998057,0.061280362,0,0.9838713
4020,Pass,0,0.9999865,0.14078651,0,0.9597061
4021,Pass,0,0.99979943,0.06530663,0,0.9824692
4022,Pass,0,0.999987,0.1047392,0,0.97066545
4023,Pass,0,0.9999938,0.084894225,0,0.97670525
4024,Pass,0,0.9999949,0.13729456,0,0.96077573
4025,Pass,0,0.99950945,0.053271577,0,0.9858414
4026,Pass,0,0.9999349,0.15289496,0,0.95597565
4027,Pass,0,0.95755994,1.0950631,0,0.6411833
4028,Pass,0,0.9999815,0.03028963,0,0.9932938
4029,Pass,0,0.9998086,0.26969942,0,0.9203509
4030,Pass,0,0.9990926,0.19943649,0,0.9410337
4031,Pass,0,0.99518174,0.2646397,0,0.9176226
4032,Pass,0,0.9992112,0.03946842,0,0.9897403
4033,Pass,0,0.9999988,0.037294213,0,0.99118143
4034,Pass,0,0.99996614,0.18526435,0,0.94616497
4035,Pass,0,0.9999757,0.055950925,0,0.9854867
4036,Pass,0,0.9999646,0.042109046,0,0.9896838
4037,Pass,0,0.9985833,0.17438716,0,0.9481587
4038,Pass,0,0.99997187,0.05830738,0,0.98476654
4039,Pass,0,0.99989617,0.08546371,0,0.97643685
4040,Pass,0,0.99997103,0.12570132,0,0.96427727
4041,Pass,0,0.9999757,0.3030531,0,0.91036487
4042,Pass,0,0.9999386,0.10506917,0,0.9705182
4043,Pass,0,0.9998745,0.29903916,0,0.9114929
4044,Pass,0,0.9956006,0.230083,0,0.9284685
4045,Pass,0,0.9999995,0.14603975,0,0.9581215
4046,Pass,0,0.9999056,0.19870298,0,0.94202244
4047,Pass,0,0.99976057,0.1930195,0,0.9436133
4048,Pass,0,0.99942684,0.26103088,0,0.9226334
4049,Pass,0,0.99999964,0.12116527,0,0.96568394
4050,Pass,0,0.997532,0.048432183,0,0.9853586
4051,Pass,0,0.9999993,0.10276756,0,0.9712768
4052,Pass,0,0.99694437,0.37153774,0,0.88684815
4053,Pass,0,0.8210271,1.0209668,0,0.5682557
4054,Pass,0,0.9999995,0.11900689,0,0.96634
4055,Pass,0,0.9997657,0.1552128,0,0.95510936
4056,Pass,0,0.9998534,0.451874,0,0.86501586
4057,Pass,0,0.9999397,0.0465231,0,0.98831725
4058,Pass,0,0.99988294,0.23385182,0,0.93131644
4059,Pass,0,0.9998479,0.33858046,0,0.89944917
4060,Pass,0,0.9901878,0.35975468,0,0.88438493
4061,Pass,0,0.9999895,0.08806398,0,0.97573745
4062,Pass,0,0.99996495,0.17297557,0,0.9498997
4063,Pass,0,0.9402177,0.5026029,0,0.7989219
4064,Pass,0,0.9999995,0.08709943,0,0.9760404
4065,Pass,0,0.986302,0.6217499,0,0.802354
4066,Pass,0,0.9999976,0.18743345,0,0.94553524
4067,Pass,0,0.9997713,0.30361173,0,0.91000897
4068,Pass,0,0.9995902,0.26670092,0,0.92106116
4069,Pass,0,0.999977,0.03774296,0,0.99102336
4070,Pass,0,0.9999958,0.074436426,0,0.9798866
4071,Pass,0,0.9940479,0.43748778,0,0.8643409
4072,Pass,0,0.99967587,0.1552871,0,0.95500094
4073,Pass,0,0.99999964,0.06739526,0,0.982031
4074,Pass,0,0.9966633,0.07027495,0,0.977882
4075,Pass,0,0.7445295,0.8293125,0,0.5586907
4076,Pass,0,0.9999254,0.47725058,0,0.85736376
4077,Pass,0,0.9995197,0.039290763,0,0.9900999
4078,Pass,0,0.36837894,0.8334169,0,0.2759698
4079,Pass,0,0.9993648,0.11835325,0,0.9659253
4080,Pass,0,0.9993406,0.10227056,0,0.97078806
4081,Pass,0,0.99982786,0.24204105,0,0.92877585
4082,Pass,0,0.9999069,0.16257262,0,0.9530069
4083,Pass,0,0.99999964,0.122989096,0,0.96512944
4084,Pass,0,0.9994729,0.25638795,0,0.92408675
4085,Pass,0,0.9999368,0.03558225,0,0.99164045
4086,Pass,0,0.97955805,0.60315025,0,0.8024068
4087,Pass,0,0.9998627,0.12491242,0,0.9644126
4088,Pass,0,0.99967086,0.28799975,0,0.91466236
4089,Pass,0,0.999961,0.13226327,0,0.96227276
4090,Pass,0,0.99939835,0.11920846,0,0.96569777
4091,Pass,0,0.99996984,0.2839482,0,0.91616756
4092,Pass,0,0.9999076,0.27848634,0,0.9177709
4093,Pass,0,0.987298,0.5943399,0,0.81139153
4094,Pass,0,0.99991286,0.19537647,0,0.9430405
4095,Pass,0,0.9999044,0.3279396,0,0.90273476
4096,Pass,0,0.9993561,0.3011139,0,0.91038996
4097,Pass,0,0.99997985,0.093322895,0,0.97412926
4098,Pass,0,0.9999975,0.14859152,0,0.9573438
4099,Pass,0,0.9951834,0.31284153,0,0.90304047
4100,Pass,0,0.9706516,0.52997243,0,0.8167056
4101,Pass,0,0.9999659,0.12445812,0,0.9646503
4102,Pass,0,0.9987949,0.56681323,0,0.82919854
4103,Pass,0,0.99978966,0.2528838,0,0.92544466
4104,Pass,0,0.9998646,0.04220818,0,0.98955464
4105,Pass,0,0.999899,0.0809394,0,0.9778149
4106,Pass,0,0.99999356,0.0642092,0,0.98299366
4107,Pass,0,0.9991935,0.46158993,0,0.86149347
4108,Pass,0,0.9999989,0.119824514,0,0.96609086
4109,Pass,0,0.9991749,0.17954664,0,0.9471531
4110,Pass,0,0.99881685,0.0654701,0,0.9814541
4111,Pass,0,0.99956626,0.34625405,0,0.89686394
4112,Pass,0,0.99997103,0.52646095,0,0.84244245
4113,Pass,0,0.99991,0.25093177,0,0.9261494
4114,Pass,0,0.99105984,0.4609946,0,0.8546601
4115,Pass,0,0.9999964,0.13478616,0,0.9615398
4116,Pass,0,0.7813214,0.49677286,0,0.6652894
4117,Pass,0,0.99771094,0.4983853,0,0.84905434
4118,Pass,0,0.9993343,0.29171854,0,0.9132245
4119,Pass,0,0.9999887,0.1530078,0,0.9559927
4120,Pass,0,0.99937314,0.19424562,0,0.9428751
4121,Pass,0,0.99926907,0.28987792,0,0.9137241
4122,Pass,0,0.9999926,0.18258134,0,0.9470057
4123,Pass,0,0.99719185,0.40880087,0,0.8757715
4124,Pass,0,0.999456,0.18992539,0,0.94426596
4125,Pass,0,0.9999356,0.24075373,0,0.9292673
4126,Pass,0,0.9976732,0.34891853,0,0.89435726
4127,Pass,0,0.9999925,0.14564668,0,0.95823425
4128,Pass,0,0.99827564,0.28741848,0,0.9135622
4129,Pass,0,0.9980909,0.12550856,0,0.96252275
4130,Pass,0,0.9999949,0.14289479,0,0.9590732
4131,Pass,0,0.99996185,0.26296702,0,0.92253876
4132,Pass,0,0.99996614,0.11138691,0,0.9686243
4133,Pass,0,0.99999845,0.09816707,0,0.97267467
4134,Pass,0,0.99946076,0.20377764,0,0.9400614
4135,Pass,0,0.9990074,0.14782268,0,0.9566294
4136,Pass,0,0.99991846,0.3222649,0,0.90447253
4137,Pass,0,0.9970336,0.37754723,0,0.885106
4138,Pass,0,0.9999305,0.033967935,0,0.9921249
4139,Pass,0,0.99999845,0.15826456,0,0.95440394
4140,Pass,0,0.9992536,0.4795985,0,0.8560744
4141,Pass,0,0.99963653,0.30346265,0,0.9099316
4142,Pass,0,0.9998934,1.0240777,0,0.69110847
4143,Pass,0,0.9996915,0.15657923,0,0.95462316
4144,Pass,0,0.99997485,0.038370572,0,0.9908305
4145,Pass,0,0.9996171,0.4359579,0,0.86964834
4146,Pass,0,0.8924481,0.4061879,0,0.7844905
4147,Pass,0,0.9992756,0.10361021,0,0.97031796
4148,Pass,0,0.9959858,0.24139509,0,0.92540246
4149,Pass,0,0.99991536,0.30675733,0,0.9091839
4150,Pass,0,1.0,0.07596156,0,0.97942704
4151,Pass,0,0.9926838,0.35585102,0,0.88779235
4152,Pass,0,0.99857867,0.45926452,0,0.86166936
4153,Pass,0,0.99996173,0.018268151,0,0.99692875
4154,Pass,0,0.9972306,0.2403012,0,0.9268907
4155,Pass,0,1.0,0.043348905,0,0.9893419
4156,Pass,0,0.9965702,0.31238055,0,0.9044386
4157,Pass,0,0.99969435,0.16777451,0,0.9512234
4158,Pass,0,0.99973553,0.21694389,0,0.9363181
4159,Pass,0,0.9993432,0.3981611,0,0.88089347
4160,Pass,0,0.9999616,0.16388768,0,0.95265925
4161,Pass,0,0.9999889,0.12214881,0,0.9653745
4162,Pass,0,1.0,0.07658081,0,0.9792388
4163,Pass,0,0.628039,0.9972976,0,0.4392026
4164,Pass,0,0.9999993,0.11067481,0,0.96887285
4165,Pass,0,0.9971072,0.4391318,0,0.86650264
4166,Pass,0,0.99995065,0.077702306,0,0.9788495
4167,Pass,0,0.98834103,0.3240085,0,0.89347625
4168,Pass,0,0.9996302,0.06837102,0,0.98137164
4169,Pass,0,0.9999478,0.061870225,0,0.9836597
4170,Pass,0,0.9988695,0.043907277,0,0.98805386
4171,Pass,0,0.9515306,0.17128351,0,0.9043797
4172,Pass,0,0.9999895,0.11369382,0,0.9679456
4173,Pass,0,0.99983966,0.14127015,0,0.9594182
4174,Pass,0,0.9989177,0.2043491,0,0.939377
4175,Pass,0,0.9999962,0.11892435,0,0.9663619
4176,Pass,0,0.90802526,1.2189194,0,0.57382345
4177,Pass,0,0.99992025,0.27226245,0,0.9196746
4178,Pass,0,0.98500776,0.21040544,0,0.9244826
4179,Pass,0,0.99991286,0.023464939,0,0.9953003
4180,Pass,0,0.9863884,0.29464585,0,0.90051633
4181,Pass,0,0.99990845,0.051831458,0,0.9866727
4182,Pass,0,0.9999715,0.1522683,0,0.95620114
4183,Pass,0,0.9997366,0.2292951,0,0.9325651
4184,Pass,0,0.9999057,0.19250499,0,0.94390666
4185,Pass,0,0.994381,0.06214891,0,0.9780994
4186,Pass,0,0.9999628,0.106087536,0,0.9702321
4187,Pass,0,0.9996517,0.371416,0,0.8892935
4188,Pass,0,0.999997,0.14650546,0,0.95797753
4189,Pass,0,0.99688065,0.15959679,0,0.9510245
4190,Pass,0,0.9997538,0.053712923,0,0.9859482
4191,Pass,0,0.9997781,0.037410017,0,0.9909275
4192,Pass,0,0.99891996,0.2257688,0,0.9328742
4193,Pass,0,0.9989517,0.61551213,0,0.81453884
4194,Pass,0,0.9719016,0.4160599,0,0.85141575
4195,Pass,0,0.9997553,0.04150285,0,0.9896609
4196,Pass,0,0.99936384,0.357393,0,0.89329803
4197,Pass,0,0.97753227,0.27728945,0,0.8975893
4198,Pass,0,0.99998236,0.08923708,0,0.9753738
4199,Pass,0,0.82682276,0.38913083,0,0.7310913
4200,Pass,0,0.9999914,0.06678997,0,0.982207
4201,Pass,0,0.9436291,0.66607046,0,0.75492495
4202,Pass,0,0.99999845,0.1113295,0,0.96867305
4203,Pass,0,0.99997056,0.1316922,0,0.9624556
4204,Pass,0,0.9999875,0.07254896,0,0.98045224
4205,Pass,0,0.92042947,0.5461318,0,0.76992685
4206,Pass,0,0.99993396,0.15194793,0,0.9562626
4207,Pass,0,0.9738091,1.3647394,0,0.57222444
4208,Pass,0,0.9999759,0.13629097,0,0.96106267
4209,Pass,0,0.99997795,0.06549198,0,0.9825883
4210,Pass,0,0.9993395,0.35919705,0,0.89272815
4211,Pass,0,0.98823404,0.22005624,0,0.92461115
4212,Pass,0,0.96347845,0.39341852,0,0.85066885
4213,Pass,0,0.99982315,0.21249387,0,0.9377528
4214,Pass,0,0.9997943,0.27404445,0,0.9190171
4215,Pass,0,0.99996924,0.14998664,0,0.9568926
4216,Pass,0,0.9817068,0.34502104,0,0.88120747
4217,Pass,0,0.9998801,0.18754603,0,0.9453899
4218,Pass,0,0.9999894,0.19930795,0,0.9419174
4219,Pass,0,0.9999999,0.10735712,0,0.9698821
4220,Pass,0,0.9999932,0.08224843,0,0.9775091
4221,Pass,0,0.9999747,0.20622562,0,0.9398006
4222,Pass,0,0.9999666,0.10589471,0,0.9702944
4223,Pass,0,0.48668575,0.45975146,0,0.41988707
4224,Pass,0,0.87099224,2.15384,0,0.30285558
4225,Pass,0,0.99998736,0.07242231,0,0.9804906
4226,Pass,0,0.99999964,0.08931411,0,0.97536725
4227,Pass,0,0.99972993,0.061310865,0,0.9836154
4228,Pass,0,0.99987507,0.23495322,0,0.93097425
4229,Pass,0,0.99990726,0.26926976,0,0.92057234
4230,Pass,0,0.9998399,0.31970158,0,0.9051806
4231,Pass,0,0.9993855,0.20007241,0,0.94111633
4232,Pass,0,0.99775296,0.037712373,0,0.98882854
4233,Pass,0,1.0,0.081904314,0,0.97762036
4234,Pass,0,0.99999726,0.13594176,0,0.9611893
4235,Pass,0,0.9992052,0.2514913,0,0.92532665
4236,Pass,0,0.9999993,0.10928117,0,0.9692966
4237,Pass,0,0.99935514,0.295194,0,0.9121877
4238,Pass,0,0.8778234,1.0921129,0,0.58857894
4239,Pass,0,0.999838,0.19076176,0,0.94437265
4240,Pass,0,0.99986744,0.25605482,0,0.9245528
4241,Pass,0,0.9999825,0.030769184,0,0.993149
4242,Pass,0,0.99998593,0.13134038,0,0.96257734
4243,Pass,0,0.9998907,0.16314746,0,0.9528167
4244,Pass,0,0.9996458,0.21266353,0,0.9375349
4245,Pass,0,0.99982846,0.18239951,0,0.94690543
4246,Pass,0,0.9999851,0.07845307,0,0.978655
4247,Pass,0,0.9999833,0.22837578,0,0.9330747
4248,Pass,0,0.7327047,1.1730142,0,0.4732559
4249,Pass,0,0.99883205,0.063098945,0,0.98218906
4250,Pass,0,0.99994147,0.36289558,0,0.8921416
4251,Pass,0,0.99995124,0.14047135,0,0.95976806
4252,Pass,0,0.9999981,0.0598409,0,0.9843262
4253,Pass,0,0.9891861,0.33702347,0,0.8903262
4254,Pass,0,0.9997131,0.352487,0,0.8951013
4255,Pass,0,0.9987268,0.41316083,0,0.87579566
4256,Pass,0,0.6375914,0.39790842,0,0.5620682
4257,Pass,0,0.9999622,0.19754638,0,0.94242734
4258,Pass,0,0.9999987,0.07328671,0,0.9802389
4259,Pass,0,0.8287524,0.77421886,0,0.6357723
4260,Pass,0,0.9998215,0.29684174,0,0.91211253
4261,Pass,0,0.9995883,0.117416866,0,0.96642584
4262,Pass,0,0.99992645,0.07719306,0,0.97898066
4263,Pass,0,0.99966156,0.2724214,0,0.91938835
4264,Pass,0,0.9998098,0.022137012,0,0.9956013
4265,Pass,0,0.57268894,1.0641497,0,0.38885546
4266,Pass,0,0.9996499,0.24723959,0,0.9270307
4267,Pass,0,0.9999633,0.019625818,0,0.99651754
4268,Pass,0,0.996777,0.25757638,0,0.921234
4269,Pass,0,0.6918091,0.3448995,0,0.62101275
4270,Pass,0,0.99999595,0.064920686,0,0.9827797
4271,Pass,0,0.95243937,0.79387885,0,0.7249652
4272,Pass,0,0.99940526,0.17719911,0,0.9480847
4273,Pass,0,0.99943763,0.025783991,0,0.99412256
4274,Pass,0,0.9999957,0.072425365,0,0.9804979
4275,Pass,0,0.9999882,0.18157645,0,0.94730693
4276,Pass,0,0.9987109,0.3068604,0,0.9080574
4277,Pass,0,0.99859613,0.2592589,0,0.92240447
4278,Pass,0,0.99999833,0.054001417,0,0.9861017
4279,Pass,0,0.99999404,0.13428304,0,0.9616905
4280,Pass,0,0.99902,0.13430244,0,0.96074784
4281,Pass,0,0.9999323,0.1910125,0,0.94438547
4282,Pass,0,0.9999615,0.12848687,0,0.9634213
4283,Pass,0,0.9998803,0.33580324,0,0.90032256
4284,Pass,0,0.630802,1.3614117,0,0.3713066
4285,Pass,0,0.9999378,0.096865915,0,0.9730112
4286,Pass,0,0.9999337,0.14756687,0,0.9575942
4287,Pass,0,0.9999323,0.18539974,0,0.9460917
4288,Pass,0,0.99999964,0.056853235,0,0.985236
4289,Pass,0,0.965012,0.558781,0,0.8035085
4290,Pass,0,0.9996952,0.102694236,0,0.9710038
4291,Pass,0,0.9816042,0.24014416,0,0.9124134
4292,Pass,0,0.9997888,0.03429961,0,0.9918835
4293,Pass,0,0.9997292,0.19857514,0,0.9418951
4294,Pass,0,0.7023004,0.8105642,0,0.53100526
4295,Pass,0,0.9999038,0.15737686,0,0.9545834
4296,Pass,0,0.999951,0.14702643,0,0.9577751
4297,Pass,0,0.99974316,0.15982312,0,0.9536866
4298,Pass,0,0.9997023,0.24188742,0,0.92870593
4299,Pass,0,0.9979091,0.25679377,0,0.9225178
4300,Pass,0,0.9987691,0.533922,0,0.8391643
4301,Pass,0,0.9996301,0.45908922,0,0.86262995
4302,Pass,0,0.9999895,0.11336662,0,0.96804506
4303,Pass,0,0.9998305,0.05855906,0,0.9845508
4304,Pass,0,0.99978346,0.027730945,0,0.9938747
4305,Pass,0,0.99998736,0.18989323,0,0.9447778
4306,Pass,0,0.42233965,0.9052798,0,0.30716714
4307,Pass,0,0.9999949,0.17962897,0,0.94790536
4308,Pass,0,0.98009676,0.21232772,0,0.91930056
4309,Pass,0,0.9997478,0.20348635,0,0.9404199
4310,Pass,0,0.99998534,0.232304,0,0.9318824
4311,Pass,0,0.996018,0.31825384,0,0.9021589
4312,Pass,0,0.9999838,0.15327865,0,0.95590574
4313,Pass,0,0.8835101,0.5451927,0,0.73929656
4314,Pass,0,0.99736696,0.21072093,0,0.9359867
4315,Pass,0,0.99939024,0.37669095,0,0.88745826
4316,Pass,0,0.9992336,0.23718292,0,0.9296997
4317,Pass,0,0.9141501,0.7569225,0,0.7060916
4318,Pass,0,0.99708575,0.13640212,0,0.95825124
4319,Pass,0,0.9999716,0.17192765,0,0.95022464
4320,Pass,0,0.99999857,0.09115014,0,0.97480804
4321,Pass,0,0.9993962,0.37780154,0,0.8871261
4322,Pass,0,0.9999981,0.05872985,0,0.9846639
4323,Pass,0,0.995998,0.20623678,0,0.93605983
4324,Pass,0,0.99995804,0.13969882,0,0.96000946
4325,Pass,0,0.9999223,0.20722681,0,0.9394469
4326,Pass,0,0.9998222,0.24063833,0,0.929197
4327,Pass,0,0.99992037,0.07161246,0,0.98067117
4328,Pass,0,0.9999064,0.03826691,0,0.9907942
4329,Pass,0,0.9997898,0.17870465,0,0.9479919
4330,Pass,0,0.9966383,0.3035475,0,0.9071768
4331,Pass,0,0.99907124,0.0447576,0,0.9879952
4332,Pass,0,0.99999464,0.10062778,0,0.9719229
4333,Pass,0,0.9988236,0.254686,0,0.9240032
4334,Pass,0,0.99998045,0.11541913,0,0.9674123
4335,Pass,0,0.99772793,0.1978746,0,0.9402221
4336,Pass,0,0.9999716,0.09771135,0,0.9727871
4337,Pass,0,0.9997656,0.07337667,0,0.97998315
4338,Pass,0,0.99996805,0.15566158,0,0.9551662
4339,Pass,0,0.999982,0.15376121,0,0.95575726
4340,Pass,0,0.9999957,0.19787584,0,0.9423588
4341,Pass,0,0.9990613,0.094916806,0,0.9727503
4342,Pass,0,0.99961346,0.2306366,0,0.93204254
4343,Pass,0,0.9993567,0.19781816,0,0.94177413
4344,Pass,0,0.4862475,0.38407385,0,0.43069625
4345,Pass,0,0.9999981,0.08204957,0,0.97757435
4346,Pass,0,0.9999937,0.07114953,0,0.9808838
4347,Pass,0,0.99999845,0.028407948,0,0.99388266
4348,Pass,0,0.9999982,0.07837153,0,0.97869265
4349,Pass,0,0.99721485,0.16042894,0,0.95109105
4350,Pass,0,0.9281788,0.6383438,0,0.7503883
4351,Pass,0,0.99997354,0.13764775,0,0.9606478
4352,Pass,0,0.9998642,0.11665401,0,0.9669245
4353,Pass,0,0.9997764,0.039419364,0,0.9903151
4354,Pass,0,0.9999218,0.16551466,0,0.9521268
4355,Pass,0,0.99178785,0.4036331,0,0.8725837
4356,Pass,0,0.9983163,0.58199775,0,0.8241926
4357,Pass,0,0.99998987,0.11419299,0,0.9677941
4358,Pass,0,0.9998902,0.118414715,0,0.9664144
4359,Pass,0,0.99240124,0.92872345,0,0.71469915
4360,Pass,0,0.8012767,1.3905582,0,0.46455234
4361,Pass,0,0.99977416,0.13531776,0,0.96116453
4362,Pass,0,0.9999982,0.16206911,0,0.953247
4363,Pass,0,0.8898348,0.44244787,0,0.7723841
4364,Pass,0,0.99999917,0.11416087,0,0.9678129
4365,Pass,0,0.99996996,0.2816639,0,0.9168622
4366,Pass,0,0.99999964,0.050158888,0,0.9872712
4367,Pass,0,0.9998795,0.1944806,0,0.94328135
4368,Pass,0,0.9732068,0.45831558,0,0.8400569
4369,Pass,0,0.4775866,1.2926935,0,0.29109758
4370,Pass,0,0.99698764,0.2109286,0,0.93556774
4371,Pass,0,0.99999726,0.10794813,0,0.96969986
4372,Pass,0,0.99997985,0.16177136,0,0.9533201
4373,Pass,0,0.9955331,0.34283268,0,0.8942807
4374,Pass,0,0.86387235,0.74286556,0,0.67094874
4375,Pass,0,0.99999666,0.11409847,0,0.96782947
4376,Pass,0,0.99981004,0.36475447,0,0.8914592
4377,Pass,0,0.9968702,0.22018258,0,0.932653
4378,Pass,0,1.0,0.051982116,0,0.9867172
4379,Pass,0,0.9963546,0.24822421,0,0.9236765
4380,Pass,0,0.8630443,0.5297322,0,0.72622794
4381,Pass,0,0.99999964,0.040647525,0,0.9901628
4382,Pass,0,0.97110695,0.7216468,0,0.7604998
4383,Pass,0,0.99431133,0.22065686,0,0.9301156
4384,Pass,0,0.958462,0.4747091,0,0.82255244
4385,Pass,0,0.9999094,0.10428104,0,0.9707294
4386,Pass,0,0.9997173,0.06297077,0,0.9830985
4387,Pass,0,0.99923956,0.282397,0,0.9159697
4388,Pass,0,0.99999785,0.12774616,0,0.96368146
4389,Pass,0,0.9999738,0.2003287,0,0.94159245
4390,Pass,0,0.9999682,0.21660198,0,0.9366399
4391,Pass,0,0.99624795,0.18410408,0,0.94299823
4392,Pass,0,0.9999994,0.05311148,0,0.9863733
4393,Pass,0,0.9979627,0.19123597,0,0.9424575
4394,Pass,0,0.9999993,0.14194216,0,0.959367
4395,Pass,0,0.99999356,0.14960323,0,0.95703244
4396,Pass,0,0.99993956,0.18166192,0,0.94723487
4397,Pass,0,0.99999607,0.080039404,0,0.97818345
4398,Pass,0,0.99999785,0.1953507,0,0.94312847
4399,Pass,0,0.9315104,0.462866,0,0.8027765
4400,Pass,0,0.9700069,0.3455117,0,0.87056065
4401,Pass,0,0.9989361,0.32000798,0,0.90426934
4402,Pass,0,0.99999785,0.16126658,0,0.95349073
4403,Pass,0,0.9985825,0.22458403,0,0.9329188
4404,Pass,0,0.99985003,0.055613853,0,0.9854653
4405,Pass,0,0.99435014,0.36653954,0,0.8860514
4406,Pass,0,0.99999857,0.076270476,0,0.9793317
4407,Pass,0,0.9997907,0.11238984,0,0.96814954
4408,Pass,0,0.9997999,0.15182121,0,0.9561729
4409,Pass,0,0.99979705,0.079553045,0,0.9781366
4410,Pass,0,0.99759763,0.090035416,0,0.9728057
4411,Pass,0,0.99999607,0.100327045,0,0.9720157
4412,Pass,0,0.99997365,0.015523638,0,0.997775
4413,Pass,0,0.99989736,0.14703918,0,0.95771986
4414,Pass,0,0.9999685,0.24760467,0,0.92721516
4415,Pass,0,0.9980367,0.44734475,0,0.8648184
4416,Pass,0,0.99999714,0.069735505,0,0.9813171
4417,Pass,0,0.9999943,0.19622192,0,0.94286025
4418,Pass,0,0.99999976,0.12916262,0,0.96325266
4419,Pass,0,0.9978143,0.4172081,0,0.8737678
4420,Pass,0,0.9999858,0.31261137,0,0.9074682
4421,Pass,0,0.9898665,0.3598744,0,0.8840619
4422,Pass,0,0.9998204,0.23851207,0,0.92984164
4423,Pass,0,0.9999964,0.16354816,0,0.9527957
4424,Pass,0,0.99948776,0.13265626,0,0.96169794
4425,Pass,0,0.98426473,0.4668892,0,0.84703636
4426,Pass,0,0.99937123,0.2187982,0,0.9354135
4427,Pass,0,0.999471,0.102054015,0,0.9709805
4428,Pass,0,0.998818,0.03366829,0,0.9911121
4429,Pass,0,0.9215141,0.53818184,0,0.7730614
4430,Pass,0,0.99999976,0.06252227,0,0.9835126
4431,Pass,0,0.9999497,0.24468775,0,0.9280845
4432,Pass,0,0.9987889,0.31909493,0,0.9044133
4433,Pass,0,0.9089799,0.28875586,0,0.8314745
4434,Pass,0,0.999987,0.11415114,0,0.96780413
4435,Pass,0,0.9736129,0.37126315,0,0.8661746
4436,Pass,0,0.99998343,0.11628932,0,0.9671506
4437,Pass,0,0.84804803,0.6789471,0,0.67513806
4438,Pass,0,0.9893322,0.36091867,0,0.8832706
4439,Pass,0,0.997837,0.3966569,0,0.8800221
4440,Pass,0,0.9999838,0.28516427,0,0.9158107
4441,Pass,0,0.99998796,0.1601752,0,0.953813
4442,Pass,0,0.9999932,0.108504154,0,0.9695269
4443,Pass,0,0.535068,2.5748956,0,0.11755688
4444,Pass,0,0.99937785,0.3018845,0,0.9101757
4445,Pass,0,0.99999154,0.121919185,0,0.9654469
4446,Pass,0,0.99999964,0.08997622,0,0.97516596
4447,Pass,0,0.99968684,0.14493501,0,0.95815766
4448,Pass,0,0.9999944,0.20988576,0,0.93870634
4449,Pass,0,0.999067,0.28341734,0,0.91550165
4450,Pass,0,0.9965732,0.03924306,0,0.9871956
4451,Pass,0,0.9413762,0.44383755,0,0.8167247
4452,Pass,0,0.9999716,0.09349509,0,0.9740689
4453,Pass,0,0.9998708,0.0971203,0,0.9728687
4454,Pass,0,0.9962735,0.5049311,0,0.8458485
4455,Pass,0,0.9999815,0.26514482,0,0.9218948
4456,Pass,0,0.99999356,0.055187885,0,0.9857363
4457,Pass,0,0.999977,0.118777916,0,0.96638787
4458,Pass,0,0.99706656,0.43730685,0,0.8670205
4459,Pass,0,0.9999943,0.043158073,0,0.98939425
4460,Pass,0,0.99865156,0.27354738,0,0.9181176
4461,Pass,0,0.9999608,0.33471987,0,0.90072435
4462,Pass,0,0.9999933,0.04523207,0,0.9887628
4463,Pass,0,0.99970466,0.22950034,0,0.9324729
4464,Pass,0,0.99999905,0.061040338,0,0.9839624
4465,Pass,0,0.9917298,0.26819447,0,0.9133679
4466,Pass,0,0.9999958,0.12849486,0,0.9634519
4467,Pass,0,0.99997926,0.2750819,0,0.9188717
4468,Pass,0,0.9999598,0.09825061,0,0.97261167
4469,Pass,0,0.9979365,0.2601786,0,0.9215161
4470,Pass,0,0.99985445,0.15620628,0,0.95489216
4471,Pass,0,0.9999802,0.11632419,0,0.9671369
4472,Pass,0,0.9997093,0.3178523,0,0.90562445
4473,Pass,0,0.99987495,0.041493036,0,0.98978233
4474,Pass,0,0.99999845,0.071924396,0,0.9806529
4475,Pass,0,0.9999213,0.1514025,0,0.9564163
4476,Pass,0,0.9999888,0.06429603,0,0.98296255
4477,Pass,0,0.63277173,0.32062167,0,0.5726874
4478,Pass,0,0.9999889,0.108057536,0,0.96965855
4479,Pass,0,0.9950118,0.2900436,0,0.9097812
4480,Pass,0,0.99820507,0.22138488,0,0.933537
4481,Pass,0,0.99504364,0.40630826,0,0.87463886
4482,Pass,0,0.9999212,0.22826424,0,0.93305063
4483,Pass,0,0.9994667,0.20127805,0,0.94082654
4484,Pass,0,0.999997,0.09937496,0,0.972306
4485,Pass,0,0.9999957,0.16463158,0,0.9524656
4486,Pass,0,0.99986243,0.2927836,0,0.9133835
4487,Pass,0,0.9901872,0.59308606,0,0.81414336
4488,Pass,0,0.99958724,0.36388767,0,0.891524
4489,Pass,0,0.9944153,0.2326158,0,0.9265974
4490,Pass,0,0.9999901,0.13167049,0,0.96248096
4491,Pass,0,0.9993279,0.082714416,0,0.9767172
4492,Pass,0,0.9999968,0.10012991,0,0.9720763
4493,Pass,0,0.99968576,0.13302673,0,0.96177584
4494,Pass,0,0.98840743,0.21065547,0,0.92759824
4495,Pass,0,0.99999714,0.051169522,0,0.9869615
4496,Pass,0,0.9999728,0.103437364,0,0.97104746
4497,Pass,0,0.6600837,1.7377546,0,0.31301898
4498,Pass,0,0.98659086,0.474811,0,0.84666204
4499,Pass,0,0.99996376,0.12456059,0,0.9646171
4500,Pass,0,0.5524404,1.141371,0,0.36213723
4501,Pass,0,0.99991024,0.10021596,0,0.97196597
4502,Pass,0,0.99996555,0.14424168,0,0.95863557
4503,Pass,0,0.9998011,0.07279034,0,0.9801961
4504,Pass,0,0.8963281,1.2318987,0,0.5628946
4505,Pass,0,0.8482897,0.94642997,0,0.6063477
4506,Pass,0,0.9998049,0.18416382,0,0.9463469
4507,Pass,0,0.827755,0.7793671,0,0.6337115
4508,Pass,0,0.9999926,0.13338785,0,0.96196127
4509,Pass,0,0.9996903,0.068817906,0,0.9812949
4510,Pass,0,0.9999987,0.21488668,0,0.93719
4511,Pass,0,0.9984652,0.31087545,0,0.90661526
4512,Pass,0,0.99999905,0.09436621,0,0.97383076
4513,Pass,0,0.9933443,0.31125313,0,0.90185136
4514,Pass,0,0.9989666,0.13291733,0,0.96111715
4515,Pass,0,0.99969983,0.11811663,0,0.966321
4516,Pass,0,0.99888736,0.10789043,0,0.9686411
4517,Pass,0,1.0,0.080006,0,0.97819746
4518,Pass,0,0.9999999,0.12447672,0,0.9646774
4519,Pass,0,0.9997365,0.23426104,0,0.93105567
4520,Pass,0,0.99999356,0.12914655,0,0.9632516
4521,Pass,0,0.9999304,0.28257468,0,0.91654897
4522,Pass,0,0.9999912,0.078038946,0,0.9787868
4523,Pass,0,0.99937266,0.40205628,0,0.87973595
4524,Pass,0,0.9999236,0.04916978,0,0.9874968
4525,Pass,0,0.9999341,0.02994667,0,0.9933509
4526,Pass,0,0.9999832,0.08507469,0,0.9766401
4527,Pass,0,0.9999701,0.12229779,0,0.96531105
4528,Pass,0,0.98828447,0.4333888,0,0.8605611
4529,Pass,0,0.9999982,0.1120296,0,0.96845996
4530,Pass,0,0.99997747,0.11898348,0,0.9663258
4531,Pass,0,0.99965036,0.11830366,0,0.9662163
4532,Pass,0,0.99999964,0.07832599,0,0.97870785
4533,Pass,0,0.99902487,0.03981081,0,0.98945177
4534,Pass,0,0.99795294,0.3525834,0,0.8934961
4535,Pass,0,0.999997,0.0856374,0,0.9764825
4536,Pass,0,0.9389323,0.8457623,0,0.6998738
4537,Pass,0,0.9999981,0.0881164,0,0.9757299
4538,Pass,0,0.9998267,0.052610908,0,0.9863551
4539,Pass,0,0.9999968,0.13131031,0,0.9625969
4540,Pass,0,0.9999269,0.27992788,0,0.9173504
4541,Pass,0,0.99999905,0.1447237,0,0.9585212
4542,Pass,0,0.99998295,0.06146732,0,0.9838168
4543,Pass,0,0.999948,0.18743205,0,0.94548875
4544,Pass,0,0.99992955,0.18634002,0,0.9458033
4545,Pass,0,0.9999652,0.22755204,0,0.93330824
4546,Pass,0,0.9994823,0.17559306,0,0.94864583
4547,Pass,0,0.99991715,0.42378002,0,0.8736114
4548,Pass,0,0.90155494,0.7255525,0,0.70496124
4549,Pass,0,0.9999471,0.26347992,0,0.9223692
4550,Pass,0,0.99998355,0.18623964,0,0.9458849
4551,Pass,0,0.9722387,0.7591091,0,0.75031304
4552,Pass,0,0.9925748,0.40415737,0,0.87311786
4553,Pass,0,0.9999925,0.18967272,0,0.94484967
4554,Pass,0,0.9999788,0.13176031,0,0.96244276
4555,Pass,0,0.9986572,0.32643402,0,0.9020659
4556,Pass,0,0.9981704,0.2645574,0,0.92040336
4557,Pass,0,0.9999993,0.045006774,0,0.9888372
4558,Pass,0,0.88223195,0.2389602,0,0.82036316
4559,Pass,0,0.9999932,0.11931463,0,0.96624035
4560,Pass,0,0.99959,0.17583115,0,0.9486757
4561,Pass,0,0.99920076,0.48236543,0,0.85518867
4562,Pass,0,0.99999845,0.14152879,0,0.9594919
4563,Pass,0,0.996816,0.25581285,0,0.9218045
4564,Pass,0,0.99960107,0.05346802,0,0.98587203
4565,Pass,0,0.99985886,0.16975728,0,0.9507772
4566,Pass,0,0.9810962,0.3316436,0,0.8846495
4567,Pass,0,0.9943262,0.2383301,0,0.9247869
4568,Pass,0,0.99923325,0.41466513,0,0.8757828
4569,Pass,0,0.99999976,0.079224475,0,0.9784348
4570,Pass,0,0.999571,0.104866095,0,0.9702231
4571,Pass,0,0.7634768,0.95742565,0,0.5431722
4572,Pass,0,0.99998534,0.32866862,0,0.90258616
4573,Pass,0,0.9998511,0.28470755,0,0.915828
4574,Pass,0,0.9902716,0.13629112,0,0.9517359
4575,Pass,0,0.92199486,0.43220168,0,0.80317134
4576,Pass,0,0.99999297,0.09732836,0,0.9729243
4577,Pass,0,0.9999957,0.1579248,0,0.9545046
4578,Pass,0,0.5541023,0.70049524,0,0.43749544
4579,Pass,0,0.9993974,0.48850742,0,0.8534908
4580,Pass,0,0.9999167,0.06377165,0,0.9830511
4581,Pass,0,0.99999976,0.03959309,0,0.9904835
4582,Pass,0,0.99944645,0.12370025,0,0.9643795
4583,Pass,0,0.9999993,0.13475819,0,0.9615511
4584,Pass,0,0.99898905,0.18315172,0,0.945882
4585,Pass,0,0.99968314,0.2715715,0,0.9196665
4586,Pass,0,0.99930346,0.24095789,0,0.92861784
4587,Pass,0,1.0,0.0474129,0,0.98810637
4588,Pass,0,0.99988604,0.084843695,0,0.97661537
4589,Pass,0,0.9998548,0.10229574,0,0.9712799
4590,Pass,0,0.99999535,0.084863685,0,0.9767161
4591,Pass,0,0.9999981,0.06606855,0,0.98243284
4592,Pass,0,0.99998796,0.11545028,0,0.96741015
4593,Pass,0,0.99520504,0.30768898,0,0.9046191
4594,Pass,0,0.9992725,0.38061327,0,0.88616216
4595,Pass,0,0.9999175,0.104498416,0,0.9706712
4596,Pass,0,1.0,0.042277865,0,0.98966753
4597,Pass,0,0.998582,0.12424816,0,0.963379
4598,Pass,0,0.9997911,0.19650331,0,0.9425832
4599,Pass,0,0.99995553,0.1077732,0,0.9697126
4600,Pass,0,0.9999994,0.053727664,0,0.98618597
4601,Pass,0,0.99958783,0.4717852,0,0.8587352
4602,Pass,0,0.9999294,0.032961678,0,0.9924298
4603,Pass,0,0.999859,0.06448107,0,0.98277867
4604,Pass,0,0.78823316,0.4145101,0,0.6908879
4605,Pass,0,0.9990349,0.27764815,0,0.91722447
4606,Pass,0,0.9998281,0.09057723,0,0.974816
4607,Pass,0,0.9999988,0.11047782,0,0.96893233
4608,Pass,0,0.99983644,0.27942505,0,0.91742027
4609,Pass,0,0.99981576,0.16850625,0,0.9511165
4610,Pass,0,0.99995446,0.1501193,0,0.95683813
4611,Pass,0,0.9999951,0.07205437,0,0.98061013
4612,Pass,0,0.9999987,0.12531005,0,0.96442294
4613,Pass,0,0.9999969,0.12067255,0,0.9658311
4614,Pass,0,0.9998728,0.11035913,0,0.96884626
4615,Pass,0,0.9956878,0.41882336,0,0.8714167
4616,Pass,0,0.9997867,0.3006446,0,0.91092485
4617,Pass,0,0.9999665,0.06041927,0,0.98411924
4618,Pass,0,0.99997604,0.10939028,0,0.96924084
4619,Pass,0,0.9967752,0.9169825,0,0.7214071
4620,Pass,0,0.998879,0.3522624,0,0.8944227
4621,Pass,0,0.99999964,0.088882856,0,0.9754984
4622,Pass,0,0.99998236,0.08537606,0,0.97654766
4623,Pass,0,0.99999595,0.056433227,0,0.98536
4624,Pass,0,0.9994248,0.27279216,0,0.91905797
4625,Pass,0,0.99974245,0.14846255,0,0.95713884
4626,Pass,0,0.9999442,0.21263576,0,0.93782324
4627,Pass,0,0.9999962,0.046198055,0,0.9884719
4628,Pass,0,0.999997,0.08382318,0,0.97703403
4629,Pass,0,0.9999999,0.13619362,0,0.96111524
4630,Pass,0,0.9940248,0.38045794,0,0.8815553
4631,Pass,0,0.9999951,0.03407502,0,0.9921565
4632,Pass,0,0.9986761,0.35014534,0,0.89488375
4633,Pass,0,0.9874785,0.24556845,0,0.91624516
4634,Pass,0,0.9999876,0.10020332,0,0.97204506
4635,Pass,0,0.9967623,0.44706553,0,0.86379874
4636,Pass,0,0.9999994,0.070895694,0,0.98096657
4637,Pass,0,0.9999999,0.09194927,0,0.97456634
4638,Pass,0,0.9999918,0.05478286,0,0.98585767
4639,Pass,0,0.92122173,1.3025655,0,0.55873626
4640,Pass,0,0.9988833,0.50461644,0,0.8481598
4641,Pass,0,0.9998565,0.13041703,0,0.9627333
4642,Pass,0,0.9985114,0.09097576,0,0.97341126
4643,Pass,0,0.9995409,0.119599395,0,0.96571684
4644,Pass,0,0.9999685,0.15449959,0,0.9555199
4645,Pass,0,0.999997,0.12799467,0,0.96360517
4646,Pass,0,0.97010934,0.092838004,0,0.9451739
4647,Pass,0,0.99996984,0.15055044,0,0.9567218
4648,Pass,0,0.9997595,0.16669106,0,0.9516147
4649,Pass,0,0.9999877,0.07447103,0,0.9798682
4650,Pass,0,0.99995744,0.05673592,0,0.9852301
4651,Pass,0,0.9998902,0.04050806,0,0.99009687
4652,Pass,0,0.9998927,0.1662351,0,0.95188004
4653,Pass,0,0.9997112,0.06920726,0,0.98119706
4654,Pass,0,0.9999728,0.21885107,0,0.93596053
4655,Pass,0,0.991565,0.0793981,0,0.9701296
4656,Pass,0,0.9997433,0.1691558,0,0.9508501
4657,Pass,0,0.9995054,0.20293789,0,0.9403585
4658,Pass,0,0.998351,0.40715927,0,0.87728775
4659,Pass,0,0.99975795,0.27197728,0,0.919612
4660,Pass,0,0.99940705,0.21712938,0,0.9359541
4661,Pass,0,0.9999813,0.12811737,0,0.96355265
4662,Pass,0,0.99915314,0.32022393,0,0.90440017
4663,Pass,0,0.99997854,0.14895585,0,0.95721483
4664,Pass,0,0.9999609,0.11254782,0,0.9682663
4665,Pass,0,0.9863766,0.349182,0,0.88415146
4666,Pass,0,0.9999341,0.15161565,0,0.95636374
4667,Pass,0,0.99999857,0.17492148,0,0.94934005
4668,Pass,0,0.9995285,0.32391205,0,0.9036192
4669,Pass,0,0.99997604,0.17117783,0,0.95045674
4670,Pass,0,0.9998599,0.047828157,0,0.9878417
4671,Pass,0,0.920258,1.1766641,0,0.59337586
4672,Pass,0,0.9998976,0.09439618,0,0.9737229
4673,Pass,0,0.991911,0.28884575,0,0.9073072
4674,Pass,0,0.9988016,0.10114716,0,0.9706056
4675,Pass,0,0.9999536,0.099266015,0,0.972297
4676,Pass,0,0.9982534,0.036494944,0,0.989694
4677,Pass,0,0.99993086,0.097787075,0,0.97272444
4678,Pass,0,0.9999918,0.16119623,0,0.95350623
4679,Pass,0,0.99744093,0.4806383,0,0.8542062
4680,Pass,0,1.0,0.03477036,0,0.9919499
4681,Pass,0,0.9997814,0.31335378,0,0.9070571
4682,Pass,0,0.99939406,0.23929368,0,0.9292077
4683,Pass,0,0.99970007,0.21737836,0,0.9361528
4684,Pass,0,0.9975432,0.25572988,0,0.92250216
4685,Pass,0,0.99990475,0.024033997,0,0.9951192
4686,Pass,0,0.99997914,0.06926748,0,0.9814417
4687,Pass,0,0.9997143,0.059277248,0,0.9842181
4688,Pass,0,0.9999964,0.22835201,0,0.93309414
4689,Pass,0,0.9999795,0.08071561,0,0.9779617
4690,Pass,0,0.7714418,0.9116097,0,0.5595842
4691,Pass,0,0.99965477,0.030207265,0,0.9929943
4692,Pass,0,0.9981048,0.4798227,0,0.85502225
4693,Pass,0,0.9993405,0.5096054,0,0.8470322
4694,Pass,0,0.9999974,0.04102709,0,0.99004513
4695,Pass,0,0.9986292,0.2831163,0,0.9151919
4696,Pass,0,0.9979887,0.65056396,0,0.80311865
4697,Pass,0,0.999879,0.060486343,0,0.9840127
4698,Pass,0,0.9999701,0.13573027,0,0.9612275
4699,Pass,0,0.9364399,1.2956034,0,0.56994843
4700,Pass,0,0.99975044,0.23165095,0,0.93186194
4701,Pass,0,0.99996316,0.1466129,0,0.95791245
4702,Pass,0,0.9998872,0.30657598,0,0.9092134
4703,Pass,0,0.99996996,0.13099757,0,0.96266615
4704,Pass,0,0.999923,0.15526307,0,0.95524436
4705,Pass,0,0.999998,0.06279318,0,0.98342854
4706,Pass,0,0.9999093,0.2661119,0,0.9215342
4707,Pass,0,0.9999509,0.1268725,0,0.9639019
4708,Pass,0,0.9999509,0.034174137,0,0.9920824
4709,Pass,0,0.99999416,0.08275715,0,0.97735536
4710,Pass,0,0.9996406,0.07450532,0,0.9795176
4711,Pass,0,0.9983576,0.36634853,0,0.8896804
4712,Pass,0,0.99990046,0.3502824,0,0.89593923
4713,Pass,0,0.9671486,0.1984085,0,0.91124827
4714,Pass,0,0.99994516,0.04729198,0,0.98808897
4715,Pass,0,0.99989367,0.08709672,0,0.97593796
4716,Pass,0,0.9997906,0.15592644,0,0.95491624
4717,Pass,0,0.9999013,0.033710394,0,0.99217427
4718,Pass,0,0.9999969,0.060185235,0,0.9842203
4719,Pass,0,0.9952304,0.0637748,0,0.9784429
4720,Pass,0,0.9995964,0.24226862,0,0.9284918
4721,Pass,0,0.9943381,0.3763792,0,0.8830662
4722,Pass,0,0.9890342,0.51760525,0,0.8358913
4723,Pass,0,0.99954754,0.7932153,0,0.76102406
4724,Pass,0,0.8276773,0.53603345,0,0.694882
4725,Pass,0,0.9999838,0.33315688,0,0.90122026
4726,Pass,0,0.9999287,0.1854296,0,0.94607925
4727,Pass,0,0.9998708,0.13613644,0,0.96100855
4728,Pass,0,0.9999664,0.15354475,0,0.95580816
4729,Pass,0,0.99987376,0.13368134,0,0.9617577
4730,Pass,0,0.99999726,0.036473837,0,0.9914293
4731,Pass,0,0.91178924,1.5805322,0,0.4759627
4732,Pass,0,0.9998572,0.092607096,0,0.9742273
4733,Pass,0,0.999084,0.12420277,0,0.96387714
4734,Pass,0,0.99966073,0.15719387,0,0.95440704
4735,Pass,0,0.9955304,0.36531162,0,0.8874748
4736,Pass,0,0.9999877,0.15535772,0,0.9552774
4737,Pass,0,0.695444,0.4374705,0,0.6047036
4738,Pass,0,0.9826346,0.23564418,0,0.9147154
4739,Pass,0,0.9980805,0.2468112,0,0.92570525
4740,Pass,0,0.87423617,1.0378501,0,0.6005959
4741,Pass,0,0.9982597,0.14249375,0,0.95753074
4742,Pass,0,0.98840314,0.46914548,0,0.8499198
4743,Pass,0,0.7440919,0.44921893,0,0.6443463
4744,Pass,0,0.9996402,0.13479248,0,0.9611954
4745,Pass,0,0.99961925,0.27009523,0,0.92005634
4746,Pass,0,0.99964595,0.23383075,0,0.9311021
4747,Pass,0,0.9999993,0.08587134,0,0.97641355
4748,Pass,0,0.999985,0.15320538,0,0.9559291
4749,Pass,0,0.9998148,0.2158824,0,0.936715
4750,Pass,0,0.99995637,0.20055944,0,0.9415059
4751,Pass,0,0.7542012,1.0210875,0,0.521976
4752,Pass,0,0.9999385,0.12573168,0,0.9642367
4753,Pass,0,0.9997774,0.19944492,0,0.94167614
4754,Pass,0,0.99977773,0.06630777,0,0.98214364
4755,Pass,0,0.99952805,0.2199501,0,0.9352103
4756,Pass,0,0.9999994,0.18375525,0,0.9466552
4757,Pass,0,0.9999889,0.10749982,0,0.9698281
4758,Pass,0,0.9999912,0.06484509,0,0.98279804
4759,Pass,0,0.98704743,0.6372259,0,0.7983163
4760,Pass,0,0.9998435,0.11811067,0,0.96646166
4761,Pass,0,0.952192,1.1406823,0,0.62438285
4762,Pass,0,0.9999994,0.10456275,0,0.97073114
4763,Pass,0,0.9054366,0.5356258,0,0.7602775
4764,Pass,0,0.99917513,0.20735104,0,0.9387073
4765,Pass,0,0.99999404,0.10299932,0,0.9712013
4766,Pass,0,0.9999937,0.18714172,0,0.94562024
4767,Pass,0,0.9998404,0.1326961,0,0.9620251
4768,Pass,0,0.99903595,0.24345317,0,0.92761135
4769,Pass,0,0.99991095,0.17902187,0,0.9480104
4770,Pass,0,0.99999607,0.060979523,0,0.983978
4771,Pass,0,0.99992824,0.24576691,0,0.92773646
4772,Pass,0,0.999979,0.15853015,0,0.95430464
4773,Pass,0,0.99997115,0.11051918,0,0.96889293
4774,Pass,0,0.9998367,0.043712173,0,0.98906994
4775,Pass,0,0.99998236,0.13754345,0,0.96068805
4776,Pass,0,0.9997135,0.14215042,0,0.95902956
4777,Pass,0,0.99587655,0.22774923,0,0.92943245
4778,Pass,0,0.99955755,0.045715965,0,0.9881848
4779,Pass,0,0.9999989,0.12838452,0,0.96348846
4780,Pass,0,0.99929774,0.108683236,0,0.9687982
4781,Pass,0,0.99999976,0.06678705,0,0.982216
4782,Pass,0,0.9999932,0.11964995,0,0.9661384
4783,Pass,0,0.9908246,0.44898245,0,0.8580756
4784,Pass,0,0.99999917,0.09146579,0,0.9747126
4785,Pass,0,0.98835725,0.30174252,0,0.9001814
4786,Pass,0,0.9999529,0.09992052,0,0.9720973
4787,Pass,0,1.0,0.0308919,0,0.9931291
4788,Pass,0,0.99966276,0.26329303,0,0.9221637
4789,Pass,0,0.99897873,0.4361764,0,0.8690266
4790,Pass,0,0.9999713,0.099074304,0,0.9723724
4791,Pass,0,0.999959,0.1324437,0,0.96221596
4792,Pass,0,0.9999981,0.11331658,0,0.9680686
4793,Pass,0,0.999995,0.23303254,0,0.9316699
4794,Pass,0,0.99980694,0.3996323,0,0.880855
4795,Pass,0,0.9998957,0.16520342,0,0.9521965
4796,Pass,0,0.9997907,0.10995184,0,0.9688906
4797,Pass,0,0.999984,0.10641279,0,0.9701538
4798,Pass,0,0.99911743,0.36250076,0,0.8915263
4799,Pass,0,0.9998883,0.18454203,0,0.9463108
4800,Pass,0,0.99999905,0.11293142,0,0.9681866
4801,Pass,0,0.99996936,0.13282266,0,0.9621107
4802,Pass,0,0.9957272,0.16839564,0,0.9472605
4803,Pass,0,0.9999807,0.11728837,0,0.96684426
4804,Pass,0,0.9926292,0.27698594,0,0.9115432
4805,Pass,0,0.99999917,0.14981088,0,0.9569747
4806,Pass,0,0.9932539,0.055659335,0,0.9789503
4807,Pass,0,0.40546715,1.4504262,0,0.22769584
4808,Pass,0,0.90521497,0.4898949,0,0.77267665
4809,Pass,0,0.9999994,0.082346484,0,0.9774853
4810,Pass,0,0.99999523,0.13855311,0,0.9603935
4811,Pass,0,0.9999982,0.07763602,0,0.9789162
4812,Pass,0,0.99986684,0.05856295,0,0.9845854
4813,Pass,0,0.9999198,0.334626,0,0.900716
4814,Pass,0,0.6113796,0.84652424,0,0.45557666
4815,Pass,0,0.9789418,1.1577703,0,0.6368379
4816,Pass,0,0.9986533,0.3412074,0,0.897577
4817,Pass,0,0.9999664,0.14004867,0,0.9599111
4818,Pass,0,0.9999994,0.05193977,0,0.9867295
4819,Pass,0,0.999897,0.25571522,0,0.92468333
4820,Pass,0,0.99989176,0.120860435,0,0.9656724
4821,Pass,0,0.9999801,0.056284886,0,0.98538953
4822,Pass,0,0.99984705,0.22012866,0,0.9354544
4823,Pass,0,0.91328466,1.2660156,0,0.5640706
4824,Pass,0,0.9998635,0.06764894,0,0.98182017
4825,Pass,0,0.9997254,0.4160386,0,0.87579674
4826,Pass,0,0.9953375,0.33558133,0,0.8962992
4827,Pass,0,0.9999049,0.11437408,0,0.96765685
4828,Pass,0,0.9994342,0.2691692,0,0.9201674
4829,Pass,0,0.99956983,0.30706427,0,0.90877646
4830,Pass,0,0.99998903,0.27002802,0,0.92041713
4831,Pass,0,0.99999607,0.04645433,0,0.9883939
4832,Pass,0,0.9999944,0.09776115,0,0.9727941
4833,Pass,0,0.9847398,0.23930359,0,0.91557956
4834,Pass,0,0.9999778,0.09982869,0,0.97214943
4835,Pass,0,0.99996436,0.095739126,0,0.9733796
4836,Pass,0,0.9984534,0.2959755,0,0.9111273
4837,Pass,0,0.9822958,0.50323814,0,0.83448684
4838,Pass,0,0.87610227,0.8381024,0,0.655081
4839,Pass,0,0.99789387,0.50527173,0,0.8471209
4840,Pass,0,0.9999094,0.17662773,0,0.9487367
4841,Pass,0,0.9983866,0.19355223,0,0.9421548
4842,Pass,0,0.99220383,0.33075213,0,0.8949341
4843,Pass,0,0.99996746,0.118968,0,0.9663208
4844,Pass,0,0.9999963,0.20631735,0,0.939793
4845,Pass,0,0.9999963,0.15504779,0,0.95537984
4846,Pass,0,0.9967499,0.4670316,0,0.85773766
4847,Pass,0,0.99869436,0.036062915,0,0.9902624
4848,Pass,0,0.9998568,0.13774294,0,0.96050686
4849,Pass,0,0.99998856,0.082336955,0,0.9774776
4850,Pass,0,0.9999808,0.045156572,0,0.9887734
4851,Pass,0,0.9997601,0.19514763,0,0.942966
4852,Pass,0,0.77928305,0.3881955,0,0.6892775
4853,Pass,0,0.9999317,0.073689856,0,0.98005074
4854,Pass,0,0.9990847,0.24618688,0,0.9268263
4855,Pass,0,0.9992167,0.3412742,0,0.898063
4856,Pass,0,0.9990397,0.3179788,0,0.9049794
4857,Pass,0,0.9982022,0.14595631,0,0.9564248
4858,Pass,0,0.9998895,0.009387274,0,0.9995564
4859,Pass,0,0.9998062,0.044716887,0,0.98873436
4860,Pass,0,0.8429145,1.9506409,0,0.34516475
4861,Pass,0,0.99659735,0.4939371,0,0.84945446
4862,Pass,0,0.9999763,0.20684451,0,0.9396139
4863,Pass,0,0.9977323,0.5076267,0,0.84626937
4864,Pass,0,0.9846746,0.09585501,0,0.95846164
4865,Pass,0,0.9999994,0.09840848,0,0.9726022
4866,Pass,0,0.99993384,0.12495208,0,0.9644692
4867,Pass,0,0.99999976,0.093879364,0,0.9739795
4868,Pass,0,0.9999709,0.12620929,0,0.9641227
4869,Pass,0,0.99982077,0.087852694,0,0.975637
4870,Pass,0,0.9999981,0.0715548,0,0.9807649
4871,Pass,0,0.9970143,0.040965863,0,0.9871104
4872,Pass,0,0.99980015,0.12542804,0,0.96419555
4873,Pass,0,0.9998522,0.17432715,0,0.9493817
4874,Pass,0,0.49492264,0.79573876,0,0.37643886
4875,Pass,0,0.9999974,0.064608976,0,0.9828759
4876,Pass,0,0.99632,0.3392023,0,0.89608717
4877,Pass,0,0.9961696,0.1771644,0,0.94502574
4878,Pass,0,0.9998134,0.2144083,0,0.93716174
4879,Pass,0,0.57323176,0.84729385,0,0.42701617
4880,Pass,0,0.51271564,0.6118922,0,0.4186293
4881,Pass,0,0.9998902,0.31779084,0,0.90580696
4882,Pass,0,0.99998665,0.30762374,0,0.90898526
4883,Pass,0,0.99989927,0.15270288,0,0.9559999
4884,Pass,0,0.99986255,0.16939516,0,0.9508908
4885,Pass,0,0.9999261,0.20439559,0,0.9403112
4886,Pass,0,0.9954769,0.3510886,0,0.89173156
4887,Pass,0,0.9998287,0.064428784,0,0.98276484
4888,Pass,0,0.8585741,0.5375307,0,0.72043073
4889,Pass,0,0.99998724,0.122131445,0,0.9653782
4890,Pass,0,0.81081855,0.80559796,0,0.6142794
4891,Pass,0,0.99937505,0.0880853,0,0.9751314
4892,Pass,0,1.0,0.033418905,0,0.99236083
4893,Pass,0,0.9982729,0.26582816,0,0.9201122
4894,Pass,0,0.99812275,0.13595127,0,0.9593846
4895,Pass,0,0.99999654,0.14218822,0,0.95928955
4896,Pass,0,0.9996247,0.18291698,0,0.94655526
4897,Pass,0,0.99991775,0.09169424,0,0.97456384
4898,Pass,0,0.99995995,0.077498086,0,0.9789207
4899,Pass,0,0.9991003,0.22664669,0,0.93277603
4900,Pass,0,0.9999435,0.25330964,0,0.92545766
4901,Pass,0,0.9999291,0.12067155,0,0.9657659
4902,Pass,0,0.9999436,0.19002703,0,0.9446957
4903,Pass,0,0.99768114,0.06385494,0,0.980828
4904,Pass,0,0.9999862,0.09736086,0,0.9729078
4905,Pass,0,0.99996364,0.13061546,0,0.96277624
4906,Pass,0,0.999723,0.21562283,0,0.9367079
4907,Pass,0,0.9977005,0.23411778,0,0.92920303
4908,Pass,0,0.9999989,0.15603095,0,0.95508343
4909,Pass,0,0.9979158,0.10412974,0,0.96883994
4910,Pass,0,0.9995845,0.5806519,0,0.8256486
4911,Pass,0,0.93927366,0.51693046,0,0.7940284
4912,Pass,0,0.9999975,0.09487883,0,0.9736734
4913,Pass,0,0.9999871,0.17191477,0,0.9502433
4914,Pass,0,0.99999964,0.08372697,0,0.97706586
4915,Pass,0,0.81798667,0.32619324,0,0.73892987
4916,Pass,0,0.9999964,0.12291649,0,0.9651484
4917,Pass,0,0.9996741,0.06209252,0,0.98332286
4918,Pass,0,0.9946406,0.31316572,0,0.9024499
4919,Pass,0,0.9999459,0.17700341,0,0.9486571
4920,Pass,0,1.0,0.091899134,0,0.9745817
4921,Pass,0,0.99189407,0.15052369,0,0.9490034
4922,Pass,0,0.9997702,0.15245524,0,0.9559518
4923,Pass,0,0.99888927,0.177123,0,0.9476183
4924,Pass,0,0.983355,0.31565207,0,0.89146703
4925,Pass,0,0.999979,0.10816044,0,0.96961766
4926,Pass,0,0.99999905,0.07446628,0,0.9798807
4927,Pass,0,0.9998578,0.048165835,0,0.987737
4928,Pass,0,0.9999769,0.07176833,0,0.98067915
4929,Pass,0,0.9552556,0.2510688,0,0.88474935
4930,Pass,0,0.99969745,0.019001257,0,0.9964425
4931,Pass,0,0.9998258,0.04729764,0,0.9879693
4932,Pass,0,0.9998951,0.05653586,0,0.9852295
4933,Pass,0,0.9999987,0.102477886,0,0.9713643
4934,Pass,0,0.99970657,0.2580483,0,0.92379814
4935,Pass,0,0.999933,0.071078524,0,0.9808458
4936,Pass,0,0.99994826,0.39623803,0,0.8820114
4937,Pass,0,0.999471,0.20383,0,0.94005513
4938,Pass,0,0.9999193,0.06944681,0,0.9813284
4939,Pass,0,0.98645824,0.43458945,0,0.8586108
4940,Pass,0,0.9999982,0.06967515,0,0.9813365
4941,Pass,0,0.99280083,0.2934898,0,0.90671945
4942,Pass,0,0.9968991,0.41481894,0,0.8736905
4943,Pass,0,0.99746394,0.3981961,0,0.8792263
4944,Pass,0,0.9999807,0.20239845,0,0.9409697
4945,Pass,0,0.99997246,0.31404358,0,0.9070207
4946,Pass,0,0.9998323,0.16122662,0,0.95334494
4947,Pass,0,0.99997044,0.09527718,0,0.97352594
4948,Pass,0,0.99986863,0.14149037,0,0.959379
4949,Pass,0,0.99990726,0.05026674,0,0.9871472
4950,Pass,0,0.9688833,0.46275726,0,0.8350165
4951,Pass,0,0.9994029,0.12391275,0,0.96427286
4952,Pass,0,0.99941695,0.24279962,0,0.92816365
4953,Pass,0,0.9999497,0.027138079,0,0.99422026
4954,Pass,0,0.9999976,0.120130904,0,0.96599644
4955,Pass,0,0.9999894,0.07703691,0,0.97908974
4956,Pass,0,0.93998885,0.9494747,0,0.6710231
4957,Pass,0,0.99962986,0.06917954,0,0.9811256
4958,Pass,0,0.9999988,0.049728088,0,0.9874013
4959,Pass,0,0.99969566,0.13817728,0,0.96022
4960,Pass,0,0.99962974,0.32501465,0,0.9033756
4961,Pass,0,0.99999,0.07452258,0,0.9798547
4962,Pass,0,0.9999993,0.07561575,0,0.97953147
4963,Pass,0,0.955986,0.38427874,0,0.84671
4964,Pass,0,0.99999714,0.08495233,0,0.9766909
4965,Pass,0,0.9999994,0.043984808,0,0.98914796
4966,Pass,0,0.5941282,0.7970374,0,0.45166016
4967,Pass,0,0.9995672,0.21020375,0,0.9382087
4968,Pass,0,0.9999151,0.18314739,0,0.94676024
4969,Pass,0,0.999995,0.18261515,0,0.9469976
4970,Pass,0,0.99976784,0.10253119,0,0.9711239
4971,Pass,0,0.9999865,0.14753494,0,0.95765454
4972,Pass,0,0.99959916,0.08363874,0,0.9767014
4973,Pass,0,0.9999994,0.029252129,0,0.993627
4974,Pass,0,0.9997396,0.2509718,0,0.92597944
4975,Pass,0,0.9999622,0.12762381,0,0.9636843
4976,Pass,0,0.99650156,0.38235933,0,0.88317585
4977,Pass,0,0.9989743,0.06852818,0,0.98068005
4978,Pass,0,0.99817467,0.48558375,0,0.85333383
4979,Pass,0,0.9999994,0.15810286,0,0.95445395
4980,Pass,0,0.99996686,0.08980587,0,0.9751858
4981,Pass,0,0.9999857,0.08117158,0,0.9778291
4982,Pass,0,0.9979353,0.3260535,0,0.9015292
4983,Pass,0,0.99999523,0.101476446,0,0.9716654
4984,Pass,0,0.9993988,0.04737659,0,0.9875234
4985,Pass,0,0.9999945,0.110145256,0,0.96902925
4986,Pass,0,0.9998318,0.17789759,0,0.9482771
4987,Pass,0,0.9929107,0.300512,0,0.90470004
4988,Pass,0,0.9985171,0.3646859,0,0.8903273
4989,Pass,0,0.9995009,0.09229068,0,0.9739763
4990,Pass,0,0.9821945,0.41132328,0,0.86184704
4991,Pass,0,0.9999924,0.11292877,0,0.96818095
4992,Pass,0,0.99999833,0.030479377,0,0.9932528
4993,Pass,0,0.99996984,0.0965419,0,0.9731409
4994,Pass,0,0.9998797,0.21418168,0,0.9372928
4995,Pass,0,0.99937135,0.18858266,0,0.94459397
4996,Pass,0,0.99999213,0.093983956,0,0.9739402
4997,Pass,0,0.90611315,0.3575818,0,0.8098923
4998,Pass,0,0.99976236,0.21267046,0,0.93764216
4999,Pass,0,0.9999995,0.093638085,0,0.97405255
5000,Pass,0,0.9999944,0.08405187,0,0.976962
5001,Pass,0,0.9931571,0.21341585,0,0.9312222
5002,Pass,0,0.99999046,0.0851267,0,0.9766314
5003,Pass,0,1.0,0.06214468,0,0.9836276
5004,Pass,0,0.99999964,0.09772881,0,0.972809
5005,Pass,0,0.9998914,0.022653192,0,0.99552566
5006,Pass,0,0.9999038,0.15751137,0,0.9545425
5007,Pass,0,0.99999845,0.05588825,0,0.9855282
5008,Pass,0,0.99995553,0.09281805,0,0.974259
5009,Pass,0,0.99987733,0.15783368,0,0.9544193
5010,Pass,0,0.9999994,0.03753495,0,0.99110883
5011,Pass,0,0.9998524,0.27617863,0,0.9184218
5012,Pass,0,0.99999976,0.03983939,0,0.9904086
5013,Pass,0,0.9999032,0.015639745,0,0.99766946
5014,Pass,0,0.9999089,0.06050655,0,0.984036
5015,Pass,0,0.99509406,0.27772045,0,0.9135845
5016,Pass,0,0.9999988,0.12222414,0,0.96536124
5017,Pass,0,0.9999436,0.2160526,0,0.93678397
5018,Pass,0,1.0,0.12386609,0,0.9648632
5019,Pass,0,0.9999864,0.116650805,0,0.96704364
5020,Pass,0,0.9995485,0.3495421,0,0.8958488
5021,Pass,0,0.9999993,0.11302877,0,0.96815723
5022,Pass,0,0.9999887,0.15826112,0,0.95439565
5023,Pass,0,0.9999968,0.055395998,0,0.9856762
5024,Pass,0,0.9999987,0.115303695,0,0.96746504
5025,Pass,0,0.9999808,0.017795607,0,0.9970915
5026,Pass,0,0.9999274,0.1791426,0,0.9479892
5027,Pass,0,0.9999316,0.15690844,0,0.9547524
5028,Pass,0,0.99999905,0.0868538,0,0.97611463
5029,Pass,0,0.99998,0.09759068,0,0.9728319
5030,Pass,0,0.9999944,0.068260044,0,0.98176295
5031,Pass,0,0.9999974,0.044747982,0,0.98891395
5032,Pass,0,0.9999609,0.09603489,0,0.9732863
5033,Pass,0,0.9999962,0.06096093,0,0.98398376
5034,Pass,0,0.99999976,0.023589129,0,0.995349
5035,Pass,0,0.9998124,0.13368286,0,0.9616983
5036,Pass,0,0.99995315,0.041698985,0,0.9897971
5037,Pass,0,0.9999865,0.09835132,0,0.972607
5038,Pass,0,0.9995022,0.23993117,0,0.92911446
5039,Pass,0,0.9999993,0.10746196,0,0.96984965
5040,Pass,0,0.9999168,0.15097378,0,0.9565424
5041,Pass,0,0.9999914,0.084067516,0,0.9769543
5042,Pass,0,0.999946,0.17029457,0,0.95069677
5043,Pass,0,0.99999166,0.08438941,0,0.97685665
5044,Pass,0,0.99994695,0.024787901,0,0.994932
5045,Pass,0,0.9999865,0.12458626,0,0.96463126
5046,Pass,0,0.979867,0.49330848,0,0.83538145
5047,Pass,0,0.9999658,0.10702494,0,0.96995
5048,Pass,0,0.9999335,0.11703245,0,0.96687645
5049,Pass,0,0.99946636,0.29962876,0,0.91094166
5050,Pass,0,0.9999734,0.06829548,0,0.9817316
5051,Pass,0,0.99980026,0.12653519,0,0.96385914
5052,Pass,0,0.9999391,0.021514824,0,0.99591917
5053,Pass,0,0.9999645,0.19037631,0,0.9446093
5054,Pass,0,0.99464405,0.53266937,0,0.8360773
5055,Pass,0,0.99998796,0.121785425,0,0.9654841
5056,Pass,0,0.9997985,0.3313556,0,0.9016008
5057,Pass,0,0.9999976,0.07488117,0,0.9797532
5058,Pass,0,0.99989045,0.20966256,0,0.93867666
5059,Pass,0,0.9999969,0.07874195,0,0.9785787
5060,Pass,0,0.9999492,0.113260075,0,0.96803844
5061,Pass,0,0.9998723,0.23088324,0,0.93220896
5062,Pass,0,0.99971014,0.15093213,0,0.9563573
5063,Pass,0,0.9999875,0.10676863,0,0.97004896
5064,Pass,0,0.9999821,0.078591965,0,0.9786098
5065,Pass,0,0.9993895,0.27110538,0,0.91953796
5066,Pass,0,0.99994147,0.088927425,0,0.9754281
5067,Pass,0,0.6342935,0.68321675,0,0.50414294
5068,Pass,0,0.87861425,0.6727949,0,0.70111537
5069,Pass,0,0.9999987,0.178832,0,0.9481513
5070,Pass,0,0.9999826,0.14612812,0,0.95807844
5071,Pass,0,0.9999964,0.096933566,0,0.97304773
5072,Pass,0,0.9999596,0.046848495,0,0.98823804
5073,Pass,0,0.99999547,0.09197133,0,0.9745554
5074,Pass,0,0.9998753,0.19782408,0,0.9422611
5075,Pass,0,0.9999889,0.13387446,0,0.96180975
5076,Pass,0,0.99999964,0.05677543,0,0.98525965
5077,Pass,0,0.9999846,0.11069353,0,0.968853
5078,Pass,0,0.99591184,0.33287963,0,0.8976344
5079,Pass,0,0.99999917,0.05048629,0,0.9871712
5080,Pass,0,0.9999887,0.08397933,0,0.9769784
5081,Pass,0,0.99996555,0.037177954,0,0.9911838
5082,Pass,0,0.9999901,0.13489936,0,0.96149933
5083,Pass,0,0.99851996,0.21708646,0,0.9351363
5084,Pass,0,0.99997044,0.12960388,0,0.9630903
5085,Pass,0,0.99997663,0.14672323,0,0.95789176
5086,Pass,0,0.9992563,0.44440296,0,0.8667689
5087,Pass,0,0.9999993,0.06106364,0,0.98395556
5088,Pass,0,0.9992778,0.1830183,0,0.94619596
5089,Pass,0,0.99998355,0.1583652,0,0.9543591
5090,Pass,0,0.99987936,0.08744919,0,0.97581685
5091,Pass,0,0.9996184,0.05997047,0,0.98391306
5092,Pass,0,0.9989926,0.07189262,0,0.9796762
5093,Pass,0,0.9997607,0.13139865,0,0.9623428
5094,Pass,0,0.9999958,0.130378,0,0.9628794
5095,Pass,0,0.9999988,0.06503225,0,0.98274857
5096,Pass,0,0.9999964,0.04770182,0,0.988015
5097,Pass,0,0.9996414,0.1645702,0,0.9521468
5098,Pass,0,0.99999547,0.21747679,0,0.9363995
5099,Pass,0,0.99995756,0.24792387,0,0.927108
5100,Pass,0,0.99954575,0.18663646,0,0.94535017
5101,Pass,0,0.9999676,0.08842266,0,0.975607
5102,Pass,0,0.9999974,0.08715277,0,0.9760221
5103,Pass,0,0.99999654,0.1470951,0,0.95779777
5104,Pass,0,0.9999976,0.102862276,0,0.9712464
5105,Pass,0,0.99995744,0.21598318,0,0.936818
5106,Pass,0,0.99990463,0.13088885,0,0.96263635
5107,Pass,0,0.9999937,0.14000723,0,0.9599499
5108,Pass,0,0.99988854,0.21688381,0,0.9364797
5109,Pass,0,0.9999982,0.055771314,0,0.98556346
5110,Pass,0,0.99993384,0.23902589,0,0.929791
5111,Pass,0,0.9999237,0.13462661,0,0.9615184
5112,Pass,0,0.9999852,0.011911446,0,0.9988847
5113,Pass,0,0.9999721,0.0435138,0,0.9892642
5114,Pass,0,0.9992512,0.26082724,0,0.92253315
5115,Pass,0,0.9999989,0.076390766,0,0.9792955
5116,Pass,0,0.99999416,0.07968857,0,0.97828823
5117,Pass,0,0.99999535,0.078510396,0,0.9786476
5118,Pass,0,0.99997175,0.21674187,0,0.93660074
5119,Pass,0,0.9999783,0.3106444,0,0.90805936
5120,Pass,0,0.9999833,0.12827104,0,0.9635079
5121,Pass,0,0.9997842,0.30018488,0,0.9110623
5122,Pass,0,0.9999819,0.18630251,0,0.9458642
5123,Pass,0,0.99999845,0.0938818,0,0.97397745
5124,Pass,0,0.9999969,0.10405241,0,0.9708839
5125,Pass,0,0.99992716,0.27792174,0,0.9179605
5126,Pass,0,0.9998318,0.10331508,0,0.97094774
5127,Pass,0,0.99287766,0.5568255,0,0.82730085
5128,Pass,0,0.9999701,0.013515206,0,0.99838203
5129,Pass,0,0.99986875,0.25445285,0,0.92504096
5130,Pass,0,0.999959,0.10081238,0,0.97183204
5131,Pass,0,0.99998975,0.099586196,0,0.9722348
5132,Pass,0,0.9999713,0.02068779,0,0.9962027
5133,Pass,0,0.99999857,0.056603514,0,0.9853108
5134,Pass,0,0.9998555,0.44826955,0,0.8661133
5135,Pass,0,0.9997305,0.20813477,0,0.93899083
5136,Pass,0,0.99999213,0.08483387,0,0.976722
5137,Pass,0,0.99996793,0.103321545,0,0.971078
5138,Pass,0,0.99792624,0.37417996,0,0.88692
5139,Pass,0,0.9999981,0.027649874,0,0.9941128
5140,Pass,0,0.86188483,0.5503573,0,0.71984786
5141,Pass,0,0.9999851,0.18434066,0,0.94646364
5142,Pass,0,0.9999989,0.14161006,0,0.95946765
5143,Pass,0,0.99969876,0.18506078,0,0.9459738
5144,Pass,0,0.99995625,0.11083124,0,0.9687836
5145,Pass,0,0.9999256,0.13605842,0,0.96108496
5146,Pass,0,0.9997036,0.23098004,0,0.9320222
5147,Pass,0,0.9999976,0.070288174,0,0.98114955
5148,Pass,0,0.9998714,0.028924618,0,0.99359936
5149,Pass,0,0.99999976,0.053329878,0,0.98630726
5150,Pass,0,1.0,0.05889523,0,0.9846155
5151,Pass,0,0.9999057,0.22315526,0,0.93458927
5152,Pass,0,0.99770504,0.42330953,0,0.8718214
5153,Pass,0,0.9999999,0.029874843,0,0.9934381
5154,Pass,0,0.9999895,0.16284922,0,0.95300156
5155,Pass,0,0.99974865,0.12821977,0,0.9632974
5156,Pass,0,0.9999677,0.04706137,0,0.9881813
5157,Pass,0,0.99997926,0.07714051,0,0.9790483
5158,Pass,0,0.9999827,0.05990844,0,0.9842905
5159,Pass,0,0.9944667,0.66950834,0,0.7945568
5160,Pass,0,0.9999995,0.09593896,0,0.9733531
5161,Pass,0,0.99999976,0.10724807,0,0.96991515
5162,Pass,0,0.9940807,0.32041737,0,0.89975035
5163,Pass,0,0.9999995,0.17688861,0,0.94874287
5164,Pass,0,0.99989426,0.1498761,0,0.95685446
5165,Pass,0,0.9650805,0.4404302,0,0.83829
5166,Pass,0,0.9999763,0.027078671,0,0.9942647
5167,Pass,0,0.99997497,0.16305807,0,0.95292425
5168,Pass,0,0.99999976,0.06866169,0,0.9816461
5169,Pass,0,0.9999355,0.18225677,0,0.9470502
5170,Pass,0,0.9999713,0.123417884,0,0.9649717
5171,Pass,0,0.99999976,0.089900434,0,0.97518915
5172,Pass,0,0.97815096,0.24640712,0,0.90734106
5173,Pass,0,0.9976184,0.3909538,0,0.88155895
5174,Pass,0,0.99999404,0.21614397,0,0.9368034
5175,Pass,0,0.9999515,0.14017071,0,0.9598597
5176,Pass,0,0.99973625,0.9715946,0,0.70695144
5177,Pass,0,0.9998148,0.19617638,0,0.94270486
5178,Pass,0,0.9999982,0.107027054,0,0.96998084
5179,Pass,0,0.99999845,0.06941067,0,0.98141706
5180,Pass,0,0.974189,0.5744183,0,0.8065183
5181,Pass,0,0.99999964,0.12079239,0,0.9657973
5182,Pass,0,0.9984945,0.24348801,0,0.92709804
5183,Pass,0,0.9999907,0.564533,0,0.83088446
5184,Pass,0,0.99999726,0.21510525,0,0.9371222
5185,Pass,0,0.99989295,0.05856928,0,0.9846092
5186,Pass,0,0.9999534,0.03649539,0,0.9913793
5187,Pass,0,0.99998236,0.14036076,0,0.9598316
5188,Pass,0,0.9999864,0.14576688,0,0.95819193
5189,Pass,0,0.9999882,0.0942773,0,0.9738472
5190,Pass,0,0.99973494,0.34447545,0,0.8975559
5191,Pass,0,0.99903774,0.4805173,0,0.8556105
5192,Pass,0,0.9999913,0.21106496,0,0.93834496
5193,Pass,0,0.9997466,0.03467464,0,0.9917277
5194,Pass,0,0.9996573,0.4710813,0,0.8590088
5195,Pass,0,0.999915,0.18317275,0,0.94675237
5196,Pass,0,0.9999999,0.08432092,0,0.97688556
5197,Pass,0,0.99999774,0.17485546,0,0.9493593
5198,Pass,0,0.9999995,0.41381422,0,0.87671316
5199,Pass,0,0.99797815,0.8739708,0,0.7353276
5200,Pass,0,0.99985707,0.15827599,0,0.9542655
5201,Pass,0,0.87443656,0.6949773,0,0.6918846
5202,Pass,0,0.9994097,0.44936594,0,0.865394
5203,Pass,0,0.96146476,0.5252901,0,0.8103444
5204,Pass,0,0.9999174,0.23597254,0,0.9307038
5205,Pass,0,0.99987066,0.2676536,0,0.9210299
5206,Pass,0,0.99998915,0.25583252,0,0.9247329
5207,Pass,0,0.99989116,0.25825584,0,0.9239057
5208,Pass,0,0.9998754,0.04438241,0,0.9889045
5209,Pass,0,0.90656555,0.6686686,0,0.72455716
5210,Pass,0,0.9934389,0.5404634,0,0.83271027
5211,Pass,0,0.9997682,0.07362059,0,0.9799115
5212,Pass,0,0.99999654,0.10083615,0,0.97186136
5213,Pass,0,0.99998724,0.16209136,0,0.95322984
5214,Pass,0,0.9999989,0.053345058,0,0.9863018
5215,Pass,0,0.99999774,0.09491565,0,0.97366244
5216,Pass,0,0.99999857,0.051555227,0,0.9868456
5217,Pass,0,0.9960498,0.09033172,0,0.9712066
5218,Pass,0,0.99999726,0.09637919,0,0.973217
5219,Pass,0,0.99904126,0.13859658,0,0.9594641
5220,Pass,0,0.99982136,0.3184994,0,0.90552926
5221,Pass,0,0.99944395,0.26426503,0,0.9216665
5222,Pass,0,0.9999995,0.06540863,0,0.98263484
5223,Pass,0,0.99999833,0.109746024,0,0.96915436
5224,Pass,0,0.99999845,0.1141434,0,0.96781754
5225,Pass,0,0.9999974,0.094694585,0,0.9737293
5226,Pass,0,0.99999905,0.15082976,0,0.9566648
5227,Pass,0,0.99985754,0.058834005,0,0.9844939
5228,Pass,0,0.9997316,0.5088869,0,0.8475821
5229,Pass,0,0.99999833,0.16202667,0,0.95326006
5230,Pass,0,0.9999999,0.048841488,0,0.9876719
5231,Pass,0,0.9999974,0.8399985,0,0.7471436
5232,Pass,0,0.9998996,0.020704404,0,0.99612623
5233,Pass,0,0.999951,0.06613176,0,0.98236734
5234,Pass,0,0.9999777,0.11012738,0,0.9690184
5235,Pass,0,0.9999988,0.07867115,0,0.9786021
5236,Pass,0,0.99968565,0.19874711,0,0.9418018
5237,Pass,0,0.99999344,0.104909375,0,0.97062
5238,Pass,0,0.9997831,0.15521148,0,0.9551264
5239,Pass,0,0.99983823,0.17753711,0,0.94839275
5240,Pass,0,0.9876209,0.6006174,0,0.809772
5241,Pass,0,0.9999721,0.0748085,0,0.9797502
5242,Pass,0,0.99949443,0.20831981,0,0.93871284
5243,Pass,0,0.9997384,0.12169467,0,0.9652707
5244,Pass,0,0.99984825,0.30797747,0,0.90875196
5245,Pass,0,0.9999875,0.056386203,0,0.985366
5246,Pass,0,0.96118426,0.25740662,0,0.8883884
5247,Pass,0,0.999607,0.062134556,0,0.9832442
5248,Pass,0,0.9999918,0.104545884,0,0.9707289
5249,Pass,0,0.9999945,0.0672086,0,0.9820827
5250,Pass,0,0.9993687,0.46196523,0,0.86153054
5251,Pass,0,0.9994553,0.13631618,0,0.9605546
5252,Pass,0,0.99996054,0.029989375,0,0.9933642
5253,Pass,0,0.99997854,0.060644183,0,0.98406273
5254,Pass,0,0.9997174,0.06222549,0,0.9833251
5255,Pass,0,0.9997203,0.3218998,0,0.90440416
5256,Pass,0,0.9999925,0.14911155,0,0.95718086
5257,Pass,0,0.9999392,0.14596133,0,0.95808756
5258,Pass,0,0.99993145,0.028670184,0,0.9937364
5259,Pass,0,0.99999106,0.05552702,0,0.9856307
5260,Pass,0,0.9961534,0.44283456,0,0.86455244
5261,Pass,0,0.9874729,0.105532095,0,0.95828027
5262,Pass,0,0.99161667,0.50957197,0,0.8404957
5263,Pass,0,0.99998426,0.0852734,0,0.9765807
5264,Pass,0,0.99999917,0.08899994,0,0.9754623
5265,Pass,0,0.9998043,0.5287014,0,0.8416209
5266,Pass,0,0.9999974,0.12152927,0,0.9655711
5267,Pass,0,0.99997187,0.2681643,0,0.9209679
5268,Pass,0,0.885808,0.23628761,0,0.8244081
5269,Pass,0,0.9945596,0.13162741,0,0.95726717
5270,Pass,0,0.999783,0.2956426,0,0.91244185
5271,Pass,0,0.99976784,0.07330942,0,0.9800058
5272,Pass,0,0.9999951,0.13455485,0,0.9616089
5273,Pass,0,0.99991477,0.19271883,0,0.9438502
5274,Pass,0,0.9999993,0.110134326,0,0.9690372
5275,Pass,0,1.0,0.06268607,0,0.98346305
5276,Pass,0,1.0,0.044608198,0,0.9889591
5277,Pass,0,0.9999975,0.089550786,0,0.9752932
5278,Pass,0,0.9995654,0.41773996,0,0.8751396
5279,Pass,0,0.9999325,0.11729556,0,0.96679556
5280,Pass,0,0.99997723,0.068156935,0,0.9817774
5281,Pass,0,0.9999201,0.026646018,0,0.9943404
5282,Pass,0,0.9999999,0.029530399,0,0.99354285
5283,Pass,0,0.9998963,0.13805912,0,0.9604486
5284,Pass,0,0.999954,0.23692974,0,0.9304469
5285,Pass,0,1.0,0.07225695,0,0.9805533
5286,Pass,0,0.99999976,0.030461047,0,0.9932598
5287,Pass,0,0.99997425,0.09524009,0,0.9735409
5288,Pass,0,0.9998838,0.30050611,0,0.9110554
5289,Pass,0,0.99998546,0.08703366,0,0.97604674
5290,Pass,0,0.99999666,0.12158444,0,0.96555364
5291,Pass,0,0.9999659,0.032922164,0,0.99247795
5292,Pass,0,0.9999888,0.14933394,0,0.95710975
5293,Pass,0,0.9999988,0.0941588,0,0.97389364
5294,Pass,0,0.9999769,0.1725293,0,0.95004666
5295,Pass,0,1.0,0.039097294,0,0.99063444
5296,Pass,0,0.9999976,0.05797312,0,0.98489356
5297,Pass,0,0.9999795,0.101386674,0,0.9716774
5298,Pass,0,0.99998176,0.2473174,0,0.92731476
5299,Pass,0,0.9996018,0.09259138,0,0.9739832
5300,Pass,0,0.9999846,0.07257261,0,0.9804423
5301,Pass,0,0.9999535,0.07566428,0,0.97947186
5302,Pass,0,0.9999995,0.09957263,0,0.9722484
5303,Pass,0,0.99999976,0.07336932,0,0.9802149
5304,Pass,0,0.9999999,0.06518473,0,0.98270327
5305,Pass,0,0.9999939,0.12004147,0,0.96602005
5306,Pass,0,0.9999871,0.17690703,0,0.9487255
5307,Pass,0,0.99998176,0.07840236,0,0.9786672
5308,Pass,0,0.99999833,0.13583821,0,0.9612218
5309,Pass,0,0.99999917,0.06598854,0,0.9824582
5310,Pass,0,0.9982456,0.10921235,0,0.96761763
5311,Pass,0,0.99975747,0.18359646,0,0.94647443
5312,Pass,0,0.9999963,0.15315367,0,0.9559557
5313,Pass,0,0.99999607,0.11674962,0,0.9670229
5314,Pass,0,0.99997425,0.02922351,0,0.99361074
5315,Pass,0,0.99998784,0.071785726,0,0.98068464
5316,Pass,0,0.999979,0.033638164,0,0.99227333
5317,Pass,0,0.9997882,0.10407898,0,0.9706732
5318,Pass,0,0.999972,0.020095997,0,0.9963833
5319,Pass,0,0.9999212,0.17567876,0,0.94903636
5320,Pass,0,0.99986255,0.2228382,0,0.9346453
5321,Pass,0,0.9999665,0.12671004,0,0.96396625
5322,Pass,0,0.99999154,0.13623385,0,0.96109504
5323,Pass,0,0.999897,0.066471264,0,0.9822111
5324,Pass,0,0.9999292,0.1267337,0,0.9639231
5325,Pass,0,1.0,0.022916844,0,0.9955536
5326,Pass,0,0.99999475,0.06857027,0,0.981669
5327,Pass,0,0.9999713,0.031008746,0,0.993065
5328,Pass,0,0.99992573,0.08844566,0,0.9755592
5329,Pass,0,0.99997735,0.100703776,0,0.97188294
5330,Pass,0,0.9999752,0.09734599,0,0.97290164
5331,Pass,0,0.7152505,0.78637046,0,0.54605764
5332,Pass,0,0.99999917,0.018318048,0,0.9969509
5333,Pass,0,0.9999851,0.12025337,0,0.96594715
5334,Pass,0,0.99999034,0.06292656,0,0.98338044
5335,Pass,0,0.9989184,0.26809087,0,0.92002
5336,Pass,0,0.9998179,0.2158539,0,0.93672657
5337,Pass,0,0.9999881,0.037512355,0,0.99110454
5338,Pass,0,0.99999774,0.17808168,0,0.9483785
5339,Pass,0,0.99999666,0.13315877,0,0.9620348
5340,Pass,0,1.0,0.055022858,0,0.9857928
5341,Pass,0,0.9999976,0.09516162,0,0.9735876
5342,Pass,0,0.99998033,0.08316233,0,0.9772187
5343,Pass,0,0.99994063,0.18668953,0,0.94570756
5344,Pass,0,0.9999864,0.13975625,0,0.96001923
5345,Pass,0,0.9999788,0.14943573,0,0.9570692
5346,Pass,0,0.9999777,0.10933263,0,0.96926
5347,Pass,0,1.0,0.09146289,0,0.97471434
5348,Pass,0,0.9978522,0.2335095,0,0.9295288
5349,Pass,0,0.99997294,0.14494064,0,0.9584302
5350,Pass,0,0.9999174,0.033957634,0,0.9921151
5351,Pass,0,0.99999976,0.07114291,0,0.98089176
5352,Pass,0,0.99999607,0.11300209,0,0.96816224
5353,Pass,0,0.9999938,0.07495535,0,0.97972685
5354,Pass,0,0.99999976,0.041410662,0,0.9899309
5355,Pass,0,0.99992204,0.2090657,0,0.9388877
5356,Pass,0,0.99999225,0.17458375,0,0.9494367
5357,Pass,0,0.99999857,0.042875748,0,0.9894843
5358,Pass,0,0.9996439,0.18147306,0,0.9470123
5359,Pass,0,0.999954,0.17784208,0,0.94840986
5360,Pass,0,0.9992873,0.33373553,0,0.9004168
5361,Pass,0,0.9999583,0.015217795,0,0.9978526
5362,Pass,0,0.99999905,0.12179656,0,0.9654915
5363,Pass,0,0.99995947,0.06809174,0,0.9817798
5364,Pass,0,1.0,0.0657239,0,0.9825395
5365,Pass,0,0.99998105,0.15792713,0,0.9544899
5366,Pass,0,0.9999995,0.06562228,0,0.98256993
5367,Pass,0,0.9999994,0.16171718,0,0.95335513
5368,Pass,0,0.9999877,0.07857335,0,0.97862095
5369,Pass,0,0.99999774,0.05895659,0,0.98459464
5370,Pass,0,0.9999361,0.030910693,0,0.9930599
5371,Pass,0,0.9999176,0.08258333,0,0.97733337
5372,Pass,0,0.99998033,0.093620904,0,0.97403914
5373,Pass,0,0.99999726,0.10608654,0,0.9702658
5374,Pass,0,0.99999845,0.14875802,0,0.95729405
5375,Pass,0,0.99997807,0.12453199,0,0.96463954
5376,Pass,0,0.99999666,0.10270504,0,0.97129333
5377,Pass,0,0.9999722,0.16195793,0,0.9532561
5378,Pass,0,0.9999994,0.04043032,0,0.9902286
5379,Pass,0,0.999723,0.4617768,0,0.86189324
5380,Pass,0,0.9993191,0.22931002,0,0.9321711
5381,Pass,0,0.9999999,0.06888823,0,0.98157734
5382,Pass,0,0.9999969,0.094272144,0,0.9738572
5383,Pass,0,0.99999964,0.060919367,0,0.9839998
5384,Pass,0,0.99995995,0.019944957,0,0.9964172
5385,Pass,0,1.0,0.072419524,0,0.9805039
5386,Pass,0,0.9999893,0.12943439,0,0.96316
5387,Pass,0,0.9999764,0.14354923,0,0.95885646
5388,Pass,0,0.9999956,0.100527324,0,0.9719543
5389,Pass,0,0.9999969,0.11735771,0,0.96683884
5390,Pass,0,0.99999845,0.12055278,0,0.965869
5391,Pass,0,0.99999464,0.12112975,0,0.9656899
5392,Pass,0,0.99997556,0.20431471,0,0.9403823
5393,Pass,0,0.9999864,0.114375696,0,0.96773523
5394,Pass,0,0.999363,0.49683222,0,0.8509321
5395,Pass,0,0.9999505,0.19761759,0,0.94239473
5396,Pass,0,0.99999,0.04812391,0,0.9878803
5397,Pass,0,0.9999913,0.19031568,0,0.94465303
5398,Pass,0,0.99988616,0.089753374,0,0.97512305
5399,Pass,0,0.9999583,0.022295123,0,0.9957011
5400,Pass,0,0.9999999,0.10622147,0,0.97022736
5401,Pass,0,0.9999887,0.1844848,0,0.94642323
5402,Pass,0,0.99999917,0.033366833,0,0.9923758
5403,Pass,0,0.9995963,0.2582742,0,0.9236276
5404,Pass,0,0.9999789,0.06279546,0,0.98340905
5405,Pass,0,0.9996394,0.21296085,0,0.9374385
5406,Pass,0,0.99982256,0.098610505,0,0.9723688
5407,Pass,0,0.9997707,0.39660177,0,0.8817442
5408,Pass,0,0.9999684,0.12453871,0,0.9646282
5409,Pass,0,0.8939964,0.45890334,0,0.77152395
5410,Pass,0,0.99991095,0.20879515,0,0.93895954
5411,Pass,0,0.9999999,0.06898009,0,0.98154944
5412,Pass,0,0.99999964,0.090061836,0,0.9751399
5413,Pass,0,0.9999105,0.2646242,0,0.92198753
5414,Pass,0,0.99996066,0.11438781,0,0.9677067
5415,Pass,0,0.99998534,0.11591312,0,0.96726686
5416,Pass,0,0.99981755,0.12225205,0,0.9651777
5417,Pass,0,0.9999597,0.3747787,0,0.8885453
5418,Pass,0,0.9999877,0.051437717,0,0.98687065
5419,Pass,0,0.99999154,0.11243003,0,0.9683317
5420,Pass,0,0.99982375,0.37455678,0,0.88849187
5421,Pass,0,0.99999714,0.07622283,0,0.9793448
5422,Pass,0,0.9999888,0.12655063,0,0.9640362
5423,Pass,0,0.9997826,0.2580317,0,0.9238735
5424,Pass,0,0.999423,0.2272113,0,0.93290573
5425,Pass,0,0.99999857,0.26646712,0,0.9215085
5426,Pass,0,0.9999988,0.094279826,0,0.9738568
5427,Pass,0,0.99963474,0.2321943,0,0.931589
5428,Pass,0,0.9999989,0.055378,0,0.98568374
5429,Pass,0,0.9994066,0.186795,0,0.9451704
5430,Pass,0,0.9999963,0.089722164,0,0.97524
5431,Pass,0,0.99988174,0.025224209,0,0.99473447
5432,Pass,0,0.9999995,0.11965284,0,0.9661436
5433,Pass,0,0.99975985,0.15795107,0,0.9542715
5434,Pass,0,0.9999474,0.15812412,0,0.9543979
5435,Pass,0,0.99997914,0.117380455,0,0.96681476
5436,Pass,0,1.0,0.07233495,0,0.9805296
5437,Pass,0,0.9999993,0.09291329,0,0.97427267
5438,Pass,0,0.9999341,0.15953642,0,0.9539558
5439,Pass,0,0.99999845,0.0759073,0,0.97944206
5440,Pass,0,0.9999486,0.18536192,0,0.94611865
5441,Pass,0,0.9999999,0.055778738,0,0.98556286
5442,Pass,0,0.99995744,0.015535065,0,0.9977554
5443,Pass,0,0.9999957,0.08483194,0,0.9767261
5444,Pass,0,0.99999726,0.07585808,0,0.9794558
5445,Pass,0,0.9999987,0.09124875,0,0.9747782
5446,Pass,0,0.99998856,0.13399363,0,0.9617732
5447,Pass,0,0.99996054,0.06196177,0,0.9836444
5448,Pass,0,0.9999989,0.12966882,0,0.96309805
5449,Pass,0,0.99946815,0.432254,0,0.8706442
5450,Pass,0,0.99870706,1.0580729,0,0.6799666
5451,Pass,0,1.0,0.04831939,0,0.98783076
5452,Pass,0,0.9999826,0.06132133,0,0.98386085
5453,Pass,0,0.9999448,0.025484968,0,0.99471796
5454,Pass,0,0.99906176,0.11932465,0,0.9653373
5455,Pass,0,0.9999999,0.061991464,0,0.9836741
5456,Pass,0,0.99998593,0.17484564,0,0.9493511
5457,Pass,0,0.72199553,0.5607345,0,0.60073423
5458,Pass,0,0.99999976,0.036572505,0,0.9914018
5459,Pass,0,0.99615896,0.19892064,0,0.9384268
5460,Pass,0,0.99978524,0.025333658,0,0.99460524
5461,Pass,0,0.99997497,0.012354468,0,0.99873984
5462,Pass,0,0.99995744,0.17829439,0,0.9482756
5463,Pass,0,0.9999907,0.09005177,0,0.9751343
5464,Pass,0,0.9993604,0.21449222,0,0.93671167
5465,Pass,0,0.99999976,0.050028957,0,0.9873108
5466,Pass,0,0.9999975,0.1004978,0,0.97196513
5467,Pass,0,0.99999976,0.035463873,0,0.99173886
5468,Pass,0,0.9991003,0.22525981,0,0.93319726
5469,Pass,0,0.9999987,0.09712433,0,0.97299194
5470,Pass,0,0.9997831,0.1249729,0,0.96431744
5471,Pass,0,0.999998,0.053084463,0,0.9863801
5472,Pass,0,0.9999864,0.13110867,0,0.9626482
5473,Pass,0,0.9999293,0.078586526,0,0.9785598
5474,Pass,0,0.99999714,0.11222186,0,0.9684005
5475,Pass,0,0.9999988,0.07324072,0,0.98025304
5476,Pass,0,0.99999297,0.10103429,0,0.9717976
5477,Pass,0,0.99995804,0.029439013,0,0.9935291
5478,Pass,0,0.99997747,0.085782446,0,0.9764193
5479,Pass,0,0.9999299,0.08105461,0,0.97781014
5480,Pass,0,0.9999932,0.09864423,0,0.97252446
5481,Pass,0,0.99999976,0.052046478,0,0.98669744
5482,Pass,0,0.99999833,0.1090602,0,0.96936285
5483,Pass,0,0.99999464,0.05414774,0,0.9860535
5484,Pass,0,0.99999976,0.042428643,0,0.98962146
5485,Pass,0,0.99999857,0.07260242,0,0.9804469
5486,Pass,0,0.99999225,0.014886111,0,0.9979874
5487,Pass,0,0.99999976,0.16475539,0,0.95243186
5488,Pass,0,1.0,0.07923027,0,0.9784333
5489,Pass,0,0.9999989,0.0840228,0,0.9769752
5490,Pass,0,0.99997354,0.018315328,0,0.9969262
5491,Pass,0,0.9999958,0.14488815,0,0.9584681
5492,Pass,0,0.9999939,0.091278166,0,0.9747646
5493,Pass,0,0.9999877,0.23839743,0,0.9300321
5494,Pass,0,0.9999989,0.08390691,0,0.9770104
5495,Pass,0,0.9939137,0.538876,0,0.8335879
5496,Pass,0,0.99998987,0.11733249,0,0.96683973
5497,Pass,0,0.9999999,0.060820177,0,0.9840302
5498,Pass,0,0.9999999,0.04171924,0,0.9898372
5499,Pass,0,0.99996746,0.028468737,0,0.99383336
5500,Pass,0,0.99998415,0.08100635,0,0.97787786
5501,Pass,0,1.0,0.050461512,0,0.9871795
5502,Pass,0,0.9999349,0.18976934,0,0.94476587
5503,Pass,0,0.999949,0.14513575,0,0.9583479
5504,Pass,0,0.99982244,0.24105616,0,0.92907023
5505,Pass,0,0.9990107,0.07787973,0,0.9778755
5506,Pass,0,0.9999453,0.050649922,0,0.98706824
5507,Pass,0,0.999951,0.09007302,0,0.9750891
5508,Pass,0,0.9999995,0.033918295,0,0.9922085
5509,Pass,0,0.9999974,0.1194578,0,0.9662008
5510,Pass,0,0.9999999,0.087627396,0,0.97588027
5511,Pass,0,0.99999976,0.05278074,0,0.9864742
5512,Pass,0,0.99997914,0.1514841,0,0.9564468
5513,Pass,0,0.99997807,0.032784425,0,0.99253196
5514,Pass,0,0.9999516,0.024269264,0,0.9950943
5515,Pass,0,0.9999962,0.040986072,0,0.9900565
5516,Pass,0,0.9999956,0.11563645,0,0.96736085
5517,Pass,0,0.9999889,0.118483216,0,0.96648896
5518,Pass,0,0.99999976,0.14311029,0,0.9590123
5519,Pass,0,0.9821278,0.23212622,0,0.91529405
5520,Pass,0,0.9999609,0.034377944,0,0.99203044
5521,Pass,0,0.9999975,0.051441766,0,0.98687905
5522,Pass,0,0.99951243,0.3019439,0,0.91028017
5523,Pass,0,0.999974,0.1721261,0,0.9501666
5524,Pass,0,0.99995434,0.021146517,0,0.99604636
5525,Pass,0,0.9936314,0.32690254,0,0.89738464
5526,Pass,0,0.999943,0.12360303,0,0.9648882
5527,Pass,0,0.99991155,0.1404972,0,0.95972216
5528,Pass,0,0.9999659,0.17784202,0,0.9484211
5529,Pass,0,0.9998574,0.059407987,0,0.98431927
5530,Pass,0,0.99980146,0.21387817,0,0.9373117
5531,Pass,0,0.99999356,0.048008006,0,0.9879191
5532,Pass,0,0.99663347,0.41255194,0,0.87414455
5533,Pass,0,0.99998665,0.21918069,0,0.93587327
5534,Pass,0,0.9999572,0.022946028,0,0.9955021
5535,Pass,0,0.9998429,0.02322451,0,0.9953037
5536,Pass,0,0.9998965,0.089144446,0,0.9753183
5537,Pass,0,0.99985325,0.17290011,0,0.9498165
5538,Pass,0,1.0,0.05429228,0,0.9860149
5539,Pass,0,0.9999825,0.18559238,0,0.9460807
5540,Pass,0,0.99998224,0.048712913,0,0.9876936
5541,Pass,0,0.99999416,0.0363195,0,0.9914732
5542,Pass,0,0.9999441,0.08255161,0,0.9773689
5543,Pass,0,0.9731425,0.15652832,0,0.9292861
5544,Pass,0,0.9999373,0.0531021,0,0.9863149
5545,Pass,0,0.99997723,0.14281957,0,0.95907915
5546,Pass,0,0.9997632,0.24325226,0,0.92834765
5547,Pass,0,0.9887848,0.31681266,0,0.89604056
5548,Pass,0,0.9964199,0.20336446,0,0.93732643
5549,Pass,0,0.99999106,0.14548834,0,0.95828104
5550,Pass,0,0.9999323,0.026664283,0,0.994347
5551,Pass,0,0.99997365,0.117003165,0,0.9669242
5552,Pass,0,0.9999137,0.06899346,0,0.98146075
5553,Pass,0,0.99998534,0.032921374,0,0.9924975
5554,Pass,0,0.99998295,0.030439045,0,0.99324983
5555,Pass,0,0.99999785,0.11698712,0,0.96695244
5556,Pass,0,0.9999782,0.13871218,0,0.96032876
5557,Pass,0,0.99996686,0.067176744,0,0.98206526
5558,Pass,0,0.9999944,0.17395432,0,0.94963014
5559,Pass,0,0.99994683,0.14384171,0,0.9587393
5560,Pass,0,0.9999778,0.0937147,0,0.9740082
5561,Pass,0,0.9999578,0.21826997,0,0.93612313
5562,Pass,0,0.98384005,0.23471275,0,0.9161162
5563,Pass,0,0.99999547,0.07914875,0,0.9784537
5564,Pass,0,0.971007,0.244399,0,0.9013071
5565,Pass,0,0.9999807,0.1385953,0,0.96036667
5566,Pass,0,0.9998204,0.05554958,0,0.98545563
5567,Pass,0,0.99991345,0.09571353,0,0.9733378
5568,Pass,0,0.9999999,0.04172838,0,0.9898344
5569,Pass,0,0.9998547,0.37480092,0,0.8884452
5570,Pass,0,0.99999595,0.10343754,0,0.97106993
5571,Pass,0,1.0,0.113067284,0,0.9681462
5572,Pass,0,0.9999993,0.08745461,0,0.97593224
5573,Pass,0,0.9602818,0.5423566,0,0.8043649
5574,Pass,0,0.9999999,0.08414417,0,0.97693926
5575,Pass,0,0.9999125,0.12148926,0,0.9655013
5576,Pass,0,0.9999976,0.0618125,0,0.9837263
5577,Pass,0,0.9976942,0.228339,0,0.9309499
5578,Pass,0,0.99994206,0.27461034,0,0.9189809
5579,Pass,0,0.99987924,0.105776,0,0.9702457
5580,Pass,0,0.99997973,0.13895115,0,0.9602576
5581,Pass,0,0.9999993,0.09986598,0,0.97215897
5582,Pass,0,0.99997544,0.27852368,0,0.9178219
5583,Pass,0,0.99923086,0.3882662,0,0.8838003
5584,Pass,0,0.99997187,0.078558534,0,0.97861
5585,Pass,0,1.0,0.07721741,0,0.9790453
5586,Pass,0,0.99977165,0.28625065,0,0.91528624
5587,Pass,0,0.9999378,0.07640064,0,0.97923267
5588,Pass,0,0.99814963,0.07352492,0,0.97835416
5589,Pass,0,0.9999933,0.1487057,0,0.9573051
5590,Pass,0,0.9998697,0.059419543,0,0.98432785
5591,Pass,0,0.99999905,0.054496937,0,0.9859517
5592,Pass,0,0.99996674,0.033911746,0,0.99217796
5593,Pass,0,0.9977107,0.22401878,0,0.9322757
5594,Pass,0,0.9746361,0.11613347,0,0.9426817
5595,Pass,0,0.9997212,0.26527226,0,0.9216161
5596,Pass,0,0.9972963,0.25530735,0,0.92240185
5597,Pass,0,0.9997986,0.1979243,0,0.94215834
5598,Pass,0,0.9999999,0.07737037,0,0.9789986
5599,Pass,0,0.9999989,0.11763893,0,0.96675533
5600,Pass,0,0.92933613,1.0908865,0,0.62346464
5601,Pass,0,0.999468,0.22082283,0,0.93488896
5602,Pass,0,0.9999443,0.1327798,0,0.9620997
5603,Pass,0,0.99959105,0.12304172,0,0.9647191
5604,Pass,0,0.9999622,0.054274227,0,0.98598313
5605,Pass,0,0.9999906,0.13948126,0,0.9601068
5606,Pass,0,0.9999938,0.076358624,0,0.97930026
5607,Pass,0,0.99995995,0.12832774,0,0.9634682
5608,Pass,0,0.9989549,0.3618041,0,0.8915928
5609,Pass,0,1.0,0.043019574,0,0.98944205
5610,Pass,0,0.9994248,0.08745277,0,0.97537214
5611,Pass,0,0.99891007,0.26428634,0,0.9211677
5612,Pass,0,0.999979,0.10355391,0,0.9710181
5613,Pass,0,0.9209647,0.65214986,0,0.7406905
5614,Pass,0,0.9993893,0.059383236,0,0.9838659
5615,Pass,0,0.9999777,0.10714197,0,0.969926
5616,Pass,0,0.9965481,0.20366839,0,0.937355
5617,Pass,0,0.9990181,0.19310437,0,0.9428867
5618,Pass,0,0.9999888,0.19371861,0,0.94361615
5619,Pass,0,1.0,0.061839297,0,0.9837205
5620,Pass,0,0.9921266,0.42068064,0,0.86773974
5621,Pass,0,0.9999963,0.12662505,0,0.96402085
5622,Pass,0,0.9997912,0.15761419,0,0.9544038
5623,Pass,0,0.52242976,0.40588608,0,0.45928046
5624,Pass,0,0.9999999,0.11495488,0,0.9675722
5625,Pass,0,0.9999925,0.07864427,0,0.97860414
5626,Pass,0,0.99947447,0.43305132,0,0.87040746
5627,Pass,0,0.9998975,0.1245526,0,0.96455556
5628,Pass,0,0.99987483,0.15694591,0,0.95468676
5629,Pass,0,0.99998,0.14723495,0,0.9577394
5630,Pass,0,0.99733764,0.08614911,0,0.9737305
5631,Pass,0,0.9987747,0.2680519,0,0.91989946
5632,Pass,0,1.0,0.09256157,0,0.9743803
5633,Pass,0,0.99999475,0.2025621,0,0.94093317
5634,Pass,0,0.7447518,0.80305314,0,0.5648031
5635,Pass,0,0.9999372,0.24277359,0,0.92865473
5636,Pass,0,0.99996984,0.24571861,0,0.9277898
5637,Pass,0,0.9990362,0.06790451,0,0.9809302
5638,Pass,0,0.9999541,0.14326933,0,0.95892024
5639,Pass,0,0.9619832,0.49611223,0,0.8193147
5640,Pass,0,0.99916697,0.133579,0,0.9611089
5641,Pass,0,0.999845,0.3344168,0,0.90071225
5642,Pass,0,0.35691327,1.1280601,0,0.23540911
5643,Pass,0,0.99993277,0.17418694,0,0.94950086
5644,Pass,0,0.99996877,0.21583952,0,0.9368723
5645,Pass,0,0.9997502,0.29891545,0,0.9114172
5646,Pass,0,0.99963486,0.053414587,0,0.9859216
5647,Pass,0,0.9996656,0.35727152,0,0.8936047
5648,Pass,0,0.999997,0.26759022,0,0.92116565
5649,Pass,0,0.9861915,0.29959506,0,0.8988527
5650,Pass,0,0.9999081,0.14696118,0,0.9577538
5651,Pass,0,0.99987197,0.03967591,0,0.9903317
5652,Pass,0,0.9998667,0.15082708,0,0.95653903
5653,Pass,0,0.9985316,0.18013546,0,0.9463645
5654,Pass,0,0.506856,1.0598125,0,0.34482327
5655,Pass,0,0.97577536,0.48089325,0,0.83557624
5656,Pass,0,0.99997973,0.111760825,0,0.9685238
5657,Pass,0,0.9999926,0.112948865,0,0.96817505
5658,Pass,0,0.9999993,0.07930501,0,0.9784099
5659,Pass,0,0.9999937,0.06845229,0,0.9817038
5660,Pass,0,0.9999989,0.107513055,0,0.9698338
5661,Pass,0,0.98963165,0.5392926,0,0.82987124
5662,Pass,0,0.99999225,0.15522856,0,0.955321
5663,Pass,0,0.9994911,0.14517267,0,0.95789784
5664,Pass,0,0.9999268,0.083677545,0,0.9770097
5665,Pass,0,0.9999975,0.03904086,0,0.9906491
5666,Pass,0,0.9998957,0.052289814,0,0.98652077
5667,Pass,0,0.9999882,0.1862406,0,0.945889
5668,Pass,0,1.0,0.06885091,0,0.98158884
5669,Pass,0,0.9999944,0.09001409,0,0.97514933
5670,Pass,0,0.9999809,0.10390977,0,0.97091174
5671,Pass,0,0.9999702,0.09618401,0,0.97325003
5672,Pass,0,0.9999435,0.18021563,0,0.9476783
5673,Pass,0,0.99999523,0.13466689,0,0.961575
5674,Pass,0,0.99760854,0.19260116,0,0.941709
5675,Pass,0,0.99999845,0.15647466,0,0.95494807
5676,Pass,0,0.563896,0.9801338,0,0.39728835
5677,Pass,0,0.6362346,0.44607493,0,0.5515554
5678,Pass,0,0.99306524,0.36821783,0,0.8843998
5679,Pass,0,0.99976844,0.05127681,0,0.98670316
5680,Pass,0,0.99795735,0.3387418,0,0.89769953
5681,Pass,0,0.99999976,0.065588325,0,0.9825805
5682,Pass,0,0.99999666,0.07036628,0,0.9811248
5683,Pass,0,0.9684425,0.27121556,0,0.8910312
5684,Pass,0,0.9999932,0.06366538,0,0.98315865
5685,Pass,0,0.999992,0.015111661,0,0.99791855
5686,Pass,0,0.9999969,0.04367647,0,0.9892393
5687,Pass,0,0.99990034,0.26454613,0,0.9220019
5688,Pass,0,0.9977763,0.17596793,0,0.94691294
5689,Pass,0,0.99985576,0.05837765,0,0.9846308
5690,Pass,0,0.9999999,0.0936977,0,0.9740348
5691,Pass,0,0.9982565,0.37459412,0,0.8870878
5692,Pass,0,0.99999976,0.07929833,0,0.9784124
5693,Pass,0,0.99999917,0.05087286,0,0.98705363
5694,Pass,0,1.0,0.046308167,0,0.98844224
5695,Pass,0,0.999482,0.2683524,0,0.92045957
5696,Pass,0,0.9954299,0.28199252,0,0.9125999
5697,Pass,0,0.99999905,0.10959134,0,0.969202
5698,Pass,0,0.99609405,0.33445385,0,0.89732194
5699,Pass,0,0.9998455,0.060231943,0,0.98405707
5700,Pass,0,0.99995565,0.11149852,0,0.9685802
5701,Pass,0,0.9999765,0.35639623,0,0.8941487
5702,Pass,0,0.99999976,0.056408238,0,0.98537135
5703,Pass,0,0.99923337,0.27312258,0,0.9187815
5704,Pass,0,0.999884,0.18621038,0,0.94579965
5705,Pass,0,0.9993175,0.22529007,0,0.9333909
5706,Pass,0,0.9999945,0.20731299,0,0.93948865
5707,Pass,0,0.99983716,0.18053702,0,0.94747984
5708,Pass,0,0.9999732,0.15084034,0,0.95663685
5709,Pass,0,0.9849194,0.3375761,0,0.8863205
5710,Pass,0,0.9999013,0.18319549,0,0.94673246
5711,Pass,0,0.9999999,0.10437654,0,0.97078824
5712,Pass,0,0.9999995,0.060559794,0,0.984109
5713,Pass,0,0.99993503,0.13912374,0,0.96016216
5714,Pass,0,0.9996093,0.1746446,0,0.94905466
5715,Pass,0,0.9999993,0.058250833,0,0.9848107
5716,Pass,0,0.9999987,0.064948015,0,0.9827741
5717,Pass,0,0.9999851,0.16730551,0,0.9516426
5718,Pass,0,0.9996326,0.2064973,0,0.93939644
5719,Pass,0,0.97271776,0.4027725,0,0.85606015
5720,Pass,0,0.99952734,0.2955763,0,0.9122287
5721,Pass,0,0.9999819,0.047415074,0,0.98808783
5722,Pass,0,0.9999268,0.026374342,0,0.9944297
5723,Pass,0,0.9999939,0.15320355,0,0.9559382
5724,Pass,0,0.9999901,0.12518594,0,0.9644524
5725,Pass,0,0.99998045,0.13197123,0,0.96238023
5726,Pass,0,0.9999888,0.19522661,0,0.94315773
5727,Pass,0,0.99984276,0.12060887,0,0.9657016
5728,Pass,0,0.9997962,0.25341916,0,0.925288
5729,Pass,0,0.9999763,0.16979198,0,0.9508783
5730,Pass,0,0.9997621,0.15551007,0,0.9550156
5731,Pass,0,0.99963653,0.42069694,0,0.8743032
5732,Pass,0,0.9994843,0.05917109,0,0.9840239
5733,Pass,0,0.999997,0.10795695,0,0.969697
5734,Pass,0,0.61987597,1.0929627,0,0.4154655
5735,Pass,0,0.95680904,0.4485826,0,0.8287338
5736,Pass,0,0.99977034,0.44745445,0,0.8662873
5737,Pass,0,0.9998951,0.27994874,0,0.9173149
5738,Pass,0,0.99973255,0.048026476,0,0.9876556
5739,Pass,0,0.99999917,0.16051021,0,0.9537219
5740,Pass,0,0.99997497,0.124761626,0,0.96456677
5741,Pass,0,0.9996749,0.14326946,0,0.95865244
5742,Pass,0,0.99995494,0.25482693,0,0.925007
5743,Pass,0,0.9999931,0.2748886,0,0.91894317
5744,Pass,0,0.99999976,0.09678471,0,0.9730962
5745,Pass,0,0.9979924,0.26490292,0,0.9201344
5746,Pass,0,0.99964976,0.2244739,0,0.9339493
5747,Pass,0,0.99996877,0.10113551,0,0.97174335
5748,Pass,0,0.9999964,0.141816,0,0.9594026
5749,Pass,0,0.9727835,0.43670204,0,0.8460835
5750,Pass,0,0.9999765,0.2659942,0,0.92163193
5751,Pass,0,0.99999905,0.10559778,0,0.9704161
5752,Pass,0,0.9997054,0.3642732,0,0.8915122
5753,Pass,0,0.9999211,0.09992592,0,0.97206473
5754,Pass,0,0.9997584,0.3031586,0,0.910135
5755,Pass,0,1.0,0.078105524,0,0.97877526
5756,Pass,0,0.9997112,0.12427092,0,0.9644615
5757,Pass,0,0.9770668,0.5052114,0,0.8294585
5758,Pass,0,0.9999994,0.06912202,0,0.9815058
5759,Pass,0,0.9989291,0.23047616,0,0.93145317
5760,Pass,0,0.9999665,0.120903455,0,0.9657315
5761,Pass,0,0.9998078,0.22140993,0,0.93502825
5762,Pass,0,0.9996507,0.0440456,0,0.9887846
5763,Pass,0,0.9998068,0.17700909,0,0.94852346
5764,Pass,0,0.99998355,0.105145924,0,0.9705385
5765,Pass,0,0.9999999,0.078519195,0,0.9786494
5766,Pass,0,0.99999833,0.058910962,0,0.98460907
5767,Pass,0,1.0,0.054756824,0,0.9858737
5768,Pass,0,0.99999714,0.065797426,0,0.9825143
5769,Pass,0,0.59805775,0.67060184,0,0.477636
5770,Pass,0,0.99999285,0.14697385,0,0.95783114
5771,Pass,0,0.9999269,0.29731572,0,0.9120646
5772,Pass,0,0.9999341,0.2375787,0,0.9302311
5773,Pass,0,0.99992085,0.18496747,0,0.9462123
5774,Pass,0,0.99998593,0.11009918,0,0.9690349
5775,Pass,0,0.99999964,0.11493214,0,0.9675789
5776,Pass,0,0.999918,0.040680047,0,0.9900721
5777,Pass,0,0.99999964,0.11719627,0,0.9668906
5778,Pass,0,0.99933344,0.09615917,0,0.97263783
5779,Pass,0,1.0,0.09726493,0,0.9729504
5780,Pass,0,0.99988294,0.16719863,0,0.9515779
5781,Pass,0,0.9999814,0.07583322,0,0.97944784
5782,Pass,0,0.99977595,0.19059859,0,0.9443636
5783,Pass,0,0.99996245,0.02443941,0,0.99505335
5784,Pass,0,0.99986804,0.19548683,0,0.9429647
5785,Pass,0,0.99999976,0.1956206,0,0.94304824
5786,Pass,0,0.99987876,0.023064543,0,0.99538803
5787,Pass,0,0.99954706,0.18116418,0,0.94701433
5788,Pass,0,1.0,0.0400743,0,0.99033743
5789,Pass,0,0.9999988,0.1256899,0,0.9643076
5790,Pass,0,0.99999464,0.060561776,0,0.98410356
5791,Pass,0,0.99806863,0.15720992,0,0.9528821
5792,Pass,0,0.99998665,0.14265642,0,0.95913774
5793,Pass,0,0.99999964,0.06510169,0,0.9827283
5794,Pass,0,0.99992037,0.027651986,0,0.9940349
5795,Pass,0,0.99999964,0.075038575,0,0.9797073
5796,Pass,0,1.0,0.03857082,0,0.99079454
5797,Pass,0,0.99999905,0.23774554,0,0.9302408
5798,Pass,0,0.9999926,0.10672658,0,0.9700667
5799,Pass,0,0.9999945,0.10666505,0,0.9700873
5800,Pass,0,0.99991703,0.25276667,0,0.9255982
5801,Pass,0,0.99576074,0.54366946,0,0.8336858
5802,Pass,0,0.999974,0.4053772,0,0.8792557
5803,Pass,0,0.99998844,0.23539433,0,0.93094575
5804,Pass,0,0.9999981,0.11846138,0,0.96650445
5805,Pass,0,0.99994886,0.105304465,0,0.9704566
5806,Pass,0,0.9997907,0.12846763,0,0.96326256
5807,Pass,0,0.99999857,0.14525113,0,0.9583604
5808,Pass,0,0.99999774,0.05432237,0,0.9860036
5809,Pass,0,0.9999794,0.031160843,0,0.9930268
5810,Pass,0,0.9999993,0.1044294,0,0.97077155
5811,Pass,0,0.99996495,0.0105149085,0,0.999289
5812,Pass,0,0.99994695,0.0929909,0,0.9741981
5813,Pass,0,0.9999962,0.054343253,0,0.98599565
5814,Pass,0,0.99996126,0.16212592,0,0.9531945
5815,Pass,0,0.99999464,0.16919486,0,0.9510773
5816,Pass,0,0.9999982,0.106586054,0,0.9701149
5817,Pass,0,0.9999993,0.07201202,0,0.98062706
5818,Pass,0,0.9999176,0.1451499,0,0.9583136
5819,Pass,0,0.99999726,0.090377845,0,0.97504157
5820,Pass,0,0.99995995,0.17959788,0,0.9478817
5821,Pass,0,0.999777,0.26216632,0,0.9226116
5822,Pass,0,0.9999825,0.10638429,0,0.97016096
5823,Pass,0,0.9999894,0.2863731,0,0.9154483
5824,Pass,0,0.9996884,0.10581967,0,0.97004724
5825,Pass,0,0.9999571,0.14953387,0,0.9570186
5826,Pass,0,0.99999976,0.10286558,0,0.9712475
5827,Pass,0,0.9978123,0.33186743,0,0.8996544
5828,Pass,0,0.9865827,0.5147236,0,0.8346837
5829,Pass,0,0.9999999,0.08628546,0,0.97628826
5830,Pass,0,0.9999802,0.31879514,0,0.9055832
5831,Pass,0,0.99848443,0.08809616,0,0.97425914
5832,Pass,0,0.9999819,0.094136424,0,0.9738839
5833,Pass,0,0.99999833,0.17228565,0,0.95014113
5834,Pass,0,0.99999976,0.04883419,0,0.98767406
5835,Pass,0,0.9385814,0.52911043,0,0.78996766
5836,Pass,0,0.9999989,0.07257454,0,0.9804557
5837,Pass,0,0.99871767,0.20484442,0,0.9390386
5838,Pass,0,0.9999907,0.25295618,0,0.9256088
5839,Pass,0,0.9998765,0.05762708,0,0.98487943
5840,Pass,0,0.99959356,0.24613585,0,0.9273138
5841,Pass,0,0.83836114,0.7148546,0,0.6582742
5842,Pass,0,0.75600827,0.5592075,0,0.6293854
5843,Pass,0,0.9999963,0.2573963,0,0.92426413
5844,Pass,0,1.0,0.058874376,0,0.9846219
5845,Pass,0,0.99927455,0.47218502,0,0.8583446
5846,Pass,0,1.0,0.12199697,0,0.96543145
5847,Pass,0,0.99998355,0.2530436,0,0.9255756
5848,Pass,0,0.9995654,0.0933993,0,0.9737023
5849,Pass,0,0.9997285,0.21444239,0,0.9370718
5850,Pass,0,0.9999999,0.06078759,0,0.9840401
5851,Pass,0,0.99996066,0.14201126,0,0.959309
5852,Pass,0,0.99999833,0.12848267,0,0.96345806
5853,Pass,0,0.9999993,0.06237029,0,0.98355836
5854,Pass,0,0.9966853,0.47331774,0,0.8557773
5855,Pass,0,0.9999918,0.1424011,0,0.95922035
5856,Pass,0,0.9998952,0.14939427,0,0.9570018
5857,Pass,0,0.9999318,0.18277736,0,0.9468885
5858,Pass,0,0.9988882,0.5092371,0,0.84676075
5859,Pass,0,0.9999602,0.014017004,0,0.9982196
5860,Pass,0,0.99999595,0.05796302,0,0.98489493
5861,Pass,0,0.9997701,0.38073355,0,0.8865668
5862,Pass,0,0.9999207,0.28640524,0,0.91537565
5863,Pass,0,0.99998844,0.07616563,0,0.97935367
5864,Pass,0,0.9999968,0.11869327,0,0.9664327
5865,Pass,0,0.99999094,0.13586742,0,0.96120584
5866,Pass,0,0.99996793,0.4123801,0,0.87712145
5867,Pass,0,0.99995637,0.19569103,0,0.94298595
5868,Pass,0,0.9998054,0.14997916,0,0.9567381
5869,Pass,0,0.99997246,0.12227318,0,0.9653209
5870,Pass,0,0.99955696,0.17995486,0,0.9473912
5871,Pass,0,0.9999248,0.16366576,0,0.9526917
5872,Pass,0,0.9999273,0.061958198,0,0.9836128
5873,Pass,0,0.9996259,0.046523146,0,0.9880071
5874,Pass,0,0.99990094,0.3876528,0,0.8845795
5875,Pass,0,0.9999957,0.11481961,0,0.9676093
5876,Pass,0,0.999966,0.17015034,0,0.9507596
5877,Pass,0,0.980201,0.36391658,0,0.87422496
5878,Pass,0,0.9991399,0.32623824,0,0.9025613
5879,Pass,0,0.9999956,0.15746213,0,0.9546451
5880,Pass,0,0.99995637,0.03021646,0,0.9932911
5881,Pass,0,0.9999924,0.09102755,0,0.97483927
5882,Pass,0,0.99971646,0.2779236,0,0.9177665
5883,Pass,0,0.9999963,0.18286858,0,0.9469218
5884,Pass,0,1.0,0.051961455,0,0.98672354
5885,Pass,0,0.9999728,0.24946263,0,0.9266543
5886,Pass,0,0.9999969,0.07410164,0,0.97998947
5887,Pass,0,0.83519125,0.70191634,0,0.65907043
5888,Pass,0,0.7752614,0.25454298,0,0.71722144
5889,Pass,0,0.99997115,0.034841415,0,0.9918997
5890,Pass,0,0.99867755,0.16153948,0,0.952149
5891,Pass,0,0.99863094,0.27063912,0,0.9189816
5892,Pass,0,0.99999154,0.060801513,0,0.9840276
5893,Pass,0,0.9992924,0.042498607,0,0.9889001
5894,Pass,0,0.9999267,0.20006694,0,0.9416277
5895,Pass,0,0.9995666,0.114547074,0,0.96727693
5896,Pass,0,0.99990857,0.029145509,0,0.99356914
5897,Pass,0,0.9999776,0.18425985,0,0.9464811
5898,Pass,0,1.0,0.046157606,0,0.988488
5899,Pass,0,0.9997863,0.054661218,0,0.9856921
5900,Pass,0,0.9999988,0.06562836,0,0.9825673
5901,Pass,0,0.99999535,0.0703827,0,0.98111856
5902,Pass,0,0.9998976,0.02879646,0,0.9936644
5903,Pass,0,0.9913958,0.41658184,0,0.8683359
5904,Pass,0,0.9999887,0.11823019,0,0.9665656
5905,Pass,0,0.99997556,0.15703677,0,0.95475537
5906,Pass,0,0.9446333,1.097403,0,0.6318556
5907,Pass,0,0.9991679,0.29173765,0,0.91306674
5908,Pass,0,0.9999645,0.15261759,0,0.9560882
5909,Pass,0,0.9999981,0.066184685,0,0.98239756
5910,Pass,0,0.9999974,0.18649621,0,0.94582
5911,Pass,0,0.99997795,0.1600675,0,0.95383626
5912,Pass,0,0.9965759,0.48538134,0,0.8520283
5913,Pass,0,0.999959,0.38068846,0,0.886748
5914,Pass,0,0.98928833,0.49865115,0,0.8418067
5915,Pass,0,0.99986327,0.03294168,0,0.9923702
5916,Pass,0,0.999959,0.3313795,0,0.9017383
5917,Pass,0,0.9999418,0.030210724,0,0.9932784
5918,Pass,0,0.99648947,0.31725147,0,0.9028896
5919,Pass,0,0.99992716,0.18644337,0,0.9457696
5920,Pass,0,0.9999988,0.059286203,0,0.98449546
5921,Pass,0,0.99914217,0.2671865,0,0.9205008
5922,Pass,0,0.9998368,0.36481613,0,0.8914644
5923,Pass,0,0.9999733,0.14085457,0,0.95967275
5924,Pass,0,0.99991906,0.15691057,0,0.95473975
5925,Pass,0,0.9999943,0.100201055,0,0.9720522
5926,Pass,0,0.9979265,0.34382805,0,0.89612865
5927,Pass,0,0.99988043,0.18513751,0,0.9461224
5928,Pass,0,0.99999666,0.10063599,0,0.97192234
5929,Pass,0,0.9997633,0.09499604,0,0.9734098
5930,Pass,0,0.99998367,0.055818547,0,0.9855348
5931,Pass,0,0.9999962,0.08059849,0,0.9780136
5932,Pass,0,0.9999889,0.07822504,0,0.97872806
5933,Pass,0,0.99986875,0.015686966,0,0.9976207
5934,Pass,0,0.99906737,0.3425969,0,0.8975271
5935,Pass,0,0.97613883,0.33959183,0,0.8778207
5936,Pass,0,0.98466563,0.47997466,0,0.84346414
5937,Pass,0,0.716585,2.0084522,0,0.28083965
5938,Pass,0,0.9999968,0.12703454,0,0.9638968
5939,Pass,0,0.9956755,0.28562617,0,0.9117252
5940,Pass,0,0.99993503,0.19142668,0,0.94426215
5941,Pass,0,0.9999844,0.19395605,0,0.9435398
5942,Pass,0,0.99985504,0.09561428,0,0.9733112
5943,Pass,0,0.9982948,0.0471681,0,0.98649573
5944,Pass,0,0.9963665,0.24164112,0,0.92568165
5945,Pass,0,0.9982121,0.28460562,0,0.91435766
5946,Pass,0,0.9999708,0.160428,0,0.95371985
5947,Pass,0,0.99996126,0.14637485,0,0.95798296
5948,Pass,0,0.9999995,0.10294369,0,0.9712235
5949,Pass,0,0.9998332,0.2591212,0,0.92358905
5950,Pass,0,0.9984617,0.31489158,0,0.905393
5951,Pass,0,0.99930453,0.16532856,0,0.95159554
5952,Pass,0,0.999892,0.12700781,0,0.9638039
5953,Pass,0,0.99974674,0.05929297,0,0.9842453
5954,Pass,0,0.99999845,0.2054878,0,0.9400472
5955,Pass,0,0.97540164,1.3370996,0,0.5813565
5956,Pass,0,0.99999714,0.09351434,0,0.9740879
5957,Pass,0,0.9999515,0.14971854,0,0.9569571
5958,Pass,0,0.9999999,0.081491694,0,0.97774565
5959,Pass,0,0.99898666,0.23038316,0,0.93153507
5960,Pass,0,0.9970221,0.27987614,0,0.91470116
5961,Pass,0,0.9972915,0.1447838,0,0.9559077
5962,Pass,0,0.9984799,0.6899529,0,0.79155713
5963,Pass,0,0.9998202,0.19987027,0,0.94158715
5964,Pass,0,0.9997236,0.42771703,0,0.87224567
5965,Pass,0,0.99968755,0.06675445,0,0.9819193
5966,Pass,0,0.99999917,0.087375306,0,0.9759562
5967,Pass,0,0.999553,0.26812848,0,0.920593
5968,Pass,0,0.99995995,0.18456428,0,0.9463719
5969,Pass,0,0.99935716,0.20332588,0,0.94010115
5970,Pass,0,0.9978321,0.03183262,0,0.9906907
5971,Pass,0,0.9998989,0.11513286,0,0.9674204
5972,Pass,0,0.99010676,0.70577717,0,0.78015596
5973,Pass,0,0.8967404,1.110545,0,0.59623766
5974,Pass,0,0.9996828,0.12575704,0,0.9639824
5975,Pass,0,0.99956125,0.22728097,0,0.93301356
5976,Pass,0,0.9996031,0.23378062,0,0.93107736
5977,Pass,0,0.9998128,0.16216011,0,0.9530426
5978,Pass,0,0.9995771,0.04203972,0,0.98932135
5979,Pass,0,0.9999753,0.19488095,0,0.94325006
5980,Pass,0,0.9990575,0.16053987,0,0.95281476
5981,Pass,0,0.99435955,0.36511278,0,0.8864911
5982,Pass,0,0.9631312,0.79886657,0,0.7316431
5983,Pass,0,0.9979091,0.3620226,0,0.8905931
5984,Pass,0,0.9988411,0.055045635,0,0.98464346
5985,Pass,0,0.9982153,0.29003894,0,0.91271174
5986,Pass,0,0.99885774,0.15639818,0,0.953882
5987,Pass,0,0.9984351,0.28232434,0,0.91525435
5988,Pass,0,0.99986076,0.10743065,0,0.9697248
5989,Pass,0,0.99991107,0.23117426,0,0.93215656
5990,Pass,0,0.99971074,0.09189332,0,0.9743016
5991,Pass,0,0.99990404,0.0222364,0,0.99566495
5992,Pass,0,0.9999379,0.11660573,0,0.9670104
5993,Pass,0,0.999874,0.09522199,0,0.9734489
5994,Pass,0,0.9999987,0.07673849,0,0.9791895
5995,Pass,0,0.9999232,0.24195117,0,0.9288918
5996,Pass,0,0.99981254,0.21516936,0,0.93692964
5997,Pass,0,0.7034318,0.8578041,0,0.52175814
5998,Pass,0,0.9990213,0.07652022,0,0.97829884
5999,Pass,0,0.99982256,0.18745278,0,0.9453639
6000,Pass,0,0.9995876,0.22620961,0,0.93336374
6001,Pass,0,0.99980193,0.23412628,0,0.9311575
6002,Pass,0,0.99997807,0.21000677,0,0.93865424
6003,Pass,0,0.99936694,0.092200786,0,0.97387314
6004,Pass,0,0.9489831,0.46104994,0,0.8183584
6005,Pass,0,0.99384284,0.081728406,0,0.9716541
6006,Pass,0,0.99394834,0.26705638,0,0.9157551
6007,Pass,0,0.99985635,0.23153695,0,0.9319954
6008,Pass,0,0.9993493,0.05595596,0,0.9848678
6009,Pass,0,0.9725112,0.56985784,0,0.8064776
6010,Pass,0,0.99963474,0.22152801,0,0.93483055
6011,Pass,0,0.26419765,0.74467874,0,0.20505029
6012,Pass,0,0.9999033,0.04226461,0,0.98957586
6013,Pass,0,0.9999833,0.10714248,0,0.96993124
6014,Pass,0,0.99998283,0.21658629,0,0.93665844
6015,Pass,0,0.9994758,0.21654329,0,0.93619657
6016,Pass,0,0.9999641,0.12688476,0,0.9639109
6017,Pass,0,0.99999404,0.056655053,0,0.9852907
6018,Pass,0,0.9999342,0.287827,0,0.9149558
6019,Pass,0,0.99813324,0.36830106,0,0.88888794
6020,Pass,0,0.9997297,0.23442586,0,0.9309992
6021,Pass,0,0.99942905,0.14770547,0,0.9570688
6022,Pass,0,0.99872005,0.18600945,0,0.9447596
6023,Pass,0,0.4961424,1.0591565,0,0.33763355
6024,Pass,0,0.9949326,0.43491596,0,0.86588806
6025,Pass,0,0.99996936,0.19034787,0,0.9446225
6026,Pass,0,0.99518174,0.43604234,0,0.8657641
6027,Pass,0,0.99582493,0.50217766,0,0.8463012
6028,Pass,0,0.99909806,0.5555429,0,0.8328735
6029,Pass,0,0.9999664,0.100295626,0,0.97199637
6030,Pass,0,0.99812204,0.2995924,0,0.90972745
6031,Pass,0,0.9999865,0.12061,0,0.9658401
6032,Pass,0,0.99979466,0.1428366,0,0.95889884
6033,Pass,0,0.9999685,0.082511246,0,0.9774051
6034,Pass,0,0.9965677,0.3016958,0,0.90767354
6035,Pass,0,0.79141194,0.739439,0,0.61549497
6036,Pass,0,0.999984,0.1358374,0,0.9612083
6037,Pass,0,0.9897682,0.28836912,0,0.90549064
6038,Pass,0,0.9999987,0.14562218,0,0.95824766
6039,Pass,0,0.99985695,0.12805824,0,0.96345085
6040,Pass,0,0.9998845,0.11776251,0,0.9666071
6041,Pass,0,0.9924676,0.42769426,0,0.86592174
6042,Pass,0,0.99798644,0.42833272,0,0.87054324
6043,Pass,0,0.9999713,0.13430539,0,0.96166176
6044,Pass,0,0.999432,0.061204378,0,0.9833546
6045,Pass,0,0.9452632,0.5662129,0,0.7849291
6046,Pass,0,0.9745569,0.43671027,0,0.8476235
6047,Pass,0,0.9998211,0.122920446,0,0.96497804
6048,Pass,0,0.99928015,0.3964583,0,0.88135517
6049,Pass,0,0.9998839,0.26682788,0,0.92129314
6050,Pass,0,0.99979764,0.052564625,0,0.9863405
6051,Pass,0,0.9993242,0.2180137,0,0.93560785
6052,Pass,0,0.99955815,0.38848272,0,0.884024
6053,Pass,0,0.9950035,0.48267746,0,0.851502
6054,Pass,0,0.9994473,0.17854276,0,0.94771636
6055,Pass,0,0.9998745,0.18522775,0,0.9460893
6056,Pass,0,0.9968946,0.2493934,0,0.92382276
6057,Pass,0,0.9995402,0.2981708,0,0.91145205
6058,Pass,0,0.9990988,0.038062923,0,0.99005586
6059,Pass,0,0.5292999,0.5726707,0,0.4384817
6060,Pass,0,0.9998167,0.043852918,0,0.98900735
6061,Pass,0,0.9997181,0.26038742,0,0.92309785
6062,Pass,0,0.99984205,0.096066944,0,0.9731609
6063,Pass,0,0.9921366,0.16741702,0,0.9441399
6064,Pass,0,0.9996778,0.17603584,0,0.94869685
6065,Pass,0,0.97501117,0.51442975,0,0.82498085
6066,Pass,0,0.9999584,0.06901527,0,0.981498
6067,Pass,0,1.0,0.11914749,0,0.96629775
6068,Pass,0,1.0,0.09384274,0,0.97399086
6069,Pass,0,0.99999547,0.18743336,0,0.9455333
6070,Pass,0,0.9917389,0.31727967,0,0.8985768
6071,Pass,0,0.96402854,0.44085526,0,0.83725166
6072,Pass,0,0.9983773,0.048145074,0,0.98628074
6073,Pass,0,0.99782723,0.176192,0,0.9468933
6074,Pass,0,0.9999784,0.07581638,0,0.97945005
6075,Pass,0,0.9842903,0.47682732,0,0.84408444
6076,Pass,0,0.9999708,0.13497749,0,0.961457
6077,Pass,0,0.9999968,0.096416265,0,0.97320527
6078,Pass,0,1.0,0.040496193,0,0.99020916
6079,Pass,0,0.9999974,0.11074051,0,0.96885103
6080,Pass,0,0.79221517,0.42952782,0,0.6907612
6081,Pass,0,0.9509848,0.49066794,0,0.81152153
6082,Pass,0,0.9995567,0.10024209,0,0.9716144
6083,Pass,0,0.9857346,0.18396932,0,0.93308717
6084,Pass,0,0.99948573,0.21104066,0,0.93787795
6085,Pass,0,0.9997342,0.3198449,0,0.90504134
6086,Pass,0,0.9999263,0.17108801,0,0.9504368
6087,Pass,0,0.99999547,0.17133445,0,0.95042765
6088,Pass,0,0.99999964,0.045846794,0,0.98858213
6089,Pass,0,0.99999416,0.17571625,0,0.94909424
6090,Pass,0,0.9999553,0.40360248,0,0.87977874
6091,Pass,0,0.93702084,0.98279506,0,0.65941226
6092,Pass,0,0.99988294,0.054293554,0,0.9858991
6093,Pass,0,0.93800974,0.42831337,0,0.81823105
6094,Pass,0,0.99999917,0.059993315,0,0.9842808
6095,Pass,0,0.9999988,0.08579446,0,0.9764365
6096,Pass,0,0.9999883,0.16256244,0,0.9530876
6097,Pass,0,0.99998164,0.08537337,0,0.9765477
6098,Pass,0,0.99998987,0.09476505,0,0.9737005
6099,Pass,0,0.9999721,0.06985373,0,0.9812566
6100,Pass,0,0.99998593,0.08640947,0,0.976237
6101,Pass,0,0.95443594,0.6273884,0,0.7747949
6102,Pass,0,0.999995,0.112300605,0,0.9683745
6103,Pass,0,0.99998724,0.16107187,0,0.9535398
6104,Pass,0,0.9999999,0.06532343,0,0.9826611
6105,Pass,0,0.9999604,0.15707418,0,0.9547295
6106,Pass,0,0.99999404,0.12217016,0,0.965373
6107,Pass,0,0.9999548,0.24532612,0,0.9278952
6108,Pass,0,0.9991818,0.054686844,0,0.98508835
6109,Pass,0,0.99998605,0.13736983,0,0.9607444
6110,Pass,0,0.99078524,0.1369676,0,0.95202583
6111,Pass,0,0.9999428,0.10965465,0,0.9691283
6112,Pass,0,0.982676,0.5270611,0,0.8276927
6113,Pass,0,0.9999931,0.096226335,0,0.97325945
6114,Pass,0,0.99999416,0.079503536,0,0.9783445
6115,Pass,0,0.9825251,0.2930605,0,0.8974629
6116,Pass,0,0.99993026,0.21076953,0,0.93837744
6117,Pass,0,0.9999918,0.19847135,0,0.942174
6118,Pass,0,0.99998677,0.08935803,0,0.9753413
6119,Pass,0,0.9999989,0.1146416,0,0.96766657
6120,Pass,0,0.99995637,0.074903026,0,0.9797061
6121,Pass,0,0.9999883,0.1642291,0,0.9525809
6122,Pass,0,1.0,0.03542334,0,0.99175143
6123,Pass,0,0.9999981,0.08517937,0,0.9766228
6124,Pass,0,0.9834035,0.6450282,0,0.79303646
6125,Pass,0,0.99997425,0.02264941,0,0.9956093
6126,Pass,0,0.99605536,0.48489264,0,0.8517313
6127,Pass,0,0.9999993,0.053132687,0,0.98636675
6128,Pass,0,1.0,0.05378776,0,0.98616827
6129,Pass,0,0.9999999,0.0614646,0,0.98383427
6130,Pass,0,1.0,0.035361636,0,0.99177015
6131,Pass,0,0.9999982,0.050539035,0,0.9871542
6132,Pass,0,0.999995,0.06466712,0,0.9828558
6133,Pass,0,0.9999492,0.051420704,0,0.9868378
6134,Pass,0,0.9999964,0.053502582,0,0.9862515
6135,Pass,0,0.9992949,0.06624729,0,0.98168766
6136,Pass,0,0.9999988,0.15835853,0,0.9543757
6137,Pass,0,0.9596073,0.41637948,0,0.84055233
6138,Pass,0,0.99999475,0.07989721,0,0.9782254
6139,Pass,0,0.9999645,0.18033473,0,0.947662
6140,Pass,0,0.9998958,0.10081301,0,0.97177047
6141,Pass,0,0.9999579,0.016485976,0,0.99746674
6142,Pass,0,0.99999213,0.10975156,0,0.9691466
6143,Pass,0,0.99999774,0.06387008,0,0.9831009
6144,Pass,0,0.9999974,0.06250703,0,0.9835149
6145,Pass,0,0.9999968,0.18886025,0,0.9451007
6146,Pass,0,0.9999895,0.0805986,0,0.978007
6147,Pass,0,0.99999666,0.14709765,0,0.9577971
6148,Pass,0,0.9999981,0.09533479,0,0.97353536
6149,Pass,0,0.9999778,0.14538194,0,0.9583007
6150,Pass,0,0.99919766,0.25446588,0,0.92441607
6151,Pass,0,0.9999912,0.18093115,0,0.947506
6152,Pass,0,0.99999964,0.102872625,0,0.9712452
6153,Pass,0,0.99890435,0.12779222,0,0.9626137
6154,Pass,0,0.9999093,0.18132435,0,0.94730884
6155,Pass,0,0.9999907,0.12937263,0,0.9631801
6156,Pass,0,0.99999833,0.054333273,0,0.9860008
6157,Pass,0,0.9179712,0.61130905,0,0.7496809
6158,Pass,0,0.99998605,0.049157947,0,0.98756206
6159,Pass,0,0.9997416,0.06673829,0,0.9819773
6160,Pass,0,0.9999242,0.22269033,0,0.9347479
6161,Pass,0,0.7512014,0.565533,0,0.62393904
6162,Pass,0,0.9998971,0.073334,0,0.980125
6163,Pass,0,0.99825424,0.11699677,0,0.9652635
6164,Pass,0,0.99999905,0.07350473,0,0.980173
6165,Pass,0,0.9999893,0.13844924,0,0.9604193
6166,Pass,0,0.60821897,0.9643194,0,0.43143997
6167,Pass,0,1.0,0.021394443,0,0.99601644
6168,Pass,0,0.946738,0.48172876,0,0.81047046
6169,Pass,0,0.9999032,0.11592113,0,0.96718496
6170,Pass,0,0.9999833,0.19184272,0,0.94418126
6171,Pass,0,0.9999989,0.107064284,0,0.9699702
6172,Pass,0,0.94059247,0.7992845,0,0.71440196
6173,Pass,0,0.9246967,0.83732677,0,0.6916341
6174,Pass,0,0.93613476,0.5905808,0,0.7704138
6175,Pass,0,0.9999993,0.06693731,0,0.98216987
6176,Pass,0,0.9999893,0.11568408,0,0.9673403
6177,Pass,0,0.9999844,0.18595304,0,0.9459728
6178,Pass,0,0.9838127,0.14248371,0,0.9436762
6179,Pass,0,0.99995244,0.18192083,0,0.9471684
6180,Pass,0,0.99999404,0.031750638,0,0.9928621
6181,Pass,0,0.99987423,0.27079475,0,0.9200784
6182,Pass,0,0.99992883,0.051921178,0,0.98666555
6183,Pass,0,0.9999925,0.09890566,0,0.9724443
6184,Pass,0,0.9999614,0.07389219,0,0.9800183
6185,Pass,0,0.9999989,0.0969143,0,0.97305596
6186,Pass,0,0.9999999,0.08071505,0,0.97798175
6187,Pass,0,0.9999993,0.05489779,0,0.9858301
6188,Pass,0,0.9999007,0.23786725,0,0.9301123
6189,Pass,0,0.99999833,0.11640387,0,0.96713024
6190,Pass,0,0.99999225,0.07245176,0,0.9804865
6191,Pass,0,0.99999905,0.08384985,0,0.9770279
6192,Pass,0,0.99992526,0.0168859,0,0.9973126
6193,Pass,0,0.9999862,0.14557621,0,0.9582497
6194,Pass,0,0.99999046,0.17860538,0,0.9482124
6195,Pass,0,0.99999464,0.1742391,0,0.9495438
6196,Pass,0,0.99999976,0.09850869,0,0.972572
6197,Pass,0,1.0,0.058496103,0,0.98473686
6198,Pass,0,0.9999958,0.0952257,0,0.97356635
6199,Pass,0,0.99999344,0.075567685,0,0.97954035
6200,Pass,0,0.9999968,0.065687135,0,0.9825475
6201,Pass,0,0.9999988,0.11873881,0,0.9664208
6202,Pass,0,0.99995637,0.03856458,0,0.99075323
6203,Pass,0,0.99999726,0.19013327,0,0.9447141
6204,Pass,0,0.999905,0.18764907,0,0.9453821
6205,Pass,0,0.99999857,0.14923115,0,0.95715034
6206,Pass,0,0.99999714,0.06577799,0,0.9825202
6207,Pass,0,1.0,0.02236953,0,0.99572
6208,Pass,0,0.9999888,0.08351202,0,0.9771206
6209,Pass,0,0.99999964,0.074998245,0,0.9797196
6210,Pass,0,0.9999243,0.16218181,0,0.9531423
6211,Pass,0,0.99998724,0.067003444,0,0.982138
6212,Pass,0,0.99999416,0.10953251,0,0.9692152
6213,Pass,0,0.99996424,0.1540682,0,0.95564705
6214,Pass,0,0.9999852,0.07329189,0,0.9802242
6215,Pass,0,0.9999598,0.16922168,0,0.95103604
6216,Pass,0,0.9999995,0.08077674,0,0.9779627
6217,Pass,0,0.9999629,0.17397277,0,0.94959456
6218,Pass,0,0.9999994,0.057005838,0,0.9851893
6219,Pass,0,0.9999969,0.08901519,0,0.97545546
6220,Pass,0,0.9999982,0.0739328,0,0.9800421
6221,Pass,0,0.9999913,0.09375713,0,0.9740084
6222,Pass,0,0.9999144,0.036212914,0,0.99142647
6223,Pass,0,0.99997616,0.09042917,0,0.9750054
6224,Pass,0,0.9999286,0.045217212,0,0.98870325
6225,Pass,0,0.9999931,0.1521372,0,0.95626163
6226,Pass,0,0.9999993,0.09168412,0,0.9746464
6227,Pass,0,0.9966101,0.7452098,0,0.7733327
6228,Pass,0,0.99992895,0.18206283,0,0.94710296
6229,Pass,0,0.9999994,0.0572994,0,0.9851001
6230,Pass,0,0.999969,0.12825584,0,0.9634988
6231,Pass,0,0.99983656,0.08524176,0,0.9764461
6232,Pass,0,0.9997335,0.102686614,0,0.9710433
6233,Pass,0,0.99987423,0.079931125,0,0.9780972
6234,Pass,0,0.99988663,0.19706611,0,0.94250214
6235,Pass,0,0.9999795,0.09892858,0,0.9724247
6236,Pass,0,0.9999995,0.07356626,0,0.9801548
6237,Pass,0,0.99999845,0.06746883,0,0.98200744
6238,Pass,0,0.9999968,0.20764455,0,0.93938994
6239,Pass,0,0.99982446,0.06862118,0,0.9814863
6240,Pass,0,0.99999654,0.1373698,0,0.96075445
6241,Pass,0,0.9999783,0.08750573,0,0.97589624
6242,Pass,0,0.9992366,0.16924363,0,0.9503415
6243,Pass,0,0.99979895,0.15592045,0,0.954926
6244,Pass,0,0.9999844,0.108807474,0,0.96942616
6245,Pass,0,0.99999905,0.09256646,0,0.9743779
6246,Pass,0,0.9999927,0.12108685,0,0.9657011
6247,Pass,0,0.99993336,0.07115945,0,0.9808216
6248,Pass,0,0.9999999,0.051560733,0,0.98684525
6249,Pass,0,0.9997186,0.10340974,0,0.97080904
6250,Pass,0,0.99957615,0.15768382,0,0.9541774
6251,Pass,0,0.9999658,0.13302414,0,0.962046
6252,Pass,0,0.9999999,0.062471863,0,0.983528
6253,Pass,0,0.99999535,0.17471041,0,0.94940114
6254,Pass,0,0.9999448,0.038298998,0,0.99082243
6255,Pass,0,0.999987,0.12612578,0,0.96416366
6256,Pass,0,0.99999607,0.1394164,0,0.9601318
6257,Pass,0,1.0,0.065846585,0,0.98250216
6258,Pass,0,1.0,0.054444317,0,0.9859687
6259,Pass,0,0.99999595,0.08845612,0,0.97562456
6260,Pass,0,0.9998982,0.15574636,0,0.9550738
6261,Pass,0,0.9999999,0.03424328,0,0.9921101
6262,Pass,0,0.9999944,0.116848364,0,0.96699125
6263,Pass,0,0.9996928,0.18124443,0,0.94712806
6264,Pass,0,0.9999738,0.14285842,0,0.959064
6265,Pass,0,0.99998844,0.05927753,0,0.9844879
6266,Pass,0,0.9999826,0.22557238,0,0.9339263
6267,Pass,0,0.9999486,0.08723121,0,0.9759507
6268,Pass,0,0.9999956,0.1177802,0,0.96670914
6269,Pass,0,0.99998105,0.06321441,0,0.98328376
6270,Pass,0,1.0,0.056711853,0,0.9852793
6271,Pass,0,0.9999826,0.12909627,0,0.96325636
6272,Pass,0,0.99996006,0.07563846,0,0.97948617
6273,Pass,0,0.9998386,0.18917802,0,0.9448546
6274,Pass,0,0.9999993,0.11479479,0,0.9676203
6275,Pass,0,0.9999995,0.055138756,0,0.9857571
6276,Pass,0,0.99997115,0.019431539,0,0.9965845
6277,Pass,0,0.99999654,0.11827271,0,0.96656036
6278,Pass,0,0.9999505,0.038935862,0,0.99063456
6279,Pass,0,0.99999654,0.10883551,0,0.96942943
6280,Pass,0,0.9999901,0.10024159,0,0.9720359
6281,Pass,0,0.9999994,0.13017482,0,0.9629446
6282,Pass,0,0.9999989,0.12093721,0,0.9657526
6283,Pass,0,0.99999654,0.07070975,0,0.9810203
6284,Pass,0,0.9999809,0.13881907,0,0.9602989
6285,Pass,0,0.9999981,0.13800307,0,0.9605634
6286,Pass,0,0.9999912,0.11711539,0,0.96690696
6287,Pass,0,0.9999802,0.26978567,0,0.9204827
6288,Pass,0,0.99999726,0.105065115,0,0.97057635
6289,Pass,0,0.9999813,0.13108161,0,0.96265155
6290,Pass,0,0.9991487,0.24676935,0,0.9267087
6291,Pass,0,0.999969,0.17655465,0,0.94881546
6292,Pass,0,0.99993277,0.1021673,0,0.97139466
6293,Pass,0,0.99999404,0.12281127,0,0.9651781
6294,Pass,0,0.99999917,0.080207154,0,0.97813547
6295,Pass,0,0.99999917,0.105933644,0,0.97031415
6296,Pass,0,0.99999976,0.07882359,0,0.9785567
6297,Pass,0,0.99998283,0.13625205,0,0.9610811
6298,Pass,0,0.99999774,0.047508463,0,0.9880751
6299,Pass,0,0.9999999,0.09286885,0,0.9742868
6300,Pass,0,0.9999968,0.1670205,0,0.9517404
6301,Pass,0,0.99999964,0.06313999,0,0.9833247
6302,Pass,0,0.99990094,0.07512164,0,0.97958535
6303,Pass,0,0.9999101,0.18578143,0,0.9459547
6304,Pass,0,0.9999416,0.18790431,0,0.9453392
6305,Pass,0,0.99996877,0.15460552,0,0.95548797
6306,Pass,0,0.9999057,0.17451403,0,0.94937575
6307,Pass,0,0.9999993,0.06605659,0,0.9824376
6308,Pass,0,0.9998093,0.06886784,0,0.9813965
6309,Pass,0,0.99996233,0.06562195,0,0.98253345
6310,Pass,0,0.9993843,0.15474476,0,0.9548872
6311,Pass,0,1.0,0.04689602,0,0.9882635
6312,Pass,0,0.99999785,0.09355682,0,0.9740757
6313,Pass,0,0.9999987,0.05502768,0,0.98579
6314,Pass,0,0.9999982,0.20211959,0,0.941071
6315,Pass,0,0.99999905,0.028920714,0,0.9937274
6316,Pass,0,0.99993646,0.1478533,0,0.95750976
6317,Pass,0,0.9999795,0.22553642,0,0.9339344
6318,Pass,0,0.9999975,0.062428024,0,0.98353904
6319,Pass,0,0.9999895,0.043259356,0,0.9893587
6320,Pass,0,0.9999168,0.068394236,0,0.981646
6321,Pass,0,0.9999999,0.06377805,0,0.98313093
6322,Pass,0,0.9999993,0.08952548,0,0.97530264
6323,Pass,0,0.9999218,0.13270614,0,0.9621004
6324,Pass,0,0.9999924,0.16932076,0,0.9510368
6325,Pass,0,1.0,0.02247627,0,0.99568754
6326,Pass,0,0.9999807,0.1900102,0,0.9447359
6327,Pass,0,0.9999894,0.240016,0,0.9295416
6328,Pass,0,0.99987197,0.09165789,0,0.9745303
6329,Pass,0,0.9999312,0.027423339,0,0.9941152
6330,Pass,0,0.9999999,0.080561444,0,0.9780285
6331,Pass,0,0.99998415,0.11766553,0,0.9667329
6332,Pass,0,0.9999951,0.15996888,0,0.95388263
6333,Pass,0,0.99999964,0.14708546,0,0.9578037
6334,Pass,0,0.9999999,0.043620456,0,0.98925924
6335,Pass,0,0.9999893,0.08120555,0,0.9778223
6336,Pass,0,0.9999541,0.17749551,0,0.9485153
6337,Pass,0,0.99999976,0.11285267,0,0.96821123
6338,Pass,0,0.999218,0.027350616,0,0.9934282
6339,Pass,0,0.99999475,0.079472385,0,0.9783546
6340,Pass,0,0.9999999,0.060563475,0,0.9841082
6341,Pass,0,0.99999964,0.15825729,0,0.9544073
6342,Pass,0,0.99998736,0.076169185,0,0.9793515
6343,Pass,0,0.9999734,0.20747468,0,0.9394196
6344,Pass,0,0.9943685,0.19494218,0,0.93794274
6345,Pass,0,0.9999999,0.18145692,0,0.9473544
6346,Pass,0,0.99999285,0.072970256,0,0.9803294
6347,Pass,0,0.94182783,0.585544,0,0.7765413
6348,Pass,0,0.9999454,0.2218119,0,0.93503475
6349,Pass,0,0.9999758,0.11805201,0,0.9666074
6350,Pass,0,0.9999999,0.05683816,0,0.9852408
6351,Pass,0,0.99859244,0.107408725,0,0.9685014
6352,Pass,0,0.9999913,0.1508687,0,0.95664555
6353,Pass,0,0.99999595,0.14629959,0,0.9580391
6354,Pass,0,1.0,0.048170835,0,0.98787594
6355,Pass,0,1.0,0.044626236,0,0.9889536
6356,Pass,0,0.99970585,0.07129363,0,0.9805577
6357,Pass,0,0.9999999,0.071120575,0,0.9808987
6358,Pass,0,0.99996746,0.22089002,0,0.93533564
6359,Pass,0,0.9886873,0.3941046,0,0.8727198
6360,Pass,0,0.9999862,0.12732057,0,0.9637996
6361,Pass,0,0.999998,0.106345735,0,0.9701877
6362,Pass,0,0.99999964,0.055754587,0,0.98556995
6363,Pass,0,0.9999912,0.111314565,0,0.96867055
6364,Pass,0,0.99999607,0.052650124,0,0.9865103
6365,Pass,0,0.99999595,0.096975096,0,0.9730346
6366,Pass,0,0.99998593,0.0787926,0,0.9785526
6367,Pass,0,0.9999968,0.13283151,0,0.9621344
6368,Pass,0,0.99999905,0.06698426,0,0.9821554
6369,Pass,0,0.99999154,0.089800864,0,0.97521144
6370,Pass,0,0.9988701,0.22281961,0,0.9337232
6371,Pass,0,0.99999285,0.07587121,0,0.9794475
6372,Pass,0,0.9997565,0.3099054,0,0.9080826
6373,Pass,0,0.9999862,0.13072942,0,0.9627633
6374,Pass,0,0.9999633,0.020639693,0,0.9962093
6375,Pass,0,0.99987316,0.08107939,0,0.9777471
6376,Pass,0,0.9998771,0.23226197,0,0.9317942
6377,Pass,0,0.99968195,0.22678357,0,0.93327737
6378,Pass,0,0.9999714,0.10320685,0,0.9711162
6379,Pass,0,0.9999957,0.07250596,0,0.9804734
6380,Pass,0,0.9974734,0.14201131,0,0.9569228
6381,Pass,0,0.999982,0.11693998,0,0.96695143
6382,Pass,0,0.99999964,0.03087762,0,0.99313307
6383,Pass,0,0.9998764,0.075901255,0,0.97932434
6384,Pass,0,0.9999994,0.14683522,0,0.95787954
6385,Pass,0,0.9999931,0.17068386,0,0.95062315
6386,Pass,0,0.9999958,0.22286738,0,0.93476105
6387,Pass,0,0.9999999,0.03061298,0,0.9932137
6388,Pass,0,0.9999987,0.0834322,0,0.97715455
6389,Pass,0,0.9998276,0.1196025,0,0.96599287
6390,Pass,0,0.99998415,0.19979826,0,0.9417634
6391,Pass,0,0.99925345,0.28376544,0,0.9155668
6392,Pass,0,0.9999635,0.42152023,0,0.8743389
6393,Pass,0,0.9969246,0.34738693,0,0.8941503
6394,Pass,0,0.999997,0.12569381,0,0.9643047
6395,Pass,0,0.99995303,0.1633693,0,0.9528087
6396,Pass,0,0.9999957,0.09831208,0,0.9726279
6397,Pass,0,0.9998839,0.028594516,0,0.9937121
6398,Pass,0,0.99986863,0.15417527,0,0.9555231
6399,Pass,0,0.99999917,0.107986115,0,0.96969014
6400,Pass,0,0.9386744,0.46553928,0,0.80818754
6401,Pass,0,0.99989617,0.14168742,0,0.9593456
6402,Pass,0,0.9999974,0.11081028,0,0.9688298
6403,Pass,0,0.99880195,0.3813361,0,0.88552535
6404,Pass,0,0.9999813,0.28063187,0,0.9171863
6405,Pass,0,0.9999845,0.21584179,0,0.9368863
6406,Pass,0,0.9999999,0.0356384,0,0.9916859
6407,Pass,0,0.99986386,0.047071807,0,0.98807555
6408,Pass,0,0.9958346,0.044205986,0,0.9849614
6409,Pass,0,0.9999653,0.18064298,0,0.9475691
6410,Pass,0,0.9994704,0.28062078,0,0.9167211
6411,Pass,0,0.99989414,0.21243612,0,0.93783695
6412,Pass,0,0.99999845,0.06357588,0,0.98319095
6413,Pass,0,0.99999976,0.055730272,0,0.9855775
6414,Pass,0,0.99999416,0.16177812,0,0.95333165
6415,Pass,0,0.9999999,0.041219685,0,0.9899891
6416,Pass,0,0.9987452,0.26231268,0,0.92161494
6417,Pass,0,0.9999733,0.13331023,0,0.9619663
6418,Pass,0,0.9998271,0.3893649,0,0.8839937
6419,Pass,0,0.9999298,0.053102735,0,0.98630726
6420,Pass,0,0.99880433,0.2272884,0,0.93230486
6421,Pass,0,0.9802658,0.39573354,0,0.8648007
6422,Pass,0,0.9999833,0.18247373,0,0.9470296
6423,Pass,0,0.9999999,0.03815726,0,0.9909201
6424,Pass,0,0.9992513,0.21295229,0,0.9370772
6425,Pass,0,0.9999969,0.18031898,0,0.9476975
6426,Pass,0,0.9406377,0.2694452,0,0.86595523
6427,Pass,0,0.99999976,0.075033665,0,0.9797089
6428,Pass,0,0.99552083,0.24422039,0,0.9241153
6429,Pass,0,0.9999999,0.10168062,0,0.97160786
6430,Pass,0,0.9998783,0.051487993,0,0.9867474
6431,Pass,0,0.99999845,0.1811959,0,0.94743234
6432,Pass,0,0.99995136,0.11475968,0,0.9675846
6433,Pass,0,0.9999753,0.062376197,0,0.98353297
6434,Pass,0,0.99995124,0.0945628,0,0.9737244
6435,Pass,0,0.9999964,0.06290031,0,0.9833944
6436,Pass,0,0.99998,0.061185256,0,0.9838996
6437,Pass,0,0.9999949,0.13181949,0,0.96244025
6438,Pass,0,0.99997914,0.02532342,0,0.9948012
6439,Pass,0,0.9999989,0.15980159,0,0.9539371
6440,Pass,0,0.9999993,0.07310783,0,0.9802939
6441,Pass,0,0.9999151,0.14273787,0,0.9590444
6442,Pass,0,0.99999726,0.03127111,0,0.99301106
6443,Pass,0,0.9999126,0.18931459,0,0.94488305
6444,Pass,0,0.99993026,0.09087187,0,0.97482604
6445,Pass,0,0.9999403,0.03261279,0,0.99254656
6446,Pass,0,0.9999758,0.24179432,0,0.92898834
6447,Pass,0,0.9999937,0.08516527,0,0.97662276
6448,Pass,0,0.9999337,0.11665718,0,0.96699077
6449,Pass,0,0.99999297,0.052740987,0,0.98647964
6450,Pass,0,0.99999833,0.10897066,0,0.96939003
6451,Pass,0,0.99998546,0.08459903,0,0.9767869
6452,Pass,0,0.9994931,0.16671409,0,0.95135415
6453,Pass,0,0.9989498,0.25488994,0,0.9240581
6454,Pass,0,0.9999968,0.052414633,0,0.9865826
6455,Pass,0,0.9998288,0.19372784,0,0.9434624
6456,Pass,0,0.9999471,0.015409946,0,0.99778306
6457,Pass,0,0.9999989,0.07543243,0,0.97958684
6458,Pass,0,0.9995766,0.18315679,0,0.9464369
6459,Pass,0,0.9999728,0.11440456,0,0.96771336
6460,Pass,0,0.99628663,0.43147087,0,0.86810994
6461,Pass,0,0.99999,0.10406971,0,0.9708719
6462,Pass,0,0.99999976,0.101167455,0,0.97176373
6463,Pass,0,0.99999785,0.04367102,0,0.98924184
6464,Pass,0,0.9999937,0.22673096,0,0.93358445
6465,Pass,0,0.99975854,0.16603,0,0.95181465
6466,Pass,0,0.9999999,0.12928884,0,0.96321446
6467,Pass,0,0.9999987,0.08803526,0,0.97575516
6468,Pass,0,0.9998876,0.04377121,0,0.9891023
6469,Pass,0,0.99999833,0.09732844,0,0.97292954
6470,Pass,0,0.9999019,0.23172002,0,0.93198216
6471,Pass,0,0.9974897,0.5524374,0,0.83247447
6472,Pass,0,0.9999567,0.01803313,0,0.9969952
6473,Pass,0,0.9999528,0.15649413,0,0.9548986
6474,Pass,0,0.9989686,0.15891464,0,0.9532236
6475,Pass,0,0.99999917,0.09008222,0,0.97513324
6476,Pass,0,0.9999999,0.04974507,0,0.98739725
6477,Pass,0,0.999997,0.0827648,0,0.97735584
6478,Pass,0,0.99999356,0.14679362,0,0.95788664
6479,Pass,0,0.999998,0.0645048,0,0.9829081
6480,Pass,0,0.9999454,0.19273672,0,0.94387364
6481,Pass,0,0.9997911,0.21360545,0,0.9373849
6482,Pass,0,0.99998784,0.021093981,0,0.9960957
6483,Pass,0,0.9999995,0.07167129,0,0.9807309
6484,Pass,0,0.99995446,0.02791697,0,0.9939883
6485,Pass,0,0.9999925,0.2506655,0,0.92630684
6486,Pass,0,0.99999607,0.09648994,0,0.9731822
6487,Pass,0,0.99997234,0.16268994,0,0.9530337
6488,Pass,0,0.9999224,0.118943915,0,0.96628463
6489,Pass,0,0.9999976,0.069207564,0,0.98147804
6490,Pass,0,0.99999726,0.07045367,0,0.9810989
6491,Pass,0,0.99999833,0.05831344,0,0.98479074
6492,Pass,0,0.9999821,0.09580749,0,0.9733761
6493,Pass,0,0.99999714,0.13925959,0,0.9601805
6494,Pass,0,0.9998324,0.15899397,0,0.9540237
6495,Pass,0,0.9991623,0.6244127,0,0.8120069
6496,Pass,0,0.9999697,0.079188325,0,0.97841644
6497,Pass,0,0.9999958,0.12012824,0,0.9659955
6498,Pass,0,0.9999888,0.061723426,0,0.9837447
6499,Pass,0,0.9999591,0.24672441,0,0.927474
6500,Pass,0,0.9999999,0.10596583,0,0.9703051
6501,Pass,0,0.99987876,0.19521709,0,0.9430568
6502,Pass,0,0.99995685,0.029647805,0,0.9934644
6503,Pass,0,0.99998605,0.04878705,0,0.98767483
6504,Pass,0,0.9999968,0.14326416,0,0.9589627
6505,Pass,0,0.5621438,0.56582135,0,0.46686074
6506,Pass,0,0.9999883,0.065850385,0,0.9824895
6507,Pass,0,0.9999379,0.11453516,0,0.96763986
6508,Pass,0,0.999987,0.07907155,0,0.97846884
6509,Pass,0,1.0,0.04614785,0,0.98849094
6510,Pass,0,0.9999988,0.079888545,0,0.97823197
6511,Pass,0,0.92912585,0.42757708,0,0.8106896
6512,Pass,0,0.99923635,0.23503062,0,0.9303561
6513,Pass,0,0.99999547,0.22108087,0,0.93530387
6514,Pass,0,0.99997675,0.17319486,0,0.94984424
6515,Pass,0,0.99976665,0.04337019,0,0.98910457
6516,Pass,0,0.9999969,0.08208088,0,0.9775636
6517,Pass,0,0.99158716,0.29206565,0,0.9060404
6518,Pass,0,0.99999976,0.1392635,0,0.96018183
6519,Pass,0,0.9999999,0.08980541,0,0.9752181
6520,Pass,0,0.99998164,0.079475954,0,0.9783407
6521,Pass,0,0.9999988,0.11738495,0,0.96683246
6522,Pass,0,0.9999987,0.108007744,0,0.9696832
6523,Pass,0,0.9997799,0.23674072,0,0.9303423
6524,Pass,0,0.99999297,0.068636805,0,0.981647
6525,Pass,0,0.99999964,0.081136405,0,0.9778534
6526,Pass,0,0.9994081,0.14831805,0,0.9568627
6527,Pass,0,0.99987817,0.05998858,0,0.9841632
6528,Pass,0,0.999739,0.19090755,0,0.9442348
6529,Pass,0,0.99988925,0.21224035,0,0.93789184
6530,Pass,0,0.999933,0.30569017,0,0.9095244
6531,Pass,0,0.9999969,0.17570211,0,0.94910115
6532,Pass,0,0.9967644,0.5504184,0,0.832481
6533,Pass,0,0.9997943,0.03962403,0,0.9902706
6534,Pass,0,0.9999685,0.1676214,0,0.9515308
6535,Pass,0,0.9999558,0.18063305,0,0.94756305
6536,Pass,0,0.9999975,0.16331963,0,0.9528662
6537,Pass,0,0.9999995,0.09705022,0,0.97301525
6538,Pass,0,0.99994576,0.26781523,0,0.92105
6539,Pass,0,0.9999794,0.099280275,0,0.9723177
6540,Pass,0,0.9990478,0.05540713,0,0.98473746
6541,Pass,0,0.99999845,0.086672716,0,0.97616917
6542,Pass,0,0.99816704,0.27700815,0,0.9166219
6543,Pass,0,0.9999349,0.34190127,0,0.89851797
6544,Pass,0,0.99995065,0.13594766,0,0.9611427
6545,Pass,0,0.99982554,0.094745055,0,0.9735466
6546,Pass,0,0.9946408,0.3353695,0,0.895736
6547,Pass,0,0.99988353,0.26226303,0,0.92268044
6548,Pass,0,0.9999995,0.11661489,0,0.9670672
6549,Pass,0,0.9999964,0.17833439,0,0.9483004
6550,Pass,0,0.99999917,0.056471713,0,0.9853515
6551,Pass,0,0.9999976,0.102520436,0,0.9713503
6552,Pass,0,0.99892247,0.29536623,0,0.9117405
6553,Pass,0,0.9985385,0.2930666,0,0.9120881
6554,Pass,0,0.9904255,0.75490177,0,0.76561534
6555,Pass,0,0.763375,0.8580065,0,0.56617296
6556,Pass,0,0.9992581,0.1650239,0,0.9516439
6557,Pass,0,0.98954904,0.30519083,0,0.9002295
6558,Pass,0,0.9960711,0.3541996,0,0.8913218
6559,Pass,0,0.71782035,0.90633065,0,0.5218406
6560,Pass,0,0.49962625,0.7422585,0,0.3881398
6561,Pass,0,0.9772157,0.20964862,0,0.91739416
6562,Pass,0,0.9999672,0.2144642,0,0.9372889
6563,Pass,0,0.9997422,0.18787135,0,0.9451607
6564,Pass,0,0.9945791,0.4053445,0,0.8745219
6565,Pass,0,0.99971944,0.23865102,0,0.92970556
6566,Pass,0,0.9999902,0.16196059,0,0.95327246
6567,Pass,0,0.9994617,0.20412458,0,0.9399569
6568,Pass,0,0.9554345,0.49034324,0,0.815413
6569,Pass,0,0.76043624,0.8344,0,0.56945086
6570,Pass,0,0.9995265,0.27385896,0,0.91882724
6571,Pass,0,0.5418726,1.5076228,0,0.29487374
6572,Pass,0,0.3660456,0.6571831,0,0.29383388
6573,Pass,0,0.9999238,0.2010381,0,0.9413297
6574,Pass,0,0.89592034,0.7095985,0,0.70490086
6575,Pass,0,0.9937738,0.2991412,0,0.90590066
6576,Pass,0,0.6868778,2.4255214,0,0.18210305
6577,Pass,0,0.99218845,0.2643982,0,0.91493547
6578,Pass,0,0.94045514,0.5291542,0,0.7915322
6579,Pass,0,0.99994516,0.1947173,0,0.94327134
6580,Pass,0,0.99992037,0.26411256,0,0.9221522
6581,Pass,0,0.9999442,0.25694317,0,0.9243537
6582,Pass,0,0.99998665,0.06151307,0,0.98380655
6583,Pass,0,0.99998057,0.20262508,0,0.9409007
6584,Pass,0,0.996594,0.5185965,0,0.8419802
6585,Pass,0,0.9999995,0.063657954,0,0.9831671
6586,Pass,0,0.99998045,0.090997815,0,0.97483665
6587,Pass,0,0.9999783,0.1423454,0,0.95922434
6588,Pass,0,0.999946,0.120047785,0,0.9659719
6589,Pass,0,0.9993611,0.14603572,0,0.95751107
6590,Pass,0,0.99992406,0.38456103,0,0.8855398
6591,Pass,0,0.9999999,0.09569238,0,0.97342837
6592,Pass,0,0.9677147,0.35434628,0,0.8659043
6593,Pass,0,0.9996495,0.14633435,0,0.9576967
6594,Pass,0,0.9999795,0.27789137,0,0.9180178
6595,Pass,0,0.99999976,0.17637321,0,0.9488998
6596,Pass,0,0.99982685,0.28019944,0,0.91717607
6597,Pass,0,0.76082784,2.0712996,0,0.28364205
6598,Pass,0,0.96875954,0.60793597,0,0.7921517
6599,Pass,0,0.9925057,0.5703463,0,0.8229112
6600,Pass,0,0.9999963,0.28008127,0,0.91736746
6601,Pass,0,0.999635,0.05512204,0,0.9854028
6602,Pass,0,0.9968566,0.27554637,0,0.91586155
6603,Pass,0,0.9741483,0.55932,0,0.8109561
6604,Pass,0,0.9997725,0.04277144,0,0.9892923
6605,Pass,0,0.9956886,0.3859897,0,0.8813564
6606,Pass,0,0.9999124,0.12290347,0,0.96507126
6607,Pass,0,0.9998704,0.1209165,0,0.96563476
6608,Pass,0,0.56220716,0.7378642,0,0.43750754
6609,Pass,0,0.9973289,0.39373565,0,0.88045967
6610,Pass,0,0.9540814,0.31461897,0,0.8652285
6611,Pass,0,0.99990225,0.17778337,0,0.9483786
6612,Pass,0,0.99914134,0.24011302,0,0.92872375
6613,Pass,0,0.9999063,0.3063652,0,0.90929484
6614,Pass,0,0.99797815,0.5819986,0,0.82391316
6615,Pass,0,0.99995065,0.25591716,0,0.92467153
6616,Pass,0,0.99999714,0.1250033,0,0.96451473
6617,Pass,0,0.99979466,0.3442454,0,0.8976794
6618,Pass,0,0.9826654,0.21033347,0,0.9223057
6619,Pass,0,0.9996437,0.14292958,0,0.9587258
6620,Pass,0,0.9999974,0.244722,0,0.9281183
6621,Pass,0,0.99593157,0.15103866,0,0.95271033
6622,Pass,0,0.99936396,0.17440663,0,0.948894
6623,Pass,0,0.9881462,0.21308096,0,0.9266244
6624,Pass,0,0.9876391,0.46059096,0,0.8518314
6625,Pass,0,0.8430002,1.0699934,0,0.57089895
6626,Pass,0,0.9999927,0.10858592,0,0.9695016
6627,Pass,0,0.9880752,0.3264728,0,0.8924957
6628,Pass,0,0.97629637,0.36691085,0,0.86985373
6629,Pass,0,0.99996614,0.30616054,0,0.9094115
6630,Pass,0,0.99999964,0.11431748,0,0.96776575
6631,Pass,0,0.99935013,0.41709167,0,0.87514806
6632,Pass,0,0.6947863,0.84115785,0,0.51886165
6633,Pass,0,0.99999595,0.027581269,0,0.9941315
6634,Pass,0,0.99992085,0.013026508,0,0.99848145
6635,Pass,0,0.9997955,0.25872663,0,0.9236741
6636,Pass,0,0.9958657,0.38965726,0,0.88040274
6637,Pass,0,0.99935216,0.14958954,0,0.95642275
6638,Pass,0,0.99999547,0.14752746,0,0.9576653
6639,Pass,0,0.9999932,0.05571342,0,0.98557615
6640,Pass,0,0.9999963,0.15482523,0,0.9554475
6641,Pass,0,0.9953166,0.57865095,0,0.8227288
6642,Pass,0,0.9961565,0.3017366,0,0.90728664
6643,Pass,0,0.9976109,0.114843585,0,0.9652945
6644,Pass,0,0.9997689,0.042407677,0,0.9893994
6645,Pass,0,0.99826944,0.30154157,0,0.9092702
6646,Pass,0,0.999972,0.10200451,0,0.9714823
6647,Pass,0,0.9999945,0.05560328,0,0.9856109
6648,Pass,0,0.9999696,0.24243574,0,0.9287875
6649,Pass,0,0.9999988,0.09857982,0,0.97254956
6650,Pass,0,0.99140245,0.30653185,0,0.90151143
6651,Pass,0,0.33375716,1.1324276,0,0.2196929
6652,Pass,0,0.9999647,0.024972364,0,0.9948936
6653,Pass,0,0.99999094,0.22451828,0,0.9342546
6654,Pass,0,0.9999993,0.2140025,0,0.93745935
6655,Pass,0,0.9992181,0.20112358,0,0.94063944
6656,Pass,0,0.9998012,0.06173678,0,0.9835561
6657,Pass,0,0.99999917,0.15596145,0,0.9551048
6658,Pass,0,0.99785906,0.17601414,0,0.94697744
6659,Pass,0,0.99999285,0.1199601,0,0.9660438
6660,Pass,0,0.99997866,0.089059606,0,0.9754242
6661,Pass,0,0.9996575,0.02651425,0,0.99411935
6662,Pass,0,0.70423156,0.8086251,0,0.53288054
6663,Pass,0,0.9999958,0.088820025,0,0.97551376
6664,Pass,0,0.99979967,0.14777136,0,0.9574037
6665,Pass,0,0.99999976,0.08478174,0,0.9767453
6666,Pass,0,0.9999298,0.26545355,0,0.9217532
6667,Pass,0,0.99991083,0.12519152,0,0.9643742
6668,Pass,0,0.9984664,0.2578024,0,0.92272675
6669,Pass,0,0.99366957,0.31542763,0,0.9008856
6670,Pass,0,0.99994016,0.04193708,0,0.9897119
6671,Pass,0,0.999688,0.11946468,0,0.9658999
6672,Pass,0,0.9995894,0.12968627,0,0.9626983
6673,Pass,0,0.9998753,0.036784794,0,0.9912139
6674,Pass,0,0.99996495,0.14680238,0,0.95785654
6675,Pass,0,0.99999106,0.1585743,0,0.9543027
6676,Pass,0,0.9999974,0.0775961,0,0.97892755
6677,Pass,0,0.9996258,0.43098292,0,0.87116784
6678,Pass,0,0.99991536,0.039033066,0,0.9905701
6679,Pass,0,0.9999957,0.12377266,0,0.96488744
6680,Pass,0,0.99996316,0.04974424,0,0.98736125
6681,Pass,0,0.99902475,0.19739291,0,0.9415905
6682,Pass,0,0.99997115,0.07533698,0,0.9795887
6683,Pass,0,0.99996126,0.03782971,0,0.99098146
6684,Pass,0,0.99989057,0.31155434,0,0.9077031
6685,Pass,0,0.9999963,0.08233787,0,0.9774849
6686,Pass,0,0.9999578,0.12931854,0,0.96316487
6687,Pass,0,0.99998426,0.06790143,0,0.981862
6688,Pass,0,0.9998547,0.037843067,0,0.9908718
6689,Pass,0,0.99954623,0.1394542,0,0.9596884
6690,Pass,0,0.99999917,0.10162654,0,0.9716236
6691,Pass,0,0.999567,0.27762353,0,0.9177205
6692,Pass,0,0.9644101,0.49456376,0,0.8218358
6693,Pass,0,0.9998555,0.12469883,0,0.9644706
6694,Pass,0,0.99981016,0.04476859,0,0.98872256
6695,Pass,0,0.99916005,0.19230393,0,0.9432638
6696,Pass,0,0.9999988,0.048967928,0,0.9876324
6697,Pass,0,0.9999869,0.0983447,0,0.9726094
6698,Pass,0,0.99999607,0.17448917,0,0.9494691
6699,Pass,0,0.99983954,0.24344632,0,0.92835957
6700,Pass,0,0.9959751,0.24974388,0,0.92286456
6701,Pass,0,0.99998975,0.2043819,0,0.9403752
6702,Pass,0,0.9998752,0.035306796,0,0.99166304
6703,Pass,0,0.9999893,0.16675274,0,0.95181465
6704,Pass,0,0.999969,0.087699495,0,0.9758283
6705,Pass,0,0.9999982,0.19159953,0,0.9442693
6706,Pass,0,0.94436127,0.55710864,0,0.786794
6707,Pass,0,0.9999995,0.05266946,0,0.9865078
6708,Pass,0,0.9991405,0.33812696,0,0.8989506
6709,Pass,0,0.9998222,0.26802328,0,0.920873
6710,Pass,0,0.9982773,0.1709303,0,0.94891727
6711,Pass,0,0.9999852,0.23004308,0,0.9325696
6712,Pass,0,0.9996331,0.056854405,0,0.9848745
6713,Pass,0,0.99996734,0.20447743,0,0.94032514
6714,Pass,0,0.99999833,0.06035086,0,0.98417133
6715,Pass,0,0.9999931,0.14475891,0,0.95850474
6716,Pass,0,0.99995935,0.10876035,0,0.9694162
6717,Pass,0,0.9999995,0.03874422,0,0.9907413
6718,Pass,0,0.99817324,0.18532178,0,0.94445103
6719,Pass,0,0.9999958,0.088810176,0,0.9755168
6720,Pass,0,0.9996439,0.024439462,0,0.9947364
6721,Pass,0,0.9997435,0.35605767,0,0.89404327
6722,Pass,0,0.999571,0.23944141,0,0.9293273
6723,Pass,0,0.9859191,0.3648943,0,0.8790318
6724,Pass,0,0.9998801,0.20349525,0,0.9405416
6725,Pass,0,0.9972445,0.27231067,0,0.91719896
6726,Pass,0,0.999912,0.016313475,0,0.9974734
6727,Pass,0,0.99999964,0.031901233,0,0.9928219
6728,Pass,0,0.99996436,0.2820316,0,0.91674525
6729,Pass,0,0.99999166,0.023759073,0,0.99528927
6730,Pass,0,0.9999027,0.21278393,0,0.93773925
6731,Pass,0,0.9998815,0.15687057,0,0.9547161
6732,Pass,0,0.99995077,0.19007124,0,0.9446891
6733,Pass,0,0.9999094,0.044262398,0,0.9889746
6734,Pass,0,0.99998057,0.18948072,0,0.94489676
6735,Pass,0,0.9887018,0.2568399,0,0.9139922
6736,Pass,0,0.99999666,0.1166011,0,0.9670687
6737,Pass,0,0.98876196,0.22098087,0,0.9248271
6738,Pass,0,0.99984825,0.16680597,0,0.9516642
6739,Pass,0,0.9993137,0.21080948,0,0.93778676
6740,Pass,0,0.9678252,0.71093947,0,0.76108027
6741,Pass,0,0.9998723,0.2959768,0,0.91242176
6742,Pass,0,0.99998367,0.14496607,0,0.95843273
6743,Pass,0,0.9990588,0.2124201,0,0.9370583
6744,Pass,0,0.9527408,0.2230922,0,0.8905236
6745,Pass,0,0.99930775,0.21309547,0,0.93708664
6746,Pass,0,0.9998159,0.2298054,0,0.9324839
6747,Pass,0,0.9895353,0.2686383,0,0.9112133
6748,Pass,0,0.9996805,0.025377298,0,0.99448776
6749,Pass,0,0.99994314,0.3653229,0,0.89140517
6750,Pass,0,0.99995327,0.12732482,0,0.9637666
6751,Pass,0,0.9999877,0.027269237,0,0.9942182
6752,Pass,0,0.9999982,0.08490187,0,0.9767073
6753,Pass,0,0.99975306,0.0807014,0,0.9777445
6754,Pass,0,0.9999881,0.20999953,0,0.9386658
6755,Pass,0,0.98485065,0.6493061,0,0.7929226
6756,Pass,0,0.9994018,0.37554148,0,0.8878178
6757,Pass,0,0.9999212,0.026611118,0,0.9943521
6758,Pass,0,0.99986005,0.11394799,0,0.967743
6759,Pass,0,0.9942437,0.24529094,0,0.92260617
6760,Pass,0,0.99996316,0.059198055,0,0.98448724
6761,Pass,0,0.999466,0.23383924,0,0.93093187
6762,Pass,0,0.99977714,0.17074414,0,0.9503995
6763,Pass,0,0.9999583,0.092997566,0,0.97420716
6764,Pass,0,0.9996406,0.17886743,0,0.947801
6765,Pass,0,0.9951728,0.40332806,0,0.87565404
6766,Pass,0,0.9999863,0.17058995,0,0.9506452
6767,Pass,0,0.9999703,0.12522326,0,0.964422
6768,Pass,0,0.999323,0.35445023,0,0.89415556
6769,Pass,0,0.9891446,0.1846917,0,0.93609786
6770,Pass,0,0.9999995,0.039765287,0,0.9904309
6771,Pass,0,0.9998759,0.13029006,0,0.96279067
6772,Pass,0,0.999292,0.13488634,0,0.96083206
6773,Pass,0,0.9999378,0.1510091,0,0.9565517
6774,Pass,0,0.99998224,0.17592476,0,0.9490195
6775,Pass,0,0.9999242,0.12227171,0,0.9652747
6776,Pass,0,0.99997044,0.12094642,0,0.96572226
6777,Pass,0,0.9999927,0.12192421,0,0.96544653
6778,Pass,0,0.99872655,0.105509736,0,0.969208
6779,Pass,0,0.9999857,0.069962196,0,0.9812369
6780,Pass,0,0.98640335,0.29217064,0,0.90127224
6781,Pass,0,0.999925,0.15526944,0,0.9552443
6782,Pass,0,0.9998274,0.20660375,0,0.9395472
6783,Pass,0,0.9535515,2.8929977,0,0.11728265
6784,Pass,0,0.9876096,0.3365924,0,0.8890367
6785,Pass,0,0.9999285,0.21583354,0,0.93683636
6786,Pass,0,0.99998033,0.058729798,0,0.98464644
6787,Pass,0,0.9991731,0.1327493,0,0.9613669
6788,Pass,0,0.99993086,0.12815416,0,0.9634929
6789,Pass,0,0.9999844,0.010246112,0,0.9993901
6790,Pass,0,0.99998915,0.13612145,0,0.96112686
6791,Pass,0,0.9986332,0.33725166,0,0.89875984
6792,Pass,0,0.99998343,0.070070155,0,0.9812019
6793,Pass,0,0.9979911,0.18064755,0,0.9456969
6794,Pass,0,0.9999304,0.157976,0,0.95442665
6795,Pass,0,0.99996245,0.15951249,0,0.95399016
6796,Pass,0,0.99833727,0.40020078,0,0.8793877
6797,Pass,0,0.9999423,0.39635646,0,0.8819701
6798,Pass,0,0.99999404,0.060548615,0,0.984107
6799,Pass,0,0.9999609,0.046821903,0,0.9882474
6800,Pass,0,0.9999771,0.109844714,0,0.96910375
6801,Pass,0,0.9999602,0.117080666,0,0.9668876
6802,Pass,0,0.99995613,0.09220626,0,0.97444564
6803,Pass,0,0.9999999,0.10364185,0,0.9710116
6804,Pass,0,1.0,0.034839466,0,0.99192894
6805,Pass,0,0.9999728,0.105147585,0,0.9705275
6806,Pass,0,0.9979888,0.47453308,0,0.8565278
6807,Pass,0,0.9994161,0.44073978,0,0.86802053
6808,Pass,0,0.9999664,0.06332269,0,0.98323643
6809,Pass,0,0.99943346,0.050672453,0,0.9865561
6810,Pass,0,0.9999943,0.109183386,0,0.9693214
6811,Pass,0,0.999987,0.11678327,0,0.9670039
6812,Pass,0,0.9999945,0.07768253,0,0.97889847
6813,Pass,0,0.99997354,0.17000027,0,0.9508124
6814,Pass,0,0.9999999,0.088477485,0,0.9756219
6815,Pass,0,0.9999981,0.034568403,0,0.9920094
6816,Pass,0,0.9999969,0.16396515,0,0.9526693
6817,Pass,0,0.98357093,0.52751917,0,0.8283094
6818,Pass,0,0.9995078,0.19042957,0,0.94416165
6819,Pass,0,0.999956,0.027333707,0,0.9941671
6820,Pass,0,0.9999411,0.15207814,0,0.95622987
6821,Pass,0,0.9999964,0.0887731,0,0.9755286
6822,Pass,0,0.999995,0.122883044,0,0.9651572
6823,Pass,0,0.9999956,0.15448833,0,0.95554924
6824,Pass,0,1.0,0.05506606,0,0.98577964
6825,Pass,0,0.99999607,0.06783737,0,0.98189306
6826,Pass,0,0.99992,0.2672937,0,0.92118484
6827,Pass,0,0.9949092,0.57055074,0,0.82484215
6828,Pass,0,0.9999926,0.15463448,0,0.955502
6829,Pass,0,0.9998816,0.06809673,0,0.98170185
6830,Pass,0,0.9999908,0.12211402,0,0.965387
6831,Pass,0,0.9999994,0.061009448,0,0.9839722
6832,Pass,0,1.0,0.11401026,0,0.9678595
6833,Pass,0,0.9999938,0.0782102,0,0.97873735
6834,Pass,0,0.99999416,0.2091529,0,0.9389289
6835,Pass,0,0.9999654,0.17335951,0,0.9497834
6836,Pass,0,0.9999974,0.06000638,0,0.98427516
6837,Pass,0,0.99998605,0.11006718,0,0.96904474
6838,Pass,0,0.9999881,0.13978696,0,0.9600115
6839,Pass,0,0.9999913,0.20121454,0,0.9413397
6840,Pass,0,0.9999746,0.19031991,0,0.944636
6841,Pass,0,0.99961674,0.31742263,0,0.9056711
6842,Pass,0,0.99999976,0.038564082,0,0.9907963
6843,Pass,0,0.9998147,0.082819894,0,0.9771609
6844,Pass,0,0.99999726,0.053059574,0,0.986387
6845,Pass,0,0.9999213,0.047556404,0,0.987985
6846,Pass,0,0.99999976,0.05860434,0,0.9847037
6847,Pass,0,0.9901933,0.96254367,0,0.70292795
6848,Pass,0,0.99990964,0.039904512,0,0.9902996
6849,Pass,0,0.99999166,0.10379786,0,0.9709562
6850,Pass,0,0.9999962,0.22680733,0,0.93356353
6851,Pass,0,0.9996061,0.54882693,0,0.83533794
6852,Pass,0,0.9993073,0.06874541,0,0.98094094
6853,Pass,0,0.99998,0.10198568,0,0.9714958
6854,Pass,0,0.99997306,0.12861572,0,0.9633933
6855,Pass,0,0.9999838,0.07974323,0,0.9782615
6856,Pass,0,0.9999776,0.0888031,0,0.9755011
6857,Pass,0,0.9999982,0.06851363,0,0.98168963
6858,Pass,0,0.9999523,0.12324171,0,0.965007
6859,Pass,0,0.99999976,0.052504215,0,0.98655826
6860,Pass,0,1.0,0.136228,0,0.9611049
6861,Pass,0,0.99999964,0.05922648,0,0.9845145
6862,Pass,0,0.9999949,0.067056626,0,0.9821293
6863,Pass,0,0.9999956,0.05759563,0,0.9850063
6864,Pass,0,0.99964786,0.38677248,0,0.8846231
6865,Pass,0,0.99999714,0.10005506,0,0.97209936
6866,Pass,0,0.99999535,0.0795764,0,0.9783235
6867,Pass,0,0.999966,0.13942342,0,0.9601008
6868,Pass,0,0.9999707,0.010745191,0,0.9992247
6869,Pass,0,0.9999622,0.012985445,0,0.9985352
6870,Pass,0,0.99775714,0.22818469,0,0.9310555
6871,Pass,0,0.9999912,0.06479807,0,0.9828123
6872,Pass,0,0.99855024,0.20024587,0,0.9402771
6873,Pass,0,0.9999943,0.08580913,0,0.9764276
6874,Pass,0,0.999998,0.054864313,0,0.98583895
6875,Pass,0,0.9999988,0.04338303,0,0.98933035
6876,Pass,0,0.99999666,0.083549485,0,0.9771169
6877,Pass,0,0.99990916,0.1367605,0,0.9608558
6878,Pass,0,0.9999641,0.23394878,0,0.93136257
6879,Pass,0,1.0,0.080342315,0,0.97809523
6880,Pass,0,1.0,0.054656737,0,0.9859041
6881,Pass,0,1.0,0.023745079,0,0.99530184
6882,Pass,0,0.99999547,0.057369478,0,0.98507494
6883,Pass,0,0.73611444,1.342382,0,0.43755502
6884,Pass,0,1.0,0.051040705,0,0.98700345
6885,Pass,0,0.9999763,0.12955534,0,0.9631107
6886,Pass,0,0.9995167,0.31437102,0,0.9065078
6887,Pass,0,0.9998036,0.21725026,0,0.9362887
6888,Pass,0,0.99988043,0.18118493,0,0.94732386
6889,Pass,0,0.9999838,0.1392329,0,0.9601758
6890,Pass,0,0.99999905,0.10697146,0,0.9699985
6891,Pass,0,0.9998579,0.019763384,0,0.99637073
6892,Pass,0,0.9999808,0.041452795,0,0.98989934
6893,Pass,0,0.9999943,0.13427836,0,0.96169215
6894,Pass,0,0.98585063,0.27760538,0,0.9051327
6895,Pass,0,0.9993998,0.15416731,0,0.95507747
6896,Pass,0,0.9999999,0.052443575,0,0.98657686
6897,Pass,0,0.9999963,0.17812607,0,0.9483636
6898,Pass,0,0.99995804,0.25068486,0,0.92626905
6899,Pass,0,0.9999665,0.22690469,0,0.93350625
6900,Pass,0,0.9999958,0.08886306,0,0.9755007
6901,Pass,0,0.9996836,0.025867043,0,0.99434197
6902,Pass,0,0.9998573,0.031859044,0,0.99269336
6903,Pass,0,0.9999604,0.19295895,0,0.9438203
6904,Pass,0,0.9999428,0.21614149,0,0.93675613
6905,Pass,0,0.99609524,0.32051092,0,0.90154535
6906,Pass,0,0.90583783,0.38663885,0,0.80164415
6907,Pass,0,0.9999964,0.09186309,0,0.9745892
6908,Pass,0,0.9999999,0.05908617,0,0.98455733
6909,Pass,0,0.99998546,0.22763808,0,0.933301
6910,Pass,0,0.9996358,0.22042874,0,0.93516564
6911,Pass,0,0.9998487,0.14723635,0,0.9576133
6912,Pass,0,0.99985397,0.19852298,0,0.9420285
6913,Pass,0,0.99970204,0.06583457,0,0.9822131
6914,Pass,0,0.99914503,0.27971652,0,0.9166973
6915,Pass,0,0.9999893,0.08491948,0,0.97669315
6916,Pass,0,0.99999106,0.1795631,0,0.94792175
6917,Pass,0,0.99987733,0.024298156,0,0.9950116
6918,Pass,0,0.9999877,0.07214349,0,0.98057574
6919,Pass,0,0.9994604,0.18468261,0,0.9458631
6920,Pass,0,0.999961,0.19083685,0,0.944466
6921,Pass,0,0.99998426,0.14351662,0,0.958874
6922,Pass,0,0.999966,0.046745677,0,0.98827565
6923,Pass,0,0.99982315,0.17761584,0,0.94835454
6924,Pass,0,0.99998283,0.1174261,0,0.9668045
6925,Pass,0,0.9995604,0.13695057,0,0.9604628
6926,Pass,0,0.9990103,0.28453517,0,0.91511023
6927,Pass,0,0.9999889,0.053365957,0,0.9862856
6928,Pass,0,0.99993694,0.035489026,0,0.99166894
6929,Pass,0,0.9999505,0.18157732,0,0.94727105
6930,Pass,0,0.9999902,0.10705779,0,0.9699637
6931,Pass,0,0.99997866,0.089377664,0,0.9753275
6932,Pass,0,0.99999976,0.08228193,0,0.9775053
6933,Pass,0,0.9999999,0.041731928,0,0.98983335
6934,Pass,0,0.99999404,0.1739356,0,0.94963545
6935,Pass,0,0.99999976,0.112816215,0,0.9682223
6936,Pass,0,0.9999598,0.117870554,0,0.9666471
6937,Pass,0,0.99996734,0.11105354,0,0.96872675
6938,Pass,0,0.99995863,0.028959032,0,0.9936756
6939,Pass,0,0.9999391,0.14750043,0,0.95761955
6940,Pass,0,0.99972945,0.18298663,0,0.9466333
6941,Pass,0,0.9999995,0.08841825,0,0.9756395
6942,Pass,0,0.9999422,0.13574326,0,0.9611967
6943,Pass,0,0.9999571,0.09242146,0,0.9743811
6944,Pass,0,0.9997019,0.16633752,0,0.9516673
6945,Pass,0,0.99386406,0.8316997,0,0.74506867
6946,Pass,0,0.99996555,0.08763005,0,0.975846
6947,Pass,0,0.9999995,0.103189856,0,0.97114867
6948,Pass,0,0.99994576,0.021140076,0,0.9960398
6949,Pass,0,0.9999974,0.0556712,0,0.98559314
6950,Pass,0,0.9999908,0.10268622,0,0.97129333
6951,Pass,0,0.99999595,0.06381922,0,0.98311454
6952,Pass,0,0.9999918,0.11625933,0,0.96716785
6953,Pass,0,0.99999857,0.06570561,0,0.9825436
6954,Pass,0,0.9948383,0.3311486,0,0.8971904
6955,Pass,0,0.99999964,0.08577076,0,0.9764445
6956,Pass,0,0.99989915,0.10923803,0,0.96921265
6957,Pass,0,0.9999267,0.17182718,0,0.9502124
6958,Pass,0,0.99998415,0.23482838,0,0.9311138
6959,Pass,0,0.99988115,0.09357222,0,0.9739573
6960,Pass,0,0.9999987,0.13706815,0,0.9608483
6961,Pass,0,0.9999571,0.053499065,0,0.98621374
6962,Pass,0,0.9967764,0.2350269,0,0.92806685
6963,Pass,0,0.9999964,0.14023711,0,0.9598826
6964,Pass,0,0.99993944,0.1663775,0,0.9518813
6965,Pass,0,0.99999976,0.084060654,0,0.97696453
6966,Pass,0,0.99999905,0.051878944,0,0.9867477
6967,Pass,0,0.99956805,0.15470567,0,0.95507467
6968,Pass,0,0.9999294,0.24680938,0,0.9274207
6969,Pass,0,0.9999639,0.015683962,0,0.9977165
6970,Pass,0,0.9998128,0.17557608,0,0.9489647
6971,Pass,0,0.9977635,0.16346371,0,0.9506938
6972,Pass,0,0.99999964,0.17362525,0,0.9497351
6973,Pass,0,0.99999654,0.07492211,0,0.97973967
6974,Pass,0,0.99999785,0.07758661,0,0.9789309
6975,Pass,0,0.999869,0.1981038,0,0.9421701
6976,Pass,0,0.99996114,0.016105514,0,0.99758565
6977,Pass,0,0.99998367,0.19342534,0,0.94370043
6978,Pass,0,0.9999473,0.103952356,0,0.9708662
6979,Pass,0,0.9998598,0.08803577,0,0.9756195
6980,Pass,0,0.9998697,0.107438244,0,0.9697312
6981,Pass,0,0.9912306,0.527986,0,0.83461934
6982,Pass,0,0.99999726,0.09506629,0,0.9736162
6983,Pass,0,0.9998275,0.14424607,0,0.95850194
6984,Pass,0,0.9999552,0.19758435,0,0.9424092
6985,Pass,0,0.9999974,0.09377652,0,0.9740084
6986,Pass,0,0.9999467,0.3147938,0,0.9067693
6987,Pass,0,0.99999976,0.048579,0,0.9877516
6988,Pass,0,0.9998441,0.20735149,0,0.9393356
6989,Pass,0,0.9999856,0.10087393,0,0.9718392
6990,Pass,0,0.9998934,0.20964774,0,0.93868387
6991,Pass,0,0.99999774,0.0712129,0,0.9808685
6992,Pass,0,0.9999659,0.14787896,0,0.95753014
6993,Pass,0,0.9999975,0.10233289,0,0.97140723
6994,Pass,0,0.9999933,0.10943239,0,0.9692448
6995,Pass,0,0.999998,0.06777887,0,0.9819128
6996,Pass,0,0.99980766,0.10130131,0,0.9715364
6997,Pass,0,0.9994199,0.13536242,0,0.9608104
6998,Pass,0,0.99935895,0.13021216,0,0.9623166
6999,Pass,0,0.9999496,0.09106499,0,0.97478616
7000,Pass,0,0.9998154,0.053726465,0,0.9860049
7001,Pass,0,0.99966264,0.22422977,0,0.93403554
7002,Pass,0,0.99974626,0.1938072,0,0.9433603
7003,Pass,0,0.9999552,0.25909114,0,0.9237108
7004,Pass,0,0.9999888,0.08108547,0,0.9778583
7005,Pass,0,0.9998381,0.0738513,0,0.97990996
7006,Pass,0,0.99999905,0.06645268,0,0.982317
7007,Pass,0,0.999997,0.0693364,0,0.9814383
7008,Pass,0,0.99990976,0.21377043,0,0.937446
7009,Pass,0,0.99999547,0.0662482,0,0.9823756
7010,Pass,0,0.99999726,0.07581671,0,0.9794684
7011,Pass,0,1.0,0.123460256,0,0.96498656
7012,Pass,0,0.9999975,0.089012094,0,0.975457
7013,Pass,0,0.9999993,0.09884653,0,0.97246885
7014,Pass,0,0.99980146,0.029008608,0,0.99350435
7015,Pass,0,0.9999975,0.11490771,0,0.96758425
7016,Pass,0,0.9998926,0.16945215,0,0.950902
7017,Pass,0,0.9999976,0.040879946,0,0.99009013
7018,Pass,0,0.9999981,0.14451265,0,0.95858437
7019,Pass,0,0.99993336,0.0461268,0,0.9884315
7020,Pass,0,0.99999905,0.055687096,0,0.9855899
7021,Pass,0,0.99977416,0.164311,0,0.95235205
7022,Pass,0,0.9999969,0.106196515,0,0.97023207
7023,Pass,0,0.9998004,0.051213443,0,0.98675394
7024,Pass,0,0.99999344,0.115667544,0,0.96734935
7025,Pass,0,0.9989699,0.11507994,0,0.96653765
7026,Pass,0,0.9999974,0.10433958,0,0.97079706
7027,Pass,0,0.9999949,0.10126545,0,0.97172916
7028,Pass,0,0.99450845,0.3301952,0,0.8971812
7029,Pass,0,0.99995244,0.099526644,0,0.97221655
7030,Pass,0,0.9933954,0.12772089,0,0.9573264
7031,Pass,0,0.99744844,0.24614196,0,0.92532194
7032,Pass,0,0.99992037,0.149854,0,0.9568861
7033,Pass,0,0.9997392,0.11086326,0,0.9685636
7034,Pass,0,0.9999999,0.072915465,0,0.980353
7035,Pass,0,0.9996,0.3204702,0,0.90472984
7036,Pass,0,1.0,0.06476136,0,0.98283213
7037,Pass,0,0.998743,0.05243568,0,0.9853392
7038,Pass,0,1.0,0.074589334,0,0.9798442
7039,Pass,0,0.99999976,0.031858567,0,0.9928349
7040,Pass,0,0.9999684,0.22289902,0,0.9347258
7041,Pass,0,0.99999857,0.13891596,0,0.9602864
7042,Pass,0,0.9999999,0.0396519,0,0.99046576
7043,Pass,0,0.9992175,0.36142555,0,0.8919422
7044,Pass,0,0.99867487,0.18205419,0,0.9459177
7045,Pass,0,0.99997354,0.07960579,0,0.97829324
7046,Pass,0,0.999982,0.07821347,0,0.9787248
7047,Pass,0,0.9999647,0.120670356,0,0.96580064
7048,Pass,0,0.999964,0.022466501,0,0.9956547
7049,Pass,0,0.9933791,0.29798496,0,0.90589005
7050,Pass,0,0.9998373,0.13877824,0,0.9601733
7051,Pass,0,0.9999168,0.14882089,0,0.95719683
7052,Pass,0,0.99999297,0.073313326,0,0.98022527
7053,Pass,0,0.9998035,0.052310836,0,0.98642343
7054,Pass,0,0.99998546,0.24131924,0,0.9291417
7055,Pass,0,0.99999964,0.066937976,0,0.98217005
7056,Pass,0,0.9999906,0.08286933,0,0.97731775
7057,Pass,0,0.99999976,0.052231308,0,0.9866412
7058,Pass,0,0.99999106,0.07531593,0,0.97961456
7059,Pass,0,0.99999464,0.081804305,0,0.9776455
7060,Pass,0,0.9999902,0.12804295,0,0.96358395
7061,Pass,0,0.9992648,0.22242734,0,0.9342114
7062,Pass,0,0.9999536,0.11558641,0,0.96733546
7063,Pass,0,0.9998343,0.06242568,0,0.98337924
7064,Pass,0,0.9999771,0.1789886,0,0.9480832
7065,Pass,0,0.99996924,0.09571559,0,0.97339153
7066,Pass,0,0.9999995,0.06113693,0,0.9839335
7067,Pass,0,1.0,0.06028802,0,0.9841921
7068,Pass,0,0.9999697,0.153262,0,0.95589733
7069,Pass,0,0.9999703,0.21482694,0,0.93718153
7070,Pass,0,0.9999547,0.2425297,0,0.92874515
7071,Pass,0,0.9990075,0.2688277,0,0.9198783
7072,Pass,0,0.9999809,0.21163632,0,0.9381615
7073,Pass,0,0.99989855,0.03415288,0,0.992037
7074,Pass,0,0.9999825,0.28179124,0,0.9168349
7075,Pass,0,0.9999924,0.17292792,0,0.9499402
7076,Pass,0,0.9999993,0.05761556,0,0.9850038
7077,Pass,0,0.99999833,0.06377537,0,0.9831302
7078,Pass,0,0.99999976,0.029611906,0,0.99351794
7079,Pass,0,0.99987113,0.25654542,0,0.92440706
7080,Pass,0,0.9999956,0.15224804,0,0.9562303
7081,Pass,0,0.9977258,0.33850807,0,0.8975621
7082,Pass,0,0.9999994,0.065198496,0,0.9826986
7083,Pass,0,0.9999989,0.05755713,0,0.98502123
7084,Pass,0,0.9992993,0.10838136,0,0.96889144
7085,Pass,0,0.99998724,0.12801245,0,0.9635903
7086,Pass,0,0.99994373,0.07569625,0,0.97945255
7087,Pass,0,0.999848,0.06447286,0,0.98277044
7088,Pass,0,0.99999905,0.17182092,0,0.9502831
7089,Pass,0,0.99575895,0.33595547,0,0.8965655
7090,Pass,0,0.9999974,0.15852843,0,0.9543227
7091,Pass,0,0.99998,0.0292118,0,0.9936199
7092,Pass,0,0.99999905,0.028749371,0,0.9937795
7093,Pass,0,0.99976796,0.26612467,0,0.92140007
7094,Pass,0,0.99832004,0.33902115,0,0.897941
7095,Pass,0,0.99894994,0.21568614,0,0.93596435
7096,Pass,0,0.99999845,0.055760738,0,0.9855669
7097,Pass,0,0.9996804,0.22784317,0,0.93295395
7098,Pass,0,0.9998752,0.17768046,0,0.9483842
7099,Pass,0,0.99981004,0.21825735,0,0.9359886
7100,Pass,0,0.9998963,0.29642665,0,0.9123069
7101,Pass,0,0.9999957,0.12284082,0,0.96517074
7102,Pass,0,0.9999918,0.071777806,0,0.98069096
7103,Pass,0,0.9999944,0.09588007,0,0.973366
7104,Pass,0,0.9999958,0.07596417,0,0.97942215
7105,Pass,0,0.99999976,0.03499649,0,0.99188095
7106,Pass,0,0.9989446,0.21745315,0,0.93542266
7107,Pass,0,0.996992,0.15766375,0,0.95171666
7108,Pass,0,0.9999943,0.12863192,0,0.96340877
7109,Pass,0,0.9999881,0.13828076,0,0.9604694
7110,Pass,0,0.99999976,0.028351016,0,0.9939013
7111,Pass,0,0.99999857,0.05614079,0,0.9854515
7112,Pass,0,0.9999813,0.08793774,0,0.97576785
7113,Pass,0,0.9999994,0.026365593,0,0.9945046
7114,Pass,0,0.9999999,0.09092649,0,0.9748773
7115,Pass,0,0.99976534,0.2421496,0,0.92868483
7116,Pass,0,0.9999999,0.026184445,0,0.9945601
7117,Pass,0,0.99999845,0.11815157,0,0.966599
7118,Pass,0,0.9995648,0.1660261,0,0.9516314
7119,Pass,0,0.999997,0.12392122,0,0.9648436
7120,Pass,0,0.9999697,0.14506193,0,0.95839024
7121,Pass,0,0.9829276,0.3533076,0,0.8798271
7122,Pass,0,0.99999416,0.10758595,0,0.96980697
7123,Pass,0,0.99988747,0.04145626,0,0.9898059
7124,Pass,0,0.99999774,0.06867234,0,0.9816409
7125,Pass,0,0.9999982,0.08447189,0,0.976838
7126,Pass,0,0.9999709,0.22042741,0,0.9354795
7127,Pass,0,0.9999851,0.18162619,0,0.94728893
7128,Pass,0,0.99995255,0.13233796,0,0.9622419
7129,Pass,0,0.99999034,0.0710925,0,0.98089784
7130,Pass,0,0.9999831,0.13803539,0,0.96053916
7131,Pass,0,0.99999857,0.062075283,0,0.9836473
7132,Pass,0,0.99982566,0.11996351,0,0.96588117
7133,Pass,0,0.9999844,0.068035774,0,0.9818213
7134,Pass,0,0.9999993,0.0915637,0,0.974683
7135,Pass,0,0.99997914,0.16541633,0,0.95221126
7136,Pass,0,0.9994516,0.22469269,0,0.93369764
7137,Pass,0,0.999997,0.09413742,0,0.97389835
7138,Pass,0,0.99990666,0.0319718,0,0.9927081
7139,Pass,0,0.9999645,0.058747686,0,0.9846254
7140,Pass,0,0.9999987,0.11862882,0,0.96645415
7141,Pass,0,0.99999654,0.05867806,0,0.98467815
7142,Pass,0,1.0,0.110959105,0,0.96878713
7143,Pass,0,0.9997702,0.16614293,0,0.95179147
7144,Pass,0,0.9999964,0.075383425,0,0.9795993
7145,Pass,0,0.99999356,0.11238047,0,0.96834874
7146,Pass,0,0.9999788,0.08882305,0,0.97549623
7147,Pass,0,0.99999774,0.031452514,0,0.99295634
7148,Pass,0,0.9999255,0.20000452,0,0.9416455
7149,Pass,0,0.9999871,0.22551085,0,0.93394923
7150,Pass,0,0.9999782,0.041641973,0,0.98983926
7151,Pass,0,0.9998317,0.27646545,0,0.91831553
7152,Pass,0,0.9999987,0.052480668,0,0.98656434
7153,Pass,0,0.9999727,0.11221252,0,0.9683796
7154,Pass,0,0.9985721,0.57805055,0,0.8256021
7155,Pass,0,0.9999989,0.097077504,0,0.9730063
7156,Pass,0,0.99997413,0.17839596,0,0.94826055
7157,Pass,0,0.99999475,0.055927612,0,0.98551255
7158,Pass,0,0.9999924,0.06928708,0,0.9814487
7159,Pass,0,0.99999976,0.038662706,0,0.99076635
7160,Pass,0,0.9999969,0.14758864,0,0.9576481
7161,Pass,0,0.999984,0.059327014,0,0.9844685
7162,Pass,0,0.99984777,0.08748951,0,0.97577375
7163,Pass,0,0.9999987,0.12770726,0,0.96369416
7164,Pass,0,0.99999714,0.18724045,0,0.94559354
7165,Pass,0,0.9999794,0.029505625,0,0.99353004
7166,Pass,0,0.99999917,0.03190722,0,0.99281955
7167,Pass,0,0.99996483,0.011574983,0,0.99896663
7168,Pass,0,0.99997437,0.048594963,0,0.9877217
7169,Pass,0,0.9999988,0.048093155,0,0.98789835
7170,Pass,0,0.99988425,0.110949256,0,0.968678
7171,Pass,0,0.9998896,0.023962274,0,0.99512595
7172,Pass,0,0.99999917,0.05602074,0,0.9854886
7173,Pass,0,0.9999124,0.026833221,0,0.9942758
7174,Pass,0,0.9990928,0.25757977,0,0.9233733
7175,Pass,0,0.999997,0.14382628,0,0.95879203
7176,Pass,0,0.9998871,0.031810734,0,0.99273765
7177,Pass,0,0.99905163,0.21420084,0,0.93651074
7178,Pass,0,0.99881566,0.20703462,0,0.93846565
7179,Pass,0,0.9992613,0.93232214,0,0.7185463
7180,Pass,0,0.9999913,0.06659737,0,0.9822654
7181,Pass,0,0.99964917,0.14254251,0,0.95884866
7182,Pass,0,0.9957135,0.38505644,0,0.88166094
7183,Pass,0,0.99917406,0.080012985,0,0.97738737
7184,Pass,0,0.99999976,0.10931011,0,0.96928823
7185,Pass,0,0.9999646,0.15128693,0,0.9564929
7186,Pass,0,0.9999218,0.098408535,0,0.97252667
7187,Pass,0,0.99996805,0.120918564,0,0.9657284
7188,Pass,0,0.99999917,0.06606835,0,0.9824339
7189,Pass,0,0.9999403,0.09306286,0,0.97416973
7190,Pass,0,0.99988425,0.18623249,0,0.94579315
7191,Pass,0,0.99989843,0.024378756,0,0.9950081
7192,Pass,0,0.9999981,0.09255837,0,0.9743795
7193,Pass,0,0.9999316,0.18209326,0,0.9470962
7194,Pass,0,0.9999683,0.1599457,0,0.9538641
7195,Pass,0,0.98718494,0.50707793,0,0.8374879
7196,Pass,0,0.99997246,0.116965115,0,0.96693456
7197,Pass,0,0.9969273,0.18419257,0,0.9436145
7198,Pass,0,0.9980562,0.30863976,0,0.9069222
7199,Pass,0,0.9999058,0.043587927,0,0.9891761
7200,Pass,0,0.9986356,0.44354331,0,0.8664915
7201,Pass,0,0.9999807,0.09680658,0,0.973071
7202,Pass,0,0.9999629,0.21186927,0,0.93807375
7203,Pass,0,0.99999344,0.052070707,0,0.9866838
7204,Pass,0,0.9999198,0.2053282,0,0.94002175
7205,Pass,0,0.99998355,0.08003383,0,0.9781729
7206,Pass,0,0.99991643,0.1642512,0,0.9525057
7207,Pass,0,0.9999883,0.11720653,0,0.9668765
7208,Pass,0,0.99437654,0.9309238,0,0.7154565
7209,Pass,0,0.99936515,0.14554031,0,0.95766544
7210,Pass,0,0.9978955,0.18115827,0,0.9454514
7211,Pass,0,0.99954504,0.19347817,0,0.9432705
7212,Pass,0,0.9999808,0.2783383,0,0.9178831
7213,Pass,0,0.99990284,0.34404567,0,0.8978372
7214,Pass,0,0.9999981,0.09526403,0,0.9735569
7215,Pass,0,0.99999416,0.100680545,0,0.97190636
7216,Pass,0,0.4832407,0.6538382,0,0.38840076
7217,Pass,0,0.9999585,0.03116728,0,0.99300414
7218,Pass,0,0.99891686,0.17871171,0,0.9471621
7219,Pass,0,0.999889,0.09128764,0,0.97465944
7220,Pass,0,0.99869615,0.23931459,0,0.9285524
7221,Pass,0,0.99999416,0.09633083,0,0.97322875
7222,Pass,0,0.9999999,0.05497279,0,0.9858079
7223,Pass,0,0.999848,0.08111791,0,0.9777108
7224,Pass,0,0.9999,0.14411402,0,0.95861155
7225,Pass,0,0.99989784,0.13210014,0,0.9622616
7226,Pass,0,0.9998362,0.05100982,0,0.9868512
7227,Pass,0,0.9998728,0.13439319,0,0.96154046
7228,Pass,0,0.999537,0.08019655,0,0.97768664
7229,Pass,0,0.9999895,0.15343663,0,0.9558632
7230,Pass,0,0.9999633,0.14100805,0,0.9596165
7231,Pass,0,0.9999721,0.114707686,0,0.9676205
7232,Pass,0,0.997329,0.09505976,0,0.9710203
7233,Pass,0,0.99788195,0.5529043,0,0.83266026
7234,Pass,0,0.9999937,0.096059695,0,0.9733107
7235,Pass,0,0.9999653,0.20538239,0,0.9400481
7236,Pass,0,0.99989724,0.16264538,0,0.95297563
7237,Pass,0,0.99995995,0.19506678,0,0.9431791
7238,Pass,0,0.999711,0.22713403,0,0.93319803
7239,Pass,0,0.99999356,0.05110248,0,0.9869783
7240,Pass,0,0.9989675,0.31164393,0,0.906838
7241,Pass,0,0.9998977,0.1529006,0,0.95593834
7242,Pass,0,0.9999354,0.109857894,0,0.9690593
7243,Pass,0,0.9976102,0.23024444,0,0.9302936
7244,Pass,0,0.9999963,0.14979534,0,0.9569767
7245,Pass,0,0.9999796,0.20621821,0,0.9398075
7246,Pass,0,0.9999428,0.09561713,0,0.97339565
7247,Pass,0,0.9998673,0.066489406,0,0.9821764
7248,Pass,0,0.97358996,0.2866544,0,0.89119744
7249,Pass,0,0.8998096,0.5615777,0,0.74845326
7250,Pass,0,0.99999845,0.08969991,0,0.9752488
7251,Pass,0,0.9999957,0.078804046,0,0.9785587
7252,Pass,0,0.99996674,0.2653073,0,0.9218318
7253,Pass,0,0.99997044,0.029933617,0,0.99339104
7254,Pass,0,0.99997365,0.10175553,0,0.97155964
7255,Pass,0,0.999984,0.19165507,0,0.94423896
7256,Pass,0,0.9991937,0.27183676,0,0.9191357
7257,Pass,0,0.9996673,0.25462586,0,0.92480195
7258,Pass,0,0.9978727,0.26984206,0,0.91852564
7259,Pass,0,0.85348547,1.0042077,0,0.59506965
7260,Pass,0,0.999992,0.121565156,0,0.965555
7261,Pass,0,0.9999919,0.121583454,0,0.96554935
7262,Pass,0,0.9998048,0.03637252,0,0.9912693
7263,Pass,0,0.9999155,0.22540674,0,0.933914
7264,Pass,0,0.99999714,0.13286328,0,0.9621251
7265,Pass,0,0.9947929,0.32194653,0,0.89993244
7266,Pass,0,0.99999607,0.17734364,0,0.94860125
7267,Pass,0,0.99923384,0.3949638,0,0.88176835
7268,Pass,0,0.9720435,0.90362114,0,0.7074563
7269,Pass,0,0.9999877,0.04651126,0,0.98836833
7270,Pass,0,0.9999523,0.020472934,0,0.99624914
7271,Pass,0,0.99991035,0.41408578,0,0.87655246
7272,Pass,0,0.98740655,0.17347762,0,0.93781936
7273,Pass,0,0.9999912,0.10831946,0,0.9695811
7274,Pass,0,0.9999995,0.107971534,0,0.969695
7275,Pass,0,0.9999974,0.07097771,0,0.9809397
7276,Pass,0,0.9999386,0.16733612,0,0.95158905
7277,Pass,0,0.9998789,0.15610625,0,0.95494586
7278,Pass,0,0.9997861,0.33019444,0,0.9019425
7279,Pass,0,0.9999759,0.21338212,0,0.93762606
7280,Pass,0,0.9998902,0.019794708,0,0.9963934
7281,Pass,0,0.9999994,0.084826045,0,0.9767315
7282,Pass,0,0.9993407,0.23066919,0,0.9317784
7283,Pass,0,0.9999578,0.14499766,0,0.95839834
7284,Pass,0,0.9999968,0.14879024,0,0.95728266
7285,Pass,0,0.9999964,0.04341177,0,0.98931926
7286,Pass,0,0.99999106,0.09259331,0,0.97436196
7287,Pass,0,0.99966526,0.23422864,0,0.93099916
7288,Pass,0,0.99978465,0.12861922,0,0.96321064
7289,Pass,0,0.9999895,0.1681361,0,0.9513943
7290,Pass,0,0.99996877,0.026781581,0,0.99434763
7291,Pass,0,0.99983263,0.4421828,0,0.86794364
7292,Pass,0,0.999403,0.13038796,0,0.9623056
7293,Pass,0,0.99997723,0.14972878,0,0.9569786
7294,Pass,0,0.9999933,0.13161057,0,0.9625023
7295,Pass,0,0.9999994,0.051806938,0,0.9867699
7296,Pass,0,0.99998915,0.08130948,0,0.9777906
7297,Pass,0,0.99997914,0.13191865,0,0.96239495
7298,Pass,0,0.99991035,0.25594807,0,0.92462486
7299,Pass,0,0.99991465,0.023783106,0,0.99520534
7300,Pass,0,0.99995494,0.10297308,0,0.97117126
7301,Pass,0,0.9999864,0.17035724,0,0.9507161
7302,Pass,0,0.9999809,0.14484799,0,0.958466
7303,Pass,0,0.9999517,0.050974153,0,0.9869761
7304,Pass,0,0.9999131,0.19575265,0,0.94292635
7305,Pass,0,0.9999999,0.063423276,0,0.9832388
7306,Pass,0,0.99999917,0.066762514,0,0.9822229
7307,Pass,0,0.99986744,0.10453494,0,0.9706115
7308,Pass,0,0.9999993,0.10761421,0,0.96980333
7309,Pass,0,0.99939394,0.42001554,0,0.87429804
7310,Pass,0,0.9999995,0.10191827,0,0.97153527
7311,Pass,0,0.9998691,0.17764784,0,0.9483884
7312,Pass,0,0.99999416,0.057810556,0,0.9849395
7313,Pass,0,0.999998,0.10084855,0,0.971859
7314,Pass,0,0.99999917,0.06754648,0,0.98198456
7315,Pass,0,0.9999994,0.06479704,0,0.9828207
7316,Pass,0,0.9999889,0.078656696,0,0.9785968
7317,Pass,0,0.9996594,0.14864329,0,0.9570044
7318,Pass,0,0.9999969,0.0939338,0,0.9739601
7319,Pass,0,0.9983924,0.17068134,0,0.9491023
7320,Pass,0,0.9997445,0.24211079,0,0.92867726
7321,Pass,0,0.9999864,0.19625364,0,0.9428432
7322,Pass,0,0.9999541,0.183337,0,0.94673944
7323,Pass,0,0.9999672,0.047262322,0,0.9881198
7324,Pass,0,0.9999982,0.08156005,0,0.97772324
7325,Pass,0,0.99898773,0.09166108,0,0.97366744
7326,Pass,0,0.999997,0.05535999,0,0.9856874
7327,Pass,0,0.99998415,0.16321407,0,0.95288557
7328,Pass,0,0.9999362,0.16886137,0,0.9511231
7329,Pass,0,0.9996612,0.12030058,0,0.9656199
7330,Pass,0,0.99985886,0.14775284,0,0.957466
7331,Pass,0,0.99999785,0.05172436,0,0.98679346
7332,Pass,0,0.99965787,0.16801536,0,0.9511155
7333,Pass,0,0.96252096,0.32391202,0,0.8701627
7334,Pass,0,0.99990714,0.16951251,0,0.95089746
7335,Pass,0,0.99996686,0.06884711,0,0.9815574
7336,Pass,0,0.99998975,0.09389763,0,0.97396415
7337,Pass,0,0.99929297,0.18521684,0,0.9455424
7338,Pass,0,0.9792295,0.37925094,0,0.8687934
7339,Pass,0,0.99983037,0.16100179,0,0.95341146
7340,Pass,0,0.9999689,0.050502744,0,0.9871363
7341,Pass,0,0.99999785,0.1364816,0,0.9610257
7342,Pass,0,0.9999304,0.0995013,0,0.97220284
7343,Pass,0,0.9999993,0.018538387,0,0.99688405
7344,Pass,0,0.9999417,0.051194176,0,0.98689926
7345,Pass,0,0.99981195,0.2199395,0,0.9354791
7346,Pass,0,1.0,0.03296434,0,0.992499
7347,Pass,0,0.9999844,0.06551586,0,0.9825874
7348,Pass,0,0.99991965,0.44912165,0,0.8659099
7349,Pass,0,0.9999263,0.25338393,0,0.92541915
7350,Pass,0,0.9919768,0.22679606,0,0.92608035
7351,Pass,0,0.9999988,0.07998873,0,0.9782015
7352,Pass,0,0.99999785,0.07488106,0,0.97975343
7353,Pass,0,0.99992776,0.041295785,0,0.98989457
7354,Pass,0,0.98396087,0.27622986,0,0.9038092
7355,Pass,0,0.9999982,0.10279354,0,0.9712679
7356,Pass,0,0.99982685,0.19761424,0,0.94227916
7357,Pass,0,0.9997155,0.0919451,0,0.9742905
7358,Pass,0,0.9999995,0.031057458,0,0.99307823
7359,Pass,0,0.9998629,0.26922792,0,0.9205442
7360,Pass,0,0.99998903,0.089134924,0,0.9754114
7361,Pass,0,0.9999528,0.14892742,0,0.95719886
7362,Pass,0,0.99999535,0.14846723,0,0.9573795
7363,Pass,0,0.99945396,0.18065754,0,0.9470801
7364,Pass,0,0.9999894,0.107881956,0,0.9697123
7365,Pass,0,0.99998045,0.116062894,0,0.9672166
7366,Pass,0,0.9999932,0.1514201,0,0.9564797
7367,Pass,0,0.9999155,0.068164036,0,0.98171467
7368,Pass,0,0.99979705,0.15245494,0,0.95597756
7369,Pass,0,0.9999982,0.12482368,0,0.96457034
7370,Pass,0,0.9981293,0.42528674,0,0.87159216
7371,Pass,0,0.99999464,0.13552783,0,0.9613126
7372,Pass,0,0.9999788,0.14481884,0,0.95847285
7373,Pass,0,0.99907035,0.15391003,0,0.9548407
7374,Pass,0,0.99996674,0.10015936,0,0.97203815
7375,Pass,0,0.99978584,0.10371708,0,0.9707809
7376,Pass,0,0.9998153,0.18196313,0,0.94702566
7377,Pass,0,0.99985254,0.15770216,0,0.9544356
7378,Pass,0,0.9999597,0.16781934,0,0.95146227
7379,Pass,0,0.99993384,0.11956176,0,0.9661079
7380,Pass,0,0.99995875,0.10811003,0,0.9696133
7381,Pass,0,0.9994629,0.16953494,0,0.95046824
7382,Pass,0,0.99995196,0.102002725,0,0.9714634
7383,Pass,0,0.9999976,0.14794208,0,0.95754135
7384,Pass,0,0.99821484,0.1824934,0,0.94534874
7385,Pass,0,0.9999821,0.11175072,0,0.9685291
7386,Pass,0,0.9993874,0.15128896,0,0.9559401
7387,Pass,0,0.99999595,0.0636454,0,0.9831674
7388,Pass,0,0.99999595,0.110936135,0,0.9687902
7389,Pass,0,0.99999595,0.1498309,0,0.9569655
7390,Pass,0,0.9995047,0.2538563,0,0.9248854
7391,Pass,0,0.9999838,0.17894326,0,0.9481033
7392,Pass,0,0.9998673,0.13012418,0,0.9628328
7393,Pass,0,0.9999993,0.071266614,0,0.9808537
7394,Pass,0,0.9976279,0.26392287,0,0.92009556
7395,Pass,0,0.99981827,0.020223204,0,0.99619144
7396,Pass,0,0.9991536,0.19383478,0,0.9427928
7397,Pass,0,0.9999994,0.06930964,0,0.98144877
7398,Pass,0,0.9999652,0.08128619,0,0.9777742
7399,Pass,0,0.9999819,0.038932037,0,0.99066675
7400,Pass,0,0.9998085,0.44580853,0,0.86682063
7401,Pass,0,0.99533147,0.37575147,0,0.88413835
7402,Pass,0,0.9988366,0.18256344,0,0.9459163
7403,Pass,0,0.9999243,0.42148542,0,0.8743152
7404,Pass,0,0.99993145,0.123702936,0,0.9648466
7405,Pass,0,0.9994764,0.074873365,0,0.9792449
7406,Pass,0,0.9997969,0.21116468,0,0.9381322
7407,Pass,0,0.9999491,0.16632822,0,0.9519054
7408,Pass,0,0.9995378,0.26581457,0,0.92128223
7409,Pass,0,0.9999999,0.04787801,0,0.98796487
7410,Pass,0,0.9992968,0.29599893,0,0.9118899
7411,Pass,0,0.9999819,0.018859787,0,0.996769
7412,Pass,0,0.99999833,0.09381411,0,0.97399795
7413,Pass,0,0.9673187,0.2383907,0,0.89965045
7414,Pass,0,0.99999714,0.14029953,0,0.9598644
7415,Pass,0,0.9999989,0.07754656,0,0.9789441
7416,Pass,0,0.99986017,0.11358276,0,0.96785414
7417,Pass,0,0.99997604,0.3607312,0,0.8928304
7418,Pass,0,0.9998801,0.05865499,0,0.9845705
7419,Pass,0,0.9997861,0.09702903,0,0.972814
7420,Pass,0,0.96689814,0.3190933,0,0.8755364
7421,Pass,0,0.99996924,0.19826737,0,0.94221485
7422,Pass,0,0.99996316,0.015842559,0,0.99766755
7423,Pass,0,0.9989342,0.19247408,0,0.94299895
7424,Pass,0,0.99997675,0.009816897,0,0.99951303
7425,Pass,0,0.99991214,0.19460003,0,0.9432758
7426,Pass,0,0.9941823,0.20673814,0,0.93420184
7427,Pass,0,0.9992071,0.19221328,0,0.9433358
7428,Pass,0,0.9999993,0.059378076,0,0.98446804
7429,Pass,0,0.9999604,0.13907902,0,0.96020013
7430,Pass,0,0.995672,0.26019603,0,0.91941977
7431,Pass,0,0.99995863,0.14621446,0,0.9580292
7432,Pass,0,0.988761,0.4484353,0,0.856453
7433,Pass,0,0.9999722,0.31229198,0,0.907553
7434,Pass,0,0.673631,0.5086102,0,0.5711676
7435,Pass,0,0.9999994,0.073139764,0,0.98028433
7436,Pass,0,0.99998367,0.091144025,0,0.9747954
7437,Pass,0,0.99990726,0.30757114,0,0.9089291
7438,Pass,0,0.999961,0.1379759,0,0.9605361
7439,Pass,0,0.99976915,0.11926042,0,0.9660404
7440,Pass,0,0.99992514,0.12301046,0,0.96505105
7441,Pass,0,0.99991953,0.3622688,0,0.89231247
7442,Pass,0,0.9999802,0.01567089,0,0.9977368
7443,Pass,0,0.999998,0.182142,0,0.9471443
7444,Pass,0,0.99980265,0.35847518,0,0.8933613
7445,Pass,0,0.9998049,0.14634265,0,0.95784295
7446,Pass,0,0.9998204,0.35789865,0,0.8935524
7447,Pass,0,0.99956137,0.051324558,0,0.9864842
7448,Pass,0,0.9999924,0.16416807,0,0.95260334
7449,Pass,0,0.99995863,0.06994356,0,0.981216
7450,Pass,0,0.99999785,0.2337548,0,0.93145293
7451,Pass,0,0.9299968,0.35762754,0,0.8312268
7452,Pass,0,0.99993145,0.15493432,0,0.95535237
7453,Pass,0,0.9999589,0.035324547,0,0.9917407
7454,Pass,0,0.99955565,0.20134276,0,0.9408906
7455,Pass,0,0.9999552,0.12722662,0,0.9637983
7456,Pass,0,0.9997851,0.2036604,0,0.9404021
7457,Pass,0,0.9989679,0.38817137,0,0.88359654
7458,Pass,0,0.9999987,0.045263987,0,0.9887584
7459,Pass,0,0.95426774,0.2626523,0,0.88047385
7460,Pass,0,0.9999151,0.08706322,0,0.9759691
7461,Pass,0,0.99991834,0.16587614,0,0.9520136
7462,Pass,0,0.99970454,0.21550886,0,0.9367252
7463,Pass,0,0.9999635,0.031987865,0,0.99275964
7464,Pass,0,0.9999635,0.12051213,0,0.9658476
7465,Pass,0,0.99946135,0.21844134,0,0.9356063
7466,Pass,0,0.9999615,0.15353315,0,0.9558071
7467,Pass,0,0.9999993,0.07463955,0,0.97982824
7468,Pass,0,0.99994254,0.008291509,0,0.99994254
7469,Pass,0,0.9999757,0.1029747,0,0.9711909
7470,Pass,0,0.999998,0.071228266,0,0.9808641
7471,Pass,0,0.9987405,0.35660163,0,0.8929811
7472,Pass,0,0.9989151,0.29089597,0,0.9130913
7473,Pass,0,0.8241936,0.57958424,0,0.68104464
7474,Pass,0,0.9999939,0.079200916,0,0.97843623
7475,Pass,0,1.0,0.0974976,0,0.9728797
7476,Pass,0,0.9600438,0.7059691,0,0.75641185
7477,Pass,0,0.9969463,0.1939592,0,0.9406722
7478,Pass,0,0.99976593,0.31303546,0,0.9071398
7479,Pass,0,0.9954202,0.33869433,0,0.89543164
7480,Pass,0,0.9999721,0.040691305,0,0.99012226
7481,Pass,0,0.99782515,0.3596602,0,0.8912349
7482,Pass,0,0.99219733,0.41234848,0,0.870315
7483,Pass,0,0.99847084,0.37819067,0,0.8861866
7484,Pass,0,0.9999143,0.14929795,0,0.9570494
7485,Pass,0,0.9999964,0.110100195,0,0.9690448
7486,Pass,0,0.9878399,0.28701845,0,0.9041321
7487,Pass,0,0.99967635,0.2142628,0,0.9370775
7488,Pass,0,0.99995196,0.16408771,0,0.9525893
7489,Pass,0,0.99986184,0.08983844,0,0.97507346
7490,Pass,0,0.99996793,0.16124153,0,0.95346975
7491,Pass,0,0.99987805,0.15115182,0,0.9564512
7492,Pass,0,0.98923475,0.45691347,0,0.85431355
7493,Pass,0,0.9997937,0.06907704,0,0.9813176
7494,Pass,0,0.98783094,0.28353214,0,0.905171
7495,Pass,0,0.9990596,0.11096455,0,0.9678744
7496,Pass,0,0.9999559,0.15505576,0,0.9553388
7497,Pass,0,0.9999937,0.18736055,0,0.9455537
7498,Pass,0,0.9995807,0.21041997,0,0.9381556
7499,Pass,0,0.99973077,0.22989862,0,0.9323762
7500,Pass,0,0.9999982,0.1159246,0,0.9672758
7501,Pass,0,0.99999785,0.071661405,0,0.98073226
7502,Pass,0,0.9999994,0.10441697,0,0.9707755
7503,Pass,0,0.99985147,0.2279108,0,0.933093
7504,Pass,0,0.999936,0.1075574,0,0.9697592
7505,Pass,0,0.99962103,0.2619484,0,0.9225338
7506,Pass,0,0.9999151,0.09000189,0,0.9750757
7507,Pass,0,0.9999291,0.08234412,0,0.9774173
7508,Pass,0,0.9999851,0.10708808,0,0.9699496
7509,Pass,0,0.9997311,0.12297427,0,0.9648748
7510,Pass,0,0.99998,0.06599657,0,0.9824369
7511,Pass,0,0.9987863,0.6613846,0,0.80047476
7512,Pass,0,0.9999981,0.067335114,0,0.9820478
7513,Pass,0,0.9999895,0.13412583,0,0.96173394
7514,Pass,0,0.974463,0.35414344,0,0.87200266
7515,Pass,0,0.99992347,0.16398963,0,0.95259196
7516,Pass,0,0.99999774,0.04610677,0,0.9885012
7517,Pass,0,0.9992999,0.061585627,0,0.9831088
7518,Pass,0,0.99806744,0.12967825,0,0.9612349
7519,Pass,0,0.99880123,0.13745229,0,0.959581
7520,Pass,0,0.99998724,0.08223783,0,0.97750646
7521,Pass,0,0.99960583,0.17337368,0,0.94943756
7522,Pass,0,0.9999883,0.118489325,0,0.9664866
7523,Pass,0,0.9999857,0.31784403,0,0.90587735
7524,Pass,0,0.9999443,0.23003282,0,0.9325346
7525,Pass,0,0.99957734,0.106551625,0,0.9697171
7526,Pass,0,0.9999975,0.047113165,0,0.988195
7527,Pass,0,0.9997018,0.09618281,0,0.9729892
7528,Pass,0,0.9990783,0.16813426,0,0.95052785
7529,Pass,0,0.98938096,0.28114182,0,0.90731025
7530,Pass,0,0.9975898,0.21969754,0,0.93347335
7531,Pass,0,0.99891937,0.10487698,0,0.9695873
7532,Pass,0,0.99999475,0.0713269,0,0.98083097
7533,Pass,0,0.999987,0.11123671,0,0.96869016
7534,Pass,0,0.9993537,0.18785807,0,0.9447974
7535,Pass,0,0.99943656,0.110645466,0,0.9683366
7536,Pass,0,0.99998915,0.082471125,0,0.9774374
7537,Pass,0,0.9999969,0.04368329,0,0.9892372
7538,Pass,0,0.999711,0.16165204,0,0.95309997
7539,Pass,0,0.99871016,0.27371454,0,0.9181207
7540,Pass,0,0.99998987,0.11221174,0,0.9683965
7541,Pass,0,0.99329656,0.2575073,0,0.91803825
7542,Pass,0,0.99978954,0.1910858,0,0.94422835
7543,Pass,0,0.9999925,0.12720641,0,0.9638404
7544,Pass,0,0.9999771,0.12440983,0,0.9646758
7545,Pass,0,0.9936605,0.7234561,0,0.77761555
7546,Pass,0,0.9999913,0.0551623,0,0.98574185
7547,Pass,0,0.9999993,0.049279127,0,0.9875383
7548,Pass,0,0.9999933,0.108379744,0,0.9695648
7549,Pass,0,0.9999894,0.10338527,0,0.9710794
7550,Pass,0,0.99996006,0.09185197,0,0.97455716
7551,Pass,0,0.99977344,0.16660483,0,0.95165414
7552,Pass,0,0.9993906,0.45751444,0,0.8629017
7553,Pass,0,0.999966,0.18010189,0,0.94773424
7554,Pass,0,0.99993026,0.14306255,0,0.95896024
7555,Pass,0,0.9999,0.10647653,0,0.9700529
7556,Pass,0,0.99972516,0.06370913,0,0.98288184
7557,Pass,0,0.9999815,0.11673991,0,0.9670118
7558,Pass,0,0.9999138,0.22134982,0,0.93514574
7559,Pass,0,0.9999982,0.16922258,0,0.9510722
7560,Pass,0,0.9998838,0.1980375,0,0.9422041
7561,Pass,0,0.9999161,0.035508677,0,0.99164224
7562,Pass,0,0.9995914,0.09444326,0,0.9734104
7563,Pass,0,0.9999864,0.01844918,0,0.99689835
7564,Pass,0,0.9999809,0.10739964,0,0.9698508
7565,Pass,0,0.9950559,0.6857492,0,0.79011446
7566,Pass,0,0.99996793,0.09909094,0,0.9723641
7567,Pass,0,0.9999583,0.05559202,0,0.98557866
7568,Pass,0,0.9993729,0.20252079,0,0.9403606
7569,Pass,0,0.9973387,0.28191465,0,0.9143736
7570,Pass,0,0.99998176,0.11896872,0,0.9663344
7571,Pass,0,0.9999819,0.118734576,0,0.96640575
7572,Pass,0,0.99975723,0.3258809,0,0.90322757
7573,Pass,0,0.9999248,0.09006046,0,0.9750673
7574,Pass,0,0.7241702,0.28981364,0,0.66218996
7575,Pass,0,0.99998987,0.064729005,0,0.982832
7576,Pass,0,0.99999976,0.029942598,0,0.99341744
7577,Pass,0,0.9998147,0.11079123,0,0.9686586
7578,Pass,0,0.9993487,0.151923,0,0.9557105
7579,Pass,0,0.9992499,0.33828762,0,0.89900017
7580,Pass,0,0.9976471,0.4369795,0,0.86762464
7581,Pass,0,0.9999927,0.027727172,0,0.994084
7582,Pass,0,0.9999846,0.021532087,0,0.9959593
7583,Pass,0,0.99991655,0.103718765,0,0.97090733
7584,Pass,0,0.99990845,0.13256682,0,0.9621299
7585,Pass,0,0.9999995,0.046466503,0,0.9883936
7586,Pass,0,0.99965346,0.16756697,0,0.9512476
7587,Pass,0,0.9986198,0.13196366,0,0.9610731
7588,Pass,0,0.99958354,0.17470291,0,0.9490124
7589,Pass,0,0.9999962,0.11320415,0,0.9681009
7590,Pass,0,0.999967,0.09441827,0,0.97378373
7591,Pass,0,0.9999604,0.026517844,0,0.9944195
7592,Pass,0,0.9997739,0.21428654,0,0.9371618
7593,Pass,0,0.9999807,0.12796049,0,0.9635998
7594,Pass,0,0.999962,0.117553845,0,0.96674544
7595,Pass,0,0.9754052,0.3612171,0,0.8707482
7596,Pass,0,0.99999845,0.04171761,0,0.9898363
7597,Pass,0,0.99989474,0.2708786,0,0.9200718
7598,Pass,0,0.9999963,0.13414243,0,0.9617354
7599,Pass,0,0.99998,0.06031764,0,0.98416334
7600,Pass,0,0.9999925,0.014995724,0,0.9979543
7601,Pass,0,0.9999957,0.059903476,0,0.9843048
7602,Pass,0,0.9998518,0.2557962,0,0.92461693
7603,Pass,0,0.9995759,0.36362562,0,0.8915936
7604,Pass,0,0.99987686,0.14778337,0,0.957474
7605,Pass,0,0.9999715,0.3008879,0,0.9110193
7606,Pass,0,0.99976784,0.15892117,0,0.9539842
7607,Pass,0,0.99994993,0.077016324,0,0.9790574
7608,Pass,0,0.9992878,0.1200473,0,0.96533614
7609,Pass,0,0.99999917,0.14444059,0,0.9586074
7610,Pass,0,0.99995446,0.10396519,0,0.9708692
7611,Pass,0,0.9999962,0.13917138,0,0.96020645
7612,Pass,0,0.9998036,0.21784118,0,0.9361091
7613,Pass,0,0.99999964,0.07115944,0,0.98088664
7614,Pass,0,0.9999938,0.14974731,0,0.9569889
7615,Pass,0,0.99998844,0.095832855,0,0.97337455
7616,Pass,0,0.99987686,0.13106652,0,0.9625556
7617,Pass,0,0.9999968,0.054859556,0,0.9858393
7618,Pass,0,0.99996114,0.06403884,0,0.9830136
7619,Pass,0,0.9953506,0.39094952,0,0.87955636
7620,Pass,0,0.99992776,0.32278356,0,0.9043232
7621,Pass,0,0.9999349,0.29086483,0,0.91403294
7622,Pass,0,0.9990688,0.16592197,0,0.9511908
7623,Pass,0,0.9999976,0.25637954,0,0.92457443
7624,Pass,0,0.9998766,0.2198752,0,0.93555915
7625,Pass,0,0.9998957,0.042327527,0,0.98954916
7626,Pass,0,0.99991715,0.047529496,0,0.98798907
7627,Pass,0,0.9996018,0.41009083,0,0.87749594
7628,Pass,0,0.9999931,0.08047576,0,0.9780479
7629,Pass,0,0.99990726,0.31675574,0,0.9061371
7630,Pass,0,0.9976156,0.18331195,0,0.944533
7631,Pass,0,0.9999931,0.07137323,0,0.9808152
7632,Pass,0,0.9999994,0.09012269,0,0.9751212
7633,Pass,0,0.99999833,0.1721331,0,0.9501875
7634,Pass,0,0.99970955,0.17212208,0,0.9499165
7635,Pass,0,0.99997485,0.18638472,0,0.94583255
7636,Pass,0,0.9996327,0.08721054,0,0.9756487
7637,Pass,0,0.9999057,0.31491435,0,0.9066954
7638,Pass,0,0.99976903,0.028480157,0,0.99363273
7639,Pass,0,0.99994767,0.1640239,0,0.95260465
7640,Pass,0,0.99984014,0.21076208,0,0.9382951
7641,Pass,0,0.98602444,0.4078867,0,0.8662379
7642,Pass,0,0.9999989,0.10705477,0,0.96997315
7643,Pass,0,0.99998665,0.22552046,0,0.9339459
7644,Pass,0,0.9999658,0.24367924,0,0.928406
7645,Pass,0,0.99998844,0.13368638,0,0.9618665
7646,Pass,0,0.9999678,0.079038404,0,0.97846013
7647,Pass,0,0.99999976,0.09151106,0,0.9746995
7648,Pass,0,0.99999785,0.07661797,0,0.9792254
7649,Pass,0,0.9996093,0.15637828,0,0.95460576
7650,Pass,0,0.99999034,0.10622957,0,0.9702156
7651,Pass,0,0.99653757,0.2786742,0,0.9146208
7652,Pass,0,0.99878067,0.25851443,0,0.92280096
7653,Pass,0,0.99932396,0.1961468,0,0.9422511
7654,Pass,0,0.99999404,0.06917479,0,0.98148453
7655,Pass,0,0.9999882,0.12990785,0,0.96301496
7656,Pass,0,0.99986875,0.16582566,0,0.9519817
7657,Pass,0,0.9999877,0.22465736,0,0.9342093
7658,Pass,0,0.9998865,0.07713655,0,0.9789587
7659,Pass,0,0.9999994,0.11430156,0,0.9677704
7660,Pass,0,0.99999976,0.13005063,0,0.9629827
7661,Pass,0,0.9997676,0.064934574,0,0.98255104
7662,Pass,0,0.99999404,0.12341848,0,0.96499354
7663,Pass,0,0.9999995,0.088063195,0,0.97574747
7664,Pass,0,0.99966574,0.39165923,0,0.8831538
7665,Pass,0,0.99991345,0.025110388,0,0.9948006
7666,Pass,0,0.9999989,0.10528164,0,0.97051215
7667,Pass,0,0.9999995,0.054696556,0,0.9858915
7668,Pass,0,0.99999845,0.11238507,0,0.96835214
7669,Pass,0,0.99998283,0.13808927,0,0.96052253
7670,Pass,0,0.9999994,0.054440793,0,0.9859692
7671,Pass,0,0.98588943,0.12231972,0,0.9517119
7672,Pass,0,0.99658173,0.28968722,0,0.9113246
7673,Pass,0,0.9999223,0.19080158,0,0.9444401
7674,Pass,0,0.9999994,0.07267272,0,0.9804263
7675,Pass,0,0.999979,0.06246809,0,0.9835087
7676,Pass,0,0.99998415,0.1263196,0,0.964102
7677,Pass,0,0.999997,0.07178153,0,0.98069495
7678,Pass,0,0.99999964,0.15110499,0,0.9565817
7679,Pass,0,0.9995086,0.5185059,0,0.8444702
7680,Pass,0,0.99856704,0.18398945,0,0.94522816
7681,Pass,0,0.9999999,0.05912242,0,0.98454636
7682,Pass,0,0.9998016,0.14842409,0,0.95720714
7683,Pass,0,0.99990404,0.23724492,0,0.93030465
7684,Pass,0,0.9999999,0.045976557,0,0.9885429
7685,Pass,0,0.99999833,0.11933629,0,0.96623874
7686,Pass,0,0.99995697,0.024477668,0,0.9950363
7687,Pass,0,0.9997876,0.31352615,0,0.9070103
7688,Pass,0,0.99998665,0.08993959,0,0.9751645
7689,Pass,0,0.9911514,0.2962148,0,0.90439194
7690,Pass,0,0.9999393,0.0883902,0,0.97558933
7691,Pass,0,0.99972147,0.1814481,0,0.9470933
7692,Pass,0,0.9994523,0.21923077,0,0.9353579
7693,Pass,0,0.9999447,0.079729974,0,0.97822726
7694,Pass,0,0.9998504,0.19224489,0,0.9439335
7695,Pass,0,0.9999572,0.112144254,0,0.9683854
7696,Pass,0,0.9998703,0.21008117,0,0.9385304
7697,Pass,0,0.9995409,0.17716765,0,0.948223
7698,Pass,0,0.99961746,0.28354397,0,0.9159676
7699,Pass,0,0.99999356,0.085367344,0,0.97656125
7700,Pass,0,0.99942124,0.13665386,0,0.9604193
7701,Pass,0,0.9999788,0.105216496,0,0.9705124
7702,Pass,0,0.9993055,0.08208857,0,0.9768854
7703,Pass,0,0.9999535,0.039152622,0,0.99057156
7704,Pass,0,0.99988186,0.08228406,0,0.97738945
7705,Pass,0,1.0,0.05931816,0,0.98448694
7706,Pass,0,0.9999368,0.108612224,0,0.9694394
7707,Pass,0,0.9998765,0.15954207,0,0.9538992
7708,Pass,0,0.9998149,0.024355927,0,0.99493194
7709,Pass,0,1.0,0.04234168,0,0.9896481
7710,Pass,0,0.9999993,0.19855665,0,0.9421552
7711,Pass,0,0.99980253,0.17591313,0,0.94885254
7712,Pass,0,1.0,0.050873727,0,0.9870542
7713,Pass,0,0.9592554,0.61970556,0,0.7809478
7714,Pass,0,0.99999034,0.11466469,0,0.9676512
7715,Pass,0,0.99999833,0.121733114,0,0.96551
7716,Pass,0,0.9999968,0.13989948,0,0.9599856
7717,Pass,0,0.999716,0.062992,0,0.9830907
7718,Pass,0,0.9995228,0.4326456,0,0.87057287
7719,Pass,0,0.99999416,0.11947103,0,0.9661937
7720,Pass,0,0.9987148,0.20175208,0,0.9399748
7721,Pass,0,0.99999964,0.08222765,0,0.97752166
7722,Pass,0,0.9998292,0.042428143,0,0.9894528
7723,Pass,0,0.99998236,0.08127869,0,0.97779334
7724,Pass,0,0.9996232,0.23071158,0,0.9320288
7725,Pass,0,0.99992204,0.042018715,0,0.9896691
7726,Pass,0,0.999967,0.085167594,0,0.976596
7727,Pass,0,0.99990296,0.044843495,0,0.9887915
7728,Pass,0,0.99000657,0.3280105,0,0.89377743
7729,Pass,0,0.9996376,0.22559412,0,0.9335975
7730,Pass,0,0.9967949,0.22158952,0,0.93215615
7731,Pass,0,0.9999864,0.06810332,0,0.98180276
7732,Pass,0,0.9898796,0.5899683,0,0.8148287
7733,Pass,0,0.9999957,0.13279767,0,0.9621437
7734,Pass,0,0.9998981,0.48459557,0,0.85510755
7735,Pass,0,0.9987437,0.35014483,0,0.89494455
7736,Pass,0,0.96803755,0.6497988,0,0.779241
7737,Pass,0,0.9999926,0.10417944,0,0.9708411
7738,Pass,0,0.99711204,0.185014,0,0.9435403
7739,Pass,0,0.99987125,0.35209465,0,0.89536214
7740,Pass,0,0.9999715,0.09219562,0,0.9744638
7741,Pass,0,0.99999094,0.19927768,0,0.94192815
7742,Pass,0,0.9999987,0.25500712,0,0.9249927
7743,Pass,0,0.99999833,0.22517279,0,0.9340625
7744,Pass,0,0.9999242,0.24518597,0,0.9279094
7745,Pass,0,0.99995625,0.50568736,0,0.8487453
7746,Pass,0,0.991478,0.19682288,0,0.93464947
7747,Pass,0,0.9998184,0.056157444,0,0.9852689
7748,Pass,0,0.9990939,0.17970528,0,0.9470281
7749,Pass,0,0.99993885,0.20523752,0,0.94006723
7750,Pass,0,0.99999344,0.09943726,0,0.9722836
7751,Pass,0,0.9999771,0.12734286,0,0.9637841
7752,Pass,0,0.99999845,0.079211295,0,0.9784376
7753,Pass,0,0.9999999,0.026062854,0,0.9945971
7754,Pass,0,0.99998,0.14568588,0,0.95821035
7755,Pass,0,0.99992144,0.61604697,0,0.815167
7756,Pass,0,0.99315405,0.11597329,0,0.9606409
7757,Pass,0,0.99996495,0.17564373,0,0.9490886
7758,Pass,0,0.99999964,0.036263805,0,0.99149555
7759,Pass,0,0.99999905,0.0929493,0,0.9742615
7760,Pass,0,0.9999641,0.3406936,0,0.89891136
7761,Pass,0,1.0,0.038122103,0,0.9909309
7762,Pass,0,0.99998987,0.12496837,0,0.9645183
7763,Pass,0,0.9998678,0.15641752,0,0.9548407
7764,Pass,0,0.99996805,0.15921275,0,0.95408666
7765,Pass,0,0.99999774,0.093725346,0,0.9740243
7766,Pass,0,0.99992704,0.23895594,0,0.9298059
7767,Pass,0,0.9999981,0.13957532,0,0.96008545
7768,Pass,0,0.9999995,0.10395465,0,0.97091615
7769,Pass,0,0.998384,0.103274226,0,0.9695541
7770,Pass,0,0.99999905,0.1544291,0,0.9555706
7771,Pass,0,0.99993503,0.12012706,0,0.96593714
7772,Pass,0,0.9999304,0.15161957,0,0.956359
7773,Pass,0,0.9996873,0.34615406,0,0.89700294
7774,Pass,0,0.99999547,0.22994101,0,0.9326102
7775,Pass,0,0.9999956,0.12928903,0,0.9632103
7776,Pass,0,0.99999845,0.15678835,0,0.9548527
7777,Pass,0,0.9999907,0.20917912,0,0.93891776
7778,Pass,0,0.99999976,0.06321688,0,0.9833014
7779,Pass,0,0.9991756,0.44035286,0,0.8679292
7780,Pass,0,0.9999764,0.17079969,0,0.9505721
7781,Pass,0,0.9997814,0.34330383,0,0.8979537
7782,Pass,0,0.9999802,0.08623873,0,0.9762833
7783,Pass,0,0.94820774,0.39608377,0,0.83641773
7784,Pass,0,0.99966216,0.1419211,0,0.95905
7785,Pass,0,0.9999981,0.2323004,0,0.9318953
7786,Pass,0,0.9999238,0.047494367,0,0.9880063
7787,Pass,0,1.0,0.045464754,0,0.98869866
7788,Pass,0,0.9997768,0.40474844,0,0.87927336
7789,Pass,0,0.9999995,0.21505724,0,0.937139
7790,Pass,0,0.99576074,0.4122062,0,0.8734837
7791,Pass,0,0.99991405,0.05306333,0,0.98630375
7792,Pass,0,1.0,0.035733,0,0.99165726
7793,Pass,0,0.99999785,0.13050623,0,0.96284235
7794,Pass,0,0.9999962,0.16564578,0,0.95215774
7795,Pass,0,0.9999784,0.14724293,0,0.9577355
7796,Pass,0,0.9999865,0.15436278,0,0.95557874
7797,Pass,0,0.999046,0.5691241,0,0.82870513
7798,Pass,0,0.99990666,0.19511482,0,0.9431142
7799,Pass,0,0.9981166,0.0805883,0,0.97617847
7800,Pass,0,0.9688815,0.5395214,0,0.81240344
7801,Pass,0,0.9998729,0.16265304,0,0.9529501
7802,Pass,0,0.9807911,0.25674888,0,0.9067064
7803,Pass,0,0.99981505,0.20141606,0,0.94111246
7804,Pass,0,0.99961424,0.19885637,0,0.94170135
7805,Pass,0,0.99999297,0.16363272,0,0.9527667
7806,Pass,0,0.9891698,0.1599231,0,0.9435702
7807,Pass,0,0.9978672,0.08880209,0,0.97344273
7808,Pass,0,0.99999726,0.11801465,0,0.9666395
7809,Pass,0,0.99998903,0.14259201,0,0.9591597
7810,Pass,0,0.999374,0.04786515,0,0.98735034
7811,Pass,0,0.99788755,0.26071367,0,0.92130864
7812,Pass,0,0.75733614,0.35073474,0,0.6784906
7813,Pass,0,0.94969374,0.11303308,0,0.9194523
7814,Pass,0,0.9999949,0.21154593,0,0.938202
7815,Pass,0,0.99993515,0.23998044,0,0.929502
7816,Pass,0,0.99999976,0.053782914,0,0.9861695
7817,Pass,0,0.99986625,0.070374094,0,0.98099446
7818,Pass,0,0.99996734,0.1076566,0,0.9697595
7819,Pass,0,0.99999964,0.08036597,0,0.97808766
7820,Pass,0,0.9998679,0.081665285,0,0.97756386
7821,Pass,0,0.7239272,0.9346855,0,0.5200396
7822,Pass,0,0.93344885,0.3531499,0,0.8355829
7823,Pass,0,0.99994767,0.18697236,0,0.9456282
7824,Pass,0,0.9999982,0.10340622,0,0.9710816
7825,Pass,0,0.99956065,0.274403,0,0.91869336
7826,Pass,0,0.9999982,0.11132045,0,0.96867555
7827,Pass,0,0.99998665,0.11151502,0,0.9686052
7828,Pass,0,0.999943,0.13659829,0,0.96093756
7829,Pass,0,0.9999589,0.20257872,0,0.94089437
7830,Pass,0,0.99976116,0.053836692,0,0.98591787
7831,Pass,0,0.9953253,0.27671325,0,0.9141016
7832,Pass,0,0.9998709,0.05206072,0,0.98656595
7833,Pass,0,0.9999999,0.06375614,0,0.9831376
7834,Pass,0,0.99999905,0.09261732,0,0.97436243
7835,Pass,0,0.999936,0.12475562,0,0.964531
7836,Pass,0,0.99999964,0.060737807,0,0.984055
7837,Pass,0,0.99456847,0.13319205,0,0.9568026
7838,Pass,0,0.9970937,0.25061423,0,0.92363715
7839,Pass,0,0.6525842,0.21395354,0,0.6117813
7840,Pass,0,0.99989855,0.24351357,0,0.92839396
7841,Pass,0,0.966452,0.40746966,0,0.84916574
7842,Pass,0,0.9942232,0.5396945,0,0.83360004
7843,Pass,0,0.99996746,0.19432965,0,0.9434102
7844,Pass,0,0.9990803,0.24132144,0,0.9283
7845,Pass,0,0.99984443,0.26805434,0,0.92088395
7846,Pass,0,0.99994934,0.16849042,0,0.95124835
7847,Pass,0,0.62848276,0.37812513,0,0.5578185
7848,Pass,0,0.9999932,0.2614787,0,0.9230201
7849,Pass,0,0.96852386,0.30169663,0,0.8821309
7850,Pass,0,0.9967713,0.19129825,0,0.94131345
7851,Pass,0,0.99976045,0.3265725,0,0.90302026
7852,Pass,0,0.99988544,0.25120422,0,0.9260439
7853,Pass,0,0.9948991,0.55621946,0,0.8291685
7854,Pass,0,0.9997608,0.22319525,0,0.9344417
7855,Pass,0,0.9999405,0.15926117,0,0.95404565
7856,Pass,0,0.5111181,0.3026688,0,0.46537498
7857,Pass,0,0.9995615,0.13295206,0,0.961679
7858,Pass,0,0.9741513,0.4522975,0,0.8426544
7859,Pass,0,0.99973375,0.19098152,0,0.9442074
7860,Pass,0,0.99984443,0.09879967,0,0.97233254
7861,Pass,0,0.9992742,0.2963918,0,0.91174996
7862,Pass,0,0.9994136,0.38087362,0,0.8862081
7863,Pass,0,0.9993,0.2300359,0,0.9319328
7864,Pass,0,0.99996614,0.11377055,0,0.9678996
7865,Pass,0,0.99984336,0.3198035,0,0.90515274
7866,Pass,0,0.9996393,0.23752193,0,0.9299741
7867,Pass,0,0.9998394,0.0750773,0,0.97953856
7868,Pass,0,0.9988285,0.24184224,0,0.9279079
7869,Pass,0,0.9957266,0.119189985,0,0.96215546
7870,Pass,0,0.99974984,0.10946326,0,0.96899945
7871,Pass,0,0.9999523,0.3163067,0,0.90631443
7872,Pass,0,0.99999297,0.2508024,0,0.92626566
7873,Pass,0,0.9999529,0.24181652,0,0.9289603
7874,Pass,0,0.99783486,0.18780544,0,0.94337744
7875,Pass,0,0.9984744,0.25810236,0,0.9226431
7876,Pass,0,0.9999889,0.24276508,0,0.92870533
7877,Pass,0,0.99996006,0.24281691,0,0.92866284
7878,Pass,0,0.9999981,0.13607751,0,0.96114886
7879,Pass,0,0.99998975,0.07754915,0,0.97893435
7880,Pass,0,0.999997,0.08451605,0,0.9768234
7881,Pass,0,0.99994266,0.031680554,0,0.99283236
7882,Pass,0,0.9999896,0.0840941,0,0.97694445
7883,Pass,0,0.99998474,0.06756551,0,0.98196465
7884,Pass,0,0.99992466,0.104586504,0,0.9706514
7885,Pass,0,0.99999,0.12217249,0,0.9653684
7886,Pass,0,0.9973086,0.45837376,0,0.86084354
7887,Pass,0,0.99843615,0.08183336,0,0.976113
7888,Pass,0,0.99978083,0.16317576,0,0.9527035
7889,Pass,0,0.99987066,0.09247882,0,0.97427946
7890,Pass,0,0.998754,0.05868408,0,0.9834528
7891,Pass,0,0.9998858,0.12338585,0,0.96489894
7892,Pass,0,0.99990237,0.06540834,0,0.9825395
7893,Pass,0,0.9991405,0.30833113,0,0.90800124
7894,Pass,0,0.99998343,0.20203951,0,0.9410814
7895,Pass,0,0.99987054,0.14464764,0,0.9584211
7896,Pass,0,0.9840353,0.2927242,0,0.898943
7897,Pass,0,0.9999615,0.1909572,0,0.9444299
7898,Pass,0,0.9922327,0.25709745,0,0.9171786
7899,Pass,0,0.492965,0.72683215,0,0.38527694
7900,Pass,0,0.7572258,0.14197275,0,0.7264509
7901,Pass,0,0.99999654,0.15145521,0,0.9564723
7902,Pass,0,0.87895596,1.1332372,0,0.5783491
7903,Pass,0,0.9751373,0.5583435,0,0.81206894
7904,Pass,0,0.9999702,0.1556766,0,0.9551637
7905,Pass,0,0.9225747,0.5336297,0,0.7752279
7906,Pass,0,0.9999707,0.12766565,0,0.9636798
7907,Pass,0,0.9994497,0.18363057,0,0.94617265
7908,Pass,0,0.99995947,0.25513542,0,0.9249174
7909,Pass,0,0.9995234,0.23211473,0,0.9315094
7910,Pass,0,0.9997807,0.26394668,0,0.92207384
7911,Pass,0,0.99194217,0.22236124,0,0.9273854
7912,Pass,0,0.99826705,0.29393306,0,0.9115772
7913,Pass,0,0.99984133,0.09799671,0,0.97257364
7914,Pass,0,0.9999124,0.16601914,0,0.95196444
7915,Pass,0,0.97009045,0.44308105,0,0.8418599
7916,Pass,0,0.9599027,0.14600533,0,0.9197139
7917,Pass,0,0.9999287,0.24074274,0,0.92926425
7918,Pass,0,0.9996526,0.18098523,0,0.94716877
7919,Pass,0,0.9978321,0.5130031,0,0.84472305
7920,Pass,0,0.93855435,0.23118475,0,0.87495446
7921,Pass,0,0.9669454,0.53943795,0,0.8108046
7922,Pass,0,0.99991083,0.28583145,0,0.91554105
7923,Pass,0,0.99986136,0.44646725,0,0.86666626
7924,Pass,0,0.9993754,0.21913387,0,0.93531543
7925,Pass,0,0.99919707,0.41032517,0,0.87706953
7926,Pass,0,0.99998593,0.17303449,0,0.9499017
7927,Pass,0,0.9946548,0.50713074,0,0.843809
7928,Pass,0,0.54876417,0.5603257,0,0.4566658
7929,Pass,0,0.9999435,0.20088933,0,0.9413935
7930,Pass,0,0.9999485,0.11613812,0,0.9671628
7931,Pass,0,0.9999565,0.14364335,0,0.9588088
7932,Pass,0,0.99999523,0.209343,0,0.93887216
7933,Pass,0,0.99999654,0.089099824,0,0.97542936
7934,Pass,0,0.9949675,0.092936836,0,0.9693633
7935,Pass,0,0.99999464,0.13190593,0,0.9624137
7936,Pass,0,0.9999877,0.0840068,0,0.9769692
7937,Pass,0,0.9999962,0.0822021,0,0.97752607
7938,Pass,0,0.9973671,0.20637383,0,0.9373049
7939,Pass,0,0.99999964,0.0532342,0,0.98633623
7940,Pass,0,0.9999889,0.14320034,0,0.9589746
7941,Pass,0,0.99999356,0.11732247,0,0.96684635
7942,Pass,0,0.99997675,0.10417133,0,0.9708282
7943,Pass,0,0.9999291,0.058457848,0,0.9846786
7944,Pass,0,0.9996123,0.049755357,0,0.9870114
7945,Pass,0,0.99998677,0.21417476,0,0.9373953
7946,Pass,0,0.9990508,0.34790054,0,0.8959013
7947,Pass,0,0.9999994,0.08051071,0,0.97804344
7948,Pass,0,0.9999893,0.18819846,0,0.9452948
7949,Pass,0,0.9999988,0.06116834,0,0.98392326
7950,Pass,0,0.9999435,0.23136045,0,0.9321302
7951,Pass,0,0.99936885,0.31114975,0,0.90735245
7952,Pass,0,0.9999224,0.2879939,0,0.9148943
7953,Pass,0,0.9999995,0.03201919,0,0.9927859
7954,Pass,0,0.99952567,0.12574054,0,0.9638359
7955,Pass,0,0.99999917,0.16408333,0,0.9526356
7956,Pass,0,0.9999988,0.069658436,0,0.98134214
7957,Pass,0,0.99999726,0.073239274,0,0.98025197
7958,Pass,0,0.9999988,0.094971105,0,0.97364664
7959,Pass,0,1.0,0.045183953,0,0.988784
7960,Pass,0,0.9999957,0.19739881,0,0.9425038
7961,Pass,0,0.9999982,0.12183377,0,0.9654793
7962,Pass,0,0.9999908,0.071328685,0,0.98082656
7963,Pass,0,0.9999963,0.16025598,0,0.95379645
7964,Pass,0,0.9928953,0.22190481,0,0.9284143
7965,Pass,0,1.0,0.041776307,0,0.98982
7966,Pass,0,0.99997556,0.06791062,0,0.9818507
7967,Pass,0,0.9999926,0.07164885,0,0.9807309
7968,Pass,0,0.9999987,0.10254863,0,0.9713428
7969,Pass,0,0.9999486,0.03245801,0,0.99260193
7970,Pass,0,0.999997,0.04142677,0,0.98992336
7971,Pass,0,0.9998722,0.34754807,0,0.8967451
7972,Pass,0,0.9999993,0.048511144,0,0.98777175
7973,Pass,0,0.99985194,0.06583899,0,0.982359
7974,Pass,0,0.9999999,0.07511981,0,0.97968286
7975,Pass,0,0.99999905,0.049554534,0,0.9874543
7976,Pass,0,0.99999404,0.15503739,0,0.9553808
7977,Pass,0,0.9999993,0.13386774,0,0.9618218
7978,Pass,0,0.99268395,0.38444653,0,0.8791625
7979,Pass,0,0.9999994,0.11097542,0,0.9687816
7980,Pass,0,0.9995952,0.0676801,0,0.9815473
7981,Pass,0,0.9999987,0.10466796,0,0.97069854
7982,Pass,0,0.9999634,0.12745607,0,0.9637365
7983,Pass,0,0.9999689,0.13241294,0,0.96223485
7984,Pass,0,0.9999925,0.08573463,0,0.97644854
7985,Pass,0,0.9825486,0.36259127,0,0.87671465
7986,Pass,0,0.99872965,0.47266287,0,0.85773146
7987,Pass,0,0.9998454,0.1286774,0,0.9632515
7988,Pass,0,0.99999404,0.16016705,0,0.95382136
7989,Pass,0,0.99996185,0.09719172,0,0.97293556
7990,Pass,0,0.83752704,0.30494243,0,0.76199263
7991,Pass,0,0.6530658,0.2341089,0,0.60823107
7992,Pass,0,0.99999964,0.08230791,0,0.9774973
7993,Pass,0,0.9999924,0.12528776,0,0.96442366
7994,Pass,0,0.99999785,0.1111972,0,0.9687127
7995,Pass,0,1.0,0.039772574,0,0.99042916
7996,Pass,0,0.9999304,0.22944416,0,0.9327006
7997,Pass,0,0.9999987,0.07112505,0,0.9808961
7998,Pass,0,0.9999571,0.28666043,0,0.91533136
7999,Pass,0,0.9999635,0.1493055,0,0.9570942
8000,Pass,0,0.999059,0.22943479,0,0.9318906
8001,Pass,0,0.99999154,0.10665446,0,0.9700876
8002,Pass,0,0.9999825,0.13302837,0,0.9620608
8003,Pass,0,0.9999298,0.09802868,0,0.97264993
8004,Pass,0,0.994249,0.24459687,0,0.9228209
8005,Pass,0,0.99995184,0.021589128,0,0.9959093
8006,Pass,0,0.9999887,0.07326066,0,0.98023707
8007,Pass,0,0.99995244,0.0635721,0,0.9831469
8008,Pass,0,0.993761,0.17519523,0,0.9433357
8009,Pass,0,0.99999964,0.083413124,0,0.9771613
8010,Pass,0,0.9973016,0.31876376,0,0.90316695
8011,Pass,0,0.99996614,0.13770045,0,0.96062475
8012,Pass,0,0.998108,0.42224357,0,0.872497
8013,Pass,0,0.9999999,0.053861406,0,0.9861458
8014,Pass,0,0.9999927,0.099050276,0,0.97240055
8015,Pass,0,0.9999975,0.17764334,0,0.9485115
8016,Pass,0,0.9989951,0.16035207,0,0.9528123
8017,Pass,0,0.99999154,0.071722634,0,0.98070747
8018,Pass,0,0.99999964,0.06079853,0,0.9840365
8019,Pass,0,0.99998796,0.16117765,0,0.95350826
8020,Pass,0,0.60578287,0.3078009,0,0.55062246
8021,Pass,0,0.99974245,0.09158546,0,0.97442603
8022,Pass,0,0.99022466,0.09085331,0,0.9653697
8023,Pass,0,0.9994765,0.3042115,0,0.9095584
8024,Pass,0,0.99999976,0.03598763,0,0.99157965
8025,Pass,0,0.9999999,0.10596046,0,0.9703067
8026,Pass,0,0.9999988,0.07105836,0,0.9809165
8027,Pass,0,0.9999993,0.088790126,0,0.9755262
8028,Pass,0,0.9997607,0.30030742,0,0.91100365
8029,Pass,0,0.9992575,0.13710813,0,0.96012396
8030,Pass,0,0.995564,0.34136078,0,0.89475393
8031,Pass,0,0.9999858,0.17558633,0,0.94912577
8032,Pass,0,0.99999,0.09662331,0,0.97313577
8033,Pass,0,0.9999987,0.054265965,0,0.9860216
8034,Pass,0,0.99997723,0.10474682,0,0.97065365
8035,Pass,0,0.9999751,0.1110339,0,0.9687403
8036,Pass,0,0.99999976,0.096847415,0,0.9730771
8037,Pass,0,0.99995494,0.20650211,0,0.939698
8038,Pass,0,0.99997926,0.16799603,0,0.9514271
8039,Pass,0,0.9999739,0.12403766,0,0.9647858
8040,Pass,0,1.0,0.042026684,0,0.9897439
8041,Pass,0,1.0,0.024505075,0,0.99507076
8042,Pass,0,0.9999999,0.029358475,0,0.9935951
8043,Pass,0,0.9968845,0.3504179,0,0.8931958
8044,Pass,0,0.99972504,0.1313095,0,0.9623356
8045,Pass,0,0.9985071,0.0827435,0,0.9759061
8046,Pass,0,0.9999982,0.0437726,0,0.9892113
8047,Pass,0,0.99779737,0.30554304,0,0.90762645
8048,Pass,0,0.99973685,0.13775156,0,0.96038896
8049,Pass,0,0.99987006,0.12558185,0,0.9642163
8050,Pass,0,0.9999758,0.2077712,0,0.93933177
8051,Pass,0,0.999997,0.08114116,0,0.9778494
8052,Pass,0,0.99999535,0.18830806,0,0.9452672
8053,Pass,0,0.9999869,0.10761632,0,0.9697907
8054,Pass,0,0.9999993,0.07422699,0,0.97995365
8055,Pass,0,0.99949014,0.12390991,0,0.9643579
8056,Pass,0,0.999982,0.25865564,0,0.923868
8057,Pass,0,0.9999167,0.26943508,0,0.9205308
8058,Pass,0,0.9976254,0.20326036,0,0.938492
8059,Pass,0,0.91563565,0.65614897,0,0.73529136
8060,Pass,0,0.99993837,0.06397676,0,0.9830101
8061,Pass,0,0.99190336,0.41431212,0,0.869465
8062,Pass,0,0.9414721,0.7357171,0,0.7332647
8063,Pass,0,0.99994576,0.21952702,0,0.9357297
8064,Pass,0,0.9966266,0.23121235,0,0.92908317
8065,Pass,0,0.9941614,0.6091321,0,0.8125612
8066,Pass,0,0.9995813,0.23993732,0,0.92918617
8067,Pass,0,0.9998876,0.22318761,0,0.9345625
8068,Pass,0,0.99809414,0.17205004,0,0.9484034
8069,Pass,0,0.9916557,0.4927205,0,0.8456092
8070,Pass,0,0.99999917,0.04578571,0,0.98860025
8071,Pass,0,0.99756074,0.32160163,0,0.902541
8072,Pass,0,0.9999671,0.34284666,0,0.89825946
8073,Pass,0,0.9999974,0.025381204,0,0.9948018
8074,Pass,0,0.99998665,0.16398032,0,0.952655
8075,Pass,0,0.99782604,0.44124848,0,0.86648524
8076,Pass,0,0.99996805,0.1664141,0,0.9518974
8077,Pass,0,0.9998535,0.18430799,0,0.9463491
8078,Pass,0,0.9979346,0.10414559,0,0.96885335
8079,Pass,0,0.99897003,0.23453844,0,0.9302576
8080,Pass,0,0.9999659,0.15307392,0,0.95595086
8081,Pass,0,0.9710566,0.32364297,0,0.8779588
8082,Pass,0,0.99999917,0.12880358,0,0.9633613
8083,Pass,0,0.9999994,0.05684392,0,0.98523855
8084,Pass,0,0.9999075,0.14079148,0,0.9596288
8085,Pass,0,0.9999515,0.16550785,0,0.95215714
8086,Pass,0,0.999856,0.09511719,0,0.9734632
8087,Pass,0,0.9999764,0.07323098,0,0.9802341
8088,Pass,0,0.9984261,0.20343141,0,0.9391933
8089,Pass,0,0.99999976,0.09085562,0,0.97489876
8090,Pass,0,0.9988776,0.09428487,0,0.9727633
8091,Pass,0,0.8914507,0.48831913,0,0.76135474
8092,Pass,0,0.978912,0.3325695,0,0.88240445
8093,Pass,0,0.9996594,0.20592523,0,0.9395955
8094,Pass,0,0.94860536,0.9061641,0,0.6896646
8095,Pass,0,0.6270411,0.7670028,0,0.48240632
8096,Pass,0,0.99998784,0.1505401,0,0.95674217
8097,Pass,0,0.99323153,0.5287545,0,0.8360721
8098,Pass,0,0.99990034,0.18455638,0,0.9463179
8099,Pass,0,0.9998041,0.07624687,0,0.97914845
8100,Pass,0,0.9989015,0.1868879,0,0.94466454
8101,Pass,0,0.9999213,0.1586061,0,0.9542265
8102,Pass,0,0.91644895,0.3348438,0,0.82546574
8103,Pass,0,0.99996483,0.13012221,0,0.96292734
8104,Pass,0,0.9996245,0.28698766,0,0.9149275
8105,Pass,0,0.99875724,0.87452734,0,0.73573273
8106,Pass,0,0.9976521,0.34377438,0,0.8958986
8107,Pass,0,0.9802428,0.68974847,0,0.7771604
8108,Pass,0,0.9999732,0.1403601,0,0.95982295
8109,Pass,0,0.99979967,0.18399498,0,0.94639325
8110,Pass,0,0.9933988,0.62496895,0,0.807155
8111,Pass,0,0.9998808,0.23539805,0,0.9308444
8112,Pass,0,0.9458009,0.35298222,0,0.84668815
8113,Pass,0,0.9999155,0.063503146,0,0.9831315
8114,Pass,0,0.9999616,0.13987494,0,0.9599593
8115,Pass,0,0.89412725,0.4003961,0,0.787541
8116,Pass,0,0.9999982,0.09446623,0,0.9737995
8117,Pass,0,0.9999981,0.081275575,0,0.9778096
8118,Pass,0,0.9999906,0.01928724,0,0.9966477
8119,Pass,0,0.99999154,0.11629422,0,0.967157
8120,Pass,0,0.99999404,0.11112741,0,0.9687302
8121,Pass,0,0.9999964,0.15508917,0,0.9553674
8122,Pass,0,0.99999976,0.10072917,0,0.971897
8123,Pass,0,0.9999968,0.082681105,0,0.97738105
8124,Pass,0,0.99999654,0.13971807,0,0.96004057
8125,Pass,0,0.99999964,0.27538598,0,0.91879797
8126,Pass,0,0.99997246,0.11339094,0,0.96802115
8127,Pass,0,0.999998,0.067168616,0,0.9820983
8128,Pass,0,0.95817244,0.6212605,0,0.7796132
8129,Pass,0,0.99999917,0.080112614,0,0.9781642
8130,Pass,0,0.9999993,0.067445986,0,0.98201525
8131,Pass,0,0.9999945,0.06918312,0,0.98148245
8132,Pass,0,0.9999933,0.097910166,0,0.97274774
8133,Pass,0,0.9999999,0.070547014,0,0.981073
8134,Pass,0,0.9999969,0.06819731,0,0.98178446
8135,Pass,0,0.9999927,0.21817985,0,0.9361832
8136,Pass,0,0.999647,0.1220861,0,0.9650636
8137,Pass,0,0.9999951,0.20102265,0,0.94140154
8138,Pass,0,0.9974474,0.078123845,0,0.9762712
8139,Pass,0,0.9999777,0.20215105,0,0.9410421
8140,Pass,0,0.9999968,0.097921304,0,0.97274774
8141,Pass,0,0.99994326,0.12127477,0,0.9655962
8142,Pass,0,0.9999558,0.13391073,0,0.96176684
8143,Pass,0,0.9993007,0.2545664,0,0.9244809
8144,Pass,0,0.99992764,0.052243408,0,0.9865664
8145,Pass,0,0.9999994,0.12735027,0,0.96380335
8146,Pass,0,0.9951255,0.13709202,0,0.9561586
8147,Pass,0,0.99997807,0.102135606,0,0.9714483
8148,Pass,0,0.99999976,0.05468868,0,0.98589414
8149,Pass,0,0.9999993,0.18896936,0,0.9450699
8150,Pass,0,0.99995005,0.13516651,0,0.9613796
8151,Pass,0,0.999015,0.1402716,0,0.9589301
8152,Pass,0,0.99999595,0.04360026,0,0.9892615
8153,Pass,0,0.99990296,0.20203985,0,0.9410056
8154,Pass,0,0.9999964,0.07518808,0,0.97965866
8155,Pass,0,0.99999857,0.05431379,0,0.9860069
8156,Pass,0,0.9998814,0.23733714,0,0.93025553
8157,Pass,0,0.99999976,0.14164475,0,0.9594579
8158,Pass,0,0.99999404,0.09114617,0,0.9748049
8159,Pass,0,0.9998791,0.062263496,0,0.9834726
8160,Pass,0,0.8858834,1.0890378,0,0.5948113
8161,Pass,0,0.9999994,0.10112964,0,0.9717749
8162,Pass,0,0.99999964,0.107797705,0,0.9697479
8163,Pass,0,0.99991167,0.118112795,0,0.96652687
8164,Pass,0,0.9998221,0.061263777,0,0.98372036
8165,Pass,0,0.99862754,0.21611455,0,0.9355322
8166,Pass,0,0.9997669,0.041290555,0,0.9897369
8167,Pass,0,0.99999976,0.050022844,0,0.9873127
8168,Pass,0,0.99996567,0.19795962,0,0.942305
8169,Pass,0,1.0,0.042538658,0,0.9895882
8170,Pass,0,0.99770963,0.2650963,0,0.919815
8171,Pass,0,0.9973742,0.30777404,0,0.906565
8172,Pass,0,0.99999654,0.08360222,0,0.97710073
8173,Pass,0,0.99999714,0.10352011,0,0.9710459
8174,Pass,0,0.99999404,0.1786571,0,0.94820005
8175,Pass,0,0.99998903,0.21529679,0,0.9370563
8176,Pass,0,0.9999956,0.07721336,0,0.9790422
8177,Pass,0,0.99999976,0.06335401,0,0.98325974
8178,Pass,0,0.9997899,0.15143251,0,0.9562815
8179,Pass,0,0.9999871,0.060958166,0,0.98397565
8180,Pass,0,0.99998546,0.24419037,0,0.92826885
8181,Pass,0,0.9690643,0.20087217,0,0.9123274
8182,Pass,0,0.82814676,0.51791126,0,0.6998387
8183,Pass,0,0.9852824,0.3756679,0,0.8752369
8184,Pass,0,0.98574084,0.20701921,0,0.92618537
8185,Pass,0,0.9999833,0.18499574,0,0.94626284
8186,Pass,0,0.99999964,0.067067556,0,0.98213065
8187,Pass,0,0.9999666,0.04600311,0,0.98850197
8188,Pass,0,0.9999802,0.24211743,0,0.9288942
8189,Pass,0,0.9999968,0.10298437,0,0.9712085
8190,Pass,0,0.99996173,0.1666841,0,0.9518093
8191,Pass,0,0.99999917,0.071312405,0,0.9808396
8192,Pass,0,0.9998272,0.103601776,0,0.97085613
8193,Pass,0,0.9993807,0.14646237,0,0.9574002
8194,Pass,0,0.9999565,0.10879072,0,0.96940416
8195,Pass,0,0.9999814,0.06171321,0,0.9837405
8196,Pass,0,0.99941826,0.21831961,0,0.93560296
8197,Pass,0,0.9999616,0.17281367,0,0.94994575
8198,Pass,0,0.9999498,0.3671472,0,0.8908565
8199,Pass,0,0.99999523,0.07133248,0,0.9808297
8200,Pass,0,0.99998736,0.10325117,0,0.9711182
8201,Pass,0,0.9999896,0.1527516,0,0.95607156
8202,Pass,0,0.9998778,0.1664277,0,0.9518074
8203,Pass,0,0.99972266,0.15931949,0,0.9538201
8204,Pass,0,0.99999464,0.17662135,0,0.9488195
8205,Pass,0,0.9999502,0.23613842,0,0.9306839
8206,Pass,0,0.9999999,0.060085442,0,0.9842536
8207,Pass,0,0.9999398,0.15272854,0,0.95603085
8208,Pass,0,0.9999504,0.25282285,0,0.92561203
8209,Pass,0,0.99998415,0.18328391,0,0.946784
8210,Pass,0,0.999938,0.16274296,0,0.9529848
8211,Pass,0,1.0,0.032463558,0,0.9926512
8212,Pass,0,0.99960274,0.1741108,0,0.9492106
8213,Pass,0,0.99991846,0.13363345,0,0.9618153
8214,Pass,0,0.9999993,0.08181106,0,0.97764796
8215,Pass,0,0.9999993,0.1006124,0,0.971932
8216,Pass,0,0.99980956,0.3730761,0,0.88892937
8217,Pass,0,0.9998759,0.24080119,0,0.9291974
8218,Pass,0,0.9998957,0.13967887,0,0.9599557
8219,Pass,0,0.99991846,0.026287472,0,0.99444777
8220,Pass,0,0.9999943,0.0789516,0,0.9785124
8221,Pass,0,0.9999994,0.115160726,0,0.96750915
8222,Pass,0,0.99999976,0.093958534,0,0.9739554
8223,Pass,0,0.9999269,0.34970033,0,0.89613986
8224,Pass,0,0.99999833,0.070138164,0,0.98119587
8225,Pass,0,0.9999938,0.21464534,0,0.93725884
8226,Pass,0,0.94063604,0.46407425,0,0.81029546
8227,Pass,0,0.9992723,0.16988425,0,0.9501808
8228,Pass,0,0.99978787,0.14481692,0,0.9582904
8229,Pass,0,0.99988616,0.03143951,0,0.9928495
8230,Pass,0,0.9979177,0.29137495,0,0.91203433
8231,Pass,0,0.99995494,0.09265447,0,0.9743082
8232,Pass,0,0.99997497,0.17422456,0,0.94952947
8233,Pass,0,0.99988556,0.023273254,0,0.99533135
8234,Pass,0,0.9998635,0.11413087,0,0.96769077
8235,Pass,0,0.99999774,0.092453085,0,0.97441113
8236,Pass,0,0.99999475,0.36272293,0,0.89224154
8237,Pass,0,0.99999845,0.11276971,0,0.9682352
8238,Pass,0,0.9999918,0.17518403,0,0.94925374
8239,Pass,0,0.9989052,0.07686901,0,0.9780792
8240,Pass,0,0.9999969,0.06500157,0,0.982756
8241,Pass,0,0.99999857,0.26841074,0,0.92091763
8242,Pass,0,0.9999918,0.44496095,0,0.8672372
8243,Pass,0,0.99608046,0.4660512,0,0.85745853
8244,Pass,0,0.9895231,0.17192623,0,0.9402963
8245,Pass,0,0.9998919,0.39775234,0,0.8815014
8246,Pass,0,0.95756924,0.5479294,0,0.8004704
8247,Pass,0,0.99993324,0.2098538,0,0.93865865
8248,Pass,0,0.99999416,0.12428222,0,0.964731
8249,Pass,0,0.9999969,0.062476873,0,0.9835236
8250,Pass,0,0.9999907,0.064444356,0,0.9829194
8251,Pass,0,0.9999925,0.13629931,0,0.961076
8252,Pass,0,0.9999825,0.028751617,0,0.9937623
8253,Pass,0,0.9999387,0.308727,0,0.90860635
8254,Pass,0,0.99998355,0.2621542,0,0.92280585
8255,Pass,0,0.9181248,0.5571248,0,0.76493055
8256,Pass,0,0.9999757,0.25886205,0,0.92379946
8257,Pass,0,0.9999114,0.12964095,0,0.96302223
8258,Pass,0,0.9997068,0.19205801,0,0.94385475
8259,Pass,0,0.740201,0.4517719,0,0.64040244
8260,Pass,0,0.9999268,0.13130595,0,0.96253085
8261,Pass,0,0.9995586,0.040261444,0,0.9898435
8262,Pass,0,0.9997867,0.24477015,0,0.92790806
8263,Pass,0,0.999964,0.19660582,0,0.94271505
8264,Pass,0,0.99996316,0.2114152,0,0.93821204
8265,Pass,0,0.9985342,0.15219702,0,0.9548484
8266,Pass,0,1.0,0.1855178,0,0.9461199
8267,Pass,0,0.9884015,0.3028595,0,0.899886
8268,Pass,0,0.9999633,0.029754577,0,0.99343836
8269,Pass,0,0.99990094,0.1778375,0,0.9483609
8270,Pass,0,0.9999447,0.50969154,0,0.84751815
8271,Pass,0,0.9999907,0.11050033,0,0.9689176
8272,Pass,0,0.99906296,0.40111518,0,0.8797491
8273,Pass,0,0.9990101,0.31398487,0,0.9061656
8274,Pass,0,0.99991024,0.124396056,0,0.96461546
8275,Pass,0,0.9992861,0.77025723,0,0.7677997
8276,Pass,0,0.99894017,0.1312447,0,0.96159977
8277,Pass,0,0.99932945,0.49739733,0,0.8507319
8278,Pass,0,0.99833775,0.3028411,0,0.908938
8279,Pass,0,0.99557376,0.49475986,0,0.84833294
8280,Pass,0,0.9999596,0.12364783,0,0.96489054
8281,Pass,0,0.9999783,0.15885219,0,0.95420605
8282,Pass,0,0.99990964,0.29208696,0,0.91363835
8283,Pass,0,0.999936,0.18698779,0,0.94561243
8284,Pass,0,0.9990717,0.53151995,0,0.84014815
8285,Pass,0,0.99998677,0.085890576,0,0.9763955
8286,Pass,0,0.99963796,0.11548448,0,0.9670611
8287,Pass,0,0.9999708,0.33989233,0,0.8991609
8288,Pass,0,0.9998567,0.18541346,0,0.946016
8289,Pass,0,0.9999906,0.024600029,0,0.99503255
8290,Pass,0,0.9998715,0.21773918,0,0.93620366
8291,Pass,0,0.9999964,0.10137241,0,0.9716982
8292,Pass,0,0.9999831,0.1491469,0,0.9571611
8293,Pass,0,0.99983454,0.28563756,0,0.91553015
8294,Pass,0,0.99999523,0.17770763,0,0.94848984
8295,Pass,0,0.99974066,0.20470385,0,0.94004315
8296,Pass,0,0.99913484,0.37909514,0,0.88650113
8297,Pass,0,0.9999677,0.19055893,0,0.9445568
8298,Pass,0,0.9997002,0.1982677,0,0.9419612
8299,Pass,0,0.99969006,0.3786255,0,0.8871365
8300,Pass,0,0.9999999,0.09972301,0,0.972203
8301,Pass,0,0.9999858,0.20971683,0,0.9387497
8302,Pass,0,0.99998343,0.16260535,0,0.9530699
8303,Pass,0,0.99767464,0.11481433,0,0.965365
8304,Pass,0,0.9991072,0.11293525,0,0.967322
8305,Pass,0,0.99977666,0.06522807,0,0.98247075
8306,Pass,0,0.9999356,0.04542873,0,0.9886459
8307,Pass,0,0.9999914,0.119520865,0,0.9661759
8308,Pass,0,0.9998018,0.4362584,0,0.8697177
8309,Pass,0,0.9998956,0.20235619,0,0.9409024
8310,Pass,0,0.9996922,0.21676664,0,0.9363314
8311,Pass,0,0.99988973,0.36680636,0,0.8909066
8312,Pass,0,0.9998746,0.14719614,0,0.9576503
8313,Pass,0,0.99997413,0.11614595,0,0.9671852
8314,Pass,0,0.9999236,0.14210854,0,0.95924383
8315,Pass,0,0.9996691,0.19160746,0,0.943956
8316,Pass,0,0.99040484,1.000925,0,0.6915214
8317,Pass,0,0.99921906,0.3710999,0,0.8890047
8318,Pass,0,0.9951994,0.37144,0,0.8853255
8319,Pass,0,0.9997588,0.11546144,0,0.967185
8320,Pass,0,0.99950707,0.38457796,0,0.8851654
8321,Pass,0,0.9801184,0.39410785,0,0.8651551
8322,Pass,0,0.997592,0.22646524,0,0.9314228
8323,Pass,0,0.99855274,0.28944394,0,0.91320086
8324,Pass,0,0.9998971,0.04290834,0,0.98937404
8325,Pass,0,0.9886445,1.4467102,0,0.5563043
8326,Pass,0,0.9996842,0.38475764,0,0.8852676
8327,Pass,0,0.9998055,0.4026997,0,0.8799214
8328,Pass,0,0.99999976,0.0760109,0,0.9794118
8329,Pass,0,0.9870364,0.31967765,0,0.8935964
8330,Pass,0,0.9999999,0.1694462,0,0.9510059
8331,Pass,0,0.9999815,0.14827795,0,0.9574238
8332,Pass,0,0.9970341,0.3287939,0,0.8998844
8333,Pass,0,0.99996996,0.0721549,0,0.9805549
8334,Pass,0,0.99994254,0.22487676,0,0.93410033
8335,Pass,0,0.99931085,0.5711608,0,0.8283061
8336,Pass,0,0.99999905,0.06706833,0,0.9821298
8337,Pass,0,0.99999714,0.1671808,0,0.951692
8338,Pass,0,0.99999976,0.11226544,0,0.96838975
8339,Pass,0,0.99211276,0.47383475,0,0.8516953
8340,Pass,0,0.9999702,0.04575633,0,0.9885805
8341,Pass,0,0.99999964,0.088934205,0,0.97548276
8342,Pass,0,0.99991524,0.10600575,0,0.9702108
8343,Pass,0,0.9999976,0.0580405,0,0.98487306
8344,Pass,0,0.9996729,0.066469595,0,0.98199147
8345,Pass,0,0.99999845,0.09163326,0,0.97466105
8346,Pass,0,0.9999869,0.0962175,0,0.9732561
8347,Pass,0,0.999835,0.23596199,0,0.9306304
8348,Pass,0,0.99993944,0.15240838,0,0.95612794
8349,Pass,0,0.9999987,0.09500516,0,0.9736362
8350,Pass,0,0.9999981,0.0921234,0,0.9745117
8351,Pass,0,0.9996438,0.33614904,0,0.9000045
8352,Pass,0,0.99977225,0.065141514,0,0.98249274
8353,Pass,0,0.99969494,0.4395617,0,0.8686208
8354,Pass,0,0.99538004,0.26822162,0,0.9167215
8355,Pass,0,0.99996006,0.33207658,0,0.9015273
8356,Pass,0,0.99999523,0.14553691,0,0.95827025
8357,Pass,0,0.9999981,0.13266098,0,0.9621875
8358,Pass,0,0.99859196,0.24956338,0,0.9253441
8359,Pass,0,0.99996305,0.09540309,0,0.97348046
8360,Pass,0,0.9996877,0.051036544,0,0.9866964
8361,Pass,0,0.99997103,0.1259972,0,0.9641873
8362,Pass,0,0.99954045,0.19768427,0,0.941988
8363,Pass,0,0.999961,0.22582698,0,0.9338288
8364,Pass,0,0.9999943,0.08969183,0,0.9752472
8365,Pass,0,0.999998,0.06174344,0,0.98374766
8366,Pass,0,0.99999964,0.13224563,0,0.96231526
8367,Pass,0,0.99985373,0.084155194,0,0.97679317
8368,Pass,0,0.9999999,0.040582754,0,0.99018276
8369,Pass,0,0.9999938,0.13952826,0,0.96009564
8370,Pass,0,0.9999993,0.062551856,0,0.9835031
8371,Pass,0,0.99999046,0.11183813,0,0.9685107
8372,Pass,0,0.9997906,0.11856337,0,0.96627295
8373,Pass,0,0.9998996,0.14402963,0,0.9586368
8374,Pass,0,0.99829453,0.5467511,0,0.83487195
8375,Pass,0,0.9898797,0.55322385,0,0.8258868
8376,Pass,0,0.97994703,0.73726165,0,0.76277065
8377,Pass,0,0.999992,0.101395905,0,0.9716868
8378,Pass,0,0.9997502,0.2991081,0,0.91135865
8379,Pass,0,0.99862874,0.27382478,0,0.9180124
8380,Pass,0,0.99999964,0.06761915,0,0.9819629
8381,Pass,0,0.9999701,0.30440673,0,0.9099482
8382,Pass,0,0.9826968,0.53009784,0,0.8268029
8383,Pass,0,0.9927772,0.24644075,0,0.9208984
8384,Pass,0,0.9999999,0.103036396,0,0.9711957
8385,Pass,0,0.9999987,0.08498907,0,0.9766813
8386,Pass,0,0.99990666,0.23794992,0,0.93009275
8387,Pass,0,0.99983895,0.20178448,0,0.94102293
8388,Pass,0,0.99985313,0.13284822,0,0.96199113
8389,Pass,0,0.9999182,0.07501813,0,0.97963375
8390,Pass,0,0.9999336,0.02955128,0,0.99347067
8391,Pass,0,0.9993585,0.40349317,0,0.8792869
8392,Pass,0,0.9953655,0.2638342,0,0.9180358
8393,Pass,0,0.9999293,0.10324145,0,0.9710648
8394,Pass,0,0.9999957,0.15381785,0,0.95575315
8395,Pass,0,0.99999475,0.12057348,0,0.9658591
8396,Pass,0,0.99967587,0.078311004,0,0.9783956
8397,Pass,0,0.9060985,0.6420763,0,0.73150927
8398,Pass,0,0.99999356,0.31131157,0,0.9078704
8399,Pass,0,1.0,0.040153563,0,0.99031335
8400,Pass,0,0.999933,0.357915,0,0.893648
8401,Pass,0,0.999995,0.14418672,0,0.9586805
8402,Pass,0,0.9999758,0.11491801,0,0.9675601
8403,Pass,0,0.99999094,0.14896835,0,0.957223
8404,Pass,0,0.9999136,0.18141152,0,0.9472864
8405,Pass,0,0.99981886,0.34696645,0,0.896874
8406,Pass,0,0.9907218,0.6262192,0,0.8046033
8407,Pass,0,0.9999224,0.19565387,0,0.94296515
8408,Pass,0,0.48363692,1.4122376,0,0.2772082
8409,Pass,0,0.99994314,0.17169212,0,0.9502691
8410,Pass,0,0.6947805,0.73031795,0,0.5422696
8411,Pass,0,0.99991,0.105714604,0,0.97029424
8412,Pass,0,0.99996567,0.10223821,0,0.9714051
8413,Pass,0,0.99913687,0.30925375,0,0.9077177
8414,Pass,0,0.99965763,0.11806842,0,0.9662948
8415,Pass,0,0.9999882,0.1023866,0,0.9713819
8416,Pass,0,0.99817944,0.33515006,0,0.89898926
8417,Pass,0,0.999995,0.14386873,0,0.9587772
8418,Pass,0,0.9998745,0.060646787,0,0.9839595
8419,Pass,0,0.9998486,0.11632922,0,0.96700805
8420,Pass,0,0.99990296,0.024348697,0,0.99502176
8421,Pass,0,0.99999905,0.088607565,0,0.97558147
8422,Pass,0,0.9999639,0.086364895,0,0.97622895
8423,Pass,0,0.9999809,0.07713243,0,0.9790524
8424,Pass,0,1.0,0.08212478,0,0.9775533
8425,Pass,0,0.9988586,0.32510552,0,0.90265113
8426,Pass,0,0.9997143,0.22056328,0,0.9351982
8427,Pass,0,0.99990594,0.037295725,0,0.991089
8428,Pass,0,0.9999958,0.14460862,0,0.9585531
8429,Pass,0,0.99898225,0.21232031,0,0.93701684
8430,Pass,0,0.99612325,0.20731857,0,0.93584985
8431,Pass,0,0.998654,0.14124987,0,0.9582866
8432,Pass,0,0.9999862,0.017266823,0,0.9972576
8433,Pass,0,0.9999995,0.054842874,0,0.98584706
8434,Pass,0,0.99999726,0.15954879,0,0.95401233
8435,Pass,0,0.9907206,0.39471453,0,0.87433094
8436,Pass,0,0.9999497,0.09619404,0,0.9732271
8437,Pass,0,0.99999917,0.10987661,0,0.9691154
8438,Pass,0,0.9999993,0.07074115,0,0.9810134
8439,Pass,0,0.9999461,0.10137985,0,0.9716471
8440,Pass,0,0.99998283,0.14515857,0,0.9583734
8441,Pass,0,0.9999995,0.07899343,0,0.97850484
8442,Pass,0,0.99412245,0.22055444,0,0.92996985
8443,Pass,0,0.99988484,0.033766195,0,0.99214095
8444,Pass,0,0.9992588,0.3620466,0,0.8917904
8445,Pass,0,0.99999857,0.118968874,0,0.9663507
8446,Pass,0,0.9999999,0.05263227,0,0.98651946
8447,Pass,0,1.0,0.091789715,0,0.974615
8448,Pass,0,0.9999505,0.092939354,0,0.97421724
8449,Pass,0,0.99980325,0.031209953,0,0.992837
8450,Pass,0,0.9999995,0.2387199,0,0.92994505
8451,Pass,0,0.99999416,0.07666722,0,0.9792068
8452,Pass,0,0.9997633,0.23645133,0,0.93041486
8453,Pass,0,0.9948801,0.27810776,0,0.9132709
8454,Pass,0,1.0,0.044926815,0,0.98886216
8455,Pass,0,0.999998,0.056660146,0,0.98529303
8456,Pass,0,0.99061245,0.30533728,0,0.90115273
8457,Pass,0,0.9998729,0.31942064,0,0.9052959
8458,Pass,0,0.99999845,0.08792085,0,0.9757897
8459,Pass,0,0.9983467,0.18666598,0,0.9442072
8460,Pass,0,0.9999999,0.07541019,0,0.9795945
8461,Pass,0,0.9999939,0.045157716,0,0.988786
8462,Pass,0,0.99999523,0.09704294,0,0.9730133
8463,Pass,0,0.99989974,0.2614672,0,0.92293733
8464,Pass,0,0.99999976,0.055419784,0,0.9856719
8465,Pass,0,0.9999715,0.12758411,0,0.96370536
8466,Pass,0,0.9999856,0.23728293,0,0.93036896
8467,Pass,0,0.9998574,0.26042345,0,0.9232155
8468,Pass,0,0.99999416,0.016998222,0,0.9973472
8469,Pass,0,0.9872968,0.18912476,0,0.9330185
8470,Pass,0,0.99999845,0.11029884,0,0.9689864
8471,Pass,0,0.9999963,0.058546975,0,0.9847178
8472,Pass,0,0.9999813,0.20442638,0,0.94035375
8473,Pass,0,0.9999943,0.082931034,0,0.9773026
8474,Pass,0,0.9999999,0.04374033,0,0.98922276
8475,Pass,0,0.99999535,0.1473991,0,0.95770425
8476,Pass,0,0.9987043,0.33611578,0,0.8991688
8477,Pass,0,0.99985874,0.32026535,0,0.9050263
8478,Pass,0,0.99999833,0.034608126,0,0.9919976
8479,Pass,0,0.99998033,0.09297659,0,0.97423494
8480,Pass,0,0.9999999,0.09090768,0,0.974883
8481,Pass,0,0.9999857,0.12342666,0,0.9649829
8482,Pass,0,0.99999774,0.1755006,0,0.9491632
8483,Pass,0,0.99997795,0.11156291,0,0.9685822
8484,Pass,0,0.9999999,0.048949003,0,0.98763925
8485,Pass,0,0.99863404,0.29359505,0,0.91201496
8486,Pass,0,0.99935955,0.2631296,0,0.9219336
8487,Pass,0,0.9999647,0.20479712,0,0.9402254
8488,Pass,0,0.9981592,0.103701875,0,0.9692061
8489,Pass,0,0.99994063,0.2227493,0,0.9347454
8490,Pass,0,0.999977,0.0743387,0,0.9798979
8491,Pass,0,0.99677926,0.109064534,0,0.96624106
8492,Pass,0,0.99997187,0.06423878,0,0.9829633
8493,Pass,0,0.92760515,0.1819196,0,0.8786404
8494,Pass,0,0.99977547,0.1663709,0,0.95172715
8495,Pass,0,0.9995615,0.21355943,0,0.93718356
8496,Pass,0,0.9999943,0.119196445,0,0.9662773
8497,Pass,0,0.997079,0.14914937,0,0.9543807
8498,Pass,0,0.9998851,0.19625407,0,0.94274753
8499,Pass,0,0.9999995,0.09885371,0,0.97246695
8500,Pass,0,0.9999981,0.07367115,0,0.98012155
8501,Pass,0,0.99992156,0.22046803,0,0.93542105
8502,Pass,0,0.99638236,0.3995054,0,0.87787634
8503,Pass,0,0.97947764,0.23383252,0,0.9123162
8504,Pass,0,0.5434831,0.59789467,0,0.44606355
8505,Pass,0,0.99998987,0.21038736,0,0.9385496
8506,Pass,0,0.99991953,0.115376204,0,0.9673664
8507,Pass,0,0.99997437,0.36980158,0,0.8900714
8508,Pass,0,0.8857158,0.53992695,0,0.74256015
8509,Pass,0,0.9655975,0.17087135,0,0.91787064
8510,Pass,0,0.9988709,0.268297,0,0.91991365
8511,Pass,0,0.9998299,0.16950764,0,0.9508255
8512,Pass,0,0.99992085,0.13601775,0,0.96109277
8513,Pass,0,0.99999046,0.07006309,0,0.98121095
8514,Pass,0,0.99999464,0.18905587,0,0.9450392
8515,Pass,0,0.9999844,0.18725501,0,0.94557697
8516,Pass,0,0.9999988,0.12071312,0,0.9658206
8517,Pass,0,0.9999976,0.15551932,0,0.95523775
8518,Pass,0,0.9999976,0.10514441,0,0.97055256
8519,Pass,0,0.99875915,0.2926835,0,0.91240597
8520,Pass,0,0.89992386,1.4501785,0,0.50543284
8521,Pass,0,0.9996978,0.35849383,0,0.89326197
8522,Pass,0,0.97400403,0.5323666,0,0.8188174
8523,Pass,0,0.87085223,0.38437584,0,0.77128196
8524,Pass,0,0.9999206,0.33979127,0,0.8991465
8525,Pass,0,0.9994517,0.14883335,0,0.9567478
8526,Pass,0,0.99877435,0.047591746,0,0.986841
8527,Pass,0,0.421608,1.3108963,0,0.25464442
8528,Pass,0,0.9999902,0.09031144,0,0.97505486
8529,Pass,0,0.9991586,0.3372205,0,0.8992423
8530,Pass,0,0.9998671,0.59603554,0,0.8212057
8531,Pass,0,0.9999964,0.18519048,0,0.94621605
8532,Pass,0,0.9999945,0.107685655,0,0.96977705
8533,Pass,0,0.99996305,0.12013574,0,0.9659616
8534,Pass,0,0.9999783,0.119013004,0,0.96631765
8535,Pass,0,0.9999993,0.12787828,0,0.96364266
8536,Pass,0,0.9997515,0.02643846,0,0.9942359
8537,Pass,0,0.99979216,0.17140427,0,0.95021313
8538,Pass,0,0.9997117,0.062346093,0,0.9832828
8539,Pass,0,0.9999536,0.34721464,0,0.8969195
8540,Pass,0,0.99986863,0.029319774,0,0.9934765
8541,Pass,0,0.99989617,0.17511927,0,0.9491827
8542,Pass,0,0.999992,0.10089281,0,0.9718397
8543,Pass,0,0.9998741,0.031938512,0,0.99268585
8544,Pass,0,0.9998104,0.14115052,0,0.9594264
8545,Pass,0,0.99990356,0.061056666,0,0.98386353
8546,Pass,0,0.9999924,0.11863824,0,0.96644515
8547,Pass,0,0.9999974,0.20967536,0,0.9387731
8548,Pass,0,0.99999917,0.037541464,0,0.9911066
8549,Pass,0,0.9998343,0.08263832,0,0.97723526
8550,Pass,0,0.9999819,0.33715054,0,0.9000044
8551,Pass,0,0.99999976,0.06568366,0,0.98255146
8552,Pass,0,0.99999,0.07517171,0,0.97965735
8553,Pass,0,0.99997866,0.55031496,0,0.835197
8554,Pass,0,0.99999976,0.059750848,0,0.98435515
8555,Pass,0,0.99999857,0.0970402,0,0.9730174
8556,Pass,0,0.9999958,0.10180024,0,0.9715676
8557,Pass,0,0.9999877,0.124980085,0,0.96451265
8558,Pass,0,0.99370766,0.21720356,0,0.93059415
8559,Pass,0,0.99985397,0.04006515,0,0.99019563
8560,Pass,0,0.9999987,0.12743951,0,0.9637755
8561,Pass,0,0.9999778,0.26183692,0,0.92289704
8562,Pass,0,0.9999968,0.077506885,0,0.9789541
8563,Pass,0,0.99999976,0.13289765,0,0.9621172
8564,Pass,0,0.9999939,0.13714503,0,0.9608203
8565,Pass,0,0.9996245,0.122979455,0,0.9647703
8566,Pass,0,0.9999646,0.25822186,0,0.9239838
8567,Pass,0,0.999992,0.0748822,0,0.97974735
8568,Pass,0,0.9999809,0.030196749,0,0.9933214
8569,Pass,0,0.99999857,0.08572764,0,0.9764566
8570,Pass,0,0.9999882,0.12873198,0,0.96337247
8571,Pass,0,0.9999714,0.19998166,0,0.9416957
8572,Pass,0,0.99999917,0.10796075,0,0.96969783
8573,Pass,0,0.9999893,0.10460284,0,0.97070915
8574,Pass,0,0.9999474,0.15999359,0,0.9538296
8575,Pass,0,0.9997887,0.13167447,0,0.96228594
8576,Pass,0,0.9999641,0.03493069,0,0.99186563
8577,Pass,0,0.9999701,0.102389924,0,0.97136325
8578,Pass,0,0.99997663,0.23556304,0,0.93088347
8579,Pass,0,0.9999938,0.10467962,0,0.9706902
8580,Pass,0,0.9999964,0.091768436,0,0.974618
8581,Pass,0,0.9989165,0.19954996,0,0.9408334
8582,Pass,0,0.999997,0.14980683,0,0.95697385
8583,Pass,0,0.9999975,0.1354173,0,0.961349
8584,Pass,0,0.98802,0.6741124,0,0.78802305
8585,Pass,0,0.9999974,0.08402149,0,0.9769741
8586,Pass,0,0.9999645,0.018650843,0,0.99681515
8587,Pass,0,0.9996989,0.07825476,0,0.9784351
8588,Pass,0,0.9999845,0.18376206,0,0.946639
8589,Pass,0,0.9999914,0.13936608,0,0.9601427
8590,Pass,0,0.9999782,0.14029314,0,0.9598481
8591,Pass,0,0.9999685,0.11005573,0,0.9690313
8592,Pass,0,0.9999894,0.32407477,0,0.9039864
8593,Pass,0,0.99994195,0.081133455,0,0.9777979
8594,Pass,0,0.99998045,0.19429153,0,0.9434341
8595,Pass,0,0.99998486,0.10597256,0,0.97028846
8596,Pass,0,0.99994564,0.19133908,0,0.9442988
8597,Pass,0,0.9987379,0.12882681,0,0.9621391
8598,Pass,0,0.99979895,0.1873017,0,0.9453875
8599,Pass,0,0.99996734,0.14778596,0,0.9575598
8600,Pass,0,0.9999577,0.04396268,0,0.98911345
8601,Pass,0,0.99999285,0.30465588,0,0.9098932
8602,Pass,0,0.99999905,0.38688567,0,0.8848995
8603,Pass,0,0.9995968,0.12362706,0,0.96454674
8604,Pass,0,0.999819,0.030545535,0,0.99305457
8605,Pass,0,0.9999894,0.100838386,0,0.97185373
8606,Pass,0,0.99991345,0.09527062,0,0.9734725
8607,Pass,0,0.7577793,0.6101536,0,0.61912286
8608,Pass,0,0.9998573,0.056767885,0,0.98512167
8609,Pass,0,0.99999726,0.09970889,0,0.97220474
8610,Pass,0,0.9999503,0.1412407,0,0.9595333
8611,Pass,0,0.999734,0.08777278,0,0.97557664
8612,Pass,0,0.9999999,0.096498385,0,0.97318333
8613,Pass,0,0.9998037,0.35053533,0,0.8957757
8614,Pass,0,0.9999151,0.10623883,0,0.9701398
8615,Pass,0,0.9998634,0.26134998,0,0.9229394
8616,Pass,0,0.9999881,0.041136216,0,0.9900028
8617,Pass,0,0.99979025,0.1596364,0,0.9537882
8618,Pass,0,0.999997,0.07132243,0,0.9808345
8619,Pass,0,0.9999974,0.053583402,0,0.98622787
8620,Pass,0,0.999969,0.16559146,0,0.9521484
8621,Pass,0,0.9994823,0.11768288,0,0.9662425
8622,Pass,0,0.99999857,0.074853845,0,0.9797624
8623,Pass,0,0.9998054,0.281882,0,0.916645
8624,Pass,0,0.94332075,0.3178958,0,0.8545303
8625,Pass,0,0.99999714,0.24130946,0,0.9291555
8626,Pass,0,0.999987,0.13158031,0,0.9625054
8627,Pass,0,0.9999962,0.07920585,0,0.97843695
8628,Pass,0,0.99997437,0.106530316,0,0.9701087
8629,Pass,0,0.9986406,0.19253947,0,0.942702
8630,Pass,0,0.9999994,0.14901195,0,0.95721775
8631,Pass,0,0.99955577,0.096281275,0,0.9728171
8632,Pass,0,0.99995124,0.32984984,0,0.9021963
8633,Pass,0,0.999838,0.10834793,0,0.96942395
8634,Pass,0,0.9998392,0.109671004,0,0.96902287
8635,Pass,0,0.99997747,0.14168079,0,0.9594255
8636,Pass,0,0.99991596,0.077075005,0,0.97900623
8637,Pass,0,0.9999759,0.1634659,0,0.95280117
8638,Pass,0,0.9999603,0.08988368,0,0.9751558
8639,Pass,0,0.9999064,0.48182762,0,0.8559561
8640,Pass,0,0.9997427,0.1680346,0,0.95119035
8641,Pass,0,0.99996483,0.0769559,0,0.9790903
8642,Pass,0,0.99993944,0.082322076,0,0.97743416
8643,Pass,0,0.9999995,0.13177216,0,0.9624591
8644,Pass,0,0.9999863,0.11255759,0,0.9682879
8645,Pass,0,0.99997747,0.1616266,0,0.9533618
8646,Pass,0,0.9999995,0.21171972,0,0.93815356
8647,Pass,0,0.9999931,0.15854093,0,0.95431477
8648,Pass,0,0.99999964,0.13183095,0,0.9624413
8649,Pass,0,0.99996614,0.114284575,0,0.96774334
8650,Pass,0,0.9999268,0.054171644,0,0.9859794
8651,Pass,0,0.99994993,0.15055035,0,0.95670277
8652,Pass,0,0.99999666,0.10791858,0,0.9697083
8653,Pass,0,0.9995989,0.411583,0,0.87703997
8654,Pass,0,0.9999064,0.15937482,0,0.9539786
8655,Pass,0,0.9996245,0.20394656,0,0.9401641
8656,Pass,0,0.9999682,0.20192091,0,0.9411031
8657,Pass,0,0.9999995,0.07004693,0,0.9812247
8658,Pass,0,0.9999043,0.053105243,0,0.9862814
8659,Pass,0,0.99997663,0.058514755,0,0.9847082
8660,Pass,0,0.9999877,0.054620307,0,0.9859031
8661,Pass,0,0.99998415,0.11327066,0,0.968069
8662,Pass,0,0.9999926,0.1347588,0,0.9615445
8663,Pass,0,0.99991286,0.13704035,0,0.96077424
8664,Pass,0,0.99999297,0.10821889,0,0.96961343
8665,Pass,0,0.9998542,0.21714275,0,0.93636876
8666,Pass,0,0.9998368,0.06179905,0,0.9835722
8667,Pass,0,0.99999416,0.10583188,0,0.97034025
8668,Pass,0,0.99999964,0.059429154,0,0.98445284
8669,Pass,0,0.99999213,0.1443773,0,0.95861983
8670,Pass,0,0.99907434,0.099571556,0,0.9713492
8671,Pass,0,0.99999845,0.11059732,0,0.9688956
8672,Pass,0,0.99996555,0.0198727,0,0.99644476
8673,Pass,0,0.9999918,0.10521393,0,0.9705258
8674,Pass,0,0.999752,0.15201783,0,0.9560674
8675,Pass,0,0.99999976,0.062138595,0,0.9836292
8676,Pass,0,0.99999845,0.098550595,0,0.9725581
8677,Pass,0,0.99999964,0.05607069,0,0.9854739
8678,Pass,0,0.9999877,0.13102159,0,0.962676
8679,Pass,0,0.9998609,0.13237752,0,0.9621417
8680,Pass,0,0.9999976,0.06343515,0,0.983233
8681,Pass,0,0.9998468,0.14404482,0,0.9585816
8682,Pass,0,0.9999583,0.046751473,0,0.9882662
8683,Pass,0,0.9999993,0.10858562,0,0.969508
8684,Pass,0,0.9989392,0.15958475,0,0.9529921
8685,Pass,0,0.99999976,0.09387452,0,0.9739809
8686,Pass,0,0.9999913,0.10410629,0,0.97086203
8687,Pass,0,0.99999964,0.04318521,0,0.9893913
8688,Pass,0,0.9999807,0.20514582,0,0.94013447
8689,Pass,0,0.9999925,0.14536509,0,0.95831984
8690,Pass,0,0.99997306,0.12125982,0,0.9656295
8691,Pass,0,0.9999825,0.1649985,0,0.9523415
8692,Pass,0,0.9999405,0.025439737,0,0.99472743
8693,Pass,0,0.99998116,0.15968606,0,0.9539553
8694,Pass,0,0.9996935,0.10266246,0,0.9710118
8695,Pass,0,0.9999995,0.06917635,0,0.9814894
8696,Pass,0,0.9999995,0.12613498,0,0.9641729
8697,Pass,0,0.9999999,0.022676574,0,0.99562657
8698,Pass,0,0.9999963,0.1313338,0,0.96258926
8699,Pass,0,0.9999975,0.13952267,0,0.9601009
8700,Pass,0,0.99992645,0.09362958,0,0.973984
8701,Pass,0,0.9999981,0.09481935,0,0.97369206
8702,Pass,0,0.9999969,0.06663915,0,0.9822582
8703,Pass,0,0.9996964,0.1417146,0,0.9591456
8704,Pass,0,0.9999999,0.15729177,0,0.954701
8705,Pass,0,0.9998807,0.071282506,0,0.9807325
8706,Pass,0,0.99999607,0.064004734,0,0.9830583
8707,Pass,0,0.9999999,0.08896899,0,0.97547245
8708,Pass,0,0.9998863,0.041528594,0,0.9897827
8709,Pass,0,0.99999964,0.11167776,0,0.9685683
8710,Pass,0,0.9999989,0.10548531,0,0.9704503
8711,Pass,0,0.9999987,0.2588695,0,0.92381847
8712,Pass,0,0.9999994,0.15773243,0,0.9545666
8713,Pass,0,0.99998283,0.07344204,0,0.9801762
8714,Pass,0,0.9999969,0.11098397,0,0.9687766
8715,Pass,0,0.99924755,0.061781276,0,0.9829979
8716,Pass,0,0.99999905,0.07978796,0,0.9782628
8717,Pass,0,0.9999292,0.23828347,0,0.9300123
8718,Pass,0,0.99998546,0.08506722,0,0.9766446
8719,Pass,0,0.9999957,0.13260333,0,0.9622028
8720,Pass,0,0.99997234,0.017376723,0,0.9972103
8721,Pass,0,0.9999999,0.09209041,0,0.9745234
8722,Pass,0,0.99989617,0.17559195,0,0.94903904
8723,Pass,0,0.99923885,0.08232784,0,0.9767475
8724,Pass,0,0.9999398,0.056299794,0,0.9853453
8725,Pass,0,0.999995,0.09800304,0,0.97272116
8726,Pass,0,0.9999553,0.14702973,0,0.9577782
8727,Pass,0,0.9999788,0.09615036,0,0.9732686
8728,Pass,0,0.99997675,0.073794544,0,0.9800631
8729,Pass,0,0.99981505,0.05820127,0,0.98464435
8730,Pass,0,0.9999881,0.1335885,0,0.96189594
8731,Pass,0,0.9999964,0.13210057,0,0.96235627
8732,Pass,0,0.99999475,0.10165255,0,0.9716114
8733,Pass,0,0.9999918,0.12369272,0,0.96490794
8734,Pass,0,0.9999989,0.035760034,0,0.99164796
8735,Pass,0,0.9999727,0.25419718,0,0.9252148
8736,Pass,0,0.9998354,0.3118795,0,0.9075542
8737,Pass,0,0.9999895,0.1078495,0,0.96972233
8738,Pass,0,0.9968874,0.14919384,0,0.9541838
8739,Pass,0,1.0,0.06794958,0,0.98186284
8740,Pass,0,0.9999367,0.044481773,0,0.9889349
8741,Pass,0,0.99999976,0.07105204,0,0.98091936
8742,Pass,0,0.99959046,0.30292058,0,0.9100544
8743,Pass,0,0.99999964,0.07100802,0,0.98093265
8744,Pass,0,0.9999963,0.057792637,0,0.9849471
8745,Pass,0,0.99996924,0.013978273,0,0.9982404
8746,Pass,0,0.99999726,0.09376345,0,0.97401226
8747,Pass,0,0.9999999,0.038236808,0,0.9908959
8748,Pass,0,0.99999046,0.07978385,0,0.9782556
8749,Pass,0,0.9999882,0.11022574,0,0.9689987
8750,Pass,0,0.99996173,0.21738516,0,0.9363958
8751,Pass,0,0.99999666,0.09399339,0,0.97394174
8752,Pass,0,0.99996495,0.07167281,0,0.9806965
8753,Pass,0,0.9999654,0.110799246,0,0.9688022
8754,Pass,0,0.9999995,0.10034124,0,0.97201467
8755,Pass,0,0.9997819,0.14880498,0,0.9570725
8756,Pass,0,0.9998933,0.2894278,0,0.91443175
8757,Pass,0,0.99999654,0.14848438,0,0.9573754
8758,Pass,0,0.999966,0.028255487,0,0.9938968
8759,Pass,0,0.99999404,0.07977082,0,0.97826314
8760,Pass,0,0.9999993,0.06763614,0,0.98195744
8761,Pass,0,0.99999285,0.086084925,0,0.9763424
8762,Pass,0,0.9999615,0.04478191,0,0.9888682
8763,Pass,0,0.99996257,0.26282567,0,0.9225824
8764,Pass,0,0.99994457,0.30126572,0,0.9108799
8765,Pass,0,0.99997425,0.28832856,0,0.91484
8766,Pass,0,0.9999995,0.088461995,0,0.97562623
8767,Pass,0,0.9999573,0.12987177,0,0.9629962
8768,Pass,0,0.9999666,0.013826095,0,0.99828404
8769,Pass,0,0.99999785,0.061797317,0,0.98373115
8770,Pass,0,0.99999654,0.13208589,0,0.96236086
8771,Pass,0,0.9999993,0.020751255,0,0.9962113
8772,Pass,0,0.99999607,0.101414084,0,0.9716852
8773,Pass,0,0.9999987,0.07197924,0,0.9806364
8774,Pass,0,0.9999999,0.04452965,0,0.9889828
8775,Pass,0,0.99998295,0.21560608,0,0.9369565
8776,Pass,0,0.9998215,0.045762837,0,0.9884315
8777,Pass,0,0.99999964,0.045138635,0,0.9887974
8778,Pass,0,0.99999475,0.08112442,0,0.9778523
8779,Pass,0,0.9999999,0.032740433,0,0.99256694
8780,Pass,0,0.9999999,0.060278516,0,0.9841949
8781,Pass,0,0.99651825,0.24472362,0,0.9248888
8782,Pass,0,0.9996412,0.09857919,0,0.9722019
8783,Pass,0,0.9999999,0.060853235,0,0.9840201
8784,Pass,0,0.99999046,0.09916637,0,0.97236305
8785,Pass,0,0.99936694,0.19130737,0,0.94376194
8786,Pass,0,0.9999995,0.055630717,0,0.9856075
8787,Pass,0,0.9999552,0.10882322,0,0.969393
8788,Pass,0,0.9999939,0.2284309,0,0.93306786
8789,Pass,0,0.9999999,0.03149544,0,0.99294543
8790,Pass,0,0.9999994,0.09322218,0,0.9741789
8791,Pass,0,0.9999974,0.054313358,0,0.98600596
8792,Pass,0,0.99999917,0.07684489,0,0.9791577
8793,Pass,0,0.99999917,0.063216634,0,0.9833009
8794,Pass,0,0.99999964,0.12723774,0,0.9638378
8795,Pass,0,0.9999821,0.19610478,0,0.9428844
8796,Pass,0,0.99999356,0.084665805,0,0.9767745
8797,Pass,0,0.99999905,0.06423727,0,0.9829905
8798,Pass,0,0.99999404,0.088279635,0,0.9756763
8799,Pass,0,0.999954,0.04409994,0,0.98906803
8800,Pass,0,0.9999999,0.053762935,0,0.9861757
8801,Pass,0,0.99999845,0.09041663,0,0.97503096
8802,Pass,0,0.9999982,0.1088114,0,0.9694384
8803,Pass,0,0.9999826,0.10716038,0,0.96992517
8804,Pass,0,0.9999815,0.10430405,0,0.9707925
8805,Pass,0,0.9999832,0.11077208,0,0.9688277
8806,Pass,0,0.9999567,0.71033025,0,0.7865331
8807,Pass,0,0.99986196,0.1397463,0,0.9599028
8808,Pass,0,0.9999931,0.13806109,0,0.960541
8809,Pass,0,0.9999747,0.018015977,0,0.9970184
8810,Pass,0,0.9999987,0.1632582,0,0.952886
8811,Pass,0,0.9999999,0.050833654,0,0.98706627
8812,Pass,0,0.9999963,0.05008053,0,0.98729175
8813,Pass,0,1.0,0.054279745,0,0.9860187
8814,Pass,0,0.9999987,0.046016812,0,0.9885295
8815,Pass,0,0.99999774,0.11885442,0,0.9663846
8816,Pass,0,0.9999809,0.23390387,0,0.9313919
8817,Pass,0,0.9999311,0.10141159,0,0.9716228
8818,Pass,0,0.9999975,0.12847474,0,0.9634597
8819,Pass,0,0.99997556,0.0236888,0,0.99529463
8820,Pass,0,0.9999937,0.1541786,0,0.95564157
8821,Pass,0,0.9999881,0.11827373,0,0.96655184
8822,Pass,0,0.99998856,0.1597944,0,0.95392936
8823,Pass,0,0.9999685,0.32656437,0,0.9032107
8824,Pass,0,0.99999833,0.05784782,0,0.9849323
8825,Pass,0,0.9999763,0.107222944,0,0.9699
8826,Pass,0,0.9999981,0.17368042,0,0.9497169
8827,Pass,0,0.999966,0.095693946,0,0.97339493
8828,Pass,0,0.99999976,0.0244301,0,0.99509335
8829,Pass,0,0.99999475,0.11327438,0,0.9680782
8830,Pass,0,0.99999857,0.04948393,0,0.98747534
8831,Pass,0,0.99999917,0.030552886,0,0.9932313
8832,Pass,0,0.999992,0.091459826,0,0.9747075
8833,Pass,0,0.9999865,0.14144237,0,0.95950675
8834,Pass,0,0.9999969,0.09987117,0,0.97215503
8835,Pass,0,0.9999869,0.14919281,0,0.9571508
8836,Pass,0,0.99999905,0.06586014,0,0.9824971
8837,Pass,0,0.9999596,0.11948248,0,0.96615684
8838,Pass,0,0.99999976,0.048079774,0,0.9879034
8839,Pass,0,0.99997926,0.09179765,0,0.9745924
8840,Pass,0,1.0,0.07597113,0,0.9794241
8841,Pass,0,0.99999654,0.085912175,0,0.97639847
8842,Pass,0,0.9999312,0.12208555,0,0.9653381
8843,Pass,0,0.9999993,0.078515634,0,0.97864985
8844,Pass,0,0.99999964,0.09115191,0,0.9748085
8845,Pass,0,0.99999523,0.06423155,0,0.9829885
8846,Pass,0,0.9999634,0.12322682,0,0.9650222
8847,Pass,0,0.99934703,0.35604942,0,0.8936912
8848,Pass,0,0.99999976,0.07725248,0,0.97903436
8849,Pass,0,0.9999548,0.22808681,0,0.933136
8850,Pass,0,0.99995935,0.034827963,0,0.99189216
8851,Pass,0,0.99996734,0.15704411,0,0.9547453
8852,Pass,0,0.99999976,0.018650439,0,0.99685043
8853,Pass,0,0.99997795,0.2041803,0,0.9404254
8854,Pass,0,0.99999976,0.066284195,0,0.9823689
8855,Pass,0,0.99999976,0.06402593,0,0.9830555
8856,Pass,0,0.9999999,0.0664385,0,0.9823221
8857,Pass,0,0.99999964,0.16643512,0,0.95192105
8858,Pass,0,0.99999595,0.0984261,0,0.9725935
8859,Pass,0,0.9995858,0.2173119,0,0.9360661
8860,Pass,0,0.99999964,0.05128904,0,0.98692757
8861,Pass,0,0.99999845,0.10960173,0,0.9691983
8862,Pass,0,0.9999856,0.018095583,0,0.997005
8863,Pass,0,0.9986588,0.4369958,0,0.8684995
8864,Pass,0,0.9999962,0.040711783,0,0.9901399
8865,Pass,0,0.9999796,0.26169077,0,0.92294306
8866,Pass,0,0.9999913,0.3375186,0,0.89990103
8867,Pass,0,0.9999895,0.07416893,0,0.9799618
8868,Pass,0,0.99998486,0.20962758,0,0.9387759
8869,Pass,0,0.9999733,0.12618615,0,0.9641321
8870,Pass,0,0.9999989,0.10595164,0,0.9703085
8871,Pass,0,0.9999943,0.15581362,0,0.95514506
8872,Pass,0,0.9999999,0.0815282,0,0.97773457
8873,Pass,0,0.9999436,0.024721462,0,0.9949489
8874,Pass,0,0.99999225,0.08326769,0,0.9771983
8875,Pass,0,0.9999329,0.018054701,0,0.9969649
8876,Pass,0,0.99999356,0.115738235,0,0.967328
8877,Pass,0,0.9999995,0.15886287,0,0.95422304
8878,Pass,0,0.99999714,0.11834021,0,0.9665404
8879,Pass,0,1.0,0.051886994,0,0.98674613
8880,Pass,0,0.9999995,0.0755162,0,0.979562
8881,Pass,0,0.999987,0.11729902,0,0.9668471
8882,Pass,0,0.99977225,0.19082251,0,0.94429207
8883,Pass,0,0.99999976,0.08378418,0,0.9770486
8884,Pass,0,0.99999976,0.04423111,0,0.98907346
8885,Pass,0,0.999982,0.052240305,0,0.98662096
8886,Pass,0,0.9999981,0.08662151,0,0.97618437
8887,Pass,0,0.999982,0.029625393,0,0.99349624
8888,Pass,0,0.99999976,0.042479813,0,0.9896059
8889,Pass,0,0.9974049,0.39174157,0,0.8811315
8890,Pass,0,0.9999901,0.056035962,0,0.985475
8891,Pass,0,0.99999857,0.0844443,0,0.97684675
8892,Pass,0,0.9999056,0.06271379,0,0.9833617
8893,Pass,0,0.9999968,0.0636843,0,0.9831564
8894,Pass,0,0.9999989,0.15993163,0,0.9538976
8895,Pass,0,0.999995,0.06670373,0,0.9822366
8896,Pass,0,0.9999964,0.11910256,0,0.96630794
8897,Pass,0,0.99132514,0.22015426,0,0.92747366
8898,Pass,0,0.9999982,0.09141539,0,0.9747271
8899,Pass,0,0.999979,0.1159546,0,0.96724814
8900,Pass,0,0.9999311,0.09861831,0,0.97247195
8901,Pass,0,0.9997782,0.10595314,0,0.9700938
8902,Pass,0,0.9999962,0.21039966,0,0.9385518
8903,Pass,0,0.9999993,0.0766949,0,0.9792034
8904,Pass,0,0.9996581,0.1788169,0,0.94783294
8905,Pass,0,0.99997663,0.0576455,0,0.9849725
8906,Pass,0,0.9996619,0.19895162,0,0.9417173
8907,Pass,0,0.99999905,0.0807558,0,0.9779686
8908,Pass,0,0.99965477,0.18432835,0,0.9461548
8909,Pass,0,0.99999964,0.061572228,0,0.9838013
8910,Pass,0,0.9999989,0.059225578,0,0.984514
8911,Pass,0,0.99999726,0.043457,0,0.9893063
8912,Pass,0,0.99998045,0.14554185,0,0.95825464
8913,Pass,0,0.9995838,0.23840587,0,0.9296539
8914,Pass,0,0.9999671,0.023066103,0,0.9954755
8915,Pass,0,0.999998,0.15435353,0,0.9555925
8916,Pass,0,0.9999988,0.06779598,0,0.9819083
8917,Pass,0,0.99999404,0.06673509,0,0.98222625
8918,Pass,0,0.9999168,0.23948127,0,0.92963666
8919,Pass,0,0.9999999,0.054446977,0,0.98596776
8920,Pass,0,0.99999547,0.093889646,0,0.97397214
8921,Pass,0,0.99999154,0.09093938,0,0.97486526
8922,Pass,0,0.9999496,0.011073238,0,0.99910396
8923,Pass,0,0.9998963,0.20671913,0,0.93957686
8924,Pass,0,0.99998593,0.07058112,0,0.98104894
8925,Pass,0,0.9999994,0.08887281,0,0.9755012
8926,Pass,0,0.9999889,0.10564819,0,0.97039104
8927,Pass,0,0.99999774,0.07792417,0,0.9788282
8928,Pass,0,0.9999902,0.12016942,0,0.9659776
8929,Pass,0,0.99999213,0.09115096,0,0.9748015
8930,Pass,0,0.9999486,0.014505655,0,0.9980595
8931,Pass,0,0.9997495,0.17291445,0,0.9497136
8932,Pass,0,0.99997914,0.1357473,0,0.96123105
8933,Pass,0,0.9999473,0.05489487,0,0.9857798
8934,Pass,0,0.9999951,0.087226465,0,0.97599757
8935,Pass,0,0.9999995,0.049409,0,0.98749906
8936,Pass,0,0.99999464,0.0956858,0,0.97342527
8937,Pass,0,0.9999999,0.04073406,0,0.99013674
8938,Pass,0,0.99996984,0.02125329,0,0.9960293
8939,Pass,0,0.99996424,0.046302672,0,0.98840857
8940,Pass,0,0.9999993,0.0792349,0,0.97843117
8941,Pass,0,0.99999285,0.12022379,0,0.9659636
8942,Pass,0,0.9999342,0.21996687,0,0.9355852
8943,Pass,0,0.99998915,0.17752518,0,0.9485395
8944,Pass,0,0.99999094,0.07541181,0,0.9795853
8945,Pass,0,0.9999871,0.1382972,0,0.9604635
8946,Pass,0,0.9999894,0.102773964,0,0.97126526
8947,Pass,0,0.9999418,0.09624111,0,0.9732051
8948,Pass,0,0.9999819,0.1163833,0,0.9671206
8949,Pass,0,0.99999344,0.08778738,0,0.97582537
8950,Pass,0,0.999995,0.13267908,0,0.96217906
8951,Pass,0,0.9999422,0.115413435,0,0.967377
8952,Pass,0,0.994162,0.39583036,0,0.87703085
8953,Pass,0,0.9999726,0.06246452,0,0.98350346
8954,Pass,0,0.99999416,0.1251127,0,0.96447855
8955,Pass,0,0.9999875,0.08504958,0,0.9766519
8956,Pass,0,0.9999045,0.3963316,0,0.88194436
8957,Pass,0,0.9999968,0.15587895,0,0.9551276
8958,Pass,0,0.99998844,0.18580396,0,0.9460219
8959,Pass,0,0.9999893,0.15124373,0,0.9565296
8960,Pass,0,0.9999994,0.07672907,0,0.9791931
8961,Pass,0,0.9999348,0.1482762,0,0.95737964
8962,Pass,0,0.99984646,0.057368647,0,0.98492837
8963,Pass,0,0.9999722,0.13615176,0,0.9611014
8964,Pass,0,0.99999785,0.1380827,0,0.960539
8965,Pass,0,0.99999976,0.08972213,0,0.97524333
8966,Pass,0,0.99999857,0.100173555,0,0.9720648
8967,Pass,0,0.9999976,0.045244817,0,0.9887631
8968,Pass,0,1.0,0.02958509,0,0.99352634
8969,Pass,0,0.99999297,0.14906366,0,0.95719594
8970,Pass,0,0.9999988,0.05685429,0,0.9852348
8971,Pass,0,0.99996924,0.030889932,0,0.99309915
8972,Pass,0,0.9999999,0.07588525,0,0.9794501
8973,Pass,0,0.9999989,0.2018216,0,0.9411622
8974,Pass,0,0.99952877,0.2993387,0,0.91108674
8975,Pass,0,0.99964964,0.26954702,0,0.92025095
8976,Pass,0,0.9999547,0.02497197,0,0.9948838
8977,Pass,0,0.99998856,0.0639058,0,0.983081
8978,Pass,0,0.99999785,0.06906853,0,0.9815206
8979,Pass,0,0.99992263,0.013635157,0,0.99829817
8980,Pass,0,0.99997044,0.031216271,0,0.99300104
8981,Pass,0,0.999648,0.15604028,0,0.9547454
8982,Pass,0,0.99993885,0.098115675,0,0.9726323
8983,Pass,0,0.9999145,0.057485685,0,0.98495984
8984,Pass,0,0.9998932,0.1720495,0,0.950113
8985,Pass,0,0.99999964,0.0681934,0,0.98178834
8986,Pass,0,0.99997365,0.024959143,0,0.9949065
8987,Pass,0,0.99999857,0.05617388,0,0.98544145
8988,Pass,0,0.9999747,0.01217815,0,0.9987932
8989,Pass,0,0.9999994,0.059042122,0,0.98457026
8990,Pass,0,1.0,0.034863915,0,0.9919215
8991,Pass,0,0.99999785,0.07717396,0,0.97905636
8992,Pass,0,0.99999845,0.09313662,0,0.974204
8993,Pass,0,0.99989915,0.099833556,0,0.97207147
8994,Pass,0,0.99998987,0.0997417,0,0.9721876
8995,Pass,0,0.99997425,0.013415515,0,0.99841654
8996,Pass,0,0.9999999,0.049560048,0,0.98745346
8997,Pass,0,0.99999976,0.05562865,0,0.9856084
8998,Pass,0,0.99935573,0.12147393,0,0.9649683
8999,Pass,0,0.9999691,0.07076442,0,0.9809768
9000,Pass,0,0.99983406,0.22599772,0,0.9336583
9001,Pass,0,0.99999964,0.06758009,0,0.98197484
9002,Pass,0,0.9999732,0.018360062,0,0.9969122
9003,Pass,0,0.99998105,0.011758309,0,0.99892706
9004,Pass,0,0.9999137,0.09179018,0,0.97453076
9005,Pass,0,0.9998338,0.032973096,0,0.9923314
9006,Pass,0,0.9998903,0.16293703,0,0.9528804
9007,Pass,0,0.999992,0.102664195,0,0.9713012
9008,Pass,0,0.9972729,0.38261104,0,0.88378316
9009,Pass,0,0.6459377,1.3353481,0,0.3853342
9010,Pass,0,0.99963737,0.1640575,0,0.95229876
9011,Pass,0,0.999969,0.3562528,0,0.8941856
9012,Pass,0,0.96296436,0.28893694,0,0.88080287
9013,Pass,0,0.9995382,0.14283061,0,0.9586547
9014,Pass,0,0.9996215,0.29787597,0,0.9116158
9015,Pass,0,0.6809863,0.89757955,0,0.49687475
9016,Pass,0,0.99752086,0.19858727,0,0.9398108
9017,Pass,0,0.99973136,0.018509828,0,0.99662566
9018,Pass,0,0.99973434,0.2806877,0,0.91694283
9019,Pass,0,0.5116825,0.89234084,0,0.3741589
9020,Pass,0,0.9999871,0.13739155,0,0.9607388
9021,Pass,0,0.99999905,0.09497079,0,0.97364694
9022,Pass,0,0.9992586,0.2936316,0,0.9125742
9023,Pass,0,0.9993061,0.46052212,0,0.861915
9024,Pass,0,0.98868585,0.82410043,0,0.74347085
9025,Pass,0,0.9924846,0.07778704,0,0.9715155
9026,Pass,0,0.99993694,0.17932987,0,0.94794136
9027,Pass,0,0.9999224,0.16467358,0,0.95238304
9028,Pass,0,0.99966836,0.12008959,0,0.9656909
9029,Pass,0,0.9999863,0.13000947,0,0.9629823
9030,Pass,0,0.999964,0.021826472,0,0.99584925
9031,Pass,0,0.99999225,0.21237414,0,0.9379478
9032,Pass,0,0.99943453,0.18199389,0,0.94665563
9033,Pass,0,0.99998903,0.059807833,0,0.9843273
9034,Pass,0,0.9999964,0.07064507,0,0.9810398
9035,Pass,0,0.99995553,0.09888967,0,0.97241324
9036,Pass,0,0.9987961,0.41320664,0,0.8758426
9037,Pass,0,0.9999367,0.09406999,0,0.97386014
9038,Pass,0,0.9995511,0.18995807,0,0.9443459
9039,Pass,0,0.9999752,0.029596409,0,0.9934983
9040,Pass,0,0.9999945,0.101463124,0,0.9716688
9041,Pass,0,0.9999422,0.13784266,0,0.9605585
9042,Pass,0,0.99999905,0.07293238,0,0.98034704
9043,Pass,0,0.999634,0.04344358,0,0.9889511
9044,Pass,0,0.99559337,0.36588386,0,0.8873577
9045,Pass,0,0.99953544,0.38919047,0,0.8837889
9046,Pass,0,0.99955696,0.25933948,0,0.9232675
9047,Pass,0,0.9999684,0.15555103,0,0.9552002
9048,Pass,0,0.9999974,0.06951015,0,0.9813858
9049,Pass,0,0.9999826,0.023666577,0,0.99530834
9050,Pass,0,0.9999951,0.06216134,0,0.9836177
9051,Pass,0,0.93161976,0.3576567,0,0.83266914
9052,Pass,0,0.9995115,0.1492317,0,0.95668393
9053,Pass,0,0.99999976,0.04276518,0,0.9895191
9054,Pass,0,0.99357504,0.3071804,0,0.9032911
9055,Pass,0,1.0,0.0853734,0,0.97656566
9056,Pass,0,0.9999968,0.08102454,0,0.97788465
9057,Pass,0,0.9838642,0.2948242,0,0.8981585
9058,Pass,0,0.99999964,0.07170753,0,0.98072
9059,Pass,0,0.9999975,0.15112114,0,0.95657474
9060,Pass,0,0.9999995,0.11078145,0,0.96884066
9061,Pass,0,0.98428136,0.20559326,0,0.9252409
9062,Pass,0,0.9990245,0.18926153,0,0.9440599
9063,Pass,0,0.9999738,0.17999466,0,0.9477742
9064,Pass,0,0.9999939,0.07737457,0,0.9789915
9065,Pass,0,1.0,0.038142506,0,0.9909247
9066,Pass,0,1.0,0.032233182,0,0.99272126
9067,Pass,0,0.9999933,0.16502295,0,0.95234436
9068,Pass,0,0.9999938,0.20733221,0,0.9394821
9069,Pass,0,0.9998086,0.21844627,0,0.9359299
9070,Pass,0,0.99994934,0.117790036,0,0.9666614
9071,Pass,0,0.7385695,0.6290968,0,0.59917456
9072,Pass,0,0.9999958,0.06467862,0,0.9828532
9073,Pass,0,0.9995665,0.19089793,0,0.9440748
9074,Pass,0,0.9997162,0.1691663,0,0.95082116
9075,Pass,0,1.0,0.11977551,0,0.9661068
9076,Pass,0,0.9999999,0.04268363,0,0.98954403
9077,Pass,0,0.9999995,0.05482506,0,0.9858525
9078,Pass,0,0.9999753,0.16342321,0,0.95281357
9079,Pass,0,0.99988925,0.17173487,0,0.9502049
9080,Pass,0,0.999992,0.09156305,0,0.9746761
9081,Pass,0,0.9994791,0.104905166,0,0.9701221
9082,Pass,0,0.9999826,0.074206166,0,0.9799437
9083,Pass,0,0.99999976,0.08571502,0,0.9764616
9084,Pass,0,0.9999553,0.2501812,0,0.9264196
9085,Pass,0,0.9999703,0.19049993,0,0.9445772
9086,Pass,0,0.9999999,0.05076691,0,0.9870866
9087,Pass,0,0.9999994,0.09341295,0,0.9741209
9088,Pass,0,0.9998429,0.12558249,0,0.9641898
9089,Pass,0,0.9992736,0.25780967,0,0.9234705
9090,Pass,0,0.99992526,0.032377046,0,0.99260336
9091,Pass,0,0.9999994,0.07458185,0,0.9798459
9092,Pass,0,0.9999478,0.21406834,0,0.9373911
9093,Pass,0,0.99905854,0.19878654,0,0.94119906
9094,Pass,0,0.9998734,0.24340229,0,0.9284044
9095,Pass,0,0.99999905,0.06718185,0,0.9820953
9096,Pass,0,0.9972567,0.11948056,0,0.9635459
9097,Pass,0,0.99999154,0.121692665,0,0.9655158
9098,Pass,0,0.99993896,0.13048121,0,0.9627933
9099,Pass,0,0.99969125,0.12857877,0,0.9631329
9100,Pass,0,0.99999976,0.05788321,0,0.98492295
9101,Pass,0,0.9999994,0.12002422,0,0.9660306
9102,Pass,0,0.9999852,0.091200955,0,0.97477955
9103,Pass,0,0.9963229,0.2000402,0,0.938242
9104,Pass,0,0.99998736,0.113116585,0,0.968119
9105,Pass,0,0.99992454,0.13899282,0,0.9601919
9106,Pass,0,1.0,0.07527172,0,0.9796368
9107,Pass,0,0.9999856,0.16431513,0,0.95255214
9108,Pass,0,0.99999344,0.100391366,0,0.97199357
9109,Pass,0,1.0,0.030141186,0,0.9933573
9110,Pass,0,0.99986005,0.30339107,0,0.91015685
9111,Pass,0,0.9999826,0.09536444,0,0.9735113
9112,Pass,0,0.9946936,0.08826419,0,0.9705094
9113,Pass,0,0.9999943,0.1117611,0,0.96853775
9114,Pass,0,0.99999917,0.09322985,0,0.97417635
9115,Pass,0,0.99998975,0.10235734,0,0.9713923
9116,Pass,0,0.99984705,0.28112486,0,0.91691333
9117,Pass,0,0.9999516,0.31687635,0,0.90614057
9118,Pass,0,0.99999845,0.049992666,0,0.98732054
9119,Pass,0,0.99997187,0.19819401,0,0.9422396
9120,Pass,0,0.99987805,0.022335244,0,0.99560905
9121,Pass,0,0.9997099,0.0407575,0,0.9898425
9122,Pass,0,1.0,0.038648136,0,0.990771
9123,Pass,0,0.99997497,0.15002418,0,0.95688665
9124,Pass,0,0.99993443,0.03281063,0,0.99248064
9125,Pass,0,0.99999976,0.06370912,0,0.9831518
9126,Pass,0,0.99996483,0.13654618,0,0.9609744
9127,Pass,0,0.9999995,0.04305211,0,0.9894317
9128,Pass,0,0.82198143,0.41870534,0,0.71941996
9129,Pass,0,0.9999881,0.079216436,0,0.9784258
9130,Pass,0,0.99999905,0.0886751,0,0.97556096
9131,Pass,0,0.999995,0.10219176,0,0.9714477
9132,Pass,0,0.99999917,0.08406549,0,0.97696245
9133,Pass,0,0.99999964,0.18829998,0,0.9452737
9134,Pass,0,0.99993765,0.16146429,0,0.9533732
9135,Pass,0,0.9999989,0.058687456,0,0.9846776
9136,Pass,0,0.99997115,0.20708387,0,0.9395363
9137,Pass,0,0.9999869,0.19282784,0,0.94388515
9138,Pass,0,1.0,0.05293965,0,0.9864261
9139,Pass,0,0.9999726,0.07758665,0,0.97890615
9140,Pass,0,0.9999428,0.053981695,0,0.9860529
9141,Pass,0,0.9998197,0.27727824,0,0.91805744
9142,Pass,0,0.9999808,0.08516918,0,0.97660905
9143,Pass,0,0.9999647,0.03480158,0,0.99190545
9144,Pass,0,0.9999944,0.08671094,0,0.97615355
9145,Pass,0,0.99999845,0.04747634,0,0.9880855
9146,Pass,0,0.9999974,0.082402095,0,0.97746646
9147,Pass,0,0.9999962,0.13241096,0,0.9622617
9148,Pass,0,0.99999917,0.042688962,0,0.9895417
9149,Pass,0,0.99999607,0.035271414,0,0.99179375
9150,Pass,0,0.99883264,0.21106245,0,0.9372584
9151,Pass,0,0.99999154,0.09756115,0,0.9728522
9152,Pass,0,0.9999894,0.10593452,0,0.97030437
9153,Pass,0,0.9982956,0.1872431,0,0.94398373
9154,Pass,0,0.9999999,0.07487106,0,0.97975844
9155,Pass,0,0.9995894,0.11979193,0,0.9657051
9156,Pass,0,0.99999213,0.1536474,0,0.9558016
9157,Pass,0,0.9999999,0.06426847,0,0.98298186
9158,Pass,0,0.9975528,0.2571679,0,0.9220749
9159,Pass,0,0.99999976,0.111049294,0,0.9687595
9160,Pass,0,0.9999999,0.08100089,0,0.9778949
9161,Pass,0,0.99993956,0.26266626,0,0.92260957
9162,Pass,0,0.9993507,0.13621998,0,0.9604834
9163,Pass,0,0.9935533,0.41724053,0,0.87002665
9164,Pass,0,0.9999981,0.09593037,0,0.9733543
9165,Pass,0,0.99986434,0.15115435,0,0.9564373
9166,Pass,0,0.99999416,0.10484001,0,0.9706418
9167,Pass,0,0.9999968,0.12068382,0,0.9658275
9168,Pass,0,0.9986494,0.19211859,0,0.942838
9169,Pass,0,0.9999943,0.13417596,0,0.9617233
9170,Pass,0,0.9873673,0.15076308,0,0.94460046
9171,Pass,0,0.9998466,0.098007716,0,0.97257537
9172,Pass,0,0.9998678,0.20910865,0,0.9388237
9173,Pass,0,0.9999807,0.26212722,0,0.9228114
9174,Pass,0,0.99999976,0.060888927,0,0.98400915
9175,Pass,0,0.9999751,0.13017496,0,0.96292114
9176,Pass,0,0.99999726,0.066931166,0,0.98216975
9177,Pass,0,0.9999994,0.05863865,0,0.98469293
9178,Pass,0,1.0,0.04846206,0,0.9877874
9179,Pass,0,0.999998,0.060833458,0,0.9840243
9180,Pass,0,0.9999585,0.043248154,0,0.9893315
9181,Pass,0,0.99991345,0.12789279,0,0.9635556
9182,Pass,0,0.99997306,0.13983297,0,0.9599831
9183,Pass,0,0.9993193,0.15455534,0,0.9548827
9184,Pass,0,0.9999994,0.11849485,0,0.9664955
9185,Pass,0,0.9999944,0.11065261,0,0.9688749
9186,Pass,0,0.9999695,0.123886585,0,0.9648275
9187,Pass,0,0.99998724,0.17063984,0,0.95063096
9188,Pass,0,0.99954575,0.07533896,0,0.97917134
9189,Pass,0,0.99999404,0.09179895,0,0.9746064
9190,Pass,0,0.9997837,0.048452746,0,0.98757654
9191,Pass,0,0.99989986,0.20562595,0,0.93991256
9192,Pass,0,0.99881434,0.21865354,0,0.93493617
9193,Pass,0,0.9989379,0.096631415,0,0.9721095
9194,Pass,0,0.999985,0.096114196,0,0.9732857
9195,Pass,0,0.9999924,0.07856929,0,0.9786268
9196,Pass,0,0.999997,0.085335635,0,0.97657424
9197,Pass,0,0.9999982,0.07010994,0,0.98120433
9198,Pass,0,0.9993923,0.08408501,0,0.97636366
9199,Pass,0,0.99993944,0.11232513,0,0.9683132
9200,Pass,0,0.99995387,0.023206508,0,0.9954197
9201,Pass,0,0.9999826,0.21047977,0,0.93851465
9202,Pass,0,0.9897625,0.1821008,0,0.9374622
9203,Pass,0,0.99694926,0.21845414,0,0.93325084
9204,Pass,0,0.99996233,0.20449556,0,0.9403149
9205,Pass,0,0.9998561,0.26416254,0,0.9220778
9206,Pass,0,0.9997669,0.080453746,0,0.97783333
9207,Pass,0,0.99998856,0.05770309,0,0.9849667
9208,Pass,0,0.99915826,0.26062,0,0.92251027
9209,Pass,0,0.9995615,0.20773001,0,0.93895507
9210,Pass,0,0.99592435,0.26883066,0,0.91703844
9211,Pass,0,0.9954437,0.12447943,0,0.9602814
9212,Pass,0,0.9999813,0.10614619,0,0.9702322
9213,Pass,0,0.9999999,0.08455429,0,0.97681457
9214,Pass,0,0.9985002,0.16578509,0,0.95069104
9215,Pass,0,0.9999707,0.16558571,0,0.9521517
9216,Pass,0,0.9998764,0.12855195,0,0.9633195
9217,Pass,0,0.9995415,0.14670134,0,0.9574817
9218,Pass,0,0.99993336,0.06480994,0,0.98275185
9219,Pass,0,0.9999709,0.068019345,0,0.9818131
9220,Pass,0,0.9999993,0.101371706,0,0.97170115
9221,Pass,0,0.9999883,0.14430964,0,0.95863676
9222,Pass,0,0.9999299,0.026628101,0,0.9943557
9223,Pass,0,0.99998295,0.10414143,0,0.97084326
9224,Pass,0,0.9991653,0.18252288,0,0.94623995
9225,Pass,0,0.9983708,0.45070747,0,0.8640873
9226,Pass,0,0.99998474,0.13543116,0,0.9613325
9227,Pass,0,0.99945134,0.2658558,0,0.92118996
9228,Pass,0,0.99999714,0.08107574,0,0.97786945
9229,Pass,0,0.9999894,0.09349102,0,0.9740875
9230,Pass,0,0.9999995,0.073579215,0,0.9801508
9231,Pass,0,0.99952483,0.24676104,0,0.9270601
9232,Pass,0,0.99989617,0.06414666,0,0.98291695
9233,Pass,0,0.9999068,0.1279409,0,0.96353453
9234,Pass,0,0.9999995,0.09419804,0,0.9738823
9235,Pass,0,0.9999957,0.086817734,0,0.9761224
9236,Pass,0,0.9999808,0.15590426,0,0.9551046
9237,Pass,0,0.99998724,0.12240182,0,0.96529603
9238,Pass,0,0.99997973,0.10942584,0,0.96923363
9239,Pass,0,0.9999993,0.09667047,0,0.97313046
9240,Pass,0,0.9998683,0.12557644,0,0.9642162
9241,Pass,0,0.9999473,0.027976237,0,0.99396306
9242,Pass,0,0.9999758,0.16064748,0,0.95365787
9243,Pass,0,0.99981385,0.2720054,0,0.91965485
9244,Pass,0,0.99999046,0.09316977,0,0.9741861
9245,Pass,0,0.99946743,0.29680547,0,0.91180056
9246,Pass,0,0.99999666,0.120705605,0,0.9658208
9247,Pass,0,0.9999949,0.072333336,0,0.9805251
9248,Pass,0,0.99998474,0.0534684,0,0.98625034
9249,Pass,0,0.9999236,0.022356384,0,0.9956479
9250,Pass,0,0.9999232,0.08553489,0,0.97644156
9251,Pass,0,0.99999344,0.058155265,0,0.9848341
9252,Pass,0,0.9716233,0.13372071,0,0.9345726
9253,Pass,0,0.85116714,0.5456188,0,0.7121226
9254,Pass,0,0.997408,0.07952742,0,0.9758071
9255,Pass,0,0.99976593,0.107725404,0,0.9695433
9256,Pass,0,0.99992347,0.12868659,0,0.96332395
9257,Pass,0,0.99994373,0.16188866,0,0.95325
9258,Pass,0,0.9999325,0.024183314,0,0.9951014
9259,Pass,0,0.99991524,0.19185637,0,0.94411284
9260,Pass,0,0.99999833,0.11291944,0,0.96818954
9261,Pass,0,0.9999851,0.083235234,0,0.97720116
9262,Pass,0,0.99999666,0.16011141,0,0.9538408
9263,Pass,0,0.99999535,0.081234425,0,0.97781944
9264,Pass,0,0.9999894,0.14068429,0,0.9597399
9265,Pass,0,0.99959415,0.045200113,0,0.98837775
9266,Pass,0,0.99999094,0.09154734,0,0.9746798
9267,Pass,0,0.9995834,0.3007405,0,0.9107105
9268,Pass,0,0.99999833,0.15015143,0,0.9568703
9269,Pass,0,0.9999994,0.12614137,0,0.9641709
9270,Pass,0,0.9999968,0.08731744,0,0.97597146
9271,Pass,0,0.9999939,0.088936515,0,0.9754765
9272,Pass,0,0.9998677,0.15160134,0,0.9563046
9273,Pass,0,0.99999297,0.11838773,0,0.9665219
9274,Pass,0,0.99968946,0.061049607,0,0.98365504
9275,Pass,0,0.99993086,0.090117775,0,0.9750559
9276,Pass,0,0.99999917,0.17875797,0,0.94817424
9277,Pass,0,0.9999995,0.065500125,0,0.98260707
9278,Pass,0,0.99999964,0.08827979,0,0.9756817
9279,Pass,0,0.99999917,0.038629644,0,0.9907758
9280,Pass,0,0.95149463,1.7107571,0,0.4590189
9281,Pass,0,0.99990106,0.3645622,0,0.8915989
9282,Pass,0,0.9994967,0.030737296,0,0.9926762
9283,Pass,0,0.9999672,0.07975709,0,0.9782411
9284,Pass,0,0.99999654,0.1132539,0,0.9680861
9285,Pass,0,0.99999845,0.05790256,0,0.9849158
9286,Pass,0,0.99997675,0.22983785,0,0.9326241
9287,Pass,0,0.99988616,0.09135032,0,0.97463757
9288,Pass,0,0.99999905,0.060041964,0,0.9842659
9289,Pass,0,0.9999988,0.1421563,0,0.9593015
9290,Pass,0,0.99984276,0.34967288,0,0.8960728
9291,Pass,0,0.99979717,0.03498963,0,0.9916821
9292,Pass,0,0.9999478,0.2093427,0,0.9388277
9293,Pass,0,0.9979367,0.2530673,0,0.92367387
9294,Pass,0,0.99999833,0.070195384,0,0.98117846
9295,Pass,0,0.9998068,0.049458705,0,0.98729366
9296,Pass,0,0.9917847,0.21944097,0,0.9281187
9297,Pass,0,0.99998856,0.09179741,0,0.9746015
9298,Pass,0,1.0,0.04024046,0,0.99028695
9299,Pass,0,0.99996936,0.0854424,0,0.97651476
9300,Pass,0,0.99999976,0.052836683,0,0.9864572
9301,Pass,0,0.99918956,0.06325453,0,0.9824933
9302,Pass,0,0.9999945,0.085321546,0,0.9765761
9303,Pass,0,0.9995888,0.20940469,0,0.9384718
9304,Pass,0,0.99993694,0.20985766,0,0.938661
9305,Pass,0,0.9999118,0.166996,0,0.9516669
9306,Pass,0,1.0,0.06788687,0,0.9818819
9307,Pass,0,0.9999963,0.09467077,0,0.9737355
9308,Pass,0,0.99913836,0.29470894,0,0.91213715
9309,Pass,0,0.9994259,0.30822274,0,0.90829355
9310,Pass,0,0.9999919,0.22626606,0,0.9337241
9311,Pass,0,0.9999641,0.220743,0,0.93537724
9312,Pass,0,0.9999999,0.035415553,0,0.99175364
9313,Pass,0,0.9994443,0.059219312,0,0.98396987
9314,Pass,0,0.9999964,0.03687344,0,0.991307
9315,Pass,0,0.999979,0.17900124,0,0.94808114
9316,Pass,0,0.8432784,0.51001114,0,0.7146514
9317,Pass,0,0.9999994,0.10768157,0,0.96978295
9318,Pass,0,0.99996114,0.17475133,0,0.9493562
9319,Pass,0,0.9996879,0.18459901,0,0.9461039
9320,Pass,0,0.9999784,0.12123901,0,0.965641
9321,Pass,0,0.9989436,0.39795405,0,0.88060415
9322,Pass,0,0.99998343,0.21345419,0,0.93761116
9323,Pass,0,0.99999964,0.025340814,0,0.99481636
9324,Pass,0,0.99888915,0.069365874,0,0.98034203
9325,Pass,0,0.9999654,0.18900661,0,0.9450266
9326,Pass,0,0.9998565,0.1603796,0,0.9536255
9327,Pass,0,0.99999905,0.07602516,0,0.9794068
9328,Pass,0,0.9999987,0.028569074,0,0.99383396
9329,Pass,0,0.9999999,0.11582596,0,0.9673074
9330,Pass,0,0.9998914,0.14847659,0,0.9572772
9331,Pass,0,0.9999969,0.12974933,0,0.9630716
9332,Pass,0,0.99995315,0.12067294,0,0.9657887
9333,Pass,0,0.9999995,0.09628181,0,0.97324884
9334,Pass,0,0.99999976,0.028008968,0,0.99400526
9335,Pass,0,0.99982625,0.036351852,0,0.9912969
9336,Pass,0,0.99987936,0.021058924,0,0.9959983
9337,Pass,0,0.99999964,0.15546606,0,0.95525587
9338,Pass,0,0.999998,0.1814034,0,0.94736886
9339,Pass,0,0.9997565,0.16369686,0,0.9525219
9340,Pass,0,0.99999416,0.075185336,0,0.9796573
9341,Pass,0,0.99864703,0.26208755,0,0.9215927
9342,Pass,0,0.8804455,0.473557,0,0.75590706
9343,Pass,0,0.9999995,0.06365866,0,0.9831669
9344,Pass,0,0.9999509,0.15482949,0,0.9554028
9345,Pass,0,0.99990606,0.020327443,0,0.9962473
9346,Pass,0,0.99978167,0.18815166,0,0.94511276
9347,Pass,0,0.9999802,0.15253974,0,0.956127
9348,Pass,0,0.99995565,0.035574503,0,0.9916615
9349,Pass,0,0.9999999,0.07479027,0,0.979783
9350,Pass,0,0.99976164,0.0901771,0,0.9748729
9351,Pass,0,0.99995553,0.12749013,0,0.96371853
9352,Pass,0,0.9999994,0.09143659,0,0.9747217
9353,Pass,0,0.99997056,0.14242141,0,0.95919377
9354,Pass,0,0.9998535,0.27148148,0,0.9198506
9355,Pass,0,0.9999995,0.08363685,0,0.97709316
9356,Pass,0,0.9994703,0.026256563,0,0.9940115
9357,Pass,0,0.9998859,0.15483299,0,0.95533967
9358,Pass,0,0.99999547,0.11265601,0,0.96826684
9359,Pass,0,0.99999785,0.116377786,0,0.9671377
9360,Pass,0,1.0,0.07585521,0,0.9794594
9361,Pass,0,0.9999999,0.045068465,0,0.988819
9362,Pass,0,0.99994874,0.1350939,0,0.96140045
9363,Pass,0,0.9999747,0.083249815,0,0.9771866
9364,Pass,0,0.99999774,0.1498835,0,0.95695126
9365,Pass,0,0.9999987,0.055794097,0,0.985557
9366,Pass,0,0.99999785,0.36799413,0,0.8906418
9367,Pass,0,0.99999976,0.04818049,0,0.9878728
9368,Pass,0,0.99991727,0.021754906,0,0.9958245
9369,Pass,0,0.9999887,0.18432051,0,0.9464732
9370,Pass,0,0.999992,0.11559251,0,0.96737075
9371,Pass,0,0.9999312,0.2296649,0,0.93263423
9372,Pass,0,0.9999373,0.23809741,0,0.93007636
9373,Pass,0,0.9999999,0.04181209,0,0.989809
9374,Pass,0,0.9999893,0.14264235,0,0.95914453
9375,Pass,0,0.9900511,0.39017734,0,0.87510574
9376,Pass,0,0.9999827,0.13540827,0,0.9613375
9377,Pass,0,0.9995826,0.14634362,0,0.9576297
9378,Pass,0,0.99994314,0.061244126,0,0.9838455
9379,Pass,0,0.9999738,0.17925905,0,0.9479978
9380,Pass,0,0.99999547,0.08095035,0,0.9779059
9381,Pass,0,0.99967885,0.21619762,0,0.93649185
9382,Pass,0,0.9998802,0.80941683,0,0.75635237
9383,Pass,0,0.9999993,0.050029762,0,0.98731005
9384,Pass,0,0.9999987,0.12627652,0,0.9641291
9385,Pass,0,0.90088946,0.28213182,0,0.8258881
9386,Pass,0,0.99995935,0.157948,0,0.9544628
9387,Pass,0,0.9997069,0.10001965,0,0.97182804
9388,Pass,0,0.9948548,0.2117731,0,0.9333109
9389,Pass,0,0.9999999,0.05744326,0,0.9850568
9390,Pass,0,0.9999995,0.097027935,0,0.973022
9391,Pass,0,0.9999974,0.34599417,0,0.89732975
9392,Pass,0,0.9999987,0.13075823,0,0.9627666
9393,Pass,0,0.99999964,0.114148445,0,0.9678172
9394,Pass,0,0.9930269,0.2103981,0,0.9320112
9395,Pass,0,0.9993843,0.056774803,0,0.98465353
9396,Pass,0,0.9999434,0.1309754,0,0.96264726
9397,Pass,0,0.99969244,0.1458921,0,0.95787215
9398,Pass,0,0.99999416,0.25818968,0,0.9240209
9399,Pass,0,0.9999393,0.05285717,0,0.98639137
9400,Pass,0,0.9999088,0.32964352,0,0.90222067
9401,Pass,0,0.99991095,0.032905303,0,0.99242854
9402,Pass,0,0.9999988,0.090560935,0,0.97498745
9403,Pass,0,1.0,0.034112968,0,0.9921498
9404,Pass,0,0.9999933,0.220569,0,0.9354574
9405,Pass,0,0.99998367,0.040026005,0,0.99033594
9406,Pass,0,0.9999814,0.11097383,0,0.96876466
9407,Pass,0,0.9986299,0.06111154,0,0.98259366
9408,Pass,0,0.9999962,0.11237557,0,0.9683528
9409,Pass,0,0.99999595,0.11402416,0,0.9678514
9410,Pass,0,0.9994355,0.4083477,0,0.8778796
9411,Pass,0,0.99929404,0.41138795,0,0.8768317
9412,Pass,0,0.9999181,0.32503307,0,0.9036306
9413,Pass,0,0.9999466,0.16058967,0,0.95364755
9414,Pass,0,0.9999963,0.10136672,0,0.97169983
9415,Pass,0,0.99985695,0.048135575,0,0.98774534
9416,Pass,0,0.99886656,0.18766296,0,0.9443961
9417,Pass,0,0.9999895,0.11540794,0,0.96742445
9418,Pass,0,0.9999355,0.2829525,0,0.9164388
9419,Pass,0,0.999966,0.11061278,0,0.96885955
9420,Pass,0,0.999997,0.12191939,0,0.96545213
9421,Pass,0,0.9955434,0.44335613,0,0.8638652
9422,Pass,0,0.9982126,0.5237826,0,0.8417738
9423,Pass,0,0.99249506,0.82186776,0,0.747009
9424,Pass,0,1.0,0.026166428,0,0.99456567
9425,Pass,0,0.9957688,0.21653235,0,0.9327276
9426,Pass,0,0.99999726,0.29238585,0,0.9136275
9427,Pass,0,0.99958843,0.2764779,0,0.9180883
9428,Pass,0,0.9999993,0.114562206,0,0.967691
9429,Pass,0,0.99999535,0.061382294,0,0.98385483
9430,Pass,0,0.9999943,0.1453531,0,0.95832527
9431,Pass,0,0.99999976,0.04563302,0,0.9886472
9432,Pass,0,0.9999794,0.16066158,0,0.953657
9433,Pass,0,0.99964905,0.24561511,0,0.9275236
9434,Pass,0,0.9999621,0.03137012,0,0.992946
9435,Pass,0,0.99961424,0.10325421,0,0.970755
9436,Pass,0,0.9997142,0.2596967,0,0.92330414
9437,Pass,0,0.99999535,0.13263096,0,0.962194
9438,Pass,0,0.99987113,0.091934316,0,0.97444546
9439,Pass,0,0.9999913,0.07080721,0,0.9809855
9440,Pass,0,0.99992836,0.08255614,0,0.97735214
9441,Pass,0,0.99999666,0.09291291,0,0.9742702
9442,Pass,0,0.99999654,0.17078261,0,0.9505964
9443,Pass,0,0.99977344,0.024654616,0,0.9947999
9444,Pass,0,0.9994173,0.024588982,0,0.9944654
9445,Pass,0,1.0,0.04003923,0,0.9903481
9446,Pass,0,0.9994974,0.30280158,0,0.91000587
9447,Pass,0,0.9937482,0.19713734,0,0.9366945
9448,Pass,0,0.9998826,0.12565553,0,0.9642059
9449,Pass,0,0.9999734,0.2102076,0,0.9385888
9450,Pass,0,0.97176707,0.3850806,0,0.86045027
9451,Pass,0,0.9999088,0.10011486,0,0.97199535
9452,Pass,0,0.99998975,0.13809712,0,0.9605268
9453,Pass,0,0.9999733,0.25610334,0,0.9246359
9454,Pass,0,0.99999976,0.15119328,0,0.95655495
9455,Pass,0,0.9999907,0.09462545,0,0.9737438
9456,Pass,0,0.9991781,0.294893,0,0.9121175
9457,Pass,0,0.99916565,0.057798833,0,0.9841271
9458,Pass,0,0.99998486,0.14242084,0,0.95920765
9459,Pass,0,0.99999666,0.04621619,0,0.9884669
9460,Pass,0,0.9999999,0.05703456,0,0.9851811
9461,Pass,0,1.0,0.04500151,0,0.98883945
9462,Pass,0,0.99999964,0.12804873,0,0.9635912
9463,Pass,0,0.9985494,0.2762846,0,0.9171927
9464,Pass,0,0.99989283,0.05436999,0,0.9858856
9465,Pass,0,0.9998349,0.2484924,0,0.9268214
9466,Pass,0,0.99993217,0.10997106,0,0.9690218
9467,Pass,0,0.99996996,0.14883326,0,0.957244
9468,Pass,0,0.9999839,0.11685267,0,0.9669798
9469,Pass,0,0.9998907,0.22626352,0,0.9336304
9470,Pass,0,0.9999753,0.15492648,0,0.95539665
9471,Pass,0,0.975248,0.39048356,0,0.86193055
9472,Pass,0,0.9998971,0.2523929,0,0.9256934
9473,Pass,0,0.9999765,0.10502295,0,0.9705691
9474,Pass,0,0.99982387,0.13736294,0,0.96059066
9475,Pass,0,1.0,0.068863936,0,0.98158485
9476,Pass,0,0.9999962,0.10342031,0,0.97107536
9477,Pass,0,0.9999348,0.20281747,0,0.9407992
9478,Pass,0,0.99417466,0.3971888,0,0.8766314
9479,Pass,0,0.9999225,0.14837618,0,0.95733744
9480,Pass,0,0.9999994,0.15513474,0,0.95535636
9481,Pass,0,0.99999344,0.2802425,0,0.91731584
9482,Pass,0,0.99992347,0.42008442,0,0.87474036
9483,Pass,0,0.9997322,0.18970288,0,0.94459456
9484,Pass,0,0.9999838,0.1280704,0,0.9635694
9485,Pass,0,0.99996185,0.02736643,0,0.994163
9486,Pass,0,0.99992347,0.1543935,0,0.9555091
9487,Pass,0,0.9999839,0.1119533,0,0.9684693
9488,Pass,0,0.9997259,0.05442336,0,0.98570484
9489,Pass,0,0.99939,0.14263746,0,0.95857126
9490,Pass,0,0.99956423,0.29446593,0,0.9125998
9491,Pass,0,0.99808985,0.30019563,0,0.9095151
9492,Pass,0,0.9979354,0.40078107,0,0.8788576
9493,Pass,0,0.9999994,0.15454197,0,0.95553654
9494,Pass,0,0.9999906,0.1800802,0,0.9477641
9495,Pass,0,0.9999857,0.11018287,0,0.9690092
9496,Pass,0,0.99999964,0.19661482,0,0.94274586
9497,Pass,0,0.97862726,0.40449873,0,0.86074734
9498,Pass,0,0.99999964,0.0737199,0,0.9801082
9499,Pass,0,0.99993086,0.037503123,0,0.9910506
9500,Pass,0,0.9887111,0.49192438,0,0.8433376
9501,Pass,0,0.99998915,0.12703946,0,0.963888
9502,Pass,0,0.9955048,0.28190774,0,0.91269433
9503,Pass,0,0.9999988,0.17096008,0,0.9505446
9504,Pass,0,1.0,0.076703526,0,0.9792015
9505,Pass,0,0.8720756,0.738043,0,0.67859864
9506,Pass,0,0.9999906,0.20256945,0,0.940927
9507,Pass,0,0.9927676,0.238052,0,0.9234213
9508,Pass,0,0.9998115,0.24975072,0,0.92641723
9509,Pass,0,0.999335,0.13606742,0,0.96051455
9510,Pass,0,0.99999714,0.10771428,0,0.96977085
9511,Pass,0,0.9999156,0.17369331,0,0.9496346
9512,Pass,0,0.99977523,0.19957598,0,0.94163424
9513,Pass,0,0.9998,0.41717768,0,0.8755159
9514,Pass,0,0.9999999,0.07005114,0,0.9812238
9515,Pass,0,0.9999912,0.19146088,0,0.94430476
9516,Pass,0,1.0,0.05298944,0,0.986411
9517,Pass,0,0.95257264,0.5576451,0,0.79348
9518,Pass,0,0.9998852,0.07706184,0,0.9789801
9519,Pass,0,0.9999925,0.11232836,0,0.9683636
9520,Pass,0,0.99993753,0.11659991,0,0.96701187
9521,Pass,0,0.99993014,0.25454053,0,0.9250711
9522,Pass,0,0.9995695,0.34236586,0,0.8980484
9523,Pass,0,0.9999999,0.08950222,0,0.9753103
9524,Pass,0,0.9999951,0.09846282,0,0.9725815
9525,Pass,0,0.99973935,0.10201482,0,0.97125316
9526,Pass,0,0.99979013,0.22443613,0,0.9340919
9527,Pass,0,0.9947796,0.23921861,0,0.92493993
9528,Pass,0,0.9999987,0.12028546,0,0.9659505
9529,Pass,0,0.99999964,0.096488535,0,0.97318614
9530,Pass,0,0.8648042,0.6857204,0,0.68669695
9531,Pass,0,0.9999989,0.09399911,0,0.9739422
9532,Pass,0,0.9999969,0.10050734,0,0.9719616
9533,Pass,0,0.9999893,0.251796,0,0.9259601
9534,Pass,0,0.9998178,0.16083544,0,0.9534501
9535,Pass,0,0.9983089,0.26430237,0,0.92060846
9536,Pass,0,0.9999056,0.07591685,0,0.9793482
9537,Pass,0,0.99997175,0.097421385,0,0.97287536
9538,Pass,0,0.9854022,0.21483348,0,0.9235263
9539,Pass,0,0.97633207,0.22166811,0,0.91299695
9540,Pass,0,0.92473197,0.45076188,0,0.80033773
9541,Pass,0,0.9993932,0.1708224,0,0.9500108
9542,Pass,0,0.9963186,0.3129647,0,0.90403324
9543,Pass,0,0.999998,0.12627302,0,0.96412945
9544,Pass,0,0.99550277,0.19832942,0,0.9379875
9545,Pass,0,0.9999995,0.09433681,0,0.9738402
9546,Pass,0,0.9995912,0.21287279,0,0.9374201
9547,Pass,0,0.99999976,0.0767286,0,0.9791936
9548,Pass,0,0.99989414,0.17960124,0,0.9478183
9549,Pass,0,0.99960786,0.10909468,0,0.9689739
9550,Pass,0,0.9999387,0.17909542,0,0.9480143
9551,Pass,0,0.99999416,0.10736437,0,0.9698743
9552,Pass,0,0.9999144,0.0849878,0,0.9765993
9553,Pass,0,0.9992938,0.1386684,0,0.95968485
9554,Pass,0,0.8233785,0.34160206,0,0.7399434
9555,Pass,0,0.9999999,0.055784643,0,0.9855611
9556,Pass,0,0.99415696,0.32994935,0,0.8969384
9557,Pass,0,0.9999999,0.117813274,0,0.96670324
9558,Pass,0,0.99998903,0.12872204,0,0.96337634
9559,Pass,0,0.99992037,0.11788085,0,0.96660584
9560,Pass,0,0.99989486,0.052888956,0,0.98633784
9561,Pass,0,0.99996996,0.09604904,0,0.9732908
9562,Pass,0,0.9971706,0.084545806,0,0.97405344
9563,Pass,0,0.9999999,0.12776513,0,0.96367764
9564,Pass,0,0.9999945,0.26248747,0,0.92271465
9565,Pass,0,0.99988055,0.20834978,0,0.9390664
9566,Pass,0,0.9999951,0.0910138,0,0.9748461
9567,Pass,0,0.9999937,0.11946696,0,0.9661945
9568,Pass,0,0.9999999,0.07143929,0,0.98080176
9569,Pass,0,0.9998436,0.46062997,0,0.8623458
9570,Pass,0,0.999962,0.06213918,0,0.98359185
9571,Pass,0,0.9895822,0.37530425,0,0.8791659
9572,Pass,0,0.9999949,0.1831184,0,0.9468445
9573,Pass,0,0.9999988,0.06883452,0,0.9815926
9574,Pass,0,0.9999999,0.0485555,0,0.9877589
9575,Pass,0,0.9999999,0.12797305,0,0.96361446
9576,Pass,0,0.999151,0.2858355,0,0.9148441
9577,Pass,0,0.999874,0.13990709,0,0.95986545
9578,Pass,0,0.99999666,0.15095818,0,0.95662344
9579,Pass,0,0.9999528,0.11949102,0,0.96614766
9580,Pass,0,0.9866855,0.13681893,0,0.9481311
9581,Pass,0,0.99999523,0.07203959,0,0.9806147
9582,Pass,0,0.99998033,0.13523084,0,0.9613892
9583,Pass,0,0.99999785,0.12931477,0,0.96320456
9584,Pass,0,1.0,0.07437505,0,0.97990936
9585,Pass,0,0.9999505,0.24474995,0,0.9280663
9586,Pass,0,0.9999802,0.08674438,0,0.97612953
9587,Pass,0,0.5973027,0.70424914,0,0.47092292
9588,Pass,0,0.99999726,0.09691712,0,0.97305346
9589,Pass,0,0.9999999,0.051517222,0,0.9868585
9590,Pass,0,0.9999994,0.06743861,0,0.9820176
9591,Pass,0,0.99724424,0.059281956,0,0.98178494
9592,Pass,0,0.99961036,0.086788185,0,0.9757552
9593,Pass,0,0.9999485,0.030132364,0,0.99330884
9594,Pass,0,0.9693366,0.1653338,0,0.92305684
9595,Pass,0,0.99985814,0.24218464,0,0.92876035
9596,Pass,0,0.9999759,0.30563945,0,0.9095788
9597,Pass,0,0.9999908,0.13753267,0,0.96069944
9598,Pass,0,0.99999976,0.042119175,0,0.9897155
9599,Pass,0,0.9946143,0.079740606,0,0.97300947
9600,Pass,0,0.9999957,0.0974771,0,0.97288173
9601,Pass,0,0.9999857,0.115189,0,0.96748734
9602,Pass,0,0.9996296,0.061784074,0,0.9833729
9603,Pass,0,0.9999958,0.08767361,0,0.9758623
9604,Pass,0,0.9999999,0.06168683,0,0.98376673
9605,Pass,0,0.99940705,0.0910222,0,0.9742703
9606,Pass,0,0.99985564,0.14250465,0,0.9590582
9607,Pass,0,0.99928015,0.23487079,0,0.93044543
9608,Pass,0,0.99997246,0.14287056,0,0.95905906
9609,Pass,0,0.99999976,0.17886896,0,0.94814104
9610,Pass,0,0.9954331,0.4039276,0,0.87570167
9611,Pass,0,0.9999974,0.15764463,0,0.9545914
9612,Pass,0,0.9988127,0.21881647,0,0.93488514
9613,Pass,0,0.97283405,0.23506595,0,0.9057633
9614,Pass,0,0.99945086,0.25897452,0,0.9232804
9615,Pass,0,0.9961773,0.38897893,0,0.8808837
9616,Pass,0,0.9999999,0.14109185,0,0.9596261
9617,Pass,0,0.9995943,0.1944674,0,0.9430163
9618,Pass,0,0.960338,0.32649726,0,0.86743444
9619,Pass,0,0.99980265,0.20255286,0,0.94075525
9620,Pass,0,0.9857582,0.7543807,0,0.7621636
9621,Pass,0,0.9992182,0.42138708,0,0.8737276
9622,Pass,0,0.9979849,0.29151893,0,0.912052
9623,Pass,0,0.9998976,0.18486373,0,0.9462218
9624,Pass,0,0.998533,0.27213162,0,0.9184384
9625,Pass,0,0.99850994,0.4701859,0,0.85829467
9626,Pass,0,0.9999387,0.123476036,0,0.9649226
9627,Pass,0,0.9997441,0.17100275,0,0.9502895
9628,Pass,0,0.92753285,0.366889,0,0.826413
9629,Pass,0,0.99918884,0.6047639,0,0.8179972
9630,Pass,0,0.99994755,0.1654024,0,0.9521854
9631,Pass,0,0.9998648,0.13184267,0,0.96230805
9632,Pass,0,0.99990857,0.21528763,0,0.93698364
9633,Pass,0,0.9998702,0.1716732,0,0.95020556
9634,Pass,0,0.79389644,0.7603775,0,0.6123735
9635,Pass,0,0.99999607,0.05430102,0,0.9860084
9636,Pass,0,0.9143148,0.6879447,0,0.72539246
9637,Pass,0,0.9984913,0.26904267,0,0.9193377
9638,Pass,0,0.94478744,0.5999636,0,0.77483976
9639,Pass,0,0.9991129,0.4300096,0,0.8710165
9640,Pass,0,0.9998808,0.10675959,0,0.96994823
9641,Pass,0,0.99981874,0.19507371,0,0.94304377
9642,Pass,0,0.8343392,2.887297,0,0.104066074
9643,Pass,0,0.985679,0.513026,0,0.83442783
9644,Pass,0,0.99560225,0.46323216,0,0.8579001
9645,Pass,0,0.99930716,0.1824645,0,0.94639206
9646,Pass,0,0.9898319,0.2769974,0,0.908971
9647,Pass,0,0.99999607,0.07395391,0,0.9800335
9648,Pass,0,0.99999833,0.042989414,0,0.9894495
9649,Pass,0,0.9995952,0.031595044,0,0.99251336
9650,Pass,0,0.9998374,0.17777881,0,0.94831854
9651,Pass,0,0.9986883,0.17437942,0,0.94826066
9652,Pass,0,0.9910256,0.64009815,0,0.8006685
9653,Pass,0,0.99861753,0.1435322,0,0.9575587
9654,Pass,0,0.9999701,0.14098957,0,0.9596286
9655,Pass,0,0.93956,0.51302904,0,0.7953849
9656,Pass,0,0.9969271,0.24704783,0,0.92456377
9657,Pass,0,0.9999566,0.11321453,0,0.9680594
9658,Pass,0,0.99999154,0.10334727,0,0.97109306
9659,Pass,0,0.9999219,0.0840551,0,0.97689015
9660,Pass,0,0.99980503,0.22223762,0,0.93477416
9661,Pass,0,0.99942696,0.21744816,0,0.93587583
9662,Pass,0,0.999966,0.14659734,0,0.9579199
9663,Pass,0,0.999884,0.17478032,0,0.9492742
9664,Pass,0,0.93109083,1.0754797,0,0.6290029
9665,Pass,0,0.99999166,0.06373211,0,0.9831368
9666,Pass,0,0.99949145,0.23787431,0,0.9297295
9667,Pass,0,0.9999937,0.33861044,0,0.89957124
9668,Pass,0,0.99998057,0.13301559,0,0.96206284
9669,Pass,0,0.83759636,1.2928606,0,0.5104874
9670,Pass,0,0.99997985,0.121673815,0,0.96551025
9671,Pass,0,0.99999857,0.085718244,0,0.97645944
9672,Pass,0,0.9965243,0.30089894,0,0.90787536
9673,Pass,0,0.9979221,0.5357599,0,0.8378951
9674,Pass,0,0.99990547,0.090422295,0,0.9749386
9675,Pass,0,0.99995434,0.18227094,0,0.9470638
9676,Pass,0,0.9993799,0.17373228,0,0.94911397
9677,Pass,0,0.9821401,0.664412,0,0.78622985
9678,Pass,0,0.9999713,0.1371954,0,0.96078324
9679,Pass,0,0.94353646,0.5792547,0,0.77975416
9680,Pass,0,0.9999118,0.09302561,0,0.9741533
9681,Pass,0,0.99999344,0.09608646,0,0.9733023
9682,Pass,0,0.9997726,0.105258316,0,0.97029954
9683,Pass,0,0.9998658,0.2611995,0,0.92298734
9684,Pass,0,0.99998343,0.10878888,0,0.96943086
9685,Pass,0,0.999992,0.084423125,0,0.97684675
9686,Pass,0,0.9962167,0.31176624,0,0.9043038
9687,Pass,0,0.99882764,0.25235945,0,0.9247134
9688,Pass,0,0.99959284,0.20310198,0,0.94039094
9689,Pass,0,0.9999918,0.044901118,0,0.9888619
9690,Pass,0,0.9997577,0.21791479,0,0.93604374
9691,Pass,0,0.99999666,0.33566797,0,0.90046847
9692,Pass,0,0.47705796,1.0775242,0,0.32198232
9693,Pass,0,0.99915004,0.542763,0,0.83679885
9694,Pass,0,0.998514,0.46239722,0,0.8606626
9695,Pass,0,0.99878615,0.3453511,0,0.8964382
9696,Pass,0,0.9993057,0.15715013,0,0.95408136
9697,Pass,0,0.9999374,0.25310355,0,0.92551464
9698,Pass,0,0.91272646,0.67175955,0,0.72862345
9699,Pass,0,0.9986505,0.14101464,0,0.95835465
9700,Pass,0,0.825919,1.3091854,0,0.49927136
9701,Pass,0,0.98622316,0.43062615,0,0.85959446
9702,Pass,0,0.99999654,0.14869916,0,0.95731014
9703,Pass,0,0.999869,0.21922018,0,0.93575114
9704,Pass,0,0.999941,0.18585771,0,0.9459607
9705,Pass,0,0.9999827,0.016205074,0,0.9975769
9706,Pass,0,0.9982357,0.40727797,0,0.87715036
9707,Pass,0,0.99999785,0.10533646,0,0.97049445
9708,Pass,0,0.99900925,0.19903937,0,0.9410758
9709,Pass,0,0.95878977,0.5148097,0,0.81114477
9710,Pass,0,0.9999914,0.1304798,0,0.9628442
9711,Pass,0,0.99997544,0.0994936,0,0.972249
9712,Pass,0,0.9907408,0.41877848,0,0.8671006
9713,Pass,0,0.99917895,0.15122701,0,0.9557596
9714,Pass,0,0.99990535,0.3213138,0,0.90474975
9715,Pass,0,0.99997663,0.021600503,0,0.99593055
9716,Pass,0,0.98635733,0.67657924,0,0.7859572
9717,Pass,0,0.99997675,0.11415654,0,0.9677926
9718,Pass,0,0.99999404,0.097342305,0,0.97292113
9719,Pass,0,0.99658585,0.42896998,0,0.8691284
9720,Pass,0,0.9991761,0.40471128,0,0.8787564
9721,Pass,0,0.9999012,0.2568837,0,0.92433196
9722,Pass,0,0.9999958,0.07868469,0,0.9785951
9723,Pass,0,0.9988201,0.1529429,0,0.9548953
9724,Pass,0,0.99994826,0.23330085,0,0.9315447
9725,Pass,0,0.99995697,0.028873257,0,0.9937
9726,Pass,0,0.9131092,0.70407337,0,0.7199586
9727,Pass,0,0.9999914,0.114472255,0,0.9677108
9728,Pass,0,0.99940693,0.112708725,0,0.967681
9729,Pass,0,0.98826677,2.8013039,0,0.14910202
9730,Pass,0,0.9999274,0.25928843,0,0.92362523
9731,Pass,0,0.9998574,0.10831948,0,0.9694514
9732,Pass,0,0.99973565,0.28460318,0,0.915754
9733,Pass,0,0.8956891,0.36834696,0,0.7976437
9734,Pass,0,0.9998797,0.22056325,0,0.9353529
9735,Pass,0,0.99428904,0.48677582,0,0.8496517
9736,Pass,0,0.99746144,0.3103703,0,0.90585697
9737,Pass,0,0.9999747,0.07777105,0,0.9788522
9738,Pass,0,0.9972083,0.18250962,0,0.94439065
9739,Pass,0,0.99984074,0.07837236,0,0.9785383
9740,Pass,0,0.9898493,0.2999156,0,0.90209013
9741,Pass,0,0.8555103,0.51736027,0,0.7231061
9742,Pass,0,0.9994973,0.33783454,0,0.8993605
9743,Pass,0,0.9999113,0.18941402,0,0.9448516
9744,Pass,0,0.9994324,0.37346128,0,0.88847697
9745,Pass,0,0.96830106,0.32625893,0,0.8746973
9746,Pass,0,0.99964225,0.109260574,0,0.96895677
9747,Pass,0,0.9988681,0.29939923,0,0.91046613
9748,Pass,0,0.9999989,0.14121616,0,0.9595874
9749,Pass,0,0.66951334,1.0664548,0,0.45413005
9750,Pass,0,0.99958223,0.2159626,0,0.9364728
9751,Pass,0,0.9962734,0.39953175,0,0.8777724
9752,Pass,0,0.9991159,0.29458958,0,0.9121529
9753,Pass,0,0.9999548,0.07728755,0,0.9789797
9754,Pass,0,0.9918345,0.48707646,0,0.84746355
9755,Pass,0,0.99188167,0.30638194,0,0.9019923
9756,Pass,0,0.9998815,0.28947836,0,0.9144056
9757,Pass,0,0.9999894,0.1391013,0,0.9602212
9758,Pass,0,0.99882954,0.20121229,0,0.9402467
9759,Pass,0,0.9999962,0.094074346,0,0.9739167
9760,Pass,0,0.99983215,0.05869913,0,0.9845099
9761,Pass,0,0.9999547,0.08549699,0,0.9764839
9762,Pass,0,0.94864213,0.519796,0,0.8011217
9763,Pass,0,0.9995396,0.23664615,0,0.9301475
9764,Pass,0,0.9951042,0.15474299,0,0.9507982
9765,Pass,0,0.9993937,0.136813,0,0.96034443
9766,Pass,0,0.9997141,0.1670935,0,0.95144916
9767,Pass,0,0.99791497,0.19738434,0,0.9405471
9768,Pass,0,0.5985989,0.7022859,0,0.4723022
9769,Pass,0,0.9987404,0.09162178,0,0.9734383
9770,Pass,0,0.9796831,1.1919713,0,0.62713367
9771,Pass,0,0.9999788,0.053460345,0,0.9862469
9772,Pass,0,0.9999881,0.020382488,0,0.99631226
9773,Pass,0,0.9998492,0.112327196,0,0.9682252
9774,Pass,0,0.9999447,0.029608047,0,0.9934644
9775,Pass,0,0.9999454,0.27111688,0,0.920046
9776,Pass,0,0.99995935,0.17775229,0,0.9484422
9777,Pass,0,0.88448256,1.006803,0,0.61598366
9778,Pass,0,0.9999893,0.1530679,0,0.95597506
9779,Pass,0,0.9030125,0.8874734,0,0.6616484
9780,Pass,0,0.9952041,0.43992913,0,0.8646076
9781,Pass,0,0.9985441,0.39852417,0,0.88007885
9782,Pass,0,0.96615815,0.8314275,0,0.72437835
9783,Pass,0,0.9996141,0.19718303,0,0.9422098
9784,Pass,0,0.99916065,0.13590093,0,0.96039754
9785,Pass,0,0.9998878,0.08928248,0,0.9752678
9786,Pass,0,0.99873966,0.2050027,0,0.9390112
9787,Pass,0,0.9999865,0.124762096,0,0.9645778
9788,Pass,0,0.99995136,0.13399397,0,0.96173733
9789,Pass,0,0.9952739,0.13512014,0,0.95689785
9790,Pass,0,0.99928844,0.14591649,0,0.9574776
9791,Pass,0,0.99997497,0.09817288,0,0.97265
9792,Pass,0,0.6568584,1.0302019,0,0.45278576
9793,Pass,0,0.9969548,0.49489257,0,0.84946954
9794,Pass,0,0.99995816,0.19317208,0,0.94375336
9795,Pass,0,0.9997383,0.06365439,0,0.98291135
9796,Pass,0,0.99998236,0.030906668,0,0.993107
9797,Pass,0,0.99948645,0.15879585,0,0.9537538
9798,Pass,0,0.9999906,0.17570575,0,0.949094
9799,Pass,0,0.99998343,0.050617386,0,0.9871158
9800,Pass,0,0.99799085,0.15954866,0,0.95209825
9801,Pass,0,0.99999917,0.054488752,0,0.98595434
9802,Pass,0,0.99997914,0.017069107,0,0.99731064
9803,Pass,0,0.9998789,0.090922326,0,0.9747606
9804,Pass,0,0.9996227,0.1992352,0,0.9415941
9805,Pass,0,0.9999999,0.046033222,0,0.9885257
9806,Pass,0,0.9999918,0.084211946,0,0.9769107
9807,Pass,0,0.9999951,0.10227537,0,0.9714224
9808,Pass,0,0.9679294,0.5424418,0,0.8107458
9809,Pass,0,0.99998724,0.08087385,0,0.9779212
9810,Pass,0,0.9999788,0.0379717,0,0.99095565
9811,Pass,0,0.6808803,0.56245285,0,0.5661687
9812,Pass,0,0.9999894,0.08191077,0,0.977608
9813,Pass,0,0.9996332,0.101694606,0,0.9712473
9814,Pass,0,0.99997115,0.28786662,0,0.91497755
9815,Pass,0,0.9999461,0.10660054,0,0.97005993
9816,Pass,0,0.9993345,0.17798905,0,0.9477776
9817,Pass,0,0.99928135,0.18167882,0,0.9466063
9818,Pass,0,0.99997556,0.045178212,0,0.9887616
9819,Pass,0,0.9999801,0.027061997,0,0.99427366
9820,Pass,0,0.9997727,0.14709033,0,0.9575849
9821,Pass,0,0.99999666,0.07123154,0,0.9808618
9822,Pass,0,0.99999976,0.030488238,0,0.99325156
9823,Pass,0,0.9999962,0.061552152,0,0.98380405
9824,Pass,0,0.99998367,0.16935693,0,0.95101756
9825,Pass,0,0.99994147,0.08675186,0,0.9760894
9826,Pass,0,0.99923015,0.14629705,0,0.9573062
9827,Pass,0,0.99992216,0.13104822,0,0.96260476
9828,Pass,0,0.94364214,0.4041643,0,0.8300723
9829,Pass,0,0.9996803,0.23195624,0,0.9317038
9830,Pass,0,0.9999981,0.17675321,0,0.94878274
9831,Pass,0,0.99953544,0.38946092,0,0.8837067
9832,Pass,0,0.98062897,0.25446996,0,0.9072359
9833,Pass,0,0.99965703,0.17456526,0,0.94912404
9834,Pass,0,0.97533065,0.5033267,0,0.8285434
9835,Pass,0,0.9970763,0.39646617,0,0.879409
9836,Pass,0,0.9999311,0.028214691,0,0.9938745
9837,Pass,0,0.999895,0.15770045,0,0.95447665
9838,Pass,0,0.9999213,0.034686282,0,0.99189746
9839,Pass,0,0.77000064,0.56932974,0,0.63866466
9840,Pass,0,0.8093691,0.682734,0,0.64341354
9841,Pass,0,0.99974257,0.33291745,0,0.90107566
9842,Pass,0,0.9999511,0.13014686,0,0.9629066
9843,Pass,0,0.99680114,0.21489741,0,0.93419003
9844,Pass,0,0.9999341,0.033765145,0,0.9921902
9845,Pass,0,0.999895,0.04358626,0,0.98916584
9846,Pass,0,0.99995697,0.028402502,0,0.9938431
9847,Pass,0,0.9954194,0.459203,0,0.8589618
9848,Pass,0,0.99998975,0.013971331,0,0.998263
9849,Pass,0,0.99836415,0.21969955,0,0.9341973
9850,Pass,0,0.93416226,0.5375543,0,0.7838502
9851,Pass,0,0.9999937,0.0921356,0,0.9745037
9852,Pass,0,0.99956125,0.3766174,0,0.8876324
9853,Pass,0,0.9999962,0.32017276,0,0.90517884
9854,Pass,0,0.99596643,0.19534826,0,0.93932706
9855,Pass,0,0.9987226,0.25991625,0,0.9223217
9856,Pass,0,0.6824039,0.33365756,0,0.6149023
9857,Pass,0,0.99929225,0.19981597,0,0.94110644
9858,Pass,0,0.98557985,0.5569208,0,0.8211915
9859,Pass,0,0.9999771,0.056069694,0,0.985452
9860,Pass,0,0.9984854,0.13977708,0,0.9585719
9861,Pass,0,0.9999716,0.17759849,0,0.94850063
9862,Pass,0,0.9990866,0.17337652,0,0.94894356
9863,Pass,0,0.79429144,1.0740553,0,0.53693146
9864,Pass,0,0.9997768,0.049129933,0,0.9873639
9865,Pass,0,0.99998736,0.11164324,0,0.96856695
9866,Pass,0,0.99984217,0.08214131,0,0.977394
9867,Pass,0,0.9927505,0.2936757,0,0.90661746
9868,Pass,0,0.99992216,0.13681279,0,0.9608523
9869,Pass,0,0.99999666,0.13005958,0,0.96297705
9870,Pass,0,0.9996413,0.40141568,0,0.88016707
9871,Pass,0,0.9999795,0.15656567,0,0.95490235
9872,Pass,0,0.99999833,0.037840936,0,0.9910148
9873,Pass,0,0.99987614,0.21832404,0,0.93603027
9874,Pass,0,0.9823219,0.62320477,0,0.7986817
9875,Pass,0,0.99912053,0.40720713,0,0.8779494
9876,Pass,0,0.9999808,0.013269496,0,0.9984674
9877,Pass,0,0.99999833,0.22292036,0,0.9347473
9878,Pass,0,0.999974,0.032276455,0,0.99268234
9879,Pass,0,0.9809745,0.3493423,0,0.8792614
9880,Pass,0,0.9935295,0.19889621,0,0.9359571
9881,Pass,0,0.9960063,0.24432197,0,0.9245352
9882,Pass,0,0.9972236,0.19636388,0,0.94020486
9883,Pass,0,0.98607695,0.4262866,0,0.86076796
9884,Pass,0,0.9998454,0.22580533,0,0.9337274
9885,Pass,0,0.99998784,0.094981045,0,0.97363293
9886,Pass,0,0.9999099,0.28670594,0,0.9152743
9887,Pass,0,0.9947471,0.8392178,0,0.743457
9888,Pass,0,0.6821006,0.57508224,0,0.56456447
9889,Pass,0,0.9999838,0.07769067,0,0.97888553
9890,Pass,0,0.9968822,0.23043396,0,0.9295573
9891,Pass,0,0.990094,0.3335853,0,0.8921783
9892,Pass,0,0.7444726,0.9502024,0,0.5312866
9893,Pass,0,0.86141056,0.35501304,0,0.77060944
9894,Pass,0,0.99971646,0.11085604,0,0.96854377
9895,Pass,0,0.9999671,0.09361373,0,0.9740284
9896,Pass,0,0.99998677,0.022821443,0,0.99556947
9897,Pass,0,0.99998665,0.20737185,0,0.9394634
9898,Pass,0,0.9999697,0.019854777,0,0.9964544
9899,Pass,0,0.9999937,0.13197663,0,0.9623913
9900,Pass,0,0.9999765,0.17302543,0,0.9498955
9901,Pass,0,0.9999229,0.17115054,0,0.95041454
9902,Pass,0,0.999551,0.14204256,0,0.9589064
9903,Pass,0,0.9999225,0.02169534,0,0.9958478
9904,Pass,0,0.6563513,0.5146877,0,0.55530345
9905,Pass,0,0.8601555,0.39239383,0,0.7597115
9906,Pass,0,0.9715745,0.25290933,0,0.89932007
9907,Pass,0,0.9998982,0.23115194,0,0.9321514
9908,Pass,0,0.99998546,0.069436565,0,0.9813965
9909,Pass,0,0.9999659,0.13485104,0,0.96149075
9910,Pass,0,0.99998426,0.23430458,0,0.93127316
9911,Pass,0,0.9999893,0.18597221,0,0.9459716
9912,Pass,0,0.99995995,0.027047979,0,0.99425787
9913,Pass,0,0.99953496,0.2587367,0,0.9234304
9914,Pass,0,0.99506015,0.35988653,0,0.88869673
9915,Pass,0,0.9964089,0.22319186,0,0.93130976
9916,Pass,0,0.9995684,0.10923464,0,0.96889305
9917,Pass,0,0.9999999,0.1403615,0,0.95984817
9918,Pass,0,0.99993813,0.12789485,0,0.96357876
9919,Pass,0,0.99997354,0.124631,0,0.9646051
9920,Pass,0,0.9999995,0.07418073,0,0.97996795
9921,Pass,0,0.9998964,0.13763832,0,0.96057665
9922,Pass,0,0.9659185,0.55380094,0,0.8057257
9923,Pass,0,0.99998474,0.009536122,0,0.9996064
9924,Pass,0,0.99678016,0.3858035,0,0.88237906
9925,Pass,0,0.99898785,0.3377094,0,0.8989401
9926,Pass,0,0.9999385,0.25903985,0,0.92371106
9927,Pass,0,0.99993384,0.11204344,0,0.9683934
9928,Pass,0,0.99994946,0.11197424,0,0.96842957
9929,Pass,0,0.99999285,0.10292029,0,0.9712241
9930,Pass,0,0.99999034,0.065986276,0,0.98245025
9931,Pass,0,0.9999069,0.07432492,0,0.97983336
9932,Pass,0,0.9998658,0.1338721,0,0.96169204
9933,Pass,0,0.99998116,0.14403448,0,0.95871353
9934,Pass,0,0.99998105,0.102180555,0,0.9714376
9935,Pass,0,0.9996437,0.18027306,0,0.9473767
9936,Pass,0,0.9997254,0.08993715,0,0.9749104
9937,Pass,0,0.99990857,0.15479204,0,0.95537376
9938,Pass,0,0.99999285,0.09519462,0,0.97357285
9939,Pass,0,0.99996734,0.08078963,0,0.97792727
9940,Pass,0,0.9991844,0.42918932,0,0.871328
9941,Pass,0,0.96852255,0.48000696,0,0.8296265
9942,Pass,0,0.99994063,0.21109463,0,0.93828833
9943,Pass,0,0.9994649,0.2205112,0,0.9349807
9944,Pass,0,0.99646974,0.4221109,0,0.8711051
9945,Pass,0,0.9994536,0.18077047,0,0.94704545
9946,Pass,0,0.9999467,0.05615364,0,0.9853965
9947,Pass,0,0.9992555,0.24774374,0,0.9265117
9948,Pass,0,0.9995173,0.38103497,0,0.8862511
9949,Pass,0,0.99999094,0.082158126,0,0.9775343
9950,Pass,0,0.9999598,0.034470465,0,0.99200124
9951,Pass,0,0.9998542,0.12501794,0,0.9643724
9952,Pass,0,0.99999845,0.057536367,0,0.9850271
9953,Pass,0,0.999383,0.26899087,0,0.92017436
9954,Pass,0,0.99987805,0.32580566,0,0.90335965
9955,Pass,0,0.9999294,0.05188838,0,0.9866761
9956,Pass,0,0.99998236,0.027608905,0,0.99410963
9957,Pass,0,0.9998417,0.16591457,0,0.9519289
9958,Pass,0,0.99992085,0.10562839,0,0.97033095
9959,Pass,0,0.9970132,0.3075536,0,0.9063037
9960,Pass,0,0.99998736,0.21158381,0,0.9381835
9961,Pass,0,0.9999951,0.068846256,0,0.98158544
9962,Pass,0,0.99996245,0.26968142,0,0.920498
9963,Pass,0,0.9997938,0.1970481,0,0.9424201
9964,Pass,0,0.9999503,0.09316981,0,0.974147
9965,Pass,0,0.99996054,0.16700397,0,0.9517109
9966,Pass,0,0.99999297,0.114698,0,0.9676436
9967,Pass,0,0.99999547,0.14072771,0,0.9597326
9968,Pass,0,0.99996316,0.092552215,0,0.9743473
9969,Pass,0,0.9999807,0.018151775,0,0.99698305
9970,Pass,0,0.99603146,0.48193875,0,0.8526054
9971,Pass,0,0.99991274,0.25147027,0,0.9259883
9972,Pass,0,0.99999166,0.18971929,0,0.9448347
9973,Pass,0,0.9999473,0.11765514,0,0.96670043
9974,Pass,0,0.9998759,0.13541168,0,0.9612338
9975,Pass,0,0.9651634,0.7185681,0,0.7567486
9976,Pass,0,0.99902284,0.23585798,0,0.929906
9977,Pass,0,0.9999633,0.12602466,0,0.9641715
9978,Pass,0,0.99998677,0.053632427,0,0.9862025
9979,Pass,0,0.99995136,0.089878164,0,0.9751487
9980,Pass,0,0.999689,0.48729196,0,0.8541092
9981,Pass,0,0.9998616,0.13466904,0,0.9614458
9982,Pass,0,0.9384866,1.0345421,0,0.6456794
9983,Pass,0,0.9999913,0.06420681,0,0.9829921
9984,Pass,0,0.99990964,0.07091908,0,0.98087144
9985,Pass,0,0.9997435,0.70025253,0,0.7894284
9986,Pass,0,0.99929273,0.22471622,0,0.93354213
9987,Pass,0,0.9999999,0.04604551,0,0.98852193
9988,Pass,0,0.99999845,0.16278286,0,0.9530303
9989,Pass,0,0.99999535,0.037438076,0,0.9911343
9990,Pass,0,0.99997604,0.06570904,0,0.98252046
9991,Pass,0,0.9999962,0.24627492,0,0.9276451
9992,Pass,0,0.999969,0.2053681,0,0.9400559
9993,Pass,0,0.999246,0.17203908,0,0.9495013
9994,Pass,0,0.99981624,0.04534325,0,0.9885539
9995,Pass,0,0.9999989,0.062497202,0,0.9835194
9996,Pass,0,0.99991894,0.13518685,0,0.96134347
9997,Pass,0,0.99999833,0.094601884,0,0.97375846
9998,Pass,0,0.99987507,0.23436263,0,0.93115383
9999,Pass,0,0.99999917,0.064311765,0,0.982968
