ID,Outcome,SUT,Confidence,dsa,lsa,conf*(1-norm_dsa)
0,Pass,0,0.9999504,0.21735837,0,0.98255557
1,Pass,0,0.9996092,0.32438794,0,0.9735353
2,Pass,0,0.9856668,0.039820895,0,0.9827259
3,Pass,0,0.9998155,0.31823906,0,0.9742353
4,Pass,0,0.98678166,0.31046453,0,0.9621577
5,Pass,0,0.99139386,0.03319791,0,0.9889689
6,Pass,0,0.9505129,0.989264,0,0.87441766
7,Pass,0,0.87742853,0.5205619,0,0.84056866
8,Pass,0,0.97452354,3.5472796,0,0.69414306
9,Pass,0,0.96160805,0.73319215,0,0.90461373
10,Pass,0,0.9942267,0.44683707,0,0.9584105
11,Pass,0,0.9871503,1.0186541,0,0.9057668
12,Pass,0,0.9287042,0.3985457,0,0.89888906
13,Pass,0,0.99884254,0.657998,0,0.9457384
14,Pass,0,0.99855095,0.14276962,0,0.98722667
15,Pass,0,0.9867469,0.84927,0,0.9189646
16,Pass,0,0.959302,0.7114746,0,0.90413564
17,Pass,0,0.9999865,0.7579054,0,0.9387114
18,Pass,0,0.37319684,1.8348413,0,0.3177029
19,Pass,0,0.9955057,0.6254241,0,0.9452113
20,Pass,0,0.8352482,0.5634039,0,0.7972554
21,Pass,0,0.9577399,0.74920964,0,0.8997296
22,Pass,0,0.89100754,0.74333894,0,0.8374638
23,Pass,0,0.9998031,1.3782964,0,0.8881874
24,Pass,0,0.9376908,1.0733241,0,0.85622346
25,Pass,0,0.99992895,0.17331187,0,0.9861098
26,Pass,0,0.99249107,0.36418036,0,0.96339685
27,Pass,0,0.9974783,0.5919565,0,0.94979423
28,Pass,0,0.99991393,0.51923585,0,0.9580162
29,Pass,0,0.9836384,0.023548946,0,0.98200285
30,Pass,0,0.9937675,1.3657646,0,0.88383657
31,Pass,0,0.9616279,0.027825065,0,0.9596952
32,Pass,0,0.99546033,0.6581266,0,0.94252557
33,Pass,0,0.34471473,0.8804729,0,0.3201622
34,Pass,0,0.99929345,0.26654184,0,0.9779203
35,Pass,0,0.999356,0.39332673,0,0.967696
36,Pass,0,0.9976936,0.99511594,0,0.91734725
37,Pass,0,0.98749906,0.025781035,0,0.9856782
38,Pass,0,0.96671057,0.78902054,0,0.90503275
39,Pass,0,0.99653995,0.18408203,0,0.9818964
40,Pass,0,0.9393408,0.07162285,0,0.93411314
41,Pass,0,0.9967822,0.7831783,0,0.9336584
42,Pass,0,0.99617946,0.51975983,0,0.9543959
43,Pass,0,0.9924534,0.8671244,0,0.9228407
44,Pass,0,0.8743907,1.0156802,0,0.80251455
45,Pass,0,0.90678626,1.1182424,0,0.82469743
46,Pass,0,0.9445784,0.07187872,0,0.93930197
47,Pass,0,0.9886672,2.2029421,0,0.8121106
48,Pass,0,0.9402852,0.65140676,0,0.8907974
49,Pass,0,0.99872607,0.38077807,0,0.9681034
50,Pass,0,0.9932914,1.7573457,0,0.8518387
51,Pass,0,0.9604575,0.9690015,0,0.88514596
52,Pass,0,0.9993963,0.54011506,0,0.9558264
53,Pass,0,0.9789716,0.7141497,0,0.9224615
54,Pass,0,0.99262506,0.66213983,0,0.93951774
55,Pass,0,0.9789851,1.1049852,0,0.89141387
56,Pass,0,0.99958235,0.7759771,0,0.9368656
57,Pass,0,0.97791666,0.032100428,0,0.9756118
58,Pass,0,0.98494476,0.32505652,0,0.9591999
59,Pass,0,0.8952954,0.7710581,0,0.8394794
60,Pass,0,0.9980558,0.99378586,0,0.917788
61,Pass,0,0.87811613,2.037907,0,0.7330661
62,Pass,0,0.39481217,0.93250257,0,0.36502388
63,Pass,0,0.638433,0.7702653,0,0.59867185
64,Pass,0,0.99855584,1.8028668,0,0.8526636
65,Pass,0,0.6310204,1.6626279,0,0.54600996
66,Pass,0,0.9226445,1.1105809,0,0.8396939
67,Pass,0,0.99622643,0.59444255,0,0.94840115
68,Pass,0,0.9981943,0.7920819,0,0.9342596
69,Pass,0,0.99160403,0.46311906,0,0.9545717
70,Pass,0,0.99999297,0.604995,0,0.9511303
71,Pass,0,0.9999186,0.38149136,0,0.9692015
72,Pass,0,0.9972133,0.8936853,0,0.9251166
73,Pass,0,0.5183412,1.4467824,0,0.45759305
74,Pass,0,0.9910336,0.073196396,0,0.9853917
75,Pass,0,0.9957768,0.96801686,0,0.91777533
76,Pass,0,0.9436772,0.7349159,0,0.88761365
77,Pass,0,0.99199945,0.40225148,0,0.9598539
78,Pass,0,0.89801246,1.1426697,0,0.81493723
79,Pass,0,0.999943,0.24984097,0,0.9799116
80,Pass,0,0.5638439,1.9980977,0,0.4725285
81,Pass,0,0.9956813,1.419166,0,0.8812223
82,Pass,0,0.99999964,0.6577666,0,0.94685274
83,Pass,0,0.9942725,0.35980156,0,0.9654795
84,Pass,0,0.98819643,0.2631094,0,0.96733594
85,Pass,0,0.99987745,1.1619102,0,0.9058169
86,Pass,0,0.9999218,0.57652473,0,0.95337355
87,Pass,0,0.89239484,0.7405829,0,0.83896744
88,Pass,0,0.99915993,0.47660682,0,0.9607514
89,Pass,0,0.9968436,0.059532773,0,0.9922743
90,Pass,0,0.96826506,0.96375006,0,0.8927541
91,Pass,0,0.99779534,0.3171766,0,0.97235286
92,Pass,0,0.43080565,1.2488632,0,0.387238
93,Pass,0,0.9865834,0.70426095,0,0.93042594
94,Pass,0,0.9657023,0.12665579,0,0.95601374
95,Pass,0,0.97304404,3.1791797,0,0.72216517
96,Pass,0,0.83347994,0.103797294,0,0.8266645
97,Pass,0,0.9812416,0.9697577,0,0.9042401
98,Pass,0,0.97295874,0.9861852,0,0.89530975
99,Pass,0,0.9926479,0.18003896,0,0.9783873
100,Pass,0,0.9892396,0.6146661,0,0.9401257
101,Pass,0,0.9989496,1.040042,0,0.91485894
102,Pass,0,0.9995493,0.8827895,0,0.9281678
103,Pass,0,0.99995065,0.84037006,0,0.93198377
104,Pass,0,0.97420824,3.476057,0,0.699551
105,Pass,0,0.9783422,0.32161006,0,0.95304364
106,Pass,0,0.9996985,0.6471897,0,0.94742596
107,Pass,0,0.9735641,0.21676525,0,0.9566752
108,Pass,0,0.9362592,1.0159687,0,0.85927546
109,Pass,0,0.9913118,0.7032603,0,0.9349656
110,Pass,0,0.96403176,0.22042947,0,0.9470214
111,Pass,0,0.8280868,1.5927933,0,0.72122216
112,Pass,0,0.9709173,0.49853712,0,0.931866
113,Pass,0,0.97676873,0.3797821,0,0.94689834
114,Pass,0,0.99270165,0.62951666,0,0.94221914
115,Pass,0,0.8309659,0.97728133,0,0.7652495
116,Pass,0,0.9693954,0.52604884,0,0.9282403
117,Pass,0,0.9998994,1.7640798,0,0.8569591
118,Pass,0,0.8344308,0.48996753,0,0.8014496
119,Pass,0,0.97285265,1.0423869,0,0.89077365
120,Pass,0,0.99007976,1.8839961,0,0.83890533
121,Pass,0,0.60132873,1.1651783,0,0.54460096
122,Pass,0,0.9930884,1.5495723,0,0.86841464
123,Pass,0,0.9938601,0.663264,0,0.94059604
124,Pass,0,0.67492676,0.8825048,0,0.6267433
125,Pass,0,0.8339692,0.5383559,0,0.7977303
126,Pass,0,0.7280118,1.1525483,0,0.66007954
127,Pass,0,0.99974364,0.6952653,0,0.9435671
128,Pass,0,0.9999448,0.3188382,0,0.97431266
129,Pass,0,0.99990416,0.27203777,0,0.9780718
130,Pass,0,0.99951315,0.4372386,0,0.9642853
131,Pass,0,0.9994404,0.5778898,0,0.9528038
132,Pass,0,0.9970331,1.2877893,0,0.8930519
133,Pass,0,0.9972487,1.5728321,0,0.8701697
134,Pass,0,0.9994167,0.56387734,0,0.9539181
135,Pass,0,0.99858934,0.06667919,0,0.9934327
136,Pass,0,0.99276567,0.91336405,0,0.91940457
137,Pass,0,0.99772364,0.026801841,0,0.99580127
138,Pass,0,0.9993863,1.4123896,0,0.8850512
139,Pass,0,0.92480916,0.5733582,0,0.88199526
140,Pass,0,0.95401675,0.21458243,0,0.93763596
141,Pass,0,0.999559,0.2936704,0,0.9759789
142,Pass,0,0.73710084,0.41931078,0,0.71219444
143,Pass,0,0.99615306,0.010681977,0,0.9955372
144,Pass,0,0.9453472,1.3734177,0,0.84018517
145,Pass,0,0.9563337,0.0153443515,0,0.9553805
146,Pass,0,0.9988556,0.21128985,0,0.9819719
147,Pass,0,0.99966645,0.70891947,0,0.9423862
148,Pass,0,0.99939144,0.7050889,0,0.9424377
149,Pass,0,0.5520479,1.1281224,0,0.5016298
150,Pass,0,0.9366736,0.93779737,0,0.86559963
151,Pass,0,0.73834133,2.9051003,0,0.564403
152,Pass,0,0.98474586,0.6840852,0,0.9303058
153,Pass,0,0.94897246,0.9952355,0,0.87254053
154,Pass,0,0.976405,0.03827063,0,0.97361463
155,Pass,0,0.9995968,0.61195135,0,0.95018893
156,Pass,0,0.9810688,0.2570493,0,0.9608414
157,Pass,0,0.9967535,0.8051466,0,0.931854
158,Pass,0,0.9587034,1.1917659,0,0.8661927
159,Pass,0,0.9248723,0.57850343,0,0.88166916
160,Pass,0,0.9705886,0.6644672,0,0.9184769
161,Pass,0,0.99910295,1.1924207,0,0.90264076
162,Pass,0,0.9997259,0.6215003,0,0.94953674
163,Pass,0,0.9991842,0.45592552,0,0.96245223
164,Pass,0,0.79837066,0.6170265,0,0.7585801
165,Pass,0,0.9927597,0.81569654,0,0.92727005
166,Pass,0,0.9588439,3.4073408,0,0.69386697
167,Pass,0,0.6400179,0.39167604,0,0.6198277
168,Pass,0,0.99579877,0.05710405,0,0.9914306
169,Pass,0,0.9885972,1.0685984,0,0.90308636
170,Pass,0,0.97495645,1.1941245,0,0.88069075
171,Pass,0,0.9919761,1.6608217,0,0.8584835
172,Pass,0,0.9979189,0.86153984,0,0.9283752
173,Pass,0,0.81675005,0.4255537,0,0.7887384
174,Pass,0,0.99742055,1.0998657,0,0.9086148
175,Pass,0,0.62494314,3.855806,0,0.4294886
176,Pass,0,0.96593404,0.05772765,0,0.9616479
177,Pass,0,0.98308694,0.325027,0,0.95739305
178,Pass,0,0.99756277,0.024415243,0,0.99583393
179,Pass,0,0.99491405,0.23786344,0,0.9759507
180,Pass,0,0.98988885,0.051608514,0,0.98598814
181,Pass,0,0.99659973,0.8835634,0,0.9253663
182,Pass,0,0.9888075,1.6969217,0,0.8528436
183,Pass,0,0.9949921,0.18693508,0,0.9801408
184,Pass,0,0.8509492,0.25644022,0,0.8334467
185,Pass,0,0.8080276,0.7042772,0,0.7620326
186,Pass,0,0.9991431,0.46059194,0,0.96203417
187,Pass,0,0.9899455,0.49525988,0,0.9503922
188,Pass,0,0.9997142,0.34260857,0,0.9721589
189,Pass,0,0.90714145,0.026240457,0,0.90543497
190,Pass,0,0.966765,0.1498733,0,0.95524365
191,Pass,0,0.88199466,0.022960866,0,0.88057023
192,Pass,0,0.9965837,0.4212153,0,0.96275544
193,Pass,0,0.5571708,1.2923656,0,0.49885616
194,Pass,0,0.9970599,0.3465741,0,0.96925676
195,Pass,0,0.2759483,2.0575342,0,0.22992659
196,Pass,0,0.99613047,0.100041784,0,0.9882887
197,Pass,0,0.9983968,0.39553928,0,0.96658796
198,Pass,0,0.9602995,0.23277286,0,0.94239277
199,Pass,0,0.99725866,0.92737305,0,0.92243147
200,Pass,0,0.42488775,1.5836967,0,0.37036973
201,Pass,0,0.9993724,0.4301069,0,0.9647281
202,Pass,0,0.98672706,0.10194176,0,0.97880715
203,Pass,0,0.9657758,0.027799878,0,0.9638367
204,Pass,0,0.98628783,0.06408914,0,0.9814021
205,Pass,0,0.9903328,0.95418215,0,0.91387
206,Pass,0,0.95694864,0.78782874,0,0.8959862
207,Pass,0,0.95235527,3.559237,0,0.67742836
208,Pass,0,0.9999988,1.4351163,0,0.8837487
209,Pass,0,0.9737231,1.9207147,0,0.8221438
210,Pass,0,0.9789725,0.7053838,0,0.92315894
211,Pass,0,0.832125,1.7788802,0,0.7121691
212,Pass,0,0.9857555,0.28383133,0,0.96328837
213,Pass,0,0.8841429,0.79000974,0,0.82766193
214,Pass,0,0.98506945,0.2614762,0,0.96440566
215,Pass,0,0.9821974,0.65628576,0,0.93011475
216,Pass,0,0.9994361,0.9185294,0,0.92516303
217,Pass,0,0.632562,0.4825823,0,0.60793895
218,Pass,0,0.97053355,0.5927645,0,0.9240739
219,Pass,0,0.9923867,0.6297463,0,0.9419017
220,Pass,0,0.9916946,0.5569218,0,0.9471075
221,Pass,0,0.99342304,2.3917046,0,0.8007947
222,Pass,0,0.9945803,1.0606412,0,0.90919435
223,Pass,0,0.99991596,0.15685241,0,0.9874331
224,Pass,0,0.9163839,0.065630116,0,0.9117299
225,Pass,0,0.9885512,1.1018018,0,0.9003798
226,Pass,0,0.99913836,0.32841036,0,0.97275054
227,Pass,0,0.94780064,0.9834532,0,0.87236965
228,Pass,0,0.99601656,0.07884935,0,0.9898892
229,Pass,0,0.99107915,0.4948661,0,0.9515122
230,Pass,0,0.9107902,0.93744105,0,0.8417066
231,Pass,0,0.89782214,0.4535275,0,0.86499125
232,Pass,0,0.9873847,0.7096196,0,0.930752
233,Pass,0,0.42747313,0.5900332,0,0.40710467
234,Pass,0,0.9855725,0.11689556,0,0.9764655
235,Pass,0,0.7836048,0.7365169,0,0.7369492
236,Pass,0,0.9989918,1.3638757,0,0.8886361
237,Pass,0,0.98849875,0.7144845,0,0.93141186
238,Pass,0,0.9995326,0.6080925,0,0.95044106
239,Pass,0,0.9956418,0.01809762,0,0.99442697
240,Pass,0,0.99687934,0.7873456,0,0.9334122
241,Pass,0,0.65751255,1.2665331,0,0.5900747
242,Pass,0,0.94295895,0.5731036,0,0.8993243
243,Pass,0,0.96016,1.6505845,0,0.8317469
244,Pass,0,0.8993512,1.2757533,0,0.80643606
245,Pass,0,0.34399307,0.7625456,0,0.322785
246,Pass,0,0.9823606,0.48571426,0,0.94387156
247,Pass,0,0.9122415,2.190062,0,0.7502869
248,Pass,0,0.99871624,0.4160912,0,0.96523094
249,Pass,0,0.8331921,0.6837963,0,0.78714997
250,Pass,0,0.90973794,0.8302874,0,0.8486475
251,Pass,0,0.83517915,0.08816139,0,0.82940996
252,Pass,0,0.9708902,0.48284864,0,0.93307644
253,Pass,0,0.9887454,0.92107075,0,0.9150628
254,Pass,0,0.99819034,0.07584311,0,0.9922932
255,Pass,0,0.9821008,0.78767043,0,0.91954863
256,Pass,0,0.9814559,0.9185472,0,0.9085176
257,Pass,0,0.6164347,0.73839456,0,0.5796384
258,Pass,0,0.99994516,1.001344,0,0.918912
259,Pass,0,0.9262518,1.3383219,0,0.8258529
260,Pass,0,0.99748117,0.64674073,0,0.9453609
261,Pass,0,0.9056222,0.5883868,0,0.8625917
262,Pass,0,0.9998153,0.1748983,0,0.985869
263,Pass,0,0.9994042,0.24516536,0,0.9797629
264,Pass,0,0.6138004,1.2073767,0,0.5537935
265,Pass,0,0.9981433,0.022608835,0,0.99655986
266,Pass,0,0.8557646,0.8179001,0,0.7991591
267,Pass,0,0.99872464,0.026220862,0,0.9968474
268,Pass,0,0.93354475,1.0211258,0,0.85639334
269,Pass,0,0.83580625,0.9363831,0,0.772482
270,Pass,0,0.97704583,1.0802164,0,0.89161265
271,Pass,0,0.9977398,0.32607305,0,0.9715782
272,Pass,0,0.99287754,0.03524553,0,0.9902839
273,Pass,0,0.9863966,0.9971284,0,0.9067989
274,Pass,0,0.7702788,0.6846009,0,0.7276629
275,Pass,0,0.9892391,0.7337691,0,0.93056077
276,Pass,0,0.9982943,0.037702724,0,0.9954874
277,Pass,0,0.99667394,0.6669674,0,0.94295937
278,Pass,0,0.9997037,0.45282534,0,0.9632042
279,Pass,0,0.9919789,0.04919658,0,0.9882642
280,Pass,0,0.9911281,0.86852014,0,0.92149603
281,Pass,0,0.9362152,0.62228066,0,0.88915515
282,Pass,0,0.8428907,0.622843,0,0.8004832
283,Pass,0,0.997086,0.5878934,0,0.9497495
284,Pass,0,0.99087286,0.92421025,0,0.91677916
285,Pass,0,0.9997178,0.92502135,0,0.9248969
286,Pass,0,0.9746995,0.68711823,0,0.92057484
287,Pass,0,0.99579924,1.6110339,0,0.8658168
288,Pass,0,0.98546183,0.044691004,0,0.98213196
289,Pass,0,0.93743676,0.96104336,0,0.86453587
290,Pass,0,0.5780532,0.27434018,0,0.5653237
291,Pass,0,0.9986272,0.4469079,0,0.9626467
292,Pass,0,0.99158925,0.3806874,0,0.9611928
293,Pass,0,0.99940264,2.2554486,0,0.8166691
294,Pass,0,0.996636,0.57725704,0,0.9501814
295,Pass,0,0.98453414,0.5505934,0,0.9407747
296,Pass,0,0.9997098,0.34978604,0,0.9715721
297,Pass,0,0.9811965,1.3641263,0,0.87278664
298,Pass,0,0.9993352,0.48593876,0,0.96016294
299,Pass,0,0.98521495,0.266805,0,0.9641219
300,Pass,0,0.8897142,1.5906082,0,0.7750544
301,Pass,0,0.98762244,3.183578,0,0.73263216
302,Pass,0,0.99558157,0.0041037337,0,0.9954977
303,Pass,0,0.9906798,0.80056715,0,0.9265441
304,Pass,0,0.95260197,0.7303387,0,0.8963621
305,Pass,0,0.9458023,1.0021614,0,0.8690939
306,Pass,0,0.9911212,0.35523292,0,0.96278703
307,Pass,0,0.9218269,0.49198282,0,0.8852405
308,Pass,0,0.9987921,0.86031663,0,0.9292867
309,Pass,0,0.9873897,0.5811753,0,0.9410521
310,Pass,0,0.94611686,0.2521957,0,0.9269829
311,Pass,0,0.9999751,0.3161156,0,0.9745632
312,Pass,0,0.99955386,0.4998941,0,0.9592406
313,Pass,0,0.71497476,0.99127835,0,0.65761906
314,Pass,0,0.99721706,0.027827285,0,0.9952126
315,Pass,0,0.93668926,0.759627,0,0.87916183
316,Pass,0,0.98797256,0.7463844,0,0.9283576
317,Pass,0,0.97948164,0.5494703,0,0.93603605
318,Pass,0,0.6944765,1.2971143,0,0.62152344
319,Pass,0,0.9684968,0.5462689,0,0.92579013
320,Pass,0,0.4925261,0.5437353,0,0.4709091
321,Pass,0,0.9102963,2.1385524,0,0.7524934
322,Pass,0,0.96479446,0.37699777,0,0.9355083
323,Pass,0,0.9963212,0.78178316,0,0.93333954
324,Pass,0,0.65150505,1.9905375,0,0.54639256
325,Pass,0,0.7358208,0.47268367,0,0.7077696
326,Pass,0,0.98003525,0.9483318,0,0.90483296
327,Pass,0,0.99991226,0.28158653,0,0.9773047
328,Pass,0,0.99859387,0.25520965,0,0.9781543
329,Pass,0,0.99850225,0.06167135,0,0.993752
330,Pass,0,0.9967796,0.061822657,0,0.9920253
331,Pass,0,0.98495746,0.37124938,0,0.9555189
332,Pass,0,0.99713,0.01727947,0,0.99597955
333,Pass,0,0.99479127,0.97175634,0,0.91656506
334,Pass,0,0.99868625,0.41730744,0,0.9651034
335,Pass,0,0.68764156,0.5496432,0,0.65713114
336,Pass,0,0.87950444,0.4907072,0,0.84468883
337,Pass,0,0.99757093,0.540756,0,0.95402867
338,Pass,0,0.9692533,0.6509076,0,0.9182801
339,Pass,0,0.9765048,0.75931096,0,0.91655713
340,Pass,0,0.4000044,2.6787286,0,0.31312203
341,Pass,0,0.3833289,1.4991587,0,0.336774
342,Pass,0,0.99399227,0.05179139,0,0.9900607
343,Pass,0,0.9059464,0.75111425,0,0.85093313
344,Pass,0,0.87554425,0.6180178,0,0.8318369
345,Pass,0,0.9960259,0.071838446,0,0.99046534
346,Pass,0,0.99404484,0.9688524,0,0.91611165
347,Pass,0,0.99397695,2.020922,0,0.8311591
348,Pass,0,0.9965185,0.038897917,0,0.9936199
349,Pass,0,0.65369916,0.8949217,0,0.6063723
350,Pass,0,0.98566914,0.011088615,0,0.98502725
351,Pass,0,0.9968617,1.2093722,0,0.8992441
352,Pass,0,0.96920913,1.0122262,0,0.8898105
353,Pass,0,0.97391075,0.24887848,0,0.95447695
354,Pass,0,0.96989757,0.010922786,0,0.969279
355,Pass,0,0.9947889,0.23442642,0,0.9761055
356,Pass,0,0.9995415,0.4306538,0,0.96484697
357,Pass,0,0.9294945,0.1218246,0,0.9205338
358,Pass,0,0.59374386,0.5686503,0,0.5664835
359,Pass,0,0.6895536,0.59655076,0,0.6563326
360,Pass,0,0.9983304,0.6942177,0,0.9423182
361,Pass,0,0.99342805,0.3039024,0,0.9691675
362,Pass,0,0.7056288,0.56513405,0,0.67343295
363,Pass,0,0.908875,0.9267916,0,0.8407224
364,Pass,0,0.9999137,0.55618364,0,0.9550169
365,Pass,0,0.99516195,0.8612217,0,0.9258361
366,Pass,0,0.93814635,0.6169464,0,0.8913955
367,Pass,0,0.9841781,0.54414076,0,0.94095
368,Pass,0,0.92253286,0.9241415,0,0.85355455
369,Pass,0,0.9044382,1.387067,0,0.80282485
370,Pass,0,0.9955117,0.24460813,0,0.97599196
371,Pass,0,0.998698,0.6735151,0,0.9443435
372,Pass,0,0.95632094,0.52120703,0,0.9160968
373,Pass,0,0.99680436,0.43736744,0,0.9616616
374,Pass,0,0.99133354,0.46433365,0,0.9542135
375,Pass,0,0.99968743,0.8300182,0,0.93257856
376,Pass,0,0.6129854,1.0661077,0,0.5600878
377,Pass,0,0.9873934,0.022561373,0,0.9858308
378,Pass,0,0.99540955,0.0261166,0,0.99354696
379,Pass,0,0.99045956,0.3774017,0,0.9603619
380,Pass,0,0.7249619,1.123123,0,0.6590459
381,Pass,0,0.7947349,1.9341882,0,0.6701494
382,Pass,0,0.982743,0.6763547,0,0.92903036
383,Pass,0,0.9912725,0.0735303,0,0.9856024
384,Pass,0,0.99997103,0.23710948,0,0.9809725
385,Pass,0,0.9880728,0.020736184,0,0.98665553
386,Pass,0,0.4340429,0.5884282,0,0.41341797
387,Pass,0,0.9993254,0.8491238,0,0.9306909
388,Pass,0,0.9864646,0.052512486,0,0.982505
389,Pass,0,0.61856496,0.9996235,0,0.5685243
390,Pass,0,0.9994011,1.0092703,0,0.9177689
391,Pass,0,0.9128531,0.5879079,0,0.8695146
392,Pass,0,0.9947279,0.23109522,0,0.97631466
393,Pass,0,0.9868716,0.06779457,0,0.9816861
394,Pass,0,0.8251733,0.7627172,0,0.7742877
395,Pass,0,0.99238163,0.9843268,0,0.9133322
396,Pass,0,0.9998932,1.260903,0,0.8977961
397,Pass,0,0.9959805,1.6410693,0,0.863546
398,Pass,0,0.99594903,0.4991499,0,0.95584136
399,Pass,0,0.9990007,0.9804493,0,0.91973853
400,Pass,0,0.98438835,0.5856024,0,0.93783784
401,Pass,0,0.96766883,0.68928975,0,0.91376394
402,Pass,0,0.9027287,1.9398049,0,0.7608021
403,Pass,0,0.4434887,1.9924722,0,0.3718675
404,Pass,0,0.98031074,0.36861113,0,0.951221
405,Pass,0,0.9880134,0.24334511,0,0.968742
406,Pass,0,0.48913896,1.0263424,0,0.4485077
407,Pass,0,0.99938023,0.46670306,0,0.96176666
408,Pass,0,0.9671966,0.5023388,0,0.92799646
409,Pass,0,0.9850464,0.15052441,0,0.9732551
410,Pass,0,0.99986374,0.30142787,0,0.9756468
411,Pass,0,0.9314283,0.12559058,0,0.92216414
412,Pass,0,0.8646376,1.1505799,0,0.78409463
413,Pass,0,0.9999939,0.46034467,0,0.96287346
414,Pass,0,0.9558448,0.5716378,0,0.9117276
415,Pass,0,0.9986986,0.16106044,0,0.98588973
416,Pass,0,0.9985379,0.065021515,0,0.99351585
417,Pass,0,0.7107844,0.6815292,0,0.6716373
418,Pass,0,0.9999701,0.6492543,0,0.9475157
419,Pass,0,0.99106055,0.028497115,0,0.9890146
420,Pass,0,0.8811815,1.0396074,0,0.80703557
421,Pass,0,0.8196844,1.4967034,0,0.72029793
422,Pass,0,0.9280647,0.50499505,0,0.8902504
423,Pass,0,0.99973863,1.318322,0,0.8929974
424,Pass,0,0.9864212,0.17664936,0,0.97252154
425,Pass,0,0.9964646,0.52789825,0,0.9540107
426,Pass,0,0.95044947,0.4456266,0,0.9163037
427,Pass,0,0.9870259,0.053106643,0,0.9830165
428,Pass,0,0.98001456,1.3560842,0,0.87237513
429,Pass,0,0.9759278,0.57195765,0,0.9308584
430,Pass,0,0.99478036,0.01724116,0,0.9936357
431,Pass,0,0.8534747,1.0087804,0,0.7837959
432,Pass,0,0.99674135,0.7252062,0,0.9383109
433,Pass,0,0.9894875,0.5530704,0,0.945309
434,Pass,0,0.9641146,0.73595905,0,0.9067552
435,Pass,0,0.542553,1.5002128,0,0.47661406
436,Pass,0,0.9781622,0.88356304,0,0.9082466
437,Pass,0,0.9966234,0.9304157,0,0.9215977
438,Pass,0,0.9975938,0.31163585,0,0.97260517
439,Pass,0,0.88068897,0.7061407,0,0.83042467
440,Pass,0,0.9999869,0.20731874,0,0.9834064
441,Pass,0,0.9995196,0.57592106,0,0.95303905
442,Pass,0,0.9925357,0.39805436,0,0.9607109
443,Pass,0,0.7439452,0.6816293,0,0.7029657
444,Pass,0,0.70875573,1.0494888,0,0.64854985
445,Pass,0,0.6832841,2.18902,0,0.5620352
446,Pass,0,0.97350186,1.241593,0,0.87562555
447,Pass,0,0.8437997,0.99295264,0,0.77599496
448,Pass,0,0.5161172,0.4556581,0,0.49715495
449,Pass,0,0.8490958,0.52047455,0,0.81343216
450,Pass,0,0.8528842,1.4581282,0,0.75214297
451,Pass,0,0.98702776,0.5422989,0,0.9438221
452,Pass,0,0.9757287,0.5314082,0,0.9338802
453,Pass,0,0.93739825,0.7527421,0,0.8803512
454,Pass,0,0.93925124,1.2555261,0,0.84375614
455,Pass,0,0.99636,0.036499146,0,0.9936559
456,Pass,0,0.87865824,0.84124196,0,0.81887347
457,Pass,0,0.520027,2.4507349,0,0.41669995
458,Pass,0,0.9989329,0.1459328,0,0.9873478
459,Pass,0,0.98860043,0.38946116,0,0.9575915
460,Pass,0,0.875385,0.41695982,0,0.8459731
461,Pass,0,0.9757534,0.5426599,0,0.93301266
462,Pass,0,0.9702748,1.1340404,0,0.88119423
463,Pass,0,0.9998919,0.54867953,0,0.95560515
464,Pass,0,0.60060954,0.56373566,0,0.57327354
465,Pass,0,0.99922705,0.4732097,0,0.9610915
466,Pass,0,0.9979358,0.42708254,0,0.9635863
467,Pass,0,0.9986066,0.44227374,0,0.96300256
468,Pass,0,0.93693,1.4864326,0,0.8241087
469,Pass,0,0.95631635,0.8598495,0,0.8898032
470,Pass,0,0.99648154,0.13874634,0,0.9855061
471,Pass,0,0.919969,1.1042074,0,0.837735
472,Pass,0,0.99200165,0.6973983,0,0.9360884
473,Pass,0,0.8999796,0.029466692,0,0.89805084
474,Pass,0,0.9857013,0.4089503,0,0.9532238
475,Pass,0,0.9995999,1.9100578,0,0.84485704
476,Pass,0,0.99808276,0.038554795,0,0.9952074
477,Pass,0,0.99917966,0.4571925,0,0.96234506
478,Pass,0,0.63011354,1.4957281,0,0.5537624
479,Pass,0,0.30779788,1.5575304,0,0.26895764
480,Pass,0,0.98254156,0.054391485,0,0.97844785
481,Pass,0,0.9712461,0.3187583,0,0.94635594
482,Pass,0,0.9985858,0.50199425,0,0.9581414
483,Pass,0,0.9215911,0.540939,0,0.88135153
484,Pass,0,0.9808661,4.2098017,0,0.645908
485,Pass,0,0.9916089,0.6602609,0,0.9387072
486,Pass,0,0.9945956,0.95939606,0,0.9173827
487,Pass,0,0.8739133,0.80787313,0,0.81681865
488,Pass,0,0.94919795,0.44521102,0,0.9151292
489,Pass,0,0.9869998,0.022686318,0,0.9854278
490,Pass,0,0.89411944,1.5352378,0,0.78291076
491,Pass,0,0.99103457,0.3371725,0,0.96415585
492,Pass,0,0.9679437,1.1628307,0,0.876815
493,Pass,0,0.9624281,0.82457477,0,0.8982457
494,Pass,0,0.99999404,0.30441386,0,0.9755315
495,Pass,0,0.4299766,1.4025686,0,0.3811278
496,Pass,0,0.9475905,0.2554698,0,0.92817485
497,Pass,0,0.6469738,1.0228109,0,0.5934171
498,Pass,0,0.87329024,0.87034345,0,0.8118077
499,Pass,0,0.8662736,0.7409173,0,0.8143865
500,Pass,0,0.99995756,0.7106156,0,0.94252294
501,Pass,0,0.9916883,0.7302362,0,0.93314916
502,Pass,0,0.50853366,0.40250525,0,0.49204424
503,Pass,0,0.9999982,1.273058,0,0.8969037
504,Pass,0,0.97158784,0.027733995,0,0.96964234
505,Pass,0,0.75540894,0.65458006,0,0.7154567
506,Pass,0,0.9613657,0.007952231,0,0.9609844
507,Pass,0,0.5775677,0.6656321,0,0.54650295
508,Pass,0,0.75826126,0.9636069,0,0.6991364
509,Pass,0,0.9640572,1.1253783,0,0.87622535
510,Pass,0,0.9961516,0.72117406,0,0.9380818
511,Pass,0,0.34478053,0.4971688,0,0.3309514
512,Pass,0,0.9877061,0.5781247,0,0.94159824
513,Pass,0,0.99984777,1.3330635,0,0.8918984
514,Pass,0,0.9517053,2.237795,0,0.7790567
515,Pass,0,0.73730487,0.39416263,0,0.7138968
516,Pass,0,0.98344594,0.53561395,0,0.9409307
517,Pass,0,0.99400395,0.53680676,0,0.9509361
518,Pass,0,0.9988979,0.7635102,0,0.937235
519,Pass,0,0.9531768,0.63909644,0,0.903963
520,Pass,0,0.93146306,1.0931933,0,0.84903437
521,Pass,0,0.9100755,0.80064154,0,0.85115254
522,Pass,0,0.9740732,0.74653435,0,0.91528505
523,Pass,0,0.9575737,0.14173453,0,0.94679457
524,Pass,0,0.73640746,0.40352514,0,0.71246815
525,Pass,0,0.99622947,0.4298678,0,0.9617135
526,Pass,0,0.9690911,1.4964389,0,0.85160995
527,Pass,0,0.9115733,1.2334543,0,0.8205255
528,Pass,0,0.55630094,0.75417167,0,0.5223817
529,Pass,0,0.9976318,0.041243378,0,0.99454004
530,Pass,0,0.46775126,0.33913553,0,0.45499045
531,Pass,0,0.5004794,0.6095147,0,0.47584084
532,Pass,0,0.8746667,0.56811154,0,0.8345467
533,Pass,0,0.9984946,0.8269002,0,0.9317185
534,Pass,0,0.9964418,0.38285613,0,0.9657211
535,Pass,0,0.9972205,0.41045868,0,0.9642413
536,Pass,0,0.8747742,1.2696757,0,0.7848298
537,Pass,0,0.99758995,0.049572926,0,0.99382377
538,Pass,0,0.8918667,0.6811412,0,0.8427744
539,Pass,0,0.9997838,0.9841926,0,0.9201557
540,Pass,0,0.97791547,0.5691059,0,0.9329806
541,Pass,0,0.9988782,0.37911776,0,0.9683856
542,Pass,0,0.5093952,0.6361611,0,0.4832158
543,Pass,0,0.4718121,0.4471185,0,0.45480466
544,Pass,0,0.9998498,0.8846544,0,0.92829543
545,Pass,0,0.9853762,1.1717094,0,0.891896
546,Pass,0,0.9989453,0.4475716,0,0.96289957
547,Pass,0,0.92320335,0.3348006,0,0.89834213
548,Pass,0,0.9574122,0.43177566,0,0.92409277
549,Pass,0,0.99995196,0.90284485,0,0.92691374
550,Pass,0,0.6819761,0.8402007,0,0.6356314
551,Pass,0,0.40324455,3.2206845,0,0.2979178
552,Pass,0,0.7877389,0.8374596,0,0.7343823
553,Pass,0,0.9071325,3.1847646,0,0.67283624
554,Pass,0,0.9998079,0.92993623,0,0.9245814
555,Pass,0,0.9881911,0.8908223,0,0.9169764
556,Pass,0,0.99980503,0.8923146,0,0.92763215
557,Pass,0,0.995688,1.3009648,0,0.8907822
558,Pass,0,0.9713164,0.3481492,0,0.944107
559,Pass,0,0.9931465,1.019952,0,0.91116405
560,Pass,0,0.94872034,0.3293926,0,0.9235884
561,Pass,0,0.95623195,0.8756266,0,0.8884999
562,Pass,0,0.927802,0.838644,0,0.8648691
563,Pass,0,0.99288744,0.13625962,0,0.98215204
564,Pass,0,0.9940215,0.37887433,0,0.9636967
565,Pass,0,0.7312295,0.9883368,0,0.67274445
566,Pass,0,0.90997815,0.11472183,0,0.9017302
567,Pass,0,0.9905318,2.4742923,0,0.7918233
568,Pass,0,0.9603695,0.47182027,0,0.9238253
569,Pass,0,0.47461346,0.61413044,0,0.45107043
570,Pass,0,0.9298945,0.59470946,0,0.8852334
571,Pass,0,0.57503754,0.5654333,0,0.54878616
572,Pass,0,0.79028946,0.5547242,0,0.7548986
573,Pass,0,0.9917725,1.4729842,0,0.87343
574,Pass,0,0.99284595,0.70972526,0,0.93589157
575,Pass,0,0.9700383,0.21694173,0,0.9531966
576,Pass,0,0.99838305,1.0347564,0,0.91476846
577,Pass,0,0.9817547,1.3160203,0,0.87711704
578,Pass,0,0.39315397,0.49578622,0,0.37742868
579,Pass,0,0.9840258,1.470522,0,0.86680436
580,Pass,0,0.9993782,0.97735333,0,0.9203372
581,Pass,0,0.99425226,0.50865287,0,0.953446
582,Pass,0,0.50103915,1.9939011,0,0.42006573
583,Pass,0,0.94903094,1.2105143,0,0.85600924
584,Pass,0,0.9867313,0.038121738,0,0.9839233
585,Pass,0,0.99950993,0.3078568,0,0.9747799
586,Pass,0,0.9956293,1.4574523,0,0.8780819
587,Pass,0,0.9976998,0.517004,0,0.9560756
588,Pass,0,0.9804967,0.51374626,0,0.93984956
589,Pass,0,0.96409214,0.51396,0,0.9241083
590,Pass,0,0.97418696,0.44472086,0,0.93926007
591,Pass,0,0.5044277,0.75741494,0,0.47353846
592,Pass,0,0.9999083,0.24893987,0,0.9799508
593,Pass,0,0.8291242,1.4953839,0,0.728682
594,Pass,0,0.98286647,0.6986856,0,0.92736536
595,Pass,0,0.7111142,0.63647383,0,0.6745499
596,Pass,0,0.98757416,1.0568621,0,0.9030927
597,Pass,0,0.94436234,1.4424722,0,0.83401614
598,Pass,0,0.96622735,0.44166625,0,0.9318254
599,Pass,0,0.98684037,1.230387,0,0.8885207
600,Pass,0,0.99851876,0.2785816,0,0.9761863
601,Pass,0,0.9698504,1.2643172,0,0.8705521
602,Pass,0,0.9996643,0.42028317,0,0.9658071
603,Pass,0,0.969072,1.2998757,0,0.86705613
604,Pass,0,0.99747926,0.31479278,0,0.9722379
605,Pass,0,0.69230145,2.2540298,0,0.5657989
606,Pass,0,0.5752196,0.30025336,0,0.5613425
607,Pass,0,0.9254951,0.47405735,0,0.89010984
608,Pass,0,0.9757916,1.0625447,0,0.8918678
609,Pass,0,0.9983354,1.2474692,0,0.8974861
610,Pass,0,0.5307469,2.0466628,0,0.44269913
611,Pass,0,0.9840911,1.4531214,0,0.8682519
612,Pass,0,0.99983275,0.79894054,0,0.93523645
613,Pass,0,0.75505775,4.223014,0,0.4964016
614,Pass,0,0.73243266,0.4556697,0,0.70552224
615,Pass,0,0.9906322,0.122320525,0,0.9810421
616,Pass,0,0.93490475,0.9579095,0,0.8624386
617,Pass,0,0.97258455,1.6069257,0,0.8459567
618,Pass,0,0.99714005,0.8640982,0,0.92744356
619,Pass,0,0.6430804,0.42437798,0,0.6210864
620,Pass,0,0.99511826,0.46307784,0,0.957958
621,Pass,0,0.9893561,0.6531084,0,0.937149
622,Pass,0,0.9979619,0.33214098,0,0.97130287
623,Pass,0,0.99911314,0.15547459,0,0.986752
624,Pass,0,0.7196584,1.3929806,0,0.6384595
625,Pass,0,0.9854956,0.51660836,0,0.94441223
626,Pass,0,0.9999689,0.1103782,0,0.9912579
627,Pass,0,0.71838135,0.7645773,0,0.6739728
628,Pass,0,0.75903875,0.44920108,0,0.7315493
629,Pass,0,0.8904978,1.3547478,0,0.79278696
630,Pass,0,0.8394721,2.2717314,0,0.68487114
631,Pass,0,0.99748117,0.49409026,0,0.9577215
632,Pass,0,0.9990576,0.56517357,0,0.9534701
633,Pass,0,0.99924016,0.9000829,0,0.9264779
634,Pass,0,0.9954282,0.3554488,0,0.96695346
635,Pass,0,0.9811079,1.4974248,0,0.8620914
636,Pass,0,0.9999094,0.30811068,0,0.9751489
637,Pass,0,0.9089218,0.63674,0,0.8621668
638,Pass,0,0.92215,0.66685665,0,0.8724601
639,Pass,0,0.939254,0.44963643,0,0.9052047
640,Pass,0,0.99027807,0.03137992,0,0.988002
641,Pass,0,0.9882349,0.59818184,0,0.9404933
642,Pass,0,0.991054,1.2237748,0,0.89284647
643,Pass,0,0.99947804,0.53323185,0,0.95646304
644,Pass,0,0.99874926,0.3376277,0,0.9716244
645,Pass,0,0.9518248,0.84685785,0,0.88662773
646,Pass,0,0.97034913,0.9918407,0,0.89246285
647,Pass,0,0.99252796,0.026026726,0,0.9906781
648,Pass,0,0.99981254,0.59996796,0,0.95136666
649,Pass,0,0.97999644,0.19484013,0,0.96474016
650,Pass,0,0.98917294,0.3200632,0,0.96371853
651,Pass,0,0.9999349,0.16252145,0,0.9869916
652,Pass,0,0.9969873,0.073527664,0,0.99128467
653,Pass,0,0.88128656,0.7015691,0,0.8313153
654,Pass,0,0.53151804,1.3976935,0,0.47134364
655,Pass,0,0.9935495,0.8431402,0,0.9257943
656,Pass,0,0.9939161,0.6962133,0,0.9379905
657,Pass,0,0.988149,0.37879074,0,0.9580101
658,Pass,0,0.87408406,0.59063447,0,0.8323926
659,Pass,0,0.6241777,1.5530245,0,0.5456426
660,Pass,0,0.9754294,1.5521542,0,0.8527682
661,Pass,0,0.8713879,0.6339523,0,0.8267609
662,Pass,0,0.991855,0.99443096,0,0.91203403
663,Pass,0,0.9973659,0.04659098,0,0.993842
664,Pass,0,0.98267853,1.191943,0,0.8878402
665,Pass,0,0.99976844,0.53866726,0,0.9562998
666,Pass,0,0.9803034,0.34239182,0,0.9533004
667,Pass,0,0.6812728,0.39746898,0,0.6594607
668,Pass,0,0.99525297,1.7370371,0,0.8551618
669,Pass,0,0.98987865,0.51740414,0,0.9485486
670,Pass,0,0.9832162,0.91277647,0,0.91060764
671,Pass,0,0.9799042,1.7690347,0,0.8394282
672,Pass,0,0.9961941,0.023941973,0,0.99450594
673,Pass,0,0.8532467,0.5005505,0,0.8187887
674,Pass,0,0.98084426,0.8737606,0,0.91151744
675,Pass,0,0.9940585,0.033417936,0,0.9916093
676,Pass,0,0.9999963,0.45735803,0,0.9631182
677,Pass,0,0.97354543,1.4275503,0,0.86096853
678,Pass,0,0.98112124,0.76433283,0,0.9204902
679,Pass,0,0.99780315,0.4033798,0,0.9653781
680,Pass,0,0.9986518,0.54465497,0,0.95474625
681,Pass,0,0.99670863,0.65253526,0,0.9441599
682,Pass,0,0.9953507,0.06773552,0,0.9901254
683,Pass,0,0.8142109,1.2044362,0,0.73480564
684,Pass,0,0.6128162,1.8740768,0,0.5197393
685,Pass,0,0.938959,0.885608,0,0.8716896
686,Pass,0,0.99232274,1.6250856,0,0.8616622
687,Pass,0,0.9785386,0.5275215,0,0.9368783
688,Pass,0,0.9690943,1.1954854,0,0.8752883
689,Pass,0,0.43875667,2.4555523,0,0.35140607
690,Pass,0,0.99891937,0.5642197,0,0.9534156
691,Pass,0,0.7920725,1.1148722,0,0.7205851
692,Pass,0,0.890723,0.5049903,0,0.85443056
693,Pass,0,0.9864363,1.2237211,0,0.88869065
694,Pass,0,0.9910194,1.2084852,0,0.8940453
695,Pass,0,0.9883881,0.015787616,0,0.98736745
696,Pass,0,0.95649856,0.2941323,0,0.9338984
697,Pass,0,0.9994122,0.54079026,0,0.95578676
698,Pass,0,0.98835003,0.6494532,0,0.9364893
699,Pass,0,0.938706,1.1986691,0,0.8475989
700,Pass,0,0.9627872,0.022461032,0,0.9612714
701,Pass,0,0.9999026,0.077862605,0,0.99383146
702,Pass,0,0.98918927,0.3178959,0,0.9639085
703,Pass,0,0.9958889,1.037334,0,0.91227484
704,Pass,0,0.9980433,1.1631418,0,0.90405554
705,Pass,0,0.9984505,0.3057555,0,0.97391707
706,Pass,0,0.9352252,0.46381295,0,0.9002457
707,Pass,0,0.6384653,1.113021,0,0.58093745
708,Pass,0,0.9928347,0.60284156,0,0.9444953
709,Pass,0,0.9962534,0.59447736,0,0.948424
710,Pass,0,0.9968816,0.8576106,0,0.9277282
711,Pass,0,0.9986713,0.78696233,0,0.9351212
712,Pass,0,0.86107135,1.1868061,0,0.7783284
713,Pass,0,0.96850175,1.7081538,0,0.83444685
714,Pass,0,0.9800519,0.50094414,0,0.9404416
715,Pass,0,0.9987042,0.69398063,0,0.9426902
716,Pass,0,0.8484588,0.59819245,0,0.80746907
717,Pass,0,0.5188178,3.1371098,0,0.3868234
718,Pass,0,0.99767584,0.45023128,0,0.9614605
719,Pass,0,0.99986434,0.6356897,0,0.94851655
720,Pass,0,0.48002753,1.195675,0,0.43355465
721,Pass,0,0.8623541,0.9679048,0,0.79481184
722,Pass,0,0.99944335,0.834689,0,0.93197185
723,Pass,0,0.9795424,1.1208972,0,0.89065605
724,Pass,0,0.99739635,0.35305175,0,0.9690594
725,Pass,0,0.9931323,0.019786492,0,0.99178433
726,Pass,0,0.8768973,1.4291685,0,0.7753812
727,Pass,0,0.7972477,0.57931525,0,0.7599537
728,Pass,0,0.77513885,1.0879496,0,0.7068739
729,Pass,0,0.9901244,1.3811405,0,0.8793606
730,Pass,0,0.9867737,0.26556015,0,0.96574694
731,Pass,0,0.999987,0.35742363,0,0.97122157
732,Pass,0,0.9996208,0.7366488,0,0.940093
733,Pass,0,0.9603791,0.36190358,0,0.93240374
734,Pass,0,0.7895891,0.8854159,0,0.7330333
735,Pass,0,0.9946845,0.08051344,0,0.98843104
736,Pass,0,0.9979377,0.88689035,0,0.92633903
737,Pass,0,0.99666023,0.8460525,0,0.92845726
738,Pass,0,0.83363515,1.306305,0,0.74544185
739,Pass,0,0.9963335,1.247173,0,0.89571035
740,Pass,0,0.8811348,0.6839986,0,0.83242893
741,Pass,0,0.86585987,1.8565594,0,0.7355809
742,Pass,0,0.99978083,0.3099363,0,0.9748754
743,Pass,0,0.99254066,0.3181979,0,0.96714985
744,Pass,0,0.9988267,0.93115956,0,0.9235748
745,Pass,0,0.98591655,0.0482007,0,0.9823043
746,Pass,0,0.99679476,0.50465494,0,0.9562076
747,Pass,0,0.9860416,0.8291812,0,0.9199158
748,Pass,0,0.78500754,1.6141926,0,0.6823386
749,Pass,0,0.96515787,0.026941936,0,0.96328723
750,Pass,0,0.99432904,0.24725468,0,0.97461885
751,Pass,0,0.9950178,1.4546306,0,0.87777054
752,Pass,0,0.990202,0.9021786,0,0.9179295
753,Pass,0,0.958027,0.9364061,0,0.885441
754,Pass,0,0.9943277,0.018722693,0,0.993064
755,Pass,0,0.9721637,0.011040972,0,0.9715343
756,Pass,0,0.99724966,0.24897729,0,0.9773421
757,Pass,0,0.9792662,0.48606566,0,0.9408705
758,Pass,0,0.9911608,0.56078494,0,0.9462868
759,Pass,0,0.9667544,0.7122977,0,0.91109484
760,Pass,0,0.49333644,1.3683631,0,0.43865928
761,Pass,0,0.9876896,0.30669585,0,0.96334517
762,Pass,0,0.9899734,0.4319342,0,0.95550805
763,Pass,0,0.95387876,0.7240137,0,0.89805335
764,Pass,0,0.999529,0.4393478,0,0.96412945
765,Pass,0,0.9970126,0.32802773,0,0.9707119
766,Pass,0,0.79518557,0.7368091,0,0.7478216
767,Pass,0,0.9808913,0.027709508,0,0.97892904
768,Pass,0,0.9986985,0.14833394,0,0.98692137
769,Pass,0,0.9773012,0.6577493,0,0.925362
770,Pass,0,0.99839455,0.40219536,0,0.96604633
771,Pass,0,0.9387765,1.9396415,0,0.7911949
772,Pass,0,0.98339236,0.05837148,0,0.9789774
773,Pass,0,0.98084784,0.37296993,0,0.95139515
774,Pass,0,0.7958378,0.5396274,0,0.7611738
775,Pass,0,0.99886936,0.8458882,0,0.9305286
776,Pass,0,0.9998518,1.185129,0,0.9039092
777,Pass,0,0.9916161,0.017189814,0,0.9904792
778,Pass,0,0.9979956,0.9197676,0,0.92372924
779,Pass,0,0.9894979,0.18488832,0,0.9748931
780,Pass,0,0.9813487,0.5475193,0,0.9379757
781,Pass,0,0.85771537,0.6416858,0,0.8132501
782,Pass,0,0.9599839,0.605855,0,0.91300917
783,Pass,0,0.9874721,0.023512047,0,0.9858332
784,Pass,0,0.99952245,0.7770073,0,0.93672585
785,Pass,0,0.98829985,1.0367755,0,0.90536773
786,Pass,0,0.6379501,0.86980355,0,0.59306425
787,Pass,0,0.9393494,1.7426455,0,0.8066995
788,Pass,0,0.97610825,0.29014993,0,0.9533603
789,Pass,0,0.96790725,0.42252347,0,0.9349496
790,Pass,0,0.99415743,0.27661866,0,0.9720809
791,Pass,0,0.86873144,1.4674643,0,0.76545995
792,Pass,0,0.9997031,0.6890415,0,0.94403386
793,Pass,0,0.9986658,0.2639884,0,0.9775131
794,Pass,0,0.9996718,0.34406757,0,0.9719993
795,Pass,0,0.4117398,1.0511348,0,0.37670916
796,Pass,0,0.9999937,0.68695337,0,0.9444778
797,Pass,0,0.937056,3.145776,0,0.6979968
798,Pass,0,0.9844668,0.011407306,0,0.9838002
799,Pass,0,0.99999523,0.611815,0,0.9505788
800,Pass,0,0.7400765,0.60307723,0,0.7040293
801,Pass,0,0.972876,1.0508305,0,0.89012814
802,Pass,0,0.99848324,0.32795238,0,0.9721498
803,Pass,0,0.99709797,0.5337495,0,0.95414346
804,Pass,0,0.9031086,0.5393448,0,0.8637929
805,Pass,0,0.9995296,0.7010175,0,0.94289833
806,Pass,0,0.9800301,0.5787988,0,0.934227
807,Pass,0,0.9976266,0.6947963,0,0.941607
808,Pass,0,0.97331953,0.91476387,0,0.9012848
809,Pass,0,0.9486859,0.040122658,0,0.94583213
810,Pass,0,0.670038,2.1063857,0,0.55563426
811,Pass,0,0.9989619,0.5559559,0,0.95412636
812,Pass,0,0.9918332,1.0140516,0,0.91043425
813,Pass,0,0.9794342,1.6450858,0,0.8488805
814,Pass,0,0.995808,0.14087835,0,0.9846677
815,Pass,0,0.9931465,1.1331929,0,0.9020344
816,Pass,0,0.99644357,0.36350438,0,0.9672882
817,Pass,0,0.9920963,0.5078194,0,0.9514456
818,Pass,0,0.9928712,0.32082564,0,0.96726024
819,Pass,0,0.9950694,1.4345613,0,0.8794372
820,Pass,0,0.99980766,0.31024104,0,0.97487676
821,Pass,0,0.9779313,0.18168576,0,0.9637515
822,Pass,0,0.99998677,0.31933764,0,0.974313
823,Pass,0,0.9595677,1.8413694,0,0.8163726
824,Pass,0,0.99186665,0.005811696,0,0.9916456
825,Pass,0,0.99955684,0.48103452,0,0.96077377
826,Pass,0,0.9969272,0.016622733,0,0.9958301
827,Pass,0,0.8504662,1.0181525,0,0.780386
828,Pass,0,0.9862874,2.1628628,0,0.8133648
829,Pass,0,0.79202676,1.5038338,0,0.6955353
830,Pass,0,0.94152474,0.31747797,0,0.9174941
831,Pass,0,0.99072695,0.05654501,0,0.98642594
832,Pass,0,0.8815759,1.7984096,0,0.7530937
833,Pass,0,0.7876924,0.9388906,0,0.7278531
834,Pass,0,0.8600169,0.34678495,0,0.8360205
835,Pass,0,0.9864944,0.039170247,0,0.9836032
836,Pass,0,0.9934149,0.03870237,0,0.9905411
837,Pass,0,0.97514987,0.5897729,0,0.9287061
838,Pass,0,0.99145913,0.6608158,0,0.9385207
839,Pass,0,0.4436638,1.001507,0,0.40770447
840,Pass,0,0.9843428,0.12493261,0,0.97460496
841,Pass,0,0.9984926,1.1502467,0,0.90550774
842,Pass,0,0.9325513,0.3038303,0,0.9097828
843,Pass,0,0.99928683,0.34649158,0,0.97142833
844,Pass,0,0.59070134,0.86538565,0,0.54935175
845,Pass,0,0.99753916,0.41084346,0,0.9645183
846,Pass,0,0.54072785,0.5095693,0,0.5184949
847,Pass,0,0.9629703,0.59670085,0,0.916565
848,Pass,0,0.9916773,0.014009003,0,0.9907964
849,Pass,0,0.94089854,1.2729415,0,0.84390575
850,Pass,0,0.9979887,0.09390142,0,0.9906298
851,Pass,0,0.99961287,0.51943046,0,0.95771194
852,Pass,0,0.9946268,0.32365012,0,0.9687425
853,Pass,0,0.9953876,0.37253752,0,0.9655332
854,Pass,0,0.99678123,0.81049335,0,0.9314473
855,Pass,0,0.9980003,1.0547886,0,0.9127949
856,Pass,0,0.99715036,0.4122066,0,0.96403205
857,Pass,0,0.9554738,0.8392086,0,0.8906201
858,Pass,0,0.999554,1.7522274,0,0.8576248
859,Pass,0,0.99271446,1.0164748,0,0.9110478
860,Pass,0,0.9999757,0.6183965,0,0.9500259
861,Pass,0,0.9878997,0.62325436,0,0.93816364
862,Pass,0,0.84932244,0.30950326,0,0.8281949
863,Pass,0,0.99693453,1.2929457,0,0.89254636
864,Pass,0,0.9999652,0.4217986,0,0.96597475
865,Pass,0,0.9189735,1.1525009,0,0.8332257
866,Pass,0,0.9117618,1.8872375,0,0.7723057
867,Pass,0,0.9988298,0.61289567,0,0.9493833
868,Pass,0,0.9959264,1.7449254,0,0.85510266
869,Pass,0,0.9966781,0.5727904,0,0.95058304
870,Pass,0,0.92329746,0.46619022,0,0.8885859
871,Pass,0,0.99968326,0.08023211,0,0.99342114
872,Pass,0,0.9219823,1.825811,0,0.78556037
873,Pass,0,0.9999602,0.62149435,0,0.9497598
874,Pass,0,0.8774376,0.81016076,0,0.81994975
875,Pass,0,0.99493754,0.6316163,0,0.9441718
876,Pass,0,0.9840889,1.0213196,0,0.9027448
877,Pass,0,0.83464557,1.5140013,0,0.73227304
878,Pass,0,0.99663395,0.4978166,0,0.95660657
879,Pass,0,0.99196565,0.30372128,0,0.9677554
880,Pass,0,0.9988771,0.6609644,0,0.9455306
881,Pass,0,0.784395,0.9285484,0,0.7254647
882,Pass,0,0.557553,0.9804237,0,0.5133171
883,Pass,0,0.8782945,1.4721483,0,0.7735523
884,Pass,0,0.9854769,0.6949823,0,0.9301247
885,Pass,0,0.9732661,0.28954163,0,0.95063245
886,Pass,0,0.99716514,1.390988,0,0.8848166
887,Pass,0,0.9605545,0.38162473,0,0.93103623
888,Pass,0,0.99999845,0.76638794,0,0.93803406
889,Pass,0,0.9969116,0.010302817,0,0.99632597
890,Pass,0,0.7362897,0.6973982,0,0.69478935
891,Pass,0,0.99287355,0.36113632,0,0.96401346
892,Pass,0,0.99998295,1.0117109,0,0.9181051
893,Pass,0,0.7122479,0.83942103,0,0.66389114
894,Pass,0,0.7913082,5.188987,0,0.45818332
895,Pass,0,0.9918367,0.8147136,0,0.92648715
896,Pass,0,0.6815936,0.95915073,0,0.6286934
897,Pass,0,0.99994516,0.6658187,0,0.9461475
898,Pass,0,0.56695527,0.7887011,0,0.53079724
899,Pass,0,0.9972812,0.39388716,0,0.9656416
900,Pass,0,0.94339585,0.98868906,0,0.86791444
901,Pass,0,0.99712557,0.48254436,0,0.95831466
902,Pass,0,0.883484,0.3724482,0,0.8569923
903,Pass,0,0.98477745,0.776892,0,0.9229165
904,Pass,0,0.99512887,0.27008396,0,0.9735586
905,Pass,0,0.9999943,0.8288497,0,0.9329596
906,Pass,0,0.9100698,0.6688497,0,0.8608836
907,Pass,0,0.9868259,0.0233845,0,0.98519826
908,Pass,0,0.999468,0.7949561,0,0.93521863
909,Pass,0,0.9874013,0.76904434,0,0.9260045
910,Pass,0,0.9978522,0.37890536,0,0.96740806
911,Pass,0,0.99978036,0.36649427,0,0.9702847
912,Pass,0,0.9976707,0.97598064,0,0.91887593
913,Pass,0,0.9688474,1.5636296,0,0.8461113
914,Pass,0,0.9868335,1.0024227,0,0.90677637
915,Pass,0,0.8882298,0.4692572,0,0.85461545
916,Pass,0,0.99440765,1.1603851,0,0.9009848
917,Pass,0,0.99964654,0.1619033,0,0.9867571
918,Pass,0,0.9730244,0.03997219,0,0.97010934
919,Pass,0,0.99853396,0.17931424,0,0.98424757
920,Pass,0,0.9729811,0.032156084,0,0.97068346
921,Pass,0,0.9999908,0.6616172,0,0.9465318
922,Pass,0,0.9905461,1.0796719,0,0.9039762
923,Pass,0,0.9999527,0.53899693,0,0.9564493
924,Pass,0,0.7560476,2.8666713,0,0.5802966
925,Pass,0,0.998857,0.67077225,0,0.9447163
926,Pass,0,0.80348825,1.5233543,0,0.7043272
927,Pass,0,0.97430205,0.7354972,0,0.9163731
928,Pass,0,0.9817355,0.50938773,0,0.9413844
929,Pass,0,0.97804034,0.029490167,0,0.97594243
930,Pass,0,0.95597357,1.2590367,0,0.85850585
931,Pass,0,0.9275484,1.4979521,0,0.81498945
932,Pass,0,0.9919185,0.9055733,0,0.9192473
933,Pass,0,0.96826833,1.4992796,0,0.8506636
934,Pass,0,0.9996294,0.73245925,0,0.940441
935,Pass,0,0.9973168,1.5931613,0,0.8685832
936,Pass,0,0.9929181,1.5228424,0,0.87042016
937,Pass,0,0.99927217,0.6323136,0,0.94822866
938,Pass,0,0.6183104,1.2479347,0,0.55582684
939,Pass,0,0.63011855,0.66603094,0,0.59620696
940,Pass,0,0.9883095,0.70909226,0,0.93166614
941,Pass,0,0.9999716,0.39179236,0,0.96841675
942,Pass,0,0.99942017,0.33406258,0,0.9725663
943,Pass,0,0.9405826,0.75258815,0,0.8833535
944,Pass,0,0.55481416,1.8918165,0,0.46974784
945,Pass,0,0.99991167,0.5587086,0,0.95481
946,Pass,0,0.9720867,0.642582,0,0.92162156
947,Pass,0,0.5570223,0.43628794,0,0.537433
948,Pass,0,0.991962,0.020777466,0,0.99053586
949,Pass,0,0.9870913,0.015620944,0,0.98608536
950,Pass,0,0.93141186,0.6551258,0,0.8821098
951,Pass,0,0.47672036,2.4048047,0,0.3837756
952,Pass,0,0.8885517,2.2180915,0,0.7287811
953,Pass,0,0.9974642,0.4044087,0,0.96496683
954,Pass,0,0.96303445,0.5347789,0,0.92146695
955,Pass,0,0.9848446,1.370365,0,0.8755329
956,Pass,0,0.6832885,2.397543,0,0.55047256
957,Pass,0,0.84605443,0.6740534,0,0.7999706
958,Pass,0,0.5519818,0.827246,0,0.51505154
959,Pass,0,0.4090448,0.68193847,0,0.38650268
960,Pass,0,0.5752776,1.3330888,0,0.5131661
961,Pass,0,0.9982522,0.24560763,0,0.9785977
962,Pass,0,0.8708734,0.86015844,0,0.81028104
963,Pass,0,0.9493379,0.031492393,0,0.94714725
964,Pass,0,0.9578235,0.016703058,0,0.9567632
965,Pass,0,0.95180374,1.3658818,0,0.84650576
966,Pass,0,0.92660236,1.1482606,0,0.84046173
967,Pass,0,0.997092,0.02037595,0,0.995691
968,Pass,0,0.9946483,0.63100123,0,0.9439469
969,Pass,0,0.89711964,1.2032387,0,0.809716
970,Pass,0,0.9985442,0.47148675,0,0.9605744
971,Pass,0,0.9997243,0.4121136,0,0.9665281
972,Pass,0,0.9983901,0.47637564,0,0.9600299
973,Pass,0,0.99887043,0.8900643,0,0.92694753
974,Pass,0,0.9999839,0.3490597,0,0.97189754
975,Pass,0,0.9446023,1.1973947,0,0.8530207
976,Pass,0,0.91912234,0.84464943,0,0.8563301
977,Pass,0,0.9973929,0.14436084,0,0.9859529
978,Pass,0,0.9943684,0.39422506,0,0.9627939
979,Pass,0,0.9937763,0.041721724,0,0.9906579
980,Pass,0,0.9990121,0.3658112,0,0.9695945
981,Pass,0,0.99742633,0.41472164,0,0.96409523
982,Pass,0,0.53932434,0.55021685,0,0.51536953
983,Pass,0,0.99411917,0.59175205,0,0.9466122
984,Pass,0,0.986648,0.03498733,0,0.98409134
985,Pass,0,0.98508954,0.6537611,0,0.9330554
986,Pass,0,0.99725527,0.55014634,0,0.9529666
987,Pass,0,0.9981573,0.9659314,0,0.92013836
988,Pass,0,0.8694662,0.013017293,0,0.86876386
989,Pass,0,0.96546805,0.7970859,0,0.90323734
990,Pass,0,0.8990013,2.467644,0,0.7191397
991,Pass,0,0.9970144,0.61505723,0,0.9474828
992,Pass,0,0.8181789,0.52141505,0,0.78375137
993,Pass,0,0.9991677,0.8701441,0,0.9288391
994,Pass,0,0.93306583,0.11789305,0,0.92436844
995,Pass,0,0.9979929,4.322217,0,0.64807886
996,Pass,0,0.999828,0.4001848,0,0.9675965
997,Pass,0,0.9998659,0.18153095,0,0.98538053
998,Pass,0,0.9920225,1.2612224,0,0.8907034
999,Pass,0,0.72643477,0.88505185,0,0.674424
1000,Pass,0,0.83628243,0.655599,0,0.7919838
1001,Pass,0,0.99658304,0.36261785,0,0.96749526
1002,Pass,0,0.9686008,0.7243844,0,0.9118846
1003,Pass,0,0.6710085,2.8542655,0,0.5157015
1004,Pass,0,0.93234676,0.011910696,0,0.9316774
1005,Pass,0,0.9752456,0.31474397,0,0.9505707
1006,Pass,0,0.9987545,0.6502666,0,0.94628185
1007,Pass,0,0.8335244,0.61418915,0,0.79217374
1008,Pass,0,0.9904655,0.021075785,0,0.98901755
1009,Pass,0,0.95917654,0.6898904,0,0.905698
1010,Pass,0,0.98851705,0.4750095,0,0.95064586
1011,Pass,0,0.9971795,0.04483319,0,0.99379855
1012,Pass,0,0.4849892,0.6330122,0,0.46018812
1013,Pass,0,0.93470174,0.9059501,0,0.8661939
1014,Pass,0,0.638066,12.321752,0,0.0
1015,Pass,0,0.85122806,0.29770258,0,0.83086854
1016,Pass,0,0.9996896,0.5719633,0,0.9535223
1017,Pass,0,0.9472505,0.8331067,0,0.88342416
1018,Pass,0,0.99941766,0.4040208,0,0.9668881
1019,Pass,0,0.97100055,0.016351657,0,0.9699534
1020,Pass,0,0.99585164,0.61394066,0,0.9464681
1021,Pass,0,0.99987304,2.25734,0,0.8169
1022,Pass,0,0.7641664,0.6474102,0,0.7241957
1023,Pass,0,0.9894385,0.96909636,0,0.9118468
1024,Pass,0,0.9551857,0.5100022,0,0.9158781
1025,Pass,0,0.9962172,0.02345606,0,0.9945683
1026,Pass,0,0.94862217,0.9922553,0,0.87244797
1027,Pass,0,0.99185735,0.07414377,0,0.98613447
1028,Pass,0,0.89969486,1.0454624,0,0.82356346
1029,Pass,0,0.9818996,0.68341655,0,0.9276702
1030,Pass,0,0.9920127,0.017845443,0,0.99082255
1031,Pass,0,0.9993218,0.5989839,0,0.95097953
1032,Pass,0,0.8761074,1.0015236,0,0.8050969
1033,Pass,0,0.690761,1.088672,0,0.6298865
1034,Pass,0,0.9967616,0.87437737,0,0.9262599
1035,Pass,0,0.9892023,0.25762886,0,0.9687607
1036,Pass,0,0.9992011,0.61042255,0,0.94993687
1037,Pass,0,0.9966762,0.030377993,0,0.99446654
1038,Pass,0,0.9612278,0.05011685,0,0.9575564
1039,Pass,0,0.4094232,1.25118,0,0.36794096
1040,Pass,0,0.9876143,0.022880675,0,0.9860257
1041,Pass,0,0.9999169,0.1624556,0,0.9869792
1042,Pass,0,0.9782624,0.5495434,0,0.9348651
1043,Pass,0,0.9941976,0.2904548,0,0.97100353
1044,Pass,0,0.7804859,2.120991,0,0.6462987
1045,Pass,0,0.70615196,2.3215802,0,0.5732463
1046,Pass,0,0.9933437,1.0709497,0,0.9072327
1047,Pass,0,0.994158,1.0027643,0,0.91347915
1048,Pass,0,0.98913586,1.1996382,0,0.89305645
1049,Pass,0,0.99997187,0.55455774,0,0.9552044
1050,Pass,0,0.8617453,1.5614377,0,0.7527305
1051,Pass,0,0.9780175,1.1875771,0,0.8839757
1052,Pass,0,0.9901294,0.61513513,0,0.94093364
1053,Pass,0,0.9998915,0.87268025,0,0.9293061
1054,Pass,0,0.99212533,0.039067827,0,0.98922586
1055,Pass,0,0.8385353,2.4273472,0,0.67351407
1056,Pass,0,0.99533963,1.1290781,0,0.9043588
1057,Pass,0,0.9950067,0.8042908,0,0.9302901
1058,Pass,0,0.98179513,0.6365865,0,0.9313038
1059,Pass,0,0.97234714,0.907365,0,0.90096843
1060,Pass,0,0.9999087,0.9835423,0,0.9203234
1061,Pass,0,0.99687225,1.1909305,0,0.90074605
1062,Pass,0,0.5872419,0.8968698,0,0.5446335
1063,Pass,0,0.95907426,1.1699392,0,0.86822706
1064,Pass,0,0.99999595,0.7326077,0,0.94077384
1065,Pass,0,0.9998047,0.6061526,0,0.9508572
1066,Pass,0,0.99263024,2.05239,0,0.8274973
1067,Pass,0,0.9882349,1.093616,0,0.9007483
1068,Pass,0,0.6619574,1.4761798,0,0.58279806
1069,Pass,0,0.8777765,1.7709984,0,0.75180125
1070,Pass,0,0.9994869,0.96389943,0,0.9215289
1071,Pass,0,0.9994337,0.3656796,0,0.9700144
1072,Pass,0,0.71961033,0.5738554,0,0.686267
1073,Pass,0,0.9648192,0.8704509,0,0.89688426
1074,Pass,0,0.99194133,1.1032776,0,0.9033487
1075,Pass,0,0.9621139,0.11531904,0,0.9533468
1076,Pass,0,0.9995821,0.6894094,0,0.9438898
1077,Pass,0,0.894202,0.3394964,0,0.86978084
1078,Pass,0,0.97686225,1.1951251,0,0.8823329
1079,Pass,0,0.90042096,0.89153844,0,0.8354791
1080,Pass,0,0.9846464,1.3889654,0,0.87386996
1081,Pass,0,0.8319345,1.1522036,0,0.75432825
1082,Pass,0,0.94080514,1.5780404,0,0.8205209
1083,Pass,0,0.9762922,0.017057989,0,0.97518337
1084,Pass,0,0.99742043,0.75536513,0,0.93650824
1085,Pass,0,0.9880164,0.5708529,0,0.9424773
1086,Pass,0,0.9480956,0.39902133,0,0.9176213
1087,Pass,0,0.98646927,0.6039231,0,0.93835324
1088,Pass,0,0.9851274,0.82771885,0,0.9191798
1089,Pass,0,0.95051193,1.3248838,0,0.8485203
1090,Pass,0,0.9433771,0.8790264,0,0.8762952
1091,Pass,0,0.95727485,0.8525463,0,0.8912625
1092,Pass,0,0.46174818,0.94031197,0,0.42661688
1093,Pass,0,0.7609064,1.369036,0,0.67653257
1094,Pass,0,0.9994382,0.38653517,0,0.9683267
1095,Pass,0,0.95325375,0.4146929,0,0.92140096
1096,Pass,0,0.5105029,1.2109514,0,0.46044648
1097,Pass,0,0.98042023,0.04005615,0,0.9774763
1098,Pass,0,0.95289326,0.6567186,0,0.902331
1099,Pass,0,0.9588858,0.44380754,0,0.92457855
1100,Pass,0,0.9999788,0.27252704,0,0.9781051
1101,Pass,0,0.5683315,1.813054,0,0.48482642
1102,Pass,0,0.9999808,0.4386542,0,0.96462154
1103,Pass,0,0.95257556,0.42609236,0,0.91986394
1104,Pass,0,0.99679166,0.1384758,0,0.9858348
1105,Pass,0,0.961182,0.9634299,0,0.88624835
1106,Pass,0,0.9864429,0.4120262,0,0.9536947
1107,Pass,0,0.34210396,2.0834067,0,0.28433055
1108,Pass,0,0.9610919,0.226893,0,0.94362915
1109,Pass,0,0.96496415,0.7119126,0,0.9094379
1110,Pass,0,0.9999318,0.31769395,0,0.9743929
1111,Pass,0,0.9950694,0.47529152,0,0.9569244
1112,Pass,0,0.6193615,1.5437852,0,0.54189694
1113,Pass,0,0.9999311,0.7663907,0,0.93797064
1114,Pass,0,0.98840696,2.8683066,0,0.7585104
1115,Pass,0,0.83533895,0.48691824,0,0.8025286
1116,Pass,0,0.8504011,0.6153407,0,0.8081337
1117,Pass,0,0.9860307,0.5702402,0,0.94063216
1118,Pass,0,0.9951657,0.46479806,0,0.9578647
1119,Pass,0,0.74084663,1.4226296,0,0.655474
1120,Pass,0,0.9934549,0.4671384,0,0.9560293
1121,Pass,0,0.9945478,0.5493729,0,0.95044184
1122,Pass,0,0.98482776,0.98584795,0,0.90625846
1123,Pass,0,0.99954695,0.30276534,0,0.97522914
1124,Pass,0,0.9020831,1.136435,0,0.81908786
1125,Pass,0,0.77540207,0.5866127,0,0.73867065
1126,Pass,0,0.99980015,0.21713662,0,0.9824259
1127,Pass,0,0.9621285,1.3427621,0,0.857494
1128,Pass,0,0.49153873,0.9749135,0,0.4527602
1129,Pass,0,0.99382126,0.04604174,0,0.99035424
1130,Pass,0,0.98897064,0.7296914,0,0.93063563
1131,Pass,0,0.99796826,0.88409656,0,0.9265938
1132,Pass,0,0.9994289,0.56899357,0,0.95351464
1133,Pass,0,0.9693991,0.2503495,0,0.94993955
1134,Pass,0,0.9988883,0.9156697,0,0.92488784
1135,Pass,0,0.9573397,0.76052,0,0.89847463
1136,Pass,0,0.9896394,0.11397762,0,0.9807292
1137,Pass,0,0.9875079,0.017452229,0,0.9863547
1138,Pass,0,0.9097521,1.2518514,0,0.8175276
1139,Pass,0,0.99773526,0.026529765,0,0.9958349
1140,Pass,0,0.9976884,0.30996862,0,0.97283244
1141,Pass,0,0.9976954,0.28014776,0,0.9752545
1142,Pass,0,0.9771492,0.54486376,0,0.93417245
1143,Pass,0,0.9845467,1.2920992,0,0.8815233
1144,Pass,0,0.9906131,0.57074827,0,0.9449627
1145,Pass,0,0.98951095,1.6454984,0,0.85758096
1146,Pass,0,0.99169755,0.93720204,0,0.9164964
1147,Pass,0,0.9633709,0.63051903,0,0.9143016
1148,Pass,0,0.99961406,0.26638013,0,0.97824717
1149,Pass,0,0.99209905,0.40780988,0,0.9595026
1150,Pass,0,0.7930447,0.4438038,0,0.7646712
1151,Pass,0,0.8496447,0.22445568,0,0.8343751
1152,Pass,0,0.62516403,1.2943269,0,0.55963355
1153,Pass,0,0.6159414,0.705982,0,0.5807952
1154,Pass,0,0.98742896,1.3454316,0,0.879829
1155,Pass,0,0.98042804,1.0384912,0,0.89801997
1156,Pass,0,0.5494928,2.5014231,0,0.43805
1157,Pass,0,0.9326795,1.0504214,0,0.8533816
1158,Pass,0,0.98725545,0.41097245,0,0.9545647
1159,Pass,0,0.6574474,2.0196893,0,0.54982036
1160,Pass,0,0.9959621,0.6686631,0,0.94214875
1161,Pass,0,0.9919275,0.57192814,0,0.9461215
1162,Pass,0,0.9997209,1.0924199,0,0.91131455
1163,Pass,0,0.99827933,0.4655466,0,0.96080095
1164,Pass,0,0.95147157,1.0101227,0,0.8736885
1165,Pass,0,0.9911713,0.29366457,0,0.96778953
1166,Pass,0,0.63748455,2.617059,0,0.502212
1167,Pass,0,0.9987006,0.60657686,0,0.94977283
1168,Pass,0,0.9983144,0.34364638,0,0.97071356
1169,Pass,0,0.9634943,0.70199823,0,0.908828
1170,Pass,0,0.9958603,0.60639197,0,0.94708663
1171,Pass,0,0.99977726,0.23559964,0,0.98090506
1172,Pass,0,0.9646305,0.4352057,0,0.9307913
1173,Pass,0,0.8336051,2.6315842,0,0.6557334
1174,Pass,0,0.99998033,1.0175409,0,0.9176294
1175,Pass,0,0.99939287,0.21137375,0,0.9824933
1176,Pass,0,0.9799755,0.8651561,0,0.9113946
1177,Pass,0,0.9997346,0.8308413,0,0.93255574
1178,Pass,0,0.6789593,0.52607274,0,0.6501332
1179,Pass,0,0.98083144,0.021289643,0,0.9793805
1180,Pass,0,0.9960368,0.014872345,0,0.99508226
1181,Pass,0,0.84269106,1.4053326,0,0.7467655
1182,Pass,0,0.7645518,2.0196319,0,0.6393949
1183,Pass,0,0.9699828,1.2373714,0,0.87279266
1184,Pass,0,0.9607291,1.0465183,0,0.8793507
1185,Pass,0,0.94338524,0.44635284,0,0.90943766
1186,Pass,0,0.99863786,0.4484503,0,0.9625319
1187,Pass,0,0.9888341,0.6861881,0,0.9339992
1188,Pass,0,0.9994684,0.71251273,0,0.94190794
1189,Pass,0,0.9723484,0.042720255,0,0.9692184
1190,Pass,0,0.99832135,1.3039916,0,0.8928928
1191,Pass,0,0.7986583,1.2122082,0,0.7202659
1192,Pass,0,0.48022497,0.56211275,0,0.45843142
1193,Pass,0,0.9965348,0.044939306,0,0.9931475
1194,Pass,0,0.7250637,1.7173947,0,0.6241603
1195,Pass,0,0.99985933,0.31751513,0,0.97433674
1196,Pass,0,0.9970276,0.39893463,0,0.9649875
1197,Pass,0,0.97572064,0.65630573,0,0.9239798
1198,Pass,0,0.8395816,2.466577,0,0.67168075
1199,Pass,0,0.99494815,0.42094353,0,0.9611973
1200,Pass,0,0.73378044,0.8386296,0,0.68400896
1201,Pass,0,0.9928894,0.06456719,0,0.98793244
1202,Pass,0,0.97977966,0.439008,0,0.94510657
1203,Pass,0,0.9999273,0.18186072,0,0.98541427
1204,Pass,0,0.53816855,1.5161128,0,0.47206783
1205,Pass,0,0.9991061,0.49971983,0,0.9588251
1206,Pass,0,0.928442,0.873957,0,0.86280423
1207,Pass,0,0.99983513,0.27268487,0,0.9779518
1208,Pass,0,0.42735165,1.3004894,0,0.38234234
1209,Pass,0,0.9211132,0.60261786,0,0.8762826
1210,Pass,0,0.9999076,0.49732792,0,0.9597884
1211,Pass,0,0.96308434,0.03723244,0,0.9604132
1212,Pass,0,0.74298483,1.5846516,0,0.6475937
1213,Pass,0,0.9948803,0.03210129,0,0.9925354
1214,Pass,0,0.9902464,0.11017184,0,0.9816367
1215,Pass,0,0.9608008,0.9934688,0,0.883554
1216,Pass,0,0.8416671,1.1899521,0,0.7605738
1217,Pass,0,0.4686135,1.4717807,0,0.41274235
1218,Pass,0,0.97895575,0.532696,0,0.9368665
1219,Pass,0,0.96316165,0.3967156,0,0.9323834
1220,Pass,0,0.9664473,0.83003706,0,0.90156835
1221,Pass,0,0.9917748,0.7467076,0,0.9319044
1222,Pass,0,0.9948959,0.34936562,0,0.96692765
1223,Pass,0,0.99709237,0.84831935,0,0.92867637
1224,Pass,0,0.94796664,1.387693,0,0.8414147
1225,Pass,0,0.99876547,0.6476456,0,0.9465048
1226,Pass,0,0.9425723,3.9427872,0,0.641122
1227,Pass,0,0.9998591,0.34688318,0,0.97195286
1228,Pass,0,0.72470796,0.83627737,0,0.6756902
1229,Pass,0,0.9411354,0.7949375,0,0.8806372
1230,Pass,0,0.99886084,0.6456213,0,0.9467593
1231,Pass,0,0.99910235,0.40806067,0,0.9662554
1232,Pass,0,0.55765736,2.3966696,0,0.4493008
1233,Pass,0,0.94764644,1.170183,0,0.857863
1234,Pass,0,0.6081972,1.2063702,0,0.5487878
1235,Pass,0,0.9745807,0.47840214,0,0.936975
1236,Pass,0,0.9870861,0.08228718,0,0.9807382
1237,Pass,0,0.9921015,0.21469258,0,0.97505796
1238,Pass,0,0.99726874,0.034931246,0,0.9946891
1239,Pass,0,0.69531333,0.4517898,0,0.66998565
1240,Pass,0,0.9631992,0.09519444,0,0.9559957
1241,Pass,0,0.9549454,0.45700422,0,0.9197561
1242,Pass,0,0.425332,3.6547015,0,0.2992506
1243,Pass,0,0.8777999,2.0604947,0,0.7311925
1244,Pass,0,0.9988669,0.50887877,0,0.9578529
1245,Pass,0,0.99960846,0.5016062,0,0.9591541
1246,Pass,0,0.97920746,0.90905327,0,0.9071909
1247,Pass,0,0.46287084,2.4465861,0,0.37105635
1248,Pass,0,0.57551056,0.41022933,0,0.5564885
1249,Pass,0,0.9990559,0.34768155,0,0.97110736
1250,Pass,0,0.6371618,0.22816475,0,0.625519
1251,Pass,0,0.99128646,0.28855062,0,0.9683135
1252,Pass,0,0.967199,0.6673039,0,0.9150466
1253,Pass,0,0.9658088,1.1298643,0,0.8774657
1254,Pass,0,0.9876823,0.04617039,0,0.9842263
1255,Pass,0,0.90654373,0.51377773,0,0.86896
1256,Pass,0,0.65175724,1.2300712,0,0.58683884
1257,Pass,0,0.99100214,0.0036016426,0,0.9909591
1258,Pass,0,0.9831392,0.73600775,0,0.9246441
1259,Pass,0,0.937596,0.90453273,0,0.8689839
1260,Pass,0,0.721253,3.3039665,0,0.52798694
1261,Pass,0,0.99993813,0.24755278,0,0.9800926
1262,Pass,0,0.9679308,0.8815041,0,0.89890826
1263,Pass,0,0.91551155,0.31896582,0,0.89203423
1264,Pass,0,0.99037313,1.4627446,0,0.8730208
1265,Pass,0,0.9808513,0.37196285,0,0.95147866
1266,Pass,0,0.79146385,1.440862,0,0.69908684
1267,Pass,0,0.98108244,0.3628312,0,0.9524301
1268,Pass,0,0.9917732,0.3652393,0,0.9626148
1269,Pass,0,0.749702,0.74325067,0,0.7046552
1270,Pass,0,0.49636382,0.44959563,0,0.4783716
1271,Pass,0,0.9182128,0.62470996,0,0.8718766
1272,Pass,0,0.9774376,0.9522952,0,0.9021202
1273,Pass,0,0.9901641,0.87243456,0,0.92028517
1274,Pass,0,0.72599643,1.0421208,0,0.6647602
1275,Pass,0,0.9717429,0.8870001,0,0.90201503
1276,Pass,0,0.9982493,1.5699188,0,0.8712788
1277,Pass,0,0.99474204,0.88943124,0,0.92316747
1278,Pass,0,0.9998087,0.34512192,0,0.97204685
1279,Pass,0,0.8231545,0.35060433,0,0.79993147
1280,Pass,0,0.99165714,0.013384577,0,0.9908265
1281,Pass,0,0.8231382,1.9763373,0,0.69128364
1282,Pass,0,0.9509274,0.84203875,0,0.88616383
1283,Pass,0,0.95222664,1.4262631,0,0.84221447
1284,Pass,0,0.99813205,0.27113733,0,0.9764114
1285,Pass,0,0.99459654,1.0866333,0,0.9071106
1286,Pass,0,0.9836738,0.5288241,0,0.9416909
1287,Pass,0,0.98799473,0.3425705,0,0.96076554
1288,Pass,0,0.9325702,1.2741462,0,0.8363448
1289,Pass,0,0.46484408,1.7797321,0,0.39780182
1290,Pass,0,0.52158755,0.92640847,0,0.48249218
1291,Pass,0,0.63064176,0.47019002,0,0.60672784
1292,Pass,0,0.93631613,0.8944388,0,0.8685649
1293,Pass,0,0.9967083,0.40578,0,0.9641246
1294,Pass,0,0.99979275,0.27852085,0,0.9774367
1295,Pass,0,0.99375653,0.0136752855,0,0.9929007
1296,Pass,0,0.8380817,1.3390224,0,0.7471921
1297,Pass,0,0.9997634,0.5438125,0,0.95587736
1298,Pass,0,0.9406004,1.8369704,0,0.8005716
1299,Pass,0,0.9929974,0.6252872,0,0.9428408
1300,Pass,0,0.9769757,0.5683264,0,0.9321458
1301,Pass,0,0.9915503,0.8809312,0,0.9208896
1302,Pass,0,0.9892592,0.03604858,0,0.98661053
1303,Pass,0,0.99188304,1.795686,0,0.8475439
1304,Pass,0,0.9857022,0.15194282,0,0.97378963
1305,Pass,0,0.99555725,0.022284888,0,0.9940041
1306,Pass,0,0.99718887,0.46134984,0,0.9600912
1307,Pass,0,0.98750067,0.7574211,0,0.9270295
1308,Pass,0,0.6147165,0.3455035,0,0.5976285
1309,Pass,0,0.8927015,0.7627143,0,0.8376519
1310,Pass,0,0.7151349,1.3008909,0,0.6397925
1311,Pass,0,0.69386876,0.7609286,0,0.65118104
1312,Pass,0,0.9443354,0.43229583,0,0.9114312
1313,Pass,0,0.99616736,0.6428709,0,0.94442874
1314,Pass,0,0.9639942,0.57282376,0,0.919408
1315,Pass,0,0.7928068,0.48831585,0,0.76157707
1316,Pass,0,0.99734914,0.042885415,0,0.9941253
1317,Pass,0,0.9163378,0.8334516,0,0.8545688
1318,Pass,0,0.97101665,0.11863519,0,0.96190697
1319,Pass,0,0.54772854,2.0513303,0,0.4566561
1320,Pass,0,0.77409536,0.9020933,0,0.7176013
1321,Pass,0,0.9983847,0.30339295,0,0.9740444
1322,Pass,0,0.97999454,0.38548574,0,0.9495717
1323,Pass,0,0.99816775,0.17771807,0,0.98401594
1324,Pass,0,0.96828115,1.7196426,0,0.83335376
1325,Pass,0,0.9788285,0.557343,0,0.9347863
1326,Pass,0,0.8880708,0.97409046,0,0.8180684
1327,Pass,0,0.7917617,0.79086393,0,0.7411274
1328,Pass,0,0.46060118,2.069638,0,0.38333115
1329,Pass,0,0.9938981,0.015356076,0,0.9929065
1330,Pass,0,0.9793997,0.4374482,0,0.9448641
1331,Pass,0,0.91566175,1.2944657,0,0.8196706
1332,Pass,0,0.9994006,0.9142857,0,0.92547446
1333,Pass,0,0.99992096,0.18424538,0,0.98521453
1334,Pass,0,0.9628951,0.584545,0,0.91744363
1335,Pass,0,0.9992994,1.2873136,0,0.89512044
1336,Pass,0,0.995593,0.53977275,0,0.9522165
1337,Pass,0,0.5006758,1.1332158,0,0.45474246
1338,Pass,0,0.9936871,0.076517284,0,0.9877622
1339,Pass,0,0.9803878,1.2877251,0,0.8781477
1340,Pass,0,0.9809456,0.48690823,0,0.9424169
1341,Pass,0,0.9999713,1.390464,0,0.88734907
1342,Pass,0,0.99757534,0.5301254,0,0.9548937
1343,Pass,0,0.8782154,0.89672375,0,0.81450534
1344,Pass,0,0.9614218,0.613665,0,0.9137671
1345,Pass,0,0.98493236,1.0748526,0,0.8992384
1346,Pass,0,0.9996309,0.093642935,0,0.9922809
1347,Pass,0,0.9402688,0.2609808,0,0.92058253
1348,Pass,0,0.9960562,2.1783087,0,0.8201719
1349,Pass,0,0.9644037,2.081277,0,0.801705
1350,Pass,0,0.9971712,0.022675501,0,0.99558395
1351,Pass,0,0.9902886,0.08081452,0,0.9840385
1352,Pass,0,0.99665195,1.4546554,0,0.8792101
1353,Pass,0,0.9705704,0.5540877,0,0.92715627
1354,Pass,0,0.90027004,1.2321911,0,0.8104436
1355,Pass,0,0.6728612,2.3120694,0,0.5467407
1356,Pass,0,0.62595206,2.7024124,0,0.48878962
1357,Pass,0,0.8056495,0.9623404,0,0.7429124
1358,Pass,0,0.99081135,0.017968168,0,0.98961276
1359,Pass,0,0.99736893,0.08254783,0,0.99093384
1360,Pass,0,0.985691,0.015754247,0,0.98467577
1361,Pass,0,0.9980521,0.22289762,0,0.98024154
1362,Pass,0,0.9901148,0.4152815,0,0.95698303
1363,Pass,0,0.9923856,1.4592613,0,0.87507546
1364,Pass,0,0.51792854,1.0006907,0,0.47598428
1365,Pass,0,0.9996921,0.75642395,0,0.93855524
1366,Pass,0,0.999671,0.8584694,0,0.93025434
1367,Pass,0,0.9939539,0.5877143,0,0.94678056
1368,Pass,0,0.9162235,0.17907949,0,0.90313226
1369,Pass,0,0.99996686,0.65950996,0,0.9466802
1370,Pass,0,0.9819656,0.807856,0,0.917813
1371,Pass,0,0.9964612,0.55091465,0,0.95214564
1372,Pass,0,0.99966824,0.5581663,0,0.9546216
1373,Pass,0,0.999191,0.4880058,0,0.9598567
1374,Pass,0,0.9951525,0.65073115,0,0.9428316
1375,Pass,0,0.9465116,1.0213927,0,0.86826813
1376,Pass,0,0.9694259,1.0111632,0,0.89009315
1377,Pass,0,0.9935703,1.3676226,0,0.8835113
1378,Pass,0,0.53235567,1.555717,0,0.4652574
1379,Pass,0,0.99772173,0.1427227,0,0.9864106
1380,Pass,0,0.9642704,0.28012943,0,0.9425827
1381,Pass,0,0.99998343,0.7742767,0,0.93737954
1382,Pass,0,0.99949014,0.8439776,0,0.9312619
1383,Pass,0,0.52535164,0.6178462,0,0.49913332
1384,Pass,0,0.51584643,1.0140488,0,0.4735114
1385,Pass,0,0.9942339,0.7333603,0,0.9352923
1386,Pass,0,0.9999672,0.78378284,0,0.9365927
1387,Pass,0,0.99726415,0.25348064,0,0.9769918
1388,Pass,0,0.99774337,0.39867517,0,0.96570134
1389,Pass,0,0.9981,0.28764677,0,0.97504234
1390,Pass,0,0.99931884,0.29770666,0,0.97541696
1391,Pass,0,0.9832376,0.49557227,0,0.9439274
1392,Pass,0,0.9661465,0.022860618,0,0.9645941
1393,Pass,0,0.8264366,0.7874904,0,0.7738111
1394,Pass,0,0.97210103,0.3474221,0,0.944927
1395,Pass,0,0.9704654,2.0126758,0,0.8121485
1396,Pass,0,0.9449423,0.17149307,0,0.9320226
1397,Pass,0,0.9950111,0.073091686,0,0.98935497
1398,Pass,0,0.9860431,0.26406747,0,0.96515137
1399,Pass,0,0.9793929,1.5409431,0,0.8571245
1400,Pass,0,0.99304754,0.47004035,0,0.9554033
1401,Pass,0,0.9729759,0.46994767,0,0.9360999
1402,Pass,0,0.94135517,1.822282,0,0.80233645
1403,Pass,0,0.88856035,1.7085167,0,0.76554435
1404,Pass,0,0.7120038,4.3403597,0,0.46131396
1405,Pass,0,0.9979907,0.71466243,0,0.9403412
1406,Pass,0,0.68275523,0.91401786,0,0.63226634
1407,Pass,0,0.99999976,0.9486937,0,0.92323613
1408,Pass,0,0.99773216,0.19745113,0,0.98198825
1409,Pass,0,0.55446684,1.7663928,0,0.47509912
1410,Pass,0,0.9209541,1.107322,0,0.8383992
1411,Pass,0,0.89268947,2.7126026,0,0.6963394
1412,Pass,0,0.8882344,1.2638358,0,0.7973271
1413,Pass,0,0.88602805,0.97871715,0,0.8158539
1414,Pass,0,0.7637444,0.46254954,0,0.73525697
1415,Pass,0,0.9806605,2.0789444,0,0.81540495
1416,Pass,0,0.99989283,0.4615792,0,0.9626759
1417,Pass,0,0.98273695,0.67646015,0,0.9290162
1418,Pass,0,0.93989724,0.58515036,0,0.8954851
1419,Pass,0,0.9995141,0.95861137,0,0.921983
1420,Pass,0,0.99374086,0.8032892,0,0.9291874
1421,Pass,0,0.9965849,0.52521443,0,0.954343
1422,Pass,0,0.58762425,0.60784686,0,0.5587751
1423,Pass,0,0.97196645,0.34430927,0,0.9450418
1424,Pass,0,0.9907575,0.060264524,0,0.98615724
1425,Pass,0,0.9766718,1.1249279,0,0.8877264
1426,Pass,0,0.9961862,0.71526855,0,0.9385919
1427,Pass,0,0.9741209,3.5028663,0,0.6973683
1428,Pass,0,0.9891045,0.3683295,0,0.95977646
1429,Pass,0,0.64827234,0.57371664,0,0.6182418
1430,Pass,0,0.99470454,0.033184946,0,0.99227256
1431,Pass,0,0.9969247,0.60900676,0,0.94788724
1432,Pass,0,0.9993887,0.52208185,0,0.95728207
1433,Pass,0,0.7104287,0.45425197,0,0.6844085
1434,Pass,0,0.99543935,0.052932117,0,0.99140984
1435,Pass,0,0.83589363,1.4781511,0,0.7358007
1436,Pass,0,0.7267159,1.1427602,0,0.659482
1437,Pass,0,0.90415955,0.30226257,0,0.88219935
1438,Pass,0,0.9575516,0.17378272,0,0.9442815
1439,Pass,0,0.7359139,0.7111606,0,0.6936126
1440,Pass,0,0.50052994,1.8198746,0,0.4267098
1441,Pass,0,0.6432447,1.0223582,0,0.59002036
1442,Pass,0,0.9356443,0.55698144,0,0.8935727
1443,Pass,0,0.99872655,0.35658213,0,0.9700656
1444,Pass,0,0.23126635,4.1400905,0,0.15359943
1445,Pass,0,0.9995995,0.27972868,0,0.9771498
1446,Pass,0,0.9983492,0.41069293,0,0.9653137
1447,Pass,0,0.9857712,1.2730534,0,0.88414377
1448,Pass,0,0.98946965,0.018387374,0,0.98823905
1449,Pass,0,0.98194134,0.21366152,0,0.9651545
1450,Pass,0,0.9959949,0.5242657,0,0.95385474
1451,Pass,0,0.98772603,1.0075724,0,0.90718365
1452,Pass,0,0.9838124,0.8181602,0,0.91871625
1453,Pass,0,0.5814186,0.88460195,0,0.5398118
1454,Pass,0,0.98400754,0.7596642,0,0.92357105
1455,Pass,0,0.88245094,0.535318,0,0.844323
1456,Pass,0,0.9746593,1.2933466,0,0.8725719
1457,Pass,0,0.9997843,0.26502517,0,0.97852373
1458,Pass,0,0.97222275,1.1746863,0,0.87975544
1459,Pass,0,0.998005,0.51814485,0,0.95627564
1460,Pass,0,0.9931652,0.60106367,0,0.944953
1461,Pass,0,0.99815995,0.7099669,0,0.9408812
1462,Pass,0,0.9616492,1.4026124,0,0.85239464
1463,Pass,0,0.7562557,0.49822834,0,0.72585726
1464,Pass,0,0.93068814,2.6669352,0,0.7294304
1465,Pass,0,0.7605707,0.6787588,0,0.71885264
1466,Pass,0,0.51278144,1.5992858,0,0.44633672
1467,Pass,0,0.81601655,0.8286035,0,0.76133114
1468,Pass,0,0.56790733,1.0225391,0,0.5209083
1469,Pass,0,0.56900656,2.9398577,0,0.43335462
1470,Pass,0,0.5211973,0.39564106,0,0.5045877
1471,Pass,0,0.99300367,0.70483154,0,0.93643475
1472,Pass,0,0.8156943,1.7792624,0,0.6980817
1473,Pass,0,0.9911056,1.0687791,0,0.90536326
1474,Pass,0,0.9609927,0.17580898,0,0.94751686
1475,Pass,0,0.8428762,0.9974728,0,0.77483636
1476,Pass,0,0.82854426,0.25568834,0,0.8115531
1477,Pass,0,0.9978678,1.8109268,0,0.8514232
1478,Pass,0,0.89525753,0.2954701,0,0.87400717
1479,Pass,0,0.99983335,0.50076866,0,0.95943785
1480,Pass,0,0.9920609,0.44730207,0,0.95628524
1481,Pass,0,0.98184776,0.57237995,0,0.9364713
1482,Pass,0,0.9346447,0.5157566,0,0.8957458
1483,Pass,0,0.9757007,0.0217005,0,0.9742248
1484,Pass,0,0.9877329,0.025282381,0,0.98595154
1485,Pass,0,0.999984,0.4485157,0,0.96382415
1486,Pass,0,0.9033873,0.9663691,0,0.83274376
1487,Pass,0,0.98941237,0.8305453,0,0.9229509
1488,Pass,0,0.9858856,1.1053697,0,0.8976664
1489,Pass,0,0.9935267,0.78332543,0,0.93059725
1490,Pass,0,0.6606151,1.2585508,0,0.59328717
1491,Pass,0,0.9993793,0.45261475,0,0.96290874
1492,Pass,0,0.96069574,0.86715704,0,0.89330804
1493,Pass,0,0.9987658,0.62980014,0,0.9479519
1494,Pass,0,0.6494107,1.2040248,0,0.58609915
1495,Pass,0,0.81612676,1.6131843,0,0.7094546
1496,Pass,0,0.8733913,1.2728282,0,0.7833655
1497,Pass,0,0.99999285,0.3021747,0,0.9757122
1498,Pass,0,0.9999646,0.28861248,0,0.97678554
1499,Pass,0,0.98430336,0.20155199,0,0.9684437
1500,Pass,0,0.8118089,0.60930854,0,0.77185714
1501,Pass,0,0.9940435,2.212999,0,0.8157154
1502,Pass,0,0.8719952,0.18398702,0,0.8591885
1503,Pass,0,0.93909657,0.791757,0,0.87897193
1504,Pass,0,0.9948886,0.6368013,0,0.9437066
1505,Pass,0,0.9672887,0.3728044,0,0.9382561
1506,Pass,0,0.98385334,0.2930268,0,0.96069515
1507,Pass,0,0.97322196,0.12742215,0,0.9633974
1508,Pass,0,0.98924655,1.1671275,0,0.89576715
1509,Pass,0,0.99715304,0.9942342,0,0.9169216
1510,Pass,0,0.9586745,1.8510697,0,0.8148577
1511,Pass,0,0.99726117,0.2971552,0,0.97345316
1512,Pass,0,0.94829047,0.60799026,0,0.90172356
1513,Pass,0,0.84562254,0.95248353,0,0.78044933
1514,Pass,0,0.78781986,0.39658746,0,0.76265293
1515,Pass,0,0.9967615,0.08663825,0,0.98999935
1516,Pass,0,0.9435721,0.46836737,0,0.90793157
1517,Pass,0,0.9992343,0.41779104,0,0.96559376
1518,Pass,0,0.9998411,0.32933432,0,0.9733597
1519,Pass,0,0.9844238,1.0148642,0,0.90356797
1520,Pass,0,0.9985251,1.795552,0,0.85323024
1521,Pass,0,0.9963096,0.9154802,0,0.92251545
1522,Pass,0,0.47676578,2.2686706,0,0.3890809
1523,Pass,0,0.9707597,2.1976328,0,0.79781944
1524,Pass,0,0.99589986,0.42952433,0,0.961423
1525,Pass,0,0.91139877,0.97756094,0,0.8393007
1526,Pass,0,0.94863784,2.7318978,0,0.7384959
1527,Pass,0,0.44029167,1.0214807,0,0.40389174
1528,Pass,0,0.99521035,0.03417282,0,0.9926973
1529,Pass,0,0.99883896,0.26890546,0,0.97728384
1530,Pass,0,0.99758387,2.2042577,0,0.81932837
1531,Pass,0,0.6489282,0.7599226,0,0.60905826
1532,Pass,0,0.9624624,0.3822702,0,0.9328351
1533,Pass,0,0.9966742,0.1814757,0,0.98223954
1534,Pass,0,0.9923658,0.94057316,0,0.91684234
1535,Pass,0,0.99922514,1.1025016,0,0.9100449
1536,Pass,0,0.9771524,2.5545707,0,0.77476
1537,Pass,0,0.99500966,0.38815552,0,0.9639051
1538,Pass,0,0.96821624,0.6244492,0,0.9193772
1539,Pass,0,0.9832908,0.87309563,0,0.9138441
1540,Pass,0,0.99623895,0.55084825,0,0.9519386
1541,Pass,0,0.9779057,0.44003555,0,0.9432174
1542,Pass,0,0.9992242,0.19997686,0,0.98325187
1543,Pass,0,0.96353334,1.1614782,0,0.87292564
1544,Pass,0,0.999943,0.23527333,0,0.9810941
1545,Pass,0,0.9175026,1.0690566,0,0.83810705
1546,Pass,0,0.9814153,1.4737121,0,0.86425066
1547,Pass,0,0.98804593,0.6649391,0,0.93495905
1548,Pass,0,0.9730939,0.06795562,0,0.9679681
1549,Pass,0,0.60008955,3.073839,0,0.45050067
1550,Pass,0,0.9921415,0.62165844,0,0.9423204
1551,Pass,0,0.97890604,2.5777855,0,0.77430564
1552,Pass,0,0.9711005,0.702171,0,0.91598904
1553,Pass,0,0.61169976,3.1524231,0,0.45531455
1554,Pass,0,0.48596898,1.8029552,0,0.41496384
1555,Pass,0,0.9891811,0.024075883,0,0.9874941
1556,Pass,0,0.9951357,1.0363983,0,0.9116605
1557,Pass,0,0.9534519,1.0538052,0,0.8721259
1558,Pass,0,0.95800555,0.64518267,0,0.90806913
1559,Pass,0,0.39453924,1.1765978,0,0.35695374
1560,Pass,0,0.9924353,0.5948592,0,0.9447584
1561,Pass,0,0.98567456,0.31004143,0,0.9611121
1562,Pass,0,0.94968796,1.088421,0,0.8660144
1563,Pass,0,0.9995616,0.38733414,0,0.9683814
1564,Pass,0,0.9990575,0.28443897,0,0.9762379
1565,Pass,0,0.9966131,0.76730675,0,0.93478405
1566,Pass,0,0.98268133,1.167406,0,0.8898001
1567,Pass,0,0.9997532,0.56169444,0,0.95441633
1568,Pass,0,0.9874614,0.80645543,0,0.923062
1569,Pass,0,0.3336376,0.702512,0,0.3146939
1570,Pass,0,0.8667978,0.9239081,0,0.80200326
1571,Pass,0,0.7878349,1.3168937,0,0.70380974
1572,Pass,0,0.92079145,1.0551866,0,0.84214807
1573,Pass,0,0.97314376,0.5589355,0,0.9292316
1574,Pass,0,0.9999596,0.91945297,0,0.92557263
1575,Pass,0,0.98314005,1.3834475,0,0.8729734
1576,Pass,0,0.9870925,0.29077542,0,0.9640385
1577,Pass,0,0.9977162,0.8661586,0,0.9278126
1578,Pass,0,0.99483585,0.25189093,0,0.9747412
1579,Pass,0,0.7665891,1.3274616,0,0.68417233
1580,Pass,0,0.9964444,0.6765349,0,0.9419683
1581,Pass,0,0.511856,1.2697668,0,0.45922312
1582,Pass,0,0.99241287,0.047702458,0,0.9888169
1583,Pass,0,0.92522866,0.3520814,0,0.8990149
1584,Pass,0,0.8172618,0.68059886,0,0.7723121
1585,Pass,0,0.9999893,0.91730577,0,0.9257744
1586,Pass,0,0.9837886,0.8461232,0,0.9164609
1587,Pass,0,0.6768555,1.2453983,0,0.608595
1588,Pass,0,0.9934558,0.71468717,0,0.93606627
1589,Pass,0,0.9586554,0.26989165,0,0.93789077
1590,Pass,0,0.9977482,0.2854907,0,0.9748733
1591,Pass,0,0.832404,0.9540093,0,0.76814646
1592,Pass,0,0.99925095,1.1825061,0,0.9035787
1593,Pass,0,0.92253715,0.5725552,0,0.8798886
1594,Pass,0,0.96445006,0.22118166,0,0.94737345
1595,Pass,0,0.97576934,0.36629754,0,0.94699764
1596,Pass,0,0.86558217,0.41504097,0,0.83663446
1597,Pass,0,0.848451,0.68129474,0,0.80173796
1598,Pass,0,0.9983322,1.0485338,0,0.91360533
1599,Pass,0,0.99261534,0.60012335,0,0.9445057
1600,Pass,0,0.71657467,0.3793335,0,0.6946873
1601,Pass,0,0.9257039,0.7794813,0,0.86735916
1602,Pass,0,0.9288169,0.53359044,0,0.8888159
1603,Pass,0,0.9889203,0.009615088,0,0.98839456
1604,Pass,0,0.99872833,1.1285666,0,0.9074792
1605,Pass,0,0.98117816,0.5083497,0,0.9409325
1606,Pass,0,0.9956749,0.3477866,0,0.9678125
1607,Pass,0,0.41042787,2.6797848,0,0.3212463
1608,Pass,0,0.9842815,0.334737,0,0.9577805
1609,Pass,0,0.63025063,1.7891059,0,0.53887296
1610,Pass,0,0.99764913,0.13430347,0,0.9870207
1611,Pass,0,0.51663315,1.027243,0,0.47368023
1612,Pass,0,0.99136,0.62760466,0,0.9410996
1613,Pass,0,0.9991086,0.2863044,0,0.97613657
1614,Pass,0,0.9306351,0.8746883,0,0.864787
1615,Pass,0,0.993638,0.9772216,0,0.91506165
1616,Pass,0,0.9859803,1.6646929,0,0.8529847
1617,Pass,0,0.59237015,1.0371604,0,0.54264355
1618,Pass,0,0.9941455,0.99527496,0,0.91407204
1619,Pass,0,0.9779074,0.38687393,0,0.9474392
1620,Pass,0,0.99744284,0.64893585,0,0.94514686
1621,Pass,0,0.49923074,0.68368185,0,0.47164792
1622,Pass,0,0.97596747,0.78172797,0,0.9142768
1623,Pass,0,0.9888009,1.0533082,0,0.9044997
1624,Pass,0,0.9999157,0.61389387,0,0.9503344
1625,Pass,0,0.998359,0.3009494,0,0.97421736
1626,Pass,0,0.5269456,1.3084149,0,0.47110784
1627,Pass,0,0.95764124,1.1373594,0,0.86946255
1628,Pass,0,0.94667846,0.7633056,0,0.8882549
1629,Pass,0,0.99997663,1.4011937,0,0.8864828
1630,Pass,0,0.9967193,0.012843405,0,0.9959283
1631,Pass,0,0.9556598,0.38433504,0,0.9260817
1632,Pass,0,0.99905866,0.45314956,0,0.9625564
1633,Pass,0,0.9980276,0.020316765,0,0.99663
1634,Pass,0,0.7403731,0.546725,0,0.70769835
1635,Pass,0,0.975464,0.8002197,0,0.9123408
1636,Pass,0,0.99944454,0.71416074,0,0.9417518
1637,Pass,0,0.94414157,1.629767,0,0.8194663
1638,Pass,0,0.9951787,0.45105535,0,0.9589875
1639,Pass,0,0.9967558,0.2635528,0,0.97567874
1640,Pass,0,0.36168805,0.7938708,0,0.3384693
1641,Pass,0,0.877143,2.6745377,0,0.68692285
1642,Pass,0,0.7347877,1.4553976,0,0.6481587
1643,Pass,0,0.9988079,0.034081884,0,0.9962931
1644,Pass,0,0.8990298,1.6524345,0,0.77865726
1645,Pass,0,0.983696,0.3398451,0,0.95680285
1646,Pass,0,0.9943604,0.013971874,0,0.99348015
1647,Pass,0,0.95960885,0.8137706,0,0.8964561
1648,Pass,0,0.7475674,0.61000514,0,0.71073496
1649,Pass,0,0.9981913,0.4667931,0,0.9606152
1650,Pass,0,0.9949438,0.36512056,0,0.96570176
1651,Pass,0,0.9961283,0.2490513,0,0.9762372
1652,Pass,0,0.9794989,0.31320488,0,0.9548388
1653,Pass,0,0.99226743,0.91446084,0,0.91885483
1654,Pass,0,0.9924446,3.3885822,0,0.71969336
1655,Pass,0,0.932841,1.276574,0,0.8364038
1656,Pass,0,0.99786866,0.5673928,0,0.9521557
1657,Pass,0,0.99116486,0.03013097,0,0.98898727
1658,Pass,0,0.9757087,1.2025737,0,0.880701
1659,Pass,0,0.98425734,0.021562355,0,0.98277956
1660,Pass,0,0.6904547,0.2141796,0,0.67862195
1661,Pass,0,0.9919396,1.0632,0,0.9065743
1662,Pass,0,0.9992704,0.19084309,0,0.9840383
1663,Pass,0,0.9979214,0.64469355,0,0.94594395
1664,Pass,0,0.92088425,0.3983468,0,0.89133507
1665,Pass,0,0.98943686,0.6141554,0,0.94035417
1666,Pass,0,0.9640643,0.7055122,0,0.90909064
1667,Pass,0,0.99713445,0.16246696,0,0.98423177
1668,Pass,0,0.9494531,0.4415604,0,0.91565657
1669,Pass,0,0.9364422,0.58783954,0,0.89198893
1670,Pass,0,0.96519274,0.80308235,0,0.9025099
1671,Pass,0,0.6659592,4.840083,0,0.40446573
1672,Pass,0,0.9961874,0.3762349,0,0.96601003
1673,Pass,0,0.9346856,0.07533339,0,0.92920226
1674,Pass,0,0.9890125,0.08259738,0,0.9826273
1675,Pass,0,0.995507,0.39230007,0,0.96405196
1676,Pass,0,0.8306878,0.9845971,0,0.76450014
1677,Pass,0,0.9928705,0.62015265,0,0.9431341
1678,Pass,0,0.8479672,0.80339235,0,0.79287606
1679,Pass,0,0.9998498,0.1360555,0,0.9890557
1680,Pass,0,0.997256,0.46557003,0,0.95981413
1681,Pass,0,0.9910095,8.08892,0,0.34052145
1682,Pass,0,0.9766822,0.4692936,0,0.93971753
1683,Pass,0,0.9975425,0.6175643,0,0.94778174
1684,Pass,0,0.99587667,0.8981024,0,0.9235195
1685,Pass,0,0.9971187,0.15539174,0,0.98478895
1686,Pass,0,0.7152787,0.36050725,0,0.69452405
1687,Pass,0,0.950324,0.9733183,0,0.87547404
1688,Pass,0,0.9497036,0.26362547,0,0.92961586
1689,Pass,0,0.94518954,1.3158416,0,0.84446275
1690,Pass,0,0.97916013,0.7653017,0,0.91857326
1691,Pass,0,0.9118057,0.26572824,0,0.89236397
1692,Pass,0,0.7941267,0.31478262,0,0.7740319
1693,Pass,0,0.99976045,0.553431,0,0.955094
1694,Pass,0,0.6315004,0.12440597,0,0.62528014
1695,Pass,0,0.5865094,1.2996137,0,0.524779
1696,Pass,0,0.97088766,0.62801117,0,0.9216331
1697,Pass,0,0.97409093,0.6962183,0,0.91928047
1698,Pass,0,0.99883336,0.72319514,0,0.94044334
1699,Pass,0,0.9999304,0.15574642,0,0.987537
1700,Pass,0,0.9921846,0.43579108,0,0.9573316
1701,Pass,0,0.67875534,0.54748666,0,0.648758
1702,Pass,0,0.9585091,0.6006864,0,0.91200864
1703,Pass,0,0.9366711,0.69873935,0,0.8837745
1704,Pass,0,0.98492104,0.046394855,0,0.9814568
1705,Pass,0,0.99896455,0.09174865,0,0.991773
1706,Pass,0,0.99663997,1.1216189,0,0.9061438
1707,Pass,0,0.97309506,0.01835666,0,0.97188723
1708,Pass,0,0.99437815,0.5334656,0,0.9515637
1709,Pass,0,0.4400397,1.0518636,0,0.40257528
1710,Pass,0,0.9996209,0.27545843,0,0.97751725
1711,Pass,0,0.9955479,0.59468347,0,0.9477357
1712,Pass,0,0.9415522,0.2742023,0,0.9208285
1713,Pass,0,0.99420667,1.0531651,0,0.90945613
1714,Pass,0,0.9856346,0.42486557,0,0.9518859
1715,Pass,0,0.9927125,0.029287701,0,0.9905994
1716,Pass,0,0.5431245,1.5314908,0,0.47573707
1717,Pass,0,0.8694563,0.8698809,0,0.80827624
1718,Pass,0,0.51509726,0.80468017,0,0.48157832
1719,Pass,0,0.99703074,0.37727383,0,0.9667437
1720,Pass,0,0.9992028,0.2910833,0,0.975841
1721,Pass,0,0.50440896,1.2755014,0,0.45230702
1722,Pass,0,0.49681595,0.63132656,0,0.47147804
1723,Pass,0,0.9999664,0.16349086,0,0.98694396
1724,Pass,0,0.9902278,0.50621617,0,0.9497825
1725,Pass,0,0.9025051,0.24633029,0,0.88468283
1726,Pass,0,0.9972716,0.5059335,0,0.9565615
1727,Pass,0,0.6250345,0.8096814,0,0.5841079
1728,Pass,0,0.99365175,0.0108539285,0,0.9930236
1729,Pass,0,0.9961378,0.17029788,0,0.9826148
1730,Pass,0,0.54136944,0.91737014,0,0.5011885
1731,Pass,0,0.96736544,0.79313654,0,0.9053226
1732,Pass,0,0.82678396,1.6470538,0,0.7164457
1733,Pass,0,0.99765646,0.6008993,0,0.9492396
1734,Pass,0,0.9999713,0.25442055,0,0.9795676
1735,Pass,0,0.95605576,0.9771459,0,0.8804573
1736,Pass,0,0.9913277,0.012842137,0,0.990541
1737,Pass,0,0.95500517,4.168992,0,0.63204217
1738,Pass,0,0.99030733,0.6697846,0,0.9367094
1739,Pass,0,0.99916196,0.39312795,0,0.9675243
1740,Pass,0,0.4337339,1.1400465,0,0.3937015
1741,Pass,0,0.96736395,0.52772105,0,0.9261638
1742,Pass,0,0.98801035,1.0645925,0,0.90287155
1743,Pass,0,0.8562806,0.46422055,0,0.8242255
1744,Pass,0,0.99659234,0.58778286,0,0.9492883
1745,Pass,0,0.9633459,0.38030028,0,0.93384546
1746,Pass,0,0.79235405,1.9164258,0,0.6692843
1747,Pass,0,0.9900531,0.48099026,0,0.95164233
1748,Pass,0,0.854603,0.6018359,0,0.8130637
1749,Pass,0,0.99786574,1.486709,0,0.8776844
1750,Pass,0,0.9901456,2.103003,0,0.82135785
1751,Pass,0,0.6872749,1.0360683,0,0.6296424
1752,Pass,0,0.99703264,1.07503,0,0.9102715
1753,Pass,0,0.986369,0.014364678,0,0.9854644
1754,Pass,0,0.9900967,1.536601,0,0.8668411
1755,Pass,0,0.9860345,0.8645066,0,0.9170816
1756,Pass,0,0.979222,0.59042734,0,0.9325322
1757,Pass,0,0.991482,0.44727334,0,0.95572954
1758,Pass,0,0.9733748,0.5020725,0,0.9339453
1759,Pass,0,0.3017523,0.673482,0,0.28533012
1760,Pass,0,0.99588364,0.061325748,0,0.9911738
1761,Pass,0,0.98921096,1.3749433,0,0.879047
1762,Pass,0,0.95920146,1.1535985,0,0.8696146
1763,Pass,0,0.8883255,0.4929243,0,0.8530009
1764,Pass,0,0.9996112,0.42298475,0,0.96553653
1765,Pass,0,0.63494134,0.60464007,0,0.60393447
1766,Pass,0,0.99555606,0.009530581,0,0.9950336
1767,Pass,0,0.9613279,1.1811905,0,0.86938924
1768,Pass,0,0.99822193,0.8926189,0,0.9261387
1769,Pass,0,0.5690544,0.9565192,0,0.5250102
1770,Pass,0,0.9990395,0.4665197,0,0.9614536
1771,Pass,0,0.99671626,0.81169534,0,0.9312893
1772,Pass,0,0.59833914,1.015264,0,0.549175
1773,Pass,0,0.89865005,0.14028853,0,0.8886397
1774,Pass,0,0.6011853,1.6857147,0,0.5190675
1775,Pass,0,0.9488788,0.98082143,0,0.8735647
1776,Pass,0,0.994628,0.37140012,0,0.9648883
1777,Pass,0,0.99375606,0.95875365,0,0.9166602
1778,Pass,0,0.9602186,0.58900285,0,0.91454595
1779,Pass,0,0.8438625,0.6367925,0,0.80045056
1780,Pass,0,0.99364847,0.021349449,0,0.99217373
1781,Pass,0,0.98157644,2.4265275,0,0.78847045
1782,Pass,0,0.5087764,0.5607206,0,0.48574466
1783,Pass,0,0.9834517,0.5643298,0,0.93864375
1784,Pass,0,0.99955386,0.31411207,0,0.9743152
1785,Pass,0,0.85424167,0.032684088,0,0.8521878
1786,Pass,0,0.94967127,0.976267,0,0.87464535
1787,Pass,0,0.9937018,0.6181069,0,0.9440889
1788,Pass,0,0.9597789,0.58923924,0,0.91410875
1789,Pass,0,0.9372327,0.711341,0,0.8833456
1790,Pass,0,0.6434541,0.83962625,0,0.5997572
1791,Pass,0,0.99361503,0.018244045,0,0.9923908
1792,Pass,0,0.99752694,0.7287017,0,0.9387674
1793,Pass,0,0.9956371,0.76298887,0,0.93421763
1794,Pass,0,0.88692355,2.6945891,0,0.69313866
1795,Pass,0,0.99990845,0.27660865,0,0.977705
1796,Pass,0,0.9881727,0.5110606,0,0.94742274
1797,Pass,0,0.65410244,0.2964198,0,0.63852584
1798,Pass,0,0.86089236,0.31312943,0,0.83922356
1799,Pass,0,0.9996673,0.17347378,0,0.98583865
1800,Pass,0,0.4636988,2.4817705,0,0.37039566
1801,Pass,0,0.97501445,1.3343639,0,0.8696433
1802,Pass,0,0.9872366,0.76930183,0,0.9258294
1803,Pass,0,0.9937143,0.52195424,0,0.95185703
1804,Pass,0,0.99987686,0.2919465,0,0.97642916
1805,Pass,0,0.99967,0.14165232,0,0.98842365
1806,Pass,0,0.98995495,0.47452018,0,0.952068
1807,Pass,0,0.94397527,0.516853,0,0.9046041
1808,Pass,0,0.97615325,2.163999,0,0.80491734
1809,Pass,0,0.9490507,0.47469062,0,0.9127161
1810,Pass,0,0.97446805,0.42778122,0,0.94087106
1811,Pass,0,0.9954195,1.2603528,0,0.8938236
1812,Pass,0,0.9518346,0.8153988,0,0.88906765
1813,Pass,0,0.8496943,0.5690639,0,0.81065404
1814,Pass,0,0.9681055,1.1411265,0,0.8786672
1815,Pass,0,0.9944614,0.270751,0,0.9728518
1816,Pass,0,0.9393517,0.6418599,0,0.89064103
1817,Pass,0,0.9948442,0.69415087,0,0.939033
1818,Pass,0,0.97208166,0.9186351,0,0.89983314
1819,Pass,0,0.51963234,0.82965946,0,0.4847646
1820,Pass,0,0.9958384,0.017186332,0,0.994697
1821,Pass,0,0.9933303,0.6260887,0,0.9430922
1822,Pass,0,0.8773845,0.8454316,0,0.817388
1823,Pass,0,0.50294745,1.8789701,0,0.426358
1824,Pass,0,0.9993569,0.70269036,0,0.9425998
1825,Pass,0,0.97441804,0.7118039,0,0.91835636
1826,Pass,0,0.9986563,0.23999666,0,0.97944874
1827,Pass,0,0.9980586,0.45778,0,0.96121776
1828,Pass,0,0.48963282,0.6594222,0,0.46354455
1829,Pass,0,0.9613614,0.06699948,0,0.956372
1830,Pass,0,0.9909299,0.0151889995,0,0.98995477
1831,Pass,0,0.9982261,0.9669625,0,0.9201183
1832,Pass,0,0.8274291,0.7702168,0,0.77590066
1833,Pass,0,0.98925424,0.7234853,0,0.93140084
1834,Pass,0,0.99561775,0.02679801,0,0.9936997
1835,Pass,0,0.97635216,0.009519836,0,0.9758407
1836,Pass,0,0.97968197,0.020162819,0,0.9783223
1837,Pass,0,0.8907377,0.5108111,0,0.85402375
1838,Pass,0,0.9770544,0.31658152,0,0.952188
1839,Pass,0,0.8981328,0.4690933,0,0.86415565
1840,Pass,0,0.99392045,0.5732615,0,0.94791484
1841,Pass,0,0.99513537,2.092968,0,0.8263077
1842,Pass,0,0.9011419,0.84322214,0,0.83968246
1843,Pass,0,0.8531109,0.60432494,0,0.81147176
1844,Pass,0,0.9823506,0.053386398,0,0.9783379
1845,Pass,0,0.9999721,0.17419343,0,0.9860809
1846,Pass,0,0.9852734,1.1870003,0,0.89058
1847,Pass,0,0.96403617,1.8997688,0,0.815604
1848,Pass,0,0.9992675,0.29319537,0,0.9757328
1849,Pass,0,0.92953336,0.8377388,0,0.86655134
1850,Pass,0,0.7577738,1.983934,0,0.6359224
1851,Pass,0,0.93679214,0.7306842,0,0.8814594
1852,Pass,0,0.96290547,0.10843075,0,0.95466954
1853,Pass,0,0.9867648,0.2770486,0,0.964818
1854,Pass,0,0.9990115,0.5318163,0,0.95613134
1855,Pass,0,0.7395371,0.90268505,0,0.6855296
1856,Pass,0,0.67823046,0.6876494,0,0.64053935
1857,Pass,0,0.6580464,0.81140804,0,0.614866
1858,Pass,0,0.99928564,0.069159165,0,0.9939242
1859,Pass,0,0.9988691,1.3353225,0,0.89084226
1860,Pass,0,0.98431706,1.3301499,0,0.87827724
1861,Pass,0,0.97771263,0.027443694,0,0.97577786
1862,Pass,0,0.96360725,1.4879011,0,0.8474587
1863,Pass,0,0.9999933,1.0754495,0,0.91294056
1864,Pass,0,0.9909368,0.3201236,0,0.9654322
1865,Pass,0,0.57763207,0.8166308,0,0.5394834
1866,Pass,0,0.98602223,1.2148494,0,0.8890277
1867,Pass,0,0.9951881,0.018172832,0,0.9939677
1868,Pass,0,0.7039964,0.9046638,0,0.65247136
1869,Pass,0,0.9849199,0.71714544,0,0.92782694
1870,Pass,0,0.9975616,1.001045,0,0.9167457
1871,Pass,0,0.87720215,3.288398,0,0.6432568
1872,Pass,0,0.99945074,0.5651027,0,0.9538511
1873,Pass,0,0.98835087,1.019195,0,0.906825
1874,Pass,0,0.97759944,0.45972905,0,0.94135916
1875,Pass,0,0.99976224,0.57819366,0,0.95308596
1876,Pass,0,0.9958769,0.022881476,0,0.994275
1877,Pass,0,0.9728381,0.46307302,0,0.9365102
1878,Pass,0,0.6610522,1.6272217,0,0.5738959
1879,Pass,0,0.9772604,1.0199559,0,0.89658904
1880,Pass,0,0.68490046,1.7643348,0,0.5869766
1881,Pass,0,0.8640825,0.29180714,0,0.8438291
1882,Pass,0,0.99604464,1.0493597,0,0.91144514
1883,Pass,0,0.5756976,2.0963814,0,0.47786927
1884,Pass,0,0.9942472,0.1181295,0,0.98496044
1885,Pass,0,0.9588279,0.41181964,0,0.9270125
1886,Pass,0,0.9750498,0.15751775,0,0.96282464
1887,Pass,0,0.98111063,0.8017917,0,0.91749686
1888,Pass,0,0.86670095,0.26590946,0,0.84820825
1889,Pass,0,0.94015056,0.6806797,0,0.8884358
1890,Pass,0,0.9999769,0.68088955,0,0.94495416
1891,Pass,0,0.99998784,0.73775965,0,0.940348
1892,Pass,0,0.9932273,1.4820071,0,0.87398374
1893,Pass,0,0.97913134,0.46916902,0,0.9420839
1894,Pass,0,0.9112755,1.0729438,0,0.83213127
1895,Pass,0,0.99999726,0.8256911,0,0.93321884
1896,Pass,0,0.99188036,0.3189703,0,0.96644425
1897,Pass,0,0.9966377,0.014670925,0,0.99569887
1898,Pass,0,0.94819754,1.5479454,0,0.82928467
1899,Pass,0,0.7904769,0.74777603,0,0.7426897
1900,Pass,0,0.80711824,0.06818956,0,0.8028514
1901,Pass,0,0.87166435,2.9097326,0,0.66599005
1902,Pass,0,0.95974743,0.916882,0,0.8885522
1903,Pass,0,0.71426266,1.6137551,0,0.6208716
1904,Pass,0,0.93585473,0.6685513,0,0.88529766
1905,Pass,0,0.9972819,0.38302496,0,0.9665217
1906,Pass,0,0.973836,0.56406224,0,0.9294873
1907,Pass,0,0.9939138,1.161449,0,0.9004516
1908,Pass,0,0.6645363,1.2246227,0,0.59863895
1909,Pass,0,0.9621473,0.15713768,0,0.9501136
1910,Pass,0,0.9782292,0.82179135,0,0.9132141
1911,Pass,0,0.5531619,1.2800896,0,0.4958181
1912,Pass,0,0.9931492,0.49873295,0,0.95318794
1913,Pass,0,0.80378604,1.1303468,0,0.73023176
1914,Pass,0,0.99938095,0.4565387,0,0.962592
1915,Pass,0,0.9965911,1.283249,0,0.8930234
1916,Pass,0,0.994399,0.15801673,0,0.981891
1917,Pass,0,0.6604325,1.6428145,0,0.5725219
1918,Pass,0,0.9633041,0.35220718,0,0.9360018
1919,Pass,0,0.9996691,0.24538228,0,0.98000497
1920,Pass,0,0.84271705,1.295986,0,0.7542689
1921,Pass,0,0.999841,0.6704515,0,0.945673
1922,Pass,0,0.99371886,0.011100721,0,0.9930708
1923,Pass,0,0.99935156,0.50402886,0,0.958711
1924,Pass,0,0.9893764,1.495418,0,0.86951804
1925,Pass,0,0.9992716,0.36854434,0,0.96962464
1926,Pass,0,0.51665056,0.51001316,0,0.495389
1927,Pass,0,0.8933024,1.3844683,0,0.79312855
1928,Pass,0,0.9906969,0.89977115,0,0.91858184
1929,Pass,0,0.99293923,1.342212,0,0.8849984
1930,Pass,0,0.60006607,0.6552903,0,0.568295
1931,Pass,0,0.9888904,0.6034226,0,0.9406965
1932,Pass,0,0.99998605,1.4153875,0,0.88533896
1933,Pass,0,0.9660985,0.64346766,0,0.9158747
1934,Pass,0,0.99329925,0.034464415,0,0.99076754
1935,Pass,0,0.9998758,0.17756943,0,0.9857119
1936,Pass,0,0.9990945,0.6364191,0,0.9477271
1937,Pass,0,0.9798645,0.50993204,0,0.9395469
1938,Pass,0,0.75320977,0.8500226,0,0.70142376
1939,Pass,0,0.9793975,0.044258285,0,0.97612256
1940,Pass,0,0.78706205,1.6121016,0,0.68425804
1941,Pass,0,0.85896295,1.3862524,0,0.7625155
1942,Pass,0,0.8729829,1.7062986,0,0.7522807
1943,Pass,0,0.95853263,0.18201566,0,0.94460833
1944,Pass,0,0.9973189,0.18968262,0,0.98221046
1945,Pass,0,0.99708265,0.057304077,0,0.9926926
1946,Pass,0,0.9951148,0.3164964,0,0.96979564
1947,Pass,0,0.99981755,0.38281536,0,0.9689961
1948,Pass,0,0.9150016,1.0350037,0,0.83835185
1949,Pass,0,0.999721,0.21669509,0,0.98238397
1950,Pass,0,0.9998566,0.20823662,0,0.98320377
1951,Pass,0,0.9328312,0.25922757,0,0.91343343
1952,Pass,0,0.3224295,1.5930681,0,0.2808128
1953,Pass,0,0.9768003,0.84005857,0,0.9104317
1954,Pass,0,0.9436635,0.6395922,0,0.8949029
1955,Pass,0,0.6386993,1.9594332,0,0.5372656
1956,Pass,0,0.44947618,0.7844713,0,0.4209648
1957,Pass,0,0.9999291,0.74270535,0,0.9398913
1958,Pass,0,0.9995433,0.17953752,0,0.98522437
1959,Pass,0,0.99545884,1.1047425,0,0.9064337
1960,Pass,0,0.99616194,0.36994413,0,0.9664941
1961,Pass,0,0.9349855,0.63642347,0,0.8869139
1962,Pass,0,0.9839976,0.4992927,0,0.94435984
1963,Pass,0,0.93394595,0.6858497,0,0.88218045
1964,Pass,0,0.95003086,0.4877663,0,0.9126503
1965,Pass,0,0.8844051,0.6026419,0,0.8413593
1966,Pass,0,0.999995,0.34136334,0,0.97253305
1967,Pass,0,0.9997751,1.0076678,0,0.91824245
1968,Pass,0,0.6529592,0.8658944,0,0.6072245
1969,Pass,0,0.58312315,3.0309827,0,0.43979228
1970,Pass,0,0.7155163,1.2967995,0,0.6403714
1971,Pass,0,0.99945205,0.48900554,0,0.9600264
1972,Pass,0,0.99997044,0.15900807,0,0.98731184
1973,Pass,0,0.5598797,1.401985,0,0.4962994
1974,Pass,0,0.9958935,0.22982472,0,0.9775614
1975,Pass,0,0.9991743,0.21182856,0,0.9822415
1976,Pass,0,0.951452,1.756509,0,0.8160223
1977,Pass,0,0.98593754,1.0034945,0,0.90586734
1978,Pass,0,0.9982545,0.61648536,0,0.9485456
1979,Pass,0,0.929712,0.3719303,0,0.9018732
1980,Pass,0,0.9970222,0.26813632,0,0.9755686
1981,Pass,0,0.38594168,4.111127,0,0.25723708
1982,Pass,0,0.8230866,1.2969795,0,0.7366324
1983,Pass,0,0.86643046,0.7404119,0,0.81456953
1984,Pass,0,0.5473756,0.20974927,0,0.53819174
1985,Pass,0,0.9876364,0.6694451,0,0.93421024
1986,Pass,0,0.99447846,0.034725085,0,0.9919227
1987,Pass,0,0.9917488,0.568522,0,0.9462253
1988,Pass,0,0.9953052,0.5742703,0,0.94915396
1989,Pass,0,0.68876547,2.020618,0,0.5759596
1990,Pass,0,0.99828655,0.31289372,0,0.9731786
1991,Pass,0,0.99991155,0.6118385,0,0.9504973
1992,Pass,0,0.98025185,1.4678633,0,0.86369157
1993,Pass,0,0.82337475,0.16631351,0,0.8124634
1994,Pass,0,0.9888354,0.058033973,0,0.9844231
1995,Pass,0,0.98904324,0.4768901,0,0.95100087
1996,Pass,0,0.9917075,0.8931084,0,0.92005527
1997,Pass,0,0.9694699,0.35320497,0,0.9419143
1998,Pass,0,0.9377791,0.52974087,0,0.8976852
1999,Pass,0,0.984969,0.65869373,0,0.9325468
2000,Pass,0,0.9716842,0.52652603,0,0.93039435
2001,Pass,0,0.974081,2.53362,0,0.77398133
2002,Pass,0,0.9878841,0.7164541,0,0.93067473
2003,Pass,0,0.99599314,0.54925126,0,0.9518329
2004,Pass,0,0.8625781,0.7642041,0,0.80928177
2005,Pass,0,0.9050726,0.41373357,0,0.8749003
2006,Pass,0,0.97432435,0.52371013,0,0.933145
2007,Pass,0,0.99586004,0.41104347,0,0.9628786
2008,Pass,0,0.95389706,1.326246,0,0.8514367
2009,Pass,0,0.94963336,1.8289963,0,0.8088745
2010,Pass,0,0.91924965,0.017594976,0,0.9181655
2011,Pass,0,0.82274085,0.7753107,0,0.7711642
2012,Pass,0,0.9943281,0.26032087,0,0.97356325
2013,Pass,0,0.9481645,0.020042928,0,0.9468578
2014,Pass,0,0.98286384,0.604572,0,0.93487185
2015,Pass,0,0.9944543,0.027392704,0,0.99249053
2016,Pass,0,0.98925936,3.1157763,0,0.73929137
2017,Pass,0,0.9915372,0.05698659,0,0.9871971
2018,Pass,0,0.9398079,0.76206404,0,0.88190305
2019,Pass,0,0.9462419,1.455063,0,0.8347089
2020,Pass,0,0.9702974,0.48121184,0,0.9326356
2021,Pass,0,0.9879166,0.6984015,0,0.9321531
2022,Pass,0,0.9938565,0.11067283,0,0.9851749
2023,Pass,0,0.9636434,1.2703635,0,0.8645076
2024,Pass,0,0.62249154,1.8441515,0,0.5294573
2025,Pass,0,0.67026544,0.46372363,0,0.64520085
2026,Pass,0,0.99789125,0.20444313,0,0.98157847
2027,Pass,0,0.9504263,0.19045356,0,0.9359688
2028,Pass,0,0.8693942,0.8160489,0,0.81201774
2029,Pass,0,0.97812474,1.79515,0,0.8358303
2030,Pass,0,0.997894,0.8178436,0,0.93189174
2031,Pass,0,0.9998728,0.40389934,0,0.9673383
2032,Pass,0,0.9994641,0.9251125,0,0.92465484
2033,Pass,0,0.941031,0.57894284,0,0.8970395
2034,Pass,0,0.9892196,0.04490858,0,0.9858596
2035,Pass,0,0.6124856,1.2678611,0,0.54959995
2036,Pass,0,0.99975127,0.5059569,0,0.958938
2037,Pass,0,0.84421694,1.1882942,0,0.7629916
2038,Pass,0,0.8409828,1.185702,0,0.7602456
2039,Pass,0,0.98981875,0.9786582,0,0.911429
2040,Pass,0,0.85403216,1.982975,0,0.7167687
2041,Pass,0,0.9949523,0.06993275,0,0.9895517
2042,Pass,0,0.9996966,0.41712633,0,0.9660945
2043,Pass,0,0.7574161,0.8080087,0,0.7079241
2044,Pass,0,0.996988,0.9629003,0,0.91930574
2045,Pass,0,0.99643576,0.94052345,0,0.9206066
2046,Pass,0,0.9925902,0.73826224,0,0.93335104
2047,Pass,0,0.76453304,0.82523173,0,0.7135071
2048,Pass,0,0.9602097,1.3605299,0,0.85439897
2049,Pass,0,0.6769153,0.5898241,0,0.6446728
2050,Pass,0,0.9845845,0.4697904,0,0.9472811
2051,Pass,0,0.99098283,0.019886412,0,0.98962975
2052,Pass,0,0.5943849,0.4965023,0,0.5705763
2053,Pass,0,0.84596634,0.92021537,0,0.7829826
2054,Pass,0,0.9565664,0.7795441,0,0.8962716
2055,Pass,0,0.9979692,1.2368375,0,0.8980182
2056,Pass,0,0.9836199,0.28913152,0,0.9607783
2057,Pass,0,0.9374266,0.90527016,0,0.8687708
2058,Pass,0,0.8791301,0.6263805,0,0.83464694
2059,Pass,0,0.99221003,0.7733622,0,0.9301664
2060,Pass,0,0.9999224,0.48565996,0,0.9607497
2061,Pass,0,0.99867296,0.3908397,0,0.9672363
2062,Pass,0,0.9991381,0.5368558,0,0.9558438
2063,Pass,0,0.97945535,1.1227409,0,0.89043033
2064,Pass,0,0.98607546,0.5068743,0,0.9457471
2065,Pass,0,0.9889352,0.5324031,0,0.9464404
2066,Pass,0,0.9336245,0.52780026,0,0.8938553
2067,Pass,0,0.9897287,1.4972014,0,0.86968434
2068,Pass,0,0.6629723,0.58889896,0,0.6314437
2069,Pass,0,0.99109787,0.21869794,0,0.9737493
2070,Pass,0,0.7652851,1.7081861,0,0.65935636
2071,Pass,0,0.96051466,0.023753515,0,0.95890164
2072,Pass,0,0.99219006,0.89136016,0,0.92064375
2073,Pass,0,0.9101214,1.6252254,0,0.7902741
2074,Pass,0,0.9914944,0.6589553,0,0.9387039
2075,Pass,0,0.7472045,0.7358218,0,0.7027584
2076,Pass,0,0.99833554,0.5157979,0,0.9567825
2077,Pass,0,0.9990544,0.43111035,0,0.9643397
2078,Pass,0,0.9996057,0.78208303,0,0.936392
2079,Pass,0,0.9402,0.29173636,0,0.91816777
2080,Pass,0,0.90289426,0.9552621,0,0.83310336
2081,Pass,0,0.9976956,1.2596772,0,0.8959222
2082,Pass,0,0.9426625,1.3359034,0,0.8406698
2083,Pass,0,0.9909622,0.7048901,0,0.93450487
2084,Pass,0,0.9928444,0.30205232,0,0.9687472
2085,Pass,0,0.9907177,0.45720544,0,0.95419407
2086,Pass,0,0.9842696,0.4853683,0,0.9457335
2087,Pass,0,0.9999962,0.4827721,0,0.961055
2088,Pass,0,0.97717005,0.26486614,0,0.956403
2089,Pass,0,0.8622193,1.045315,0,0.7892694
2090,Pass,0,0.7336906,1.4432936,0,0.6479119
2091,Pass,0,0.9931987,1.2664018,0,0.8913418
2092,Pass,0,0.9937552,0.49609295,0,0.9539825
2093,Pass,0,0.35031217,1.5530812,0,0.30623367
2094,Pass,0,0.89790034,0.63499546,0,0.8518395
2095,Pass,0,0.98147535,0.40089488,0,0.9497789
2096,Pass,0,0.9998299,0.25483796,0,0.97939515
2097,Pass,0,0.9761994,0.43747315,0,0.94177467
2098,Pass,0,0.94730765,1.0274646,0,0.86853135
2099,Pass,0,0.9898538,1.1076324,0,0.90109766
2100,Pass,0,0.9877594,0.71114933,0,0.9309826
2101,Pass,0,0.99947304,0.83117914,0,0.93228436
2102,Pass,0,0.9967187,0.38848713,0,0.96553385
2103,Pass,0,0.99898773,0.76273775,0,0.9373819
2104,Pass,0,0.98289424,0.7995458,0,0.919344
2105,Pass,0,0.5331099,0.48566455,0,0.51222473
2106,Pass,0,0.99989927,0.36412972,0,0.970592
2107,Pass,0,0.79373485,0.84590185,0,0.7394281
2108,Pass,0,0.9999056,0.41727975,0,0.966284
2109,Pass,0,0.6502415,1.219462,0,0.5860341
2110,Pass,0,0.90356314,1.1645795,0,0.81836736
2111,Pass,0,0.9996402,0.78883165,0,0.9358767
2112,Pass,0,0.9905854,0.9600923,0,0.91362786
2113,Pass,0,0.9953719,2.064636,0,0.82879335
2114,Pass,0,0.9976157,0.62988734,0,0.9468532
2115,Pass,0,0.957311,0.7825435,0,0.89673615
2116,Pass,0,0.8987696,0.6327913,0,0.852825
2117,Pass,0,0.9976331,1.2046849,0,0.9003196
2118,Pass,0,0.40541574,1.5771915,0,0.35361028
2119,Pass,0,0.9889564,0.6255819,0,0.9389802
2120,Pass,0,0.9797641,1.8151294,0,0.83564204
2121,Pass,0,0.7846983,1.2963737,0,0.70231485
2122,Pass,0,0.999164,0.43596065,0,0.96405214
2123,Pass,0,0.9857728,0.29855487,0,0.9621271
2124,Pass,0,0.99919647,0.69439656,0,0.94312114
2125,Pass,0,0.591259,1.2968087,0,0.52916336
2126,Pass,0,0.9999387,0.9470632,0,0.9233121
2127,Pass,0,0.9991412,0.6045922,0,0.95035285
2128,Pass,0,0.99899334,2.0059032,0,0.83657175
2129,Pass,0,0.70276093,2.4067533,0,0.5656345
2130,Pass,0,0.80860084,1.1147556,0,0.7356294
2131,Pass,0,0.71175826,0.73725617,0,0.6693377
2132,Pass,0,0.99841213,0.6773991,0,0.9437584
2133,Pass,0,0.99916756,0.5073037,0,0.95826894
2134,Pass,0,0.9657651,0.33859232,0,0.93946046
2135,Pass,0,0.79057294,0.67991024,0,0.74713534
2136,Pass,0,0.98647124,0.033130426,0,0.98406374
2137,Pass,0,0.98936623,0.026680052,0,0.98746973
2138,Pass,0,0.86164176,1.5025501,0,0.756759
2139,Pass,0,0.9402297,0.45823705,0,0.90548855
2140,Pass,0,0.99841464,0.69782996,0,0.9421049
2141,Pass,0,0.99982136,0.1549401,0,0.9874948
2142,Pass,0,0.9974107,0.7715761,0,0.93518656
2143,Pass,0,0.9945808,0.23553394,0,0.97581196
2144,Pass,0,0.84495443,1.2034688,0,0.7626173
2145,Pass,0,0.62919915,1.4828641,0,0.5536158
2146,Pass,0,0.99763906,0.53011954,0,0.9549552
2147,Pass,0,0.98119086,0.47444293,0,0.9436454
2148,Pass,0,0.62942636,1.054866,0,0.57568437
2149,Pass,0,0.9230317,1.8145118,0,0.7873012
2150,Pass,0,0.9675761,0.59399456,0,0.9211614
2151,Pass,0,0.5637646,0.5804592,0,0.53734016
2152,Pass,0,0.9817084,0.6419686,0,0.9307926
2153,Pass,0,0.8619687,0.8644161,0,0.80169797
2154,Pass,0,0.9963135,0.04169712,0,0.99318916
2155,Pass,0,0.9963381,1.312268,0,0.8904496
2156,Pass,0,0.98668563,0.42381984,0,0.9529847
2157,Pass,0,0.9923545,0.4095958,0,0.9596058
2158,Pass,0,0.9997197,0.19001026,0,0.9845483
2159,Pass,0,0.98986757,0.68258965,0,0.93526447
2160,Pass,0,0.98757464,0.32897234,0,0.9614471
2161,Pass,0,0.96713746,1.3523444,0,0.86120594
2162,Pass,0,0.96769744,0.9304945,0,0.8948431
2163,Pass,0,0.9923298,0.2431676,0,0.9729885
2164,Pass,0,0.99176764,0.04829468,0,0.98812634
2165,Pass,0,0.99948174,0.5680242,0,0.9536437
2166,Pass,0,0.9532111,0.05860223,0,0.9489138
2167,Pass,0,0.99996793,0.3490805,0,0.97188026
2168,Pass,0,0.51588947,0.32302064,0,0.5024902
2169,Pass,0,0.99248415,0.39096722,0,0.96123207
2170,Pass,0,0.9986895,0.3375015,0,0.97157645
2171,Pass,0,0.97039235,0.021777725,0,0.9689184
2172,Pass,0,0.99976665,0.42957807,0,0.9651516
2173,Pass,0,0.99807215,0.25859478,0,0.977369
2174,Pass,0,0.67872036,0.36626124,0,0.65870947
2175,Pass,0,0.94533706,0.08396021,0,0.93912923
2176,Pass,0,0.9989047,0.973683,0,0.9201988
2177,Pass,0,0.8960504,0.5691941,0,0.85487074
2178,Pass,0,0.999603,0.4465021,0,0.9636203
2179,Pass,0,0.7781254,0.45617828,0,0.749504
2180,Pass,0,0.9886994,0.7029786,0,0.9325243
2181,Pass,0,0.97889733,0.8166953,0,0.9142428
2182,Pass,0,0.9132173,2.471292,0,0.7302411
2183,Pass,0,0.9308808,0.5008934,0,0.8932617
2184,Pass,0,0.99990964,1.2286208,0,0.9004312
2185,Pass,0,0.80549186,1.4898555,0,0.708274
2186,Pass,0,0.34115654,4.1512313,0,0.2262763
2187,Pass,0,0.9998882,0.18984748,0,0.98472744
2188,Pass,0,0.90688294,0.9704723,0,0.83566403
2189,Pass,0,0.8452501,1.0698309,0,0.7720538
2190,Pass,0,0.99402183,0.9301383,0,0.91921437
2191,Pass,0,0.99704164,1.1644158,0,0.9030451
2192,Pass,0,0.98787063,1.3887651,0,0.8767475
2193,Pass,0,0.9867263,0.28053942,0,0.9645007
2194,Pass,0,0.9987191,0.95300376,0,0.92170435
2195,Pass,0,0.9986003,3.4490569,0,0.719255
2196,Pass,0,0.969836,0.6761966,0,0.9168412
2197,Pass,0,0.9527583,0.910826,0,0.8825499
2198,Pass,0,0.88851774,1.057569,0,0.81245893
2199,Pass,0,0.987971,0.16662054,0,0.97485375
2200,Pass,0,0.9863094,1.8550011,0,0.8380322
2201,Pass,0,0.99495304,1.07904,0,0.90804905
2202,Pass,0,0.9837039,1.0250913,0,0.90209055
2203,Pass,0,0.9740199,0.6059477,0,0.926351
2204,Pass,0,0.98968923,0.63994384,0,0.93852216
2205,Pass,0,0.8939888,1.236497,0,0.80447656
2206,Pass,0,0.99273795,0.6924476,0,0.9371821
2207,Pass,0,0.99965715,0.7043327,0,0.9427496
2208,Pass,0,0.9506231,0.63043964,0,0.9022092
2209,Pass,0,0.98594564,0.35875514,0,0.9574775
2210,Pass,0,0.9373734,0.6030099,0,0.89172155
2211,Pass,0,0.999637,0.60506606,0,0.95078593
2212,Pass,0,0.9296849,0.98859954,0,0.8553072
2213,Pass,0,0.99943966,0.5120948,0,0.95814115
2214,Pass,0,0.9822353,1.2402267,0,0.88358986
2215,Pass,0,0.939961,2.0192752,0,0.78611684
2216,Pass,0,0.8313023,0.49771014,0,0.79792225
2217,Pass,0,0.98336834,0.72761893,0,0.92552924
2218,Pass,0,0.8491316,0.36439502,0,0.82422507
2219,Pass,0,0.94432735,0.62167746,0,0.89690584
2220,Pass,0,0.9999783,0.57583207,0,0.95348364
2221,Pass,0,0.9319931,0.44548014,0,0.89852154
2222,Pass,0,0.9786769,1.4928592,0,0.860318
2223,Pass,0,0.99662423,0.5288631,0,0.95408547
2224,Pass,0,0.5517569,1.3675618,0,0.49064085
2225,Pass,0,0.7366668,0.8734346,0,0.6846181
2226,Pass,0,0.99977523,0.49180627,0,0.96010953
2227,Pass,0,0.94073415,0.96288735,0,0.86743605
2228,Pass,0,0.96022785,0.014971216,0,0.9592999
2229,Pass,0,0.5059008,0.60465866,0,0.48119476
2230,Pass,0,0.9873144,0.4702274,0,0.9498725
2231,Pass,0,0.9998211,0.44055128,0,0.96431357
2232,Pass,0,0.7652085,0.36913747,0,0.742469
2233,Pass,0,0.94287413,1.4396045,0,0.83292127
2234,Pass,0,0.9976701,0.28262308,0,0.9750293
2235,Pass,0,0.98196906,0.020970935,0,0.9805418
2236,Pass,0,0.99840313,0.38856816,0,0.96715903
2237,Pass,0,0.5389531,2.0676317,0,0.4486266
2238,Pass,0,0.9985214,0.44370064,0,0.9628047
2239,Pass,0,0.97518015,0.0056789727,0,0.9749733
2240,Pass,0,0.99994993,0.25762278,0,0.97928673
2241,Pass,0,0.99920446,0.36979783,0,0.9694578
2242,Pass,0,0.98207724,0.73248345,0,0.92392623
2243,Pass,0,0.9991072,0.31262404,0,0.9740005
2244,Pass,0,0.90753525,0.5760527,0,0.8653226
2245,Pass,0,0.95315397,0.017971085,0,0.95200074
2246,Pass,0,0.9403166,0.87107205,0,0.87405956
2247,Pass,0,0.998589,0.75955635,0,0.9372657
2248,Pass,0,0.9998671,1.0431066,0,0.91545045
2249,Pass,0,0.9999014,0.4706201,0,0.96195036
2250,Pass,0,0.8773842,0.7865838,0,0.82157904
2251,Pass,0,0.99872005,0.7008822,0,0.9421456
2252,Pass,0,0.9982646,0.25021425,0,0.9782366
2253,Pass,0,0.9997911,0.780478,0,0.93669593
2254,Pass,0,0.9990356,1.3189119,0,0.8923216
2255,Pass,0,0.5452386,0.9571151,0,0.50301135
2256,Pass,0,0.9991357,0.35490203,0,0.97059923
2257,Pass,0,0.93611854,0.5718684,0,0.89289427
2258,Pass,0,0.9902024,0.18038985,0,0.9759488
2259,Pass,0,0.9968727,0.44488838,0,0.9611189
2260,Pass,0,0.9974268,0.5384828,0,0.95407486
2261,Pass,0,0.9969369,0.016367652,0,0.99586046
2262,Pass,0,0.988301,0.34489185,0,0.96087706
2263,Pass,0,0.9921984,0.55328476,0,0.9478815
2264,Pass,0,0.9976829,0.4544938,0,0.96112216
2265,Pass,0,0.9616051,1.501941,0,0.84460187
2266,Pass,0,0.38215223,1.585197,0,0.33307114
2267,Pass,0,0.9981468,1.3057061,0,0.89259773
2268,Pass,0,0.99333656,0.89916354,0,0.9210783
2269,Pass,0,0.84482944,1.3723907,0,0.75091964
2270,Pass,0,0.99973375,1.9981347,0,0.8378222
2271,Pass,0,0.9918405,0.6298215,0,0.9413772
2272,Pass,0,0.95573765,1.2563224,0,0.85850453
2273,Pass,0,0.9622328,0.03086256,0,0.96006167
2274,Pass,0,0.99309844,0.48881054,0,0.95393914
2275,Pass,0,0.99834275,0.092235036,0,0.9911162
2276,Pass,0,0.8887166,0.089354895,0,0.8824914
2277,Pass,0,0.91813767,0.0363983,0,0.91565335
2278,Pass,0,0.9999074,2.2322936,0,0.8189611
2279,Pass,0,0.9046597,1.0030516,0,0.8312228
2280,Pass,0,0.6271892,0.80941343,0,0.58613515
2281,Pass,0,0.97917914,0.3646325,0,0.9504393
2282,Pass,0,0.9246641,1.519354,0,0.81084865
2283,Pass,0,0.99612397,0.043057878,0,0.9928901
2284,Pass,0,0.9718506,0.7784248,0,0.91068065
2285,Pass,0,0.99996734,0.6069763,0,0.9509451
2286,Pass,0,0.9285392,0.96774507,0,0.8558251
2287,Pass,0,0.99497294,0.02276033,0,0.9933823
2288,Pass,0,0.9320148,1.2145197,0,0.84035796
2289,Pass,0,0.9574653,0.29708102,0,0.9346131
2290,Pass,0,0.99469864,0.42052412,0,0.96099013
2291,Pass,0,0.6477046,1.0109224,0,0.5947125
2292,Pass,0,0.95401,2.1273177,0,0.7894992
2293,Pass,0,0.6160612,3.5292957,0,0.4397134
2294,Pass,0,0.97591394,2.0375245,0,0.81473964
2295,Pass,0,0.96824497,0.65786463,0,0.916778
2296,Pass,0,0.9535155,1.5105357,0,0.8368314
2297,Pass,0,0.9395172,0.6697833,0,0.8886683
2298,Pass,0,0.8716865,0.8071406,0,0.8147892
2299,Pass,0,0.8762439,2.5435705,0,0.6955346
2300,Pass,0,0.8288235,0.67445856,0,0.783651
2301,Pass,0,0.9972837,0.37420896,0,0.9672371
2302,Pass,0,0.96850026,0.10138254,0,0.9607706
2303,Pass,0,0.9338639,1.2630259,0,0.838348
2304,Pass,0,0.9996207,0.20147747,0,0.9835203
2305,Pass,0,0.3687471,1.253189,0,0.33132598
2306,Pass,0,0.9968058,0.65116435,0,0.9443629
2307,Pass,0,0.9952479,0.77300787,0,0.933043
2308,Pass,0,0.90792185,1.5199472,0,0.79612345
2309,Pass,0,0.86989194,0.29273757,0,0.84943664
2310,Pass,0,0.9110178,0.5398867,0,0.8713177
2311,Pass,0,0.99897885,0.3906857,0,0.96754503
2312,Pass,0,0.91870236,0.8069006,0,0.85875404
2313,Pass,0,0.9064442,0.76448196,0,0.8504171
2314,Pass,0,0.9996176,0.6946099,0,0.9435013
2315,Pass,0,0.9911459,0.0098674325,0,0.99059874
2316,Pass,0,0.99691784,0.010494338,0,0.99631673
2317,Pass,0,0.9968328,0.68244964,0,0.94185686
2318,Pass,0,0.86298305,0.40547687,0,0.83479226
2319,Pass,0,0.9660253,0.7127387,0,0.9103731
2320,Pass,0,0.57160145,0.74489456,0,0.53717977
2321,Pass,0,0.99946994,0.56527287,0,0.95385563
2322,Pass,0,0.9402588,0.54431766,0,0.8989462
2323,Pass,0,0.9778545,0.5500538,0,0.9344348
2324,Pass,0,0.9892981,0.12949887,0,0.9791445
2325,Pass,0,0.6819358,2.8182342,0,0.5260942
2326,Pass,0,0.7246454,2.3793108,0,0.58486307
2327,Pass,0,0.998722,0.8106412,0,0.93324894
2328,Pass,0,0.94971657,0.671514,0,0.8981822
2329,Pass,0,0.9802634,0.98183084,0,0.9023779
2330,Pass,0,0.9881861,0.84218484,0,0.92087334
2331,Pass,0,0.98504156,0.72094434,0,0.92763776
2332,Pass,0,0.99978465,0.18654853,0,0.98489326
2333,Pass,0,0.76843536,1.0154221,0,0.70528495
2334,Pass,0,0.9969626,0.99130327,0,0.91698366
2335,Pass,0,0.9957486,0.018343616,0,0.9945137
2336,Pass,0,0.999005,0.4262465,0,0.9646865
2337,Pass,0,0.9996612,0.8756096,0,0.92885435
2338,Pass,0,0.99815,0.9276668,0,0.92323214
2339,Pass,0,0.8857446,1.1967409,0,0.7999164
2340,Pass,0,0.9999094,0.8930121,0,0.9276724
2341,Pass,0,0.9634265,1.6210529,0,0.8368861
2342,Pass,0,0.85969675,0.5420566,0,0.8220817
2343,Pass,0,0.95787364,0.89698154,0,0.8883648
2344,Pass,0,0.9991026,0.81465405,0,0.9332791
2345,Pass,0,0.93610287,0.47141662,0,0.9005127
2346,Pass,0,0.99979216,0.82345366,0,0.933209
2347,Pass,0,0.9643118,0.9953456,0,0.8866358
2348,Pass,0,0.9585087,0.33059987,0,0.9330235
2349,Pass,0,0.99939394,0.15986368,0,0.98667324
2350,Pass,0,0.99995804,0.7381617,0,0.94028735
2351,Pass,0,0.8572076,1.6399192,0,0.7433057
2352,Pass,0,0.9970976,0.40760085,0,0.96435386
2353,Pass,0,0.99976486,0.72446936,0,0.94121695
2354,Pass,0,0.9995363,0.5466467,0,0.9554302
2355,Pass,0,0.9886065,0.16997066,0,0.97521204
2356,Pass,0,0.990842,0.008952078,0,0.99036855
2357,Pass,0,0.9961753,0.015900007,0,0.9951375
2358,Pass,0,0.90341634,1.8926427,0,0.76484036
2359,Pass,0,0.9939997,0.0949476,0,0.9865858
2360,Pass,0,0.9754385,0.79097736,0,0.91304886
2361,Pass,0,0.61425894,2.1789367,0,0.5057613
2362,Pass,0,0.9340073,0.669991,0,0.88344085
2363,Pass,0,0.997886,1.3086094,0,0.89212936
2364,Pass,0,0.9850455,1.419265,0,0.8718013
2365,Pass,0,0.98593116,1.1352694,0,0.8953148
2366,Pass,0,0.9865888,0.064022996,0,0.9817068
2367,Pass,0,0.96026194,0.42813423,0,0.9271272
2368,Pass,0,0.99960655,0.81138086,0,0.9340154
2369,Pass,0,0.87134254,1.0271693,0,0.79890424
2370,Pass,0,0.9539267,0.6828401,0,0.9012868
2371,Pass,0,0.7510567,2.2184258,0,0.6159887
2372,Pass,0,0.9378821,1.0410278,0,0.85885704
2373,Pass,0,0.9978483,0.488532,0,0.9585242
2374,Pass,0,0.75301516,1.6491914,0,0.652391
2375,Pass,0,0.9998178,0.81332767,0,0.9340548
2376,Pass,0,0.9999666,0.3966203,0,0.96801996
2377,Pass,0,0.99886924,0.5256818,0,0.9564926
2378,Pass,0,0.62984216,1.0134414,0,0.5781827
2379,Pass,0,0.99867743,0.04658447,0,0.9951494
2380,Pass,0,0.5035738,2.547958,0,0.39954153
2381,Pass,0,0.59516823,2.0404224,0,0.4967349
2382,Pass,0,0.75247633,1.1660821,0,0.6814346
2383,Pass,0,0.99899906,0.42409554,0,0.9648552
2384,Pass,0,0.9899546,0.6924919,0,0.93455094
2385,Pass,0,0.9998048,0.53424925,0,0.9566931
2386,Pass,0,0.7852228,0.80743873,0,0.7339502
2387,Pass,0,0.78199875,1.5995479,0,0.680653
2388,Pass,0,0.9744752,0.5512573,0,0.9311103
2389,Pass,0,0.99408865,0.2882813,0,0.9710725
2390,Pass,0,0.99911004,0.9378338,0,0.9232955
2391,Pass,0,0.99948186,0.42419642,0,0.9653133
2392,Pass,0,0.99614763,0.5760007,0,0.9498174
2393,Pass,0,0.46370628,1.3795503,0,0.41189197
2394,Pass,0,0.6316628,1.410876,0,0.5594748
2395,Pass,0,0.40094224,0.45888475,0,0.3861065
2396,Pass,0,0.9122766,0.8631796,0,0.8485798
2397,Pass,0,0.9712877,0.9646591,0,0.8954693
2398,Pass,0,0.8961805,0.116124764,0,0.88795555
2399,Pass,0,0.9997706,0.2690371,0,0.9781847
2400,Pass,0,0.89635956,1.5217022,0,0.7858572
2401,Pass,0,0.9982158,0.24337944,0,0.9787426
2402,Pass,0,0.9874923,0.43526798,0,0.9528461
2403,Pass,0,0.99986136,0.39366826,0,0.9681577
2404,Pass,0,0.81303614,0.320418,0,0.7920909
2405,Pass,0,0.99396235,1.7250888,0,0.8550169
2406,Pass,0,0.755584,2.689627,0,0.5908
2407,Pass,0,0.9997973,0.572923,0,0.9535471
2408,Pass,0,0.3507583,1.4777387,0,0.30876896
2409,Pass,0,0.9941454,0.2246911,0,0.97625977
2410,Pass,0,0.9978759,0.39598116,0,0.9660479
2411,Pass,0,0.99472886,0.015822357,0,0.99369884
2412,Pass,0,0.9450803,1.0041988,0,0.8682742
2413,Pass,0,0.9905793,0.78732693,0,0.92751473
2414,Pass,0,0.44195703,3.836853,0,0.3044124
2415,Pass,0,0.993751,0.8784178,0,0.92313623
2416,Pass,0,0.9904731,0.08277398,0,0.9840643
2417,Pass,0,0.9376969,0.77419096,0,0.878999
2418,Pass,0,0.9808137,0.017238274,0,0.9796853
2419,Pass,0,0.8724376,1.0789917,0,0.7962381
2420,Pass,0,0.9868564,0.55498505,0,0.9426419
2421,Pass,0,0.9800947,0.01516403,0,0.9791322
2422,Pass,0,0.73874396,3.0755117,0,0.55449134
2423,Pass,0,0.96032757,0.34241036,0,0.93387336
2424,Pass,0,0.9559601,0.8342441,0,0.8914587
2425,Pass,0,0.70562714,0.573212,0,0.6729686
2426,Pass,0,0.65840954,0.809553,0,0.6153044
2427,Pass,0,0.99844223,0.5839877,0,0.95135796
2428,Pass,0,0.9980161,0.313309,0,0.9728814
2429,Pass,0,0.80014366,1.4636217,0,0.7052753
2430,Pass,0,0.90052044,0.29290178,0,0.8793329
2431,Pass,0,0.9770897,0.7240373,0,0.919904
2432,Pass,0,0.9896512,0.8600362,0,0.92080444
2433,Pass,0,0.60356617,2.0784898,0,0.50187874
2434,Pass,0,0.98725325,0.7931636,0,0.9239327
2435,Pass,0,0.9896142,0.293213,0,0.96630543
2436,Pass,0,0.9775695,0.37463808,0,0.94808286
2437,Pass,0,0.96793133,1.3937169,0,0.858662
2438,Pass,0,0.6944149,0.32491735,0,0.6762719
2439,Pass,0,0.9997336,0.7962199,0,0.9353646
2440,Pass,0,0.99539363,0.81490326,0,0.9297943
2441,Pass,0,0.8869146,1.3220572,0,0.7919506
2442,Pass,0,0.9999907,0.32022792,0,0.9742446
2443,Pass,0,0.9884454,0.2635597,0,0.96754354
2444,Pass,0,0.98897386,0.024999164,0,0.987213
2445,Pass,0,0.9946741,0.78555167,0,0.9314922
2446,Pass,0,0.99993,0.38314682,0,0.9690782
2447,Pass,0,0.5129173,0.9487354,0,0.47354215
2448,Pass,0,0.91406244,0.23381203,0,0.8969408
2449,Pass,0,0.6706731,1.4265962,0,0.59317106
2450,Pass,0,0.71759766,0.85635716,0,0.66789114
2451,Pass,0,0.99914587,0.64401066,0,0.94716007
2452,Pass,0,0.9992162,0.9849873,0,0.9195688
2453,Pass,0,0.95317185,0.48694748,0,0.915731
2454,Pass,0,0.6478386,1.1679869,0,0.5865755
2455,Pass,0,0.7219553,1.160179,0,0.65414095
2456,Pass,0,0.7284362,0.6389644,0,0.69083387
2457,Pass,0,0.9495717,0.59710354,0,0.90378106
2458,Pass,0,0.9991672,0.2629337,0,0.9780894
2459,Pass,0,0.99816114,0.924434,0,0.92350435
2460,Pass,0,0.91856146,1.0321959,0,0.84182286
2461,Pass,0,0.99585694,0.70630664,0,0.93900615
2462,Pass,0,0.8448185,3.928205,0,0.5756315
2463,Pass,0,0.9849476,0.3153461,0,0.9599791
2464,Pass,0,0.96376824,0.5448417,0,0.9213818
2465,Pass,0,0.9995209,0.36862892,0,0.9698597
2466,Pass,0,0.98520666,1.6773502,0,0.85130316
2467,Pass,0,0.9909162,0.43148822,0,0.9564539
2468,Pass,0,0.96899575,0.57017714,0,0.9243865
2469,Pass,0,0.94749606,1.9576633,0,0.7971576
2470,Pass,0,0.99683136,1.2731231,0,0.89405805
2471,Pass,0,0.9774824,0.70606846,0,0.92169946
2472,Pass,0,0.8250092,0.524978,0,0.7900557
2473,Pass,0,0.7695198,0.15248917,0,0.7601857
2474,Pass,0,0.9955336,0.3343357,0,0.9687621
2475,Pass,0,0.9680118,0.6106081,0,0.9202707
2476,Pass,0,0.9751187,0.73993355,0,0.91679
2477,Pass,0,0.9572483,0.6282778,0,0.90866494
2478,Pass,0,0.9805211,1.3637588,0,0.8722151
2479,Pass,0,0.8873876,1.4830658,0,0.7807745
2480,Pass,0,0.97154063,0.3280884,0,0.94590706
2481,Pass,0,0.9985133,0.6871939,0,0.9430601
2482,Pass,0,0.99995434,0.59749323,0,0.9517025
2483,Pass,0,0.9927119,0.33654106,0,0.96583855
2484,Pass,0,0.99939597,0.9528424,0,0.9223421
2485,Pass,0,0.97764957,0.34414026,0,0.9505809
2486,Pass,0,0.99974185,0.17910579,0,0.9854551
2487,Pass,0,0.99309206,0.7194418,0,0.9353402
2488,Pass,0,0.622959,2.4119804,0,0.50113964
2489,Pass,0,0.98671734,0.84270215,0,0.91946316
2490,Pass,0,0.9956008,0.3115932,0,0.97066563
2491,Pass,0,0.9993298,0.5700473,0,0.95333457
2492,Pass,0,0.99989676,0.33678007,0,0.97280955
2493,Pass,0,0.9332397,1.3220122,0,0.83331895
2494,Pass,0,0.9780402,0.2318357,0,0.95987713
2495,Pass,0,0.99949646,1.2967083,0,0.8945347
2496,Pass,0,0.9992218,1.5741129,0,0.8717874
2497,Pass,0,0.70482296,0.4853015,0,0.67723155
2498,Pass,0,0.988395,0.8834763,0,0.9177549
2499,Pass,0,0.9981034,0.44370848,0,0.962401
2500,Pass,0,0.9887143,0.87663823,0,0.9186002
2501,Pass,0,0.99560696,0.7801291,0,0.93280405
2502,Pass,0,0.98495376,1.037554,0,0.9022402
2503,Pass,0,0.99997497,0.37524414,0,0.9697633
2504,Pass,0,0.9498199,0.015881395,0,0.94883186
2505,Pass,0,0.9997156,1.0746335,0,0.9127532
2506,Pass,0,0.99994636,0.34437674,0,0.97224116
2507,Pass,0,0.91851646,1.2006503,0,0.8292212
2508,Pass,0,0.90143925,2.087889,0,0.7488791
2509,Pass,0,0.91490316,0.5957058,0,0.8708881
2510,Pass,0,0.9582693,0.063746646,0,0.953549
2511,Pass,0,0.7692862,1.3168633,0,0.6872413
2512,Pass,0,0.8438217,0.3020316,0,0.8233428
2513,Pass,0,0.9236669,1.052254,0,0.8449978
2514,Pass,0,0.8188042,1.0804014,0,0.7471954
2515,Pass,0,0.96741897,1.545249,0,0.84630734
2516,Pass,0,0.8037773,1.0443542,0,0.7358347
2517,Pass,0,0.99977237,0.512318,0,0.95844203
2518,Pass,0,0.9999702,0.35014006,0,0.97179645
2519,Pass,0,0.9582024,0.024704821,0,0.9565193
2520,Pass,0,0.90682036,0.3244038,0,0.8831656
2521,Pass,0,0.99634796,0.8997518,0,0.9238231
2522,Pass,0,0.8614128,0.39688203,0,0.83387434
2523,Pass,0,0.98710304,0.5447447,0,0.94369805
2524,Pass,0,0.9864102,0.033324577,0,0.98398733
2525,Pass,0,0.933717,0.9226936,0,0.8640122
2526,Pass,0,0.7944361,1.6750987,0,0.6866062
2527,Pass,0,0.99861073,0.48588228,0,0.95947146
2528,Pass,0,0.84486085,0.72518295,0,0.7953354
2529,Pass,0,0.9982699,0.035789493,0,0.99561816
2530,Pass,0,0.9752701,0.65872586,0,0.92336154
2531,Pass,0,0.99962413,1.58586,0,0.8711852
2532,Pass,0,0.49267107,9.525289,0,0.11184118
2533,Pass,0,0.9076103,1.668968,0,0.7848708
2534,Pass,0,0.8530482,0.64460015,0,0.8086231
2535,Pass,0,0.9767089,1.31526,0,0.8726693
2536,Pass,0,0.9999747,0.11637157,0,0.99077713
2537,Pass,0,0.9633857,0.47541133,0,0.92644584
2538,Pass,0,0.9807103,0.9174727,0,0.907913
2539,Pass,0,0.92696524,0.770233,0,0.86923695
2540,Pass,0,0.8890048,1.4363151,0,0.7855713
2541,Pass,0,0.99688774,0.042140316,0,0.9937257
2542,Pass,0,0.92635214,0.63593,0,0.8787615
2543,Pass,0,0.8384815,0.21453556,0,0.8240876
2544,Pass,0,0.8836059,0.64868087,0,0.83729666
2545,Pass,0,0.8033692,0.5538538,0,0.7674494
2546,Pass,0,0.9949709,0.11777061,0,0.9857064
2547,Pass,0,0.994263,1.2825928,0,0.89099014
2548,Pass,0,0.9242581,0.44917777,0,0.8907869
2549,Pass,0,0.9055185,1.3770149,0,0.80452263
2550,Pass,0,0.98228896,0.67699164,0,0.92855036
2551,Pass,0,0.7240302,1.5038888,0,0.63581944
2552,Pass,0,0.941611,0.5691946,0,0.89833754
2553,Pass,0,0.99694425,0.101283066,0,0.9889957
2554,Pass,0,0.9998969,0.34028068,0,0.9725255
2555,Pass,0,0.9992447,0.36937755,0,0.96953094
2556,Pass,0,0.8398081,1.0283731,0,0.7699094
2557,Pass,0,0.99978596,0.5438781,0,0.95589364
2558,Pass,0,0.9992594,0.39811754,0,0.96721387
2559,Pass,0,0.93719095,0.9548149,0,0.86478305
2560,Pass,0,0.57022685,1.0934366,0,0.51975405
2561,Pass,0,0.9984106,0.6006292,0,0.94997907
2562,Pass,0,0.98341066,0.7204363,0,0.92614245
2563,Pass,0,0.999736,0.21809264,0,0.9822853
2564,Pass,0,0.86741495,0.535381,0,0.8299323
2565,Pass,0,0.99974114,0.16935098,0,0.9862461
2566,Pass,0,0.97753143,0.68582356,0,0.92335224
2567,Pass,0,0.99972624,0.12003404,0,0.9902337
2568,Pass,0,0.94747615,0.8892579,0,0.87931585
2569,Pass,0,0.97627807,0.6176898,0,0.9275681
2570,Pass,0,0.83647025,1.5651886,0,0.7303982
2571,Pass,0,0.8888016,1.5077244,0,0.78023946
2572,Pass,0,0.9976266,0.23261422,0,0.97903675
2573,Pass,0,0.631345,2.9821122,0,0.47866592
2574,Pass,0,0.35062307,0.97890586,0,0.32284805
2575,Pass,0,0.9988212,0.9190647,0,0.9245504
2576,Pass,0,0.92613864,0.09507121,0,0.9192216
2577,Pass,0,0.9994209,0.287338,0,0.9763578
2578,Pass,0,0.54772705,0.97864825,0,0.50434965
2579,Pass,0,0.99946386,0.49386415,0,0.9596435
2580,Pass,0,0.96909934,0.28960612,0,0.9465575
2581,Pass,0,0.9992919,0.26534885,0,0.97801554
2582,Pass,0,0.48357788,1.2833803,0,0.43331835
2583,Pass,0,0.9861006,0.5570031,0,0.94175845
2584,Pass,0,0.9914894,0.5331465,0,0.94882506
2585,Pass,0,0.96615344,0.42971477,0,0.93269145
2586,Pass,0,0.9605732,1.5011039,0,0.84376085
2587,Pass,0,0.9395596,0.4598863,0,0.9047174
2588,Pass,0,0.99903154,1.5034778,0,0.87734985
2589,Pass,0,0.78825134,2.2550032,0,0.64415383
2590,Pass,0,0.99490404,0.026725797,0,0.99299324
2591,Pass,0,0.9990478,0.13765326,0,0.98813283
2592,Pass,0,0.9993957,0.3414545,0,0.9719428
2593,Pass,0,0.9956831,0.57257277,0,0.94965154
2594,Pass,0,0.53873813,0.39162692,0,0.5217451
2595,Pass,0,0.99997723,0.27242732,0,0.9781117
2596,Pass,0,0.9988285,0.672483,0,0.9445506
2597,Pass,0,0.95842826,2.3555455,0,0.7753988
2598,Pass,0,0.5081875,1.7123876,0,0.43767217
2599,Pass,0,0.99346185,0.016797904,0,0.99235445
2600,Pass,0,0.9995254,0.31527752,0,0.974193
2601,Pass,0,0.99653864,0.8231754,0,0.9301947
2602,Pass,0,0.9949803,0.49584344,0,0.9551787
2603,Pass,0,0.94176817,0.40236995,0,0.9112413
2604,Pass,0,0.9572228,1.3296742,0,0.85413885
2605,Pass,0,0.99902904,0.19123325,0,0.983769
2606,Pass,0,0.9976792,0.5654194,0,0.95213467
2607,Pass,0,0.7107946,5.5950565,0,0.38813385
2608,Pass,0,0.87094194,0.40303814,0,0.8426636
2609,Pass,0,0.9488492,0.8007534,0,0.8874072
2610,Pass,0,0.60127294,0.867438,0,0.5590831
2611,Pass,0,0.72083616,1.8880179,0,0.610537
2612,Pass,0,0.9918047,0.011047009,0,0.9911622
2613,Pass,0,0.9997117,1.8919243,0,0.8464232
2614,Pass,0,0.996843,0.491591,0,0.957311
2615,Pass,0,0.9986732,0.46989626,0,0.96082747
2616,Pass,0,0.99651057,1.1630633,0,0.90267354
2617,Pass,0,0.8215035,2.7594166,0,0.6376892
2618,Pass,0,0.52542675,1.4325786,0,0.464454
2619,Pass,0,0.9993019,1.7191137,0,0.8600948
2620,Pass,0,0.9991973,0.52984333,0,0.95646924
2621,Pass,0,0.9997863,0.5674636,0,0.95397973
2622,Pass,0,0.9990288,0.98499465,0,0.91939574
2623,Pass,0,0.9732666,0.87986267,0,0.90399325
2624,Pass,0,0.94539064,1.6597254,0,0.8182513
2625,Pass,0,0.98589104,0.7899813,0,0.92291254
2626,Pass,0,0.9974841,0.066401035,0,0.9923557
2627,Pass,0,0.9978702,0.33246738,0,0.9711872
2628,Pass,0,0.8325215,0.48066938,0,0.80024415
2629,Pass,0,0.72050357,0.953323,0,0.6649243
2630,Pass,0,0.9616698,0.5009904,0,0.9227989
2631,Pass,0,0.7211258,0.76963943,0,0.67625123
2632,Pass,0,0.99602246,0.87522453,0,0.9255045
2633,Pass,0,0.9716082,0.41313055,0,0.9392653
2634,Pass,0,0.96411526,0.61510897,0,0.9162141
2635,Pass,0,0.82382,0.81283134,0,0.76966643
2636,Pass,0,0.9621376,0.99996126,0,0.8842762
2637,Pass,0,0.994105,0.5201764,0,0.95237476
2638,Pass,0,0.99693966,0.84118515,0,0.9291115
2639,Pass,0,0.8852352,0.37480104,0,0.85852194
2640,Pass,0,0.9900032,0.31809747,0,0.96468544
2641,Pass,0,0.99674964,0.70815736,0,0.93969816
2642,Pass,0,0.8927169,0.7291209,0,0.8401008
2643,Pass,0,0.98615766,0.44041392,0,0.9511463
2644,Pass,0,0.994728,0.36793363,0,0.9652652
2645,Pass,0,0.96036875,0.48615676,0,0.9227069
2646,Pass,0,0.99918777,0.07948562,0,0.9929893
2647,Pass,0,0.90249014,0.36938924,0,0.8756526
2648,Pass,0,0.57028776,1.0195556,0,0.5232299
2649,Pass,0,0.99980146,0.48167375,0,0.960957
2650,Pass,0,0.94509494,2.243353,0,0.7732192
2651,Pass,0,0.91938365,2.0250068,0,0.76847965
2652,Pass,0,0.99627554,0.48580378,0,0.9572341
2653,Pass,0,0.9997925,0.434087,0,0.9648106
2654,Pass,0,0.97992915,1.4625822,0,0.8638273
2655,Pass,0,0.99463564,0.020579806,0,0.9932216
2656,Pass,0,0.980011,0.27422735,0,0.9584388
2657,Pass,0,0.9997782,0.73262024,0,0.940568
2658,Pass,0,0.5720434,1.2886193,0,0.51234615
2659,Pass,0,0.8409572,0.5137895,0,0.8060918
2660,Pass,0,0.9302344,1.0653846,0,0.8500144
2661,Pass,0,0.9950138,0.029777333,0,0.99285626
2662,Pass,0,0.9968214,0.79703426,0,0.932574
2663,Pass,0,0.9961957,0.9883284,0,0.91651887
2664,Pass,0,0.999997,0.7117836,0,0.9424653
2665,Pass,0,0.9047797,0.75889266,0,0.84926593
2666,Pass,0,0.9999163,0.9643539,0,0.921888
2667,Pass,0,0.9993024,0.21924339,0,0.9817659
2668,Pass,0,0.99402255,1.4465097,0,0.87754786
2669,Pass,0,0.99999845,0.696387,0,0.94371647
2670,Pass,0,0.8787051,1.6866688,0,0.7586119
2671,Pass,0,0.99442333,0.820897,0,0.9284041
2672,Pass,0,0.98841584,0.51501966,0,0.94733816
2673,Pass,0,0.9775529,0.20639782,0,0.96141744
2674,Pass,0,0.97242117,0.04280577,0,0.96928424
2675,Pass,0,0.99658597,1.636248,0,0.86446106
2676,Pass,0,0.9551572,0.09691949,0,0.94788015
2677,Pass,0,0.9993482,0.45195684,0,0.96293217
2678,Pass,0,0.9729953,0.3878592,0,0.9426023
2679,Pass,0,0.99999857,0.7571833,0,0.9387813
2680,Pass,0,0.98618096,0.6392153,0,0.9352536
2681,Pass,0,0.7014121,1.3031334,0,0.62738776
2682,Pass,0,0.99988604,1.1454273,0,0.9071626
2683,Pass,0,0.98663414,0.46319756,0,0.9497811
2684,Pass,0,0.58738655,4.468875,0,0.37444532
2685,Pass,0,0.96487504,0.6057006,0,0.91767305
2686,Pass,0,0.9376431,1.8597881,0,0.7963178
2687,Pass,0,0.9909044,2.5207117,0,0.78838724
2688,Pass,0,0.9961875,0.05214114,0,0.992219
2689,Pass,0,0.84661937,0.44169098,0,0.81647426
2690,Pass,0,0.8636521,1.8487164,0,0.73425525
2691,Pass,0,0.9654444,0.31990793,0,0.94061273
2692,Pass,0,0.90789616,0.44819677,0,0.87508976
2693,Pass,0,0.99691844,0.028671706,0,0.9948462
2694,Pass,0,0.958991,0.6079533,0,0.9119015
2695,Pass,0,0.56316596,1.1329685,0,0.5115109
2696,Pass,0,0.96653706,0.8141865,0,0.9028957
2697,Pass,0,0.97804207,1.124031,0,0.8890431
2698,Pass,0,0.8748062,1.7426087,0,0.75127333
2699,Pass,0,0.8498563,1.7768275,0,0.72748595
2700,Pass,0,0.9933826,0.6927943,0,0.9377627
2701,Pass,0,0.98466706,0.63989437,0,0.9337637
2702,Pass,0,0.97312886,0.87243944,0,0.9044517
2703,Pass,0,0.988378,1.7363445,0,0.8493101
2704,Pass,0,0.96874654,0.047486357,0,0.96525335
2705,Pass,0,0.51916075,0.1870332,0,0.5114076
2706,Pass,0,0.9853307,0.036929846,0,0.9826221
2707,Pass,0,0.9999325,0.19393027,0,0.98443973
2708,Pass,0,0.9894832,0.34341827,0,0.96214485
2709,Pass,0,0.9330765,1.803697,0,0.7966881
2710,Pass,0,0.9484289,0.45367858,0,0.9137358
2711,Pass,0,0.99973446,1.1332505,0,0.90801334
2712,Pass,0,0.97694653,0.8654986,0,0.90855044
2713,Pass,0,0.5960134,0.7961333,0,0.5576426
2714,Pass,0,0.9966929,0.15940142,0,0.98404396
2715,Pass,0,0.76859707,1.0836788,0,0.7011747
2716,Pass,0,0.97147185,0.8912489,0,0.90142834
2717,Pass,0,0.999451,0.1991554,0,0.9835417
2718,Pass,0,0.96628,0.68512,0,0.91277957
2719,Pass,0,0.9831282,0.03711251,0,0.98041105
2720,Pass,0,0.83249754,0.89208823,0,0.77241737
2721,Pass,0,0.6355089,1.4216577,0,0.5623252
2722,Pass,0,0.95418113,0.043957938,0,0.9510138
2723,Pass,0,0.60482794,0.88368684,0,0.5615909
2724,Pass,0,0.89286476,0.48769534,0,0.8577386
2725,Pass,0,0.9928335,0.028778419,0,0.9907612
2726,Pass,0,0.9962321,0.57750964,0,0.94977593
2727,Pass,0,0.9332411,0.4662029,0,0.8981548
2728,Pass,0,0.9965862,0.87330765,0,0.92618334
2729,Pass,0,0.99905163,0.6560929,0,0.9460908
2730,Pass,0,0.49542645,2.631142,0,0.38973188
2731,Pass,0,0.9233677,0.7565895,0,0.86688614
2732,Pass,0,0.72775894,1.3467937,0,0.64837474
2733,Pass,0,0.9995346,0.493928,0,0.95970625
2734,Pass,0,0.9940268,0.114859864,0,0.98500586
2735,Pass,0,0.8779098,0.87724847,0,0.8156099
2736,Pass,0,0.9978522,1.8026937,0,0.85207677
2737,Pass,0,0.9978598,0.9315002,0,0.92265314
2738,Pass,0,0.99816006,0.45412204,0,0.96161187
2739,Pass,0,0.97599036,0.62805676,0,0.9264734
2740,Pass,0,0.6529193,1.0433803,0,0.5977802
2741,Pass,0,0.9989999,1.8010583,0,0.8531894
2742,Pass,0,0.8658696,1.052055,0,0.79213715
2743,Pass,0,0.6834859,1.9821309,0,0.57368016
2744,Pass,0,0.96744496,0.6073317,0,0.91998917
2745,Pass,0,0.5491586,0.88248307,0,0.50995475
2746,Pass,0,0.99164844,0.023241509,0,0.9900243
2747,Pass,0,0.99998415,0.1626971,0,0.9870259
2748,Pass,0,0.95485616,1.3852962,0,0.8477156
2749,Pass,0,0.9858498,1.2379729,0,0.8870217
2750,Pass,0,0.6468439,0.8066883,0,0.60464644
2751,Pass,0,0.6211168,1.0881588,0,0.5664057
2752,Pass,0,0.99981207,0.5609479,0,0.95453316
2753,Pass,0,0.93998885,0.6704204,0,0.8890658
2754,Pass,0,0.9274421,0.72192776,0,0.8733209
2755,Pass,0,0.9325924,0.5531238,0,0.89095
2756,Pass,0,0.886595,0.47903168,0,0.8523391
2757,Pass,0,0.996752,0.06297804,0,0.9919044
2758,Pass,0,0.8460534,0.7265182,0,0.7963664
2759,Pass,0,0.9981468,0.4584784,0,0.9612461
2760,Pass,0,0.6657483,0.75491714,0,0.62511545
2761,Pass,0,0.9950866,0.58672667,0,0.94793934
2762,Pass,0,0.9521903,2.6238694,0,0.7496116
2763,Pass,0,0.99967945,0.544393,0,0.95575
2764,Pass,0,0.99344784,0.5619269,0,0.9483782
2765,Pass,0,0.9996921,0.35016093,0,0.97152454
2766,Pass,0,0.97473425,1.198459,0,0.88014704
2767,Pass,0,0.97972393,1.3828329,0,0.86998904
2768,Pass,0,0.9997346,1.0520734,0,0.91460145
2769,Pass,0,0.9162906,1.0169227,0,0.8408777
2770,Pass,0,0.36521757,0.9755741,0,0.3363852
2771,Pass,0,0.55366945,0.8240256,0,0.516771
2772,Pass,0,0.98083514,0.3270621,0,0.9550381
2773,Pass,0,0.9568113,1.2951144,0,0.8564559
2774,Pass,0,0.99955183,0.6050601,0,0.95070535
2775,Pass,0,0.9923071,0.9685582,0,0.9145339
2776,Pass,0,0.94649935,1.0131904,0,0.86888707
2777,Pass,0,0.9966389,0.64586055,0,0.94463384
2778,Pass,0,0.93812275,0.8051154,0,0.8770432
2779,Pass,0,0.98893994,0.48004004,0,0.95064867
2780,Pass,0,0.7002614,3.1235135,0,0.5228781
2781,Pass,0,0.9538498,0.6777978,0,0.9016046
2782,Pass,0,0.93304425,0.58512354,0,0.888958
2783,Pass,0,0.93626684,0.8121649,0,0.8747723
2784,Pass,0,0.99852836,0.5243201,0,0.9562766
2785,Pass,0,0.99645543,1.0120686,0,0.91483754
2786,Pass,0,0.9545854,0.044827126,0,0.9513493
2787,Pass,0,0.9996376,0.7042871,0,0.9427349
2788,Pass,0,0.9613385,0.027666217,0,0.9594188
2789,Pass,0,0.9911122,0.034172237,0,0.98860955
2790,Pass,0,0.99861526,0.67121726,0,0.9444516
2791,Pass,0,0.94216114,0.86586475,0,0.87617236
2792,Pass,0,0.97893035,0.6021596,0,0.93132216
2793,Pass,0,0.9148375,2.1721594,0,0.7537515
2794,Pass,0,0.8944806,1.7584703,0,0.7670178
2795,Pass,0,0.9993862,0.6421002,0,0.94754285
2796,Pass,0,0.923852,0.5176509,0,0.8852603
2797,Pass,0,0.9742811,2.156783,0,0.8039443
2798,Pass,0,0.9999815,0.57503784,0,0.9535512
2799,Pass,0,0.9696166,0.9706868,0,0.8934542
2800,Pass,0,0.9958235,0.45550233,0,0.9592493
2801,Pass,0,0.9840665,1.1575701,0,0.89184004
2802,Pass,0,0.97761554,2.1650212,0,0.806042
2803,Pass,0,0.95449585,0.12007837,0,0.9454294
2804,Pass,0,0.9887369,0.8671536,0,0.9193826
2805,Pass,0,0.9942167,1.1024984,0,0.9054837
2806,Pass,0,0.99733114,0.6228677,0,0.94715154
2807,Pass,0,0.99589807,1.036398,0,0.9123589
2808,Pass,0,0.91687745,0.6397828,0,0.8694868
2809,Pass,0,0.99766445,0.5432511,0,0.953916
2810,Pass,0,0.57297957,1.9834855,0,0.4808643
2811,Pass,0,0.9963062,0.49992287,0,0.9561216
2812,Pass,0,0.75483435,0.6819458,0,0.7132356
2813,Pass,0,0.5501453,0.9650138,0,0.50718534
2814,Pass,0,0.8924177,2.320924,0,0.7245023
2815,Pass,0,0.9700542,0.04751155,0,0.96655434
2816,Pass,0,0.988781,0.04450515,0,0.9854548
2817,Pass,0,0.9999465,0.16205776,0,0.9870407
2818,Pass,0,0.8787094,0.32104403,0,0.8560276
2819,Pass,0,0.99948883,0.60728705,0,0.9504648
2820,Pass,0,0.8579336,0.51187164,0,0.8224979
2821,Pass,0,0.99934965,0.8616132,0,0.9297003
2822,Pass,0,0.99434114,0.038547248,0,0.9914772
2823,Pass,0,0.9202392,1.3186343,0,0.8219628
2824,Pass,0,0.99678576,0.56525046,0,0.9512958
2825,Pass,0,0.8829631,0.03806467,0,0.8804546
2826,Pass,0,0.9998229,0.377877,0,0.9694021
2827,Pass,0,0.95695925,0.068919234,0,0.95184356
2828,Pass,0,0.9985623,1.2236322,0,0.89962226
2829,Pass,0,0.94934964,0.4460338,0,0.915212
2830,Pass,0,0.9989189,0.51452327,0,0.95744497
2831,Pass,0,0.9981413,0.7210001,0,0.93996954
2832,Pass,0,0.937351,0.95451236,0,0.86495376
2833,Pass,0,0.9995704,0.44976518,0,0.9633241
2834,Pass,0,0.77337855,0.8144213,0,0.72244096
2835,Pass,0,0.99699724,1.30615,0,0.89153385
2836,Pass,0,0.60175025,1.3184533,0,0.5374955
2837,Pass,0,0.9999924,0.14168824,0,0.9887395
2838,Pass,0,0.99088645,1.0049958,0,0.9102936
2839,Pass,0,0.99354434,0.44343096,0,0.9580274
2840,Pass,0,0.9347276,0.48507136,0,0.89815366
2841,Pass,0,0.99825495,0.47727314,0,0.95982724
2842,Pass,0,0.9998178,0.35785866,0,0.9710219
2843,Pass,0,0.9991314,0.70811963,0,0.9419466
2844,Pass,0,0.9999697,0.2843718,0,0.97713476
2845,Pass,0,0.99202275,0.83624387,0,0.92492706
2846,Pass,0,0.99106276,0.42102394,0,0.9574372
2847,Pass,0,0.97337395,1.7280662,0,0.83707124
2848,Pass,0,0.9807993,0.52073014,0,0.93958354
2849,Pass,0,0.9984732,1.0123916,0,0.9166639
2850,Pass,0,0.88262236,0.7797866,0,0.8269711
2851,Pass,0,0.64760077,0.52435935,0,0.62019604
2852,Pass,0,0.8488306,0.70576143,0,0.80041075
2853,Pass,0,0.5905907,0.6635843,0,0.5589237
2854,Pass,0,0.7901092,0.47657043,0,0.7597391
2855,Pass,0,0.98668957,1.7406056,0,0.84751797
2856,Pass,0,0.9929315,0.5017619,0,0.9527348
2857,Pass,0,0.9655027,0.44146705,0,0.9311421
2858,Pass,0,0.9226429,0.78051704,0,0.8644135
2859,Pass,0,0.9854756,0.576382,0,0.93961126
2860,Pass,0,0.9806656,2.102158,0,0.81356126
2861,Pass,0,0.9933575,0.6886644,0,0.938072
2862,Pass,0,0.83408386,0.53742814,0,0.7979029
2863,Pass,0,0.5001327,0.9851736,0,0.46025962
2864,Pass,0,0.99938023,0.46172976,0,0.9621702
2865,Pass,0,0.99866664,0.5833814,0,0.95162094
2866,Pass,0,0.54654294,0.7089898,0,0.51522326
2867,Pass,0,0.9473015,0.025199477,0,0.9455995
2868,Pass,0,0.99546164,0.06493227,0,0.9904623
2869,Pass,0,0.97240484,1.0841163,0,0.8870696
2870,Pass,0,0.97560084,0.96046793,0,0.89977765
2871,Pass,0,0.84231097,1.2158552,0,0.7593845
2872,Pass,0,0.9941512,0.8333095,0,0.9271483
2873,Pass,0,0.9988789,0.49963793,0,0.95861363
2874,Pass,0,0.9999566,0.6758023,0,0.94534796
2875,Pass,0,0.86261666,1.387166,0,0.765695
2876,Pass,0,0.9949013,0.4288124,0,0.9605165
2877,Pass,0,0.94132537,1.5125487,0,0.8259792
2878,Pass,0,0.995769,0.050309733,0,0.99195015
2879,Pass,0,0.89391994,1.1914986,0,0.80767995
2880,Pass,0,0.9933041,0.027194493,0,0.9913585
2881,Pass,0,0.72693163,1.1518964,0,0.6591386
2882,Pass,0,0.99916375,0.73653495,0,0.9396724
2883,Pass,0,0.9579107,0.33183414,0,0.9323455
2884,Pass,0,0.97588354,0.53740925,0,0.933553
2885,Pass,0,0.9529788,0.11770272,0,0.94411045
2886,Pass,0,0.9971827,1.4000685,0,0.8840971
2887,Pass,0,0.9998596,0.040744126,0,0.99680144
2888,Pass,0,0.9709839,0.57110286,0,0.92621017
2889,Pass,0,0.9956691,0.4662697,0,0.9582303
2890,Pass,0,0.9987606,0.58224213,0,0.95180285
2891,Pass,0,0.9978751,1.6628247,0,0.8634264
2892,Pass,0,0.9855526,0.67043877,0,0.93215966
2893,Pass,0,0.9967824,0.30810276,0,0.9721
2894,Pass,0,0.9512565,0.75786716,0,0.8929704
2895,Pass,0,0.99970466,0.3784519,0,0.9692408
2896,Pass,0,0.89918417,2.0997262,0,0.7461416
2897,Pass,0,0.99334335,0.2437423,0,0.97393596
2898,Pass,0,0.91371655,0.6524323,0,0.865551
2899,Pass,0,0.9972446,0.27915138,0,0.97489446
2900,Pass,0,0.9631861,1.2119138,0,0.8686675
2901,Pass,0,0.7889069,0.96799403,0,0.72711146
2902,Pass,0,0.9208198,0.035353083,0,0.9184064
2903,Pass,0,0.9994795,0.6525123,0,0.9467865
2904,Pass,0,0.99997413,0.47748497,0,0.96146303
2905,Pass,0,0.85491925,0.6876863,0,0.8074065
2906,Pass,0,0.8244325,0.55675226,0,0.7873768
2907,Pass,0,0.725459,1.754803,0,0.6222976
2908,Pass,0,0.9858482,1.3979493,0,0.87421757
2909,Pass,0,0.9909945,0.719512,0,0.933359
2910,Pass,0,0.994193,1.3696766,0,0.8838993
2911,Pass,0,0.48015195,0.80142385,0,0.44903395
2912,Pass,0,0.98383015,0.030232927,0,0.9816605
2913,Pass,0,0.97754204,0.62910634,0,0.927863
2914,Pass,0,0.46989116,1.3485914,0,0.41856667
2915,Pass,0,0.9728372,1.6727636,0,0.84097713
2916,Pass,0,0.9419801,0.5230033,0,0.9022218
2917,Pass,0,0.9697412,1.7075322,0,0.8355637
2918,Pass,0,0.9999304,0.6752361,0,0.9453691
2919,Pass,0,0.6822302,0.8375865,0,0.636013
2920,Pass,0,0.65587574,0.42941433,0,0.63317597
2921,Pass,0,0.5227425,0.77797854,0,0.48985916
2922,Pass,0,0.99790275,0.46484497,0,0.96049535
2923,Pass,0,0.9497211,0.23925176,0,0.9315122
2924,Pass,0,0.9749254,0.3215456,0,0.9497203
2925,Pass,0,0.79375553,1.1548531,0,0.71954006
2926,Pass,0,0.8015837,0.43640295,0,0.77338624
2927,Pass,0,0.9886846,1.7860827,0,0.8455816
2928,Pass,0,0.9967623,0.041262407,0,0.99367166
2929,Pass,0,0.9970282,0.9819921,0,0.9177976
2930,Pass,0,0.72326267,1.1764638,0,0.6543694
2931,Pass,0,0.8262968,0.83235216,0,0.77067107
2932,Pass,0,0.7804671,0.87801504,0,0.7250335
2933,Pass,0,0.9608682,1.4923204,0,0.8447051
2934,Pass,0,0.921376,0.8068055,0,0.86126035
2935,Pass,0,0.99844104,0.6975649,0,0.9421513
2936,Pass,0,0.9988519,0.67729264,0,0.94418275
2937,Pass,0,0.99491173,1.1524506,0,0.9020824
2938,Pass,0,0.90291154,0.9055589,0,0.83676237
2939,Pass,0,0.91727245,3.0448494,0,0.69077563
2940,Pass,0,0.98652357,1.2440698,0,0.8871397
2941,Pass,0,0.9855182,0.66825867,0,0.9323016
2942,Pass,0,0.99951446,0.38546112,0,0.9684877
2943,Pass,0,0.9872864,0.08607032,0,0.980634
2944,Pass,0,0.914675,2.772942,0,0.70900893
2945,Pass,0,0.56757414,0.54700714,0,0.5425125
2946,Pass,0,0.95706195,0.21326044,0,0.9407316
2947,Pass,0,0.9902891,0.28357592,0,0.96773916
2948,Pass,0,0.99066097,0.6186903,0,0.9411529
2949,Pass,0,0.97460437,0.30502886,0,0.95071435
2950,Pass,0,0.9974088,0.043154687,0,0.994163
2951,Pass,0,0.98920804,1.1428509,0,0.8976817
2952,Pass,0,0.8052304,2.3068855,0,0.6546376
2953,Pass,0,0.7033272,0.7237298,0,0.6621814
2954,Pass,0,0.94236445,1.4365878,0,0.8327018
2955,Pass,0,0.99949145,0.757005,0,0.93831974
2956,Pass,0,0.9870307,3.2927237,0,0.723448
2957,Pass,0,0.97388035,0.5575577,0,0.9300438
2958,Pass,0,0.9269222,0.4936352,0,0.8900093
2959,Pass,0,0.9988385,1.5805249,0,0.87093306
2960,Pass,0,0.99738115,0.68687135,0,0.94201696
2961,Pass,0,0.9521497,0.9777268,0,0.8768152
2962,Pass,0,0.9999105,0.35634777,0,0.97123456
2963,Pass,0,0.99466646,0.6675881,0,0.94100994
2964,Pass,0,0.7367482,0.773779,0,0.6906539
2965,Pass,0,0.99106044,0.020432107,0,0.9896633
2966,Pass,0,0.92945796,0.3693252,0,0.90182334
2967,Pass,0,0.99995434,1.4216411,0,0.8848033
2968,Pass,0,0.99729985,0.21342735,0,0.98026943
2969,Pass,0,0.8926598,0.692964,0,0.8426671
2970,Pass,0,0.52038044,3.2325633,0,0.38395622
2971,Pass,0,0.9975426,0.83952755,0,0.92980766
2972,Pass,0,0.9944031,0.4235834,0,0.9604576
2973,Pass,0,0.976447,0.8959583,0,0.9056715
2974,Pass,0,0.9974776,0.03004417,0,0.99529314
2975,Pass,0,0.9604244,0.34583378,0,0.9337006
2976,Pass,0,0.70040405,0.8195514,0,0.65398115
2977,Pass,0,0.99897146,0.3859786,0,0.9679196
2978,Pass,0,0.99612457,0.8016929,0,0.9315453
2979,Pass,0,0.77930707,0.54493034,0,0.74502754
2980,Pass,0,0.99464226,0.44526055,0,0.9589384
2981,Pass,0,0.99682355,0.9345163,0,0.921451
2982,Pass,0,0.9968093,0.06283186,0,0.9919732
2983,Pass,0,0.9937284,0.6570099,0,0.94097584
2984,Pass,0,0.99069184,0.061313298,0,0.9860075
2985,Pass,0,0.9697397,1.2655786,0,0.8703534
2986,Pass,0,0.9720116,1.0386565,0,0.89029795
2987,Pass,0,0.97228086,1.0868208,0,0.886743
2988,Pass,0,0.97063553,1.17055,0,0.8786451
2989,Pass,0,0.57667106,1.166766,0,0.52219516
2990,Pass,0,0.8042394,1.3923913,0,0.7135358
2991,Pass,0,0.9673817,0.754778,0,0.9083501
2992,Pass,0,0.81082326,0.537905,0,0.77561986
2993,Pass,0,0.9959967,0.5766767,0,0.9496189
2994,Pass,0,0.82093585,0.4394334,0,0.7918557
2995,Pass,0,0.7842789,3.0559812,0,0.5899127
2996,Pass,0,0.99206614,1.4870908,0,0.8725525
2997,Pass,0,0.9935842,0.05746204,0,0.98919684
2998,Pass,0,0.6934814,2.4014127,0,0.5584663
2999,Pass,0,0.9976673,0.42488933,0,0.9635047
3000,Pass,0,0.9224279,3.0307171,0,0.69571626
3001,Pass,0,0.8386568,0.7843333,0,0.7854681
3002,Pass,0,0.97180206,0.5864415,0,0.92578053
3003,Pass,0,0.9887588,0.022063714,0,0.987234
3004,Pass,0,0.9995832,1.1086593,0,0.9098714
3005,Pass,0,0.7578424,2.54842,0,0.6012529
3006,Pass,0,0.9657827,0.69910073,0,0.9112137
3007,Pass,0,0.9977576,0.8165526,0,0.9318689
3008,Pass,0,0.9674979,0.6189264,0,0.9191288
3009,Pass,0,0.9921933,0.17282827,0,0.97852004
3010,Pass,0,0.9924017,0.6947586,0,0.9366785
3011,Pass,0,0.986573,1.1072181,0,0.8981442
3012,Pass,0,0.89081067,1.2009194,0,0.80418944
3013,Pass,0,0.99815863,0.8364176,0,0.93063384
3014,Pass,0,0.9851549,0.055347893,0,0.98097384
3015,Pass,0,0.99195975,0.39180928,0,0.96065634
3016,Pass,0,0.96720916,3.1357124,0,0.72124755
3017,Pass,0,0.9966247,1.5064307,0,0.8749973
3018,Pass,0,0.9981225,0.25866804,0,0.9774124
3019,Pass,0,0.96696943,0.022146542,0,0.9654717
3020,Pass,0,0.9053154,1.70444,0,0.78027934
3021,Pass,0,0.9815694,0.74430144,0,0.9225068
3022,Pass,0,0.9996294,1.1036686,0,0.9103184
3023,Pass,0,0.9164203,0.32521302,0,0.8924549
3024,Pass,0,0.9969007,1.1409327,0,0.9048178
3025,Pass,0,0.9969002,0.20281217,0,0.9807356
3026,Pass,0,0.9851857,0.059585765,0,0.98066556
3027,Pass,0,0.9956344,0.03411802,0,0.9931247
3028,Pass,0,0.99959177,0.51537484,0,0.95802087
3029,Pass,0,0.9442909,0.4037558,0,0.91357595
3030,Pass,0,0.48946702,1.9465424,0,0.41224554
3031,Pass,0,0.99869823,1.1114743,0,0.9088376
3032,Pass,0,0.99998665,0.5455377,0,0.9559508
3033,Pass,0,0.72709066,2.5520809,0,0.5766392
3034,Pass,0,0.9817753,0.83930296,0,0.9151288
3035,Pass,0,0.99494135,0.71498823,0,0.9374417
3036,Pass,0,0.99820185,0.33569193,0,0.97124875
3037,Pass,0,0.9999893,1.2095577,0,0.90205044
3038,Pass,0,0.9365473,1.2786144,0,0.8395718
3039,Pass,0,0.9415894,0.09368733,0,0.93466276
3040,Pass,0,0.9991812,0.17891453,0,0.984918
3041,Pass,0,0.9939085,0.45687678,0,0.95729375
3042,Pass,0,0.9873828,0.1035724,0,0.97932696
3043,Pass,0,0.9926426,1.987455,0,0.83274007
3044,Pass,0,0.9954482,0.31264266,0,0.9704319
3045,Pass,0,0.997118,0.45019412,0,0.9609259
3046,Pass,0,0.9918725,0.3569188,0,0.9633811
3047,Pass,0,0.9997167,0.49546096,0,0.9597567
3048,Pass,0,0.9911069,0.83210725,0,0.924406
3049,Pass,0,0.8011816,0.65654594,0,0.75868064
3050,Pass,0,0.99754816,0.067135826,0,0.99235994
3051,Pass,0,0.99573094,0.35949814,0,0.9669202
3052,Pass,0,0.9999596,0.14850408,0,0.9881538
3053,Pass,0,0.999879,1.435699,0,0.8835956
3054,Pass,0,0.99941754,0.37464303,0,0.9692715
3055,Pass,0,0.97327006,1.538017,0,0.85199726
3056,Pass,0,0.96804976,0.67177695,0,0.9154999
3057,Pass,0,0.99982053,0.5090518,0,0.9587533
3058,Pass,0,0.9950185,0.82776856,0,0.92840475
3059,Pass,0,0.9964886,1.1542525,0,0.9033663
3060,Pass,0,0.7703815,2.423294,0,0.6190262
3061,Pass,0,0.9614779,0.15802872,0,0.949383
3062,Pass,0,0.63240415,1.0514848,0,0.5785815
3063,Pass,0,0.976097,0.84904003,0,0.9090645
3064,Pass,0,0.9856858,0.44739532,0,0.9501326
3065,Pass,0,0.59778273,0.85740536,0,0.55632466
3066,Pass,0,0.9582566,0.48588192,0,0.92069894
3067,Pass,0,0.99504626,0.8216003,0,0.92892885
3068,Pass,0,0.93634,1.0171406,0,0.8592605
3069,Pass,0,0.9204646,0.33849967,0,0.8954007
3070,Pass,0,0.98858136,0.037498947,0,0.9858181
3071,Pass,0,0.99998903,0.50668275,0,0.9591072
3072,Pass,0,0.99280083,0.7244263,0,0.93466425
3073,Pass,0,0.9948089,5.63602,0,0.53991354
3074,Pass,0,0.99984634,0.96339494,0,0.9219013
3075,Pass,0,0.9930409,1.4103411,0,0.8795969
3076,Pass,0,0.9997701,0.75366354,0,0.93885255
3077,Pass,0,0.9428252,0.56561965,0,0.89976954
3078,Pass,0,0.75827503,0.2546473,0,0.74278903
3079,Pass,0,0.9999633,0.42326277,0,0.96585405
3080,Pass,0,0.99898404,0.7345586,0,0.93966365
3081,Pass,0,0.99983835,0.59615767,0,0.9517005
3082,Pass,0,0.98940456,0.99864054,0,0.90944266
3083,Pass,0,0.96796733,0.8326055,0,0.9027845
3084,Pass,0,0.88151604,0.36124024,0,0.8558854
3085,Pass,0,0.7554657,0.6304138,0,0.71699244
3086,Pass,0,0.9582012,0.6802421,0,0.9055276
3087,Pass,0,0.9981799,0.72293144,0,0.93984944
3088,Pass,0,0.9624429,1.0821123,0,0.8781384
3089,Pass,0,0.99401206,0.8356792,0,0.9268274
3090,Pass,0,0.98098296,0.97371244,0,0.9036868
3091,Pass,0,0.9722968,0.4422823,0,0.9376301
3092,Pass,0,0.98061705,0.037362054,0,0.977887
3093,Pass,0,0.9733782,1.6947988,0,0.83970356
3094,Pass,0,0.9668843,0.99810654,0,0.8887844
3095,Pass,0,0.70032173,1.050004,0,0.640803
3096,Pass,0,0.9998628,1.1446372,0,0.90720564
3097,Pass,0,0.9566374,0.016653523,0,0.9555822
3098,Pass,0,0.6580789,0.4769304,0,0.6327645
3099,Pass,0,0.9949346,0.009996557,0,0.99437493
3100,Pass,0,0.50643086,1.5331793,0,0.44352672
3101,Pass,0,0.9962016,0.8261783,0,0.9296372
3102,Pass,0,0.65024465,0.8700282,0,0.6044819
3103,Pass,0,0.9951107,0.06582818,0,0.9900408
3104,Pass,0,0.996666,1.2071747,0,0.8992454
3105,Pass,0,0.99984777,0.63568556,0,0.94850117
3106,Pass,0,0.9237564,1.1558867,0,0.83730847
3107,Pass,0,0.9981129,0.5225032,0,0.9560259
3108,Pass,0,0.7719828,0.71720725,0,0.7272293
3109,Pass,0,0.7994923,0.66486347,0,0.75654113
3110,Pass,0,0.60348904,0.4267859,0,0.5827311
3111,Pass,0,0.9949292,0.28203574,0,0.97239804
3112,Pass,0,0.9446668,0.8056484,0,0.8831203
3113,Pass,0,0.9990109,0.8359636,0,0.93146527
3114,Pass,0,0.6573396,1.0940695,0,0.5991224
3115,Pass,0,0.9019649,1.4928246,0,0.7928859
3116,Pass,0,0.99999213,0.834062,0,0.9325345
3117,Pass,0,0.8846737,0.83566344,0,0.82488024
3118,Pass,0,0.9809872,0.53242266,0,0.9388324
3119,Pass,0,0.99954945,1.362613,0,0.8892346
3120,Pass,0,0.9892147,0.5945553,0,0.94171697
3121,Pass,0,0.9421714,1.2143266,0,0.84953046
3122,Pass,0,0.986797,1.2074504,0,0.890319
3123,Pass,0,0.9878006,0.56106544,0,0.9430562
3124,Pass,0,0.9610443,0.022401355,0,0.9595359
3125,Pass,0,0.99972135,0.1701418,0,0.98616236
3126,Pass,0,0.9984231,0.060856976,0,0.9937392
3127,Pass,0,0.98813254,0.59670526,0,0.9405143
3128,Pass,0,0.9973374,1.0487335,0,0.9126788
3129,Pass,0,0.39405182,2.1935122,0,0.32398352
3130,Pass,0,0.8894381,1.0289383,0,0.81536776
3131,Pass,0,0.96307695,1.210344,0,0.8686918
3132,Pass,0,0.5911937,2.4082427,0,0.47576538
3133,Pass,0,0.8663092,0.6575405,0,0.8202835
3134,Pass,0,0.99932206,0.55011636,0,0.954944
3135,Pass,0,0.9836426,0.459572,0,0.94719076
3136,Pass,0,0.41684946,2.08303,0,0.346466
3137,Pass,0,0.99889684,0.78169274,0,0.93575966
3138,Pass,0,0.80232847,0.58444834,0,0.7644625
3139,Pass,0,0.7263158,0.73254484,0,0.6833054
3140,Pass,0,0.9982905,0.2652497,0,0.97704345
3141,Pass,0,0.9932829,0.49976483,0,0.953233
3142,Pass,0,0.9999064,0.5546048,0,0.9551381
3143,Pass,0,0.9901844,0.010777332,0,0.9895646
3144,Pass,0,0.99987996,1.0114291,0,0.9180334
3145,Pass,0,0.5503242,1.0828583,0,0.5020857
3146,Pass,0,0.5478961,0.93193364,0,0.50658303
3147,Pass,0,0.9635983,0.90603596,0,0.8929658
3148,Pass,0,0.98438317,0.014246519,0,0.9834898
3149,Pass,0,0.91370046,0.473177,0,0.87883145
3150,Pass,0,0.96229625,0.5779768,0,0.9173861
3151,Pass,0,0.69097155,4.1764274,0,0.45688215
3152,Pass,0,0.9796555,0.0960175,0,0.97226346
3153,Pass,0,0.9747864,0.5526017,0,0.9313013
3154,Pass,0,0.99250317,0.70096886,0,0.93627393
3155,Pass,0,0.9844765,0.4535146,0,0.94847786
3156,Pass,0,0.99696475,0.17853826,0,0.9827636
3157,Pass,0,0.38764465,1.4490613,0,0.34214205
3158,Pass,0,0.9270015,1.086403,0,0.8454786
3159,Pass,0,0.9888132,0.45254833,0,0.9527336
3160,Pass,0,0.48002893,0.49945265,0,0.460686
3161,Pass,0,0.99981946,0.44533786,0,0.96392345
3162,Pass,0,0.9998535,0.32462382,0,0.9737541
3163,Pass,0,0.9966271,0.39690268,0,0.9647643
3164,Pass,0,0.9781935,0.59326774,0,0.9313272
3165,Pass,0,0.9940187,0.47848266,0,0.9556564
3166,Pass,0,0.82831705,2.8093662,0,0.6396195
3167,Pass,0,0.7402131,1.0985674,0,0.67438596
3168,Pass,0,0.9645725,0.8584251,0,0.8975966
3169,Pass,0,0.986186,0.38041213,0,0.9559772
3170,Pass,0,0.9478773,1.0244166,0,0.86928815
3171,Pass,0,0.9240038,1.810229,0,0.78845155
3172,Pass,0,0.8144197,3.2882712,0,0.59722644
3173,Pass,0,0.95066285,0.56102294,0,0.907604
3174,Pass,0,0.9996878,0.45838723,0,0.96273756
3175,Pass,0,0.98987365,0.015675928,0,0.9888604
3176,Pass,0,0.8926937,2.1088939,0,0.7400915
3177,Pass,0,0.99782205,0.5108101,0,0.9566945
3178,Pass,0,0.9970945,0.4437793,0,0.9614225
3179,Pass,0,0.99992216,0.48750776,0,0.9605995
3180,Pass,0,0.9991725,0.6016193,0,0.95062375
3181,Pass,0,0.9938704,2.1935575,0,0.81714183
3182,Pass,0,0.99616313,0.3230513,0,0.9702872
3183,Pass,0,0.95646495,2.6107414,0,0.75399613
3184,Pass,0,0.99966586,0.6253013,0,0.94917125
3185,Pass,0,0.90837985,1.339261,0,0.8098489
3186,Pass,0,0.8538427,0.8947346,0,0.7920386
3187,Pass,0,0.9952093,0.28492498,0,0.97243834
3188,Pass,0,0.9992331,0.38700256,0,0.96809006
3189,Pass,0,0.8519253,1.2669106,0,0.7645215
3190,Pass,0,0.97889954,0.619446,0,0.9299192
3191,Pass,0,0.99604,0.744138,0,0.9361199
3192,Pass,0,0.99654096,0.3546272,0,0.96810085
3193,Pass,0,0.55134207,0.77617604,0,0.5167403
3194,Pass,0,0.9958729,0.4271124,0,0.96159196
3195,Pass,0,0.9998771,0.37459606,0,0.96972096
3196,Pass,0,0.8873721,0.03473311,0,0.88509095
3197,Pass,0,0.9999368,0.3926528,0,0.9683132
3198,Pass,0,0.99849176,0.4303964,0,0.96385455
3199,Pass,0,0.99926597,0.8008547,0,0.93455106
3200,Pass,0,0.99614453,0.720673,0,0.9381156
3201,Pass,0,0.9956535,0.44276956,0,0.96011466
3202,Pass,0,0.96331716,1.3738581,0,0.8561217
3203,Pass,0,0.97125375,0.00994301,0,0.9707116
3204,Pass,0,0.8409245,0.6039588,0,0.79990506
3205,Pass,0,0.9294496,0.58659196,0,0.8854224
3206,Pass,0,0.7635412,0.7171969,0,0.71927774
3207,Pass,0,0.85467327,1.7060905,0,0.7365171
3208,Pass,0,0.9988128,0.28850815,0,0.9756689
3209,Pass,0,0.990395,0.5045052,0,0.9500804
3210,Pass,0,0.9867338,1.0099561,0,0.9060813
3211,Pass,0,0.98516,0.027027978,0,0.9832437
3212,Pass,0,0.99992347,2.055276,0,0.833343
3213,Pass,0,0.94630426,1.3775113,0,0.8407213
3214,Pass,0,0.9847223,0.017897267,0,0.98353684
3215,Pass,0,0.9999771,0.25426638,0,0.9795858
3216,Pass,0,0.97413075,0.41395542,0,0.9416387
3217,Pass,0,0.99111277,0.32037833,0,0.96558315
3218,Pass,0,0.73633426,0.47415784,0,0.70817536
3219,Pass,0,0.98308474,2.4337997,0,0.78910166
3220,Pass,0,0.9990669,0.44725227,0,0.9630426
3221,Pass,0,0.99884206,0.8717133,0,0.92840916
3222,Pass,0,0.71324456,1.9901907,0,0.59819126
3223,Pass,0,0.99999917,0.8492025,0,0.931312
3224,Pass,0,0.98709875,1.0097462,0,0.9064333
3225,Pass,0,0.40546834,1.0183219,0,0.37205133
3226,Pass,0,0.99957246,0.048162818,0,0.9959132
3227,Pass,0,0.9773087,0.021501807,0,0.9758461
3228,Pass,0,0.98153394,0.8668438,0,0.91270953
3229,Pass,0,0.9979061,1.5092419,0,0.87589455
3230,Pass,0,0.9974371,0.02161117,0,0.99593556
3231,Pass,0,0.99526983,0.007829143,0,0.9948851
3232,Pass,0,0.9661608,0.27450472,0,0.9448718
3233,Pass,0,0.97312874,0.3380077,0,0.9466697
3234,Pass,0,0.99992156,0.39565802,0,0.9680545
3235,Pass,0,0.98602825,1.1656146,0,0.8929741
3236,Pass,0,0.9782933,1.1259221,0,0.8891213
3237,Pass,0,0.9805356,0.02540927,0,0.9787572
3238,Pass,0,0.9299745,0.9286672,0,0.8600981
3239,Pass,0,0.99158466,0.66123617,0,0.93860567
3240,Pass,0,0.40284324,1.6509145,0,0.34895563
3241,Pass,0,0.9732718,0.49225807,0,0.9346219
3242,Pass,0,0.900715,0.49814266,0,0.86451614
3243,Pass,0,0.9830595,1.8339003,0,0.8369548
3244,Pass,0,0.9837673,0.027934855,0,0.9817813
3245,Pass,0,0.6372558,0.9135431,0,0.5901561
3246,Pass,0,0.81777084,0.5986512,0,0.7782332
3247,Pass,0,0.98124987,0.31312004,0,0.95655245
3248,Pass,0,0.98813677,0.8171263,0,0.92283744
3249,Pass,0,0.9963547,0.5961763,0,0.94838303
3250,Pass,0,0.9907616,1.8998084,0,0.8382113
3251,Pass,0,0.9660916,0.3767074,0,0.9367888
3252,Pass,0,0.9708971,0.48693907,0,0.93276066
3253,Pass,0,0.9924665,0.0138497455,0,0.9915978
3254,Pass,0,0.59050286,0.6902757,0,0.5575611
3255,Pass,0,0.99613684,0.19080094,0,0.9809559
3256,Pass,0,0.9995584,0.49974537,0,0.95925707
3257,Pass,0,0.99999094,0.65429723,0,0.94712615
3258,Pass,0,0.998654,0.2809702,0,0.9761248
3259,Pass,0,0.9633023,0.017754087,0,0.9621538
3260,Pass,0,0.9930403,1.7581892,0,0.85155547
3261,Pass,0,0.9412274,0.8224862,0,0.8786184
3262,Pass,0,0.9511446,0.6362265,0,0.9022573
3263,Pass,0,0.75020343,2.5740826,0,0.5936295
3264,Pass,0,0.9954561,0.07739848,0,0.98944944
3265,Pass,0,0.9988738,0.6097943,0,0.94967663
3266,Pass,0,0.9801216,0.9773208,0,0.90260625
3267,Pass,0,0.99947375,0.6011238,0,0.9509505
3268,Pass,0,0.97999614,0.052120175,0,0.9760937
3269,Pass,0,0.5727673,1.1318641,0,0.5202829
3270,Pass,0,0.9918075,0.85287815,0,0.9233871
3271,Pass,0,0.9995221,0.8265599,0,0.9327049
3272,Pass,0,0.959606,0.13023548,0,0.9496997
3273,Pass,0,0.99435174,0.55871093,0,0.9495007
3274,Pass,0,0.999073,0.9669794,0,0.92089754
3275,Pass,0,0.9786088,0.7606093,0,0.91842884
3276,Pass,0,0.9938706,0.03470065,0,0.99131835
3277,Pass,0,0.9382017,0.7636779,0,0.8802729
3278,Pass,0,0.99316555,0.36253208,0,0.96418446
3279,Pass,0,0.99936384,0.57443935,0,0.95301074
3280,Pass,0,0.8950882,0.7829351,0,0.8384222
3281,Pass,0,0.9909356,0.02382595,0,0.9892657
3282,Pass,0,0.9370088,1.904788,0,0.7923562
3283,Pass,0,0.9356278,0.57420534,0,0.89224875
3284,Pass,0,0.9014479,0.7129379,0,0.84950143
3285,Pass,0,0.9582529,1.4297802,0,0.84727085
3286,Pass,0,0.9712289,1.1228505,0,0.882943
3287,Pass,0,0.98402286,1.0463833,0,0.90068215
3288,Pass,0,0.61282265,1.3961427,0,0.5435207
3289,Pass,0,0.48489523,1.5237701,0,0.42503643
3290,Pass,0,0.99389726,0.47700897,0,0.95565856
3291,Pass,0,0.9885986,0.30740604,0,0.96417475
3292,Pass,0,0.99121594,0.50784934,0,0.9505989
3293,Pass,0,0.999995,0.34825116,0,0.9719739
3294,Pass,0,0.9999392,1.774807,0,0.85612255
3295,Pass,0,0.99570894,0.83169717,0,0.92873144
3296,Pass,0,0.9998647,0.6628603,0,0.9463116
3297,Pass,0,0.95267606,0.35367712,0,0.9255613
3298,Pass,0,0.9986236,1.2239599,0,0.899651
3299,Pass,0,0.9751204,0.67038125,0,0.92229724
3300,Pass,0,0.8167542,1.3233235,0,0.7292184
3301,Pass,0,0.9972216,0.35241416,0,0.9689412
3302,Pass,0,0.7993862,0.41990736,0,0.7723365
3303,Pass,0,0.95076865,0.97304916,0,0.8759044
3304,Pass,0,0.9183802,0.4081695,0,0.88817906
3305,Pass,0,0.883111,1.4453712,0,0.77971405
3306,Pass,0,0.99888486,0.43131983,0,0.9641591
3307,Pass,0,0.99779886,0.5871776,0,0.95048654
3308,Pass,0,0.99999344,0.7915552,0,0.93598634
3309,Pass,0,0.9997814,0.20395154,0,0.98347765
3310,Pass,0,0.99885786,0.65573955,0,0.94593596
3311,Pass,0,0.9994049,0.50155157,0,0.9589632
3312,Pass,0,0.9575564,0.65104556,0,0.9071877
3313,Pass,0,0.9951757,0.9376665,0,0.91967326
3314,Pass,0,0.99601656,0.007868837,0,0.9956283
3315,Pass,0,0.9962036,0.47981107,0,0.9576496
3316,Pass,0,0.92747945,2.2198753,0,0.7605749
3317,Pass,0,0.93814665,1.0542735,0,0.8580905
3318,Pass,0,0.9891934,0.3831154,0,0.9586754
3319,Pass,0,0.79910874,0.5988638,0,0.76045954
3320,Pass,0,0.9904169,0.02224545,0,0.9888749
3321,Pass,0,0.9323993,0.7012403,0,0.87955457
3322,Pass,0,0.9955094,0.6102568,0,0.9464406
3323,Pass,0,0.9415275,0.6644352,0,0.8909785
3324,Pass,0,0.98247635,0.7140896,0,0.92576873
3325,Pass,0,0.99993765,0.21931076,0,0.98238456
3326,Pass,0,0.91173804,1.0827873,0,0.8318251
3327,Pass,0,0.9985886,0.5990769,0,0.9502743
3328,Pass,0,0.9999621,1.285304,0,0.8958772
3329,Pass,0,0.46701306,3.007657,0,0.35310617
3330,Pass,0,0.6674608,1.874174,0,0.56607896
3331,Pass,0,0.9979961,1.1970795,0,0.90126336
3332,Pass,0,0.9947531,0.61147624,0,0.9456231
3333,Pass,0,0.8513333,2.077195,0,0.7079922
3334,Pass,0,0.957467,0.4911001,0,0.9195347
3335,Pass,0,0.9575398,0.46858165,0,0.921355
3336,Pass,0,0.88674027,0.8140623,0,0.8283621
3337,Pass,0,0.9916402,1.0280049,0,0.9091338
3338,Pass,0,0.8693697,1.1011983,0,0.79187095
3339,Pass,0,0.9302219,1.0133073,0,0.8539355
3340,Pass,0,0.9929428,0.39678594,0,0.9612072
3341,Pass,0,0.8201385,1.6383017,0,0.7112698
3342,Pass,0,0.86244255,1.054334,0,0.7888424
3343,Pass,0,0.99431014,0.3038,0,0.9700362
3344,Pass,0,0.573983,2.0966907,0,0.47643167
3345,Pass,0,0.93913794,1.8559757,0,0.79787797
3346,Pass,0,0.99992144,0.6738229,0,0.9454754
3347,Pass,0,0.9673911,0.30434886,0,0.94373125
3348,Pass,0,0.9997657,0.9698755,0,0.921301
3349,Pass,0,0.9890404,0.6025415,0,0.94090986
3350,Pass,0,0.9960855,1.0883161,0,0.9083326
3351,Pass,0,0.9441493,0.0499185,0,0.94055843
3352,Pass,0,0.99389607,0.5585042,0,0.9490822
3353,Pass,0,0.9849487,0.022489337,0,0.9833957
3354,Pass,0,0.99825996,0.07295999,0,0.9925961
3355,Pass,0,0.9999958,0.7983533,0,0.9354367
3356,Pass,0,0.99931026,0.44025666,0,0.9638448
3357,Pass,0,0.9979387,0.39287817,0,0.96636
3358,Pass,0,0.944883,3.6571002,0,0.6646068
3359,Pass,0,0.99984396,0.3106939,0,0.9748754
3360,Pass,0,0.99888545,0.2140003,0,0.9817814
3361,Pass,0,0.9997689,1.0179629,0,0.9174012
3362,Pass,0,0.9999119,0.17999852,0,0.9855503
3363,Pass,0,0.9716341,0.7670493,0,0.9113751
3364,Pass,0,0.9993838,4.215314,0,0.6576548
3365,Pass,0,0.8759537,0.6962966,0,0.8266597
3366,Pass,0,0.9981736,0.9095868,0,0.924719
3367,Pass,0,0.9990416,0.9084667,0,0.92561394
3368,Pass,0,0.99897003,1.3056625,0,0.8933374
3369,Pass,0,0.67959696,1.5185124,0,0.59599286
3370,Pass,0,0.97399443,0.71447545,0,0.9177459
3371,Pass,0,0.9981019,0.37613413,0,0.96787465
3372,Pass,0,0.9977773,0.46197584,0,0.960607
3373,Pass,0,0.98264474,0.6165365,0,0.933709
3374,Pass,0,0.99806935,0.72848606,0,0.9392953
3375,Pass,0,0.9876236,0.6674285,0,0.9343598
3376,Pass,0,0.63097453,3.7378218,0,0.43967688
3377,Pass,0,0.9358072,1.1601939,0,0.8479043
3378,Pass,0,0.9957663,0.4580816,0,0.9589857
3379,Pass,0,0.99553925,0.020082194,0,0.9941641
3380,Pass,0,0.9864747,0.03473558,0,0.98393863
3381,Pass,0,0.43971032,1.1263425,0,0.39961544
3382,Pass,0,0.99905556,0.282671,0,0.97637945
3383,Pass,0,0.91474396,0.386846,0,0.8862458
3384,Pass,0,0.862049,0.6377596,0,0.8176338
3385,Pass,0,0.8737346,0.54731935,0,0.835132
3386,Pass,0,0.98780394,0.08588769,0,0.9811627
3387,Pass,0,0.97388124,0.8179866,0,0.9094559
3388,Pass,0,0.7994445,0.68459713,0,0.7552152
3389,Pass,0,0.9979486,0.28798074,0,0.9748674
3390,Pass,0,0.94021904,1.1192135,0,0.8550295
3391,Pass,0,0.99910754,0.38317025,0,0.9682792
3392,Pass,0,0.74981326,0.4789112,0,0.7208496
3393,Pass,0,0.99713,1.2086153,0,0.8995474
3394,Pass,0,0.7113566,1.7534623,0,0.610278
3395,Pass,0,0.9978271,0.33793858,0,0.9707021
3396,Pass,0,0.9996495,1.5229824,0,0.8763098
3397,Pass,0,0.99908257,0.48087597,0,0.9603308
3398,Pass,0,0.98912084,0.26232243,0,0.96830404
3399,Pass,0,0.999258,0.51691914,0,0.9575756
3400,Pass,0,0.99997306,0.12700838,0,0.9899121
3401,Pass,0,0.9274805,0.93019694,0,0.8576764
3402,Pass,0,0.99227685,0.5137628,0,0.95114
3403,Pass,0,0.9986249,0.47183472,0,0.9606238
3404,Pass,0,0.9723035,0.6396567,0,0.922058
3405,Pass,0,0.49436852,0.71848536,0,0.46565762
3406,Pass,0,0.9340259,0.9121278,0,0.86509913
3407,Pass,0,0.9875366,0.4267545,0,0.9535714
3408,Pass,0,0.99849486,0.8685757,0,0.92834073
3409,Pass,0,0.8605213,1.1768708,0,0.77852523
3410,Pass,0,0.83033895,0.4318992,0,0.80143356
3411,Pass,0,0.98634535,0.8925487,0,0.91512537
3412,Pass,0,0.8713685,1.1897641,0,0.7874268
3413,Pass,0,0.9994492,0.78031164,0,0.93638915
3414,Pass,0,0.9820962,1.9460398,0,0.8271944
3415,Pass,0,0.9924246,0.7951884,0,0.92860925
3416,Pass,0,0.9893111,0.49820405,0,0.9495467
3417,Pass,0,0.98961407,0.9439014,0,0.91403264
3418,Pass,0,0.9940532,0.3634901,0,0.96496886
3419,Pass,0,0.9837838,0.02246711,0,0.9822344
3420,Pass,0,0.981136,0.04180235,0,0.9780508
3421,Pass,0,0.9889726,0.018994499,0,0.98769385
3422,Pass,0,0.98509014,1.9238473,0,0.83149076
3423,Pass,0,0.9865205,0.13763998,0,0.9757435
3424,Pass,0,0.99094194,0.67082655,0,0.9372259
3425,Pass,0,0.98052615,0.45612702,0,0.944464
3426,Pass,0,0.83552223,0.8763371,0,0.7762921
3427,Pass,0,0.91838324,0.43664113,0,0.8860594
3428,Pass,0,0.98279554,0.38403702,0,0.9524014
3429,Pass,0,0.71281946,0.9401423,0,0.6585957
3430,Pass,0,0.9125202,0.039706558,0,0.909806
3431,Pass,0,0.9989016,1.476183,0,0.87944907
3432,Pass,0,0.75904083,0.6423456,0,0.7196503
3433,Pass,0,0.995276,0.03960175,0,0.9923241
3434,Pass,0,0.98137224,0.0415793,0,0.9783041
3435,Pass,0,0.9982457,0.5922303,0,0.9505028
3436,Pass,0,0.9061388,0.72593707,0,0.8529658
3437,Pass,0,0.5841944,0.67596817,0,0.5522831
3438,Pass,0,0.99540365,0.03169353,0,0.99309045
3439,Pass,0,0.9920244,1.5620046,0,0.86648303
3440,Pass,0,0.9790688,0.3277913,0,0.95326024
3441,Pass,0,0.99933356,1.179106,0,0.90392923
3442,Pass,0,0.99437815,0.17515631,0,0.98048687
3443,Pass,0,0.9542516,1.4147906,0,0.8448941
3444,Pass,0,0.9954497,0.36806458,0,0.9659549
3445,Pass,0,0.99994075,0.34684795,0,0.9720351
3446,Pass,0,0.9818288,0.61965245,0,0.93268543
3447,Pass,0,0.8085088,0.69028866,0,0.76340455
3448,Pass,0,0.48171997,2.0741282,0,0.40073147
3449,Pass,0,0.99959415,0.8720118,0,0.92908394
3450,Pass,0,0.5099426,5.51418,0,0.2818053
3451,Pass,0,0.9856521,1.5360683,0,0.86299235
3452,Pass,0,0.9900593,0.04907179,0,0.98636186
3453,Pass,0,0.89986074,0.53416514,0,0.86106485
3454,Pass,0,0.9973368,0.011803377,0,0.9966295
3455,Pass,0,0.997182,0.019385098,0,0.99586105
3456,Pass,0,0.64208114,0.92289007,0,0.5941376
3457,Pass,0,0.986639,0.30654964,0,0.9623322
3458,Pass,0,0.999355,0.47920126,0,0.9607285
3459,Pass,0,0.9716078,0.79400986,0,0.909224
3460,Pass,0,0.94349265,1.0426296,0,0.8638722
3461,Pass,0,0.9998242,1.4331697,0,0.8837524
3462,Pass,0,0.999782,0.5589023,0,0.9546705
3463,Pass,0,0.9989792,0.44440508,0,0.96318907
3464,Pass,0,0.957137,0.02603166,0,0.95535266
3465,Pass,0,0.9980116,0.25809646,0,0.97735006
3466,Pass,0,0.92176944,0.5310517,0,0.88226193
3467,Pass,0,0.95644426,0.24781352,0,0.93744165
3468,Pass,0,0.9641622,1.7313515,0,0.8288923
3469,Pass,0,0.9876287,0.7627798,0,0.92672
3470,Pass,0,0.9999305,0.5999261,0,0.9514823
3471,Pass,0,0.98724383,0.12979299,0,0.97708774
3472,Pass,0,0.9711444,0.5815636,0,0.92553854
3473,Pass,0,0.95174843,0.64562243,0,0.9021042
3474,Pass,0,0.67053497,0.7644513,0,0.62909096
3475,Pass,0,0.66477764,3.2371342,0,0.4902512
3476,Pass,0,0.79924965,1.6459937,0,0.6926547
3477,Pass,0,0.9946353,0.8739806,0,0.9243159
3478,Pass,0,0.925216,0.48584166,0,0.88895637
3479,Pass,0,0.93645465,1.4179603,0,0.82889575
3480,Pass,0,0.9974146,0.047072615,0,0.99385154
3481,Pass,0,0.9999305,0.5027574,0,0.95936966
3482,Pass,0,0.999376,0.95079184,0,0.92249
3483,Pass,0,0.97174746,0.47310996,0,0.93466854
3484,Pass,0,0.99826753,0.38461035,0,0.9673484
3485,Pass,0,0.98932225,0.46780297,0,0.9519989
3486,Pass,0,0.988159,1.0442593,0,0.9046384
3487,Pass,0,0.9931264,1.0703914,0,0.9070792
3488,Pass,0,0.99605066,0.48721787,0,0.9569037
3489,Pass,0,0.9955636,1.97198,0,0.8364412
3490,Pass,0,0.4775202,0.8270663,0,0.44557875
3491,Pass,0,0.9873033,0.53579044,0,0.9446072
3492,Pass,0,0.96540594,0.5846714,0,0.91982603
3493,Pass,0,0.92831,0.8432451,0,0.8649959
3494,Pass,0,0.9109158,0.11162258,0,0.90288854
3495,Pass,0,0.9894967,0.2160848,0,0.97238606
3496,Pass,0,0.9866273,0.61891866,0,0.9373025
3497,Pass,0,0.98087454,0.3079706,0,0.95659655
3498,Pass,0,0.8087502,0.93174154,0,0.7477805
3499,Pass,0,0.99190336,0.69589573,0,0.9361166
3500,Pass,0,0.99964046,0.5221006,0,0.95752174
3501,Pass,0,0.97505254,0.50815046,0,0.935074
3502,Pass,0,0.9954814,0.5704457,0,0.9496311
3503,Pass,0,0.65276587,0.97261256,0,0.6013897
3504,Pass,0,0.9925845,1.3203434,0,0.8864443
3505,Pass,0,0.9979097,0.8474907,0,0.92950475
3506,Pass,0,0.52727884,0.83783156,0,0.49154824
3507,Pass,0,0.9943119,1.627137,0,0.86322385
3508,Pass,0,0.9999058,0.60090053,0,0.9513797
3509,Pass,0,0.9992581,0.3634059,0,0.97002834
3510,Pass,0,0.98537344,1.2872008,0,0.8826553
3511,Pass,0,0.5038484,1.1152364,0,0.45835936
3512,Pass,0,0.9995814,0.3808035,0,0.9689305
3513,Pass,0,0.9999856,0.7826194,0,0.93670434
3514,Pass,0,0.9948148,0.30972373,0,0.9700503
3515,Pass,0,0.99947935,0.256919,0,0.97888297
3516,Pass,0,0.8598413,0.16607751,0,0.8484632
3517,Pass,0,0.99983656,0.95446277,0,0.92261726
3518,Pass,0,0.9875049,0.6216607,0,0.9379164
3519,Pass,0,0.9417963,0.5161489,0,0.9025698
3520,Pass,0,0.996878,2.4238064,0,0.80098194
3521,Pass,0,0.997216,0.7352125,0,0.9379477
3522,Pass,0,0.94716376,0.39844468,0,0.9167638
3523,Pass,0,0.98078704,0.6908589,0,0.92602646
3524,Pass,0,0.99963725,0.26832715,0,0.97811186
3525,Pass,0,0.859085,0.7751473,0,0.80524135
3526,Pass,0,0.9716377,1.2028289,0,0.87700635
3527,Pass,0,0.95293754,1.4314361,0,0.84244305
3528,Pass,0,0.8753225,0.6496649,0,0.82937753
3529,Pass,0,0.76148725,1.3366091,0,0.6790535
3530,Pass,0,0.96503466,0.56228787,0,0.9212257
3531,Pass,0,0.94803727,0.732952,0,0.8918658
3532,Pass,0,0.97602874,0.034048468,0,0.973574
3533,Pass,0,0.8038168,1.8638992,0,0.6823941
3534,Pass,0,0.67278254,1.1537722,0,0.609937
3535,Pass,0,0.999938,0.9205852,0,0.92546076
3536,Pass,0,0.99231076,0.20416604,0,0.97611153
3537,Pass,0,0.9720715,1.7175931,0,0.8367777
3538,Pass,0,0.9857501,1.4303093,0,0.8715411
3539,Pass,0,0.99857223,0.4509205,0,0.9622685
3540,Pass,0,0.99640036,2.2026315,0,0.81848794
3541,Pass,0,0.9976694,0.23091038,0,0.9792167
3542,Pass,0,0.985168,0.6054722,0,0.9369915
3543,Pass,0,0.8338056,0.60259545,0,0.79322577
3544,Pass,0,0.9090996,1.0200999,0,0.8340441
3545,Pass,0,0.9995141,0.21401504,0,0.98239815
3546,Pass,0,0.99779093,0.0073413267,0,0.9974447
3547,Pass,0,0.99221426,0.4386796,0,0.9571276
3548,Pass,0,0.9615654,0.5589677,0,0.91817313
3549,Pass,0,0.57496786,1.9560347,0,0.48381415
3550,Pass,0,0.588838,0.9277256,0,0.54463893
3551,Pass,0,0.9972268,0.48867875,0,0.9579153
3552,Pass,0,0.99127555,0.48204416,0,0.95273256
3553,Pass,0,0.96054316,0.31574747,0,0.93616205
3554,Pass,0,0.9982015,0.21368624,0,0.98113465
3555,Pass,0,0.99136025,0.48306644,0,0.9527317
3556,Pass,0,0.9955792,0.6633497,0,0.942216
3557,Pass,0,0.8232675,0.65769196,0,0.77951837
3558,Pass,0,0.5505024,1.0135285,0,0.5053465
3559,Pass,0,0.635718,1.2250072,0,0.57265854
3560,Pass,0,0.9987431,0.22658198,0,0.9806215
3561,Pass,0,0.90613276,1.4506083,0,0.7996551
3562,Pass,0,0.9952767,0.009465874,0,0.9947596
3563,Pass,0,0.99787295,1.3329853,0,0.89014316
3564,Pass,0,0.9427293,0.49959436,0,0.90473086
3565,Pass,0,0.8326678,1.4542135,0,0.73457915
3566,Pass,0,0.9909747,0.420298,0,0.95741063
3567,Pass,0,0.54700905,0.74914634,0,0.51387954
3568,Pass,0,0.9949228,0.40273768,0,0.96264327
3569,Pass,0,0.99902105,0.6457053,0,0.9469043
3570,Pass,0,0.99987614,0.8814483,0,0.9285801
3571,Pass,0,0.89578104,0.5156948,0,0.8585041
3572,Pass,0,0.99977356,0.19307849,0,0.9843524
3573,Pass,0,0.81465006,0.81031334,0,0.7612658
3574,Pass,0,0.7403505,1.9113668,0,0.625662
3575,Pass,0,0.99461657,0.86389935,0,0.92511255
3576,Pass,0,0.9782211,0.8930478,0,0.9075481
3577,Pass,0,0.97075975,1.4634216,0,0.85567814
3578,Pass,0,0.956236,0.3424717,0,0.92988974
3579,Pass,0,0.9848942,0.8147878,0,0.9199961
3580,Pass,0,0.9554726,1.4255795,0,0.84513843
3581,Pass,0,0.9948908,0.48396072,0,0.9560525
3582,Pass,0,0.87761265,0.013207167,0,0.8768902
3583,Pass,0,0.96584696,0.48919055,0,0.9277324
3584,Pass,0,0.9994498,0.32000297,0,0.9737358
3585,Pass,0,0.99350363,1.0300153,0,0.91068006
3586,Pass,0,0.9961338,0.07393,0,0.99040353
3587,Pass,0,0.98784167,1.0752828,0,0.9018601
3588,Pass,0,0.9966036,0.16057274,0,0.9838611
3589,Pass,0,0.9978441,0.2764434,0,0.9756999
3590,Pass,0,0.9993666,1.1226163,0,0.9085419
3591,Pass,0,0.6832364,1.3505896,0,0.6084982
3592,Pass,0,0.8951394,0.40295914,0,0.8660811
3593,Pass,0,0.98845005,0.039629318,0,0.98551625
3594,Pass,0,0.9996873,1.0547273,0,0.9143428
3595,Pass,0,0.99957114,0.33742362,0,0.9724405
3596,Pass,0,0.99558383,0.7043899,0,0.93890357
3597,Pass,0,0.6421118,2.2324264,0,0.5259063
3598,Pass,0,0.5134709,0.10345868,0,0.50928634
3599,Pass,0,0.42886493,1.5952965,0,0.37343273
3600,Pass,0,0.9433964,1.6976008,0,0.8136246
3601,Pass,0,0.9606008,0.047741998,0,0.957117
3602,Pass,0,0.99995697,0.17359547,0,0.98611444
3603,Pass,0,0.99996877,0.4389742,0,0.964584
3604,Pass,0,0.28493604,0.98097587,0,0.2623166
3605,Pass,0,0.9919008,0.120233424,0,0.9824665
3606,Pass,0,0.9179049,0.06245637,0,0.91347957
3607,Pass,0,0.9881919,0.5582816,0,0.94365317
3608,Pass,0,0.9994696,0.40296826,0,0.9670238
3609,Pass,0,0.9986363,0.24821381,0,0.978763
3610,Pass,0,0.99815875,0.37340674,0,0.96815085
3611,Pass,0,0.99860543,0.94914126,0,0.92191255
3612,Pass,0,0.99254674,0.5133041,0,0.9514356
3613,Pass,0,0.9968925,0.2676208,0,0.9754834
3614,Pass,0,0.951417,0.71638536,0,0.8963248
3615,Pass,0,0.98473907,0.5917057,0,0.937684
3616,Pass,0,0.99658585,0.61137766,0,0.9473733
3617,Pass,0,0.95448,0.50705385,0,0.9154299
3618,Pass,0,0.7279854,0.9150328,0,0.6740918
3619,Pass,0,0.9988281,0.65764886,0,0.94575304
3620,Pass,0,0.99910754,0.56454444,0,0.9535688
3621,Pass,0,0.988867,0.8610458,0,0.91999376
3622,Pass,0,0.99986696,0.4972543,0,0.9597554
3623,Pass,0,0.98223454,0.6018661,0,0.934489
3624,Pass,0,0.99913615,0.6771377,0,0.944464
3625,Pass,0,0.9929784,0.048099633,0,0.9893484
3626,Pass,0,0.9831638,0.52968085,0,0.9411343
3627,Pass,0,0.8791345,0.755378,0,0.82544506
3628,Pass,0,0.99998903,0.97042775,0,0.9214619
3629,Pass,0,0.4046358,0.82131135,0,0.37775865
3630,Pass,0,0.9917823,1.1845584,0,0.8966599
3631,Pass,0,0.9841824,0.7743796,0,0.92255956
3632,Pass,0,0.9999318,0.20954801,0,0.9831713
3633,Pass,0,0.99971074,0.15917759,0,0.9870417
3634,Pass,0,0.8531521,0.9791929,0,0.78554875
3635,Pass,0,0.990042,0.76458037,0,0.9288398
3636,Pass,0,0.9908009,0.84024924,0,0.9234657
3637,Pass,0,0.99628806,0.28974593,0,0.9731025
3638,Pass,0,0.99833894,0.035417862,0,0.9957171
3639,Pass,0,0.9894314,0.06380958,0,0.9845525
3640,Pass,0,0.91925555,2.2697604,0,0.75010836
3641,Pass,0,0.9892179,0.03383173,0,0.9867474
3642,Pass,0,0.99993205,0.4597013,0,0.96286607
3643,Pass,0,0.9992561,0.5508592,0,0.9548207
3644,Pass,0,0.9619124,0.44981894,0,0.9270274
3645,Pass,0,0.85164666,0.8235017,0,0.7949263
3646,Pass,0,0.93583196,0.6103239,0,0.8896995
3647,Pass,0,0.9997664,0.33619088,0,0.9727305
3648,Pass,0,0.9978017,0.018170323,0,0.99657834
3649,Pass,0,0.9962645,0.025298351,0,0.99446654
3650,Pass,0,0.9994666,0.81126314,0,0.9338942
3651,Pass,0,0.9961119,0.027440047,0,0.99414104
3652,Pass,0,0.9937868,0.016659329,0,0.9926902
3653,Pass,0,0.949656,0.3313973,0,0.9243448
3654,Pass,0,0.84837806,1.4478744,0,0.7488753
3655,Pass,0,0.98606175,0.42319405,0,0.9524322
3656,Pass,0,0.9541784,0.50142074,0,0.91557693
3657,Pass,0,0.9955388,0.8837729,0,0.9243642
3658,Pass,0,0.9478845,0.5730416,0,0.9040267
3659,Pass,0,0.9969542,0.69255114,0,0.94115406
3660,Pass,0,0.9960756,0.2911707,0,0.9727798
3661,Pass,0,0.99869734,0.99207586,0,0.91851664
3662,Pass,0,0.55169314,0.91019744,0,0.5110672
3663,Pass,0,0.96521163,0.27339554,0,0.9440304
3664,Pass,0,0.49238837,0.58276325,0,0.4692174
3665,Pass,0,0.99008864,0.7391726,0,0.9309256
3666,Pass,0,0.9887516,0.37204608,0,0.9591357
3667,Pass,0,0.93835473,0.5431432,0,0.8972153
3668,Pass,0,0.9999999,0.5679588,0,0.95414335
3669,Pass,0,0.97180486,0.020911997,0,0.97039706
3670,Pass,0,0.8998928,0.7134118,0,0.84800136
3671,Pass,0,0.9979773,0.38836244,0,0.9667632
3672,Pass,0,0.9511067,1.4755305,0,0.83742005
3673,Pass,0,0.98862714,0.05276019,0,0.98463905
3674,Pass,0,0.96043915,1.1864816,0,0.86817294
3675,Pass,0,0.9999871,0.62414575,0,0.9495701
3676,Pass,0,0.99886984,0.55287904,0,0.9542878
3677,Pass,0,0.9997836,0.29665503,0,0.97595596
3678,Pass,0,0.9937803,0.7731363,0,0.9316568
3679,Pass,0,0.990235,0.01644595,0,0.98915946
3680,Pass,0,0.99900985,0.6483128,0,0.9466822
3681,Pass,0,0.9944352,1.2832314,0,0.8910929
3682,Pass,0,0.99222094,0.43165424,0,0.9576999
3683,Pass,0,0.9898469,1.4674466,0,0.87217915
3684,Pass,0,0.99138474,0.32562977,0,0.9654255
3685,Pass,0,0.73290265,1.0777352,0,0.66896504
3686,Pass,0,0.68454075,1.1145933,0,0.622774
3687,Pass,0,0.66651464,0.66542274,0,0.6306772
3688,Pass,0,0.38235274,3.1410098,0,0.2849559
3689,Pass,0,0.9942116,0.0044497484,0,0.9941
3690,Pass,0,0.9435025,0.6352688,0,0.89508134
3691,Pass,0,0.9918366,0.63522243,0,0.94093865
3692,Pass,0,0.9998622,0.56291753,0,0.95442116
3693,Pass,0,0.95955825,0.5283428,0,0.9186421
3694,Pass,0,0.9471459,0.65708995,0,0.89686
3695,Pass,0,0.9987099,0.4710268,0,0.9607711
3696,Pass,0,0.98283273,0.6105816,0,0.9343628
3697,Pass,0,0.96992326,0.83983,0,0.9040399
3698,Pass,0,0.98534703,1.2212862,0,0.88790405
3699,Pass,0,0.9903218,0.0453353,0,0.98692375
3700,Pass,0,0.9978896,0.5559494,0,0.95310265
3701,Pass,0,0.95211864,0.31906232,0,0.9276951
3702,Pass,0,0.40043226,3.2383814,0,0.29526484
3703,Pass,0,0.9845093,0.72953534,0,0.92644995
3704,Pass,0,0.99830174,0.8704758,0,0.9280072
3705,Pass,0,0.98975486,1.3621109,0,0.88056135
3706,Pass,0,0.9991805,0.40511182,0,0.96657026
3707,Pass,0,0.96913147,1.1412948,0,0.87958515
3708,Pass,0,0.9528247,0.31270564,0,0.92887473
3709,Pass,0,0.92179894,0.8486162,0,0.858527
3710,Pass,0,0.803488,1.2331141,0,0.72325796
3711,Pass,0,0.95473975,0.5274889,0,0.9140952
3712,Pass,0,0.99998033,0.8861497,0,0.92829525
3713,Pass,0,0.99404967,0.33492354,0,0.9672706
3714,Pass,0,0.99929416,0.30771777,0,0.9745808
3715,Pass,0,0.9936279,0.43253314,0,0.95898706
3716,Pass,0,0.5886671,0.69324857,0,0.5556857
3717,Pass,0,0.98251855,1.1381946,0,0.89198256
3718,Pass,0,0.6354074,0.65887636,0,0.6015802
3719,Pass,0,0.98834956,0.3131465,0,0.9634713
3720,Pass,0,0.9997948,0.77648515,0,0.93702346
3721,Pass,0,0.991791,0.28599587,0,0.969012
3722,Pass,0,0.9935504,0.39294454,0,0.9621052
3723,Pass,0,0.6825849,1.5126765,0,0.59893656
3724,Pass,0,0.9993025,0.81751496,0,0.93323374
3725,Pass,0,0.6278271,0.47987065,0,0.6035266
3726,Pass,0,0.58825666,1.4097457,0,0.52108324
3727,Pass,0,0.98527676,1.020901,0,0.903868
3728,Pass,0,0.9609031,0.9177249,0,0.88955635
3729,Pass,0,0.99916863,0.3537542,0,0.97072434
3730,Pass,0,0.7281658,1.3140792,0,0.650671
3731,Pass,0,0.9999907,0.44150415,0,0.9643998
3732,Pass,0,0.6765126,0.30941534,0,0.65968865
3733,Pass,0,0.9893226,0.02913181,0,0.9872293
3734,Pass,0,0.9732068,0.4567778,0,0.9373625
3735,Pass,0,0.9878441,0.3645716,0,0.9588548
3736,Pass,0,0.9804448,0.14083189,0,0.96948004
3737,Pass,0,0.96037304,0.94248664,0,0.8871352
3738,Pass,0,0.8800324,0.7812315,0,0.82444125
3739,Pass,0,0.7525623,1.7339274,0,0.6468221
3740,Pass,0,0.99384695,0.37448427,0,0.9638817
3741,Pass,0,0.99837697,0.020218164,0,0.9969869
3742,Pass,0,0.5010217,1.0206562,0,0.4596346
3743,Pass,0,0.999966,0.15025343,0,0.98801816
3744,Pass,0,0.9816866,0.6083416,0,0.9334517
3745,Pass,0,0.9818017,0.017714329,0,0.9806343
3746,Pass,0,0.91942495,1.3786848,0,0.81675345
3747,Pass,0,0.97850287,0.01199668,0,0.9777935
3748,Pass,0,0.8789281,0.8475828,0,0.8186726
3749,Pass,0,0.5932504,2.6266127,0,0.46690416
3750,Pass,0,0.99735177,0.18506193,0,0.98261696
3751,Pass,0,0.6510145,0.99791676,0,0.5984389
3752,Pass,0,0.86834115,0.42893672,0,0.8383217
3753,Pass,0,0.9993401,0.25725362,0,0.9787194
3754,Pass,0,0.99783283,1.2887937,0,0.89368695
3755,Pass,0,0.96199334,1.1561449,0,0.8719469
3756,Pass,0,0.5034841,2.7730856,0,0.39026904
3757,Pass,0,0.49457785,0.8795755,0,0.45938724
3758,Pass,0,0.9110299,1.1406959,0,0.82689637
3759,Pass,0,0.9889103,0.30924478,0,0.96433115
3760,Pass,0,0.98394334,0.47797436,0,0.94601053
3761,Pass,0,0.88368905,0.100338526,0,0.8767112
3762,Pass,0,0.7786374,3.3681586,0,0.5659372
3763,Pass,0,0.89255524,0.4849333,0,0.8576414
3764,Pass,0,0.9166411,0.9788244,0,0.8440344
3765,Pass,0,0.98889786,0.047069125,0,0.98536545
3766,Pass,0,0.97170043,0.50674367,0,0.9319703
3767,Pass,0,0.98767775,2.2003663,0,0.81150436
3768,Pass,0,0.99995244,0.56990343,0,0.9539402
3769,Pass,0,0.6356981,1.14139,0,0.5769556
3770,Pass,0,0.9874378,0.48469514,0,0.9488315
3771,Pass,0,0.9449018,1.5056524,0,0.82964635
3772,Pass,0,0.99505216,0.63404584,0,0.9440843
3773,Pass,0,0.99235266,1.292995,0,0.8884403
3774,Pass,0,0.98235494,1.076736,0,0.8967351
3775,Pass,0,0.9999132,0.57903737,0,0.9531614
3776,Pass,0,0.5957416,0.79478383,0,0.5574535
3777,Pass,0,0.9538003,0.02115387,0,0.95239985
3778,Pass,0,0.9061828,0.44138423,0,0.87393945
3779,Pass,0,0.98866314,0.018017242,0,0.98746324
3780,Pass,0,0.4925346,2.8101063,0,0.3803015
3781,Pass,0,0.9908178,0.5230699,0,0.9489928
3782,Pass,0,0.8981342,1.2615491,0,0.8063804
3783,Pass,0,0.9973014,0.8925255,0,0.9252922
3784,Pass,0,0.99288803,0.050777145,0,0.9890425
3785,Pass,0,0.8822395,1.7293392,0,0.7586074
3786,Pass,0,0.98109114,0.017100263,0,0.97997344
3787,Pass,0,0.9402652,1.5535065,0,0.82192266
3788,Pass,0,0.99839383,1.0180218,0,0.91613466
3789,Pass,0,0.9923442,0.09349535,0,0.9850596
3790,Pass,0,0.9972128,0.22830935,0,0.9789791
3791,Pass,0,0.87006915,0.7193389,0,0.81947875
3792,Pass,0,0.997682,1.676952,0,0.8621151
3793,Pass,0,0.9797021,0.4718697,0,0.94241834
3794,Pass,0,0.97090155,0.8168745,0,0.90676093
3795,Pass,0,0.96759206,0.35912257,0,0.939625
3796,Pass,0,0.754974,3.2562394,0,0.5555971
3797,Pass,0,0.99995923,0.7388789,0,0.94023025
3798,Pass,0,0.8676225,0.7798717,0,0.81291103
3799,Pass,0,0.99979943,1.5354074,0,0.8754328
3800,Pass,0,0.9200006,0.5127561,0,0.8819353
3801,Pass,0,0.5139875,0.9294048,0,0.47533676
3802,Pass,0,0.9999393,0.40056565,0,0.9676733
3803,Pass,0,0.9994165,0.15301853,0,0.9872508
3804,Pass,0,0.9979255,0.45224106,0,0.9615383
3805,Pass,0,0.99790597,0.4999205,0,0.95765704
3806,Pass,0,0.7045543,0.8325642,0,0.65711206
3807,Pass,0,0.99964094,0.7213772,0,0.9413512
3808,Pass,0,0.8472758,0.9557846,0,0.78174806
3809,Pass,0,0.98863435,0.02867999,0,0.9865787
3810,Pass,0,0.9453874,1.5781506,0,0.8245089
3811,Pass,0,0.48994574,1.346062,0,0.43653136
3812,Pass,0,0.9795561,1.2985799,0,0.8765395
3813,Pass,0,0.99906236,0.23325679,0,0.9803936
3814,Pass,0,0.9973264,0.63994485,0,0.9457644
3815,Pass,0,0.9980611,0.048404876,0,0.9943878
3816,Pass,0,0.99681276,0.3463395,0,0.9690355
3817,Pass,0,0.84106743,1.5961918,0,0.73229563
3818,Pass,0,0.64217305,2.013766,0,0.5373553
3819,Pass,0,0.9985268,0.4427655,0,0.96288574
3820,Pass,0,0.6517207,1.7014052,0,0.56187004
3821,Pass,0,0.8417308,1.465235,0,0.7418214
3822,Pass,0,0.9972242,0.42789006,0,0.9628338
3823,Pass,0,0.99757797,0.36931548,0,0.9679188
3824,Pass,0,0.9518626,0.71267354,0,0.89703137
3825,Pass,0,0.9667331,0.6229468,0,0.91808677
3826,Pass,0,0.9929575,0.5029163,0,0.95266664
3827,Pass,0,0.99550676,0.67596334,0,0.94112813
3828,Pass,0,0.9951491,1.4701201,0,0.876635
3829,Pass,0,0.99512047,1.0429428,0,0.91111785
3830,Pass,0,0.9998611,0.9782001,0,0.9207132
3831,Pass,0,0.94372064,0.88181525,0,0.8764007
3832,Pass,0,0.9983063,1.7554407,0,0.85629386
3833,Pass,0,0.88790625,0.7825815,0,0.83172035
3834,Pass,0,0.7071119,1.7286164,0,0.6080626
3835,Pass,0,0.99670476,1.2871647,0,0.8928084
3836,Pass,0,0.54949194,2.282839,0,0.44779953
3837,Pass,0,0.9976997,0.5972281,0,0.94957805
3838,Pass,0,0.45175257,1.687178,0,0.3899926
3839,Pass,0,0.9360522,1.0466056,0,0.85675746
3840,Pass,0,0.98825896,0.8515242,0,0.92019194
3841,Pass,0,0.99975353,0.61523473,0,0.95007145
3842,Pass,0,0.96221614,0.99501,0,0.8847351
3843,Pass,0,0.9912111,0.017397441,0,0.990058
3844,Pass,0,0.99972266,0.6023337,0,0.95108914
3845,Pass,0,0.9998436,0.310977,0,0.97485214
3846,Pass,0,0.65263647,1.6233406,0,0.5667953
3847,Pass,0,0.9905372,1.119402,0,0.90077347
3848,Pass,0,0.35540396,5.4971986,0,0.19689384
3849,Pass,0,0.9790701,0.46288452,0,0.9425245
3850,Pass,0,0.40673992,1.1431624,0,0.3690961
3851,Pass,0,0.9395316,0.057852566,0,0.93535316
3852,Pass,0,0.9493883,0.041744735,0,0.94640744
3853,Pass,0,0.4419959,2.2871962,0,0.36004105
3854,Pass,0,0.99805367,0.4555223,0,0.9613959
3855,Pass,0,0.4946223,1.9828448,0,0.41512984
3856,Pass,0,0.81374645,0.3765429,0,0.7890754
3857,Pass,0,0.97244805,0.2156317,0,0.955668
3858,Pass,0,0.98272747,0.014682159,0,0.9818008
3859,Pass,0,0.7190745,1.1801581,0,0.6503645
3860,Pass,0,0.9867865,0.5669452,0,0.9416171
3861,Pass,0,0.9434299,0.35135528,0,0.9167561
3862,Pass,0,0.68305653,0.36507073,0,0.66298383
3863,Pass,0,0.99968004,0.5800018,0,0.95286083
3864,Pass,0,0.99512756,0.4633759,0,0.9579429
3865,Pass,0,0.99927145,0.3788641,0,0.9687874
3866,Pass,0,0.984832,0.02767753,0,0.9828644
3867,Pass,0,0.7226056,0.42115116,0,0.698081
3868,Pass,0,0.99526453,0.91788626,0,0.9213534
3869,Pass,0,0.92612034,0.94408554,0,0.8553744
3870,Pass,0,0.98537135,0.5403528,0,0.9423938
3871,Pass,0,0.9590069,0.41544163,0,0.9269036
3872,Pass,0,0.99052143,0.3095241,0,0.9658798
3873,Pass,0,0.9836,0.7286706,0,0.9256633
3874,Pass,0,0.8985487,0.43634644,0,0.86694443
3875,Pass,0,0.9931231,0.6397996,0,0.9417902
3876,Pass,0,0.6680011,1.0078456,0,0.6135153
3877,Pass,0,0.9947607,0.3332483,0,0.9680978
3878,Pass,0,0.9980223,0.36050886,0,0.96906346
3879,Pass,0,0.85174066,0.9852024,0,0.7838336
3880,Pass,0,0.96299535,0.591931,0,0.9169617
3881,Pass,0,0.90473014,0.45283318,0,0.8716976
3882,Pass,0,0.99959475,0.41070008,0,0.9665175
3883,Pass,0,0.9996861,0.37703836,0,0.9693376
3884,Pass,0,0.6489111,1.1390593,0,0.58907044
3885,Pass,0,0.9851505,0.19488664,0,0.96981025
3886,Pass,0,0.99779725,0.407527,0,0.96503645
3887,Pass,0,0.99676174,0.36952472,0,0.9671099
3888,Pass,0,0.987716,1.2098955,0,0.8909521
3889,Pass,0,0.9973417,0.5721072,0,0.9512712
3890,Pass,0,0.999673,0.6718908,0,0.9453973
3891,Pass,0,0.9741945,1.0628574,0,0.8903835
3892,Pass,0,0.99428564,1.168096,0,0.9002519
3893,Pass,0,0.47668478,1.1988714,0,0.43041185
3894,Pass,0,0.9785606,0.044446073,0,0.97527355
3895,Pass,0,0.994503,1.6243726,0,0.86361295
3896,Pass,0,0.99851125,0.35472924,0,0.97000664
3897,Pass,0,0.74864227,1.2090456,0,0.67535144
3898,Pass,0,0.9282692,1.270578,0,0.8327564
3899,Pass,0,0.9997645,0.51168734,0,0.95848566
3900,Pass,0,0.99370253,0.056787938,0,0.98936903
3901,Pass,0,0.98790866,0.80818236,0,0.92334163
3902,Pass,0,0.86115825,0.6947716,0,0.81280345
3903,Pass,0,0.9999794,0.15797444,0,0.9874046
3904,Pass,0,0.9980426,0.49889562,0,0.9578712
3905,Pass,0,0.98917246,0.52374774,0,0.9473625
3906,Pass,0,0.7015687,4.098302,0,0.46833855
3907,Pass,0,0.9999614,0.8812396,0,0.92867625
3908,Pass,0,0.9940327,0.19406869,0,0.9786201
3909,Pass,0,0.9994168,0.8917267,0,0.9273197
3910,Pass,0,0.99697816,1.028293,0,0.9140043
3911,Pass,0,0.9747945,0.2728265,0,0.953448
3912,Pass,0,0.9698471,0.47772646,0,0.93247724
3913,Pass,0,0.9964385,0.5363594,0,0.9533013
3914,Pass,0,0.98742783,0.9188046,0,0.9140251
3915,Pass,0,0.99402374,0.45829052,0,0.95729065
3916,Pass,0,0.96928567,1.2307283,0,0.8726881
3917,Pass,0,0.9928445,0.80112183,0,0.92852396
3918,Pass,0,0.9604995,1.4712344,0,0.8460251
3919,Pass,0,0.99784327,0.097428545,0,0.9901997
3920,Pass,0,0.9998116,0.30804604,0,0.9750588
3921,Pass,0,0.8861432,0.9118924,0,0.8207669
3922,Pass,0,0.9956729,0.28592664,0,0.9728104
3923,Pass,0,0.9864782,0.8324864,0,0.92005837
3924,Pass,0,0.6919023,0.46315932,0,0.6660603
3925,Pass,0,0.9770816,0.019093158,0,0.9758104
3926,Pass,0,0.9278713,1.934198,0,0.78241414
3927,Pass,0,0.7882156,3.9198403,0,0.5375994
3928,Pass,0,0.903852,2.4256203,0,0.7261033
3929,Pass,0,0.8822388,1.1375016,0,0.8009929
3930,Pass,0,0.99452645,0.03416091,0,0.99201614
3931,Pass,0,0.95119447,0.39665157,0,0.9208036
3932,Pass,0,0.9999367,0.62084633,0,0.94979006
3933,Pass,0,0.9999751,0.1902012,0,0.9847843
3934,Pass,0,0.9985178,0.14478536,0,0.98703045
3935,Pass,0,0.9920855,1.3177885,0,0.88620436
3936,Pass,0,0.995887,0.688421,0,0.9404805
3937,Pass,0,0.9654929,0.0815896,0,0.95933855
3938,Pass,0,0.9568525,0.873101,0,0.8892727
3939,Pass,0,0.8148518,4.4740434,0,0.5191073
3940,Pass,0,0.98020613,1.1863056,0,0.886055
3941,Pass,0,0.6245095,1.3722935,0,0.555095
3942,Pass,0,0.93700767,0.78612375,0,0.8774452
3943,Pass,0,0.8905884,0.8854643,0,0.8267948
3944,Pass,0,0.93620265,0.5593563,0,0.8939254
3945,Pass,0,0.99966776,1.8001246,0,0.8538355
3946,Pass,0,0.48823905,1.8884836,0,0.4135124
3947,Pass,0,0.9995171,0.76285875,0,0.93786883
3948,Pass,0,0.97940516,1.6145461,0,0.85128343
3949,Pass,0,0.93507123,0.5701543,0,0.8920255
3950,Pass,0,0.5514363,1.8634858,0,0.4681561
3951,Pass,0,0.40630922,0.67365,0,0.38419127
3952,Pass,0,0.9932941,1.0799549,0,0.90646124
3953,Pass,0,0.983823,0.76534057,0,0.9229445
3954,Pass,0,0.75013787,0.932033,0,0.69356906
3955,Pass,0,0.96051425,0.61205125,0,0.9130304
3956,Pass,0,0.9945142,0.727731,0,0.9360105
3957,Pass,0,0.9986004,0.7333604,0,0.93939996
3958,Pass,0,0.9973586,1.9748254,0,0.83771896
3959,Pass,0,0.999977,0.15688398,0,0.9874908
3960,Pass,0,0.9987363,0.31751907,0,0.9732421
3961,Pass,0,0.98603386,1.1773573,0,0.8920392
3962,Pass,0,0.8299418,0.6635027,0,0.7854465
3963,Pass,0,0.9977704,1.0595226,0,0.91220117
3964,Pass,0,0.9614,1.1623094,0,0.870928
3965,Pass,0,0.7347481,0.621843,0,0.69784117
3966,Pass,0,0.9432574,0.39799416,0,0.9130173
3967,Pass,0,0.70451117,0.3589255,0,0.6841594
3968,Pass,0,0.88602674,1.6730794,0,0.7659104
3969,Pass,0,0.99477273,0.46503797,0,0.9574671
3970,Pass,0,0.87432647,1.2197872,0,0.78796893
3971,Pass,0,0.8253422,1.2715977,0,0.74035156
3972,Pass,0,0.99242216,0.2653628,0,0.97129095
3973,Pass,0,0.9993205,0.15369481,0,0.98710114
3974,Pass,0,0.9535305,0.08385489,0,0.94727707
3975,Pass,0,0.552469,1.8644137,0,0.46899122
3976,Pass,0,0.73678267,1.5507698,0,0.6442143
3977,Pass,0,0.95559233,0.6747285,0,0.90348977
3978,Pass,0,0.9743732,0.7319001,0,0.91672456
3979,Pass,0,0.9970643,0.40504315,0,0.9645286
3980,Pass,0,0.9996501,0.31504524,0,0.97433335
3981,Pass,0,0.9952095,0.8463683,0,0.92708033
3982,Pass,0,0.9991748,0.19773269,0,0.9833853
3983,Pass,0,0.9651297,0.02073687,0,0.96374524
3984,Pass,0,0.7483631,0.651943,0,0.70894367
3985,Pass,0,0.76253605,0.58671993,0,0.72640747
3986,Pass,0,0.6229542,1.6984518,0,0.5372188
3987,Pass,0,0.983862,0.9851345,0,0.90542674
3988,Pass,0,0.6537838,1.3198625,0,0.5838981
3989,Pass,0,0.9586021,0.8838679,0,0.89006084
3990,Pass,0,0.9944318,0.13203779,0,0.98402053
3991,Pass,0,0.9839244,0.5268837,0,0.94208574
3992,Pass,0,0.959471,0.33266822,0,0.93379915
3993,Pass,0,0.9992662,0.32679915,0,0.9730057
3994,Pass,0,0.98559016,1.5190183,0,0.8643023
3995,Pass,0,0.884903,0.58299005,0,0.8432447
3996,Pass,0,0.9996773,1.0687821,0,0.9131931
3997,Pass,0,0.9998292,0.7522698,0,0.9390211
3998,Pass,0,0.93001705,0.57820654,0,0.886596
3999,Pass,0,0.9978362,0.45578918,0,0.9611648
4000,Pass,0,0.6295641,1.111087,0,0.57293713
4001,Pass,0,0.9512989,1.6335081,0,0.82538956
4002,Pass,0,0.6982344,1.0193512,0,0.6406304
4003,Pass,0,0.9969145,0.48767745,0,0.9576964
4004,Pass,0,0.94127965,0.9049355,0,0.8723672
4005,Pass,0,0.99314225,0.025339445,0,0.9913466
4006,Pass,0,0.99132895,0.031702686,0,0.98902446
4007,Pass,0,0.2880655,2.0239768,0,0.24080765
4008,Pass,0,0.9999268,0.46696603,0,0.96227133
4009,Pass,0,0.8949742,0.27939507,0,0.87489843
4010,Pass,0,0.9959235,0.016382527,0,0.99484694
4011,Pass,0,0.9970913,0.63198215,0,0.94618595
4012,Pass,0,0.99417996,0.5308953,0,0.95158154
4013,Pass,0,0.9867034,2.1488297,0,0.81483185
4014,Pass,0,0.99592376,0.019045008,0,0.99463195
4015,Pass,0,0.79263186,0.92711663,0,0.7331749
4016,Pass,0,0.91935843,0.32425353,0,0.8953878
4017,Pass,0,0.52012265,1.302717,0,0.46524847
4018,Pass,0,0.74394107,0.7168123,0,0.700837
4019,Pass,0,0.96714795,1.1579652,0,0.8764761
4020,Pass,0,0.999728,0.5825377,0,0.9527008
4021,Pass,0,0.9942346,0.024718633,0,0.9924871
4022,Pass,0,0.9936412,0.6115346,0,0.94456136
4023,Pass,0,0.9983814,0.37099496,0,0.9685622
4024,Pass,0,0.98788583,0.9677835,0,0.91052127
4025,Pass,0,0.9952716,0.011734064,0,0.9945713
4026,Pass,0,0.9945813,0.66643816,0,0.9410223
4027,Pass,0,0.73376065,0.50800395,0,0.7036841
4028,Pass,0,0.9998342,0.4935508,0,0.96002454
4029,Pass,0,0.9355121,1.1334758,0,0.849666
4030,Pass,0,0.94959354,0.3825968,0,0.9203372
4031,Pass,0,0.8511816,0.95446235,0,0.7854432
4032,Pass,0,0.99113655,0.071706496,0,0.98561394
4033,Pass,0,0.99677074,0.25963756,0,0.9760102
4034,Pass,0,0.9983011,0.29453436,0,0.97468066
4035,Pass,0,0.9982128,0.059881017,0,0.99360895
4036,Pass,0,0.99891293,0.021779276,0,0.9973955
4037,Pass,0,0.9026457,0.60200804,0,0.85875857
4038,Pass,0,0.970005,0.34898004,0,0.94276685
4039,Pass,0,0.98630893,0.021432461,0,0.9848384
4040,Pass,0,0.98226947,0.6873048,0,0.9277096
4041,Pass,0,0.99874794,0.67846054,0,0.9439898
4042,Pass,0,0.99936897,0.43872213,0,0.9640258
4043,Pass,0,0.9903656,1.0599816,0,0.9053945
4044,Pass,0,0.79214823,0.5778382,0,0.75518775
4045,Pass,0,0.99667907,1.1506578,0,0.9038298
4046,Pass,0,0.99779737,0.41691297,0,0.9642763
4047,Pass,0,0.97487223,0.6076668,0,0.92702556
4048,Pass,0,0.85763776,1.5300169,0,0.75133014
4049,Pass,0,0.9999893,0.26090282,0,0.979059
4050,Pass,0,0.948491,0.05859693,0,0.94421536
4051,Pass,0,0.9951875,0.35347724,0,0.96687895
4052,Pass,0,0.97891504,1.4735081,0,0.86206514
4053,Pass,0,0.84698987,3.9466755,0,0.57584107
4054,Pass,0,0.9995571,1.6149021,0,0.86877024
4055,Pass,0,0.99944276,0.6944938,0,0.9433457
4056,Pass,0,0.96313643,0.7513792,0,0.90462965
4057,Pass,0,0.99767655,0.02803977,0,0.995654
4058,Pass,0,0.9774135,0.43159372,0,0.9434124
4059,Pass,0,0.9121179,0.45650154,0,0.878544
4060,Pass,0,0.982797,0.79384017,0,0.9197083
4061,Pass,0,0.99935657,0.19094202,0,0.9841151
4062,Pass,0,0.9994493,0.35200807,0,0.9711387
4063,Pass,0,0.848913,0.83026975,0,0.79190826
4064,Pass,0,0.99999297,0.3330113,0,0.9732091
4065,Pass,0,0.6140008,6.118104,0,0.30920872
4066,Pass,0,0.9999398,0.63833886,0,0.9483731
4067,Pass,0,0.9777754,0.8486862,0,0.91065574
4068,Pass,0,0.8039792,0.70759463,0,0.75799817
4069,Pass,0,0.9973123,0.0056253113,0,0.9971051
4070,Pass,0,0.9999356,0.2245644,0,0.9819561
4071,Pass,0,0.7448091,0.24298827,0,0.730303
4072,Pass,0,0.69308954,1.4865643,0,0.6096231
4073,Pass,0,0.99998856,0.2785899,0,0.9776225
4074,Pass,0,0.9542619,0.0320883,0,0.95201373
4075,Pass,0,0.599077,1.0836731,0,0.5465254
4076,Pass,0,0.99041134,1.3717498,0,0.88037044
4077,Pass,0,0.9849081,0.007714216,0,0.9845365
4078,Pass,0,0.5491048,4.2686377,0,0.35896719
4079,Pass,0,0.9927487,1.8929425,0,0.84044576
4080,Pass,0,0.91244936,0.4832347,0,0.8768831
4081,Pass,0,0.9681424,1.8112959,0,0.82603115
4082,Pass,0,0.9966185,2.8262043,0,0.7682183
4083,Pass,0,0.9999862,0.20414026,0,0.98366374
4084,Pass,0,0.9783856,1.6805449,0,0.8451554
4085,Pass,0,0.99709713,0.006782616,0,0.99679637
4086,Pass,0,0.9977557,0.9066977,0,0.92456585
4087,Pass,0,0.9482263,0.85923004,0,0.8823234
4088,Pass,0,0.93552065,0.47689486,0,0.8995366
4089,Pass,0,0.9999887,0.24127495,0,0.98065174
4090,Pass,0,0.98155576,1.0982153,0,0.8942941
4091,Pass,0,0.9717389,0.67068577,0,0.91907483
4092,Pass,0,0.9880633,0.8845947,0,0.9173572
4093,Pass,0,0.71376926,1.5693803,0,0.6230139
4094,Pass,0,0.91421306,0.63980466,0,0.8669585
4095,Pass,0,0.99376464,0.5166266,0,0.95233506
4096,Pass,0,0.97708595,0.38247415,0,0.9469923
4097,Pass,0,0.98830986,0.6706062,0,0.93475413
4098,Pass,0,0.99985576,0.8903861,0,0.92783576
4099,Pass,0,0.99012345,0.46641493,0,0.9528815
4100,Pass,0,0.999054,0.73281556,0,0.93987083
4101,Pass,0,0.9887122,0.6776405,0,0.9345701
4102,Pass,0,0.5503776,1.5082295,0,0.48312953
4103,Pass,0,0.9992779,1.2494419,0,0.89817333
4104,Pass,0,0.9967445,0.0817979,0,0.9903741
4105,Pass,0,0.9959197,0.03152277,0,0.9936191
4106,Pass,0,0.99516344,1.0856223,0,0.9077093
4107,Pass,0,0.99444216,0.72191906,0,0.9364118
4108,Pass,0,0.99907315,0.53021246,0,0.9563204
4109,Pass,0,0.8820735,1.3458884,0,0.78592145
4110,Pass,0,0.9564158,0.04108128,0,0.9534643
4111,Pass,0,0.8501058,2.4364543,0,0.68217903
4112,Pass,0,0.9986059,0.69813,0,0.94226104
4113,Pass,0,0.9979457,0.7498859,0,0.9374453
4114,Pass,0,0.9847341,2.1640584,0,0.8119882
4115,Pass,0,0.99863917,0.55121696,0,0.95420223
4116,Pass,0,0.9247397,1.8637773,0,0.7850598
4117,Pass,0,0.96881926,1.0287143,0,0.8881558
4118,Pass,0,0.9784774,0.8053799,0,0.9147494
4119,Pass,0,0.9994537,0.30986896,0,0.97456187
4120,Pass,0,0.9717234,0.88861364,0,0.9018696
4121,Pass,0,0.93876964,1.0692941,0,0.85751563
4122,Pass,0,0.9829715,0.5463319,0,0.9396215
4123,Pass,0,0.89127904,0.75228876,0,0.8370715
4124,Pass,0,0.94062567,0.6660883,0,0.88999885
4125,Pass,0,0.99919623,0.41572818,0,0.96572435
4126,Pass,0,0.8577254,0.8286456,0,0.80024195
4127,Pass,0,0.996838,0.6735126,0,0.94258493
4128,Pass,0,0.7991945,1.3260754,0,0.71336216
4129,Pass,0,0.91927993,0.6370108,0,0.87197196
4130,Pass,0,0.99994624,0.81647927,0,0.933919
4131,Pass,0,0.8404353,0.65577585,0,0.7959046
4132,Pass,0,0.9971517,0.7249721,0,0.93871605
4133,Pass,0,0.99982435,0.71931046,0,0.94169164
4134,Pass,0,0.94083595,0.46508402,0,0.90554947
4135,Pass,0,0.88674223,1.5325177,0,0.776647
4136,Pass,0,0.9845077,0.19940098,0,0.9688167
4137,Pass,0,0.97717357,1.8757048,0,0.8286275
4138,Pass,0,0.9939395,0.02075893,0,0.992512
4139,Pass,0,0.9261785,1.3595155,0,0.8241941
4140,Pass,0,0.80842274,0.75609213,0,0.7590049
4141,Pass,0,0.9599905,0.7126975,0,0.90468925
4142,Pass,0,0.9999261,0.6637119,0,0.94630057
4143,Pass,0,0.9301664,0.53966147,0,0.8896489
4144,Pass,0,0.99803156,0.02232258,0,0.9964715
4145,Pass,0,0.8763533,1.0204358,0,0.8039775
4146,Pass,0,0.94940025,0.6805773,0,0.89718455
4147,Pass,0,0.98223084,0.2381806,0,0.963484
4148,Pass,0,0.9978126,1.2988762,0,0.8928521
4149,Pass,0,0.9997521,0.69716436,0,0.94342095
4150,Pass,0,0.99989974,0.37766582,0,0.96949375
4151,Pass,0,0.99987686,0.49076396,0,0.9602917
4152,Pass,0,0.7819012,1.9607825,0,0.6576395
4153,Pass,0,0.9984421,0.03153413,0,0.99613476
4154,Pass,0,0.82736653,1.3683786,0,0.73566735
4155,Pass,0,0.99781513,0.2886107,0,0.974686
4156,Pass,0,0.5911119,1.1293923,0,0.5370652
4157,Pass,0,0.9999896,0.08840703,0,0.99306196
4158,Pass,0,0.9730775,0.9029141,0,0.9019967
4159,Pass,0,0.5609217,0.8516646,0,0.52228147
4160,Pass,0,0.95836323,0.45348415,0,0.9233219
4161,Pass,0,0.99902356,1.0536028,0,0.91382694
4162,Pass,0,0.999845,0.61203045,0,0.95041853
4163,Pass,0,0.5737273,3.14454,0,0.42741713
4164,Pass,0,0.99598,0.26170397,0,0.97506887
4165,Pass,0,0.8304395,0.64930165,0,0.78687483
4166,Pass,0,0.9970541,0.5447718,0,0.95320934
4167,Pass,0,0.8691869,0.89057463,0,0.8065657
4168,Pass,0,0.99732625,0.07517363,0,0.99148846
4169,Pass,0,0.99894327,0.08603364,0,0.9922153
4170,Pass,0,0.95519614,0.015967507,0,0.9541958
4171,Pass,0,0.9293828,0.069334,0,0.9243832
4172,Pass,0,0.9956483,0.26873115,0,0.9741762
4173,Pass,0,0.8008788,0.46355027,0,0.7709412
4174,Pass,0,0.8948235,0.4579014,0,0.8617845
4175,Pass,0,0.9992023,0.1303977,0,0.98887414
4176,Pass,0,0.54848534,0.80268264,0,0.5128827
4177,Pass,0,0.9976278,1.7103059,0,0.8593672
4178,Pass,0,0.9244678,0.17489634,0,0.91157264
4179,Pass,0,0.9971553,0.030998068,0,0.9948943
4180,Pass,0,0.977298,1.2359596,0,0.8794869
4181,Pass,0,0.9981192,0.06450456,0,0.9931412
4182,Pass,0,0.96696687,0.6512031,0,0.9160908
4183,Pass,0,0.996745,0.5755594,0,0.9504227
4184,Pass,0,0.9552613,0.61531603,0,0.907784
4185,Pass,0,0.8354699,0.7870611,0,0.7822983
4186,Pass,0,0.9998441,0.6665061,0,0.9459961
4187,Pass,0,0.9570291,0.43446904,0,0.92351377
4188,Pass,0,0.9970306,0.36016586,0,0.96812826
4189,Pass,0,0.996425,0.5483884,0,0.95231533
4190,Pass,0,0.9900039,0.07724041,0,0.9840428
4191,Pass,0,0.9903349,0.010514351,0,0.9897362
4192,Pass,0,0.9975343,0.43803972,0,0.9623113
4193,Pass,0,0.7327754,1.3781928,0,0.6509762
4194,Pass,0,0.7211811,1.0405557,0,0.66044265
4195,Pass,0,0.9920197,0.010497427,0,0.99142134
4196,Pass,0,0.8620397,1.6074102,0,0.7497705
4197,Pass,0,0.90096444,2.4204712,0,0.7241602
4198,Pass,0,0.98584104,0.662502,0,0.9330676
4199,Pass,0,0.46311164,1.0276313,0,0.4245939
4200,Pass,0,0.9997907,0.6852659,0,0.9444231
4201,Pass,0,0.4575233,1.405977,0,0.40541837
4202,Pass,0,0.9995969,0.6359619,0,0.9482407
4203,Pass,0,0.864317,0.9177121,0,0.80014265
4204,Pass,0,0.99988747,0.52870405,0,0.95722234
4205,Pass,0,0.7543171,2.1215901,0,0.6245923
4206,Pass,0,0.9966522,1.4109794,0,0.88274395
4207,Pass,0,0.68254197,0.41161105,0,0.65990573
4208,Pass,0,0.98094064,1.5359063,0,0.85888016
4209,Pass,0,0.9958431,0.21721342,0,0.9785314
4210,Pass,0,0.9901225,0.9168847,0,0.9166737
4211,Pass,0,0.8142866,1.8386371,0,0.69295216
4212,Pass,0,0.6502965,3.2605004,0,0.47833842
4213,Pass,0,0.9740383,0.23525654,0,0.95567906
4214,Pass,0,0.9898953,0.8997592,0,0.9178395
4215,Pass,0,0.93373305,0.94155324,0,0.8625975
4216,Pass,0,0.93721014,0.14762257,0,0.92621225
4217,Pass,0,0.9964477,0.4339569,0,0.96159333
4218,Pass,0,0.9991247,0.6166201,0,0.9493615
4219,Pass,0,0.986188,0.55411214,0,0.94207335
4220,Pass,0,0.87517077,1.0378078,0,0.8016584
4221,Pass,0,0.92245376,0.833494,0,0.8602693
4222,Pass,0,0.9376473,0.7797473,0,0.87852955
4223,Pass,0,0.9988053,0.8235245,0,0.93228215
4224,Pass,0,0.8680005,0.81899726,0,0.8105083
4225,Pass,0,0.99219394,0.60379887,0,0.9438087
4226,Pass,0,0.9926594,1.0054524,0,0.9118855
4227,Pass,0,0.99873215,0.54211414,0,0.95502913
4228,Pass,0,0.9090349,1.1296263,0,0.8259025
4229,Pass,0,0.9981223,0.34167984,0,0.97068614
4230,Pass,0,0.9669767,0.6138921,0,0.9190289
4231,Pass,0,0.8962034,0.5418459,0,0.8570064
4232,Pass,0,0.97197324,0.065303296,0,0.96706265
4233,Pass,0,0.99933857,0.7419308,0,0.9393991
4234,Pass,0,0.99258065,0.44001484,0,0.95737344
4235,Pass,0,0.94597316,1.1310323,0,0.85935473
4236,Pass,0,0.9999658,0.7851439,0,0.9364809
4237,Pass,0,0.90766203,0.2889086,0,0.8866007
4238,Pass,0,0.53367573,1.446942,0,0.4711235
4239,Pass,0,0.697466,1.6596892,0,0.6036705
4240,Pass,0,0.95022166,0.8436472,0,0.8853821
4241,Pass,0,0.9998355,0.22236992,0,0.98203593
4242,Pass,0,0.95893574,0.69087535,0,0.90539396
4243,Pass,0,0.9933507,0.6848083,0,0.9383766
4244,Pass,0,0.94500923,0.6881993,0,0.89245033
4245,Pass,0,0.98572874,1.5548044,0,0.8615602
4246,Pass,0,0.9847253,0.5354175,0,0.9421705
4247,Pass,0,0.999027,0.85858786,0,0.92964554
4248,Pass,0,0.4799713,1.9034138,0,0.4059283
4249,Pass,0,0.98512983,0.032943342,0,0.9827406
4250,Pass,0,0.9950317,0.6892216,0,0.9396081
4251,Pass,0,0.9935163,0.8566883,0,0.92467076
4252,Pass,0,0.9978283,0.4383041,0,0.9625735
4253,Pass,0,0.99868006,0.47862953,0,0.960126
4254,Pass,0,0.9592204,1.1475378,0,0.8701038
4255,Pass,0,0.9424209,1.3114103,0,0.8423282
4256,Pass,0,0.38482457,0.7188342,0,0.36246464
4257,Pass,0,0.9958401,0.3057218,0,0.9713735
4258,Pass,0,0.99771935,0.26743647,0,0.9763074
4259,Pass,0,0.67413193,1.2474052,0,0.6060363
4260,Pass,0,0.9859217,0.8376462,0,0.9191264
4261,Pass,0,0.9990507,0.6658057,0,0.94530225
4262,Pass,0,0.9891555,0.023482326,0,0.98751616
4263,Pass,0,0.84908205,1.7751939,0,0.72693574
4264,Pass,0,0.99286675,0.033637878,0,0.99040276
4265,Pass,0,0.36676967,1.6594946,0,0.3174521
4266,Pass,0,0.9795772,0.21728745,0,0.9625424
4267,Pass,0,0.9963211,0.01998902,0,0.99495244
4268,Pass,0,0.9948566,0.7609972,0,0.93364614
4269,Pass,0,0.9396817,0.9587021,0,0.8667849
4270,Pass,0,0.95759916,0.5972727,0,0.91140825
4271,Pass,0,0.49349576,1.8771291,0,0.41841942
4272,Pass,0,0.86204356,1.2848097,0,0.772349
4273,Pass,0,0.9743533,0.02894427,0,0.9723065
4274,Pass,0,0.9968905,1.2534684,0,0.8957016
4275,Pass,0,0.9997223,0.33248937,0,0.972988
4276,Pass,0,0.93032134,0.741137,0,0.8745814
4277,Pass,0,0.8602857,1.0464878,0,0.78741753
4278,Pass,0,0.9998424,0.21942829,0,0.98228145
4279,Pass,0,0.9998254,0.46524954,0,0.9623131
4280,Pass,0,0.8574145,1.0837566,0,0.78219545
4281,Pass,0,0.99596304,0.21153297,0,0.9791086
4282,Pass,0,0.9993543,0.25608072,0,0.9788285
4283,Pass,0,0.9361901,2.0999074,0,0.7768353
4284,Pass,0,0.52794206,1.4879463,0,0.46430454
4285,Pass,0,0.9923165,0.36420286,0,0.9632256
4286,Pass,0,0.7900894,0.8687133,0,0.734569
4287,Pass,0,0.94928086,1.0338739,0,0.8698466
4288,Pass,0,0.9998217,0.6148891,0,0.9501644
4289,Pass,0,0.99110985,1.3512938,0,0.88263714
4290,Pass,0,0.99700874,0.56972575,0,0.95114636
4291,Pass,0,0.872186,0.28987867,0,0.8518792
4292,Pass,0,0.99612755,0.038124714,0,0.9932926
4293,Pass,0,0.84219414,0.71528697,0,0.7935016
4294,Pass,0,0.8957207,2.9108999,0,0.6842853
4295,Pass,0,0.99465334,0.4290577,0,0.96025735
4296,Pass,0,0.99849176,0.45635292,0,0.9617506
4297,Pass,0,0.8356126,1.2360394,0,0.75197643
4298,Pass,0,0.9834065,0.5706425,0,0.93809664
4299,Pass,0,0.89948446,0.58390355,0,0.85707295
4300,Pass,0,0.41286823,5.5581546,0,0.22668608
4301,Pass,0,0.530269,1.1135415,0,0.48246762
4302,Pass,0,0.961116,0.15474637,0,0.9492818
4303,Pass,0,0.98833025,0.031235432,0,0.9860703
4304,Pass,0,0.9923781,0.023623275,0,0.99072206
4305,Pass,0,0.99986196,0.73670006,0,0.94031566
4306,Pass,0,0.98844683,0.60314626,0,0.94029665
4307,Pass,0,0.9914444,0.95977193,0,0.91444594
4308,Pass,0,0.9007753,0.7398341,0,0.8469009
4309,Pass,0,0.9742387,0.3965519,0,0.9431194
4310,Pass,0,0.99806553,0.62528837,0,0.9476528
4311,Pass,0,0.85332316,0.65699947,0,0.8080248
4312,Pass,0,0.9069592,0.71078396,0,0.85485375
4313,Pass,0,0.5071392,0.9862765,0,0.4666621
4314,Pass,0,0.86553127,0.7871984,0,0.81043684
4315,Pass,0,0.9125959,0.8064021,0,0.853083
4316,Pass,0,0.8738502,0.7105581,0,0.8236629
4317,Pass,0,0.53067935,2.1077695,0,0.4400104
4318,Pass,0,0.9628144,0.014513825,0,0.9619197
4319,Pass,0,0.9798163,0.33786455,0,0.9531868
4320,Pass,0,0.99962604,0.18127826,0,0.9851647
4321,Pass,0,0.9959668,1.4912481,0,0.8756472
4322,Pass,0,0.9999678,0.184041,0,0.98527724
4323,Pass,0,0.84918505,0.56414425,0,0.8105073
4324,Pass,0,0.9871975,0.34413224,0,0.95986515
4325,Pass,0,0.7230732,2.459944,0,0.5788612
4326,Pass,0,0.9843726,0.6490578,0,0.9327522
4327,Pass,0,0.8224413,0.8305348,0,0.7671964
4328,Pass,0,0.9979983,0.05064763,0,0.99414355
4329,Pass,0,0.97804445,0.7575401,0,0.91814286
4330,Pass,0,0.8601433,2.1001441,0,0.7137164
4331,Pass,0,0.97642004,0.063817054,0,0.97160476
4332,Pass,0,0.9952408,0.38976935,0,0.9639986
4333,Pass,0,0.95639,2.4208777,0,0.7686776
4334,Pass,0,0.56953824,1.0630057,0,0.5205334
4335,Pass,0,0.92726946,0.3691786,0,0.89971095
4336,Pass,0,0.9777779,0.4545551,0,0.9419416
4337,Pass,0,0.9939442,0.035838902,0,0.9912999
4338,Pass,0,0.9798117,0.38377044,0,0.949531
4339,Pass,0,0.9939551,1.6294091,0,0.86273074
4340,Pass,0,0.9878955,0.48745066,0,0.94905037
4341,Pass,0,0.8233342,1.2721828,0,0.7385113
4342,Pass,0,0.99929655,0.9999037,0,0.9184327
4343,Pass,0,0.9950181,0.4202779,0,0.9613187
4344,Pass,0,0.67513454,2.5855262,0,0.533601
4345,Pass,0,0.99967504,0.2857982,0,0.97673106
4346,Pass,0,0.9824008,0.30753055,0,0.95812017
4347,Pass,0,0.9961248,0.33738372,0,0.96909094
4348,Pass,0,0.99655247,0.15750748,0,0.98405856
4349,Pass,0,0.99556303,0.14409941,0,0.98416513
4350,Pass,0,0.92481434,0.5716158,0,0.882131
4351,Pass,0,0.998762,2.8601959,0,0.7671145
4352,Pass,0,0.9975852,0.46245292,0,0.9603834
4353,Pass,0,0.9894196,0.8470359,0,0.9216331
4354,Pass,0,0.984683,0.8149397,0,0.91978663
4355,Pass,0,0.4203505,1.539746,0,0.36791438
4356,Pass,0,0.45677832,3.2112126,0,0.33781987
4357,Pass,0,0.9993668,1.5466536,0,0.87414163
4358,Pass,0,0.8801254,0.4792056,0,0.846107
4359,Pass,0,0.64591295,0.7701139,0,0.6056939
4360,Pass,0,0.80826217,1.6645936,0,0.69924486
4361,Pass,0,0.98373204,1.2303659,0,0.8857237
4362,Pass,0,0.9975677,0.22052585,0,0.9799578
4363,Pass,0,0.98216665,2.1394882,0,0.8118301
4364,Pass,0,0.9864026,1.3238806,0,0.88064015
4365,Pass,0,0.9982603,0.46489248,0,0.96083564
4366,Pass,0,0.9972144,0.4568757,0,0.96047795
4367,Pass,0,0.99864656,0.5959509,0,0.95058286
4368,Pass,0,0.90762985,1.5963088,0,0.7902412
4369,Pass,0,0.48343915,1.8250932,0,0.41193485
4370,Pass,0,0.9804513,3.0677865,0,0.73652846
4371,Pass,0,0.9551996,0.7940092,0,0.89386934
4372,Pass,0,0.99948835,0.47201604,0,0.96143967
4373,Pass,0,0.9557637,0.8705569,0,0.8884582
4374,Pass,0,0.37474594,1.7260542,0,0.32233104
4375,Pass,0,0.9861789,0.48797357,0,0.9473594
4376,Pass,0,0.99894637,0.788885,0,0.9352228
4377,Pass,0,0.9831039,0.42976385,0,0.9490509
4378,Pass,0,0.9991304,1.4345051,0,0.8830309
4379,Pass,0,0.9393459,0.87716514,0,0.8726926
4380,Pass,0,0.5176755,1.7682879,0,0.44349456
4381,Pass,0,0.9747138,1.203981,0,0.87969166
4382,Pass,0,0.58561844,1.205096,0,0.5284751
4383,Pass,0,0.84014344,0.28896782,0,0.8206448
4384,Pass,0,0.91762155,0.87169987,0,0.85291684
4385,Pass,0,0.99086845,0.4576726,0,0.95430166
4386,Pass,0,0.9897702,0.06605691,0,0.9847091
4387,Pass,0,0.9759536,0.6653085,0,0.9234871
4388,Pass,0,0.970058,0.42831582,0,0.93657094
4389,Pass,0,0.946415,0.30943894,0,0.92287713
4390,Pass,0,0.9990927,1.5679873,0,0.87217164
4391,Pass,0,0.8132402,2.415271,0,0.65399414
4392,Pass,0,0.9912873,0.45102704,0,0.95523983
4393,Pass,0,0.9847394,0.88471514,0,0.9142616
4394,Pass,0,0.9980253,0.35735473,0,0.96932185
4395,Pass,0,0.99379516,1.0487512,0,0.9094358
4396,Pass,0,0.94934255,1.0100772,0,0.87173706
4397,Pass,0,0.9509916,0.9669584,0,0.87657994
4398,Pass,0,0.99493235,0.75571,0,0.93414426
4399,Pass,0,0.97851324,0.15714732,0,0.9662741
4400,Pass,0,0.6642031,1.2850442,0,0.595081
4401,Pass,0,0.99148643,1.8484313,0,0.8429597
4402,Pass,0,0.9996768,0.48353082,0,0.9606865
4403,Pass,0,0.5505213,0.52977777,0,0.5269826
4404,Pass,0,0.99336267,0.41040018,0,0.9605158
4405,Pass,0,0.59305763,0.4821785,0,0.56999177
4406,Pass,0,0.9891551,0.5875912,0,0.94221944
4407,Pass,0,0.9470478,0.5247793,0,0.9069391
4408,Pass,0,0.907836,2.337209,0,0.7358194
4409,Pass,0,0.9929141,0.015285746,0,0.9919292
4410,Pass,0,0.97734344,0.6145618,0,0.9288285
4411,Pass,0,0.9981679,0.49823013,0,0.9580454
4412,Pass,0,0.9782049,0.49017864,0,0.9395242
4413,Pass,0,0.9394181,1.4307913,0,0.83054036
4414,Pass,0,0.99533373,0.9342552,0,0.9200949
4415,Pass,0,0.99671125,0.90444297,0,0.9237804
4416,Pass,0,0.99749434,1.5439714,0,0.87272096
4417,Pass,0,0.9972072,0.98106575,0,0.9180374
4418,Pass,0,0.999985,0.6439093,0,0.9479638
4419,Pass,0,0.8685214,2.2797267,0,0.70800686
4420,Pass,0,0.9814574,0.6892176,0,0.92679024
4421,Pass,0,0.9853625,0.39962196,0,0.9536423
4422,Pass,0,0.87851244,1.1308104,0,0.7980869
4423,Pass,0,0.93984354,0.85196245,0,0.8750777
4424,Pass,0,0.8961021,0.3206204,0,0.8730022
4425,Pass,0,0.67917085,1.5615185,0,0.5932481
4426,Pass,0,0.75006884,1.3836673,0,0.66600585
4427,Pass,0,0.86571455,1.629109,0,0.7514419
4428,Pass,0,0.9810993,0.050874267,0,0.97729176
4429,Pass,0,0.99284196,0.35709536,0,0.9643085
4430,Pass,0,0.9987425,0.815089,0,0.93290746
4431,Pass,0,0.9805433,0.27525136,0,0.958878
4432,Pass,0,0.9966653,1.0697858,0,0.91036046
4433,Pass,0,0.38584775,1.8042579,0,0.32943055
4434,Pass,0,0.99679214,0.79632473,0,0.932604
4435,Pass,0,0.9359643,1.3552977,0,0.8332228
4436,Pass,0,0.99153507,0.30628112,0,0.96712923
4437,Pass,0,0.73939633,0.80361974,0,0.6913453
4438,Pass,0,0.96055925,0.71618646,0,0.9049532
4439,Pass,0,0.83915585,1.4483232,0,0.7407041
4440,Pass,0,0.9223929,1.1038116,0,0.83997184
4441,Pass,0,0.98398215,0.8052983,0,0.9199021
4442,Pass,0,0.98460174,0.6425298,0,0.933491
4443,Pass,0,0.6307822,1.1541528,0,0.57184047
4444,Pass,0,0.90384394,0.7472479,0,0.84924203
4445,Pass,0,0.9953858,0.9370217,0,0.9199195
4446,Pass,0,0.99647045,0.47971627,0,0.95791376
4447,Pass,0,0.9993137,0.35375908,0,0.9708649
4448,Pass,0,0.99954337,0.296777,0,0.9757116
4449,Pass,0,0.45919952,2.1132472,0,0.38053903
4450,Pass,0,0.98160124,0.024558945,0,0.9798887
4451,Pass,0,0.68449223,9.45615,0,0.15922818
4452,Pass,0,0.96011364,0.2546124,0,0.9405083
4453,Pass,0,0.99801886,0.35996172,0,0.9691044
4454,Pass,0,0.5945352,1.4094592,0,0.5266586
4455,Pass,0,0.56178457,1.3679459,0,0.49954027
4456,Pass,0,0.993683,0.73184335,0,0.9348964
4457,Pass,0,0.9998511,0.22035888,0,0.98221445
4458,Pass,0,0.9934442,0.5124961,0,0.95236105
4459,Pass,0,0.99975127,0.18062873,0,0.9853408
4460,Pass,0,0.967283,1.2275965,0,0.87113094
4461,Pass,0,0.89329433,0.69209284,0,0.8433293
4462,Pass,0,0.9990085,0.2670001,0,0.9776042
4463,Pass,0,0.9893177,0.898181,0,0.9174308
4464,Pass,0,0.9975484,0.6754609,0,0.9430989
4465,Pass,0,0.98667973,0.71028906,0,0.9300339
4466,Pass,0,0.97174406,0.3236079,0,0.9464585
4467,Pass,0,0.9994686,0.6884078,0,0.9438639
4468,Pass,0,0.9993851,0.83956224,0,0.93152225
4469,Pass,0,0.9316743,1.2431884,0,0.8378827
4470,Pass,0,0.99984396,0.5173359,0,0.95810336
4471,Pass,0,0.9998921,0.24930196,0,0.9799055
4472,Pass,0,0.9821661,0.73853785,0,0.9235272
4473,Pass,0,0.99677306,0.26487038,0,0.9755891
4474,Pass,0,0.99977285,0.71866393,0,0.94169563
4475,Pass,0,0.99502486,1.0154386,0,0.91325194
4476,Pass,0,0.98276675,0.226047,0,0.9649777
4477,Pass,0,0.3453764,0.45325714,0,0.3327545
4478,Pass,0,0.98672384,0.446669,0,0.95119137
4479,Pass,0,0.85278517,2.8780725,0,0.6537572
4480,Pass,0,0.9654208,1.499772,0,0.8481233
4481,Pass,0,0.951126,1.3651937,0,0.8459561
4482,Pass,0,0.9922557,1.3482891,0,0.88389957
4483,Pass,0,0.8875031,0.32714298,0,0.86415493
4484,Pass,0,0.98502225,0.86595684,0,0.91602415
4485,Pass,0,0.99998593,0.5530653,0,0.9553391
4486,Pass,0,0.9986945,0.49220312,0,0.95903945
4487,Pass,0,0.99781775,2.2247322,0,0.8178621
4488,Pass,0,0.9357676,0.38430712,0,0.9068073
4489,Pass,0,0.84725213,1.5111525,0,0.7435293
4490,Pass,0,0.99603975,0.7227603,0,0.9378482
4491,Pass,0,0.9670619,0.12425741,0,0.95754796
4492,Pass,0,0.98678744,0.80450004,0,0.92258865
4493,Pass,0,0.98500973,0.19725783,0,0.9694821
4494,Pass,0,0.537791,0.63571125,0,0.51017195
4495,Pass,0,0.9999627,0.26593193,0,0.9786247
4496,Pass,0,0.9830905,0.32645676,0,0.9572824
4497,Pass,0,0.573016,4.865188,0,0.34684956
4498,Pass,0,0.49653205,3.5782197,0,0.35242757
4499,Pass,0,0.98242664,0.8371094,0,0.91591096
4500,Pass,0,0.848928,2.2969909,0,0.69084483
4501,Pass,0,0.97043544,0.3350992,0,0.9442787
4502,Pass,0,0.98162854,0.80046684,0,0.9180868
4503,Pass,0,0.99545896,0.2969566,0,0.9717101
4504,Pass,0,0.9907391,0.77574986,0,0.92859554
4505,Pass,0,0.89785355,2.1323454,0,0.74266
4506,Pass,0,0.9903224,0.9055259,0,0.917772
4507,Pass,0,0.7117702,0.94880027,0,0.65712595
4508,Pass,0,0.9958603,0.8089068,0,0.93071496
4509,Pass,0,0.9695385,0.6454641,0,0.9189788
4510,Pass,0,0.99996567,0.7383244,0,0.9402813
4511,Pass,0,0.46240446,2.1419022,0,0.38211933
4512,Pass,0,0.9960522,0.18207231,0,0.9815783
4513,Pass,0,0.9917393,0.90244323,0,0.9193332
4514,Pass,0,0.97589475,0.6116143,0,0.92768514
4515,Pass,0,0.9882535,0.14436407,0,0.976918
4516,Pass,0,0.994651,0.11363556,0,0.98572326
4517,Pass,0,0.9999858,1.0621479,0,0.91401345
4518,Pass,0,0.99996996,0.27498376,0,0.97789705
4519,Pass,0,0.96052295,0.3686635,0,0.9320163
4520,Pass,0,0.9915183,1.3060904,0,0.8866393
4521,Pass,0,0.9801887,2.8612628,0,0.75276417
4522,Pass,0,0.99981433,0.17818768,0,0.98560107
4523,Pass,0,0.8572852,1.1049682,0,0.7806013
4524,Pass,0,0.9961372,0.06218612,0,0.99135655
4525,Pass,0,0.996779,0.03670243,0,0.99405736
4526,Pass,0,0.9933348,0.4894558,0,0.9541141
4527,Pass,0,0.9978604,0.93623066,0,0.92227054
4528,Pass,0,0.8816407,0.4884986,0,0.84689856
4529,Pass,0,0.9993092,0.49515998,0,0.95938987
4530,Pass,0,0.99892825,1.2358605,0,0.89896035
4531,Pass,0,0.9818023,0.6466348,0,0.93050975
4532,Pass,0,0.9864117,0.5885048,0,0.93953305
4533,Pass,0,0.98567164,0.0324668,0,0.9833192
4534,Pass,0,0.629726,0.6498442,0,0.596663
4535,Pass,0,0.9947995,1.0400771,0,0.9110554
4536,Pass,0,0.54257685,0.90849113,0,0.5026974
4537,Pass,0,0.98602515,1.1704783,0,0.89258194
4538,Pass,0,0.9885909,0.023225665,0,0.9869731
4539,Pass,0,0.9998864,0.13790773,0,0.98894155
4540,Pass,0,0.5533158,0.96235067,0,0.51022786
4541,Pass,0,0.9949563,0.3978526,0,0.9630702
4542,Pass,0,0.9999105,0.46556193,0,0.9623696
4543,Pass,0,0.99813867,0.32391396,0,0.97214156
4544,Pass,0,0.98344296,0.31931442,0,0.9581958
4545,Pass,0,0.9806418,0.3911364,0,0.94974905
4546,Pass,0,0.92945826,1.1403552,0,0.8436486
4547,Pass,0,0.47951025,1.8166473,0,0.40891582
4548,Pass,0,0.9900249,1.2617043,0,0.888871
4549,Pass,0,0.9965346,1.0567178,0,0.9112982
4550,Pass,0,0.9582347,0.67543966,0,0.9059328
4551,Pass,0,0.8656787,1.1428975,0,0.78557867
4552,Pass,0,0.7689217,1.78871,0,0.6574633
4553,Pass,0,0.9984944,0.75622195,0,0.93744713
4554,Pass,0,0.9768742,0.46256313,0,0.940436
4555,Pass,0,0.9185892,1.6144537,0,0.79843
4556,Pass,0,0.7891388,0.47191843,0,0.75910395
4557,Pass,0,0.996554,0.39936578,0,0.9644943
4558,Pass,0,0.95185775,0.42601737,0,0.9191766
4559,Pass,0,0.9999131,0.6058245,0,0.9509869
4560,Pass,0,0.96513903,1.7720793,0,0.8265412
4561,Pass,0,0.9417498,0.5572415,0,0.8993837
4562,Pass,0,0.99981946,0.4526899,0,0.96332675
4563,Pass,0,0.9602154,0.08379248,0,0.953923
4564,Pass,0,0.99480563,0.1414804,0,0.9836279
4565,Pass,0,0.96066934,0.29887524,0,0.9376008
4566,Pass,0,0.9882939,0.26907125,0,0.9669531
4567,Pass,0,0.47121632,0.9118431,0,0.43645367
4568,Pass,0,0.99563473,0.5111812,0,0.9545673
4569,Pass,0,0.99701464,0.4770797,0,0.9586503
4570,Pass,0,0.92382145,0.5859267,0,0.88011074
4571,Pass,0,0.7307646,1.8060529,0,0.6238085
4572,Pass,0,0.9887877,0.28425208,0,0.9662177
4573,Pass,0,0.98665005,0.83368534,0,0.9201226
4574,Pass,0,0.99327976,0.112656705,0,0.9844433
4575,Pass,0,0.9981603,2.575672,0,0.7897069
4576,Pass,0,0.9804243,0.6111394,0,0.9320288
4577,Pass,0,0.98880893,0.5410177,0,0.9456281
4578,Pass,0,0.5010082,1.4140776,0,0.44362155
4579,Pass,0,0.93273526,0.49878907,0,0.89520055
4580,Pass,0,0.98821974,0.032176554,0,0.9858845
4581,Pass,0,0.9872593,1.0033722,0,0.90709156
4582,Pass,0,0.9643874,2.4180906,0,0.7753235
4583,Pass,0,0.98786676,0.8574271,0,0.9193534
4584,Pass,0,0.93397003,1.6622084,0,0.8081783
4585,Pass,0,0.96520996,0.47658503,0,0.9281082
4586,Pass,0,0.9898928,0.59968853,0,0.94195
4587,Pass,0,0.99978095,0.31781954,0,0.9742357
4588,Pass,0,0.99042857,0.09875044,0,0.9827355
4589,Pass,0,0.9822925,0.10158978,0,0.9744362
4590,Pass,0,0.99670464,0.2811425,0,0.9742055
4591,Pass,0,0.99994385,0.33257103,0,0.973197
4592,Pass,0,0.9962954,0.70417356,0,0.9395921
4593,Pass,0,0.99579984,1.3677803,0,0.8854811
4594,Pass,0,0.98574024,2.2122388,0,0.80896246
4595,Pass,0,0.9984609,0.028043821,0,0.9964364
4596,Pass,0,0.99978334,0.61667484,0,0.94998294
4597,Pass,0,0.97744477,0.07387848,0,0.9718261
4598,Pass,0,0.97410995,1.598319,0,0.84796405
4599,Pass,0,0.950586,0.39495572,0,0.9203454
4600,Pass,0,0.9993113,0.556516,0,0.9544146
4601,Pass,0,0.5382318,1.4206619,0,0.47629377
4602,Pass,0,0.9963251,0.027172333,0,0.9943754
4603,Pass,0,0.99497956,0.042718288,0,0.9917769
4604,Pass,0,0.9984628,0.7348206,0,0.9391521
4605,Pass,0,0.52674913,0.8423382,0,0.49086174
4606,Pass,0,0.98915756,0.01531726,0,0.98817384
4607,Pass,0,0.97571635,0.72034234,0,0.91890365
4608,Pass,0,0.9797865,0.54468286,0,0.93670815
4609,Pass,0,0.99361634,0.6831177,0,0.93876386
4610,Pass,0,0.9791221,0.6274365,0,0.9294955
4611,Pass,0,0.99987066,0.3826084,0,0.9690644
4612,Pass,0,0.9999635,0.21141052,0,0.9830513
4613,Pass,0,0.85880756,0.746252,0,0.80699575
4614,Pass,0,0.97970253,1.7726086,0,0.83897126
4615,Pass,0,0.94418037,1.402446,0,0.83692324
4616,Pass,0,0.9237777,0.6065627,0,0.87852156
4617,Pass,0,0.9909484,0.59200007,0,0.94357294
4618,Pass,0,0.9913817,0.5978938,0,0.9435113
4619,Pass,0,0.53664243,1.2387632,0,0.48281142
4620,Pass,0,0.9029234,0.5447258,0,0.8632214
4621,Pass,0,0.99288577,0.28550738,0,0.9701211
4622,Pass,0,0.9954158,0.7064317,0,0.9385801
4623,Pass,0,0.9999403,0.24577613,0,0.9802389
4624,Pass,0,0.9927532,0.28579932,0,0.96996796
4625,Pass,0,0.95585966,1.3184047,0,0.8537969
4626,Pass,0,0.9971553,0.52347034,0,0.9550304
4627,Pass,0,0.9931768,1.261815,0,0.891692
4628,Pass,0,0.99458224,0.669526,0,0.94077384
4629,Pass,0,0.9999219,0.50247645,0,0.9593842
4630,Pass,0,0.66275114,2.5418515,0,0.52616334
4631,Pass,0,0.9999784,0.22461525,0,0.9819941
4632,Pass,0,0.98384917,0.86392903,0,0.9150952
4633,Pass,0,0.5268704,0.62827146,0,0.5001304
4634,Pass,0,0.9696564,0.8287693,0,0.90466183
4635,Pass,0,0.69179314,0.7525084,0,0.64970595
4636,Pass,0,0.99995184,1.1471559,0,0.907082
4637,Pass,0,0.99918085,0.31099764,0,0.9742043
4638,Pass,0,0.99004996,0.514062,0,0.9489814
4639,Pass,0,0.92068875,0.62732357,0,0.87403226
4640,Pass,0,0.83430266,0.4307825,0,0.8053349
4641,Pass,0,0.9827854,0.7503317,0,0.92316854
4642,Pass,0,0.9791998,1.5091206,0,0.8594851
4643,Pass,0,0.98796487,0.029516669,0,0.9858436
4644,Pass,0,0.98703426,0.3797801,0,0.9568501
4645,Pass,0,0.9837442,0.9134599,0,0.9110421
4646,Pass,0,0.9498852,0.07183312,0,0.9445827
4647,Pass,0,0.95043826,1.3535626,0,0.84624183
4648,Pass,0,0.9093899,0.6423437,0,0.8621972
4649,Pass,0,0.9943289,0.26514298,0,0.97317487
4650,Pass,0,0.99485564,0.20422523,0,0.97861004
4651,Pass,0,0.9962218,0.035874266,0,0.9935686
4652,Pass,0,0.99561596,0.30942065,0,0.9708559
4653,Pass,0,0.9916801,0.03132518,0,0.9894052
4654,Pass,0,0.99992,2.3854072,0,0.80654305
4655,Pass,0,0.91721,0.03214004,0,0.91504526
4656,Pass,0,0.9159591,1.4202292,0,0.8105856
4657,Pass,0,0.49873275,3.0592766,0,0.37499943
4658,Pass,0,0.99451303,1.1013589,0,0.9058456
4659,Pass,0,0.9288599,1.084748,0,0.8472984
4660,Pass,0,0.9905404,0.41212568,0,0.9576481
4661,Pass,0,0.99837494,0.43896168,0,0.96304756
4662,Pass,0,0.9099669,0.52536136,0,0.8713856
4663,Pass,0,0.9859277,0.6447715,0,0.93456876
4664,Pass,0,0.96040154,0.51979434,0,0.9201159
4665,Pass,0,0.7954814,1.160855,0,0.72071695
4666,Pass,0,0.9927511,0.4754524,0,0.954682
4667,Pass,0,0.99983823,0.63738376,0,0.9483543
4668,Pass,0,0.9974401,1.4442718,0,0.8807462
4669,Pass,0,0.99532473,0.6561475,0,0.9425571
4670,Pass,0,0.99263966,0.029090803,0,0.99054265
4671,Pass,0,0.9123992,0.86299855,0,0.8487072
4672,Pass,0,0.9979361,0.4152334,0,0.96454656
4673,Pass,0,0.7347832,0.85649586,0,0.68387794
4674,Pass,0,0.9933575,0.0878651,0,0.98651946
4675,Pass,0,0.99937516,0.82779074,0,0.93246794
4676,Pass,0,0.9764325,0.05699662,0,0.9721578
4677,Pass,0,0.99946886,0.5880348,0,0.95200783
4678,Pass,0,0.9941626,0.5624469,0,0.9490186
4679,Pass,0,0.9103282,1.818804,0,0.7761485
4680,Pass,0,0.9982868,0.19978353,0,0.98234516
4681,Pass,0,0.8257926,0.5672613,0,0.7879714
4682,Pass,0,0.7885545,0.18392405,0,0.77697724
4683,Pass,0,0.9768256,0.55837655,0,0.9327916
4684,Pass,0,0.9980855,0.8981483,0,0.9255641
4685,Pass,0,0.9888782,0.030262161,0,0.98669505
4686,Pass,0,0.9860042,0.80374664,0,0.92191666
4687,Pass,0,0.9868826,0.014977204,0,0.9859284
4688,Pass,0,0.9619053,0.7033671,0,0.9072223
4689,Pass,0,0.99880636,0.825218,0,0.93214583
4690,Pass,0,0.9327966,0.60755706,0,0.8870233
4691,Pass,0,0.9963492,0.050752364,0,0.9924923
4692,Pass,0,0.98576224,0.9000536,0,0.91398376
4693,Pass,0,0.9332173,1.5432818,0,0.81653637
4694,Pass,0,0.99838865,0.31114036,0,0.97342026
4695,Pass,0,0.9462149,0.5114552,0,0.9071649
4696,Pass,0,0.9460105,1.2357024,0,0.8513505
4697,Pass,0,0.9999938,0.27829072,0,0.9776519
4698,Pass,0,0.95484084,0.3589961,0,0.9272522
4699,Pass,0,0.5258778,0.7749684,0,0.49292573
4700,Pass,0,0.9174713,0.74407375,0,0.8622825
4701,Pass,0,0.9911747,0.5225627,0,0.94937545
4702,Pass,0,0.56467944,0.8644728,0,0.5251932
4703,Pass,0,0.8718574,0.4761498,0,0.83837485
4704,Pass,0,0.98182493,0.35334486,0,0.9539071
4705,Pass,0,0.99947613,0.22808562,0,0.98121923
4706,Pass,0,0.91861475,1.4194472,0,0.812994
4707,Pass,0,0.99788755,0.44867948,0,0.9617902
4708,Pass,0,0.99800044,0.04846997,0,0.9943221
4709,Pass,0,0.9998361,0.9819756,0,0.92038375
4710,Pass,0,0.99378246,0.7883736,0,0.9304296
4711,Pass,0,0.99034613,0.7608798,0,0.9294227
4712,Pass,0,0.9520632,1.2053695,0,0.8591419
4713,Pass,0,0.9999037,0.47615585,0,0.96150315
4714,Pass,0,0.985058,0.41741687,0,0.9519247
4715,Pass,0,0.9984793,0.711377,0,0.9410679
4716,Pass,0,0.9841011,0.8613979,0,0.91553175
4717,Pass,0,0.98819846,0.042390335,0,0.98504394
4718,Pass,0,0.99165463,0.34714344,0,0.9639564
4719,Pass,0,0.92701715,0.043154754,0,0.92400044
4720,Pass,0,0.99257106,0.16775125,0,0.97930163
4721,Pass,0,0.8479545,1.2208301,0,0.76412994
4722,Pass,0,0.88536316,0.93813896,0,0.8181581
4723,Pass,0,0.998747,1.5579746,0,0.87268156
4724,Pass,0,0.5563696,0.7892733,0,0.52086085
4725,Pass,0,0.99884063,0.790833,0,0.93496585
4726,Pass,0,0.9733766,0.89854705,0,0.90261906
4727,Pass,0,0.9454694,1.4397733,0,0.83520097
4728,Pass,0,0.9983327,0.63136524,0,0.94741404
4729,Pass,0,0.98885614,0.08090036,0,0.9826082
4730,Pass,0,0.9996582,0.428004,0,0.9651747
4731,Pass,0,0.6415282,1.2720296,0,0.57544357
4732,Pass,0,0.9829707,0.26592284,0,0.961996
4733,Pass,0,0.96365213,0.15096924,0,0.95208216
4734,Pass,0,0.9572744,0.5892295,0,0.91172415
4735,Pass,0,0.74253684,1.2077612,0,0.66992116
4736,Pass,0,0.86628765,1.5176668,0,0.75977635
4737,Pass,0,0.9601079,0.7992165,0,0.8980567
4738,Pass,0,0.9871338,0.8900698,0,0.91605556
4739,Pass,0,0.87848175,1.1912256,0,0.79375064
4740,Pass,0,0.3781002,1.438233,0,0.3340503
4741,Pass,0,0.9954224,0.37410402,0,0.9654404
4742,Pass,0,0.972903,1.7254308,0,0.8368744
4743,Pass,0,0.9843024,2.5080025,0,0.78415
4744,Pass,0,0.9907589,0.61910576,0,0.9412125
4745,Pass,0,0.9706998,1.0052589,0,0.89172804
4746,Pass,0,0.9810038,1.0978473,0,0.8938205
4747,Pass,0,0.9999939,1.8254305,0,0.8520599
4748,Pass,0,0.9973786,1.2773165,0,0.8942093
4749,Pass,0,0.9860961,1.7367628,0,0.8473158
4750,Pass,0,0.9364304,0.5332486,0,0.8961275
4751,Pass,0,0.625462,1.0075886,0,0.57445896
4752,Pass,0,0.9710334,0.47249338,0,0.9340303
4753,Pass,0,0.9270234,0.318141,0,0.903313
4754,Pass,0,0.9982015,0.051727835,0,0.9942584
4755,Pass,0,0.65421605,2.0278497,0,0.5466846
4756,Pass,0,0.99609816,0.24552505,0,0.97649276
4757,Pass,0,0.9997204,0.25703198,0,0.9791099
4758,Pass,0,0.99882287,0.55976003,0,0.95368505
4759,Pass,0,0.90958375,0.7089736,0,0.85746115
4760,Pass,0,0.9980083,0.29496375,0,0.97436005
4761,Pass,0,0.32616973,2.3026364,0,0.26528254
4762,Pass,0,0.992949,0.8111837,0,0.9278106
4763,Pass,0,0.97019637,0.70527935,0,0.9148914
4764,Pass,0,0.9796506,0.053606145,0,0.9756314
4765,Pass,0,0.99046904,0.7425221,0,0.931014
4766,Pass,0,0.9974191,1.6654702,0,0.86281765
4767,Pass,0,0.99997115,0.11772735,0,0.9906636
4768,Pass,0,0.9971969,0.93564683,0,0.9217046
4769,Pass,0,0.95630336,0.5641428,0,0.91274685
4770,Pass,0,0.99370366,0.65091485,0,0.94144404
4771,Pass,0,0.9725811,1.0975637,0,0.88616866
4772,Pass,0,0.9961422,0.74135363,0,0.9364411
4773,Pass,0,0.998804,0.11812137,0,0.98947525
4774,Pass,0,0.990293,0.08737192,0,0.9835158
4775,Pass,0,0.9998561,0.5842957,0,0.9526802
4776,Pass,0,0.99932075,0.48141629,0,0.9605159
4777,Pass,0,0.67436963,0.76014274,0,0.6329245
4778,Pass,0,0.9744041,0.011554138,0,0.9737327
4779,Pass,0,0.9988141,0.6951872,0,0.9426961
4780,Pass,0,0.9976568,0.5218628,0,0.9556409
4781,Pass,0,0.9999908,0.37309018,0,0.96995354
4782,Pass,0,0.8290583,0.52820796,0,0.79371583
4783,Pass,0,0.9097071,0.70018405,0,0.85822654
4784,Pass,0,0.99962676,0.6481328,0,0.9472814
4785,Pass,0,0.8087408,1.9497194,0,0.68094
4786,Pass,0,0.95888317,0.5159804,0,0.91895807
4787,Pass,0,0.9994673,0.3479312,0,0.971487
4788,Pass,0,0.98861516,1.1131419,0,0.8995279
4789,Pass,0,0.9928018,0.2940713,0,0.9693488
4790,Pass,0,0.9938074,0.31348953,0,0.96876407
4791,Pass,0,0.96768993,0.7832635,0,0.9064018
4792,Pass,0,0.99804986,0.5231497,0,0.9559131
4793,Pass,0,0.9999856,1.2245584,0,0.9008294
4794,Pass,0,0.98799396,0.4975681,0,0.9483335
4795,Pass,0,0.9901635,0.42740726,0,0.95605546
4796,Pass,0,0.94553447,0.6048748,0,0.899342
4797,Pass,0,0.998381,0.3729748,0,0.96840143
4798,Pass,0,0.7346653,0.83173954,0,0.6852446
4799,Pass,0,0.979151,1.5868932,0,0.8532605
4800,Pass,0,0.99999034,0.45185974,0,0.9635588
4801,Pass,0,0.9928415,0.97030324,0,0.9148857
4802,Pass,0,0.9380666,0.73581916,0,0.88226753
4803,Pass,0,0.9987877,0.4426064,0,0.9631502
4804,Pass,0,0.99979514,0.5491525,0,0.9554743
4805,Pass,0,0.99889225,0.43036515,0,0.96424365
4806,Pass,0,0.9862801,0.040318426,0,0.9832975
4807,Pass,0,0.8854798,1.5137252,0,0.7768921
4808,Pass,0,0.7683833,0.5264665,0,0.735736
4809,Pass,0,0.9994672,1.0660462,0,0.91322315
4810,Pass,0,0.96579003,0.47540233,0,0.92875874
4811,Pass,0,0.99997604,0.15768634,0,0.9874247
4812,Pass,0,0.71363604,1.606901,0,0.620724
4813,Pass,0,0.92965037,1.0287689,0,0.852244
4814,Pass,0,0.89671844,1.8388095,0,0.7630885
4815,Pass,0,0.9982135,0.31358534,0,0.9730514
4816,Pass,0,0.99434125,0.7990872,0,0.930088
4817,Pass,0,0.99472886,0.39648885,0,0.9629601
4818,Pass,0,0.998665,0.75784355,0,0.93747586
4819,Pass,0,0.993298,1.7464337,0,0.8527243
4820,Pass,0,0.9906289,0.8303779,0,0.9240992
4821,Pass,0,0.999476,0.3345469,0,0.9725814
4822,Pass,0,0.9742003,0.49021006,0,0.93567544
4823,Pass,0,0.7525893,3.0813525,0,0.5645266
4824,Pass,0,0.98996896,0.94084686,0,0.914606
4825,Pass,0,0.48558706,2.5745811,0,0.3842212
4826,Pass,0,0.86886674,0.61795956,0,0.82549685
4827,Pass,0,0.8118765,2.1764615,0,0.6686365
4828,Pass,0,0.96377546,0.68676424,0,0.91028506
4829,Pass,0,0.9674475,0.6628137,0,0.9156343
4830,Pass,0,0.99801254,0.22838776,0,0.9797579
4831,Pass,0,0.99633384,1.4988703,0,0.87535346
4832,Pass,0,0.92657024,0.5569074,0,0.8849122
4833,Pass,0,0.56857824,1.4987438,0,0.49954414
4834,Pass,0,0.8939088,1.9633734,0,0.7516586
4835,Pass,0,0.9891622,0.22635733,0,0.9712325
4836,Pass,0,0.95730925,0.4463122,0,0.9228637
4837,Pass,0,0.81384885,2.0696452,0,0.67731786
4838,Pass,0,0.7740371,4.2617493,0,0.50644535
4839,Pass,0,0.96313053,1.4461352,0,0.8503049
4840,Pass,0,0.8999704,1.6667773,0,0.7784241
4841,Pass,0,0.70897764,1.2939893,0,0.63468117
4842,Pass,0,0.98974,0.5301836,0,0.947389
4843,Pass,0,0.9702344,0.34450543,0,0.94334227
4844,Pass,0,0.97963995,0.8917364,0,0.90896875
4845,Pass,0,0.9994753,0.3116796,0,0.97443604
4846,Pass,0,0.7280483,0.73101276,0,0.6850259
4847,Pass,0,0.94779944,0.026874354,0,0.9459677
4848,Pass,0,0.9953779,1.2353982,0,0.89580274
4849,Pass,0,0.97733885,0.7451663,0,0.91846216
4850,Pass,0,0.98599017,0.27132282,0,0.96451885
4851,Pass,0,0.9355505,0.7371772,0,0.879798
4852,Pass,0,0.72542673,0.9216905,0,0.6713305
4853,Pass,0,0.9942848,0.014907328,0,0.9933291
4854,Pass,0,0.99792176,0.7068314,0,0.94091064
4855,Pass,0,0.99932086,2.0933697,0,0.8297505
4856,Pass,0,0.9181221,0.5374553,0,0.8782937
4857,Pass,0,0.9479823,0.55464584,0,0.9055356
4858,Pass,0,0.9875986,0.012598608,0,0.9868344
4859,Pass,0,0.9914083,0.020652708,0,0.989993
4860,Pass,0,0.81576145,2.7134273,0,0.6362774
4861,Pass,0,0.98691493,0.97377455,0,0.90914637
4862,Pass,0,0.98497784,1.3223004,0,0.8794945
4863,Pass,0,0.6150404,2.000442,0,0.5153166
4864,Pass,0,0.93680793,0.058651548,0,0.9325808
4865,Pass,0,0.99999654,0.77963865,0,0.9369566
4866,Pass,0,0.99505925,0.19430898,0,0.9796114
4867,Pass,0,0.99936074,0.31036627,0,0.9744309
4868,Pass,0,0.97408366,0.38756028,0,0.94368035
4869,Pass,0,0.99775934,0.019193942,0,0.9964531
4870,Pass,0,0.99999,0.87777513,0,0.92898405
4871,Pass,0,0.96315235,0.07947815,0,0.95717806
4872,Pass,0,0.9850465,0.018613553,0,0.98380333
4873,Pass,0,0.9154176,1.0212324,0,0.83975637
4874,Pass,0,0.67628354,1.8098596,0,0.5770924
4875,Pass,0,0.99073374,0.7755311,0,0.9286081
4876,Pass,0,0.5368346,0.8582628,0,0.49956608
4877,Pass,0,0.9823491,0.09726575,0,0.9748372
4878,Pass,0,0.96340257,1.6636279,0,0.83353573
4879,Pass,0,0.7257292,1.7361926,0,0.6236258
4880,Pass,0,0.7450522,2.4796832,0,0.5952628
4881,Pass,0,0.9999778,0.2408287,0,0.9806773
4882,Pass,0,0.8967771,2.2477467,0,0.73336864
4883,Pass,0,0.97726893,1.0630331,0,0.8931794
4884,Pass,0,0.980186,0.7556762,0,0.9203015
4885,Pass,0,0.9710206,1.0700744,0,0.8869137
4886,Pass,0,0.64663434,1.4430293,0,0.5710476
4887,Pass,0,0.8831879,1.2073557,0,0.79684645
4888,Pass,0,0.856452,1.6863484,0,0.73942244
4889,Pass,0,0.9997639,0.78572255,0,0.93624485
4890,Pass,0,0.5469317,0.8559821,0,0.5090635
4891,Pass,0,0.97312117,0.68868816,0,0.91896015
4892,Pass,0,0.9999566,0.63633734,0,0.9485515
4893,Pass,0,0.8433886,0.55903673,0,0.80532455
4894,Pass,0,0.99582124,0.4133907,0,0.9626513
4895,Pass,0,0.99780995,2.024196,0,0.834099
4896,Pass,0,0.6939669,0.72183406,0,0.6534755
4897,Pass,0,0.99079084,0.4925766,0,0.9514196
4898,Pass,0,0.9700496,0.82491297,0,0.9053323
4899,Pass,0,0.87565404,1.8094355,0,0.7472512
4900,Pass,0,0.9976508,0.35723233,0,0.96896803
4901,Pass,0,0.9731529,0.6058873,0,0.9255312
4902,Pass,0,0.9663099,0.8885605,0,0.89684945
4903,Pass,0,0.99074745,0.05268934,0,0.98675644
4904,Pass,0,0.9978002,0.7951717,0,0.9336405
4905,Pass,0,0.999059,1.1042328,0,0.9097532
4906,Pass,0,0.9993518,0.83781296,0,0.9316331
4907,Pass,0,0.9031801,0.5999915,0,0.8594148
4908,Pass,0,0.99382645,0.34506798,0,0.96623504
4909,Pass,0,0.96116084,0.019315723,0,0.95989305
4910,Pass,0,0.77919805,1.0443435,0,0.7133338
4911,Pass,0,0.7986765,1.3678724,0,0.71018994
4912,Pass,0,0.99814916,0.23475432,0,0.97937614
4913,Pass,0,0.990584,0.3317969,0,0.9641498
4914,Pass,0,0.99555063,0.83038586,0,0.9286897
4915,Pass,0,0.8593823,1.3549483,0,0.7650716
4916,Pass,0,0.99411124,0.5402904,0,0.95075756
4917,Pass,0,0.99275583,0.012036153,0,0.99203295
4918,Pass,0,0.8553516,0.99106455,0,0.7867497
4919,Pass,0,0.9775139,1.2853345,0,0.87576324
4920,Pass,0,0.99999964,0.93628937,0,0.924243
4921,Pass,0,0.91212285,0.27994663,0,0.8916216
4922,Pass,0,0.96996415,1.3949059,0,0.86037177
4923,Pass,0,0.9853359,1.7040598,0,0.84927833
4924,Pass,0,0.9958188,0.8414862,0,0.92804253
4925,Pass,0,0.63054526,0.54007673,0,0.6030578
4926,Pass,0,0.9917032,0.4632561,0,0.9546561
4927,Pass,0,0.9920075,0.026208922,0,0.9901439
4928,Pass,0,0.84705806,0.75249654,0,0.7955257
4929,Pass,0,0.687929,0.30229333,0,0.6712188
4930,Pass,0,0.97572076,0.086783156,0,0.96908987
4931,Pass,0,0.99412173,0.06252051,0,0.9893238
4932,Pass,0,0.9900032,0.020667333,0,0.98858875
4933,Pass,0,0.9954999,0.9633545,0,0.9178969
4934,Pass,0,0.99642015,1.1760446,0,0.9015416
4935,Pass,0,0.99929523,0.38998237,0,0.9679085
4936,Pass,0,0.99994946,0.8123039,0,0.9342609
4937,Pass,0,0.9945813,0.5663698,0,0.9491015
4938,Pass,0,0.9987367,0.25948742,0,0.97794735
4939,Pass,0,0.59959745,1.0697443,0,0.5476782
4940,Pass,0,0.9925297,0.45182157,0,0.95637304
4941,Pass,0,0.9903701,1.2456958,0,0.89046794
4942,Pass,0,0.97780514,0.8847486,0,0.90782094
4943,Pass,0,0.535664,1.4447744,0,0.47297302
4944,Pass,0,0.99994314,0.7442932,0,0.9397756
4945,Pass,0,0.96764505,0.4703052,0,0.93094295
4946,Pass,0,0.99936384,0.24179596,0,0.97999674
4947,Pass,0,0.99150836,0.21497622,0,0.97445214
4948,Pass,0,0.7853566,0.17488272,0,0.77440274
4949,Pass,0,0.9978148,0.0240839,0,0.9961124
4950,Pass,0,0.39685315,3.3728154,0,0.28829485
4951,Pass,0,0.9081146,0.055468194,0,0.90425164
4952,Pass,0,0.5480316,1.6561799,0,0.4744882
4953,Pass,0,0.99725807,0.03243876,0,0.99488026
4954,Pass,0,0.9964695,0.8371714,0,0.92899805
4955,Pass,0,0.9996406,0.24065608,0,0.98036057
4956,Pass,0,0.8969756,1.044562,0,0.82113993
4957,Pass,0,0.9977527,0.47755998,0,0.9593211
4958,Pass,0,0.9984112,0.22730829,0,0.9802367
4959,Pass,0,0.97953176,0.48264757,0,0.9413974
4960,Pass,0,0.9996848,0.4770891,0,0.9612169
4961,Pass,0,0.9955511,0.5343131,0,0.9526177
4962,Pass,0,0.9998684,0.41311455,0,0.96658605
4963,Pass,0,0.57227826,0.803796,0,0.5350795
4964,Pass,0,0.90307504,0.45935625,0,0.86962473
4965,Pass,0,0.9999236,0.61943156,0,0.9498924
4966,Pass,0,0.3196574,2.2387252,0,0.2616443
4967,Pass,0,0.91321206,1.241248,0,0.8214229
4968,Pass,0,0.802707,2.3836832,0,0.6475819
4969,Pass,0,0.9974179,1.5124664,0,0.87520504
4970,Pass,0,0.9987185,0.28796843,0,0.9756205
4971,Pass,0,0.97796214,1.3754723,0,0.8690089
4972,Pass,0,0.9737637,0.07969288,0,0.96770656
4973,Pass,0,0.9997017,0.8430011,0,0.9315382
4974,Pass,0,0.9188319,0.496928,0,0.8819955
4975,Pass,0,0.99240005,0.55596435,0,0.9478583
4976,Pass,0,0.9052573,1.434237,0,0.80008554
4977,Pass,0,0.9864977,0.021200454,0,0.9850455
4978,Pass,0,0.8443202,0.8116372,0,0.7889009
4979,Pass,0,0.9048821,0.7312873,0,0.8513898
4980,Pass,0,0.99281067,0.8083019,0,0.9279136
4981,Pass,0,0.9940258,2.411427,0,0.7996891
4982,Pass,0,0.9910815,0.5897154,0,0.94388354
4983,Pass,0,0.999064,0.6160652,0,0.94934887
4984,Pass,0,0.9809511,0.01499696,0,0.9800011
4985,Pass,0,0.9996165,0.59909797,0,0.9512507
4986,Pass,0,0.9920797,1.3367513,0,0.884672
4987,Pass,0,0.9561414,0.62630916,0,0.9077671
4988,Pass,0,0.9617837,0.5975402,0,0.91537005
4989,Pass,0,0.97709376,0.47444645,0,0.93970484
4990,Pass,0,0.34731823,0.46772948,0,0.3342173
4991,Pass,0,0.9997377,0.68340605,0,0.94452393
4992,Pass,0,0.9971097,0.45771673,0,0.960309
4993,Pass,0,0.99936324,0.51515234,0,0.9578199
4994,Pass,0,0.9996087,2.2005882,0,0.8212892
4995,Pass,0,0.9155204,1.0219249,0,0.8397992
4996,Pass,0,0.98647404,0.8293763,0,0.9203036
4997,Pass,0,0.96837336,1.2465875,0,0.8706201
4998,Pass,0,0.9708482,0.43020672,0,0.9371849
4999,Pass,0,0.9994796,0.44500473,0,0.9636228
5000,Pass,0,0.9767513,0.59917474,0,0.9294858
5001,Pass,0,0.64112043,0.6216001,0,0.60892916
5002,Pass,0,0.98591787,0.3666195,0,0.95682114
5003,Pass,0,0.9999536,0.88790005,0,0.92812836
5004,Pass,0,0.9994122,1.3416929,0,0.8908098
5005,Pass,0,0.99084306,0.019513309,0,0.9895202
5006,Pass,0,0.9891396,0.5693114,0,0.9436725
5007,Pass,0,0.9998078,0.7071105,0,0.94266623
5008,Pass,0,0.9960337,0.6487294,0,0.94382834
5009,Pass,0,0.52760375,0.79655784,0,0.49361885
5010,Pass,0,0.9992047,0.2859291,0,0.97626084
5011,Pass,0,0.5618496,0.3880304,0,0.54429156
5012,Pass,0,0.9998529,0.17223981,0,0.98612183
5013,Pass,0,0.9979906,0.028049955,0,0.99596655
5014,Pass,0,0.9884362,0.038370043,0,0.9856035
5015,Pass,0,0.7718739,0.9011741,0,0.71559954
5016,Pass,0,0.9995739,0.59269565,0,0.95172966
5017,Pass,0,0.96587,0.6123251,0,0.91809994
5018,Pass,0,0.9999999,0.84533,0,0.93162704
5019,Pass,0,0.98251975,0.5884345,0,0.93583167
5020,Pass,0,0.991955,2.585188,0,0.7840312
5021,Pass,0,0.9992372,0.80465114,0,0.9342162
5022,Pass,0,0.97931814,0.34619465,0,0.95203996
5023,Pass,0,0.9985368,0.476899,0,0.96012855
5024,Pass,0,0.999907,0.93242884,0,0.9244707
5025,Pass,0,0.9944384,0.027122706,0,0.99249643
5026,Pass,0,0.9172426,0.38181826,0,0.88904095
5027,Pass,0,0.98908395,1.2134576,0,0.8919
5028,Pass,0,0.9746284,0.3866391,0,0.9442809
5029,Pass,0,0.99315953,0.50668734,0,0.9525565
5030,Pass,0,0.99758625,0.21916607,0,0.98008615
5031,Pass,0,0.99970156,0.07278992,0,0.99404323
5032,Pass,0,0.99887425,0.74567616,0,0.93865895
5033,Pass,0,0.9996524,0.2921199,0,0.97619593
5034,Pass,0,0.9994923,0.119163945,0,0.99007255
5035,Pass,0,0.99948466,0.5343673,0,0.9563772
5036,Pass,0,0.9971643,0.033851918,0,0.9946723
5037,Pass,0,0.99995613,0.6557024,0,0.9469791
5038,Pass,0,0.58563656,2.3011634,0,0.4763839
5039,Pass,0,0.9975108,0.26145434,0,0.9765877
5040,Pass,0,0.9944435,0.3348773,0,0.96765757
5041,Pass,0,0.99861324,0.5297775,0,0.95591545
5042,Pass,0,0.9444123,0.9587235,0,0.87114686
5043,Pass,0,0.9993709,0.99173176,0,0.919164
5044,Pass,0,0.9958331,0.030888978,0,0.993584
5045,Pass,0,0.9999963,0.5181319,0,0.9581848
5046,Pass,0,0.81646866,1.9019125,0,0.69061524
5047,Pass,0,0.99295676,0.6043125,0,0.9444929
5048,Pass,0,0.9978125,0.32055244,0,0.9720962
5049,Pass,0,0.984368,0.6299915,0,0.9342714
5050,Pass,0,0.96267474,0.5299647,0,0.92149895
5051,Pass,0,0.98514843,0.52859473,0,0.94312096
5052,Pass,0,0.99135137,0.023136808,0,0.9897362
5053,Pass,0,0.9999347,1.2287899,0,0.90044004
5054,Pass,0,0.49236143,0.4270298,0,0.47541618
5055,Pass,0,0.99912995,0.4339308,0,0.9641839
5056,Pass,0,0.98850495,0.22317654,0,0.97084236
5057,Pass,0,0.99950004,0.29871088,0,0.9755123
5058,Pass,0,0.99905235,0.3473096,0,0.971134
5059,Pass,0,0.9946326,0.24434717,0,0.9751512
5060,Pass,0,0.91856676,0.39735258,0,0.88916606
5061,Pass,0,0.9890316,0.9992985,0,0.909047
5062,Pass,0,0.8608145,0.9208667,0,0.79667974
5063,Pass,0,0.9877578,0.8239594,0,0.92193556
5064,Pass,0,0.99949944,0.10557693,0,0.9911821
5065,Pass,0,0.7743414,0.5981706,0,0.73693365
5066,Pass,0,0.9921302,0.7496228,0,0.9320036
5067,Pass,0,0.90939885,1.4481664,0,0.8027177
5068,Pass,0,0.36313787,1.2333823,0,0.32686985
5069,Pass,0,0.99996126,0.24029177,0,0.98070467
5070,Pass,0,0.9360307,0.63036495,0,0.8883656
5071,Pass,0,0.9999466,0.16614181,0,0.98670924
5072,Pass,0,0.9954081,0.009871764,0,0.99485826
5073,Pass,0,0.9927113,1.3250215,0,0.8861805
5074,Pass,0,0.9081965,0.49154142,0,0.8721836
5075,Pass,0,0.90894324,1.0695703,0,0.83025044
5076,Pass,0,0.99884367,0.53879786,0,0.95540464
5077,Pass,0,0.9997551,0.14227813,0,0.98845696
5078,Pass,0,0.65058655,2.870138,0,0.49916795
5079,Pass,0,0.9905261,0.23049895,0,0.9722386
5080,Pass,0,0.99666935,0.64762807,0,0.94451976
5081,Pass,0,0.9964869,0.051873296,0,0.9925388
5082,Pass,0,0.9999732,0.824431,0,0.93329865
5083,Pass,0,0.9744829,0.3269008,0,0.94886565
5084,Pass,0,0.9764287,0.3385603,0,0.9498361
5085,Pass,0,0.9884659,1.6864854,0,0.8533864
5086,Pass,0,0.99650913,2.0744104,0,0.82894963
5087,Pass,0,0.99972194,0.24084044,0,0.9804254
5088,Pass,0,0.9204672,1.4669675,0,0.8110827
5089,Pass,0,0.99895406,0.57916754,0,0.95223653
5090,Pass,0,0.9874443,0.07040375,0,0.9820466
5091,Pass,0,0.9855941,0.04169397,0,0.9825036
5092,Pass,0,0.9931252,0.07606037,0,0.98724043
5093,Pass,0,0.9211916,0.18365945,0,0.9076868
5094,Pass,0,0.999798,0.30059418,0,0.9756503
5095,Pass,0,0.9999887,0.3998302,0,0.96778077
5096,Pass,0,0.9993055,0.30178213,0,0.9750734
5097,Pass,0,0.98702544,0.09593196,0,0.9795847
5098,Pass,0,0.9909407,1.5036278,0,0.8702324
5099,Pass,0,0.9927086,0.5407687,0,0.9493776
5100,Pass,0,0.5573583,0.52551717,0,0.5337201
5101,Pass,0,0.99562377,0.48387477,0,0.9567638
5102,Pass,0,0.9979249,1.5014962,0,0.8765386
5103,Pass,0,0.9977671,0.6712938,0,0.9436432
5104,Pass,0,0.9944178,0.5537316,0,0.94996566
5105,Pass,0,0.9973571,0.5893064,0,0.94989336
5106,Pass,0,0.73674136,0.32391244,0,0.7175526
5107,Pass,0,0.99975795,0.44142523,0,0.9641817
5108,Pass,0,0.9994624,1.0669576,0,0.9131448
5109,Pass,0,0.9996656,0.29672533,0,0.97583514
5110,Pass,0,0.9994124,0.25647268,0,0.97885364
5111,Pass,0,0.983859,0.43570668,0,0.94930524
5112,Pass,0,0.9971807,0.006330823,0,0.9969165
5113,Pass,0,0.99421304,0.029304054,0,0.9920955
5114,Pass,0,0.9991698,0.87480867,0,0.92846274
5115,Pass,0,0.9981415,0.71093607,0,0.9407853
5116,Pass,0,0.9997398,0.5233923,0,0.957512
5117,Pass,0,0.9946502,0.6018038,0,0.94630617
5118,Pass,0,0.94487745,0.65409505,0,0.89494175
5119,Pass,0,0.99955624,0.70751476,0,0.9423963
5120,Pass,0,0.9999064,1.6342708,0,0.86750174
5121,Pass,0,0.8897071,0.25725654,0,0.8713484
5122,Pass,0,0.9987546,0.18802261,0,0.98375905
5123,Pass,0,0.9919608,0.79768926,0,0.9279739
5124,Pass,0,0.99994934,0.17482677,0,0.986007
5125,Pass,0,0.9999107,0.76894677,0,0.937744
5126,Pass,0,0.99898905,0.7098039,0,0.9416759
5127,Pass,0,0.9881258,0.76930034,0,0.9266634
5128,Pass,0,0.9965939,0.021731056,0,0.9950839
5129,Pass,0,0.9904006,1.0299203,0,0.9078434
5130,Pass,0,0.9347508,0.370229,0,0.9068903
5131,Pass,0,0.99778724,0.57652843,0,0.95133805
5132,Pass,0,0.99448156,0.01677297,0,0.99337506
5133,Pass,0,0.999808,0.24152829,0,0.98045397
5134,Pass,0,0.9414416,0.48288414,0,0.9047721
5135,Pass,0,0.65104234,0.77088517,0,0.61046314
5136,Pass,0,0.9896243,0.5143134,0,0.94855314
5137,Pass,0,0.9442068,0.34887838,0,0.9177009
5138,Pass,0,0.5042652,0.6504103,0,0.4777662
5139,Pass,0,0.9996724,0.10372244,0,0.9915041
5140,Pass,0,0.4040261,1.3486928,0,0.3598925
5141,Pass,0,0.98726827,0.401921,0,0.9553025
5142,Pass,0,0.99777406,0.35542887,0,0.9692338
5143,Pass,0,0.43697277,0.9776332,0,0.40240258
5144,Pass,0,0.7863831,0.4494728,0,0.75788605
5145,Pass,0,0.93715274,0.36676908,0,0.90948385
5146,Pass,0,0.88082796,0.6604862,0,0.8338202
5147,Pass,0,0.9975942,0.84021366,0,0.92980015
5148,Pass,0,0.99689686,0.02296947,0,0.9952862
5149,Pass,0,0.9999609,0.4945877,0,0.96006197
5150,Pass,0,0.9995789,0.6237644,0,0.9492134
5151,Pass,0,0.9978886,0.3086552,0,0.9731341
5152,Pass,0,0.99979717,2.0894408,0,0.8304649
5153,Pass,0,0.99983525,0.20040669,0,0.9838183
5154,Pass,0,0.99556917,0.31891185,0,0.97004324
5155,Pass,0,0.9973694,0.7047601,0,0.94055754
5156,Pass,0,0.9959055,0.024176296,0,0.9941989
5157,Pass,0,0.9987375,0.60764,0,0.94972175
5158,Pass,0,0.99898416,0.41813937,0,0.9653238
5159,Pass,0,0.5283569,0.7976123,0,0.49427828
5160,Pass,0,0.9999666,1.1159426,0,0.90962917
5161,Pass,0,0.9994505,0.6155895,0,0.9497547
5162,Pass,0,0.9948462,0.46659282,0,0.9574123
5163,Pass,0,0.9967891,0.81613076,0,0.93099856
5164,Pass,0,0.8971536,0.36087513,0,0.8710949
5165,Pass,0,0.747093,2.68401,0,0.58450145
5166,Pass,0,0.97919047,0.050565843,0,0.9754148
5167,Pass,0,0.99983275,1.010263,0,0.91808474
5168,Pass,0,0.99603075,0.41135094,0,0.9630188
5169,Pass,0,0.99547714,0.24912366,0,0.9755932
5170,Pass,0,0.9986532,0.6670155,0,0.94482803
5171,Pass,0,0.99936324,0.31445822,0,0.97410136
5172,Pass,0,0.9991592,0.5292396,0,0.95648175
5173,Pass,0,0.96985155,2.6102824,0,0.76458514
5174,Pass,0,0.9888726,0.94687474,0,0.9131091
5175,Pass,0,0.9608264,0.5069937,0,0.9215213
5176,Pass,0,0.76450974,1.9059857,0,0.64641273
5177,Pass,0,0.70817924,0.37173387,0,0.6869852
5178,Pass,0,0.99767274,0.4979114,0,0.95759594
5179,Pass,0,0.99998975,0.72117966,0,0.9416957
5180,Pass,0,0.99940073,0.5740619,0,0.95307654
5181,Pass,0,0.9974011,0.37178627,0,0.9675472
5182,Pass,0,0.9304272,0.9379544,0,0.85981536
5183,Pass,0,0.86287147,3.048957,0,0.6495198
5184,Pass,0,0.9915935,0.9361883,0,0.91648173
5185,Pass,0,0.69857496,0.5606723,0,0.666954
5186,Pass,0,0.9971994,0.02014505,0,0.9958169
5187,Pass,0,0.9995198,0.8437295,0,0.9313097
5188,Pass,0,0.9966859,0.92879677,0,0.9217865
5189,Pass,0,0.9997732,0.53273684,0,0.9567857
5190,Pass,0,0.99654895,0.5420139,0,0.9529495
5191,Pass,0,0.9963594,0.7266179,0,0.9378372
5192,Pass,0,0.99466753,1.2770121,0,0.89180326
5193,Pass,0,0.9869518,0.027956862,0,0.98495764
5194,Pass,0,0.579977,0.48915356,0,0.5570915
5195,Pass,0,0.9970522,0.3778779,0,0.96671563
5196,Pass,0,0.99995995,0.9075799,0,0.92653674
5197,Pass,0,0.9993112,0.54738253,0,0.95515543
5198,Pass,0,0.99935645,1.1993548,0,0.9023073
5199,Pass,0,0.96855843,1.0010011,0,0.89009565
5200,Pass,0,0.96236837,0.6752133,0,0.9098585
5201,Pass,0,0.831369,0.6247378,0,0.78941333
5202,Pass,0,0.9946943,1.0968249,0,0.90637684
5203,Pass,0,0.930368,0.24639575,0,0.9119906
5204,Pass,0,0.9698611,1.0809596,0,0.8849976
5205,Pass,0,0.9869666,0.5625394,0,0.94214195
5206,Pass,0,0.9986694,0.67534965,0,0.94416773
5207,Pass,0,0.99865687,1.0181624,0,0.9163646
5208,Pass,0,0.99761295,0.020773046,0,0.99617904
5209,Pass,0,0.94018114,2.8613918,0,0.7220293
5210,Pass,0,0.87221557,0.48272726,0,0.8382535
5211,Pass,0,0.9844513,0.037369207,0,0.98170996
5212,Pass,0,0.98098904,0.8301942,0,0.9151214
5213,Pass,0,0.99513286,0.40886936,0,0.96235114
5214,Pass,0,0.9995776,0.52456397,0,0.9572616
5215,Pass,0,0.9982968,0.41805592,0,0.96466637
5216,Pass,0,0.99998987,0.26537895,0,0.9786962
5217,Pass,0,0.9034138,1.0206991,0,0.82878375
5218,Pass,0,0.99914193,1.1961702,0,0.9023719
5219,Pass,0,0.96668786,0.38894972,0,0.9364063
5220,Pass,0,0.9831875,0.8448931,0,0.91599905
5221,Pass,0,0.9960465,0.38694736,0,0.9650072
5222,Pass,0,0.99929,0.34374088,0,0.97165453
5223,Pass,0,0.99909425,0.3579428,0,0.9703124
5224,Pass,0,0.94694364,0.8851792,0,0.8791352
5225,Pass,0,0.773698,0.87305707,0,0.7190566
5226,Pass,0,0.99612254,1.4676002,0,0.87769634
5227,Pass,0,0.99706787,0.04194799,0,0.9939208
5228,Pass,0,0.93759763,0.6440719,0,0.88880956
5229,Pass,0,0.99617285,0.9075321,0,0.92303157
5230,Pass,0,0.9993332,0.7004116,0,0.9427622
5231,Pass,0,0.9810542,0.9069509,0,0.9090693
5232,Pass,0,0.99507034,0.015721977,0,0.99404806
5233,Pass,0,0.98573065,0.09567002,0,0.9783206
5234,Pass,0,0.9985292,0.5129845,0,0.9571962
5235,Pass,0,0.9994562,0.4593412,0,0.96243715
5236,Pass,0,0.97617257,1.6278508,0,0.8474194
5237,Pass,0,0.8318206,0.82170767,0,0.77654177
5238,Pass,0,0.9995553,2.3030703,0,0.81292975
5239,Pass,0,0.91363156,1.5955145,0,0.79552555
5240,Pass,0,0.9990958,0.93534493,0,0.9234842
5241,Pass,0,0.99392706,0.5672189,0,0.9484087
5242,Pass,0,0.9503603,0.762209,0,0.8917941
5243,Pass,0,0.99395424,1.3257338,0,0.8872326
5244,Pass,0,0.9893884,0.37571797,0,0.95945853
5245,Pass,0,0.9903053,0.544642,0,0.9467678
5246,Pass,0,0.82526034,0.49142578,0,0.7925439
5247,Pass,0,0.85588336,0.3672044,0,0.83058363
5248,Pass,0,0.9594267,0.41469455,0,0.9273675
5249,Pass,0,0.9975333,0.5916711,0,0.9498697
5250,Pass,0,0.99950147,1.1304487,0,0.908029
5251,Pass,0,0.9932608,1.4229317,0,0.8787765
5252,Pass,0,0.9910178,0.012014418,0,0.990298
5253,Pass,0,0.99762374,0.6702482,0,0.9435923
5254,Pass,0,0.9963737,0.048271436,0,0.9927174
5255,Pass,0,0.99499834,1.1741161,0,0.90041095
5256,Pass,0,0.9865415,0.31361955,0,0.9616709
5257,Pass,0,0.9952245,0.41386175,0,0.96203643
5258,Pass,0,0.9936917,0.02331497,0,0.99205834
5259,Pass,0,0.9894783,0.27640635,0,0.96752274
5260,Pass,0,0.9702204,1.7107326,0,0.8357245
5261,Pass,0,0.87324363,0.32152876,0,0.85066855
5262,Pass,0,0.80753917,0.6943992,0,0.76221955
5263,Pass,0,0.9995402,0.30357793,0,0.97515666
5264,Pass,0,0.9999249,1.1034353,0,0.91060644
5265,Pass,0,0.97606397,0.5660902,0,0.9314531
5266,Pass,0,0.99929476,0.9223497,0,0.92472225
5267,Pass,0,0.9992211,1.3789161,0,0.8876201
5268,Pass,0,0.70533425,0.88606566,0,0.65477616
5269,Pass,0,0.8302977,0.69250387,0,0.7838286
5270,Pass,0,0.9997367,0.7252957,0,0.9411234
5271,Pass,0,0.9906087,0.031042954,0,0.988359
5272,Pass,0,0.9999889,0.20486626,0,0.9836075
5273,Pass,0,0.97279155,0.49051347,0,0.93429846
5274,Pass,0,0.986754,0.6579461,0,0.93429667
5275,Pass,0,0.9987703,0.84460324,0,0.93054044
5276,Pass,0,0.99828976,0.3828615,0,0.9675117
5277,Pass,0,0.9997366,0.27475312,0,0.97768754
5278,Pass,0,0.641567,0.939389,0,0.5928026
5279,Pass,0,0.945026,0.6327379,0,0.8967208
5280,Pass,0,0.99996805,0.10896862,0,0.99137145
5281,Pass,0,0.9973291,0.016793083,0,0.9962178
5282,Pass,0,0.99999976,0.55867404,0,0.9548969
5283,Pass,0,0.76060814,2.0691154,0,0.63304144
5284,Pass,0,0.9995048,0.6214344,0,0.9493321
5285,Pass,0,0.99878937,0.39347902,0,0.9671351
5286,Pass,0,0.99907184,0.1546561,0,0.9867776
5287,Pass,0,0.9999975,0.39502287,0,0.9681795
5288,Pass,0,0.5440644,1.1548004,0,0.49319717
5289,Pass,0,0.99508625,0.289998,0,0.97190833
5290,Pass,0,0.9982267,0.1613155,0,0.98540324
5291,Pass,0,0.99641633,0.01801715,0,0.995207
5292,Pass,0,0.99999917,0.9953232,0,0.91945034
5293,Pass,0,0.99243367,0.8588739,0,0.923487
5294,Pass,0,0.9983664,0.38342217,0,0.9675405
5295,Pass,0,0.99955434,0.98305964,0,0.92003644
5296,Pass,0,0.99882156,0.19465415,0,0.9832873
5297,Pass,0,0.9999988,0.24272391,0,0.98054403
5298,Pass,0,0.8535378,0.4643396,0,0.8215771
5299,Pass,0,0.7258222,0.789554,0,0.67948204
5300,Pass,0,0.9851554,0.72615147,0,0.9273285
5301,Pass,0,0.9974716,1.2120981,0,0.89957356
5302,Pass,0,0.9966486,1.118127,0,0.9064342
5303,Pass,0,0.9976018,0.37170106,0,0.96774876
5304,Pass,0,0.9987546,0.18981357,0,0.98361385
5305,Pass,0,0.99994254,0.27959558,0,0.9774959
5306,Pass,0,0.99056375,0.8396685,0,0.9232914
5307,Pass,0,0.99985194,0.506017,0,0.9590297
5308,Pass,0,0.9969308,0.9054608,0,0.9239015
5309,Pass,0,0.987165,0.3599215,0,0.9585682
5310,Pass,0,0.99999046,0.36440533,0,0.9706582
5311,Pass,0,0.8109512,0.9190484,0,0.7506512
5312,Pass,0,0.9986325,0.9143484,0,0.9247581
5313,Pass,0,0.99996245,0.32582554,0,0.9737627
5314,Pass,0,0.9984622,0.029719194,0,0.99630195
5315,Pass,0,0.993455,0.34233108,0,0.9660946
5316,Pass,0,0.99729544,0.029343659,0,0.9951681
5317,Pass,0,0.99998903,0.13583997,0,0.98921096
5318,Pass,0,0.9977496,0.035675768,0,0.9951084
5319,Pass,0,0.99966776,0.3693475,0,0.9699439
5320,Pass,0,0.99974805,0.5143442,0,0.9582542
5321,Pass,0,0.99997544,1.4348928,0,0.88374627
5322,Pass,0,0.9987191,0.4654963,0,0.9612283
5323,Pass,0,0.9831065,0.009905068,0,0.9825607
5324,Pass,0,0.9993344,0.4646674,0,0.9618877
5325,Pass,0,0.99996555,0.89668065,0,0.9274267
5326,Pass,0,0.9999695,0.14031172,0,0.9888286
5327,Pass,0,0.99684733,0.022301935,0,0.9952908
5328,Pass,0,0.96899676,0.94917333,0,0.8945753
5329,Pass,0,0.9632139,1.0254523,0,0.8832723
5330,Pass,0,0.9116196,0.5609634,0,0.87033355
5331,Pass,0,0.41273177,0.18531486,0,0.40662563
5332,Pass,0,0.9996718,0.48974976,0,0.96017706
5333,Pass,0,0.99790525,0.2776857,0,0.975659
5334,Pass,0,0.9999925,0.15358761,0,0.98777366
5335,Pass,0,0.99859196,0.90942764,0,0.9251194
5336,Pass,0,0.9564055,0.7391422,0,0.89925766
5337,Pass,0,0.99997604,0.26368073,0,0.97882056
5338,Pass,0,0.9996667,1.561761,0,0.873178
5339,Pass,0,0.958532,1.1480925,0,0.8694361
5340,Pass,0,0.99999917,0.8575027,0,0.93063825
5341,Pass,0,0.99237305,0.5524362,0,0.9481168
5342,Pass,0,0.9999726,0.23197977,0,0.98139054
5343,Pass,0,0.9333933,0.7662937,0,0.87556314
5344,Pass,0,0.9958276,0.2960888,0,0.97214
5345,Pass,0,0.9979766,0.5518263,0,0.95351976
5346,Pass,0,0.9512794,0.40351358,0,0.92035586
5347,Pass,0,0.9909079,0.46328053,0,0.9538886
5348,Pass,0,0.9944681,0.9259617,0,0.9199642
5349,Pass,0,0.9676136,0.8084349,0,0.90435314
5350,Pass,0,0.99384755,0.034399964,0,0.99131966
5351,Pass,0,0.9997404,1.5206084,0,0.87658215
5352,Pass,0,0.99554825,0.38729882,0,0.96449614
5353,Pass,0,0.99992335,0.22212023,0,0.9821425
5354,Pass,0,0.9973763,0.1511948,0,0.98538315
5355,Pass,0,0.9927079,0.18280149,0,0.97822386
5356,Pass,0,0.9950983,0.3109747,0,0.97022563
5357,Pass,0,0.9989089,0.24663168,0,0.97915846
5358,Pass,0,0.9286236,0.45128536,0,0.89483535
5359,Pass,0,0.9600699,0.7206532,0,0.90414405
5360,Pass,0,0.9179551,0.8171583,0,0.85729116
5361,Pass,0,0.99613154,0.016120877,0,0.99507594
5362,Pass,0,0.9995635,0.48599,0,0.9603781
5363,Pass,0,0.98298174,0.08833708,0,0.97617745
5364,Pass,0,0.99997735,0.7352188,0,0.9405444
5365,Pass,0,0.9999403,0.10522421,0,0.99164784
5366,Pass,0,0.9999999,0.4919621,0,0.96031255
5367,Pass,0,0.9999901,0.6305492,0,0.9490531
5368,Pass,0,0.9999558,0.21698451,0,0.9825912
5369,Pass,0,0.99998164,0.10566555,0,0.9916531
5370,Pass,0,0.9985127,0.035772838,0,0.9958616
5371,Pass,0,0.9567138,0.063203044,0,0.95204335
5372,Pass,0,0.99800843,0.19931392,0,0.98210925
5373,Pass,0,0.99472356,0.38850316,0,0.96359986
5374,Pass,0,0.99945086,0.44744995,0,0.9633967
5375,Pass,0,0.986362,0.62629646,0,0.9364597
5376,Pass,0,0.9987703,0.29213738,0,0.9753331
5377,Pass,0,0.9974491,0.33492014,0,0.9705788
5378,Pass,0,0.9982667,0.2176736,0,0.9808757
5379,Pass,0,0.9823172,0.761675,0,0.9218242
5380,Pass,0,0.8514342,0.71545404,0,0.80219585
5381,Pass,0,0.99997604,0.42866778,0,0.96542764
5382,Pass,0,0.8249147,0.6253687,0,0.7832425
5383,Pass,0,0.96664554,0.29878727,0,0.9434404
5384,Pass,0,0.9986093,0.03299379,0,0.9961833
5385,Pass,0,0.9999995,0.45516452,0,0.96329933
5386,Pass,0,0.99475586,0.30569074,0,0.9703184
5387,Pass,0,0.9950488,1.3450567,0,0.8866488
5388,Pass,0,0.9947351,0.25660047,0,0.97426224
5389,Pass,0,0.9906619,0.88157505,0,0.9200128
5390,Pass,0,0.9997552,0.7705729,0,0.9374662
5391,Pass,0,0.9898325,0.22672482,0,0.97186106
5392,Pass,0,0.99814713,0.60375965,0,0.94947475
5393,Pass,0,0.9988527,0.16710731,0,0.9855516
5394,Pass,0,0.98412377,0.9182094,0,0.9110142
5395,Pass,0,0.99880767,0.5653069,0,0.95322084
5396,Pass,0,0.9918154,0.45434105,0,0.9554819
5397,Pass,0,0.9733977,0.5548555,0,0.92979646
5398,Pass,0,0.9994885,0.5349576,0,0.956333
5399,Pass,0,0.9968624,0.07814948,0,0.9907865
5400,Pass,0,0.9995034,0.46529824,0,0.96199924
5401,Pass,0,0.91532475,0.9205339,0,0.8471535
5402,Pass,0,0.9999193,0.082455955,0,0.9934752
5403,Pass,0,0.9506859,0.25445968,0,0.93128484
5404,Pass,0,0.9779838,0.88595575,0,0.907891
5405,Pass,0,0.9996506,0.47769204,0,0.96113515
5406,Pass,0,0.99015135,0.04079047,0,0.9871192
5407,Pass,0,0.9999784,0.93431485,0,0.92438364
5408,Pass,0,0.98356044,0.5184408,0,0.9424114
5409,Pass,0,0.68066037,1.5069667,0,0.59756345
5410,Pass,0,0.9974954,0.56740546,0,0.9517985
5411,Pass,0,0.99978,0.39891237,0,0.96765333
5412,Pass,0,0.99998665,0.18436645,0,0.98526937
5413,Pass,0,0.94233495,0.21191363,0,0.9263589
5414,Pass,0,0.9840698,0.16856301,0,0.9708493
5415,Pass,0,0.99577266,0.3737102,0,0.9658119
5416,Pass,0,0.9921044,0.06488855,0,0.9871255
5417,Pass,0,0.99999547,0.57899684,0,0.95324314
5418,Pass,0,0.9882498,0.3996008,0,0.95643836
5419,Pass,0,0.98992,1.2367368,0,0.89078325
5420,Pass,0,0.9868138,0.8117262,0,0.92203444
5421,Pass,0,0.9940918,1.0746624,0,0.9076163
5422,Pass,0,0.99989676,0.36442158,0,0.9705659
5423,Pass,0,0.8641817,0.21458688,0,0.8493431
5424,Pass,0,0.9454891,0.20606706,0,0.92990834
5425,Pass,0,0.9999794,1.0477302,0,0.91517794
5426,Pass,0,0.99727803,0.78585404,0,0.93390626
5427,Pass,0,0.99857163,1.0701987,0,0.91206825
5428,Pass,0,0.9995359,0.6496275,0,0.9470741
5429,Pass,0,0.925584,0.41218033,0,0.8948446
5430,Pass,0,0.999931,0.34613773,0,0.9720832
5431,Pass,0,0.99358445,0.03721035,0,0.9908305
5432,Pass,0,0.99996877,0.80500937,0,0.9348711
5433,Pass,0,0.99724674,0.5402323,0,0.953761
5434,Pass,0,0.98251396,0.48795488,0,0.94384027
5435,Pass,0,0.999567,0.4753617,0,0.96124387
5436,Pass,0,0.9999993,0.96416086,0,0.9219801
5437,Pass,0,0.99998665,0.08465827,0,0.9933633
5438,Pass,0,0.99807966,0.16923352,0,0.9846166
5439,Pass,0,0.9996432,0.33018944,0,0.9730977
5440,Pass,0,0.9767421,1.9651148,0,0.8211723
5441,Pass,0,0.998973,0.25380108,0,0.9786399
5442,Pass,0,0.99661833,0.006072313,0,0.99637514
5443,Pass,0,0.9987295,0.8976361,0,0.9262029
5444,Pass,0,0.9964966,0.43166313,0,0.9618261
5445,Pass,0,0.9949923,0.50239486,0,0.9546611
5446,Pass,0,0.9832403,0.90138125,0,0.91153955
5447,Pass,0,0.96860874,0.28475812,0,0.94645953
5448,Pass,0,0.9801078,3.538435,0,0.6988244
5449,Pass,0,0.99554884,2.5683067,0,0.78823596
5450,Pass,0,0.86284363,1.3474475,0,0.7686785
5451,Pass,0,0.9999734,0.5618571,0,0.9546134
5452,Pass,0,0.9993575,0.52107227,0,0.9573341
5453,Pass,0,0.9952675,0.027195107,0,0.9933181
5454,Pass,0,0.9911814,1.7454413,0,0.85098714
5455,Pass,0,0.999998,0.77369493,0,0.9374404
5456,Pass,0,0.9780255,0.44756654,0,0.942735
5457,Pass,0,0.76118726,2.258556,0,0.6218177
5458,Pass,0,0.9984073,0.82045686,0,0.9321593
5459,Pass,0,0.99857414,0.6817111,0,0.94356203
5460,Pass,0,0.9837931,0.024877958,0,0.98205113
5461,Pass,0,0.997233,0.006644124,0,0.99694335
5462,Pass,0,0.9923012,1.2945809,0,0.8882665
5463,Pass,0,0.99996626,0.52347034,0,0.9577226
5464,Pass,0,0.98975605,1.389488,0,0.8783628
5465,Pass,0,0.9999962,0.13294788,0,0.9894528
5466,Pass,0,0.9999701,0.31954926,0,0.9742796
5467,Pass,0,0.99990344,0.276882,0,0.97767794
5468,Pass,0,0.59036165,0.47421265,0,0.5677824
5469,Pass,0,0.9952614,0.45014486,0,0.95914066
5470,Pass,0,0.99957246,0.8249123,0,0.93288565
5471,Pass,0,0.9994821,0.12924165,0,0.9892448
5472,Pass,0,0.99881685,1.1251099,0,0.90783995
5473,Pass,0,0.998386,0.6571103,0,0.9453781
5474,Pass,0,0.9998148,0.74406505,0,0.93967354
5475,Pass,0,0.9999846,0.27684677,0,0.9777602
5476,Pass,0,0.99973434,0.98510635,0,0.92003596
5477,Pass,0,0.9963529,0.028718859,0,0.9942781
5478,Pass,0,0.996924,0.3869459,0,0.96585745
5479,Pass,0,0.984744,0.7720032,0,0.92327595
5480,Pass,0,0.998276,0.32066396,0,0.9725387
5481,Pass,0,0.99955755,0.63467723,0,0.9483077
5482,Pass,0,0.99995124,0.28241342,0,0.97727567
5483,Pass,0,0.99607974,0.94887984,0,0.919602
5484,Pass,0,0.9998404,0.29041684,0,0.9765177
5485,Pass,0,0.9999846,0.51443267,0,0.95847386
5486,Pass,0,0.9983901,0.01093867,0,0.9977521
5487,Pass,0,0.9999913,0.6064231,0,0.95101273
5488,Pass,0,0.9999645,0.5273613,0,0.95740503
5489,Pass,0,0.99955684,0.38696906,0,0.96840644
5490,Pass,0,0.98994774,0.017227048,0,0.98880976
5491,Pass,0,0.9862692,0.8123733,0,0.92147374
5492,Pass,0,0.947681,0.36334765,0,0.91996443
5493,Pass,0,0.9979988,0.7279692,0,0.9392708
5494,Pass,0,0.99999654,0.4925469,0,0.9602619
5495,Pass,0,0.9827084,1.1643549,0,0.890068
5496,Pass,0,0.99958307,0.22408603,0,0.98164874
5497,Pass,0,0.9986558,0.16151011,0,0.98581105
5498,Pass,0,0.9999957,0.12665638,0,0.98996305
5499,Pass,0,0.962612,0.02307289,0,0.96104866
5500,Pass,0,0.99981636,0.61801404,0,0.94990563
5501,Pass,0,0.9998915,0.4997988,0,0.9595724
5502,Pass,0,0.9999912,1.9194448,0,0.84442574
5503,Pass,0,0.9899441,0.3742087,0,0.96011865
5504,Pass,0,0.9468456,0.46848294,0,0.9110725
5505,Pass,0,0.99772984,0.4354324,0,0.96271116
5506,Pass,0,0.99713194,0.015474758,0,0.99612755
5507,Pass,0,0.98505765,0.47264442,0,0.9475081
5508,Pass,0,0.99781275,1.0317281,0,0.9144912
5509,Pass,0,0.98778206,0.8971531,0,0.9160891
5510,Pass,0,0.9987172,1.670456,0,0.8635363
5511,Pass,0,0.9991842,0.27609333,0,0.9770386
5512,Pass,0,0.9228681,0.5078221,0,0.88505375
5513,Pass,0,0.9998939,0.28261957,0,0.9772029
5514,Pass,0,0.9923828,0.0065724496,0,0.99210036
5515,Pass,0,0.99988735,0.36528543,0,0.97048664
5516,Pass,0,0.99800354,0.85160047,0,0.9292592
5517,Pass,0,0.9939101,0.5111049,0,0.95291996
5518,Pass,0,0.98772824,0.6933821,0,0.9323778
5519,Pass,0,0.97748476,0.27728954,0,0.95572525
5520,Pass,0,0.9964289,0.011028298,0,0.99578494
5521,Pass,0,0.9993113,0.33775026,0,0.97216123
5522,Pass,0,0.9553825,0.933117,0,0.8832519
5523,Pass,0,0.9144992,0.5081108,0,0.8770064
5524,Pass,0,0.99674857,0.023897918,0,0.995063
5525,Pass,0,0.95010704,0.66426325,0,0.89911073
5526,Pass,0,0.9920249,1.5770103,0,0.865275
5527,Pass,0,0.96714795,0.40995392,0,0.93520296
5528,Pass,0,0.90600675,1.0477061,0,0.8291763
5529,Pass,0,0.99825996,0.34913415,0,0.9702159
5530,Pass,0,0.98930955,1.7258959,0,0.8509497
5531,Pass,0,0.99996865,0.09902533,0,0.9921792
5532,Pass,0,0.94053227,0.78614646,0,0.88074404
5533,Pass,0,0.8466041,0.24963214,0,0.8296588
5534,Pass,0,0.99875975,0.100824974,0,0.9908338
5535,Pass,0,0.98169655,0.039839596,0,0.9787661
5536,Pass,0,0.92934716,0.8182906,0,0.86784494
5537,Pass,0,0.9834631,0.39164948,0,0.95244056
5538,Pass,0,0.99987805,0.34395224,0,0.9722092
5539,Pass,0,0.9870095,0.6396358,0,0.9360057
5540,Pass,0,0.999882,0.18238604,0,0.985327
5541,Pass,0,0.9980178,0.69600755,0,0.9418781
5542,Pass,0,0.994505,0.7744335,0,0.9322314
5543,Pass,0,0.995567,1.0170385,0,0.91362023
5544,Pass,0,0.99835026,0.050242495,0,0.9945269
5545,Pass,0,0.99991834,1.2923298,0,0.8952677
5546,Pass,0,0.9799913,0.33735937,0,0.9533973
5547,Pass,0,0.9495165,2.1866212,0,0.78120947
5548,Pass,0,0.9834448,0.87277126,0,0.91401315
5549,Pass,0,0.99851054,0.8920347,0,0.92645377
5550,Pass,0,0.9983993,0.016288714,0,0.9973277
5551,Pass,0,0.9936081,0.52590925,0,0.9514364
5552,Pass,0,0.9976458,0.064637855,0,0.99265933
5553,Pass,0,0.9987532,0.01964025,0,0.99740946
5554,Pass,0,0.9992459,0.4273594,0,0.96482885
5555,Pass,0,0.9993019,0.7567542,0,0.93816215
5556,Pass,0,0.9331084,1.070456,0,0.8522564
5557,Pass,0,0.99970454,1.2894127,0,0.8953131
5558,Pass,0,0.99890816,0.4538762,0,0.9623525
5559,Pass,0,0.83732,0.65900695,0,0.79273474
5560,Pass,0,0.8685181,1.029146,0,0.79617524
5561,Pass,0,0.7744332,0.7765927,0,0.72580427
5562,Pass,0,0.57586175,1.7868727,0,0.49247414
5563,Pass,0,0.9999037,0.26219016,0,0.9788707
5564,Pass,0,0.9732125,0.5715648,0,0.9282994
5565,Pass,0,0.99014825,0.36946657,0,0.9606978
5566,Pass,0,0.9953204,0.016328217,0,0.99424887
5567,Pass,0,0.9924015,0.85648465,0,0.92364955
5568,Pass,0,0.99931777,0.41201016,0,0.96614337
5569,Pass,0,0.9179806,1.5867573,0,0.79996496
5570,Pass,0,0.9996877,1.4906243,0,0.8789692
5571,Pass,0,0.99629337,0.5333946,0,0.9534022
5572,Pass,0,0.99943537,0.7538255,0,0.938525
5573,Pass,0,0.9144657,0.5375986,0,0.87478524
5574,Pass,0,0.9998573,1.0922498,0,0.9114528
5575,Pass,0,0.9967038,0.23176129,0,0.97820014
5576,Pass,0,0.999972,0.3895046,0,0.9686028
5577,Pass,0,0.9424212,0.90006196,0,0.873798
5578,Pass,0,0.98477465,0.7662304,0,0.92376614
5579,Pass,0,0.9972465,0.7430817,0,0.9373393
5580,Pass,0,0.98814267,0.35945266,0,0.95955515
5581,Pass,0,0.9900399,1.9647961,0,0.83237773
5582,Pass,0,0.99587363,0.5567312,0,0.951114
5583,Pass,0,0.8936946,1.0156937,0,0.8202306
5584,Pass,0,0.99981326,0.34310934,0,0.9722146
5585,Pass,0,0.9998467,0.37524894,0,0.9696385
5586,Pass,0,0.9049218,0.25706446,0,0.8862633
5587,Pass,0,0.9881572,0.3490313,0,0.96040523
5588,Pass,0,0.99195635,0.039298773,0,0.98903877
5589,Pass,0,0.99927896,0.13042895,0,0.98894745
5590,Pass,0,0.9988617,0.057848968,0,0.99441963
5591,Pass,0,0.9915775,0.48726133,0,0.9526028
5592,Pass,0,0.9995315,0.6432257,0,0.9475893
5593,Pass,0,0.99841285,0.7643958,0,0.93670815
5594,Pass,0,0.7984813,0.06955592,0,0.7941715
5595,Pass,0,0.9997348,1.0959622,0,0.9110398
5596,Pass,0,0.9525588,0.95578676,0,0.8788885
5597,Pass,0,0.9494348,1.2753377,0,0.8513774
5598,Pass,0,0.9985959,0.6199314,0,0.9485907
5599,Pass,0,0.96959174,0.3311883,0,0.9437656
5600,Pass,0,0.6475397,1.6791251,0,0.55943656
5601,Pass,0,0.85729533,0.5314972,0,0.8205202
5602,Pass,0,0.9634584,0.3116482,0,0.9393239
5603,Pass,0,0.98775303,0.93707746,0,0.91286093
5604,Pass,0,0.99663144,0.016422722,0,0.9955509
5605,Pass,0,0.99997485,1.3334991,0,0.8919764
5606,Pass,0,0.9950622,0.4012147,0,0.9629011
5607,Pass,0,0.9762288,1.1044532,0,0.8889463
5608,Pass,0,0.9157924,1.495124,0,0.8048703
5609,Pass,0,0.99992573,0.31305844,0,0.9747632
5610,Pass,0,0.9738753,1.1417372,0,0.8838557
5611,Pass,0,0.34827277,1.715726,0,0.2998526
5612,Pass,0,0.98344904,0.3826011,0,0.9531493
5613,Pass,0,0.9828607,0.6598132,0,0.93046135
5614,Pass,0,0.9747098,0.04087566,0,0.97171813
5615,Pass,0,0.99639434,0.8831353,0,0.9252102
5616,Pass,0,0.9774473,1.9069805,0,0.8263779
5617,Pass,0,0.7231433,2.1648571,0,0.5962398
5618,Pass,0,0.9995338,0.90271604,0,0.9265365
5619,Pass,0,0.98535234,0.46985972,0,0.94801426
5620,Pass,0,0.65335375,0.47300828,0,0.6284292
5621,Pass,0,0.9501974,0.9557093,0,0.87671566
5622,Pass,0,0.9355188,0.61658275,0,0.88892645
5623,Pass,0,0.8556259,0.53994954,0,0.81833535
5624,Pass,0,0.99944645,0.52066654,0,0.95745224
5625,Pass,0,0.98665667,0.18806134,0,0.97183967
5626,Pass,0,0.9914402,1.7399018,0,0.8516551
5627,Pass,0,0.9530907,0.4592763,0,0.917794
5628,Pass,0,0.9911616,0.3990425,0,0.95930135
5629,Pass,0,0.99977976,2.5217347,0,0.7953656
5630,Pass,0,0.9825388,0.036549393,0,0.97986823
5631,Pass,0,0.98275846,1.8191437,0,0.8378757
5632,Pass,0,0.9999058,0.47421345,0,0.9616629
5633,Pass,0,0.962393,1.7443105,0,0.8263589
5634,Pass,0,0.75197047,2.1802633,0,0.6190677
5635,Pass,0,0.8985458,0.4953501,0,0.8626378
5636,Pass,0,0.9999615,1.2911717,0,0.8954004
5637,Pass,0,0.98595077,0.06322652,0,0.9811357
5638,Pass,0,0.5710429,0.724497,0,0.5376004
5639,Pass,0,0.6773433,0.7310253,0,0.63731647
5640,Pass,0,0.9929034,0.57146114,0,0.94709
5641,Pass,0,0.99985874,1.2067614,0,0.90215963
5642,Pass,0,0.6081148,1.9104279,0,0.51395744
5643,Pass,0,0.99652207,0.7224703,0,0.9383258
5644,Pass,0,0.9666785,2.2847176,0,0.7876316
5645,Pass,0,0.9521076,0.5456385,0,0.9101724
5646,Pass,0,0.99793684,0.1499442,0,0.98603827
5647,Pass,0,0.8954213,0.7069258,0,0.84425914
5648,Pass,0,0.99550533,0.73583066,0,0.9362888
5649,Pass,0,0.5424899,1.5624571,0,0.4738175
5650,Pass,0,0.98516524,0.6171978,0,0.9360512
5651,Pass,0,0.99404943,0.011616606,0,0.99335945
5652,Pass,0,0.99989843,0.71405196,0,0.94218826
5653,Pass,0,0.99341017,0.32174453,0,0.96771115
5654,Pass,0,0.633032,1.0897949,0,0.5771873
5655,Pass,0,0.9510797,0.45622376,0,0.9160931
5656,Pass,0,0.97352797,0.449137,0,0.93827564
5657,Pass,0,0.96909845,0.440621,0,0.93467647
5658,Pass,0,0.99970514,0.46544328,0,0.9621816
5659,Pass,0,0.9999691,0.17030449,0,0.9863936
5660,Pass,0,0.99886334,0.4133209,0,0.96559775
5661,Pass,0,0.9961851,0.7750267,0,0.9337584
5662,Pass,0,0.99344593,1.5575737,0,0.868082
5663,Pass,0,0.8830941,0.9771385,0,0.81326544
5664,Pass,0,0.99776876,1.1846199,0,0.90206724
5665,Pass,0,0.9862797,0.35131168,0,0.9583979
5666,Pass,0,0.99517715,0.029342903,0,0.9930544
5667,Pass,0,0.9999536,0.90713465,0,0.926567
5668,Pass,0,0.99939513,0.6268567,0,0.94878805
5669,Pass,0,0.9998522,0.16822389,0,0.9864471
5670,Pass,0,0.9900793,0.2805183,0,0.9677799
5671,Pass,0,0.98114693,0.53874207,0,0.9384819
5672,Pass,0,0.965735,0.67085105,0,0.9133834
5673,Pass,0,0.9897781,0.38989478,0,0.9586973
5674,Pass,0,0.981413,2.3383877,0,0.7953611
5675,Pass,0,0.93616754,0.21610416,0,0.9199776
5676,Pass,0,0.93131435,1.1080102,0,0.8477787
5677,Pass,0,0.9331171,1.8839096,0,0.7906468
5678,Pass,0,0.40515736,0.8003365,0,0.37893543
5679,Pass,0,0.9924787,0.0801112,0,0.98627144
5680,Pass,0,0.99677414,0.30655113,0,0.97221744
5681,Pass,0,0.9946078,0.40484416,0,0.9621684
5682,Pass,0,0.9957611,0.5546216,0,0.951177
5683,Pass,0,0.9042471,0.51931274,0,0.8663523
5684,Pass,0,0.9996031,0.27039388,0,0.97791076
5685,Pass,0,0.9955178,0.87415195,0,0.9251222
5686,Pass,0,0.99914694,0.3394826,0,0.9718608
5687,Pass,0,0.9791428,1.0831653,0,0.89329183
5688,Pass,0,0.57278514,1.0367053,0,0.52472377
5689,Pass,0,0.99452037,0.060996316,0,0.98984355
5690,Pass,0,0.78878707,1.199702,0,0.7121644
5691,Pass,0,0.99211603,1.4292854,0,0.8772519
5692,Pass,0,0.9999753,0.9199007,0,0.9255509
5693,Pass,0,0.99637175,0.2999068,0,0.97236246
5694,Pass,0,0.9994686,2.2775574,0,0.8149293
5695,Pass,0,0.9813472,1.4860121,0,0.86321086
5696,Pass,0,0.9720846,1.7073851,0,0.83759445
5697,Pass,0,0.98282987,0.797018,0,0.9194855
5698,Pass,0,0.9825983,2.048572,0,0.8194388
5699,Pass,0,0.99434537,0.031711604,0,0.9920332
5700,Pass,0,0.9340348,0.6833671,0,0.88245267
5701,Pass,0,0.950594,1.0075891,0,0.87307817
5702,Pass,0,0.99836427,0.6368767,0,0.9469973
5703,Pass,0,0.96062756,0.5623393,0,0.9170147
5704,Pass,0,0.98757833,0.49193525,0,0.94838613
5705,Pass,0,0.94315994,0.6053182,0,0.89704955
5706,Pass,0,0.8560978,0.84109586,0,0.79785824
5707,Pass,0,0.96752006,0.2844178,0,0.94542253
5708,Pass,0,0.99890804,0.506226,0,0.9581074
5709,Pass,0,0.7137668,1.6977768,0,0.6155722
5710,Pass,0,0.9624295,0.25812522,0,0.9425024
5711,Pass,0,0.99789894,1.5795364,0,0.87019396
5712,Pass,0,0.99594325,0.32229123,0,0.97013456
5713,Pass,0,0.9984983,1.0553633,0,0.9132038
5714,Pass,0,0.7802658,3.0528383,0,0.5870932
5715,Pass,0,0.95575327,0.6753439,0,0.9035942
5716,Pass,0,0.99996066,0.9519985,0,0.9229318
5717,Pass,0,0.9604489,2.3530676,0,0.7772268
5718,Pass,0,0.97377455,1.605894,0,0.8470734
5719,Pass,0,0.82628846,0.8416944,0,0.77003664
5720,Pass,0,0.8890482,1.4720987,0,0.7830272
5721,Pass,0,0.999757,0.74105906,0,0.93986315
5722,Pass,0,0.99825233,0.01592676,0,0.9972102
5723,Pass,0,0.99929774,0.88840353,0,0.9274788
5724,Pass,0,0.9991035,0.7595104,0,0.93775237
5725,Pass,0,0.99989593,2.3917637,0,0.8060077
5726,Pass,0,0.9318628,0.9508839,0,0.8601639
5727,Pass,0,0.99029,0.8383223,0,0.9231444
5728,Pass,0,0.998278,0.43125877,0,0.9635783
5729,Pass,0,0.9921399,0.7067142,0,0.9354685
5730,Pass,0,0.97804743,0.49835247,0,0.938724
5731,Pass,0,0.99235207,0.6828906,0,0.93758774
5732,Pass,0,0.98946345,0.11414817,0,0.9805411
5733,Pass,0,0.9999976,1.0668427,0,0.9136431
5734,Pass,0,0.79696417,1.5441473,0,0.69726306
5735,Pass,0,0.5534701,2.659294,0,0.4341276
5736,Pass,0,0.63760865,0.53319234,0,0.6101696
5737,Pass,0,0.98841256,0.40897977,0,0.9558434
5738,Pass,0,0.99246985,0.04493035,0,0.989097
5739,Pass,0,0.9999968,0.75329274,0,0.9390955
5740,Pass,0,0.97627914,0.39743862,0,0.94502443
5741,Pass,0,0.9995022,0.9640626,0,0.92152977
5742,Pass,0,0.99710804,0.52767664,0,0.9546446
5743,Pass,0,0.98200524,0.72211283,0,0.92468524
5744,Pass,0,0.9979342,1.6189107,0,0.86703503
5745,Pass,0,0.95728445,0.8190054,0,0.89387786
5746,Pass,0,0.98267406,0.3489665,0,0.9550813
5747,Pass,0,0.99416816,0.48719284,0,0.9550972
5748,Pass,0,0.99982196,0.45482555,0,0.96315587
5749,Pass,0,0.5759225,3.4292874,0,0.41574
5750,Pass,0,0.99686617,0.29664758,0,0.97310865
5751,Pass,0,0.9999914,0.2846544,0,0.977133
5752,Pass,0,0.9806707,1.5594076,0,0.8567729
5753,Pass,0,0.9953075,0.60420763,0,0.94673735
5754,Pass,0,0.96602374,0.41621178,0,0.93362516
5755,Pass,0,0.99864954,0.13218139,0,0.9881824
5756,Pass,0,0.9899301,0.53643,0,0.947069
5757,Pass,0,0.8478276,1.4056168,0,0.7512978
5758,Pass,0,0.99992657,0.6273541,0,0.9492522
5759,Pass,0,0.9808147,0.18838748,0,0.9660594
5760,Pass,0,0.90614253,2.1398025,0,0.7489677
5761,Pass,0,0.9999776,0.53360707,0,0.9569106
5762,Pass,0,0.99775046,0.059117086,0,0.9932107
5763,Pass,0,0.9991347,0.4996504,0,0.95885813
5764,Pass,0,0.99875367,1.1312617,0,0.9072837
5765,Pass,0,0.9985825,0.4988726,0,0.95839125
5766,Pass,0,0.9960645,1.0821375,0,0.90881294
5767,Pass,0,0.9999993,0.8785341,0,0.92893106
5768,Pass,0,0.9974911,0.37180507,0,0.96763295
5769,Pass,0,0.5199402,1.0615053,0,0.47526622
5770,Pass,0,0.995381,0.27320096,0,0.9735534
5771,Pass,0,0.8505131,1.511909,0,0.74633884
5772,Pass,0,0.999923,1.0716039,0,0.91318846
5773,Pass,0,0.9992508,0.48735437,0,0.959967
5774,Pass,0,0.9948901,0.41825667,0,0.9613582
5775,Pass,0,0.9983924,0.6542566,0,0.9456154
5776,Pass,0,0.99527186,0.040186685,0,0.9922728
5777,Pass,0,0.9997733,1.3160857,0,0.8932099
5778,Pass,0,0.99738973,0.739619,0,0.9377543
5779,Pass,0,0.9984824,0.5521466,0,0.9539771
5780,Pass,0,0.9486328,0.94691634,0,0.87594914
5781,Pass,0,0.97479624,0.84418386,0,0.90823734
5782,Pass,0,0.9988612,0.4992217,0,0.95863044
5783,Pass,0,0.9982766,0.0308312,0,0.9960266
5784,Pass,0,0.96964204,0.91961396,0,0.8974977
5785,Pass,0,0.9999982,0.8031182,0,0.93505216
5786,Pass,0,0.99738234,0.022236064,0,0.99583024
5787,Pass,0,0.98258495,1.6262345,0,0.8531149
5788,Pass,0,0.9997701,0.31212223,0,0.9746875
5789,Pass,0,0.9999969,0.26655406,0,0.9786077
5790,Pass,0,0.99638295,0.6567443,0,0.94351095
5791,Pass,0,0.99903524,0.14676093,0,0.98738176
5792,Pass,0,0.99917895,0.75685143,0,0.9380388
5793,Pass,0,0.99886096,0.48006448,0,0.96018356
5794,Pass,0,0.9945344,0.077583134,0,0.98851836
5795,Pass,0,0.99998665,0.15135637,0,0.987949
5796,Pass,0,0.9939594,1.1017275,0,0.90531164
5797,Pass,0,0.977647,0.5369372,0,0.93527746
5798,Pass,0,0.999818,0.1600085,0,0.9870802
5799,Pass,0,0.9998913,1.1379215,0,0.9077766
5800,Pass,0,0.82847226,0.69609225,0,0.781864
5801,Pass,0,0.6448908,0.74985224,0,0.6057961
5802,Pass,0,0.8966849,1.250094,0,0.805913
5803,Pass,0,0.98764604,1.6425942,0,0.8561975
5804,Pass,0,0.9993311,0.23667519,0,0.98038006
5805,Pass,0,0.9954448,0.4215884,0,0.961625
5806,Pass,0,0.9996227,0.23127191,0,0.98110455
5807,Pass,0,0.92200214,1.4755518,0,0.8117928
5808,Pass,0,0.9998983,0.082865685,0,0.9934211
5809,Pass,0,0.9967417,0.012924157,0,0.99594414
5810,Pass,0,0.99943334,0.3826437,0,0.9686377
5811,Pass,0,0.9966366,0.025045788,0,0.99485844
5812,Pass,0,0.9998203,0.40560558,0,0.9671491
5813,Pass,0,0.99763274,0.45086893,0,0.9613673
5814,Pass,0,0.8644455,0.548176,0,0.8261933
5815,Pass,0,0.9654827,1.1221956,0,0.8777704
5816,Pass,0,0.99994004,0.9651728,0,0.92184335
5817,Pass,0,0.9999491,0.8708909,0,0.9295049
5818,Pass,0,0.9994481,0.92907625,0,0.92431843
5819,Pass,0,0.9953513,0.3129,0,0.97031677
5820,Pass,0,0.9999485,0.6966097,0,0.9436513
5821,Pass,0,0.9734957,0.7396289,0,0.9152882
5822,Pass,0,0.999689,0.39344856,0,0.9680086
5823,Pass,0,0.9984951,0.6230961,0,0.94823843
5824,Pass,0,0.50328976,0.5593481,0,0.48056242
5825,Pass,0,0.9997652,0.77100176,0,0.9374408
5826,Pass,0,0.99167866,0.44906232,0,0.95577514
5827,Pass,0,0.98977125,0.88487726,0,0.9189202
5828,Pass,0,0.96124,0.34178033,0,0.9348098
5829,Pass,0,0.99997246,1.200763,0,0.9027491
5830,Pass,0,0.98472923,0.72020525,0,0.92740273
5831,Pass,0,0.9919139,0.09008793,0,0.98490685
5832,Pass,0,0.9958835,1.2022098,0,0.8989408
5833,Pass,0,0.97835666,0.8680691,0,0.90965766
5834,Pass,0,0.9998093,0.25372553,0,0.9794653
5835,Pass,0,0.48082653,0.7433413,0,0.45193192
5836,Pass,0,0.99529654,0.41399303,0,0.96209544
5837,Pass,0,0.9565641,0.46868563,0,0.9204081
5838,Pass,0,0.9981323,0.4758529,0,0.9598244
5839,Pass,0,0.98863876,0.15435287,0,0.97649723
5840,Pass,0,0.9997379,0.6777135,0,0.9449861
5841,Pass,0,0.8019812,1.4721531,0,0.70633954
5842,Pass,0,0.399796,2.0404735,0,0.33367312
5843,Pass,0,0.98868483,0.9965287,0,0.9089506
5844,Pass,0,0.99967647,0.44988912,0,0.9634163
5845,Pass,0,0.9722874,0.74510294,0,0.9137201
5846,Pass,0,0.9998568,0.2714107,0,0.9780764
5847,Pass,0,0.99824524,0.34372413,0,0.97064
5848,Pass,0,0.9851997,0.053168565,0,0.9811927
5849,Pass,0,0.9995484,0.85779476,0,0.93019503
5850,Pass,0,0.9967168,1.0189761,0,0.9145186
5851,Pass,0,0.71367896,1.0874358,0,0.6508564
5852,Pass,0,0.9984901,0.42114013,0,0.9646032
5853,Pass,0,0.9975501,0.33088458,0,0.97100383
5854,Pass,0,0.99437404,1.0442666,0,0.91032755
5855,Pass,0,0.98345596,0.54685557,0,0.94004285
5856,Pass,0,0.96326625,0.4538584,0,0.92801636
5857,Pass,0,0.8824189,2.5310009,0,0.70133644
5858,Pass,0,0.41150317,2.8330112,0,0.31696945
5859,Pass,0,0.9974941,0.02777681,0,0.9954932
5860,Pass,0,0.99073654,0.7179822,0,0.9332391
5861,Pass,0,0.9948349,1.124547,0,0.9042662
5862,Pass,0,0.9609187,0.85621417,0,0.894369
5863,Pass,0,0.99996567,0.7949983,0,0.9356808
5864,Pass,0,0.9985771,0.46893486,0,0.9608129
5865,Pass,0,0.99994564,0.09943245,0,0.9921233
5866,Pass,0,0.87899214,0.72034764,0,0.827811
5867,Pass,0,0.9456626,2.5139053,0,0.7529143
5868,Pass,0,0.87190086,0.8616966,0,0.81112814
5869,Pass,0,0.9760166,0.38245344,0,0.94595754
5870,Pass,0,0.9681627,0.6185326,0,0.9197914
5871,Pass,0,0.86071867,0.8601624,0,0.8008325
5872,Pass,0,0.98482215,0.13261838,0,0.9744651
5873,Pass,0,0.9943053,0.020827875,0,0.9928717
5874,Pass,0,0.97438294,0.8963637,0,0.90372497
5875,Pass,0,0.998689,0.38630542,0,0.9676194
5876,Pass,0,0.98353255,0.6345931,0,0.933111
5877,Pass,0,0.907102,0.49684444,0,0.870742
5878,Pass,0,0.974363,2.026754,0,0.8142968
5879,Pass,0,0.99943906,1.4325293,0,0.8834639
5880,Pass,0,0.9957331,0.03529,0,0.9931284
5881,Pass,0,0.99813545,0.29937506,0,0.9741267
5882,Pass,0,0.8464066,0.3885232,0,0.81992215
5883,Pass,0,0.99976164,0.82120204,0,0.9333633
5884,Pass,0,0.9998616,0.4455973,0,0.963943
5885,Pass,0,0.9707051,0.7301791,0,0.91340905
5886,Pass,0,0.9960563,0.2759477,0,0.9739919
5887,Pass,0,0.92303354,2.4206688,0,0.7418837
5888,Pass,0,0.49147636,2.0287378,0,0.41065854
5889,Pass,0,0.99604887,0.072471336,0,0.990437
5890,Pass,0,0.9309375,0.32056993,0,0.90694344
5891,Pass,0,0.76622456,1.2064813,0,0.6913719
5892,Pass,0,0.88904065,0.546793,0,0.8497999
5893,Pass,0,0.9866506,0.034879882,0,0.9841025
5894,Pass,0,0.97808456,0.115853176,0,0.96912944
5895,Pass,0,0.9983442,1.0153759,0,0.9163035
5896,Pass,0,0.993983,0.013508466,0,0.99314046
5897,Pass,0,0.87996465,1.6339613,0,0.76346445
5898,Pass,0,0.9993143,0.20464192,0,0.98296213
5899,Pass,0,0.99518895,0.6287438,0,0.9446424
5900,Pass,0,0.99934345,0.74209017,0,0.9393908
5901,Pass,0,0.983105,0.32716787,0,0.9572398
5902,Pass,0,0.99549025,0.010112919,0,0.9949208
5903,Pass,0,0.8553827,1.2620773,0,0.7679597
5904,Pass,0,0.9883295,0.50775576,0,0.94783825
5905,Pass,0,0.99501294,0.42237425,0,0.9611443
5906,Pass,0,0.654093,1.8447165,0,0.55630577
5907,Pass,0,0.9481442,0.75395036,0,0.89035016
5908,Pass,0,0.96108234,0.7061682,0,0.9062276
5909,Pass,0,0.997529,0.86334205,0,0.9278665
5910,Pass,0,0.9943727,0.6867255,0,0.93918735
5911,Pass,0,0.98934424,0.46576554,0,0.9521837
5912,Pass,0,0.844301,0.84000844,0,0.7869385
5913,Pass,0,0.7189847,0.76266026,0,0.6746508
5914,Pass,0,0.6986781,0.9035645,0,0.6476046
5915,Pass,0,0.99492514,0.011701943,0,0.9942277
5916,Pass,0,0.9601539,0.18855403,0,0.9456965
5917,Pass,0,0.9911436,0.01634917,0,0.9900749
5918,Pass,0,0.9929836,0.40780845,0,0.9603582
5919,Pass,0,0.9670003,0.3962019,0,0.9361397
5920,Pass,0,0.992525,0.23911664,0,0.9735063
5921,Pass,0,0.928993,0.44800353,0,0.8954388
5922,Pass,0,0.85755193,1.2374277,0,0.77162325
5923,Pass,0,0.8882313,1.2437054,0,0.7987758
5924,Pass,0,0.99176955,0.3527964,0,0.96361303
5925,Pass,0,0.9329087,0.46992582,0,0.8975529
5926,Pass,0,0.65872175,1.2076627,0,0.59430796
5927,Pass,0,0.99922824,0.3887577,0,0.96794295
5928,Pass,0,0.97582996,0.21277262,0,0.95921797
5929,Pass,0,0.99631184,1.338889,0,0.88827306
5930,Pass,0,0.9998161,0.21820791,0,0.9823547
5931,Pass,0,0.9999391,0.43869254,0,0.9645782
5932,Pass,0,0.99931514,0.30190468,0,0.97507286
5933,Pass,0,0.9814855,0.024364768,0,0.97978854
5934,Pass,0,0.99815494,0.41322452,0,0.9649208
5935,Pass,0,0.42822862,1.0150858,0,0.39304826
5936,Pass,0,0.5241687,1.6168061,0,0.455503
5937,Pass,0,0.8581637,0.5600907,0,0.8193594
5938,Pass,0,0.9930413,0.48069403,0,0.9545385
5939,Pass,0,0.9951586,0.3057194,0,0.97070897
5940,Pass,0,0.99735343,1.0761908,0,0.9104704
5941,Pass,0,0.9976051,1.032008,0,0.9142782
5942,Pass,0,0.9992663,0.79999834,0,0.93462086
5943,Pass,0,0.912739,0.02819876,0,0.91087687
5944,Pass,0,0.9945208,1.6054705,0,0.8651544
5945,Pass,0,0.5167095,0.8445599,0,0.48141292
5946,Pass,0,0.9697483,0.73121566,0,0.9124271
5947,Pass,0,0.8838203,1.2142661,0,0.7969212
5948,Pass,0,0.9610426,0.2918268,0,0.93851495
5949,Pass,0,0.99365366,0.716794,0,0.9360827
5950,Pass,0,0.99321234,0.9181229,0,0.91943455
5951,Pass,0,0.9516068,1.0149738,0,0.87343794
5952,Pass,0,0.9998343,0.55014473,0,0.95543116
5953,Pass,0,0.9852446,0.0111774085,0,0.98459584
5954,Pass,0,0.99999917,0.42318282,0,0.9658952
5955,Pass,0,0.9612419,1.2017603,0,0.86770636
5956,Pass,0,0.9983537,0.87060654,0,0.9280449
5957,Pass,0,0.7637587,1.7710867,0,0.6541414
5958,Pass,0,0.98904884,0.276258,0,0.96711475
5959,Pass,0,0.9984584,0.45665526,0,0.96169394
5960,Pass,0,0.9961159,0.5988869,0,0.9479366
5961,Pass,0,0.87673634,1.6074299,0,0.7625518
5962,Pass,0,0.9991364,0.5299861,0,0.9563993
5963,Pass,0,0.9744605,1.36795,0,0.8664924
5964,Pass,0,0.9786589,1.437489,0,0.86470115
5965,Pass,0,0.9991455,0.3751755,0,0.96896446
5966,Pass,0,0.99761605,0.8824677,0,0.92639863
5967,Pass,0,0.9969296,0.42649886,0,0.962662
5968,Pass,0,0.9755366,0.77625084,0,0.9143069
5969,Pass,0,0.9895354,0.5221747,0,0.94783646
5970,Pass,0,0.94377464,0.01790749,0,0.9426376
5971,Pass,0,0.96464765,0.393369,0,0.93408394
5972,Pass,0,0.9113036,0.586185,0,0.868166
5973,Pass,0,0.8912584,2.481901,0,0.7119144
5974,Pass,0,0.9966157,0.6000053,0,0.9483217
5975,Pass,0,0.77894145,1.3485266,0,0.6938646
5976,Pass,0,0.9961592,0.60419655,0,0.9475484
5977,Pass,0,0.9937382,0.40989003,0,0.96092004
5978,Pass,0,0.9798973,0.025609411,0,0.9781041
5979,Pass,0,0.99728143,0.8727577,0,0.92687404
5980,Pass,0,0.99707496,0.29343256,0,0.97357273
5981,Pass,0,0.6831031,1.1533371,0,0.6193176
5982,Pass,0,0.88011414,0.8087889,0,0.8225489
5983,Pass,0,0.9979842,1.734905,0,0.8576813
5984,Pass,0,0.9745916,0.011453397,0,0.9739281
5985,Pass,0,0.7196613,1.1903229,0,0.6503014
5986,Pass,0,0.9615857,0.42365044,0,0.9287553
5987,Pass,0,0.991441,0.47701186,0,0.9532966
5988,Pass,0,0.99271834,0.5089816,0,0.95194846
5989,Pass,0,0.9473883,0.7689963,0,0.8884832
5990,Pass,0,0.9999248,0.2928328,0,0.9764041
5991,Pass,0,0.9927516,0.01342457,0,0.99191684
5992,Pass,0,0.95175266,0.7963691,0,0.89046144
5993,Pass,0,0.9996412,0.16007288,0,0.9869004
5994,Pass,0,0.99786025,0.4002963,0,0.96568316
5995,Pass,0,0.99425644,1.5077873,0,0.8728085
5996,Pass,0,0.9945462,0.6360765,0,0.94344026
5997,Pass,0,0.54771745,1.5543021,0,0.4787459
5998,Pass,0,0.956346,0.029942283,0,0.9542595
5999,Pass,0,0.99748385,1.206473,0,0.90004015
6000,Pass,0,0.95605856,0.7805493,0,0.8957178
6001,Pass,0,0.9925506,0.4264149,0,0.95844024
6002,Pass,0,0.8618328,0.58984023,0,0.8207813
6003,Pass,0,0.999619,0.44517538,0,0.9637434
6004,Pass,0,0.9376212,0.61611503,0,0.89095974
6005,Pass,0,0.8067405,0.020956052,0,0.805569
6006,Pass,0,0.986217,0.66484725,0,0.93323576
6007,Pass,0,0.9884525,0.99888366,0,0.908548
6008,Pass,0,0.98319525,0.021601038,0,0.9817159
6009,Pass,0,0.42509001,0.860382,0,0.395506
6010,Pass,0,0.99975914,0.7265306,0,0.9410443
6011,Pass,0,0.8334499,1.4939983,0,0.7325774
6012,Pass,0,0.9877149,0.018365871,0,0.98648816
6013,Pass,0,0.9968265,0.55280656,0,0.9523416
6014,Pass,0,0.9999628,0.42616844,0,0.9656177
6015,Pass,0,0.89843524,1.6248658,0,0.780153
6016,Pass,0,0.9992919,0.24499154,0,0.9796669
6017,Pass,0,0.9994204,0.45535034,0,0.9627264
6018,Pass,0,0.99600935,0.7068001,0,0.93911
6019,Pass,0,0.8943901,1.4332572,0,0.790552
6020,Pass,0,0.6857218,0.49147972,0,0.65853417
6021,Pass,0,0.76160544,0.39949965,0,0.7370959
6022,Pass,0,0.9289892,0.58300906,0,0.8852539
6023,Pass,0,0.81512207,0.5427155,0,0.77941376
6024,Pass,0,0.9794169,0.40804997,0,0.94721806
6025,Pass,0,0.9988901,1.4361813,0,0.88268256
6026,Pass,0,0.9422822,4.8036337,0,0.5750767
6027,Pass,0,0.9660471,1.989749,0,0.8102489
6028,Pass,0,0.943063,2.1261525,0,0.7805291
6029,Pass,0,0.94605756,0.4270541,0,0.91349596
6030,Pass,0,0.51933354,0.66208965,0,0.49155033
6031,Pass,0,0.9849658,0.44916937,0,0.9492967
6032,Pass,0,0.96099025,0.34273967,0,0.93449205
6033,Pass,0,0.9085181,2.2297976,0,0.7442939
6034,Pass,0,0.6158513,0.68088984,0,0.5819647
6035,Pass,0,0.652828,2.1965218,0,0.5365859
6036,Pass,0,0.99928385,2.0180154,0,0.8358325
6037,Pass,0,0.5858482,0.5641901,0,0.5591625
6038,Pass,0,0.9141838,0.75997627,0,0.8580126
6039,Pass,0,0.9573454,0.33019766,0,0.9319225
6040,Pass,0,0.99474585,0.42214233,0,0.9609051
6041,Pass,0,0.9928744,0.9197279,0,0.91899234
6042,Pass,0,0.67374086,0.96099806,0,0.6213491
6043,Pass,0,0.70189023,1.673804,0,0.6066955
6044,Pass,0,0.9453282,0.012364275,0,0.94461465
6045,Pass,0,0.680557,0.8185435,0,0.63550526
6046,Pass,0,0.8565692,0.90760744,0,0.7936727
6047,Pass,0,0.9586937,1.0194746,0,0.87959236
6048,Pass,0,0.9868197,1.7031456,0,0.8506305
6049,Pass,0,0.97573787,1.4016414,0,0.86495966
6050,Pass,0,0.9982571,0.5663468,0,0.9526111
6051,Pass,0,0.9751982,1.340015,0,0.86935985
6052,Pass,0,0.9843796,1.217233,0,0.8873562
6053,Pass,0,0.8931448,1.6472539,0,0.77393585
6054,Pass,0,0.9962192,1.1548423,0,0.90307444
6055,Pass,0,0.9787381,0.42658213,0,0.94508916
6056,Pass,0,0.97651094,0.9487297,0,0.90154755
6057,Pass,0,0.9990736,1.1400267,0,0.9068635
6058,Pass,0,0.9916298,0.008631998,0,0.99118173
6059,Pass,0,0.75677377,1.4167799,0,0.6699251
6060,Pass,0,0.9810936,0.015750026,0,0.98008347
6061,Pass,0,0.82855934,0.7422239,0,0.77884334
6062,Pass,0,0.99993813,0.7530324,0,0.9390615
6063,Pass,0,0.9941989,0.039423067,0,0.9912647
6064,Pass,0,0.9999949,0.64525396,0,0.94786394
6065,Pass,0,0.9947771,1.250871,0,0.8940125
6066,Pass,0,0.99997437,2.021965,0,0.83608943
6067,Pass,0,0.9967525,0.44917923,0,0.9606558
6068,Pass,0,0.9999151,0.6065054,0,0.95093364
6069,Pass,0,0.9999393,0.3499731,0,0.97178006
6070,Pass,0,0.9989767,0.30209962,0,0.9747268
6071,Pass,0,0.42438328,1.1288826,0,0.3855985
6072,Pass,0,0.9996855,0.102602124,0,0.991608
6073,Pass,0,0.9968675,0.10685947,0,0.9884682
6074,Pass,0,0.9999392,0.13233921,0,0.9894458
6075,Pass,0,0.94955283,0.6555334,0,0.89925915
6076,Pass,0,0.99946433,1.0716757,0,0.91276383
6077,Pass,0,0.9912374,0.52744925,0,0.9490423
6078,Pass,0,0.9999126,0.1768205,0,0.98580897
6079,Pass,0,0.9998523,0.3824346,0,0.96906066
6080,Pass,0,0.99674064,1.4659388,0,0.8783754
6081,Pass,0,0.37843943,2.0861964,0,0.3144441
6082,Pass,0,0.9994006,0.7419769,0,0.93945366
6083,Pass,0,0.96983343,0.09286004,0,0.9627641
6084,Pass,0,0.99506986,1.5125576,0,0.8731373
6085,Pass,0,0.932242,1.0688449,0,0.851587
6086,Pass,0,0.9997869,2.2333193,0,0.8187792
6087,Pass,0,0.97482204,1.40466,0,0.86390895
6088,Pass,0,0.9999838,0.23703016,0,0.9809915
6089,Pass,0,0.99996734,0.22256929,0,0.98214924
6090,Pass,0,0.997498,1.3945171,0,0.88482606
6091,Pass,0,0.41360453,1.880903,0,0.35055545
6092,Pass,0,0.9987398,0.03200081,0,0.9963939
6093,Pass,0,0.75988096,2.2894971,0,0.61884195
6094,Pass,0,0.9994886,0.15981573,0,0.9867706
6095,Pass,0,0.99831295,0.8729725,0,0.9278153
6096,Pass,0,0.9940234,0.99279076,0,0.9141602
6097,Pass,0,0.99919206,0.4338944,0,0.9642468
6098,Pass,0,0.99992716,0.36418363,0,0.97061473
6099,Pass,0,0.9988269,0.67909276,0,0.9440132
6100,Pass,0,0.9999263,0.30902466,0,0.9750913
6101,Pass,0,0.98454905,1.4682639,0,0.8674457
6102,Pass,0,0.99997807,0.92425823,0,0.9251997
6103,Pass,0,0.96490455,1.0176152,0,0.8854364
6104,Pass,0,0.9999304,0.44709012,0,0.96388817
6105,Pass,0,0.9999682,0.39397278,0,0.9682364
6106,Pass,0,0.9999808,0.7657182,0,0.93807185
6107,Pass,0,0.97043556,1.2247794,0,0.87419206
6108,Pass,0,0.9898117,0.048355732,0,0.9861727
6109,Pass,0,0.9862146,0.11583548,0,0.97718644
6110,Pass,0,0.9927562,0.11326619,0,0.9838752
6111,Pass,0,0.8708314,0.59239274,0,0.8291708
6112,Pass,0,0.76803607,1.8227543,0,0.6545835
6113,Pass,0,0.9874649,0.38554248,0,0.9568057
6114,Pass,0,0.9999963,0.20952305,0,0.98323673
6115,Pass,0,0.975049,0.040891696,0,0.9720551
6116,Pass,0,0.9406084,1.7521183,0,0.8070574
6117,Pass,0,0.999464,0.48679546,0,0.9602171
6118,Pass,0,0.99992657,0.34397238,0,0.9722547
6119,Pass,0,0.9999783,0.30442178,0,0.97551554
6120,Pass,0,0.9929878,1.2635272,0,0.8913843
6121,Pass,0,0.9989023,0.6797762,0,0.94402903
6122,Pass,0,0.9999138,0.15787898,0,0.9873476
6123,Pass,0,0.9999944,0.4346495,0,0.96495974
6124,Pass,0,0.90742785,1.1534299,0,0.82268894
6125,Pass,0,0.99864954,0.07883469,0,0.99250716
6126,Pass,0,0.9628307,1.4230007,0,0.8518484
6127,Pass,0,0.9999565,0.29601946,0,0.9761763
6128,Pass,0,0.99972206,0.39632246,0,0.9678074
6129,Pass,0,0.99973506,0.2404945,0,0.98046637
6130,Pass,0,0.9999386,0.6721202,0,0.94562984
6131,Pass,0,0.99988914,0.09678518,0,0.99228215
6132,Pass,0,0.99994016,0.41071403,0,0.96685034
6133,Pass,0,0.9999919,0.4017847,0,0.9676252
6134,Pass,0,0.9987956,0.353055,0,0.97041863
6135,Pass,0,0.996521,0.07270964,0,0.9908872
6136,Pass,0,0.9936748,0.8608271,0,0.9244844
6137,Pass,0,0.9994585,0.95050913,0,0.9225891
6138,Pass,0,0.99994814,1.0090784,0,0.91828686
6139,Pass,0,0.91045475,1.2277961,0,0.8199369
6140,Pass,0,0.9990722,0.12785755,0,0.9889514
6141,Pass,0,0.99656266,0.034121852,0,0.9940503
6142,Pass,0,0.996914,0.4248871,0,0.9627774
6143,Pass,0,0.9999157,0.92089957,0,0.9254146
6144,Pass,0,0.999954,0.44023108,0,0.96446764
6145,Pass,0,0.9974051,0.25225276,0,0.9772293
6146,Pass,0,0.9937296,0.5339436,0,0.95090455
6147,Pass,0,0.9995011,0.3210898,0,0.97369766
6148,Pass,0,0.99806505,0.49721152,0,0.9580292
6149,Pass,0,0.99980074,0.3250586,0,0.97366744
6150,Pass,0,0.9998672,0.54437196,0,0.95593125
6151,Pass,0,0.997863,0.37220597,0,0.9679612
6152,Pass,0,0.9979049,0.90387946,0,0.92493236
6153,Pass,0,0.9908697,0.56500584,0,0.9456694
6154,Pass,0,0.9987942,1.6681961,0,0.86378616
6155,Pass,0,0.9980716,0.7985113,0,0.9336239
6156,Pass,0,0.99994946,0.39948776,0,0.9677706
6157,Pass,0,0.8561342,5.9601374,0,0.44212472
6158,Pass,0,0.99995196,0.62446296,0,0.949511
6159,Pass,0,0.9979,0.059141744,0,0.9933575
6160,Pass,0,0.8983516,0.34237006,0,0.87360764
6161,Pass,0,0.9989262,1.9744544,0,0.83906573
6162,Pass,0,0.99831295,0.11080479,0,0.9895818
6163,Pass,0,0.9997484,0.51634336,0,0.9580924
6164,Pass,0,0.99995124,0.54757035,0,0.95575196
6165,Pass,0,0.776583,0.6428478,0,0.7362505
6166,Pass,0,0.49792305,1.5848873,0,0.43398562
6167,Pass,0,0.9999714,0.23049389,0,0.9815099
6168,Pass,0,0.84753156,1.9444379,0,0.7139643
6169,Pass,0,0.9998671,0.5763539,0,0.9533352
6170,Pass,0,0.9998227,0.24783938,0,0.97995615
6171,Pass,0,0.99998164,0.1804109,0,0.9855855
6172,Pass,0,0.68713355,1.2367811,0,0.6183172
6173,Pass,0,0.7848127,3.143915,0,0.58471197
6174,Pass,0,0.7197486,1.5156485,0,0.6313724
6175,Pass,0,0.99956936,0.86581326,0,0.9295639
6176,Pass,0,0.99994266,1.2888241,0,0.89557403
6177,Pass,0,0.97768015,0.73610586,0,0.919502
6178,Pass,0,0.99744886,0.6553063,0,0.94463676
6179,Pass,0,0.99917287,0.4288756,0,0.9646354
6180,Pass,0,0.9999435,0.3055251,0,0.97539204
6181,Pass,0,0.99967647,0.24848545,0,0.9797604
6182,Pass,0,0.99725515,0.056038074,0,0.99296683
6183,Pass,0,0.9999559,0.37114155,0,0.9700778
6184,Pass,0,0.94579357,0.7527083,0,0.88823825
6185,Pass,0,0.9995838,0.29600686,0,0.9758135
6186,Pass,0,0.99739194,1.1156938,0,0.9073072
6187,Pass,0,0.99979347,0.1661172,0,0.98656017
6188,Pass,0,0.98159605,0.4962303,0,0.942299
6189,Pass,0,0.9890609,0.59276474,0,0.94171435
6190,Pass,0,0.9853756,0.43705434,0,0.95066077
6191,Pass,0,0.99997056,0.29702199,0,0.97610873
6192,Pass,0,0.99555224,0.036577225,0,0.99284405
6193,Pass,0,0.9999763,0.2855613,0,0.9770446
6194,Pass,0,0.98563683,0.7375069,0,0.92687315
6195,Pass,0,0.9998535,0.36877558,0,0.9701705
6196,Pass,0,0.99619293,0.6499309,0,0.943882
6197,Pass,0,0.99963176,0.19209851,0,0.98429227
6198,Pass,0,0.98709726,0.9035081,0,0.91494477
6199,Pass,0,0.9996113,0.6579386,0,0.9464711
6200,Pass,0,0.9942175,0.2151111,0,0.9771038
6201,Pass,0,0.9999877,0.22734365,0,0.9817817
6202,Pass,0,0.9977221,0.035705924,0,0.9950785
6203,Pass,0,0.9999218,0.67849964,0,0.94509614
6204,Pass,0,0.9642473,1.1356469,0,0.8755943
6205,Pass,0,0.99802566,0.5927523,0,0.950251
6206,Pass,0,0.9993741,0.6858074,0,0.9439856
6207,Pass,0,0.99988234,0.3233608,0,0.9738847
6208,Pass,0,0.99897873,0.40737167,0,0.96619177
6209,Pass,0,0.9998128,0.4200065,0,0.96597296
6210,Pass,0,0.9911112,0.6093894,0,0.94232893
6211,Pass,0,0.99999726,0.2685408,0,0.9784468
6212,Pass,0,0.9992094,0.63276345,0,0.9481326
6213,Pass,0,0.97278816,0.55369765,0,0.9293057
6214,Pass,0,0.97402114,0.46125942,0,0.9377925
6215,Pass,0,0.99683005,0.8840634,0,0.9255396
6216,Pass,0,0.99972385,0.8006643,0,0.93499476
6217,Pass,0,0.99900985,0.49778754,0,0.95888937
6218,Pass,0,0.9998223,0.08946347,0,0.9928101
6219,Pass,0,0.9947449,0.27854466,0,0.9724998
6220,Pass,0,0.9982875,0.119534984,0,0.9888491
6221,Pass,0,0.9947195,1.000032,0,0.9142157
6222,Pass,0,0.99760604,0.028548894,0,0.9955424
6223,Pass,0,0.9224216,0.2680222,0,0.9025817
6224,Pass,0,0.9932834,0.022107499,0,0.99174803
6225,Pass,0,0.9999927,0.33335918,0,0.9731806
6226,Pass,0,0.99534047,0.5090039,0,0.95446116
6227,Pass,0,0.97527224,0.14015259,0,0.9644191
6228,Pass,0,0.9974463,0.29125127,0,0.9741119
6229,Pass,0,0.9996345,0.18455154,0,0.9849074
6230,Pass,0,0.9930004,0.44670582,0,0.9572389
6231,Pass,0,0.9918093,0.09365539,0,0.9845158
6232,Pass,0,0.98532975,0.03754178,0,0.9825722
6233,Pass,0,0.99298733,0.060452424,0,0.98836154
6234,Pass,0,0.999941,0.38670725,0,0.9687998
6235,Pass,0,0.9931778,0.3131032,0,0.9681815
6236,Pass,0,0.99959487,0.6963779,0,0.9433364
6237,Pass,0,0.9926258,0.25766614,0,0.97211045
6238,Pass,0,0.98743755,0.6673618,0,0.9341892
6239,Pass,0,0.9923618,0.02874303,0,0.9902933
6240,Pass,0,0.99978286,0.5914791,0,0.9520274
6241,Pass,0,0.99986136,0.32114425,0,0.9740442
6242,Pass,0,0.9855128,0.70288765,0,0.9295261
6243,Pass,0,0.9757178,1.3725545,0,0.8672457
6244,Pass,0,0.99792945,0.5701137,0,0.9519933
6245,Pass,0,0.9960263,0.5948219,0,0.94817996
6246,Pass,0,0.99999905,0.6594931,0,0.946712
6247,Pass,0,0.9983285,0.21719319,0,0.9809753
6248,Pass,0,0.99943286,0.3518526,0,0.9711353
6249,Pass,0,0.99549484,0.7833515,0,0.9324387
6250,Pass,0,0.99978393,0.1951999,0,0.9841904
6251,Pass,0,0.99360317,0.46934733,0,0.9559938
6252,Pass,0,0.9935655,0.23300703,0,0.97501963
6253,Pass,0,0.99970657,0.22089362,0,0.9820291
6254,Pass,0,0.9900289,0.04269644,0,0.98684394
6255,Pass,0,0.945169,0.93861765,0,0.87338746
6256,Pass,0,0.9986958,0.6923176,0,0.9428171
6257,Pass,0,0.9998516,0.7145127,0,0.9421067
6258,Pass,0,0.99982905,0.19931246,0,0.983901
6259,Pass,0,0.9995189,0.45194006,0,0.963098
6260,Pass,0,0.9306156,0.8813562,0,0.8642652
6261,Pass,0,0.9998385,0.3407247,0,0.9724326
6262,Pass,0,0.99834573,0.9766362,0,0.9194445
6263,Pass,0,0.99919623,0.472297,0,0.9611359
6264,Pass,0,0.9998677,0.17339736,0,0.9860425
6265,Pass,0,0.9991366,0.96166384,0,0.92138726
6266,Pass,0,0.99981326,0.43542027,0,0.9647224
6267,Pass,0,0.99600285,0.24654232,0,0.97631705
6268,Pass,0,0.9998846,0.3667052,0,0.97036874
6269,Pass,0,0.9972996,0.33842865,0,0.9701492
6270,Pass,0,0.99960536,0.69402814,0,0.94353694
6271,Pass,0,0.97515094,0.2655498,0,0.9543727
6272,Pass,0,0.9591839,0.6821471,0,0.9063078
6273,Pass,0,0.99849355,0.56221765,0,0.95317143
6274,Pass,0,0.9991561,1.3728639,0,0.88805324
6275,Pass,0,0.9991171,0.2696066,0,0.9774991
6276,Pass,0,0.997031,0.0212168,0,0.99556196
6277,Pass,0,0.9995003,1.0330715,0,0.91592884
6278,Pass,0,0.9958917,0.029171562,0,0.99378127
6279,Pass,0,0.99998784,0.8987308,0,0.92728096
6280,Pass,0,0.99998486,0.22109658,0,0.982286
6281,Pass,0,0.99999356,1.0375291,0,0.916019
6282,Pass,0,0.9990995,1.1146207,0,0.9089475
6283,Pass,0,0.9922781,0.40809485,0,0.95965284
6284,Pass,0,0.9996259,0.23364027,0,0.9809155
6285,Pass,0,0.99662185,0.59792405,0,0.9484959
6286,Pass,0,0.9999546,0.1666643,0,0.9866747
6287,Pass,0,0.9999753,0.18719976,0,0.9850282
6288,Pass,0,0.99997747,0.19445014,0,0.98444176
6289,Pass,0,0.81444645,0.8578066,0,0.7579356
6290,Pass,0,0.7453881,0.31363678,0,0.7265959
6291,Pass,0,0.9991591,1.777479,0,0.85523784
6292,Pass,0,0.9981785,0.07018916,0,0.99273956
6293,Pass,0,0.99998844,0.1010975,0,0.9920306
6294,Pass,0,0.9964706,0.36497763,0,0.9671953
6295,Pass,0,0.9990609,0.5601485,0,0.95388085
6296,Pass,0,0.999778,0.26691282,0,0.97836435
6297,Pass,0,0.994532,0.6940882,0,0.9387433
6298,Pass,0,0.99529403,0.3723461,0,0.9654579
6299,Pass,0,0.99806005,0.39315248,0,0.9664553
6300,Pass,0,0.993654,0.74191344,0,0.9340569
6301,Pass,0,0.99985075,0.40036073,0,0.9676042
6302,Pass,0,0.99577963,0.53729737,0,0.9525952
6303,Pass,0,0.981509,1.2739551,0,0.8802491
6304,Pass,0,0.9441512,0.23906839,0,0.9260631
6305,Pass,0,0.9942773,0.6276657,0,0.94386405
6306,Pass,0,0.99942625,0.123494714,0,0.9896558
6307,Pass,0,0.99999154,0.1843718,0,0.9852737
6308,Pass,0,0.9858155,0.052603196,0,0.9818513
6309,Pass,0,0.99997544,0.29297492,0,0.976442
6310,Pass,0,0.9979303,0.07555811,0,0.99205774
6311,Pass,0,0.999997,1.1118324,0,0.9099905
6312,Pass,0,0.985572,0.5029033,0,0.9455819
6313,Pass,0,0.999961,1.0375619,0,0.91598654
6314,Pass,0,0.999915,1.5337845,0,0.8756657
6315,Pass,0,0.99714774,0.43295112,0,0.9623503
6316,Pass,0,0.9997845,0.32933125,0,0.9733049
6317,Pass,0,0.9985239,0.3784147,0,0.96809906
6318,Pass,0,0.9938466,0.34313968,0,0.96641016
6319,Pass,0,0.9998925,0.27156493,0,0.97809875
6320,Pass,0,0.99719393,0.07316665,0,0.99151933
6321,Pass,0,0.9999993,0.4720044,0,0.96193206
6322,Pass,0,0.9315158,0.660176,0,0.8818264
6323,Pass,0,0.99884593,0.5400404,0,0.95530605
6324,Pass,0,0.9695217,2.3209913,0,0.78709334
6325,Pass,0,0.99983275,0.7788111,0,0.9368703
6326,Pass,0,0.9999068,0.7682087,0,0.9378002
6327,Pass,0,0.99900824,0.56588316,0,0.9533655
6328,Pass,0,0.9997453,0.29936457,0,0.9756987
6329,Pass,0,0.9973628,0.030961636,0,0.9951043
6330,Pass,0,1.0,0.41247633,0,0.96676517
6331,Pass,0,0.9369093,0.1645096,0,0.9246306
6332,Pass,0,0.999821,0.39350405,0,0.9681319
6333,Pass,0,0.99982196,0.6110397,0,0.950477
6334,Pass,0,0.99932814,0.5573179,0,0.9543656
6335,Pass,0,0.9999795,0.6582949,0,0.94679075
6336,Pass,0,0.99430346,0.7760344,0,0.9319133
6337,Pass,0,0.99999905,0.6746693,0,0.94548005
6338,Pass,0,0.9771509,0.027805788,0,0.97518855
6339,Pass,0,0.99993265,0.21464327,0,0.9827585
6340,Pass,0,0.99998975,0.36756772,0,0.97040075
6341,Pass,0,0.99993813,1.263026,0,0.89766407
6342,Pass,0,0.9998616,0.33523363,0,0.97290087
6343,Pass,0,0.990877,0.5388503,0,0.9477802
6344,Pass,0,0.9998388,0.3917379,0,0.96829253
6345,Pass,0,0.9999989,0.98508185,0,0.92028147
6346,Pass,0,0.99996686,0.16551363,0,0.9867802
6347,Pass,0,0.3481359,0.6291186,0,0.33044314
6348,Pass,0,0.99795437,0.4723669,0,0.95993567
6349,Pass,0,0.87513334,0.49705505,0,0.84003985
6350,Pass,0,0.99941146,0.26446024,0,0.97820467
6351,Pass,0,0.9851816,0.41314802,0,0.95238554
6352,Pass,0,0.9997843,0.51501834,0,0.95823425
6353,Pass,0,0.9998945,0.9014792,0,0.9269713
6354,Pass,0,0.99927956,1.0540174,0,0.91402745
6355,Pass,0,0.99980587,0.41871807,0,0.9660709
6356,Pass,0,0.99625236,0.29020083,0,0.97303087
6357,Pass,0,0.99999917,0.6078819,0,0.9509018
6358,Pass,0,0.9956209,0.38125375,0,0.9650551
6359,Pass,0,0.87593794,0.6362994,0,0.83091104
6360,Pass,0,0.9993943,1.257247,0,0.89764476
6361,Pass,0,0.99998164,0.24902861,0,0.9800154
6362,Pass,0,0.99977535,0.5041642,0,0.9591066
6363,Pass,0,0.999853,0.20429952,0,0.9835198
6364,Pass,0,0.9999707,0.2737236,0,0.97800004
6365,Pass,0,0.9855708,0.37582767,0,0.9557476
6366,Pass,0,0.99997556,0.34123352,0,0.97252464
6367,Pass,0,0.99986696,1.1573266,0,0.9061795
6368,Pass,0,0.99920565,0.4541108,0,0.9626201
6369,Pass,0,0.9981014,0.57788277,0,0.95152783
6370,Pass,0,0.5248673,1.3078958,0,0.4692719
6371,Pass,0,0.9971034,1.0543259,0,0.912012
6372,Pass,0,0.9661579,0.51085955,0,0.9263316
6373,Pass,0,0.9997377,0.9482232,0,0.92303234
6374,Pass,0,0.99874324,0.041185576,0,0.9956527
6375,Pass,0,0.9978078,0.019606927,0,0.996468
6376,Pass,0,0.93738365,0.45123777,0,0.9032803
6377,Pass,0,0.99518114,0.69450545,0,0.93932235
6378,Pass,0,0.9998627,0.7956812,0,0.935529
6379,Pass,0,0.99790096,0.77154475,0,0.9356488
6380,Pass,0,0.99937564,0.8253033,0,0.9326702
6381,Pass,0,0.9444987,0.7654831,0,0.88604265
6382,Pass,0,0.9999571,0.6896172,0,0.944227
6383,Pass,0,0.9990435,0.53012574,0,0.9562991
6384,Pass,0,0.99972624,1.172917,0,0.9047867
6385,Pass,0,0.95241773,0.92494947,0,0.8811425
6386,Pass,0,0.97198087,1.0016861,0,0.8931868
6387,Pass,0,0.9995078,1.226632,0,0.9002307
6388,Pass,0,0.99948716,0.8942474,0,0.9271804
6389,Pass,0,0.92943716,0.5166001,0,0.8906914
6390,Pass,0,0.5610737,0.8642823,0,0.5218483
6391,Pass,0,0.95864314,0.41581514,0,0.9265229
6392,Pass,0,0.93423736,3.8496547,0,0.64251584
6393,Pass,0,0.93347305,0.5766384,0,0.8900095
6394,Pass,0,0.9972984,0.24769202,0,0.977494
6395,Pass,0,0.9621953,0.7164846,0,0.9064712
6396,Pass,0,0.99240416,0.57862806,0,0.9460364
6397,Pass,0,0.99564314,0.01645598,0,0.9945609
6398,Pass,0,0.9995951,0.37031406,0,0.969795
6399,Pass,0,0.99068123,0.8297389,0,0.9241994
6400,Pass,0,0.88161117,1.081073,0,0.8044615
6401,Pass,0,0.9846777,0.3408689,0,0.9576759
6402,Pass,0,0.98919463,0.79268897,0,0.9257877
6403,Pass,0,0.9883837,0.5899904,0,0.9412921
6404,Pass,0,0.99513865,2.1992671,0,0.81772333
6405,Pass,0,0.99856454,0.90009105,0,0.92585087
6406,Pass,0,0.99915946,0.62813973,0,0.9484602
6407,Pass,0,0.9923569,0.015084407,0,0.99138874
6408,Pass,0,0.9712464,0.008710958,0,0.9708014
6409,Pass,0,0.92481333,0.7431019,0,0.8692559
6410,Pass,0,0.9979767,0.88257295,0,0.9267251
6411,Pass,0,0.9507108,0.99358106,0,0.8742665
6412,Pass,0,0.9999976,0.5321193,0,0.95705056
6413,Pass,0,0.99980336,0.89948255,0,0.92704886
6414,Pass,0,0.99667895,1.9287301,0,0.84087753
6415,Pass,0,0.99978346,0.7035193,0,0.9429348
6416,Pass,0,0.9855703,0.67157686,0,0.9320854
6417,Pass,0,0.9876583,1.1132406,0,0.8986494
6418,Pass,0,0.84471595,0.21974027,0,0.82985824
6419,Pass,0,0.9958954,0.062452644,0,0.99109435
6420,Pass,0,0.9524166,0.9658975,0,0.8779755
6421,Pass,0,0.8521889,1.7715552,0,0.7298474
6422,Pass,0,0.9920065,0.5658769,0,0.9466841
6423,Pass,0,0.99999714,0.09001167,0,0.9929392
6424,Pass,0,0.9920685,0.41206783,0,0.95913017
6425,Pass,0,0.8834514,0.39222342,0,0.8555425
6426,Pass,0,0.9429865,0.3354824,0,0.9175403
6427,Pass,0,0.9991186,0.6641733,0,0.94549894
6428,Pass,0,0.95426273,0.6391556,0,0.90498835
6429,Pass,0,0.99764144,0.3082674,0,0.9729244
6430,Pass,0,0.99583554,0.024073789,0,0.9941373
6431,Pass,0,0.99995136,0.23373988,0,0.98122674
6432,Pass,0,0.6447993,0.8776609,0,0.59902024
6433,Pass,0,0.9996124,0.58097917,0,0.95271707
6434,Pass,0,0.90819025,0.52949226,0,0.86937976
6435,Pass,0,0.9979102,0.45605084,0,0.9612149
6436,Pass,0,0.9945556,0.4510286,0,0.95838916
6437,Pass,0,0.9998441,0.22126,0,0.9821344
6438,Pass,0,0.9946116,0.01233848,0,0.993863
6439,Pass,0,0.9993998,0.8799856,0,0.92825645
6440,Pass,0,0.9932561,0.55105317,0,0.9490719
6441,Pass,0,0.9845173,0.1419364,0,0.9734187
6442,Pass,0,0.99855095,0.31531423,0,0.9732402
6443,Pass,0,0.9545101,0.39959684,0,0.92378503
6444,Pass,0,0.99929357,0.53557205,0,0.9560966
6445,Pass,0,0.9948802,0.06721703,0,0.98969924
6446,Pass,0,0.9669853,0.3474205,0,0.93995434
6447,Pass,0,0.98740596,0.60245144,0,0.93936217
6448,Pass,0,0.99888664,1.0387346,0,0.9149073
6449,Pass,0,0.9800488,0.3071115,0,0.9558596
6450,Pass,0,0.9955831,0.4732735,0,0.9575815
6451,Pass,0,0.96271825,0.54136586,0,0.9206496
6452,Pass,0,0.9911,0.30857584,0,0.96652025
6453,Pass,0,0.56759715,2.1582768,0,0.46829346
6454,Pass,0,0.9997105,0.22288138,0,0.98187166
6455,Pass,0,0.7598405,0.60216415,0,0.722887
6456,Pass,0,0.9943763,0.018623985,0,0.9931205
6457,Pass,0,0.99930215,0.37999973,0,0.96872497
6458,Pass,0,0.8547914,0.29952195,0,0.8342204
6459,Pass,0,0.9993753,0.75985944,0,0.9379791
6460,Pass,0,0.9850151,2.0481765,0,0.8214859
6461,Pass,0,0.99997306,0.6088619,0,0.95079744
6462,Pass,0,0.9997758,1.3012074,0,0.8944196
6463,Pass,0,0.9998412,0.3752369,0,0.9696341
6464,Pass,0,0.99918014,0.34010774,0,0.9718424
6465,Pass,0,0.98219866,1.6076525,0,0.8542611
6466,Pass,0,0.99957246,0.7936001,0,0.93542635
6467,Pass,0,0.9962365,0.2924126,0,0.9728365
6468,Pass,0,0.99014854,0.027989367,0,0.9881453
6469,Pass,0,0.9998074,0.50223327,0,0.95929414
6470,Pass,0,0.9980965,0.7862905,0,0.93463737
6471,Pass,0,0.840739,0.29842955,0,0.8205808
6472,Pass,0,0.99521834,0.036405,0,0.9925249
6473,Pass,0,0.99615616,0.618631,0,0.9463783
6474,Pass,0,0.9864594,1.3057355,0,0.88214386
6475,Pass,0,0.9998572,0.42551255,0,0.96556896
6476,Pass,0,0.9984133,0.6714749,0,0.9442397
6477,Pass,0,0.99923253,0.4707324,0,0.96129775
6478,Pass,0,0.99985373,0.3398766,0,0.9725163
6479,Pass,0,0.999699,0.1709987,0,0.9860708
6480,Pass,0,0.9940143,1.6615201,0,0.86019105
6481,Pass,0,0.96931726,0.4300831,0,0.9357167
6482,Pass,0,0.9985879,0.008210494,0,0.9981709
6483,Pass,0,0.9999294,0.21053074,0,0.9830892
6484,Pass,0,0.99680114,0.033577505,0,0.99433225
6485,Pass,0,0.9920657,0.4363855,0,0.95716906
6486,Pass,0,0.9994647,0.44394648,0,0.9636943
6487,Pass,0,0.9737902,0.33195,0,0.94779205
6488,Pass,0,0.9993383,0.69305366,0,0.94336396
6489,Pass,0,0.9999008,0.10997673,0,0.991223
6490,Pass,0,0.9895964,0.095082365,0,0.98220456
6491,Pass,0,0.9991891,0.46511322,0,0.9617117
6492,Pass,0,0.98932743,0.40072373,0,0.95739114
6493,Pass,0,0.9912186,0.7408083,0,0.9318565
6494,Pass,0,0.44626948,1.157285,0,0.40445557
6495,Pass,0,0.70113933,0.49998528,0,0.67285633
6496,Pass,0,0.9853689,0.7268007,0,0.9274776
6497,Pass,0,0.9923344,0.7670959,0,0.93078786
6498,Pass,0,0.9994179,0.34816745,0,0.9714198
6499,Pass,0,0.9924591,0.54462034,0,0.94882864
6500,Pass,0,0.9992262,0.4319783,0,0.96443516
6501,Pass,0,0.46415025,0.6964841,0,0.43802327
6502,Pass,0,0.9964728,0.01904689,0,0.99518013
6503,Pass,0,0.9760306,0.19062527,0,0.96117
6504,Pass,0,0.91067314,1.4489785,0,0.8037824
6505,Pass,0,0.9749869,5.694289,0,0.52454376
6506,Pass,0,0.99352103,0.036055293,0,0.99086046
6507,Pass,0,0.95955133,0.589418,0,0.9138781
6508,Pass,0,0.9947621,0.26503092,0,0.9736079
6509,Pass,0,0.9999378,0.3768412,0,0.9695976
6510,Pass,0,0.9998826,0.28794295,0,0.9767598
6511,Pass,0,0.69515246,0.7694727,0,0.6519036
6512,Pass,0,0.9184494,0.74961287,0,0.8627888
6513,Pass,0,0.99873143,1.0300874,0,0.9154662
6514,Pass,0,0.99833775,0.23175777,0,0.97980404
6515,Pass,0,0.9960879,0.02483702,0,0.99432755
6516,Pass,0,0.9999417,0.73171574,0,0.94079524
6517,Pass,0,0.5157668,1.1046404,0,0.46964538
6518,Pass,0,0.9995803,0.6455415,0,0.94744766
6519,Pass,0,0.9999008,0.46675703,0,0.96226335
6520,Pass,0,0.95389956,0.60348433,0,0.90740615
6521,Pass,0,0.9999716,0.36493438,0,0.9705969
6522,Pass,0,0.99261683,0.52736527,0,0.95036983
6523,Pass,0,0.8282407,0.41465163,0,0.800568
6524,Pass,0,0.9915622,0.31074685,0,0.9667962
6525,Pass,0,0.9997875,0.71679556,0,0.9418611
6526,Pass,0,0.9944813,0.6915868,0,0.93889743
6527,Pass,0,0.99241865,0.0053781914,0,0.99223244
6528,Pass,0,0.99795973,0.78993803,0,0.93421376
6529,Pass,0,0.99945885,0.37799907,0,0.9690392
6530,Pass,0,0.95652735,0.55101144,0,0.91398025
6531,Pass,0,0.98762405,0.52913254,0,0.94544786
6532,Pass,0,0.504139,4.1544743,0,0.33424374
6533,Pass,0,0.99603695,0.0135561,0,0.99518883
6534,Pass,0,0.9999857,0.8119754,0,0.93432146
6535,Pass,0,0.91281587,0.62263525,0,0.86690575
6536,Pass,0,0.99964345,0.8748612,0,0.9288986
6537,Pass,0,0.99902546,0.122416526,0,0.9893463
6538,Pass,0,0.88554364,0.4267764,0,0.8550848
6539,Pass,0,0.99988604,0.99454856,0,0.91940916
6540,Pass,0,0.97516555,0.06789875,0,0.97003335
6541,Pass,0,0.9988446,0.5453367,0,0.95487535
6542,Pass,0,0.7248012,1.938405,0,0.6109306
6543,Pass,0,0.99995565,1.0661687,0,0.9136595
6544,Pass,0,0.9712318,1.5873526,0,0.8463233
6545,Pass,0,0.99724066,0.09986548,0,0.98940444
6546,Pass,0,0.8673982,1.3415662,0,0.77315015
6547,Pass,0,0.9983645,0.78011143,0,0.9353891
6548,Pass,0,0.9998803,1.4077125,0,0.8858683
6549,Pass,0,0.9980788,0.3177822,0,0.9725801
6550,Pass,0,0.9990319,0.3226273,0,0.97311586
6551,Pass,0,0.99272,0.3936486,0,0.9612444
6552,Pass,0,0.9408237,0.47936836,0,0.9044467
6553,Pass,0,0.9549285,0.97173095,0,0.8798389
6554,Pass,0,0.99812704,3.135209,0,0.7443438
6555,Pass,0,0.48861876,0.6259523,0,0.4639121
6556,Pass,0,0.94050944,0.1226969,0,0.9313759
6557,Pass,0,0.99265987,1.4952022,0,0.87242115
6558,Pass,0,0.7707802,1.1794437,0,0.6971743
6559,Pass,0,0.98715055,1.3573617,0,0.8786249
6560,Pass,0,0.35213062,1.5638733,0,0.30751485
6561,Pass,0,0.7020083,0.95385617,0,0.6478254
6562,Pass,0,0.9979457,0.5820084,0,0.9510452
6563,Pass,0,0.8570521,1.2585207,0,0.76970595
6564,Pass,0,0.4375842,1.9217871,0,0.3694274
6565,Pass,0,0.7265577,0.3915907,0,0.7036424
6566,Pass,0,0.9958162,0.7014367,0,0.9393614
6567,Pass,0,0.9613253,1.8813504,0,0.8147478
6568,Pass,0,0.5156463,1.7073858,0,0.4443054
6569,Pass,0,0.2718442,1.1826388,0,0.24581383
6570,Pass,0,0.7790243,0.93234515,0,0.7202574
6571,Pass,0,0.5605452,3.3016715,0,0.41044664
6572,Pass,0,0.6463436,0.18507002,0,0.63679415
6573,Pass,0,0.98937327,0.6986685,0,0.9335061
6574,Pass,0,0.8706747,2.0103931,0,0.7287985
6575,Pass,0,0.639499,0.48674,0,0.6143901
6576,Pass,0,0.47101852,1.4401107,0,0.41607156
6577,Pass,0,0.59851944,0.5635712,0,0.57128656
6578,Pass,0,0.69260675,2.0781581,0,0.5759367
6579,Pass,0,0.99820316,0.54793817,0,0.9540513
6580,Pass,0,0.987122,0.9888756,0,0.90812707
6581,Pass,0,0.99960583,0.92395496,0,0.92487985
6582,Pass,0,0.9988809,0.4075993,0,0.96607876
6583,Pass,0,0.99812967,0.517889,0,0.95641583
6584,Pass,0,0.9931738,1.3096056,0,0.8878362
6585,Pass,0,0.9999603,0.5642619,0,0.95440567
6586,Pass,0,0.9993148,0.24083506,0,0.98002654
6587,Pass,0,0.988052,0.9221637,0,0.91433346
6588,Pass,0,0.9995347,0.8580846,0,0.9301588
6589,Pass,0,0.99949443,0.4708757,0,0.9615381
6590,Pass,0,0.8858979,0.82308257,0,0.82692647
6591,Pass,0,0.99547726,0.4751613,0,0.9573271
6592,Pass,0,0.8083292,0.64834744,0,0.7659871
6593,Pass,0,0.96418166,1.4715816,0,0.8492412
6594,Pass,0,0.99997056,0.7834843,0,0.93662006
6595,Pass,0,0.9864457,0.40710574,0,0.9540914
6596,Pass,0,0.9456087,0.8561149,0,0.8801269
6597,Pass,0,0.8574602,2.7163763,0,0.6685963
6598,Pass,0,0.4197641,0.7290329,0,0.3950265
6599,Pass,0,0.92420137,0.85971767,0,0.85993165
6600,Pass,0,0.99530125,0.6065823,0,0.9465395
6601,Pass,0,0.9978212,0.10520769,0,0.9895477
6602,Pass,0,0.99933416,0.51838875,0,0.9575294
6603,Pass,0,0.5613009,1.04632,0,0.51376504
6604,Pass,0,0.9950695,0.027755572,0,0.9930752
6605,Pass,0,0.9306365,0.82468414,0,0.868566
6606,Pass,0,0.99973124,0.49897894,0,0.9594852
6607,Pass,0,0.9936451,0.48710614,0,0.95460165
6608,Pass,0,0.626659,0.88468796,0,0.58181036
6609,Pass,0,0.9730977,0.5833143,0,0.9272618
6610,Pass,0,0.8083756,0.91966,0,0.748227
6611,Pass,0,0.92367095,0.24398266,0,0.9056067
6612,Pass,0,0.9754759,2.4880304,0,0.7786998
6613,Pass,0,0.60741293,0.87338287,0,0.56449914
6614,Pass,0,0.9940837,1.2345002,0,0.8947104
6615,Pass,0,0.95167094,1.763568,0,0.8156647
6616,Pass,0,0.9999926,0.6185589,0,0.95002884
6617,Pass,0,0.9493301,0.9480438,0,0.87650615
6618,Pass,0,0.95279294,0.027993709,0,0.950865
6619,Pass,0,0.98994243,0.15318185,0,0.977879
6620,Pass,0,0.9842955,1.4403697,0,0.86945117
6621,Pass,0,0.8597187,1.098532,0,0.78326637
6622,Pass,0,0.953651,0.09372427,0,0.94663274
6623,Pass,0,0.98304796,0.06738756,0,0.97791505
6624,Pass,0,0.7272181,1.2143558,0,0.6557112
6625,Pass,0,0.49815688,2.352685,0,0.40314037
6626,Pass,0,0.99942744,0.6084709,0,0.95031035
6627,Pass,0,0.50101525,0.775518,0,0.46959874
6628,Pass,0,0.9326709,0.18216491,0,0.919111
6629,Pass,0,0.99558663,1.1769347,0,0.90071553
6630,Pass,0,0.99870193,0.16005571,0,0.9859745
6631,Pass,0,0.98288846,0.4104534,0,0.9503837
6632,Pass,0,0.36506346,1.9216218,0,0.3082072
6633,Pass,0,0.9997631,0.4651957,0,0.96225744
6634,Pass,0,0.99390715,0.019996043,0,0.9925412
6635,Pass,0,0.9970114,0.67464393,0,0.94265735
6636,Pass,0,0.96033114,0.7814296,0,0.89965206
6637,Pass,0,0.9947634,0.7977982,0,0.9305869
6638,Pass,0,0.9979309,0.44256434,0,0.9623274
6639,Pass,0,0.99706274,0.25808308,0,0.97642195
6640,Pass,0,0.9999596,0.20088379,0,0.9839019
6641,Pass,0,0.5258213,0.44854626,0,0.5068061
6642,Pass,0,0.501405,0.7667477,0,0.47032103
6643,Pass,0,0.28564402,2.4836383,0,0.22812486
6644,Pass,0,0.9741703,0.01804355,0,0.9729859
6645,Pass,0,0.93923265,0.9279065,0,0.8687186
6646,Pass,0,0.99292666,0.6559175,0,0.9403047
6647,Pass,0,0.99781966,0.6771185,0,0.94322115
6648,Pass,0,0.9991732,0.2099807,0,0.98239034
6649,Pass,0,0.99552983,0.313395,0,0.97045076
6650,Pass,0,0.80968964,0.49024394,0,0.7776681
6651,Pass,0,0.52577007,4.5990443,0,0.32961056
6652,Pass,0,0.97560096,0.09476954,0,0.9683384
6653,Pass,0,0.99994814,0.2709711,0,0.97820145
6654,Pass,0,0.98147315,1.4216539,0,0.8684493
6655,Pass,0,0.97124046,0.49576896,0,0.9323944
6656,Pass,0,0.9543483,0.5851037,0,0.909257
6657,Pass,0,0.9490068,0.41757527,0,0.91707385
6658,Pass,0,0.8813562,0.8348938,0,0.8218421
6659,Pass,0,0.94507027,1.2413236,0,0.85007316
6660,Pass,0,0.99970156,0.5588336,0,0.95459926
6661,Pass,0,0.9380045,0.11544503,0,0.9294475
6662,Pass,0,0.9734876,0.28509256,0,0.9512004
6663,Pass,0,0.9995158,0.19719774,0,0.9837643
6664,Pass,0,0.81557,0.96751976,0,0.75171745
6665,Pass,0,0.9724653,1.218492,0,0.8765168
6666,Pass,0,0.9998235,0.12543431,0,0.9898917
6667,Pass,0,0.98278606,0.7613905,0,0.92228687
6668,Pass,0,0.84292936,1.7586105,0,0.72280294
6669,Pass,0,0.96302295,0.39897725,0,0.9320723
6670,Pass,0,0.9662793,0.029169664,0,0.9642318
6671,Pass,0,0.94617814,1.0843086,0,0.86312973
6672,Pass,0,0.9883344,0.8235989,0,0.92250264
6673,Pass,0,0.9685508,0.073736124,0,0.96299446
6674,Pass,0,0.9998603,0.29848683,0,0.9758822
6675,Pass,0,0.9927384,0.87128407,0,0.92277044
6676,Pass,0,0.9955258,1.2638774,0,0.89363426
6677,Pass,0,0.9662575,1.0889037,0,0.88108623
6678,Pass,0,0.97611475,0.05190945,0,0.9722445
6679,Pass,0,0.99956805,0.16854157,0,0.98614097
6680,Pass,0,0.94868064,0.04312819,0,0.94559544
6681,Pass,0,0.45701423,1.038911,0,0.41858515
6682,Pass,0,0.96643406,0.9776233,0,0.88997746
6683,Pass,0,0.982621,0.028355435,0,0.9806038
6684,Pass,0,0.9953015,0.1611678,0,0.98252755
6685,Pass,0,0.999158,0.44497278,0,0.9633154
6686,Pass,0,0.83376133,1.577806,0,0.7271788
6687,Pass,0,0.9984054,0.4617782,0,0.9612277
6688,Pass,0,0.60252726,0.011665391,0,0.6021067
6689,Pass,0,0.99686086,1.2173123,0,0.8986008
6690,Pass,0,0.99509406,1.0777178,0,0.90828454
6691,Pass,0,0.90237,1.03045,0,0.82711196
6692,Pass,0,0.84730726,1.9965453,0,0.71019125
6693,Pass,0,0.93199784,1.6947335,0,0.804011
6694,Pass,0,0.7788659,0.060956396,0,0.77520573
6695,Pass,0,0.9961351,0.5578422,0,0.95127386
6696,Pass,0,0.99798465,0.36520433,0,0.96864647
6697,Pass,0,0.9980034,0.14190447,0,0.98675543
6698,Pass,0,0.99880934,1.4965883,0,0.8777133
6699,Pass,0,0.99619114,1.1017027,0,0.9073463
6700,Pass,0,0.9910256,0.8220783,0,0.9251369
6701,Pass,0,0.99993384,0.2201545,0,0.9823124
6702,Pass,0,0.9956766,0.079775,0,0.9894765
6703,Pass,0,0.9999747,0.6665005,0,0.9461202
6704,Pass,0,0.9642906,0.70538336,0,0.90931416
6705,Pass,0,0.99941397,0.9340769,0,0.9238812
6706,Pass,0,0.7072887,0.57588243,0,0.6743999
6707,Pass,0,0.99978775,0.30873182,0,0.9749799
6708,Pass,0,0.99983,0.363487,0,0.97057694
6709,Pass,0,0.9906681,0.6165829,0,0.9413291
6710,Pass,0,0.91696095,0.8979697,0,0.8503474
6711,Pass,0,0.9999801,0.16302697,0,0.98699516
6712,Pass,0,0.99519664,0.022286147,0,0.99364394
6713,Pass,0,0.999998,0.7924297,0,0.9359196
6714,Pass,0,0.99985933,0.5323702,0,0.9568978
6715,Pass,0,0.9927043,0.6636272,0,0.93947285
6716,Pass,0,0.96313065,0.5608698,0,0.91951907
6717,Pass,0,0.9999646,0.31978795,0,0.97425485
6718,Pass,0,0.885616,0.44924545,0,0.8535392
6719,Pass,0,0.99950373,0.38001522,0,0.96891916
6720,Pass,0,0.98970795,0.021970684,0,0.98818916
6721,Pass,0,0.39680776,0.67225754,0,0.37525186
6722,Pass,0,0.9771683,0.7737285,0,0.91603625
6723,Pass,0,0.98928636,0.58343,0,0.94267863
6724,Pass,0,0.9911644,1.0981305,0,0.90305525
6725,Pass,0,0.38790673,0.5911583,0,0.36938813
6726,Pass,0,0.9956976,0.032187007,0,0.9933439
6727,Pass,0,0.99990296,0.28213942,0,0.97725075
6728,Pass,0,0.89819145,1.4944471,0,0.7894505
6729,Pass,0,0.99865746,0.010054576,0,0.998091
6730,Pass,0,0.9485477,0.9544513,0,0.8752904
6731,Pass,0,0.9991161,0.22138345,0,0.9814094
6732,Pass,0,0.9990803,0.9053453,0,0.9259029
6733,Pass,0,0.9874083,0.0430784,0,0.98420113
6734,Pass,0,0.9973381,0.7286435,0,0.93859434
6735,Pass,0,0.9434624,1.330012,0,0.84183437
6736,Pass,0,0.99961615,0.3494115,0,0.97151154
6737,Pass,0,0.8740534,1.8966933,0,0.739694
6738,Pass,0,0.9994686,0.7318389,0,0.9403401
6739,Pass,0,0.76771086,0.82145,0,0.71670854
6740,Pass,0,0.8918577,2.6828356,0,0.6978457
6741,Pass,0,0.88228846,0.45391867,0,0.8499975
6742,Pass,0,0.99322367,0.6164101,0,0.94377136
6743,Pass,0,0.81622803,0.07698287,0,0.8113304
6744,Pass,0,0.8983641,0.6811332,0,0.8489148
6745,Pass,0,0.99255437,0.78119236,0,0.9298584
6746,Pass,0,0.63114554,0.33679053,0,0.6140472
6747,Pass,0,0.65871286,0.5249039,0,0.63080883
6748,Pass,0,0.9953987,0.033266995,0,0.99295837
6749,Pass,0,0.9677808,0.43235242,0,0.93405527
6750,Pass,0,0.99996424,0.7758223,0,0.93723613
6751,Pass,0,0.99151695,0.017353892,0,0.990367
6752,Pass,0,0.999987,0.27538618,0,0.9778811
6753,Pass,0,0.9995178,0.41355106,0,0.9662118
6754,Pass,0,0.99999285,1.1604224,0,0.9060423
6755,Pass,0,0.4127967,2.7339253,0,0.32128617
6756,Pass,0,0.99638164,1.1444333,0,0.90406364
6757,Pass,0,0.99728215,0.009143482,0,0.9967902
6758,Pass,0,0.96820027,0.0103622675,0,0.96762687
6759,Pass,0,0.93896717,3.5426364,0,0.66917056
6760,Pass,0,0.9996227,0.34343523,0,0.97200286
6761,Pass,0,0.94236255,1.037982,0,0.8631929
6762,Pass,0,0.99269557,0.8157513,0,0.92720574
6763,Pass,0,0.990189,0.97708416,0,0.91189647
6764,Pass,0,0.99475217,0.52803296,0,0.95236033
6765,Pass,0,0.64573604,1.0992324,0,0.58827585
6766,Pass,0,0.99996746,0.1890899,0,0.98486704
6767,Pass,0,0.998833,0.44102368,0,0.9633222
6768,Pass,0,0.7391917,0.90181077,0,0.6852619
6769,Pass,0,0.49652922,1.1484063,0,0.45036402
6770,Pass,0,0.99992454,0.18547672,0,0.9851181
6771,Pass,0,0.99467283,0.6036551,0,0.94617826
6772,Pass,0,0.88405436,0.5692115,0,0.8434248
6773,Pass,0,0.99999523,0.5286019,0,0.95733374
6774,Pass,0,0.99096996,0.7200533,0,0.9332923
6775,Pass,0,0.9414829,0.8019955,0,0.880423
6776,Pass,0,0.9947813,1.8542494,0,0.84529114
6777,Pass,0,0.99916136,0.3532793,0,0.9707558
6778,Pass,0,0.95380497,0.84880865,0,0.8883212
6779,Pass,0,0.99998415,0.20691271,0,0.98343664
6780,Pass,0,0.94232243,0.5820837,0,0.8980303
6781,Pass,0,0.9999753,0.20019113,0,0.9839737
6782,Pass,0,0.96364224,0.3975517,0,0.93278325
6783,Pass,0,0.7201489,1.1911528,0,0.65069354
6784,Pass,0,0.77110624,1.4233979,0,0.6821985
6785,Pass,0,0.97811115,0.1366507,0,0.96750444
6786,Pass,0,0.9999039,0.2510302,0,0.97977674
6787,Pass,0,0.9141846,0.34862253,0,0.88854045
6788,Pass,0,0.9421736,0.21056762,0,0.92630327
6789,Pass,0,0.99726737,0.013376297,0,0.9964327
6790,Pass,0,0.9575752,0.75699914,0,0.89896935
6791,Pass,0,0.98550946,0.24245323,0,0.9663582
6792,Pass,0,0.9898003,0.1734458,0,0.9761104
6793,Pass,0,0.6416662,0.15421604,0,0.633793
6794,Pass,0,0.99984324,0.53925985,0,0.9563232
6795,Pass,0,0.99978215,0.12709905,0,0.9897157
6796,Pass,0,0.8413853,0.8985299,0,0.7802238
6797,Pass,0,0.99987054,0.63685656,0,0.94842774
6798,Pass,0,0.9998202,0.5531156,0,0.9551766
6799,Pass,0,0.9976761,0.052444424,0,0.993677
6800,Pass,0,0.99891186,0.6599631,0,0.9456447
6801,Pass,0,0.931648,0.41968486,0,0.90013963
6802,Pass,0,0.9972409,0.85831094,0,0.9280059
6803,Pass,0,0.99588263,0.6921944,0,0.94017124
6804,Pass,0,0.9989335,0.5004917,0,0.9585969
6805,Pass,0,0.99794763,0.68334746,0,0.9428375
6806,Pass,0,0.96031773,0.6777581,0,0.90772134
6807,Pass,0,0.79264367,0.5168422,0,0.75958484
6808,Pass,0,0.99950564,1.6980102,0,0.8619824
6809,Pass,0,0.9788351,0.04552482,0,0.9754614
6810,Pass,0,0.992919,0.5975016,0,0.945006
6811,Pass,0,0.9284754,0.54104567,0,0.8879272
6812,Pass,0,0.99960786,2.4181256,0,0.8036363
6813,Pass,0,0.96748036,0.8905307,0,0.897781
6814,Pass,0,0.80892384,0.21210037,0,0.7951973
6815,Pass,0,0.9999833,0.14229377,0,0.9886814
6816,Pass,0,0.99101067,0.36935627,0,0.96154344
6817,Pass,0,0.65937495,0.40611848,0,0.637801
6818,Pass,0,0.9880199,1.6507354,0,0.85586864
6819,Pass,0,0.997855,0.048080623,0,0.99420875
6820,Pass,0,0.99881506,0.8715414,0,0.928398
6821,Pass,0,0.97011113,1.0299523,0,0.88924265
6822,Pass,0,0.99946815,0.50465065,0,0.9587724
6823,Pass,0,0.9999058,0.32191285,0,0.97402513
6824,Pass,0,0.9988751,0.35734496,0,0.970148
6825,Pass,0,0.9999443,0.060167786,0,0.99530923
6826,Pass,0,0.989416,0.47972506,0,0.9511316
6827,Pass,0,0.48066115,0.36395574,0,0.46657965
6828,Pass,0,0.9998485,0.71394366,0,0.94215
6829,Pass,0,0.9955249,0.03791953,0,0.99270827
6830,Pass,0,0.99872226,0.32988405,0,0.97222596
6831,Pass,0,0.99250257,0.682334,0,0.9377748
6832,Pass,0,0.9956416,0.66292894,0,0.9423091
6833,Pass,0,0.9999285,0.133732,0,0.9893221
6834,Pass,0,0.98410666,0.5191951,0,0.94287455
6835,Pass,0,0.9770995,0.16745411,0,0.9640605
6836,Pass,0,0.9985782,0.7837188,0,0.9352969
6837,Pass,0,0.99967754,0.110691264,0,0.9909436
6838,Pass,0,0.9992009,0.42591605,0,0.96490246
6839,Pass,0,0.9935941,0.34155837,0,0.9662922
6840,Pass,0,0.7896541,0.35845628,0,0.7668728
6841,Pass,0,0.9955837,0.3597694,0,0.96675533
6842,Pass,0,0.99729675,0.7173907,0,0.9394665
6843,Pass,0,0.9987658,0.4276346,0,0.964343
6844,Pass,0,0.99970907,0.747876,0,0.9392649
6845,Pass,0,0.9984188,0.25751522,0,0.97779596
6846,Pass,0,0.92374563,0.38357285,0,0.8952125
6847,Pass,0,0.7722529,0.54522634,0,0.73826516
6848,Pass,0,0.99652255,0.027107816,0,0.9945777
6849,Pass,0,0.99960595,0.53667116,0,0.95630634
6850,Pass,0,0.9941964,0.30753663,0,0.96962374
6851,Pass,0,0.97895414,0.49990052,0,0.93947124
6852,Pass,0,0.99809235,0.2819188,0,0.975499
6853,Pass,0,0.9989569,0.36963937,0,0.96923053
6854,Pass,0,0.993986,0.95237863,0,0.91738665
6855,Pass,0,0.99975115,1.1572146,0,0.9060836
6856,Pass,0,0.9993186,0.20125145,0,0.98324144
6857,Pass,0,0.9901522,0.62621045,0,0.9400651
6858,Pass,0,0.9999403,0.2921647,0,0.97647345
6859,Pass,0,0.9982926,0.46774948,0,0.96063524
6860,Pass,0,0.9996927,0.48544544,0,0.96054643
6861,Pass,0,0.9997825,0.96946883,0,0.9213494
6862,Pass,0,0.99363095,1.105863,0,0.9046789
6863,Pass,0,0.9746379,0.4552236,0,0.9388639
6864,Pass,0,0.9448496,0.32914534,0,0.9198392
6865,Pass,0,0.99859947,0.5069146,0,0.9577556
6866,Pass,0,0.9980317,1.0816851,0,0.9106445
6867,Pass,0,0.9652654,0.42601615,0,0.93212396
6868,Pass,0,0.9983669,0.035910077,0,0.99570507
6869,Pass,0,0.99610823,0.034410223,0,0.9935737
6870,Pass,0,0.8725454,1.2075891,0,0.7872278
6871,Pass,0,0.9985,0.28971583,0,0.97526544
6872,Pass,0,0.552904,0.9462218,0,0.510572
6873,Pass,0,0.9884879,0.3767575,0,0.9585018
6874,Pass,0,0.99928814,0.31190452,0,0.9742353
6875,Pass,0,0.9964552,0.9904488,0,0.9165861
6876,Pass,0,0.97806346,1.7078148,0,0.842712
6877,Pass,0,0.99747074,0.2186561,0,0.980014
6878,Pass,0,0.9952727,1.0952982,0,0.9070272
6879,Pass,0,0.9992537,0.7580105,0,0.9380149
6880,Pass,0,0.9982986,0.5990576,0,0.9499998
6881,Pass,0,0.9993093,0.82747185,0,0.9324324
6882,Pass,0,0.99078536,0.53102785,0,0.9483217
6883,Pass,0,0.91123956,1.9859806,0,0.76455915
6884,Pass,0,0.99973696,0.7015823,0,0.9430481
6885,Pass,0,0.9135897,0.18429965,0,0.9001489
6886,Pass,0,0.9966239,1.019633,0,0.91438013
6887,Pass,0,0.9533667,0.2641868,0,0.9331581
6888,Pass,0,0.9596142,0.76777434,0,0.9000442
6889,Pass,0,0.98664814,1.1402645,0,0.8955658
6890,Pass,0,0.9994462,0.92846453,0,0.9243663
6891,Pass,0,0.99469453,0.008427887,0,0.9942616
6892,Pass,0,0.99778277,0.108062096,0,0.9892784
6893,Pass,0,0.9784389,0.8144954,0,0.91398937
6894,Pass,0,0.8687625,1.1829015,0,0.7855559
6895,Pass,0,0.5019727,2.1546571,0,0.41429776
6896,Pass,0,0.98863494,0.14349756,0,0.97736466
6897,Pass,0,0.9617146,1.225154,0,0.8663068
6898,Pass,0,0.8419989,0.8890007,0,0.7814441
6899,Pass,0,0.9699718,0.6500083,0,0.9190317
6900,Pass,0,0.97747767,0.52636313,0,0.9359545
6901,Pass,0,0.99285924,0.015522586,0,0.9918553
6902,Pass,0,0.9879149,0.034306422,0,0.98540956
6903,Pass,0,0.86324745,0.3572076,0,0.8384306
6904,Pass,0,0.99157965,0.3750692,0,0.9616357
6905,Pass,0,0.813679,1.2422422,0,0.73182845
6906,Pass,0,0.96788335,1.1964232,0,0.8741209
6907,Pass,0,0.98973596,0.76333904,0,0.9286524
6908,Pass,0,0.999943,0.79082704,0,0.9359982
6909,Pass,0,0.92097986,0.5586068,0,0.8794461
6910,Pass,0,0.87844163,1.4718155,0,0.7737056
6911,Pass,0,0.9987728,0.9066867,0,0.92550915
6912,Pass,0,0.99472624,0.56413835,0,0.94942003
6913,Pass,0,0.988342,0.021733154,0,0.9868443
6914,Pass,0,0.5892128,1.9563692,0,0.49578473
6915,Pass,0,0.9981744,0.47913855,0,0.95959866
6916,Pass,0,0.9639016,0.2177272,0,0.947105
6917,Pass,0,0.99660134,0.0203932,0,0.99519956
6918,Pass,0,0.98540676,0.7641417,0,0.92452615
6919,Pass,0,0.49068198,0.53968376,0,0.46930727
6920,Pass,0,0.9977246,0.4181083,0,0.9641092
6921,Pass,0,0.9988238,0.5106768,0,0.95766574
6922,Pass,0,0.95266145,0.39690205,0,0.9222043
6923,Pass,0,0.9946314,1.1282804,0,0.90377975
6924,Pass,0,0.9882945,0.42820293,0,0.954187
6925,Pass,0,0.9952493,0.68940777,0,0.93979853
6926,Pass,0,0.8133558,0.531855,0,0.7784419
6927,Pass,0,0.9992317,0.6045559,0,0.9504418
6928,Pass,0,0.99843436,0.023175558,0,0.99680454
6929,Pass,0,0.9999809,0.5293099,0,0.95726264
6930,Pass,0,0.9491061,0.63648266,0,0.9003039
6931,Pass,0,0.97842854,0.43604022,0,0.944039
6932,Pass,0,0.99998736,0.82089967,0,0.9335985
6933,Pass,0,0.9995677,0.22288069,0,0.9817314
6934,Pass,0,0.99916327,0.2822952,0,0.9765151
6935,Pass,0,0.99996173,0.5636599,0,0.9544559
6936,Pass,0,0.9721592,0.36975852,0,0.9432208
6937,Pass,0,0.9993987,0.17996013,0,0.9850476
6938,Pass,0,0.9972824,0.022329919,0,0.9957229
6939,Pass,0,0.99858934,0.4130366,0,0.96535593
6940,Pass,0,0.7897641,0.7464063,0,0.74210775
6941,Pass,0,0.99866605,0.5124205,0,0.9573731
6942,Pass,0,0.99380255,0.8788141,0,0.92315215
6943,Pass,0,0.9991247,0.40393192,0,0.9666119
6944,Pass,0,0.99122506,0.21723785,0,0.97399175
6945,Pass,0,0.88215613,0.3139369,0,0.85989434
6946,Pass,0,0.97481537,0.7419574,0,0.9163447
6947,Pass,0,0.9998988,0.09952157,0,0.9920696
6948,Pass,0,0.9972951,0.030608179,0,0.99506533
6949,Pass,0,0.99999106,0.27335307,0,0.97805005
6950,Pass,0,0.82175946,0.21361044,0,0.8077144
6951,Pass,0,0.9986879,0.44199386,0,0.96310365
6952,Pass,0,0.99830425,0.83153296,0,0.93116546
6953,Pass,0,0.99961674,0.6050829,0,0.95076525
6954,Pass,0,0.99687994,0.6127345,0,0.947543
6955,Pass,0,0.9995585,1.3262643,0,0.89219207
6956,Pass,0,0.9519386,0.8283312,0,0.8881655
6957,Pass,0,0.9728345,0.8407963,0,0.9066771
6958,Pass,0,0.99924755,0.99028695,0,0.91916776
6959,Pass,0,0.99978834,0.30388898,0,0.9753735
6960,Pass,0,0.99998295,0.2867428,0,0.97695524
6961,Pass,0,0.99415165,0.07025288,0,0.98872954
6962,Pass,0,0.995378,0.7509883,0,0.9349442
6963,Pass,0,0.99994886,0.15536095,0,0.9875866
6964,Pass,0,0.9898864,0.38297683,0,0.95935816
6965,Pass,0,0.99945396,0.6998001,0,0.94292575
6966,Pass,0,0.9977717,0.23762012,0,0.97877365
6967,Pass,0,0.88675076,0.3719992,0,0.86019343
6968,Pass,0,0.99951637,0.29276043,0,0.9760111
6969,Pass,0,0.99626833,0.01168547,0,0.9955713
6970,Pass,0,0.9990445,0.50409096,0,0.95841146
6971,Pass,0,0.99529356,0.3064606,0,0.97078073
6972,Pass,0,0.9996494,1.0681084,0,0.9132223
6973,Pass,0,0.9741814,0.6283654,0,0.92473173
6974,Pass,0,0.99939644,0.5722353,0,0.95322067
6975,Pass,0,0.97621185,0.9020526,0,0.9049704
6976,Pass,0,0.99645054,0.012671533,0,0.9956736
6977,Pass,0,0.99375004,0.57287216,0,0.9477837
6978,Pass,0,0.9989355,0.25196466,0,0.97875214
6979,Pass,0,0.9997936,0.83062935,0,0.932628
6980,Pass,0,0.90990746,0.66407573,0,0.8610827
6981,Pass,0,0.916346,1.7845068,0,0.7838306
6982,Pass,0,0.99570835,0.65992576,0,0.942615
6983,Pass,0,0.962526,0.7249479,0,0.9061215
6984,Pass,0,0.9789008,0.78306055,0,0.9169188
6985,Pass,0,0.99803036,0.9639121,0,0.9201849
6986,Pass,0,0.9998148,0.45729783,0,0.9629483
6987,Pass,0,0.999323,0.33174524,0,0.97265977
6988,Pass,0,0.98878396,0.67031074,0,0.9352262
6989,Pass,0,0.99988055,0.46246275,0,0.96259236
6990,Pass,0,0.8226012,0.6755496,0,0.77769494
6991,Pass,0,0.9995653,0.6136037,0,0.95002496
6992,Pass,0,0.9999546,0.29359898,0,0.97637093
6993,Pass,0,0.9999945,0.2873174,0,0.9769199
6994,Pass,0,0.9845616,0.42070442,0,0.9511822
6995,Pass,0,0.9993468,0.5616986,0,0.95402807
6996,Pass,0,0.9766827,0.8312688,0,0.91101897
6997,Pass,0,0.7259053,0.74306464,0,0.6822993
6998,Pass,0,0.9586644,0.4473715,0,0.92408776
6999,Pass,0,0.9911472,0.6267828,0,0.94096375
7000,Pass,0,0.9935597,0.05100514,0,0.9896932
7001,Pass,0,0.9942409,1.2790368,0,0.89125735
7002,Pass,0,0.72981215,1.0934922,0,0.6652106
7003,Pass,0,0.94168633,1.6014833,0,0.81949735
7004,Pass,0,0.99389946,0.38213563,0,0.9633153
7005,Pass,0,0.9959116,0.023115255,0,0.99429077
7006,Pass,0,0.9934314,0.44391337,0,0.9578796
7007,Pass,0,0.99996424,0.37367153,0,0.9698805
7008,Pass,0,0.9862729,0.4849711,0,0.94769007
7009,Pass,0,0.9977763,0.42157382,0,0.96387845
7010,Pass,0,0.984543,0.24639712,0,0.96509534
7011,Pass,0,0.99983466,0.2854066,0,0.9769188
7012,Pass,0,0.9998803,0.4565049,0,0.96307576
7013,Pass,0,0.9999219,0.7051778,0,0.94293076
7014,Pass,0,0.9984706,0.0384146,0,0.9956055
7015,Pass,0,0.99917454,0.3930152,0,0.96754557
7016,Pass,0,0.99372274,0.3150593,0,0.9685549
7017,Pass,0,0.9800418,0.35178828,0,0.95229846
7018,Pass,0,0.9981913,1.4032933,0,0.88473
7019,Pass,0,0.99792635,0.014449735,0,0.9970042
7020,Pass,0,0.9944067,0.55373496,0,0.94995487
7021,Pass,0,0.9971064,0.40218225,0,0.9648009
7022,Pass,0,0.99999857,0.27766287,0,0.97770756
7023,Pass,0,0.98878944,0.04062298,0,0.9857749
7024,Pass,0,0.99890554,0.56379986,0,0.95343643
7025,Pass,0,0.98341894,0.22644463,0,0.9655863
7026,Pass,0,0.9978241,1.4426682,0,0.8812151
7027,Pass,0,0.9957545,0.3203975,0,0.97010374
7028,Pass,0,0.99865294,0.63226813,0,0.9476447
7029,Pass,0,0.9988109,0.57772356,0,0.95221716
7030,Pass,0,0.9359693,0.32692698,0,0.91136247
7031,Pass,0,0.99846834,2.0733004,0,0.8306694
7032,Pass,0,0.7311551,0.60829,0,0.69523305
7033,Pass,0,0.98240376,1.0058408,0,0.9024334
7034,Pass,0,0.99985373,0.55852944,0,0.95476925
7035,Pass,0,0.7438115,2.1593523,0,0.61361337
7036,Pass,0,0.9999944,0.81941324,0,0.9337258
7037,Pass,0,0.99898595,0.7772067,0,0.9362069
7038,Pass,0,0.9995043,0.23143631,0,0.98097503
7039,Pass,0,0.99768543,0.18700798,0,0.9827881
7040,Pass,0,0.9034858,0.49990207,0,0.86704654
7041,Pass,0,0.9999962,0.21949026,0,0.9824275
7042,Pass,0,0.9997285,0.3047717,0,0.9752435
7043,Pass,0,0.8624294,0.8316979,0,0.804417
7044,Pass,0,0.67452306,0.7266311,0,0.6349035
7045,Pass,0,0.9963097,0.37886202,0,0.96591616
7046,Pass,0,0.98974985,0.26885524,0,0.96839494
7047,Pass,0,0.98800766,0.844437,0,0.9205264
7048,Pass,0,0.9968041,0.007995678,0,0.99640524
7049,Pass,0,0.87394,0.5565964,0,0.83467025
7050,Pass,0,0.9939851,0.57009006,0,0.9482324
7051,Pass,0,0.9736343,0.5223027,0,0.9325953
7052,Pass,0,0.9999356,0.24646324,0,0.98017853
7053,Pass,0,0.9697639,0.09790036,0,0.9622983
7054,Pass,0,0.995067,0.33168235,0,0.96852237
7055,Pass,0,0.9772085,0.5320815,0,0.9352431
7056,Pass,0,0.99880326,0.85756856,0,0.92951995
7057,Pass,0,0.99980134,0.37626773,0,0.9695118
7058,Pass,0,0.9958268,0.24947393,0,0.9759075
7059,Pass,0,0.99986184,0.26941243,0,0.9782435
7060,Pass,0,0.98883164,0.43313584,0,0.95430964
7061,Pass,0,0.84781283,0.4221101,0,0.8189729
7062,Pass,0,0.99967706,0.4261906,0,0.96534
7063,Pass,0,0.99374324,0.1001329,0,0.9859129
7064,Pass,0,0.999895,0.5600033,0,0.954689
7065,Pass,0,0.99428314,0.6881618,0,0.9389868
7066,Pass,0,0.9999583,0.8860911,0,0.9282795
7067,Pass,0,0.99963343,0.536576,0,0.9563403
7068,Pass,0,0.99974185,0.37504855,0,0.9695531
7069,Pass,0,0.9999968,0.7004749,0,0.9433831
7070,Pass,0,0.99082595,0.59254843,0,0.9434123
7071,Pass,0,0.9041885,0.2684376,0,0.8847104
7072,Pass,0,0.9990049,0.46743503,0,0.96134615
7073,Pass,0,0.9977101,0.050112784,0,0.99389976
7074,Pass,0,0.99996316,0.7547886,0,0.9389425
7075,Pass,0,0.9619592,0.73809105,0,0.9045615
7076,Pass,0,0.9998323,0.8130459,0,0.9340912
7077,Pass,0,0.99875724,0.5149719,0,0.95725363
7078,Pass,0,0.99989283,0.27837554,0,0.97754633
7079,Pass,0,0.99996746,0.7302159,0,0.9409412
7080,Pass,0,0.9989592,0.18310691,0,0.98435915
7081,Pass,0,0.73241556,1.0001073,0,0.6731358
7082,Pass,0,0.9999509,0.06318649,0,0.99507076
7083,Pass,0,0.9950954,0.48511067,0,0.95615613
7084,Pass,0,0.98180103,0.3697714,0,0.9525746
7085,Pass,0,0.9959835,0.5969707,0,0.9479655
7086,Pass,0,0.9992079,0.3802832,0,0.96861064
7087,Pass,0,0.9927636,0.0061479313,0,0.9925152
7088,Pass,0,0.9999944,0.60440826,0,0.95117927
7089,Pass,0,0.9275872,1.2454841,0,0.83403414
7090,Pass,0,0.9953375,0.9762251,0,0.9167073
7091,Pass,0,0.99761754,0.020224709,0,0.99622804
7092,Pass,0,0.99992394,0.5312703,0,0.95704895
7093,Pass,0,0.9998354,0.5455084,0,0.9558086
7094,Pass,0,0.5803114,2.1597426,0,0.47871423
7095,Pass,0,0.91346335,0.36562166,0,0.8865789
7096,Pass,0,0.99990165,0.50032985,0,0.95953906
7097,Pass,0,0.87293565,0.6110565,0,0.8298518
7098,Pass,0,0.99993813,0.32563913,0,0.9737541
7099,Pass,0,0.97698796,1.1121343,0,0.88902843
7100,Pass,0,0.99997747,0.3212265,0,0.97415066
7101,Pass,0,0.98430264,0.56979036,0,0.93901956
7102,Pass,0,0.9703349,0.9714369,0,0.894057
7103,Pass,0,0.9930147,0.70693886,0,0.9362752
7104,Pass,0,0.98802036,0.6807817,0,0.9336642
7105,Pass,0,0.9992149,0.20158705,0,0.9831121
7106,Pass,0,0.84210527,1.0101082,0,0.7732639
7107,Pass,0,0.7808067,0.89319783,0,0.7243867
7108,Pass,0,0.9984414,1.0827508,0,0.91093194
7109,Pass,0,0.9987369,0.5011023,0,0.9583587
7110,Pass,0,0.99884343,0.30047047,0,0.9747288
7111,Pass,0,0.9999262,0.39972466,0,0.96772885
7112,Pass,0,0.99981505,0.17324737,0,0.98600274
7113,Pass,0,0.99983835,0.20131035,0,0.983748
7114,Pass,0,0.99989796,0.25722298,0,0.97926825
7115,Pass,0,0.9996094,0.6371225,0,0.94815844
7116,Pass,0,0.99993825,0.29412088,0,0.97631264
7117,Pass,0,0.7360893,0.71976924,0,0.69326353
7118,Pass,0,0.91880137,1.5369905,0,0.8043921
7119,Pass,0,0.9929382,0.7607249,0,0.9318677
7120,Pass,0,0.99999166,0.54991585,0,0.95560014
7121,Pass,0,0.72832,1.5112506,0,0.63915133
7122,Pass,0,0.974725,1.2943826,0,0.8725487
7123,Pass,0,0.9970144,0.022251071,0,0.9954617
7124,Pass,0,0.9995846,0.18138345,0,0.9851153
7125,Pass,0,0.9976799,0.22626111,0,0.9796035
7126,Pass,0,0.9973686,0.81851435,0,0.9313467
7127,Pass,0,0.9934156,0.4006548,0,0.9613529
7128,Pass,0,0.9783053,0.5186494,0,0.9373596
7129,Pass,0,0.99987805,0.411252,0,0.9667466
7130,Pass,0,0.6348923,0.5378506,0,0.6073301
7131,Pass,0,0.9973755,0.8015924,0,0.9327233
7132,Pass,0,0.9441237,0.3292909,0,0.9191213
7133,Pass,0,0.99823344,0.17659254,0,0.98417187
7134,Pass,0,0.9997379,0.9366598,0,0.923971
7135,Pass,0,0.99664813,0.66952145,0,0.9427283
7136,Pass,0,0.8279537,0.7504809,0,0.7777191
7137,Pass,0,0.99922323,0.952219,0,0.9222332
7138,Pass,0,0.990324,0.046162307,0,0.98685944
7139,Pass,0,0.9983469,0.44222116,0,0.9627564
7140,Pass,0,0.95855683,0.9742316,0,0.8829873
7141,Pass,0,0.99997747,0.1724217,0,0.98622996
7142,Pass,0,0.99998915,0.6712047,0,0.94575197
7143,Pass,0,0.9547955,0.33314392,0,0.92921185
7144,Pass,0,0.99998915,0.23635557,0,0.9810515
7145,Pass,0,0.99997306,0.28973645,0,0.9767026
7146,Pass,0,0.99664414,0.23885249,0,0.97756785
7147,Pass,0,0.99999166,1.0158725,0,0.91777533
7148,Pass,0,0.9676638,0.90851265,0,0.8965388
7149,Pass,0,0.99997437,0.38965902,0,0.9685925
7150,Pass,0,0.9960884,0.022403177,0,0.99452484
7151,Pass,0,0.9999938,0.6176432,0,0.9501043
7152,Pass,0,0.9999511,0.5761557,0,0.9534314
7153,Pass,0,0.84898055,1.7942947,0,0.7255325
7154,Pass,0,0.99993825,0.5093372,0,0.95884305
7155,Pass,0,0.99739385,0.5659876,0,0.95181644
7156,Pass,0,0.99999607,1.274139,0,0.896814
7157,Pass,0,0.98948014,1.3337996,0,0.882591
7158,Pass,0,0.9992292,0.18843314,0,0.9841932
7159,Pass,0,0.9992418,0.16922633,0,0.98576367
7160,Pass,0,0.9974154,0.8027315,0,0.9326684
7161,Pass,0,0.995567,1.7959595,0,0.8506696
7162,Pass,0,0.9820758,1.3803496,0,0.8722755
7163,Pass,0,0.9999796,0.45538095,0,0.9632626
7164,Pass,0,0.9992066,0.6697936,0,0.9451263
7165,Pass,0,0.995812,0.014293934,0,0.9949044
7166,Pass,0,0.9999627,0.28042173,0,0.9774485
7167,Pass,0,0.99688584,0.0062033036,0,0.996632
7168,Pass,0,0.9995889,0.21093276,0,0.98272175
7169,Pass,0,0.99655473,0.80954504,0,0.9313124
7170,Pass,0,0.8752806,1.6890672,0,0.75548506
7171,Pass,0,0.9948768,0.018578943,0,0.993624
7172,Pass,0,0.9998715,0.60605776,0,0.9509285
7173,Pass,0,0.9950441,0.021112692,0,0.9935864
7174,Pass,0,0.8854495,0.58928347,0,0.8433131
7175,Pass,0,0.9901889,1.8680882,0,0.84027654
7176,Pass,0,0.9946774,0.016080908,0,0.99362653
7177,Pass,0,0.9737949,0.9636769,0,0.89785844
7178,Pass,0,0.8454264,0.534431,0,0.80895907
7179,Pass,0,0.96565765,0.9419561,0,0.89205843
7180,Pass,0,0.9998022,0.23057319,0,0.98133737
7181,Pass,0,0.9003883,0.94767714,0,0.8313455
7182,Pass,0,0.5548498,1.3302312,0,0.49507257
7183,Pass,0,0.9812153,0.05182923,0,0.9773312
7184,Pass,0,0.9999391,1.3048427,0,0.8942706
7185,Pass,0,0.9933106,0.870144,0,0.92339426
7186,Pass,0,0.9594609,1.522172,0,0.8411429
7187,Pass,0,0.9972113,0.46166295,0,0.9600874
7188,Pass,0,0.99894625,0.23460536,0,0.9801703
7189,Pass,0,0.9980952,0.2306829,0,0.97965306
7190,Pass,0,0.959625,2.5606265,0,0.7603912
7191,Pass,0,0.9792771,0.016577752,0,0.978203
7192,Pass,0,0.999363,0.67963773,0,0.94447565
7193,Pass,0,0.9902041,0.81828207,0,0.9246752
7194,Pass,0,0.9895858,2.3082738,0,0.8044037
7195,Pass,0,0.8619277,0.6425593,0,0.81718296
7196,Pass,0,0.99460655,0.9062961,0,0.9216801
7197,Pass,0,0.99660206,0.15625945,0,0.9842085
7198,Pass,0,0.647742,0.19394875,0,0.63770497
7199,Pass,0,0.97532654,0.58461607,0,0.9292826
7200,Pass,0,0.9916557,0.27815834,0,0.9695108
7201,Pass,0,0.9966641,0.91950476,0,0.92251813
7202,Pass,0,0.9951198,0.6992135,0,0.93888414
7203,Pass,0,0.999892,0.23453617,0,0.9811039
7204,Pass,0,0.9961324,0.27709842,0,0.97397316
7205,Pass,0,0.9999064,0.8332144,0,0.9325234
7206,Pass,0,0.9991673,1.0196317,0,0.91671383
7207,Pass,0,0.99264234,0.3611305,0,0.96378946
7208,Pass,0,0.58657336,1.7655509,0,0.50264996
7209,Pass,0,0.98486197,0.8926331,0,0.9137423
7210,Pass,0,0.64685315,1.4328102,0,0.5717774
7211,Pass,0,0.77569145,1.0003971,0,0.71289086
7212,Pass,0,0.60000235,0.4802108,0,0.57676226
7213,Pass,0,0.95353067,1.1430924,0,0.8652867
7214,Pass,0,0.9977921,0.8688374,0,0.9276662
7215,Pass,0,0.97025496,1.1076831,0,0.8832522
7216,Pass,0,0.69670266,3.6517656,0,0.49034473
7217,Pass,0,0.9782085,0.015424063,0,0.9772272
7218,Pass,0,0.9997615,2.511733,0,0.79616284
7219,Pass,0,0.9964217,0.30576906,0,0.971937
7220,Pass,0,0.9004381,0.1526478,0,0.8895044
7221,Pass,0,0.9997706,0.6661963,0,0.9459517
7222,Pass,0,0.9999603,0.4095664,0,0.966963
7223,Pass,0,0.95308566,0.03662123,0,0.9504896
7224,Pass,0,0.95059204,0.2526045,0,0.931336
7225,Pass,0,0.99270815,0.8770464,0,0.922278
7226,Pass,0,0.9248275,0.017104601,0,0.9237736
7227,Pass,0,0.95395714,0.13516985,0,0.9437271
7228,Pass,0,0.9821045,0.06480239,0,0.9771826
7229,Pass,0,0.9982792,0.45223352,0,0.96187973
7230,Pass,0,0.9990792,0.22250335,0,0.9812823
7231,Pass,0,0.99971706,0.6557768,0,0.9467467
7232,Pass,0,0.97947466,0.03243837,0,0.9771393
7233,Pass,0,0.5629464,1.9131056,0,0.47566032
7234,Pass,0,0.9882686,0.24303795,0,0.96901685
7235,Pass,0,0.9298614,1.0224669,0,0.8529132
7236,Pass,0,0.94438803,0.5192251,0,0.90481776
7237,Pass,0,0.99803156,0.5068541,0,0.95721585
7238,Pass,0,0.98991454,0.18473123,0,0.97531617
7239,Pass,0,0.99336904,0.58702713,0,0.9462789
7240,Pass,0,0.8867008,0.42907372,0,0.8560367
7241,Pass,0,0.576464,0.27483138,0,0.5637465
7242,Pass,0,0.98333746,0.2571622,0,0.9630543
7243,Pass,0,0.83574945,0.36851695,0,0.8109558
7244,Pass,0,0.99937004,0.46155685,0,0.96217436
7245,Pass,0,0.9993529,0.9223719,0,0.9247742
7246,Pass,0,0.98672247,0.79420894,0,0.92335224
7247,Pass,0,0.96460485,0.030326456,0,0.9624703
7248,Pass,0,0.6412609,4.3558664,0,0.41467178
7249,Pass,0,0.7287424,1.125796,0,0.66232455
7250,Pass,0,0.9923854,1.5192479,0,0.87024283
7251,Pass,0,0.99992836,0.35753316,0,0.9711557
7252,Pass,0,0.85840726,2.084116,0,0.7133928
7253,Pass,0,0.98035324,0.030653315,0,0.9781578
7254,Pass,0,0.99768364,0.3780067,0,0.96731746
7255,Pass,0,0.9993754,0.56268257,0,0.95397556
7256,Pass,0,0.9916996,0.3907415,0,0.96049035
7257,Pass,0,0.99666804,1.3723764,0,0.8858813
7258,Pass,0,0.9599513,0.65583307,0,0.9090835
7259,Pass,0,0.5803002,2.3709238,0,0.46875682
7260,Pass,0,0.9940731,0.28787994,0,0.97108966
7261,Pass,0,0.9987639,0.47947505,0,0.9601381
7262,Pass,0,0.9362888,0.11224161,0,0.92799085
7263,Pass,0,0.9974585,0.5718068,0,0.95140696
7264,Pass,0,0.99917287,0.32191217,0,0.9733112
7265,Pass,0,0.7958154,0.9053172,0,0.73752797
7266,Pass,0,0.99995935,0.55388564,0,0.95524704
7267,Pass,0,0.9984193,0.27217588,0,0.97660816
7268,Pass,0,0.73055553,0.60004556,0,0.69515187
7269,Pass,0,0.9995234,0.34632042,0,0.9716722
7270,Pass,0,0.99759585,0.04045689,0,0.9945679
7271,Pass,0,0.9994313,0.60677767,0,0.95045143
7272,Pass,0,0.945058,0.48773348,0,0.90787554
7273,Pass,0,0.99141735,0.8700939,0,0.9216383
7274,Pass,0,0.99874014,0.7480673,0,0.938339
7275,Pass,0,0.99583024,0.2953037,0,0.9722061
7276,Pass,0,0.9874494,0.38658273,0,0.95670724
7277,Pass,0,0.94332105,1.1011611,0,0.8592329
7278,Pass,0,0.90974355,0.37742075,0,0.88209724
7279,Pass,0,0.99976295,0.5918186,0,0.9519809
7280,Pass,0,0.9943551,0.010217397,0,0.9937779
7281,Pass,0,0.9999461,1.8932796,0,0.84651166
7282,Pass,0,0.84865713,1.241687,0,0.7633263
7283,Pass,0,0.98252994,0.6641596,0,0.9298016
7284,Pass,0,0.9858548,0.7606009,0,0.9252299
7285,Pass,0,0.9962943,0.2209716,0,0.9786709
7286,Pass,0,0.9918032,0.31291312,0,0.96685684
7287,Pass,0,0.9898878,1.0930119,0,0.90230346
7288,Pass,0,0.9739594,1.0116929,0,0.89421374
7289,Pass,0,0.99999297,0.2544162,0,0.97958916
7290,Pass,0,0.9981255,0.0384445,0,0.995259
7291,Pass,0,0.99836415,0.9792678,0,0.9192482
7292,Pass,0,0.8653559,0.502914,0,0.83024293
7293,Pass,0,0.9648434,0.35099226,0,0.9375926
7294,Pass,0,0.9972627,2.0332518,0,0.8329085
7295,Pass,0,0.9991677,0.18999368,0,0.98400605
7296,Pass,0,0.9946179,0.5033507,0,0.95422465
7297,Pass,0,0.99707735,0.6671626,0,0.9433252
7298,Pass,0,0.974766,0.44643635,0,0.93968254
7299,Pass,0,0.9976119,0.031632002,0,0.99529856
7300,Pass,0,0.97967315,0.78018385,0,0.91787106
7301,Pass,0,0.9815237,2.466014,0,0.78528184
7302,Pass,0,0.9842189,0.47255147,0,0.94670874
7303,Pass,0,0.9977677,0.040602684,0,0.9947274
7304,Pass,0,0.97089934,0.42740571,0,0.937455
7305,Pass,0,0.9993869,0.46393225,0,0.9619979
7306,Pass,0,0.99895084,1.5235536,0,0.87565106
7307,Pass,0,0.9971601,0.18756156,0,0.9822258
7308,Pass,0,0.9999932,1.4767102,0,0.88036734
7309,Pass,0,0.853729,0.3389453,0,0.8304514
7310,Pass,0,0.9983329,0.22948666,0,0.9799833
7311,Pass,0,0.739085,1.172069,0,0.6689483
7312,Pass,0,0.9949669,0.6171802,0,0.94536567
7313,Pass,0,0.99877924,0.46999386,0,0.9609215
7314,Pass,0,0.9988951,0.46313545,0,0.9615891
7315,Pass,0,0.9941543,0.5165547,0,0.95271426
7316,Pass,0,0.99652475,0.7603988,0,0.93526006
7317,Pass,0,0.99997056,0.47080937,0,0.9620015
7318,Pass,0,0.99895775,0.26377824,0,0.97781587
7319,Pass,0,0.99722797,0.032421283,0,0.99485165
7320,Pass,0,0.90684026,0.42539132,0,0.8757508
7321,Pass,0,0.9996803,0.4385379,0,0.9643411
7322,Pass,0,0.9831629,0.2696367,0,0.9618877
7323,Pass,0,0.9981345,0.031214869,0,0.9958538
7324,Pass,0,0.99467343,0.4007761,0,0.9625603
7325,Pass,0,0.995262,0.20740071,0,0.9787533
7326,Pass,0,0.99234617,0.32013673,0,0.9668042
7327,Pass,0,0.99998116,1.3842088,0,0.8878656
7328,Pass,0,0.9998379,2.16619,0,0.8242694
7329,Pass,0,0.96818995,3.1165485,0,0.7234851
7330,Pass,0,0.9999826,0.31006062,0,0.975062
7331,Pass,0,0.9991973,0.15852764,0,0.98658746
7332,Pass,0,0.9748769,0.29280022,0,0.9519479
7333,Pass,0,0.7549117,0.9412991,0,0.6974151
7334,Pass,0,0.99862623,0.24053517,0,0.9793756
7335,Pass,0,0.98693347,0.4425926,0,0.95172006
7336,Pass,0,0.993626,0.3650098,0,0.96443164
7337,Pass,0,0.99949634,1.1333636,0,0.90778786
7338,Pass,0,0.593274,1.9523547,0,0.49939534
7339,Pass,0,0.98316056,0.39487597,0,0.95189005
7340,Pass,0,0.9944798,0.042988095,0,0.9912569
7341,Pass,0,0.9954982,0.22222419,0,0.9777876
7342,Pass,0,0.9999485,1.0022024,0,0.9188453
7343,Pass,0,0.9981407,0.13385858,0,0.98754305
7344,Pass,0,0.98935086,0.08076303,0,0.98311085
7345,Pass,0,0.9938222,0.7302346,0,0.9351572
7346,Pass,0,0.9998093,0.22084807,0,0.98213375
7347,Pass,0,0.9950157,0.16096038,0,0.98226213
7348,Pass,0,0.9985642,0.50133955,0,0.9581737
7349,Pass,0,0.9860036,0.38087896,0,0.955763
7350,Pass,0,0.80497444,0.7718846,0,0.7547354
7351,Pass,0,0.99966276,0.5739148,0,0.9533383
7352,Pass,0,0.9972799,0.93116355,0,0.92214423
7353,Pass,0,0.9981154,0.021920849,0,0.99658775
7354,Pass,0,0.99840266,0.5871654,0,0.95106274
7355,Pass,0,0.99974984,0.31379378,0,0.97453207
7356,Pass,0,0.9881395,0.16770412,0,0.97493315
7357,Pass,0,0.97271293,0.4367687,0,0.9384668
7358,Pass,0,0.99991333,0.32938993,0,0.97342557
7359,Pass,0,0.9991487,0.4906308,0,0.95960313
7360,Pass,0,0.9906385,0.34957087,0,0.96277344
7361,Pass,0,0.97514987,0.789017,0,0.9129338
7362,Pass,0,0.9999732,0.1552123,0,0.98762274
7363,Pass,0,0.9909601,0.70744246,0,0.93429756
7364,Pass,0,0.9999851,0.5896999,0,0.9523644
7365,Pass,0,0.8477347,0.5274214,0,0.81165016
7366,Pass,0,0.9898511,1.533288,0,0.8668923
7367,Pass,0,0.99983406,0.87631625,0,0.9289576
7368,Pass,0,0.9999715,0.88048315,0,0.92874706
7369,Pass,0,0.9986106,0.6068897,0,0.9496619
7370,Pass,0,0.98981667,0.19181332,0,0.97465074
7371,Pass,0,0.9999074,0.64459133,0,0.94783485
7372,Pass,0,0.9936778,1.2898015,0,0.88988423
7373,Pass,0,0.9982029,0.10157499,0,0.9902206
7374,Pass,0,0.9925936,0.37566128,0,0.96257126
7375,Pass,0,0.99664223,0.40624037,0,0.9640235
7376,Pass,0,0.99519277,1.213708,0,0.89738834
7377,Pass,0,0.9505461,1.1859965,0,0.8592677
7378,Pass,0,0.9896465,0.20522769,0,0.9734055
7379,Pass,0,0.99909246,0.6449033,0,0.94703704
7380,Pass,0,0.9840223,1.4887599,0,0.8653444
7381,Pass,0,0.9946397,0.39868075,0,0.96269685
7382,Pass,0,0.9727801,0.21371442,0,0.9561457
7383,Pass,0,0.99943167,0.46278548,0,0.96213406
7384,Pass,0,0.9227964,0.32965782,0,0.8983314
7385,Pass,0,0.9999893,0.31326246,0,0.97480863
7386,Pass,0,0.9912202,1.6735983,0,0.8568012
7387,Pass,0,0.99907076,0.49229893,0,0.959393
7388,Pass,0,0.99914956,0.825913,0,0.93240976
7389,Pass,0,0.9915187,0.16541618,0,0.9784513
7390,Pass,0,0.994021,0.18592343,0,0.97926587
7391,Pass,0,0.9754254,0.93870336,0,0.9013393
7392,Pass,0,0.9800062,0.6132654,0,0.93146217
7393,Pass,0,0.99977475,0.66097635,0,0.9463793
7394,Pass,0,0.8414413,1.9119102,0,0.71105564
7395,Pass,0,0.99583817,0.0204018,0,0.99443674
7396,Pass,0,0.91243935,0.52886754,0,0.87349355
7397,Pass,0,0.99934787,1.0589651,0,0.9136886
7398,Pass,0,0.98480034,0.7140193,0,0.92796415
7399,Pass,0,0.99731773,0.014144532,0,0.9964208
7400,Pass,0,0.9982993,4.15832,0,0.66155994
7401,Pass,0,0.9771517,0.8600349,0,0.9091746
7402,Pass,0,0.9543661,0.85767746,0,0.8881568
7403,Pass,0,0.96085566,2.2437959,0,0.7860791
7404,Pass,0,0.9760325,0.45729807,0,0.94004285
7405,Pass,0,0.99822325,0.02405173,0,0.9965228
7406,Pass,0,0.99886847,2.0559442,0,0.8324096
7407,Pass,0,0.9973174,1.6480103,0,0.8641432
7408,Pass,0,0.9698415,1.1188391,0,0.88199747
7409,Pass,0,0.99982446,0.16302651,0,0.98684156
7410,Pass,0,0.83024454,1.3427547,0,0.73995334
7411,Pass,0,0.99175686,0.060445294,0,0.9871374
7412,Pass,0,0.99950004,0.9090655,0,0.9259901
7413,Pass,0,0.9645443,0.75799453,0,0.90543395
7414,Pass,0,0.9914779,0.16621868,0,0.9783465
7415,Pass,0,0.9997744,0.7939944,0,0.93558335
7416,Pass,0,0.9963496,0.2122686,0,0.97942907
7417,Pass,0,0.9893685,0.5005066,0,0.9494169
7418,Pass,0,0.9947242,0.03633387,0,0.9920379
7419,Pass,0,0.9245743,0.17405027,0,0.9117412
7420,Pass,0,0.98886454,2.5021582,0,0.7882536
7421,Pass,0,0.9945063,1.0614667,0,0.90906006
7422,Pass,0,0.99306643,0.006246887,0,0.9928101
7423,Pass,0,0.95696545,0.68938947,0,0.9036491
7424,Pass,0,0.9956247,0.006845628,0,0.9953193
7425,Pass,0,0.9804372,0.53696793,0,0.9379443
7426,Pass,0,0.88420475,0.40061566,0,0.8556697
7427,Pass,0,0.99756503,0.55658865,0,0.9527409
7428,Pass,0,0.9993899,0.34814742,0,0.9713942
7429,Pass,0,0.992462,0.7056291,0,0.9358596
7430,Pass,0,0.9848193,1.2209272,0,0.8874572
7431,Pass,0,0.99480224,0.54406774,0,0.9511134
7432,Pass,0,0.8934204,0.6522282,0,0.8463396
7433,Pass,0,0.6371537,1.1238688,0,0.5791829
7434,Pass,0,0.3849723,0.58091885,0,0.3669138
7435,Pass,0,0.99637467,0.28406936,0,0.9736462
7436,Pass,0,0.692624,0.34962997,0,0.67313826
7437,Pass,0,0.9385537,0.9084241,0,0.869575
7438,Pass,0,0.9867619,0.6384635,0,0.9358648
7439,Pass,0,0.985769,0.16672878,0,0.97267234
7440,Pass,0,0.9799401,1.0673376,0,0.89527833
7441,Pass,0,0.98228055,0.28608128,0,0.9597132
7442,Pass,0,0.9951102,0.019533515,0,0.99378
7443,Pass,0,0.9894106,0.31842372,0,0.96408176
7444,Pass,0,0.842,1.2742141,0,0.7551152
7445,Pass,0,0.95721346,0.680722,0,0.9045568
7446,Pass,0,0.9203633,0.67136514,0,0.87043285
7447,Pass,0,0.9532626,0.13793758,0,0.94282585
7448,Pass,0,0.9967746,0.72215605,0,0.93858904
7449,Pass,0,0.9980692,0.35200286,0,0.96979815
7450,Pass,0,0.9993755,1.1878726,0,0.903256
7451,Pass,0,0.46849343,0.34105006,0,0.45563954
7452,Pass,0,0.99230254,0.57042307,0,0.9466005
7453,Pass,0,0.99153566,0.037069205,0,0.9887988
7454,Pass,0,0.9774309,0.37338442,0,0.9480479
7455,Pass,0,0.9914848,0.84054744,0,0.9240791
7456,Pass,0,0.9879474,0.95799553,0,0.91136295
7457,Pass,0,0.9383535,1.573511,0,0.81872773
7458,Pass,0,0.99916613,1.1083602,0,0.909516
7459,Pass,0,0.55950856,1.0101799,0,0.513766
7460,Pass,0,0.9960406,0.20319618,0,0.9798589
7461,Pass,0,0.99312556,0.58800364,0,0.9459682
7462,Pass,0,0.9621357,0.52208906,0,0.921598
7463,Pass,0,0.9937751,0.049699135,0,0.9900132
7464,Pass,0,0.95766246,0.38658866,0,0.9278472
7465,Pass,0,0.9806481,0.91656464,0,0.90792763
7466,Pass,0,0.99597627,0.90612817,0,0.92296296
7467,Pass,0,0.999757,0.43411472,0,0.96477413
7468,Pass,0,0.9911608,0.01695937,0,0.990043
7469,Pass,0,0.99598926,0.65023524,0,0.94366443
7470,Pass,0,0.99959296,0.38960475,0,0.9682275
7471,Pass,0,0.93701345,0.77896696,0,0.877995
7472,Pass,0,0.987455,7.160209,0,0.41374475
7473,Pass,0,0.54264593,1.1735861,0,0.4910838
7474,Pass,0,0.9968671,0.20795383,0,0.98028696
7475,Pass,0,0.9999186,0.55277234,0,0.9552985
7476,Pass,0,0.68515325,1.3985951,0,0.6075353
7477,Pass,0,0.995761,0.24035655,0,0.97658
7478,Pass,0,0.9897827,0.6774927,0,0.93559384
7479,Pass,0,0.97515976,0.7905494,0,0.9128218
7480,Pass,0,0.9979221,0.014144242,0,0.9970247
7481,Pass,0,0.78284943,0.9248025,0,0.7242733
7482,Pass,0,0.99888843,1.1338041,0,0.90720004
7483,Pass,0,0.9982451,0.18418317,0,0.9835683
7484,Pass,0,0.965878,0.5912049,0,0.9197635
7485,Pass,0,0.9995535,0.69253117,0,0.9436095
7486,Pass,0,0.9972205,1.1165019,0,0.90708584
7487,Pass,0,0.62867457,0.79990935,0,0.5880083
7488,Pass,0,0.99830925,0.48277655,0,0.95943344
7489,Pass,0,0.93680793,0.5438969,0,0.89567906
7490,Pass,0,0.872869,0.28904662,0,0.8526052
7491,Pass,0,0.75452405,3.0381093,0,0.5686265
7492,Pass,0,0.781549,0.9209751,0,0.72331303
7493,Pass,0,0.9846395,0.17381069,0,0.97099185
7494,Pass,0,0.82327425,0.5581718,0,0.7861758
7495,Pass,0,0.8229595,0.36733124,0,0.7986245
7496,Pass,0,0.96966445,0.75867224,0,0.910187
7497,Pass,0,0.99997604,0.9135828,0,0.9260644
7498,Pass,0,0.6926037,0.9577563,0,0.6389274
7499,Pass,0,0.887781,0.5409194,0,0.84901917
7500,Pass,0,0.99165183,0.93149114,0,0.9169138
7501,Pass,0,0.99458295,0.24993181,0,0.9746516
7502,Pass,0,0.9947055,0.44517764,0,0.9590061
7503,Pass,0,0.9787673,0.2372737,0,0.96015865
7504,Pass,0,0.95139945,0.28021717,0,0.9299945
7505,Pass,0,0.96336716,0.7316504,0,0.9063892
7506,Pass,0,0.99997294,0.38526198,0,0.9689481
7507,Pass,0,0.99759185,0.08088218,0,0.99129015
7508,Pass,0,0.99939823,0.70263374,0,0.9426433
7509,Pass,0,0.986844,0.7326574,0,0.9283968
7510,Pass,0,0.9997056,1.4433111,0,0.88282454
7511,Pass,0,0.9678427,5.8185782,0,0.5109351
7512,Pass,0,0.9991722,0.23835628,0,0.98008776
7513,Pass,0,0.99687576,0.22658914,0,0.9787874
7514,Pass,0,0.5389177,0.39652666,0,0.5217046
7515,Pass,0,0.9977418,0.32025254,0,0.9720516
7516,Pass,0,0.9998399,0.30431956,0,0.9753889
7517,Pass,0,0.9981871,0.029939946,0,0.9960095
7518,Pass,0,0.97981995,0.53983057,0,0.9371261
7519,Pass,0,0.94636256,1.3462317,0,0.8431761
7520,Pass,0,0.9998827,2.1439006,0,0.82611555
7521,Pass,0,0.92819697,0.49569216,0,0.89107823
7522,Pass,0,0.9911389,0.1483394,0,0.97945046
7523,Pass,0,0.9949281,0.49841183,0,0.9549212
7524,Pass,0,0.523057,1.0957353,0,0.47666177
7525,Pass,0,0.9275712,0.85772896,0,0.86321694
7526,Pass,0,0.99963295,0.7085905,0,0.9423813
7527,Pass,0,0.99814546,0.21919607,0,0.98063314
7528,Pass,0,0.9974235,0.7053457,0,0.9405611
7529,Pass,0,0.967035,1.0576159,0,0.8842513
7530,Pass,0,0.991507,0.57451713,0,0.94551206
7531,Pass,0,0.983715,1.0805873,0,0.897669
7532,Pass,0,0.999571,0.30164987,0,0.97534317
7533,Pass,0,0.993961,0.60410196,0,0.945465
7534,Pass,0,0.84476143,0.58067894,0,0.8051513
7535,Pass,0,0.94631016,1.1618698,0,0.85729194
7536,Pass,0,0.99952793,0.49384254,0,0.9597068
7537,Pass,0,0.9999268,0.46912467,0,0.9620961
7538,Pass,0,0.9705738,0.14736189,0,0.9592049
7539,Pass,0,0.87345994,1.1826073,0,0.78982425
7540,Pass,0,0.9979206,0.70508265,0,0.9410512
7541,Pass,0,0.7973378,0.68553126,0,0.75316465
7542,Pass,0,0.9010076,0.43521512,0,0.8693996
7543,Pass,0,0.9158842,0.747101,0,0.86056584
7544,Pass,0,0.9997738,0.2663016,0,0.9784099
7545,Pass,0,0.83525556,0.8286445,0,0.77927816
7546,Pass,0,0.9986796,0.22630998,0,0.9805811
7547,Pass,0,0.99972075,0.31962994,0,0.9740301
7548,Pass,0,0.99425405,0.3042408,0,0.96994597
7549,Pass,0,0.99411327,0.26845792,0,0.9726963
7550,Pass,0,0.99961215,0.9028488,0,0.92659837
7551,Pass,0,0.9596083,1.4621679,0,0.8459464
7552,Pass,0,0.77657586,0.4635361,0,0.7475477
7553,Pass,0,0.8585278,0.32791314,0,0.8358882
7554,Pass,0,0.99828315,0.63101786,0,0.94739515
7555,Pass,0,0.9993674,0.9289632,0,0.924253
7556,Pass,0,0.99374735,0.038929503,0,0.99085426
7557,Pass,0,0.9918024,0.61201376,0,0.94277483
7558,Pass,0,0.9509204,0.7263648,0,0.8950866
7559,Pass,0,0.99350196,0.81459355,0,0.9280523
7560,Pass,0,0.99888796,0.5120078,0,0.9576193
7561,Pass,0,0.99578214,0.027910873,0,0.9937739
7562,Pass,0,0.9312409,0.8425207,0,0.8677817
7563,Pass,0,0.9957818,0.072633006,0,0.9901584
7564,Pass,0,0.99989474,0.5500838,0,0.95549387
7565,Pass,0,0.92284983,1.1418654,0,0.8375371
7566,Pass,0,0.9999355,0.18148062,0,0.98545325
7567,Pass,0,0.9794415,0.03127859,0,0.9771984
7568,Pass,0,0.9202142,1.0456078,0,0.84233564
7569,Pass,0,0.99454653,0.5949577,0,0.9467603
7570,Pass,0,0.99683124,0.54955924,0,0.9526089
7571,Pass,0,0.9285815,0.88617575,0,0.8620128
7572,Pass,0,0.9983156,1.2235918,0,0.8994033
7573,Pass,0,0.99877566,0.42516088,0,0.96455306
7574,Pass,0,0.9133124,0.91941124,0,0.84537417
7575,Pass,0,0.9963297,0.48466685,0,0.9573781
7576,Pass,0,0.9992092,0.11118182,0,0.9904396
7577,Pass,0,0.9823887,0.47648484,0,0.94463456
7578,Pass,0,0.9824034,0.39154196,0,0.95142287
7579,Pass,0,0.5160803,1.1021999,0,0.4700331
7580,Pass,0,0.6149477,0.31473252,0,0.5993893
7581,Pass,0,0.99337304,0.025965782,0,0.9915265
7582,Pass,0,0.96776193,0.025790643,0,0.9659767
7583,Pass,0,0.9818648,0.40138873,0,0.9501164
7584,Pass,0,0.9184682,0.14328538,0,0.9080136
7585,Pass,0,0.99838305,0.09573398,0,0.9908727
7586,Pass,0,0.99512625,0.7389066,0,0.9356837
7587,Pass,0,0.8986039,0.6174063,0,0.85379004
7588,Pass,0,0.87087214,0.35902408,0,0.84570765
7589,Pass,0,0.9998846,0.43952295,0,0.9644583
7590,Pass,0,0.9947747,1.0348659,0,0.9114535
7591,Pass,0,0.99738485,0.07563902,0,0.99150896
7592,Pass,0,0.8781131,0.40373486,0,0.8495523
7593,Pass,0,0.99918836,0.77238286,0,0.93678784
7594,Pass,0,0.97899425,0.5934401,0,0.9320759
7595,Pass,0,0.4363338,2.8112946,0,0.336865
7596,Pass,0,0.9990797,0.35969535,0,0.97015613
7597,Pass,0,0.9498912,0.68449575,0,0.8973463
7598,Pass,0,0.99989367,0.12493041,0,0.99000216
7599,Pass,0,0.9976192,0.65363365,0,0.94493353
7600,Pass,0,0.9964982,0.013033031,0,0.995692
7601,Pass,0,0.9998548,0.4044206,0,0.9672786
7602,Pass,0,0.9922914,0.8224004,0,0.92629266
7603,Pass,0,0.63488895,1.0945385,0,0.57863593
7604,Pass,0,0.99381775,0.8605689,0,0.9246382
7605,Pass,0,0.9994574,0.3831122,0,0.96862304
7606,Pass,0,0.98617744,0.42365092,0,0.9525074
7607,Pass,0,0.9997255,0.53470063,0,0.95658064
7608,Pass,0,0.97521573,0.029206917,0,0.9731463
7609,Pass,0,0.99951065,3.220539,0,0.7384521
7610,Pass,0,0.96986157,0.42912632,0,0.93631744
7611,Pass,0,0.9995055,0.20665164,0,0.98298717
7612,Pass,0,0.9926926,1.2801731,0,0.88977784
7613,Pass,0,0.9987552,0.17818388,0,0.98455733
7614,Pass,0,0.9999827,0.5463944,0,0.9558775
7615,Pass,0,0.9991547,0.34707782,0,0.9712523
7616,Pass,0,0.95251185,0.30764884,0,0.92896074
7617,Pass,0,0.99826056,0.537066,0,0.9549872
7618,Pass,0,0.9967698,0.036086857,0,0.99409795
7619,Pass,0,0.92416114,3.0644536,0,0.6944926
7620,Pass,0,0.9704682,0.84137666,0,0.904426
7621,Pass,0,0.99867344,0.46290666,0,0.9613943
7622,Pass,0,0.995447,0.8009683,0,0.93097025
7623,Pass,0,0.99303484,0.5730967,0,0.9470835
7624,Pass,0,0.980755,0.3317029,0,0.95459056
7625,Pass,0,0.99980825,0.3345947,0,0.9729008
7626,Pass,0,0.9984749,0.036476698,0,0.9957669
7627,Pass,0,0.9964561,0.6160698,0,0.9468704
7628,Pass,0,0.99417144,0.38051704,0,0.96370953
7629,Pass,0,0.998171,0.26540858,0,0.97691363
7630,Pass,0,0.9947219,0.9286709,0,0.9199803
7631,Pass,0,0.96613353,0.93046516,0,0.89339924
7632,Pass,0,0.9999691,0.22058459,0,0.9823121
7633,Pass,0,0.98880464,0.19950923,0,0.9730364
7634,Pass,0,0.94650215,1.0626154,0,0.86509204
7635,Pass,0,0.99796754,1.1362252,0,0.9061675
7636,Pass,0,0.9870055,0.06817664,0,0.98178864
7637,Pass,0,0.91852826,3.1622014,0,0.68297106
7638,Pass,0,0.98889226,0.014119332,0,0.988005
7639,Pass,0,0.8587393,0.5009026,0,0.824035
7640,Pass,0,0.92457646,0.70445675,0,0.87193376
7641,Pass,0,0.72483265,0.5538396,0,0.6924251
7642,Pass,0,0.9952879,0.5501326,0,0.9510877
7643,Pass,0,0.972192,0.34576327,0,0.9451463
7644,Pass,0,0.9582931,0.6481243,0,0.9081129
7645,Pass,0,0.9999864,0.8745481,0,0.9292427
7646,Pass,0,0.9998745,0.43515745,0,0.9648028
7647,Pass,0,0.9999597,0.465731,0,0.96240324
7648,Pass,0,0.9992642,0.8332151,0,0.9319244
7649,Pass,0,0.9896006,0.77455467,0,0.9276244
7650,Pass,0,0.99939203,0.12704094,0,0.9893342
7651,Pass,0,0.73301387,0.7056325,0,0.69120824
7652,Pass,0,0.94622934,0.22377345,0,0.9292763
7653,Pass,0,0.9890809,0.564947,0,0.9439669
7654,Pass,0,0.9993673,0.081660174,0,0.9929913
7655,Pass,0,0.99999344,0.18202353,0,0.9854663
7656,Pass,0,0.94601274,0.9938894,0,0.8699225
7657,Pass,0,0.99779785,0.35673356,0,0.96915126
7658,Pass,0,0.9965328,0.03893155,0,0.9936314
7659,Pass,0,0.9990427,0.56905353,0,0.9531413
7660,Pass,0,0.9967541,0.27044982,0,0.97511905
7661,Pass,0,0.99570686,0.031416003,0,0.9934154
7662,Pass,0,0.9988286,0.377472,0,0.9684709
7663,Pass,0,0.9993212,0.24621826,0,0.9795962
7664,Pass,0,0.99293846,0.38698682,0,0.96199286
7665,Pass,0,0.9923537,0.017439287,0,0.99119586
7666,Pass,0,0.9998617,0.501653,0,0.9593933
7667,Pass,0,0.9990464,0.71699375,0,0.9411468
7668,Pass,0,0.9893153,0.22607468,0,0.97140545
7669,Pass,0,0.99453837,0.49173248,0,0.95508635
7670,Pass,0,0.9921692,0.24375702,0,0.97278357
7671,Pass,0,0.93841636,0.23636809,0,0.92064387
7672,Pass,0,0.9395129,1.1840718,0,0.8494408
7673,Pass,0,0.95371974,1.4632398,0,0.8406723
7674,Pass,0,0.9988502,0.54609716,0,0.954819
7675,Pass,0,0.9748257,0.7063478,0,0.9191723
7676,Pass,0,0.969686,0.9934079,0,0.8917296
7677,Pass,0,0.99883825,0.21565731,0,0.9816007
7678,Pass,0,0.99787426,1.5817071,0,0.86999655
7679,Pass,0,0.97059906,0.37397274,0,0.9413751
7680,Pass,0,0.8729374,0.6633249,0,0.8261496
7681,Pass,0,0.9989411,0.61215097,0,0.9495495
7682,Pass,0,0.9636337,0.42826656,0,0.93037224
7683,Pass,0,0.97498816,3.2694993,0,0.7164595
7684,Pass,0,0.99978346,0.6169353,0,0.9499619
7685,Pass,0,0.997018,1.1828686,0,0.90153027
7686,Pass,0,0.99582267,0.044989306,0,0.9924337
7687,Pass,0,0.97836655,1.2724457,0,0.8775508
7688,Pass,0,0.9996768,0.21431813,0,0.9825335
7689,Pass,0,0.9520814,1.034739,0,0.8723459
7690,Pass,0,0.9864611,0.7415802,0,0.9273221
7691,Pass,0,0.96015245,0.48284552,0,0.9227571
7692,Pass,0,0.6671406,1.1103398,0,0.6071742
7693,Pass,0,0.99950933,0.2599714,0,0.9786647
7694,Pass,0,0.9915957,0.18744874,0,0.9767538
7695,Pass,0,0.9997811,0.18896523,0,0.9846935
7696,Pass,0,0.99723345,0.41407245,0,0.96396136
7697,Pass,0,0.7847658,2.298743,0,0.638519
7698,Pass,0,0.9465472,2.3687556,0,0.76477164
7699,Pass,0,0.999556,0.36444482,0,0.97023326
7700,Pass,0,0.96644753,1.1433125,0,0.8769909
7701,Pass,0,0.99987936,0.13322082,0,0.98931503
7702,Pass,0,0.9992085,0.30286,0,0.9748913
7703,Pass,0,0.9987752,0.73220015,0,0.9396584
7704,Pass,0,0.9920406,1.0606405,0,0.9068727
7705,Pass,0,0.99954563,0.5657224,0,0.9538914
7706,Pass,0,0.998531,0.5479929,0,0.9543602
7707,Pass,0,0.9802096,0.54926336,0,0.9367482
7708,Pass,0,0.98636705,0.047668863,0,0.9827957
7709,Pass,0,0.9998196,0.6484921,0,0.947435
7710,Pass,0,0.9990458,2.5373294,0,0.793517
7711,Pass,0,0.98905283,0.829455,0,0.9227031
7712,Pass,0,0.9976767,0.23000027,0,0.9792976
7713,Pass,0,0.9868067,0.41223893,0,0.9540293
7714,Pass,0,0.9937743,0.12861416,0,0.98364615
7715,Pass,0,0.99807334,0.7332166,0,0.9389158
7716,Pass,0,0.99579465,0.814619,0,0.9301919
7717,Pass,0,0.99733526,0.051582843,0,0.9934073
7718,Pass,0,0.98970187,0.70808357,0,0.9330597
7719,Pass,0,0.992299,0.51568884,0,0.95100605
7720,Pass,0,0.92795396,0.29374295,0,0.9060576
7721,Pass,0,0.9969394,0.66417456,0,0.9434366
7722,Pass,0,0.99515533,0.033343565,0,0.99270946
7723,Pass,0,0.9990276,0.43429938,0,0.96405524
7724,Pass,0,0.96463317,1.6214353,0,0.83790433
7725,Pass,0,0.99584156,0.02342272,0,0.99419594
7726,Pass,0,0.99818605,0.33322337,0,0.9714334
7727,Pass,0,0.99999106,0.6056368,0,0.9510763
7728,Pass,0,0.9170185,0.06500401,0,0.91240776
7729,Pass,0,0.9459425,0.7971588,0,0.88496476
7730,Pass,0,0.95706993,0.7520684,0,0.8988781
7731,Pass,0,0.97942036,0.8487349,0,0.9121839
7732,Pass,0,0.64623666,0.6098811,0,0.61440325
7733,Pass,0,0.99856216,0.46903795,0,0.9607901
7734,Pass,0,0.9996394,0.61046094,0,0.9503504
7735,Pass,0,0.99347997,0.65455073,0,0.94093895
7736,Pass,0,0.6905999,0.8567815,0,0.64273965
7737,Pass,0,0.99997616,0.08720407,0,0.99314624
7738,Pass,0,0.9018044,0.13854069,0,0.89188683
7739,Pass,0,0.99999213,4.865614,0,0.60526586
7740,Pass,0,0.9997844,0.4823981,0,0.9608819
7741,Pass,0,0.9957747,0.6875483,0,0.94044495
7742,Pass,0,0.99987507,1.4832351,0,0.87973374
7743,Pass,0,0.99982196,0.41859907,0,0.9660961
7744,Pass,0,0.9999839,0.51899534,0,0.95810276
7745,Pass,0,0.9998355,0.2634306,0,0.97870326
7746,Pass,0,0.98172736,0.42347106,0,0.94822353
7747,Pass,0,0.9997558,0.5985366,0,0.95142883
7748,Pass,0,0.99022335,0.07095934,0,0.9847659
7749,Pass,0,0.9984804,0.9286809,0,0.92345554
7750,Pass,0,0.99817336,0.83194697,0,0.9310098
7751,Pass,0,0.99935585,3.0820346,0,0.74957395
7752,Pass,0,0.9996717,1.081356,0,0.9121676
7753,Pass,0,0.9999206,0.15639788,0,0.98747456
7754,Pass,0,0.99553055,0.29296017,0,0.9721029
7755,Pass,0,0.99910873,0.89877534,0,0.9264621
7756,Pass,0,0.80846184,1.0015706,0,0.7429311
7757,Pass,0,0.99234265,0.67210656,0,0.93844754
7758,Pass,0,0.9997055,0.16868159,0,0.9862652
7759,Pass,0,0.99148107,1.0853819,0,0.9043699
7760,Pass,0,0.9950558,0.27586326,0,0.9730203
7761,Pass,0,0.99998,0.2378414,0,0.98092186
7762,Pass,0,0.9999702,0.48473105,0,0.9608711
7763,Pass,0,0.99962056,1.0027069,0,0.91850305
7764,Pass,0,0.9131374,1.0681378,0,0.8341877
7765,Pass,0,0.999566,0.30290058,0,0.9752368
7766,Pass,0,0.99965286,0.96934444,0,0.9212401
7767,Pass,0,0.99857473,1.0368645,0,0.9147732
7768,Pass,0,0.999706,0.11552783,0,0.9905793
7769,Pass,0,0.99392235,0.5069798,0,0.95326453
7770,Pass,0,0.99266833,0.22452562,0,0.97482264
7771,Pass,0,0.94597614,1.037342,0,0.8665521
7772,Pass,0,0.99999046,0.4318307,0,0.9651848
7773,Pass,0,0.9998754,0.975351,0,0.9209576
7774,Pass,0,0.99953806,0.75485295,0,0.93853813
7775,Pass,0,0.9992963,0.44316092,0,0.9635957
7776,Pass,0,0.999458,0.37426275,0,0.9693416
7777,Pass,0,0.9972372,1.4326236,0,0.88150996
7778,Pass,0,0.9998498,0.2603323,0,0.97896874
7779,Pass,0,0.9072458,0.37841672,0,0.879602
7780,Pass,0,0.9999596,0.17099859,0,0.9863278
7781,Pass,0,0.99998224,0.66694444,0,0.94609123
7782,Pass,0,0.99991953,0.32000154,0,0.97419363
7783,Pass,0,0.9684188,0.26835963,0,0.9475631
7784,Pass,0,0.9826612,0.054031964,0,0.9785957
7785,Pass,0,0.9999949,1.6145898,0,0.8691761
7786,Pass,0,0.9616775,0.8732311,0,0.89374673
7787,Pass,0,0.9999163,0.13879155,0,0.9888994
7788,Pass,0,0.9952304,0.6231531,0,0.9451334
7789,Pass,0,0.9999968,0.89519,0,0.92757666
7790,Pass,0,0.98144,0.094942786,0,0.97412014
7791,Pass,0,0.9997713,0.8911293,0,0.92769706
7792,Pass,0,0.9999765,0.19318742,0,0.9845433
7793,Pass,0,0.9986815,2.2692652,0,0.8149597
7794,Pass,0,0.9998903,0.8006421,0,0.93515223
7795,Pass,0,0.9735387,0.39371318,0,0.9426661
7796,Pass,0,0.99765706,0.49757245,0,0.95760834
7797,Pass,0,0.6062935,2.5143986,0,0.4826923
7798,Pass,0,0.9814937,0.66995823,0,0.92835903
7799,Pass,0,0.9870838,0.42370537,0,0.9533784
7800,Pass,0,0.5168997,1.7626654,0,0.44306585
7801,Pass,0,0.99824405,0.277806,0,0.9759805
7802,Pass,0,0.9576252,0.10958776,0,0.9493445
7803,Pass,0,0.9937034,0.895002,0,0.92175424
7804,Pass,0,0.9832965,0.77846867,0,0.92140275
7805,Pass,0,0.99954116,0.8763173,0,0.9286854
7806,Pass,0,0.97777367,0.21033144,0,0.96132237
7807,Pass,0,0.9951414,0.40862268,0,0.96237934
7808,Pass,0,0.9981805,0.41049805,0,0.96516645
7809,Pass,0,0.9927106,0.6763141,0,0.9384564
7810,Pass,0,0.9999745,0.23420514,0,0.9812117
7811,Pass,0,0.8230387,0.0644662,0,0.81893647
7812,Pass,0,0.6607782,0.09120334,0,0.65605056
7813,Pass,0,0.96225864,0.57597435,0,0.91750664
7814,Pass,0,0.99998057,0.6845684,0,0.944659
7815,Pass,0,0.99999857,1.0427167,0,0.9156025
7816,Pass,0,0.99992096,0.27520964,0,0.97783077
7817,Pass,0,0.9998857,0.5702106,0,0.9538516
7818,Pass,0,0.9999429,0.7362772,0,0.9404261
7819,Pass,0,0.99762815,0.6779823,0,0.9429701
7820,Pass,0,0.9996674,0.38787508,0,0.96844
7821,Pass,0,0.91098225,1.8098536,0,0.77736807
7822,Pass,0,0.958049,0.7910834,0,0.8967633
7823,Pass,0,0.9422853,0.8516553,0,0.87737477
7824,Pass,0,0.99958986,1.1807615,0,0.90402675
7825,Pass,0,0.99995124,0.58001786,0,0.953118
7826,Pass,0,0.98904335,0.30968288,0,0.9644257
7827,Pass,0,0.99689305,0.38570487,0,0.9659279
7828,Pass,0,0.9716403,0.7706996,0,0.911093
7829,Pass,0,0.97817403,0.37039733,0,0.94900584
7830,Pass,0,0.9998636,0.26844,0,0.9783242
7831,Pass,0,0.9914147,0.6583605,0,0.9386763
7832,Pass,0,0.9966086,0.007851912,0,0.9962215
7833,Pass,0,0.99968874,1.3490819,0,0.8904566
7834,Pass,0,0.98002076,1.07623,0,0.89464456
7835,Pass,0,0.9998344,0.56434053,0,0.9542792
7836,Pass,0,0.99994636,0.5079983,0,0.95895946
7837,Pass,0,0.94816756,0.6822025,0,0.8958946
7838,Pass,0,0.99989974,0.28006074,0,0.97741634
7839,Pass,0,0.68780434,0.06286591,0,0.68446547
7840,Pass,0,0.999972,0.38413996,0,0.9690383
7841,Pass,0,0.9193665,0.52395,0,0.880492
7842,Pass,0,0.5339138,1.4345183,0,0.47187212
7843,Pass,0,0.99972695,0.45406312,0,0.9631262
7844,Pass,0,0.9761696,1.0441958,0,0.89366734
7845,Pass,0,0.9987361,0.74463654,0,0.9386134
7846,Pass,0,0.99996793,0.5240493,0,0.95767725
7847,Pass,0,0.47940463,0.37900215,0,0.4647744
7848,Pass,0,0.992546,0.75715774,0,0.9317871
7849,Pass,0,0.61866254,0.892683,0,0.5739847
7850,Pass,0,0.5312261,1.000425,0,0.4882164
7851,Pass,0,0.9659629,1.3152212,0,0.863071
7852,Pass,0,0.99955004,0.39710984,0,0.967577
7853,Pass,0,0.99903417,0.64642304,0,0.9468585
7854,Pass,0,0.8805023,1.1769253,0,0.79659843
7855,Pass,0,0.999946,0.30052102,0,0.9758007
7856,Pass,0,0.42583707,0.3050001,0,0.41539973
7857,Pass,0,0.94221205,0.9691408,0,0.86832047
7858,Pass,0,0.5997343,3.693086,0,0.420086
7859,Pass,0,0.5891522,0.39646044,0,0.5703378
7860,Pass,0,0.9694057,1.1483446,0,0.8792793
7861,Pass,0,0.99739885,1.4694443,0,0.87867165
7862,Pass,0,0.98776287,0.7798021,0,0.925481
7863,Pass,0,0.98327625,0.3769596,0,0.95343214
7864,Pass,0,0.9967482,0.54359436,0,0.9530122
7865,Pass,0,0.9412282,0.3552244,0,0.91432106
7866,Pass,0,0.9998485,0.3022343,0,0.9755665
7867,Pass,0,0.99410546,0.4637619,0,0.9569278
7868,Pass,0,0.9997557,0.37391037,0,0.96965885
7869,Pass,0,0.9509094,0.058002654,0,0.94666874
7870,Pass,0,0.94957477,0.5165853,0,0.9099906
7871,Pass,0,0.9997956,6.377368,0,0.4824516
7872,Pass,0,0.9987851,0.27069625,0,0.97708595
7873,Pass,0,0.99999154,0.27786142,0,0.97768456
7874,Pass,0,0.9682684,0.48682693,0,0.930244
7875,Pass,0,0.68469894,0.425579,0,0.6612148
7876,Pass,0,0.953126,0.53613377,0,0.9118813
7877,Pass,0,0.9922351,0.46940294,0,0.95467305
7878,Pass,0,0.9998771,1.1199385,0,0.9092234
7879,Pass,0,0.99999535,2.9027345,0,0.7646086
7880,Pass,0,0.9998776,0.15939453,0,0.9871888
7881,Pass,0,0.9964139,0.026031012,0,0.99455637
7882,Pass,0,0.99995553,0.22149347,0,0.98222494
7883,Pass,0,0.9996076,0.58301234,0,0.95254755
7884,Pass,0,0.99234205,0.39425904,0,0.9608292
7885,Pass,0,0.99995255,1.584286,0,0.8715992
7886,Pass,0,0.6519176,0.44486493,0,0.6285371
7887,Pass,0,0.99989676,0.50220335,0,0.95938224
7888,Pass,0,0.8397505,1.023518,0,0.7701875
7889,Pass,0,0.9999596,0.9049445,0,0.92675036
7890,Pass,0,0.969911,0.02968428,0,0.9678152
7891,Pass,0,0.99554646,0.7399161,0,0.93599725
7892,Pass,0,0.99444073,0.9400293,0,0.9188033
7893,Pass,0,0.8735827,0.9484073,0,0.80654365
7894,Pass,0,0.9999695,0.6553761,0,0.9470182
7895,Pass,0,0.9914915,0.6554387,0,0.93898416
7896,Pass,0,0.84169966,0.20445316,0,0.8279395
7897,Pass,0,0.9966182,0.4410328,0,0.96118546
7898,Pass,0,0.9997762,0.38248724,0,0.9689827
7899,Pass,0,0.8124878,0.98807496,0,0.7475208
7900,Pass,0,0.6220132,0.28567827,0,0.60774314
7901,Pass,0,0.9999032,0.3398063,0,0.9725701
7902,Pass,0,0.47096467,1.9710181,0,0.39572647
7903,Pass,0,0.98494786,1.7991593,0,0.8413402
7904,Pass,0,0.99888104,1.1111189,0,0.9090328
7905,Pass,0,0.7480896,1.0350865,0,0.68541706
7906,Pass,0,0.9981571,0.2153544,0,0.98095584
7907,Pass,0,0.9998598,0.6043116,0,0.9510591
7908,Pass,0,0.9876166,0.60765725,0,0.9391452
7909,Pass,0,0.9884222,0.31445667,0,0.963437
7910,Pass,0,0.99993825,1.0986297,0,0.91100866
7911,Pass,0,0.822962,0.022083558,0,0.8216915
7912,Pass,0,0.9753125,1.0384712,0,0.89333594
7913,Pass,0,0.9999459,0.06982927,0,0.99452657
7914,Pass,0,0.99811745,0.88529295,0,0.9266353
7915,Pass,0,0.49696958,0.5071776,0,0.47663236
7916,Pass,0,0.8735134,0.16088636,0,0.86232245
7917,Pass,0,0.97304654,0.727827,0,0.91579807
7918,Pass,0,0.516681,0.39138606,0,0.50039375
7919,Pass,0,0.9998828,3.7483747,0,0.69588375
7920,Pass,0,0.7785532,0.13107736,0,0.77046275
7921,Pass,0,0.5905645,2.8885,0,0.45223525
7922,Pass,0,0.99807274,0.48787615,0,0.958793
7923,Pass,0,0.9984432,1.5274923,0,0.87488675
7924,Pass,0,0.9827031,0.5574891,0,0.93847495
7925,Pass,0,0.94535464,1.157002,0,0.8567999
7926,Pass,0,0.99997556,1.835681,0,0.85121214
7927,Pass,0,0.95301145,0.5975279,0,0.9070221
7928,Pass,0,0.5270374,0.63438576,0,0.5000273
7929,Pass,0,0.9778462,0.6293783,0,0.92813015
7930,Pass,0,0.9998103,0.45528692,0,0.9631071
7931,Pass,0,0.99370617,0.53114676,0,0.95110774
7932,Pass,0,0.9828378,1.0776134,0,0.8971058
7933,Pass,0,0.99872977,0.3360587,0,0.9717326
7934,Pass,0,0.8881387,0.19258961,0,0.87447464
7935,Pass,0,0.9999987,0.8851835,0,0.92839074
7936,Pass,0,0.98895967,0.93420243,0,0.9142069
7937,Pass,0,0.99984145,0.7991952,0,0.935224
7938,Pass,0,0.9998109,0.6175957,0,0.94993436
7939,Pass,0,0.9990532,0.24520896,0,0.97941524
7940,Pass,0,0.9999908,0.1700509,0,0.9864356
7941,Pass,0,0.9995913,0.53106487,0,0.95674723
7942,Pass,0,0.9440168,0.37934548,0,0.91518146
7943,Pass,0,0.99252397,0.33609754,0,0.96569145
7944,Pass,0,0.9937239,0.077910654,0,0.9876864
7945,Pass,0,0.5851687,0.25087175,0,0.57339734
7946,Pass,0,0.77684647,1.0366048,0,0.711669
7947,Pass,0,0.9997441,0.488109,0,0.96037966
7948,Pass,0,0.71915495,1.1150492,0,0.6542383
7949,Pass,0,0.99904746,0.4802601,0,0.960347
7950,Pass,0,0.9999937,0.64490086,0,0.94789153
7951,Pass,0,0.9371332,0.91637313,0,0.8676542
7952,Pass,0,0.76414675,1.3130708,0,0.6828852
7953,Pass,0,0.9991805,0.22561565,0,0.9811293
7954,Pass,0,0.96540624,0.02868095,0,0.9633989
7955,Pass,0,0.999461,0.47213393,0,0.9614038
7956,Pass,0,0.9984054,0.45705703,0,0.9616104
7957,Pass,0,0.99491274,0.635531,0,0.94383204
7958,Pass,0,0.99953294,1.2220747,0,0.9006231
7959,Pass,0,0.9997882,0.35947427,0,0.9708621
7960,Pass,0,0.9999745,0.36534524,0,0.9705664
7961,Pass,0,0.9992557,3.5509145,0,0.71146464
7962,Pass,0,0.98575264,0.38792652,0,0.9549558
7963,Pass,0,0.99965596,0.21946771,0,0.98209506
7964,Pass,0,0.87960285,0.75139767,0,0.8261691
7965,Pass,0,0.9988722,0.6229224,0,0.9486106
7966,Pass,0,0.9998248,0.274554,0,0.97779
7967,Pass,0,0.99999475,0.1510491,0,0.987982
7968,Pass,0,0.9983152,0.5302238,0,0.955594
7969,Pass,0,0.99819726,0.029706996,0,0.9960385
7970,Pass,0,0.9992913,0.19453168,0,0.98375964
7971,Pass,0,0.9322393,0.91439044,0,0.86327314
7972,Pass,0,0.99987864,1.0034975,0,0.918676
7973,Pass,0,0.9949411,0.022244425,0,0.99339217
7974,Pass,0,0.9995758,0.7056334,0,0.94256735
7975,Pass,0,0.99707854,0.53094995,0,0.9543514
7976,Pass,0,0.9999552,0.9520891,0,0.9229194
7977,Pass,0,0.9999995,0.86166376,0,0.93030083
7978,Pass,0,0.99990964,1.0243473,0,0.91701216
7979,Pass,0,0.99958473,0.7292338,0,0.9406608
7980,Pass,0,0.9974554,0.07639604,0,0.99151784
7981,Pass,0,0.9988092,1.2440236,0,0.8981914
7982,Pass,0,0.96496284,1.1996698,0,0.871229
7983,Pass,0,0.97896147,0.9410915,0,0.9044169
7984,Pass,0,0.9958192,2.1211646,0,0.82459617
7985,Pass,0,0.99900645,0.5953094,0,0.9509774
7986,Pass,0,0.99885845,1.0220143,0,0.91623724
7987,Pass,0,0.99997294,0.102130204,0,0.99193144
7988,Pass,0,0.9923264,0.19072297,0,0.9772098
7989,Pass,0,0.99990857,0.24607824,0,0.98018324
7990,Pass,0,0.6343298,0.5281691,0,0.60729057
7991,Pass,0,0.9023783,1.3668965,0,0.80247396
7992,Pass,0,0.9999968,0.65092325,0,0.9474056
7993,Pass,0,0.998901,0.74074066,0,0.9390843
7994,Pass,0,0.99997425,0.68247885,0,0.94482267
7995,Pass,0,0.99891067,0.24786194,0,0.9790604
7996,Pass,0,0.99167377,0.43223676,0,0.9571249
7997,Pass,0,0.9998672,0.6397255,0,0.9481917
7998,Pass,0,0.99999297,1.1797385,0,0.9044743
7999,Pass,0,0.78071207,1.1730577,0,0.7065624
8000,Pass,0,0.9991744,1.178578,0,0.90382814
8001,Pass,0,0.9982571,0.48741177,0,0.95900774
8002,Pass,0,0.92724323,1.0663886,0,0.8472056
8003,Pass,0,0.97701263,0.9598635,0,0.9011277
8004,Pass,0,0.97912085,0.30231875,0,0.95533556
8005,Pass,0,0.99564385,0.016710682,0,0.9945411
8006,Pass,0,0.96414655,0.76385254,0,0.9046021
8007,Pass,0,0.9998122,0.22835271,0,0.98152745
8008,Pass,0,0.99756384,0.50466704,0,0.95694435
8009,Pass,0,0.99953234,0.747215,0,0.9391525
8010,Pass,0,0.5517685,0.79990935,0,0.5160769
8011,Pass,0,0.996228,0.40419212,0,0.96378845
8012,Pass,0,0.9979532,1.6769145,0,0.8623525
8013,Pass,0,0.99997056,0.28471816,0,0.97710747
8014,Pass,0,0.98728275,0.8150276,0,0.922208
8015,Pass,0,0.99986565,1.2988998,0,0.8946873
8016,Pass,0,0.99888366,0.40641195,0,0.96617764
8017,Pass,0,0.9956328,0.8108732,0,0.9303435
8018,Pass,0,0.9997068,0.28015494,0,0.97722006
8019,Pass,0,0.9993055,0.8302688,0,0.93220186
8020,Pass,0,0.519107,0.5412502,0,0.496428
8021,Pass,0,0.9997578,0.5979775,0,0.9514761
8022,Pass,0,0.9416463,0.05060844,0,0.9380121
8023,Pass,0,0.9999647,0.32916686,0,0.97349364
8024,Pass,0,0.9997627,0.092505686,0,0.992504
8025,Pass,0,0.99974984,0.6681886,0,0.94577044
8026,Pass,0,0.99542916,0.24575067,0,0.97581875
8027,Pass,0,0.99995816,0.8747408,0,0.9292008
8028,Pass,0,0.9518019,0.6027594,0,0.9054667
8029,Pass,0,0.9996706,0.53106856,0,0.9568229
8030,Pass,0,0.99994946,1.7287943,0,0.8598663
8031,Pass,0,0.99999285,0.87243986,0,0.92941976
8032,Pass,0,0.99019766,0.93359405,0,0.9154002
8033,Pass,0,0.99953246,0.8216106,0,0.93311614
8034,Pass,0,0.9922123,0.63882345,0,0.94100505
8035,Pass,0,0.9932156,1.9510617,0,0.83615506
8036,Pass,0,0.9996728,0.5787493,0,0.9529556
8037,Pass,0,0.9998442,0.91159266,0,0.92610383
8038,Pass,0,0.9875589,0.5016473,0,0.9475889
8039,Pass,0,0.9985273,1.0003408,0,0.9176903
8040,Pass,0,0.9998778,0.24988258,0,0.97984433
8041,Pass,0,0.9992762,0.3065202,0,0.97466046
8042,Pass,0,0.99977344,0.29765913,0,0.9758646
8043,Pass,0,0.9942193,0.8408685,0,0.92660177
8044,Pass,0,0.7548134,0.84998983,0,0.7029191
8045,Pass,0,0.9941584,0.023139104,0,0.99253845
8046,Pass,0,0.99845135,0.30402157,0,0.97405845
8047,Pass,0,0.9794994,0.40156206,0,0.9478137
8048,Pass,0,0.99671775,0.03738691,0,0.99394083
8049,Pass,0,0.99729854,0.8284307,0,0.9304786
8050,Pass,0,0.77687806,1.7236588,0,0.6683689
8051,Pass,0,0.9996457,1.1072747,0,0.9100406
8052,Pass,0,0.9999918,0.56379676,0,0.95447344
8053,Pass,0,0.99817705,0.76144195,0,0.9367263
8054,Pass,0,0.99989223,0.48631546,0,0.96066755
8055,Pass,0,0.99998033,0.72592765,0,0.9413014
8056,Pass,0,0.99998593,0.24358548,0,0.9804615
8057,Pass,0,0.99935013,0.07240821,0,0.99372476
8058,Pass,0,0.9956267,0.014885275,0,0.99467146
8059,Pass,0,0.49514207,1.6338263,0,0.4295947
8060,Pass,0,0.97894233,0.7100938,0,0.92275625
8061,Pass,0,0.7657679,2.323576,0,0.6215178
8062,Pass,0,0.43997508,3.3316379,0,0.3210916
8063,Pass,0,0.7113956,0.535052,0,0.68067384
8064,Pass,0,0.98010385,0.41969487,0,0.94695586
8065,Pass,0,0.9924017,0.81512654,0,0.92698157
8066,Pass,0,0.91416526,0.7237743,0,0.86068183
8067,Pass,0,0.99997807,0.296856,0,0.97612953
8068,Pass,0,0.9916923,0.06567011,0,0.9866525
8069,Pass,0,0.87801534,0.4744424,0,0.844418
8070,Pass,0,0.99904174,0.4284124,0,0.9645463
8071,Pass,0,0.95623493,1.1393372,0,0.86803216
8072,Pass,0,0.7721194,1.0960081,0,0.70361525
8073,Pass,0,0.98429376,0.28634378,0,0.96165925
8074,Pass,0,0.99950874,0.186577,0,0.98461914
8075,Pass,0,0.9952748,0.849146,0,0.9269167
8076,Pass,0,0.96936977,0.57957,0,0.92400414
8077,Pass,0,0.99948394,0.46197924,0,0.9622498
8078,Pass,0,0.9959533,0.082025185,0,0.9895696
8079,Pass,0,0.92574584,0.8139756,0,0.8648063
8080,Pass,0,0.9953686,0.6588425,0,0.94238085
8081,Pass,0,0.5407458,1.7945554,0,0.46210593
8082,Pass,0,0.9969043,1.1545893,0,0.90371597
8083,Pass,0,0.9979303,0.20995283,0,0.98117054
8084,Pass,0,0.9820097,0.9632465,0,0.905467
8085,Pass,0,0.9999894,0.23718472,0,0.98098445
8086,Pass,0,0.99508876,0.049938604,0,0.9913025
8087,Pass,0,0.951129,0.67449033,0,0.8992882
8088,Pass,0,0.9874227,0.37572873,0,0.95755136
8089,Pass,0,0.9977865,0.99179316,0,0.91770184
8090,Pass,0,0.99417454,0.049927276,0,0.9903927
8091,Pass,0,0.5951175,2.377139,0,0.48042572
8092,Pass,0,0.9735771,2.2311802,0,0.79748356
8093,Pass,0,0.9664024,0.9793338,0,0.88981414
8094,Pass,0,0.8543635,1.3317491,0,0.7622126
8095,Pass,0,0.487162,1.9632024,0,0.40964532
8096,Pass,0,0.9962457,0.6937101,0,0.9403914
8097,Pass,0,0.93383646,0.55572647,0,0.8919412
8098,Pass,0,0.99735403,0.7939437,0,0.9333225
8099,Pass,0,0.9953068,0.039022665,0,0.99240166
8100,Pass,0,0.9959046,0.056168284,0,0.9916116
8101,Pass,0,0.96908456,0.9927232,0,0.89123034
8102,Pass,0,0.8341987,2.0290043,0,0.6970059
8103,Pass,0,0.9821358,0.23866586,0,0.9633521
8104,Pass,0,0.95553005,0.76569664,0,0.8963747
8105,Pass,0,0.9786556,0.5444562,0,0.935645
8106,Pass,0,0.9818386,2.2417994,0,0.80340445
8107,Pass,0,0.9293522,3.677628,0,0.6521342
8108,Pass,0,0.9999672,0.8086813,0,0.93457156
8109,Pass,0,0.97176266,0.9910183,0,0.8938278
8110,Pass,0,0.9941484,0.35927272,0,0.96540165
8111,Pass,0,0.99994934,0.18913198,0,0.98484576
8112,Pass,0,0.9459419,2.504506,0,0.7538584
8113,Pass,0,0.99470586,0.0588148,0,0.99020433
8114,Pass,0,0.99986947,0.7697818,0,0.93763757
8115,Pass,0,0.9679386,1.9721911,0,0.813215
8116,Pass,0,0.998776,0.50415444,0,0.9581487
8117,Pass,0,0.98617274,0.4411048,0,0.9511056
8118,Pass,0,0.9985915,0.01760139,0,0.9974132
8119,Pass,0,0.9929548,0.89806473,0,0.92081296
8120,Pass,0,0.90738595,0.8428424,0,0.8455286
8121,Pass,0,0.999373,0.3684038,0,0.96973443
8122,Pass,0,0.9976457,0.40764982,0,0.96487993
8123,Pass,0,0.9997216,0.39281115,0,0.9680919
8124,Pass,0,0.99953544,0.19432761,0,0.98401654
8125,Pass,0,0.9956131,2.120834,0,0.8244522
8126,Pass,0,0.9458166,0.40400887,0,0.9150326
8127,Pass,0,0.99996054,0.33935177,0,0.9726628
8128,Pass,0,0.9936126,0.39259338,0,0.9621938
8129,Pass,0,0.9999893,0.81133676,0,0.93437666
8130,Pass,0,0.99272996,0.65662086,0,0.94006175
8131,Pass,0,0.9993913,0.29915836,0,0.97536993
8132,Pass,0,0.9932694,0.3020955,0,0.96915835
8133,Pass,0,0.9999162,0.2624375,0,0.9788629
8134,Pass,0,0.9998565,0.2953092,0,0.9761363
8135,Pass,0,0.99592566,1.0419997,0,0.9119313
8136,Pass,0,0.95634055,1.085322,0,0.8723214
8137,Pass,0,0.99997413,0.310154,0,0.9750462
8138,Pass,0,0.97977483,0.15573208,0,0.9676325
8139,Pass,0,0.99999,0.970149,0,0.9214854
8140,Pass,0,0.99961483,1.1510019,0,0.9064642
8141,Pass,0,0.99683386,0.66729736,0,0.94308394
8142,Pass,0,0.97905546,0.60220754,0,0.9314374
8143,Pass,0,0.9066897,2.3463633,0,0.7342165
8144,Pass,0,0.9909621,0.17452025,0,0.9771697
8145,Pass,0,0.9952383,0.45491058,0,0.9587334
8146,Pass,0,0.9606436,0.28692096,0,0.93850785
8147,Pass,0,0.99841976,0.08894757,0,0.9914592
8148,Pass,0,0.9996418,0.509513,0,0.95854443
8149,Pass,0,0.99102235,0.74282146,0,0.93151003
8150,Pass,0,0.98366064,0.48861644,0,0.94488895
8151,Pass,0,0.9933956,0.14582977,0,0.981883
8152,Pass,0,0.9998429,0.1561028,0,0.98742175
8153,Pass,0,0.99998236,1.2942991,0,0.8951652
8154,Pass,0,0.9913748,0.3861808,0,0.96054274
8155,Pass,0,0.99525577,0.841473,0,0.9275189
8156,Pass,0,0.91293,0.6138922,0,0.86766213
8157,Pass,0,0.99906915,0.6666872,0,0.94524825
8158,Pass,0,0.9828493,0.7774911,0,0.92106164
8159,Pass,0,0.9746619,0.015159336,0,0.97370505
8160,Pass,0,0.8612038,1.2213163,0,0.7760355
8161,Pass,0,0.99999785,0.7420045,0,0.9400128
8162,Pass,0,0.99808323,0.83319175,0,0.93082494
8163,Pass,0,0.9957968,0.7193213,0,0.9378974
8164,Pass,0,0.9268309,0.059538074,0,0.9225821
8165,Pass,0,0.7655315,1.1781639,0,0.6925063
8166,Pass,0,0.99691474,0.0475957,0,0.9933111
8167,Pass,0,0.9998448,0.44286293,0,0.96414876
8168,Pass,0,0.9997861,1.0249981,0,0.916846
8169,Pass,0,0.99976414,0.56071115,0,0.95450664
8170,Pass,0,0.8762738,0.41320327,0,0.8470993
8171,Pass,0,0.92437625,1.1741421,0,0.8365004
8172,Pass,0,0.997985,0.26309103,0,0.9769194
8173,Pass,0,0.9999081,0.15533246,0,0.98754865
8174,Pass,0,0.99997604,1.050458,0,0.9149535
8175,Pass,0,0.9993375,0.24142009,0,0.9800014
8176,Pass,0,0.99984574,1.2572087,0,0.8980533
8177,Pass,0,0.9999646,0.46748662,0,0.96226543
8178,Pass,0,0.94114023,2.2702336,0,0.76793003
8179,Pass,0,0.99883896,0.24353974,0,0.9793406
8180,Pass,0,0.9899917,0.6685412,0,0.9365108
8181,Pass,0,0.95073116,0.745025,0,0.8934683
8182,Pass,0,0.59247196,1.46636,0,0.52209425
8183,Pass,0,0.540959,1.0351176,0,0.4956378
8184,Pass,0,0.9287849,0.3818785,0,0.90022385
8185,Pass,0,0.999551,0.7810701,0,0.936423
8186,Pass,0,0.99762744,0.5547824,0,0.9529468
8187,Pass,0,0.956479,0.045938306,0,0.9531503
8188,Pass,0,0.9998827,0.4740681,0,0.96165246
8189,Pass,0,0.9993512,0.31439906,0,0.9740944
8190,Pass,0,0.9997938,0.1751339,0,0.9858287
8191,Pass,0,0.9995347,0.66859365,0,0.94553405
8192,Pass,0,0.99830616,0.26461753,0,0.97711
8193,Pass,0,0.99945647,0.47758463,0,0.96095717
8194,Pass,0,0.9915352,0.6259259,0,0.94140106
8195,Pass,0,0.99947137,0.42484096,0,0.9652509
8196,Pass,0,0.95604366,8.132115,0,0.32515442
8197,Pass,0,0.9975623,1.2233727,0,0.8987424
8198,Pass,0,0.8124018,3.2663116,0,0.59719485
8199,Pass,0,0.9994973,0.2851828,0,0.9766073
8200,Pass,0,0.9986504,0.6269725,0,0.9480716
8201,Pass,0,0.9715621,0.44674277,0,0.9365698
8202,Pass,0,0.99110776,0.19104898,0,0.97598356
8203,Pass,0,0.9970797,0.27072054,0,0.97541565
8204,Pass,0,0.9361405,1.0317984,0,0.8579635
8205,Pass,0,0.98021656,2.2433684,0,0.8019523
8206,Pass,0,0.9992231,0.42647904,0,0.96487826
8207,Pass,0,0.9753339,0.7194038,0,0.9186178
8208,Pass,0,0.9999958,0.46262962,0,0.9626898
8209,Pass,0,0.9949646,0.7099114,0,0.9378736
8210,Pass,0,0.95526856,0.8201799,0,0.8919045
8211,Pass,0,0.99989736,0.17650622,0,0.9858194
8212,Pass,0,0.99064106,1.1021303,0,0.90225685
8213,Pass,0,0.9965557,0.45311707,0,0.96014756
8214,Pass,0,0.9999062,0.37695432,0,0.96955776
8215,Pass,0,0.9992489,0.6053156,0,0.95039654
8216,Pass,0,0.9925161,0.5070785,0,0.9519079
8217,Pass,0,0.9317609,0.6970289,0,0.879271
8218,Pass,0,0.9761953,0.48999798,0,0.93760836
8219,Pass,0,0.99677014,0.017651848,0,0.99559
8220,Pass,0,0.9998241,0.42514572,0,0.9655668
8221,Pass,0,0.99985635,0.24483055,0,0.9802334
8222,Pass,0,0.9990681,0.758126,0,0.93783134
8223,Pass,0,0.996375,1.1943758,0,0.9000181
8224,Pass,0,0.99786586,1.0072969,0,0.9165189
8225,Pass,0,0.99999046,0.5910131,0,0.9522629
8226,Pass,0,0.8036685,1.0490019,0,0.7354319
8227,Pass,0,0.896375,0.3304648,0,0.87255174
8228,Pass,0,0.9874599,0.46064803,0,0.9507804
8229,Pass,0,0.9681179,0.030593628,0,0.96595454
8230,Pass,0,0.95760006,1.0551726,0,0.875814
8231,Pass,0,0.9517009,0.048355773,0,0.948202
8232,Pass,0,0.9959552,0.5571777,0,0.9511558
8233,Pass,0,0.98476565,0.033485953,0,0.9823339
8234,Pass,0,0.9973937,0.2515233,0,0.9772772
8235,Pass,0,0.9988997,0.548493,0,0.95467204
8236,Pass,0,0.9852776,0.92663485,0,0.91140836
8237,Pass,0,0.99994946,0.3222226,0,0.9740425
8238,Pass,0,0.9998696,1.2774576,0,0.8964312
8239,Pass,0,0.99317497,0.16592841,0,0.9800445
8240,Pass,0,0.9988632,0.6333655,0,0.9477553
8241,Pass,0,0.99775887,0.38952503,0,0.9664575
8242,Pass,0,0.9960957,1.2683561,0,0.8937837
8243,Pass,0,0.9574421,0.88418216,0,0.88895935
8244,Pass,0,0.9612753,0.07129112,0,0.95595145
8245,Pass,0,0.9885334,1.1831443,0,0.8938361
8246,Pass,0,0.7631606,1.2185975,0,0.6878567
8247,Pass,0,0.9984946,0.66935915,0,0.94448805
8248,Pass,0,0.99999726,0.45301643,0,0.9634716
8249,Pass,0,0.99516857,0.6548292,0,0.94251573
8250,Pass,0,0.95590854,0.34722733,0,0.92920226
8251,Pass,0,0.9992874,0.20551431,0,0.9828649
8252,Pass,0,0.96954936,0.015822012,0,0.96854544
8253,Pass,0,0.93018484,2.5342052,0,0.7390584
8254,Pass,0,0.9899395,2.4566338,0,0.7927689
8255,Pass,0,0.85210353,0.8444577,0,0.7939031
8256,Pass,0,0.95813257,0.3608445,0,0.93030506
8257,Pass,0,0.9996158,0.49974915,0,0.95931184
8258,Pass,0,0.9201937,1.0271322,0,0.843697
8259,Pass,0,0.96259576,0.6169944,0,0.9146228
8260,Pass,0,0.9856426,1.0705938,0,0.9002276
8261,Pass,0,0.9913352,0.042158466,0,0.9881893
8262,Pass,0,0.9910671,1.714862,0,0.85334915
8263,Pass,0,0.8356174,0.3807728,0,0.80999637
8264,Pass,0,0.9987764,0.8675184,0,0.9286882
8265,Pass,0,0.9998503,1.2248446,0,0.90068424
8266,Pass,0,0.9998784,0.43868187,0,0.9645205
8267,Pass,0,0.9922976,0.7169349,0,0.93479395
8268,Pass,0,0.94521284,0.010064248,0,0.9446759
8269,Pass,0,0.9987398,0.99125034,0,0.91862255
8270,Pass,0,0.9515436,0.42355418,0,0.9190635
8271,Pass,0,0.9934409,0.74330103,0,0.9337447
8272,Pass,0,0.4970053,2.2491088,0,0.40638727
8273,Pass,0,0.82213736,1.2863493,0,0.7364923
8274,Pass,0,0.9398851,1.2208993,0,0.84696746
8275,Pass,0,0.9626701,0.39316237,0,0.93218523
8276,Pass,0,0.925216,2.1950731,0,0.7605816
8277,Pass,0,0.50059605,0.763499,0,0.46969423
8278,Pass,0,0.84901655,1.1698114,0,0.76860327
8279,Pass,0,0.30025518,1.7727033,0,0.2571221
8280,Pass,0,0.9989736,1.720252,0,0.8597199
8281,Pass,0,0.99388367,0.3920302,0,0.9625017
8282,Pass,0,0.99960035,0.6950243,0,0.9434514
8283,Pass,0,0.99156463,1.0600973,0,0.9064814
8284,Pass,0,0.99986756,2.0035102,0,0.83749807
8285,Pass,0,0.9981535,0.3371857,0,0.9710806
8286,Pass,0,0.9267528,0.29032376,0,0.905142
8287,Pass,0,0.7792624,0.49702552,0,0.7480153
8288,Pass,0,0.7835779,0.4711334,0,0.75380474
8289,Pass,0,0.9887616,0.058595754,0,0.98430455
8290,Pass,0,0.94831556,0.72694546,0,0.89259
8291,Pass,0,0.98906124,0.2925895,0,0.96581554
8292,Pass,0,0.98542213,0.578449,0,0.93939495
8293,Pass,0,0.61808264,0.5931448,0,0.5884758
8294,Pass,0,0.6688842,1.0501299,0,0.61203045
8295,Pass,0,0.99964976,0.6790368,0,0.94479537
8296,Pass,0,0.6046129,1.2583063,0,0.5430045
8297,Pass,0,0.83936155,0.82870823,0,0.7831046
8298,Pass,0,0.87589616,0.8026005,0,0.81904685
8299,Pass,0,0.9961526,0.53470236,0,0.9531618
8300,Pass,0,0.999305,0.94066435,0,0.923246
8301,Pass,0,0.99657685,0.78576106,0,0.93325716
8302,Pass,0,0.9999956,1.0658095,0,0.91372514
8303,Pass,0,0.99589133,0.02428291,0,0.99417615
8304,Pass,0,0.9996542,1.089647,0,0.9114788
8305,Pass,0,0.98863226,0.03329004,0,0.9862067
8306,Pass,0,0.9949125,0.051536955,0,0.99099785
8307,Pass,0,0.9978357,0.6211198,0,0.94777226
8308,Pass,0,0.8800674,1.220292,0,0.7931068
8309,Pass,0,0.99510175,1.4682393,0,0.8767453
8310,Pass,0,0.999038,0.46531308,0,0.96155006
8311,Pass,0,0.94574195,0.5944922,0,0.90033644
8312,Pass,0,0.99848664,0.56160575,0,0.9532144
8313,Pass,0,0.9999373,0.41581687,0,0.96643335
8314,Pass,0,0.95877486,3.2053156,0,0.70954084
8315,Pass,0,0.9982508,1.0960431,0,0.9096809
8316,Pass,0,0.98791295,1.8227279,0,0.84198284
8317,Pass,0,0.97627527,0.8159235,0,0.9118551
8318,Pass,0,0.7456004,1.360404,0,0.66344625
8319,Pass,0,0.9511286,0.49123123,0,0.9134373
8320,Pass,0,0.9988926,1.9161524,0,0.843765
8321,Pass,0,0.9997682,1.24721,0,0.8987952
8322,Pass,0,0.6531049,1.5253688,0,0.57239634
8323,Pass,0,0.99516016,0.6386837,0,0.9438121
8324,Pass,0,0.9714428,0.03343304,0,0.96904814
8325,Pass,0,0.6759845,1.1592354,0,0.61254007
8326,Pass,0,0.6978309,0.7720696,0,0.6542683
8327,Pass,0,0.98129165,0.44599947,0,0.94600815
8328,Pass,0,0.9978144,0.79839385,0,0.9333928
8329,Pass,0,0.9926501,1.5450635,0,0.8683947
8330,Pass,0,0.9991184,0.65742195,0,0.9460463
8331,Pass,0,0.9977323,0.23547792,0,0.9789085
8332,Pass,0,0.5210757,1.1867559,0,0.4710061
8333,Pass,0,0.98960435,0.32658684,0,0.96361476
8334,Pass,0,0.93492585,0.62108874,0,0.8880211
8335,Pass,0,0.9931478,0.31109717,0,0.968314
8336,Pass,0,0.999025,0.5722701,0,0.9528635
8337,Pass,0,0.9940116,0.84875923,0,0.9257715
8338,Pass,0,0.9939328,0.28241175,0,0.9713938
8339,Pass,0,0.51614064,0.936477,0,0.47703168
8340,Pass,0,0.99778134,0.018114224,0,0.9965625
8341,Pass,0,0.99778277,0.5204159,0,0.95587873
8342,Pass,0,0.9984366,1.0086147,0,0.9169364
8343,Pass,0,0.9997476,0.46217313,0,0.9624879
8344,Pass,0,0.9941438,0.018823415,0,0.9928722
8345,Pass,0,0.99995744,1.2895297,0,0.89553005
8346,Pass,0,0.99785465,1.0421256,0,0.9136874
8347,Pass,0,0.99240535,0.62654585,0,0.94217724
8348,Pass,0,0.99267536,0.59278417,0,0.9451542
8349,Pass,0,0.9839125,0.5379482,0,0.94119066
8350,Pass,0,0.9996635,0.43132535,0,0.96491015
8351,Pass,0,0.94251335,0.8870353,0,0.87488014
8352,Pass,0,0.9746538,0.13654925,0,0.9640927
8353,Pass,0,0.9499456,1.576521,0,0.82860994
8354,Pass,0,0.9264689,0.5542507,0,0.8850152
8355,Pass,0,0.9997788,0.8381785,0,0.93200153
8356,Pass,0,0.99962556,0.32144144,0,0.97379035
8357,Pass,0,0.99003524,0.7306189,0,0.9315629
8358,Pass,0,0.68953145,4.4820457,0,0.43882313
8359,Pass,0,0.99550194,0.38756356,0,0.9644298
8360,Pass,0,0.9961808,0.045353938,0,0.9927611
8361,Pass,0,0.9987093,0.67390895,0,0.9443223
8362,Pass,0,0.9325054,0.54232806,0,0.8916842
8363,Pass,0,0.9983063,0.7680921,0,0.9363086
8364,Pass,0,0.9997167,0.31542102,0,0.97436774
8365,Pass,0,0.9996902,0.33660424,0,0.9726228
8366,Pass,0,0.9994752,0.93614364,0,0.92377007
8367,Pass,0,0.9948196,0.030296896,0,0.9926205
8368,Pass,0,0.9999267,0.16802719,0,0.98653656
8369,Pass,0,0.99844736,0.91626495,0,0.9244313
8370,Pass,0,0.99759465,0.5839899,0,0.9505502
8371,Pass,0,0.99819404,0.56858355,0,0.9523697
8372,Pass,0,0.9397455,0.66845024,0,0.8889859
8373,Pass,0,0.99812716,0.46379268,0,0.9607966
8374,Pass,0,0.9993781,1.195593,0,0.902632
8375,Pass,0,0.5947065,1.0738701,0,0.54301155
8376,Pass,0,0.98768103,0.47474355,0,0.9498632
8377,Pass,0,0.9986451,0.14577502,0,0.9870761
8378,Pass,0,0.9798836,0.29456574,0,0.95669645
8379,Pass,0,0.7300761,0.5404611,0,0.698227
8380,Pass,0,0.9998399,0.21062542,0,0.9829935
8381,Pass,0,0.9977585,0.52240485,0,0.9556944
8382,Pass,0,0.9295313,5.74091,0,0.49657074
8383,Pass,0,0.9852964,1.9828805,0,0.8269432
8384,Pass,0,0.99920076,0.36031005,0,0.9702238
8385,Pass,0,0.9986314,0.16039288,0,0.9858775
8386,Pass,0,0.99934214,0.7016293,0,0.9426719
8387,Pass,0,0.98931396,0.45418388,0,0.9530847
8388,Pass,0,0.9914725,0.54987854,0,0.9474622
8389,Pass,0,0.993251,0.41523376,0,0.9600181
8390,Pass,0,0.9767278,0.027043153,0,0.9748267
8391,Pass,0,0.99456936,0.3203573,0,0.96895236
8392,Pass,0,0.9988714,0.6215187,0,0.9487237
8393,Pass,0,0.97430336,0.62892056,0,0.9248036
8394,Pass,0,0.99989927,0.33746058,0,0.97275674
8395,Pass,0,0.99915826,0.3313402,0,0.9725322
8396,Pass,0,0.9937789,0.33831707,0,0.96673334
8397,Pass,0,0.913833,0.48671293,0,0.87795484
8398,Pass,0,0.99996376,0.40863833,0,0.9670417
8399,Pass,0,0.99979407,0.15846694,0,0.98718166
8400,Pass,0,0.99937636,0.83553165,0,0.9318411
8401,Pass,0,0.9999399,0.1012509,0,0.99197006
8402,Pass,0,0.9999734,0.25671226,0,0.97938365
8403,Pass,0,0.99941015,0.14115205,0,0.98820734
8404,Pass,0,0.9783481,0.74583584,0,0.9193574
8405,Pass,0,0.9521654,0.9652926,0,0.87779075
8406,Pass,0,0.7498433,0.786735,0,0.70214105
8407,Pass,0,0.9866916,0.18717746,0,0.9719448
8408,Pass,0,0.63612664,1.5286653,0,0.557346
8409,Pass,0,0.9999832,0.58295363,0,0.9529102
8410,Pass,0,0.6226469,1.3363055,0,0.5552585
8411,Pass,0,0.9970964,1.0035813,0,0.916113
8412,Pass,0,0.9950536,0.21702158,0,0.97777116
8413,Pass,0,0.8669694,1.007905,0,0.79625046
8414,Pass,0,0.997624,0.4055651,0,0.96502775
8415,Pass,0,0.9977526,0.5862032,0,0.9505214
8416,Pass,0,0.95503354,0.7213292,0,0.8993486
8417,Pass,0,0.9998697,0.37276167,0,0.9698627
8418,Pass,0,0.9970209,0.029587023,0,0.9948745
8419,Pass,0,0.8276534,0.93810666,0,0.764831
8420,Pass,0,0.9967938,0.04347612,0,0.99352396
8421,Pass,0,0.9999864,0.18599573,0,0.98513687
8422,Pass,0,0.918339,0.84174734,0,0.8558166
8423,Pass,0,0.97669774,0.4394563,0,0.9420982
8424,Pass,0,0.9999913,0.837785,0,0.93223155
8425,Pass,0,0.9933414,0.91766554,0,0.9195909
8426,Pass,0,0.8232724,1.4444277,0,0.72694457
8427,Pass,0,0.995194,0.024925606,0,0.99342805
8428,Pass,0,0.9997832,0.65689176,0,0.9467188
8429,Pass,0,0.9894391,0.67795736,0,0.9352317
8430,Pass,0,0.9436429,0.8241135,0,0.8807486
8431,Pass,0,0.9158239,1.00081,0,0.8416473
8432,Pass,0,0.99761,0.01335878,0,0.9967765
8433,Pass,0,0.9997471,0.121894725,0,0.99010336
8434,Pass,0,0.9997422,0.8589651,0,0.9302804
8435,Pass,0,0.7249494,1.0076886,0,0.6658279
8436,Pass,0,0.99868816,0.4707302,0,0.96077424
8437,Pass,0,0.99904615,0.6231271,0,0.9487592
8438,Pass,0,0.99998057,0.87012094,0,0.9295966
8439,Pass,0,0.99430484,0.05488865,0,0.990122
8440,Pass,0,0.99898154,0.6931548,0,0.9430189
8441,Pass,0,0.9989017,0.34464613,0,0.9712036
8442,Pass,0,0.9855649,1.2528543,0,0.88557476
8443,Pass,0,0.996333,0.050061915,0,0.992532
8444,Pass,0,0.80114454,0.3226338,0,0.78036153
8445,Pass,0,0.99863595,0.6266869,0,0.9480811
8446,Pass,0,0.9999485,0.27535254,0,0.97784615
8447,Pass,0,0.99948895,1.3354083,0,0.89138806
8448,Pass,0,0.9997212,0.2750533,0,0.97764814
8449,Pass,0,0.99626297,0.003066502,0,0.99626297
8450,Pass,0,0.99999225,1.9315506,0,0.84344393
8451,Pass,0,0.9949058,0.8355523,0,0.927671
8452,Pass,0,0.99476564,0.44180807,0,0.95933616
8453,Pass,0,0.5890673,3.2690058,0,0.43289334
8454,Pass,0,0.99992,0.3136513,0,0.9747096
8455,Pass,0,0.99999774,0.26585478,0,0.9786653
8456,Pass,0,0.81257766,1.155764,0,0.7365423
8457,Pass,0,0.9832244,1.6389859,0,0.8526523
8458,Pass,0,0.99971837,0.33096597,0,0.9731078
8459,Pass,0,0.99000984,0.07641604,0,0.984115
8460,Pass,0,0.99999905,0.33651173,0,0.9729308
8461,Pass,0,0.97781634,0.4443526,0,0.9427885
8462,Pass,0,0.99933225,0.5839079,0,0.95221245
8463,Pass,0,0.9994141,0.62406725,0,0.94903237
8464,Pass,0,0.99988115,0.3606648,0,0.97085565
8465,Pass,0,0.99988866,0.67363673,0,0.94545954
8466,Pass,0,0.9959346,0.33673266,0,0.9689585
8467,Pass,0,0.97886455,0.9933854,0,0.90017205
8468,Pass,0,0.9996382,0.21325126,0,0.98258215
8469,Pass,0,0.9683991,0.07050136,0,0.9630979
8470,Pass,0,0.9999964,0.99764913,0,0.919259
8471,Pass,0,0.99711967,0.5784033,0,0.9505498
8472,Pass,0,0.99675614,3.3557506,0,0.72547656
8473,Pass,0,0.9978896,0.5649756,0,0.9523715
8474,Pass,0,0.9999181,0.14824243,0,0.988134
8475,Pass,0,0.9999894,0.13338415,0,0.98941064
8476,Pass,0,0.9665454,0.7281599,0,0.9096533
8477,Pass,0,0.9899586,0.15655123,0,0.9776242
8478,Pass,0,0.99194837,0.0789625,0,0.9858369
8479,Pass,0,0.9867415,0.14104109,0,0.97568953
8480,Pass,0,0.999998,0.2795599,0,0.977553
8481,Pass,0,0.99997437,0.20695297,0,0.98342377
8482,Pass,0,0.9999933,2.8738456,0,0.7669522
8483,Pass,0,0.97690445,0.5739567,0,0.9316313
8484,Pass,0,0.99886286,0.5141197,0,0.957424
8485,Pass,0,0.76590097,2.5340128,0,0.6085421
8486,Pass,0,0.98921025,0.5951372,0,0.941666
8487,Pass,0,0.99927694,1.3974519,0,0.8861661
8488,Pass,0,0.995771,0.028342184,0,0.99372786
8489,Pass,0,0.876479,0.8748358,0,0.8144523
8490,Pass,0,0.9982551,0.2401347,0,0.979044
8491,Pass,0,0.98997027,0.07387696,0,0.9842797
8492,Pass,0,0.9997516,0.42007494,0,0.96590835
8493,Pass,0,0.87924504,0.1032825,0,0.8720921
8494,Pass,0,0.9882355,0.2305423,0,0.9699868
8495,Pass,0,0.9997131,0.90094656,0,0.9268464
8496,Pass,0,0.99971324,0.1943961,0,0.98418605
8497,Pass,0,0.9936325,1.3515484,0,0.88486314
8498,Pass,0,0.99453026,0.73791784,0,0.93520314
8499,Pass,0,0.9998586,0.4327967,0,0.9649792
8500,Pass,0,0.99983966,0.31812745,0,0.9742679
8501,Pass,0,0.9999931,0.45873097,0,0.96300364
8502,Pass,0,0.5363611,1.4450519,0,0.47357643
8503,Pass,0,0.9808669,0.68112,0,0.9268774
8504,Pass,0,0.9230257,0.9505424,0,0.85203236
8505,Pass,0,0.99561715,0.3473532,0,0.9677913
8506,Pass,0,0.98533833,0.69968843,0,0.9296174
8507,Pass,0,0.95952356,1.5435684,0,0.83953124
8508,Pass,0,0.79259896,1.0826616,0,0.7231365
8509,Pass,0,0.9593719,0.12486656,0,0.94988626
8510,Pass,0,0.9944137,0.6321989,0,0.9436276
8511,Pass,0,0.98924494,1.9287263,0,0.83460593
8512,Pass,0,0.9995433,0.24158944,0,0.98018944
8513,Pass,0,0.99370766,0.5058529,0,0.95314956
8514,Pass,0,0.99983215,0.6630579,0,0.9462647
8515,Pass,0,0.99553984,0.6651322,0,0.9420347
8516,Pass,0,0.9991875,0.59634125,0,0.9510661
8517,Pass,0,0.9985781,0.7509727,0,0.9379512
8518,Pass,0,0.99770325,0.9152658,0,0.92382324
8519,Pass,0,0.9928169,0.5931748,0,0.9452575
8520,Pass,0,0.64737636,0.5786762,0,0.61712664
8521,Pass,0,0.9880925,2.3669705,0,0.7984817
8522,Pass,0,0.49413124,2.0913012,0,0.41036728
8523,Pass,0,0.5892611,1.0748844,0,0.537991
8524,Pass,0,0.9990451,0.6147128,0,0.94944054
8525,Pass,0,0.9957789,0.62799054,0,0.9452633
8526,Pass,0,0.98787516,0.031785976,0,0.98557204
8527,Pass,0,0.89756906,2.4338198,0,0.7204585
8528,Pass,0,0.9999869,0.09912687,0,0.99218905
8529,Pass,0,0.9993298,1.0416303,0,0.9150783
8530,Pass,0,0.9929206,0.37808305,0,0.9626932
8531,Pass,0,0.9955817,2.3162472,0,0.8086331
8532,Pass,0,0.99981815,0.96205634,0,0.92198396
8533,Pass,0,0.9866736,1.0606736,0,0.90196383
8534,Pass,0,0.9881088,0.33501026,0,0.9614829
8535,Pass,0,0.9994789,0.19802955,0,0.9836605
8536,Pass,0,0.9827962,0.0107705025,0,0.9821816
8537,Pass,0,0.93597555,0.52176344,0,0.8965649
8538,Pass,0,0.98707527,0.102205,0,0.97913146
8539,Pass,0,0.99420184,1.273014,0,0.89170843
8540,Pass,0,0.99337476,0.011812542,0,0.99266946
8541,Pass,0,0.9988644,1.0775355,0,0.9117408
8542,Pass,0,0.97285324,0.15612169,0,0.9607659
8543,Pass,0,0.9810844,0.021128153,0,0.9796459
8544,Pass,0,0.9868967,1.2666148,0,0.88566905
8545,Pass,0,0.98354536,0.04474654,0,0.9802176
8546,Pass,0,0.9926051,0.45095068,0,0.95651585
8547,Pass,0,0.9978824,0.5816525,0,0.95101374
8548,Pass,0,0.9995609,0.20422609,0,0.9832384
8549,Pass,0,0.998454,0.0312874,0,0.9961666
8550,Pass,0,0.9999987,1.9865199,0,0.8389872
8551,Pass,0,0.9956619,0.64624363,0,0.9436769
8552,Pass,0,0.9986285,0.37128875,0,0.96877813
8553,Pass,0,0.5813814,2.0211973,0,0.4861355
8554,Pass,0,0.9988393,0.81345564,0,0.9331303
8555,Pass,0,0.9999964,0.28826633,0,0.97684467
8556,Pass,0,0.99862754,0.64134574,0,0.94688475
8557,Pass,0,0.99426854,0.7303532,0,0.9355676
8558,Pass,0,0.9902452,0.66972107,0,0.9366558
8559,Pass,0,0.99741554,0.04050915,0,0.99438393
8560,Pass,0,0.99994195,0.66622645,0,0.9461114
8561,Pass,0,0.99765956,0.7194997,0,0.9396374
8562,Pass,0,0.9985885,0.33227938,0,0.97190154
8563,Pass,0,0.9984598,1.073208,0,0.91172224
8564,Pass,0,0.9967685,0.58208054,0,0.94991744
8565,Pass,0,0.99507046,0.24389957,0,0.97561663
8566,Pass,0,0.99873346,0.5357381,0,0.9555473
8567,Pass,0,0.99822587,0.3989523,0,0.9661459
8568,Pass,0,0.99862254,0.025659459,0,0.996791
8569,Pass,0,0.99994445,0.6885092,0,0.944305
8570,Pass,0,0.99758613,0.61289775,0,0.94820106
8571,Pass,0,0.98402125,0.35933483,0,0.9555624
8572,Pass,0,0.9993513,0.9752628,0,0.92048204
8573,Pass,0,0.99996316,0.24244781,0,0.9805315
8574,Pass,0,0.9940899,0.43307045,0,0.95938957
8575,Pass,0,0.991662,0.18547921,0,0.97697765
8576,Pass,0,0.9997899,0.18191108,0,0.9852748
8577,Pass,0,0.99627954,0.7831993,0,0.93318594
8578,Pass,0,0.97139424,0.8104535,0,0.9077275
8579,Pass,0,0.9905839,0.67580104,0,0.9364872
8580,Pass,0,0.9994143,0.44243827,0,0.96376806
8581,Pass,0,0.9705842,1.7263802,0,0.8348051
8582,Pass,0,0.9686303,0.88486505,0,0.8992936
8583,Pass,0,0.9983491,0.36420318,0,0.9690813
8584,Pass,0,0.55474627,2.1045783,0,0.46010908
8585,Pass,0,0.99950385,0.3604922,0,0.97050333
8586,Pass,0,0.9982516,0.016969532,0,0.99712497
8587,Pass,0,0.9998085,0.8865648,0,0.928102
8588,Pass,0,0.99768746,0.29880208,0,0.97373587
8589,Pass,0,0.9705282,1.6490018,0,0.84085315
8590,Pass,0,0.9881837,0.7657052,0,0.9270061
8591,Pass,0,0.99858606,0.13499701,0,0.98789144
8592,Pass,0,0.99925107,0.9781063,0,0.9201591
8593,Pass,0,0.9612449,0.36456332,0,0.93303674
8594,Pass,0,0.9998771,0.77162105,0,0.93749547
8595,Pass,0,0.9999068,0.5956322,0,0.9518083
8596,Pass,0,0.97729295,0.30521378,0,0.95332235
8597,Pass,0,0.76927,0.712741,0,0.72495264
8598,Pass,0,0.93037355,0.56852674,0,0.88766694
8599,Pass,0,0.9835181,0.55501264,0,0.93945104
8600,Pass,0,0.9980768,0.017531153,0,0.99690485
8601,Pass,0,0.99415755,1.5881183,0,0.8662388
8602,Pass,0,0.99960035,1.4668739,0,0.8808197
8603,Pass,0,0.9502279,0.61785126,0,0.9028052
8604,Pass,0,0.9961373,0.016628304,0,0.99504066
8605,Pass,0,0.997843,0.73429924,0,0.9386114
8606,Pass,0,0.99544746,0.5002816,0,0.95526856
8607,Pass,0,0.38823006,0.9488276,0,0.35842386
8608,Pass,0,0.9948913,0.3782568,0,0.96458983
8609,Pass,0,0.99818534,0.39829338,0,0.96616006
8610,Pass,0,0.99584097,0.39121872,0,0.9644628
8611,Pass,0,0.9995838,0.36894354,0,0.9698951
8612,Pass,0,0.9999988,0.5411464,0,0.9563189
8613,Pass,0,0.86152774,1.5964748,0,0.7500901
8614,Pass,0,0.99977475,0.17992371,0,0.9854211
8615,Pass,0,0.99623126,1.7208803,0,0.857309
8616,Pass,0,0.9974196,0.6138706,0,0.947964
8617,Pass,0,0.99153125,0.26029912,0,0.9708266
8618,Pass,0,0.99923027,0.30155164,0,0.9750186
8619,Pass,0,0.9996933,0.23131488,0,0.9811703
8620,Pass,0,0.9994649,0.30525935,0,0.9749468
8621,Pass,0,0.9992834,0.6686545,0,0.94529134
8622,Pass,0,0.9982887,0.7897263,0,0.93453884
8623,Pass,0,0.97274506,0.9174157,0,0.90054345
8624,Pass,0,0.9197308,0.8552548,0,0.85610515
8625,Pass,0,0.99973637,1.0655037,0,0.91351306
8626,Pass,0,0.9994985,0.349396,0,0.9713985
8627,Pass,0,0.99646866,0.83322835,0,0.9293162
8628,Pass,0,0.9873433,0.8687235,0,0.9179609
8629,Pass,0,0.99918514,0.6593693,0,0.9459515
8630,Pass,0,0.9938112,1.0242888,0,0.911424
8631,Pass,0,0.9944707,0.46124655,0,0.95748246
8632,Pass,0,0.9983057,1.0428358,0,0.91404283
8633,Pass,0,0.9929804,0.15694161,0,0.98057693
8634,Pass,0,0.9993406,0.5855132,0,0.9520902
8635,Pass,0,0.99753153,0.69514453,0,0.94148904
8636,Pass,0,0.9988355,0.054459,0,0.9946685
8637,Pass,0,0.9842515,1.3572241,0,0.8760556
8638,Pass,0,0.99843544,0.11486344,0,0.9893742
8639,Pass,0,0.961465,1.2718769,0,0.8624352
8640,Pass,0,0.96467274,0.5515753,0,0.9217192
8641,Pass,0,0.99983644,0.1922721,0,0.9844797
8642,Pass,0,0.9905165,0.27779913,0,0.96842587
8643,Pass,0,0.9928086,0.90983146,0,0.91972905
8644,Pass,0,0.98887676,0.83709866,0,0.92192525
8645,Pass,0,0.97436476,0.7311536,0,0.91677564
8646,Pass,0,0.99991846,1.6462607,0,0.86653894
8647,Pass,0,0.98974085,0.49044272,0,0.9505828
8648,Pass,0,0.9998822,1.3049508,0,0.894211
8649,Pass,0,0.9985667,0.6304672,0,0.9477089
8650,Pass,0,0.99165076,0.021010377,0,0.9902063
8651,Pass,0,0.9977723,0.31554744,0,0.97246236
8652,Pass,0,0.9948324,0.42182425,0,0.96101433
8653,Pass,0,0.94774085,1.2242838,0,0.85378623
8654,Pass,0,0.9957638,0.21059233,0,0.9789887
8655,Pass,0,0.9876867,0.6865216,0,0.9328886
8656,Pass,0,0.97901857,1.130215,0,0.8894393
8657,Pass,0,0.99806064,1.0931989,0,0.90973806
8658,Pass,0,0.9980938,0.03719799,0,0.99532837
8659,Pass,0,0.9985998,0.05810681,0,0.99413806
8660,Pass,0,0.9902484,0.47592175,0,0.9522375
8661,Pass,0,0.9914676,0.8281105,0,0.925064
8662,Pass,0,0.9962786,0.7551127,0,0.9354566
8663,Pass,0,0.98663354,0.40220574,0,0.9546655
8664,Pass,0,0.9995127,0.5601205,0,0.9543145
8665,Pass,0,0.9902935,0.9764807,0,0.9120412
8666,Pass,0,0.99128646,0.022724776,0,0.98970455
8667,Pass,0,0.99746895,0.088072486,0,0.99058586
8668,Pass,0,0.99973124,0.5783783,0,0.95304143
8669,Pass,0,0.99056983,0.45877424,0,0.9539255
8670,Pass,0,0.977284,0.7992769,0,0.9141179
8671,Pass,0,0.9998609,0.1639467,0,0.9868028
8672,Pass,0,0.9979736,0.039250225,0,0.99504226
8673,Pass,0,0.9999088,0.40000293,0,0.9676894
8674,Pass,0,0.92624253,0.39360952,0,0.8968776
8675,Pass,0,0.9988681,0.9200895,0,0.9245108
8676,Pass,0,0.9977405,0.6520301,0,0.9451783
8677,Pass,0,0.99985814,0.27162763,0,0.9780601
8678,Pass,0,0.9992893,0.14378913,0,0.98787385
8679,Pass,0,0.997954,0.76385695,0,0.9363213
8680,Pass,0,0.98773557,0.5700439,0,0.9422742
8681,Pass,0,0.999569,0.19785906,0,0.98376304
8682,Pass,0,0.99572647,0.024919063,0,0.9939601
8683,Pass,0,0.9999865,0.35505307,0,0.9714135
8684,Pass,0,0.45609927,0.72236246,0,0.42946735
8685,Pass,0,0.9996101,0.9712298,0,0.9210477
8686,Pass,0,0.99970835,0.5257814,0,0.9572881
8687,Pass,0,0.9999019,0.14957316,0,0.98801005
8688,Pass,0,0.9998896,0.10468077,0,0.9916417
8689,Pass,0,0.9998853,0.38623422,0,0.96878433
8690,Pass,0,0.9910585,0.49023855,0,0.9518648
8691,Pass,0,0.9996655,0.35817233,0,0.97084856
8692,Pass,0,0.9961701,0.05448417,0,0.99201214
8693,Pass,0,0.99958867,1.3988805,0,0.8863266
8694,Pass,0,0.90984285,0.21770602,0,0.89398986
8695,Pass,0,0.9965145,1.1064074,0,0.90726024
8696,Pass,0,0.99798274,1.1458311,0,0.90540314
8697,Pass,0,0.9996804,0.24843869,0,0.9797681
8698,Pass,0,0.9983467,0.17174006,0,0.98467684
8699,Pass,0,0.99976367,0.13293935,0,0.9892234
8700,Pass,0,0.969396,0.43309423,0,0.93555576
8701,Pass,0,0.97970414,0.38447967,0,0.9493704
8702,Pass,0,0.98386383,0.3027215,0,0.9599311
8703,Pass,0,0.9948724,0.6762693,0,0.94050366
8704,Pass,0,0.99999845,0.8611169,0,0.93034416
8705,Pass,0,0.9569229,0.3282803,0,0.9316601
8706,Pass,0,0.97810787,1.3964002,0,0.8674767
8707,Pass,0,0.99999785,0.6368944,0,0.9485454
8708,Pass,0,0.99321413,0.027204316,0,0.991268
8709,Pass,0,0.99959654,0.66443056,0,0.9459303
8710,Pass,0,0.9968137,0.75187135,0,0.93622124
8711,Pass,0,0.9993963,0.22766669,0,0.9811749
8712,Pass,0,0.9999956,1.39966,0,0.8866241
8713,Pass,0,0.97554535,0.9143419,0,0.9033793
8714,Pass,0,0.99999547,1.8389004,0,0.8509677
8715,Pass,0,0.99681634,0.026539719,0,0.9949169
8716,Pass,0,0.9988827,0.64035887,0,0.94720674
8717,Pass,0,0.992074,1.9178187,0,0.8378712
8718,Pass,0,0.99989045,0.25209767,0,0.9796769
8719,Pass,0,0.99999213,1.050201,0,0.91498905
8720,Pass,0,0.99641585,0.009646901,0,0.9958836
8721,Pass,0,0.9999988,0.7009664,0,0.9433451
8722,Pass,0,0.99849164,1.307836,0,0.89273345
8723,Pass,0,0.9783917,0.5120123,0,0.9379695
8724,Pass,0,0.99666494,0.024267877,0,0.9949496
8725,Pass,0,0.99963784,0.8742663,0,0.92894167
8726,Pass,0,0.99326104,0.4761283,0,0.9551179
8727,Pass,0,0.99929655,0.44109786,0,0.9637633
8728,Pass,0,0.998338,0.42065966,0,0.9644951
8729,Pass,0,0.9956884,0.032052968,0,0.99334544
8730,Pass,0,0.99999213,0.13990474,0,0.98888403
8731,Pass,0,0.9999263,0.26434758,0,0.97871774
8732,Pass,0,0.9985959,0.30987877,0,0.9737246
8733,Pass,0,0.9997899,0.20583266,0,0.9833333
8734,Pass,0,0.9999778,0.38750213,0,0.96877104
8735,Pass,0,0.9701016,1.4044883,0,0.859739
8736,Pass,0,0.997021,0.61198014,0,0.9477382
8737,Pass,0,0.9999343,0.61185527,0,0.9505176
8738,Pass,0,0.99947494,0.63110447,0,0.9485192
8739,Pass,0,0.9997907,0.94285625,0,0.9235169
8740,Pass,0,0.99796414,0.028116506,0,0.9959348
8741,Pass,0,0.9998877,0.7434207,0,0.93979436
8742,Pass,0,0.99798137,0.2901474,0,0.9747239
8743,Pass,0,0.9998896,0.56915766,0,0.9539408
8744,Pass,0,0.9920306,0.606852,0,0.9434074
8745,Pass,0,0.99677116,0.028054932,0,0.9947492
8746,Pass,0,0.99999857,0.5495077,0,0.9556399
8747,Pass,0,0.9996909,0.7547274,0,0.9386918
8748,Pass,0,0.9999634,0.45466742,0,0.96330494
8749,Pass,0,0.9994216,0.11276854,0,0.9905214
8750,Pass,0,0.99706954,0.29805773,0,0.97319305
8751,Pass,0,0.99888366,0.42780906,0,0.9644426
8752,Pass,0,0.99921036,0.30358067,0,0.9748346
8753,Pass,0,0.99766684,0.7509674,0,0.9370958
8754,Pass,0,0.9991659,0.44451553,0,0.96336
8755,Pass,0,0.9991768,0.69041854,0,0.94342524
8756,Pass,0,0.9262596,0.99555135,0,0.85163325
8757,Pass,0,0.9893357,1.5883614,0,0.86201787
8758,Pass,0,0.99732673,0.025331715,0,0.9955241
8759,Pass,0,0.99670273,1.0008585,0,0.9159716
8760,Pass,0,0.9997805,0.97467506,0,0.920925
8761,Pass,0,0.99902475,0.6789238,0,0.94421387
8762,Pass,0,0.9934002,0.9039184,0,0.92075396
8763,Pass,0,0.99992883,0.17215244,0,0.9862038
8764,Pass,0,0.9999013,0.1748031,0,0.9859615
8765,Pass,0,0.9997118,0.14603387,0,0.9881094
8766,Pass,0,0.99039584,0.46779558,0,0.9530326
8767,Pass,0,0.99962366,0.28750426,0,0.9765424
8768,Pass,0,0.9974262,0.01138051,0,0.99675304
8769,Pass,0,0.9996457,0.17405006,0,0.98577064
8770,Pass,0,0.9952361,0.7950421,0,0.93125176
8771,Pass,0,0.9997117,0.24077234,0,0.9804209
8772,Pass,0,0.99999416,0.21038786,0,0.9831644
8773,Pass,0,0.9996897,0.7525502,0,0.9388674
8774,Pass,0,0.9999589,0.36426228,0,0.9706391
8775,Pass,0,0.99950945,0.383402,0,0.9686499
8776,Pass,0,0.9970086,0.016540283,0,0.99591815
8777,Pass,0,0.9999701,0.65769887,0,0.9468303
8778,Pass,0,0.99984586,0.49842882,0,0.9596398
8779,Pass,0,0.9998054,0.451156,0,0.9634377
8780,Pass,0,0.99985313,0.22384918,0,0.9819332
8781,Pass,0,0.97763807,0.3686272,0,0.94862634
8782,Pass,0,0.99274796,0.28195432,0,0.9702728
8783,Pass,0,0.9999443,0.6061768,0,0.9509881
8784,Pass,0,0.9952047,0.39842448,0,0.9632644
8785,Pass,0,0.9347487,1.5088966,0,0.8204855
8786,Pass,0,0.9999943,0.32041353,0,0.974233
8787,Pass,0,0.9871377,0.34060663,0,0.96008945
8788,Pass,0,0.9951245,0.51092905,0,0.9540985
8789,Pass,0,0.9999528,0.1830654,0,0.98534167
8790,Pass,0,0.99992204,0.7319929,0,0.94075423
8791,Pass,0,0.9999722,0.14821158,0,0.98819
8792,Pass,0,0.99943036,0.651618,0,0.94681257
8793,Pass,0,0.9999995,0.38971552,0,0.9686123
8794,Pass,0,0.9999995,0.60924804,0,0.95079124
8795,Pass,0,0.9996203,0.25651097,0,0.97905415
8796,Pass,0,0.9944904,0.61491066,0,0.9450961
8797,Pass,0,0.99981505,0.78018475,0,0.93674225
8798,Pass,0,0.9994031,0.24174857,0,0.98003906
8799,Pass,0,0.9972945,0.019480223,0,0.99596566
8800,Pass,0,0.99999976,0.319168,0,0.9743394
8801,Pass,0,0.9939313,0.8228423,0,0.92778784
8802,Pass,0,0.9991254,0.38466933,0,0.968175
8803,Pass,0,0.99447304,0.5509974,0,0.9502392
8804,Pass,0,0.998577,0.28090772,0,0.9760546
8805,Pass,0,0.998818,0.08277431,0,0.9923551
8806,Pass,0,0.99948275,1.1895796,0,0.90321445
8807,Pass,0,0.9877601,0.32567593,0,0.96189207
8808,Pass,0,0.99960834,0.45938483,0,0.96258
8809,Pass,0,0.95199275,0.043019384,0,0.94890517
8810,Pass,0,0.9999832,0.522495,0,0.95781803
8811,Pass,0,0.9979814,0.6639748,0,0.9444389
8812,Pass,0,0.99898475,0.34632677,0,0.9711481
8813,Pass,0,0.9996911,0.7334709,0,0.94041705
8814,Pass,0,0.99715143,0.15993614,0,0.98445344
8815,Pass,0,0.9995592,0.11744044,0,0.9902787
8816,Pass,0,0.8082228,0.78991437,0,0.75659806
8817,Pass,0,0.9930494,0.42240825,0,0.9592449
8818,Pass,0,0.9998635,0.40439808,0,0.9672889
8819,Pass,0,0.98345596,0.04258466,0,0.980301
8820,Pass,0,0.9999907,0.49930087,0,0.959708
8821,Pass,0,0.91630256,1.3529029,0,0.81589746
8822,Pass,0,0.995252,0.7240051,0,0.9370059
8823,Pass,0,0.97463214,0.4338073,0,0.9405527
8824,Pass,0,0.9998185,0.3519278,0,0.971504
8825,Pass,0,0.99900097,0.27789268,0,0.97671354
8826,Pass,0,0.9993692,0.38057026,0,0.9687437
8827,Pass,0,0.98462164,0.40097696,0,0.952817
8828,Pass,0,0.99961483,0.21447925,0,0.9824595
8829,Pass,0,0.9931029,0.1818817,0,0.9786873
8830,Pass,0,0.99886477,0.5127649,0,0.9575357
8831,Pass,0,0.9983254,0.3067421,0,0.97371507
8832,Pass,0,0.9997315,0.70036995,0,0.94314134
8833,Pass,0,0.9958811,0.2551835,0,0.97549915
8834,Pass,0,0.99909127,0.6836577,0,0.9438928
8835,Pass,0,0.9994685,0.71158236,0,0.9419835
8836,Pass,0,0.99972826,0.63943243,0,0.94808376
8837,Pass,0,0.99778605,0.106257334,0,0.9894278
8838,Pass,0,0.99999917,0.8104818,0,0.9344553
8839,Pass,0,0.9762695,0.6568659,0,0.9244551
8840,Pass,0,0.99354714,0.3830851,0,0.96289724
8841,Pass,0,0.9915862,0.3079106,0,0.9670479
8842,Pass,0,0.97455025,0.47753033,0,0.93701464
8843,Pass,0,0.99841106,0.5522283,0,0.9539023
8844,Pass,0,0.9998543,0.47225487,0,0.9617723
8845,Pass,0,0.99985456,0.43268603,0,0.9649842
8846,Pass,0,0.97985613,0.39524361,0,0.94866145
8847,Pass,0,0.9980696,0.47401205,0,0.9599132
8848,Pass,0,0.99759465,0.380113,0,0.96706057
8849,Pass,0,0.99851364,0.32171413,0,0.9726851
8850,Pass,0,0.9982942,0.049993224,0,0.9944913
8851,Pass,0,0.9988966,0.3929943,0,0.9672782
8852,Pass,0,0.9999021,0.18588732,0,0.9850626
8853,Pass,0,0.99625826,0.4012825,0,0.96405303
8854,Pass,0,0.9977825,0.43366307,0,0.9629053
8855,Pass,0,0.99827766,1.9211422,0,0.84284127
8856,Pass,0,0.99246866,0.5391916,0,0.94927514
8857,Pass,0,0.99919814,0.9331784,0,0.9237545
8858,Pass,0,0.9999894,0.2000878,0,0.98399585
8859,Pass,0,0.99948007,0.616622,0,0.94969904
8860,Pass,0,0.9932734,0.8604376,0,0.92414236
8861,Pass,0,0.9997595,0.42356282,0,0.96563286
8862,Pass,0,0.99730045,0.01465117,0,0.99636257
8863,Pass,0,0.9778438,2.9598308,0,0.7431391
8864,Pass,0,0.9839184,0.53874904,0,0.9411324
8865,Pass,0,0.9994203,0.13182157,0,0.98897433
8866,Pass,0,0.99013793,1.2598308,0,0.8891231
8867,Pass,0,0.9705886,0.67129666,0,0.9179388
8868,Pass,0,0.99987817,0.9569504,0,0.9224537
8869,Pass,0,0.9957504,1.1518754,0,0.9028893
8870,Pass,0,0.99962544,0.35753903,0,0.970861
8871,Pass,0,0.99990785,0.4448511,0,0.96404815
8872,Pass,0,0.9994497,0.20283177,0,0.98324215
8873,Pass,0,0.9965919,0.02452962,0,0.9948556
8874,Pass,0,0.999915,0.16550297,0,0.98673
8875,Pass,0,0.99723876,0.011501994,0,0.99655586
8876,Pass,0,0.99517834,0.79260004,0,0.93139505
8877,Pass,0,0.9995409,0.39428294,0,0.9677976
8878,Pass,0,0.9993279,0.30609024,0,0.9747457
8879,Pass,0,0.99980193,0.25729266,0,0.9791686
8880,Pass,0,0.99967813,0.6175325,0,0.94981337
8881,Pass,0,0.9992212,0.4477416,0,0.96315175
8882,Pass,0,0.8718083,0.718738,0,0.82115936
8883,Pass,0,0.99999547,0.25022528,0,0.97993183
8884,Pass,0,0.9990588,0.08777874,0,0.9921886
8885,Pass,0,0.98965585,0.35238728,0,0.9615922
8886,Pass,0,0.99788123,0.44757953,0,0.96187323
8887,Pass,0,0.9705235,0.052439798,0,0.9666336
8888,Pass,0,0.9997702,0.08803684,0,0.99287415
8889,Pass,0,0.7249556,0.85644716,0,0.6747341
8890,Pass,0,0.9967314,0.17924547,0,0.98247635
8891,Pass,0,0.99996877,0.16873276,0,0.9865208
8892,Pass,0,0.9925615,0.023165375,0,0.9909421
8893,Pass,0,0.99577564,0.16553357,0,0.9826427
8894,Pass,0,0.9992073,0.37580517,0,0.9689733
8895,Pass,0,0.99983203,0.5681463,0,0.953968
8896,Pass,0,0.99649626,0.27697197,0,0.9743392
8897,Pass,0,0.9891261,1.379815,0,0.8785804
8898,Pass,0,0.9990351,0.35552403,0,0.9704511
8899,Pass,0,0.97767764,0.40463206,0,0.9458072
8900,Pass,0,0.9588359,0.38672504,0,0.9289735
8901,Pass,0,0.98671395,0.7438859,0,0.9273751
8902,Pass,0,0.9997975,0.9481183,0,0.9230961
8903,Pass,0,0.991236,0.79199183,0,0.9277543
8904,Pass,0,0.99981457,0.5547758,0,0.95503646
8905,Pass,0,0.9936772,0.05225114,0,0.9897098
8906,Pass,0,0.77339894,0.4172166,0,0.74739754
8907,Pass,0,0.9999981,0.6903711,0,0.94420457
8908,Pass,0,0.9269102,1.02186,0,0.85025185
8909,Pass,0,0.99942577,0.7535127,0,0.9385414
8910,Pass,0,0.99755585,0.62932825,0,0.9468418
8911,Pass,0,0.9993249,0.5621151,0,0.9539734
8912,Pass,0,0.98133254,0.7323218,0,0.9232385
8913,Pass,0,0.9995751,0.5208693,0,0.95755905
8914,Pass,0,0.99826765,0.03817603,0,0.9954225
8915,Pass,0,0.9999995,1.0492615,0,0.9150721
8916,Pass,0,0.9997737,0.6873456,0,0.9442382
8917,Pass,0,0.996684,0.50465065,0,0.95610166
8918,Pass,0,0.99657756,0.07787394,0,0.99052566
8919,Pass,0,0.99963844,0.140137,0,0.9885154
8920,Pass,0,0.9925363,0.60366166,0,0.9441454
8921,Pass,0,0.9996675,0.22817081,0,0.9814002
8922,Pass,0,0.9965166,0.0418236,0,0.9933813
8923,Pass,0,0.99955124,0.9236168,0,0.92485684
8924,Pass,0,0.96071315,0.51889503,0,0.92048454
8925,Pass,0,0.9999409,0.43446857,0,0.96492285
8926,Pass,0,0.9999827,0.4761388,0,0.9615806
8927,Pass,0,0.9995515,0.22871166,0,0.9812424
8928,Pass,0,0.96862775,0.8935936,0,0.89860487
8929,Pass,0,0.9999653,0.787001,0,0.93632966
8930,Pass,0,0.9962669,0.016810376,0,0.9951554
8931,Pass,0,0.98907346,0.21638167,0,0.97194624
8932,Pass,0,0.99788034,0.35746202,0,0.96917236
8933,Pass,0,0.99548125,0.63062733,0,0.94476765
8934,Pass,0,0.9988544,0.36025465,0,0.96989197
8935,Pass,0,0.9986297,0.4132227,0,0.96537983
8936,Pass,0,0.9999901,0.74554014,0,0.93971854
8937,Pass,0,0.9998566,0.12405001,0,0.9900369
8938,Pass,0,0.988369,0.043732267,0,0.9851062
8939,Pass,0,0.98988056,1.1790261,0,0.89538515
8940,Pass,0,0.99968624,0.7581726,0,0.9384079
8941,Pass,0,0.9667214,1.1849053,0,0.87397546
8942,Pass,0,0.9612862,1.0113648,0,0.8826038
8943,Pass,0,0.99997365,0.6876098,0,0.9444056
8944,Pass,0,0.9945095,0.29878134,0,0.9706359
8945,Pass,0,0.9989766,0.47865403,0,0.9604091
8946,Pass,0,0.9926341,0.76675063,0,0.9310968
8947,Pass,0,0.9993284,1.0641167,0,0.9132529
8948,Pass,0,0.97526914,0.12770262,0,0.9654017
8949,Pass,0,0.986909,0.2718261,0,0.9653774
8950,Pass,0,0.99997616,0.32654986,0,0.9737173
8951,Pass,0,0.99992454,0.16418372,0,0.98684645
8952,Pass,0,0.6559114,1.0716926,0,0.59901214
8953,Pass,0,0.97753793,0.46411523,0,0.9409518
8954,Pass,0,0.9308522,0.584714,0,0.88690037
8955,Pass,0,0.9775754,1.0981886,0,0.8906697
8956,Pass,0,0.99439925,0.32401264,0,0.96849155
8957,Pass,0,0.9984534,0.39662257,0,0.9665549
8958,Pass,0,0.99865854,0.3413885,0,0.9712312
8959,Pass,0,0.99736506,0.16000718,0,0.98465854
8960,Pass,0,0.99815935,0.6404205,0,0.9465158
8961,Pass,0,0.9955325,1.312936,0,0.8896756
8962,Pass,0,0.9874888,0.43884116,0,0.95255625
8963,Pass,0,0.99336064,0.7234304,0,0.93527156
8964,Pass,0,0.9989209,0.5401633,0,0.95536774
8965,Pass,0,0.9996357,0.22600137,0,0.98154503
8966,Pass,0,0.99999535,0.4490408,0,0.96379244
8967,Pass,0,0.99739,0.5196223,0,0.9555667
8968,Pass,0,0.99982774,0.27865946,0,0.97745967
8969,Pass,0,0.99988747,0.30120748,0,0.97568786
8970,Pass,0,0.99892503,0.5686086,0,0.9530651
8971,Pass,0,0.9967982,0.014147589,0,0.9959015
8972,Pass,0,0.9727163,0.7376946,0,0.9147081
8973,Pass,0,0.9999316,0.7427517,0,0.9398899
8974,Pass,0,0.9986792,0.31670415,0,0.97325253
8975,Pass,0,0.97726077,1.3539559,0,0.8700926
8976,Pass,0,0.9974855,0.0272035,0,0.9955311
8977,Pass,0,0.9954537,0.41296208,0,0.9623307
8978,Pass,0,0.99983907,0.24701793,0,0.9800389
8979,Pass,0,0.99691284,0.0327548,0,0.9945103
8980,Pass,0,0.97772664,0.03777969,0,0.9749715
8981,Pass,0,0.7458971,0.7007111,0,0.7036547
8982,Pass,0,0.9769761,0.064869955,0,0.97207457
8983,Pass,0,0.9983321,0.9658212,0,0.9203084
8984,Pass,0,0.99525106,0.65689677,0,0.9424268
8985,Pass,0,0.9997949,0.27530766,0,0.9776996
8986,Pass,0,0.9782256,0.05757238,0,0.9738973
8987,Pass,0,0.99943453,0.34170625,0,0.9719602
8988,Pass,0,0.9964245,0.01446775,0,0.9955023
8989,Pass,0,0.9998989,0.40544254,0,0.9672383
8990,Pass,0,0.9998642,0.37198907,0,0.96992004
8991,Pass,0,0.9985366,0.19291018,0,0.9831481
8992,Pass,0,0.9990835,0.23262122,0,0.98046595
8993,Pass,0,0.99950206,0.5502824,0,0.95510256
8994,Pass,0,0.9829433,0.35555428,0,0.9548173
8995,Pass,0,0.9902289,0.016276304,0,0.98916703
8996,Pass,0,0.99993944,0.3132457,0,0.9747614
8997,Pass,0,0.99990237,0.42716926,0,0.9654781
8998,Pass,0,0.8999151,0.47078755,0,0.86574674
8999,Pass,0,0.9999169,0.6910607,0,0.9440719
9000,Pass,0,0.9999335,0.3781847,0,0.9694843
9001,Pass,0,0.99848926,0.36284912,0,0.9693271
9002,Pass,0,0.9931631,0.018347155,0,0.99193114
9003,Pass,0,0.98281246,0.03809177,0,0.9800181
9004,Pass,0,0.9977538,0.945877,0,0.9213907
9005,Pass,0,0.95433223,0.09176771,0,0.94746053
9006,Pass,0,0.9433686,1.1186684,0,0.8579355
9007,Pass,0,0.7106639,0.57129854,0,0.6778826
9008,Pass,0,0.47940898,1.1102718,0,0.43631962
9009,Pass,0,0.9998312,2.6198034,0,0.787447
9010,Pass,0,0.86925375,0.8175816,0,0.8117785
9011,Pass,0,0.7828462,0.5693926,0,0.74685645
9012,Pass,0,0.99184954,1.1068203,0,0.90297985
9013,Pass,0,0.67144525,0.31324652,0,0.6545385
9014,Pass,0,0.99507207,0.7514265,0,0.93462145
9015,Pass,0,0.8083357,2.015348,0,0.6762925
9016,Pass,0,0.3992024,0.6484423,0,0.3782882
9017,Pass,0,0.88842845,0.044445906,0,0.88544416
9018,Pass,0,0.99992764,0.78603935,0,0.93637246
9019,Pass,0,0.91086406,3.248922,0,0.6708601
9020,Pass,0,0.9949458,0.11005989,0,0.9863042
9021,Pass,0,0.9995931,0.6726788,0,0.9452577
9022,Pass,0,0.85856575,0.9673521,0,0.79135865
9023,Pass,0,0.70174813,0.8951857,0,0.65092754
9024,Pass,0,0.9947856,1.3283228,0,0.88776565
9025,Pass,0,0.8984619,0.7824304,0,0.8416191
9026,Pass,0,0.68119365,0.5183438,0,0.65270007
9027,Pass,0,0.8710821,1.0237409,0,0.79890794
9028,Pass,0,0.91153634,0.97501034,0,0.8396161
9029,Pass,0,0.99871504,0.36933446,0,0.96902055
9030,Pass,0,0.9714128,0.02911157,0,0.9693589
9031,Pass,0,0.7630503,1.1588204,0,0.6914601
9032,Pass,0,0.99584395,1.1061789,0,0.90666825
9033,Pass,0,0.99860954,0.53201836,0,0.95573026
9034,Pass,0,0.983557,1.0238794,0,0.9020525
9035,Pass,0,0.98557854,0.4702114,0,0.94820374
9036,Pass,0,0.8932613,1.837863,0,0.7602153
9037,Pass,0,0.9997234,0.28547743,0,0.97680426
9038,Pass,0,0.9981452,1.6164645,0,0.86741656
9039,Pass,0,0.99238974,0.023475442,0,0.9907456
9040,Pass,0,0.99776757,0.41388005,0,0.9644932
9041,Pass,0,0.99782735,0.50582534,0,0.9571033
9042,Pass,0,0.9995771,0.5318874,0,0.95666695
9043,Pass,0,0.9875987,0.57511574,0,0.9417371
9044,Pass,0,0.9214417,0.82782453,0,0.8597495
9045,Pass,0,0.79727024,1.6736739,0,0.6891479
9046,Pass,0,0.78004783,0.99397874,0,0.717301
9047,Pass,0,0.997276,0.77345544,0,0.9349081
9048,Pass,0,0.9999974,0.36888522,0,0.9703012
9049,Pass,0,0.98659956,0.03356908,0,0.98415667
9050,Pass,0,0.9988404,0.35161313,0,0.970579
9051,Pass,0,0.8850181,0.15249732,0,0.8742825
9052,Pass,0,0.9999403,0.6483686,0,0.94755936
9053,Pass,0,0.999936,0.20624301,0,0.9834437
9054,Pass,0,0.66441345,1.5942862,0,0.57859033
9055,Pass,0,0.99980694,0.23300292,0,0.98114485
9056,Pass,0,0.9799216,0.7069415,0,0.92393005
9057,Pass,0,0.9661726,1.1398183,0,0.8770155
9058,Pass,0,0.99991953,0.24011217,0,0.9806783
9059,Pass,0,0.9929396,1.0138526,0,0.9114659
9060,Pass,0,0.99998045,0.14337012,0,0.9885912
9061,Pass,0,0.9875723,0.02983135,0,0.9854266
9062,Pass,0,0.9983302,0.58593607,0,0.9510933
9063,Pass,0,0.8697464,1.6413975,0,0.7540739
9064,Pass,0,0.99968743,0.6715685,0,0.94543713
9065,Pass,0,0.9998342,0.8377128,0,0.9320909
9066,Pass,0,0.9998981,0.28771952,0,0.97679305
9067,Pass,0,0.9996793,1.2427396,0,0.899078
9068,Pass,0,0.998632,0.8243661,0,0.9320522
9069,Pass,0,0.96781856,1.6281257,0,0.8401457
9070,Pass,0,0.9999248,0.16519289,0,0.9867648
9071,Pass,0,0.5912167,0.10692986,0,0.5862319
9072,Pass,0,0.99997735,0.18586949,0,0.98513824
9073,Pass,0,0.8148322,1.7866974,0,0.69685215
9074,Pass,0,0.99917656,0.4078927,0,0.96634084
9075,Pass,0,0.9992291,0.30873975,0,0.97443444
9076,Pass,0,0.99994075,0.4220991,0,0.96592677
9077,Pass,0,0.9999894,0.798471,0,0.9354211
9078,Pass,0,0.9999777,0.82563275,0,0.9332053
9079,Pass,0,0.99451715,1.499215,0,0.87372947
9080,Pass,0,0.99966526,0.17000192,0,0.9861184
9081,Pass,0,0.9946727,0.12233313,0,0.9850425
9082,Pass,0,0.9936779,0.532913,0,0.9509382
9083,Pass,0,0.99901927,0.6008941,0,0.9505367
9084,Pass,0,0.99535924,1.4260067,0,0.8803846
9085,Pass,0,0.9925127,1.722729,0,0.85396004
9086,Pass,0,0.9999379,0.1821802,0,0.98539877
9087,Pass,0,0.99996984,0.39050874,0,0.9685192
9088,Pass,0,0.998692,0.47963798,0,0.9600557
9089,Pass,0,0.9594338,0.56502837,0,0.91566575
9090,Pass,0,0.99677855,0.04976517,0,0.9929999
9091,Pass,0,0.99962056,0.15394895,0,0.9873769
9092,Pass,0,0.9942275,0.7268617,0,0.9358108
9093,Pass,0,0.9246337,0.5166982,0,0.88608074
9094,Pass,0,0.9910986,0.70008695,0,0.93501985
9095,Pass,0,0.9993799,0.15077443,0,0.9873968
9096,Pass,0,0.9958437,0.07240309,0,0.9902385
9097,Pass,0,0.9991823,0.63651687,0,0.94780236
9098,Pass,0,0.99978834,2.081845,0,0.831074
9099,Pass,0,0.9976528,0.6964071,0,0.94150126
9100,Pass,0,0.9991335,0.841321,0,0.9311451
9101,Pass,0,0.9999778,0.20907107,0,0.98325527
9102,Pass,0,0.9980089,1.3466328,0,0.8891587
9103,Pass,0,0.959947,1.2862113,0,0.85995656
9104,Pass,0,0.9962412,0.62792164,0,0.94570774
9105,Pass,0,0.99987674,0.5570834,0,0.95490855
9106,Pass,0,0.9888426,1.1307896,0,0.8983183
9107,Pass,0,0.9996018,0.8120514,0,0.93395656
9108,Pass,0,0.9996124,0.29582068,0,0.9758566
9109,Pass,0,0.99991333,0.5425687,0,0.9561217
9110,Pass,0,0.88121283,0.8176942,0,0.82293874
9111,Pass,0,0.9999893,0.44136515,0,0.96440965
9112,Pass,0,0.77071613,0.100149915,0,0.7646421
9113,Pass,0,0.9997967,0.56379306,0,0.9542875
9114,Pass,0,0.9945563,0.42925492,0,0.96014774
9115,Pass,0,0.9983108,0.91612256,0,0.9243164
9116,Pass,0,0.9817749,2.1210825,0,0.81297326
9117,Pass,0,0.9836051,0.8227911,0,0.9181528
9118,Pass,0,0.9996177,0.7270946,0,0.9408654
9119,Pass,0,0.9993672,1.0774857,0,0.9122037
9120,Pass,0,0.9974903,0.01805918,0,0.99627626
9121,Pass,0,0.99725586,0.013584065,0,0.9964044
9122,Pass,0,0.9997801,0.102495305,0,0.99171054
9123,Pass,0,0.9997123,0.46437615,0,0.96227515
9124,Pass,0,0.9985586,0.06164523,0,0.9938102
9125,Pass,0,0.9966918,0.66344273,0,0.94326144
9126,Pass,0,0.9977563,0.7341545,0,0.9385416
9127,Pass,0,0.99669856,0.30958384,0,0.9718984
9128,Pass,0,0.9939606,1.7763487,0,0.85087943
9129,Pass,0,0.9999143,0.51104707,0,0.9586812
9130,Pass,0,0.9985703,0.77269435,0,0.9361832
9131,Pass,0,0.9999839,0.8729539,0,0.92936975
9132,Pass,0,0.9983987,1.2583025,0,0.896665
9133,Pass,0,0.9970981,0.85272396,0,0.9283252
9134,Pass,0,0.9995177,0.6488694,0,0.9471183
9135,Pass,0,0.9999962,0.44943163,0,0.9637615
9136,Pass,0,0.9880717,0.40070745,0,0.95617723
9137,Pass,0,0.99986696,0.19366556,0,0.9843967
9138,Pass,0,0.99982077,0.18439654,0,0.9851035
9139,Pass,0,0.94645816,0.17928407,0,0.9329192
9140,Pass,0,0.9980415,0.034979254,0,0.995456
9141,Pass,0,0.8128241,0.7263909,0,0.76509696
9142,Pass,0,0.98960644,0.30395788,0,0.9654347
9143,Pass,0,0.99505436,0.06079983,0,0.9903909
9144,Pass,0,0.9882755,0.41302204,0,0.9553865
9145,Pass,0,0.99960095,0.2509514,0,0.97948635
9146,Pass,0,0.9964915,0.5177027,0,0.95486116
9147,Pass,0,0.99986076,0.6895338,0,0.9441428
9148,Pass,0,0.9968274,0.13845906,0,0.98587143
9149,Pass,0,0.9984719,0.45965064,0,0.96146417
9150,Pass,0,0.9980921,0.20489575,0,0.98173934
9151,Pass,0,0.99957746,1.8252887,0,0.8517166
9152,Pass,0,0.9982716,0.37018213,0,0.96852154
9153,Pass,0,0.8856273,0.60190874,0,0.8425747
9154,Pass,0,0.9999906,0.65021735,0,0.94745696
9155,Pass,0,0.9957314,0.09711125,0,0.9881297
9156,Pass,0,0.9885152,1.097863,0,0.900663
9157,Pass,0,0.9993357,0.79363656,0,0.9352018
9158,Pass,0,0.98964864,0.9169532,0,0.91622955
9159,Pass,0,0.9970782,0.5654554,0,0.95155823
9160,Pass,0,0.998591,0.7624498,0,0.937033
9161,Pass,0,0.9960146,0.47570747,0,0.9577997
9162,Pass,0,0.9999229,0.24793556,0,0.9800466
9163,Pass,0,0.54767936,0.58712053,0,0.5217128
9164,Pass,0,0.99996555,0.46958858,0,0.96209574
9165,Pass,0,0.85375404,0.46102524,0,0.8220149
9166,Pass,0,0.9998617,0.9231024,0,0.9251858
9167,Pass,0,0.99974054,0.20186064,0,0.9836071
9168,Pass,0,0.96105975,1.3581374,0,0.855342
9169,Pass,0,0.99851257,0.9356249,0,0.9229224
9170,Pass,0,0.86809766,0.93366545,0,0.80251837
9171,Pass,0,0.9977145,0.01510847,0,0.9967392
9172,Pass,0,0.9965264,0.6799279,0,0.9417714
9173,Pass,0,0.98705983,2.6340387,0,0.7762478
9174,Pass,0,0.9994529,0.5317964,0,0.9565554
9175,Pass,0,0.97074056,1.4116657,0,0.8597397
9176,Pass,0,0.991037,0.7876214,0,0.9279196
9177,Pass,0,0.99177504,0.33436188,0,0.9651025
9178,Pass,0,0.99996173,0.45907384,0,0.96294564
9179,Pass,0,0.9999449,0.2459739,0,0.9802274
9180,Pass,0,0.98578787,0.06279621,0,0.98100805
9181,Pass,0,0.9999641,0.5068744,0,0.95906776
9182,Pass,0,0.5077402,0.58979785,0,0.48355687
9183,Pass,0,0.98341346,0.79199976,0,0.9204321
9184,Pass,0,0.99821836,0.7615436,0,0.9367568
9185,Pass,0,0.9977969,0.23523489,0,0.97899157
9186,Pass,0,0.98520005,0.3002572,0,0.96143186
9187,Pass,0,0.99300826,0.544216,0,0.94938624
9188,Pass,0,0.967632,0.38121757,0,0.93792826
9189,Pass,0,0.99974054,0.3374018,0,0.9726071
9190,Pass,0,0.97504324,0.093300246,0,0.9679011
9191,Pass,0,0.9972826,0.7855798,0,0.9339328
9192,Pass,0,0.9646135,0.62552166,0,0.9158722
9193,Pass,0,0.99140406,1.3471674,0,0.8832313
9194,Pass,0,0.98855907,0.7810278,0,0.9261286
9195,Pass,0,0.9990534,0.60976624,0,0.94984967
9196,Pass,0,0.99957365,0.47216743,0,0.9615094
9197,Pass,0,0.8737965,1.103425,0,0.7957452
9198,Pass,0,0.95600104,0.75689584,0,0.8974995
9199,Pass,0,0.9999765,1.1472963,0,0.907093
9200,Pass,0,0.98454803,0.0431159,0,0.98134714
9201,Pass,0,0.99961495,0.814251,0,0.9337904
9202,Pass,0,0.7663257,1.0394272,0,0.70185536
9203,Pass,0,0.956047,1.5857899,0,0.8332126
9204,Pass,0,0.9996786,0.22629775,0,0.9815631
9205,Pass,0,0.93277025,0.7173112,0,0.8786877
9206,Pass,0,0.97482514,0.8592689,0,0.9070705
9207,Pass,0,0.9892224,0.30466616,0,0.9650032
9208,Pass,0,0.8928868,0.41677824,0,0.8629001
9209,Pass,0,0.9823874,0.574514,0,0.93681574
9210,Pass,0,0.39012492,2.6147587,0,0.3074143
9211,Pass,0,0.58399457,2.5134091,0,0.4649862
9212,Pass,0,0.99443084,0.83266,0,0.92746156
9213,Pass,0,0.9984592,0.33254197,0,0.97175443
9214,Pass,0,0.6335125,0.18584625,0,0.62411267
9215,Pass,0,0.9992073,0.7812659,0,0.9360851
9216,Pass,0,0.9006114,1.0883123,0,0.82126975
9217,Pass,0,0.6277047,0.63336533,0,0.5955875
9218,Pass,0,0.9773451,0.2622087,0,0.9567852
9219,Pass,0,0.96440715,0.5453854,0,0.92195
9220,Pass,0,0.9998405,0.24733576,0,0.9800145
9221,Pass,0,0.9997651,0.22611059,0,0.98166317
9222,Pass,0,0.9927543,0.025583036,0,0.9909397
9223,Pass,0,0.9999713,0.33527473,0,0.9730042
9224,Pass,0,0.9873088,0.60847056,0,0.93878734
9225,Pass,0,0.94086516,0.7400922,0,0.8845733
9226,Pass,0,0.99714655,0.59486866,0,0.94924265
9227,Pass,0,0.8614491,0.8913456,0,0.79933155
9228,Pass,0,0.99947125,0.60181147,0,0.9508923
9229,Pass,0,0.9632251,0.53415984,0,0.9216978
9230,Pass,0,0.99976605,0.35361704,0,0.9713159
9231,Pass,0,0.878065,1.2189473,0,0.7913981
9232,Pass,0,0.9995004,0.6340839,0,0.94830155
9233,Pass,0,0.9792868,0.038612217,0,0.97646105
9234,Pass,0,0.9973374,0.43472904,0,0.9623894
9235,Pass,0,0.9506446,0.75527114,0,0.89259624
9236,Pass,0,0.99986506,0.6235594,0,0.9495018
9237,Pass,0,0.9266306,1.0209922,0,0.85006064
9238,Pass,0,0.90510917,0.39312336,0,0.87644994
9239,Pass,0,0.9995479,0.23681995,0,0.980581
9240,Pass,0,0.976334,0.99373746,0,0.897817
9241,Pass,0,0.9947136,0.019875208,0,0.99335635
9242,Pass,0,0.9985904,0.28993735,0,0.9753358
9243,Pass,0,0.8956567,1.3339719,0,0.79889035
9244,Pass,0,0.9998448,1.0877802,0,0.9118041
9245,Pass,0,0.75302637,0.5265388,0,0.72102714
9246,Pass,0,0.99994516,1.3497437,0,0.8906313
9247,Pass,0,0.9997789,0.32168716,0,0.9739198
9248,Pass,0,0.9603359,0.9338174,0,0.88777673
9249,Pass,0,0.9858102,0.061734684,0,0.9811153
9250,Pass,0,0.9890644,0.640381,0,0.9378946
9251,Pass,0,0.99935514,0.39717424,0,0.9673831
9252,Pass,0,0.6553355,0.91622114,0,0.60675704
9253,Pass,0,0.8607312,1.1789446,0,0.77857023
9254,Pass,0,0.9593435,1.8564501,0,0.8150073
9255,Pass,0,0.92079824,0.7488961,0,0.8650489
9256,Pass,0,0.9540415,0.62430173,0,0.9059289
9257,Pass,0,0.9950873,0.43645096,0,0.96007913
9258,Pass,0,0.996482,0.04775279,0,0.99286723
9259,Pass,0,0.9957416,0.9986942,0,0.9152632
9260,Pass,0,0.9993787,0.30246997,0,0.97508895
9261,Pass,0,0.99215204,0.45515904,0,0.95574033
9262,Pass,0,0.99952114,0.23842715,0,0.9804243
9263,Pass,0,0.9914274,0.36325982,0,0.96243846
9264,Pass,0,0.97929984,1.3046365,0,0.8758288
9265,Pass,0,0.98135054,0.03800323,0,0.97856736
9266,Pass,0,0.99659294,0.3877643,0,0.96547055
9267,Pass,0,0.99767476,1.3524816,0,0.8883873
9268,Pass,0,0.9860306,0.46006715,0,0.9494507
9269,Pass,0,0.9958175,0.19851251,0,0.980018
9270,Pass,0,0.9998796,0.17136161,0,0.98621947
9271,Pass,0,0.9976336,0.14683414,0,0.98599046
9272,Pass,0,0.979536,0.4960489,0,0.94033587
9273,Pass,0,0.95956004,0.9883884,0,0.8828087
9274,Pass,0,0.9937714,0.04306628,0,0.9905445
9275,Pass,0,0.99011153,0.5930219,0,0.942694
9276,Pass,0,0.99958676,0.6381321,0,0.948055
9277,Pass,0,0.99460053,0.6367245,0,0.94343954
9278,Pass,0,0.99361527,0.1801496,0,0.9793319
9279,Pass,0,0.99997294,0.14383203,0,0.98854625
9280,Pass,0,0.7139519,0.98072183,0,0.6572901
9281,Pass,0,0.978811,0.50748914,0,0.9387309
9282,Pass,0,0.98719144,0.033189394,0,0.98477745
9283,Pass,0,0.9801533,0.5700365,0,0.93504155
9284,Pass,0,0.99952114,0.7173859,0,0.94156224
9285,Pass,0,0.99999154,0.20424536,0,0.98366046
9286,Pass,0,0.9957695,0.92324126,0,0.92138803
9287,Pass,0,0.94020766,0.45042706,0,0.90606344
9288,Pass,0,0.9998987,0.11717846,0,0.9906363
9289,Pass,0,0.99962366,0.4795985,0,0.96095455
9290,Pass,0,0.9759813,0.8746009,0,0.90693164
9291,Pass,0,0.994495,0.0100442115,0,0.99393165
9292,Pass,0,0.98394233,0.5129643,0,0.9432148
9293,Pass,0,0.95235246,1.0489591,0,0.87149495
9294,Pass,0,0.9999589,0.232567,0,0.9813294
9295,Pass,0,0.99134773,0.011661065,0,0.9906561
9296,Pass,0,0.95651984,0.8128115,0,0.89364487
9297,Pass,0,0.8503198,0.66493726,0,0.80463296
9298,Pass,0,0.99999094,0.7685465,0,0.9378517
9299,Pass,0,0.9729897,0.35466468,0,0.94521874
9300,Pass,0,0.9999291,0.4512993,0,0.9635452
9301,Pass,0,0.9877437,0.05262917,0,0.9837696
9302,Pass,0,0.9995005,0.40300757,0,0.9670505
9303,Pass,0,0.97817695,0.87737733,0,0.9087515
9304,Pass,0,0.9917909,0.78598326,0,0.92875737
9305,Pass,0,0.99315953,0.9844364,0,0.9140394
9306,Pass,0,0.9994342,0.61606234,0,0.94970083
9307,Pass,0,0.9959413,0.11062756,0,0.9872452
9308,Pass,0,0.95776,0.5696988,0,0.9137051
9309,Pass,0,0.9607589,0.4886262,0,0.9228892
9310,Pass,0,0.9939176,0.7591189,0,0.93291646
9311,Pass,0,0.9621988,0.63268566,0,0.9130199
9312,Pass,0,0.9991014,0.31532738,0,0.9737756
9313,Pass,0,0.9935309,0.020237364,0,0.992146
9314,Pass,0,0.9997919,0.14379784,0,0.98837006
9315,Pass,0,0.95893425,0.41913843,0,0.92654556
9316,Pass,0,0.79321057,0.37003925,0,0.7695809
9317,Pass,0,0.5040961,0.28164953,0,0.49269614
9318,Pass,0,0.98302037,0.37639615,0,0.95322895
9319,Pass,0,0.9567179,0.66904575,0,0.9049953
9320,Pass,0,0.99581486,0.4372552,0,0.960716
9321,Pass,0,0.96035504,1.3236513,0,0.8574033
9322,Pass,0,0.99370736,0.2513131,0,0.97368217
9323,Pass,0,0.9999186,0.3042945,0,0.9754676
9324,Pass,0,0.991915,0.01327556,0,0.9910929
9325,Pass,0,0.9732679,0.18885437,0,0.9585893
9326,Pass,0,0.9535905,0.59647447,0,0.9076547
9327,Pass,0,0.9999865,0.22114721,0,0.98228353
9328,Pass,0,0.9999691,0.12869437,0,0.98977125
9329,Pass,0,0.9998467,0.62951154,0,0.94900125
9330,Pass,0,0.9845013,0.20894645,0,0.9680475
9331,Pass,0,0.9971961,0.65248865,0,0.94462544
9332,Pass,0,0.9254553,0.56071824,0,0.8835611
9333,Pass,0,0.99828786,0.59306806,0,0.95047504
9334,Pass,0,0.99785835,0.15069933,0,0.98589957
9335,Pass,0,0.9879781,0.03409088,0,0.9854899
9336,Pass,0,0.9958521,0.041088816,0,0.99277836
9337,Pass,0,0.9911601,0.37292773,0,0.9614011
9338,Pass,0,0.9969236,0.7260187,0,0.9384167
9339,Pass,0,0.9513314,0.49449086,0,0.91338027
9340,Pass,0,0.9997327,0.22138846,0,0.98201454
9341,Pass,0,0.9969773,0.46697772,0,0.959432
9342,Pass,0,0.6622098,0.9587723,0,0.61083436
9343,Pass,0,0.9959538,0.6683945,0,0.94216263
9344,Pass,0,0.99775106,0.60454077,0,0.9490347
9345,Pass,0,0.99584633,0.026889993,0,0.99392045
9346,Pass,0,0.98532295,1.443613,0,0.8700993
9347,Pass,0,0.99897265,0.29347563,0,0.97542214
9348,Pass,0,0.9974826,0.023941392,0,0.9957923
9349,Pass,0,0.9992079,0.45647022,0,0.9624309
9350,Pass,0,0.9922408,0.2867811,0,0.96938825
9351,Pass,0,0.99096185,0.4794894,0,0.95263654
9352,Pass,0,0.9578367,0.59508395,0,0.9118045
9353,Pass,0,0.9959693,0.45543376,0,0.95939523
9354,Pass,0,0.99823195,0.31974483,0,0.9725703
9355,Pass,0,0.9674163,0.34044313,0,0.9409213
9356,Pass,0,0.98993814,0.025082277,0,0.98816895
9357,Pass,0,0.9430639,1.7815151,0,0.8069138
9358,Pass,0,0.96827245,0.5170076,0,0.9278757
9359,Pass,0,0.9991516,0.47283572,0,0.96104926
9360,Pass,0,0.99999535,0.65741193,0,0.9468775
9361,Pass,0,0.9991786,0.22429022,0,0.9812349
9362,Pass,0,0.97313356,0.31960195,0,0.94812834
9363,Pass,0,0.9831193,1.2899798,0,0.8804144
9364,Pass,0,0.99560565,0.30763832,0,0.97098994
9365,Pass,0,0.9963322,0.90899134,0,0.92306125
9366,Pass,0,0.9440047,0.44833404,0,0.909883
9367,Pass,0,0.9997619,0.18285185,0,0.98517084
9368,Pass,0,0.99534935,0.030404575,0,0.9931404
9369,Pass,0,0.99991524,0.61324614,0,0.9503866
9370,Pass,0,0.9939856,0.6085748,0,0.9451276
9371,Pass,0,0.9983991,0.69514126,0,0.9423081
9372,Pass,0,0.99030167,1.4820557,0,0.8714054
9373,Pass,0,0.99934226,0.2629838,0,0.9782567
9374,Pass,0,0.9998524,0.53073436,0,0.957024
9375,Pass,0,0.9779432,0.42411765,0,0.9445172
9376,Pass,0,0.9807972,0.7649241,0,0.92013913
9377,Pass,0,0.9965301,0.73752564,0,0.93711543
9378,Pass,0,0.9979321,0.033630386,0,0.9954561
9379,Pass,0,0.99960154,0.773926,0,0.93705004
9380,Pass,0,0.9870509,0.69541025,0,0.93157595
9381,Pass,0,0.9979232,0.3502059,0,0.96980184
9382,Pass,0,0.928476,2.2177227,0,0.76155436
9383,Pass,0,0.99987924,0.6955248,0,0.943674
9384,Pass,0,0.99995244,0.14967088,0,0.988052
9385,Pass,0,0.9309556,0.5236789,0,0.8916115
9386,Pass,0,0.90459704,0.22020514,0,0.8886519
9387,Pass,0,0.99939716,0.8196211,0,0.93315125
9388,Pass,0,0.9781973,0.0154828485,0,0.97721136
9389,Pass,0,0.99999976,0.7025347,0,0.9432187
9390,Pass,0,0.98982435,1.1533033,0,0.89740115
9391,Pass,0,0.9935725,1.3150122,0,0.8877566
9392,Pass,0,0.99466926,0.6302247,0,0.9440295
9393,Pass,0,0.9999962,0.33447775,0,0.97309315
9394,Pass,0,0.9752901,3.4747765,0,0.70042926
9395,Pass,0,0.98959714,0.04774566,0,0.9860079
9396,Pass,0,0.9979291,0.6334541,0,0.9468618
9397,Pass,0,0.9500938,0.39780143,0,0.9196494
9398,Pass,0,0.9944718,1.6398213,0,0.86233866
9399,Pass,0,0.9906673,1.6736044,0,0.85632277
9400,Pass,0,0.98801035,0.7674185,0,0.9267061
9401,Pass,0,0.99538237,0.021495245,0,0.99389327
9402,Pass,0,0.99956506,0.26235458,0,0.9785259
9403,Pass,0,0.99995625,0.25524065,0,0.9794863
9404,Pass,0,0.99660313,0.55637395,0,0.9518396
9405,Pass,0,0.9989116,0.27077603,0,0.9772033
9406,Pass,0,0.99763954,0.28421465,0,0.9748705
9407,Pass,0,0.99132395,0.063328154,0,0.9864745
9408,Pass,0,0.9741261,0.61494195,0,0.9257408
9409,Pass,0,0.9621132,0.8911053,0,0.8927556
9410,Pass,0,0.9945531,0.8681096,0,0.92471355
9411,Pass,0,0.99446714,0.24101946,0,0.9752576
9412,Pass,0,0.99980205,0.60280955,0,0.95112604
9413,Pass,0,0.998097,0.5096385,0,0.957053
9414,Pass,0,0.99990916,0.12384937,0,0.9901052
9415,Pass,0,0.9953316,0.0564157,0,0.99102104
9416,Pass,0,0.9368606,0.5841705,0,0.8926665
9417,Pass,0,0.9985489,0.39903256,0,0.96645206
9418,Pass,0,0.9942694,0.8142952,0,0.9287932
9419,Pass,0,0.99984634,0.43943256,0,0.96442866
9420,Pass,0,0.99907243,0.74557835,0,0.9388531
9421,Pass,0,0.996416,1.3724817,0,0.88564867
9422,Pass,0,0.80517316,1.9470984,0,0.67810744
9423,Pass,0,0.9434511,0.67358863,0,0.89209783
9424,Pass,0,0.99983025,0.3991973,0,0.96767884
9425,Pass,0,0.96214527,0.41275486,0,0.93014675
9426,Pass,0,0.9047437,0.25525874,0,0.88622147
9427,Pass,0,0.8722575,1.2687491,0,0.7826374
9428,Pass,0,0.9974209,0.5433581,0,0.9536745
9429,Pass,0,0.9979552,0.49396962,0,0.9581864
9430,Pass,0,0.9794208,1.1968316,0,0.8845082
9431,Pass,0,0.99875784,0.6889348,0,0.9431499
9432,Pass,0,0.9729435,0.47649541,0,0.9355515
9433,Pass,0,0.82732844,1.5403795,0,0.7240818
9434,Pass,0,0.99584997,0.040590037,0,0.9928165
9435,Pass,0,0.99126816,0.012660781,0,0.9904961
9436,Pass,0,0.9917568,0.39219844,0,0.9604285
9437,Pass,0,0.99772984,0.23187886,0,0.97919756
9438,Pass,0,0.9976198,0.050985564,0,0.99373907
9439,Pass,0,0.9994966,0.17984295,0,0.9851535
9440,Pass,0,0.9890682,0.7634228,0,0.9280191
9441,Pass,0,0.9818155,0.5269199,0,0.9400637
9442,Pass,0,0.9998222,0.28078163,0,0.977282
9443,Pass,0,0.9931243,0.012894576,0,0.992332
9444,Pass,0,0.9846608,0.022556601,0,0.9831029
9445,Pass,0,0.9997658,0.5314812,0,0.9568805
9446,Pass,0,0.76216125,0.4059064,0,0.7372374
9447,Pass,0,0.97773564,0.6343313,0,0.9276321
9448,Pass,0,0.99769646,0.21770021,0,0.9803131
9449,Pass,0,0.99408555,2.8388693,0,0.7652437
9450,Pass,0,0.8067251,1.1160092,0,0.73384076
9451,Pass,0,0.99975103,0.45714393,0,0.9628993
9452,Pass,0,0.99491656,0.6212052,0,0.9449927
9453,Pass,0,0.9996333,0.33114704,0,0.9730103
9454,Pass,0,0.9959785,0.5140482,0,0.95466506
9455,Pass,0,0.98973376,0.16969734,0,0.97634596
9456,Pass,0,0.8754476,0.6109535,0,0.8322471
9457,Pass,0,0.99920315,0.5614224,0,0.95391333
9458,Pass,0,0.9985744,0.30904272,0,0.9737714
9459,Pass,0,0.99940133,0.16133565,0,0.9865611
9460,Pass,0,0.99996686,0.37640736,0,0.969661
9461,Pass,0,0.99942625,0.46458015,0,0.96198326
9462,Pass,0,0.99961865,1.4038566,0,0.88594943
9463,Pass,0,0.9082858,0.16361444,0,0.89644825
9464,Pass,0,0.9945539,0.018383782,0,0.9933173
9465,Pass,0,0.9632135,0.7913433,0,0.9015771
9466,Pass,0,0.921384,0.7553111,0,0.8651194
9467,Pass,0,0.96256626,0.31883186,0,0.93789274
9468,Pass,0,0.77725595,0.4576551,0,0.74857336
9469,Pass,0,0.99988806,0.46763977,0,0.9621794
9470,Pass,0,0.99900985,0.88194895,0,0.92773503
9471,Pass,0,0.9828552,0.19765788,0,0.9673296
9472,Pass,0,0.97755355,0.39139467,0,0.9467376
9473,Pass,0,0.99659914,0.23257814,0,0.97803134
9474,Pass,0,0.98062634,1.8318483,0,0.8350466
9475,Pass,0,0.99968994,0.33744857,0,0.972554
9476,Pass,0,0.99998736,0.5085528,0,0.9589538
9477,Pass,0,0.99924254,0.53205776,0,0.9563329
9478,Pass,0,0.99663144,0.971601,0,0.9182731
9479,Pass,0,0.8254568,1.2012599,0,0.7451677
9480,Pass,0,0.9999963,1.0630546,0,0.91394943
9481,Pass,0,0.9991032,0.5864735,0,0.95178616
9482,Pass,0,0.97610664,0.9348714,0,0.9022724
9483,Pass,0,0.8866364,0.94868124,0,0.81857586
9484,Pass,0,0.997382,1.2833908,0,0.89372057
9485,Pass,0,0.9923287,0.06071915,0,0.9876845
9486,Pass,0,0.9999671,0.39046243,0,0.9685203
9487,Pass,0,0.9997191,0.5908448,0,0.95201814
9488,Pass,0,0.99676454,0.6969774,0,0.94061685
9489,Pass,0,0.9979365,0.06450353,0,0.9929595
9490,Pass,0,0.9930246,0.35491127,0,0.96466196
9491,Pass,0,0.9616399,0.508359,0,0.92219496
9492,Pass,0,0.9544103,1.0055887,0,0.8767383
9493,Pass,0,0.9995316,1.6940774,0,0.86232394
9494,Pass,0,0.99674773,1.5446467,0,0.8720131
9495,Pass,0,0.99941146,0.9607078,0,0.9217183
9496,Pass,0,0.99964833,1.2200273,0,0.9008933
9497,Pass,0,0.75183463,1.055704,0,0.68759
9498,Pass,0,0.9998734,0.3531574,0,0.9714575
9499,Pass,0,0.9969811,0.011025422,0,0.99633694
9500,Pass,0,0.9996847,1.0848396,0,0.91189677
9501,Pass,0,0.975598,1.1655968,0,0.8835295
9502,Pass,0,0.9983689,0.27827847,0,0.9760643
9503,Pass,0,0.9925447,0.7090668,0,0.9356606
9504,Pass,0,0.99926704,0.8374105,0,0.93158674
9505,Pass,0,0.9996449,1.2780528,0,0.89618146
9506,Pass,0,0.9936786,0.27990726,0,0.97134745
9507,Pass,0,0.9573136,0.35367352,0,0.9300671
9508,Pass,0,0.94060224,0.5887309,0,0.89588344
9509,Pass,0,0.9818393,0.13677898,0,0.971182
9510,Pass,0,0.99999595,2.282303,0,0.814974
9511,Pass,0,0.9989718,0.7494847,0,0.93844175
9512,Pass,0,0.9948955,0.9174685,0,0.92104554
9513,Pass,0,0.869485,0.60820925,0,0.82677245
9514,Pass,0,0.99849796,0.479257,0,0.9599001
9515,Pass,0,0.9999945,0.61963165,0,0.9499436
9516,Pass,0,0.99991846,0.37285468,0,0.96990246
9517,Pass,0,0.9453284,2.499958,0,0.7537185
9518,Pass,0,0.99673766,0.127171,0,0.986696
9519,Pass,0,0.99998033,0.29884702,0,0.9759701
9520,Pass,0,0.9850227,0.075361095,0,0.97924197
9521,Pass,0,0.9993311,0.5348863,0,0.95618814
9522,Pass,0,0.9677724,0.9439895,0,0.89385223
9523,Pass,0,0.9998499,0.42123777,0,0.9659089
9524,Pass,0,0.98354894,0.6191964,0,0.9343559
9525,Pass,0,0.999871,0.5530699,0,0.9552289
9526,Pass,0,0.9981415,1.1622385,0,0.9042177
9527,Pass,0,0.998531,0.38807705,0,0.9673227
9528,Pass,0,0.9999602,0.21266702,0,0.982946
9529,Pass,0,0.9987445,0.7030984,0,0.941989
9530,Pass,0,0.37415153,0.8553363,0,0.3482658
9531,Pass,0,0.9982158,0.366509,0,0.9687651
9532,Pass,0,0.99846447,0.62709165,0,0.94788545
9533,Pass,0,0.99474156,0.4667273,0,0.95730066
9534,Pass,0,0.73460835,0.38174447,0,0.71202636
9535,Pass,0,0.8773531,0.8644479,0,0.81600434
9536,Pass,0,0.85305125,1.0870531,0,0.77798676
9537,Pass,0,0.9871968,0.60946226,0,0.9386014
9538,Pass,0,0.8500685,0.51005703,0,0.8150829
9539,Pass,0,0.84168524,0.9864542,0,0.77449435
9540,Pass,0,0.94017184,1.2503233,0,0.84498024
9541,Pass,0,0.9857224,0.5722351,0,0.94017845
9542,Pass,0,0.9949897,0.80701274,0,0.93005437
9543,Pass,0,0.99994457,0.29679018,0,0.9761021
9544,Pass,0,0.6755771,0.5955375,0,0.643085
9545,Pass,0,0.9998622,0.6170936,0,0.9500239
9546,Pass,0,0.9802153,0.13042371,0,0.9700813
9547,Pass,0,0.9999964,0.7457712,0,0.9397057
9548,Pass,0,0.99506915,0.4271118,0,0.96081597
9549,Pass,0,0.9864194,0.059890717,0,0.98186916
9550,Pass,0,0.99901557,0.41260934,0,0.9658026
9551,Pass,0,0.99810696,0.796023,0,0.9338586
9552,Pass,0,0.9895461,1.5109285,0,0.86842126
9553,Pass,0,0.92297095,0.68624026,0,0.87178457
9554,Pass,0,0.56810963,1.4877808,0,0.49963802
9555,Pass,0,0.99886656,0.17133033,0,0.9852228
9556,Pass,0,0.9649504,0.094960496,0,0.95775217
9557,Pass,0,0.9971269,0.9524596,0,0.92027897
9558,Pass,0,0.9881626,0.27560362,0,0.9663006
9559,Pass,0,0.9451545,0.75142777,0,0.88773626
9560,Pass,0,0.9041547,0.7778353,0,0.84728897
9561,Pass,0,0.99860567,0.34482098,0,0.9709016
9562,Pass,0,0.94847006,0.47156578,0,0.9123982
9563,Pass,0,0.9924325,0.41025132,0,0.9596284
9564,Pass,0,0.91615224,1.1217,0,0.8329584
9565,Pass,0,0.9986778,0.5777076,0,0.9520916
9566,Pass,0,0.99997866,0.4397093,0,0.96453387
9567,Pass,0,0.99990237,0.26058325,0,0.97899985
9568,Pass,0,0.99982136,0.3003305,0,0.97569454
9569,Pass,0,0.9998734,0.65077007,0,0.94730115
9570,Pass,0,0.99782926,0.056805708,0,0.99347633
9571,Pass,0,0.9453464,0.848224,0,0.88048834
9572,Pass,0,0.9965299,1.3596776,0,0.88678575
9573,Pass,0,0.99999547,0.38475078,0,0.9690114
9574,Pass,0,0.99936074,0.26651004,0,0.9779887
9575,Pass,0,0.9997795,0.83746976,0,0.9320597
9576,Pass,0,0.9800168,0.3323269,0,0.95382243
9577,Pass,0,0.9998487,0.9366084,0,0.9240776
9578,Pass,0,0.99998534,0.8218673,0,0.9335181
9579,Pass,0,0.99909794,0.8197594,0,0.9328607
9580,Pass,0,0.918203,0.31879544,0,0.8946694
9581,Pass,0,0.9998173,0.27022463,0,0.97813404
9582,Pass,0,0.9982054,1.0100262,0,0.91660964
9583,Pass,0,0.99993813,0.839568,0,0.93203723
9584,Pass,0,0.9997458,0.8212246,0,0.9333466
9585,Pass,0,0.99958855,0.18825322,0,0.98456174
9586,Pass,0,0.9999573,0.29694074,0,0.97610235
9587,Pass,0,0.9407225,1.5608178,0,0.82176405
9588,Pass,0,0.9975504,0.50358486,0,0.95701915
9589,Pass,0,0.99989104,0.6158466,0,0.9501525
9590,Pass,0,0.99975926,0.88232386,0,0.9284005
9591,Pass,0,0.9917984,0.07218557,0,0.98623353
9592,Pass,0,0.99853325,0.8461879,0,0.93019116
9593,Pass,0,0.99576485,0.03179399,0,0.9934427
9594,Pass,0,0.89651114,0.11608708,0,0.88828593
9595,Pass,0,0.9845435,0.44673648,0,0.9490842
9596,Pass,0,0.99956447,1.39007,0,0.88702005
9597,Pass,0,0.9999589,0.43562806,0,0.964846
9598,Pass,0,0.99994326,0.40614605,0,0.9672241
9599,Pass,0,0.98960656,0.09247259,0,0.98242426
9600,Pass,0,0.9222643,0.52032036,0,0.88353896
9601,Pass,0,0.99895704,0.3732285,0,0.96893954
9602,Pass,0,0.9928692,0.06373753,0,0.9879792
9603,Pass,0,0.9999703,0.5759976,0,0.9534626
9604,Pass,0,0.99439573,1.3063112,0,0.8891945
9605,Pass,0,0.9997018,0.73353904,0,0.9404216
9606,Pass,0,0.9702105,0.44280958,0,0.9355767
9607,Pass,0,0.9405261,1.0053202,0,0.8640045
9608,Pass,0,0.9999739,0.2273664,0,0.9817663
9609,Pass,0,0.99984694,1.1884408,0,0.9036359
9610,Pass,0,0.84217465,0.6648213,0,0.79693335
9611,Pass,0,0.9996164,0.44858888,0,0.9634639
9612,Pass,0,0.5783211,0.2806867,0,0.56528777
9613,Pass,0,0.97441363,1.028441,0,0.8933061
9614,Pass,0,0.73924035,0.8104886,0,0.6907872
9615,Pass,0,0.9997192,0.9380793,0,0.92383856
9616,Pass,0,0.99899,0.72229725,0,0.9406636
9617,Pass,0,0.94784445,0.7889495,0,0.8873757
9618,Pass,0,0.99646735,0.4887279,0,0.9571819
9619,Pass,0,0.997051,0.45821014,0,0.9602125
9620,Pass,0,0.7428286,0.74539554,0,0.69806546
9621,Pass,0,0.98555356,4.5327954,0,0.6231537
9622,Pass,0,0.99433386,0.11784401,0,0.98506933
9623,Pass,0,0.9999312,0.99324363,0,0.9195567
9624,Pass,0,0.8688012,0.7404058,0,0.8167988
9625,Pass,0,0.99873143,0.7928705,0,0.93469846
9626,Pass,0,0.9954686,0.595089,0,0.9476275
9627,Pass,0,0.9615765,0.36894277,0,0.9330168
9628,Pass,0,0.99964774,0.7032024,0,0.94283247
9629,Pass,0,0.93893355,0.72534364,0,0.8838814
9630,Pass,0,0.99706143,0.5881868,0,0.94970244
9631,Pass,0,0.99953413,0.45618448,0,0.96276826
9632,Pass,0,0.95606595,1.2764897,0,0.8572343
9633,Pass,0,0.9969879,0.6160546,0,0.94737697
9634,Pass,0,0.80801266,0.7964183,0,0.75597477
9635,Pass,0,0.99996936,0.76084334,0,0.93845683
9636,Pass,0,0.8657421,0.5404448,0,0.8279758
9637,Pass,0,0.9997304,0.4352718,0,0.96465456
9638,Pass,0,0.9479041,0.6343116,0,0.8993308
9639,Pass,0,0.99337596,2.0201788,0,0.8307165
9640,Pass,0,0.98583776,0.21434958,0,0.96892923
9641,Pass,0,0.9836511,0.06923976,0,0.97836715
9642,Pass,0,0.777293,1.551759,0,0.6795726
9643,Pass,0,0.74353725,0.8375597,0,0.6931685
9644,Pass,0,0.9987936,0.27255565,0,0.97694355
9645,Pass,0,0.9772644,0.16761562,0,0.9642104
9646,Pass,0,0.99444085,1.0344228,0,0.9111834
9647,Pass,0,0.99968195,0.44122142,0,0.964125
9648,Pass,0,0.99985445,0.34678534,0,0.97195625
9649,Pass,0,0.93202436,0.03573329,0,0.9295528
9650,Pass,0,0.9982253,0.51160485,0,0.95701665
9651,Pass,0,0.9586499,0.18633725,0,0.9443876
9652,Pass,0,0.944483,0.3578039,0,0.917285
9653,Pass,0,0.9032095,0.20646928,0,0.88829595
9654,Pass,0,0.6504467,1.7733719,0,0.5569717
9655,Pass,0,0.5635326,3.9162126,0,0.3845212
9656,Pass,0,0.92772096,2.7703452,0,0.7193171
9657,Pass,0,0.98920363,0.060145743,0,0.9846201
9658,Pass,0,0.98935217,0.4083753,0,0.9568006
9659,Pass,0,0.964303,0.05301899,0,0.9603928
9660,Pass,0,0.99966276,0.4632701,0,0.96231717
9661,Pass,0,0.96822006,0.7654733,0,0.9082967
9662,Pass,0,0.70715666,0.57076085,0,0.67456806
9663,Pass,0,0.9995171,0.2578896,0,0.9788412
9664,Pass,0,0.6827727,1.1638644,0,0.6184346
9665,Pass,0,0.98514324,0.23006077,0,0.9669902
9666,Pass,0,0.73719645,1.05942,0,0.6739803
9667,Pass,0,0.9998216,0.18698043,0,0.98489463
9668,Pass,0,0.9929582,0.32822928,0,0.9667481
9669,Pass,0,0.8382953,0.42129746,0,0.80983436
9670,Pass,0,0.7689429,0.34014904,0,0.7479019
9671,Pass,0,0.99524033,0.46075368,0,0.9582633
9672,Pass,0,0.9965785,1.1013036,0,0.9077315
9673,Pass,0,0.9993766,0.7476418,0,0.9389715
9674,Pass,0,0.9923401,0.085495785,0,0.98569995
9675,Pass,0,0.98286545,0.247136,0,0.963392
9676,Pass,0,0.987751,0.2869751,0,0.9649863
9677,Pass,0,0.56450653,5.785538,0,0.29952347
9678,Pass,0,0.9696539,0.28917062,0,0.9471335
9679,Pass,0,0.3346717,0.9624617,0,0.30860704
9680,Pass,0,0.6109366,0.28814977,0,0.59679806
9681,Pass,0,0.9987514,0.31868687,0,0.9731621
9682,Pass,0,0.99310195,0.09766695,0,0.98547554
9683,Pass,0,0.99957985,0.6263126,0,0.9490076
9684,Pass,0,0.99861956,0.32763702,0,0.9723081
9685,Pass,0,0.9966642,0.4829701,0,0.9578368
9686,Pass,0,0.9993636,1.73905,0,0.8585305
9687,Pass,0,0.9796627,1.166777,0,0.8871168
9688,Pass,0,0.99802494,1.9205716,0,0.84267414
9689,Pass,0,0.98715717,0.0106405355,0,0.9865502
9690,Pass,0,0.9995178,0.3826515,0,0.9687189
9691,Pass,0,0.9917985,0.9909281,0,0.91226405
9692,Pass,0,0.5019562,1.4328557,0,0.4436958
9693,Pass,0,0.86271924,0.7146274,0,0.81288624
9694,Pass,0,0.99036986,0.40066692,0,0.9584045
9695,Pass,0,0.9973157,0.66320354,0,0.94387126
9696,Pass,0,0.97960836,1.1687027,0,0.88691443
9697,Pass,0,0.89452934,1.6055043,0,0.77816725
9698,Pass,0,0.46240854,1.2847838,0,0.4142965
9699,Pass,0,0.9884198,0.3311177,0,0.96209776
9700,Pass,0,0.34123376,1.8913518,0,0.28892732
9701,Pass,0,0.88668877,0.7376188,0,0.8338163
9702,Pass,0,0.99569356,0.43350852,0,0.96090186
9703,Pass,0,0.9907827,0.5101416,0,0.94999903
9704,Pass,0,0.999808,0.21722065,0,0.9824269
9705,Pass,0,0.9974124,0.019251991,0,0.99610186
9706,Pass,0,0.9997038,0.9530379,0,0.92261034
9707,Pass,0,0.9986124,0.7921926,0,0.934642
9708,Pass,0,0.98735064,1.1586329,0,0.8947313
9709,Pass,0,0.78837025,0.30421162,0,0.7690976
9710,Pass,0,0.9977196,0.52030224,0,0.9558274
9711,Pass,0,0.9681023,0.9415676,0,0.89434725
9712,Pass,0,0.88606054,1.0359131,0,0.8117698
9713,Pass,0,0.91154253,0.811514,0,0.85172004
9714,Pass,0,0.99874413,0.25756302,0,0.9781107
9715,Pass,0,0.9947084,0.017213067,0,0.9935661
9716,Pass,0,0.34415177,0.8878736,0,0.3194326
9717,Pass,0,0.9919152,1.5017923,0,0.871236
9718,Pass,0,0.9961379,0.93806,0,0.9205306
9719,Pass,0,0.8784272,0.72658694,0,0.826834
9720,Pass,0,0.96423495,0.68833965,0,0.9105957
9721,Pass,0,0.9825781,0.6475107,0,0.9311752
9722,Pass,0,0.970833,0.39317766,0,0.94008845
9723,Pass,0,0.92118347,0.99919707,0,0.84669346
9724,Pass,0,0.99105936,1.2336684,0,0.89205533
9725,Pass,0,0.9941854,0.03779859,0,0.9913823
9726,Pass,0,0.7594922,0.6083121,0,0.7221766
9727,Pass,0,0.9944776,0.41558585,0,0.9611753
9728,Pass,0,0.7357274,1.1273267,0,0.66858155
9729,Pass,0,0.89747363,0.787429,0,0.8403292
9730,Pass,0,0.98173726,1.1576908,0,0.88971955
9731,Pass,0,0.9108502,0.49703,0,0.8743263
9732,Pass,0,0.8853114,0.28505203,0,0.8650459
9733,Pass,0,0.32944503,0.97062814,0,0.30356902
9734,Pass,0,0.86515546,1.4069351,0,0.76656014
9735,Pass,0,0.84282094,0.8615513,0,0.78408504
9736,Pass,0,0.96967334,2.8211174,0,0.7478487
9737,Pass,0,0.99193525,0.027777717,0,0.9899454
9738,Pass,0,0.47355038,1.7731786,0,0.40550438
9739,Pass,0,0.97784513,0.49626866,0,0.93869525
9740,Pass,0,0.72289324,0.47721666,0,0.69506884
9741,Pass,0,0.43646428,0.4911882,0,0.4191696
9742,Pass,0,0.41518235,0.6445962,0,0.3935606
9743,Pass,0,0.97594476,0.36649427,0,0.94715226
9744,Pass,0,0.49029654,1.633121,0,0.42541867
9745,Pass,0,0.7543645,1.1659323,0,0.6831536
9746,Pass,0,0.95748585,0.6790851,0,0.9049414
9747,Pass,0,0.9608212,0.54022115,0,0.91892475
9748,Pass,0,0.9435699,0.5249375,0,0.90359634
9749,Pass,0,0.5661219,1.4709374,0,0.49866387
9750,Pass,0,0.9949137,0.9638058,0,0.91731995
9751,Pass,0,0.7789101,0.88196915,0,0.7233371
9752,Pass,0,0.8182041,1.3903517,0,0.726061
9753,Pass,0,0.99864084,0.5793616,0,0.95192224
9754,Pass,0,0.7811116,0.27516386,0,0.76385826
9755,Pass,0,0.66036576,1.3988342,0,0.5855431
9756,Pass,0,0.9974027,1.1032215,0,0.90832686
9757,Pass,0,0.9982455,0.961334,0,0.9205922
9758,Pass,0,0.7196407,0.30571437,0,0.7019604
9759,Pass,0,0.9779984,0.9460207,0,0.90313584
9760,Pass,0,0.984688,0.07474473,0,0.9789584
9761,Pass,0,0.99509,2.53397,0,0.7906463
9762,Pass,0,0.73301214,1.2043052,0,0.66153353
9763,Pass,0,0.9601664,5.87493,0,0.5024905
9764,Pass,0,0.608351,1.7709554,0,0.52104485
9765,Pass,0,0.94785655,2.369929,0,0.76573926
9766,Pass,0,0.9839841,3.0078702,0,0.7439683
9767,Pass,0,0.77913994,0.37848788,0,0.75539505
9768,Pass,0,0.97859156,1.8733884,0,0.83001393
9769,Pass,0,0.93940324,0.5686316,0,0.89627415
9770,Pass,0,0.97844625,0.8821176,0,0.9086251
9771,Pass,0,0.95976126,0.23698477,0,0.9415364
9772,Pass,0,0.9971923,0.010785835,0,0.9965675
9773,Pass,0,0.902883,1.2038292,0,0.8148746
9774,Pass,0,0.9980019,0.026488503,0,0.99610436
9775,Pass,0,0.98514324,0.7340865,0,0.9266825
9776,Pass,0,0.99443877,0.91842234,0,0.9205457
9777,Pass,0,0.5021663,0.57374954,0,0.4789026
9778,Pass,0,0.99495703,1.3941941,0,0.8825983
9779,Pass,0,0.97435343,1.2072409,0,0.87910855
9780,Pass,0,0.4651924,1.032037,0,0.42633525
9781,Pass,0,0.82579595,0.80992144,0,0.7717076
9782,Pass,0,0.7622947,1.9439614,0,0.64218986
9783,Pass,0,0.881706,0.8379994,0,0.82194597
9784,Pass,0,0.93882984,0.6187355,0,0.8919085
9785,Pass,0,0.9607077,0.28837767,0,0.93845695
9786,Pass,0,0.89114004,0.43817702,0,0.8596639
9787,Pass,0,0.98680913,0.86398315,0,0.91784394
9788,Pass,0,0.98439085,0.59450394,0,0.93712884
9789,Pass,0,0.9817386,2.0280604,0,0.82035655
9790,Pass,0,0.9826744,0.767647,0,0.921683
9791,Pass,0,0.995555,0.20503072,0,0.9792329
9792,Pass,0,0.4176926,3.2506437,0,0.30757624
9793,Pass,0,0.86868286,0.38485655,0,0.84176
9794,Pass,0,0.99817514,0.69912565,0,0.9417739
9795,Pass,0,0.9887999,0.029352166,0,0.98669004
9796,Pass,0,0.98968834,0.014291706,0,0.9887865
9797,Pass,0,0.9851075,0.6958418,0,0.9297072
9798,Pass,0,0.9952053,0.5957093,0,0.9473267
9799,Pass,0,0.9943558,0.06966853,0,0.98897976
9800,Pass,0,0.97689307,0.3344684,0,0.9506123
9801,Pass,0,0.999225,0.28185442,0,0.97661126
9802,Pass,0,0.99283934,0.044518,0,0.9894985
9803,Pass,0,0.9728176,0.70174515,0,0.9176423
9804,Pass,0,0.9672356,1.0485028,0,0.88515025
9805,Pass,0,0.9998006,0.50505984,0,0.95905817
9806,Pass,0,0.99980754,0.30195698,0,0.975549
9807,Pass,0,0.99900585,0.27429932,0,0.9770097
9808,Pass,0,0.79729307,1.4043105,0,0.70660144
9809,Pass,0,0.9993624,1.6638196,0,0.8646326
9810,Pass,0,0.9875951,0.037984423,0,0.9847957
9811,Pass,0,0.97833896,1.7899965,0,0.83642256
9812,Pass,0,0.96625584,1.6055394,0,0.8405607
9813,Pass,0,0.9937902,0.34234637,0,0.96641934
9814,Pass,0,0.9796608,1.1018761,0,0.89227647
9815,Pass,0,0.98846006,0.43819067,0,0.9535454
9816,Pass,0,0.9978801,0.18518724,0,0.98312736
9817,Pass,0,0.6191337,1.0799415,0,0.56501025
9818,Pass,0,0.99927706,0.23477723,0,0.98048097
9819,Pass,0,0.9947336,0.04043746,0,0.99171585
9820,Pass,0,0.9852326,0.7210034,0,0.9278129
9821,Pass,0,0.9971635,0.59072936,0,0.9495938
9822,Pass,0,0.9996166,0.81691307,0,0.9335759
9823,Pass,0,0.9993704,0.13832317,0,0.98839754
9824,Pass,0,0.9963922,0.6156806,0,0.9468411
9825,Pass,0,0.9773442,0.29399335,0,0.95426255
9826,Pass,0,0.921391,1.2561222,0,0.8276672
9827,Pass,0,0.97345686,0.6216505,0,0.9245746
9828,Pass,0,0.80259025,0.94305634,0,0.7413478
9829,Pass,0,0.8099861,0.40109152,0,0.7838149
9830,Pass,0,0.99245036,0.7747478,0,0.93028015
9831,Pass,0,0.8526194,1.4018776,0,0.7558028
9832,Pass,0,0.56869334,1.5091023,0,0.49916705
9833,Pass,0,0.83613515,0.680377,0,0.79016244
9834,Pass,0,0.8592562,1.2826946,0,0.76999927
9835,Pass,0,0.6839067,1.2345903,0,0.61553514
9836,Pass,0,0.98433846,0.030973198,0,0.98210853
9837,Pass,0,0.99940455,0.13737409,0,0.9885083
9838,Pass,0,0.983393,0.050745178,0,0.97958684
9839,Pass,0,0.8346216,0.93556213,0,0.7714427
9840,Pass,0,0.6816716,1.1156296,0,0.6201064
9841,Pass,0,0.99512744,0.81747085,0,0.9293382
9842,Pass,0,0.97886974,0.4579957,0,0.94272006
9843,Pass,0,0.7285781,0.82315177,0,0.6800748
9844,Pass,0,0.9927192,0.022890769,0,0.99112165
9845,Pass,0,0.98069376,0.020089125,0,0.9793386
9846,Pass,0,0.96500033,0.061241213,0,0.96044314
9847,Pass,0,0.84746385,0.90808153,0,0.78520334
9848,Pass,0,0.9947241,0.064586855,0,0.98975635
9849,Pass,0,0.8979907,0.73567075,0,0.8445863
9850,Pass,0,0.99529994,1.1012679,0,0.9065697
9851,Pass,0,0.9998636,0.19509898,0,0.98427707
9852,Pass,0,0.99190676,0.32604748,0,0.9659002
9853,Pass,0,0.982385,0.767732,0,0.9214048
9854,Pass,0,0.88774353,0.8239927,0,0.82858366
9855,Pass,0,0.703233,0.86972797,0,0.65375817
9856,Pass,0,0.437697,1.8148522,0,0.37332216
9857,Pass,0,0.7867695,0.8883569,0,0.73022777
9858,Pass,0,0.42889145,1.6356223,0,0.37205186
9859,Pass,0,0.99916506,0.10846773,0,0.990616
9860,Pass,0,0.9225328,0.7782515,0,0.86448
9861,Pass,0,0.99744284,0.621173,0,0.94739485
9862,Pass,0,0.8832109,1.0721296,0,0.8065624
9863,Pass,0,0.5133885,0.88107944,0,0.4767968
9864,Pass,0,0.9986274,0.17419882,0,0.9847544
9865,Pass,0,0.9969903,0.5298309,0,0.9543576
9866,Pass,0,0.9978009,1.3034267,0,0.89247304
9867,Pass,0,0.918169,1.1775005,0,0.830633
9868,Pass,0,0.99854654,0.19784296,0,0.9827581
9869,Pass,0,0.9999491,0.27569556,0,0.9778189
9870,Pass,0,0.99154997,1.1410381,0,0.8999529
9871,Pass,0,0.99890625,0.19930743,0,0.9829933
9872,Pass,0,0.9771757,0.53381974,0,0.9350739
9873,Pass,0,0.76493204,3.8259192,0,0.527551
9874,Pass,0,0.6122013,0.9317753,0,0.5660473
9875,Pass,0,0.8203151,0.8511626,0,0.7638394
9876,Pass,0,0.98158616,0.02552158,0,0.9797969
9877,Pass,0,0.9688731,0.6703194,0,0.9163932
9878,Pass,0,0.9863977,0.023116838,0,0.9847922
9879,Pass,0,0.45373335,3.0437043,0,0.34173775
9880,Pass,0,0.9366388,0.8047478,0,0.8756837
9881,Pass,0,0.642439,0.6158099,0,0.61048347
9882,Pass,0,0.68020403,1.0082619,0,0.6246999
9883,Pass,0,0.54735255,1.3669152,0,0.48675305
9884,Pass,0,0.97177404,0.41311324,0,0.939427
9885,Pass,0,0.9986706,0.94328016,0,0.92244786
9886,Pass,0,0.7093416,0.26491305,0,0.6942638
9887,Pass,0,0.9006938,0.5111672,0,0.86354345
9888,Pass,0,0.7531892,1.6233958,0,0.654119
9889,Pass,0,0.9135124,0.37585106,0,0.88586795
9890,Pass,0,0.60364646,0.5061445,0,0.5789944
9891,Pass,0,0.47985175,0.8518545,0,0.44678876
9892,Pass,0,0.55135375,1.3908845,0,0.48923847
9893,Pass,0,0.76522154,1.2001629,0,0.6908594
9894,Pass,0,0.99773127,0.24984255,0,0.9777441
9895,Pass,0,0.9996086,0.14855273,0,0.98780304
9896,Pass,0,0.988165,0.014420471,0,0.98725426
9897,Pass,0,0.99867177,1.3192492,0,0.89196926
9898,Pass,0,0.99573284,0.015895084,0,0.9946959
9899,Pass,0,0.99995804,0.31089178,0,0.97497064
9900,Pass,0,0.96338373,0.2941181,0,0.940622
9901,Pass,0,0.6757123,0.28717518,0,0.6601282
9902,Pass,0,0.98796344,0.2841817,0,0.96541786
9903,Pass,0,0.96079355,0.027199736,0,0.9589113
9904,Pass,0,0.40233085,2.656821,0,0.31565866
9905,Pass,0,0.8639318,0.62949556,0,0.81999916
9906,Pass,0,0.9733941,0.6356786,0,0.92340654
9907,Pass,0,0.9843014,0.3478131,0,0.95675504
9908,Pass,0,0.9993389,0.20912644,0,0.98262256
9909,Pass,0,0.9993223,0.15236114,0,0.98721117
9910,Pass,0,0.9550938,1.6693369,0,0.8259043
9911,Pass,0,0.9985056,0.7467281,0,0.93822724
9912,Pass,0,0.9837466,0.04880544,0,0.98009396
9913,Pass,0,0.97253335,1.0172243,0,0.8924678
9914,Pass,0,0.6344056,2.1366203,0,0.52452874
9915,Pass,0,0.9962941,1.5380185,0,0.87215227
9916,Pass,0,0.99098575,0.26766306,0,0.96970004
9917,Pass,0,0.99984336,0.8112968,0,0.9342435
9918,Pass,0,0.90338373,0.89492524,0,0.8379798
9919,Pass,0,0.9156362,0.2655407,0,0.89612675
9920,Pass,0,0.9985538,0.34335968,0,0.9709696
9921,Pass,0,0.78784764,0.50113714,0,0.7559933
9922,Pass,0,0.9313342,1.6919688,0,0.8036475
9923,Pass,0,0.99583215,0.022388695,0,0.99427015
9924,Pass,0,0.64232,1.8351676,0,0.54679066
9925,Pass,0,0.4028588,2.6187673,0,0.31731737
9926,Pass,0,0.49012884,1.2175894,0,0.4418061
9927,Pass,0,0.9933717,0.6365642,0,0.94228685
9928,Pass,0,0.9814331,1.2233654,0,0.8842116
9929,Pass,0,0.9959074,0.09663688,0,0.9883427
9930,Pass,0,0.9998691,0.5497134,0,0.9554995
9931,Pass,0,0.9895863,0.05459721,0,0.98544675
9932,Pass,0,0.87434787,0.38508645,0,0.8472331
9933,Pass,0,0.9971738,2.1346843,0,0.82462347
9934,Pass,0,0.995736,0.21821001,0,0.97834563
9935,Pass,0,0.9984257,0.24668281,0,0.9786807
9936,Pass,0,0.93919426,0.46375397,0,0.9040708
9937,Pass,0,0.9873947,1.1761893,0,0.89336395
9938,Pass,0,0.9994184,0.038049955,0,0.9965802
9939,Pass,0,0.9995396,0.4218879,0,0.96555644
9940,Pass,0,0.8897365,0.85568434,0,0.8281548
9941,Pass,0,0.9500258,4.214985,0,0.6251996
9942,Pass,0,0.89088494,0.3211946,0,0.86787796
9943,Pass,0,0.8795078,0.59509945,0,0.83723885
9944,Pass,0,0.42205954,1.3729464,0,0.37512508
9945,Pass,0,0.76019514,0.7579789,0,0.7136089
9946,Pass,0,0.9929368,0.050813653,0,0.9890882
9947,Pass,0,0.9105325,0.74676555,0,0.85556215
9948,Pass,0,0.98506355,1.7020705,0,0.84920275
9949,Pass,0,0.9908501,0.28189233,0,0.96842283
9950,Pass,0,0.98742676,0.015883759,0,0.98639935
9951,Pass,0,0.98391694,0.8364556,0,0.91735256
9952,Pass,0,0.9971239,0.36296573,0,0.96799225
9953,Pass,0,0.8932224,0.8489382,0,0.8318886
9954,Pass,0,0.98966867,0.6081044,0,0.9410606
9955,Pass,0,0.97685415,0.08103736,0,0.9706712
9956,Pass,0,0.9891081,0.019166568,0,0.9878154
9957,Pass,0,0.9931471,0.15392987,0,0.9809843
9958,Pass,0,0.98346764,0.34855896,0,0.9558851
9959,Pass,0,0.64920706,1.1077961,0,0.59098667
9960,Pass,0,0.9643739,1.014196,0,0.88521713
9961,Pass,0,0.99566203,0.43510714,0,0.96074224
9962,Pass,0,0.9755914,1.3497503,0,0.8689394
9963,Pass,0,0.99968576,0.25955242,0,0.97887146
9964,Pass,0,0.992568,1.2206055,0,0.8944658
9965,Pass,0,0.89005244,0.93626434,0,0.8226268
9966,Pass,0,0.9969362,0.50712657,0,0.9561432
9967,Pass,0,0.95315367,0.29595184,0,0.9304918
9968,Pass,0,0.9998185,0.04005697,0,0.9968162
9969,Pass,0,0.989153,0.028733427,0,0.987092
9970,Pass,0,0.5035584,1.9879776,0,0.42242
9971,Pass,0,0.9973659,1.2548414,0,0.8960176
9972,Pass,0,0.9977418,0.75540733,0,0.9368066
9973,Pass,0,0.8179606,0.46672717,0,0.78717357
9974,Pass,0,0.9989918,0.31060478,0,0.9740518
9975,Pass,0,0.77943313,2.4026947,0,0.6276028
9976,Pass,0,0.84593534,1.0406274,0,0.7746851
9977,Pass,0,0.9871252,1.1596094,0,0.8944487
9978,Pass,0,0.99242437,0.050873023,0,0.98857296
9979,Pass,0,0.997358,0.29434738,0,0.973775
9980,Pass,0,0.8218067,1.7384613,0,0.7060347
9981,Pass,0,0.9731554,0.81423736,0,0.90907425
9982,Pass,0,0.42788288,2.5024416,0,0.34106842
9983,Pass,0,0.99996936,0.20191935,0,0.9838275
9984,Pass,0,0.9906681,0.029663967,0,0.98852915
9985,Pass,0,0.95725125,0.5362815,0,0.91581655
9986,Pass,0,0.7241909,1.2469438,0,0.6510658
9987,Pass,0,0.9990941,0.39039758,0,0.96768004
9988,Pass,0,0.9993088,1.5283962,0,0.87557197
9989,Pass,0,0.9995758,0.31370062,0,0.97436994
9990,Pass,0,0.999666,0.6373501,0,0.94819367
9991,Pass,0,0.9995129,0.87555635,0,0.9287209
9992,Pass,0,0.7843634,0.7613456,0,0.7360817
9993,Pass,0,0.9988268,1.5194024,0,0.8758789
9994,Pass,0,0.9985751,0.041167457,0,0.99548656
9995,Pass,0,0.99994123,0.44146717,0,0.96435505
9996,Pass,0,0.9961033,0.55169106,0,0.95174086
9997,Pass,0,0.9862764,1.6409556,0,0.85514134
9998,Pass,0,0.9879631,0.58438206,0,0.9413414
9999,Pass,0,0.99995923,0.2751857,0,0.97787017
