ID,Outcome,SUT,Confidence,dsa,lsa,conf*(1-norm_dsa)
0,Pass,0,0.9999566,0.2891691,0,0.94122595
1,Pass,0,0.9174349,0.88311774,0,0.7488086
2,Pass,0,0.9996014,0.4125421,0,0.9149231
3,Pass,0,0.9999305,0.101230435,0,0.9807731
4,Pass,0,0.99924755,0.061781276,0,0.98840386
5,Pass,0,0.9999807,0.09680658,0,0.9817539
6,Pass,0,0.99998367,0.040026005,0,0.993713
7,Pass,0,0.9999583,0.015217795,0,0.99891144
8,Pass,0,0.9999782,0.048602942,0,0.9919015
9,Pass,0,0.94823474,0.3890739,0,0.87259376
10,Pass,0,0.84140563,1.0862974,0,0.6507551
11,Pass,0,0.9999989,0.12093721,0,0.97669053
12,Pass,0,0.4944779,1.2580587,0,0.364552
13,Pass,0,0.99804735,0.18360597,0,0.961614
14,Pass,0,0.9999237,0.13462661,0,0.97373474
15,Pass,0,0.99999475,0.22687617,0,0.9543789
16,Pass,0,0.7314598,0.78179127,0,0.6126229
17,Pass,0,0.9998759,0.13029006,0,0.9746012
18,Pass,0,0.99994314,0.3653229,0,0.92517835
19,Pass,0,0.9961696,0.1771644,0,0.961156
20,Pass,0,0.55023646,0.83895504,0,0.45421883
21,Pass,0,0.99994755,0.21008436,0,0.9578695
22,Pass,0,0.9999615,0.16865747,0,0.9666059
23,Pass,0,0.9999236,0.5128888,0,0.89408946
24,Pass,0,0.9999685,0.11005573,0,0.9789521
25,Pass,0,0.99996245,0.13388617,0,0.97392833
26,Pass,0,0.9998683,0.039939776,0,0.99361646
27,Pass,0,0.999946,0.12846312,0,0.97505426
28,Pass,0,0.99995565,0.11149852,0,0.9786357
29,Pass,0,0.99999,0.15904687,0,0.9686571
30,Pass,0,0.85594153,0.56694376,0,0.7556041
31,Pass,0,0.99991965,0.44912165,0,0.9075124
32,Pass,0,0.99999785,0.2337548,0,0.95293343
33,Pass,0,0.9999999,0.05656081,0,0.9902473
34,Pass,0,0.9996983,0.4553241,0,0.9060058
35,Pass,0,0.99997985,0.13103877,0,0.9745449
36,Pass,0,0.9999771,0.109844714,0,0.979005
37,Pass,0,0.9999397,0.0465231,0,0.9923013
38,Pass,0,0.9999846,0.27895716,0,0.94340265
39,Pass,0,0.9968676,0.55933577,0,0.8816071
40,Pass,0,0.96152085,0.92840666,0,0.7756219
41,Pass,0,0.99969375,0.47367325,0,0.90213907
42,Pass,0,0.9999871,0.09016467,0,0.98315877
43,Pass,0,0.9994918,3.2722058,0,0.31296518
44,Pass,0,0.99992514,0.17726088,0,0.96475923
45,Pass,0,0.9999939,0.091278166,0,0.982931
46,Pass,0,0.79632074,0.52320814,0,0.710306
47,Pass,0,0.9999995,0.055138756,0,0.9905464
48,Pass,0,0.98322004,0.49148938,0,0.8835843
49,Pass,0,0.99999917,0.19483551,0,0.96112996
50,Pass,0,0.99999833,0.17346649,0,0.9656288
51,Pass,0,0.4368365,0.96175677,0,0.3493115
52,Pass,0,0.9999976,0.13064839,0,0.97464436
53,Pass,0,0.9942345,0.38396037,0,0.91599464
54,Pass,0,0.99999976,0.06518369,0,0.98843145
55,Pass,0,0.983697,0.48178142,0,0.8860238
56,Pass,0,0.99997246,0.11339094,0,0.9782537
57,Pass,0,0.99747306,0.4495654,0,0.9051987
58,Pass,0,0.999997,0.19037929,0,0.96206623
59,Pass,0,0.9768093,0.23415588,0,0.9307537
60,Pass,0,0.6908949,1.3851457,0,0.49087068
61,Pass,0,0.9999894,0.18571073,0,0.96304196
62,Pass,0,0.99991536,0.039033066,0,0.99385417
63,Pass,0,0.9996667,0.25091726,0,0.94900507
64,Pass,0,0.996813,0.45512012,0,0.9034338
65,Pass,0,0.63180995,0.49627662,0,0.5671479
66,Pass,0,0.8270236,0.86989737,0,0.67731744
67,Pass,0,0.99999297,0.12616177,0,0.9755846
68,Pass,0,0.99999404,0.09179895,0,0.98282146
69,Pass,0,0.9968875,0.34438866,0,0.9267456
70,Pass,0,0.9886263,0.30897728,0,0.9264375
71,Pass,0,0.8995425,0.18968782,0,0.865553
72,Pass,0,0.99979967,0.37032768,0,0.923992
73,Pass,0,0.9999924,0.275038,0,0.94423515
74,Pass,0,0.9719016,0.4160599,0,0.8888499
75,Pass,0,0.9999609,0.04208864,0,0.99325603
76,Pass,0,0.9451468,0.5713287,0,0.83347964
77,Pass,0,0.99999166,0.17532201,0,0.96523166
78,Pass,0,0.99993193,0.04382124,0,0.99286246
79,Pass,0,0.9998846,0.36522835,0,0.92514414
80,Pass,0,0.53073657,2.4885798,0,0.25376296
81,Pass,0,0.9999827,0.14264144,0,0.9721045
82,Pass,0,0.99919385,0.2872428,0,0.94091326
83,Pass,0,0.99628997,0.28746548,0,0.938132
84,Pass,0,0.9999999,0.058950752,0,0.98974407
85,Pass,0,0.9999831,0.038712934,0,0.9939889
86,Pass,0,0.99891675,1.424307,0,0.7014784
87,Pass,0,0.9968226,0.7940425,0,0.8323018
88,Pass,0,0.9992042,0.3809827,0,0.92119974
89,Pass,0,0.9999839,0.1376211,0,0.9731628
90,Pass,0,0.9995054,0.20293789,0,0.9589501
91,Pass,0,0.6400596,1.2930187,0,0.4671697
92,Pass,0,0.75705737,0.869809,0,0.62003046
93,Pass,0,0.9861503,0.5926352,0,0.8652142
94,Pass,0,0.99999964,0.17362525,0,0.9655967
95,Pass,0,0.9990687,0.39926994,0,0.9172276
96,Pass,0,0.99978966,0.2528838,0,0.9487078
97,Pass,0,0.8956891,0.36834696,0,0.8281489
98,Pass,0,0.99980265,0.35847518,0,0.92649
99,Pass,0,0.99993825,0.15341583,0,0.96979266
100,Pass,0,0.7352058,1.7376585,0,0.46777928
101,Pass,0,0.9997925,0.19965915,0,0.9599158
102,Pass,0,0.99998474,0.118793555,0,0.9771281
103,Pass,0,0.9999944,0.10118345,0,0.9808457
104,Pass,0,0.9911514,0.2962148,0,0.93146735
105,Pass,0,0.6635364,0.77008635,0,0.5573701
106,Pass,0,0.9999999,0.18158673,0,0.9639204
107,Pass,0,0.9235872,0.34727958,0,0.8580406
108,Pass,0,0.999949,0.14513575,0,0.9715465
109,Pass,0,0.9999509,0.034174137,0,0.99491256
110,Pass,0,0.9678252,0.71093947,0,0.8250264
111,Pass,0,0.9651088,1.0411196,0,0.75561017
112,Pass,0,0.9933308,0.47849038,0,0.89538944
113,Pass,0,0.9999579,0.016485976,0,0.99864405
114,Pass,0,0.993472,0.9578991,0,0.7952259
115,Pass,0,0.99989986,0.22006999,0,0.9557214
116,Pass,0,0.99975306,0.0807014,0,0.9849208
117,Pass,0,0.99983203,0.083551385,0,0.9843986
118,Pass,0,0.9998957,0.13967887,0,0.97264373
119,Pass,0,0.9998043,0.057241835,0,0.98991024
120,Pass,0,0.9931855,0.26659235,0,0.9395741
121,Pass,0,0.99979705,0.08403563,0,0.9842622
122,Pass,0,0.9998863,0.041528594,0,0.99329984
123,Pass,0,0.9999144,0.17246808,0,0.965758
124,Pass,0,0.99999917,0.042688962,0,0.99316764
125,Pass,0,0.99924123,0.07947222,0,0.9846753
126,Pass,0,0.9999763,0.2458902,0,0.95035756
127,Pass,0,0.99998164,0.2975135,0,0.93949246
128,Pass,0,0.9995652,0.29030323,0,0.94061875
129,Pass,0,0.999936,0.18977264,0,0.96213526
130,Pass,0,0.99999976,0.10072917,0,0.9809466
131,Pass,0,0.9999994,0.08051071,0,0.9852037
132,Pass,0,0.9999918,0.15738706,0,0.9690083
133,Pass,0,0.99999654,0.06770818,0,0.98789674
134,Pass,0,0.99960583,0.17337368,0,0.9652693
135,Pass,0,0.99984646,0.057368647,0,0.9899253
136,Pass,0,0.95194924,0.7721291,0,0.79922724
137,Pass,0,0.9797775,0.6778305,0,0.8420461
138,Pass,0,0.99998534,0.14861158,0,0.97084993
139,Pass,0,0.99995077,0.29317558,0,0.9403768
140,Pass,0,0.98744696,0.73832065,0,0.83605975
141,Pass,0,0.80294853,0.77755433,0,0.67321354
142,Pass,0,0.9999968,0.07967138,0,0.98537785
143,Pass,0,0.99999654,0.26324898,0,0.94672155
144,Pass,0,0.88965845,0.5236912,0,0.7934714
145,Pass,0,0.9999323,0.1910125,0,0.9618706
146,Pass,0,0.99988806,0.18473707,0,0.96314937
147,Pass,0,0.999998,0.056660146,0,0.9902245
148,Pass,0,0.5495439,0.81420034,0,0.45651174
149,Pass,0,0.9999937,0.3445728,0,0.92959446
150,Pass,0,0.999987,0.1047392,0,0.9800897
151,Pass,0,0.99812204,0.2995924,0,0.9373084
152,Pass,0,0.9791022,0.6191389,0,0.85356617
153,Pass,0,0.99981695,0.31627634,0,0.9353875
154,Pass,0,0.99999344,0.052070707,0,0.99118644
155,Pass,0,0.99928504,0.059223615,0,0.98897916
156,Pass,0,0.9999889,0.12214881,0,0.97642565
157,Pass,0,0.999987,0.12612578,0,0.97558635
158,Pass,0,0.9999808,0.19927776,0,0.9601769
159,Pass,0,0.7287722,0.47994855,0,0.6566923
160,Pass,0,0.9264167,1.1255224,0,0.708852
161,Pass,0,0.99999285,0.1576616,0,0.9689516
162,Pass,0,0.9999913,0.09574085,0,0.9819887
163,Pass,0,0.9999113,0.18941402,0,0.962187
164,Pass,0,0.9999702,0.16109318,0,0.96820706
165,Pass,0,0.9999852,0.160378,0,0.9683722
166,Pass,0,0.9996778,0.17603584,0,0.9647785
167,Pass,0,0.62571573,1.2105125,0,0.46757117
168,Pass,0,0.999476,0.5143126,0,0.8933896
169,Pass,0,0.9999982,0.098442346,0,0.98142666
170,Pass,0,0.99999046,0.16927849,0,0.9665031
171,Pass,0,0.99960655,0.23252319,0,0.95281976
172,Pass,0,0.9808821,0.6520934,0,0.84831125
173,Pass,0,0.98535097,0.276103,0,0.9301892
174,Pass,0,0.99999046,0.09316977,0,0.9825293
175,Pass,0,0.9999287,0.03510846,0,0.99469376
176,Pass,0,0.9997334,0.24676952,0,0.9499416
177,Pass,0,0.99995816,0.18882255,0,0.9623566
178,Pass,0,0.99997985,0.13303871,0,0.9741238
179,Pass,0,0.99987173,0.20085222,0,0.95974064
180,Pass,0,0.99833775,0.3028411,0,0.93682796
181,Pass,0,0.9999604,0.24821842,0,0.9498522
182,Pass,0,0.9999454,0.29554313,0,0.9398733
183,Pass,0,0.9999987,0.323816,0,0.93396986
184,Pass,0,0.7444726,0.9502024,0,0.59712064
185,Pass,0,0.99999964,0.114148445,0,0.9781208
186,Pass,0,0.99999297,0.09362767,0,0.9824353
187,Pass,0,0.9999752,0.5636296,0,0.8834513
188,Pass,0,0.9999994,0.06460374,0,0.9885532
189,Pass,0,0.99977523,0.26993546,0,0.94510436
190,Pass,0,0.9999957,0.19570918,0,0.9609426
191,Pass,0,0.9995036,0.4564587,0,0.9055906
192,Pass,0,0.99995244,0.37069663,0,0.92405546
193,Pass,0,0.99979967,0.18399498,0,0.9632204
194,Pass,0,0.9999944,0.09588007,0,0.98196244
195,Pass,0,0.99999416,0.10484001,0,0.9800755
196,Pass,0,0.5805884,1.2842361,0,0.4248363
197,Pass,0,0.6306019,0.60685545,0,0.55138004
198,Pass,0,0.9999758,0.11805201,0,0.9772755
199,Pass,0,0.99979776,0.021085804,0,0.99751574
200,Pass,0,0.6824865,0.9334361,0,0.5498128
201,Pass,0,0.99975044,0.23165095,0,0.9531405
202,Pass,0,0.99148226,0.17690335,0,0.9566879
203,Pass,0,0.9986797,0.3378961,0,0.929777
204,Pass,0,0.9979091,0.3620226,0,0.9239899
205,Pass,0,0.99997056,0.14242141,0,0.97213906
206,Pass,0,0.99999595,0.08378309,0,0.9845112
207,Pass,0,0.9618657,0.7621555,0,0.8095729
208,Pass,0,0.8429145,1.9506409,0,0.49850655
209,Pass,0,0.99986863,0.20215087,0,0.95946425
210,Pass,0,0.9972326,0.7701545,0,0.8376604
211,Pass,0,0.9983511,0.68055785,0,0.8574353
212,Pass,0,0.7164455,1.1788249,0,0.5401502
213,Pass,0,0.9999443,0.23864543,0,0.9518526
214,Pass,0,0.9983386,0.36545083,0,0.9236669
215,Pass,0,0.9999759,0.33789182,0,0.93098474
216,Pass,0,0.9989679,0.38817137,0,0.9194697
217,Pass,0,0.9998957,0.042327527,0,0.993141
218,Pass,0,0.99981505,0.20141606,0,0.95956755
219,Pass,0,0.9997775,0.45626786,0,0.90587896
220,Pass,0,0.99966836,0.2898689,0,0.94080734
221,Pass,0,0.9997254,0.4160386,0,0.91430056
222,Pass,0,0.99999595,0.110158704,0,0.97895724
223,Pass,0,0.99999976,0.054453887,0,0.9906909
224,Pass,0,0.9992092,0.18200101,0,0.96307117
225,Pass,0,0.99999905,0.22207415,0,0.95539415
226,Pass,0,0.9992218,0.7103687,0,0.85191065
227,Pass,0,0.99997556,0.06791062,0,0.9878334
228,Pass,0,0.99997973,0.18566397,0,0.9630425
229,Pass,0,0.9999858,0.17558633,0,0.9651704
230,Pass,0,0.9971469,0.2918922,0,0.9380095
231,Pass,0,0.99997365,0.024959143,0,0.9968756
232,Pass,0,0.9997186,0.10340974,0,0.98010653
233,Pass,0,0.99587303,2.3276598,0,0.5099056
234,Pass,0,0.99972516,0.06370913,0,0.9884705
235,Pass,0,0.9999956,0.15367252,0,0.9697942
236,Pass,0,0.7061207,0.7537491,0,0.5955701
237,Pass,0,0.99999917,0.11261528,0,0.97844315
238,Pass,0,0.9998399,0.31970158,0,0.93468785
239,Pass,0,0.999907,0.14279228,0,0.97199917
240,Pass,0,0.79224133,0.458209,0,0.71751064
241,Pass,0,0.99964714,0.24760161,0,0.9496845
242,Pass,0,0.9998435,0.058382783,0,0.9897089
243,Pass,0,0.9987379,0.12882681,0,0.9737997
244,Pass,0,0.9993672,0.19341817,0,0.9608208
245,Pass,0,0.999522,0.15959913,0,0.9680875
246,Pass,0,0.99856144,0.5934916,0,0.8759232
247,Pass,0,0.9999347,0.15220688,0,0.9700438
248,Pass,0,0.99986553,0.22004163,0,0.95569456
249,Pass,0,0.9995939,0.36507466,0,0.92490745
250,Pass,0,0.9999924,0.083353154,0,0.9845982
251,Pass,0,0.9054825,0.8619138,0,0.74309605
252,Pass,0,0.9999796,0.13971938,0,0.97271675
253,Pass,0,0.9999784,0.028226241,0,0.9961924
254,Pass,0,0.99913436,0.19973925,0,0.959267
255,Pass,0,0.9917229,1.626731,0,0.65415466
256,Pass,0,0.9999739,0.13215774,0,0.9743034
257,Pass,0,0.99999976,0.14164475,0,0.9723309
258,Pass,0,0.99743074,0.1591075,0,0.9661653
259,Pass,0,0.9820207,0.10259097,0,0.96292514
260,Pass,0,0.9920014,0.207891,0,0.95071596
261,Pass,0,0.96981096,1.0491401,0,0.7576537
262,Pass,0,0.99999607,0.09648994,0,0.98183566
263,Pass,0,0.5935818,1.386033,0,0.42162028
264,Pass,0,0.99999917,0.047512103,0,0.99215204
265,Pass,0,0.9999999,0.052443575,0,0.9911143
266,Pass,0,0.99997246,0.14287056,0,0.9720463
267,Pass,0,0.999998,0.182142,0,0.9638017
268,Pass,0,0.7120928,0.6761764,0,0.61223894
269,Pass,0,0.8899639,0.70501083,0,0.7597643
270,Pass,0,0.99999964,0.102872625,0,0.98049515
271,Pass,0,0.9975616,0.42517474,0,0.9104025
272,Pass,0,0.99952066,0.33036634,0,0.93214476
273,Pass,0,1.0,0.041365206,0,0.9934472
274,Pass,0,0.9999702,0.22264402,0,0.95524657
275,Pass,0,0.9999852,0.21288079,0,0.9573168
276,Pass,0,0.9999838,0.1262153,0,0.9755644
277,Pass,0,0.86035424,1.1230055,0,0.65876
278,Pass,0,0.99926907,0.28987792,0,0.9404296
279,Pass,0,0.9999665,0.19997497,0,0.9600163
280,Pass,0,0.99869436,0.036062915,0,0.99326515
281,Pass,0,0.9999913,0.06659737,0,0.98812544
282,Pass,0,0.9999844,0.108807474,0,0.97923046
283,Pass,0,0.9999684,0.36707163,0,0.92483354
284,Pass,0,0.99996614,0.11138691,0,0.97866946
285,Pass,0,0.896626,1.079928,0,0.6946659
286,Pass,0,0.99997497,0.124761626,0,0.97586185
287,Pass,0,0.7370255,1.6205748,0,0.48710805
288,Pass,0,0.9995869,0.28661662,0,0.94141513
289,Pass,0,0.9999951,0.14175522,0,0.97230315
290,Pass,0,0.99998784,0.101180196,0,0.98083997
291,Pass,0,0.9999989,0.059225578,0,0.98968524
292,Pass,0,0.99999976,0.2505534,0,0.9493979
293,Pass,0,0.9946143,0.079740606,0,0.98005956
294,Pass,0,0.9999707,0.4783599,0,0.9014021
295,Pass,0,0.9995894,0.11979193,0,0.9765316
296,Pass,0,0.8421725,1.0425034,0,0.65911454
297,Pass,0,0.85650593,0.6074055,0,0.7488048
298,Pass,0,0.9999989,0.058725107,0,0.9897906
299,Pass,0,0.99999654,0.11256586,0,0.97845095
300,Pass,0,0.99994063,0.024979416,0,0.9968384
301,Pass,0,0.9687913,0.2556872,0,0.9187214
302,Pass,0,0.9989097,0.34116662,0,0.9293033
303,Pass,0,0.9999505,0.11693936,0,0.9774851
304,Pass,0,0.9999932,0.05571342,0,0.99041915
305,Pass,0,0.9999969,0.066387884,0,0.9881751
306,Pass,0,0.9998035,0.052310836,0,0.9909476
307,Pass,0,0.630802,1.3614117,0,0.45132813
308,Pass,0,0.9999448,0.056465283,0,0.9902129
309,Pass,0,0.91196084,1.3882928,0,0.64733046
310,Pass,0,0.99983406,0.22599772,0,0.95441043
311,Pass,0,0.99996877,0.026781581,0,0.99648696
312,Pass,0,0.9998529,0.08677847,0,0.98373973
313,Pass,0,0.9999602,0.014017004,0,0.9991662
314,Pass,0,0.9999771,0.12178714,0,0.9764903
315,Pass,0,0.99949014,0.12390991,0,0.975568
316,Pass,0,0.93953985,0.34081468,0,0.87414
317,Pass,0,0.9999958,0.088820025,0,0.9834505
318,Pass,0,0.9999192,0.2572174,0,0.9479183
319,Pass,0,0.99867284,0.25410247,0,0.94739175
320,Pass,0,0.9995403,0.41573745,0,0.91419464
321,Pass,0,0.9995049,0.37107125,0,0.92356306
322,Pass,0,0.9929652,0.6673449,0,0.85557234
323,Pass,0,0.99515176,0.4632279,0,0.90022916
324,Pass,0,0.9999994,0.26310673,0,0.9467542
325,Pass,0,0.9999963,0.1313338,0,0.9744988
326,Pass,0,0.76222634,0.7015148,0,0.6512756
327,Pass,0,0.98485065,0.6493061,0,0.8523214
328,Pass,0,0.9999633,0.080020554,0,0.98527133
329,Pass,0,0.9948572,0.17670305,0,0.9599863
330,Pass,0,0.97285426,0.91679794,0,0.7871423
331,Pass,0,1.0,0.18583876,0,0.9630252
332,Pass,0,0.9990652,0.086736016,0,0.9829737
333,Pass,0,0.99532664,0.6154927,0,0.8684746
334,Pass,0,0.9994591,0.19825894,0,0.95989037
335,Pass,0,0.99994123,0.25312343,0,0.94880116
336,Pass,0,0.9974598,0.15786433,0,0.9664546
337,Pass,0,0.9999914,0.13809212,0,0.9730709
338,Pass,0,0.68813473,1.3687713,0,0.49128234
339,Pass,0,0.99549943,0.25457495,0,0.9442823
340,Pass,0,0.9999877,0.027269237,0,0.9964032
341,Pass,0,0.7283072,1.6418865,0,0.47807765
342,Pass,0,0.9989274,0.7114263,0,0.8514372
343,Pass,0,0.9999982,0.33874863,0,0.93082505
344,Pass,0,0.9909349,0.30173618,0,0.9301118
345,Pass,0,0.98072654,0.40204138,0,0.8998157
346,Pass,0,0.9184191,1.6160735,0,0.60786355
347,Pass,0,0.99094874,0.34387183,0,0.92133254
348,Pass,0,0.7712841,0.86428696,0,0.63257897
349,Pass,0,0.9979442,0.18662173,0,0.9608809
350,Pass,0,0.9999981,0.0881164,0,0.9836009
351,Pass,0,0.99993277,0.1021673,0,0.9805781
352,Pass,0,0.99959856,0.18430915,0,0.9629606
353,Pass,0,0.9958007,0.56579566,0,0.87930906
354,Pass,0,0.99407804,0.27354583,0,0.938963
355,Pass,0,0.9999583,0.022295123,0,0.9974212
356,Pass,0,0.9999907,0.11050033,0,0.9788802
357,Pass,0,0.99645066,0.3190099,0,0.9316646
358,Pass,0,0.9999968,0.17557466,0,0.96518344
359,Pass,0,0.999887,0.16036578,0,0.96827966
360,Pass,0,0.99798524,0.2929404,0,0.93857783
361,Pass,0,0.9997019,0.036482308,0,0.994179
362,Pass,0,0.9975419,0.22117753,0,0.953235
363,Pass,0,0.9456494,0.6597155,0,0.8163226
364,Pass,0,0.99998116,0.19577834,0,0.9609141
365,Pass,0,0.9999782,0.09146371,0,0.9828764
366,Pass,0,0.9962366,0.1759132,0,0.9614832
367,Pass,0,0.9977285,0.27616754,0,0.94186026
368,Pass,0,0.99999404,0.17123798,0,0.9660939
369,Pass,0,0.99944335,0.22363211,0,0.95453537
370,Pass,0,0.9999659,0.2553737,0,0.9483508
371,Pass,0,0.9996346,0.116150156,0,0.9773424
372,Pass,0,0.5055317,0.4562254,0,0.458057
373,Pass,0,0.9999503,0.037986364,0,0.9941093
374,Pass,0,0.9968953,0.6895325,0,0.8543011
375,Pass,0,0.9710723,0.48730913,0,0.8735224
376,Pass,0,0.99964833,0.17410176,0,0.96515715
377,Pass,0,0.9999325,0.11729556,0,0.9773925
378,Pass,0,0.9996518,0.2061015,0,0.95842457
379,Pass,0,0.99999166,0.20291854,0,0.9594207
380,Pass,0,0.9999964,0.18103102,0,0.9640341
381,Pass,0,0.99999535,0.17057844,0,0.9662341
382,Pass,0,0.9999398,0.16698731,0,0.9669365
383,Pass,0,0.99990964,0.28501764,0,0.9420558
384,Pass,0,0.9996437,0.18027306,0,0.9638536
385,Pass,0,0.9999999,0.054446977,0,0.99069244
386,Pass,0,0.99999857,0.17108516,0,0.9661305
387,Pass,0,1.0,0.039996684,0,0.9937354
388,Pass,0,0.88012356,1.0234319,0,0.6923509
389,Pass,0,0.9995085,0.27507105,0,0.94377136
390,Pass,0,0.9999864,0.17035724,0,0.96627206
391,Pass,0,0.99999964,0.13568006,0,0.9735868
392,Pass,0,0.9999715,0.3008879,0,0.9387724
393,Pass,0,0.9997346,0.27088112,0,0.94486684
394,Pass,0,0.9999132,0.1517057,0,0.9701284
395,Pass,0,0.9999895,0.11336662,0,0.97827554
396,Pass,0,0.99998975,0.20101836,0,0.95981896
397,Pass,0,0.99946636,0.29962876,0,0.93856317
398,Pass,0,0.99938154,0.35078087,0,0.927719
399,Pass,0,0.9999994,0.12002422,0,0.9768833
400,Pass,0,0.9997774,3.0237548,0,0.3653596
401,Pass,0,0.9999989,0.12838452,0,0.97512233
402,Pass,0,0.9131092,0.70407337,0,0.77970374
403,Pass,0,0.99762195,0.29199076,0,0.9384357
404,Pass,0,0.999962,0.06213918,0,0.9890352
405,Pass,0,0.9992078,0.28166917,0,0.94209915
406,Pass,0,0.979162,0.636519,0,0.8500348
407,Pass,0,0.99978095,0.33116013,0,0.9322204
408,Pass,0,0.9809271,0.5075634,0,0.87820363
409,Pass,0,0.9998971,0.39984185,0,0.91786784
410,Pass,0,0.9998603,0.28181696,0,0.9426832
411,Pass,0,0.99997616,0.3164206,0,0.9355061
412,Pass,0,0.99985135,0.4947335,0,0.89784724
413,Pass,0,0.9999845,0.25585043,0,0.948268
414,Pass,0,0.9961565,0.3017366,0,0.9350128
415,Pass,0,0.9999988,0.1706732,0,0.9662175
416,Pass,0,0.76012737,2.561723,0,0.35173506
417,Pass,0,0.9979538,1.3524948,0,0.71589285
418,Pass,0,0.99997425,0.109027885,0,0.97917414
419,Pass,0,0.9997396,0.2509718,0,0.9490628
420,Pass,0,0.93123204,0.39988104,0,0.8548281
421,Pass,0,0.89619696,0.31616658,0,0.83846563
422,Pass,0,0.999997,0.22463988,0,0.9548519
423,Pass,0,0.9988556,0.41789848,0,0.91311383
424,Pass,0,0.999081,0.27452552,0,0.94348246
425,Pass,0,0.8131539,0.6331948,0,0.70648825
426,Pass,0,0.99999166,0.1304545,0,0.9746794
427,Pass,0,0.99998665,0.16398032,0,0.967615
428,Pass,0,0.999841,0.12921163,0,0.9747942
429,Pass,0,0.9998115,0.24975072,0,0.94938815
430,Pass,0,0.94294494,0.9462393,0,0.75709665
431,Pass,0,0.9999989,0.0840228,0,0.98446363
432,Pass,0,0.9992182,0.42138708,0,0.9127114
433,Pass,0,0.9988977,0.39639232,0,0.9176759
434,Pass,0,0.9999963,0.08233787,0,0.9848159
435,Pass,0,0.999928,0.49315017,0,0.8982495
436,Pass,0,0.89115125,0.8922445,0,0.72564334
437,Pass,0,0.99976176,0.09492583,0,0.98193485
438,Pass,0,0.71025586,1.2374065,0,0.5267222
439,Pass,0,0.9524314,1.7804431,0,0.5974097
440,Pass,0,0.99999154,0.09093938,0,0.983
441,Pass,0,0.9993781,0.124967754,0,0.975236
442,Pass,0,0.9952619,0.74747986,0,0.840757
443,Pass,0,0.9999654,0.10425873,0,0.9801697
444,Pass,0,0.99999845,0.14152879,0,0.9723541
445,Pass,0,0.9999461,0.20324706,0,0.95930785
446,Pass,0,0.99998164,0.1001899,0,0.9810424
447,Pass,0,0.99961984,0.14897871,0,0.9704178
448,Pass,0,0.87889576,0.8423589,0,0.7248963
449,Pass,0,0.9993266,0.43449473,0,0.91005206
450,Pass,0,0.9999894,0.23901397,0,0.9518179
451,Pass,0,0.506856,1.0598125,0,0.3948364
452,Pass,0,0.99999166,0.11415585,0,0.9781114
453,Pass,0,0.9990859,0.35939482,0,0.92563236
454,Pass,0,0.906801,1.0967537,0,0.69933623
455,Pass,0,0.99993324,0.15575376,0,0.9692955
456,Pass,0,0.9206541,1.1078511,0,0.7078686
457,Pass,0,0.9999434,0.11510046,0,0.9778653
458,Pass,0,0.99720997,0.33154738,0,0.92974186
459,Pass,0,0.9143148,0.6879447,0,0.7838384
460,Pass,0,0.9999994,0.14683522,0,0.97123766
461,Pass,0,0.999997,0.1449587,0,0.97163045
462,Pass,0,0.9998449,0.17970173,0,0.96416795
463,Pass,0,0.9999665,0.06041927,0,0.9894018
464,Pass,0,0.9096565,0.38598794,0,0.83768404
465,Pass,0,0.98836493,0.66221195,0,0.85267687
466,Pass,0,0.9999932,0.11964995,0,0.97695607
467,Pass,0,0.99939406,0.23929368,0,0.9511924
468,Pass,0,0.9999039,0.023588264,0,0.99709475
469,Pass,0,0.9996829,0.0901872,0,0.98285496
470,Pass,0,0.9999995,0.17614524,0,0.9650659
471,Pass,0,0.9984261,0.20343141,0,0.95781076
472,Pass,0,0.59656894,0.7735841,0,0.5006781
473,Pass,0,0.55956095,0.72662085,0,0.47515225
474,Pass,0,0.99971277,0.2503697,0,0.94916415
475,Pass,0,0.9549665,0.3950902,0,0.87757874
476,Pass,0,0.9999471,0.18662265,0,0.96280915
477,Pass,0,0.9999999,0.029874843,0,0.99586666
478,Pass,0,0.998792,0.34519523,0,0.92834646
479,Pass,0,0.9999349,0.18976934,0,0.9621349
480,Pass,0,0.99974173,0.054614134,0,0.99040145
481,Pass,0,0.9948344,0.3224633,0,0.92943
482,Pass,0,0.999997,0.10167563,0,0.98074466
483,Pass,0,0.9998919,0.29894635,0,0.9391064
484,Pass,0,0.9999894,0.08558281,0,0.9841258
485,Pass,0,0.83522356,1.3282024,0,0.60342896
486,Pass,0,0.9998092,0.16821228,0,0.9665524
487,Pass,0,0.99999964,0.1352742,0,0.9736723
488,Pass,0,0.99240875,0.6236872,0,0.86421615
489,Pass,0,0.99810433,0.12468234,0,0.97405297
490,Pass,0,0.9999999,0.19366768,0,0.96137655
491,Pass,0,0.99976915,0.24700789,0,0.94992536
492,Pass,0,0.9976184,0.3909538,0,0.9176431
493,Pass,0,0.99726665,0.285135,0,0.9395411
494,Pass,0,0.99876994,0.413952,0,0.9138655
495,Pass,0,0.99998903,0.5139406,0,0.8939265
496,Pass,0,0.99960786,0.14109287,0,0.97206604
497,Pass,0,0.99998856,0.16041079,0,0.96836853
498,Pass,0,0.9999517,0.050974153,0,0.991376
499,Pass,0,0.9974474,0.078123845,0,0.9831907
500,Pass,0,0.99999774,0.0712129,0,0.98715985
501,Pass,0,0.54876417,0.5603257,0,0.48520023
502,Pass,0,0.99942786,0.082174346,0,0.9842905
503,Pass,0,0.7407158,0.46378723,0,0.66997534
504,Pass,0,0.9999114,0.21279483,0,0.9572642
505,Pass,0,0.9998252,0.25776333,0,0.9477142
506,Pass,0,0.999997,0.0856374,0,0.9841218
507,Pass,0,0.99743277,0.3313132,0,0.92999876
508,Pass,0,0.99249953,0.3685281,0,0.91762143
509,Pass,0,0.9997346,0.44894537,0,0.90738153
510,Pass,0,0.99998915,0.17188005,0,0.965954
511,Pass,0,0.6266888,0.9082672,0,0.5081834
512,Pass,0,0.8265292,0.8741912,0,0.6761652
513,Pass,0,0.9999244,0.18117703,0,0.963934
514,Pass,0,0.8305837,0.8895022,0,0.67680424
515,Pass,0,0.48363692,1.4122376,0,0.3408579
516,Pass,0,0.97741085,0.9183756,0,0.7905043
517,Pass,0,0.99998915,0.3129671,0,0.93624544
518,Pass,0,0.9994259,0.30822274,0,0.9367165
519,Pass,0,0.99726486,0.28400567,0,0.93977654
520,Pass,0,0.99954945,0.27415457,0,0.94400287
521,Pass,0,0.9999248,0.15558274,0,0.96932334
522,Pass,0,0.9993962,0.37780154,0,0.92204624
523,Pass,0,0.99999595,0.064920686,0,0.9884831
524,Pass,0,0.9999205,0.22327106,0,0.9550671
525,Pass,0,0.9998049,0.14634265,0,0.9711525
526,Pass,0,0.9999263,0.14725526,0,0.9710783
527,Pass,0,0.9999018,0.08807407,0,0.983515
528,Pass,0,0.9997719,0.21582991,0,0.9564917
529,Pass,0,0.9999646,0.25822186,0,0.9477498
530,Pass,0,0.96485215,0.8760035,0,0.78895587
531,Pass,0,0.9227275,0.5792505,0,0.8121699
532,Pass,0,0.99979216,0.17140427,0,0.9658639
533,Pass,0,0.9999944,0.2761701,0,0.9439987
534,Pass,0,0.99999213,0.09115096,0,0.982956
535,Pass,0,0.9999753,0.19488095,0,0.9610974
536,Pass,0,0.99977845,0.34963635,0,0.9283284
537,Pass,0,0.9744056,0.31351125,0,0.912181
538,Pass,0,0.7770308,0.79846364,0,0.6480622
539,Pass,0,0.9999802,0.2136918,0,0.95714116
540,Pass,0,0.9999287,0.24074274,0,0.95139617
541,Pass,0,0.9999876,0.10020332,0,0.9810454
542,Pass,0,0.99712306,0.6675175,0,0.85911864
543,Pass,0,0.9779342,0.24800672,0,0.9289733
544,Pass,0,0.99997675,0.019145176,0,0.9981029
545,Pass,0,0.9999963,0.14979534,0,0.97061133
546,Pass,0,0.9890342,0.51760525,0,0.88337034
547,Pass,0,0.9710613,1.4032927,0,0.68621415
548,Pass,0,0.9999949,0.1831184,0,0.96359307
549,Pass,0,0.99999857,0.14525113,0,0.97157043
550,Pass,0,0.99999523,0.17770763,0,0.96473277
551,Pass,0,0.99981385,0.20851958,0,0.9580709
552,Pass,0,0.99999785,0.05016213,0,0.9915927
553,Pass,0,0.9999964,0.110100195,0,0.97897005
554,Pass,0,0.99999285,0.10684688,0,0.9796516
555,Pass,0,0.99996626,0.34794995,0,0.92885786
556,Pass,0,0.9989153,0.5419606,0,0.88707286
557,Pass,0,0.9999713,0.13430539,0,0.9738487
558,Pass,0,0.9999591,0.34584084,0,0.9292953
559,Pass,0,0.97609496,0.93219376,0,0.7865999
560,Pass,0,0.99913484,0.37909514,0,0.9215329
561,Pass,0,0.99999917,0.07865379,0,0.98559445
562,Pass,0,0.9998971,0.20967394,0,0.9579076
563,Pass,0,0.9989524,0.31491798,0,0.9348644
564,Pass,0,0.99999,0.07624279,0,0.9860931
565,Pass,0,0.9998965,0.16768052,0,0.9667488
566,Pass,0,0.9999863,0.1926235,0,0.9615834
567,Pass,0,0.99966705,0.3029447,0,0.93805355
568,Pass,0,0.9998771,0.15894195,0,0.9685699
569,Pass,0,0.9998292,0.22513744,0,0.9545869
570,Pass,0,0.9996061,0.54882693,0,0.886241
571,Pass,0,0.9148366,1.0480062,0,0.71492404
572,Pass,0,0.9998927,0.15107714,0,0.9702409
573,Pass,0,0.9999783,0.1884459,0,0.96245533
574,Pass,0,0.9967045,1.9524661,0,0.58907616
575,Pass,0,0.9990181,0.19310437,0,0.96055114
576,Pass,0,0.99997306,0.13983297,0,0.97268647
577,Pass,0,0.9999677,0.17098972,0,0.9661207
578,Pass,0,0.99996614,0.1791189,0,0.96440756
579,Pass,0,0.9999907,0.25295618,0,0.94888335
580,Pass,0,0.9963659,0.9272999,0,0.8039623
581,Pass,0,0.9997348,0.28091305,0,0.9427552
582,Pass,0,0.99998724,0.12240182,0,0.97637075
583,Pass,0,0.99931514,0.4421148,0,0.9084382
584,Pass,0,0.9996828,0.12575704,0,0.9753672
585,Pass,0,0.9831114,0.1685025,0,0.95034987
586,Pass,0,0.99952924,0.3294116,0,0.93235373
587,Pass,0,0.99997044,0.18920225,0,0.9622885
588,Pass,0,0.99658173,0.28968722,0,0.9379406
589,Pass,0,0.999998,0.06279318,0,0.9889331
590,Pass,0,0.62895644,0.8259041,0,0.52093047
591,Pass,0,0.99694926,0.21845414,0,0.95324033
592,Pass,0,0.9998679,0.35158974,0,0.92800015
593,Pass,0,0.4862475,0.38407385,0,0.44797134
594,Pass,0,0.99699485,0.37866554,0,0.91964936
595,Pass,0,0.99951446,0.2381459,0,0.9515486
596,Pass,0,0.99936897,0.3774421,0,0.9220968
597,Pass,0,0.9997688,0.28195283,0,0.94256836
598,Pass,0,0.99903643,0.33025667,0,0.93171626
599,Pass,0,0.99992347,0.24578138,0,0.95033026
600,Pass,0,0.99999905,0.24227166,0,0.9511411
601,Pass,0,0.9999541,0.23229294,0,0.9531995
602,Pass,0,0.9999738,0.18005458,0,0.9642179
603,Pass,0,0.99989295,0.20302978,0,0.95930254
604,Pass,0,0.94341516,0.7838008,0,0.78974366
605,Pass,0,0.99998343,0.20203951,0,0.9595979
606,Pass,0,0.9995907,0.23026499,0,0.95328
607,Pass,0,0.979087,0.9327981,0,0.7888865
608,Pass,0,0.99962974,0.32501465,0,0.93337303
609,Pass,0,0.9981774,0.43763626,0,0.9083453
610,Pass,0,1.0,0.17069347,0,0.96621436
611,Pass,0,0.9998165,0.22998048,0,0.95355517
612,Pass,0,0.9988681,0.40693328,0,0.9154316
613,Pass,0,0.84221196,0.77186227,0,0.70714253
614,Pass,0,0.980391,1.8904556,0,0.5922361
615,Pass,0,0.9999547,0.16630425,0,0.9670948
616,Pass,0,0.9823219,0.62320477,0,0.85553205
617,Pass,0,0.99967384,0.2309611,0,0.9532127
618,Pass,0,0.9996575,0.02651425,0,0.9962331
619,Pass,0,0.9999318,0.18277736,0,0.96360415
620,Pass,0,0.99999976,0.08228193,0,0.9848311
621,Pass,0,0.9999734,0.12936899,0,0.9748902
622,Pass,0,0.99901855,0.46459985,0,0.9034385
623,Pass,0,0.9999089,0.09554093,0,0.98194987
624,Pass,0,0.9369368,0.30000758,0,0.87976915
625,Pass,0,0.99988806,0.14519332,0,0.9714752
626,Pass,0,0.98740655,0.17347762,0,0.9534675
627,Pass,0,0.9944829,0.43202242,0,0.9061588
628,Pass,0,0.999458,0.29304683,0,0.9399405
629,Pass,0,0.9964741,0.23864247,0,0.9485499
630,Pass,0,0.9969496,0.32978734,0,0.92986864
631,Pass,0,0.9999945,0.12543947,0,0.9757382
632,Pass,0,0.99999976,0.07336932,0,0.9867078
633,Pass,0,0.99568105,0.22192802,0,0.95129937
634,Pass,0,0.99887043,0.5283821,0,0.889889
635,Pass,0,0.9951434,1.0121363,0,0.7851985
636,Pass,0,0.999845,0.3344168,0,0.9315945
637,Pass,0,0.9997713,0.30361173,0,0.938011
638,Pass,0,0.99998724,0.1430318,0,0.9720267
639,Pass,0,0.9427939,0.2646647,0,0.8922853
640,Pass,0,0.9865827,0.5147236,0,0.88177943
641,Pass,0,0.96152306,0.46794197,0,0.8688536
642,Pass,0,0.6749356,1.0496812,0,0.5272088
643,Pass,0,0.99999344,0.09608646,0,0.98191804
644,Pass,0,0.99979526,0.56178117,0,0.8836815
645,Pass,0,0.9999974,0.04102709,0,0.9935158
646,Pass,0,0.99999535,0.21426861,0,0.95703423
647,Pass,0,0.99997556,0.3223007,0,0.93426734
648,Pass,0,0.9990103,0.28453517,0,0.94131005
649,Pass,0,0.9976102,0.23024444,0,0.9513955
650,Pass,0,0.9999999,0.08520975,0,0.98421466
651,Pass,0,0.99848026,0.2576732,0,0.94645834
652,Pass,0,0.9999937,0.14473046,0,0.9716753
653,Pass,0,0.9998185,0.14525038,0,0.9713956
654,Pass,0,0.99982846,0.18239951,0,0.96358407
655,Pass,0,0.9999454,0.19273672,0,0.9615202
656,Pass,0,0.9631312,0.79886657,0,0.8031927
657,Pass,0,0.9589682,1.2144597,0,0.7157997
658,Pass,0,0.9986578,0.7876778,0,0.83517253
659,Pass,0,0.60808825,0.62344927,0,0.52957004
660,Pass,0,0.99988294,0.054293554,0,0.9906089
661,Pass,0,0.9985422,0.50006706,0,0.89555025
662,Pass,0,0.9999788,0.105216496,0,0.9799811
663,Pass,0,0.9999981,0.09481935,0,0.9821894
664,Pass,0,0.99998677,0.15702167,0,0.96908045
665,Pass,0,0.9999982,0.14019096,0,0.97263557
666,Pass,0,0.98927397,0.25838622,0,0.9375832
667,Pass,0,0.99994373,0.07569625,0,0.9861626
668,Pass,0,0.9992173,0.22447002,0,0.9541431
669,Pass,0,0.8794271,0.7386107,0,0.7445469
670,Pass,0,0.99999917,0.16645366,0,0.9671063
671,Pass,0,0.99998283,0.07344204,0,0.9866758
672,Pass,0,0.99999344,0.3724125,0,0.923732
673,Pass,0,0.99945813,0.2101941,0,0.9573776
674,Pass,0,0.9999906,0.13948126,0,0.9727776
675,Pass,0,0.99993086,0.090117775,0,0.98311335
676,Pass,0,0.9974331,0.37677306,0,0.9204511
677,Pass,0,0.9999622,0.12762381,0,0.9752468
678,Pass,0,0.9999994,0.13670711,0,0.9733703
679,Pass,0,0.9999107,0.15583535,0,0.9692565
680,Pass,0,0.9994918,0.3362654,0,0.9308763
681,Pass,0,0.6185003,1.5151192,0,0.42250785
682,Pass,0,0.9852824,0.3756679,0,0.9094675
683,Pass,0,0.999032,0.41781303,0,0.9132931
684,Pass,0,0.99999344,0.094486624,0,0.9822549
685,Pass,0,0.99974996,0.123428114,0,0.975923
686,Pass,0,0.78907615,0.5428446,0,0.7005812
687,Pass,0,0.9989743,0.06852818,0,0.98671436
688,Pass,0,0.99539065,0.40698037,0,0.9122348
689,Pass,0,0.754238,1.9084682,0,0.4527604
690,Pass,0,0.99994826,0.20281228,0,0.9594014
691,Pass,0,0.99999774,0.09491565,0,0.9821688
692,Pass,0,0.9992368,0.26952606,0,0.9446815
693,Pass,0,0.99992406,0.38456103,0,0.92111
694,Pass,0,0.9987482,0.41959503,0,0.9126589
695,Pass,0,0.9997147,0.2726806,0,0.9444692
696,Pass,0,0.39461696,0.7331928,0,0.33454365
697,Pass,0,0.988191,3.1430347,0,0.33630517
698,Pass,0,0.9997181,0.26038742,0,0.94706035
699,Pass,0,0.99817395,0.055427518,0,0.9886774
700,Pass,0,0.9979346,0.10414559,0,0.9782029
701,Pass,0,0.99999714,0.065797426,0,0.98829967
702,Pass,0,0.99998116,0.08821723,0,0.98356295
703,Pass,0,0.99999833,0.09806783,0,0.98150563
704,Pass,0,0.9999559,0.03282989,0,0.99520063
705,Pass,0,0.93467563,0.62027043,0,0.81461304
706,Pass,0,0.9999857,0.26723233,0,0.9458725
707,Pass,0,0.9998673,0.38644168,0,0.92066175
708,Pass,0,0.9289085,0.73296404,0,0.7875437
709,Pass,0,0.99936515,0.14554031,0,0.9708941
710,Pass,0,0.99996483,0.16453302,0,0.96747756
711,Pass,0,0.99921596,0.18224137,0,0.96302706
712,Pass,0,0.9994667,0.20127805,0,0.9592623
713,Pass,0,0.9999771,0.12734286,0,0.9753204
714,Pass,0,0.9831844,0.9111946,0,0.7966605
715,Pass,0,0.9990055,0.1923515,0,0.9606974
716,Pass,0,0.9991709,0.18980864,0,0.9613915
717,Pass,0,0.9999747,0.018015977,0,0.9983387
718,Pass,0,0.9998354,0.3118795,0,0.9363304
719,Pass,0,0.8963281,1.2318987,0,0.665752
720,Pass,0,0.9992052,0.2514913,0,0.94844615
721,Pass,0,0.9999596,0.12364783,0,0.9760814
722,Pass,0,0.9999057,0.22315526,0,0.95507735
723,Pass,0,0.99958175,0.20551975,0,0.95847994
724,Pass,0,0.78617793,0.92684627,0,0.63443786
725,Pass,0,0.9977323,0.5076267,0,0.8932356
726,Pass,0,0.9984457,0.42443982,0,0.91136384
727,Pass,0,0.99997246,0.06384365,0,0.9886866
728,Pass,0,0.9984285,0.47225842,0,0.90129477
729,Pass,0,0.9999999,0.15729177,0,0.9690363
730,Pass,0,0.9999968,0.09067578,0,0.98306066
731,Pass,0,0.94345653,0.7971763,0,0.787121
732,Pass,0,0.99971753,0.31011033,0,0.9365925
733,Pass,0,0.9996742,0.252592,0,0.9486597
734,Pass,0,0.9999852,0.23612605,0,0.9524221
735,Pass,0,0.9999969,0.35276517,0,0.9278724
736,Pass,0,0.99734336,0.08273278,0,0.9821203
737,Pass,0,0.999054,0.28723177,0,0.9407839
738,Pass,0,0.99999857,0.11698578,0,0.9775223
739,Pass,0,0.99997187,0.06423878,0,0.9886029
740,Pass,0,0.9997365,0.23426104,0,0.95257777
741,Pass,0,0.99993706,0.20293304,0,0.95936525
742,Pass,0,0.9998078,0.22140993,0,0.95535123
743,Pass,0,0.92055744,0.34811732,0,0.8550634
744,Pass,0,0.999569,0.3124357,0,0.9359639
745,Pass,0,0.9999291,0.08234412,0,0.98474836
746,Pass,0,0.9960484,0.38127807,0,0.9182284
747,Pass,0,0.9994199,0.13536242,0,0.9730893
748,Pass,0,0.9999312,0.027423339,0,0.9963144
749,Pass,0,0.99994373,0.29380143,0,0.9402384
750,Pass,0,0.9999869,0.23236547,0,0.9532155
751,Pass,0,0.88404936,0.9448765,0,0.7100626
752,Pass,0,0.5573577,1.0571052,0,0.43449453
753,Pass,0,0.9999813,0.16242246,0,0.9679379
754,Pass,0,0.9999515,0.31416872,0,0.93595713
755,Pass,0,0.9994192,0.093777485,0,0.9818401
756,Pass,0,0.9257421,0.36754498,0,0.85609204
757,Pass,0,0.90888906,1.7352465,0,0.5787479
758,Pass,0,0.94113284,0.7690586,0,0.7907546
759,Pass,0,0.99999535,0.078510396,0,0.9856209
760,Pass,0,0.9982956,0.1872431,0,0.9610886
761,Pass,0,0.9999236,0.016061949,0,0.99869907
762,Pass,0,0.89492244,0.5649538,0,0.7903905
763,Pass,0,0.999992,0.084423125,0,0.98437256
764,Pass,0,0.79146934,0.5005258,0,0.7097589
765,Pass,0,0.9909978,0.50154024,0,0.88847655
766,Pass,0,0.99934214,0.4634883,0,0.903965
767,Pass,0,0.9835549,0.63022584,0,0.8551518
768,Pass,0,0.99999464,0.13924727,0,0.9728308
769,Pass,0,1.0,0.17388304,0,0.96554273
770,Pass,0,0.99999714,0.14510271,0,0.97160023
771,Pass,0,0.999972,0.20606714,0,0.9587388
772,Pass,0,0.9998167,0.043852918,0,0.9927414
773,Pass,0,0.99998975,0.19412532,0,0.96127045
774,Pass,0,0.5877101,0.9929154,0,0.46609983
775,Pass,0,0.99884844,0.33262002,0,0.9310438
776,Pass,0,0.99935514,0.295194,0,0.9393919
777,Pass,0,0.99999976,0.20714289,0,0.9585389
778,Pass,0,0.99992025,0.093825,0,0.98232234
779,Pass,0,0.9999342,0.287827,0,0.94148743
780,Pass,0,0.66951334,1.0664548,0,0.5206086
781,Pass,0,0.81082946,1.6835566,0,0.52513254
782,Pass,0,0.98342794,0.22128409,0,0.93972576
783,Pass,0,0.99998045,0.116062894,0,0.97769886
784,Pass,0,0.9944975,0.75725347,0,0.83806455
785,Pass,0,0.99985886,0.16975728,0,0.9662751
786,Pass,0,0.87610227,0.8381024,0,0.7233775
787,Pass,0,0.9999981,0.08204957,0,0.9848783
788,Pass,0,0.8800278,0.42640156,0,0.80291057
789,Pass,0,0.99998176,0.2473174,0,0.9500622
790,Pass,0,0.9999026,0.13371949,0,0.97390515
791,Pass,0,0.99999833,0.119406514,0,0.97701234
792,Pass,0,0.99955744,0.25090998,0,0.9489029
793,Pass,0,0.98021173,0.71342325,0,0.83507276
794,Pass,0,0.9999975,0.09082458,0,0.98303
795,Pass,0,0.9996679,0.39806467,0,0.91803145
796,Pass,0,0.99383646,0.43531606,0,0.9048805
797,Pass,0,0.93161976,0.3576567,0,0.86346734
798,Pass,0,0.9994804,0.63390714,0,0.8682234
799,Pass,0,0.99887246,0.39440194,0,0.9180714
800,Pass,0,0.9992736,0.1276055,0,0.974579
801,Pass,0,0.9943381,0.3763792,0,0.91767746
802,Pass,0,0.999961,0.18152367,0,0.9638963
803,Pass,0,0.99999976,0.042428643,0,0.993223
804,Pass,0,0.9999994,0.10502741,0,0.98004115
805,Pass,0,0.97571385,0.741972,0,0.82537526
806,Pass,0,0.9999881,0.041136216,0,0.99348354
807,Pass,0,0.99998486,0.10421399,0,0.9801982
808,Pass,0,0.9978713,0.38966748,0,0.918146
809,Pass,0,0.9999763,0.18368569,0,0.96345574
810,Pass,0,0.9668615,0.3289996,0,0.9019653
811,Pass,0,0.50561816,0.6638179,0,0.4360332
812,Pass,0,1.0,0.032233182,0,0.99537015
813,Pass,0,0.99996185,0.61755854,0,0.872084
814,Pass,0,0.9340873,0.65264785,0,0.8077319
815,Pass,0,0.9999207,0.44012406,0,0.90940785
816,Pass,0,0.9966274,0.50998485,0,0.8917515
817,Pass,0,0.99996793,0.09909094,0,0.98126036
818,Pass,0,0.9999039,0.26107052,0,0.94709253
819,Pass,0,0.57964283,0.6317448,0,0.503785
820,Pass,0,0.9826654,0.21033347,0,0.9412631
821,Pass,0,0.99963045,0.04457539,0,0.99240434
822,Pass,0,0.47431606,0.7136932,0,0.40405756
823,Pass,0,0.99999976,0.03598763,0,0.9945793
824,Pass,0,0.9999974,0.12152927,0,0.97656435
825,Pass,0,0.9390885,1.1529311,0,0.713128
826,Pass,0,0.6403153,1.0047771,0,0.5062206
827,Pass,0,0.99996674,0.27862805,0,0.94345504
828,Pass,0,0.9976515,0.21486561,0,0.9546657
829,Pass,0,0.99712926,0.32712027,0,0.9305962
830,Pass,0,0.9945834,0.37246013,0,0.9187246
831,Pass,0,0.9999999,0.05683816,0,0.9901889
832,Pass,0,0.99653155,0.44706026,0,0.90487
833,Pass,0,0.99980754,0.7948861,0,0.83461654
834,Pass,0,0.9997663,0.06846088,0,0.9875108
835,Pass,0,0.99999034,0.31422615,0,0.9359814
836,Pass,0,0.99733174,2.0256453,0,0.5740785
837,Pass,0,0.9999174,0.23597254,0,0.9523898
838,Pass,0,0.9993186,0.07335528,0,0.9860387
839,Pass,0,0.7047865,0.4546915,0,0.63882726
840,Pass,0,0.999995,0.10800141,0,0.97941065
841,Pass,0,0.99999356,0.09121613,0,0.9829437
842,Pass,0,0.99999285,0.14697385,0,0.9712021
843,Pass,0,0.9999181,0.32503307,0,0.9336384
844,Pass,0,0.99998915,0.25583252,0,0.9482762
845,Pass,0,0.72196466,0.9799216,0,0.57454956
846,Pass,0,0.99454343,0.3086669,0,0.9320474
847,Pass,0,0.97918963,1.0065037,0,0.7737719
848,Pass,0,0.9999701,0.12229779,0,0.9763759
849,Pass,0,0.9999974,0.8399985,0,0.82527566
850,Pass,0,0.99997604,0.3607312,0,0.92617565
851,Pass,0,0.8515695,0.60963607,0,0.7440891
852,Pass,0,0.9999976,0.0580405,0,0.9899335
853,Pass,0,0.99993324,0.2098538,0,0.95790434
854,Pass,0,0.9997465,0.26001054,0,0.94716656
855,Pass,0,0.9999924,0.07856929,0,0.9856056
856,Pass,0,0.9999528,0.14892742,0,0.9707518
857,Pass,0,0.99912006,0.47592002,0,0.90114874
858,Pass,0,0.72815454,1.0755364,0,0.5648151
859,Pass,0,0.9999918,0.19847135,0,0.9603572
860,Pass,0,0.9999987,0.07673849,0,0.9859973
861,Pass,0,0.9998412,0.3529744,0,0.92768383
862,Pass,0,0.99983823,0.17753711,0,0.96461725
863,Pass,0,0.9999895,0.13441475,0,0.97384346
864,Pass,0,0.9999838,0.12220954,0,0.9764078
865,Pass,0,0.99999976,0.06568366,0,0.9883262
866,Pass,0,0.9936186,1.0109366,0,0.78424644
867,Pass,0,0.9999999,0.10348803,0,0.9803658
868,Pass,0,0.99992085,0.10562839,0,0.97983766
869,Pass,0,0.9999907,0.16783562,0,0.9668071
870,Pass,0,0.9177657,1.2888566,0,0.6706674
871,Pass,0,0.999995,0.23303254,0,0.95308274
872,Pass,0,0.9999895,0.15343663,0,0.96983796
873,Pass,0,0.91894853,0.79224575,0,0.7676282
874,Pass,0,0.9997396,0.23698549,0,0.9520072
875,Pass,0,0.9999685,0.082511246,0,0.98475206
876,Pass,0,0.9995797,0.17483132,0,0.9649373
877,Pass,0,0.9990159,0.27918416,0,0.942441
878,Pass,0,0.9998934,0.18024515,0,0.9641003
879,Pass,0,0.9999863,0.107284844,0,0.979553
880,Pass,0,0.99980325,0.031209953,0,0.99538976
881,Pass,0,0.9999763,0.32542133,0,0.9336109
882,Pass,0,0.99996233,0.06562195,0,0.9883022
883,Pass,0,0.99975187,0.3971241,0,0.9183066
884,Pass,0,0.9999943,0.14736357,0,0.97112143
885,Pass,0,0.99969494,0.4395617,0,0.9093209
886,Pass,0,0.8233582,0.5676137,0,0.72672415
887,Pass,0,0.9998791,0.20096417,0,0.9597242
888,Pass,0,0.9876096,0.3365924,0,0.91974187
889,Pass,0,0.9999994,0.052125905,0,0.9911807
890,Pass,0,0.8608472,0.8171523,0,0.7145794
891,Pass,0,0.99999523,0.209343,0,0.9580713
892,Pass,0,0.9832386,1.1505973,0,0.747138
893,Pass,0,0.9997862,0.076983206,0,0.98573625
894,Pass,0,0.99999917,0.14061664,0,0.9725469
895,Pass,0,0.57992405,0.5920369,0,0.5088784
896,Pass,0,0.9988765,0.2872881,0,0.9406049
897,Pass,0,0.9997433,0.1691558,0,0.96629
898,Pass,0,0.99610007,0.4613569,0,0.9014794
899,Pass,0,0.9999598,0.27819508,0,0.9435397
900,Pass,0,0.998944,0.20276748,0,0.9584473
901,Pass,0,0.99997234,0.14205332,0,0.9722183
902,Pass,0,0.99395037,0.306758,0,0.93189114
903,Pass,0,0.997408,0.07952742,0,0.9828571
904,Pass,0,0.9967623,0.44706553,0,0.90507835
905,Pass,0,0.9538296,0.8009372,0,0.7950198
906,Pass,0,0.99788624,0.048274357,0,0.9898955
907,Pass,0,0.9999715,0.20623635,0,0.95870274
908,Pass,0,0.99230725,0.28573853,0,0.9347426
909,Pass,0,0.99992883,0.051921178,0,0.99115384
910,Pass,0,0.9999825,0.040859148,0,0.99353635
911,Pass,0,0.99926764,0.4401354,0,0.9088115
912,Pass,0,0.7239272,0.9346855,0,0.5830071
913,Pass,0,0.94203436,0.5943281,0,0.8261726
914,Pass,0,0.9347367,1.3775138,0,0.6656189
915,Pass,0,0.9999764,0.07050967,0,0.9872869
916,Pass,0,0.9999987,0.046183053,0,0.9924314
917,Pass,0,0.99999595,0.12567836,0,0.97568935
918,Pass,0,0.99999106,0.109979086,0,0.9789903
919,Pass,0,0.9931217,0.7879454,0,0.8304868
920,Pass,0,0.9992938,0.1386684,0,0.9722708
921,Pass,0,0.9960711,0.3541996,0,0.92392886
922,Pass,0,0.9996182,0.15902075,0,0.9683024
923,Pass,0,0.98058313,0.24875256,0,0.9313357
924,Pass,0,0.7064378,0.21386246,0,0.6761488
925,Pass,0,0.99948967,0.30694064,0,0.9370461
926,Pass,0,0.97175694,0.972054,0,0.77494764
927,Pass,0,0.9863766,0.349182,0,0.91597867
928,Pass,0,0.9999701,0.10924948,0,0.9791234
929,Pass,0,0.9999691,0.07076442,0,0.9872261
930,Pass,0,0.9981501,0.6553116,0,0.862569
931,Pass,0,0.9999951,0.15996888,0,0.96846795
932,Pass,0,0.9999999,0.051560733,0,0.9913002
933,Pass,0,0.9999057,0.15832783,0,0.9687268
934,Pass,0,0.781041,0.57883865,0,0.6875275
935,Pass,0,0.99997115,0.23287113,0,0.95309407
936,Pass,0,0.9999987,0.24134488,0,0.95133597
937,Pass,0,0.99379975,0.39319915,0,0.9136607
938,Pass,0,0.99999976,0.06866169,0,0.9876991
939,Pass,0,0.9969273,0.18419257,0,0.96041167
940,Pass,0,0.5998889,0.4749282,0,0.5411905
941,Pass,0,0.89168864,1.2467912,0,0.6595098
942,Pass,0,0.99707603,0.3957963,0,0.91612756
943,Pass,0,0.9791286,0.58146316,0,0.861357
944,Pass,0,0.9999722,0.12980713,0,0.9747968
945,Pass,0,0.9998894,0.20956664,0,0.9579228
946,Pass,0,0.9998692,0.2332187,0,0.9529237
947,Pass,0,0.99991524,0.16456237,0,0.9674234
948,Pass,0,0.9989536,0.44387347,0,0.9077396
949,Pass,0,0.99998784,0.021093981,0,0.9977036
950,Pass,0,0.9995813,0.23993732,0,0.9512351
951,Pass,0,0.99999607,0.064004734,0,0.9886761
952,Pass,0,0.99999166,0.042820327,0,0.99313253
953,Pass,0,0.9999809,0.14370666,0,0.97187847
954,Pass,0,0.9998609,0.20621131,0,0.95860195
955,Pass,0,0.99966896,0.050665688,0,0.9911606
956,Pass,0,0.9999851,0.20840776,0,0.9582585
957,Pass,0,0.99885345,0.43840182,0,0.9087994
958,Pass,0,0.99993336,0.06480994,0,0.98844457
959,Pass,0,0.99998915,0.13612145,0,0.9734837
960,Pass,0,0.9997316,0.104466245,0,0.97989684
961,Pass,0,0.49470508,1.1244264,0,0.37864006
962,Pass,0,0.9999925,0.14564668,0,0.9714812
963,Pass,0,0.9986683,0.37743783,0,0.92145115
964,Pass,0,0.99992955,0.1507352,0,0.97034866
965,Pass,0,0.99999595,0.12310499,0,0.9762312
966,Pass,0,0.9956558,0.71880186,0,0.8471023
967,Pass,0,0.99982065,0.224065,0,0.95480454
968,Pass,0,0.9992843,0.26380613,0,0.94593
969,Pass,0,0.9936388,0.53354335,0,0.8841483
970,Pass,0,0.9821401,0.664412,0,0.8468516
971,Pass,0,0.9999999,0.14109185,0,0.9724475
972,Pass,0,0.9999944,0.26283142,0,0.94680744
973,Pass,0,0.9862381,0.48242858,0,0.8881783
974,Pass,0,0.81081855,0.80559796,0,0.6750239
975,Pass,0,0.9515648,0.50515926,0,0.85239786
976,Pass,0,0.9999993,0.06763614,0,0.98791456
977,Pass,0,0.9997707,0.39660177,0,0.91843385
978,Pass,0,0.99997425,0.02264941,0,0.99736255
979,Pass,0,0.63662946,0.5218621,0,0.56804425
980,Pass,0,0.99973935,0.10201482,0,0.98042053
981,Pass,0,0.9997464,0.33385107,0,0.9316217
982,Pass,0,0.89021045,1.0624559,0,0.69297063
983,Pass,0,0.99929905,0.57209367,0,0.8810729
984,Pass,0,0.9999951,0.23038471,0,0.95364046
985,Pass,0,1.0,0.136228,0,0.9734718
986,Pass,0,0.9994018,0.37554148,0,0.922527
987,Pass,0,0.9993087,0.1132816,0,0.9776274
988,Pass,0,0.99999857,0.085718244,0,0.9841063
989,Pass,0,0.9998124,0.4674986,0,0.90354615
990,Pass,0,0.9999999,0.08432092,0,0.9844018
991,Pass,0,0.9999987,0.12770726,0,0.9752648
992,Pass,0,0.9999999,0.058432356,0,0.9898532
993,Pass,0,0.99998415,0.2037933,0,0.9592293
994,Pass,0,0.99995387,0.29252285,0,0.9405172
995,Pass,0,0.9999685,0.135929,0,0.9735041
996,Pass,0,0.99999976,0.04883419,0,0.9918742
997,Pass,0,0.99968004,0.15180382,0,0.96988153
998,Pass,0,0.99999976,0.050028957,0,0.9916226
999,Pass,0,0.9956318,0.5731737,0,0.8776131
1000,Pass,0,0.99950397,0.18469127,0,0.96278906
1001,Pass,0,0.9999995,0.05038486,0,0.99154747
1002,Pass,0,0.9998511,0.28470755,0,0.94206595
1003,Pass,0,0.999998,0.18219382,0,0.9637908
1004,Pass,0,0.999933,0.36366606,0,0.92551786
1005,Pass,0,0.99997187,0.08914093,0,0.98335934
1006,Pass,0,0.9995703,0.5425428,0,0.88753194
1007,Pass,0,0.9999925,0.16789302,0,0.96679676
1008,Pass,0,0.9999976,0.11629805,0,0.97766614
1009,Pass,0,0.9999949,0.13181949,0,0.9743951
1010,Pass,0,0.9778405,0.7039257,0,0.83500814
1011,Pass,0,0.9998877,0.39700714,0,0.91845596
1012,Pass,0,0.99194217,0.22236124,0,0.94763666
1013,Pass,0,0.8555103,0.51736027,0,0.7641556
1014,Pass,0,0.9582362,0.8330079,0,0.7922216
1015,Pass,0,0.8574504,1.2422686,0,0.6350031
1016,Pass,0,0.9999846,0.23273136,0,0.95313627
1017,Pass,0,0.99847096,0.15152477,0,0.96876717
1018,Pass,0,0.9990471,0.22069411,0,0.954775
1019,Pass,0,1.0,0.022916844,0,0.9973319
1020,Pass,0,0.9999994,0.06224262,0,0.98905045
1021,Pass,0,0.99997175,0.13964605,0,0.97272456
1022,Pass,0,0.99997747,0.011676793,0,0.9996762
1023,Pass,0,0.99999976,0.3941647,0,0.91915745
1024,Pass,0,0.9996158,0.21492948,0,0.9565319
1025,Pass,0,0.99990964,0.29208696,0,0.9405674
1026,Pass,0,0.5330647,0.67573494,0,0.45836478
1027,Pass,0,0.9999993,0.08745461,0,0.9837414
1028,Pass,0,0.99974686,0.2522625,0,0.948798
1029,Pass,0,0.9999436,0.15066722,0,0.9703766
1030,Pass,0,0.9998882,0.17672507,0,0.9648364
1031,Pass,0,0.99999785,0.12877057,0,0.97504
1032,Pass,0,0.9872528,0.2530394,0,0.93677914
1033,Pass,0,0.9995869,0.12273148,0,0.9759104
1034,Pass,0,0.99999917,0.082566544,0,0.98477054
1035,Pass,0,0.46968374,0.8911202,0,0.38256353
1036,Pass,0,0.9999311,0.17889361,0,0.9644212
1037,Pass,0,0.9998759,0.13541168,0,0.9735229
1038,Pass,0,0.82025117,1.5438784,0,0.55535984
1039,Pass,0,0.8998096,0.5615777,0,0.79534644
1040,Pass,0,0.99955696,0.24452682,0,0.950246
1041,Pass,0,0.9995252,0.41231707,0,0.91490066
1042,Pass,0,0.99999785,0.20145927,0,0.9597339
1043,Pass,0,0.99998355,0.14425589,0,0.9717654
1044,Pass,0,0.92686754,0.43098134,0,0.84475183
1045,Pass,0,0.9392039,1.0449789,0,0.7345653
1046,Pass,0,0.9719462,0.20599915,0,0.93188256
1047,Pass,0,0.99999785,0.05200301,0,0.99120504
1048,Pass,0,0.99998915,0.15137422,0,0.9702719
1049,Pass,0,0.9982152,0.04620279,0,0.99065727
1050,Pass,0,0.99958855,0.121790536,0,0.97611016
1051,Pass,0,0.9900461,0.65717137,0,0.855178
1052,Pass,0,0.95762706,0.5328034,0,0.8522539
1053,Pass,0,0.8932304,1.0353556,0,0.7004187
1054,Pass,0,0.90716016,0.35101497,0,0.8420658
1055,Pass,0,0.998874,0.15745506,0,0.96791095
1056,Pass,0,0.99999726,0.26696238,0,0.94594026
1057,Pass,0,0.99996173,0.23589815,0,0.9524477
1058,Pass,0,0.998863,0.5729542,0,0.8805074
1059,Pass,0,0.9983859,0.049690682,0,0.9900934
1060,Pass,0,0.94750804,0.46617875,0,0.8565412
1061,Pass,0,0.99963653,0.42069694,0,0.9132387
1062,Pass,0,0.99998796,0.16737156,0,0.96690226
1063,Pass,0,0.9999888,0.09964252,0,0.9811647
1064,Pass,0,0.9999995,0.090688854,0,0.9830606
1065,Pass,0,0.9999931,0.1521372,0,0.97011507
1066,Pass,0,0.9998252,0.31769064,0,0.93509746
1067,Pass,0,0.9999987,0.16786483,0,0.96680874
1068,Pass,0,0.9884686,0.4095559,0,0.9053549
1069,Pass,0,0.9989048,0.050245266,0,0.9904914
1070,Pass,0,0.99999833,0.05784782,0,0.9899748
1071,Pass,0,0.9994881,0.33637968,0,0.93084884
1072,Pass,0,0.9995604,0.4378912,0,0.90955013
1073,Pass,0,0.9978892,0.567023,0,0.8808954
1074,Pass,0,0.9999931,0.2748886,0,0.9442673
1075,Pass,0,0.99995434,0.44654125,0,0.9080872
1076,Pass,0,0.9999907,0.564533,0,0.88327473
1077,Pass,0,0.9999199,0.32231227,0,0.9342129
1078,Pass,0,0.9998343,0.24267167,0,0.9509002
1079,Pass,0,0.9999999,0.09789928,0,0.98154265
1080,Pass,0,0.99990666,0.19511482,0,0.9609822
1081,Pass,0,0.97300816,0.2087642,0,0.93233424
1082,Pass,0,0.998228,0.37155467,0,0.92228156
1083,Pass,0,0.8674095,0.8285483,0,0.7179452
1084,Pass,0,0.99839896,0.53112155,0,0.88889307
1085,Pass,0,0.6425581,1.1420242,0,0.48942354
1086,Pass,0,0.99970657,0.2580483,0,0.94754183
1087,Pass,0,0.9999757,0.3838431,0,0.9213087
1088,Pass,0,1.0,0.14647833,0,0.97131336
1089,Pass,0,0.97551984,1.2032729,0,0.73045224
1090,Pass,0,0.998505,0.39468694,0,0.9176737
1091,Pass,0,0.9999999,0.07588525,0,0.98617816
1092,Pass,0,0.9999999,0.17845164,0,0.9645806
1093,Pass,0,0.9963135,0.6723248,0,0.8574126
1094,Pass,0,0.99954575,0.22912486,0,0.953477
1095,Pass,0,0.9999436,0.27035877,0,0.9451744
1096,Pass,0,0.9999542,0.14719655,0,0.9711177
1097,Pass,0,0.96344805,0.8187793,0,0.79941714
1098,Pass,0,1.0,0.10757467,0,0.97950536
1099,Pass,0,0.9999994,0.16662943,0,0.9670695
1100,Pass,0,0.9999,0.14411402,0,0.971714
1101,Pass,0,0.99871516,0.21904024,0,0.95480555
1102,Pass,0,0.8613304,1.8757991,0,0.522972
1103,Pass,0,0.6310123,0.85695237,0,0.5185077
1104,Pass,0,0.9754396,0.34367016,0,0.90695435
1105,Pass,0,0.5867539,0.40436044,0,0.53805965
1106,Pass,0,0.9990717,0.53151995,0,0.8894082
1107,Pass,0,0.98710907,0.23432,0,0.94053376
1108,Pass,0,0.9999937,0.0921356,0,0.98275024
1109,Pass,0,0.9999598,0.14445096,0,0.97170126
1110,Pass,0,0.9853297,0.50440687,0,0.88280004
1111,Pass,0,0.7326263,1.0433418,0,0.5732504
1112,Pass,0,1.0,0.046308167,0,0.99240637
1113,Pass,0,0.99984,0.23028734,0,0.953513
1114,Pass,0,0.9987923,0.4764904,0,0.90073305
1115,Pass,0,0.9993339,0.21761556,0,0.9556969
1116,Pass,0,0.7460897,0.59909016,0,0.65357924
1117,Pass,0,0.98656625,0.49379933,0,0.8861116
1118,Pass,0,0.9996093,0.15637828,0,0.9688501
1119,Pass,0,0.9742886,0.2729087,0,0.92040145
1120,Pass,0,0.9995586,0.040261444,0,0.9932411
1121,Pass,0,0.9999906,0.17570575,0,0.9651499
1122,Pass,0,0.9883117,0.39853022,0,0.9075058
1123,Pass,0,0.76858646,1.7433964,0,0.48808926
1124,Pass,0,0.99210656,0.21410976,0,0.94951755
1125,Pass,0,0.9991405,0.30833113,0,0.9364262
1126,Pass,0,1.0,0.034839466,0,0.99482137
1127,Pass,0,0.9999994,0.08492095,0,0.984275
1128,Pass,0,0.9998745,0.29903916,0,0.9390705
1129,Pass,0,0.9999249,0.27776405,0,0.9435975
1130,Pass,0,0.9849194,0.3375761,0,0.91703254
1131,Pass,0,0.9999993,0.05761556,0,0.9900246
1132,Pass,0,0.9945062,0.61039954,0,0.86882526
1133,Pass,0,0.982676,0.5270611,0,0.8757348
1134,Pass,0,0.71897095,0.6228735,0,0.6262224
1135,Pass,0,0.999967,0.09441827,0,0.9822433
1136,Pass,0,1.0,0.054756824,0,0.9906273
1137,Pass,0,0.9999943,0.08969183,0,0.9832654
1138,Pass,0,0.99595696,0.4726631,0,0.8989788
1139,Pass,0,0.9951047,0.33396295,0,0.9272728
1140,Pass,0,0.9999895,0.1078495,0,0.97943723
1141,Pass,0,0.99999976,0.030461047,0,0.9957431
1142,Pass,0,0.8870265,0.7302524,0,0.7525419
1143,Pass,0,0.99998546,0.08459903,0,0.9843291
1144,Pass,0,0.99911183,0.41871548,0,0.91317624
1145,Pass,0,0.9999738,0.2061794,0,0.95871687
1146,Pass,0,0.9999777,0.10714197,0,0.9795747
1147,Pass,0,0.9999906,0.20256945,0,0.9594931
1148,Pass,0,0.99898785,0.35141987,0,0.9272191
1149,Pass,0,0.9996995,0.084094726,0,0.9841537
1150,Pass,0,0.99046105,0.42452672,0,0.9040575
1151,Pass,0,0.99925727,0.22200602,0,0.9546998
1152,Pass,0,0.99928826,0.40915456,0,0.9153493
1153,Pass,0,0.90272224,0.50412357,0,0.8088423
1154,Pass,0,0.33375716,1.1324276,0,0.25489056
1155,Pass,0,0.6592498,1.6194696,0,0.43585867
1156,Pass,0,0.99991524,0.08493253,0,0.98418975
1157,Pass,0,0.9825137,0.6391718,0,0.85239565
1158,Pass,0,0.9999944,0.068260044,0,0.98777837
1159,Pass,0,0.6918091,0.3448995,0,0.64305836
1160,Pass,0,0.99825126,0.38984618,0,0.9184581
1161,Pass,0,0.9999653,0.18064298,0,0.9640858
1162,Pass,0,0.7580961,1.186701,0,0.57029456
1163,Pass,0,0.9974953,0.29294142,0,0.9381168
1164,Pass,0,0.9999267,0.24811421,0,0.94984215
1165,Pass,0,0.9999572,0.14564542,0,0.97144717
1166,Pass,0,0.7663282,0.9661948,0,0.6120697
1167,Pass,0,0.96690905,1.978588,0,0.56614786
1168,Pass,0,0.69903904,1.631138,0,0.46044752
1169,Pass,0,0.74894786,0.9846816,0,0.5952725
1170,Pass,0,0.9999968,0.09911673,0,0.98128325
1171,Pass,0,0.99974924,0.38018814,0,0.9218696
1172,Pass,0,0.9997136,2.22574,0,0.5333274
1173,Pass,0,0.9833612,2.8248048,0,0.4005566
1174,Pass,0,0.99892896,0.2073386,0,0.9574714
1175,Pass,0,0.5531273,0.8800428,0,0.4518196
1176,Pass,0,0.9999957,0.047299527,0,0.9921934
1177,Pass,0,0.9996439,0.18147306,0,0.96360123
1178,Pass,0,0.99382377,0.29333156,0,0.93458223
1179,Pass,0,0.99994564,0.19133908,0,0.9618147
1180,Pass,0,0.99984765,0.21358654,0,0.95703644
1181,Pass,0,0.9999888,0.12269783,0,0.9763099
1182,Pass,0,0.93855435,0.23118475,0,0.8948896
1183,Pass,0,0.9999944,0.08671094,0,0.9838932
1184,Pass,0,0.99983895,0.44651717,0,0.9079875
1185,Pass,0,0.6972062,0.7303438,0,0.5914874
1186,Pass,0,0.99941707,0.10284189,0,0.9799304
1187,Pass,0,0.99991274,0.0699273,0,0.98734665
1188,Pass,0,0.99898344,0.42422792,0,0.9118993
1189,Pass,0,0.9999989,0.09399911,0,0.9823629
1190,Pass,0,0.9979856,0.28645062,0,0.939942
1191,Pass,0,0.9986362,0.34854394,0,0.92749745
1192,Pass,0,0.9999075,0.3760127,0,0.9228946
1193,Pass,0,0.99994993,0.077016324,0,0.98589075
1194,Pass,0,0.99984,0.14822476,0,0.9707903
1195,Pass,0,0.99999666,0.14709765,0,0.9711797
1196,Pass,0,0.825919,1.3091854,0,0.600014
1197,Pass,0,0.9997303,0.23118044,0,0.95322037
1198,Pass,0,0.99070567,0.47002494,0,0.8947892
1199,Pass,0,0.9999906,0.1800802,0,0.96422875
1200,Pass,0,0.73949194,0.6921805,0,0.6333039
1201,Pass,0,0.9998492,0.58917534,0,0.8779616
1202,Pass,0,0.7385547,0.9511136,0,0.59223235
1203,Pass,0,0.9933791,0.29798496,0,0.93319064
1204,Pass,0,0.99998415,0.108020276,0,0.979396
1205,Pass,0,0.5570169,1.098287,0,0.42939857
1206,Pass,0,0.9990435,0.30880812,0,0.936235
1207,Pass,0,0.9999809,0.07713243,0,0.9858969
1208,Pass,0,0.9999405,0.15926117,0,0.96856403
1209,Pass,0,0.99997926,0.21387313,0,0.9571021
1210,Pass,0,0.9990213,0.07652022,0,0.9850795
1211,Pass,0,0.9999871,0.17690703,0,0.9648936
1212,Pass,0,0.99852103,0.32166073,0,0.93304294
1213,Pass,0,0.99999905,0.1052208,0,0.9800001
1214,Pass,0,0.99882454,0.50019056,0,0.8957775
1215,Pass,0,0.99992216,0.20997176,0,0.95786893
1216,Pass,0,0.9999571,0.28666043,0,0.9417546
1217,Pass,0,0.9999995,0.14216982,0,0.9722202
1218,Pass,0,0.99999976,0.023589129,0,0.9971901
1219,Pass,0,0.9810847,0.5346815,0,0.8727424
1220,Pass,0,1.0,0.2060129,0,0.95877707
1221,Pass,0,0.704547,0.98853153,0,0.559411
1222,Pass,0,0.9999126,0.18931459,0,0.96220917
1223,Pass,0,0.99961555,0.47126332,0,0.9025758
1224,Pass,0,0.9999999,0.12442933,0,0.97595614
1225,Pass,0,0.99916697,0.133579,0,0.9732182
1226,Pass,0,0.99990606,0.020327443,0,0.9977834
1227,Pass,0,0.99995995,0.18456428,0,0.963255
1228,Pass,0,0.9995122,0.3997091,0,0.9175424
1229,Pass,0,0.9999789,0.36837077,0,0.92456967
1230,Pass,0,0.99989974,0.2614672,0,0.94700503
1231,Pass,0,0.9999199,0.26193085,0,0.9469265
1232,Pass,0,0.6179393,0.9436948,0,0.49647862
1233,Pass,0,0.99999976,0.045808915,0,0.9925113
1234,Pass,0,0.99990463,0.17583123,0,0.96504045
1235,Pass,0,0.66794455,0.70309925,0,0.5704947
1236,Pass,0,0.99860865,0.6265668,0,0.8690096
1237,Pass,0,0.99999976,0.21034366,0,0.95786494
1238,Pass,0,0.99997973,0.2699341,0,0.94529796
1239,Pass,0,0.9999702,0.638958,0,0.8675853
1240,Pass,0,0.815618,1.0321352,0,0.64011276
1241,Pass,0,0.99998045,0.14554185,0,0.9714916
1242,Pass,0,0.9999784,0.07581638,0,0.9861715
1243,Pass,0,0.9999502,0.31601566,0,0.935567
1244,Pass,0,0.99997354,0.124631,0,0.975888
1245,Pass,0,0.99988055,0.20834978,0,0.9581706
1246,Pass,0,0.9999635,0.09808766,0,0.98146725
1247,Pass,0,0.9985342,0.15219702,0,0.9686872
1248,Pass,0,0.9608903,0.75844663,0,0.80950236
1249,Pass,0,0.99993956,0.44805232,0,0.9077556
1250,Pass,0,0.9999995,0.21901296,0,0.9560392
1251,Pass,0,0.9999951,0.10227537,0,0.9806165
1252,Pass,0,0.9999833,0.10714248,0,0.97958004
1253,Pass,0,0.9979037,0.123247325,0,0.97415876
1254,Pass,0,0.99992764,0.2894345,0,0.94114274
1255,Pass,0,0.9999261,0.27639446,0,0.94388694
1256,Pass,0,0.9999987,0.2704376,0,0.94520986
1257,Pass,0,0.999405,0.4869375,0,0.89908713
1258,Pass,0,0.9999999,0.088477485,0,0.9835266
1259,Pass,0,0.9999987,0.046016812,0,0.9924664
1260,Pass,0,0.9992331,0.25795016,0,0.9471137
1261,Pass,0,0.998754,0.05868408,0,0.98856705
1262,Pass,0,0.9532129,0.64913315,0,0.82497585
1263,Pass,0,0.9999999,0.05908617,0,0.9897156
1264,Pass,0,0.99999917,0.15151383,0,0.9702522
1265,Pass,0,0.99986684,0.05856295,0,0.98969406
1266,Pass,0,0.82785314,0.91147494,0,0.6707489
1267,Pass,0,0.99996364,0.08238373,0,0.98477405
1268,Pass,0,0.99948066,0.16067003,0,0.96782213
1269,Pass,0,0.9857202,0.40531996,0,0.9037169
1270,Pass,0,0.6224749,0.94135624,0,0.5004292
1271,Pass,0,0.9926317,0.27673483,0,0.93693024
1272,Pass,0,0.9999825,0.030769184,0,0.99566096
1273,Pass,0,0.99995494,0.036641233,0,0.9943971
1274,Pass,0,0.99992454,0.13899282,0,0.97281617
1275,Pass,0,0.9999989,0.1043495,0,0.9801834
1276,Pass,0,0.9996377,0.29432642,0,0.9398402
1277,Pass,0,0.9775604,0.4431276,0,0.88845336
1278,Pass,0,0.89372736,1.4883585,0,0.61555624
1279,Pass,0,0.66571856,0.4697196,0,0.60130894
1280,Pass,0,0.9999999,0.06377805,0,0.98872757
1281,Pass,0,0.9999808,0.08516918,0,0.9842045
1282,Pass,0,0.9391888,1.2126206,0,0.70139956
1283,Pass,0,0.99996924,0.16215836,0,0.9679819
1284,Pass,0,0.94526833,0.7240535,0,0.80318743
1285,Pass,0,0.99999726,0.09376345,0,0.98241097
1286,Pass,0,0.75220406,0.7933173,0,0.62817127
1287,Pass,0,0.99999154,0.121692665,0,0.97652423
1288,Pass,0,0.99551743,0.26937687,0,0.9411965
1289,Pass,0,0.99946135,0.21844134,0,0.95564497
1290,Pass,0,0.9999963,0.18924189,0,0.962305
1291,Pass,0,0.9999918,0.44496095,0,0.908454
1292,Pass,0,0.98977613,0.40906647,0,0.90665454
1293,Pass,0,0.99999726,0.0977028,0,0.98158145
1294,Pass,0,0.8779965,0.942071,0,0.70571977
1295,Pass,0,0.99911326,0.24690951,0,0.9493229
1296,Pass,0,0.9999471,0.13283814,0,0.974134
1297,Pass,0,0.99990535,0.3213138,0,0.93440956
1298,Pass,0,0.9999975,0.12850171,0,0.9750963
1299,Pass,0,0.99999964,0.075038575,0,0.9863562
1300,Pass,0,0.9999523,0.3163067,0,0.9355078
1301,Pass,0,0.99965703,0.29169247,0,0.94041276
1302,Pass,0,0.9999969,0.12067255,0,0.9767443
1303,Pass,0,0.9978955,0.18115827,0,0.961982
1304,Pass,0,0.9997588,0.1273498,0,0.97510606
1305,Pass,0,0.9972332,0.22434145,0,0.9522756
1306,Pass,0,0.95679224,1.3220147,0,0.6925061
1307,Pass,0,0.99968493,0.43647593,0,0.90996134
1308,Pass,0,0.9496456,0.8664513,0,0.77843165
1309,Pass,0,0.99999154,0.16567247,0,0.96726346
1310,Pass,0,0.99759597,0.4703518,0,0.90094376
1311,Pass,0,0.9999337,0.11665718,0,0.9775281
1312,Pass,0,0.9999176,0.08258333,0,0.98468673
1313,Pass,0,0.99995136,0.108929396,0,0.97917247
1314,Pass,0,0.9999534,0.180036,0,0.96420217
1315,Pass,0,0.9894761,0.4163806,0,0.9048558
1316,Pass,0,0.9999485,0.030132364,0,0.9957613
1317,Pass,0,0.99931526,0.17867696,0,0.9638728
1318,Pass,0,0.9999993,0.057320468,0,0.9900868
1319,Pass,0,0.9989875,0.19820258,0,0.9594493
1320,Pass,0,0.99986255,0.16939516,0,0.9663549
1321,Pass,0,0.99923635,0.23503062,0,0.9519393
1322,Pass,0,0.87946093,0.8831195,0,0.717814
1323,Pass,0,0.9721692,0.56314105,0,0.8589855
1324,Pass,0,0.97538406,1.2779995,0,0.7150026
1325,Pass,0,0.99086845,0.7978807,0,0.82652956
1326,Pass,0,0.9380219,0.58788145,0,0.823927
1327,Pass,0,0.80690634,0.4117196,0,0.7386914
1328,Pass,0,0.8822517,0.6849076,0,0.7569151
1329,Pass,0,0.9999666,0.13584004,0,0.973521
1330,Pass,0,0.99859434,0.27813327,0,0.9422642
1331,Pass,0,0.999943,0.13659829,0,0.97333837
1332,Pass,0,0.99999905,0.16266632,0,0.96790373
1333,Pass,0,0.999992,0.121565156,0,0.9765516
1334,Pass,0,0.9997118,0.5687927,0,0.88213176
1335,Pass,0,0.9984962,0.057382297,0,0.98858553
1336,Pass,0,0.9996123,0.2694523,0,0.94505197
1337,Pass,0,0.9999833,0.093566,0,0.9824388
1338,Pass,0,0.9999962,0.12271708,0,0.9763131
1339,Pass,0,1.0,0.110959105,0,0.9787927
1340,Pass,0,0.8874741,0.5295067,0,0.7904364
1341,Pass,0,0.99450845,0.3301952,0,0.92750627
1342,Pass,0,0.9990803,0.24132144,0,0.95046717
1343,Pass,0,0.99996316,0.2114152,0,0.9576042
1344,Pass,0,0.99995637,0.20055944,0,0.9598835
1345,Pass,0,0.99058175,0.60002166,0,0.86756146
1346,Pass,0,0.9999976,0.040879946,0,0.993547
1347,Pass,0,0.99878806,0.41543558,0,0.9135701
1348,Pass,0,0.99997723,0.20490815,0,0.9589879
1349,Pass,0,0.99993813,0.1529798,0,0.96988434
1350,Pass,0,0.99784315,0.24067809,0,0.9494254
1351,Pass,0,0.99999976,0.1956206,0,0.96096516
1352,Pass,0,0.9999969,0.30155239,0,0.9386563
1353,Pass,0,0.9998996,0.14402963,0,0.9717314
1354,Pass,0,0.9999826,0.18096493,0,0.9640347
1355,Pass,0,0.9963546,0.070425175,0,0.98372877
1356,Pass,0,0.99999666,0.13874857,0,0.9729378
1357,Pass,0,0.9491291,0.5401561,0,0.84322155
1358,Pass,0,0.9996923,0.30706465,0,0.93721
1359,Pass,0,0.9998814,0.23733714,0,0.95206815
1360,Pass,0,0.97463065,0.5638402,0,0.86101687
1361,Pass,0,0.9995415,0.14670134,0,0.97082114
1362,Pass,0,0.99999344,0.08954604,0,0.98329526
1363,Pass,0,0.97956055,1.4066219,0,0.69153357
1364,Pass,0,0.9999428,0.10965465,0,0.97901136
1365,Pass,0,0.99902,0.13430244,0,0.97292286
1366,Pass,0,0.99963474,0.2321943,0,0.95291585
1367,Pass,0,0.99999523,0.27959192,0,0.94327897
1368,Pass,0,0.9999268,0.28506118,0,0.9420628
1369,Pass,0,0.99916065,0.32408395,0,0.93313086
1370,Pass,0,0.99995637,0.03856458,0,0.9939935
1371,Pass,0,0.9998753,0.19782408,0,0.9603817
1372,Pass,0,0.9997428,0.20432624,0,0.95888555
1373,Pass,0,0.99999964,0.12716684,0,0.97537947
1374,Pass,0,0.9995061,0.37023172,0,0.92374086
1375,Pass,0,0.9999645,0.19037631,0,0.96203554
1376,Pass,0,0.9693366,0.1653338,0,0.93768096
1377,Pass,0,0.98598367,0.6955609,0,0.8436986
1378,Pass,0,0.9999976,0.10105675,0,0.98087555
1379,Pass,0,0.9808913,0.40191096,0,0.8999938
1380,Pass,0,0.9994343,0.21497352,0,0.9563489
1381,Pass,0,0.99999416,0.075185336,0,0.98631984
1382,Pass,0,0.99986136,0.5135926,0,0.8938857
1383,Pass,0,0.9221383,1.1686794,0,0.6971983
1384,Pass,0,0.99977034,0.44745445,0,0.9077279
1385,Pass,0,0.99978584,0.10371708,0,0.9801077
1386,Pass,0,0.9998535,0.27148148,0,0.9448528
1387,Pass,0,0.99185747,0.26327053,0,0.9390115
1388,Pass,0,0.9998036,0.11773921,0,0.9771731
1389,Pass,0,0.47779083,0.85815567,0,0.39248338
1390,Pass,0,0.9999186,0.53270864,0,0.8899118
1391,Pass,0,0.9857346,0.18396932,0,0.94967526
1392,Pass,0,0.65071875,1.0748022,0,0.50485027
1393,Pass,0,0.99779224,0.60826796,0,0.87214386
1394,Pass,0,0.9991184,0.593401,0,0.8764308
1395,Pass,0,0.9999976,0.105876334,0,0.97986066
1396,Pass,0,0.9921852,0.26285654,0,0.9394083
1397,Pass,0,0.99987876,0.19521709,0,0.96093386
1398,Pass,0,0.99999905,0.07602516,0,0.9861479
1399,Pass,0,0.9999013,0.07025431,0,0.98726654
1400,Pass,0,0.9993567,0.19781816,0,0.95988476
1401,Pass,0,0.9485206,0.38597658,0,0.87347543
1402,Pass,0,0.9994624,0.44278926,0,0.9084301
1403,Pass,0,0.99995506,0.40160775,0,0.91754913
1404,Pass,0,0.9999243,0.16218181,0,0.9679334
1405,Pass,0,0.99999774,0.14021133,0,0.9726308
1406,Pass,0,0.9999751,0.13017496,0,0.97472215
1407,Pass,0,0.9999664,0.06332269,0,0.98879033
1408,Pass,0,0.99987483,0.08540507,0,0.98405045
1409,Pass,0,0.5640712,0.98956573,0,0.4477502
1410,Pass,0,0.9995497,0.3990391,0,0.9177179
1411,Pass,0,0.99992263,0.09207014,0,0.98269415
1412,Pass,0,0.9956053,0.47711083,0,0.8977289
1413,Pass,0,0.5051782,0.896762,0,0.4108741
1414,Pass,0,0.69423455,0.8994368,0,0.5642473
1415,Pass,0,0.99999905,0.08249339,0,0.98478585
1416,Pass,0,0.9997608,0.22319525,0,0.95493054
1417,Pass,0,0.9946509,0.61923325,0,0.8671015
1418,Pass,0,0.9999902,0.20823,0,0.9583009
1419,Pass,0,0.9999945,0.07590245,0,0.9861692
1420,Pass,0,0.99999917,0.1706377,0,0.96622527
1421,Pass,0,0.9989944,0.22159818,0,0.9545345
1422,Pass,0,1.0,0.14463991,0,0.9717005
1423,Pass,0,0.99997425,0.14393875,0,0.9718231
1424,Pass,0,0.99958843,0.2764779,0,0.94355065
1425,Pass,0,0.39049515,0.62835205,0,0.33967006
1426,Pass,0,0.99619615,0.5642188,0,0.87998897
1427,Pass,0,0.99954045,0.19768427,0,0.96008945
1428,Pass,0,0.99992824,0.24576691,0,0.9503378
1429,Pass,0,0.9999993,0.020751255,0,0.9977872
1430,Pass,0,0.9604089,0.10566386,0,0.94111216
1431,Pass,0,0.9997812,0.13043536,0,0.9744783
1432,Pass,0,0.99977785,0.27282006,0,0.94449955
1433,Pass,0,0.9999739,0.1557018,0,0.96934587
1434,Pass,0,0.9997112,0.12427092,0,0.97570777
1435,Pass,0,0.9999999,0.10437654,0,0.9801787
1436,Pass,0,0.76043427,0.69578236,0,0.65066224
1437,Pass,0,0.9988105,0.3969248,0,0.91748387
1438,Pass,0,0.9999254,0.47725058,0,0.9015949
1439,Pass,0,0.99303955,0.32097995,0,0.9280633
1440,Pass,0,0.99999666,0.04621619,0,0.9924224
1441,Pass,0,0.99999523,0.08887177,0,0.98343897
1442,Pass,0,0.99999917,0.25185025,0,0.9491243
1443,Pass,0,0.9967051,0.315526,0,0.9326337
1444,Pass,0,0.9710566,0.32364297,0,0.90697414
1445,Pass,0,0.5714786,1.3241522,0,0.41336694
1446,Pass,0,0.99993384,0.39564958,0,0.9187842
1447,Pass,0,0.99972576,0.38317823,0,0.9212184
1448,Pass,0,0.9998934,0.20964774,0,0.9579096
1449,Pass,0,0.99977237,0.12750396,0,0.9750868
1450,Pass,0,0.99999464,0.11417463,0,0.9781104
1451,Pass,0,0.99996996,0.14252096,0,0.9721175
1452,Pass,0,0.9995396,0.23664615,0,0.95188814
1453,Pass,0,0.9999963,0.15504779,0,0.9695053
1454,Pass,0,0.996229,0.47066137,0,0.89964426
1455,Pass,0,0.99877185,0.3046681,0,0.9368511
1456,Pass,0,0.9998343,0.06242568,0,0.9888486
1457,Pass,0,0.9997365,0.6887111,0,0.85690874
1458,Pass,0,0.9997296,0.45418903,0,0.9062731
1459,Pass,0,0.9996196,0.12646711,0,0.97515607
1460,Pass,0,0.99978274,0.17127009,0,0.9658831
1461,Pass,0,0.99837685,0.3638377,0,0.9240414
1462,Pass,0,0.5325718,0.8855328,0,0.43441325
1463,Pass,0,0.9999492,0.29161045,0,0.9407049
1464,Pass,0,0.9999567,0.17502555,0,0.9652604
1465,Pass,0,0.8781426,0.78061306,0,0.7356927
1466,Pass,0,0.9999894,0.27895612,0,0.9434073
1467,Pass,0,0.99993634,0.08821308,0,0.9835198
1468,Pass,0,0.9643974,0.52235293,0,0.86040145
1469,Pass,0,0.99636286,0.33495086,0,0.928238
1470,Pass,0,0.9999918,0.14337958,0,0.9719579
1471,Pass,0,0.97489685,0.8784592,0,0.7966653
1472,Pass,0,0.9999474,0.15999359,0,0.9684166
1473,Pass,0,0.9999174,0.08640776,0,0.98388124
1474,Pass,0,0.9688833,0.46275726,0,0.8765623
1475,Pass,0,0.9998449,0.33732933,0,0.93098116
1476,Pass,0,0.9999422,0.16270567,0,0.9678404
1477,Pass,0,0.9999993,0.15534067,0,0.9694465
1478,Pass,0,0.9993544,0.07564689,0,0.98559177
1479,Pass,0,0.993512,1.7622366,0,0.62698627
1480,Pass,0,0.9999999,0.090063445,0,0.9831926
1481,Pass,0,0.99689317,0.3542734,0,0.9246759
1482,Pass,0,0.9967823,0.45132422,0,0.9042027
1483,Pass,0,0.83902985,0.2958814,0,0.78856504
1484,Pass,0,0.99985886,0.051752333,0,0.9911201
1485,Pass,0,0.9999889,0.118483216,0,0.9771975
1486,Pass,0,0.5071857,0.62758857,0,0.44125423
1487,Pass,0,0.99998164,0.2005608,0,0.95990753
1488,Pass,0,0.9997004,0.40646753,0,0.9162925
1489,Pass,0,0.9999652,0.08128619,0,0.9850067
1490,Pass,0,0.9929055,0.37737298,0,0.9161475
1491,Pass,0,0.9998565,0.08709933,0,0.9836757
1492,Pass,0,0.84063125,0.86848044,0,0.68871266
1493,Pass,0,0.9998981,0.028609136,0,0.99603176
1494,Pass,0,0.4853895,1.4957147,0,0.33356097
1495,Pass,0,0.80595446,0.77028614,0,0.67696726
1496,Pass,0,0.9992919,0.16093573,0,0.9675834
1497,Pass,0,0.9957902,0.5311723,0,0.8865597
1498,Pass,0,1.0,0.07658081,0,0.98603183
1499,Pass,0,0.9999988,0.11047782,0,0.97889286
1500,Pass,0,0.9778527,0.91765827,0,0.79100937
1501,Pass,0,0.9999567,0.24132884,0,0.95129937
1502,Pass,0,0.99994874,0.1350939,0,0.9736607
1503,Pass,0,0.9998281,0.09057723,0,0.9829156
1504,Pass,0,0.99995303,0.1633693,0,0.96771115
1505,Pass,0,0.70070106,1.1887273,0,0.52681893
1506,Pass,0,0.9997613,0.040338784,0,0.99342614
1507,Pass,0,0.9931966,0.5487428,0,0.880576
1508,Pass,0,0.53979033,0.883464,0,0.4405365
1509,Pass,0,0.99731296,0.2693556,0,0.9428985
1510,Pass,0,0.9998708,0.0971203,0,0.98157996
1511,Pass,0,0.99964464,0.37300283,0,0.92328554
1512,Pass,0,0.99899083,0.121311665,0,0.9756272
1513,Pass,0,0.9999945,0.101463124,0,0.9807869
1514,Pass,0,0.9999392,0.38718486,0,0.9205715
1515,Pass,0,0.9999809,0.34632477,0,0.9292137
1516,Pass,0,0.99070704,0.6091367,0,0.8657697
1517,Pass,0,0.99172604,2.5234206,0,0.46690178
1518,Pass,0,0.57851565,0.6204096,0,0.5041862
1519,Pass,0,0.9999969,0.11000017,0,0.9789916
1520,Pass,0,0.9999857,0.10164543,0,0.9807399
1521,Pass,0,0.5484663,0.97784144,0,0.43671742
1522,Pass,0,0.9531924,0.657438,0,0.8232912
1523,Pass,0,0.9994265,0.40139958,0,0.917108
1524,Pass,0,0.9977992,0.14316021,0,0.9698729
1525,Pass,0,0.9963229,0.2000402,0,0.95650464
1526,Pass,0,0.99937207,0.31679872,0,0.93486136
1527,Pass,0,0.99995995,0.077498086,0,0.9857992
1528,Pass,0,0.8385312,1.1406573,0,0.63893366
1529,Pass,0,0.99996114,0.17475133,0,0.9653224
1530,Pass,0,0.9999995,0.16911308,0,0.96654665
1531,Pass,0,0.9729143,0.7961702,0,0.8119036
1532,Pass,0,0.9997913,0.24465668,0,0.9504415
1533,Pass,0,0.9999981,0.22447449,0,0.95488775
1534,Pass,0,0.99999785,0.13675343,0,0.9733591
1535,Pass,0,0.9999877,0.13159549,0,0.97443527
1536,Pass,0,0.9977695,0.28576127,0,0.93988323
1537,Pass,0,0.99977523,0.17644623,0,0.9647861
1538,Pass,0,0.943832,0.7342952,0,0.79993147
1539,Pass,0,0.99998856,0.09179741,0,0.98281634
1540,Pass,0,0.9995937,0.11095991,0,0.97839487
1541,Pass,0,0.6096273,1.3656591,0,0.43563274
1542,Pass,0,0.96955955,1.2967552,0,0.70690376
1543,Pass,0,0.9995728,0.14195938,0,0.9718496
1544,Pass,0,0.9881247,0.5492495,0,0.8759738
1545,Pass,0,0.9997633,0.23645133,0,0.9521422
1546,Pass,0,0.9995778,0.2558034,0,0.94789225
1547,Pass,0,0.9642353,0.6218751,0,0.84004986
1548,Pass,0,0.6991994,0.9355759,0,0.56296176
1549,Pass,0,0.99994636,0.13111821,0,0.97449553
1550,Pass,0,0.9999715,0.09219562,0,0.9827157
1551,Pass,0,0.75041157,1.3932859,0,0.5318701
1552,Pass,0,0.99999905,0.11804387,0,0.9772999
1553,Pass,0,0.999169,0.49733615,0,0.896687
1554,Pass,0,0.99997663,0.23556304,0,0.9525325
1555,Pass,0,1.0,0.17929919,0,0.96440226
1556,Pass,0,0.990191,0.37873295,0,0.9133592
1557,Pass,0,0.99985194,0.47886023,0,0.90118974
1558,Pass,0,0.99982834,0.21789294,0,0.9561114
1559,Pass,0,0.99999607,0.035271414,0,0.9947265
1560,Pass,0,0.9999982,0.124503955,0,0.97593886
1561,Pass,0,0.99999976,0.06402593,0,0.98867524
1562,Pass,0,0.99965274,0.25566447,0,0.94799256
1563,Pass,0,0.99888927,0.177123,0,0.9637888
1564,Pass,0,0.99994195,0.081133455,0,0.985016
1565,Pass,0,0.98515344,0.8801579,0,0.8046944
1566,Pass,0,0.9951255,0.13709202,0,0.9685455
1567,Pass,0,0.9999999,0.104109526,0,0.9802349
1568,Pass,0,0.9999957,0.0974771,0,0.9816274
1569,Pass,0,0.9997882,0.10407898,0,0.9800339
1570,Pass,0,0.9999995,0.19270857,0,0.96157813
1571,Pass,0,0.99999964,0.19627225,0,0.9608278
1572,Pass,0,0.99988294,0.16719863,0,0.9668371
1573,Pass,0,0.9999993,0.10719806,0,0.979584
1574,Pass,0,0.99999416,0.11947103,0,0.97699463
1575,Pass,0,0.99697435,0.55668485,0,0.88225806
1576,Pass,0,0.99995995,0.5452757,0,0.8873025
1577,Pass,0,1.0,0.068863936,0,0.9876568
1578,Pass,0,0.9999994,0.054440793,0,0.9906933
1579,Pass,0,0.99991095,0.30897495,0,0.9370128
1580,Pass,0,0.9383393,1.3815573,0,0.66738534
1581,Pass,0,0.996956,0.45407823,0,0.90378207
1582,Pass,0,0.99999285,0.086084925,0,0.98402345
1583,Pass,0,0.99996126,0.16212592,0,0.9679809
1584,Pass,0,0.9996331,0.056854405,0,0.98982227
1585,Pass,0,0.9994629,0.15398481,0,0.9692119
1586,Pass,0,0.9994728,0.25585335,0,0.94778216
1587,Pass,0,0.9978011,0.49537966,0,0.89587045
1588,Pass,0,0.99980897,0.2220944,0,0.9552083
1589,Pass,0,0.9999932,0.1514201,0,0.97026616
1590,Pass,0,0.9761873,0.15894906,0,0.94562036
1591,Pass,0,0.8788323,1.2676603,0,0.64613897
1592,Pass,0,0.99580365,0.6197933,0,0.867989
1593,Pass,0,0.9999876,0.11576604,0,0.9777684
1594,Pass,0,0.9760118,0.49665105,0,0.87604576
1595,Pass,0,0.99960774,0.3090911,0,0.93670416
1596,Pass,0,0.99760854,0.19260116,0,0.95930165
1597,Pass,0,0.87955916,0.8471421,0,0.7245576
1598,Pass,0,0.99723756,0.07903076,0,0.98279345
1599,Pass,0,0.99986875,0.25445285,0,0.94845253
1600,Pass,0,0.99999905,0.06586014,0,0.98828834
1601,Pass,0,0.99988043,0.07045953,0,0.9872027
1602,Pass,0,0.9546419,0.5018742,0,0.85581464
1603,Pass,0,0.9999999,0.061991464,0,0.9891038
1604,Pass,0,0.9951402,0.38003644,0,0.9176513
1605,Pass,0,0.999032,0.4639744,0,0.9035823
1606,Pass,0,0.99999964,0.08577076,0,0.9840963
1607,Pass,0,0.99960643,0.15200327,0,0.96976817
1608,Pass,0,0.99954444,0.18531018,0,0.96269774
1609,Pass,0,0.9983646,0.6580584,0,0.8621769
1610,Pass,0,0.9512376,1.0530902,0,0.7423523
1611,Pass,0,0.99993765,0.16146429,0,0.9680974
1612,Pass,0,0.99871016,0.27371454,0,0.9433028
1613,Pass,0,0.9999988,0.07867115,0,0.98559046
1614,Pass,0,0.9852749,0.7298262,0,0.83598304
1615,Pass,0,0.99999,0.0738119,0,0.986605
1616,Pass,0,1.0,0.19065525,0,0.962011
1617,Pass,0,0.99966085,0.2621641,0,0.9466321
1618,Pass,0,0.9999877,0.051437717,0,0.99131405
1619,Pass,0,0.9999033,0.114824235,0,0.9778843
1620,Pass,0,0.99997795,0.16379598,0,0.9676454
1621,Pass,0,0.99998236,0.13754345,0,0.9731777
1622,Pass,0,0.99999404,0.055620868,0,0.9904395
1623,Pass,0,0.974189,0.5744183,0,0.8584567
1624,Pass,0,0.9996277,1.2690554,0,0.73465705
1625,Pass,0,0.874988,0.8454775,0,0.7210987
1626,Pass,0,0.9969246,0.34738693,0,0.9261507
1627,Pass,0,0.9999999,0.10168062,0,0.9807464
1628,Pass,0,0.53909534,0.3968346,0,0.49521056
1629,Pass,0,0.99981683,0.08321213,0,0.98445505
1630,Pass,0,0.99992085,0.14280523,0,0.9720099
1631,Pass,0,0.9999025,0.05710917,0,0.9900354
1632,Pass,0,0.99935037,0.45830527,0,0.90506315
1633,Pass,0,0.9999994,0.09739725,0,0.98164785
1634,Pass,0,0.8996199,0.7069185,0,0.76764625
1635,Pass,0,0.9999565,0.07393773,0,0.98654544
1636,Pass,0,0.99996984,0.15983851,0,0.96847093
1637,Pass,0,0.99995875,0.13356866,0,0.97399163
1638,Pass,0,0.9999993,0.21715485,0,0.95643026
1639,Pass,0,0.98954797,0.12138742,0,0.9663894
1640,Pass,0,0.99951565,0.11856412,0,0.976718
1641,Pass,0,0.77928305,0.3881955,0,0.7172635
1642,Pass,0,0.6475819,1.247517,0,0.47886482
1643,Pass,0,0.99987376,0.4862607,0,0.8996513
1644,Pass,0,0.99995804,0.029439013,0,0.9959167
1645,Pass,0,0.99964225,0.109260574,0,0.97880006
1646,Pass,0,0.9999912,0.18093115,0,0.96405005
1647,Pass,0,0.99869484,0.21960065,0,0.9546683
1648,Pass,0,0.5666705,1.4610661,0,0.3935519
1649,Pass,0,0.9981199,0.19097923,0,0.96013415
1650,Pass,0,0.9999982,0.19037278,0,0.96206874
1651,Pass,0,0.99999964,0.05677543,0,0.9902019
1652,Pass,0,0.9940567,0.36560634,0,0.91967267
1653,Pass,0,0.9982899,0.38121563,0,0.9203079
1654,Pass,0,0.9995085,0.115281194,0,0.977402
1655,Pass,0,0.99906176,0.11932465,0,0.9761145
1656,Pass,0,0.99999857,0.100173555,0,0.9810624
1657,Pass,0,1.0,0.07142817,0,0.9871168
1658,Pass,0,0.9999995,0.06548658,0,0.98836744
1659,Pass,0,0.99999726,0.066931166,0,0.9880611
1660,Pass,0,0.82944536,0.5514186,0,0.7349255
1661,Pass,0,0.99904245,0.2726963,0,0.94383085
1662,Pass,0,0.9111874,2.4237769,0,0.448103
1663,Pass,0,0.99979573,0.18637276,0,0.96271604
1664,Pass,0,0.9961068,0.7700999,0,0.8367262
1665,Pass,0,0.9998431,0.082404435,0,0.984651
1666,Pass,0,0.9996598,0.25723037,0,0.9476696
1667,Pass,0,0.99770504,0.27534452,0,0.94201094
1668,Pass,0,0.99971014,0.15093213,0,0.97009426
1669,Pass,0,0.9999901,0.13489936,0,0.97374195
1670,Pass,0,0.99999785,0.061797317,0,0.98914266
1671,Pass,0,0.9927772,0.24644075,0,0.9434006
1672,Pass,0,0.9999125,0.28838232,0,0.94135004
1673,Pass,0,0.99864024,0.07036708,0,0.9859977
1674,Pass,0,0.88340026,0.3965021,0,0.81154937
1675,Pass,0,0.9999993,0.07310783,0,0.9867624
1676,Pass,0,0.9669173,0.33061537,0,0.9016884
1677,Pass,0,0.9975528,0.2571679,0,0.9456854
1678,Pass,0,0.99979895,0.15086396,0,0.9701948
1679,Pass,0,0.5056681,0.38271832,0,0.46600753
1680,Pass,0,0.9962735,0.5049311,0,0.8924951
1681,Pass,0,0.99998474,0.13543116,0,0.97362477
1682,Pass,0,0.40419072,1.506786,0,0.27681866
1683,Pass,0,0.999998,0.2057384,0,0.9588329
1684,Pass,0,0.999198,0.2799429,0,0.9424531
1685,Pass,0,0.9999685,0.1103934,0,0.978881
1686,Pass,0,0.9987494,0.40377858,0,0.9159863
1687,Pass,0,0.9188681,0.9121862,0,0.74435407
1688,Pass,0,0.9999174,0.14053893,0,0.9724837
1689,Pass,0,0.41481984,0.93896097,0,0.33369732
1690,Pass,0,0.9012855,1.0733998,0,0.69951487
1691,Pass,0,0.9991928,0.25923604,0,0.94680494
1692,Pass,0,0.9998024,0.1341658,0,0.97371364
1693,Pass,0,0.99999845,0.08792085,0,0.98364234
1694,Pass,0,0.9999989,0.054305494,0,0.9907213
1695,Pass,0,0.99999785,0.21839891,0,0.9561669
1696,Pass,0,0.99995387,0.14600955,0,0.97136724
1697,Pass,0,0.99998593,0.23904997,0,0.951807
1698,Pass,0,0.99999726,0.20962508,0,0.95801383
1699,Pass,0,0.99846786,0.58612424,0,0.87739015
1700,Pass,0,0.5330565,0.75768244,0,0.44915938
1701,Pass,0,0.99999535,0.17471041,0,0.96536404
1702,Pass,0,0.99764496,0.2808487,0,0.9407979
1703,Pass,0,0.9881874,0.39904353,0,0.9072848
1704,Pass,0,0.9998074,0.15033455,0,0.97031444
1705,Pass,0,0.9988319,0.17566848,0,0.9640394
1706,Pass,0,0.98101336,0.5356636,0,0.87247604
1707,Pass,0,0.9996557,0.4653429,0,0.9038583
1708,Pass,0,0.99998796,0.19178148,0,0.96176225
1709,Pass,0,0.99521095,0.32486576,0,0.9292783
1710,Pass,0,0.9758136,0.84657717,0,0.80396557
1711,Pass,0,0.99999976,0.078333355,0,0.9856625
1712,Pass,0,0.99999523,0.17854784,0,0.96455586
1713,Pass,0,0.9833124,0.4414632,0,0.8940257
1714,Pass,0,0.99993885,0.32303688,0,0.9340781
1715,Pass,0,0.9997497,0.24806705,0,0.9496839
1716,Pass,0,0.9995809,0.26611698,0,0.94572437
1717,Pass,0,0.9997775,0.07731056,0,0.98565876
1718,Pass,0,0.9999273,0.2479452,0,0.9498783
1719,Pass,0,0.9999293,0.31274313,0,0.9362366
1720,Pass,0,0.9999896,0.116864756,0,0.977539
1721,Pass,0,0.999892,0.12700781,0,0.975308
1722,Pass,0,0.99999964,0.031901233,0,0.9954397
1723,Pass,0,0.9999858,0.20971683,0,0.95798355
1724,Pass,0,0.9975089,0.60840786,0,0.8718668
1725,Pass,0,0.99999857,0.13151413,0,0.97446305
1726,Pass,0,0.9993735,0.3109798,0,0.93608725
1727,Pass,0,0.7612482,0.92044747,0,0.6153455
1728,Pass,0,0.9999968,0.055395998,0,0.99048954
1729,Pass,0,0.99999785,0.11001184,0,0.9789901
1730,Pass,0,0.9997174,0.06222549,0,0.98877513
1731,Pass,0,0.99675924,0.4504817,0,0.90435857
1732,Pass,0,0.99999404,0.10299932,0,0.98046297
1733,Pass,0,0.9999914,0.09392521,0,0.98237115
1734,Pass,0,0.9999151,0.22594136,0,0.9544997
1735,Pass,0,0.9999994,0.09012269,0,0.9831797
1736,Pass,0,0.99999106,0.05552702,0,0.9904562
1737,Pass,0,0.9996989,0.15932249,0,0.9683171
1738,Pass,0,0.9975241,0.21835883,0,0.95381
1739,Pass,0,0.9999963,0.15315367,0,0.9699042
1740,Pass,0,0.9999976,0.11979619,0,0.97692955
1741,Pass,0,0.99998987,0.12439708,0,0.97595316
1742,Pass,0,0.9991835,0.16722761,0,0.96615463
1743,Pass,0,0.92236376,0.5208488,0,0.8231927
1744,Pass,0,0.9999075,0.38596657,0,0.92079884
1745,Pass,0,0.9999844,0.010246112,0,0.9999844
1746,Pass,0,0.9450023,0.84956187,0,0.7779864
1747,Pass,0,0.99997807,0.12453199,0,0.9759132
1748,Pass,0,0.96111095,0.2624507,0,0.91006917
1749,Pass,0,0.9999753,0.15492648,0,0.96951056
1750,Pass,0,1.0,0.042538658,0,0.9932001
1751,Pass,0,0.99989307,0.09410273,0,0.98223716
1752,Pass,0,0.99999046,0.25503856,0,0.9484446
1753,Pass,0,0.9999969,0.29840222,0,0.9393196
1754,Pass,0,1.0,0.081904314,0,0.98491085
1755,Pass,0,0.56849694,0.90882844,0,0.46092832
1756,Pass,0,0.69286376,1.1354907,0,0.52869356
1757,Pass,0,0.9870286,0.63138396,0,0.85793126
1758,Pass,0,0.9992034,0.27337536,0,0.94384
1759,Pass,0,0.99999166,0.13422452,0,0.9738856
1760,Pass,0,0.99445045,0.29670045,0,0.93446606
1761,Pass,0,1.0,0.046157606,0,0.9924381
1762,Pass,0,0.99998283,0.15758783,0,0.9689574
1763,Pass,0,0.999936,0.18698779,0,0.9627216
1764,Pass,0,0.9902047,0.5689085,0,0.8737186
1765,Pass,0,0.47483748,0.86135995,0,0.38973695
1766,Pass,0,0.99999666,0.10791858,0,0.97942966
1767,Pass,0,0.5560545,1.4224534,0,0.39070025
1768,Pass,0,0.9929883,0.5384275,0,0.8825482
1769,Pass,0,0.9998976,0.09439618,0,0.98217976
1770,Pass,0,0.999848,0.08111791,0,0.9849267
1771,Pass,0,0.970122,0.30918732,0,0.9090543
1772,Pass,0,0.96371764,0.4722047,0,0.8699717
1773,Pass,0,0.83865565,0.62414867,0,0.7302423
1774,Pass,0,0.9986921,0.44397396,0,0.90748084
1775,Pass,0,0.9999826,0.06132133,0,0.9892278
1776,Pass,0,0.98072195,0.46550164,0,0.8867062
1777,Pass,0,0.9999151,0.12274552,0,0.976228
1778,Pass,0,0.9991405,0.33812696,0,0.9301575
1779,Pass,0,0.88642776,0.82160056,0,0.7349832
1780,Pass,0,0.9993518,0.21342579,0,0.95659566
1781,Pass,0,0.9968991,0.41481894,0,0.9119718
1782,Pass,0,0.98852694,3.9046516,0,0.17788465
1783,Pass,0,0.9999944,0.18784639,0,0.9625971
1784,Pass,0,0.99665654,0.4800023,0,0.89807004
1785,Pass,0,0.9999951,0.18931887,0,0.96228766
1786,Pass,0,0.9997507,0.11091056,0,0.9785589
1787,Pass,0,0.99997485,0.23952502,0,0.95169646
1788,Pass,0,0.9996594,0.37371847,0,0.9231486
1789,Pass,0,0.41088957,0.88767713,0,0.3349728
1790,Pass,0,0.99990535,0.020594537,0,0.99772644
1791,Pass,0,0.36968434,0.80857164,0,0.30753872
1792,Pass,0,0.9996537,0.29100758,0,0.9405538
1793,Pass,0,0.99999225,0.07102529,0,0.987194
1794,Pass,0,0.9993832,0.23928858,0,0.95118314
1795,Pass,0,0.88553315,1.5769467,0,0.59339356
1796,Pass,0,0.9967764,0.2350269,0,0.9495966
1797,Pass,0,0.99999654,0.15612432,0,0.9692789
1798,Pass,0,0.72076726,0.8281274,0,0.5966349
1799,Pass,0,0.9999598,0.16922168,0,0.9664855
1800,Pass,0,0.9995931,0.38611704,0,0.92047757
1801,Pass,0,0.9999068,0.1279409,0,0.97512597
1802,Pass,0,0.9852962,0.40311778,0,0.90378505
1803,Pass,0,0.99988043,0.18513751,0,0.9630577
1804,Pass,0,0.99991953,0.10672309,0,0.97960585
1805,Pass,0,1.0,0.042026684,0,0.9933079
1806,Pass,0,0.99999106,0.046002463,0,0.99246186
1807,Pass,0,0.989673,0.41048664,0,0.9062641
1808,Pass,0,0.97578126,0.57602704,0,0.85952926
1809,Pass,0,0.9997739,0.21428654,0,0.9568185
1810,Pass,0,0.99999857,0.06570561,0,0.98832035
1811,Pass,0,0.99962234,0.057502814,0,0.98967516
1812,Pass,0,0.9194727,0.98597103,0,0.730558
1813,Pass,0,0.99414366,0.6109525,0,0.86839277
1814,Pass,0,0.9659185,0.55380094,0,0.85536224
1815,Pass,0,0.99942553,0.24479544,0,0.9500645
1816,Pass,0,0.9999616,0.20345624,0,0.95927864
1817,Pass,0,0.99986446,0.24177945,0,0.95111674
1818,Pass,0,0.99999475,0.07861395,0,0.9855985
1819,Pass,0,0.9999964,0.18519048,0,0.96315825
1820,Pass,0,0.9999963,0.17812607,0,0.9646457
1821,Pass,0,0.9998147,0.082819894,0,0.9845356
1822,Pass,0,0.9991147,0.37995392,0,0.9213337
1823,Pass,0,0.9998574,0.059407987,0,0.98950684
1824,Pass,0,0.5674826,1.4111809,0,0.400077
1825,Pass,0,0.6068149,0.8909303,0,0.49428293
1826,Pass,0,0.99986005,0.30339107,0,0.9381407
1827,Pass,0,0.9999999,0.10434612,0,0.9801851
1828,Pass,0,0.9862679,0.6106422,0,0.86157775
1829,Pass,0,0.8409879,1.3676913,0,0.6006006
1830,Pass,0,0.99998975,0.10386495,0,0.98027647
1831,Pass,0,0.9999976,0.05797312,0,0.9899477
1832,Pass,0,0.99999976,0.0760109,0,0.9861516
1833,Pass,0,0.9999672,0.358346,0,0.9266697
1834,Pass,0,0.99999964,0.067067556,0,0.98803467
1835,Pass,0,0.99990726,0.26926976,0,0.9453693
1836,Pass,0,0.9994523,0.21923077,0,0.95547014
1837,Pass,0,0.9987457,0.5140652,0,0.8927888
1838,Pass,0,0.9997435,0.70025253,0,0.8544851
1839,Pass,0,0.99999976,0.21252863,0,0.95740485
1840,Pass,0,1.0,0.055022858,0,0.9905713
1841,Pass,0,0.6096397,1.1174842,0,0.46750054
1842,Pass,0,0.8060268,0.56516576,0,0.71184236
1843,Pass,0,0.9879699,0.64941096,0,0.8549991
1844,Pass,0,0.9997427,0.14385541,0,0.9716156
1845,Pass,0,0.9996151,0.06930236,0,0.9871843
1846,Pass,0,0.99999464,0.099364705,0,0.98122895
1847,Pass,0,0.99999845,0.06357588,0,0.9887687
1848,Pass,0,0.99999,0.09916514,0,0.9812664
1849,Pass,0,0.97832525,0.6451242,0,0.8475356
1850,Pass,0,0.99998605,0.10026797,0,0.9810302
1851,Pass,0,0.9994142,0.47615376,0,0.9013648
1852,Pass,0,0.9999392,0.2065329,0,0.9586093
1853,Pass,0,0.9990109,0.45000052,0,0.9065028
1854,Pass,0,0.99932396,0.1961468,0,0.960205
1855,Pass,0,0.9955171,0.42592272,0,0.9083798
1856,Pass,0,0.9992086,0.14038599,0,0.97182655
1857,Pass,0,0.9999988,0.11679139,0,0.9775634
1858,Pass,0,0.9999782,0.041641973,0,0.99336725
1859,Pass,0,0.9999877,0.13102159,0,0.97455615
1860,Pass,0,0.99991894,0.35097322,0,0.92817736
1861,Pass,0,0.99943656,0.110645466,0,0.97830725
1862,Pass,0,0.99999046,0.10587804,0,0.9798533
1863,Pass,0,0.9997702,0.15245524,0,0.9698319
1864,Pass,0,0.9985624,0.96067387,0,0.79871714
1865,Pass,0,0.9999895,0.32762963,0,0.9331583
1866,Pass,0,0.9999652,0.098772705,0,0.9813247
1867,Pass,0,0.99998224,0.17592476,0,0.96509564
1868,Pass,0,0.9988342,0.078187175,0,0.98454446
1869,Pass,0,0.9994843,0.112953745,0,0.97786814
1870,Pass,0,0.9865021,0.15537003,0,0.95635563
1871,Pass,0,0.9999895,0.10300435,0,0.9804574
1872,Pass,0,0.9992112,0.03946842,0,0.9930626
1873,Pass,0,0.9999448,0.19928811,0,0.96014017
1874,Pass,0,0.9999982,0.10816229,0,0.9793799
1875,Pass,0,0.9984273,0.31672242,0,0.9339936
1876,Pass,0,0.9999423,0.3039918,0,0.9380914
1877,Pass,0,0.9992893,3.087336,0,0.35180235
1878,Pass,0,0.9999504,0.24911402,0,0.94965416
1879,Pass,0,0.9981371,0.16008557,0,0.966644
1880,Pass,0,0.9999993,0.12846872,0,0.975105
1881,Pass,0,0.9999769,0.1725293,0,0.9658054
1882,Pass,0,0.97468626,0.41361332,0,0.89189875
1883,Pass,0,0.9999981,0.07367115,0,0.9866426
1884,Pass,0,0.9999999,0.08595717,0,0.9840573
1885,Pass,0,0.957666,1.6374723,0,0.6295242
1886,Pass,0,0.98796463,0.5087625,0,0.8842547
1887,Pass,0,0.9999621,0.1749162,0,0.9652886
1888,Pass,0,0.99999976,0.2607437,0,0.9472521
1889,Pass,0,0.99994445,0.10724317,0,0.97952074
1890,Pass,0,0.9999999,0.1694462,0,0.96647686
1891,Pass,0,0.9977005,0.23411778,0,0.9506679
1892,Pass,0,0.91704094,1.258723,0,0.6759567
1893,Pass,0,0.9929549,0.33999136,0,0.92400914
1894,Pass,0,0.99999344,0.30055523,0,0.93886304
1895,Pass,0,0.99998176,0.102569394,0,0.98054147
1896,Pass,0,0.99994266,0.031680554,0,0.9954294
1897,Pass,0,0.9999926,0.15463448,0,0.96958876
1898,Pass,0,0.9999995,0.092812575,0,0.9826134
1899,Pass,0,0.99975306,0.14705507,0,0.9709521
1900,Pass,0,0.9998816,0.06809673,0,0.98770136
1901,Pass,0,0.999534,0.33838254,0,0.93047
1902,Pass,0,0.9999958,0.09225367,0,0.9827274
1903,Pass,0,0.9672071,0.32731274,0,0.9026313
1904,Pass,0,0.99999547,0.18743336,0,0.96268505
1905,Pass,0,0.995678,0.35806456,0,0.92275393
1906,Pass,0,0.99999726,0.14659481,0,0.9712862
1907,Pass,0,0.9999995,0.065500125,0,0.9883646
1908,Pass,0,0.9999391,0.1487547,0,0.9707749
1909,Pass,0,0.9998492,0.42102164,0,0.91336465
1910,Pass,0,0.9759542,0.46206552,0,0.88310164
1911,Pass,0,0.99923325,0.41466513,0,0.9141394
1912,Pass,0,0.9999268,0.13130595,0,0.9744369
1913,Pass,0,0.999843,0.16315767,0,0.9676493
1914,Pass,0,0.82037306,1.7539662,0,0.5191503
1915,Pass,0,0.9997774,0.2638091,0,0.9463961
1916,Pass,0,0.99995303,0.11374777,0,0.97815955
1917,Pass,0,0.9999387,0.045707073,0,0.9924721
1918,Pass,0,0.99999976,0.0611242,0,0.9892863
1919,Pass,0,0.99903584,0.18027295,0,0.96326756
1920,Pass,0,0.999966,0.11061278,0,0.97883236
1921,Pass,0,0.9999949,0.1375581,0,0.97318673
1922,Pass,0,0.9999889,0.076564506,0,0.9860243
1923,Pass,0,0.9884235,0.065243654,0,0.97697663
1924,Pass,0,0.99999297,0.052740987,0,0.9910448
1925,Pass,0,0.9999963,0.17076412,0,0.9661959
1926,Pass,0,0.63425267,0.941542,0,0.5098729
1927,Pass,0,0.999998,0.1220456,0,0.9764562
1928,Pass,0,0.75249636,0.722225,0,0.6396802
1929,Pass,0,0.9999964,0.1510905,0,0.9703387
1930,Pass,0,0.9832976,0.39264917,0,0.9041193
1931,Pass,0,0.9973908,0.4278676,0,0.9096811
1932,Pass,0,0.99809915,0.22766471,0,0.952404
1933,Pass,0,0.9999461,0.26667526,0,0.94595236
1934,Pass,0,0.9999964,0.16922693,0,0.9665197
1935,Pass,0,0.99999595,0.067014135,0,0.9880423
1936,Pass,0,0.99937505,0.1929695,0,0.9609227
1937,Pass,0,0.99998283,0.029384956,0,0.9959528
1938,Pass,0,0.9999924,0.19089992,0,0.96195215
1939,Pass,0,0.99995387,0.023206508,0,0.99722487
1940,Pass,0,0.9998977,0.064542845,0,0.98846555
1941,Pass,0,0.99980944,0.39267996,0,0.9192951
1942,Pass,0,1.0,0.14176013,0,0.9723069
1943,Pass,0,0.99420506,0.28646514,0,0.93637824
1944,Pass,0,0.9816233,0.31687757,0,0.918242
1945,Pass,0,0.9498634,1.0316504,0,0.7455681
1946,Pass,0,0.9994481,0.07133019,0,0.98659265
1947,Pass,0,0.9505217,0.9313137,0,0.76616746
1948,Pass,0,0.9999813,0.12811737,0,0.97516143
1949,Pass,0,0.9999995,0.41145855,0,0.91551566
1950,Pass,0,0.9995327,0.23540638,0,0.95214254
1951,Pass,0,0.99628663,0.43147087,0,0.9079181
1952,Pass,0,0.99319744,0.3356605,0,0.92514056
1953,Pass,0,0.99992085,0.039195105,0,0.9938255
1954,Pass,0,0.99597245,0.38812894,0,0.9167216
1955,Pass,0,0.9999732,0.152532,0,0.9700126
1956,Pass,0,0.9999783,0.15885219,0,0.96868676
1957,Pass,0,0.999961,0.13226327,0,0.9742687
1958,Pass,0,0.8716412,0.7662715,0,0.7328782
1959,Pass,0,0.9999988,0.115591176,0,0.97781616
1960,Pass,0,0.999995,0.09800304,0,0.981516
1961,Pass,0,0.8344157,1.2517791,0,0.61627316
1962,Pass,0,0.9992442,0.43148428,0,0.9106105
1963,Pass,0,0.9997003,0.57710636,0,0.88037145
1964,Pass,0,0.99999976,0.19339526,0,0.96143377
1965,Pass,0,0.99277943,0.47032008,0,0.8966005
1966,Pass,0,0.99995744,0.072955206,0,0.9867532
1967,Pass,0,0.9987066,0.05202403,0,0.98992074
1968,Pass,0,0.9994986,0.27855605,0,0.9430285
1969,Pass,0,0.9999647,0.26723692,0,0.9458517
1970,Pass,0,0.99724424,0.059281956,0,0.9869471
1971,Pass,0,0.98753035,0.2747451,0,0.9325289
1972,Pass,0,0.9991761,0.40471128,0,0.9161814
1973,Pass,0,0.9999708,0.11970612,0,0.9769223
1974,Pass,0,0.99999785,0.22973537,0,0.9537798
1975,Pass,0,0.92523336,0.79301274,0,0.77272874
1976,Pass,0,0.99999976,0.10323648,0,0.9804186
1977,Pass,0,0.9999999,0.08100089,0,0.9851009
1978,Pass,0,0.99996316,0.25471228,0,0.94848746
1979,Pass,0,0.99999857,0.092943884,0,0.9825848
1980,Pass,0,0.99990904,0.23128107,0,0.9533696
1981,Pass,0,0.4247854,1.0701052,0,0.32998344
1982,Pass,0,0.9998852,0.04962159,0,0.9915948
1983,Pass,0,0.98180294,0.5358403,0,0.87314177
1984,Pass,0,0.9999969,0.15168926,0,0.9702131
1985,Pass,0,0.9256774,1.6810448,0,0.60000324
1986,Pass,0,0.96467763,0.55346537,0,0.85433155
1987,Pass,0,0.99240124,0.92872345,0,0.8004657
1988,Pass,0,0.9980685,0.73832345,0,0.8450523
1989,Pass,0,0.9998872,0.30657598,0,0.93749565
1990,Pass,0,0.9996333,0.056774005,0,0.98983943
1991,Pass,0,0.99938023,0.3767288,0,0.92225724
1992,Pass,0,0.99959856,0.2059352,0,0.9584086
1993,Pass,0,0.99999964,0.24393517,0,0.95079136
1994,Pass,0,0.99987054,0.29211038,0,0.94052565
1995,Pass,0,1.0,0.11583983,0,0.97776496
1996,Pass,0,0.9999782,0.15934888,0,0.96858203
1997,Pass,0,0.99814534,0.12959671,0,0.97306013
1998,Pass,0,0.99998224,0.36785814,0,0.92468065
1999,Pass,0,0.999997,0.12191939,0,0.97648185
2000,Pass,0,0.9968002,0.6140361,0,0.87006605
2001,Pass,0,0.9999232,0.08553489,0,0.9840708
2002,Pass,0,0.99998987,0.12496837,0,0.9758329
2003,Pass,0,0.9809745,0.3493423,0,0.910929
2004,Pass,0,0.90496933,0.50529754,0,0.810632
2005,Pass,0,0.9999982,0.12482368,0,0.9758715
2006,Pass,0,0.99979514,0.032120742,0,0.9951899
2007,Pass,0,0.52659225,1.1183637,0,0.40371826
2008,Pass,0,0.9297669,0.33547232,0,0.86609334
2009,Pass,0,0.99999714,0.14029953,0,0.97261167
2010,Pass,0,0.9999982,0.175196,0,0.9652645
2011,Pass,0,0.9996327,0.08721054,0,0.9834322
2012,Pass,0,0.9995485,0.3495421,0,0.9281347
2013,Pass,0,0.9999846,0.07257261,0,0.98686063
2014,Pass,0,0.9862888,0.37495714,0,0.91054404
2015,Pass,0,0.99996364,0.13061546,0,0.9746182
2016,Pass,0,0.9999485,0.113937184,0,0.97811526
2017,Pass,0,0.9998288,0.19372784,0,0.9611994
2018,Pass,0,0.99999976,0.09151106,0,0.9828877
2019,Pass,0,0.9999294,0.24680938,0,0.95011944
2020,Pass,0,0.99999416,0.08275715,0,0.9847255
2021,Pass,0,0.9998424,0.25773415,0,0.9477367
2022,Pass,0,0.6168002,0.88788617,0,0.50281185
2023,Pass,0,0.99928135,0.18167882,0,0.96320844
2024,Pass,0,0.99997044,0.06746047,0,0.9879231
2025,Pass,0,0.9999503,0.1412407,0,0.97236794
2026,Pass,0,0.9999931,0.23784432,0,0.95206773
2027,Pass,0,0.999997,0.10951135,0,0.9790946
2028,Pass,0,0.9999993,0.14243072,0,0.972165
2029,Pass,0,0.9999975,0.17960237,0,0.964336
2030,Pass,0,0.99999905,0.11293142,0,0.97837645
2031,Pass,0,0.99999416,0.08980027,0,0.98324245
2032,Pass,0,0.99362975,0.11407338,0,0.971906
2033,Pass,0,0.9995009,0.09229068,0,0.9822333
2034,Pass,0,0.9998074,0.072843745,0,0.9866287
2035,Pass,0,0.6278766,0.6686743,0,0.5408239
2036,Pass,0,0.9999857,0.12342666,0,0.97615343
2037,Pass,0,0.99860245,0.6441588,0,0.86530507
2038,Pass,0,0.9999995,0.16996834,0,0.9663666
2039,Pass,0,1.0,0.18490973,0,0.96322083
2040,Pass,0,0.99934965,0.4008631,0,0.9171503
2041,Pass,0,0.9987141,0.38892367,0,0.91907793
2042,Pass,0,0.99929404,0.41138795,0,0.9148846
2043,Pass,0,0.99997675,0.073794544,0,0.9865956
2044,Pass,0,0.9997534,0.15647294,0,0.96896976
2045,Pass,0,0.9999957,0.16076498,0,0.9683008
2046,Pass,0,0.9999964,0.0887731,0,0.98346096
2047,Pass,0,0.9983437,0.5516647,0,0.8845252
2048,Pass,0,0.99999833,0.11640387,0,0.9776446
2049,Pass,0,0.9999957,0.13260333,0,0.9742309
2050,Pass,0,0.99999976,0.09225488,0,0.98273104
2051,Pass,0,0.9999888,0.07473667,0,0.9864091
2052,Pass,0,0.99982435,0.17950441,0,0.96418965
2053,Pass,0,0.9999511,0.24421354,0,0.95068663
2054,Pass,0,0.9999436,0.19002703,0,0.962089
2055,Pass,0,0.9972107,1.4168657,0,0.7018429
2056,Pass,0,0.9768736,0.45009986,0,0.8863949
2057,Pass,0,0.99999297,0.114698,0,0.97799855
2058,Pass,0,0.9752457,0.3071769,0,0.9142683
2059,Pass,0,0.9999912,0.078038946,0,0.98571604
2060,Pass,0,0.99999416,0.16177812,0,0.968086
2061,Pass,0,0.99980706,0.1188011,0,0.9769529
2062,Pass,0,0.9999323,0.026664283,0,0.99647534
2063,Pass,0,0.9999671,0.41293842,0,0.91517437
2064,Pass,0,0.99996006,0.08212478,0,0.9848251
2065,Pass,0,0.9999521,0.2888671,0,0.94128525
2066,Pass,0,0.99984455,0.19948447,0,0.96000254
2067,Pass,0,0.9995461,0.066124715,0,0.98778504
2068,Pass,0,0.9977081,0.3414231,0,0.9281315
2069,Pass,0,0.99999833,0.12848267,0,0.9751012
2070,Pass,0,0.999897,0.25571522,0,0.9482135
2071,Pass,0,0.9999794,0.29226345,0,0.9405958
2072,Pass,0,0.7361762,1.0302483,0,0.57805777
2073,Pass,0,0.8265936,1.3929837,0,0.58591837
2074,Pass,0,0.9999908,0.071328685,0,0.9871287
2075,Pass,0,0.99983454,0.28563756,0,0.94185454
2076,Pass,0,0.99310327,2.0420992,0,0.5682037
2077,Pass,0,0.99995625,0.11083124,0,0.9787769
2078,Pass,0,0.9982558,0.54876643,0,0.88505656
2079,Pass,0,0.9992999,0.061585627,0,0.98849684
2080,Pass,0,0.69088113,1.3618191,0,0.49425444
2081,Pass,0,0.9999975,0.13952267,0,0.9727756
2082,Pass,0,0.9998129,0.15283036,0,0.96979433
2083,Pass,0,0.9998281,0.08268602,0,0.98457694
2084,Pass,0,0.99998355,0.19721943,0,0.96061295
2085,Pass,0,0.9999964,0.096933566,0,0.98174256
2086,Pass,0,0.9998305,0.33724606,0,0.9309853
2087,Pass,0,0.99991477,0.19271883,0,0.9614945
2088,Pass,0,0.9825017,0.2720189,0,0.9283443
2089,Pass,0,0.9983773,0.048145074,0,0.9904098
2090,Pass,0,0.99673295,0.36206314,0,0.9228924
2091,Pass,0,0.9993507,0.13621998,0,0.97284144
2092,Pass,0,0.9922208,0.722877,0,0.8433284
2093,Pass,0,0.9999186,0.110667564,0,0.9787744
2094,Pass,0,0.9999342,0.2386924,0,0.95183307
2095,Pass,0,0.99875975,0.18866606,0,0.9612362
2096,Pass,0,0.99982846,0.23061667,0,0.9534327
2097,Pass,0,0.9999908,0.31817055,0,0.93515134
2098,Pass,0,0.9993687,0.46196523,0,0.9043096
2099,Pass,0,0.9997154,0.3574763,0,0.9266194
2100,Pass,0,0.9999995,0.23016372,0,0.9536911
2101,Pass,0,0.96337444,0.5759021,0,0.84862596
2102,Pass,0,0.999998,0.06174344,0,0.9891541
2103,Pass,0,0.99890506,0.31069466,0,0.9357084
2104,Pass,0,0.9970341,0.3287939,0,0.93015593
2105,Pass,0,0.99996626,0.06367449,0,0.9887161
2106,Pass,0,0.9999932,0.16638187,0,0.9671157
2107,Pass,0,0.9999633,0.30454537,0,0.93799454
2108,Pass,0,0.99999917,0.14444059,0,0.9717416
2109,Pass,0,0.8578909,0.50848764,0,0.7678849
2110,Pass,0,0.99990106,0.14488712,0,0.9715523
2111,Pass,0,0.9996245,0.122979455,0,0.975895
2112,Pass,0,0.99997866,0.049979977,0,0.991612
2113,Pass,0,0.998659,0.270371,0,0.94395757
2114,Pass,0,0.5899659,1.1472319,0,0.44871816
2115,Pass,0,0.99988616,0.03143951,0,0.995424
2116,Pass,0,0.9999118,0.11080861,0,0.978738
2117,Pass,0,0.99998295,0.030439045,0,0.99573094
2118,Pass,0,0.9999989,0.2018216,0,0.9596587
2119,Pass,0,0.9982035,0.2831699,0,0.9408368
2120,Pass,0,0.999819,0.030545535,0,0.99554527
2121,Pass,0,0.9998055,0.4026997,0,0.9171821
2122,Pass,0,0.98349553,0.7851963,0,0.82300633
2123,Pass,0,0.9998153,0.18196313,0,0.9636633
2124,Pass,0,0.9999999,0.051517222,0,0.99130934
2125,Pass,0,0.884251,0.7623073,0,0.7442187
2126,Pass,0,0.99998367,0.19342534,0,0.961412
2127,Pass,0,0.98889214,0.3732503,0,0.9133029
2128,Pass,0,0.99946576,0.51416886,0,0.8934107
2129,Pass,0,0.99997556,0.120686844,0,0.9767205
2130,Pass,0,0.9983429,0.47425398,0,0.9007979
2131,Pass,0,0.931704,0.6962549,0,0.79711574
2132,Pass,0,0.54545635,0.7097715,0,0.46511057
2133,Pass,0,0.99999774,0.05895659,0,0.98974067
2134,Pass,0,0.9999993,0.07074115,0,0.98726076
2135,Pass,0,0.99997675,0.24129735,0,0.95132506
2136,Pass,0,0.999172,0.34117892,0,0.9295446
2137,Pass,0,0.9980616,0.4356845,0,0.90865004
2138,Pass,0,0.99871767,0.20484442,0,0.95779335
2139,Pass,0,0.5612439,0.8908621,0,0.45717096
2140,Pass,0,0.4744477,1.220074,0,0.35357964
2141,Pass,0,0.9999418,0.32874644,0,0.9328786
2142,Pass,0,0.6468241,0.73471624,0,0.54814935
2143,Pass,0,0.9999552,0.1296186,0,0.97481984
2144,Pass,0,0.7824778,0.7241935,0,0.6648424
2145,Pass,0,0.9999981,0.0557852,0,0.99040884
2146,Pass,0,0.9999993,0.11003299,0,0.97898704
2147,Pass,0,0.9501577,0.9158649,0,0.768965
2148,Pass,0,0.9957742,1.4422679,0,0.6955055
2149,Pass,0,0.999997,0.12799467,0,0.9752026
2150,Pass,0,0.99981207,0.31610137,0,0.9354198
2151,Pass,0,0.9997594,0.083217226,0,0.9843974
2152,Pass,0,0.96725667,0.35074255,0,0.89790547
2153,Pass,0,0.9634229,1.1981313,0,0.7224374
2154,Pass,0,0.9999993,0.10276756,0,0.9805169
2155,Pass,0,0.98969847,0.38984394,0,0.91058946
2156,Pass,0,0.49854085,1.027056,0,0.3917977
2157,Pass,0,0.9999734,0.14561021,0,0.97147036
2158,Pass,0,0.6783281,1.1682467,0,0.5129233
2159,Pass,0,0.8210271,1.0209668,0,0.64628875
2160,Pass,0,0.9998258,0.2652621,0,0.94613606
2161,Pass,0,0.99795496,0.24940138,0,0.9476987
2162,Pass,0,0.9999918,0.044901118,0,0.9926945
2163,Pass,0,0.60449374,0.6473843,0,0.523393
2164,Pass,0,0.99999654,0.09752639,0,0.98161787
2165,Pass,0,0.9999994,0.18375525,0,0.9634633
2166,Pass,0,0.92760515,0.1819196,0,0.89407265
2167,Pass,0,0.9998542,0.21714275,0,0.95629406
2168,Pass,0,0.7588995,0.5381425,0,0.6745403
2169,Pass,0,0.99893683,0.35193804,0,0.92706275
2170,Pass,0,0.9990828,0.7676705,0,0.83973706
2171,Pass,0,0.99990976,0.29054418,0,0.9408923
2172,Pass,0,0.99994576,0.21952702,0,0.95587957
2173,Pass,0,0.99999976,0.028351016,0,0.9961874
2174,Pass,0,0.7044188,0.8843195,0,0.574767
2175,Pass,0,0.9989992,0.25319308,0,0.94789267
2176,Pass,0,0.9757943,0.4106395,0,0.8935237
2177,Pass,0,0.9999273,0.061958198,0,0.98903894
2178,Pass,0,0.9999827,0.016205074,0,0.9987279
2179,Pass,0,0.72517896,0.7026612,0,0.6194458
2180,Pass,0,0.42233965,0.9052798,0,0.3427419
2181,Pass,0,0.69626147,1.3708484,0,0.49677974
2182,Pass,0,0.99997973,0.10942584,0,0.97909576
2183,Pass,0,0.99979025,0.1596364,0,0.96833956
2184,Pass,0,0.9999833,0.17176218,0,0.96597326
2185,Pass,0,0.9593232,1.730008,0,0.61192083
2186,Pass,0,0.99997985,0.19990872,0,0.9600431
2187,Pass,0,0.99999833,0.2731959,0,0.9446287
2188,Pass,0,0.99538475,0.2951907,0,0.9356605
2189,Pass,0,0.9999975,0.12164816,0,0.97653943
2190,Pass,0,0.99651825,0.24472362,0,0.9473159
2191,Pass,0,0.9999981,0.17368042,0,0.96558356
2192,Pass,0,0.99807775,0.3443761,0,0.9278547
2193,Pass,0,0.9898665,0.3598744,0,0.9169908
2194,Pass,0,0.99986756,0.17132759,0,0.9659529
2195,Pass,0,0.96511,0.93579656,0,0.7770153
2196,Pass,0,0.9998098,0.022137012,0,0.9973064
2197,Pass,0,0.6950574,1.2454025,0,0.51428086
2198,Pass,0,0.56612253,0.55568445,0,0.50110126
2199,Pass,0,0.9999912,0.06479807,0,0.98850423
2200,Pass,0,0.9995492,0.31382084,0,0.9356538
2201,Pass,0,0.9990688,0.2563877,0,0.94728667
2202,Pass,0,0.99989176,0.22525677,0,0.95462155
2203,Pass,0,0.99999976,0.037094593,0,0.99434626
2204,Pass,0,0.9985863,0.20969404,0,0.95664763
2205,Pass,0,0.9999908,0.20364267,0,0.9592674
2206,Pass,0,0.9999809,0.21163632,0,0.9575747
2207,Pass,0,0.9937482,0.19713734,0,0.95464027
2208,Pass,0,0.9999474,0.15812412,0,0.96881014
2209,Pass,0,0.99413234,0.7308228,0,0.84328973
2210,Pass,0,0.99702364,0.31113788,0,0.933853
2211,Pass,0,0.5670251,0.59970105,0,0.49664462
2212,Pass,0,0.9999914,0.27654257,0,0.94391745
2213,Pass,0,0.99930346,0.24095789,0,0.950756
2214,Pass,0,0.9999677,0.04706137,0,0.9922157
2215,Pass,0,0.9937576,2.3340232,0,0.50749093
2216,Pass,0,0.9999963,0.14558701,0,0.9714975
2217,Pass,0,0.9999939,0.24729073,0,0.9500794
2218,Pass,0,0.9999926,0.09738723,0,0.9816433
2219,Pass,0,0.9999747,0.20171408,0,0.959658
2220,Pass,0,0.99995995,0.17075664,0,0.9661624
2221,Pass,0,0.9999969,0.11098397,0,0.97878444
2222,Pass,0,0.99188215,0.42801005,0,0.9046271
2223,Pass,0,0.9999913,0.08899332,0,0.9834095
2224,Pass,0,0.8944788,0.6997331,0,0.76461273
2225,Pass,0,0.99978954,0.18493235,0,0.96301335
2226,Pass,0,0.9999995,0.08232133,0,0.9848225
2227,Pass,0,0.60646755,0.86962825,0,0.49672034
2228,Pass,0,0.9997987,0.10741492,0,0.97934186
2229,Pass,0,0.9999877,0.23839743,0,0.95194614
2230,Pass,0,0.9999049,0.11437408,0,0.97798055
2231,Pass,0,0.99689204,1.4954025,0,0.68513244
2232,Pass,0,0.999966,0.42973116,0,0.9116374
2233,Pass,0,0.9998951,0.27994874,0,0.9431094
2234,Pass,0,0.99999857,0.08649753,0,0.9839422
2235,Pass,0,0.9998292,0.042428143,0,0.9930537
2236,Pass,0,0.999382,0.51087135,0,0.89402974
2237,Pass,0,0.99999344,0.11005289,0,0.9789771
2238,Pass,0,0.5564671,0.9356691,0,0.44802964
2239,Pass,0,0.9989236,0.8254381,0,0.8274522
2240,Pass,0,0.9999968,0.052414633,0,0.9911173
2241,Pass,0,0.9999707,0.027575266,0,0.9963218
2242,Pass,0,0.99987984,0.21830148,0,0.95607454
2243,Pass,0,0.99089277,0.72937953,0,0.84084284
2244,Pass,0,0.99901664,0.051802926,0,0.99027455
2245,Pass,0,0.99843186,0.046365213,0,0.9908381
2246,Pass,0,0.99992776,0.41010386,0,0.9157352
2247,Pass,0,0.4127145,0.6153591,0,0.3601266
2248,Pass,0,0.9999602,0.2050825,0,0.9589348
2249,Pass,0,0.94843274,0.87201595,0,0.7763262
2250,Pass,0,0.51596606,0.8776724,0,0.42172217
2251,Pass,0,0.9999076,0.09728742,0,0.98158085
2252,Pass,0,0.9989447,0.20283805,0,0.95843315
2253,Pass,0,0.9999119,0.41152987,0,0.9154204
2254,Pass,0,0.99997056,0.06299949,0,0.9888625
2255,Pass,0,0.9997665,0.028772628,0,0.99586624
2256,Pass,0,0.99992883,0.22423686,0,0.9548717
2257,Pass,0,0.9999753,0.16847154,0,0.9666584
2258,Pass,0,0.9999807,0.26212722,0,0.94694275
2259,Pass,0,0.9995066,0.11752967,0,0.97692686
2260,Pass,0,0.81118447,0.8358528,0,0.67016065
2261,Pass,0,0.9997633,0.15686926,0,0.968896
2262,Pass,0,0.9999924,0.16932076,0,0.96649605
2263,Pass,0,0.9999815,0.11673991,0,0.97755736
2264,Pass,0,0.9999548,0.19010206,0,0.962084
2265,Pass,0,0.9999925,0.02113409,0,0.9976998
2266,Pass,0,1.0,0.12386609,0,0.9760749
2267,Pass,0,0.9998907,0.29088777,0,0.940802
2268,Pass,0,0.9999721,0.114707686,0,0.9779761
2269,Pass,0,0.9999995,0.21505724,0,0.95687217
2270,Pass,0,0.9999999,0.046042006,0,0.9924623
2271,Pass,0,0.98062897,0.25446996,0,0.93019855
2272,Pass,0,0.9866855,0.13681893,0,0.96038777
2273,Pass,0,0.9921944,0.94588596,0,0.7967132
2274,Pass,0,0.9996184,0.81244797,0,0.83076197
2275,Pass,0,0.99925786,0.15942724,0,0.96786785
2276,Pass,0,0.9783901,1.2810122,0,0.7165856
2277,Pass,0,0.9998957,0.23433313,0,0.9527143
2278,Pass,0,0.97044206,0.7521386,0,0.81883824
2279,Pass,0,0.99999905,0.07293238,0,0.9867991
2280,Pass,0,0.95677716,0.19692998,0,0.91916597
2281,Pass,0,0.99998724,0.15030093,0,0.97049606
2282,Pass,0,0.5411871,1.0458983,0,0.42316565
2283,Pass,0,0.99857175,1.6120167,0,0.6617663
2284,Pass,0,0.999151,0.2858355,0,0.941169
2285,Pass,0,0.997419,0.28959942,0,0.938747
2286,Pass,0,0.9981704,0.2645574,0,0.94471765
2287,Pass,0,0.99935716,0.20332588,0,0.95872617
2288,Pass,0,0.9999136,0.22113916,0,0.9555093
2289,Pass,0,0.9998124,0.13368286,0,0.97382504
2290,Pass,0,0.9998934,0.27050844,0,0.9450954
2291,Pass,0,1.0,0.035733,0,0.9946332
2292,Pass,0,0.9976714,0.55730385,0,0.88274485
2293,Pass,0,0.99988234,0.21682937,0,0.9563869
2294,Pass,0,0.99999535,0.080255345,0,0.98525345
2295,Pass,0,0.9934953,0.30417407,0,0.932005
2296,Pass,0,0.99996483,0.2769601,0,0.94380444
2297,Pass,0,0.99998903,0.27002802,0,0.945287
2298,Pass,0,0.9965391,0.72449535,0,0.8466591
2299,Pass,0,0.9703946,0.8236223,0,0.8041914
2300,Pass,0,0.8309611,1.1001737,0,0.64024913
2301,Pass,0,0.9994604,0.18468261,0,0.9627489
2302,Pass,0,0.995158,0.6113045,0,0.8692051
2303,Pass,0,0.99991226,0.29320008,0,0.94033545
2304,Pass,0,0.95865864,0.672497,0,0.82497257
2305,Pass,0,0.9998294,0.2951994,0,0.9398366
2306,Pass,0,0.98375446,0.75128996,0,0.83024675
2307,Pass,0,0.99999964,0.024825683,0,0.9969296
2308,Pass,0,0.84589076,0.59217185,0,0.74223787
2309,Pass,0,0.5315196,0.91166353,0,0.4306304
2310,Pass,0,0.99997425,0.28832856,0,0.9414195
2311,Pass,0,0.99999857,0.07691529,0,0.98595995
2312,Pass,0,0.95266676,1.1719455,0,0.7196247
2313,Pass,0,0.999998,0.1535245,0,0.9698277
2314,Pass,0,0.9999876,0.09844416,0,0.98141587
2315,Pass,0,0.99999547,0.118033975,0,0.97729856
2316,Pass,0,0.99999964,0.0737199,0,0.9866339
2317,Pass,0,0.99997103,0.3687742,0,0.92447746
2318,Pass,0,0.7270727,0.88951105,0,0.5924566
2319,Pass,0,0.99997735,0.31881803,0,0.9350024
2320,Pass,0,0.99997103,0.52646095,0,0.89127403
2321,Pass,0,0.99941826,0.36990085,0,0.92372924
2322,Pass,0,0.9999999,0.06677808,0,0.9880959
2323,Pass,0,0.9999969,0.18031898,0,0.9641845
2324,Pass,0,0.63243264,0.7720746,0,0.5309782
2325,Pass,0,0.9999988,0.079888545,0,0.9853341
2326,Pass,0,0.9999993,0.09168412,0,0.9828508
2327,Pass,0,0.9995864,0.14038427,0,0.9721943
2328,Pass,0,0.9999838,0.14798565,0,0.9709802
2329,Pass,0,0.9981875,0.6884089,0,0.8556445
2330,Pass,0,0.9999678,0.23026437,0,0.95363975
2331,Pass,0,0.99999976,0.19938938,0,0.9601716
2332,Pass,0,0.8757546,1.0022118,0,0.6928272
2333,Pass,0,0.9999958,0.12872687,0,0.9750473
2334,Pass,0,0.9999988,0.05685429,0,0.9901844
2335,Pass,0,0.9999877,0.055979367,0,0.9903577
2336,Pass,0,0.99994373,0.16188866,0,0.96801394
2337,Pass,0,0.64473766,0.72450167,0,0.54776794
2338,Pass,0,0.8673883,0.7729032,0,0.72809106
2339,Pass,0,0.99999523,0.07133248,0,0.98713225
2340,Pass,0,0.885808,0.23628761,0,0.8436454
2341,Pass,0,0.9999455,0.27349323,0,0.94451624
2342,Pass,0,0.87919,0.57594025,0,0.77446175
2343,Pass,0,0.99997985,0.1401668,0,0.9726228
2344,Pass,0,0.9998086,0.21844627,0,0.955976
2345,Pass,0,0.7966349,1.1586926,0,0.6039846
2346,Pass,0,0.9627532,0.37526768,0,0.88875294
2347,Pass,0,0.99999714,0.17064306,0,0.9662222
2348,Pass,0,0.9999914,0.217015,0,0.95645213
2349,Pass,0,0.99999857,0.17224906,0,0.9658854
2350,Pass,0,0.9996879,0.18459901,0,0.96298563
2351,Pass,0,0.9995098,0.12128972,0,0.97613865
2352,Pass,0,0.99898,0.07452269,0,0.985459
2353,Pass,0,0.99997175,0.21674187,0,0.9564909
2354,Pass,0,0.9999149,0.24160913,0,0.9512006
2355,Pass,0,0.9999924,0.10890265,0,0.9792183
2356,Pass,0,0.9997497,0.120204695,0,0.97660136
2357,Pass,0,0.99999964,0.08895581,0,0.9834256
2358,Pass,0,0.999979,0.2666347,0,0.94599205
2359,Pass,0,0.9999778,0.17607681,0,0.9650594
2360,Pass,0,0.9909802,0.5830275,0,0.8714567
2361,Pass,0,0.9999969,0.06819731,0,0.9877941
2362,Pass,0,0.6857299,0.96785724,0,0.5474555
2363,Pass,0,0.9992756,0.10361021,0,0.97963005
2364,Pass,0,1.0,0.043019574,0,0.99309886
2365,Pass,0,0.9999366,0.27747136,0,0.94367015
2366,Pass,0,0.9991634,0.20166214,0,0.9588904
2367,Pass,0,0.99910647,0.21450421,0,0.95613396
2368,Pass,0,0.99983644,0.27942505,0,0.94316435
2369,Pass,0,0.99966586,0.05283244,0,0.9907014
2370,Pass,0,0.99989736,0.1349696,0,0.9736368
2371,Pass,0,0.99806994,0.77296364,0,0.8377734
2372,Pass,0,0.99999857,0.17719503,0,0.9648439
2373,Pass,0,0.9988576,0.36031032,0,0.9252283
2374,Pass,0,0.9989153,0.7466854,0,0.8440104
2375,Pass,0,0.99999523,0.101476446,0,0.98078483
2376,Pass,0,0.9998838,0.30050611,0,0.93877035
2377,Pass,0,0.8882972,0.5523644,0,0.78689396
2378,Pass,0,0.960735,1.3343803,0,0.69285816
2379,Pass,0,0.99818426,0.7457094,0,0.8435979
2380,Pass,0,0.99438286,0.042798236,0,0.9875668
2381,Pass,0,0.99986553,0.11646197,0,0.97750247
2382,Pass,0,0.9451906,0.41751984,0,0.86413085
2383,Pass,0,0.9999882,0.031208187,0,0.99557424
2384,Pass,0,0.9878562,0.52482796,0,0.8808158
2385,Pass,0,0.9999088,0.23717627,0,0.9521281
2386,Pass,0,0.9999851,0.12025337,0,0.97682106
2387,Pass,0,0.96421546,0.462646,0,0.87236184
2388,Pass,0,0.881751,0.08558416,0,0.86776286
2389,Pass,0,0.99989057,0.3640615,0,0.9253953
2390,Pass,0,0.96099126,0.51718515,0,0.8584084
2391,Pass,0,0.99974996,0.4176619,0,0.91398126
2392,Pass,0,0.9999999,0.14513467,0,0.9715962
2393,Pass,0,0.99986315,0.10514295,0,0.9798833
2394,Pass,0,0.99989367,0.08709672,0,0.98371285
2395,Pass,0,0.9999999,0.072915465,0,0.98680353
2396,Pass,0,0.99987006,0.12558185,0,0.97558683
2397,Pass,0,0.99981755,0.2902559,0,0.9408662
2398,Pass,0,0.9999567,0.21623321,0,0.95658356
2399,Pass,0,0.9999349,0.34190127,0,0.93010235
2400,Pass,0,0.99904925,1.2777357,0,0.7324058
2401,Pass,0,0.9987552,0.19916618,0,0.9590236
2402,Pass,0,1.0,0.0308919,0,0.99565256
2403,Pass,0,0.9768322,1.463547,0,0.6778984
2404,Pass,0,0.99984527,0.26228744,0,0.9467808
2405,Pass,0,0.9999987,0.064948015,0,0.98848003
2406,Pass,0,0.99998724,0.16107187,0,0.96822804
2407,Pass,0,0.999954,0.23692974,0,0.95222306
2408,Pass,0,0.9999999,0.13619362,0,0.9734789
2409,Pass,0,0.89992386,1.4501785,0,0.6270591
2410,Pass,0,0.9845591,0.27134582,0,0.9304279
2411,Pass,0,0.9997725,0.04277144,0,0.9929251
2412,Pass,0,0.99989057,0.18582524,0,0.96292263
2413,Pass,0,0.9999515,0.022688119,0,0.9973317
2414,Pass,0,0.74529946,1.946677,0,0.44139826
2415,Pass,0,0.9537615,0.90135413,0,0.77479583
2416,Pass,0,0.9999994,0.13323477,0,0.9741015
2417,Pass,0,0.9209647,0.65214986,0,0.796481
2418,Pass,0,0.99945146,0.27130234,0,0.94451064
2419,Pass,0,0.9999312,0.4158317,0,0.91453236
2420,Pass,0,0.99795794,0.18610428,0,0.9610029
2421,Pass,0,0.99999905,0.061040338,0,0.98930323
2422,Pass,0,0.9999553,0.2501812,0,0.94943404
2423,Pass,0,0.999997,0.10795695,0,0.979422
2424,Pass,0,0.99999654,0.11827271,0,0.97724926
2425,Pass,0,0.99410146,0.45815825,0,0.90034026
2426,Pass,0,0.99937636,0.37896088,0,0.9217839
2427,Pass,0,0.99997234,0.19371702,0,0.96133965
2428,Pass,0,0.9644622,0.40481302,0,0.88433033
2429,Pass,0,0.9995946,0.3574644,0,0.92651
2430,Pass,0,0.99992645,0.07719306,0,0.98583037
2431,Pass,0,0.9999428,0.22316119,0,0.9551115
2432,Pass,0,0.99994016,0.04193708,0,0.99326736
2433,Pass,0,0.99914956,0.15017155,0,0.9697103
2434,Pass,0,0.99999547,0.08930657,0,0.98334765
2435,Pass,0,0.9994562,0.2680939,0,0.9451903
2436,Pass,0,0.9999989,0.27958968,0,0.9432829
2437,Pass,0,0.99411017,0.3873128,0,0.91517836
2438,Pass,0,0.99892247,0.04983065,0,0.9905961
2439,Pass,0,0.9999218,0.16551466,0,0.96722925
2440,Pass,0,0.9999999,0.06426847,0,0.98862433
2441,Pass,0,0.9997305,0.20813477,0,0.958072
2442,Pass,0,0.9999993,0.0792349,0,0.9854722
2443,Pass,0,0.99996626,0.20383793,0,0.9592027
2444,Pass,0,0.99917895,0.15122701,0,0.96951675
2445,Pass,0,0.9999753,0.22047709,0,0.9557077
2446,Pass,0,0.99995375,0.099170245,0,0.9812298
2447,Pass,0,0.99533147,0.37575147,0,0.9187257
2448,Pass,0,0.9994704,0.2932205,0,0.9399156
2449,Pass,0,0.98612255,0.38192853,0,0.90894294
2450,Pass,0,0.8601555,0.39239383,0,0.7909393
2451,Pass,0,0.9721581,0.37210575,0,0.89808226
2452,Pass,0,0.99141604,1.1366379,0,0.75626606
2453,Pass,0,0.55350894,1.1261523,0,0.4234465
2454,Pass,0,0.9999784,0.15709986,0,0.9690559
2455,Pass,0,0.99998844,0.16905671,0,0.9665478
2456,Pass,0,0.46239132,1.573994,0,0.31013477
2457,Pass,0,0.99999046,0.10035759,0,0.98101574
2458,Pass,0,0.9999889,0.09640037,0,0.98184747
2459,Pass,0,0.9999964,0.141816,0,0.97229165
2460,Pass,0,0.9999995,0.11900689,0,0.97709763
2461,Pass,0,0.9997681,0.1864446,0,0.96267426
2462,Pass,0,0.999992,0.101395905,0,0.98079866
2463,Pass,0,0.96380943,0.77450645,0,0.8087022
2464,Pass,0,0.99965703,0.17456526,0,0.965068
2465,Pass,0,0.83136594,0.82377046,0,0.68894875
2466,Pass,0,0.9999826,0.023666577,0,0.9971567
2467,Pass,0,0.99999213,0.10921039,0,0.9791533
2468,Pass,0,0.9972241,0.2961984,0,0.93717784
2469,Pass,0,0.99894077,0.25373024,0,0.9477242
2470,Pass,0,0.99998415,0.24952868,0,0.94959885
2471,Pass,0,0.99995303,0.029582197,0,0.99588156
2472,Pass,0,0.76779807,0.49506253,0,0.6894147
2473,Pass,0,0.9986449,0.5750987,0,0.8798642
2474,Pass,0,0.97091675,0.5198972,0,0.8667199
2475,Pass,0,0.99999964,0.08292151,0,0.98469627
2476,Pass,0,0.99999225,0.17458375,0,0.96538764
2477,Pass,0,0.9999976,0.25929093,0,0.947556
2478,Pass,0,0.9999964,0.24050818,0,0.95150995
2479,Pass,0,0.99571925,0.32776824,0,0.9291444
2480,Pass,0,0.99999976,0.0767286,0,0.9860004
2481,Pass,0,0.9998472,0.35185435,0,0.92792517
2482,Pass,0,0.87971985,1.8200177,0,0.54447067
2483,Pass,0,0.99999475,0.19413683,0,0.9612728
2484,Pass,0,0.99997914,0.097215936,0,0.98166615
2485,Pass,0,0.9153569,0.44718984,0,0.8311368
2486,Pass,0,0.999198,0.3685147,0,0.9238174
2487,Pass,0,0.9963372,0.41027078,0,0.9124119
2488,Pass,0,0.99991286,0.13704035,0,0.97321594
2489,Pass,0,0.99782604,0.44124848,0,0.9072665
2490,Pass,0,0.6133188,0.86707413,0,0.50266165
2491,Pass,0,0.99991655,0.57661486,0,0.88066536
2492,Pass,0,0.9997259,0.05442336,0,0.99042594
2493,Pass,0,0.5018924,0.6031661,0,0.43923008
2494,Pass,0,0.9993722,0.2206628,0,0.95509225
2495,Pass,0,0.9999553,0.28704685,0,0.94167155
2496,Pass,0,0.9999641,0.23394878,0,0.95286036
2497,Pass,0,0.99757165,0.24417555,0,0.9484324
2498,Pass,0,0.9999323,0.3949096,0,0.91893864
2499,Pass,0,0.99613,0.36564133,0,0.9215835
2500,Pass,0,0.98868585,0.82410043,0,0.8192503
2501,Pass,0,0.99993384,0.25641918,0,0.94810027
2502,Pass,0,0.9994728,0.30493823,0,0.9374518
2503,Pass,0,0.99130416,0.7716333,0,0.8323719
2504,Pass,0,0.99998605,0.13736983,0,0.9732178
2505,Pass,0,0.99998295,0.2178739,0,0.95626324
2506,Pass,0,0.9928282,0.093664356,0,0.9753887
2507,Pass,0,0.99952805,0.2199501,0,0.9553912
2508,Pass,0,0.79221517,0.42952782,0,0.72227144
2509,Pass,0,0.9963983,0.2107712,0,0.9543255
2510,Pass,0,0.99062365,0.6455215,0,0.85810703
2511,Pass,0,0.99617565,0.20251507,0,0.95584416
2512,Pass,0,0.8336889,1.0750087,0,0.6467686
2513,Pass,0,0.88212276,0.8341265,0,0.72908705
2514,Pass,0,0.99995124,0.0945628,0,0.98219746
2515,Pass,0,0.99997807,0.19006342,0,0.9621145
2516,Pass,0,0.9999826,0.22557238,0,0.9546418
2517,Pass,0,0.99347234,0.6599001,0,0.8575667
2518,Pass,0,0.9309511,0.33052984,0,0.8681653
2519,Pass,0,0.996161,0.6694139,0,0.8578919
2520,Pass,0,0.995427,0.14048094,0,0.9681287
2521,Pass,0,0.9966378,0.34027848,0,0.92737603
2522,Pass,0,0.99994755,0.1654024,0,0.96727777
2523,Pass,0,0.9326197,1.076694,0,0.7231874
2524,Pass,0,0.99999714,0.1053355,0,0.9799741
2525,Pass,0,0.9993874,0.15128896,0,0.96970594
2526,Pass,0,0.9999939,0.3176295,0,0.93526816
2527,Pass,0,0.99995553,0.15852416,0,0.9687338
2528,Pass,0,0.994995,0.6154128,0,0.8682019
2529,Pass,0,0.9999995,0.2023352,0,0.95955104
2530,Pass,0,0.99963987,0.16645083,0,0.96675944
2531,Pass,0,0.9999987,0.07197924,0,0.98699945
2532,Pass,0,0.9999716,0.17192765,0,0.96592706
2533,Pass,0,0.92688096,0.4659815,0,0.8379329
2534,Pass,0,0.6220854,1.8633683,0,0.37933853
2535,Pass,0,0.94277245,0.6077847,0,0.82414854
2536,Pass,0,0.9977939,0.040737245,0,0.99138755
2537,Pass,0,0.9977107,0.22401878,0,0.9527993
2538,Pass,0,0.9978021,0.7106531,0,0.85064054
2539,Pass,0,0.9999852,0.011911446,0,0.99963456
2540,Pass,0,0.9999993,0.06693731,0,0.9880617
2541,Pass,0,0.9999999,0.12928884,0,0.97493285
2542,Pass,0,0.9999677,0.36368707,0,0.92554545
2543,Pass,0,0.99999976,0.089900434,0,0.98322684
2544,Pass,0,0.9951214,0.4268475,0,0.907825
2545,Pass,0,0.99928844,0.14591649,0,0.97074044
2546,Pass,0,0.99942696,0.4422675,0,0.9085077
2547,Pass,0,0.99999595,0.0984261,0,0.9814278
2548,Pass,0,0.9999976,0.25637954,0,0.94816905
2549,Pass,0,0.99890256,0.2044248,0,0.95805895
2550,Pass,0,0.9716731,0.41491276,0,0.88887554
2551,Pass,0,0.99999106,0.14548834,0,0.97151315
2552,Pass,0,0.99980754,0.34509727,0,0.92931104
2553,Pass,0,0.9999795,0.34648526,0,0.92917854
2554,Pass,0,0.9999765,0.17302543,0,0.9657007
2555,Pass,0,0.99999976,0.09387452,0,0.98239
2556,Pass,0,0.9217013,0.88592535,0,0.751746
2557,Pass,0,0.9999933,0.16564703,0,0.96727055
2558,Pass,0,0.91697437,0.53022456,0,0.8165724
2559,Pass,0,0.9901878,0.35975468,0,0.91731346
2560,Pass,0,0.99963343,0.17880225,0,0.9641533
2561,Pass,0,0.99885416,0.22385968,0,0.9539248
2562,Pass,0,0.99679214,0.36208063,0,0.9229435
2563,Pass,0,0.9861303,2.542125,0,0.46038333
2564,Pass,0,0.9960472,0.6561272,0,0.8605806
2565,Pass,0,0.99996924,0.14998664,0,0.97054476
2566,Pass,0,0.9999794,0.099280275,0,0.9812317
2567,Pass,0,0.9999995,0.14507727,0,0.9716079
2568,Pass,0,0.9999536,0.33265623,0,0.9320664
2569,Pass,0,0.8606288,1.8174134,0,0.53312695
2570,Pass,0,0.9999906,0.01928724,0,0.99808675
2571,Pass,0,0.99998426,0.53373563,0,0.889754
2572,Pass,0,0.9961748,0.5742293,0,0.87787026
2573,Pass,0,0.9999963,0.2573963,0,0.9479537
2574,Pass,0,0.99982136,0.24904932,0,0.9495452
2575,Pass,0,0.9988236,0.254686,0,0.9474121
2576,Pass,0,0.99959534,0.07427133,0,0.986119
2577,Pass,0,0.9973869,0.3054005,0,0.9353982
2578,Pass,0,0.9995358,0.21337579,0,0.95678234
2579,Pass,0,0.50276095,0.6732026,0,0.43257564
2580,Pass,0,0.9999902,0.12016942,0,0.9768438
2581,Pass,0,0.99998844,0.39409205,0,0.9191624
2582,Pass,0,0.9613957,1.6625028,0,0.62690866
2583,Pass,0,0.99973077,0.22989862,0,0.9534907
2584,Pass,0,0.9999995,0.13177216,0,0.9744096
2585,Pass,0,0.9999938,0.18372129,0,0.9634651
2586,Pass,0,0.9985613,0.11114702,0,0.97734505
2587,Pass,0,1.0,0.071718566,0,0.98705566
2588,Pass,0,0.99999464,0.15578842,0,0.9693478
2589,Pass,0,0.99995995,0.027047979,0,0.99642205
2590,Pass,0,0.99988115,0.09357222,0,0.9823371
2591,Pass,0,0.9999771,0.22153534,0,0.95548666
2592,Pass,0,0.99998593,0.092123635,0,0.9827451
2593,Pass,0,0.9999615,0.119276576,0,0.9770037
2594,Pass,0,0.97348267,2.2149403,0,0.52154744
2595,Pass,0,0.99217814,0.6377596,0,0.8610752
2596,Pass,0,0.9998258,0.2848575,0,0.9420105
2597,Pass,0,0.9999348,0.20281747,0,0.95938736
2598,Pass,0,0.9671581,0.36520004,0,0.8948696
2599,Pass,0,0.99206614,0.5812204,0,0.87278914
2600,Pass,0,0.99999547,0.31165272,0,0.93652815
2601,Pass,0,0.99046624,0.4201896,0,0.9049668
2602,Pass,0,0.99999416,0.08459895,0,0.9843377
2603,Pass,0,0.9999728,0.11440456,0,0.97804064
2604,Pass,0,0.9751373,0.5583435,0,0.8625931
2605,Pass,0,0.99998367,0.17608288,0,0.96506375
2606,Pass,0,0.9991007,0.12584803,0,0.9747801
2607,Pass,0,0.9946122,0.56692934,0,0.8780222
2608,Pass,0,0.99987435,0.33916292,0,0.9306226
2609,Pass,0,0.82993865,1.584309,0,0.5548532
2610,Pass,0,0.7280661,0.37000954,0,0.67291075
2611,Pass,0,0.99899775,0.26331368,0,0.94576234
2612,Pass,0,0.9999337,0.25086802,0,0.94926894
2613,Pass,0,0.99999416,0.10070797,0,0.9809456
2614,Pass,0,0.9998041,0.07624687,0,0.9859089
2615,Pass,0,0.99982184,0.4295752,0,0.91153884
2616,Pass,0,0.99999833,0.037840936,0,0.99418765
2617,Pass,0,0.97144103,0.49046564,0,0.8732084
2618,Pass,0,0.9999659,0.13485104,0,0.97372854
2619,Pass,0,0.9997496,0.37889642,0,0.9221418
2620,Pass,0,0.9991165,0.2603231,0,0.94650394
2621,Pass,0,0.9999069,0.07432492,0,0.98641497
2622,Pass,0,0.9999968,0.13131031,0,0.9745042
2623,Pass,0,0.9994803,0.15561974,0,0.9688847
2624,Pass,0,0.9999348,0.1482762,0,0.9708715
2625,Pass,0,0.99990726,0.05026674,0,0.9914808
2626,Pass,0,0.9999999,0.040582754,0,0.9936119
2627,Pass,0,0.997738,0.4344322,0,0.90861857
2628,Pass,0,0.9999975,0.1354173,0,0.9736401
2629,Pass,0,0.9978168,0.43189564,0,0.90922326
2630,Pass,0,0.9999999,0.20845531,0,0.9582627
2631,Pass,0,0.9999645,0.15261759,0,0.9699862
2632,Pass,0,0.99380445,0.51294124,0,0.888607
2633,Pass,0,0.9999387,0.09890259,0,0.9812713
2634,Pass,0,0.9898857,0.176563,0,0.9552183
2635,Pass,0,0.99974245,0.24484468,0,0.95035535
2636,Pass,0,0.9350639,0.81495154,0,0.7766192
2637,Pass,0,0.9760168,0.21950524,0,0.9330096
2638,Pass,0,0.95753974,1.531333,0,0.6508422
2639,Pass,0,0.99999523,0.13325308,0,0.9740936
2640,Pass,0,1.0,0.14188898,0,0.9722798
2641,Pass,0,0.9944667,0.66950834,0,0.856413
2642,Pass,0,0.9986588,0.4369958,0,0.90891796
2643,Pass,0,0.9992822,0.43390867,0,0.910135
2644,Pass,0,0.9999393,0.40409058,0,0.9170119
2645,Pass,0,0.9999312,0.2296649,0,0.95373106
2646,Pass,0,0.9999604,0.21865323,0,0.9560776
2647,Pass,0,0.99999547,0.17133445,0,0.96607506
2648,Pass,0,0.9999958,0.14488815,0,0.97164416
2649,Pass,0,0.9999819,0.038932037,0,0.99394155
2650,Pass,0,0.9999236,0.24711591,0,0.9500494
2651,Pass,0,0.9993383,0.3004228,0,0.9382758
2652,Pass,0,0.58160853,1.4837909,0,0.40114325
2653,Pass,0,0.9999988,0.11873881,0,0.97715336
2654,Pass,0,0.99999726,0.090377845,0,0.98312384
2655,Pass,0,0.9998305,0.05855906,0,0.9896589
2656,Pass,0,0.99889624,0.13563849,0,0.9725213
2657,Pass,0,0.982624,0.309992,0,0.9206028
2658,Pass,0,0.98043424,0.5675526,0,0.8653775
2659,Pass,0,0.9673848,0.64083874,0,0.8389308
2660,Pass,0,0.99999595,0.22503896,0,0.95476687
2661,Pass,0,0.9999993,0.0730342,0,0.9867779
2662,Pass,0,0.98611176,0.6548158,0,0.85226876
2663,Pass,0,0.49631307,1.219038,0,0.369983
2664,Pass,0,0.9742983,0.30700785,0,0.91341484
2665,Pass,0,0.98841375,0.60190177,0,0.86527145
2666,Pass,0,0.99952877,0.18828578,0,0.96205634
2667,Pass,0,1.0,0.1154259,0,0.9778521
2668,Pass,0,0.9984425,0.53345364,0,0.8884415
2669,Pass,0,0.9999144,0.13329121,0,0.97400683
2670,Pass,0,0.9999347,0.1542492,0,0.9696137
2671,Pass,0,0.9953166,0.57865095,0,0.8761873
2672,Pass,0,0.8988778,0.7151232,0,0.7654601
2673,Pass,0,0.8608459,0.89587855,0,0.70030767
2674,Pass,0,0.999998,0.053084463,0,0.99097747
2675,Pass,0,0.99999356,0.16876034,0,0.9666152
2676,Pass,0,0.99999976,0.041410662,0,0.9934374
2677,Pass,0,0.9999994,0.115160726,0,0.97790736
2678,Pass,0,0.99999976,0.048579,0,0.9919279
2679,Pass,0,0.8923165,0.41684115,0,0.8159188
2680,Pass,0,0.5418726,1.5076228,0,0.37101755
2681,Pass,0,0.98238486,0.59648496,0,0.86111414
2682,Pass,0,0.9999411,0.13445649,0,0.9737875
2683,Pass,0,0.9997738,0.14771311,0,0.9708337
2684,Pass,0,0.9999882,0.22455588,0,0.9548612
2685,Pass,0,0.99991286,0.19537647,0,0.9609331
2686,Pass,0,0.8744813,0.6197961,0,0.76223826
2687,Pass,0,0.99649554,1.7811972,0,0.62489057
2688,Pass,0,0.9999962,0.32828188,0,0.93302715
2689,Pass,0,0.9999995,0.18516546,0,0.9631665
2690,Pass,0,0.9989428,0.1421418,0,0.9711987
2691,Pass,0,0.9743764,0.6893192,0,0.83504695
2692,Pass,0,0.9998149,0.17714708,0,0.96467686
2693,Pass,0,0.9999498,0.3671472,0,0.9248004
2694,Pass,0,0.9999635,0.1493055,0,0.9706827
2695,Pass,0,0.9403846,1.1105534,0,0.7225038
2696,Pass,0,1.0,0.05298944,0,0.99099946
2697,Pass,0,0.88592017,0.4451019,0,0.804798
2698,Pass,0,0.9999058,0.15435098,0,0.9695643
2699,Pass,0,0.9999981,0.0598409,0,0.9895548
2700,Pass,0,0.9997321,0.097489834,0,0.981366
2701,Pass,0,0.99992025,0.14179845,0,0.97222126
2702,Pass,0,0.99991333,0.34175333,0,0.9301134
2703,Pass,0,0.99996805,0.19787458,0,0.9604601
2704,Pass,0,0.9999685,0.3079983,0,0.93727237
2705,Pass,0,0.9999875,0.08504958,0,0.9842362
2706,Pass,0,0.99593157,0.15103866,0,0.96640533
2707,Pass,0,0.99996066,0.14201126,0,0.9722158
2708,Pass,0,0.82436854,0.8308226,0,0.6819259
2709,Pass,0,0.99999964,0.04318521,0,0.9930636
2710,Pass,0,0.9968822,0.23043396,0,0.9506615
2711,Pass,0,0.9995739,0.23782633,0,0.95167243
2712,Pass,0,0.9998454,0.17398126,0,0.96537274
2713,Pass,0,0.9999722,0.18712449,0,0.9627277
2714,Pass,0,0.9826346,0.23564418,0,0.9359964
2715,Pass,0,0.9999894,0.37822604,0,0.9225041
2716,Pass,0,0.99999535,0.12812476,0,0.9751736
2717,Pass,0,0.99999976,0.08906199,0,0.9834034
2718,Pass,0,0.99826616,0.17764962,0,0.96307683
2719,Pass,0,0.9999145,0.057485685,0,0.98996806
2720,Pass,0,0.9750693,0.15237616,0,0.94588685
2721,Pass,0,0.9994363,0.18770988,0,0.9620885
2722,Pass,0,0.9995647,0.1691667,0,0.9661151
2723,Pass,0,0.9933137,0.19458088,0,0.95475763
2724,Pass,0,0.99999416,0.092621,0,0.9826485
2725,Pass,0,0.9980909,0.12550856,0,0.9738662
2726,Pass,0,0.9996376,0.052001834,0,0.9908482
2727,Pass,0,0.9659849,0.9868014,0,0.76734483
2728,Pass,0,0.99987066,0.2676536,0,0.945675
2729,Pass,0,0.9859006,0.7331673,0,0.8358203
2730,Pass,0,0.9884377,0.44580716,0,0.8977814
2731,Pass,0,0.99997234,0.17941771,0,0.96435064
2732,Pass,0,0.9999678,0.079038404,0,0.9854826
2733,Pass,0,0.8985843,0.5270931,0,0.80078846
2734,Pass,0,0.9999497,0.15160657,0,0.9701847
2735,Pass,0,0.9999064,0.4207275,0,0.91347885
2736,Pass,0,0.99999976,0.096847415,0,0.981764
2737,Pass,0,0.99999404,0.06917479,0,0.9875854
2738,Pass,0,0.9990575,0.16053987,0,0.9674397
2739,Pass,0,0.99998593,0.17484564,0,0.9653264
2740,Pass,0,0.9999944,0.17395432,0,0.9655223
2741,Pass,0,0.99987507,0.23495322,0,0.95256406
2742,Pass,0,0.79872733,1.5337713,0,0.5424869
2743,Pass,0,0.9996424,0.47280157,0,0.90227616
2744,Pass,0,0.9997074,0.43931565,0,0.9093841
2745,Pass,0,0.9966845,0.28214362,0,0.9396205
2746,Pass,0,0.9838396,0.6177862,0,0.8579763
2747,Pass,0,0.99998295,0.064242624,0,0.988613
2748,Pass,0,0.99990034,0.26454613,0,0.94635737
2749,Pass,0,0.99917537,2.1845634,0,0.54170364
2750,Pass,0,0.9882293,0.76013964,0,0.83218175
2751,Pass,0,0.99971265,0.46950105,0,0.90303445
2752,Pass,0,0.99986875,0.22099122,0,0.9554977
2753,Pass,0,0.9999006,0.18410721,0,0.963294
2754,Pass,0,0.9982089,0.061775282,0,0.98737776
2755,Pass,0,0.99999464,0.23466176,0,0.95273936
2756,Pass,0,0.99999905,0.10959134,0,0.9790798
2757,Pass,0,0.99995303,0.49461627,0,0.8979632
2758,Pass,0,0.99985504,0.09561428,0,0.98188156
2759,Pass,0,0.66650975,1.0522459,0,0.52026725
2760,Pass,0,0.999959,0.1324437,0,0.97422874
2761,Pass,0,0.99967635,0.2142628,0,0.9567301
2762,Pass,0,0.9995912,0.21287279,0,0.95694125
2763,Pass,0,0.9999999,0.080561444,0,0.9851935
2764,Pass,0,0.5097155,1.2108433,0,0.38085353
2765,Pass,0,0.99997234,0.27870804,0,0.9434435
2766,Pass,0,0.99997735,0.31448358,0,0.93591505
2767,Pass,0,0.89351964,1.1811155,0,0.6732209
2768,Pass,0,0.9953506,0.39094952,0,0.91555804
2769,Pass,0,0.9999261,0.20439559,0,0.9590468
2770,Pass,0,0.9998925,0.20651399,0,0.9585685
2771,Pass,0,0.99954695,0.06026002,0,0.9890202
2772,Pass,0,0.999884,0.04727006,0,0.99208874
2773,Pass,0,0.9999528,0.11949102,0,0.97695
2774,Pass,0,0.9804463,0.7698262,0,0.8236279
2775,Pass,0,0.9990859,0.5011755,0,0.89580464
2776,Pass,0,0.9995466,0.5738103,0,0.8809299
2777,Pass,0,0.9995259,0.09725901,0,0.9812122
2778,Pass,0,0.99986863,0.30982012,0,0.9367952
2779,Pass,0,0.99995077,0.17076114,0,0.96615255
2780,Pass,0,0.6112956,0.93150616,0,0.49270967
2781,Pass,0,0.8914078,0.66532934,0,0.7684454
2782,Pass,0,0.9579281,1.1297657,0,0.7321072
2783,Pass,0,0.94905245,0.5554332,0,0.8401004
2784,Pass,0,0.9994947,0.48548105,0,0.89947426
2785,Pass,0,0.9970937,0.25061423,0,0.9466261
2786,Pass,0,0.9999894,0.07703691,0,0.9859253
2787,Pass,0,0.9999989,0.107025154,0,0.97962004
2788,Pass,0,0.9986985,0.24070421,0,0.95023376
2789,Pass,0,0.9966079,0.46642408,0,0.9008757
2790,Pass,0,0.99999285,0.1360613,0,0.97349995
2791,Pass,0,0.9988041,0.7800254,0,0.83690435
2792,Pass,0,0.99708325,0.17558767,0,0.9623686
2793,Pass,0,0.99999285,0.09519462,0,0.98210526
2794,Pass,0,0.7798809,1.131607,0,0.5957302
2795,Pass,0,0.9030125,0.8874734,0,0.73620886
2796,Pass,0,0.9999379,0.14453663,0,0.97166187
2797,Pass,0,0.9996247,0.18291698,0,0.96327883
2798,Pass,0,0.999969,0.4373767,0,0.9100303
2799,Pass,0,0.873245,1.2309059,0,0.64878947
2800,Pass,0,0.99996483,0.13300401,0,0.9741164
2801,Pass,0,0.99996316,0.05100672,0,0.99138045
2802,Pass,0,0.5434831,0.59789467,0,0.47623137
2803,Pass,0,0.9999527,0.041669894,0,0.993336
2804,Pass,0,0.99999475,0.07989721,0,0.98532826
2805,Pass,0,0.99963653,0.30346265,0,0.937916
2806,Pass,0,0.9999999,0.060563475,0,0.9894045
2807,Pass,0,0.999972,0.041540485,0,0.99338245
2808,Pass,0,0.9758354,0.5986127,0,0.85493594
2809,Pass,0,0.9998149,0.12569888,0,0.97550833
2810,Pass,0,0.99944025,0.052310556,0,0.99058765
2811,Pass,0,0.9999298,0.26545355,0,0.9461941
2812,Pass,0,0.8491371,0.70478153,0,0.7249514
2813,Pass,0,0.9999243,0.42148542,0,0.91333556
2814,Pass,0,0.69367945,3.2375417,0,0.22227123
2815,Pass,0,0.9999913,0.24815936,0,0.94989395
2816,Pass,0,0.9933421,0.11710358,0,0.9709908
2817,Pass,0,0.9992237,0.21370631,0,0.95641404
2818,Pass,0,0.99981743,0.22281459,0,0.9550647
2819,Pass,0,0.99988616,0.089753374,0,0.9831461
2820,Pass,0,0.9711774,2.537461,0,0.45435616
2821,Pass,0,0.9983291,0.329736,0,0.93116605
2822,Pass,0,0.9658639,0.33293942,0,0.90023345
2823,Pass,0,0.99999785,0.13050623,0,0.9746746
2824,Pass,0,0.9999893,0.18013069,0,0.96421677
2825,Pass,0,0.9559177,0.69431686,0,0.81822175
2826,Pass,0,0.9999356,0.24075373,0,0.9514004
2827,Pass,0,0.99999166,0.06373211,0,0.9887291
2828,Pass,0,0.9996244,0.37573963,0,0.92269075
2829,Pass,0,0.99999845,0.22469144,0,0.95484245
2830,Pass,0,0.9895279,0.6530762,0,0.8555837
2831,Pass,0,0.9998573,0.031859044,0,0.9953069
2832,Pass,0,0.97332,0.4416859,0,0.8848949
2833,Pass,0,0.9942437,0.24529094,0,0.94503486
2834,Pass,0,0.99998844,0.14874856,0,0.9708241
2835,Pass,0,0.999961,0.1379759,0,0.97306585
2836,Pass,0,0.99852544,0.51523226,0,0.89234656
2837,Pass,0,0.9970036,1.3359731,0,0.71867985
2838,Pass,0,0.99984705,0.22012866,0,0.9556585
2839,Pass,0,0.99999976,0.08972213,0,0.9832644
2840,Pass,0,0.9999678,0.112563506,0,0.9784234
2841,Pass,0,0.999995,0.13267908,0,0.9742142
2842,Pass,0,0.9999895,0.09612241,0,0.9819066
2843,Pass,0,0.999979,0.033638164,0,0.9950534
2844,Pass,0,0.99438924,0.33358866,0,0.9266845
2845,Pass,0,0.99974865,0.12821977,0,0.974913
2846,Pass,0,0.99997365,0.10175553,0,0.9807049
2847,Pass,0,0.9999831,0.16723269,0,0.9669267
2848,Pass,0,0.9972915,0.1447838,0,0.9690384
2849,Pass,0,0.9062832,1.1302071,0,0.69255275
2850,Pass,0,0.99989283,0.34974134,0,0.9284125
2851,Pass,0,0.89739865,1.0755924,0,0.6960838
2852,Pass,0,0.9999225,0.02169534,0,0.9975118
2853,Pass,0,0.9999422,0.13784266,0,0.9730755
2854,Pass,0,0.9281788,0.6383438,0,0.8054183
2855,Pass,0,0.99999964,0.045846794,0,0.99250317
2856,Pass,0,1.0,0.054444317,0,0.9906931
2857,Pass,0,0.9385392,1.7308909,0,0.59848887
2858,Pass,0,0.9999974,0.04986939,0,0.99165386
2859,Pass,0,0.9999856,0.23728293,0,0.95217884
2860,Pass,0,0.99959487,0.35910088,0,0.92616576
2861,Pass,0,0.96529293,0.66105944,0,0.8330065
2862,Pass,0,0.53668654,2.2117126,0,0.28789687
2863,Pass,0,0.87867314,0.73487943,0,0.7445989
2864,Pass,0,0.8575061,0.5768771,0,0.7551916
2865,Pass,0,0.99999666,0.13005958,0,0.97476745
2866,Pass,0,0.9999881,0.20999953,0,0.95792615
2867,Pass,0,0.9998709,0.15235518,0,0.9699507
2868,Pass,0,0.9993771,0.110011026,0,0.9783825
2869,Pass,0,0.99996984,0.0965419,0,0.98179895
2870,Pass,0,0.996117,0.34255195,0,0.9264146
2871,Pass,0,0.9999981,0.08662151,0,0.9839157
2872,Pass,0,0.9999026,0.5294181,0,0.8905904
2873,Pass,0,0.9999348,0.14851576,0,0.9708211
2874,Pass,0,0.9983234,0.24941184,0,0.9480463
2875,Pass,0,0.68443453,1.26673,0,0.5033471
2876,Pass,0,0.7950172,1.0397059,0,0.62267745
2877,Pass,0,0.9999889,0.24276687,0,0.9510272
2878,Pass,0,0.99881786,0.47778022,0,0.9004849
2879,Pass,0,0.9997799,0.23674072,0,0.95209706
2880,Pass,0,0.9499649,0.31950265,0,0.8881026
2881,Pass,0,0.99999595,0.05369715,0,0.99084646
2882,Pass,0,0.9475362,0.3659972,0,0.8765552
2883,Pass,0,0.81003577,0.85319185,0,0.6662541
2884,Pass,0,0.99999917,0.071312405,0,0.98714036
2885,Pass,0,0.9999819,0.15816182,0,0.9688356
2886,Pass,0,0.99097884,0.9600873,0,0.79277366
2887,Pass,0,0.5768878,1.0946035,0,0.44516423
2888,Pass,0,0.999874,0.21702039,0,0.9563387
2889,Pass,0,0.9947408,0.5685351,0,0.87779933
2890,Pass,0,0.9904255,0.75490177,0,0.8351236
2891,Pass,0,0.9999844,0.21007428,0,0.9579069
2892,Pass,0,0.99434704,0.31643742,0,0.93023634
2893,Pass,0,0.9999653,0.09859212,0,0.9813628
2894,Pass,0,0.98076725,0.56244594,0,0.86672604
2895,Pass,0,0.99996424,0.1540682,0,0.9696805
2896,Pass,0,0.9840353,0.2927242,0,0.9255031
2897,Pass,0,0.9997143,0.22056328,0,0.95544016
2898,Pass,0,0.99995434,0.2659105,0,0.94612116
2899,Pass,0,0.9998629,0.26922792,0,0.94533616
2900,Pass,0,0.9994765,0.3042115,0,0.9376082
2901,Pass,0,0.9996388,0.03822056,0,0.99375033
2902,Pass,0,0.99998903,0.10290982,0,0.9804769
2903,Pass,0,0.99998415,0.08441697,0,0.9843661
2904,Pass,0,0.9998543,0.34998643,0,0.9283251
2905,Pass,0,0.99954766,0.38847494,0,0.91993946
2906,Pass,0,0.99552083,0.24422039,0,0.9464732
2907,Pass,0,0.99989927,0.15270288,0,0.96990496
2908,Pass,0,0.9269417,0.7620354,0,0.7802018
2909,Pass,0,0.9999925,0.2519059,0,0.9491062
2910,Pass,0,0.99997365,0.22334984,0,0.95510125
2911,Pass,0,0.9999509,0.22350965,0,0.9550459
2912,Pass,0,0.9999869,0.2993486,0,0.93911093
2913,Pass,0,0.9824494,0.49961883,0,0.88120997
2914,Pass,0,0.99985695,0.19634804,0,0.96067476
2915,Pass,0,1.0,0.030141186,0,0.9958107
2916,Pass,0,0.9999496,0.21216184,0,0.957434
2917,Pass,0,0.99141055,0.5211283,0,0.8847574
2918,Pass,0,0.99981743,0.27502853,0,0.944072
2919,Pass,0,0.99784553,0.43656307,0,0.90826875
2920,Pass,0,0.9998646,0.04220818,0,0.99313515
2921,Pass,0,0.9998235,0.16331695,0,0.9675968
2922,Pass,0,0.9882361,0.2731665,0,0.9335239
2923,Pass,0,0.96434706,0.7395442,0,0.8162529
2924,Pass,0,0.9988256,0.3682148,0,0.9235361
2925,Pass,0,0.99999726,0.17361644,0,0.96559626
2926,Pass,0,0.9995437,0.23791355,0,0.95162535
2927,Pass,0,0.9999478,0.2093427,0,0.95802593
2928,Pass,0,0.99075764,0.3596572,0,0.91786164
2929,Pass,0,0.9999354,0.109857894,0,0.97896135
2930,Pass,0,0.99999845,0.31884685,0,0.93501604
2931,Pass,0,0.8624894,0.40313938,0,0.7911338
2932,Pass,0,0.99893314,0.2768663,0,0.9428504
2933,Pass,0,0.999948,0.08207769,0,0.9848231
2934,Pass,0,0.98684573,0.6869387,0,0.84622794
2935,Pass,0,0.91178924,1.5805322,0,0.6102993
2936,Pass,0,0.99999106,0.1795631,0,0.964338
2937,Pass,0,0.84416765,1.6680019,0,0.5494889
2938,Pass,0,0.99997306,0.14763612,0,0.9710434
2939,Pass,0,0.9919602,0.30659845,0,0.93005854
2940,Pass,0,0.99992454,0.14744034,0,0.97103757
2941,Pass,0,0.9999825,0.10719681,0,0.97956777
2942,Pass,0,0.99986947,0.16672413,0,0.96692395
2943,Pass,0,0.99818546,0.10977797,0,0.97726494
2944,Pass,0,0.9994536,0.6250367,0,0.870067
2945,Pass,0,0.6824892,1.6267431,0,0.45017797
2946,Pass,0,0.99952745,0.048998833,0,0.9913711
2947,Pass,0,0.8914507,0.48831913,0,0.80170965
2948,Pass,0,0.9874184,0.4382564,0,0.8984256
2949,Pass,0,0.99979705,0.1877399,0,0.96242946
2950,Pass,0,0.99998677,0.022821443,0,0.99733883
2951,Pass,0,0.3925784,1.0065222,0,0.3102204
2952,Pass,0,0.96548927,0.5994248,0,0.8457066
2953,Pass,0,0.9966633,0.07027495,0,0.9840651
2954,Pass,0,0.9953797,1.1517832,0,0.75611514
2955,Pass,0,0.9999964,0.08305138,0,0.98466575
2956,Pass,0,0.5369384,0.56906366,0,0.4737563
2957,Pass,0,0.9996836,0.025867043,0,0.9963953
2958,Pass,0,0.4832407,0.6538382,0,0.4177509
2959,Pass,0,0.5325164,1.1129106,0,0.4088716
2960,Pass,0,0.563896,0.9801338,0,0.44873115
2961,Pass,0,0.99997056,0.15083225,0,0.970368
2962,Pass,0,0.9999912,0.19146088,0,0.9618329
2963,Pass,0,0.96469593,0.674327,0,0.82979625
2964,Pass,0,0.8778234,1.0921129,0,0.67784625
2965,Pass,0,0.9999732,0.018360062,0,0.9982647
2966,Pass,0,0.9905934,0.6397195,0,0.8592911
2967,Pass,0,0.93287075,0.36286196,0,0.8636043
2968,Pass,0,0.999949,0.102609,0,0.980501
2969,Pass,0,0.99993503,0.15563573,0,0.9693221
2970,Pass,0,0.99979895,0.1873017,0,0.9625236
2971,Pass,0,0.9273568,0.8069153,0,0.7717873
2972,Pass,0,0.99992156,0.15056577,0,0.97037655
2973,Pass,0,0.9997023,0.24188742,0,0.9509398
2974,Pass,0,1.0,0.11914749,0,0.9770685
2975,Pass,0,0.9990094,0.2771414,0,0.9428645
2976,Pass,0,0.9999672,0.2144642,0,0.95696616
2977,Pass,0,0.9887636,0.63679117,0,0.8583135
2978,Pass,0,0.99985504,0.39588124,0,0.918663
2979,Pass,0,0.9999031,0.26581258,0,0.9460933
2980,Pass,0,0.9464779,0.4557644,0,0.8576855
2981,Pass,0,0.99812275,0.13595127,0,0.9717025
2982,Pass,0,0.96340466,0.33963567,0,0.89658284
2983,Pass,0,0.9998902,0.1762474,0,0.9649389
2984,Pass,0,0.9416591,0.3339576,0,0.87747145
2985,Pass,0,0.9999666,0.13979143,0,0.972689
2986,Pass,0,0.99997437,0.07663037,0,0.98599607
2987,Pass,0,0.9999999,0.117813274,0,0.9773493
2988,Pass,0,0.99999475,0.08112442,0,0.9850699
2989,Pass,0,0.8813868,1.1351403,0,0.67261213
2990,Pass,0,0.999977,0.03774296,0,0.99418706
2991,Pass,0,0.9999995,0.097456045,0,0.9816356
2992,Pass,0,0.6429642,0.9991348,0,0.5090786
2993,Pass,0,0.9999833,0.12827104,0,0.97513103
2994,Pass,0,0.9999734,0.054668963,0,0.9906195
2995,Pass,0,0.9999993,0.13512577,0,0.9737032
2996,Pass,0,0.530736,1.871052,0,0.32277632
2997,Pass,0,0.9999267,0.119992204,0,0.976819
2998,Pass,0,0.99848014,0.092573054,0,0.9811708
2999,Pass,0,0.9993505,0.13585784,0,0.9729174
3000,Pass,0,0.9999635,0.031987865,0,0.9953855
3001,Pass,0,0.9978648,0.11968904,0,0.9748685
3002,Pass,0,0.8997869,0.36397642,0,0.83276576
3003,Pass,0,0.8795708,0.75167036,0,0.7422497
3004,Pass,0,0.4959043,1.2132705,0,0.37028053
3005,Pass,0,0.51923466,1.0548084,0,0.40502638
3006,Pass,0,0.9821087,0.30860218,0,0.9204075
3007,Pass,0,0.9998903,0.45556834,0,0.90612847
3008,Pass,0,0.63917273,0.8849753,0,0.5214416
3009,Pass,0,0.9995907,0.23540834,0,0.9521974
3010,Pass,0,0.99999976,0.17886896,0,0.9644926
3011,Pass,0,1.0,0.0657239,0,0.98831797
3012,Pass,0,0.9999602,0.24888563,0,0.94971156
3013,Pass,0,0.99977475,0.058451872,0,0.9896263
3014,Pass,0,0.6771175,1.2668017,0,0.49795577
3015,Pass,0,0.99999964,0.045138635,0,0.9926523
3016,Pass,0,0.36837894,0.8334169,0,0.3045255
3017,Pass,0,0.9999987,0.14022063,0,0.97262985
3018,Pass,0,0.9999925,0.1564118,0,0.9692144
3019,Pass,0,0.9973603,0.93549216,0,0.80304414
3020,Pass,0,0.99970955,0.066222705,0,0.9879259
3021,Pass,0,0.9999989,0.10595164,0,0.97984606
3022,Pass,0,0.99572057,0.12422883,0,0.9718217
3023,Pass,0,0.99997914,0.017069107,0,0.9985425
3024,Pass,0,0.999998,0.07710587,0,0.98591924
3025,Pass,0,0.9775459,0.20295554,0,0.937878
3026,Pass,0,0.99525934,0.39341888,0,0.91495657
3027,Pass,0,0.6689429,0.8559777,0,0.5498129
3028,Pass,0,1.0,0.038142506,0,0.99412584
3029,Pass,0,0.99040484,1.000925,0,0.78379774
3030,Pass,0,0.976404,0.30993903,0,0.9147863
3031,Pass,0,0.3901084,0.7749277,0,0.3272931
3032,Pass,0,0.9999995,0.16219743,0,0.9680029
3033,Pass,0,0.99998426,0.06790143,0,0.9878439
3034,Pass,0,0.99863786,0.43456087,0,0.90941095
3035,Pass,0,0.5656476,1.1526371,0,0.42957824
3036,Pass,0,0.99966073,0.15719387,0,0.9687282
3037,Pass,0,0.99779093,0.35178962,0,0.92603046
3038,Pass,0,0.99999857,0.074853845,0,0.98639405
3039,Pass,0,0.9946136,0.29940817,0,0.9340523
3040,Pass,0,0.9999981,0.0715548,0,0.9870882
3041,Pass,0,0.9863884,0.29464585,0,0.9273171
3042,Pass,0,0.8398802,0.8129619,0,0.6979161
3043,Pass,0,0.94658375,0.5783027,0,0.8333567
3044,Pass,0,0.5366372,0.71727484,0,0.45674258
3045,Pass,0,0.4499997,1.4471835,0,0.31383967
3046,Pass,0,0.99967206,0.3382347,0,0.9306297
3047,Pass,0,0.9999511,0.13014686,0,0.9747047
3048,Pass,0,0.9999939,0.15320355,0,0.96989137
3049,Pass,0,0.9986154,0.013162984,0,0.998002
3050,Pass,0,0.92042947,0.5461318,0,0.8165661
3051,Pass,0,0.9996531,0.07559365,0,0.98589754
3052,Pass,0,0.99000657,0.3280105,0,0.92376316
3053,Pass,0,0.9999788,0.08882305,0,0.98343307
3054,Pass,0,0.99992514,0.12301046,0,0.976182
3055,Pass,0,0.9999925,0.2491522,0,0.94968605
3056,Pass,0,0.9612885,0.42457005,0,0.8774211
3057,Pass,0,0.99997115,0.07533698,0,0.9862653
3058,Pass,0,0.9984927,0.58804595,0,0.87700796
3059,Pass,0,0.96013445,0.85310847,0,0.7897271
3060,Pass,0,0.9999813,0.13108161,0,0.97453725
3061,Pass,0,0.9999993,0.09884653,0,0.98134255
3062,Pass,0,0.99999785,0.1881957,0,0.9625268
3063,Pass,0,0.9997898,0.114767015,0,0.9777853
3064,Pass,0,0.9951361,0.69582623,0,0.85147464
3065,Pass,0,0.9999304,0.157976,0,0.9688248
3066,Pass,0,0.5181843,0.6163878,0,0.45204523
3067,Pass,0,0.9979091,0.25679377,0,0.9461018
3068,Pass,0,0.999995,0.10219176,0,0.980634
3069,Pass,0,0.9979772,0.28566855,0,0.9400984
3070,Pass,0,0.9999999,0.062471863,0,0.98900265
3071,Pass,0,0.99999833,0.11769954,0,0.97737175
3072,Pass,0,0.99999917,0.1731193,0,0.9657027
3073,Pass,0,0.999997,0.117156394,0,0.9774848
3074,Pass,0,0.99993384,0.11956176,0,0.9769166
3075,Pass,0,0.9993685,0.24154626,0,0.950694
3076,Pass,0,0.5116825,0.89234084,0,0.41664055
3077,Pass,0,0.999967,0.079283595,0,0.9854301
3078,Pass,0,0.9511067,0.22665721,0,0.9077648
3079,Pass,0,0.99999654,0.1373698,0,0.97322804
3080,Pass,0,0.99996734,0.20283751,0,0.95941436
3081,Pass,0,0.9998653,0.36924863,0,0.9242798
3082,Pass,0,0.999987,0.11729902,0,0.977445
3083,Pass,0,0.99999845,0.07974181,0,0.9853646
3084,Pass,0,0.99998105,0.13581309,0,0.9735407
3085,Pass,0,0.9996567,0.11884052,0,0.97679764
3086,Pass,0,0.99999714,0.10771428,0,0.9794732
3087,Pass,0,0.998108,0.3066444,0,0.93581307
3088,Pass,0,0.9891861,0.33702347,0,0.9211202
3089,Pass,0,1.0,0.12924294,0,0.9749427
3090,Pass,0,0.9862554,0.25446433,0,0.9355368
3091,Pass,0,0.99872106,0.17036591,0,0.9650475
3092,Pass,0,0.9998373,0.13877824,0,0.9727765
3093,Pass,0,0.9973437,0.26510304,0,0.9438207
3094,Pass,0,0.9999583,0.12491545,0,0.9758132
3095,Pass,0,0.9999043,0.053105243,0,0.9908802
3096,Pass,0,0.9993137,0.21080948,0,0.95710975
3097,Pass,0,0.9997453,0.1850217,0,0.9629519
3098,Pass,0,0.9981592,0.103701875,0,0.97851634
3099,Pass,0,0.716585,2.0084522,0,0.41507095
3100,Pass,0,0.8505143,0.41841516,0,0.77741367
3101,Pass,0,0.81990564,0.81475645,0,0.6810079
3102,Pass,0,0.912847,0.3864806,0,0.84052736
3103,Pass,0,0.99995935,0.034827963,0,0.99478334
3104,Pass,0,0.99999785,0.1364659,0,0.9734196
3105,Pass,0,0.9999727,0.22181056,0,0.9554244
3106,Pass,0,0.99881625,0.48496413,0,0.89897245
3107,Pass,0,0.99999714,0.06413908,0,0.9886489
3108,Pass,0,0.999059,0.22943479,0,0.9529476
3109,Pass,0,0.99997663,0.021600503,0,0.9975858
3110,Pass,0,0.9999713,0.15544713,0,0.96939695
3111,Pass,0,0.9999999,0.15078314,0,0.9704068
3112,Pass,0,0.99999845,0.24119785,0,0.95136666
3113,Pass,0,0.9998821,0.09215882,0,0.9826357
3114,Pass,0,0.9999057,0.19250499,0,0.9615308
3115,Pass,0,0.9994091,0.27645475,0,0.94338626
3116,Pass,0,0.76129967,0.7237293,0,0.6469226
3117,Pass,0,0.9999943,0.17661387,0,0.9649621
3118,Pass,0,0.9999981,0.14451265,0,0.97172546
3119,Pass,0,0.8819361,0.8534312,0,0.7253477
3120,Pass,0,0.99992216,0.3034955,0,0.93817705
3121,Pass,0,0.9999918,0.07690021,0,0.98595643
3122,Pass,0,0.9990164,0.36812615,0,0.9237312
3123,Pass,0,0.9999974,0.11074051,0,0.9788362
3124,Pass,0,0.9999039,0.08972392,0,0.9831698
3125,Pass,0,0.99987066,0.09247882,0,0.98255706
3126,Pass,0,0.81781507,0.5648876,0,0.72230107
3127,Pass,0,0.9999981,0.24245968,0,0.95110065
3128,Pass,0,0.99909496,0.13721444,0,0.97238326
3129,Pass,0,0.99994445,0.055095617,0,0.990501
3130,Pass,0,0.99999094,0.21240667,0,0.957422
3131,Pass,0,0.99999356,0.14679362,0,0.9712407
3132,Pass,0,0.9973086,0.45837376,0,0.9031997
3133,Pass,0,0.47136217,1.2839112,0,0.344944
3134,Pass,0,0.9999758,0.19841816,0,0.9603531
3135,Pass,0,0.94875735,1.2411788,0,0.7028401
3136,Pass,0,0.9999683,0.088012315,0,0.98359346
3137,Pass,0,0.99974245,0.14846255,0,0.9706455
3138,Pass,0,0.9999919,0.047976457,0,0.992047
3139,Pass,0,0.95455086,0.95683914,0,0.76428455
3140,Pass,0,0.9961815,0.7369529,0,0.8437421
3141,Pass,0,0.99997544,0.13111939,0,0.97452354
3142,Pass,0,0.9999993,0.049279127,0,0.99178004
3143,Pass,0,0.99974424,0.40416434,0,0.9168175
3144,Pass,0,0.99010676,0.70577717,0,0.8450967
3145,Pass,0,0.9999931,0.2541762,0,0.9486287
3146,Pass,0,0.99982494,0.158801,0,0.968549
3147,Pass,0,0.99999595,0.28758162,0,0.9415972
3148,Pass,0,0.997532,0.048432183,0,0.98951095
3149,Pass,0,0.99999976,0.2532496,0,0.9488301
3150,Pass,0,0.9982126,0.5237826,0,0.8902697
3151,Pass,0,0.9999927,0.23334219,0,0.9530154
3152,Pass,0,0.99586856,0.40285558,0,0.91353774
3153,Pass,0,0.99914443,0.29426932,0,0.9393884
3154,Pass,0,0.9994548,0.64330554,0,0.8662232
3155,Pass,0,0.99999917,0.14658818,0,0.9712894
3156,Pass,0,0.9996754,0.3781416,0,0.9222323
3157,Pass,0,0.9997148,0.32443583,0,0.9335743
3158,Pass,0,0.9999943,0.12553377,0,0.9757181
3159,Pass,0,0.9999976,0.29389015,0,0.94027036
3160,Pass,0,0.99960726,0.22693056,0,0.9539976
3161,Pass,0,0.8608329,0.2144714,0,0.8238136
3162,Pass,0,0.72237116,2.394416,0,0.35971323
3163,Pass,0,0.99984443,0.25567824,0,0.9481715
3164,Pass,0,0.9998956,0.46929228,0,0.9032436
3165,Pass,0,0.97523695,0.5544381,0,0.8634833
3166,Pass,0,0.99394834,0.26705638,0,0.94019866
3167,Pass,0,0.9999776,0.35421687,0,0.92754877
3168,Pass,0,0.9999882,0.09614795,0,0.9819
3169,Pass,0,0.9340697,0.74507153,0,0.789538
3170,Pass,0,0.99959403,0.5267185,0,0.89088386
3171,Pass,0,0.9998739,0.13284326,0,0.97406167
3172,Pass,0,0.99650675,0.36298507,0,0.9224894
3173,Pass,0,0.9967752,0.9169825,0,0.8064581
3174,Pass,0,0.9999999,0.0675299,0,0.98793757
3175,Pass,0,0.78053415,0.9799299,0,0.62115866
3176,Pass,0,0.9999982,0.1159246,0,0.9777454
3177,Pass,0,0.99972945,0.18298663,0,0.9633651
3178,Pass,0,1.0,0.12712272,0,0.9753891
3179,Pass,0,0.99998796,0.09865172,0,0.9813725
3180,Pass,0,0.87690836,1.4760743,0,0.60624045
3181,Pass,0,0.9998466,0.24767889,0,0.9498577
3182,Pass,0,0.9999976,0.15551932,0,0.96940726
3183,Pass,0,0.99995744,0.21490346,0,0.9568643
3184,Pass,0,0.98616505,0.41749936,0,0.90159553
3185,Pass,0,0.99998975,0.10235734,0,0.9805939
3186,Pass,0,0.9999715,0.13160937,0,0.9744166
3187,Pass,0,0.9997104,0.42836723,0,0.9116915
3188,Pass,0,0.9999056,0.039961305,0,0.993649
3189,Pass,0,0.878238,1.2346114,0,0.6518138
3190,Pass,0,0.82522565,0.502382,0,0.7397077
3191,Pass,0,0.99956137,0.051324558,0,0.99091524
3192,Pass,0,0.99773055,0.28572127,0,0.939855
3193,Pass,0,0.99999595,0.15846178,0,0.96878606
3194,Pass,0,0.9998704,0.1209165,0,0.9765694
3195,Pass,0,0.99993086,0.0504042,0,0.9914753
3196,Pass,0,0.99998,0.061185256,0,0.9892539
3197,Pass,0,0.9997911,0.061245754,0,0.98905426
3198,Pass,0,0.99998856,0.15897195,0,0.9686715
3199,Pass,0,0.8918459,0.9508484,0,0.7152033
3200,Pass,0,0.99837315,0.38443184,0,0.9197085
3201,Pass,0,0.9999982,0.16586965,0,0.9672284
3202,Pass,0,0.9994892,0.048255045,0,0.9914897
3203,Pass,0,0.9999999,0.0931054,0,0.98255205
3204,Pass,0,0.7710522,1.1566765,0,0.58491594
3205,Pass,0,0.9999896,0.1527516,0,0.9699823
3206,Pass,0,0.9997814,0.31335378,0,0.93596953
3207,Pass,0,0.9999963,0.050729096,0,0.9914718
3208,Pass,0,0.992886,0.45204863,0,0.9005168
3209,Pass,0,0.9999808,0.2783383,0,0.9435293
3210,Pass,0,0.99994826,0.23330085,0,0.95298177
3211,Pass,0,0.9999999,0.15432648,0,0.96966064
3212,Pass,0,0.99999964,0.07115944,0,0.987173
3213,Pass,0,0.9974281,0.17703775,0,0.96239686
3214,Pass,0,0.99970055,0.21856664,0,0.9558473
3215,Pass,0,0.9998461,0.18471745,0,0.96311307
3216,Pass,0,0.98432,0.73022944,0,0.8350892
3217,Pass,0,0.99999917,0.17517392,0,0.96527004
3218,Pass,0,0.99992216,0.13104822,0,0.97448665
3219,Pass,0,0.9963019,0.3850812,0,0.9176642
3220,Pass,0,0.9999689,0.10565938,0,0.9798782
3221,Pass,0,0.9999013,0.36140668,0,0.9259642
3222,Pass,0,0.9999945,0.110145256,0,0.9789587
3223,Pass,0,0.99999034,0.13114478,0,0.9745328
3224,Pass,0,0.99994004,0.31088603,0,0.93663764
3225,Pass,0,0.96846807,0.7519002,0,0.8172212
3226,Pass,0,0.9999335,0.11703245,0,0.9774488
3227,Pass,0,0.9971277,0.5133369,0,0.8914954
3228,Pass,0,0.80116314,0.6184923,0,0.6985507
3229,Pass,0,0.99999833,0.058815382,0,0.989771
3230,Pass,0,0.99954504,0.19347817,0,0.96097916
3231,Pass,0,0.9998276,0.1196025,0,0.97680426
3232,Pass,0,0.9834954,0.42544788,0,0.89750874
3233,Pass,0,0.9999732,0.07454796,0,0.9864334
3234,Pass,0,0.71129435,0.62407255,0,0.61935645
3235,Pass,0,0.9994617,0.20412458,0,0.95865846
3236,Pass,0,0.9999548,0.22808681,0,0.9540859
3237,Pass,0,0.9981192,0.11584,0,0.975926
3238,Pass,0,0.96992344,0.26120275,0,0.9186685
3239,Pass,0,0.8619752,1.1933672,0,0.64722997
3240,Pass,0,0.99701,0.5298649,0,0.88792026
3241,Pass,0,0.9618452,0.60979146,0,0.840415
3242,Pass,0,0.99859196,0.24956338,0,0.9482695
3243,Pass,0,0.9999845,0.109966226,0,0.97898656
3244,Pass,0,0.9927625,1.7409549,0,0.6309622
3245,Pass,0,0.99611735,0.81912446,0,0.82645196
3246,Pass,0,0.9992939,0.17349066,0,0.9649435
3247,Pass,0,0.99880445,0.13933657,0,0.9716542
3248,Pass,0,1.0,0.1855178,0,0.9630928
3249,Pass,0,0.9999151,0.08706322,0,0.983741
3250,Pass,0,0.99999774,0.17485546,0,0.9653358
3251,Pass,0,0.9992446,0.33224183,0,0.9314926
3252,Pass,0,0.9999913,0.115400195,0,0.977849
3253,Pass,0,0.81365836,0.6829149,0,0.6984078
3254,Pass,0,0.9994061,0.21234117,0,0.9568759
3255,Pass,0,0.999995,0.14386873,0,0.971858
3256,Pass,0,0.9999975,0.14859152,0,0.97086596
3257,Pass,0,0.9999951,0.22299404,0,0.9551967
3258,Pass,0,0.9999608,0.20554075,0,0.9588389
3259,Pass,0,0.9988882,0.5092371,0,0.89393175
3260,Pass,0,0.51163864,0.85810596,0,0.42029318
3261,Pass,0,0.9999839,0.24280247,0,0.95101494
3262,Pass,0,0.99947673,0.04542345,0,0.99207324
3263,Pass,0,0.99982125,0.38082957,0,0.9218009
3264,Pass,0,0.9999713,0.031008746,0,0.9955994
3265,Pass,0,0.99999094,0.1571995,0,0.96904707
3266,Pass,0,0.9956886,0.3859897,0,0.91690886
3267,Pass,0,0.9839078,2.0039074,0,0.5708552
3268,Pass,0,0.99999976,0.07534892,0,0.986291
3269,Pass,0,0.99998105,0.15792713,0,0.9688842
3270,Pass,0,0.99999976,0.15119328,0,0.9703203
3271,Pass,0,0.99718493,0.6047297,0,0.872356
3272,Pass,0,0.999964,0.021826472,0,0.9975256
3273,Pass,0,0.99997604,0.10939028,0,0.9790996
3274,Pass,0,0.9996655,2.3301458,0,0.5113241
3275,Pass,0,0.90731835,0.70639545,0,0.77431524
3276,Pass,0,0.96776885,0.7434887,0,0.81834537
3277,Pass,0,0.99914217,0.28802902,0,0.9406992
3278,Pass,0,0.9999887,0.1530078,0,0.9699275
3279,Pass,0,0.9998155,0.20060228,0,0.9597393
3280,Pass,0,0.9999894,0.10840719,0,0.9793197
3281,Pass,0,0.99951875,0.09297219,0,0.9821074
3282,Pass,0,0.9997588,0.267821,0,0.94553393
3283,Pass,0,0.5624342,1.2550493,0,0.4150089
3284,Pass,0,0.9276899,0.83614284,0,0.76635504
3285,Pass,0,0.9884339,0.1680974,0,0.95557934
3286,Pass,0,0.9961832,0.20243286,0,0.9558686
3287,Pass,0,0.9999981,0.07011147,0,0.9873921
3288,Pass,0,0.99892247,0.29536623,0,0.938949
3289,Pass,0,0.9999999,0.15301205,0,0.96993744
3290,Pass,0,0.9998963,0.20671913,0,0.95852894
3291,Pass,0,0.9999989,0.15551591,0,0.9694093
3292,Pass,0,0.9999672,0.20588234,0,0.9587732
3293,Pass,0,0.99874383,0.14707379,0,0.969968
3294,Pass,0,0.66834265,0.81237966,0,0.55545527
3295,Pass,0,0.9998294,0.31331193,0,0.9360233
3296,Pass,0,0.94202864,0.94823855,0,0.75596434
3297,Pass,0,0.99998605,0.18217134,0,0.963784
3298,Pass,0,0.99914503,0.27971652,0,0.94245076
3299,Pass,0,1.0,0.14100608,0,0.9724657
3300,Pass,0,0.9999968,0.096416265,0,0.9818519
3301,Pass,0,0.9999958,0.09714926,0,0.98169655
3302,Pass,0,0.99162114,0.2797844,0,0.9353396
3303,Pass,0,0.99999464,0.10062778,0,0.98096293
3304,Pass,0,0.9991277,0.05810111,0,0.98905957
3305,Pass,0,0.98602355,0.49200237,0,0.88599724
3306,Pass,0,0.99972767,0.22077557,0,0.9554083
3307,Pass,0,0.99825865,0.24641177,0,0.9486155
3308,Pass,0,0.99997854,0.14933848,0,0.9706903
3309,Pass,0,0.99987173,0.21788985,0,0.9561535
3310,Pass,0,0.99995947,0.27678207,0,0.94383687
3311,Pass,0,0.9996519,0.1723913,0,0.9655206
3312,Pass,0,0.99999297,0.10821889,0,0.9793628
3313,Pass,0,0.9989705,0.20784317,0,0.95740503
3314,Pass,0,0.62208444,0.600187,0,0.5448062
3315,Pass,0,0.9999299,0.08105461,0,0.98502076
3316,Pass,0,0.99998844,0.07616563,0,0.9861078
3317,Pass,0,0.9999856,0.32586294,0,0.93352664
3318,Pass,0,0.98908734,0.703587,0,0.84468275
3319,Pass,0,0.9999294,0.032961678,0,0.9951465
3320,Pass,0,0.999887,0.028660046,0,0.99600995
3321,Pass,0,0.9999974,0.18649621,0,0.96288425
3322,Pass,0,0.99999654,0.085912175,0,0.9840635
3323,Pass,0,0.99990857,0.21528763,0,0.9567366
3324,Pass,0,0.936334,0.89484,0,0.76192284
3325,Pass,0,0.99749607,0.2045914,0,0.95667493
3326,Pass,0,0.9999918,0.05478286,0,0.99061364
3327,Pass,0,0.9919917,1.2839062,0,0.725943
3328,Pass,0,0.99999964,0.07832599,0,0.98566395
3329,Pass,0,0.9999323,0.16355494,0,0.967652
3330,Pass,0,0.9999994,0.04043032,0,0.99364346
3331,Pass,0,0.98408395,0.6461259,0,0.8523169
3332,Pass,0,0.9998857,0.053018622,0,0.99088
3333,Pass,0,0.99445254,1.1590194,0,0.7538956
3334,Pass,0,0.9999943,0.052742403,0,0.99104583
3335,Pass,0,0.9998882,0.282271,0,0.9426139
3336,Pass,0,0.999997,0.07178153,0,0.98703945
3337,Pass,0,0.9999995,0.19225128,0,0.96167445
3338,Pass,0,0.99997497,0.09817288,0,0.9814606
3339,Pass,0,0.9999993,0.059378076,0,0.98965347
3340,Pass,0,0.9992526,0.48761448,0,0.8988075
3341,Pass,0,0.999997,0.14980683,0,0.97060955
3342,Pass,0,0.9907386,0.62849873,0,0.8617579
3343,Pass,0,0.9999974,0.08315323,0,0.98464525
3344,Pass,0,0.9954437,0.12447943,0,0.971499
3345,Pass,0,0.9999893,0.10460284,0,0.98012066
3346,Pass,0,0.9999734,0.09598874,0,0.98191893
3347,Pass,0,0.99999607,0.080039404,0,0.98529965
3348,Pass,0,0.936358,0.99524987,0,0.7421445
3349,Pass,0,0.99999106,0.16248831,0,0.9679335
3350,Pass,0,0.99997365,0.117003165,0,0.97749424
3351,Pass,0,0.9979323,0.16203512,0,0.96603596
3352,Pass,0,0.8076258,0.86081934,0,0.6629748
3353,Pass,0,0.99960536,0.19216411,0,0.9613138
3354,Pass,0,0.9993893,0.059383236,0,0.9890487
3355,Pass,0,0.7401155,0.7989314,0,0.6172011
3356,Pass,0,0.9999988,0.13430682,0,0.9738752
3357,Pass,0,0.9999107,0.05890471,0,0.9896655
3358,Pass,0,0.9988998,0.15370314,0,0.96872514
3359,Pass,0,0.9999459,0.17700341,0,0.96483344
3360,Pass,0,0.9999809,0.3166661,0,0.93545884
3361,Pass,0,0.3685018,1.0545359,0,0.28746915
3362,Pass,0,0.86513853,1.3451176,0,0.62196034
3363,Pass,0,0.9999819,0.4342818,0,0.91069365
3364,Pass,0,0.9999751,0.16213524,0,0.96799237
3365,Pass,0,0.99924135,0.08795506,0,0.9828905
3366,Pass,0,0.99998987,0.056003902,0,0.9903547
3367,Pass,0,0.7349054,0.5997659,0,0.6436771
3368,Pass,0,0.99946874,0.6176177,0,0.8716416
3369,Pass,0,0.9998536,0.36895886,0,0.92433
3370,Pass,0,0.99827564,0.28741848,0,0.9400116
3371,Pass,0,0.99559337,0.36588386,0,0.9210362
3372,Pass,0,0.9998802,0.80941683,0,0.8316178
3373,Pass,0,0.99999976,0.06769663,0,0.98790234
3374,Pass,0,0.99901676,0.2394377,0,0.950803
3375,Pass,0,0.99995553,0.09498319,0,0.9821131
3376,Pass,0,0.9999641,0.3406936,0,0.9303838
3377,Pass,0,0.7451731,0.8144198,0,0.6189884
3378,Pass,0,0.9999994,0.24907778,0,0.94970834
3379,Pass,0,0.99880767,0.25889564,0,0.94651157
3380,Pass,0,0.637868,1.1086699,0,0.4903312
3381,Pass,0,0.9988714,0.13586202,0,0.97245014
3382,Pass,0,0.9589976,0.7923079,0,0.80107
3383,Pass,0,0.9987576,0.05373342,0,0.9896118
3384,Pass,0,0.9999987,0.08629612,0,0.9839847
3385,Pass,0,0.9981767,0.2902236,0,0.9393289
3386,Pass,0,0.90764296,0.37056196,0,0.8387781
3387,Pass,0,0.9999969,0.09124249,0,0.98294145
3388,Pass,0,0.9998241,0.40963387,0,0.91573924
3389,Pass,0,0.99975115,0.4141506,0,0.91472155
3390,Pass,0,0.6560187,0.70951647,0,0.55942225
3391,Pass,0,0.9999968,0.2827687,0,0.94261146
3392,Pass,0,0.9999323,0.13953628,0,0.9727093
3393,Pass,0,0.955153,1.1454092,0,0.7268399
3394,Pass,0,0.9998634,0.12821633,0,0.9750256
3395,Pass,0,0.9919526,1.6565402,0,0.64807975
3396,Pass,0,0.9999982,0.20211959,0,0.9595952
3397,Pass,0,0.9999995,0.13346477,0,0.9740532
3398,Pass,0,0.983547,0.25490758,0,0.9328759
3399,Pass,0,0.99939334,0.084650934,0,0.98373526
3400,Pass,0,0.9999925,0.14125626,0,0.9724057
3401,Pass,0,0.9901933,0.96254367,0,0.79163307
3402,Pass,0,0.99918884,0.6047639,0,0.87410194
3403,Pass,0,0.99984455,0.35062343,0,0.92818195
3404,Pass,0,0.9999536,0.34721464,0,0.9290009
3405,Pass,0,0.9995536,0.38701332,0,0.9202526
3406,Pass,0,0.9999995,0.0347625,0,0.99483705
3407,Pass,0,0.81272894,0.52883154,0,0.72397953
3408,Pass,0,0.9999819,0.06638061,0,0.9881618
3409,Pass,0,0.9999943,0.13428183,0,0.97387606
3410,Pass,0,0.99999976,0.0665213,0,0.9881498
3411,Pass,0,0.9650805,0.4404302,0,0.87765914
3412,Pass,0,0.99997675,0.14487968,0,0.9716274
3413,Pass,0,0.99999964,0.11493214,0,0.97795576
3414,Pass,0,0.9999269,0.27992788,0,0.9431438
3415,Pass,0,0.9999813,0.10614619,0,0.9797878
3416,Pass,0,0.9999225,0.39617825,0,0.91866255
3417,Pass,0,0.9673883,0.5451768,0,0.85842055
3418,Pass,0,0.9999659,0.12445812,0,0.9759169
3419,Pass,0,0.99663347,0.41255194,0,0.91220456
3420,Pass,0,0.51573807,1.0121733,0,0.40692905
3421,Pass,0,0.93912244,1.1536463,0,0.7130123
3422,Pass,0,0.999969,0.22177902,0,0.9554276
3423,Pass,0,0.99999964,0.11431748,0,0.97808516
3424,Pass,0,0.9998853,0.19090217,0,0.9618487
3425,Pass,0,0.9947471,0.8392178,0,0.82110626
3426,Pass,0,0.9882775,0.7744809,0,0.8292379
3427,Pass,0,0.9999981,0.17751981,0,0.9647751
3428,Pass,0,0.77898026,0.8038885,0,0.6487983
3429,Pass,0,0.96690434,0.77667284,0,0.81085795
3430,Pass,0,0.99989855,0.21232444,0,0.9573509
3431,Pass,0,0.9999802,0.31879514,0,0.9350099
3432,Pass,0,0.99996436,0.2820316,0,0.9427361
3433,Pass,0,0.9982488,0.0936226,0,0.98072284
3434,Pass,0,0.9999994,0.14382526,0,0.97187144
3435,Pass,0,0.9999094,0.16566545,0,0.9671855
3436,Pass,0,0.99980193,0.23412628,0,0.9526685
3437,Pass,0,0.9817068,0.34502104,0,0.9125023
3438,Pass,0,1.0,0.11977551,0,0.9769362
3439,Pass,0,0.99999094,0.22451828,0,0.9548718
3440,Pass,0,0.99999833,0.06377537,0,0.9887266
3441,Pass,0,0.9980562,0.30863976,0,0.9353451
3442,Pass,0,0.9992588,0.3620466,0,0.92523456
3443,Pass,0,0.9987226,0.25991625,0,0.94621634
3444,Pass,0,0.99999344,0.09774184,0,0.98156947
3445,Pass,0,0.9999838,0.20857862,0,0.95822126
3446,Pass,0,0.99404705,1.373978,0,0.7085935
3447,Pass,0,0.99960107,0.05346802,0,0.99050343
3448,Pass,0,0.9994797,0.5797295,0,0.87962514
3449,Pass,0,0.99992895,0.08515598,0,0.9841562
3450,Pass,0,0.99725586,0.2725177,0,0.9421805
3451,Pass,0,0.9977639,0.69546473,0,0.853799
3452,Pass,0,0.9985734,0.12489538,0,0.974466
3453,Pass,0,0.99859935,0.84335446,0,0.8234162
3454,Pass,0,0.99997723,0.07115393,0,0.9871521
3455,Pass,0,0.68641293,0.57399845,0,0.60492873
3456,Pass,0,0.99969125,0.12857877,0,0.97478145
3457,Pass,0,0.9998952,0.2118926,0,0.9574387
3458,Pass,0,0.83299565,0.80263525,0,0.6940065
3459,Pass,0,0.9732151,2.2612214,0,0.5119196
3460,Pass,0,0.9351872,0.26820645,0,0.8843887
3461,Pass,0,0.9996624,0.3352935,0,0.93123984
3462,Pass,0,0.9999975,0.12847474,0,0.975102
3463,Pass,0,0.98629564,0.19049774,0,0.94885993
3464,Pass,0,0.9999976,0.20977071,0,0.95798355
3465,Pass,0,0.99901474,0.43183625,0,0.9103273
3466,Pass,0,0.99830997,0.052730914,0,0.98937905
3467,Pass,0,0.9757151,0.35460034,0,0.9049648
3468,Pass,0,0.999997,0.06461719,0,0.9885481
3469,Pass,0,0.99992776,0.32278356,0,0.9341211
3470,Pass,0,0.9996885,0.30401778,0,0.9378478
3471,Pass,0,0.9995894,0.12968627,0,0.974449
3472,Pass,0,0.99946195,0.28345653,0,0.94196254
3473,Pass,0,0.9999933,0.108379744,0,0.9793293
3474,Pass,0,0.9997936,0.16409494,0,0.96740407
3475,Pass,0,0.99998176,0.10742009,0,0.97952
3476,Pass,0,0.9999621,0.028541356,0,0.9961098
3477,Pass,0,0.999998,0.067168616,0,0.9880117
3478,Pass,0,0.99999976,0.056408238,0,0.9902793
3479,Pass,0,0.99988556,0.17266282,0,0.9656892
3480,Pass,0,0.9994784,0.041189156,0,0.99296606
3481,Pass,0,0.9781448,0.60188013,0,0.8562863
3482,Pass,0,0.9997665,0.31448892,0,0.9357166
3483,Pass,0,0.99334055,0.38551262,0,0.91484636
3484,Pass,0,0.99999607,0.060854204,0,0.98933953
3485,Pass,0,0.9991937,0.27183676,0,0.9441546
3486,Pass,0,0.99998,0.06031764,0,0.98943657
3487,Pass,0,0.99954575,0.18663646,0,0.96241987
3488,Pass,0,0.9999938,0.084894225,0,0.98427516
3489,Pass,0,0.9999814,0.12365912,0,0.97610027
3490,Pass,0,0.99999154,0.20552322,0,0.9588721
3491,Pass,0,0.99941516,0.12677751,0,0.9748913
3492,Pass,0,0.99959165,0.4212808,0,0.9130748
3493,Pass,0,0.9999912,0.111314565,0,0.9787092
3494,Pass,0,0.99984205,0.1374043,0,0.9730704
3495,Pass,0,0.99447083,0.4818881,0,0.89570564
3496,Pass,0,0.99999905,0.06645268,0,0.98816353
3497,Pass,0,0.9997656,0.07337667,0,0.98647517
3498,Pass,0,0.9999716,0.3023042,0,0.93847424
3499,Pass,0,0.99993336,0.07115945,0,0.9871076
3500,Pass,0,0.99989045,0.20966256,0,0.9579036
3501,Pass,0,0.99554414,0.4397652,0,0.9055027
3502,Pass,0,0.9137485,0.5513326,0,0.8096384
3503,Pass,0,0.9127652,0.9128129,0,0.73928976
3504,Pass,0,0.9999981,0.120277755,0,0.97682863
3505,Pass,0,0.8222939,0.9507658,0,0.65944135
3506,Pass,0,0.99981064,0.27685338,0,0.94368136
3507,Pass,0,0.9999697,0.019854777,0,0.99794644
3508,Pass,0,0.85116714,0.5456188,0,0.7552115
3509,Pass,0,0.966705,0.3337213,0,0.9008583
3510,Pass,0,0.99960345,0.49080518,0,0.8984515
3511,Pass,0,0.9710005,0.7778168,0,0.81405914
3512,Pass,0,0.7912528,0.72103786,0,0.672824
3513,Pass,0,0.99985814,0.18295754,0,0.9634952
3514,Pass,0,0.99999917,0.19022618,0,0.96210057
3515,Pass,0,0.99994683,0.17038365,0,0.96622825
3516,Pass,0,0.9977582,0.1550741,0,0.9673299
3517,Pass,0,0.9999627,0.18276088,0,0.96363735
3518,Pass,0,0.87099224,2.15384,0,0.47784397
3519,Pass,0,0.9999862,0.04032496,0,0.99365246
3520,Pass,0,0.999956,0.052267514,0,0.99110794
3521,Pass,0,1.0,0.03128431,0,0.99556994
3522,Pass,0,0.99999976,0.093879364,0,0.982389
3523,Pass,0,0.99987185,0.08609148,0,0.983903
3524,Pass,0,0.91563565,0.65614897,0,0.7911012
3525,Pass,0,0.93027335,0.5844672,0,0.81778973
3526,Pass,0,0.99940586,1.5523585,0,0.6748739
3527,Pass,0,0.99999356,0.084665805,0,0.984323
3528,Pass,0,0.9916557,0.4927205,0,0.8909081
3529,Pass,0,0.9999285,0.060179006,0,0.9894148
3530,Pass,0,0.9994825,0.34272975,0,0.9295072
3531,Pass,0,0.9999664,0.100295626,0,0.9810052
3532,Pass,0,0.99866843,2.2565444,0,0.5262919
3533,Pass,0,0.9691654,0.3759671,0,0.8945296
3534,Pass,0,0.9999658,0.24367924,0,0.9508131
3535,Pass,0,0.999982,0.10620436,0,0.97977626
3536,Pass,0,0.99999595,0.13584474,0,0.9735486
3537,Pass,0,0.99999726,0.0465659,0,0.9923493
3538,Pass,0,0.9999603,0.25244054,0,0.9489631
3539,Pass,0,0.99976593,0.107725404,0,0.9792444
3540,Pass,0,0.9965481,0.20366839,0,0.9559595
3541,Pass,0,0.96773815,0.5538205,0,0.8569696
3542,Pass,0,0.9999987,0.17919189,0,0.9644236
3543,Pass,0,0.99999726,0.10794813,0,0.97942406
3544,Pass,0,0.99921834,0.339319,0,0.92997915
3545,Pass,0,0.99989045,0.08665551,0,0.9838026
3546,Pass,0,0.99798834,0.2770102,0,0.94192845
3547,Pass,0,0.9956182,0.1025575,0,0.97626525
3548,Pass,0,0.96172976,0.8128692,0,0.79918826
3549,Pass,0,0.99814,0.39996442,0,0.91622907
3550,Pass,0,0.9999987,0.052480668,0,0.9911053
3551,Pass,0,0.99998474,0.2148694,0,0.95689756
3552,Pass,0,0.95341676,0.48204938,0,0.8586964
3553,Pass,0,0.6648356,0.6568844,0,0.5743092
3554,Pass,0,0.9997825,0.06289071,0,0.98869944
3555,Pass,0,0.9998926,0.16945215,0,0.9663719
3556,Pass,0,0.9993175,0.22529007,0,0.9540663
3557,Pass,0,0.9999999,0.087957546,0,0.9836361
3558,Pass,0,0.9999541,0.12709898,0,0.97534937
3559,Pass,0,0.9999242,0.24518597,0,0.9504563
3560,Pass,0,0.9999895,0.1681361,0,0.96674275
3561,Pass,0,0.99967563,0.050004378,0,0.9913064
3562,Pass,0,1.0,0.078275226,0,0.98567504
3563,Pass,0,0.99997294,0.14494064,0,0.9716109
3564,Pass,0,0.9999137,0.06899346,0,0.98754424
3565,Pass,0,0.9976458,0.2639736,0,0.9443438
3566,Pass,0,0.97697073,0.4197297,0,0.8927309
3567,Pass,0,0.8861518,0.89951885,0,0.72021496
3568,Pass,0,0.99866414,0.50146836,0,0.8953649
3569,Pass,0,0.9999987,0.20599572,0,0.95877945
3570,Pass,0,1.0,0.054279745,0,0.9907278
3571,Pass,0,0.9998128,0.11970899,0,0.9767673
3572,Pass,0,0.99999666,0.07903131,0,0.9855125
3573,Pass,0,0.99998987,0.16714866,0,0.966951
3574,Pass,0,0.5153726,0.9590597,0,0.4124047
3575,Pass,0,0.9999429,0.23340948,0,0.95295376
3576,Pass,0,0.9999802,0.16447642,0,0.9675044
3577,Pass,0,0.9996891,0.034950107,0,0.9944888
3578,Pass,0,0.99677986,0.17585686,0,0.96201926
3579,Pass,0,0.99996793,0.4123801,0,0.91529274
3580,Pass,0,0.830248,0.91640127,0,0.67182803
3581,Pass,0,0.99973816,0.23215862,0,0.95302194
3582,Pass,0,0.98836786,0.45596105,0,0.8956047
3583,Pass,0,0.91224813,0.571957,0,0.80434716
3584,Pass,0,0.9858898,0.13510756,0,0.9599685
3585,Pass,0,0.9870653,0.6087348,0,0.8626707
3586,Pass,0,0.9998851,0.19625407,0,0.9607216
3587,Pass,0,0.9620345,2.2553625,0,0.50722545
3588,Pass,0,0.7531233,1.393558,0,0.533749
3589,Pass,0,0.46389383,2.0711257,0,0.26258132
3590,Pass,0,0.9999994,0.17753111,0,0.96477395
3591,Pass,0,0.9989446,0.21745315,0,0.95535874
3592,Pass,0,0.9875092,0.6913516,0,0.84587926
3593,Pass,0,0.9999032,0.015639745,0,0.99876755
3594,Pass,0,0.99950254,0.36591756,0,0.92464554
3595,Pass,0,0.9999988,0.048967928,0,0.9918451
3596,Pass,0,0.9949175,0.3709913,0,0.9193409
3597,Pass,0,0.9947752,0.36454913,0,0.92055887
3598,Pass,0,0.997837,0.3966569,0,0.91664594
3599,Pass,0,0.99999666,0.14164853,0,0.9723272
3600,Pass,0,0.9999912,0.2659819,0,0.946141
3601,Pass,0,0.9999937,0.111044735,0,0.97876847
3602,Pass,0,0.8928065,0.7950147,0,0.7452703
3603,Pass,0,0.9907408,0.41877848,0,0.90551203
3604,Pass,0,1.0,0.072115846,0,0.986972
3605,Pass,0,0.9992248,0.16033216,0,0.96764547
3606,Pass,0,0.95663357,0.5813557,0,0.8415894
3607,Pass,0,0.9397441,0.39596307,0,0.86341715
3608,Pass,0,0.9999274,0.1791426,0,0.9643652
3609,Pass,0,0.9973028,0.13797672,0,0.9704789
3610,Pass,0,0.999613,0.397872,0,0.9180216
3611,Pass,0,0.9999417,0.12199582,0,0.97641176
3612,Pass,0,0.93197685,1.3617262,0,0.6667519
3613,Pass,0,0.9999746,0.15609059,0,0.9692647
3614,Pass,0,0.9998091,0.21873398,0,0.95591587
3615,Pass,0,0.99923086,0.3882662,0,0.9196918
3616,Pass,0,0.99999845,0.21461053,0,0.9569652
3617,Pass,0,0.80273736,0.33557555,0,0.74774575
3618,Pass,0,0.99921715,0.3564401,0,0.9263756
3619,Pass,0,0.9996935,0.10266246,0,0.9802392
3620,Pass,0,0.99998677,0.08935803,0,0.9833283
3621,Pass,0,0.99990726,0.17024639,0,0.9662188
3622,Pass,0,0.9996996,0.15253173,0,0.9697473
3623,Pass,0,0.99995697,0.028873257,0,0.9960348
3624,Pass,0,0.9979887,0.65056396,0,0.8634272
3625,Pass,0,0.9993056,0.4811845,0,0.90020823
3626,Pass,0,0.9999964,0.0674113,0,0.98795915
3627,Pass,0,0.99929833,0.25066373,0,0.9487088
3628,Pass,0,0.99970955,0.39550224,0,0.91860914
3629,Pass,0,0.9997414,0.28430548,0,0.9420472
3630,Pass,0,0.99988735,0.26305115,0,0.9466598
3631,Pass,0,0.6859285,0.5421102,0,0.6091077
3632,Pass,0,0.9998305,0.12404006,0,0.97587276
3633,Pass,0,0.99999607,0.07769701,0,0.9857929
3634,Pass,0,0.9062448,0.39481482,0,0.8328578
3635,Pass,0,0.99962103,0.2619484,0,0.9466398
3636,Pass,0,0.9999869,0.14919281,0,0.97072905
3637,Pass,0,0.9999999,0.029358475,0,0.9959754
3638,Pass,0,0.7887336,1.7557316,0,0.49883497
3639,Pass,0,0.9998281,0.21610872,0,0.95648676
3640,Pass,0,0.9999982,0.050539035,0,0.99151367
3641,Pass,0,0.9998877,0.31919235,0,0.9348398
3642,Pass,0,0.9849702,0.52044374,0,0.8791518
3643,Pass,0,0.98915595,0.41712832,0,0.90440726
3644,Pass,0,0.99999976,0.053782914,0,0.99083215
3645,Pass,0,0.9998518,0.3488227,0,0.92856777
3646,Pass,0,0.99985504,0.387564,0,0.92041415
3647,Pass,0,0.99990976,0.21377043,0,0.95705724
3648,Pass,0,0.94649124,0.6687395,0,0.8152508
3649,Pass,0,0.9994649,0.2205112,0,0.9552128
3650,Pass,0,0.99997735,0.08673346,0,0.98387164
3651,Pass,0,0.9999956,0.072036825,0,0.9869843
3652,Pass,0,0.9999993,0.08181106,0,0.98492974
3653,Pass,0,0.99995685,0.14648932,0,0.9712692
3654,Pass,0,0.99999726,0.19013327,0,0.96211827
3655,Pass,0,0.9993906,0.14154223,0,0.9717603
3656,Pass,0,0.9999982,0.121264026,0,0.9766211
3657,Pass,0,0.5897538,1.1312909,0,0.45053646
3658,Pass,0,0.99998105,0.22307941,0,0.95516527
3659,Pass,0,0.999218,0.027350616,0,0.99561906
3660,Pass,0,0.99979025,0.15121858,0,0.97011167
3661,Pass,0,0.99640346,0.490101,0,0.8957231
3662,Pass,0,0.99999833,0.17202532,0,0.9659323
3663,Pass,0,0.9907218,0.6262192,0,0.86221886
3664,Pass,0,0.99070543,0.60345787,0,0.866953
3665,Pass,0,0.9998006,0.28209433,0,0.94256854
3666,Pass,0,0.9165089,1.3512373,0,0.6577102
3667,Pass,0,0.9990934,0.102495596,0,0.9796859
3668,Pass,0,0.99906355,0.25079396,0,0.9484585
3669,Pass,0,0.968809,1.9630677,0,0.5704265
3670,Pass,0,1.0,0.14205976,0,0.9722438
3671,Pass,0,0.99970955,0.048163116,0,0.99172765
3672,Pass,0,0.9999933,0.15488979,0,0.96953565
3673,Pass,0,0.9999838,0.34168744,0,0.9301928
3674,Pass,0,0.99999917,0.06235629,0,0.98902625
3675,Pass,0,0.99970204,0.19388837,0,0.9610437
3676,Pass,0,0.9999989,0.097077504,0,0.9817147
3677,Pass,0,0.99997115,0.11051918,0,0.9788571
3678,Pass,0,0.9999517,0.07139674,0,0.98707575
3679,Pass,0,0.9987925,0.07585231,0,0.9849944
3680,Pass,0,0.9986305,0.20701301,0,0.95725375
3681,Pass,0,0.9981077,0.4815712,0,0.89904785
3682,Pass,0,0.9999995,0.050104808,0,0.9916064
3683,Pass,0,0.99964976,0.29115835,0,0.9405184
3684,Pass,0,0.99996054,0.06196177,0,0.98907113
3685,Pass,0,0.99032557,0.50574136,0,0.8869978
3686,Pass,0,0.7901941,1.3361043,0,0.56958145
3687,Pass,0,0.99999857,0.056603514,0,0.990237
3688,Pass,0,0.9992512,0.26082724,0,0.94652545
3689,Pass,0,0.9999546,0.11843206,0,0.9771747
3690,Pass,0,0.9993808,0.27950066,0,0.9427186
3691,Pass,0,0.9997863,0.054661218,0,0.9904358
3692,Pass,0,0.9898796,0.5899683,0,0.86904204
3693,Pass,0,0.9843471,0.8738104,0,0.80535144
3694,Pass,0,0.95680904,0.4485826,0,0.86849445
3695,Pass,0,0.99999976,0.16951731,0,0.9664618
3696,Pass,0,0.99999976,0.07114291,0,0.98717666
3697,Pass,0,0.99802494,0.59975314,0,0.87413675
3698,Pass,0,0.999997,0.13760754,0,0.9731784
3699,Pass,0,0.99788755,0.26071367,0,0.9452576
3700,Pass,0,0.6516482,1.1961367,0,0.48892206
3701,Pass,0,0.999982,0.15972134,0,0.96850735
3702,Pass,0,0.9996301,0.45908922,0,0.90515155
3703,Pass,0,0.99979013,0.07440227,0,0.98628354
3704,Pass,0,0.90392196,0.5487213,0,0.8014285
3705,Pass,0,0.9946406,0.31316572,0,0.93119615
3706,Pass,0,0.9999429,0.035953093,0,0.99453
3707,Pass,0,0.99843615,0.08183336,0,0.9833855
3708,Pass,0,0.9999435,0.23136045,0,0.9533857
3709,Pass,0,0.99366957,0.31542763,0,0.92981386
3710,Pass,0,0.9999999,0.045068465,0,0.99266726
3711,Pass,0,0.9999629,0.17397277,0,0.965488
3712,Pass,0,0.99997723,0.21820514,0,0.956188
3713,Pass,0,0.9999895,0.23371641,0,0.9529335
3714,Pass,0,0.93130314,1.0326297,0,0.7308077
3715,Pass,0,0.9999535,0.22700971,0,0.95431143
3716,Pass,0,0.999985,0.16894649,0,0.9665677
3717,Pass,0,0.9999589,0.20257872,0,0.9594608
3718,Pass,0,0.9999473,0.13447697,0,0.9737892
3719,Pass,0,0.99907434,0.099571556,0,0.98028237
3720,Pass,0,0.9970143,0.040965863,0,0.9905649
3721,Pass,0,0.9944153,0.2326158,0,0.9478521
3722,Pass,0,0.9999167,0.06377165,0,0.9886467
3723,Pass,0,0.9997807,0.26394668,0,0.94637036
3724,Pass,0,0.9968401,0.3554826,0,0.92437285
3725,Pass,0,0.99995947,0.27911517,0,0.94334555
3726,Pass,0,0.98156285,0.9460177,0,0.788149
3727,Pass,0,0.9999995,0.26705885,0,0.9459221
3728,Pass,0,0.9999931,0.14475891,0,0.9716687
3729,Pass,0,0.9999807,0.14857341,0,0.97085345
3730,Pass,0,0.9999151,0.09000189,0,0.9831223
3731,Pass,0,0.99996555,0.08763005,0,0.98367125
3732,Pass,0,0.99303085,0.3329378,0,0.92555475
3733,Pass,0,1.0,0.07527172,0,0.98630744
3734,Pass,0,0.99999976,0.04276518,0,0.9931522
3735,Pass,0,0.99997187,0.2681643,0,0.9456632
3736,Pass,0,0.99929225,0.33295426,0,0.93138725
3737,Pass,0,0.9999999,0.11225665,0,0.9785194
3738,Pass,0,0.9490888,1.9226462,0,0.5668937
3739,Pass,0,0.99999857,0.051555227,0,0.99130005
3740,Pass,0,0.99967897,0.40945402,0,0.91564417
3741,Pass,0,0.998938,0.25028428,0,0.9484465
3742,Pass,0,0.9997601,0.19514763,0,0.96083444
3743,Pass,0,0.86141056,0.35501304,0,0.7988738
3744,Pass,0,0.9999989,0.10512217,0,0.98002076
3745,Pass,0,0.5028504,0.39107534,0,0.46252593
3746,Pass,0,0.9999933,0.25168628,0,0.94915324
3747,Pass,0,0.9873673,0.15076308,0,0.9581522
3748,Pass,0,0.9992729,0.14184706,0,0.97158164
3749,Pass,0,0.99123293,0.40159738,0,0.909548
3750,Pass,0,0.624774,0.70099074,0,0.5338999
3751,Pass,0,0.9997898,0.17870465,0,0.96432465
3752,Pass,0,0.99999726,0.19119893,0,0.96189386
3753,Pass,0,0.9987949,0.56681323,0,0.88173896
3754,Pass,0,1.0,0.06476136,0,0.9885206
3755,Pass,0,0.9999025,0.03582828,0,0.99451613
3756,Pass,0,0.9999106,0.07858603,0,0.9855215
3757,Pass,0,0.9695497,0.6457774,0,0.83979994
3758,Pass,0,0.99994385,0.12246491,0,0.9763151
3759,Pass,0,0.999503,0.23384146,0,0.95244366
3760,Pass,0,0.9999809,0.26922503,0,0.94544834
3761,Pass,0,1.0,0.05993229,0,0.9895375
3762,Pass,0,0.8842457,0.4409002,0,0.8040592
3763,Pass,0,0.9989177,0.2043491,0,0.95808935
3764,Pass,0,0.99817324,0.4550527,0,0.9046808
3765,Pass,0,0.9999547,0.08549699,0,0.9841097
3766,Pass,0,0.99999404,0.09114617,0,0.9829589
3767,Pass,0,0.9999982,0.08156005,0,0.98498154
3768,Pass,0,0.80582404,1.2109799,0,0.6020793
3769,Pass,0,0.9999635,0.12051213,0,0.9767455
3770,Pass,0,0.99916816,0.41756052,0,0.9134707
3771,Pass,0,0.9999877,0.054620307,0,0.9906439
3772,Pass,0,0.9998405,0.360679,0,0.9260611
3773,Pass,0,0.9998123,0.3240188,0,0.93375313
3774,Pass,0,0.9996835,0.40745413,0,0.91606927
3775,Pass,0,0.9999882,0.11022574,0,0.9789356
3776,Pass,0,0.9999987,0.08498907,0,0.98425996
3777,Pass,0,0.9998627,0.6862919,0,0.85752624
3778,Pass,0,0.9999908,0.10268622,0,0.98052573
3779,Pass,0,0.9995116,0.27471098,0,0.94385004
3780,Pass,0,0.99999547,0.22108087,0,0.95559984
3781,Pass,0,0.9966266,0.23121235,0,0.9502544
3782,Pass,0,0.99998856,0.24921633,0,0.9496688
3783,Pass,0,0.99946743,0.29680547,0,0.9391583
3784,Pass,0,0.5599245,1.2034618,0,0.41923943
3785,Pass,0,0.9991078,0.49150878,0,0.897858
3786,Pass,0,0.9987779,0.3714899,0,0.9228033
3787,Pass,0,0.9989385,0.41503915,0,0.9137911
3788,Pass,0,0.99999964,0.15481548,0,0.96955746
3789,Pass,0,0.9999871,0.060958166,0,0.9893087
3790,Pass,0,0.94599354,0.10806393,0,0.9265083
3791,Pass,0,0.9960063,0.24432197,0,0.9469135
3792,Pass,0,0.996375,1.168298,0,0.7534062
3793,Pass,0,0.99868804,0.12692742,0,0.97415054
3794,Pass,0,0.999696,0.15727319,0,0.9687457
3795,Pass,0,0.99946755,0.36583275,0,0.924631
3796,Pass,0,0.9999193,0.06944681,0,0.98745435
3797,Pass,0,0.9999263,0.48718446,0,0.89950407
3798,Pass,0,0.9998043,0.5287014,0,0.8906537
3799,Pass,0,0.999998,0.14024931,0,0.97262305
3800,Pass,0,0.9934389,0.5404634,0,0.8825228
3801,Pass,0,0.99999917,0.07885952,0,0.9855511
3802,Pass,0,0.9989498,0.25488994,0,0.94748896
3803,Pass,0,0.9999912,0.037218533,0,0.99431163
3804,Pass,0,0.9016521,1.4040657,0,0.63701844
3805,Pass,0,0.99985766,0.048527043,0,0.9917979
3806,Pass,0,0.99985945,0.34118277,0,0.9301834
3807,Pass,0,0.85080165,0.51783204,0,0.75986534
3808,Pass,0,0.99988663,0.25391448,0,0.9485829
3809,Pass,0,0.9999881,0.13978696,0,0.9727108
3810,Pass,0,0.9993017,0.14182669,0,0.97161394
3811,Pass,0,0.9999075,0.31381577,0,0.9359903
3812,Pass,0,0.99936694,0.19130737,0,0.9612647
3813,Pass,0,0.9527585,1.1442282,0,0.7252547
3814,Pass,0,0.9999999,0.05703456,0,0.9901476
3815,Pass,0,0.99999964,0.07341005,0,0.9866991
3816,Pass,0,0.9792835,1.2516975,0,0.7232848
3817,Pass,0,0.7862205,0.8957004,0,0.6396285
3818,Pass,0,0.99999917,0.063216634,0,0.9888451
3819,Pass,0,0.9949675,0.092936836,0,0.97764283
3820,Pass,0,0.999597,0.11180769,0,0.9782197
3821,Pass,0,0.9999335,0.17209491,0,0.965855
3822,Pass,0,0.9999869,0.19282784,0,0.9615409
3823,Pass,0,0.99958366,0.6076997,0,0.87382936
3824,Pass,0,0.99851376,0.32655907,0,0.93200624
3825,Pass,0,0.99999106,0.1302679,0,0.97471815
3826,Pass,0,0.99987197,0.09165789,0,0.98273116
3827,Pass,0,0.742217,1.2644227,0,0.54620206
3828,Pass,0,0.9631489,0.35405478,0,0.8934205
3829,Pass,0,0.80684614,1.0751623,0,0.6259182
3830,Pass,0,1.0,0.16825694,0,0.96672744
3831,Pass,0,0.9999964,0.098713666,0,0.98136777
3832,Pass,0,0.9863013,0.5738305,0,0.8692522
3833,Pass,0,0.9506641,0.8081119,0,0.7909451
3834,Pass,0,0.99991655,0.103718765,0,0.9802356
3835,Pass,0,0.9990491,0.59574413,0,0.8758772
3836,Pass,0,0.9965702,0.31238055,0,0.9331675
3837,Pass,0,0.9999244,0.25383678,0,0.94863504
3838,Pass,0,0.99998164,0.03891187,0,0.9939456
3839,Pass,0,0.99978095,0.101939015,0,0.9804773
3840,Pass,0,1.0,0.05378776,0,0.9908314
3841,Pass,0,0.9043396,1.4277114,0,0.6344143
3842,Pass,0,0.99820673,0.3374355,0,0.9294335
3843,Pass,0,0.99999774,0.16210729,0,0.96802014
3844,Pass,0,0.9996069,0.21973875,0,0.9555111
3845,Pass,0,0.99999917,0.13851243,0,0.9729899
3846,Pass,0,0.9993055,0.08208857,0,0.984188
3847,Pass,0,0.99998844,0.06986041,0,0.98743546
3848,Pass,0,0.99942696,0.21744816,0,0.9558211
3849,Pass,0,0.99981314,0.14816675,0,0.97077644
3850,Pass,0,0.9999567,0.27033535,0,0.94519174
3851,Pass,0,0.9920448,0.57939744,0,0.8731512
3852,Pass,0,0.9999503,0.09316981,0,0.9824898
3853,Pass,0,0.9999291,0.074575044,0,0.9863842
3854,Pass,0,0.9997142,0.2596967,0,0.947202
3855,Pass,0,0.9999746,0.3084671,0,0.9371794
3856,Pass,0,0.9996941,0.25175744,0,0.94885427
3857,Pass,0,0.99865925,0.5182513,0,0.8918313
3858,Pass,0,0.9999976,0.069207564,0,0.987582
3859,Pass,0,0.9999994,0.11102625,0,0.978778
3860,Pass,0,0.9965301,0.38476932,0,0.91793984
3861,Pass,0,0.99999726,0.12314185,0,0.9762247
3862,Pass,0,1.0,0.04003923,0,0.99372643
3863,Pass,0,0.99727136,0.23732059,0,0.94958645
3864,Pass,0,0.9999988,0.09113727,0,0.9829654
3865,Pass,0,0.999374,0.04786515,0,0.9914574
3866,Pass,0,0.999954,0.2363036,0,0.9523549
3867,Pass,0,0.9999957,0.15381785,0,0.9697637
3868,Pass,0,0.99987614,0.21832404,0,0.9560663
3869,Pass,0,0.9999747,0.07777105,0,0.9857563
3870,Pass,0,0.99997187,0.078558534,0,0.98558766
3871,Pass,0,1.0,0.06214468,0,0.98907167
3872,Pass,0,0.92824906,0.8816308,0,0.75792575
3873,Pass,0,0.9988201,0.20178425,0,0.9585352
3874,Pass,0,0.9999707,0.24098481,0,0.95138514
3875,Pass,0,0.9998976,0.02879646,0,0.9959918
3876,Pass,0,0.90947175,0.38869277,0,0.83699584
3877,Pass,0,0.9756153,0.7421981,0,0.8252455
3878,Pass,0,0.999537,0.08019655,0,0.9848142
3879,Pass,0,0.99999905,0.055687096,0,0.9904305
3880,Pass,0,0.98172784,1.0510603,0,0.7665667
3881,Pass,0,0.9677962,0.6576173,0,0.83586824
3882,Pass,0,0.9918521,0.77817017,0,0.83146673
3883,Pass,0,0.8172481,0.7600259,0,0.68821913
3884,Pass,0,0.9987728,0.10402466,0,0.97905
3885,Pass,0,0.99549,0.13489221,0,0.9693615
3886,Pass,0,0.99990356,0.25743195,0,0.9478583
3887,Pass,0,0.9999999,0.060085442,0,0.9895051
3888,Pass,0,0.99820936,0.10374444,0,0.9785565
3889,Pass,0,1.0,0.09512466,0,0.982127
3890,Pass,0,0.9999995,0.10566297,0,0.97990745
3891,Pass,0,0.9999633,0.019625818,0,0.9979882
3892,Pass,0,0.9997222,0.25393724,0,0.948422
3893,Pass,0,0.9991627,0.21449403,0,0.9561899
3894,Pass,0,0.9999893,0.12943439,0,0.9748919
3895,Pass,0,0.99980015,0.2774394,0,0.94354814
3896,Pass,0,0.9997986,0.1979243,0,0.9602869
3897,Pass,0,0.99991345,0.05137667,0,0.9912533
3898,Pass,0,0.999995,0.24749228,0,0.95003796
3899,Pass,0,0.98584867,0.6458094,0,0.85391104
3900,Pass,0,0.7536659,0.65147376,0,0.65190274
3901,Pass,0,0.999824,0.13914764,0,0.97268575
3902,Pass,0,0.99996316,0.015842559,0,0.9987848
3903,Pass,0,0.99837434,0.29820538,0,0.9378369
3904,Pass,0,0.9074787,1.5676175,0,0.60988194
3905,Pass,0,0.9999999,0.046033222,0,0.9924641
3906,Pass,0,0.99874014,0.2725265,0,0.9435809
3907,Pass,0,0.7821365,1.3158861,0,0.56710327
3908,Pass,0,0.99996936,0.13282266,0,0.974159
3909,Pass,0,0.99998,0.0292118,0,0.9959864
3910,Pass,0,0.99995625,0.2081977,0,0.95827514
3911,Pass,0,0.99989617,0.17559195,0,0.9650827
3912,Pass,0,0.9996648,0.42527503,0,0.91230077
3913,Pass,0,0.9869986,0.09370802,0,0.9696524
3914,Pass,0,0.9999999,0.06754083,0,0.98793525
3915,Pass,0,0.999734,0.08777278,0,0.98341346
3916,Pass,0,0.99963164,0.15877898,0,0.9683664
3917,Pass,0,0.6764822,1.3083721,0,0.49156693
3918,Pass,0,0.99995744,0.06237049,0,0.988982
3919,Pass,0,0.99997807,0.18024756,0,0.96418136
3920,Pass,0,0.9999385,0.13036391,0,0.9746466
3921,Pass,0,0.99660885,0.42760822,0,0.90902233
3922,Pass,0,0.99986374,0.2467906,0,0.950061
3923,Pass,0,0.9999535,0.33972776,0,0.9305773
3924,Pass,0,0.9999994,0.09628434,0,0.9818822
3925,Pass,0,0.999998,0.096011885,0,0.9819382
3926,Pass,0,0.9899587,0.5473106,0,0.87800384
3927,Pass,0,0.71782035,0.90633065,0,0.58237493
3928,Pass,0,0.9410856,0.5370254,0,0.8366959
3929,Pass,0,0.99630785,0.23080033,0,0.9500369
3930,Pass,0,0.9999925,0.15313089,0,0.96990526
3931,Pass,0,0.99998033,0.058729798,0,0.98977125
3932,Pass,0,0.99816126,0.18053731,0,0.9623687
3933,Pass,0,0.99946564,0.15696193,0,0.968588
3934,Pass,0,0.9959733,0.31430906,0,0.93220407
3935,Pass,0,0.74145806,0.90849817,0,0.60121405
3936,Pass,0,0.52242976,0.40588608,0,0.4789059
3937,Pass,0,0.99964774,0.07768015,0,0.98545307
3938,Pass,0,0.999951,0.14011633,0,0.97260535
3939,Pass,0,0.6747359,0.49901742,0,0.6052912
3940,Pass,0,0.976307,0.7378878,0,0.82671666
3941,Pass,0,0.9995902,0.27886337,0,0.94305027
3942,Pass,0,0.63550174,0.6478367,0,0.5501803
3943,Pass,0,0.99976045,0.18953745,0,0.96201587
3944,Pass,0,0.9995975,0.19797397,0,0.96008325
3945,Pass,0,0.9996884,0.10581967,0,0.97956955
3946,Pass,0,0.9985221,0.44408035,0,0.907304
3947,Pass,0,0.9999987,0.108007744,0,0.97941285
3948,Pass,0,0.99998295,0.10414143,0,0.9802116
3949,Pass,0,0.9999958,0.12849486,0,0.9750961
3950,Pass,0,0.9998197,0.27727824,0,0.9436005
3951,Pass,0,0.999718,0.14529073,0,0.9712895
3952,Pass,0,0.99923027,0.24568942,0,0.94969076
3953,Pass,0,0.99714917,0.3935179,0,0.9166731
3954,Pass,0,0.98990965,0.50726795,0,0.88630706
3955,Pass,0,0.6942831,0.6034489,0,0.6075591
3956,Pass,0,0.48463494,1.0076756,0,0.38284695
3957,Pass,0,0.99885833,0.237656,0,0.951027
3958,Pass,0,0.99999964,0.13183095,0,0.97439736
3959,Pass,0,0.9971706,0.084545806,0,0.9815695
3960,Pass,0,0.99984956,0.021788506,0,0.9974194
3961,Pass,0,0.9141501,0.7569225,0,0.7704194
3962,Pass,0,0.99999905,0.09034901,0,0.98313165
3963,Pass,0,0.9426189,0.35583723,0,0.87402296
3964,Pass,0,0.9999027,0.21278393,0,0.9572582
3965,Pass,0,0.9973711,0.4689786,0,0.901029
3966,Pass,0,0.67059505,0.7299062,0,0.5689731
3967,Pass,0,0.9999653,0.25908476,0,0.9475688
3968,Pass,0,0.99986565,0.07812573,0,0.98557407
3969,Pass,0,0.9785075,0.28871307,0,0.9211306
3970,Pass,0,0.9934349,0.16933215,0,0.96015584
3971,Pass,0,0.99555355,0.49150172,0,0.8946654
3972,Pass,0,0.7714968,0.7100585,0,0.6578086
3973,Pass,0,0.9662239,0.13627572,0,0.940582
3974,Pass,0,0.99791497,0.19738434,0,0.9585911
3975,Pass,0,0.99998355,0.08003383,0,0.9852885
3976,Pass,0,0.99991214,0.3828309,0,0.9214633
3977,Pass,0,0.9995858,0.2173119,0,0.9560017
3978,Pass,0,0.99999857,0.062075283,0,0.98908484
3979,Pass,0,0.9999938,0.15079218,0,0.97039896
3980,Pass,0,0.9981679,0.33917925,0,0.92903084
3981,Pass,0,0.9745296,0.507541,0,0.8724807
3982,Pass,0,0.9007414,0.7310192,0,0.764032
3983,Pass,0,0.5737121,0.41420695,0,0.5249106
3984,Pass,0,0.99992347,0.16398963,0,0.96755195
3985,Pass,0,0.9616061,0.822467,0,0.797142
3986,Pass,0,0.99997234,0.09069836,0,0.98303187
3987,Pass,0,0.999559,0.20469163,0,0.95863235
3988,Pass,0,0.9999943,0.13417596,0,0.97389835
3989,Pass,0,0.95756924,0.5479294,0,0.8491525
3990,Pass,0,0.9999534,0.03649539,0,0.99442625
3991,Pass,0,0.9973742,0.30777404,0,0.93488777
3992,Pass,0,0.99923337,0.27312258,0,0.9439215
3993,Pass,0,0.9996418,0.18439242,0,0.9629846
3994,Pass,0,0.9999933,0.097910166,0,0.9815339
3995,Pass,0,0.99993527,0.25125426,0,0.9491891
3996,Pass,0,0.9302561,0.5848196,0,0.8177056
3997,Pass,0,0.9998956,0.20235619,0,0.9594469
3998,Pass,0,0.9999838,0.13561594,0,0.9735849
3999,Pass,0,0.9999951,0.13688949,0,0.97332776
4000,Pass,0,0.99996793,0.13399884,0,0.97391
4001,Pass,0,0.9992499,0.33828762,0,0.9302255
4002,Pass,0,0.99948406,0.11647238,0,0.97712743
4003,Pass,0,0.8588213,0.5697497,0,0.7576388
4004,Pass,0,0.45291921,0.80918336,0,0.37672308
4005,Pass,0,0.99000907,0.3798644,0,0.9129556
4006,Pass,0,0.9999982,0.106586054,0,0.97971183
4007,Pass,0,0.99999976,0.05788321,0,0.9899688
4008,Pass,0,0.99999046,0.11183813,0,0.97859824
4009,Pass,0,0.9995857,0.24622288,0,0.94991624
4010,Pass,0,0.46981058,0.6855326,0,0.40300536
4011,Pass,0,0.8381226,0.9462439,0,0.6729333
4012,Pass,0,0.99773574,0.4811371,0,0.89880407
4013,Pass,0,0.95392615,0.6731451,0,0.82076985
4014,Pass,0,0.9758606,2.1172857,0,0.54288834
4015,Pass,0,0.99999726,0.07553756,0,0.9862488
4016,Pass,0,0.9999293,0.21771939,0,0.95624447
4017,Pass,0,0.99922454,0.31560004,0,0.9349756
4018,Pass,0,0.75725424,0.696953,0,0.6477546
4019,Pass,0,0.99982786,0.24204105,0,0.95102686
4020,Pass,0,0.97785145,0.80854106,0,0.81347644
4021,Pass,0,0.9999851,0.07845307,0,0.9856229
4022,Pass,0,0.99711704,0.25253353,0,0.9462453
4023,Pass,0,0.99935013,0.41709167,0,0.91373575
4024,Pass,0,0.62441033,1.1537006,0,0.47406548
4025,Pass,0,0.8541617,0.795133,0,0.7129903
4026,Pass,0,0.9721291,0.6370634,0,0.84381795
4027,Pass,0,0.99991,0.08051605,0,0.98511446
4028,Pass,0,0.99936444,0.46231845,0,0.90423137
4029,Pass,0,0.9999987,0.08836468,0,0.9835491
4030,Pass,0,0.98502886,0.6378199,0,0.8548581
4031,Pass,0,0.9999856,0.25826427,0,0.9477608
4032,Pass,0,0.7465107,0.6668663,0,0.64329404
4033,Pass,0,0.9999974,0.093970425,0,0.98236746
4034,Pass,0,0.93249816,1.4305418,0,0.65361243
4035,Pass,0,0.9972817,1.5262928,0,0.6789133
4036,Pass,0,0.99996984,0.2839482,0,0.9423377
4037,Pass,0,0.99995005,0.08941052,0,0.98328114
4038,Pass,0,0.99987125,0.35209465,0,0.9278969
4039,Pass,0,0.9999895,0.15597399,0,0.96930367
4040,Pass,0,0.9999856,0.07794377,0,0.9857305
4041,Pass,0,0.999778,0.22613122,0,0.9543288
4042,Pass,0,0.9997732,0.19765769,0,0.9603186
4043,Pass,0,0.9998524,0.27617863,0,0.9438629
4044,Pass,0,0.99999666,0.13315877,0,0.97411484
4045,Pass,0,0.9999888,0.061723426,0,0.9891493
4046,Pass,0,0.3982731,0.9250492,0,0.32155317
4047,Pass,0,0.9999578,0.21826997,0,0.9561558
4048,Pass,0,0.9856507,0.65945655,0,0.85090715
4049,Pass,0,0.9999913,0.21106496,0,0.9577049
4050,Pass,0,0.9994887,0.14182015,0,0.97179717
4051,Pass,0,0.99981934,0.5418461,0,0.88789976
4052,Pass,0,0.5368124,1.9220363,0,0.32070866
4053,Pass,0,0.99979466,0.1428366,0,0.9718806
4054,Pass,0,0.99999964,0.11167776,0,0.97864103
4055,Pass,0,0.9957135,0.38505644,0,0.91712743
4056,Pass,0,0.7826349,1.8123957,0,0.4856396
4057,Pass,0,0.99189407,0.15052369,0,0.96259505
4058,Pass,0,0.91099066,0.9298101,0,0.7345919
4059,Pass,0,0.9999982,0.1013286,0,0.9808189
4060,Pass,0,0.9999944,0.09776115,0,0.98156637
4061,Pass,0,0.99907243,0.4004043,0,0.9169925
4062,Pass,0,0.9188386,0.79070497,0,0.7678345
4063,Pass,0,0.9998117,0.2702393,0,0.94507486
4064,Pass,0,0.99997365,0.036562663,0,0.9944323
4065,Pass,0,0.9998468,0.14404482,0,0.97167695
4066,Pass,0,0.96830106,0.32625893,0,0.9038671
4067,Pass,0,0.9999863,0.28122956,0,0.9429257
4068,Pass,0,0.9985379,0.12971999,0,0.97341686
4069,Pass,0,0.99995613,0.04203058,0,0.99326354
4070,Pass,0,0.99993014,0.25454053,0,0.9484923
4071,Pass,0,0.99652845,0.6362175,0,0.8651743
4072,Pass,0,0.99995875,0.15669401,0,0.96912223
4073,Pass,0,0.99974054,0.18554676,0,0.9628368
4074,Pass,0,0.9976948,0.09539556,0,0.97980607
4075,Pass,0,0.5116496,1.0412148,0,0.40057424
4076,Pass,0,0.99160963,0.2322864,0,0.9452466
4077,Pass,0,0.9993407,0.23066919,0,0.9529565
4078,Pass,0,0.99999416,0.05332073,0,0.99092394
4079,Pass,0,0.9999939,0.2015508,0,0.95971084
4080,Pass,0,0.9999981,0.13056034,0,0.97466344
4081,Pass,0,0.999987,0.1566372,0,0.9691616
4082,Pass,0,0.99140245,0.30653185,0,0.9295495
4083,Pass,0,0.9998292,0.13523126,0,0.97351533
4084,Pass,0,0.99999917,0.10162654,0,0.98075706
4085,Pass,0,0.99994135,0.29733065,0,0.93949306
4086,Pass,0,0.99959105,0.12304172,0,0.9758492
4087,Pass,0,0.9999831,0.17957887,0,0.96432704
4088,Pass,0,0.9988838,0.12923235,0,0.9738566
4089,Pass,0,0.99998546,0.14854468,0,0.9708641
4090,Pass,0,0.9999664,0.073651455,0,0.9866155
4091,Pass,0,0.9909123,0.37087384,0,0.9156645
4092,Pass,0,1.0,0.13499132,0,0.97373223
4093,Pass,0,0.99999845,0.36602083,0,0.92508256
4094,Pass,0,0.9999542,0.30861115,0,0.9371299
4095,Pass,0,0.99999154,0.10665446,0,0.97969085
4096,Pass,0,0.8620504,0.6263006,0,0.7502222
4097,Pass,0,0.99987197,0.03967591,0,0.99367565
4098,Pass,0,0.99999475,0.06857027,0,0.9877134
4099,Pass,0,0.96192586,0.27305844,0,0.9086921
4100,Pass,0,0.99443406,0.31064326,0,0.9315311
4101,Pass,0,0.9991731,0.54193926,0,0.8873063
4102,Pass,0,0.9992513,0.21295229,0,0.9565991
4103,Pass,0,0.9999995,0.25944424,0,0.9475255
4104,Pass,0,0.8279018,1.0723248,0,0.6427469
4105,Pass,0,0.97937244,0.6214477,0,0.8533256
4106,Pass,0,0.9999976,0.16273892,0,0.96788704
4107,Pass,0,0.9992275,0.2947125,0,0.93937325
4108,Pass,0,0.999488,0.3757681,0,0.9225589
4109,Pass,0,0.9999882,0.12873198,0,0.97503877
4110,Pass,0,0.98643285,0.3414115,0,0.917645
4111,Pass,0,0.9999573,0.12987177,0,0.97476864
4112,Pass,0,1.0,0.08064711,0,0.98517555
4113,Pass,0,0.9997887,0.13167447,0,0.9742248
4114,Pass,0,0.99981505,0.4706489,0,0.90288526
4115,Pass,0,0.99997413,0.17839596,0,0.9645675
4116,Pass,0,0.9999112,0.13787036,0,0.97303957
4117,Pass,0,0.9999964,0.03687344,0,0.9943895
4118,Pass,0,0.9999573,0.079379655,0,0.9854004
4119,Pass,0,0.5046332,0.9332833,0,0.40655
4120,Pass,0,0.99991035,0.08332385,0,0.98452365
4121,Pass,0,0.99997985,0.21886615,0,0.9560513
4122,Pass,0,0.733813,0.4028161,0,0.67315304
4123,Pass,0,0.7338279,1.0817624,0,0.56825376
4124,Pass,0,0.99999917,0.23041193,0,0.95363855
4125,Pass,0,0.9990752,0.507525,0,0.89445925
4126,Pass,0,0.9999764,0.22527893,0,0.95469767
4127,Pass,0,0.99990356,0.061056666,0,0.9892053
4128,Pass,0,0.9999831,0.13472788,0,0.97377115
4129,Pass,0,0.9999964,0.16354816,0,0.9677155
4130,Pass,0,0.9996569,0.25369394,0,0.94841135
4131,Pass,0,0.99998283,0.09713925,0,0.98168594
4132,Pass,0,0.99995303,0.22255467,0,0.955249
4133,Pass,0,0.9999217,0.25323704,0,0.9487587
4134,Pass,0,0.9999852,0.17342387,0,0.96562517
4135,Pass,0,0.9999287,0.1854296,0,0.9630427
4136,Pass,0,0.9969548,0.49489257,0,0.8952128
4137,Pass,0,0.9999287,0.24298914,0,0.9509232
4138,Pass,0,0.9995906,0.40471175,0,0.91656137
4139,Pass,0,0.9999088,0.32964352,0,0.932659
4140,Pass,0,0.9999857,0.08117158,0,0.98505104
4141,Pass,0,0.99997556,0.15703677,0,0.96906644
4142,Pass,0,0.9983492,0.14240657,0,0.9705659
4143,Pass,0,0.99998045,0.066193104,0,0.98819983
4144,Pass,0,0.9999877,0.18416996,0,0.9633648
4145,Pass,0,0.9961563,0.18729484,0,0.9590182
4146,Pass,0,1.0,0.05506606,0,0.9905622
4147,Pass,0,0.99966264,0.22422977,0,0.954619
4148,Pass,0,0.99993956,0.25488797,0,0.94842803
4149,Pass,0,0.95912457,1.302641,0,0.69810694
4150,Pass,0,0.9999597,0.3747787,0,0.92320263
4151,Pass,0,0.99999976,0.11201648,0,0.9785698
4152,Pass,0,0.9999095,0.07212298,0,0.9868812
4153,Pass,0,0.9999993,0.048511144,0,0.99194175
4154,Pass,0,0.9999993,0.08952548,0,0.98330534
4155,Pass,0,0.9999448,0.21847865,0,0.9560994
4156,Pass,0,0.9999857,0.3427403,0,0.9299729
4157,Pass,0,0.94786876,0.34692785,0,0.88066906
4158,Pass,0,0.9999378,0.1510091,0,0.97029895
4159,Pass,0,0.9968845,0.3504179,0,0.9254772
4160,Pass,0,0.99797815,0.8739708,0,0.81647
4161,Pass,0,0.9999875,0.20983264,0,0.9579608
4162,Pass,0,0.9999919,0.20057021,0,0.95991534
4163,Pass,0,0.99980956,0.22464083,0,0.95467275
4164,Pass,0,0.99427634,0.51076066,0,0.8894855
4165,Pass,0,0.99999917,0.16051021,0,0.9683578
4166,Pass,0,0.8064085,1.3826082,0,0.57337236
4167,Pass,0,0.99996734,0.15704411,0,0.9690569
4168,Pass,0,0.9955491,1.4082894,0,0.7024713
4169,Pass,0,0.99995995,0.024292272,0,0.99700236
4170,Pass,0,0.9034313,0.47923002,0,0.8142133
4171,Pass,0,0.9914656,0.619437,0,0.86428213
4172,Pass,0,0.99998546,0.24419037,0,0.9507242
4173,Pass,0,0.99994314,0.17169212,0,0.9659491
4174,Pass,0,0.9297256,0.99134755,0,0.73765177
4175,Pass,0,0.99962354,0.25863975,0,0.9473386
4176,Pass,0,0.99994266,0.15200107,0,0.97009486
4177,Pass,0,0.9999349,0.19443771,0,0.9611519
4178,Pass,0,1.0,0.08656723,0,0.9839289
4179,Pass,0,0.9946548,0.50713074,0,0.8905843
4180,Pass,0,0.97432625,0.48856893,0,0.876191
4181,Pass,0,0.9997811,0.39112052,0,0.9195974
4182,Pass,0,0.99999595,0.079857245,0,0.9853379
4183,Pass,0,0.9997938,0.3380165,0,0.930789
4184,Pass,0,0.9999958,0.18648796,0,0.9628845
4185,Pass,0,0.99999833,0.22292036,0,0.9552153
4186,Pass,0,0.9999832,0.2272031,0,0.95429903
4187,Pass,0,0.9999819,0.12315445,0,0.976207
4188,Pass,0,0.98567456,0.088607006,0,0.96941036
4189,Pass,0,0.8806682,0.95733976,0,0.70503575
4190,Pass,0,0.99999845,0.34226406,0,0.93008506
4191,Pass,0,0.9999962,0.040711783,0,0.993581
4192,Pass,0,0.99998116,0.20318976,0,0.9593535
4193,Pass,0,0.7010147,1.2805424,0,0.5135016
4194,Pass,0,0.99999964,0.060737807,0,0.98936754
4195,Pass,0,0.7396809,0.8274608,0,0.61239505
4196,Pass,0,0.99984896,0.1316523,0,0.97428817
4197,Pass,0,0.8673232,1.4423413,0,0.60577464
4198,Pass,0,0.9716351,1.2551847,0,0.71692234
4199,Pass,0,0.99999046,0.336463,0,0.93129915
4200,Pass,0,0.9995876,0.22620961,0,0.9541306
4201,Pass,0,0.9999974,0.07097771,0,0.9872091
4202,Pass,0,0.9999956,0.2525408,0,0.94897544
4203,Pass,0,0.9917203,0.5908776,0,0.8704682
4204,Pass,0,0.99219733,0.41234848,0,0.9081867
4205,Pass,0,0.99691075,0.19478525,0,0.95817214
4206,Pass,0,0.9988695,0.043907277,0,0.9917894
4207,Pass,0,0.9999908,0.13753267,0,0.97318816
4208,Pass,0,0.9920459,0.38337284,0,0.914101
4209,Pass,0,0.6818642,1.2008865,0,0.5109107
4210,Pass,0,0.9999858,0.16256547,0,0.9679122
4211,Pass,0,0.9999999,0.038236808,0,0.9941058
4212,Pass,0,0.99999917,0.12617968,0,0.9755869
4213,Pass,0,0.99999726,0.03127111,0,0.99557
4214,Pass,0,0.9999976,0.08806596,0,0.98361105
4215,Pass,0,0.99999213,0.106644705,0,0.97969353
4216,Pass,0,0.98317516,0.5549692,0,0.87040186
4217,Pass,0,0.6672149,1.349209,0,0.4790954
4218,Pass,0,0.9999243,0.1599041,0,0.968413
4219,Pass,0,0.9999851,0.3458925,0,0.9293086
4220,Pass,0,0.9998092,0.3047968,0,0.93779707
4221,Pass,0,0.99820507,0.22138488,0,0.95382506
4222,Pass,0,0.97271776,0.4027725,0,0.89231795
4223,Pass,0,0.96271086,0.43421453,0,0.87676424
4224,Pass,0,0.999997,0.26048818,0,0.94730335
4225,Pass,0,0.99506015,0.35988653,0,0.92179954
4226,Pass,0,0.999912,0.016313475,0,0.9986345
4227,Pass,0,0.9999918,0.084211946,0,0.9844168
4228,Pass,0,0.99999905,0.090856336,0,0.98302484
4229,Pass,0,0.99883014,0.32360837,0,0.9329222
4230,Pass,0,0.99982977,0.32682207,0,0.9331792
4231,Pass,0,0.9999347,0.30606145,0,0.9376485
4232,Pass,0,0.99999833,0.16202667,0,0.9680377
4233,Pass,0,0.99711597,0.40809694,0,0.91358155
4234,Pass,0,0.99999845,0.22459775,0,0.9548622
4235,Pass,0,0.9999124,0.026833221,0,0.9964199
4236,Pass,0,0.9999696,0.13946182,0,0.9727613
4237,Pass,0,0.9846534,0.86935973,0,0.8065248
4238,Pass,0,0.9999801,0.3168795,0,0.9354131
4239,Pass,0,0.99999726,0.0747417,0,0.9864164
4240,Pass,0,0.90986407,0.38486618,0,0.83809006
4241,Pass,0,0.9999026,0.33877257,0,0.93073106
4242,Pass,0,0.99994314,0.061244126,0,0.989205
4243,Pass,0,0.9959751,0.24974388,0,0.94574666
4244,Pass,0,0.9999925,0.13312867,0,0.9741171
4245,Pass,0,0.97281724,0.31881133,0,0.9096084
4246,Pass,0,0.9999988,0.048093155,0,0.9920293
4247,Pass,0,0.97043836,0.5442577,0,0.8613149
4248,Pass,0,0.5985989,0.7022859,0,0.51136875
4249,Pass,0,0.99996066,0.059105758,0,0.9896726
4250,Pass,0,0.9998272,0.24203317,0,0.95102787
4251,Pass,0,0.89851826,0.5742112,0,0.79181474
4252,Pass,0,0.9999995,0.10395465,0,0.98026717
4253,Pass,0,0.9994236,0.33904064,0,0.93022877
4254,Pass,0,0.9985825,0.22458403,0,0.95351297
4255,Pass,0,0.9999018,0.03330865,0,0.99504596
4256,Pass,0,0.9816668,0.829582,0,0.81230104
4257,Pass,0,0.9947572,0.6054354,0,0.87008435
4258,Pass,0,0.995349,0.069399044,0,0.982951
4259,Pass,0,0.99999976,0.0592383,0,0.9896834
4260,Pass,0,0.99999607,0.17448917,0,0.9654113
4261,Pass,0,0.9999951,0.12493616,0,0.9758448
4262,Pass,0,0.999967,0.17008638,0,0.9663103
4263,Pass,0,0.9999527,0.6658157,0,0.861915
4264,Pass,0,0.99945503,0.5714537,0,0.8813451
4265,Pass,0,0.99998283,0.07323414,0,0.9867196
4266,Pass,0,0.9999814,0.07583322,0,0.9861709
4267,Pass,0,0.99991167,0.055686623,0,0.99034405
4268,Pass,0,0.9999844,0.053472582,0,0.9908822
4269,Pass,0,0.99986243,0.2927836,0,0.9403763
4270,Pass,0,0.9999951,0.13455485,0,0.9738194
4271,Pass,0,0.8181007,0.7752985,0,0.6863061
4272,Pass,0,0.99998415,0.14391647,0,0.9718374
4273,Pass,0,0.9952401,0.29372808,0,0.935831
4274,Pass,0,0.9994174,0.6863717,0,0.8571276
4275,Pass,0,0.99936396,0.17440663,0,0.9648184
4276,Pass,0,0.99997604,0.36815697,0,0.924612
4277,Pass,0,0.999998,0.08723113,0,0.9837872
4278,Pass,0,0.9999981,0.13388738,0,0.97396284
4279,Pass,0,0.9996438,0.33614904,0,0.9310424
4280,Pass,0,0.9999374,0.119517736,0,0.97692937
4281,Pass,0,0.9999155,0.22540674,0,0.9546126
4282,Pass,0,0.9966162,0.40375453,0,0.9140349
4283,Pass,0,0.999869,0.21922018,0,0.9558708
4284,Pass,0,0.3576252,0.89463896,0,0.2910254
4285,Pass,0,0.9999957,0.13279767,0,0.97418994
4286,Pass,0,0.9955331,0.34283268,0,0.92581266
4287,Pass,0,0.40546715,1.4504262,0,0.28250483
4288,Pass,0,0.9989699,0.11507994,0,0.9769177
4289,Pass,0,0.99999857,0.11775797,0,0.9773597
4290,Pass,0,0.9999975,0.11829311,0,0.9772459
4291,Pass,0,0.84432733,0.89467365,0,0.6870839
4292,Pass,0,0.9999808,0.045156572,0,0.99262977
4293,Pass,0,0.999998,0.1599642,0,0.96847165
4294,Pass,0,0.9998054,0.14997916,0,0.97038734
4295,Pass,0,0.9999852,0.091200955,0,0.98293865
4296,Pass,0,0.99853384,0.500429,0,0.8954666
4297,Pass,0,0.99991214,0.087523565,0,0.98364115
4298,Pass,0,0.9999945,0.05560328,0,0.99044365
4299,Pass,0,0.523513,1.2154765,0,0.39065215
4300,Pass,0,0.99999905,0.17030965,0,0.9662943
4301,Pass,0,0.99078816,0.32607856,0,0.92489547
4302,Pass,0,0.9999958,0.130378,0,0.9746996
4303,Pass,0,0.9998541,0.15278313,0,0.9698442
4304,Pass,0,0.99986804,0.29375485,0,0.940177
4305,Pass,0,0.99995446,0.10396519,0,0.9802208
4306,Pass,0,0.99989676,0.04152195,0,0.99331164
4307,Pass,0,0.9999989,0.11785355,0,0.97733986
4308,Pass,0,0.9998723,0.15970397,0,0.96840477
4309,Pass,0,0.9914513,0.6836108,0,0.85087204
4310,Pass,0,0.999987,0.124261074,0,0.97597903
4311,Pass,0,0.99930656,0.27915677,0,0.9427209
4312,Pass,0,0.9998927,0.39822063,0,0.9182051
4313,Pass,0,0.9999949,0.1159936,0,0.9777276
4314,Pass,0,0.9999926,0.10528576,0,0.9799801
4315,Pass,0,0.99999857,0.21199863,0,0.9575153
4316,Pass,0,0.99999917,0.10987661,0,0.9790198
4317,Pass,0,0.9999316,0.21532276,0,0.9567512
4318,Pass,0,0.99989736,0.2532559,0,0.94873166
4319,Pass,0,0.987818,0.48432615,0,0.88920635
4320,Pass,0,0.999982,0.07821347,0,0.98567027
4321,Pass,0,0.9999882,0.1141145,0,0.9781167
4322,Pass,0,0.9999938,0.2005371,0,0.95992416
4323,Pass,0,0.9997962,0.25341916,0,0.9486013
4324,Pass,0,0.9999652,0.24178378,0,0.95121163
4325,Pass,0,0.99965346,0.22455503,0,0.95454174
4326,Pass,0,0.6984989,1.1360965,0,0.5329044
4327,Pass,0,0.99942905,0.2509895,0,0.9487643
4328,Pass,0,0.9999949,0.113814265,0,0.9781865
4329,Pass,0,0.9993469,0.1869536,0,0.96216166
4330,Pass,0,0.9999889,0.14320034,0,0.97199285
4331,Pass,0,0.99927384,0.25768572,0,0.9472079
4332,Pass,0,0.99959916,0.08363874,0,0.98415095
4333,Pass,0,0.99999285,0.07256109,0,0.9868712
4334,Pass,0,0.9999863,0.1277644,0,0.97524065
4335,Pass,0,0.99992096,0.25853926,0,0.9476416
4336,Pass,0,0.99878174,0.07366359,0,0.9854441
4337,Pass,0,0.9872951,0.37553203,0,0.9113535
4338,Pass,0,0.35691327,1.1280601,0,0.2729031
4339,Pass,0,0.9998184,0.056157444,0,0.9901525
4340,Pass,0,0.999997,0.23187718,0,0.95332795
4341,Pass,0,0.9979608,0.4571322,0,0.9040512
4342,Pass,0,0.9999987,0.11018223,0,0.978955
4343,Pass,0,0.7135576,1.4443048,0,0.49808323
4344,Pass,0,0.99881566,0.20703462,0,0.95742667
4345,Pass,0,0.9987852,0.39339963,0,0.918202
4346,Pass,0,0.99964976,0.2244739,0,0.9545553
4347,Pass,0,0.99551505,1.4908856,0,0.6851329
4348,Pass,0,0.999997,0.29028025,0,0.94102997
4349,Pass,0,0.90781057,0.80525625,0,0.75583726
4350,Pass,0,0.9062753,0.44507274,0,0.8232948
4351,Pass,0,0.99999547,0.22994101,0,0.9537342
4352,Pass,0,0.9999969,0.057771027,0,0.9899896
4353,Pass,0,0.99982077,0.08183099,0,0.98474973
4354,Pass,0,0.9999716,0.09771135,0,0.9815545
4355,Pass,0,0.9999821,0.09580749,0,0.9819656
4356,Pass,0,0.99996376,0.41699195,0,0.9143178
4357,Pass,0,0.9991968,0.35570633,0,0.92651117
4358,Pass,0,0.99993193,0.07951917,0,0.985346
4359,Pass,0,0.9999969,0.13374913,0,0.97399074
4360,Pass,0,0.9993843,0.15474476,0,0.9689757
4361,Pass,0,0.9991072,0.11293525,0,0.97750306
4362,Pass,0,0.99049884,0.5291018,0,0.8822807
4363,Pass,0,0.9999255,0.0452151,0,0.99256253
4364,Pass,0,0.99995553,0.12749013,0,0.97526836
4365,Pass,0,0.9999999,0.029530399,0,0.99593914
4366,Pass,0,0.99980766,0.1506978,0,0.9702382
4367,Pass,0,0.99987686,0.25383738,0,0.9485898
4368,Pass,0,0.9999573,0.18303469,0,0.9635745
4369,Pass,0,0.999892,0.11777905,0,0.97725105
4370,Pass,0,0.98792857,0.48726267,0,0.888695
4371,Pass,0,0.999959,0.10386538,0,0.9802463
4372,Pass,0,0.9990613,0.094916806,0,0.9812488
4373,Pass,0,0.99999547,0.093889646,0,0.9823826
4374,Pass,0,0.99998784,0.110196546,0,0.9789414
4375,Pass,0,0.99999344,0.09943726,0,0.98121244
4376,Pass,0,0.99986196,0.1397463,0,0.97259665
4377,Pass,0,0.96875787,0.4680993,0,0.8753591
4378,Pass,0,0.9999989,0.08917518,0,0.9833787
4379,Pass,0,0.99996936,0.18408035,0,0.963366
4380,Pass,0,0.7658692,1.5207335,0,0.5222726
4381,Pass,0,1.0,0.039772574,0,0.9937826
4382,Pass,0,0.9999486,0.30301636,0,0.9383027
4383,Pass,0,0.70891625,0.8149033,0,0.588799
4384,Pass,0,0.9859372,1.0375944,0,0.7726491
4385,Pass,0,0.829883,0.84838897,0,0.68341774
4386,Pass,0,0.9999778,0.16172443,0,0.96808153
4387,Pass,0,0.9994118,0.54858214,0,0.8861203
4388,Pass,0,0.971007,0.244399,0,0.9231306
4389,Pass,0,0.99990594,3.01941,0,0.36632144
4390,Pass,0,0.9679294,0.5424418,0,0.85945815
4391,Pass,0,0.54160005,1.295574,0,0.39501417
4392,Pass,0,0.99999774,0.100925334,0,0.9809033
4393,Pass,0,0.9995963,0.2582742,0,0.9473898
4394,Pass,0,0.98677444,0.40306956,0,0.905151
4395,Pass,0,0.8570687,1.6282918,0,0.56505316
4396,Pass,0,0.9996563,0.33743703,0,0.9307829
4397,Pass,0,0.9999937,0.22673096,0,0.95440847
4398,Pass,0,0.99961084,0.4081381,0,0.91585875
4399,Pass,0,0.9585682,0.4856784,0,0.86260355
4400,Pass,0,0.99999857,0.06762108,0,0.98791707
4401,Pass,0,0.99996555,0.037177954,0,0.99429464
4402,Pass,0,0.99985397,0.17548375,0,0.9650647
4403,Pass,0,0.9903459,0.78751975,0,0.82825434
4404,Pass,0,0.9983872,0.3391626,0,0.9292385
4405,Pass,0,0.99550074,0.20781837,0,0.9540848
4406,Pass,0,0.995861,0.682872,0,0.8548114
4407,Pass,0,0.98006815,0.73615795,0,0.8302585
4408,Pass,0,0.99998605,0.43961886,0,0.9095736
4409,Pass,0,0.9997024,0.10477725,0,0.9798027
4410,Pass,0,0.99999833,0.17831253,0,0.9646084
4411,Pass,0,0.9999659,0.23061578,0,0.9535639
4412,Pass,0,0.9545331,0.62219983,0,0.83153194
4413,Pass,0,0.9999988,0.094971105,0,0.9821581
4414,Pass,0,0.99195296,0.26180193,0,0.9394087
4415,Pass,0,0.99981064,0.27030578,0,0.94505984
4416,Pass,0,0.99977344,0.16660483,0,0.9668562
4417,Pass,0,0.9995105,0.11391999,0,0.97769046
4418,Pass,0,0.99999905,0.22639252,0,0.9544848
4419,Pass,0,0.99446326,0.38133734,0,0.9167547
4420,Pass,0,0.9999969,0.04368329,0,0.992956
4421,Pass,0,0.99997306,0.15364423,0,0.96977836
4422,Pass,0,0.9999875,0.35579512,0,0.9272256
4423,Pass,0,0.9999999,0.083835565,0,0.98450404
4424,Pass,0,0.9924676,0.42769426,0,0.90522707
4425,Pass,0,0.9999999,0.10596046,0,0.97984517
4426,Pass,0,0.9999776,0.0888031,0,0.9834361
4427,Pass,0,0.9999548,0.07728755,0,0.9858385
4428,Pass,0,0.55813646,1.3959024,0,0.39528358
4429,Pass,0,0.9999969,0.10050734,0,0.9809905
4430,Pass,0,0.99999785,0.09652599,0,0.9818298
4431,Pass,0,0.9992878,0.1200473,0,0.97618324
4432,Pass,0,0.9054366,0.5356258,0,0.80526817
4433,Pass,0,0.9994143,0.23998265,0,0.9510667
4434,Pass,0,0.99999917,0.15684353,0,0.9691299
4435,Pass,0,0.9999993,0.21073958,0,0.95778114
4436,Pass,0,0.9999851,0.10708808,0,0.9795932
4437,Pass,0,0.99051344,0.1261206,0,0.966345
4438,Pass,0,0.96694404,4.7592273,0,0.0
4439,Pass,0,0.9644101,0.49456376,0,0.8660562
4440,Pass,0,0.9858773,0.5807306,0,0.867446
4441,Pass,0,0.9999454,0.117839485,0,0.9772906
4442,Pass,0,0.99999917,0.13169257,0,0.97442603
4443,Pass,0,0.9999845,0.12578905,0,0.97565484
4444,Pass,0,0.99857867,0.6394426,0,0.8662761
4445,Pass,0,0.9997806,0.263268,0,0.94651306
4446,Pass,0,0.9994497,0.18363057,0,0.96295995
4447,Pass,0,0.9998914,0.14847659,0,0.97078717
4448,Pass,0,0.99998486,0.10338049,0,0.98037374
4449,Pass,0,0.99724495,0.27063146,0,0.9425663
4450,Pass,0,0.9999572,0.112144254,0,0.97850126
4451,Pass,0,0.9999894,0.12663053,0,0.9754824
4452,Pass,0,0.99999535,0.10552587,0,0.97993225
4453,Pass,0,0.77283406,0.92145896,0,0.6245462
4454,Pass,0,0.9999999,0.08215969,0,0.9848569
4455,Pass,0,0.8399211,1.0738972,0,0.65180016
4456,Pass,0,0.5393979,1.488956,0,0.37144333
4457,Pass,0,0.9921266,0.42068064,0,0.90638125
4458,Pass,0,0.7906207,0.6183541,0,0.68938154
4459,Pass,0,0.9957196,0.6342744,0,0.8648795
4460,Pass,0,0.85767406,1.0325243,0,0.67304885
4461,Pass,0,0.9977817,0.45546502,0,0.90423924
4462,Pass,0,0.99948573,0.21104066,0,0.95722586
4463,Pass,0,0.9969566,0.2824594,0,0.9398107
4464,Pass,0,0.99995995,0.19506678,0,0.96104354
4465,Pass,0,0.9994011,0.5339578,0,0.8891884
4466,Pass,0,0.9999162,0.19961682,0,0.9600435
4467,Pass,0,0.9998267,0.38089573,0,0.92179203
4468,Pass,0,0.99999607,0.095641084,0,0.98201436
4469,Pass,0,0.99999785,0.116377786,0,0.9776496
4470,Pass,0,0.9645742,0.17753083,0,0.9305967
4471,Pass,0,0.979702,0.7926193,0,0.8183005
4472,Pass,0,0.9999926,0.10672658,0,0.9796768
4473,Pass,0,1.0,0.039598454,0,0.99381924
4474,Pass,0,0.99988604,0.084843695,0,0.9841797
4475,Pass,0,0.99998415,0.30062488,0,0.9388396
4476,Pass,0,0.6964526,0.46203282,0,0.6301967
4477,Pass,0,0.9972898,0.40093532,0,0.91524476
4478,Pass,0,0.9999962,0.06096093,0,0.9893172
4479,Pass,0,0.9999975,0.1004978,0,0.98099315
4480,Pass,0,0.99987483,0.26103738,0,0.94707197
4481,Pass,0,0.9999982,0.12183377,0,0.9765011
4482,Pass,0,0.9999833,0.1872752,0,0.9627066
4483,Pass,0,0.9999913,0.09930661,0,0.9812379
4484,Pass,0,0.9999881,0.020382488,0,0.99785364
4485,Pass,0,0.99997234,0.017376723,0,0.9984709
4486,Pass,0,0.9999193,0.21754758,0,0.95627105
4487,Pass,0,0.9802808,0.6122891,0,0.8560076
4488,Pass,0,0.9999999,0.20940898,0,0.9580619
4489,Pass,0,0.9999653,0.051908758,0,0.99119264
4490,Pass,0,0.9913304,0.8212247,0,0.8220419
4491,Pass,0,0.9999552,0.19758435,0,0.9605089
4492,Pass,0,0.99960905,0.13834748,0,0.9726451
4493,Pass,0,0.50517005,1.587742,0,0.33736488
4494,Pass,0,0.99905163,0.23942313,0,0.9508393
4495,Pass,0,0.99999845,0.09163326,0,0.9828606
4496,Pass,0,0.9999722,0.31229198,0,0.93637174
4497,Pass,0,0.9972011,0.42113584,0,0.9109216
4498,Pass,0,0.9990483,0.07338052,0,0.98576665
4499,Pass,0,0.9989748,0.37086737,0,0.9231161
4500,Pass,0,0.7029506,0.8826728,0,0.57381284
4501,Pass,0,0.9999685,0.24760467,0,0.94998914
4502,Pass,0,0.9770939,0.45148602,0,0.88630956
4503,Pass,0,0.9999958,0.09808165,0,0.9815002
4504,Pass,0,0.9999602,0.18385059,0,0.9634055
4505,Pass,0,0.9999758,0.16064748,0,0.96830636
4506,Pass,0,0.993761,0.17519523,0,0.95924413
4507,Pass,0,0.9999833,0.34762955,0,0.9289412
4508,Pass,0,0.9999542,0.13530546,0,0.9736215
4509,Pass,0,0.88800824,1.1547062,0,0.6740066
4510,Pass,0,0.98380625,0.33534738,0,0.9164578
4511,Pass,0,0.9999404,0.11856119,0,0.9771337
4512,Pass,0,0.99995494,0.086363494,0,0.9839275
4513,Pass,0,0.9980654,0.10674899,0,0.977784
4514,Pass,0,0.9999492,0.08496945,0,0.9842154
4515,Pass,0,0.9999119,0.057762247,0,0.98990726
4516,Pass,0,0.9997031,0.2538245,0,0.9484276
4517,Pass,0,0.9987404,0.09162178,0,0.9816266
4518,Pass,0,0.99999917,0.16032626,0,0.96839654
4519,Pass,0,0.58041143,0.69031274,0,0.49729496
4520,Pass,0,0.9407062,0.7778979,0,0.7886452
4521,Pass,0,0.99999905,0.028749371,0,0.9961028
4522,Pass,0,0.933409,1.1749504,0,0.70448714
4523,Pass,0,0.9998124,0.12503918,0,0.9756448
4524,Pass,0,0.9874785,0.24556845,0,0.9385468
4525,Pass,0,0.99978954,0.21002555,0,0.9577306
4526,Pass,0,0.99985635,0.3014195,0,0.9385524
4527,Pass,0,0.9999968,0.18886025,0,0.96238583
4528,Pass,0,0.9999981,0.10468794,0,0.9801114
4529,Pass,0,0.7390734,0.381349,0,0.6813195
4530,Pass,0,0.91934663,0.973487,0,0.7328746
4531,Pass,0,0.99778396,0.48714235,0,0.89758575
4532,Pass,0,0.99999046,0.09727955,0,0.9816639
4533,Pass,0,0.9998603,0.19739105,0,0.9604584
4534,Pass,0,0.7451769,0.2578072,0,0.7063313
4535,Pass,0,0.9999939,0.5430111,0,0.88780946
4536,Pass,0,0.99999857,0.053970274,0,0.9907915
4537,Pass,0,0.6954558,0.6878963,0,0.5962185
4538,Pass,0,0.9995303,0.3941081,0,0.9187379
4539,Pass,0,0.9999416,0.20013176,0,0.9599594
4540,Pass,0,0.99999905,0.15082976,0,0.97039616
4541,Pass,0,0.9999949,0.34058112,0,0.9304361
4542,Pass,0,0.9907934,0.39805546,0,0.9098837
4543,Pass,0,0.9154371,0.9732942,0,0.72979516
4544,Pass,0,0.9915537,0.60090375,0,0.8682286
4545,Pass,0,0.99997234,0.19105107,0,0.96190107
4546,Pass,0,0.9997004,0.22679742,0,0.95411456
4547,Pass,0,0.9966397,0.62530047,0,0.867562
4548,Pass,0,0.9999994,0.03658008,0,0.9944542
4549,Pass,0,0.6520933,1.0573665,0,0.50831085
4550,Pass,0,0.99998367,0.091144025,0,0.9829492
4551,Pass,0,0.9996245,0.20394656,0,0.958852
4552,Pass,0,0.99997187,0.13077858,0,0.97459185
4553,Pass,0,0.94793385,0.434801,0,0.86318934
4554,Pass,0,0.9999994,0.06912202,0,0.9876018
4555,Pass,0,0.9992949,0.06624729,0,0.987511
4556,Pass,0,0.9999925,0.18784826,0,0.96259487
4557,Pass,0,0.9999856,0.10016609,0,0.98105127
4558,Pass,0,0.9945485,0.34598956,0,0.9242359
4559,Pass,0,0.5992378,0.9456178,0,0.48121038
4560,Pass,0,0.51691616,0.5499178,0,0.45817408
4561,Pass,0,0.9948991,0.55621946,0,0.88051915
4562,Pass,0,0.9999925,0.14536509,0,0.9715405
4563,Pass,0,0.9458993,0.73875403,0,0.80079556
4564,Pass,0,0.97533065,0.5033267,0,0.8740633
4565,Pass,0,0.9999982,0.09446623,0,0.9822639
4566,Pass,0,0.99956733,0.23627464,0,0.95199275
4567,Pass,0,0.9987509,0.23653603,0,0.95116025
4568,Pass,0,0.9999032,0.11631482,0,0.9775703
4569,Pass,0,0.9999808,0.11674627,0,0.97755533
4570,Pass,0,0.99998486,0.17407864,0,0.96548694
4571,Pass,0,0.98928833,0.49865115,0,0.88754576
4572,Pass,0,0.99999285,0.12912375,0,0.9749608
4573,Pass,0,0.99999654,0.10083615,0,0.9809209
4574,Pass,0,0.95116496,0.6581583,0,0.8213958
4575,Pass,0,0.9999546,0.12889414,0,0.97497183
4576,Pass,0,0.99983954,0.24344632,0,0.9507421
4577,Pass,0,0.99928004,0.355846,0,0.926559
4578,Pass,0,0.9999143,0.14929795,0,0.9706364
4579,Pass,0,0.9991867,0.4070102,0,0.9157074
4580,Pass,0,0.9922956,0.6224387,0,0.8643785
4581,Pass,0,0.99999654,0.10391559,0,0.9802725
4582,Pass,0,0.9999734,0.06829548,0,0.9877502
4583,Pass,0,0.9998466,0.14580087,0,0.971307
4584,Pass,0,0.72992826,0.5879203,0,0.64113855
4585,Pass,0,0.9999951,0.06216134,0,0.9890633
4586,Pass,0,0.9998857,0.51934546,0,0.89269614
4587,Pass,0,0.99994934,0.16849042,0,0.96662927
4588,Pass,0,0.99999225,0.19940194,0,0.96016175
4589,Pass,0,0.9967644,0.5504184,0,0.8833876
4590,Pass,0,0.9999993,0.0725334,0,0.98688334
4591,Pass,0,0.999961,0.3498541,0,0.9284521
4592,Pass,0,0.9998386,0.18917802,0,0.9621667
4593,Pass,0,0.91309696,0.3669751,0,0.84450793
4594,Pass,0,0.9915079,0.34583968,0,0.92144156
4595,Pass,0,0.9999496,0.082090534,0,0.984822
4596,Pass,0,0.99999976,0.05776045,0,0.9899946
4597,Pass,0,0.9964059,0.23789966,0,0.9486409
4598,Pass,0,0.63381153,0.8051641,0,0.5277197
4599,Pass,0,0.9997466,0.4731766,0,0.90229136
4600,Pass,0,0.99999404,0.056655053,0,0.9902217
4601,Pass,0,0.69542223,0.8161279,0,0.57741207
4602,Pass,0,0.9663535,0.3206076,0,0.90319914
4603,Pass,0,0.7484498,0.74084693,0,0.6333055
4604,Pass,0,0.9985405,1.3194492,0,0.723262
4605,Pass,0,0.99992037,0.149854,0,0.97052526
4606,Pass,0,0.99988353,0.26226303,0,0.94682217
4607,Pass,0,0.9997937,0.06907704,0,0.98740816
4608,Pass,0,0.99999845,0.12697032,0,0.9754197
4609,Pass,0,0.9904897,0.1656347,0,0.95808053
4610,Pass,0,0.9996644,0.32375014,0,0.9336716
4611,Pass,0,0.99999726,0.043457,0,0.99300396
4612,Pass,0,0.5131881,0.6585955,0,0.44312567
4613,Pass,0,0.95714647,0.71559924,0,0.81498414
4614,Pass,0,0.9999198,0.090845145,0,0.98294926
4615,Pass,0,0.9999877,0.33255756,0,0.93211895
4616,Pass,0,0.6563513,0.5146877,0,0.586633
4617,Pass,0,0.9975431,0.1859329,0,0.96063936
4618,Pass,0,0.9996321,0.33274785,0,0.93174744
4619,Pass,0,0.99999654,0.1132539,0,0.9783061
4620,Pass,0,0.9999881,0.0655984,0,0.98833257
4621,Pass,0,0.99999857,0.26646712,0,0.9460458
4622,Pass,0,0.9998728,0.11035913,0,0.9787945
4623,Pass,0,0.99998474,0.09075787,0,0.9830315
4624,Pass,0,0.99999285,0.081238165,0,0.98504406
4625,Pass,0,0.9987218,0.06241765,0,0.98775
4626,Pass,0,0.99980026,0.2878436,0,0.94135785
4627,Pass,0,0.986302,0.6217499,0,0.8593006
4628,Pass,0,0.9372619,0.5688583,0,0.82701385
4629,Pass,0,0.9999882,0.18157645,0,0.96391135
4630,Pass,0,0.9998342,0.14998233,0,0.9704146
4631,Pass,0,0.99998415,0.08100635,0,0.9850843
4632,Pass,0,0.9998155,0.12571877,0,0.97550476
4633,Pass,0,0.51182085,0.84350103,0,0.4220169
4634,Pass,0,0.83007646,1.2986126,0,0.6048823
4635,Pass,0,0.7491524,1.149864,0,0.56937754
4636,Pass,0,0.99981266,1.1976897,0,0.7498178
4637,Pass,0,0.9975267,0.21501863,0,0.9545141
4638,Pass,0,0.9992855,0.28961647,0,0.9405001
4639,Pass,0,0.9993247,0.41840222,0,0.9134367
4640,Pass,0,0.99964666,0.14152205,0,0.9720135
4641,Pass,0,0.81186247,0.6223364,0,0.7072225
4642,Pass,0,0.9978096,0.16844349,0,0.9645707
4643,Pass,0,0.999569,0.09449652,0,0.9818359
4644,Pass,0,0.999997,0.055509772,0,0.99046576
4645,Pass,0,0.9996903,0.068817906,0,0.98736054
4646,Pass,0,0.9887848,0.31681266,0,0.92495465
4647,Pass,0,0.9999957,0.11481961,0,0.9779756
4648,Pass,0,0.99986243,0.4186281,0,0.91388065
4649,Pass,0,0.6014836,1.663848,0,0.39204615
4650,Pass,0,0.9999889,0.3814567,0,0.92182344
4651,Pass,0,0.9908031,2.073596,0,0.5603163
4652,Pass,0,0.4962235,0.5792972,0,0.43676305
4653,Pass,0,0.99985945,0.205088,0,0.9588371
4654,Pass,0,0.99989974,0.20525838,0,0.95883983
4655,Pass,0,0.6876861,0.82599574,0,0.56955975
4656,Pass,0,0.9957272,0.16839564,0,0.9625677
4657,Pass,0,0.99990785,0.09393156,0,0.9822877
4658,Pass,0,0.99772793,0.1978746,0,0.95830846
4659,Pass,0,0.99912053,0.40720713,0,0.91560537
4660,Pass,0,0.99811006,0.3455935,0,0.92762893
4661,Pass,0,0.9997478,0.20348635,0,0.95906717
4662,Pass,0,0.9831434,1.4286228,0,0.68950826
4663,Pass,0,0.9997831,0.1249729,0,0.97563016
4664,Pass,0,0.99789774,0.3380024,0,0.92902666
4665,Pass,0,0.99999416,0.19193198,0,0.96173656
4666,Pass,0,0.9016847,1.1140292,0,0.6921104
4667,Pass,0,0.99987733,0.15783368,0,0.9688034
4668,Pass,0,0.9999502,0.39048508,0,0.91988665
4669,Pass,0,0.99978346,0.027730945,0,0.99610245
4670,Pass,0,0.99898773,0.09166108,0,0.9818614
4671,Pass,0,0.9999999,0.07541019,0,0.9862782
4672,Pass,0,0.99998736,0.18466325,0,0.9632606
4673,Pass,0,0.9970221,0.27987614,0,0.9404148
4674,Pass,0,0.97972006,1.1041172,0,0.75405324
4675,Pass,0,0.99996555,0.0198727,0,0.9979385
4676,Pass,0,0.999992,0.03890548,0,0.9939572
4677,Pass,0,0.9150143,0.83304226,0,0.7564813
4678,Pass,0,0.99397606,0.7214731,0,0.8451141
4679,Pass,0,0.78905463,2.098148,0,0.44214466
4680,Pass,0,0.99997485,0.11413667,0,0.978099
4681,Pass,0,0.9999994,0.05311148,0,0.9909732
4682,Pass,0,0.99999154,0.10344504,0,0.9803667
4683,Pass,0,0.9999989,0.124549374,0,0.9759299
4684,Pass,0,0.9996352,0.36213228,0,0.925565
4685,Pass,0,0.9998764,0.12855195,0,0.97496766
4686,Pass,0,0.9882712,0.6866837,0,0.84750336
4687,Pass,0,0.9999963,0.10030941,0,0.9810316
4688,Pass,0,0.99992085,0.013026508,0,0.9993354
4689,Pass,0,0.99981636,0.25125456,0,0.9490762
4690,Pass,0,0.99999976,0.07105204,0,0.9871958
4691,Pass,0,0.9996158,0.10119223,0,0.98047245
4692,Pass,0,0.9976566,0.44386163,0,0.9065635
4693,Pass,0,0.9999926,0.13003804,0,0.97476804
4694,Pass,0,0.825457,0.9384343,0,0.66412145
4695,Pass,0,0.9998574,0.10831948,0,0.9792089
4696,Pass,0,0.99897873,0.4361764,0,0.90938157
4697,Pass,0,0.9999751,0.251876,0,0.94909596
4698,Pass,0,0.99999714,0.11222186,0,0.978524
4699,Pass,0,0.9975368,0.25450873,0,0.94622874
4700,Pass,0,0.9995615,0.21355943,0,0.9567683
4701,Pass,0,0.99994385,0.391003,0,0.91977185
4702,Pass,0,0.9999889,0.107000396,0,0.97961545
4703,Pass,0,0.8864466,1.1034638,0,0.68238616
4704,Pass,0,0.99980706,0.04405057,0,0.9926902
4705,Pass,0,0.9999397,0.32201293,0,0.9342944
4706,Pass,0,0.998835,0.16815688,0,0.96562225
4707,Pass,0,0.99973434,0.2806877,0,0.9428022
4708,Pass,0,0.99998724,0.122131445,0,0.9764277
4709,Pass,0,0.892407,1.0700567,0,0.6932522
4710,Pass,0,0.99999774,0.19904172,0,0.96024287
4711,Pass,0,0.9995016,0.42951724,0,0.91125906
4712,Pass,0,0.585105,0.6649021,0,0.50444716
4713,Pass,0,0.98692805,0.33261043,0,0.91993463
4714,Pass,0,0.99997485,0.035874594,0,0.99457836
4715,Pass,0,0.9999715,0.34356686,0,0.92978567
4716,Pass,0,1.0,0.15980583,0,0.968507
4717,Pass,0,0.9994966,0.064149484,0,0.9881518
4718,Pass,0,0.8833575,0.74092585,0,0.74744385
4719,Pass,0,0.9926581,0.044346046,0,0.9855303
4720,Pass,0,0.99999106,0.09259331,0,0.9826513
4721,Pass,0,0.9989735,0.15449476,0,0.96863
4722,Pass,0,0.6185122,0.6966676,0,0.529112
4723,Pass,0,0.9999442,0.21263576,0,0.9573291
4724,Pass,0,0.99987876,0.023064543,0,0.99717987
4725,Pass,0,0.99999666,0.23715128,0,0.9522171
4726,Pass,0,0.99998057,0.13301559,0,0.9741293
4727,Pass,0,0.999866,0.15366033,0,0.96967113
4728,Pass,0,0.9998367,0.075144656,0,0.9861731
4729,Pass,0,0.9999964,0.053502582,0,0.9908879
4730,Pass,0,0.99779737,0.30554304,0,0.9357532
4731,Pass,0,0.99984825,0.30797747,0,0.93716407
4732,Pass,0,0.9999341,0.02994667,0,0.995786
4733,Pass,0,0.99999976,0.105235934,0,0.97999763
4734,Pass,0,0.99999976,0.14311029,0,0.97202235
4735,Pass,0,0.99994767,0.1640239,0,0.9675681
4736,Pass,0,0.9999088,0.42977226,0,0.9115766
4737,Pass,0,0.99993336,0.0461268,0,0.9923784
4738,Pass,0,0.9998534,0.451874,0,0.9068728
4739,Pass,0,0.99999976,0.26347014,0,0.946678
4740,Pass,0,0.98756474,0.6729536,0,0.8497528
4741,Pass,0,0.999969,0.17655465,0,0.96495026
4742,Pass,0,0.9985404,0.20120704,0,0.9583882
4743,Pass,0,0.9997391,0.5618638,0,0.8836144
4744,Pass,0,0.9361578,0.8161218,0,0.7772971
4745,Pass,0,0.99929225,0.19981597,0,0.9594025
4746,Pass,0,0.9999534,0.028272307,0,0.99615777
4747,Pass,0,0.99996793,0.49036428,0,0.89887196
4748,Pass,0,0.997931,0.6050457,0,0.8729423
4749,Pass,0,0.99999523,0.37284493,0,0.92364264
4750,Pass,0,0.99999845,0.083118655,0,0.9846536
4751,Pass,0,0.97630626,0.42528814,0,0.89098096
4752,Pass,0,0.99990237,0.26859912,0,0.9455059
4753,Pass,0,0.9998734,0.38006797,0,0.9220093
4754,Pass,0,0.99960345,0.06065452,0,0.9889931
4755,Pass,0,0.9999131,0.19575265,0,0.9608541
4756,Pass,0,0.99991524,0.19185637,0,0.96167654
4757,Pass,0,0.9247984,0.5982339,0,0.81029594
4758,Pass,0,0.9960366,0.44477755,0,0.9048993
4759,Pass,0,0.99997115,0.13702168,0,0.9732766
4760,Pass,0,0.89274216,0.94154805,0,0.7176704
4761,Pass,0,0.9998778,0.22167414,0,0.9553625
4762,Pass,0,0.8493285,0.55589414,0,0.7517424
4763,Pass,0,0.99770266,0.64244854,0,0.8648847
4764,Pass,0,0.99996424,0.07737575,0,0.9858291
4765,Pass,0,0.9993432,0.3981611,0,0.917713
4766,Pass,0,0.6649725,1.1090132,0,0.5111185
4767,Pass,0,0.9999857,0.14921783,0,0.9707226
4768,Pass,0,0.9828346,0.47485754,0,0.88668
4769,Pass,0,0.99851793,0.17678115,0,0.96350235
4770,Pass,0,0.9999056,0.07591685,0,0.9860785
4771,Pass,0,0.999984,0.18120846,0,0.96398485
4772,Pass,0,1.0,0.06509656,0,0.98845005
4773,Pass,0,0.99992895,0.196543,0,0.96070296
4774,Pass,0,0.99835443,0.08484247,0,0.98267245
4775,Pass,0,0.99266243,0.51335865,0,0.8874986
4776,Pass,0,0.99994576,0.081947476,0,0.9848483
4777,Pass,0,0.9618879,0.37684703,0,0.8876343
4778,Pass,0,0.9999951,0.3572759,0,0.9269209
4779,Pass,0,0.7191456,0.9929719,0,0.5703299
4780,Pass,0,0.9847343,0.33855772,0,0.9166566
4781,Pass,0,0.99998784,0.24296269,0,0.95098495
4782,Pass,0,0.99976057,0.1930195,0,0.96128297
4783,Pass,0,0.99209666,0.19028682,0,0.9544849
4784,Pass,0,0.99999833,0.054665156,0,0.99064493
4785,Pass,0,0.7522657,0.5211095,0,0.671342
4786,Pass,0,0.9944458,0.5219026,0,0.88730395
4787,Pass,0,0.9995245,0.23602699,0,0.9520041
4788,Pass,0,0.9979747,0.46252695,0,0.90293014
4789,Pass,0,0.99999166,0.1846801,0,0.9632611
4790,Pass,0,0.9999889,0.15769468,0,0.9689408
4791,Pass,0,0.9999695,0.32670635,0,0.933334
4792,Pass,0,0.9961404,0.2368929,0,0.9485993
4793,Pass,0,0.9999981,0.2323004,0,0.95323986
4794,Pass,0,0.99989283,0.20203748,0,0.9595114
4795,Pass,0,0.6739294,0.71191597,0,0.5743552
4796,Pass,0,0.9993808,0.14143911,0,0.97177243
4797,Pass,0,0.999959,0.10081238,0,0.9808891
4798,Pass,0,0.999984,0.10641279,0,0.97973436
4799,Pass,0,0.99992454,0.064594515,0,0.98848116
4800,Pass,0,0.9999988,0.08565426,0,0.98412
4801,Pass,0,0.5054808,0.44274253,0,0.45944595
4802,Pass,0,0.9938305,0.4098206,0,0.9102106
4803,Pass,0,0.9998983,0.18007487,0,0.96414083
4804,Pass,0,0.9968702,0.22018258,0,0.95280194
4805,Pass,0,0.99998343,0.25478765,0,0.9484908
4806,Pass,0,0.94401383,1.0464969,0,0.7380254
4807,Pass,0,0.99993193,0.05111112,0,0.9913275
4808,Pass,0,0.9988257,0.24757503,0,0.94890976
4809,Pass,0,0.99999785,0.19314307,0,0.961485
4810,Pass,0,0.9999995,0.08077674,0,0.9851478
4811,Pass,0,0.9999999,0.12776513,0,0.9752537
4812,Pass,0,0.9999455,0.3853298,0,0.9209679
4813,Pass,0,0.9999999,0.06898009,0,0.98763216
4814,Pass,0,0.99704915,0.6353246,0,0.8658138
4815,Pass,0,0.99999595,0.08845612,0,0.9835272
4816,Pass,0,0.9358425,0.6254741,0,0.8146046
4817,Pass,0,1.0,0.09619336,0,0.98190194
4818,Pass,0,0.9964689,0.3802823,0,0.918825
4819,Pass,0,0.9994429,0.28775507,0,0.9410399
4820,Pass,0,0.9996667,0.12263287,0,0.97600913
4821,Pass,0,0.99998164,0.23180085,0,0.9533294
4822,Pass,0,0.9960282,0.2359155,0,0.9486974
4823,Pass,0,0.996609,0.31662652,0,0.9323127
4824,Pass,0,0.9996922,0.21676664,0,0.9562183
4825,Pass,0,0.99962175,0.119210705,0,0.97668564
4826,Pass,0,0.99988985,0.17171057,0,0.9658938
4827,Pass,0,0.55261296,1.5190445,0,0.37704235
4828,Pass,0,1.0,0.038648136,0,0.9940193
4829,Pass,0,0.7452233,1.4437582,0,0.5202726
4830,Pass,0,0.9622426,0.325801,0,0.8983046
4831,Pass,0,0.852601,1.035137,0,0.6685988
4832,Pass,0,0.999777,0.26216632,0,0.9467416
4833,Pass,0,0.9766897,0.5904162,0,0.85737014
4834,Pass,0,0.9999534,0.10077973,0,0.9808905
4835,Pass,0,0.7112302,0.7235472,0,0.60440284
4836,Pass,0,0.9994473,0.1515945,0,0.9696998
4837,Pass,0,0.99890304,0.24336196,0,0.94986933
4838,Pass,0,0.99998856,0.15443382,0,0.9696271
4839,Pass,0,0.99999714,0.13819303,0,0.97305524
4840,Pass,0,0.9993242,0.2180137,0,0.95560384
4841,Pass,0,0.99935895,0.13021216,0,0.97411376
4842,Pass,0,0.9997495,1.8671999,0,0.6088259
4843,Pass,0,0.99982566,0.11996351,0,0.97672635
4844,Pass,0,0.9728914,0.4858966,0,0.8754481
4845,Pass,0,0.9999268,0.083677545,0,0.98446536
4846,Pass,0,0.9999689,0.13241294,0,0.97424483
4847,Pass,0,0.9999776,0.16058122,0,0.96832204
4848,Pass,0,0.9522587,0.54701066,0,0.84462744
4849,Pass,0,0.999936,0.12475562,0,0.9758251
4850,Pass,0,0.9999503,0.26858386,0,0.94555444
4851,Pass,0,0.99999535,0.0795764,0,0.98539644
4852,Pass,0,0.9999918,0.17970306,0,0.9643093
4853,Pass,0,0.94586104,0.7911358,0,0.7903302
4854,Pass,0,0.99995863,0.26422334,0,0.94648045
4855,Pass,0,0.9993943,0.23065184,0,0.9530113
4856,Pass,0,0.99875164,0.14141768,0,0.9711651
4857,Pass,0,0.9998938,0.100144,0,0.98096585
4858,Pass,0,0.9999999,0.04374033,0,0.992947
4859,Pass,0,0.75737876,0.734154,0,0.6419282
4860,Pass,0,1.0,0.09834459,0,0.98144895
4861,Pass,0,0.9996877,0.051036544,0,0.991101
4862,Pass,0,0.9999279,0.16936788,0,0.9664238
4863,Pass,0,0.99999404,0.113733344,0,0.9782027
4864,Pass,0,0.7919443,1.3391293,0,0.57033855
4865,Pass,0,0.9998971,0.04290834,0,0.9930201
4866,Pass,0,0.9999938,0.076358624,0,0.9860725
4867,Pass,0,0.99994564,0.19957972,0,0.96007955
4868,Pass,0,0.9990694,0.4927782,0,0.8975564
4869,Pass,0,0.99998236,0.027608905,0,0.9963263
4870,Pass,0,0.9897625,0.1821008,0,0.9539452
4871,Pass,0,0.99999154,0.10493901,0,0.9800521
4872,Pass,0,0.9727835,0.43670204,0,0.8854281
4873,Pass,0,0.6812088,1.8120781,0,0.42274833
4874,Pass,0,0.99999833,0.042989414,0,0.9931035
4875,Pass,0,0.999984,0.078270465,0,0.98566025
4876,Pass,0,0.9999881,0.037512355,0,0.99424666
4877,Pass,0,0.99999714,0.17186612,0,0.9659647
4878,Pass,0,0.99998355,0.259952,0,0.9474035
4879,Pass,0,0.9688154,0.95493066,0,0.7760951
4880,Pass,0,0.60894734,0.581003,0,0.53576094
4881,Pass,0,0.99999106,0.07531593,0,0.9862893
4882,Pass,0,0.999954,0.17784208,0,0.96466464
4883,Pass,0,0.999851,0.490129,0,0.8988164
4884,Pass,0,0.9999813,0.049130607,0,0.9917935
4885,Pass,0,0.9999794,0.058383122,0,0.9898433
4886,Pass,0,0.9998797,0.047337662,0,0.99207026
4887,Pass,0,0.9989361,0.32000798,0,0.93377846
4888,Pass,0,0.8304342,0.59253424,0,0.7286119
4889,Pass,0,0.99976796,0.26612467,0,0.9458997
4890,Pass,0,0.99921215,0.25171706,0,0.9484053
4891,Pass,0,0.9990397,0.3179788,0,0.9343022
4892,Pass,0,0.998938,0.43787667,0,0.9089868
4893,Pass,0,0.99999964,0.03087762,0,0.99565524
4894,Pass,0,0.9998165,0.20312092,0,0.95921
4895,Pass,0,0.9999999,0.11582596,0,0.97776777
4896,Pass,0,0.97329074,0.7816961,0,0.8151842
4897,Pass,0,0.9992267,0.52050126,0,0.8918646
4898,Pass,0,0.9999076,0.27848634,0,0.9434291
4899,Pass,0,0.99982685,0.18298596,0,0.9634591
4900,Pass,0,0.9991315,0.3712408,0,0.92318237
4901,Pass,0,0.5236075,1.0627809,0,0.40755838
4902,Pass,0,0.998879,0.500554,0,0.89574987
4903,Pass,0,0.9938685,0.38075447,0,0.91632843
4904,Pass,0,0.9998735,0.11030325,0,0.97880703
4905,Pass,0,0.999982,0.029625393,0,0.99590135
4906,Pass,0,0.4477992,1.2793841,0,0.32812744
4907,Pass,0,0.9997409,0.2338154,0,0.9526758
4908,Pass,0,0.99999845,0.11276971,0,0.97840995
4909,Pass,0,0.9530982,0.5456673,0,0.8456417
4910,Pass,0,0.9103195,0.82521415,0,0.75410044
4911,Pass,0,0.7058339,0.8580058,0,0.5798327
4912,Pass,0,1.0,0.114001274,0,0.9781521
4913,Pass,0,0.9732068,0.45831558,0,0.88138413
4914,Pass,0,0.9993799,0.17373228,0,0.9649757
4915,Pass,0,0.99996006,0.24281691,0,0.95098925
4916,Pass,0,0.9999995,0.11331315,0,0.9782965
4917,Pass,0,0.9997911,0.21360545,0,0.9569783
4918,Pass,0,0.99980336,0.055215605,0,0.99033594
4919,Pass,0,0.999992,0.100176,0,0.9810555
4920,Pass,0,0.9997211,0.10961802,0,0.9788021
4921,Pass,0,0.9997614,0.09930473,0,0.98101264
4922,Pass,0,0.999684,0.14387189,0,0.97155505
4923,Pass,0,0.9999795,0.26011002,0,0.94736636
4924,Pass,0,0.8744064,0.74597615,0,0.73894006
4925,Pass,0,0.96850383,0.56593496,0,0.855177
4926,Pass,0,0.991597,0.6181418,0,0.8646671
4927,Pass,0,0.96689814,0.3190933,0,0.9040165
4928,Pass,0,0.9999962,0.17378446,0,0.9655598
4929,Pass,0,0.9935149,1.6362364,0,0.6533481
4930,Pass,0,0.9999721,0.29137012,0,0.94077706
4931,Pass,0,0.99997294,0.12690993,0,0.97540754
4932,Pass,0,0.99999666,0.22523399,0,0.9547265
4933,Pass,0,0.9996141,0.19718303,0,0.96026576
4934,Pass,0,0.99991155,0.76226544,0,0.84157175
4935,Pass,0,0.9999212,0.075595185,0,0.98616165
4936,Pass,0,0.99999964,0.059429154,0,0.9896431
4937,Pass,0,0.9999666,0.04600311,0,0.9924375
4938,Pass,0,0.9983398,4.1156273,0,0.13529879
4939,Pass,0,0.99997497,0.15002418,0,0.97054243
4940,Pass,0,0.98339707,2.333176,0,0.5023755
4941,Pass,0,0.9999809,0.030196749,0,0.99577993
4942,Pass,0,0.9992581,0.1650239,0,0.96669054
4943,Pass,0,0.983355,0.31565207,0,0.92011565
4944,Pass,0,0.98600554,0.6082614,0,0.8618429
4945,Pass,0,0.99929893,0.1258238,0,0.9749786
4946,Pass,0,0.99996006,0.39571124,0,0.91879535
4947,Pass,0,0.9960497,0.3124589,0,0.93266374
4948,Pass,0,0.99792624,0.37417996,0,0.92145103
4949,Pass,0,0.99996495,0.2039091,0,0.9591865
4950,Pass,0,0.999944,0.18087907,0,0.96401554
4951,Pass,0,0.9999945,0.06918312,0,0.9875841
4952,Pass,0,0.9999937,0.21873428,0,0.9560923
4953,Pass,0,0.7542012,1.0210875,0,0.59366614
4954,Pass,0,0.99988735,0.11382093,0,0.9780799
4955,Pass,0,0.6976621,0.9144406,0,0.56482893
4956,Pass,0,0.9997049,0.27630332,0,0.94369733
4957,Pass,0,0.9602818,0.5423566,0,0.8526848
4958,Pass,0,0.91386884,0.97364235,0,0.72847795
4959,Pass,0,0.9992168,0.1194871,0,0.97623175
4960,Pass,0,0.99996257,0.3074249,0,0.9373875
4961,Pass,0,0.99999976,0.112816215,0,0.9784014
4962,Pass,0,0.6092264,1.2954215,0,0.44435677
4963,Pass,0,0.9999583,0.05559202,0,0.99041015
4964,Pass,0,0.9998036,0.21725026,0,0.956223
4965,Pass,0,0.9999844,0.06551586,0,0.98834634
4966,Pass,0,0.5801099,0.7472565,0,0.49008068
4967,Pass,0,0.9447221,1.5976632,0,0.6289348
4968,Pass,0,0.9999918,0.11625933,0,0.9776686
4969,Pass,0,0.48009536,1.0908707,0,0.37085027
4970,Pass,0,0.999723,0.4617768,0,0.9046699
4971,Pass,0,0.99972564,0.04860064,0,0.9916515
4972,Pass,0,0.99999917,0.20912339,0,0.95812136
4973,Pass,0,0.96001333,0.53884757,0,0.8531558
4974,Pass,0,0.59417605,0.66295886,0,0.5125109
4975,Pass,0,0.9646427,0.8026931,0,0.8036759
4976,Pass,0,0.9996319,0.16792792,0,0.9664408
4977,Pass,0,0.9998816,0.23644704,0,0.95225585
4978,Pass,0,0.9999951,0.303099,0,0.9383289
4979,Pass,0,0.9826538,0.832437,0,0.81252694
4980,Pass,0,0.9999763,0.12955534,0,0.97485375
4981,Pass,0,0.9980191,0.21985595,0,0.9539687
4982,Pass,0,0.999323,0.35445023,0,0.92689246
4983,Pass,0,0.9999988,0.09857982,0,0.9813982
4984,Pass,0,0.9985002,0.16578509,0,0.96579725
4985,Pass,0,0.9803137,1.8094175,0,0.6089178
4986,Pass,0,0.99993813,0.2389808,0,0.9517761
4987,Pass,0,0.99835485,0.17020774,0,0.9647269
4988,Pass,0,0.5021714,1.086809,0,0.38833243
4989,Pass,0,0.9999995,0.055785004,0,0.9904103
4990,Pass,0,0.99997926,0.2750819,0,0.9442135
4991,Pass,0,0.99999905,0.14052334,0,0.97256637
4992,Pass,0,0.9999858,0.25535324,0,0.948374
4993,Pass,0,0.7023004,0.8105642,0,0.5839459
4994,Pass,0,0.99958414,0.27828825,0,0.9431656
4995,Pass,0,0.98010683,0.27782997,0,0.9248822
4996,Pass,0,0.9999118,0.09302561,0,0.9824823
4997,Pass,0,0.9999453,0.050649922,0,0.99143785
4998,Pass,0,0.49503267,1.3822403,0,0.3520163
4999,Pass,0,0.99999917,0.12775461,0,0.97525525
5000,Pass,0,0.99994516,0.11838519,0,0.9771754
5001,Pass,0,0.6085383,0.8343272,0,0.50293994
5002,Pass,0,0.99990094,0.24656245,0,0.9501444
5003,Pass,0,0.9999865,0.2862671,0,0.94186515
5004,Pass,0,0.99988997,0.19671474,0,0.9606293
5005,Pass,0,0.9999982,0.0630276,0,0.9888839
5006,Pass,0,0.99998343,0.09371758,0,0.98240703
5007,Pass,0,0.9999913,0.19031568,0,0.96207416
5008,Pass,0,0.99999166,0.1998707,0,0.9600625
5009,Pass,0,0.9999949,0.07309631,0,0.9867605
5010,Pass,0,0.5679481,1.1658375,0,0.4297467
5011,Pass,0,0.9999908,0.12211402,0,0.9764349
5012,Pass,0,0.5941388,1.1891209,0,0.44665134
5013,Pass,0,0.99994147,0.36289558,0,0.9256879
5014,Pass,0,0.9999968,0.13989948,0,0.9726955
5015,Pass,0,0.99998975,0.03682032,0,0.99439406
5016,Pass,0,0.99975556,0.16166142,0,0.96787965
5017,Pass,0,0.99999595,0.06381922,0,0.98871505
5018,Pass,0,0.99998844,0.1535477,0,0.9698136
5019,Pass,0,0.9996772,0.23454496,0,0.9524615
5020,Pass,0,0.9998864,0.21775584,0,0.9561957
5021,Pass,0,0.9596073,0.41637948,0,0.8775416
5022,Pass,0,0.9999988,0.04338303,0,0.99302113
5023,Pass,0,0.9998411,0.16128603,0,0.9680415
5024,Pass,0,0.99384284,0.081728406,0,0.9788834
5025,Pass,0,0.9999994,0.14901195,0,0.9707793
5026,Pass,0,0.8936925,0.9226191,0,0.72199655
5027,Pass,0,0.99881965,0.15139002,0,0.96913385
5028,Pass,0,0.86285,0.23928921,0,0.8212348
5029,Pass,0,0.97114235,0.547382,0,0.86130077
5030,Pass,0,0.999902,0.45069394,0,0.9071653
5031,Pass,0,0.9999989,0.107513055,0,0.9795173
5032,Pass,0,0.9999809,0.1261504,0,0.97557527
5033,Pass,0,0.60550666,1.0192842,0,0.47685185
5034,Pass,0,0.9999521,0.2864753,0,0.9417889
5035,Pass,0,0.9998173,0.14165449,0,0.9721515
5036,Pass,0,0.999998,0.18814269,0,0.96253806
5037,Pass,0,1.0,0.035361636,0,0.9947114
5038,Pass,0,0.9999454,0.27111688,0,0.94501644
5039,Pass,0,0.99227965,0.4355966,0,0.9034044
5040,Pass,0,0.99999917,0.08899994,0,0.98341584
5041,Pass,0,0.9999982,0.0739328,0,0.9865876
5042,Pass,0,0.999869,0.22583553,0,0.95447797
5043,Pass,0,0.9999962,0.16026741,0,0.9684061
5044,Pass,0,0.99988043,0.23131149,0,0.95333594
5045,Pass,0,0.99075073,0.48075488,0,0.89259136
5046,Pass,0,0.9999267,0.33609486,0,0.9313172
5047,Pass,0,0.9999473,0.103952356,0,0.98021644
5048,Pass,0,0.9901046,0.48393732,0,0.8913458
5049,Pass,0,0.99995077,0.020326206,0,0.9978283
5050,Pass,0,0.9999999,0.1403615,0,0.9726013
5051,Pass,0,0.43674138,1.1522456,0,0.33171707
5052,Pass,0,0.47928756,1.0416589,0,0.37519297
5053,Pass,0,0.9999267,0.13185367,0,0.9743214
5054,Pass,0,0.99979764,0.17207634,0,0.96572775
5055,Pass,0,0.9999769,0.074322194,0,0.9864846
5056,Pass,0,0.5476726,0.55552024,0,0.4847893
5057,Pass,0,0.56278324,1.3459044,0,0.4044996
5058,Pass,0,0.99999917,0.16591352,0,0.96722007
5059,Pass,0,0.9999995,0.07899343,0,0.9855233
5060,Pass,0,0.57139814,1.6173898,0,0.37802637
5061,Pass,0,0.5504859,1.7002085,0,0.35459113
5062,Pass,0,0.999997,0.2316105,0,0.9533841
5063,Pass,0,0.99778736,0.37690148,0,0.92075104
5064,Pass,0,0.99993753,0.13079879,0,0.9745542
5065,Pass,0,1.0,0.034112968,0,0.9949743
5066,Pass,0,0.99995375,0.4153231,0,0.91466004
5067,Pass,0,0.9999858,0.31261137,0,0.9363172
5068,Pass,0,0.99997675,0.3354481,0,0.9315001
5069,Pass,0,0.99993837,0.18379086,0,0.963397
5070,Pass,0,0.9999876,0.18703002,0,0.9627624
5071,Pass,0,0.9993672,0.09246827,0,0.9820645
5072,Pass,0,0.9999995,0.03874422,0,0.99399865
5073,Pass,0,0.9895231,0.17192623,0,0.95583457
5074,Pass,0,0.9999957,0.056327246,0,0.9902924
5075,Pass,0,0.9997733,0.35648245,0,0.9268823
5076,Pass,0,0.9999443,0.17927301,0,0.96435404
5077,Pass,0,0.99775714,0.22818469,0,0.95196843
5078,Pass,0,0.9836463,0.25097978,0,0.9337836
5079,Pass,0,0.9999999,0.103036396,0,0.9804609
5080,Pass,0,0.99997973,0.13895115,0,0.97287863
5081,Pass,0,0.8510068,1.0500779,0,0.6646713
5082,Pass,0,0.99984944,0.19188921,0,0.9616064
5083,Pass,0,0.9999987,0.25500712,0,0.9484591
5084,Pass,0,0.60576516,0.69098055,0,0.5189328
5085,Pass,0,0.8683442,0.55552167,0,0.76864135
5086,Pass,0,0.9970132,0.3075536,0,0.9345957
5087,Pass,0,0.98725766,0.54804873,0,0.8754548
5088,Pass,0,0.9984478,0.47708926,0,0.9002965
5089,Pass,0,0.998343,0.3110561,0,0.9351059
5090,Pass,0,0.5612557,1.1644671,0,0.4248447
5091,Pass,0,0.9999875,0.13480665,0,0.97375894
5092,Pass,0,0.99996686,0.3177232,0,0.9352231
5093,Pass,0,0.99950933,0.18189992,0,0.9633817
5094,Pass,0,0.81798327,0.7783586,0,0.68568057
5095,Pass,0,0.99970204,0.20523216,0,0.9586558
5096,Pass,0,0.9999999,0.053861406,0,0.99081576
5097,Pass,0,0.9999932,0.06366538,0,0.9887447
5098,Pass,0,0.8309918,0.9753151,0,0.66212094
5099,Pass,0,0.9999379,0.5597723,0,0.88423055
5100,Pass,0,0.99995196,0.102002725,0,0.9806316
5101,Pass,0,0.8273322,1.0457009,0,0.646943
5102,Pass,0,0.9999647,0.03480158,0,0.9947942
5103,Pass,0,0.99999225,0.15522856,0,0.96946335
5104,Pass,0,0.6899233,0.7215791,0,0.5865821
5105,Pass,0,0.99942327,0.124640845,0,0.9753489
5106,Pass,0,0.9996333,0.18081476,0,0.96372956
5107,Pass,0,0.98454595,1.8135077,0,0.61069864
5108,Pass,0,0.7512014,0.565533,0,0.66336524
5109,Pass,0,0.99878997,0.30794314,0,0.93617934
5110,Pass,0,0.99958783,0.4717852,0,0.9024409
5111,Pass,0,0.9999777,0.11012738,0,0.97894603
5112,Pass,0,0.9990128,0.7557321,0,0.84218967
5113,Pass,0,0.9999082,0.07249931,0,0.9868007
5114,Pass,0,0.9999994,0.06479704,0,0.9885125
5115,Pass,0,0.9997714,0.36802652,0,0.9244503
5116,Pass,0,0.9857582,0.7543807,0,0.83129627
5117,Pass,0,0.99102694,0.0970259,0,0.97291756
5118,Pass,0,0.99997675,0.115923315,0,0.9777247
5119,Pass,0,0.9941368,0.26912934,0,0.93994296
5120,Pass,0,0.99984634,0.5160808,0,0.8933484
5121,Pass,0,0.9992623,0.10576868,0,0.9791628
5122,Pass,0,0.6138011,1.7793403,0,0.38514742
5123,Pass,0,0.99367565,0.452128,0,0.9012164
5124,Pass,0,0.9958346,0.044205986,0,0.9887134
5125,Pass,0,0.99999964,0.061572228,0,0.98919183
5126,Pass,0,0.99989486,0.09064376,0,0.9829672
5127,Pass,0,0.99908006,0.7098168,0,0.85190594
5128,Pass,0,0.9986418,0.29095,0,0.9396138
5129,Pass,0,0.9999155,0.063503146,0,0.988702
5130,Pass,0,0.99719185,0.40880087,0,0.9135032
5131,Pass,0,0.9909306,0.8182491,0,0.8223313
5132,Pass,0,0.9999566,0.11321453,0,0.97827536
5133,Pass,0,0.9919137,0.78101665,0,0.8309238
5134,Pass,0,0.9999982,0.2705721,0,0.9451811
5135,Pass,0,0.9999907,0.097208984,0,0.98167896
5136,Pass,0,0.9998436,0.16445085,0,0.96737754
5137,Pass,0,0.9353571,1.4242668,0,0.65685225
5138,Pass,0,0.9995328,0.0551127,0,0.9900896
5139,Pass,0,0.9956275,0.32183075,0,0.9303036
5140,Pass,0,0.9999645,0.1099543,0,0.9789696
5141,Pass,0,0.9999671,0.34284666,0,0.92993325
5142,Pass,0,0.99991155,0.47765353,0,0.9014976
5143,Pass,0,0.9999547,0.13346854,0,0.97400874
5144,Pass,0,0.99999666,0.33566797,0,0.9314723
5145,Pass,0,0.99925846,0.07084747,0,0.986507
5146,Pass,0,0.9996007,0.13393919,0,0.97356486
5147,Pass,0,0.9989165,0.19954996,0,0.95909774
5148,Pass,0,0.992308,0.18175861,0,0.9564702
5149,Pass,0,0.9990928,0.49961773,0,0.89613855
5150,Pass,0,0.95058656,0.3676865,0,0.879039
5151,Pass,0,0.99282104,0.2702644,0,0.93846166
5152,Pass,0,0.983173,0.52592605,0,0.8764127
5153,Pass,0,0.99998844,0.095832855,0,0.9819665
5154,Pass,0,0.9999609,0.3091961,0,0.937013
5155,Pass,0,0.9999951,0.06089975,0,0.989329
5156,Pass,0,0.99999774,0.06387008,0,0.98870605
5157,Pass,0,0.99998,0.18400994,0,0.963391
5158,Pass,0,0.9999994,0.053808123,0,0.9908265
5159,Pass,0,0.9981146,0.45653826,0,0.9043154
5160,Pass,0,0.62296975,1.3271154,0,0.45022327
5161,Pass,0,0.9958255,0.12429481,0,0.97191036
5162,Pass,0,0.99971455,0.33243835,0,0.9318894
5163,Pass,0,0.999997,0.38760674,0,0.92053586
5164,Pass,0,0.9999665,0.22690469,0,0.95434594
5165,Pass,0,0.799184,1.1322249,0,0.6103714
5166,Pass,0,0.9988551,0.75300926,0,0.84262943
5167,Pass,0,0.9999976,0.092348486,0,0.9827092
5168,Pass,0,0.9999213,0.1514025,0,0.9702001
5169,Pass,0,0.99948883,0.6293372,0,0.86919254
5170,Pass,0,0.99992263,0.013635157,0,0.99920905
5171,Pass,0,0.9999652,0.23037563,0,0.9536138
5172,Pass,0,0.99999666,0.11409847,0,0.9781284
5173,Pass,0,0.99976665,0.04337019,0,0.99279326
5174,Pass,0,0.8942746,0.4812089,0,0.8055882
5175,Pass,0,0.99975485,0.25893128,0,0.94740164
5176,Pass,0,0.9993075,0.31189805,0,0.9358322
5177,Pass,0,0.9996326,0.2064973,0,0.9583229
5178,Pass,0,1.0,0.08550809,0,0.98415196
5179,Pass,0,0.9999976,0.25553566,0,0.94834673
5180,Pass,0,0.9999995,0.09705022,0,0.98172104
5181,Pass,0,0.6771819,0.96827793,0,0.54057115
5182,Pass,0,0.9993887,0.27110723,0,0.94449234
5183,Pass,0,0.9999989,0.15993163,0,0.96847945
5184,Pass,0,0.9991937,0.1277977,0,0.97446066
5185,Pass,0,0.9999969,0.05124747,0,0.99136317
5186,Pass,0,0.9999974,0.059799813,0,0.9895628
5187,Pass,0,0.99995244,0.18192083,0,0.96380436
5188,Pass,0,0.9999186,0.17667553,0,0.9648762
5189,Pass,0,0.99999976,0.06335401,0,0.98881674
5190,Pass,0,0.9989926,0.07189262,0,0.9860247
5191,Pass,0,0.99961036,0.31416702,0,0.9356382
5192,Pass,0,0.998242,0.23298061,0,0.9514229
5193,Pass,0,0.99994826,0.39623803,0,0.9186736
5194,Pass,0,0.99998546,0.24131924,0,0.95132875
5195,Pass,0,0.99998415,0.19979826,0,0.96007055
5196,Pass,0,0.9990207,0.16577977,0,0.9663018
5197,Pass,0,0.99998116,0.18179946,0,0.9638576
5198,Pass,0,0.99726284,0.39067277,0,0.9173751
5199,Pass,0,0.9658419,1.2488446,0,0.7139372
5200,Pass,0,0.99825937,0.2531461,0,0.9472006
5201,Pass,0,0.99998915,0.078779824,0,0.9855581
5202,Pass,0,0.9950236,0.2832396,0,0.937825
5203,Pass,0,0.99985397,0.16075318,0,0.9681661
5204,Pass,0,0.9999825,0.10638429,0,0.9797389
5205,Pass,0,0.98466563,0.47997466,0,0.8872709
5206,Pass,0,0.9997726,0.02123449,0,0.9974593
5207,Pass,0,0.99570787,0.34903038,0,0.92467576
5208,Pass,0,0.98802584,0.83176345,0,0.8171091
5209,Pass,0,0.9872693,0.5564886,0,0.8737105
5210,Pass,0,0.9999298,0.023617761,0,0.9971143
5211,Pass,0,0.9999809,0.18708347,0,0.9627447
5212,Pass,0,0.99085313,0.25450468,0,0.93988967
5213,Pass,0,0.99977666,0.06522807,0,0.9882016
5214,Pass,0,0.70863414,1.0395776,0,0.55503917
5215,Pass,0,0.99999857,0.09383986,0,0.9823961
5216,Pass,0,0.99996185,0.02313863,0,0.99724716
5217,Pass,0,0.98938096,0.28114182,0,0.9329438
5218,Pass,0,0.99982846,0.07931764,0,0.9852865
5219,Pass,0,0.9965306,0.38286528,0,0.91833985
5220,Pass,0,0.51786315,1.057387,0,0.40367535
5221,Pass,0,0.9999956,0.13769834,0,0.9731579
5222,Pass,0,0.8607539,0.94645643,0,0.69106555
5223,Pass,0,0.8796047,1.082201,0,0.6810576
5224,Pass,0,0.96140087,0.6530082,0,0.8312778
5225,Pass,0,0.9974515,0.46221146,0,0.902523
5226,Pass,0,0.9987226,2.223079,0,0.5333583
5227,Pass,0,0.9959984,0.29836947,0,0.9355706
5228,Pass,0,0.99999785,0.36799413,0,0.92466646
5229,Pass,0,0.99897337,0.21290822,0,0.95634234
5230,Pass,0,0.3690022,1.0430877,0,0.288749
5231,Pass,0,0.99941146,0.26374555,0,0.9460631
5232,Pass,0,0.9975442,0.37955755,0,0.9199687
5233,Pass,0,0.99989045,0.39864197,0,0.9181143
5234,Pass,0,0.9780295,0.5574268,0,0.8653403
5235,Pass,0,0.5219761,0.7499241,0,0.44067568
5236,Pass,0,0.7241983,0.56936985,0,0.63893443
5237,Pass,0,0.7776237,0.9382053,0,0.62567466
5238,Pass,0,0.99999285,0.11684916,0,0.97754544
5239,Pass,0,0.99692184,0.17765582,0,0.96177864
5240,Pass,0,0.9998404,0.14991456,0,0.9704349
5241,Pass,0,0.99999464,0.09843394,0,0.9814249
5242,Pass,0,0.5566809,1.3363606,0,0.40123227
5243,Pass,0,0.9892211,0.742201,0,0.8367536
5244,Pass,0,0.9999392,0.14596133,0,0.9713632
5245,Pass,0,0.99999976,0.04252143,0,0.9932035
5246,Pass,0,0.99770194,0.39696145,0,0.9164579
5247,Pass,0,0.647764,0.76411116,0,0.54493636
5248,Pass,0,0.6530658,0.2341089,0,0.62228084
5249,Pass,0,0.99999845,0.10329024,0,0.98040605
5250,Pass,0,0.9999703,0.19049993,0,0.96201515
5251,Pass,0,0.99953246,0.14485222,0,0.9712015
5252,Pass,0,0.7994004,0.72444916,0,0.67917794
5253,Pass,0,0.99979717,0.31026316,0,0.93663496
5254,Pass,0,0.9978143,0.4172081,0,0.91230696
5255,Pass,0,0.9999238,0.31446406,0,0.9358691
5256,Pass,0,0.9930615,0.55292255,0,0.87958217
5257,Pass,0,1.0,0.044926815,0,0.99269724
5258,Pass,0,0.9997447,0.25097778,0,0.9490664
5259,Pass,0,0.7848047,0.8232562,0,0.6504487
5260,Pass,0,0.99961805,0.13973238,0,0.97236234
5261,Pass,0,0.8334194,1.0139669,0,0.65727204
5262,Pass,0,0.9971311,0.3934544,0,0.91666985
5263,Pass,0,0.9995078,0.19042957,0,0.9615849
5264,Pass,0,0.962271,0.97018427,0,0.7677617
5265,Pass,0,0.9966215,0.35870662,0,0.92349356
5266,Pass,0,0.9998227,0.25309628,0,0.9486944
5267,Pass,0,0.9999932,0.11063464,0,0.97885436
5268,Pass,0,0.9981864,0.60791904,0,0.87256175
5269,Pass,0,0.9999987,0.17115106,0,0.9661167
5270,Pass,0,0.99996316,0.04974424,0,0.9916463
5271,Pass,0,0.99190336,0.41431212,0,0.9075075
5272,Pass,0,0.9948691,0.44302142,0,0.9042066
5273,Pass,0,0.9990508,0.25387362,0,0.9477985
5274,Pass,0,0.99576604,0.4269397,0,0.9083938
5275,Pass,0,0.9968829,0.45054293,0,0.904458
5276,Pass,0,0.9999201,0.026646018,0,0.99646705
5277,Pass,0,0.9999968,0.13414809,0,0.97390664
5278,Pass,0,0.99998045,0.18089084,0,0.96404827
5279,Pass,0,0.9999999,0.11973836,0,0.9769439
5280,Pass,0,0.99992573,0.1901305,0,0.96205
5281,Pass,0,0.9922001,0.29637417,0,0.9324196
5282,Pass,0,0.99986875,0.015686966,0,0.99872327
5283,Pass,0,0.602144,0.6870623,0,0.5163275
5284,Pass,0,0.99971074,0.09189332,0,0.9825231
5285,Pass,0,0.6427601,0.784087,0,0.53802305
5286,Pass,0,0.9982357,0.40727797,0,0.9147796
5287,Pass,0,0.9984534,0.2959755,0,0.93837994
5288,Pass,0,0.99999225,0.15785566,0,0.9689101
5289,Pass,0,0.9999993,0.09643655,0,0.98185
5290,Pass,0,0.99961275,0.103662305,0,0.9799496
5291,Pass,0,0.9999999,0.04181209,0,0.993353
5292,Pass,0,0.9952083,0.17231645,0,0.96124446
5293,Pass,0,0.9999013,0.18319549,0,0.9634867
5294,Pass,0,0.99996316,0.13275793,0,0.97416663
5295,Pass,0,0.99999154,0.11629422,0,0.977661
5296,Pass,0,0.9999981,0.0570515,0,0.9901422
5297,Pass,0,0.99996245,0.15951249,0,0.9685324
5298,Pass,0,0.99060035,0.5640629,0,0.8750785
5299,Pass,0,0.99999917,0.17538218,0,0.96522623
5300,Pass,0,0.990519,0.5783476,0,0.87202716
5301,Pass,0,0.9999993,0.09667047,0,0.9818008
5302,Pass,0,0.99999154,0.11697584,0,0.9775175
5303,Pass,0,0.99926645,0.25607806,0,0.9475392
5304,Pass,0,0.99164516,0.2733686,0,0.93670195
5305,Pass,0,0.9999982,0.18157531,0,0.96392125
5306,Pass,0,1.0,0.051040705,0,0.99140984
5307,Pass,0,0.999995,0.14664409,0,0.9712736
5308,Pass,0,0.9999989,0.10705477,0,0.9796138
5309,Pass,0,0.8494813,0.8241942,0,0.7038851
5310,Pass,0,0.9990125,0.09439884,0,0.98130983
5311,Pass,0,0.99999547,0.26708245,0,0.9459133
5312,Pass,0,0.9998235,0.2056665,0,0.9586808
5313,Pass,0,0.9999896,0.0840941,0,0.98443955
5314,Pass,0,1.0,0.14880763,0,0.9708229
5315,Pass,0,0.9998354,0.15136196,0,0.97012526
5316,Pass,0,0.9988121,0.19573943,0,0.9597989
5317,Pass,0,0.99993086,0.037503123,0,0.9941917
5318,Pass,0,0.99939454,0.2852675,0,0.9415179
5319,Pass,0,0.7605365,0.75723344,0,0.6409085
5320,Pass,0,0.99998343,0.18353824,0,0.96349365
5321,Pass,0,0.9934042,1.4866246,0,0.68457156
5322,Pass,0,0.99976593,0.31303546,0,0.93602204
5323,Pass,0,0.49879426,1.7011514,0,0.32119533
5324,Pass,0,0.99999774,0.2051194,0,0.9589631
5325,Pass,0,0.9999999,0.10596583,0,0.97984403
5326,Pass,0,0.90502405,0.634251,0,0.78610605
5327,Pass,0,0.9999989,0.053345058,0,0.9909235
5328,Pass,0,0.6768357,0.82108706,0,0.5612728
5329,Pass,0,0.9997907,0.49563983,0,0.897602
5330,Pass,0,0.620224,1.2094787,0,0.46360242
5331,Pass,0,0.9949248,0.5334618,0,0.88530964
5332,Pass,0,0.9999925,0.18967272,0,0.96221066
5333,Pass,0,0.86123234,0.868261,0,0.7056305
5334,Pass,0,0.9999987,0.14187482,0,0.9722815
5335,Pass,0,0.9999291,0.12067155,0,0.9766783
5336,Pass,0,0.9991448,0.25322184,0,0.9480248
5337,Pass,0,0.9948383,0.3311486,0,0.9276142
5338,Pass,0,0.99999547,0.07914875,0,0.9854866
5339,Pass,0,0.99995494,0.2572306,0,0.94794935
5340,Pass,0,0.99513274,0.4279438,0,0.9076056
5341,Pass,0,0.99997425,0.013415515,0,0.99930686
5342,Pass,0,0.9998585,0.19916674,0,0.9600828
5343,Pass,0,0.99947506,0.23534185,0,0.9521012
5344,Pass,0,0.99999714,0.13539946,0,0.9736435
5345,Pass,0,0.9999969,0.0763958,0,0.9860677
5346,Pass,0,0.9999969,0.11735771,0,0.9774423
5347,Pass,0,0.9996412,0.23736373,0,0.95183384
5348,Pass,0,0.65403223,0.739539,0,0.55359364
5349,Pass,0,0.979867,0.49330848,0,0.88019574
5350,Pass,0,0.99999154,0.10381937,0,0.98028785
5351,Pass,0,0.97183526,0.5869938,0,0.8538092
5352,Pass,0,0.99711204,0.19393449,0,0.9585442
5353,Pass,0,0.98488563,0.8057391,0,0.8199093
5354,Pass,0,0.99999917,0.107986115,0,0.9794179
5355,Pass,0,0.7838874,0.570312,0,0.69144046
5356,Pass,0,0.9999993,0.28542072,0,0.9420554
5357,Pass,0,0.9999949,0.16522782,0,0.9673603
5358,Pass,0,0.99987423,0.27079475,0,0.94501704
5359,Pass,0,0.90583783,0.38663885,0,0.8340433
5360,Pass,0,0.99998474,0.098249696,0,0.981454
5361,Pass,0,0.9999976,0.102520436,0,0.98056734
5362,Pass,0,0.9999094,0.18629469,0,0.9628419
5363,Pass,0,0.99998605,0.11006718,0,0.9789669
5364,Pass,0,0.5972123,0.35120305,0,0.55433494
5365,Pass,0,0.9999851,0.1470989,0,0.9711682
5366,Pass,0,0.9979037,0.47015485,0,0.90126306
5367,Pass,0,1.0,0.100751415,0,0.9809422
5368,Pass,0,0.6498053,1.153696,0,0.49334654
5369,Pass,0,0.99997675,0.48978052,0,0.8990028
5370,Pass,0,0.9999654,0.28758982,0,0.94156677
5371,Pass,0,0.98780906,0.42216903,0,0.90212727
5372,Pass,0,0.9955206,0.5327166,0,0.885996
5373,Pass,0,0.97400403,0.5323666,0,0.86691844
5374,Pass,0,0.9999943,0.043158073,0,0.99306405
5375,Pass,0,0.99996424,0.3554009,0,0.9272871
5376,Pass,0,0.9999919,0.06608059,0,0.9882349
5377,Pass,0,0.9999968,0.25868496,0,0.9476828
5378,Pass,0,0.9518896,0.4138782,0,0.8709852
5379,Pass,0,0.99919933,0.06943481,0,0.98674583
5380,Pass,0,0.9999993,0.071266614,0,0.98715013
5381,Pass,0,0.9998223,0.35568216,0,0.92709625
5382,Pass,0,0.99999654,0.18761307,0,0.9626482
5383,Pass,0,0.76986307,0.7934764,0,0.64289266
5384,Pass,0,0.99415696,0.32994935,0,0.9272299
5385,Pass,0,0.97472113,0.27091253,0,0.92121977
5386,Pass,0,0.99990153,0.12900646,0,0.97489643
5387,Pass,0,0.78823316,0.4145101,0,0.72113365
5388,Pass,0,0.9999999,0.03424328,0,0.9949468
5389,Pass,0,0.99997675,0.22983785,0,0.9537381
5390,Pass,0,0.9810845,0.16021495,0,0.95010275
5391,Pass,0,0.999998,0.12627302,0,0.9755661
5392,Pass,0,0.99999845,0.158423,0,0.9687967
5393,Pass,0,0.99997044,0.2604023,0,0.9472962
5394,Pass,0,0.99996305,0.2921712,0,0.94059986
5395,Pass,0,0.99978,0.25529107,0,0.9481918
5396,Pass,0,0.9999784,0.30497295,0,0.93791866
5397,Pass,0,0.78501374,0.73668426,0,0.6649324
5398,Pass,0,0.99817944,0.33515006,0,0.9298885
5399,Pass,0,0.9999893,0.11568408,0,0.97778726
5400,Pass,0,0.9991825,0.085976824,0,0.98324883
5401,Pass,0,0.9999982,0.16206911,0,0.96802866
5402,Pass,0,0.98802,0.6741124,0,0.8499034
5403,Pass,0,0.99999654,0.1953847,0,0.96101177
5404,Pass,0,0.9999051,0.08888816,0,0.9833469
5405,Pass,0,0.99973375,0.19098152,0,0.96168613
5406,Pass,0,0.9999931,0.17068386,0,0.9662097
5407,Pass,0,0.9557609,0.2665004,0,0.90418816
5408,Pass,0,0.995672,0.26019603,0,0.94326746
5409,Pass,0,0.99999917,0.08267789,0,0.9847471
5410,Pass,0,0.99997795,0.2041803,0,0.95914185
5411,Pass,0,0.9993395,0.35919705,0,0.9259089
5412,Pass,0,0.9996418,0.16687112,0,0.96667284
5413,Pass,0,0.76008594,1.0271401,0,0.5973296
5414,Pass,0,0.9999931,0.08741842,0,0.9837429
5415,Pass,0,0.99993324,0.21356137,0,0.9571237
5416,Pass,0,0.9999919,0.121583454,0,0.9765476
5417,Pass,0,0.6416729,0.68483037,0,0.5505244
5418,Pass,0,0.9999989,0.1146416,0,0.9780162
5419,Pass,0,0.9972487,0.49835426,0,0.8947498
5420,Pass,0,0.9988201,0.1529429,0,0.9688077
5421,Pass,0,0.99968266,0.25740665,0,0.9476542
5422,Pass,0,0.99999297,0.15405747,0,0.96971065
5423,Pass,0,0.8523825,0.9129582,0,0.690357
5424,Pass,0,0.9999641,0.050709285,0,0.99144405
5425,Pass,0,0.99950325,0.24099776,0,0.9509377
5426,Pass,0,0.9935551,0.2638711,0,0.94049317
5427,Pass,0,0.9966384,0.1954325,0,0.9577745
5428,Pass,0,0.99999845,0.06746883,0,0.98794895
5429,Pass,0,0.999488,0.3691865,0,0.92394406
5430,Pass,0,0.99998236,0.08537606,0,0.98416245
5431,Pass,0,0.7555938,1.0398506,0,0.591777
5432,Pass,0,0.99994814,0.12735327,0,0.97528994
5433,Pass,0,0.999403,0.13038796,0,0.9741196
5434,Pass,0,0.96852255,0.48000696,0,0.872718
5435,Pass,0,0.99993765,0.23410793,0,0.95280164
5436,Pass,0,0.71492326,1.0092859,0,0.56452537
5437,Pass,0,0.9999509,0.1268725,0,0.9753939
5438,Pass,0,0.9999665,0.12671004,0,0.97544336
5439,Pass,0,0.99999774,0.21234798,0,0.957441
5440,Pass,0,0.9828615,0.8398711,0,0.81116015
5441,Pass,0,0.99995446,0.1501193,0,0.97050256
5442,Pass,0,0.4243654,1.011236,0,0.3349177
5443,Pass,0,0.9987739,0.22286686,0,0.9540569
5444,Pass,0,0.99999297,0.2508024,0,0.94933903
5445,Pass,0,0.9999019,0.15633255,0,0.9691433
5446,Pass,0,0.99999785,0.14978173,0,0.9706157
5447,Pass,0,0.9991818,0.054686844,0,0.9898315
5448,Pass,0,0.99996805,0.1664141,0,0.9670846
5449,Pass,0,0.99999475,0.14398517,0,0.9718332
5450,Pass,0,0.9998826,0.0967206,0,0.9816757
5451,Pass,0,0.96414655,0.57354724,0,0.8497842
5452,Pass,0,0.99864596,0.5285008,0,0.88966405
5453,Pass,0,0.99799275,0.26031396,0,0.94544125
5454,Pass,0,0.9999323,0.1769913,0,0.9648229
5455,Pass,0,0.99543744,0.5859104,0,0.874772
5456,Pass,0,0.9999504,0.11929712,0,0.9769885
5457,Pass,0,0.9799483,0.3623123,0,0.9072997
5458,Pass,0,0.70300597,0.7211302,0,0.59777164
5459,Pass,0,0.9997322,0.2646553,0,0.9461752
5460,Pass,0,0.87607086,1.1304563,0,0.66941947
5461,Pass,0,0.99998724,0.08087385,0,0.98511523
5462,Pass,0,0.99605715,0.63754994,0,0.8644857
5463,Pass,0,0.99996555,0.14424168,0,0.97175086
5464,Pass,0,0.9976544,0.29141578,0,0.93858695
5465,Pass,0,0.9998729,0.16265304,0,0.9677844
5466,Pass,0,0.9999076,0.04352008,0,0.99290174
5467,Pass,0,0.99994755,0.2767703,0,0.94382805
5468,Pass,0,0.99989057,0.08756028,0,0.9836122
5469,Pass,0,0.7870506,1.6623986,0,0.51323867
5470,Pass,0,0.95404536,0.39174715,0,0.8774038
5471,Pass,0,0.9998975,0.1245526,0,0.97583026
5472,Pass,0,0.9994686,0.53884476,0,0.88821995
5473,Pass,0,0.9999807,0.11728837,0,0.9774411
5474,Pass,0,0.99999976,0.052046478,0,0.9911978
5475,Pass,0,0.999876,0.308161,0,0.9371514
5476,Pass,0,0.9964714,0.4683051,0,0.9003576
5477,Pass,0,0.9997899,0.15143251,0,0.9700663
5478,Pass,0,0.9999304,0.28257468,0,0.94258976
5479,Pass,0,0.8367616,0.8832156,0,0.68294597
5480,Pass,0,0.9999994,0.084826045,0,0.984295
5481,Pass,0,0.90930957,0.74625176,0,0.76838315
5482,Pass,0,0.9999769,0.2951406,0,0.9399876
5483,Pass,0,0.9998036,0.21784118,0,0.95609856
5484,Pass,0,0.999876,0.079241075,0,0.9853494
5485,Pass,0,0.796362,1.1768509,0,0.60073274
5486,Pass,0,0.51271564,0.6118922,0,0.44775993
5487,Pass,0,0.99538004,0.26822162,0,0.94130874
5488,Pass,0,0.999226,0.07991855,0,0.98456633
5489,Pass,0,0.9999987,0.103980705,0,0.98026085
5490,Pass,0,0.975248,0.39048356,0,0.8971626
5491,Pass,0,0.9997539,0.30456644,0,0.9377937
5492,Pass,0,0.9762165,0.8102056,0,0.81177413
5493,Pass,0,0.9995714,0.20195203,0,0.9592209
5494,Pass,0,0.9763634,0.7420796,0,0.82590264
5495,Pass,0,0.97358996,0.2866544,0,0.9169234
5496,Pass,0,0.99991536,0.30675733,0,0.93748385
5497,Pass,0,0.9999968,0.26578787,0,0.94618714
5498,Pass,0,0.9951728,0.40332806,0,0.9128005
5499,Pass,0,0.9999995,0.035775535,0,0.9946238
5500,Pass,0,0.9999987,0.10368326,0,0.9803235
5501,Pass,0,0.9998011,0.07279034,0,0.9866337
5502,Pass,0,0.9999968,0.1670205,0,0.9669847
5503,Pass,0,0.9991387,0.18696046,0,0.9619598
5504,Pass,0,0.69431436,1.0715514,0,0.53914857
5505,Pass,0,0.9314044,0.88502324,0,0.7598368
5506,Pass,0,0.857638,0.9129343,0,0.6946178
5507,Pass,0,0.8373325,0.8318568,0,0.69246745
5508,Pass,0,0.99999297,0.33721125,0,0.9311439
5509,Pass,0,0.9999964,0.055854794,0,0.9903926
5510,Pass,0,0.9286968,0.32146937,0,0.86783487
5511,Pass,0,0.9993574,0.23443681,0,0.95217955
5512,Pass,0,0.9857189,1.2969807,0,0.7186388
5513,Pass,0,0.99965453,0.2656619,0,0.94588983
5514,Pass,0,0.9999664,0.14004867,0,0.97263455
5515,Pass,0,0.9999958,0.25647298,0,0.9481477
5516,Pass,0,0.9999968,0.15587895,0,0.9693308
5517,Pass,0,0.9999993,0.19037525,0,0.9620692
5518,Pass,0,0.99999475,0.0713269,0,0.98713297
5519,Pass,0,0.99158794,0.061370708,0,0.9809131
5520,Pass,0,0.9995834,0.56280744,0,0.8832782
5521,Pass,0,0.9718596,0.5399473,0,0.8634584
5522,Pass,0,0.99998534,0.03889116,0,0.9939536
5523,Pass,0,0.99988663,0.19706611,0,0.96055216
5524,Pass,0,0.9998086,0.26969942,0,0.94518554
5525,Pass,0,0.99954563,0.49473852,0,0.89757174
5526,Pass,0,0.96874565,0.68903184,0,0.83028
5527,Pass,0,0.9990671,0.24916415,0,0.94880474
5528,Pass,0,0.9999963,0.20631735,0,0.9587095
5529,Pass,0,0.9959693,0.33258212,0,0.9283681
5530,Pass,0,0.99950707,0.41375703,0,0.91458106
5531,Pass,0,0.7080778,1.3431803,0,0.509336
5532,Pass,0,0.9999037,0.06169565,0,0.98907095
5533,Pass,0,0.99998486,0.20962758,0,0.95800143
5534,Pass,0,0.9913873,0.26905686,0,0.9373585
5535,Pass,0,0.9999794,0.28119338,0,0.9429268
5536,Pass,0,0.9999604,0.23989825,0,0.9516041
5537,Pass,0,0.99913836,0.29470894,0,0.9392902
5538,Pass,0,0.999148,0.5787109,0,0.87954754
5539,Pass,0,0.99904746,0.36555362,0,0.9243011
5540,Pass,0,0.99999845,0.14376996,0,0.97188216
5541,Pass,0,0.9997162,0.19769824,0,0.9602553
5542,Pass,0,0.8953999,0.93364847,0,0.72129637
5543,Pass,0,0.99999905,0.07630591,0,0.98608875
5544,Pass,0,0.99987686,0.29412344,0,0.9401077
5545,Pass,0,0.99995553,0.09888967,0,0.9812906
5546,Pass,0,0.9441728,0.26582325,0,0.89336
5547,Pass,0,0.99999094,0.15176925,0,0.9701905
5548,Pass,0,0.9998635,0.06764894,0,0.98777777
5549,Pass,0,0.9999654,0.19665273,0,0.9607149
5550,Pass,0,0.9993513,0.22340558,0,0.95449513
5551,Pass,0,0.99999523,0.0861565,0,0.98401076
5552,Pass,0,0.9999753,0.030032204,0,0.9958091
5553,Pass,0,0.9990219,0.32031453,0,0.93379414
5554,Pass,0,0.9994505,0.2977895,0,0.93893534
5555,Pass,0,0.99958307,0.32889655,0,0.93251234
5556,Pass,0,0.99999464,0.12112975,0,0.9766458
5557,Pass,0,0.7164873,1.0637336,0,0.5575457
5558,Pass,0,0.9947465,0.3305275,0,0.9276587
5559,Pass,0,0.98837876,0.3847333,0,0.91043884
5560,Pass,0,0.99993,0.063748114,0,0.9886648
5561,Pass,0,0.7735508,1.174833,0,0.5838539
5562,Pass,0,0.9999937,0.18736055,0,0.9626987
5563,Pass,0,0.9999263,0.25338393,0,0.9487322
5564,Pass,0,0.99998033,0.13523084,0,0.9736627
5565,Pass,0,0.93761176,1.4112115,0,0.6610131
5566,Pass,0,0.68372494,0.5051734,0,0.6124688
5567,Pass,0,0.999967,0.094945,0,0.98213243
5568,Pass,0,0.999995,0.08160993,0,0.9849679
5569,Pass,0,0.6608521,1.1377997,0,0.5039455
5570,Pass,0,0.6730059,0.7570749,0,0.5671684
5571,Pass,0,0.999383,0.26899087,0,0.94493234
5572,Pass,0,0.9924614,0.4904371,0,0.89210916
5573,Pass,0,1.0,0.03296434,0,0.9952162
5574,Pass,0,0.999997,0.18568587,0,0.96305454
5575,Pass,0,0.99865615,0.2502683,0,0.9481823
5576,Pass,0,0.99999964,0.17330018,0,0.9656651
5577,Pass,0,0.9936481,0.40056872,0,0.9119794
5578,Pass,0,0.9999981,0.05872985,0,0.9897888
5579,Pass,0,0.99901485,0.23624039,0,0.95147383
5580,Pass,0,0.61618215,0.45216814,0,0.5588426
5581,Pass,0,0.99999917,0.07857164,0,0.98561174
5582,Pass,0,0.99999785,0.11058081,0,0.9788703
5583,Pass,0,0.9817238,0.8169083,0,0.8149681
5584,Pass,0,0.9720866,0.5878827,0,0.85384804
5585,Pass,0,0.9999883,0.11720653,0,0.97746575
5586,Pass,0,0.999848,0.06447286,0,0.98843116
5587,Pass,0,0.9940147,0.51811165,0,0.8877128
5588,Pass,0,0.72170985,0.87902415,0,0.5896803
5589,Pass,0,0.99961275,0.081087165,0,0.9847014
5590,Pass,0,0.86387235,0.74286556,0,0.7306039
5591,Pass,0,0.9999945,0.20731299,0,0.9584981
5592,Pass,0,0.9999995,0.19874002,0,0.9603081
5593,Pass,0,0.7430014,0.6326074,0,0.64562994
5594,Pass,0,0.75339013,0.72765094,0,0.63957924
5595,Pass,0,0.9998909,0.09253044,0,0.9825661
5596,Pass,0,0.96022093,0.6266819,0,0.83558065
5597,Pass,0,0.32516193,1.8379561,0,0.20001894
5598,Pass,0,0.9964993,0.80709463,0,0.82929313
5599,Pass,0,0.92233133,1.6263008,0,0.6084665
5600,Pass,0,0.7951634,1.2689713,0,0.58440405
5601,Pass,0,0.99979764,0.052564625,0,0.99088836
5602,Pass,0,0.9958681,0.762864,0,0.83804303
5603,Pass,0,0.9993849,0.151808,0,0.96959436
5604,Pass,0,0.99999905,0.0886751,0,0.98348415
5605,Pass,0,0.99999917,0.062198326,0,0.9890595
5606,Pass,0,0.9999938,0.07077026,0,0.9872492
5607,Pass,0,0.9999963,0.058546975,0,0.9898256
5608,Pass,0,0.9996705,0.39024103,0,0.9196808
5609,Pass,0,0.9999771,0.112979114,0,0.9783449
5610,Pass,0,0.99998677,0.14863779,0,0.97084576
5611,Pass,0,0.4566267,0.698862,0,0.3904145
5612,Pass,0,0.99997854,0.25744236,0,0.9479272
5613,Pass,0,0.99988174,0.025224209,0,0.9967281
5614,Pass,0,0.9999976,0.37855,0,0.9224435
5615,Pass,0,0.9999325,0.10992738,0,0.97894394
5616,Pass,0,0.5089888,0.893252,0,0.41434953
5617,Pass,0,0.9999473,0.5248318,0,0.89159596
5618,Pass,0,0.9999844,0.18725501,0,0.96271193
5619,Pass,0,0.95923555,0.33205074,0,0.894235
5620,Pass,0,0.96314096,0.3866748,0,0.8867975
5621,Pass,0,0.9785302,0.47879425,0,0.88198566
5622,Pass,0,0.9999906,0.13551421,0,0.9736129
5623,Pass,0,0.9999794,0.031160843,0,0.9955754
5624,Pass,0,0.99711204,0.185014,0,0.96041715
5625,Pass,0,0.9999757,0.055950925,0,0.9903518
5626,Pass,0,0.9998079,0.24590388,0,0.9501946
5627,Pass,0,0.99937505,0.0880853,0,0.98299456
5628,Pass,0,0.9987437,0.35014483,0,0.9272607
5629,Pass,0,0.91349655,1.1985762,0,0.68491375
5630,Pass,0,0.9982262,0.44965997,0,0.90586233
5631,Pass,0,0.9945746,0.6130015,0,0.86834013
5632,Pass,0,0.9999224,0.21444689,0,0.9569269
5633,Pass,0,0.9819136,1.2157753,0,0.7326548
5634,Pass,0,0.9993007,0.2545664,0,0.9478898
5635,Pass,0,0.99999714,0.11523548,0,0.9778894
5636,Pass,0,0.973254,0.8407388,0,0.80305326
5637,Pass,0,0.9999254,0.3303274,0,0.9325304
5638,Pass,0,0.99992156,0.052521788,0,0.9910202
5639,Pass,0,0.8501458,1.4632596,0,0.5900325
5640,Pass,0,0.9999999,0.096498385,0,0.98183763
5641,Pass,0,0.9999088,0.10011486,0,0.9809867
5642,Pass,0,0.99999976,0.1896082,0,0.9622312
5643,Pass,0,0.8830595,0.8947198,0,0.71859413
5644,Pass,0,0.9999325,0.2281411,0,0.95405316
5645,Pass,0,0.99699295,0.9216089,0,0.805663
5646,Pass,0,0.9999094,0.10428104,0,0.9801101
5647,Pass,0,0.99988997,0.24881078,0,0.9496606
5648,Pass,0,0.9999182,0.24474388,0,0.95054376
5649,Pass,0,0.9998658,0.2611995,0,0.94702923
5650,Pass,0,0.9999969,0.14642282,0,0.971322
5651,Pass,0,0.99998736,0.11987965,0,0.97690195
5652,Pass,0,0.99999774,0.1974896,0,0.9605697
5653,Pass,0,0.86183226,0.84373057,0,0.71057373
5654,Pass,0,0.9955383,0.40732196,0,0.9122985
5655,Pass,0,0.9998634,0.26134998,0,0.94699526
5656,Pass,0,0.99997103,0.1259972,0,0.97559786
5657,Pass,0,0.9998254,0.42336485,0,0.9128496
5658,Pass,0,0.4539686,1.6631161,0,0.2959661
5659,Pass,0,0.9999926,0.17919287,0,0.96441746
5660,Pass,0,0.99923956,0.282397,0,0.9419759
5661,Pass,0,0.99997675,0.15763143,0,0.96894234
5662,Pass,0,0.9802453,0.8194081,0,0.8132248
5663,Pass,0,0.99997675,0.10417133,0,0.9801993
5664,Pass,0,0.9996082,0.3263387,0,0.9330742
5665,Pass,0,0.9848764,0.5956448,0,0.8634724
5666,Pass,0,0.9990319,0.20721789,0,0.9575954
5667,Pass,0,0.9999982,0.10301752,0,0.98046327
5668,Pass,0,0.9998957,0.24060148,0,0.9513945
5669,Pass,0,0.999579,0.27517635,0,0.94381577
5670,Pass,0,0.9999839,0.05959064,0,0.9895935
5671,Pass,0,0.83752704,0.30494243,0,0.7855546
5672,Pass,0,0.9999713,0.23543045,0,0.95255524
5673,Pass,0,0.9998379,0.22507921,0,0.9546075
5674,Pass,0,0.9998801,0.18754603,0,0.9625502
5675,Pass,0,0.99996364,0.32741085,0,0.9331802
5676,Pass,0,0.9998833,0.25714716,0,0.94789904
5677,Pass,0,0.9999236,0.14210854,0,0.97215927
5678,Pass,0,0.94601965,1.0437068,0,0.7401494
5679,Pass,0,0.99894446,0.47175157,0,0.90186715
5680,Pass,0,0.99253124,0.2863004,0,0.9348362
5681,Pass,0,0.99891615,0.15699883,0,0.96804774
5682,Pass,0,0.9991003,0.22664669,0,0.9535735
5683,Pass,0,0.58869165,1.1257222,0,0.45041534
5684,Pass,0,0.9999659,0.15307392,0,0.9698914
5685,Pass,0,0.999734,0.39721933,0,0.9182702
5686,Pass,0,0.7056924,0.5893948,0,0.6196317
5687,Pass,0,0.9999398,0.20827049,0,0.958244
5688,Pass,0,0.9999461,0.10137985,0,0.98075694
5689,Pass,0,0.999985,0.096114196,0,0.9819039
5690,Pass,0,0.99948597,0.2113294,0,0.9571653
5691,Pass,0,0.9950618,0.36872694,0,0.91994876
5692,Pass,0,0.9846746,0.09585501,0,0.9669241
5693,Pass,0,0.9999728,0.3274268,0,0.9331854
5694,Pass,0,0.99976987,0.24284092,0,0.9508033
5695,Pass,0,0.99990547,0.090422295,0,0.98302424
5696,Pass,0,0.9999937,0.095147096,0,0.9821161
5697,Pass,0,0.99729496,0.29163393,0,0.938203
5698,Pass,0,0.9503165,0.73193604,0,0.80589944
5699,Pass,0,0.9994019,0.47368017,0,0.90187424
5700,Pass,0,0.9999442,0.20371442,0,0.9592076
5701,Pass,0,0.9999273,0.14833263,0,0.9708523
5702,Pass,0,0.9999937,0.18714172,0,0.9627448
5703,Pass,0,0.99997544,0.12891595,0,0.97498757
5704,Pass,0,0.85680777,1.013053,0,0.67588204
5705,Pass,0,0.8413316,1.0320184,0,0.66031396
5706,Pass,0,0.9957546,1.5917375,0,0.6641514
5707,Pass,0,0.99980646,0.10574564,0,0.97970086
5708,Pass,0,0.9999912,0.18607867,0,0.96296614
5709,Pass,0,0.6572177,0.92586505,0,0.530504
5710,Pass,0,0.9993057,0.15715013,0,0.9683934
5711,Pass,0,0.9926986,0.09526285,0,0.97492725
5712,Pass,0,0.9994892,0.2293164,0,0.9533828
5713,Pass,0,0.9992895,0.47846502,0,0.900766
5714,Pass,0,0.9985684,0.12851807,0,0.97369933
5715,Pass,0,0.97375226,0.74864566,0,0.8223475
5716,Pass,0,0.99996614,0.11377055,0,0.97816753
5717,Pass,0,1.0,0.04585588,0,0.9925016
5718,Pass,0,0.99867505,0.25591725,0,0.94701225
5719,Pass,0,0.99768436,0.739406,0,0.84449965
5720,Pass,0,0.9741483,0.55932,0,0.8615179
5721,Pass,0,0.99999523,0.24271098,0,0.951045
5722,Pass,0,0.9910918,0.6781551,0,0.8517021
5723,Pass,0,0.9866377,0.40843564,0,0.90391076
5724,Pass,0,0.69351894,0.79071486,0,0.57954293
5725,Pass,0,0.9999993,0.21117343,0,0.95768976
5726,Pass,0,0.9999448,0.17660733,0,0.9649158
5727,Pass,0,0.9999634,0.113763355,0,0.9781664
5728,Pass,0,0.9999988,0.06503225,0,0.9884624
5729,Pass,0,0.99998903,0.089134924,0,0.98337746
5730,Pass,0,0.99856704,0.18398945,0,0.9620341
5731,Pass,0,0.9999881,0.079216436,0,0.98546505
5732,Pass,0,0.9999976,0.10082997,0,0.9809233
5733,Pass,0,0.99999607,0.11674962,0,0.9775695
5734,Pass,0,0.999997,0.07152161,0,0.9870942
5735,Pass,0,0.99997663,0.22253212,0,0.9552763
5736,Pass,0,0.9999654,0.17335951,0,0.96561956
5737,Pass,0,0.9999993,0.13513124,0,0.973702
5738,Pass,0,0.99954623,0.2680721,0,0.94528
5739,Pass,0,0.9999989,0.11142698,0,0.9786931
5740,Pass,0,0.9999291,0.12408973,0,0.9759586
5741,Pass,0,0.999997,0.08451605,0,0.98435795
5742,Pass,0,0.9999589,0.2484565,0,0.94980067
5743,Pass,0,0.9858375,0.59974366,0,0.8634641
5744,Pass,0,0.9999857,0.11018287,0,0.97894216
5745,Pass,0,0.9999286,0.16267137,0,0.9678345
5746,Pass,0,0.9893322,0.36091867,0,0.9162783
5747,Pass,0,0.99297076,0.34490293,0,0.92299694
5748,Pass,0,0.9999523,0.08679721,0,0.9838336
5749,Pass,0,0.9997886,0.26887432,0,0.94534034
5750,Pass,0,0.9999763,0.20866162,0,0.95819664
5751,Pass,0,0.9998795,0.07381875,0,0.9864945
5752,Pass,0,0.99999976,0.031858567,0,0.99544877
5753,Pass,0,0.8982046,1.316534,0,0.6511382
5754,Pass,0,0.9999975,0.16331963,0,0.9677646
5755,Pass,0,0.99999523,0.35789108,0,0.9267915
5756,Pass,0,0.99991596,0.077075005,0,0.9858449
5757,Pass,0,0.99999464,0.10657046,0,0.9797116
5758,Pass,0,0.99974674,0.05929297,0,0.9894215
5759,Pass,0,0.9999975,0.03904086,0,0.99393415
5760,Pass,0,0.99995863,0.14621446,0,0.9713288
5761,Pass,0,0.9990809,0.51474005,0,0.8929465
5762,Pass,0,0.99978536,0.34208274,0,0.929925
5763,Pass,0,0.9999913,0.1695837,0,0.96643966
5764,Pass,0,0.99819857,0.30623782,0,0.9359834
5765,Pass,0,0.92671895,1.0976903,0,0.7145145
5766,Pass,0,0.99491596,0.74047816,0,0.8419317
5767,Pass,0,0.9999316,0.15690844,0,0.96905077
5768,Pass,0,0.9999862,0.13165677,0,0.9744209
5769,Pass,0,0.9999865,0.105776146,0,0.9798709
5770,Pass,0,0.7649838,1.7719437,0,0.4812029
5771,Pass,0,0.9998472,0.18607418,0,0.96282846
5772,Pass,0,0.9998067,0.22797547,0,0.953968
5773,Pass,0,0.9996106,0.28893462,0,0.94094956
5774,Pass,0,0.5568909,1.1366688,0,0.42480054
5775,Pass,0,0.9996044,0.3842594,0,0.920879
5776,Pass,0,0.9999976,0.20851357,0,0.95824826
5777,Pass,0,0.9998647,0.47641802,0,0.90171546
5778,Pass,0,0.99970454,0.3884789,0,0.92008305
5779,Pass,0,0.99988747,0.092806265,0,0.9825046
5780,Pass,0,0.99998,0.10198568,0,0.9806626
5781,Pass,0,0.9979044,0.44949672,0,0.9056046
5782,Pass,0,0.99999905,0.06706833,0,0.9880339
5783,Pass,0,0.99989414,0.17960124,0,0.96423656
5784,Pass,0,0.99962556,0.039386153,0,0.9934918
5785,Pass,0,0.9993832,0.38079888,0,0.92140347
5786,Pass,0,0.99999523,0.11821999,0,0.97725916
5787,Pass,0,0.9995036,0.50824314,0,0.89469165
5788,Pass,0,0.99822205,0.39315024,0,0.9177367
5789,Pass,0,0.9995277,1.8468461,0,0.61297476
5790,Pass,0,0.9999815,0.30727446,0,0.93743694
5791,Pass,0,0.9917389,0.31727967,0,0.92762053
5792,Pass,0,0.99999976,0.09085562,0,0.98302567
5793,Pass,0,0.99132514,0.22015426,0,0.9475079
5794,Pass,0,0.97969353,0.56313246,0,0.8656355
5795,Pass,0,0.9999968,0.077506885,0,0.98583364
5796,Pass,0,0.99268496,3.685432,0,0.22445662
5797,Pass,0,0.4186169,0.5290457,0,0.37288535
5798,Pass,0,0.9999982,0.09919978,0,0.98126715
5799,Pass,0,0.9995654,0.41773996,0,0.9137961
5800,Pass,0,0.9992899,0.328326,0,0.93235886
5801,Pass,0,0.9999349,0.15483692,0,0.9694902
5802,Pass,0,0.999164,0.23776287,0,0.9512955
5803,Pass,0,0.9999697,0.14506193,0,0.9715822
5804,Pass,0,0.9998739,0.31604046,0,0.9354904
5805,Pass,0,0.99497896,0.79773116,0,0.8299897
5806,Pass,0,0.999974,0.4053772,0,0.91677284
5807,Pass,0,0.6179806,1.3356744,0,0.4455038
5808,Pass,0,0.9960498,0.09033172,0,0.9792527
5809,Pass,0,0.9999418,0.09624111,0,0.9818348
5810,Pass,0,0.9999149,0.05692348,0,0.9900868
5811,Pass,0,0.999746,0.2651788,0,0.9460781
5812,Pass,0,0.99795747,0.12819152,0,0.97317225
5813,Pass,0,0.9998956,0.20764865,0,0.9583326
5814,Pass,0,0.9999721,0.07167385,0,0.98703754
5815,Pass,0,0.9999932,0.108504154,0,0.979303
5816,Pass,0,0.999972,0.10200451,0,0.98065084
5817,Pass,0,0.7527408,0.62476176,0,0.65533656
5818,Pass,0,0.99999833,0.030479377,0,0.9957378
5819,Pass,0,0.9996612,0.12030058,0,0.9764947
5820,Pass,0,0.9823255,0.31260875,0,0.91978186
5821,Pass,0,0.9982792,0.31400767,0,0.9344258
5822,Pass,0,0.9992242,0.23316737,0,0.95231974
5823,Pass,0,0.99335915,0.5643419,0,0.8774572
5824,Pass,0,0.9999666,0.10589471,0,0.9798264
5825,Pass,0,0.91225046,0.6063846,0,0.79773587
5826,Pass,0,0.9993487,0.151923,0,0.969535
5827,Pass,0,0.99933666,0.05481333,0,0.9899583
5828,Pass,0,0.9795624,0.74430746,0,0.82814914
5829,Pass,0,0.99740124,0.123634,0,0.97358704
5830,Pass,0,0.4087268,0.49622628,0,0.36690035
5831,Pass,0,0.9961559,0.4951241,0,0.8944469
5832,Pass,0,0.99999034,0.065986276,0,0.9882532
5833,Pass,0,0.99970764,0.2597929,0,0.94717556
5834,Pass,0,0.99997044,0.09527718,0,0.98206586
5835,Pass,0,0.95878977,0.5148097,0,0.8569215
5836,Pass,0,0.99997735,0.19702196,0,0.9606486
5837,Pass,0,0.97540164,1.3370996,0,0.70287687
5838,Pass,0,0.6973707,1.2787834,0,0.5110906
5839,Pass,0,0.9999341,0.15953642,0,0.9684999
5840,Pass,0,0.9974776,0.25309998,0,0.9464685
5841,Pass,0,0.99733764,0.22565635,0,0.95209914
5842,Pass,0,0.6086071,1.6904114,0,0.393285
5843,Pass,0,0.99997926,0.20521547,0,0.9589251
5844,Pass,0,0.6190326,1.4245805,0,0.43467328
5845,Pass,0,0.9081661,1.0196694,0,0.71513015
5846,Pass,0,0.9993649,0.050106682,0,0.9909767
5847,Pass,0,0.9996332,0.101694606,0,0.9803838
5848,Pass,0,0.99451506,0.2691836,0,0.94028926
5849,Pass,0,0.999652,0.23756915,0,0.9518009
5850,Pass,0,0.9743456,0.5657306,0,0.86037725
5851,Pass,0,0.9999968,0.2139529,0,0.95710206
5852,Pass,0,0.9988563,0.14155668,0,0.9712377
5853,Pass,0,0.99999225,0.13906534,0,0.97286683
5854,Pass,0,0.9989077,0.6241904,0,0.86976975
5855,Pass,0,0.97472125,1.8444804,0,0.5982474
5856,Pass,0,0.99998283,0.14515857,0,0.9715746
5857,Pass,0,0.99993134,0.1384624,0,0.9729345
5858,Pass,0,0.9997781,0.037410017,0,0.9940594
5859,Pass,0,0.99996877,0.12510213,0,0.9757841
5860,Pass,0,0.99997866,0.55031496,0,0.886258
5861,Pass,0,0.99999654,0.11869516,0,0.97716033
5862,Pass,0,0.9999908,0.11066024,0,0.97884667
5863,Pass,0,0.99943143,0.4258861,0,0.9119593
5864,Pass,0,0.9999697,0.153262,0,0.96985555
5865,Pass,0,0.9997539,0.4092888,0,0.9157476
5866,Pass,0,0.9986406,0.19253947,0,0.96030694
5867,Pass,0,0.99960953,0.21447408,0,0.95662177
5868,Pass,0,0.99955934,0.16447927,0,0.96709657
5869,Pass,0,0.99981695,2.8901699,0,0.3934981
5870,Pass,0,0.99411535,0.2455202,0,0.94486487
5871,Pass,0,0.98758394,0.6423277,0,0.8561381
5872,Pass,0,0.9993735,0.21665846,0,0.9559362
5873,Pass,0,0.9999933,0.10240568,0,0.98058724
5874,Pass,0,0.99347234,0.17799671,0,0.9583794
5875,Pass,0,0.98453367,0.47236684,0,0.8887292
5876,Pass,0,0.9994049,0.21638215,0,0.95602435
5877,Pass,0,0.89271843,0.3354149,0,0.83159286
5878,Pass,0,0.9998222,0.24063833,0,0.95131683
5879,Pass,0,0.99981624,0.32490945,0,0.93356925
5880,Pass,0,0.99413836,0.28643757,0,0.9363212
5881,Pass,0,0.99992216,0.26173463,0,0.9469699
5882,Pass,0,0.99432665,1.6542572,0,0.6501088
5883,Pass,0,0.99506795,0.9680725,0,0.7943718
5884,Pass,0,0.9999926,0.18258134,0,0.963704
5885,Pass,0,0.99955314,0.16184643,0,0.9676447
5886,Pass,0,0.99564713,0.22229287,0,0.9511905
5887,Pass,0,0.9994729,0.25638795,0,0.94766974
5888,Pass,0,0.9995065,0.19635527,0,0.9603365
5889,Pass,0,0.97810155,0.42259103,0,0.8931748
5890,Pass,0,0.9999825,0.28179124,0,0.9428038
5891,Pass,0,0.9746361,0.11613347,0,0.95290476
5892,Pass,0,0.9461163,0.72662127,0,0.8033964
5893,Pass,0,0.99999964,0.083413124,0,0.98459274
5894,Pass,0,0.99991727,0.03454106,0,0.9948019
5895,Pass,0,0.99999857,0.05813223,0,0.98991513
5896,Pass,0,0.99452966,0.2933948,0,0.93523276
5897,Pass,0,0.9941533,0.29368734,0,0.9348177
5898,Pass,0,0.99998605,0.1645071,0,0.96750355
5899,Pass,0,0.99944645,0.12370025,0,0.9755695
5900,Pass,0,0.9999943,0.25479162,0,0.9485003
5901,Pass,0,0.99994457,0.3750236,0,0.92313707
5902,Pass,0,0.99999726,0.12150922,0,0.97656846
5903,Pass,0,0.9999974,0.17432335,0,0.9654475
5904,Pass,0,0.999388,0.12896998,0,0.97440344
5905,Pass,0,0.9995012,0.26923865,0,0.94499195
5906,Pass,0,0.9998573,0.1721472,0,0.9657704
5907,Pass,0,0.99999964,0.27705398,0,0.9438175
5908,Pass,0,0.8798773,0.8580977,0,0.7227899
5909,Pass,0,0.9999682,0.32917023,0,0.932814
5910,Pass,0,0.6473848,0.13712129,0,0.6300891
5911,Pass,0,0.99857783,2.607814,0,0.45238197
5912,Pass,0,0.9999473,0.11765514,0,0.9773312
5913,Pass,0,0.9904947,0.2906431,0,0.9320124
5914,Pass,0,0.9999968,0.12703454,0,0.9754045
5915,Pass,0,0.9992244,0.42707616,0,0.91151994
5916,Pass,0,0.99855024,0.20024587,0,0.9585997
5917,Pass,0,0.9999651,0.0819071,0,0.98487586
5918,Pass,0,0.99999225,0.14959863,0,0.9706488
5919,Pass,0,0.999998,0.122058876,0,0.9764535
5920,Pass,0,0.9999982,0.09141539,0,0.98290634
5921,Pass,0,0.9999995,0.10211653,0,0.98065424
5922,Pass,0,0.9739358,0.86711735,0,0.798206
5923,Pass,0,0.9999075,0.14079148,0,0.97242093
5924,Pass,0,0.9995608,0.05949753,0,0.98919433
5925,Pass,0,0.6486708,1.0758009,0,0.503125
5926,Pass,0,0.9999969,0.060185235,0,0.9894812
5927,Pass,0,0.9961124,0.6983885,0,0.85177255
5928,Pass,0,0.9986524,0.35174856,0,0.92683864
5929,Pass,0,0.95684874,0.43788677,0,0.8706856
5930,Pass,0,0.999997,0.27449572,0,0.94435376
5931,Pass,0,0.9999964,0.22381894,0,0.95502424
5932,Pass,0,0.9999989,0.049640536,0,0.99170357
5933,Pass,0,0.99997187,0.18447544,0,0.96328515
5934,Pass,0,0.99990296,0.044843495,0,0.99261844
5935,Pass,0,0.9999521,0.04824482,0,0.991951
5936,Pass,0,0.99770504,0.42330953,0,0.91092527
5937,Pass,0,0.9891978,0.63111675,0,0.8598724
5938,Pass,0,0.99999964,0.08770013,0,0.98369
5939,Pass,0,0.9124247,0.8050497,0,0.75971854
5940,Pass,0,0.9998901,0.1149453,0,0.97784585
5941,Pass,0,0.99999976,0.08571502,0,0.98410815
5942,Pass,0,0.9999968,0.11682961,0,0.97755337
5943,Pass,0,0.9968489,0.29438695,0,0.93720543
5944,Pass,0,0.9600438,0.7059691,0,0.8193979
5945,Pass,0,0.99999976,0.07745501,0,0.9858475
5946,Pass,0,0.999997,0.07132243,0,0.9871361
5947,Pass,0,1.0,0.07488619,0,0.9863886
5948,Pass,0,0.9774563,1.4775442,0,0.67545044
5949,Pass,0,0.9997919,0.27639222,0,0.9437608
5950,Pass,0,0.9997402,0.24664316,0,0.94997466
5951,Pass,0,0.99865866,0.5126378,0,0.8930112
5952,Pass,0,0.96118426,0.25740662,0,0.91115946
5953,Pass,0,0.9891059,0.26662973,0,0.9357069
5954,Pass,0,1.0,0.050873727,0,0.991445
5955,Pass,0,0.9060506,0.7135557,0,0.77186733
5956,Pass,0,0.999979,0.18881097,0,0.9623791
5957,Pass,0,0.9999778,0.09982869,0,0.9811147
5958,Pass,0,0.9999994,0.07741618,0,0.9858553
5959,Pass,0,0.7188031,1.1223936,0,0.5504691
5960,Pass,0,0.9997739,0.15484115,0,0.9693332
5961,Pass,0,1.0,0.034863915,0,0.9948162
5962,Pass,0,0.9987877,0.3169655,0,0.9342797
5963,Pass,0,0.9997911,0.19650331,0,0.9605788
5964,Pass,0,0.9999999,0.032740433,0,0.9952632
5965,Pass,0,0.99958056,0.23475493,0,0.9523252
5966,Pass,0,0.99996054,0.16700397,0,0.9669531
5967,Pass,0,0.9984824,0.23207264,0,0.9518429
5968,Pass,0,0.577606,1.101351,0,0.4448978
5969,Pass,0,0.9999398,0.15272854,0,0.9699389
5970,Pass,0,0.99956805,0.15470567,0,0.9691621
5971,Pass,0,0.99999976,0.042939845,0,0.99311537
5972,Pass,0,0.77453834,1.5793425,0,0.5186255
5973,Pass,0,0.9999168,0.19219309,0,0.9616071
5974,Pass,0,0.98803455,0.39730248,0,0.9075067
5975,Pass,0,0.5226512,1.5680302,0,0.35120857
5976,Pass,0,0.9992847,0.103912,0,0.97957546
5977,Pass,0,0.99993384,0.11204344,0,0.97849965
5978,Pass,0,0.70930797,1.6397014,0,0.4659325
5979,Pass,0,0.9999908,0.063528664,0,0.98877114
5980,Pass,0,0.49219763,0.9511167,0,0.39468318
5981,Pass,0,0.9903509,0.3648366,0,0.9164047
5982,Pass,0,0.9993032,0.39263514,0,0.9188391
5983,Pass,0,0.99999726,0.21933484,0,0.9559693
5984,Pass,0,0.9981048,0.4798227,0,0.89941275
5985,Pass,0,0.9999701,0.12304826,0,0.97621787
5986,Pass,0,0.9999045,0.3963316,0,0.9186137
5987,Pass,0,0.99999595,0.10343754,0,0.98037255
5988,Pass,0,0.9922024,0.25625342,0,0.94080424
5989,Pass,0,0.8780231,0.9149521,0,0.71075505
5990,Pass,0,0.99994767,0.098483,0,0.9813684
5991,Pass,0,0.9997135,0.18744785,0,0.9624105
5992,Pass,0,0.99802434,0.49114016,0,0.8969618
5993,Pass,0,0.99978656,0.18777227,0,0.9624126
5994,Pass,0,0.9924672,0.3908932,0,0.9129176
5995,Pass,0,0.9997682,0.07362059,0,0.9864264
5996,Pass,0,0.99677014,0.48799244,0,0.8964953
5997,Pass,0,0.99997723,0.14281957,0,0.9720617
5998,Pass,0,0.9949327,0.40576097,0,0.9120706
5999,Pass,0,0.9999938,0.14974731,0,0.970619
6000,Pass,0,0.99997866,0.3277728,0,0.93311805
6001,Pass,0,0.9999889,0.053365957,0,0.9909092
6002,Pass,0,0.9999988,0.38752657,0,0.9205544
6003,Pass,0,0.99996877,0.10113551,0,0.98083067
6004,Pass,0,0.99623555,0.5985239,0,0.87282735
6005,Pass,0,0.99999905,0.028920714,0,0.9960667
6006,Pass,0,0.9997676,0.064934574,0,0.9882544
6007,Pass,0,0.9997464,0.31340405,0,0.93592614
6008,Pass,0,0.9988181,2.7801602,0,0.4162425
6009,Pass,0,0.7324417,0.6896748,0,0.6276525
6010,Pass,0,0.9702838,0.6752538,0,0.83441335
6011,Pass,0,0.9999224,0.16467358,0,0.96740687
6012,Pass,0,0.9986823,0.05836816,0,0.9885625
6013,Pass,0,0.98082364,0.65448266,0,0.84776723
6014,Pass,0,0.98990846,0.41057748,0,0.90646076
6015,Pass,0,0.9995372,0.04858015,0,0.9914689
6016,Pass,0,0.71732944,1.0433993,0,0.56127256
6017,Pass,0,0.9999951,0.11487732,0,0.9779629
6018,Pass,0,0.99999094,0.24356289,0,0.9508615
6019,Pass,0,0.9999486,0.014505655,0,0.99905175
6020,Pass,0,0.99980944,0.24342029,0,0.950719
6021,Pass,0,0.9999887,0.1255982,0,0.9756991
6022,Pass,0,0.9998418,0.19512942,0,0.9609168
6023,Pass,0,0.9706516,0.52997243,0,0.86442393
6024,Pass,0,0.99999535,0.14846723,0,0.97089005
6025,Pass,0,0.9996245,0.28698766,0,0.94137245
6026,Pass,0,0.99999976,0.101167455,0,0.98085433
6027,Pass,0,0.999959,0.3313795,0,0.93234026
6028,Pass,0,0.99967885,0.15405232,0,0.9694071
6029,Pass,0,0.99131864,0.11709771,0,0.96901405
6030,Pass,0,0.9976051,0.767263,0,0.83858067
6031,Pass,0,0.99640876,0.5422787,0,0.88478017
6032,Pass,0,0.99703836,0.19170904,0,0.9589406
6033,Pass,0,0.99052304,0.25940147,0,0.93855524
6034,Pass,0,0.99609226,0.5074167,0,0.89181143
6035,Pass,0,0.5180748,0.5362707,0,0.46068987
6036,Pass,0,0.9999443,0.20707989,0,0.9584991
6037,Pass,0,0.9998418,0.3436229,0,0.9296532
6038,Pass,0,0.9999994,0.15773243,0,0.968943
6039,Pass,0,0.99960667,0.20303702,0,0.9590264
6040,Pass,0,0.9999819,0.018859787,0,0.9981682
6041,Pass,0,0.9999994,0.026365593,0,0.9966051
6042,Pass,0,0.9997844,0.07276102,0,0.9866234
6043,Pass,0,0.9997044,0.15112978,0,0.9700471
6044,Pass,0,0.9999387,0.26010248,0,0.94732934
6045,Pass,0,0.99992836,0.08255614,0,0.984703
6046,Pass,0,0.9154882,0.56415594,0,0.80870783
6047,Pass,0,0.999869,0.22537076,0,0.95457584
6048,Pass,0,0.9710388,0.24759024,0,0.92250836
6049,Pass,0,0.9999304,0.0995013,0,0.9811371
6050,Pass,0,0.9999999,0.048810534,0,0.9918793
6051,Pass,0,0.9940479,0.43748778,0,0.90461844
6052,Pass,0,0.99681723,0.5937639,0,0.87433606
6053,Pass,0,0.99999106,0.07395849,0,0.9865752
6054,Pass,0,0.9180474,1.5281842,0,0.62460786
6055,Pass,0,0.9900511,0.39017734,0,0.9108444
6056,Pass,0,0.6548788,0.6953314,0,0.5604063
6057,Pass,0,0.86188483,0.5503573,0,0.76386094
6058,Pass,0,0.9999995,0.13944963,0,0.9727929
6059,Pass,0,0.99985003,0.055613853,0,0.99029833
6060,Pass,0,0.97044766,0.7653831,0,0.8161365
6061,Pass,0,0.9868341,0.046111878,0,0.9793812
6062,Pass,0,0.99985707,0.22649711,0,0.9543273
6063,Pass,0,0.9993618,0.2781928,0,0.9429759
6064,Pass,0,0.94930065,1.316496,0,0.688187
6065,Pass,0,0.9998994,0.20465575,0,0.9589664
6066,Pass,0,0.53905374,1.2694122,0,0.39612663
6067,Pass,0,0.9447334,1.0721426,0,0.7334862
6068,Pass,0,0.9999999,0.061304737,0,0.9892484
6069,Pass,0,0.99997246,0.091513574,0,0.9828603
6070,Pass,0,0.7576158,0.5372474,0,0.6735421
6071,Pass,0,0.99989843,0.024378756,0,0.9969228
6072,Pass,0,0.9997845,0.017623652,0,0.9982314
6073,Pass,0,0.99996495,0.23484178,0,0.9526732
6074,Pass,0,0.99864286,0.20175691,0,0.95837086
6075,Pass,0,0.6862702,1.5159059,0,0.46868888
6076,Pass,0,0.99995613,0.09220626,0,0.98269844
6077,Pass,0,0.99999416,0.2091529,0,0.9581103
6078,Pass,0,0.9992865,0.34910852,0,0.9279826
6079,Pass,0,0.9867137,0.12637147,0,0.9625859
6080,Pass,0,0.99991965,0.28027838,0,0.94306314
6081,Pass,0,0.9999578,0.16688201,0,0.9669761
6082,Pass,0,0.99993885,0.098115675,0,0.98143715
6083,Pass,0,0.98041636,0.39252484,0,0.90149575
6084,Pass,0,0.99998844,0.050544653,0,0.9915028
6085,Pass,0,0.9999813,0.25148147,0,0.94918495
6086,Pass,0,0.99994886,0.105304465,0,0.9799333
6087,Pass,0,0.99999976,0.057190623,0,0.99011457
6088,Pass,0,0.9999995,0.08363685,0,0.9845455
6089,Pass,0,0.99999976,0.05562865,0,0.99044347
6090,Pass,0,0.99906856,0.40116614,0,0.9168286
6091,Pass,0,0.9542799,0.6550842,0,0.82470345
6092,Pass,0,0.9767721,0.48377362,0,0.87937677
6093,Pass,0,0.545872,0.5275056,0,0.48641554
6094,Pass,0,0.99786097,0.5331719,0,0.88798326
6095,Pass,0,0.60578287,0.3078009,0,0.56782657
6096,Pass,0,0.9631909,1.3480899,0,0.6918487
6097,Pass,0,0.9999238,0.22067945,0,0.95561594
6098,Pass,0,0.99985266,0.30196998,0,0.938433
6099,Pass,0,0.9999882,0.1862406,0,0.9629292
6100,Pass,0,0.9995648,0.1660261,0,0.96677625
6101,Pass,0,0.99987805,0.022335244,0,0.9973327
6102,Pass,0,0.9999491,0.16632822,0,0.96708435
6103,Pass,0,0.99990046,0.080402225,0,0.98512906
6104,Pass,0,0.99997663,0.12667689,0,0.97546023
6105,Pass,0,0.99982136,0.43395698,0,0.91061586
6106,Pass,0,0.99999785,0.09355682,0,0.9824551
6107,Pass,0,0.9914909,0.61129856,0,0.86600333
6108,Pass,0,0.99988925,0.4510421,0,0.9070804
6109,Pass,0,0.9991774,0.28185052,0,0.9420323
6110,Pass,0,0.68647903,1.4407533,0,0.47969508
6111,Pass,0,0.65712374,0.9763434,0,0.5234434
6112,Pass,0,0.99915206,0.31257114,0,0.935545
6113,Pass,0,0.9995807,0.21041997,0,0.95744747
6114,Pass,0,0.99999905,0.23326363,0,0.953038
6115,Pass,0,0.9998437,0.29606313,0,0.93966824
6116,Pass,0,0.9997135,0.11043131,0,0.97862333
6117,Pass,0,0.99998283,0.20530654,0,0.9589094
6118,Pass,0,1.0,0.074589334,0,0.98645115
6119,Pass,0,0.99998665,0.08993959,0,0.98320574
6120,Pass,0,0.99983096,0.16515464,0,0.9672172
6121,Pass,0,0.99772805,0.14091666,0,0.9702751
6122,Pass,0,0.99997926,0.07714051,0,0.9858935
6123,Pass,0,0.99999845,0.1811959,0,0.96400136
6124,Pass,0,0.99997675,0.28071842,0,0.9430243
6125,Pass,0,0.99407876,1.0121094,0,0.7843641
6126,Pass,0,0.99995923,0.19624369,0,0.96079504
6127,Pass,0,0.99377763,0.380988,0,0.91619575
6128,Pass,0,0.99998665,0.14265642,0,0.97210515
6129,Pass,0,0.9999728,0.11269307,0,0.978401
6130,Pass,0,0.99998987,0.18100576,0,0.9640331
6131,Pass,0,0.6977904,1.1238307,0,0.5341661
6132,Pass,0,0.97313344,0.6703612,0,0.8378665
6133,Pass,0,0.99993217,0.10997106,0,0.97893435
6134,Pass,0,0.99904317,0.06345285,0,0.98785007
6135,Pass,0,0.99992144,0.34469923,0,0.9295007
6136,Pass,0,0.73432374,1.2293097,0,0.5458228
6137,Pass,0,0.9125289,0.92078745,0,0.737566
6138,Pass,0,0.99997306,0.12861572,0,0.9750484
6139,Pass,0,0.9721991,1.4576921,0,0.6758817
6140,Pass,0,0.99991953,0.17107211,0,0.9660569
6141,Pass,0,0.9999845,0.20733038,0,0.9584848
6142,Pass,0,0.925853,0.5915986,0,0.81251353
6143,Pass,0,0.9999993,0.062551856,0,0.9889852
6144,Pass,0,0.9999975,0.13335347,0,0.97407466
6145,Pass,0,0.9987795,0.07398889,0,0.98537344
6146,Pass,0,0.99990547,0.1892502,0,0.9622159
6147,Pass,0,0.9999734,0.2102076,0,0.95786834
6148,Pass,0,0.99998796,0.1601752,0,0.9684175
6149,Pass,0,0.99998033,0.12564301,0,0.9756815
6150,Pass,0,0.99924386,0.3255906,0,0.9328915
6151,Pass,0,0.9999958,0.065897584,0,0.98827726
6152,Pass,0,0.9999994,0.05193977,0,0.9912199
6153,Pass,0,0.99994063,0.21109463,0,0.9576502
6154,Pass,0,0.99999964,0.12079239,0,0.97672176
6155,Pass,0,0.9997266,0.36828458,0,0.9243545
6156,Pass,0,0.9999999,0.12812619,0,0.9751777
6157,Pass,0,0.9881462,0.21308096,0,0.9459412
6158,Pass,0,0.99990404,0.0222364,0,0.9973795
6159,Pass,0,0.99981886,0.055241685,0,0.9903458
6160,Pass,0,0.9999527,0.28869104,0,0.9413229
6161,Pass,0,0.9996487,0.22321768,0,0.95481867
6162,Pass,0,0.99676836,0.46795604,0,0.9006992
6163,Pass,0,0.99998593,0.08640947,0,0.98394835
6164,Pass,0,0.9998487,0.14723635,0,0.9710068
6165,Pass,0,0.99998033,0.2895081,0,0.94117683
6166,Pass,0,0.99997616,0.09042917,0,0.9830923
6167,Pass,0,0.99999845,0.1141434,0,0.9781207
6168,Pass,0,0.9961702,0.45992112,0,0.90184414
6169,Pass,0,0.9993405,0.5096054,0,0.894259
6170,Pass,0,0.9960834,0.5545338,0,0.8819208
6171,Pass,0,1.0,0.07682551,0,0.9859803
6172,Pass,0,0.9999902,0.12408769,0,0.97601867
6173,Pass,0,0.9998677,0.03298521,0,0.9950801
6174,Pass,0,0.99985504,0.09548638,0,0.9819085
6175,Pass,0,0.9999764,0.17079969,0,0.9661692
6176,Pass,0,0.8339616,1.5481486,0,0.5638928
6177,Pass,0,0.8370474,0.7608074,0,0.7047547
6178,Pass,0,0.9951963,0.07638808,0,0.9813355
6179,Pass,0,0.9983853,0.12851666,0,0.9735211
6180,Pass,0,0.99999046,0.17860538,0,0.9645392
6181,Pass,0,0.99999976,0.07865862,0,0.98559403
6182,Pass,0,0.99885094,0.23774406,0,0.9510014
6183,Pass,0,0.99980015,0.12542804,0,0.97555095
6184,Pass,0,0.9049174,0.38102126,0,0.83426625
6185,Pass,0,0.9999981,0.13132879,0,0.9745016
6186,Pass,0,0.982768,0.45431194,0,0.89087176
6187,Pass,0,0.7170165,0.5920115,0,0.62917966
6188,Pass,0,0.99999106,0.122382015,0,0.9763787
6189,Pass,0,0.9847398,0.23930359,0,0.93724287
6190,Pass,0,0.9999918,0.1870764,0,0.96275663
6191,Pass,0,0.9999368,0.03558225,0,0.9946021
6192,Pass,0,0.99985564,0.14250465,0,0.9720098
6193,Pass,0,0.92765677,0.69568634,0,0.7937642
6194,Pass,0,0.9999585,0.21573827,0,0.95668954
6195,Pass,0,0.999966,0.13942342,0,0.9727659
6196,Pass,0,0.99999964,0.05922648,0,0.9896858
6197,Pass,0,0.88509756,0.61736125,0,0.7719457
6198,Pass,0,0.9999975,0.051441766,0,0.9913229
6199,Pass,0,0.99894994,0.21568614,0,0.95573556
6200,Pass,0,0.98841584,0.9237377,0,0.7982888
6201,Pass,0,0.99886984,0.1106291,0,0.97775596
6202,Pass,0,0.9995888,0.20940469,0,0.9576689
6203,Pass,0,0.9996928,0.18124443,0,0.96369654
6204,Pass,0,0.9999988,0.0822974,0,0.98482686
6205,Pass,0,0.99979717,0.03498963,0,0.99458796
6206,Pass,0,0.9999739,0.44468242,0,0.9084964
6207,Pass,0,0.9386744,0.46553928,0,0.84868205
6208,Pass,0,0.998776,0.36690524,0,0.92376566
6209,Pass,0,0.99999,0.07452258,0,0.9864553
6210,Pass,0,0.99998987,0.16116622,0,0.9682107
6211,Pass,0,0.6368724,0.42188218,0,0.5816691
6212,Pass,0,0.9999795,0.08071561,0,0.9851409
6213,Pass,0,0.9999988,0.06562836,0,0.98833686
6214,Pass,0,0.9619832,0.49611223,0,0.8635631
6215,Pass,0,0.79515195,0.66872656,0,0.6848984
6216,Pass,0,0.999985,0.22695567,0,0.9543528
6217,Pass,0,0.8757051,0.47039375,0,0.7908546
6218,Pass,0,0.99999917,0.07856028,0,0.9856141
6219,Pass,0,0.8731657,0.93688893,0,0.70278966
6220,Pass,0,0.9994173,0.024588982,0,0.99639887
6221,Pass,0,0.99992037,0.027651986,0,0.99625546
6222,Pass,0,0.99999607,0.07655885,0,0.98603255
6223,Pass,0,0.9592554,0.61970556,0,0.8361496
6224,Pass,0,0.999943,0.2689865,0,0.94546276
6225,Pass,0,0.9994097,0.44936594,0,0.90699816
6226,Pass,0,0.9937738,0.2991412,0,0.9333195
6227,Pass,0,0.9999882,0.13040854,0,0.9746857
6228,Pass,0,0.9383535,0.35089642,0,0.8710442
6229,Pass,0,0.99999964,0.040647525,0,0.993598
6230,Pass,0,0.9897912,0.7170532,0,0.8424772
6231,Pass,0,0.99997914,0.17709792,0,0.9648456
6232,Pass,0,0.9999306,0.059707504,0,0.9895162
6233,Pass,0,0.9999896,0.16897956,0,0.96656525
6234,Pass,0,0.99999666,0.12158444,0,0.97655207
6235,Pass,0,0.5735038,1.7279847,0,0.3660636
6236,Pass,0,0.99999726,0.17249338,0,0.9658327
6237,Pass,0,0.99986744,0.25605482,0,0.948114
6238,Pass,0,0.49023768,0.69959575,0,0.41907606
6239,Pass,0,0.99995494,0.22862309,0,0.95397305
6240,Pass,0,0.99987125,0.32193398,0,0.93424714
6241,Pass,0,0.9949092,0.57055074,0,0.8775257
6242,Pass,0,0.99987483,0.15694591,0,0.9689879
6243,Pass,0,0.9993406,0.10227056,0,0.97997564
6244,Pass,0,0.9999255,0.20000452,0,0.9599708
6245,Pass,0,0.99999964,0.090061836,0,0.98319274
6246,Pass,0,0.9999571,0.14953387,0,0.9706283
6247,Pass,0,0.98428136,0.20559326,0,0.9437934
6248,Pass,0,0.9999547,0.2425297,0,0.9510446
6249,Pass,0,0.9968599,0.554175,0,0.88268363
6250,Pass,0,0.99089396,0.16093637,0,0.95945185
6251,Pass,0,0.97705793,0.8004222,0,0.8144867
6252,Pass,0,0.9999608,0.33471987,0,0.93163854
6253,Pass,0,0.9999925,0.11232836,0,0.9784971
6254,Pass,0,0.9965712,0.21328111,0,0.95396435
6255,Pass,0,0.89814264,0.6851596,0,0.7705008
6256,Pass,0,0.9999213,0.1586061,0,0.96868336
6257,Pass,0,0.58274263,2.0297623,0,0.33492982
6258,Pass,0,0.90846515,0.38762328,0,0.8362741
6259,Pass,0,0.9999703,0.2542177,0,0.9485984
6260,Pass,0,0.87486666,0.44548064,0,0.7946869
6261,Pass,0,0.9997675,0.24866107,0,0.9495758
6262,Pass,0,0.9999783,0.22984439,0,0.95373815
6263,Pass,0,0.99999785,0.071661405,0,0.98706555
6264,Pass,0,0.9999944,0.21580403,0,0.95671
6265,Pass,0,0.98248833,0.34830955,0,0.91254836
6266,Pass,0,0.999752,0.15201783,0,0.9699063
6267,Pass,0,0.9912922,0.2694542,0,0.93718565
6268,Pass,0,0.9999945,0.107685655,0,0.97947663
6269,Pass,0,0.9990596,0.11096455,0,0.9778712
6270,Pass,0,0.9995977,0.06834413,0,0.9873689
6271,Pass,0,0.99998116,0.29825428,0,0.939336
6272,Pass,0,0.99642485,0.6953456,0,0.8526782
6273,Pass,0,0.8513135,1.2556529,0,0.62805897
6274,Pass,0,0.69566625,1.191199,0,0.52267146
6275,Pass,0,0.9997607,0.30030742,0,0.9386966
6276,Pass,0,0.9975432,0.25572988,0,0.94597834
6277,Pass,0,0.999634,0.04344358,0,0.99264616
6278,Pass,0,0.9999962,0.040986072,0,0.99352324
6279,Pass,0,0.9999267,0.20006694,0,0.95995873
6280,Pass,0,0.9997837,0.048452746,0,0.99174017
6281,Pass,0,0.85555637,0.5851962,0,0.7519758
6282,Pass,0,0.9915264,0.286091,0,0.93393356
6283,Pass,0,0.9703148,0.4532267,0,0.87980473
6284,Pass,0,0.9999995,0.08709943,0,0.9838164
6285,Pass,0,0.995141,0.58521444,0,0.8746574
6286,Pass,0,0.96568674,0.88097227,0,0.788628
6287,Pass,0,0.9967673,0.205395,0,0.9558073
6288,Pass,0,0.99996233,0.22948568,0,0.9537985
6289,Pass,0,0.9991258,0.12263016,0,0.97548157
6290,Pass,0,0.993948,0.7641496,0,0.83615816
6291,Pass,0,0.99945444,0.050424498,0,0.9909986
6292,Pass,0,0.99997973,0.21653521,0,0.956542
6293,Pass,0,0.9999515,0.21218693,0,0.9574306
6294,Pass,0,0.8392792,0.8271456,0,0.69490993
6295,Pass,0,0.99825424,0.11699677,0,0.9758148
6296,Pass,0,0.9491029,1.181331,0,0.7150569
6297,Pass,0,0.99998796,0.07579076,0,0.9861863
6298,Pass,0,0.9968727,0.520026,0,0.8898633
6299,Pass,0,1.0,0.12225746,0,0.9764136
6300,Pass,0,0.9999918,0.174079,0,0.96549356
6301,Pass,0,0.9999877,0.08771672,0,0.9836748
6302,Pass,0,0.9999958,0.12725587,0,0.97535706
6303,Pass,0,0.9999987,0.18038397,0,0.96417254
6304,Pass,0,0.99959,0.17583115,0,0.9647368
6305,Pass,0,1.0,0.083599366,0,0.9845539
6306,Pass,0,0.9996594,0.20592523,0,0.958469
6307,Pass,0,0.9998684,0.15680493,0,0.9690113
6308,Pass,0,0.9999845,0.21584179,0,0.9566926
6309,Pass,0,1.0,0.20282984,0,0.9594474
6310,Pass,0,0.99722505,0.16445318,0,0.9648436
6311,Pass,0,0.9997054,0.11788074,0,0.97704726
6312,Pass,0,0.9802594,0.43176422,0,0.8932519
6313,Pass,0,0.99464697,0.72967565,0,0.84396654
6314,Pass,0,0.9999988,0.11738495,0,0.97743845
6315,Pass,0,0.99778926,0.4103325,0,0.9137287
6316,Pass,0,0.9999875,0.11720968,0,0.9774643
6317,Pass,0,0.4396549,0.7807096,0,0.3683263
6318,Pass,0,0.990615,0.4344139,0,0.90213555
6319,Pass,0,0.9995807,0.21882224,0,0.95567894
6320,Pass,0,0.9999974,0.2113279,0,0.95765543
6321,Pass,0,0.9952041,0.43992913,0,0.905159
6322,Pass,0,0.9999578,0.12931854,0,0.97488564
6323,Pass,0,0.99979323,0.11518797,0,0.97770005
6324,Pass,0,0.70403534,0.33962974,0,0.6552043
6325,Pass,0,0.9998733,0.034679633,0,0.9947289
6326,Pass,0,0.71260583,0.56110036,0,0.62994766
6327,Pass,0,0.99999166,0.06464589,0,0.9885367
6328,Pass,0,0.99920076,0.48236543,0,0.8998653
6329,Pass,0,0.9995964,0.24226862,0,0.9507588
6330,Pass,0,0.9956605,0.6667954,0,0.8580098
6331,Pass,0,0.9999448,0.025484968,0,0.9967361
6332,Pass,0,0.9999633,0.12602466,0,0.9755845
6333,Pass,0,0.9999788,0.053460345,0,0.9908793
6334,Pass,0,0.9996412,0.09857919,0,0.98104745
6335,Pass,0,0.9953082,1.601618,0,0.66178286
6336,Pass,0,0.99953854,0.59710085,0,0.8760207
6337,Pass,0,0.9992873,0.39245662,0,0.918862
6338,Pass,0,0.9999974,0.1716705,0,0.96600604
6339,Pass,0,0.9999819,0.12908083,0,0.97495914
6340,Pass,0,0.9999287,0.23517749,0,0.952568
6341,Pass,0,0.713723,1.2676846,0,0.52474296
6342,Pass,0,0.99994695,0.0929909,0,0.9825242
6343,Pass,0,0.9998753,0.036784794,0,0.9942877
6344,Pass,0,0.9999639,0.2795488,0,0.94325846
6345,Pass,0,0.99999046,0.12840681,0,0.97510946
6346,Pass,0,0.609113,1.0914872,0,0.47043103
6347,Pass,0,0.99969435,0.16777451,0,0.9665335
6348,Pass,0,0.91791713,1.3003896,0,0.66854894
6349,Pass,0,0.999979,0.15853015,0,0.9687553
6350,Pass,0,0.52681816,1.0918003,0,0.40683824
6351,Pass,0,0.99996805,0.23954889,0,0.95168495
6352,Pass,0,0.998423,0.5418691,0,0.88665485
6353,Pass,0,0.9999956,0.11584718,0,0.9777591
6354,Pass,0,0.9999628,0.27262038,0,0.9447163
6355,Pass,0,0.9942994,0.18329175,0,0.95806867
6356,Pass,0,0.99941564,0.09197507,0,0.98221594
6357,Pass,0,0.9993907,0.15965419,0,0.96794885
6358,Pass,0,0.7703414,1.4473438,0,0.537227
6359,Pass,0,0.9999833,0.19184272,0,0.9617449
6360,Pass,0,0.9999932,0.08224843,0,0.9848317
6361,Pass,0,0.9996902,0.2709703,0,0.9448061
6362,Pass,0,0.9999871,0.17191477,0,0.9659447
6363,Pass,0,0.9999989,0.092918314,0,0.9825905
6364,Pass,0,0.890956,0.6632868,0,0.7684391
6365,Pass,0,1.0,0.050461512,0,0.9915318
6366,Pass,0,0.9911248,3.0487463,0,0.3569818
6367,Pass,0,0.999708,0.32800406,0,0.9328168
6368,Pass,0,0.9700103,0.66338795,0,0.8366018
6369,Pass,0,0.9999993,0.18896936,0,0.96236527
6370,Pass,0,0.9999455,0.0729371,0,0.9867453
6371,Pass,0,0.99520504,0.30768898,0,0.9328724
6372,Pass,0,0.99990046,0.3502824,0,0.9283057
6373,Pass,0,0.95547783,0.5840887,0,0.8400228
6374,Pass,0,0.55526286,1.0561907,0,0.4329684
6375,Pass,0,0.9979032,0.32315546,0,0.9321516
6376,Pass,0,0.9999709,0.12620929,0,0.9755531
6377,Pass,0,0.99999475,0.36272293,0,0.9257736
6378,Pass,0,0.99993455,0.21387652,0,0.9570586
6379,Pass,0,0.5880276,1.01455,0,0.46367285
6380,Pass,0,0.99930716,0.21838316,0,0.9555098
6381,Pass,0,0.9976279,0.29647547,0,0.93749917
6382,Pass,0,0.9993266,0.15032782,0,0.9698492
6383,Pass,0,0.99980456,0.5272415,0,0.89096135
6384,Pass,0,0.99999464,0.13552783,0,0.973614
6385,Pass,0,0.99999356,0.20667654,0,0.95863116
6386,Pass,0,0.9999995,0.06365866,0,0.98875237
6387,Pass,0,0.8397487,0.9488866,0,0.6737716
6388,Pass,0,0.6079823,1.1025301,0,0.46814403
6389,Pass,0,0.9990615,0.54850316,0,0.88582635
6390,Pass,0,0.99678016,0.3858035,0,0.91795313
6391,Pass,0,0.62269527,0.7017507,0,0.5320239
6392,Pass,0,0.99999917,0.09322985,0,0.98252517
6393,Pass,0,0.9999995,0.100471795,0,0.98100054
6394,Pass,0,0.9452632,0.5662129,0,0.83460057
6395,Pass,0,0.99981505,0.05820127,0,0.9897189
6396,Pass,0,0.99927515,0.32621393,0,0.93278956
6397,Pass,0,0.9999459,0.24836805,0,0.9498069
6398,Pass,0,0.99996483,0.21544498,0,0.9567573
6399,Pass,0,0.9999877,0.07857335,0,0.9856001
6400,Pass,0,0.99953425,0.54608244,0,0.886755
6401,Pass,0,0.99995375,0.2336014,0,0.95292366
6402,Pass,0,0.99981374,0.07034643,0,0.9871607
6403,Pass,0,0.98459744,2.853985,0,0.3950103
6404,Pass,0,0.9943634,0.35411343,0,0.92236286
6405,Pass,0,0.99935895,0.408883,0,0.9154712
6406,Pass,0,0.99999905,0.12253631,0,0.97635394
6407,Pass,0,0.615411,0.6818312,0,0.5283816
6408,Pass,0,0.9998367,0.110300824,0,0.97877145
6409,Pass,0,0.8872185,0.5387046,0,0.7884903
6410,Pass,0,0.8751371,1.1398271,0,0.6669791
6411,Pass,0,0.9994469,0.26821536,0,0.945156
6412,Pass,0,0.99984825,0.27191648,0,0.94475627
6413,Pass,0,0.99999845,0.080465816,0,0.9852122
6414,Pass,0,0.9939038,0.37176657,0,0.918242
6415,Pass,0,0.9998547,0.17494279,0,0.9651793
6416,Pass,0,0.9552556,0.2510688,0,0.9068143
6417,Pass,0,0.9960334,0.5022991,0,0.89283204
6418,Pass,0,0.99998426,0.36194795,0,0.92592704
6419,Pass,0,0.5086219,0.68648565,0,0.43619576
6420,Pass,0,0.99939024,0.37669095,0,0.9222744
6421,Pass,0,0.9993024,0.4389017,0,0.9091027
6422,Pass,0,0.9999819,0.13342927,0,0.9740435
6423,Pass,0,0.99937147,0.4399561,0,0.90894365
6424,Pass,0,0.99973613,0.205571,0,0.95861715
6425,Pass,0,0.9999691,0.046236906,0,0.99239075
6426,Pass,0,0.8923668,1.1433471,0,0.6794492
6427,Pass,0,0.9999994,0.05684392,0,0.9901872
6428,Pass,0,0.99999857,0.26841074,0,0.9456365
6429,Pass,0,0.9996164,0.35260937,0,0.9275521
6430,Pass,0,0.9999392,0.016755937,0,0.9985685
6431,Pass,0,0.9999914,0.22108811,0,0.9555945
6432,Pass,0,0.9992568,0.19628155,0,0.9601121
6433,Pass,0,0.99996245,0.3196991,0,0.9348029
6434,Pass,0,0.9999436,0.22194949,0,0.95536745
6435,Pass,0,0.7770269,0.93155146,0,0.62628317
6436,Pass,0,0.9999989,0.14507325,0,0.9716082
6437,Pass,0,0.9961773,0.38897893,0,0.91673183
6438,Pass,0,0.99999154,0.11243003,0,0.9784747
6439,Pass,0,0.98468506,0.39330116,0,0.9052599
6440,Pass,0,0.8945886,0.9170067,0,0.7237777
6441,Pass,0,0.9999378,0.3051248,0,0.9378486
6442,Pass,0,0.9989441,0.3850671,0,0.9201008
6443,Pass,0,0.6269107,0.650867,0,0.5423426
6444,Pass,0,0.9801354,0.19778791,0,0.9414289
6445,Pass,0,0.9994771,0.08862075,0,0.9829823
6446,Pass,0,0.8763462,0.85052544,0,0.7212865
6447,Pass,0,0.9954331,0.4039276,0,0.9129136
6448,Pass,0,0.9999995,0.12413379,0,0.976018
6449,Pass,0,0.9998159,0.2298054,0,0.95359147
6450,Pass,0,0.8846924,0.19904964,0,0.84951997
6451,Pass,0,0.9919916,0.4876428,0,0.8922705
6452,Pass,0,0.9999881,0.11455067,0,0.9780247
6453,Pass,0,0.99993837,0.25324333,0,0.94877326
6454,Pass,0,0.99840873,0.21369709,0,0.95563596
6455,Pass,0,0.9999435,0.20088933,0,0.95980173
6456,Pass,0,0.8322248,0.8784503,0,0.6800782
6457,Pass,0,0.7179361,1.4451095,0,0.5010179
6458,Pass,0,0.66384023,0.543003,0,0.58936834
6459,Pass,0,0.99081147,0.3566786,0,0.91853297
6460,Pass,0,0.9999895,0.15551426,0,0.96940047
6461,Pass,0,0.9999471,0.049099006,0,0.99176615
6462,Pass,0,0.9999949,0.14289479,0,0.97206295
6463,Pass,0,0.99962735,0.16599606,0,0.96684307
6464,Pass,0,0.99242556,0.6646681,0,0.85566676
6465,Pass,0,0.9999864,0.13232833,0,0.97427976
6466,Pass,0,0.9976433,0.39653525,0,0.9164935
6467,Pass,0,0.9999616,0.14366457,0,0.9718686
6468,Pass,0,0.9999875,0.07254896,0,0.98686844
6469,Pass,0,0.9884775,0.81473356,0,0.82102734
6470,Pass,0,0.9993606,0.3918505,0,0.919057
6471,Pass,0,0.9986027,0.31922445,0,0.93363154
6472,Pass,0,0.9758613,0.3859693,0,0.8986545
6473,Pass,0,0.9997342,0.3198449,0,0.93455887
6474,Pass,0,0.9902716,0.13629112,0,0.96398836
6475,Pass,0,0.9999968,0.10202681,0,0.98067045
6476,Pass,0,0.99997544,0.22699462,0,0.9543355
6477,Pass,0,0.99996006,0.20348212,0,0.95927167
6478,Pass,0,0.98021,1.996037,0,0.5703343
6479,Pass,0,0.99998593,0.20699012,0,0.95855784
6480,Pass,0,0.99999714,0.15571105,0,0.96936643
6481,Pass,0,0.9999883,0.27349502,0,0.94455624
6482,Pass,0,0.9997627,0.31016275,0,0.93662375
6483,Pass,0,0.61338824,1.5056235,0,0.4202422
6484,Pass,0,0.99875057,0.14258844,0,0.9709179
6485,Pass,0,0.99999166,0.14562765,0,0.9714844
6486,Pass,0,0.9993855,0.20007241,0,0.959438
6487,Pass,0,0.9999895,0.043259356,0,0.99303794
6488,Pass,0,0.9999999,0.09462251,0,0.98223263
6489,Pass,0,0.58045447,0.8549256,0,0.4772117
6490,Pass,0,0.9997701,0.13497853,0,0.97351104
6491,Pass,0,0.9999964,0.06290031,0,0.988909
6492,Pass,0,0.9999993,0.06237029,0,0.98902345
6493,Pass,0,0.8509884,0.7524519,0,0.7179896
6494,Pass,0,0.9999168,0.14882089,0,0.97073936
6495,Pass,0,0.9999347,0.16057351,0,0.9682821
6496,Pass,0,0.90498465,1.0612496,0,0.7047013
6497,Pass,0,0.9915696,0.62948567,0,0.86227465
6498,Pass,0,0.99999285,0.09245853,0,0.9826814
6499,Pass,0,0.9985707,0.39195007,0,0.91830957
6500,Pass,0,0.77964365,1.1800942,0,0.58758885
6501,Pass,0,0.9999999,0.0614646,0,0.9892147
6502,Pass,0,0.9999981,0.07768077,0,0.9857983
6503,Pass,0,0.99956113,0.08942412,0,0.98289585
6504,Pass,0,0.99999726,0.15898885,0,0.9686763
6505,Pass,0,0.9999541,0.14326933,0,0.9719445
6506,Pass,0,0.9997532,0.06953708,0,0.9872713
6507,Pass,0,0.99993896,0.19550034,0,0.9609321
6508,Pass,0,0.99998474,0.11782696,0,0.97733164
6509,Pass,0,0.9999937,0.1541786,0,0.9696858
6510,Pass,0,0.9999821,0.3254233,0,0.933616
6511,Pass,0,0.8589808,1.0611533,0,0.668896
6512,Pass,0,0.9656331,0.6949599,0,0.82640696
6513,Pass,0,0.996594,0.5185965,0,0.8899145
6514,Pass,0,0.9999932,0.087159194,0,0.9837976
6515,Pass,0,0.9999546,0.07793555,0,0.9857018
6516,Pass,0,0.9998565,0.24194011,0,0.9510753
6517,Pass,0,0.9939407,0.5855306,0,0.8735362
6518,Pass,0,0.99965787,0.16801536,0,0.96644753
6519,Pass,0,0.99987185,0.07867827,0,0.98546386
6520,Pass,0,0.9979627,0.19123597,0,0.95992905
6521,Pass,0,0.9999064,0.03826691,0,0.9940066
6522,Pass,0,0.9999944,0.09001409,0,0.9831976
6523,Pass,0,0.9997764,0.039419364,0,0.99363476
6524,Pass,0,0.96803755,0.6497988,0,0.8376704
6525,Pass,0,0.99999976,0.065588325,0,0.9883463
6526,Pass,0,0.9999981,0.081275575,0,0.9850413
6527,Pass,0,0.9999907,0.25145176,0,0.94920015
6528,Pass,0,0.99918777,0.3355745,0,0.93073857
6529,Pass,0,0.6591907,0.92181647,0,0.5326586
6530,Pass,0,0.99985147,0.2279108,0,0.95402426
6531,Pass,0,0.9990176,0.09550844,0,0.9810814
6532,Pass,0,0.9690643,0.20087217,0,0.93016565
6533,Pass,0,0.9999933,0.15724172,0,0.9690404
6534,Pass,0,0.99998033,0.33899242,0,0.9307571
6535,Pass,0,0.9998012,0.26733562,0,0.94567627
6536,Pass,0,0.999951,0.14702643,0,0.9711504
6537,Pass,0,0.79571205,2.1623733,0,0.43511397
6538,Pass,0,0.9940248,0.38045794,0,0.91653454
6539,Pass,0,0.995369,0.054245632,0,0.98614687
6540,Pass,0,0.9999927,0.099050276,0,0.9812932
6541,Pass,0,0.9998658,0.3188253,0,0.93489647
6542,Pass,0,0.783561,0.5705008,0,0.6911214
6543,Pass,0,0.9981298,0.27709064,0,0.94204503
6544,Pass,0,0.9999558,0.13391073,0,0.97391665
6545,Pass,0,0.99987924,0.105776,0,0.97976583
6546,Pass,0,0.99923515,0.40610018,0,0.9159433
6547,Pass,0,0.99680114,0.21489741,0,0.95384526
6548,Pass,0,0.99955577,0.4801743,0,0.90064627
6549,Pass,0,0.9990866,0.17337652,0,0.96476734
6550,Pass,0,0.9999473,0.05489487,0,0.99054605
6551,Pass,0,0.99879587,0.2433672,0,0.94976634
6552,Pass,0,0.9999198,0.334626,0,0.9316201
6553,Pass,0,0.99999714,0.07622283,0,0.98610437
6554,Pass,0,0.99999976,0.058816377,0,0.98977226
6555,Pass,0,0.9984273,0.06541213,0,0.98682916
6556,Pass,0,0.99985075,0.2029115,0,0.959287
6557,Pass,0,0.9975516,0.21131143,0,0.95531666
6558,Pass,0,0.9991792,0.498695,0,0.89641017
6559,Pass,0,0.9999778,0.12517476,0,0.9757777
6560,Pass,0,0.9999877,0.10326415,0,0.98040104
6561,Pass,0,0.99996424,0.12804739,0,0.9751595
6562,Pass,0,0.99844545,0.20148818,0,0.9582379
6563,Pass,0,0.99991536,0.23037727,0,0.95356596
6564,Pass,0,0.879557,1.052021,0,0.6866103
6565,Pass,0,0.9999982,0.13127846,0,0.97451234
6566,Pass,0,0.8795653,1.259384,0,0.64821076
6567,Pass,0,0.99971515,0.3178099,0,0.9349695
6568,Pass,0,0.9999701,0.25357974,0,0.9487325
6569,Pass,0,0.9999796,0.6044212,0,0.87486583
6570,Pass,0,0.7928669,0.6593151,0,0.68450147
6571,Pass,0,0.9997538,0.053712923,0,0.99060315
6572,Pass,0,0.99939036,0.3680926,0,0.92408407
6573,Pass,0,0.99963117,0.18896376,0,0.96201223
6574,Pass,0,0.9840147,0.47093007,0,0.88855845
6575,Pass,0,0.99960583,0.3863271,0,0.92044514
6576,Pass,0,0.99999714,0.112502076,0,0.978465
6577,Pass,0,0.9998276,0.19062012,0,0.96185255
6578,Pass,0,0.9995395,0.3194196,0,0.93446636
6579,Pass,0,0.99905175,0.29655457,0,0.9388205
6580,Pass,0,0.9999341,0.22064856,0,0.95563227
6581,Pass,0,0.9999958,0.08767361,0,0.9836919
6582,Pass,0,0.99994683,0.22936165,0,0.9538098
6583,Pass,0,0.9845769,0.78413534,0,0.82413125
6584,Pass,0,0.99996305,0.13472162,0,0.973753
6585,Pass,0,0.999861,0.4902826,0,0.8987931
6586,Pass,0,0.9999845,0.3258548,0,0.9335273
6587,Pass,0,0.99942124,0.5745476,0,0.8806642
6588,Pass,0,0.9999862,0.2910584,0,0.9408559
6589,Pass,0,0.9024384,0.7162526,0,0.7682775
6590,Pass,0,0.9999666,0.013981227,0,0.99918014
6591,Pass,0,0.9999968,0.08102454,0,0.98509294
6592,Pass,0,0.99963033,0.06593143,0,0.98790896
6593,Pass,0,0.99995697,0.61978173,0,0.87161165
6594,Pass,0,0.9999896,0.15247363,0,0.97004086
6595,Pass,0,0.9999645,0.17300856,0,0.9656925
6596,Pass,0,0.998528,0.45098445,0,0.9058577
6597,Pass,0,0.9999763,0.20684451,0,0.9585792
6598,Pass,0,0.99859244,0.107408725,0,0.9781616
6599,Pass,0,0.9999211,0.09992592,0,0.9810386
6600,Pass,0,0.98656565,0.57744896,0,0.86873347
6601,Pass,0,0.9999999,0.11023531,0,0.978945
6602,Pass,0,0.99997175,0.097421385,0,0.98161566
6603,Pass,0,0.9562413,0.7168044,0,0.8139707
6604,Pass,0,0.9993754,0.21913387,0,0.9554171
6605,Pass,0,0.92879796,1.1602947,0,0.70387334
6606,Pass,0,0.99999964,0.13224563,0,0.97431004
6607,Pass,0,0.9349697,1.1570997,0,0.7091795
6608,Pass,0,0.85280824,0.79541093,0,0.7118106
6609,Pass,0,0.9999783,0.119013004,0,0.9770756
6610,Pass,0,0.77103835,1.4806713,0,0.532302
6611,Pass,0,0.9999956,0.26007465,0,0.94738907
6612,Pass,0,0.57522726,0.84354824,0,0.47429234
6613,Pass,0,0.9997867,0.24477015,0,0.95041317
6614,Pass,0,0.99999046,0.15790795,0,0.9688974
6615,Pass,0,0.9999527,0.3123055,0,0.93635064
6616,Pass,0,0.999292,0.13488634,0,0.97306496
6617,Pass,0,1.0,0.15531947,0,0.96945167
6618,Pass,0,0.99989796,0.110579595,0,0.97877276
6619,Pass,0,0.99999917,0.018318048,0,0.9982994
6620,Pass,0,0.9998914,0.1027353,0,0.9804179
6621,Pass,0,0.9999949,0.07971184,0,0.9853674
6622,Pass,0,0.99994683,0.14384171,0,0.9718169
6623,Pass,0,0.9999738,0.17999466,0,0.96423054
6624,Pass,0,0.74339926,0.76060224,0,0.6259395
6625,Pass,0,0.99993193,0.2616617,0,0.94699454
6626,Pass,0,0.99999964,0.0681934,0,0.9877976
6627,Pass,0,0.99864894,0.3438153,0,0.9285037
6628,Pass,0,0.99997437,0.048594963,0,0.9918994
6629,Pass,0,0.99999976,0.035463873,0,0.99468964
6630,Pass,0,0.99991655,0.25037742,0,0.94935596
6631,Pass,0,0.99970335,0.40776533,0,0.916022
6632,Pass,0,0.9992768,0.32458267,0,0.9331344
6633,Pass,0,0.99948823,0.23390734,0,0.95241565
6634,Pass,0,0.999967,0.17952795,0,0.96432227
6635,Pass,0,0.9999602,0.106616914,0,0.9796681
6636,Pass,0,0.9999883,0.1073958,0,0.9795316
6637,Pass,0,0.99989915,0.130515,0,0.97457653
6638,Pass,0,0.47060883,1.1358168,0,0.35906836
6639,Pass,0,0.6318097,0.26311925,0,0.5981672
6640,Pass,0,0.94988316,1.0473573,0,0.74244195
6641,Pass,0,0.9999174,0.033957634,0,0.99492484
6642,Pass,0,0.47693276,0.84833115,0,0.39276516
6643,Pass,0,0.99998796,0.14336,0,0.97195834
6644,Pass,0,0.99991345,0.2774162,0,0.94365996
6645,Pass,0,0.9999896,0.29955512,0,0.93907005
6646,Pass,0,0.9999988,0.27945435,0,0.9433113
6647,Pass,0,0.999859,0.2283663,0,0.95393556
6648,Pass,0,1.0,0.115811214,0,0.977771
6649,Pass,0,0.9902568,0.53740996,0,0.88033265
6650,Pass,0,0.9417093,0.8590426,0,0.77339536
6651,Pass,0,0.9999708,0.33989233,0,0.93055874
6652,Pass,0,0.56830937,0.92499864,0,0.45884115
6653,Pass,0,0.99999976,0.060888927,0,0.98933583
6654,Pass,0,0.9999968,0.13283151,0,0.97418386
6655,Pass,0,0.9997396,0.20665479,0,0.9583923
6656,Pass,0,0.9982553,0.11861926,0,0.97547483
6657,Pass,0,0.99915004,0.542763,0,0.88711244
6658,Pass,0,0.9157195,0.47758284,0,0.8256056
6659,Pass,0,0.9998989,0.29324257,0,0.94031394
6660,Pass,0,0.9995146,0.23614359,0,0.9519701
6661,Pass,0,0.9999746,0.19031991,0,0.9620572
6662,Pass,0,0.99582493,0.50217766,0,0.89267063
6663,Pass,0,0.99982387,0.2398241,0,0.9514898
6664,Pass,0,0.9960006,0.20368046,0,0.9554317
6665,Pass,0,0.9996401,0.21648288,0,0.95622814
6666,Pass,0,0.99965763,0.26733348,0,0.9455409
6667,Pass,0,0.99999976,0.038564082,0,0.9940368
6668,Pass,0,0.9999336,0.08029407,0,0.98518443
6669,Pass,0,0.540364,1.7298554,0,0.34469783
6670,Pass,0,0.9996259,0.046523146,0,0.99198985
6671,Pass,0,0.9999926,0.10417944,0,0.98021305
6672,Pass,0,0.9997453,0.30101648,0,0.93853295
6673,Pass,0,0.9993988,0.04737659,0,0.9915849
6674,Pass,0,0.9998878,0.34348676,0,0.9297247
6675,Pass,0,0.9999945,0.10666505,0,0.97969157
6676,Pass,0,0.9999964,0.10137241,0,0.9808079
6677,Pass,0,0.717756,0.16630721,0,0.69416904
6678,Pass,0,0.9999726,0.0880274,0,0.98359454
6679,Pass,0,0.99997425,0.24364462,0,0.95082843
6680,Pass,0,0.9999167,0.029796602,0,0.99580026
6681,Pass,0,0.9998902,0.04050806,0,0.9935186
6682,Pass,0,0.9844769,0.44749075,0,0.8938349
6683,Pass,0,0.83462846,0.7167379,0,0.7104632
6684,Pass,0,0.9992555,0.24774374,0,0.9492825
6685,Pass,0,0.999998,0.060833458,0,0.9893457
6686,Pass,0,0.5163587,0.85740966,0,0.42424622
6687,Pass,0,0.99997413,0.11614595,0,0.97767526
6688,Pass,0,0.9926571,0.4463221,0,0.9015062
6689,Pass,0,0.9997279,0.25012583,0,0.94922984
6690,Pass,0,0.9960006,0.16203079,0,0.96416694
6691,Pass,0,0.95211035,0.54356813,0,0.84518605
6692,Pass,0,0.9999373,0.063557245,0,0.9887122
6693,Pass,0,0.99983513,0.2086742,0,0.9580588
6694,Pass,0,0.66040295,1.8185991,0,0.40892968
6695,Pass,0,0.99957913,0.5683807,0,0.88210136
6696,Pass,0,0.99995446,0.29666314,0,0.93964595
6697,Pass,0,0.9999732,0.15084034,0,0.9703688
6698,Pass,0,0.99995446,0.17497618,0,0.9652686
6699,Pass,0,0.9999554,0.2470507,0,0.9500933
6700,Pass,0,0.8125225,1.2288711,0,0.604023
6701,Pass,0,0.99998283,0.13625205,0,0.97345006
6702,Pass,0,0.82814676,0.51791126,0,0.73961806
6703,Pass,0,0.95341647,1.4526099,0,0.6638441
6704,Pass,0,0.99991024,0.16929862,0,0.9664213
6705,Pass,0,0.9999492,0.113260075,0,0.9782585
6706,Pass,0,0.9925057,0.5703463,0,0.87544847
6707,Pass,0,0.9999999,0.16650003,0,0.9670973
6708,Pass,0,0.99805874,0.2806201,0,0.9412362
6709,Pass,0,0.99996746,0.10568922,0,0.9798705
6710,Pass,0,0.9495898,0.7609202,0,0.7994876
6711,Pass,0,0.999905,0.073920205,0,0.9864983
6712,Pass,0,0.7961638,0.4575479,0,0.72117394
6713,Pass,0,0.9956275,0.6246797,0,0.86681104
6714,Pass,0,0.9999882,0.12990785,0,0.97479117
6715,Pass,0,0.9998752,0.07230503,0,0.98680896
6716,Pass,0,0.9999713,0.17816372,0,0.9646136
6717,Pass,0,0.9999962,0.10342031,0,0.9803764
6718,Pass,0,0.9912883,0.47204778,0,0.8948932
6719,Pass,0,0.67913985,0.47798225,0,0.6122501
6720,Pass,0,0.9999987,0.12743951,0,0.9753212
6721,Pass,0,0.98456144,0.48692816,0,0.88573545
6722,Pass,0,0.6824976,0.6124664,0,0.5959498
6723,Pass,0,0.9999783,0.17689212,0,0.96488816
6724,Pass,0,0.99079496,0.42138177,0,0.9050184
6725,Pass,0,0.997482,0.26197734,0,0.94460803
6726,Pass,0,0.99998677,0.1382415,0,0.9730349
6727,Pass,0,0.9999914,0.26408467,0,0.9465407
6728,Pass,0,0.9934917,0.25772852,0,0.9417181
6729,Pass,0,0.99158716,0.29206565,0,0.93274325
6730,Pass,0,0.9994136,0.38087362,0,0.9214158
6731,Pass,0,0.9999989,0.30015826,0,0.93895173
6732,Pass,0,1.0,0.041909218,0,0.9933326
6733,Pass,0,0.9999815,0.03028963,0,0.995761
6734,Pass,0,0.99902475,0.19739291,0,0.9596554
6735,Pass,0,0.96911687,0.4437207,0,0.88065845
6736,Pass,0,0.973327,0.87595206,0,0.7958963
6737,Pass,0,0.99999714,0.069735505,0,0.98747045
6738,Pass,0,0.9997596,0.15332761,0,0.969638
6739,Pass,0,0.9994723,0.1981109,0,0.95993423
6740,Pass,0,0.99998915,0.082471125,0,0.9847808
6741,Pass,0,0.99800915,0.5073217,0,0.8935476
6742,Pass,0,0.99999833,0.22517279,0,0.95474094
6743,Pass,0,0.9431312,1.5319339,0,0.6409293
6744,Pass,0,0.9996989,0.07825476,0,0.9853825
6745,Pass,0,0.9978672,0.08880209,0,0.98136085
6746,Pass,0,0.99632746,0.4342205,0,0.90737844
6747,Pass,0,0.999907,0.27106225,0,0.9449917
6748,Pass,0,0.9999974,0.5087184,0,0.89503366
6749,Pass,0,0.9978225,0.44732955,0,0.9059856
6750,Pass,0,0.9983204,0.48057806,0,0.8994483
6751,Pass,0,0.9950559,0.6857492,0,0.8535175
6752,Pass,0,0.99776137,0.19141051,0,0.95969874
6753,Pass,0,0.9999999,0.063423276,0,0.9888023
6754,Pass,0,0.99944204,0.2798158,0,0.94271
6755,Pass,0,0.9987577,0.2567988,0,0.94690526
6756,Pass,0,0.9972567,0.11948056,0,0.97431815
6757,Pass,0,0.9999999,0.10631312,0,0.9797709
6758,Pass,0,0.99999547,0.13251737,0,0.97424877
6759,Pass,0,0.6763935,0.9941588,0,0.5362556
6760,Pass,0,1.0,0.056711853,0,0.99021566
6761,Pass,0,0.9999993,0.14585182,0,0.9714446
6762,Pass,0,0.9993912,0.1917496,0,0.961195
6763,Pass,0,0.99935263,0.31445497,0,0.9353364
6764,Pass,0,0.99677104,0.4571469,0,0.9029703
6765,Pass,0,0.99964535,0.27178225,0,0.94459283
6766,Pass,0,0.78347534,0.5361,0,0.69672126
6767,Pass,0,0.9988502,0.17265223,0,0.96469146
6768,Pass,0,0.99955565,0.20134276,0,0.959334
6769,Pass,0,0.99873966,0.2050027,0,0.95778114
6770,Pass,0,0.99998283,0.21658629,0,0.95653427
6771,Pass,0,0.955986,0.38427874,0,0.88069195
6772,Pass,0,0.99999356,0.31131157,0,0.9365982
6773,Pass,0,0.99999964,0.1325375,0,0.9742486
6774,Pass,0,0.99997485,0.29741117,0,0.9395076
6775,Pass,0,0.9999968,0.13777345,0,0.9731432
6776,Pass,0,0.97522753,0.8049503,0,0.812031
6777,Pass,0,0.99993193,0.14912331,0,0.9706903
6778,Pass,0,0.9999956,0.10504028,0,0.9800347
6779,Pass,0,0.9999796,0.20891877,0,0.9581457
6780,Pass,0,0.8890033,0.5399946,0,0.78983504
6781,Pass,0,0.9849894,4.5929165,0,0.034494616
6782,Pass,0,0.99837387,0.42957735,0,0.91021824
6783,Pass,0,0.93204755,0.84333426,0,0.7685434
6784,Pass,0,0.9990995,0.1957173,0,0.9600797
6785,Pass,0,0.9962734,0.39953175,0,0.9146064
6786,Pass,0,0.99996185,0.02736643,0,0.9963569
6787,Pass,0,0.99999845,0.035068844,0,0.9947715
6788,Pass,0,0.99999,0.10406971,0,0.9802336
6789,Pass,0,0.999982,0.075021446,0,0.9863424
6790,Pass,0,0.9994004,0.26364776,0,0.94607323
6791,Pass,0,0.9998466,0.098007716,0,0.9813694
6792,Pass,0,0.9999074,0.25704145,0,0.94794416
6793,Pass,0,0.87139034,0.76041216,0,0.7337424
6794,Pass,0,0.9998653,0.24924357,0,0.94954604
6795,Pass,0,0.99934703,0.35604942,0,0.9265783
6796,Pass,0,0.99998176,0.207171,0,0.95851576
6797,Pass,0,0.9997888,0.03429961,0,0.9947249
6798,Pass,0,0.99999714,0.1368613,0,0.9733356
6799,Pass,0,0.9999987,0.11864246,0,0.97717357
6800,Pass,0,0.5256771,1.4386656,0,0.3675616
6801,Pass,0,0.99776685,0.25894132,0,0.9455157
6802,Pass,0,0.9984445,0.23708789,0,0.95075244
6803,Pass,0,0.9999982,0.11132045,0,0.9787149
6804,Pass,0,0.99980253,0.5517202,0,0.885806
6805,Pass,0,0.9999695,0.11695945,0,0.9774994
6806,Pass,0,0.9999949,0.15628794,0,0.9692428
6807,Pass,0,0.99956626,0.34625405,0,0.92884326
6808,Pass,0,0.9999937,0.08516527,0,0.98421794
6809,Pass,0,0.9999584,0.26190755,0,0.9469679
6810,Pass,0,1.0,0.11221641,0,0.97852796
6811,Pass,0,0.9477954,0.8647676,0,0.7772511
6812,Pass,0,0.99997175,0.15599917,0,0.9692812
6813,Pass,0,0.514837,0.7776724,0,0.43164036
6814,Pass,0,0.9999949,0.067056626,0,0.9880323
6815,Pass,0,0.99986446,0.12896413,0,0.97486925
6816,Pass,0,0.99977666,0.6285095,0,0.8696171
6817,Pass,0,0.35261312,0.8818827,0,0.28789386
6818,Pass,0,0.99999344,0.25148833,0,0.9491951
6819,Pass,0,0.9999056,0.19870298,0,0.9602257
6820,Pass,0,0.99938977,0.21010634,0,0.9573306
6821,Pass,0,0.9989052,0.07686901,0,0.98489165
6822,Pass,0,0.99789196,0.8438204,0,0.822735
6823,Pass,0,0.9922863,0.21040668,0,0.95046335
6824,Pass,0,0.99921405,0.35659868,0,0.9263394
6825,Pass,0,0.99998784,0.16962686,0,0.9664272
6826,Pass,0,0.9985316,0.18013546,0,0.9628102
6827,Pass,0,0.99994016,0.35365131,0,0.92763317
6828,Pass,0,0.9772157,0.20964862,0,0.93618387
6829,Pass,0,0.9983847,0.07604225,0,0.98455226
6830,Pass,0,0.99165416,0.27785093,0,0.9357745
6831,Pass,0,0.99974793,0.28868553,0,0.9411313
6832,Pass,0,0.812172,0.61136734,0,0.7093681
6833,Pass,0,0.99995327,0.13179208,0,0.97436035
6834,Pass,0,0.99995744,0.044948213,0,0.99265045
6835,Pass,0,0.99743396,0.46913224,0,0.9010536
6836,Pass,0,0.9999461,0.22374283,0,0.95499223
6837,Pass,0,0.99248743,0.85429645,0,0.8160897
6838,Pass,0,0.99998665,0.32148632,0,0.93444926
6839,Pass,0,0.99985707,0.059904467,0,0.98940194
6840,Pass,0,0.9997646,0.42823997,0,0.9117678
6841,Pass,0,0.9998661,0.03408096,0,0.99484783
6842,Pass,0,0.99996257,0.07487446,0,0.98635423
6843,Pass,0,0.9998505,0.040383212,0,0.9935055
6844,Pass,0,0.9524756,0.5575201,0,0.84271204
6845,Pass,0,0.999985,0.050925657,0,0.99141914
6846,Pass,0,0.9994703,0.026256563,0,0.9961007
6847,Pass,0,0.99998426,0.23430458,0,0.9528047
6848,Pass,0,0.99834144,0.4759694,0,0.90043604
6849,Pass,0,0.9933602,0.6430974,0,0.8609846
6850,Pass,0,0.99968684,0.37728372,0,0.92242336
6851,Pass,0,1.0,0.14755143,0,0.9710874
6852,Pass,0,0.80783635,0.68013126,0,0.693884
6853,Pass,0,0.78616446,1.0650328,0,0.61155105
6854,Pass,0,0.99990845,0.051831458,0,0.9911525
6855,Pass,0,0.99998915,0.14628091,0,0.9713444
6856,Pass,0,0.9999964,0.09011562,0,0.98317826
6857,Pass,0,0.998818,0.03366829,0,0.9938918
6858,Pass,0,0.95320076,0.6891675,0,0.81692976
6859,Pass,0,0.99998343,0.23998547,0,0.95160764
6860,Pass,0,0.9998246,0.29786032,0,0.93927187
6861,Pass,0,0.9999893,0.22848824,0,0.9540342
6862,Pass,0,0.9999827,0.1803477,0,0.9641648
6863,Pass,0,0.99902713,0.30940092,0,0.93609494
6864,Pass,0,0.99998343,0.11628932,0,0.9776541
6865,Pass,0,0.999984,0.19165507,0,0.9617851
6866,Pass,0,0.9999958,0.17820974,0,0.9646276
6867,Pass,0,0.99994063,0.1859808,0,0.96293813
6868,Pass,0,0.9999478,0.061870225,0,0.9890778
6869,Pass,0,0.9990089,0.4886506,0,0.8983704
6870,Pass,0,0.990094,0.3335853,0,0.92268246
6871,Pass,0,0.99977916,0.17573136,0,0.96494037
6872,Pass,0,0.9872935,0.5324,0,0.87873983
6873,Pass,0,0.99220264,0.43447837,0,0.90356797
6874,Pass,0,0.94436127,0.55710864,0,0.8356146
6875,Pass,0,0.7821036,0.9591821,0,0.6258246
6876,Pass,0,0.99920374,0.30610466,0,0.93695396
6877,Pass,0,0.99985695,0.12805824,0,0.97505265
6878,Pass,0,0.9999988,0.28124905,0,0.9429334
6879,Pass,0,0.74197304,0.73248035,0,0.62913233
6880,Pass,0,0.8014619,1.9158387,0,0.4798645
6881,Pass,0,0.99971646,0.2779236,0,0.9433672
6882,Pass,0,0.979894,0.6337367,0,0.85124433
6883,Pass,0,0.99022466,0.09085331,0,0.97341704
6884,Pass,0,0.9988194,0.12539032,0,0.9746019
6885,Pass,0,0.9999969,0.33603585,0,0.9313951
6886,Pass,0,0.9999957,0.24320759,0,0.9509409
6887,Pass,0,0.9999889,0.24276508,0,0.9510276
6888,Pass,0,1.0,0.07144396,0,0.9871135
6889,Pass,0,0.99999905,0.20091853,0,0.95984894
6890,Pass,0,0.703752,1.1545715,0,0.5341743
6891,Pass,0,1.0,0.17712949,0,0.9648591
6892,Pass,0,0.99957615,0.15768382,0,0.9685432
6893,Pass,0,0.9975979,0.46117342,0,0.9028735
6894,Pass,0,0.9870864,0.49723724,0,0.8858642
6895,Pass,0,0.5747993,1.198553,0,0.430971
6896,Pass,0,0.99999654,0.16035445,0,0.96838814
6897,Pass,0,0.42009348,1.4883361,0,0.28934208
6898,Pass,0,0.9999956,0.11563645,0,0.9778035
6899,Pass,0,0.99990284,0.34404567,0,0.92962104
6900,Pass,0,0.5287924,0.31235576,0,0.4951529
6901,Pass,0,0.94332415,0.7746818,0,0.7914788
6902,Pass,0,0.9999995,0.033918295,0,0.99501485
6903,Pass,0,0.99918073,0.58439124,0,0.8783812
6904,Pass,0,0.9999994,0.0582922,0,0.9898823
6905,Pass,0,0.99973494,0.34447545,0,0.9293744
6906,Pass,0,0.97776586,0.14721166,0,0.94956607
6907,Pass,0,0.98964816,0.77548367,0,0.83017904
6908,Pass,0,0.6704123,1.0220048,0,0.52758265
6909,Pass,0,0.9999939,0.079200916,0,0.98547405
6910,Pass,0,0.99998534,0.32866862,0,0.9329356
6911,Pass,0,0.9995577,0.249735,0,0.94915044
6912,Pass,0,0.9996886,0.09980726,0,0.9808355
6913,Pass,0,0.9999999,0.09216538,0,0.98275
6914,Pass,0,0.6402275,0.8550465,0,0.52633685
6915,Pass,0,0.9998692,0.072887294,0,0.9866805
6916,Pass,0,0.9997738,0.5170705,0,0.89307517
6917,Pass,0,0.99974245,0.09158546,0,0.9826191
6918,Pass,0,0.9999684,0.16971679,0,0.9663895
6919,Pass,0,0.99798834,0.23904277,0,0.9499072
6920,Pass,0,0.999869,0.1981038,0,0.9603167
6921,Pass,0,0.98415977,0.47635317,0,0.8875656
6922,Pass,0,0.99986756,0.3054218,0,0.9377202
6923,Pass,0,0.9999629,0.21186927,0,0.9575084
6924,Pass,0,0.9997907,0.11238984,0,0.9782867
6925,Pass,0,0.99999845,0.09313662,0,0.98254406
6926,Pass,0,0.9977043,0.43443274,0,0.90858775
6927,Pass,0,0.99817324,0.18532178,0,0.96137464
6928,Pass,0,1.0,0.10316491,0,0.98043394
6929,Pass,0,0.9977641,0.15812175,0,0.9666953
6930,Pass,0,0.9999943,0.38797128,0,0.9204566
6931,Pass,0,0.9999974,0.054313358,0,0.99071807
6932,Pass,0,0.99999094,0.14896835,0,0.97078025
6933,Pass,0,0.99999964,0.21642469,0,0.95658433
6934,Pass,0,0.4384994,1.1018943,0,0.33770156
6935,Pass,0,0.9999634,0.16727708,0,0.9668983
6936,Pass,0,0.9998159,0.023796465,0,0.9969631
6937,Pass,0,0.9998092,0.05865638,0,0.98961735
6938,Pass,0,0.9999057,0.17451403,0,0.96531886
6939,Pass,0,0.9998971,0.073334,0,0.986614
6940,Pass,0,0.99996614,0.19622871,0,0.9608048
6941,Pass,0,0.9999155,0.068164036,0,0.9877206
6942,Pass,0,0.99998724,0.073340744,0,0.9867015
6943,Pass,0,0.9999876,0.16551854,0,0.9672921
6944,Pass,0,0.999572,0.12849087,0,0.9746837
6945,Pass,0,0.9999882,0.10228568,0,0.9806075
6946,Pass,0,0.9999728,0.24946263,0,0.949602
6947,Pass,0,0.9999925,0.10966295,0,0.9790583
6948,Pass,0,0.7036154,0.7459975,0,0.5946055
6949,Pass,0,0.9999546,0.24411447,0,0.95071083
6950,Pass,0,0.99998903,0.2775862,0,0.9436954
6951,Pass,0,0.9999987,0.045263987,0,0.99262494
6952,Pass,0,0.9995228,0.4326456,0,0.91062
6953,Pass,0,0.99700123,0.54827344,0,0.88404775
6954,Pass,0,0.71076655,1.4581208,0,0.49406728
6955,Pass,0,0.85803294,0.81199026,0,0.713176
6956,Pass,0,0.9983026,0.35569906,0,0.92568356
6957,Pass,0,0.556938,0.55449784,0,0.49311075
6958,Pass,0,0.99944323,0.512251,0,0.8937941
6959,Pass,0,0.9998259,0.15640196,0,0.969055
6960,Pass,0,0.99996996,0.22009629,0,0.95578283
6961,Pass,0,0.9999995,0.15537623,0,0.96943927
6962,Pass,0,0.9999765,0.08656954,0,0.9839053
6963,Pass,0,0.9997427,0.1680346,0,0.96652544
6964,Pass,0,0.9999999,0.08773447,0,0.98368305
6965,Pass,0,0.9289788,1.2446609,0,0.687507
6966,Pass,0,0.99994683,0.035481907,0,0.9946332
6967,Pass,0,0.99990916,0.23323482,0,0.9529584
6968,Pass,0,0.9999672,0.047262322,0,0.9921729
6969,Pass,0,0.9998305,0.24058665,0,0.95133555
6970,Pass,0,0.99993515,0.23998044,0,0.9515628
6971,Pass,0,0.99985707,0.14347322,0,0.97180724
6972,Pass,0,0.44446734,1.0315834,0,0.34887818
6973,Pass,0,0.9999999,0.0664385,0,0.98816735
6974,Pass,0,0.99911994,0.25248,0,0.94815725
6975,Pass,0,0.9999944,0.20988576,0,0.9579562
6976,Pass,0,0.99890363,0.4124657,0,0.9143005
6977,Pass,0,0.9999968,0.42820576,0,0.9119867
6978,Pass,0,0.9964089,0.22319186,0,0.95172966
6979,Pass,0,0.9997304,0.6062996,0,0.8742524
6980,Pass,0,0.99990463,0.13088885,0,0.97450316
6981,Pass,0,0.99991524,0.10600575,0,0.9797527
6982,Pass,0,0.9999821,0.078591965,0,0.9855907
6983,Pass,0,1.0,0.124442264,0,0.9759535
6984,Pass,0,0.9945543,0.28597453,0,0.93680996
6985,Pass,0,0.9999989,0.07257454,0,0.98687434
6986,Pass,0,1.0,0.14983875,0,0.9706058
6987,Pass,0,0.99998975,0.13437252,0,0.9738525
6988,Pass,0,0.99801445,0.34829053,0,0.9269733
6989,Pass,0,0.9998281,0.055255067,0,0.9903521
6990,Pass,0,0.9999325,0.024183314,0,0.99699795
6991,Pass,0,0.985735,0.6353103,0,0.85599184
6992,Pass,0,0.886242,0.8366944,0,0.7320124
6993,Pass,0,0.9999099,0.28670594,0,0.9417006
6994,Pass,0,0.9994861,0.18821467,0,0.96203023
6995,Pass,0,0.9389653,2.455939,0,0.45540458
6996,Pass,0,0.99999595,0.12294269,0,0.9762654
6997,Pass,0,0.99997795,0.1600675,0,0.9684305
6998,Pass,0,0.97182816,0.14844258,0,0.9435477
6999,Pass,0,0.99998105,0.011758309,0,0.99966264
7000,Pass,0,0.8289266,0.8291469,0,0.68598884
7001,Pass,0,0.9999987,0.21488668,0,0.9569073
7002,Pass,0,0.9999709,0.06510836,0,0.9884188
7003,Pass,0,0.9996474,0.21400619,0,0.9567565
7004,Pass,0,0.99907434,0.22393274,0,0.9541197
7005,Pass,0,0.999998,0.054864313,0,0.9906027
7006,Pass,0,0.9756379,0.39082053,0,0.8974521
7007,Pass,0,0.9999498,0.05634555,0,0.9902431
7008,Pass,0,0.99936694,0.092200786,0,0.9821205
7009,Pass,0,0.9999976,0.123205416,0,0.97621167
7010,Pass,0,0.9997733,0.093753755,0,0.982193
7011,Pass,0,0.99244213,0.26110893,0,0.9400168
7012,Pass,0,0.5308564,0.92835075,0,0.4282277
7013,Pass,0,0.9998702,0.15718667,0,0.9689327
7014,Pass,0,0.9991387,0.31236476,0,0.9355759
7015,Pass,0,0.99977857,0.33576784,0,0.9312482
7016,Pass,0,0.9999424,0.18692861,0,0.96274024
7017,Pass,0,0.99795294,0.3525834,0,0.92601407
7018,Pass,0,0.9999862,0.07805169,0,0.9857084
7019,Pass,0,0.9998828,0.17760625,0,0.9646457
7020,Pass,0,0.9999864,0.14468047,0,0.97167873
7021,Pass,0,0.5051932,1.2730045,0,0.37086186
7022,Pass,0,0.99939287,0.4004053,0,0.91728634
7023,Pass,0,0.83836114,0.7148546,0,0.7139731
7024,Pass,0,0.999979,0.24201204,0,0.95117676
7025,Pass,0,0.9999677,0.18101755,0,0.9640092
7026,Pass,0,0.99999976,0.075033665,0,0.98635733
7027,Pass,0,0.975594,0.4278967,0,0.88979506
7028,Pass,0,0.9999807,0.344229,0,0.9296548
7029,Pass,0,0.9999999,0.18351837,0,0.9635137
7030,Pass,0,0.9828538,0.74637973,0,0.83050287
7031,Pass,0,0.9988438,0.28149757,0,0.941792
7032,Pass,0,0.999995,0.06670373,0,0.98810667
7033,Pass,0,0.99997354,0.056851227,0,0.99016005
7034,Pass,0,0.99995255,0.31540024,0,0.9356988
7035,Pass,0,0.99987555,0.21689397,0,0.95636684
7036,Pass,0,0.9982547,0.10901398,0,0.97749335
7037,Pass,0,0.9998807,0.06268412,0,0.98884004
7038,Pass,0,0.99996877,0.15104796,0,0.9703209
7039,Pass,0,0.9888771,0.6205671,0,0.8617904
7040,Pass,0,0.99926406,0.103234716,0,0.97969776
7041,Pass,0,0.99996805,0.15566158,0,0.96934867
7042,Pass,0,0.8021557,1.8176718,0,0.49686137
7043,Pass,0,0.9776895,0.46357495,0,0.8843611
7044,Pass,0,0.9993954,0.3412412,0,0.92973936
7045,Pass,0,0.999998,0.14823136,0,0.97094226
7046,Pass,0,0.965551,0.37494257,0,0.8914018
7047,Pass,0,0.9999995,0.07004693,0,0.98740715
7048,Pass,0,0.6788143,1.1165208,0,0.52068454
7049,Pass,0,0.9944991,0.20696943,0,0.9533026
7050,Pass,0,0.8487455,0.97652906,0,0.6760499
7051,Pass,0,0.9999362,0.13938418,0,0.9727452
7052,Pass,0,0.8993497,1.5757557,0,0.6028775
7053,Pass,0,0.9998568,0.13774294,0,0.97301346
7054,Pass,0,0.9999999,0.07487106,0,0.9863917
7055,Pass,0,0.9999987,0.2168613,0,0.9564915
7056,Pass,0,0.9997838,0.58890635,0,0.8779608
7057,Pass,0,0.60882425,1.026294,0,0.47856587
7058,Pass,0,0.999948,0.28350767,0,0.94240993
7059,Pass,0,0.9999821,0.06428692,0,0.9886028
7060,Pass,0,0.999915,0.6431299,0,0.86665905
7061,Pass,0,0.99963737,0.1640575,0,0.96726084
7062,Pass,0,0.9999999,0.054228555,0,0.99073845
7063,Pass,0,0.9999355,0.18225677,0,0.9637173
7064,Pass,0,1.0,0.12367104,0,0.97611594
7065,Pass,0,0.99899954,0.46315846,0,0.90372455
7066,Pass,0,0.998256,0.059179783,0,0.98796993
7067,Pass,0,1.0,0.0776857,0,0.98579913
7068,Pass,0,0.99761176,0.51804316,0,0.89093953
7069,Pass,0,0.99998724,0.16209136,0,0.9680134
7070,Pass,0,0.99972457,0.18871394,0,0.9621547
7071,Pass,0,0.9999957,0.059903476,0,0.9895393
7072,Pass,0,0.9983858,0.09775063,0,0.9799896
7073,Pass,0,0.9998797,0.22056325,0,0.95559824
7074,Pass,0,0.99999917,0.06598854,0,0.9882614
7075,Pass,0,0.99999833,0.11933629,0,0.9770271
7076,Pass,0,0.9796734,0.6775984,0,0.8420045
7077,Pass,0,0.9999975,0.23290086,0,0.9531129
7078,Pass,0,0.74470466,0.51585925,0,0.6654177
7079,Pass,0,0.9999833,0.1927516,0,0.9615535
7080,Pass,0,0.95730543,1.1882998,0,0.71983194
7081,Pass,0,0.9999988,0.15478322,0,0.9695635
7082,Pass,0,0.9999982,0.25922698,0,0.9475701
7083,Pass,0,0.99981576,0.16850625,0,0.9664968
7084,Pass,0,0.99998546,0.102875896,0,0.98048055
7085,Pass,0,0.9995615,0.20773001,0,0.95799524
7086,Pass,0,0.9991019,0.2197144,0,0.9550335
7087,Pass,0,0.99980503,0.22223762,0,0.9551744
7088,Pass,0,0.99968684,0.14493501,0,0.9713341
7089,Pass,0,0.9999994,0.10456275,0,0.980139
7090,Pass,0,0.99996257,0.10057049,0,0.98094356
7091,Pass,0,0.8678313,0.49943033,0,0.7784375
7092,Pass,0,0.9322285,0.48830602,0,0.838385
7093,Pass,0,0.9999373,0.0531021,0,0.99091357
7094,Pass,0,0.8328455,0.35068592,0,0.7731414
7095,Pass,0,0.99990773,0.13860466,0,0.97288156
7096,Pass,0,0.9999957,0.30803373,0,0.93729043
7097,Pass,0,0.998755,0.45870095,0,0.9044407
7098,Pass,0,0.9884015,0.3028595,0,0.92750007
7099,Pass,0,0.88859975,1.13913,0,0.6773701
7100,Pass,0,0.9999467,0.1480469,0,0.97093135
7101,Pass,0,0.99991095,0.032905303,0,0.99514
7102,Pass,0,0.9999913,0.13393223,0,0.97394675
7103,Pass,0,0.9999974,0.22622915,0,0.9545176
7104,Pass,0,0.9999945,0.26368648,0,0.9466275
7105,Pass,0,0.60581523,1.033127,0,0.47532895
7106,Pass,0,0.9999778,0.14538194,0,0.97152275
7107,Pass,0,0.99986625,0.070374094,0,0.9872067
7108,Pass,0,0.99480337,0.44772446,0,0.90316164
7109,Pass,0,0.99210995,0.5322433,0,0.88305944
7110,Pass,0,0.9463834,1.0997924,0,0.72925717
7111,Pass,0,0.99991584,0.18317088,0,0.96350586
7112,Pass,0,0.9922632,0.34372014,0,0.9225864
7113,Pass,0,0.9998404,0.1326961,0,0.97406
7114,Pass,0,0.99953496,0.2587367,0,0.9472343
7115,Pass,0,0.95741904,0.5823217,0,0.8420856
7116,Pass,0,0.9759102,0.5809665,0,0.8586278
7117,Pass,0,0.99992883,0.20128737,0,0.95970386
7118,Pass,0,0.99694437,0.37153774,0,0.9210991
7119,Pass,0,0.99984014,0.21076208,0,0.9576239
7120,Pass,0,0.9999802,0.27701032,0,0.9438084
7121,Pass,0,0.9999856,0.10087393,0,0.98090225
7122,Pass,0,0.9965732,0.03924306,0,0.9904882
7123,Pass,0,0.99997795,0.06549198,0,0.98834497
7124,Pass,0,0.99999094,0.07541181,0,0.986269
7125,Pass,0,0.9999833,0.18247373,0,0.9637177
7126,Pass,0,0.99999726,0.09691712,0,0.98174685
7127,Pass,0,0.99997497,0.12315202,0,0.9762008
7128,Pass,0,0.9999951,0.0910138,0,0.9829878
7129,Pass,0,0.9999963,0.12109773,0,0.9766542
7130,Pass,0,0.9999994,0.11705768,0,0.97750795
7131,Pass,0,0.9594699,1.9576205,0,0.56602824
7132,Pass,0,0.8166925,1.465742,0,0.5663878
7133,Pass,0,0.9895186,0.3770704,0,0.91308546
7134,Pass,0,0.98038757,0.7270862,0,0.83240193
7135,Pass,0,0.99458694,0.4868647,0,0.89476794
7136,Pass,0,0.996992,0.15766375,0,0.9660434
7137,Pass,0,0.9509848,0.49066794,0,0.85478014
7138,Pass,0,0.99998,0.14723495,0,0.9711346
7139,Pass,0,0.9655975,0.17087135,0,0.93293804
7140,Pass,0,0.9999597,0.11053343,0,0.9788429
7141,Pass,0,0.87645704,0.5218969,0,0.7820284
7142,Pass,0,0.99999845,0.1113295,0,0.9787132
7143,Pass,0,0.99999917,0.5509765,0,0.8861369
7144,Pass,0,0.99987507,0.23436263,0,0.9526884
7145,Pass,0,0.99993706,0.13996914,0,0.9726228
7146,Pass,0,0.9999981,0.11331658,0,0.97829443
7147,Pass,0,0.65732604,0.82814485,0,0.5441173
7148,Pass,0,1.0,0.04427346,0,0.9928348
7149,Pass,0,0.9999864,0.05764755,0,0.99000514
7150,Pass,0,0.9995542,0.20021036,0,0.959571
7151,Pass,0,0.9999888,0.14933394,0,0.9707012
7152,Pass,0,0.99998486,0.29104248,0,0.94085807
7153,Pass,0,0.99997866,0.22040078,0,0.95572704
7154,Pass,0,0.9999496,0.011073238,0,0.9997754
7155,Pass,0,0.9994887,0.14437453,0,0.97125953
7156,Pass,0,0.99621695,0.6792374,0,0.85587937
7157,Pass,0,0.9996393,0.23752193,0,0.95179874
7158,Pass,0,0.3412899,0.4993932,0,0.3061369
7159,Pass,0,0.9471903,0.6498655,0,0.81961733
7160,Pass,0,0.99963367,0.21722636,0,0.95606554
7161,Pass,0,0.42371073,0.62111485,0,0.3692082
7162,Pass,0,0.98135155,0.52940226,0,0.8740707
7163,Pass,0,0.99999714,0.18171163,0,0.9638915
7164,Pass,0,0.48888162,0.78941053,0,0.4086709
7165,Pass,0,0.9900157,0.719238,0,0.8422128
7166,Pass,0,0.9999794,0.16066158,0,0.96830684
7167,Pass,0,0.9997161,0.25479722,0,0.9482352
7168,Pass,0,0.93046457,0.61246365,0,0.8124725
7169,Pass,0,0.9989519,0.51856345,0,0.89202696
7170,Pass,0,0.99942905,0.14770547,0,0.9705005
7171,Pass,0,0.9998437,0.084057085,0,0.98430365
7172,Pass,0,0.9966101,0.7452098,0,0.84237236
7173,Pass,0,0.95097464,0.52480334,0,0.8479355
7174,Pass,0,0.99998975,0.07754915,0,0.9858178
7175,Pass,0,0.99985635,0.25699744,0,0.947905
7176,Pass,0,0.999482,0.2683524,0,0.94516027
7177,Pass,0,0.9999093,0.2661119,0,0.9460361
7178,Pass,0,0.999448,0.33810723,0,0.9304479
7179,Pass,0,0.9947096,0.3042829,0,0.93312144
7180,Pass,0,0.9999943,0.20605212,0,0.95876336
7181,Pass,0,0.9999858,0.11121922,0,0.97872406
7182,Pass,0,0.99997115,0.20708387,0,0.9585239
7183,Pass,0,0.99995995,0.17959788,0,0.96430075
7184,Pass,0,0.9999969,0.08208088,0,0.9848706
7185,Pass,0,0.9844284,0.77272487,0,0.8263722
7186,Pass,0,1.0,0.05429228,0,0.99072516
7187,Pass,0,0.999966,0.028255487,0,0.99617386
7188,Pass,0,0.67699873,0.9609822,0,0.541465
7189,Pass,0,0.9994517,0.14883335,0,0.9702852
7190,Pass,0,0.99956065,0.274403,0,0.9439612
7191,Pass,0,0.99369484,0.69091606,0,0.8512689
7192,Pass,0,0.9996532,0.17915498,0,0.96409816
7193,Pass,0,0.99522924,0.6338041,0,0.86455214
7194,Pass,0,0.9985261,0.6282304,0,0.86858803
7195,Pass,0,0.99999964,0.15996346,0,0.96847343
7196,Pass,0,0.9985494,0.2762846,0,0.9426105
7197,Pass,0,0.9999571,0.07224583,0,0.98690224
7198,Pass,0,0.99998474,0.08519422,0,0.98420304
7199,Pass,0,0.9999746,0.053316064,0,0.9909055
7200,Pass,0,0.9998846,0.4284007,0,0.9118433
7201,Pass,0,0.9999894,0.14068429,0,0.97252315
7202,Pass,0,0.9999291,0.22519161,0,0.9546709
7203,Pass,0,0.9999646,0.15128693,0,0.9702665
7204,Pass,0,0.99851674,0.35807347,0,0.92538285
7205,Pass,0,0.9975184,0.50639457,0,0.893303
7206,Pass,0,0.7463188,0.8785805,0,0.609857
7207,Pass,0,0.95341426,0.7102442,0,0.8128813
7208,Pass,0,0.5095425,1.5797042,0,0.34114733
7209,Pass,0,0.99999225,0.045101173,0,0.99265283
7210,Pass,0,0.9999976,0.033019673,0,0.9952021
7211,Pass,0,0.99946576,0.38799718,0,0.9199647
7212,Pass,0,0.8943935,0.49831316,0,0.80247396
7213,Pass,0,0.9998902,0.32997102,0,0.93257266
7214,Pass,0,0.9996836,0.21367823,0,0.9568601
7215,Pass,0,0.6189993,1.8697214,0,0.3766286
7216,Pass,0,0.99999976,0.12864201,0,0.975069
7217,Pass,0,0.99997187,0.40692222,0,0.9164455
7218,Pass,0,0.99906844,0.3525963,0,0.9270464
7219,Pass,0,0.9999752,0.19621821,0,0.9608157
7220,Pass,0,0.9271183,0.38871673,0,0.8532315
7221,Pass,0,0.9999974,0.10355614,0,0.980349
7222,Pass,0,0.99996233,0.1261546,0,0.9755562
7223,Pass,0,0.9986934,0.5386947,0,0.8875626
7224,Pass,0,0.99999917,0.059993315,0,0.9895238
7225,Pass,0,0.99575895,0.33595547,0,0.9274647
7226,Pass,0,0.99983597,0.24768299,0,0.94984674
7227,Pass,0,0.999966,0.11077271,0,0.9787987
7228,Pass,0,0.85348547,1.0042077,0,0.674851
7229,Pass,0,0.9999968,0.4526048,0,0.90684897
7230,Pass,0,0.9997851,0.2036604,0,0.95906633
7231,Pass,0,0.9998795,0.2765092,0,0.9438188
7232,Pass,0,0.9999887,0.15826112,0,0.9688213
7233,Pass,0,0.99999905,0.2049637,0,0.95899713
7234,Pass,0,0.9998221,0.3950092,0,0.9188164
7235,Pass,0,0.99996114,0.26446494,0,0.946432
7236,Pass,0,0.99924976,0.31171763,0,0.93581605
7237,Pass,0,0.999982,0.10115217,0,0.98084015
7238,Pass,0,0.9996031,0.5219655,0,0.8918924
7239,Pass,0,0.99243426,0.34491697,0,0.9224953
7240,Pass,0,0.9996394,0.21296085,0,0.95696884
7241,Pass,0,0.8950608,0.40398225,0,0.8208517
7242,Pass,0,0.9998977,0.33346954,0,0.93184304
7243,Pass,0,0.99999404,0.060548615,0,0.9894018
7244,Pass,0,0.8998117,0.60505474,0,0.7871105
7245,Pass,0,0.9998379,0.087519996,0,0.98356885
7246,Pass,0,0.7149817,0.8705142,0,0.58546424
7247,Pass,0,0.9998765,0.05762708,0,0.98990065
7248,Pass,0,0.9999951,0.03407502,0,0.9949774
7249,Pass,0,0.9995994,0.39684042,0,0.91822624
7250,Pass,0,0.99615896,0.19892064,0,0.95658207
7251,Pass,0,0.60365087,1.3821297,0,0.4292685
7252,Pass,0,0.9979284,0.37483048,0,0.9213163
7253,Pass,0,0.99370766,0.21720356,0,0.95040256
7254,Pass,0,0.99999785,0.18718013,0,0.96274066
7255,Pass,0,0.9999993,0.116634026,0,0.977597
7256,Pass,0,0.99999547,0.2250721,0,0.9547594
7257,Pass,0,0.99960977,0.39514592,0,0.9185925
7258,Pass,0,0.99870944,0.25728893,0,0.94675636
7259,Pass,0,0.97947764,0.23383252,0,0.9333629
7260,Pass,0,0.99958056,0.17669106,0,0.96454674
7261,Pass,0,0.99999833,0.05262182,0,0.9910752
7262,Pass,0,0.9998797,0.11911091,0,0.97695863
7263,Pass,0,0.9995577,0.30586562,0,0.93733615
7264,Pass,0,0.99998724,0.17063984,0,0.9662133
7265,Pass,0,0.9995327,0.45614973,0,0.90568197
7266,Pass,0,0.9999571,0.27577895,0,0.94404584
7267,Pass,0,0.98146224,0.46906105,0,0.8866399
7268,Pass,0,0.9969463,0.1939592,0,0.9583797
7269,Pass,0,0.9707817,1.0804434,0,0.7520131
7270,Pass,0,0.87423617,1.0378501,0,0.6850653
7271,Pass,0,0.999979,0.16070113,0,0.96829814
7272,Pass,0,0.9996487,0.076931134,0,0.9856117
7273,Pass,0,0.9999913,0.06556947,0,0.98834187
7274,Pass,0,0.97535855,1.037663,0,0.7643449
7275,Pass,0,0.9882586,0.60273397,0,0.8649624
7276,Pass,0,0.9998765,0.4572538,0,0.90576106
7277,Pass,0,0.9988833,0.50461644,0,0.89489925
7278,Pass,0,0.9999839,0.13454767,0,0.97380996
7279,Pass,0,0.9283259,0.7183754,0,0.7899015
7280,Pass,0,1.0,0.1266479,0,0.9754891
7281,Pass,0,0.99999213,0.100942284,0,0.98089427
7282,Pass,0,0.9997372,0.04029778,0,0.9934108
7283,Pass,0,0.9916858,0.42772537,0,0.90450746
7284,Pass,0,1.0,0.12446703,0,0.97594833
7285,Pass,0,0.99505854,0.3222067,0,0.9296931
7286,Pass,0,0.9995908,0.25106543,0,0.9489019
7287,Pass,0,0.9974734,0.14201131,0,0.9697975
7288,Pass,0,0.99904495,0.6476345,0,0.86495733
7289,Pass,0,0.8542896,0.79595804,0,0.7129486
7290,Pass,0,0.56106174,0.8722655,0,0.45921966
7291,Pass,0,0.9999471,0.26347992,0,0.94662607
7292,Pass,0,0.93780524,0.5355354,0,0.8340737
7293,Pass,0,0.999992,0.091459826,0,0.98289084
7294,Pass,0,0.999997,0.26759022,0,0.9458079
7295,Pass,0,0.9999907,0.064444356,0,0.9885782
7296,Pass,0,0.73151165,0.8974545,0,0.59485006
7297,Pass,0,0.9999659,0.14787896,0,0.97098535
7298,Pass,0,0.9999976,0.2753109,0,0.94418263
7299,Pass,0,0.9999739,0.013488199,0,0.9992912
7300,Pass,0,0.99998426,0.21379839,0,0.9571226
7301,Pass,0,0.99985945,0.023803296,0,0.9970051
7302,Pass,0,0.9999269,0.14358978,0,0.9718506
7303,Pass,0,0.9999995,0.16080295,0,0.9682965
7304,Pass,0,0.9999708,0.19148113,0,0.961809
7305,Pass,0,0.9999093,0.3168259,0,0.93535817
7306,Pass,0,0.9998934,0.41391876,0,0.91490054
7307,Pass,0,0.99998033,0.13539028,0,0.97362906
7308,Pass,0,0.99923813,0.16147804,0,0.96741724
7309,Pass,0,0.99987495,0.41844636,0,0.91393036
7310,Pass,0,0.9999206,0.33979127,0,0.9305333
7311,Pass,0,0.99930954,0.38547525,0,0.9203515
7312,Pass,0,0.99961746,0.28354397,0,0.9420907
7313,Pass,0,0.7781997,0.75420797,0,0.6562891
7314,Pass,0,0.99895656,0.3141054,0,0.9350392
7315,Pass,0,0.99999833,0.17113084,0,0.96612066
7316,Pass,0,0.9999323,0.3135259,0,0.93607455
7317,Pass,0,0.99969876,0.18506078,0,0.96289885
7318,Pass,0,0.99951565,0.42347568,0,0.9125434
7319,Pass,0,0.9997093,0.3178523,0,0.93495506
7320,Pass,0,0.9996117,0.16806383,0,0.9663927
7321,Pass,0,0.9999819,0.38870502,0,0.92029065
7322,Pass,0,0.995067,0.40253648,0,0.91286933
7323,Pass,0,0.99999666,0.15095818,0,0.97036684
7324,Pass,0,0.9999794,0.2779658,0,0.94360644
7325,Pass,0,0.9999945,0.06357598,0,0.9887648
7326,Pass,0,0.99956316,0.10871721,0,0.978837
7327,Pass,0,0.99999774,0.093725346,0,0.98241943
7328,Pass,0,0.98561317,0.39090687,0,0.90661
7329,Pass,0,0.999967,0.25534657,0,0.9483575
7330,Pass,0,0.99996495,0.17564373,0,0.96513814
7331,Pass,0,0.99998844,0.47545785,0,0.9020292
7332,Pass,0,0.99989545,0.4675136,0,0.90361804
7333,Pass,0,0.9995136,0.36104944,0,0.9256804
7334,Pass,0,0.9999697,0.079188325,0,0.9854529
7335,Pass,0,0.9999335,0.20160595,0,0.9596412
7336,Pass,0,0.99992645,0.08868761,0,0.9834101
7337,Pass,0,0.999954,0.1405509,0,0.9725168
7338,Pass,0,0.99790406,0.525965,0,0.889536
7339,Pass,0,0.9993937,0.136813,0,0.9727585
7340,Pass,0,0.9982685,0.08502436,0,0.98254955
7341,Pass,0,0.98840314,0.46914548,0,0.89289266
7342,Pass,0,0.9999362,0.05616214,0,0.99026823
7343,Pass,0,0.9973023,0.15244757,0,0.9674395
7344,Pass,0,0.99891126,0.06621312,0,0.98713905
7345,Pass,0,0.9995561,0.13231318,0,0.97386366
7346,Pass,0,0.9985287,0.3710806,0,0.9226591
7347,Pass,0,0.9999815,0.14239316,0,0.97215563
7348,Pass,0,0.99982554,0.094745055,0,0.9820356
7349,Pass,0,0.79407144,0.43927938,0,0.7223333
7350,Pass,0,0.9979353,0.3260535,0,0.93157256
7351,Pass,0,0.9850382,0.8028719,0,0.820631
7352,Pass,0,0.9993678,0.0654748,0,0.9877455
7353,Pass,0,0.99997663,0.12728864,0,0.9753314
7354,Pass,0,0.9999113,0.15223454,0,0.9700152
7355,Pass,0,0.99913687,0.30925375,0,0.93622875
7356,Pass,0,1.0,0.091789715,0,0.9828292
7357,Pass,0,0.997965,0.20645343,0,0.9567334
7358,Pass,0,0.9996718,0.22113883,0,0.95527846
7359,Pass,0,0.99479795,0.36813807,0,0.9198281
7360,Pass,0,0.9999269,0.0272373,0,0.9963493
7361,Pass,0,0.99998236,0.2423407,0,0.95111066
7362,Pass,0,0.98216784,0.33386493,0,0.9152381
7363,Pass,0,0.9999963,0.10136672,0,0.980809
7364,Pass,0,0.99996495,0.17297557,0,0.9657
7365,Pass,0,0.9992536,0.4795985,0,0.9004951
7366,Pass,0,0.9866111,0.3841925,0,0.908923
7367,Pass,0,0.97822326,0.37097964,0,0.9039172
7368,Pass,0,0.99999917,0.05602074,0,0.9903603
7369,Pass,0,0.9968681,0.4001323,0,0.9150263
7370,Pass,0,0.99877435,0.047591746,0,0.99092007
7371,Pass,0,0.9461729,0.8268331,0,0.7834785
7372,Pass,0,0.9999471,0.5568578,0,0.8848523
7373,Pass,0,0.9994704,0.28062078,0,0.94256735
7374,Pass,0,0.9999999,0.05263227,0,0.99107456
7375,Pass,0,0.8482897,0.94642997,0,0.6810633
7376,Pass,0,0.9999374,0.10114128,0,0.98079866
7377,Pass,0,0.68362015,1.1522294,0,0.5192306
7378,Pass,0,0.99997044,0.30367595,0,0.9381843
7379,Pass,0,0.9997198,0.03546013,0,0.99441195
7380,Pass,0,0.99900156,0.28549522,0,0.9410998
7381,Pass,0,0.99999595,0.056433227,0,0.9902703
7382,Pass,0,0.9912538,0.14463642,0,0.9632025
7383,Pass,0,0.99996674,0.0448552,0,0.9926793
7384,Pass,0,0.99999845,0.028407948,0,0.9961741
7385,Pass,0,0.7306253,0.77915865,0,0.61232895
7386,Pass,0,0.99999917,0.048908494,0,0.99185795
7387,Pass,0,0.9995665,0.49519122,0,0.89749515
7388,Pass,0,0.9985209,0.1706278,0,0.96479905
7389,Pass,0,0.9993635,0.16738687,0,0.9662952
7390,Pass,0,0.9999924,0.12528776,0,0.975768
7391,Pass,0,0.9999933,0.27093104,0,0.94510084
7392,Pass,0,0.9999615,0.04478191,0,0.99268955
7393,Pass,0,0.9925553,0.5724287,0,0.875057
7394,Pass,0,0.99937683,0.38946587,0,0.9195737
7395,Pass,0,0.6838518,2.6154041,0,0.30870983
7396,Pass,0,0.99161655,0.048887476,0,0.983548
7397,Pass,0,0.9998734,0.17660184,0,0.96484804
7398,Pass,0,0.9999999,0.054050904,0,0.9907758
7399,Pass,0,0.9998073,0.15923192,0,0.9684411
7400,Pass,0,0.9999944,0.35768455,0,0.92683417
7401,Pass,0,0.9999995,0.30352834,0,0.9382427
7402,Pass,0,0.9999844,0.14012071,0,0.97263694
7403,Pass,0,0.9997806,0.32069016,0,0.9344243
7404,Pass,0,0.9990552,0.112324044,0,0.97758085
7405,Pass,0,0.99855393,0.6400336,0,0.86613035
7406,Pass,0,0.90521497,0.4898949,0,0.81378794
7407,Pass,0,0.99991894,0.13518685,0,0.9736121
7408,Pass,0,0.99994695,0.024787901,0,0.99688506
7409,Pass,0,0.9986533,0.3412074,0,0.92905617
7410,Pass,0,0.99911934,0.38656777,0,0.91994655
7411,Pass,0,0.99829,0.21605875,0,0.9550258
7412,Pass,0,0.68489826,0.7330767,0,0.5806516
7413,Pass,0,0.9833697,0.61192685,0,0.8587799
7414,Pass,0,0.9999578,0.112659335,0,0.9783934
7415,Pass,0,0.9040439,0.5946655,0,0.7927904
7416,Pass,0,0.9991903,0.19025928,0,0.96131533
7417,Pass,0,0.9989868,0.31505913,0,0.9348669
7418,Pass,0,0.9945596,0.13162741,0,0.9691392
7419,Pass,0,0.99999905,0.047074597,0,0.992244
7420,Pass,0,0.99994755,0.207242,0,0.958468
7421,Pass,0,0.9984282,0.13608046,0,0.97197276
7422,Pass,0,0.9999982,0.08490187,0,0.98427784
7423,Pass,0,0.9917814,0.6617786,0,0.8557148
7424,Pass,0,0.9986822,0.36116165,0,0.92488676
7425,Pass,0,0.99999714,0.29093382,0,0.9408925
7426,Pass,0,0.99999964,0.096488535,0,0.9818394
7427,Pass,0,0.99999714,0.06577799,0,0.9883038
7428,Pass,0,0.9999995,0.093638085,0,0.9824396
7429,Pass,0,0.9815456,0.51282847,0,0.8776691
7430,Pass,0,0.5421593,1.3056471,0,0.39427206
7431,Pass,0,0.99991155,0.21440233,0,0.95692587
7432,Pass,0,0.80124,0.8963818,0,0.65173274
7433,Pass,0,0.9995277,0.21661513,0,0.9560928
7434,Pass,0,0.99999356,0.115738235,0,0.97778004
7435,Pass,0,0.99999917,0.038629644,0,0.9940224
7436,Pass,0,0.9998722,0.26579225,0,0.94606835
7437,Pass,0,0.9999974,0.1748672,0,0.965333
7438,Pass,0,0.99997485,0.21118866,0,0.9576632
7439,Pass,0,0.9816042,0.24014416,0,0.9340848
7440,Pass,0,0.9999881,0.09174822,0,0.98282623
7441,Pass,0,0.9999943,0.19622192,0,0.9608333
7442,Pass,0,0.9986444,0.21583235,0,0.9554125
7443,Pass,0,0.9999747,0.01217815,0,0.99956787
7444,Pass,0,0.9874884,0.7336596,0,0.837064
7445,Pass,0,0.99953806,0.10354215,0,0.9799016
7446,Pass,0,0.9996314,0.188426,0,0.96212566
7447,Pass,0,0.99990916,0.1367605,0,0.9732713
7448,Pass,0,0.9977685,0.46694764,0,0.90181476
7449,Pass,0,0.99999785,0.07717396,0,0.9859048
7450,Pass,0,0.9983935,0.2714373,0,0.9434824
7451,Pass,0,0.9742105,0.54296994,0,0.864927
7452,Pass,0,0.99992883,0.38568765,0,0.92087716
7453,Pass,0,0.99998724,0.067003444,0,0.988036
7454,Pass,0,0.9280375,1.9181384,0,0.5552006
7455,Pass,0,0.6947863,0.84115785,0,0.5732221
7456,Pass,0,0.6976266,1.328145,0,0.5040269
7457,Pass,0,0.99998164,0.24323243,0,0.95092225
7458,Pass,0,0.99385864,0.6223141,0,0.8657661
7459,Pass,0,0.99986756,0.068834126,0,0.9875322
7460,Pass,0,0.9999988,0.06116834,0,0.98927605
7461,Pass,0,0.9674562,0.6066672,0,0.8459541
7462,Pass,0,0.99985707,0.15418346,0,0.96955234
7463,Pass,0,0.9999875,0.056386203,0,0.9902718
7464,Pass,0,0.9999982,0.06851363,0,0.9877287
7465,Pass,0,0.5799938,1.3723474,0,0.41364014
7466,Pass,0,0.99993753,0.11659991,0,0.97754383
7467,Pass,0,0.9930269,0.2103981,0,0.9511745
7468,Pass,0,0.9999503,0.14566436,0,0.9714365
7469,Pass,0,0.9999974,0.08340255,0,0.9845928
7470,Pass,0,0.9999112,0.2854123,0,0.94197416
7471,Pass,0,0.99995196,0.2745965,0,0.94429
7472,Pass,0,0.9997892,0.66275233,0,0.86241895
7473,Pass,0,0.9999999,0.10364185,0,0.9803334
7474,Pass,0,0.9999609,0.09603489,0,0.98189694
7475,Pass,0,0.99949145,0.2453669,0,0.95000684
7476,Pass,0,0.99998,0.2565475,0,0.94811696
7477,Pass,0,0.99999726,0.24458641,0,0.950652
7478,Pass,0,0.99999774,0.14475939,0,0.97167313
7479,Pass,0,0.9889502,1.8309118,0,0.6098062
7480,Pass,0,1.0,0.04109108,0,0.99350494
7481,Pass,0,0.9767272,0.6154779,0,0.8522486
7482,Pass,0,0.9956695,0.50853753,0,0.89119786
7483,Pass,0,0.7824816,0.44892424,0,0.7102013
7484,Pass,0,0.99957424,0.07795187,0,0.9853234
7485,Pass,0,0.9999559,0.3649373,0,0.92527133
7486,Pass,0,0.9826968,0.53009784,0,0.87512493
7487,Pass,0,0.99989355,0.22676367,0,0.95430595
7488,Pass,0,0.5366571,0.9616879,0,0.4291397
7489,Pass,0,0.99975103,0.20106354,0,0.95958036
7490,Pass,0,0.99912554,0.38983297,0,0.9192653
7491,Pass,0,0.9974038,0.5159528,0,0.89119285
7492,Pass,0,0.99999976,0.18733993,0,0.96270883
7493,Pass,0,0.99994147,0.08675186,0,0.9838325
7494,Pass,0,0.9059244,0.49155098,0,0.81410974
7495,Pass,0,0.9651634,0.7185681,0,0.821207
7496,Pass,0,0.99997663,0.13523167,0,0.97365886
7497,Pass,0,0.98650265,0.83647996,0,0.81486964
7498,Pass,0,0.9986463,0.58907753,0,0.8769259
7499,Pass,0,0.9959858,0.24139509,0,0.9475078
7500,Pass,0,0.9986082,0.2806524,0,0.9417476
7501,Pass,0,0.9999372,0.24277359,0,0.9509766
7502,Pass,0,0.9798851,0.110577986,0,0.95918304
7503,Pass,0,0.9999956,0.07903136,0,0.9855114
7504,Pass,0,0.6002707,0.76914525,0,0.5043459
7505,Pass,0,0.9999852,0.07329189,0,0.9867098
7506,Pass,0,0.99940705,0.21712938,0,0.95586914
7507,Pass,0,0.9993932,0.1708224,0,0.96560097
7508,Pass,0,0.99888843,0.42312366,0,0.9120448
7509,Pass,0,0.9999894,0.102773964,0,0.9805058
7510,Pass,0,0.9843172,0.51195365,0,0.8803287
7511,Pass,0,0.999954,0.04409994,0,0.9928257
7512,Pass,0,0.9999888,0.12655063,0,0.9754987
7513,Pass,0,0.9267615,0.803196,0,0.7720177
7514,Pass,0,0.99999785,0.28116772,0,0.9429496
7515,Pass,0,0.9997633,0.19928566,0,0.95996636
7516,Pass,0,0.3687374,1.6422952,0,0.242016
7517,Pass,0,0.9381166,0.76824147,0,0.78838176
7518,Pass,0,0.9999888,0.1429575,0,0.9720439
7519,Pass,0,0.99647176,0.25866476,0,0.9443464
7520,Pass,0,0.99829847,0.31147733,0,0.9349757
7521,Pass,0,0.99960524,1.9701855,0,0.5870608
7522,Pass,0,0.99999464,0.17662135,0,0.96496093
7523,Pass,0,0.9999994,0.073139764,0,0.9867558
7524,Pass,0,0.90004456,0.39865083,0,0.82643265
7525,Pass,0,0.9999914,0.19658796,0,0.9607535
7526,Pass,0,0.99998915,0.10066053,0,0.98095065
7527,Pass,0,0.99983764,0.22447523,0,0.95473444
7528,Pass,0,0.9974915,0.37807608,0,0.9202313
7529,Pass,0,0.99908733,0.2821533,0,0.9418837
7530,Pass,0,0.9999553,0.14702973,0,0.97115386
7531,Pass,0,0.9999709,0.22607684,0,0.9545244
7532,Pass,0,0.99999726,0.11801465,0,0.97730434
7533,Pass,0,0.9999703,0.11078387,0,0.9788006
7534,Pass,0,0.999969,0.3562528,0,0.9271121
7535,Pass,0,0.9997739,0.18518558,0,0.962945
7536,Pass,0,0.97237587,2.5208802,0,0.4583119
7537,Pass,0,0.999863,0.1473145,0,0.97100425
7538,Pass,0,0.9999969,0.094272144,0,0.9823035
7539,Pass,0,0.9999732,0.1403601,0,0.9725756
7540,Pass,0,0.60078555,0.64336044,0,0.52069134
7541,Pass,0,0.99431664,0.28015926,0,0.9378036
7542,Pass,0,0.99998593,0.16136156,0,0.9681658
7543,Pass,0,0.99976784,0.15892117,0,0.96846837
7544,Pass,0,0.99988544,0.25120422,0,0.94915235
7545,Pass,0,0.8761794,0.68930984,0,0.75089324
7546,Pass,0,0.999982,0.15376121,0,0.9697623
7547,Pass,0,0.999985,0.3857114,0,0.9209239
7548,Pass,0,0.999897,0.066471264,0,0.9880588
7549,Pass,0,0.9952642,0.4284035,0,0.90762913
7550,Pass,0,0.99843293,0.3088384,0,0.9356564
7551,Pass,0,0.9998104,0.24674436,0,0.95002
7552,Pass,0,0.99999845,0.0938818,0,0.9823872
7553,Pass,0,0.9998678,0.15641752,0,0.9690923
7554,Pass,0,0.99993646,0.36827776,0,0.92454994
7555,Pass,0,0.99988604,0.18220547,0,0.9636804
7556,Pass,0,0.7853204,0.8725654,0,0.6427221
7557,Pass,0,0.9999367,0.03844628,0,0.9939989
7558,Pass,0,0.99966574,0.10653065,0,0.9793978
7559,Pass,0,0.9999186,0.15211762,0,0.97004694
7560,Pass,0,0.99683964,0.28122008,0,0.93996054
7561,Pass,0,0.81343454,0.93648916,0,0.654782
7562,Pass,0,0.995998,0.20623678,0,0.9548932
7563,Pass,0,0.99973685,0.13775156,0,0.9728949
7564,Pass,0,0.9995834,0.3007405,0,0.9384391
7565,Pass,0,0.999974,0.18573898,0,0.96302116
7566,Pass,0,0.999984,0.11800399,0,0.97729367
7567,Pass,0,0.99995995,0.019944957,0,0.9979177
7568,Pass,0,0.9996898,0.24060343,0,0.95119816
7569,Pass,0,0.99982256,0.098610505,0,0.9812188
7570,Pass,0,0.99999356,0.5091368,0,0.89494205
7571,Pass,0,0.9999261,0.3311808,0,0.9323514
7572,Pass,0,0.9999814,0.16513887,0,0.967366
7573,Pass,0,0.9999982,0.10340622,0,0.9803814
7574,Pass,0,0.9827597,1.3470004,0,0.7061302
7575,Pass,0,0.99521905,0.36712086,0,0.9204307
7576,Pass,0,0.99592435,0.26883066,0,0.94169575
7577,Pass,0,0.99455667,0.48800567,0,0.8945017
7578,Pass,0,0.99999344,0.117021665,0,0.9775097
7579,Pass,0,0.80000085,1.0480347,0,0.6251777
7580,Pass,0,0.76043624,0.8344,0,0.6284676
7581,Pass,0,0.9996816,0.21635589,0,0.9562946
7582,Pass,0,0.9999982,0.0437726,0,0.9929385
7583,Pass,0,0.9998658,0.22552857,0,0.9545395
7584,Pass,0,0.99991214,0.19460003,0,0.96109587
7585,Pass,0,0.9999348,0.2738661,0,0.94442755
7586,Pass,0,0.74729383,0.50773597,0,0.66900945
7587,Pass,0,0.9999987,0.12028546,0,0.9768276
7588,Pass,0,0.9999502,0.23613842,0,0.9523861
7589,Pass,0,0.9943262,0.2383301,0,0.9465707
7590,Pass,0,0.9999999,0.0485555,0,0.991933
7591,Pass,0,0.99745125,0.44154325,0,0.90686387
7592,Pass,0,0.99992645,0.09362958,0,0.9823696
7593,Pass,0,0.99996173,0.3581874,0,0.926698
7594,Pass,0,0.9999356,0.2137636,0,0.9570834
7595,Pass,0,0.999212,0.34041223,0,0.92974323
7596,Pass,0,0.9996056,0.095601745,0,0.9816392
7597,Pass,0,0.99993503,0.19142668,0,0.9617861
7598,Pass,0,0.9999999,0.12469432,0,0.97590035
7599,Pass,0,0.99885094,0.69429994,0,0.8549742
7600,Pass,0,0.99965465,0.13497151,0,0.9734001
7601,Pass,0,0.9999958,0.10180024,0,0.9807172
7602,Pass,0,0.9137635,0.7462368,0,0.7721497
7603,Pass,0,0.9990477,0.2760681,0,0.94312644
7604,Pass,0,0.81499326,0.43463373,0,0.7421623
7605,Pass,0,0.673631,0.5086102,0,0.6029393
7606,Pass,0,0.92640394,0.38861492,0,0.8525939
7607,Pass,0,0.8804455,0.473557,0,0.79454917
7608,Pass,0,0.851746,0.9294431,0,0.6868849
7609,Pass,0,0.9999751,0.2656041,0,0.94620526
7610,Pass,0,0.9999993,0.07422699,0,0.9865267
7611,Pass,0,0.99775946,0.3617417,0,0.9239103
7612,Pass,0,0.9999783,0.1423454,0,0.97216254
7613,Pass,0,0.9967457,1.2363158,0,0.7394106
7614,Pass,0,0.6426923,0.8243629,0,0.53251576
7615,Pass,0,0.9606723,0.46314675,0,0.869055
7616,Pass,0,0.68524677,0.85965633,0,0.56268245
7617,Pass,0,0.9449392,0.69762516,0,0.8081664
7618,Pass,0,0.9998995,0.13106373,0,0.9744613
7619,Pass,0,0.99998915,0.26345268,0,0.94667166
7620,Pass,0,0.99951243,0.088622764,0,0.9830166
7621,Pass,0,0.9991007,0.625512,0,0.8696597
7622,Pass,0,0.9815138,0.6296729,0,0.8534914
7623,Pass,0,0.99762875,0.43669432,0,0.9080438
7624,Pass,0,0.99999964,0.24426451,0,0.95072204
7625,Pass,0,0.9950683,0.55646294,0,0.88061786
7626,Pass,0,0.8648218,0.90478736,0,0.70191973
7627,Pass,0,0.99999535,0.17469795,0,0.96536666
7628,Pass,0,0.99982065,0.21918195,0,0.9558326
7629,Pass,0,0.99999845,0.098550595,0,0.98140407
7630,Pass,0,0.9999994,0.23891084,0,0.9518491
7631,Pass,0,0.99436957,3.500477,0,0.26356447
7632,Pass,0,0.99997604,0.14632018,0,0.97132343
7633,Pass,0,0.9484377,1.3182244,0,0.6872162
7634,Pass,0,0.34115797,1.1483117,0,0.25940144
7635,Pass,0,0.94827986,0.46443436,0,0.8575872
7636,Pass,0,0.9999987,0.0834322,0,0.9845878
7637,Pass,0,0.999984,0.059327014,0,0.9896492
7638,Pass,0,0.999835,0.32719466,0,0.9331057
7639,Pass,0,0.995564,0.34136078,0,0.92614996
7640,Pass,0,0.9998153,0.2928982,0,0.9403078
7641,Pass,0,0.9996973,0.1545405,0,0.9693222
7642,Pass,0,0.8668338,1.0148276,0,0.68346703
7643,Pass,0,0.9999975,0.27136216,0,0.945014
7644,Pass,0,0.9994276,0.31848615,0,0.93455815
7645,Pass,0,0.82198143,0.41870534,0,0.75128293
7646,Pass,0,0.99972886,0.21854883,0,0.95587814
7647,Pass,0,0.9994692,0.14969389,0,0.970121
7648,Pass,0,0.99996877,0.39207977,0,0.919568
7649,Pass,0,0.99999714,0.11834021,0,0.9772357
7650,Pass,0,0.6542187,1.529067,0,0.4449862
7651,Pass,0,0.999985,0.2705236,0,0.9451788
7652,Pass,0,0.9998963,0.079536684,0,0.98530716
7653,Pass,0,0.9999782,0.2067191,0,0.9586075
7654,Pass,0,0.9994486,0.3147195,0,0.9353705
7655,Pass,0,0.99998724,0.18024142,0,0.96419156
7656,Pass,0,0.6301004,0.63014305,0,0.54785174
7657,Pass,0,0.99998033,0.09297659,0,0.98256004
7658,Pass,0,0.9979365,0.2601786,0,0.94541645
7659,Pass,0,0.99795306,0.5572902,0,0.882997
7660,Pass,0,0.9999329,0.36862722,0,0.9244731
7661,Pass,0,0.9999962,0.179265,0,0.9644058
7662,Pass,0,0.9998981,0.12699549,0,0.97531646
7663,Pass,0,0.99985397,0.19852298,0,0.960214
7664,Pass,0,0.99980015,0.19679962,0,0.96052516
7665,Pass,0,0.99999535,0.09536141,0,0.98207253
7666,Pass,0,1.0,0.17355484,0,0.9656118
7667,Pass,0,0.767314,0.50822604,0,0.6868532
7668,Pass,0,0.99928075,0.44659787,0,0.9074636
7669,Pass,0,0.980594,0.21315172,0,0.938697
7670,Pass,0,0.9999558,0.07628162,0,0.9860512
7671,Pass,0,0.99999845,0.22615369,0,0.95453453
7672,Pass,0,0.99999964,0.12116527,0,0.9766432
7673,Pass,0,0.9993469,0.2586819,0,0.94706756
7674,Pass,0,0.9999609,0.10780589,0,0.97941834
7675,Pass,0,0.99993396,0.057977993,0,0.98988366
7676,Pass,0,0.99974436,0.21777946,0,0.9560549
7677,Pass,0,0.99894696,0.27797005,0,0.9426313
7678,Pass,0,0.8636613,1.8372669,0,0.53139484
7679,Pass,0,0.99998105,0.102180555,0,0.98062265
7680,Pass,0,0.9687284,0.53677887,0,0.86132276
7681,Pass,0,0.9999994,0.11163421,0,0.97865
7682,Pass,0,0.99998856,0.13399363,0,0.97393113
7683,Pass,0,0.99985504,0.1417925,0,0.9721591
7684,Pass,0,0.9997187,0.13059253,0,0.97438437
7685,Pass,0,0.9989531,0.26752308,0,0.94483465
7686,Pass,0,0.9999999,0.06888823,0,0.9876515
7687,Pass,0,0.999997,0.12569381,0,0.9756871
7688,Pass,0,0.99626774,2.4080899,0,0.49323466
7689,Pass,0,0.99887234,0.098807044,0,0.980245
7690,Pass,0,0.9993604,0.21449222,0,0.95637953
7691,Pass,0,0.9342383,0.69855785,0,0.7988309
7692,Pass,0,0.9999653,0.20538239,0,0.9588766
7693,Pass,0,0.999866,0.169918,0,0.9662482
7694,Pass,0,0.99916005,0.19230393,0,0.9608561
7695,Pass,0,0.99998677,0.085890576,0,0.98405844
7696,Pass,0,0.9842905,0.24243625,0,0.9361659
7697,Pass,0,0.9999994,0.1174439,0,0.9774266
7698,Pass,0,0.9985832,0.08782498,0,0.9822704
7699,Pass,0,0.99999964,0.06758009,0,0.9879267
7700,Pass,0,0.9999919,0.3155597,0,0.9357021
7701,Pass,0,0.99895954,0.50954014,0,0.8939318
7702,Pass,0,0.99983287,0.18789434,0,0.9624315
7703,Pass,0,0.99994814,0.17427588,0,0.96540993
7704,Pass,0,0.99984586,0.13863875,0,0.9728142
7705,Pass,0,0.99999595,0.110936135,0,0.97879356
7706,Pass,0,0.9999685,0.32656437,0,0.933363
7707,Pass,0,0.99999523,0.06423155,0,0.9886275
7708,Pass,0,0.998431,0.3605561,0,0.9247815
7709,Pass,0,0.9999877,0.020942157,0,0.99773544
7710,Pass,0,0.99978083,0.16317576,0,0.96758527
7711,Pass,0,0.9992874,0.28166285,0,0.9421755
7712,Pass,0,0.99447554,0.5038186,0,0.89111745
7713,Pass,0,0.99995196,0.16408771,0,0.96755886
7714,Pass,0,0.8655886,0.7441436,0,0.7318224
7715,Pass,0,0.999998,0.16985601,0,0.96638876
7716,Pass,0,0.38844988,0.8660627,0,0.31844708
7717,Pass,0,0.99364215,0.550239,0,0.880658
7718,Pass,0,0.9987405,0.35660163,0,0.92589974
7719,Pass,0,0.9999862,0.13469079,0,0.973782
7720,Pass,0,0.9999982,0.16797043,0,0.966786
7721,Pass,0,0.9948906,0.46920824,0,0.89874005
7722,Pass,0,0.9995382,0.14283061,0,0.97163254
7723,Pass,0,0.9999927,0.20082685,0,0.9598622
7724,Pass,0,0.99244845,0.6385737,0,0.8611397
7725,Pass,0,0.9981713,0.37254182,0,0.9220217
7726,Pass,0,0.999923,0.15526307,0,0.9693889
7727,Pass,0,0.99625623,0.32366216,0,0.9305068
7728,Pass,0,0.99984205,0.096066944,0,0.9817735
7729,Pass,0,0.9814184,0.6178695,0,0.8558477
7730,Pass,0,0.85896635,0.7671066,0,0.7220701
7731,Pass,0,0.92753285,0.366889,0,0.85787624
7732,Pass,0,0.999468,0.22082283,0,0.9551502
7733,Pass,0,0.99961925,0.27009523,0,0.9449233
7734,Pass,0,0.99991107,0.071145736,0,0.9870885
7735,Pass,0,0.90156347,0.2926235,0,0.84795594
7736,Pass,0,0.68504447,0.7067379,0,0.584575
7737,Pass,0,1.0,0.0474129,0,0.99217373
7738,Pass,0,1.0,0.0853734,0,0.98418033
7739,Pass,0,0.9999987,0.109790415,0,0.9790375
7740,Pass,0,0.99982315,0.17761584,0,0.96458614
7741,Pass,0,0.8781508,0.4099435,0,0.80424136
7742,Pass,0,0.93821496,0.4804384,0,0.84532315
7743,Pass,0,0.99990714,0.16951251,0,0.96637326
7744,Pass,0,0.99993575,0.31415582,0,0.93594515
7745,Pass,0,0.99994516,0.4657504,0,0.9040342
7746,Pass,0,0.9487151,0.3876911,0,0.873312
7747,Pass,0,0.9999541,0.17749551,0,0.9647378
7748,Pass,0,0.9999969,0.09987117,0,0.98112446
7749,Pass,0,0.763375,0.8580065,0,0.6271017
7750,Pass,0,0.9979401,0.22640997,0,0.95251596
7751,Pass,0,0.8467569,0.6462735,0,0.73335135
7752,Pass,0,0.999987,0.13158031,0,0.97443783
7753,Pass,0,0.63277173,0.32062167,0,0.5914161
7754,Pass,0,0.9998047,2.0219152,0,0.5762872
7755,Pass,0,0.99994254,0.027616343,0,0.9962851
7756,Pass,0,0.99995935,0.08833928,0,0.9835158
7757,Pass,0,0.9995307,0.12186323,0,0.97603834
7758,Pass,0,0.9999945,0.048986223,0,0.991837
7759,Pass,0,0.9998011,0.08694346,0,0.983654
7760,Pass,0,0.9983311,0.20714942,0,0.9569381
7761,Pass,0,0.9998933,0.2894278,0,0.94111186
7762,Pass,0,0.98946595,0.39991415,0,0.9082773
7763,Pass,0,0.99386406,0.8316997,0,0.82195073
7764,Pass,0,0.9727198,0.8482408,0,0.8010758
7765,Pass,0,0.9997508,0.17581862,0,0.96489465
7766,Pass,0,0.9999956,0.092778444,0,0.9826167
7767,Pass,0,0.9940042,0.3116618,0,0.93091524
7768,Pass,0,0.9998547,0.037843067,0,0.99404436
7769,Pass,0,0.99898654,0.5238696,0,0.8909417
7770,Pass,0,0.9999125,0.5836628,0,0.87917787
7771,Pass,0,0.999998,0.108790085,0,0.9792475
7772,Pass,0,0.9990472,0.2813267,0,0.94201976
7773,Pass,0,0.9999801,0.18197678,0,0.9638192
7774,Pass,0,0.99999607,0.13451856,0,0.97382796
7775,Pass,0,0.99999607,0.060979523,0,0.9893131
7776,Pass,0,0.95645624,0.51110387,0,0.8555823
7777,Pass,0,0.9999058,0.043587927,0,0.99288565
7778,Pass,0,0.9998387,0.25825563,0,0.9476234
7779,Pass,0,0.99854267,0.095629126,0,0.9805897
7780,Pass,0,0.99998486,0.14242084,0,0.97215307
7781,Pass,0,0.9999659,0.21881892,0,0.9560479
7782,Pass,0,0.9978871,0.1742745,0,0.96342033
7783,Pass,0,0.8102366,0.6767009,0,0.6965309
7784,Pass,0,0.6043296,1.25017,0,0.4465436
7785,Pass,0,0.9999788,0.13176031,0,0.9743919
7786,Pass,0,0.99932754,0.44618076,0,0.90759385
7787,Pass,0,0.99975723,0.3258809,0,0.9333097
7788,Pass,0,0.9998211,0.21974565,0,0.95571434
7789,Pass,0,0.99687356,0.50108737,0,0.8938395
7790,Pass,0,0.99995077,0.10910507,0,0.9791349
7791,Pass,0,0.99999726,0.17952034,0,0.964353
7792,Pass,0,0.99999976,0.08571955,0,0.9841072
7793,Pass,0,0.9979963,0.24234165,0,0.9492215
7794,Pass,0,0.99806935,0.28770837,0,0.93975645
7795,Pass,0,0.9991478,0.26135573,0,0.9463163
7796,Pass,0,0.99999917,0.24146172,0,0.9513118
7797,Pass,0,0.51726985,1.0431203,0,0.40476686
7798,Pass,0,0.9999738,0.13060705,0,0.9746298
7799,Pass,0,0.6270411,0.7670028,0,0.52712125
7800,Pass,0,0.99999654,0.07492211,0,0.98637766
7801,Pass,0,0.9998988,0.09991622,0,0.9810187
7802,Pass,0,0.9999242,0.12227171,0,0.9763366
7803,Pass,0,0.9999902,0.11362709,0,0.97822136
7804,Pass,0,0.99999917,0.17512123,0,0.9652812
7805,Pass,0,0.9999969,0.146095,0,0.9713911
7806,Pass,0,0.99897885,0.5134838,0,0.8931195
7807,Pass,0,0.99995244,0.15283464,0,0.9699288
7808,Pass,0,0.9999989,0.12244313,0,0.97637343
7809,Pass,0,0.9994254,0.23397684,0,0.95234114
7810,Pass,0,0.7008531,1.0042889,0,0.55415255
7811,Pass,0,0.9999695,0.13940357,0,0.97277343
7812,Pass,0,0.571121,1.1984402,0,0.42822662
7813,Pass,0,0.99982554,0.26982394,0,0.9451754
7814,Pass,0,0.9998528,0.20050341,0,0.9597959
7815,Pass,0,0.9999969,0.17570211,0,0.9651567
7816,Pass,0,0.99986875,0.16582566,0,0.9671124
7817,Pass,0,1.0,0.080342315,0,0.98523974
7818,Pass,0,0.9998722,0.14822792,0,0.97082084
7819,Pass,0,0.99994314,0.056896616,0,0.9901204
7820,Pass,0,0.9999459,0.19971047,0,0.96005225
7821,Pass,0,0.99993694,0.17932987,0,0.96433496
7822,Pass,0,0.999613,0.09726588,0,0.9812962
7823,Pass,0,0.999236,0.64695555,0,0.8652656
7824,Pass,0,0.998609,0.48076358,0,0.89966923
7825,Pass,0,0.9918345,0.48707646,0,0.8922475
7826,Pass,0,0.564997,0.4075375,0,0.51773036
7827,Pass,0,0.9887573,0.89782816,0,0.8039591
7828,Pass,0,0.9085654,0.94468284,0,0.72979087
7829,Pass,0,0.99984777,0.08748951,0,0.983585
7830,Pass,0,0.9994973,0.4773633,0,0.9011852
7831,Pass,0,0.9967685,0.12241215,0,0.97322583
7832,Pass,0,0.99937975,0.5320918,0,0.8895621
7833,Pass,0,0.99909043,0.45003018,0,0.90656865
7834,Pass,0,0.9637955,0.58451295,0,0.84724927
7835,Pass,0,0.9989931,0.4041092,0,0.91614026
7836,Pass,0,0.99669564,2.7946374,0,0.4123196
7837,Pass,0,0.9999795,0.15656567,0,0.96916944
7838,Pass,0,0.9785362,0.120475985,0,0.9558231
7839,Pass,0,0.99977034,0.54733646,0,0.8867004
7840,Pass,0,0.96892506,0.6922596,0,0.8297752
7841,Pass,0,0.9999534,0.06956602,0,0.9874629
7842,Pass,0,0.99999976,0.028008968,0,0.9962594
7843,Pass,0,0.95243937,0.79387885,0,0.7952767
7844,Pass,0,0.9734514,0.5801291,0,0.85663617
7845,Pass,0,0.9987411,0.28504753,0,0.9409486
7846,Pass,0,0.999571,0.2517462,0,0.9487398
7847,Pass,0,0.9999156,0.17369331,0,0.9655012
7848,Pass,0,0.99999964,0.15825729,0,0.96883273
7849,Pass,0,0.99999535,0.037438076,0,0.9942695
7850,Pass,0,0.9990101,0.31398487,0,0.9351147
7851,Pass,0,0.9999944,0.16814184,0,0.9667462
7852,Pass,0,0.9615398,0.5269678,0,0.8569177
7853,Pass,0,0.99833375,0.3141926,0,0.93443793
7854,Pass,0,0.99785906,0.17601414,0,0.9630278
7855,Pass,0,0.99999774,0.18733516,0,0.9627079
7856,Pass,0,0.99932015,0.33725497,0,0.9305082
7857,Pass,0,0.99974674,0.42140657,0,0.91319
7858,Pass,0,0.99989617,0.08546371,0,0.98405915
7859,Pass,0,0.99999356,0.085367344,0,0.98417526
7860,Pass,0,0.9999888,0.06429603,0,0.9886075
7861,Pass,0,0.8442958,1.4702095,0,0.58473676
7862,Pass,0,0.9999769,0.056997992,0,0.9901325
7863,Pass,0,0.9999136,0.18141152,0,0.9638741
7864,Pass,0,0.9992798,0.28740528,0,0.94096
7865,Pass,0,0.9489831,0.46104994,0,0.85889953
7866,Pass,0,0.9998436,0.46062997,0,0.9050204
7867,Pass,0,0.9998878,0.08928248,0,0.98324686
7868,Pass,0,0.9981483,0.3609546,0,0.92443585
7869,Pass,0,0.9544743,0.93238324,0,0.76913846
7870,Pass,0,0.9999958,0.3191223,0,0.9349556
7871,Pass,0,0.99999547,0.21747679,0,0.9563588
7872,Pass,0,0.99993956,0.26266626,0,0.9467903
7873,Pass,0,0.99999356,0.09474314,0,0.98220104
7874,Pass,0,0.94364214,0.4041643,0,0.86536896
7875,Pass,0,0.9999838,0.07974323,0,0.9853499
7876,Pass,0,0.99894947,0.2649831,0,0.9453654
7877,Pass,0,0.9999771,0.17156185,0,0.9660094
7878,Pass,0,0.99999785,0.07758661,0,0.9858179
7879,Pass,0,0.9988243,0.31832823,0,0.93402725
7880,Pass,0,0.9952187,0.4681641,0,0.8992553
7881,Pass,0,0.9999912,0.15342118,0,0.96984285
7882,Pass,0,0.9936516,0.3325891,0,0.9262063
7883,Pass,0,0.9996964,0.1417146,0,0.9720213
7884,Pass,0,0.9996226,0.08998893,0,0.9828373
7885,Pass,0,0.99999976,0.029611906,0,0.99592185
7886,Pass,0,0.99999833,0.058910962,0,0.9897509
7887,Pass,0,0.98206615,0.67274606,0,0.8450644
7888,Pass,0,0.93624496,1.029083,0,0.7353849
7889,Pass,0,0.9999995,0.11906127,0,0.9770861
7890,Pass,0,0.9999505,0.19761759,0,0.9604974
7891,Pass,0,0.9999727,0.11221252,0,0.9785021
7892,Pass,0,0.99768686,0.43816411,0,0.907788
7893,Pass,0,0.9970282,0.5309571,0,0.8877071
7894,Pass,0,0.99986434,0.15115435,0,0.97019714
7895,Pass,0,0.6905255,1.3839477,0,0.4907824
7896,Pass,0,0.9999907,0.027237354,0,0.9964129
7897,Pass,0,0.9992244,0.47581786,0,0.9012643
7898,Pass,0,0.9999505,0.18157732,0,0.9638748
7899,Pass,0,0.99986935,0.1844194,0,0.9631982
7900,Pass,0,0.99960476,0.1044048,0,0.97978544
7901,Pass,0,0.99907947,0.25370574,0,0.947861
7902,Pass,0,0.9997663,0.28543803,0,0.94183224
7903,Pass,0,0.98704743,0.6372259,0,0.85673344
7904,Pass,0,0.9999263,0.089780934,0,0.9831798
7905,Pass,0,0.99999785,0.1953507,0,0.9610202
7906,Pass,0,0.99999976,0.09692838,0,0.981747
7907,Pass,0,0.70625395,0.8915645,0,0.57518697
7908,Pass,0,0.99822444,0.5182335,0,0.89144665
7909,Pass,0,0.8251419,1.1153507,0,0.63312846
7910,Pass,0,0.9999149,0.19393328,0,0.96123886
7911,Pass,0,0.9999993,0.10858562,0,0.9792918
7912,Pass,0,0.9999933,0.1930174,0,0.96150714
7913,Pass,0,0.9998982,0.24775198,0,0.94989127
7914,Pass,0,0.99916184,0.11865521,0,0.9763531
7915,Pass,0,0.96402854,0.44085526,0,0.8766162
7916,Pass,0,0.9999993,0.119607575,0,0.97697085
7917,Pass,0,0.9994355,0.4083477,0,0.91565394
7918,Pass,0,0.9971311,1.928083,0,0.594448
7919,Pass,0,0.9998272,0.103601776,0,0.9801726
7920,Pass,0,0.5804913,0.88523,0,0.4735377
7921,Pass,0,0.98740965,0.29391,0,0.92843014
7922,Pass,0,0.966452,0.40746966,0,0.8856141
7923,Pass,0,0.99999857,0.14923115,0,0.97073233
7924,Pass,0,0.99268746,0.64321935,0,0.860376
7925,Pass,0,0.9998535,0.18430799,0,0.9632064
7926,Pass,0,0.99991333,0.18442917,0,0.96323854
7927,Pass,0,0.99999464,0.16919486,0,0.9665247
7928,Pass,0,0.9999925,0.18168576,0,0.96389246
7929,Pass,0,0.99941695,0.24279962,0,0.95047635
7930,Pass,0,0.998398,0.31893173,0,0.9335017
7931,Pass,0,0.9999448,0.14865917,0,0.9708006
7932,Pass,0,0.9999391,0.14750043,0,0.97103906
7933,Pass,0,0.99999726,0.19472264,0,0.9611519
7934,Pass,0,0.9996691,0.19160746,0,0.9614922
7935,Pass,0,0.9999771,0.28151143,0,0.9428577
7936,Pass,0,0.99994254,0.37992072,0,0.92210406
7937,Pass,0,0.9999957,0.0607018,0,0.98937124
7938,Pass,0,0.9997099,0.31201786,0,0.9361838
7939,Pass,0,0.99999774,0.095964395,0,0.98194796
7940,Pass,0,0.9999858,0.56283206,0,0.8836286
7941,Pass,0,0.9977258,0.33850807,0,0.92876035
7942,Pass,0,0.9999943,0.21287015,0,0.95732766
7943,Pass,0,0.9995969,0.10186367,0,0.9803126
7944,Pass,0,0.9993592,0.23728067,0,0.95158285
7945,Pass,0,0.99999774,0.12516229,0,0.97579974
7946,Pass,0,0.990983,0.4769788,0,0.8935886
7947,Pass,0,0.99999833,0.11291944,0,0.9783783
7948,Pass,0,0.99999344,0.075567685,0,0.9862387
7949,Pass,0,0.9999987,0.15765291,0,0.9689591
7950,Pass,0,0.99996793,0.2678744,0,0.9457205
7951,Pass,0,0.99999464,0.060561776,0,0.9893997
7952,Pass,0,0.6937266,0.8008395,0,0.5782375
7953,Pass,0,0.99989426,0.30009207,0,0.9388674
7954,Pass,0,0.9994911,0.14517267,0,0.9710939
7955,Pass,0,0.999335,0.13606742,0,0.97285825
7956,Pass,0,0.99998546,0.08430151,0,0.98439175
7957,Pass,0,0.48973927,0.93301004,0,0.3945791
7958,Pass,0,0.99915123,0.53191054,0,0.8893968
7959,Pass,0,0.9999821,0.13894625,0,0.97288203
7960,Pass,0,0.9996263,0.35525215,0,0.92700505
7961,Pass,0,0.9890837,1.1396325,0,0.7538632
7962,Pass,0,0.99998736,0.21158381,0,0.95759195
7963,Pass,0,0.99717534,0.34761488,0,0.92633575
7964,Pass,0,0.99560225,0.46323216,0,0.9006358
7965,Pass,0,0.99996245,0.26968142,0,0.9453348
7966,Pass,0,0.99782723,0.176192,0,0.9629597
7967,Pass,0,1.0,0.11401026,0,0.97815025
7968,Pass,0,0.999979,0.06246809,0,0.9889828
7969,Pass,0,0.9999939,0.06436473,0,0.98859817
7970,Pass,0,0.6338585,1.033767,0,0.4972466
7971,Pass,0,0.99881727,0.1797189,0,0.96317333
7972,Pass,0,0.99999976,0.05860434,0,0.9898169
7973,Pass,0,0.9968509,0.21245511,0,0.95440555
7974,Pass,0,0.9999964,0.13478616,0,0.9737719
7975,Pass,0,0.999966,0.095693946,0,0.98197377
7976,Pass,0,0.99820626,0.07339474,0,0.9849328
7977,Pass,0,0.8615388,0.8464869,0,0.7098318
7978,Pass,0,0.9998963,0.29642665,0,0.93964106
7979,Pass,0,0.99930286,0.1822826,0,0.96310216
7980,Pass,0,0.99999774,0.1474342,0,0.97110987
7981,Pass,0,0.999008,0.32066447,0,0.9337076
7982,Pass,0,0.8835101,0.5451927,0,0.7839876
7983,Pass,0,0.99999845,0.11029884,0,0.97893023
7984,Pass,0,0.9985831,0.32217726,0,0.9329923
7985,Pass,0,0.9781913,0.5004625,0,0.87721694
7986,Pass,0,0.9999999,0.035415553,0,0.9946999
7987,Pass,0,0.9998301,0.16854815,0,0.9665019
7988,Pass,0,0.47853017,1.1352475,0,0.36516964
7989,Pass,0,0.999995,0.18387572,0,0.96343374
7990,Pass,0,0.99999833,0.16579035,0,0.9672452
7991,Pass,0,0.9703005,1.21887,0,0.7233574
7992,Pass,0,0.999647,0.1220861,0,0.976105
7993,Pass,0,0.99990404,0.5562564,0,0.88494086
7994,Pass,0,0.9933616,1.0218872,0,0.78175294
7995,Pass,0,0.9999877,0.0840068,0,0.984456
7996,Pass,0,0.99997604,0.4298924,0,0.91161263
7997,Pass,0,0.9999913,0.24145278,0,0.95130616
7998,Pass,0,0.9999999,0.11113721,0,0.9787551
7999,Pass,0,0.9994248,0.08745277,0,0.98317665
8000,Pass,0,0.9993104,0.20319128,0,0.95870966
8001,Pass,0,0.9995708,0.38305905,0,0.9211007
8002,Pass,0,0.9958651,0.24224147,0,0.9472155
8003,Pass,0,0.99999905,0.0868538,0,0.98386765
8004,Pass,0,0.9999987,0.1632582,0,0.96777874
8005,Pass,0,0.99999976,0.07216617,0,0.9869612
8006,Pass,0,0.9995839,0.13749151,0,0.9728008
8007,Pass,0,0.99936384,0.357393,0,0.9263111
8008,Pass,0,0.9998908,0.29115188,0,0.9407465
8009,Pass,0,0.9997702,0.16614293,0,0.96695036
8010,Pass,0,0.99898905,0.18315172,0,0.96261686
8011,Pass,0,0.99998677,0.21417476,0,0.9570458
8012,Pass,0,0.99895006,0.3187786,0,0.9340501
8013,Pass,0,0.99999607,0.052650124,0,0.99106705
8014,Pass,0,0.99223936,0.36756626,0,0.91758186
8015,Pass,0,0.97721696,0.3309148,0,0.91123164
8016,Pass,0,0.9999285,0.21583354,0,0.9566407
8017,Pass,0,0.99997747,0.1384053,0,0.9729914
8018,Pass,0,0.99902487,0.03981081,0,0.9928055
8019,Pass,0,0.54731005,0.49323502,0,0.4916466
8020,Pass,0,0.62270826,1.3007663,0,0.4534893
8021,Pass,0,0.95589244,0.817509,0,0.79340357
8022,Pass,0,0.9989588,0.6091637,0,0.8729752
8023,Pass,0,0.99999976,0.04563302,0,0.9925483
8024,Pass,0,0.99999917,0.035841372,0,0.99460953
8025,Pass,0,0.99997365,0.12844078,0,0.97508585
8026,Pass,0,0.9999993,0.10761421,0,0.97949636
8027,Pass,0,0.99899095,0.3099395,0,0.9359477
8028,Pass,0,0.9999405,0.1305566,0,0.97460806
8029,Pass,0,0.99999,0.17397705,0,0.9655133
8030,Pass,0,0.9999709,0.41818228,0,0.9140737
8031,Pass,0,0.9999968,0.065687135,0,0.98832256
8032,Pass,0,0.7333706,1.0513624,0,0.5725942
8033,Pass,0,0.99220383,0.33075213,0,0.9252405
8034,Pass,0,0.99999976,0.19481249,0,0.9611353
8035,Pass,0,0.89875567,0.45420843,0,0.81473476
8036,Pass,0,0.97110695,0.7216468,0,0.8256344
8037,Pass,0,0.99999344,0.13671072,0,0.97336376
8038,Pass,0,0.9998404,0.38189018,0,0.9215952
8039,Pass,0,0.6417383,1.00108,0,0.5078451
8040,Pass,0,0.9711576,0.6067463,0,0.84917444
8041,Pass,0,0.83209336,1.8812243,0,0.50426966
8042,Pass,0,0.9998765,0.09950948,0,0.9810825
8043,Pass,0,0.998108,0.42224357,0,0.91151726
8044,Pass,0,0.99999964,0.088934205,0,0.98343015
8045,Pass,0,0.56291306,0.90985566,0,0.45627922
8046,Pass,0,0.98178226,0.4116669,0,0.89879435
8047,Pass,0,0.9951834,0.31284153,0,0.93177235
8048,Pass,0,0.9999999,0.060853235,0,0.98934346
8049,Pass,0,0.8906882,0.61773705,0,0.7767511
8050,Pass,0,0.99901795,0.4062496,0,0.91571283
8051,Pass,0,0.99930716,0.1824645,0,0.963068
8052,Pass,0,0.98456883,0.5249483,0,0.87785965
8053,Pass,0,0.99996006,0.33207658,0,0.9321944
8054,Pass,0,0.99491864,0.42226124,0,0.90860087
8055,Pass,0,0.99981827,0.27035514,0,0.9450567
8056,Pass,0,0.99970204,0.06583457,0,0.9880002
8057,Pass,0,0.93605715,2.5071325,0,0.44390348
8058,Pass,0,0.7092016,1.6169008,0,0.46926758
8059,Pass,0,0.9999994,0.065198496,0,0.988428
8060,Pass,0,0.9984854,0.13977708,0,0.9712512
8061,Pass,0,0.99972516,0.11233736,0,0.9782336
8062,Pass,0,0.9999999,0.07338842,0,0.98670393
8063,Pass,0,0.61699694,1.1635498,0,0.46715745
8064,Pass,0,0.99999416,0.21491027,0,0.956898
8065,Pass,0,0.71089643,0.70975524,0,0.60618377
8066,Pass,0,0.99976104,0.26550016,0,0.94602466
8067,Pass,0,0.9999999,0.096550964,0,0.98182654
8068,Pass,0,0.9940057,0.13630411,0,0.96762055
8069,Pass,0,0.9999994,0.10768157,0,0.9794823
8070,Pass,0,0.9985071,0.0827435,0,0.98326397
8071,Pass,0,0.9999981,0.106950425,0,0.979635
8072,Pass,0,0.99991393,0.09746591,0,0.98154956
8073,Pass,0,0.91196185,0.9760799,0,0.7264897
8074,Pass,0,0.9998272,0.4253337,0,0.91243666
8075,Pass,0,0.61002004,0.75466704,0,0.5143971
8076,Pass,0,0.8690514,1.7235613,0,0.55551904
8077,Pass,0,0.99878067,0.25851443,0,0.94656616
8078,Pass,0,0.99998593,0.24087471,0,0.95142275
8079,Pass,0,0.99896944,0.34490627,0,0.9285721
8080,Pass,0,0.99902534,0.41189632,0,0.9145317
8081,Pass,0,0.960338,0.32649726,0,0.8963857
8082,Pass,0,0.99999726,0.036473837,0,0.9944745
8083,Pass,0,0.9999417,0.2514554,0,0.9491529
8084,Pass,0,0.99874216,0.27331352,0,0.9434173
8085,Pass,0,0.999607,0.062134556,0,0.9886851
8086,Pass,0,0.9989666,0.13291733,0,0.97316223
8087,Pass,0,0.99961036,0.086788185,0,0.98349905
8088,Pass,0,0.98117435,1.3676934,0,0.7007158
8089,Pass,0,0.99992573,0.08844566,0,0.98346037
8090,Pass,0,0.9916257,0.60967284,0,0.86646056
8091,Pass,0,0.9988294,0.248838,0,0.9486476
8092,Pass,0,0.9999988,0.264675,0,0.9464234
8093,Pass,0,0.9998878,0.18167406,0,0.96379405
8094,Pass,0,0.99518174,0.2646397,0,0.94187176
8095,Pass,0,0.99971765,0.14577554,0,0.97118706
8096,Pass,0,0.99999976,0.07882359,0,0.9855593
8097,Pass,0,0.9999995,0.41381422,0,0.91501963
8098,Pass,0,0.9996087,0.18162413,0,0.9635355
8099,Pass,0,0.9999999,0.063147,0,0.9888605
8100,Pass,0,0.9983084,0.48006895,0,0.8995445
8101,Pass,0,0.9999987,0.12076566,0,0.9767265
8102,Pass,0,0.7255814,0.77402854,0,0.6088856
8103,Pass,0,0.99981004,0.36475447,0,0.9251749
8104,Pass,0,0.9999999,0.12987442,0,0.9748096
8105,Pass,0,0.9999441,0.19852453,0,0.9603002
8106,Pass,0,0.99997926,0.09179765,0,0.98280716
8107,Pass,0,1.0,0.07126935,0,0.98715025
8108,Pass,0,0.99981874,0.23610006,0,0.95226896
8109,Pass,0,0.9999527,0.3076,0,0.9373414
8110,Pass,0,0.99997187,0.23183013,0,0.9533139
8111,Pass,0,0.81282604,0.86599183,0,0.6663583
8112,Pass,0,0.9999608,0.2583243,0,0.94772464
8113,Pass,0,0.99997306,0.12125982,0,0.97659737
8114,Pass,0,0.99999416,0.36098963,0,0.926138
8115,Pass,0,0.9998964,0.13763832,0,0.973074
8116,Pass,0,0.38209295,0.6542266,0,0.33027965
8117,Pass,0,0.9999958,0.24851933,0,0.94982255
8118,Pass,0,0.99999046,0.13667227,0,0.97336894
8119,Pass,0,0.9995511,0.18995807,0,0.9617259
8120,Pass,0,0.99999917,0.089361735,0,0.98333967
8121,Pass,0,0.9996588,0.02338665,0,0.99689275
8122,Pass,0,0.9898319,0.2769974,0,0.93423283
8123,Pass,0,0.9998565,0.13041703,0,0.97455555
8124,Pass,0,0.99970466,0.22950034,0,0.9535496
8125,Pass,0,0.6169385,0.2826123,0,0.5815555
8126,Pass,0,0.9999645,0.018650843,0,0.99819475
8127,Pass,0,0.99998856,0.1597944,0,0.9684983
8128,Pass,0,0.99954575,0.07533896,0,0.98584527
8129,Pass,0,0.9997241,0.07085733,0,0.9869646
8130,Pass,0,0.989926,0.7279493,0,0.84032065
8131,Pass,0,0.9953375,0.33558133,0,0.9271506
8132,Pass,0,0.9997985,0.26715386,0,0.9457119
8133,Pass,0,0.8619484,0.9464705,0,0.69202197
8134,Pass,0,0.9999995,0.07240644,0,0.98691034
8135,Pass,0,0.99479854,0.89363253,0,0.80975014
8136,Pass,0,0.9999968,0.35716113,0,0.9269466
8137,Pass,0,0.8343392,2.887297,0,0.32887575
8138,Pass,0,0.99999845,0.071924396,0,0.9870108
8139,Pass,0,0.999551,0.10091003,0,0.98046833
8140,Pass,0,0.9954912,1.1817235,0,0.7499237
8141,Pass,0,0.9997669,0.29041892,0,0.9407842
8142,Pass,0,0.9998609,0.20276389,0,0.9593278
8143,Pass,0,0.5135439,1.5442115,0,0.34766442
8144,Pass,0,0.99995947,0.06809174,0,0.9877793
8145,Pass,0,0.9999567,0.17754345,0,0.9647302
8146,Pass,0,0.8878078,0.614492,0,0.77484584
8147,Pass,0,0.999859,0.19783062,0,0.9603646
8148,Pass,0,0.98828447,0.4333888,0,0.90022653
8149,Pass,0,0.999972,0.27326262,0,0.94458973
8150,Pass,0,0.9999709,0.17206056,0,0.9658984
8151,Pass,0,0.99505204,0.55111563,0,0.8817238
8152,Pass,0,0.8030938,1.1780795,0,0.60560304
8153,Pass,0,0.9999999,0.06518473,0,0.9884314
8154,Pass,0,0.99997866,0.2138381,0,0.9571089
8155,Pass,0,0.9999666,0.2335482,0,0.95294714
8156,Pass,0,0.99999905,0.1544291,0,0.9696382
8157,Pass,0,0.99609405,0.33445385,0,0.9280918
8158,Pass,0,0.9999976,0.14794208,0,0.9710028
8159,Pass,0,0.9999863,0.09357831,0,0.98243916
8160,Pass,0,0.99987864,0.30446357,0,0.9379324
8161,Pass,0,0.9994704,0.16823326,0,0.96622044
8162,Pass,0,0.9999988,0.059286203,0,0.98967236
8163,Pass,0,0.99987936,0.08744919,0,0.9836246
8164,Pass,0,0.9999399,0.1288324,0,0.9749705
8165,Pass,0,0.974463,0.35414344,0,0.9038972
8166,Pass,0,0.99989367,0.04622535,0,0.9923183
8167,Pass,0,0.9999825,0.4064064,0,0.9165639
8168,Pass,0,0.9994935,0.24627157,0,0.9498184
8169,Pass,0,0.99887794,0.30189642,0,0.9375336
8170,Pass,0,0.9999994,0.27136537,0,0.9450152
8171,Pass,0,0.99999034,0.16987415,0,0.96637756
8172,Pass,0,0.9185754,0.6421104,0,0.79635656
8173,Pass,0,0.9999695,0.123886585,0,0.9760408
8174,Pass,0,0.99442977,0.25315368,0,0.94356525
8175,Pass,0,0.9999802,0.11632419,0,0.9776436
8176,Pass,0,0.9999682,0.12108864,0,0.9766286
8177,Pass,0,0.99979895,0.15592045,0,0.9691302
8178,Pass,0,0.9420907,0.7559176,0,0.79416627
8179,Pass,0,0.9974049,0.39174157,0,0.9172813
8180,Pass,0,0.9901522,1.7184509,0,0.6339952
8181,Pass,0,0.99999607,0.06783737,0,0.987869
8182,Pass,0,0.9999964,0.16911066,0,0.9665442
8183,Pass,0,0.99992216,0.17736867,0,0.96473366
8184,Pass,0,0.9999423,0.30128646,0,0.93866104
8185,Pass,0,0.99951243,0.3019439,0,0.9381191
8186,Pass,0,0.9995309,0.23380674,0,0.95247746
8187,Pass,0,0.5424069,0.71954304,0,0.46139428
8188,Pass,0,0.9999988,0.1149258,0,0.97795624
8189,Pass,0,0.96214485,0.40058225,0,0.88306266
8190,Pass,0,0.9999125,0.24556378,0,0.95036566
8191,Pass,0,0.8714835,0.7970824,0,0.7270915
8192,Pass,0,0.99998295,0.051579904,0,0.99127936
8193,Pass,0,0.7143752,0.9777566,0,0.56883544
8194,Pass,0,0.9999974,0.06000638,0,0.9895193
8195,Pass,0,0.99996114,0.063766174,0,0.98869175
8196,Pass,0,0.9999988,0.11429107,0,0.9780899
8197,Pass,0,0.99999213,0.08820713,0,0.9835759
8198,Pass,0,0.99990475,0.024033997,0,0.9970017
8199,Pass,0,0.99923384,0.3949638,0,0.9182853
8200,Pass,0,0.9999435,0.25330964,0,0.94876415
8201,Pass,0,0.9660198,0.6096055,0,0.84410036
8202,Pass,0,0.50481856,0.8674288,0,0.4136997
8203,Pass,0,0.9992799,0.47808278,0,0.9008378
8204,Pass,0,0.9883801,0.86332273,0,0.8108338
8205,Pass,0,0.9999558,0.31014836,0,0.9368077
8206,Pass,0,0.99985254,0.15770216,0,0.9688071
8207,Pass,0,0.9999516,0.25966597,0,0.9474335
8208,Pass,0,0.9999969,0.085406244,0,0.9841704
8209,Pass,0,0.5635524,1.0937421,0,0.434976
8210,Pass,0,0.99944955,0.37014204,0,0.9237074
8211,Pass,0,0.9999621,0.03137012,0,0.99551415
8212,Pass,0,0.99923027,0.15190381,0,0.9694241
8213,Pass,0,0.994162,0.39583036,0,0.91344297
8214,Pass,0,0.99995697,0.07825684,0,0.9856364
8215,Pass,0,0.9998635,0.36504367,0,0.92516345
8216,Pass,0,0.99999,0.14069714,0,0.972521
8217,Pass,0,0.99999976,0.17637321,0,0.96501815
8218,Pass,0,0.4700105,0.9830381,0,0.37373248
8219,Pass,0,0.9870364,0.31967765,0,0.9227236
8220,Pass,0,0.9998658,0.1338721,0,0.9738372
8221,Pass,0,0.99996495,0.09483001,0,0.9821546
8222,Pass,0,0.9999933,0.14483535,0,0.97165287
8223,Pass,0,0.99997234,0.121558584,0,0.9765338
8224,Pass,0,0.99999905,0.09256646,0,0.9826647
8225,Pass,0,0.9998579,0.16470903,0,0.9673371
8226,Pass,0,0.99999964,0.21045716,0,0.9578409
8227,Pass,0,0.99929667,0.56803846,0,0.8819241
8228,Pass,0,0.9990845,0.2720405,0,0.9440085
8229,Pass,0,0.9940977,0.1120025,0,0.9727972
8230,Pass,0,0.99991035,0.037700363,0,0.99412984
8231,Pass,0,0.99988353,0.61453664,0,0.872652
8232,Pass,0,0.9995197,0.039290763,0,0.99340665
8233,Pass,0,0.9999503,0.31582946,0,0.93560636
8234,Pass,0,0.9952714,2.3427227,0,0.5064408
8235,Pass,0,0.9215141,0.53818184,0,0.81907105
8236,Pass,0,0.96252096,0.32391202,0,0.8989473
8237,Pass,0,0.99911386,0.25052384,0,0.94856304
8238,Pass,0,0.9970822,1.2809725,0,0.7302842
8239,Pass,0,0.53640693,1.0237429,0,0.42193043
8240,Pass,0,0.9984492,0.0639036,0,0.987168
8241,Pass,0,0.9846134,0.40600997,0,0.9025591
8242,Pass,0,0.9998574,0.26042345,0,0.94718474
8243,Pass,0,0.99976104,0.3353775,0,0.931314
8244,Pass,0,0.9999932,0.22176407,0,0.9554539
8245,Pass,0,0.9999999,0.14925,0,0.97072965
8246,Pass,0,0.99495524,1.1311342,0,0.7601189
8247,Pass,0,0.99991,0.25093177,0,0.94923306
8248,Pass,0,0.9999006,0.19140308,0,0.9617579
8249,Pass,0,0.9984351,0.28232434,0,0.9412328
8250,Pass,0,0.99999416,0.25818968,0,0.9477846
8251,Pass,0,0.5146634,0.43877828,0,0.4682219
8252,Pass,0,0.99987733,0.055568222,0,0.990335
8253,Pass,0,0.9972287,0.8640727,0,0.81793535
8254,Pass,0,0.9997631,0.29382306,0,0.94006395
8255,Pass,0,0.9999701,0.13573027,0,0.97354746
8256,Pass,0,0.999711,0.22713403,0,0.95405376
8257,Pass,0,0.9959996,0.57180893,0,0.8782235
8258,Pass,0,0.99440575,0.5734217,0,0.8764804
8259,Pass,0,0.9999981,0.19150186,0,0.96183085
8260,Pass,0,0.9999902,0.06423,0,0.9886229
8261,Pass,0,1.0,0.12770744,0,0.975266
8262,Pass,0,0.9996749,0.14326946,0,0.97167313
8263,Pass,0,0.9999795,0.058482774,0,0.9898224
8264,Pass,0,0.99998,0.116825,0,0.977538
8265,Pass,0,0.98826677,2.8013039,0,0.4074454
8266,Pass,0,0.9992181,0.3113202,0,0.93587005
8267,Pass,0,0.9871748,1.6675162,0,0.6426766
8268,Pass,0,0.99780077,1.5849409,0,0.6669442
8269,Pass,0,0.9977428,0.2313358,0,0.9512927
8270,Pass,0,0.9916939,0.68353593,0,0.8510959
8271,Pass,0,0.99988234,0.12473029,0,0.9757781
8272,Pass,0,0.9836516,0.22827859,0,0.93849075
8273,Pass,0,0.99997187,0.044536103,0,0.99275154
8274,Pass,0,0.9999989,0.035760034,0,0.9946264
8275,Pass,0,0.999992,0.49704942,0,0.897486
8276,Pass,0,0.5222506,1.1634876,0,0.39542738
8277,Pass,0,0.9999168,0.18967816,0,0.9621367
8278,Pass,0,0.99999404,0.1786571,0,0.9645317
8279,Pass,0,0.9996338,0.29701617,0,0.9392703
8280,Pass,0,0.99999905,0.06423727,0,0.98863006
8281,Pass,0,0.99958867,0.4856742,0,0.89951825
8282,Pass,0,0.9997131,0.352487,0,0.9276676
8283,Pass,0,0.99395096,0.36235455,0,0.9202555
8284,Pass,0,0.9998635,0.19676097,0,0.9605942
8285,Pass,0,0.99999964,0.13685282,0,0.97333986
8286,Pass,0,0.99768114,0.06385494,0,0.98641884
8287,Pass,0,0.99998784,0.14278616,0,0.97207904
8288,Pass,0,0.99999964,0.08372697,0,0.9845267
8289,Pass,0,0.999826,0.15667018,0,0.9689987
8290,Pass,0,0.9999821,0.12179346,0,0.97649384
8291,Pass,0,0.99999404,0.1739356,0,0.96552587
8292,Pass,0,0.9999809,0.14484799,0,0.97163814
8293,Pass,0,0.99999976,0.21529238,0,0.9568229
8294,Pass,0,0.99908924,0.19922192,0,0.9593326
8295,Pass,0,0.9999708,0.14551614,0,0.97148764
8296,Pass,0,0.99999535,0.06938925,0,0.98754156
8297,Pass,0,0.9999467,0.04719897,0,0.9921659
8298,Pass,0,0.99997497,0.012354468,0,0.99953103
8299,Pass,0,0.99996483,0.13012221,0,0.9747232
8300,Pass,0,0.6079237,2.1731763,0,0.331044
8301,Pass,0,0.99998236,0.08923708,0,0.9833494
8302,Pass,0,0.99928135,0.24038921,0,0.9508546
8303,Pass,0,0.9999268,0.054171644,0,0.990678
8304,Pass,0,0.9999776,0.13526385,0,0.973653
8305,Pass,0,0.9999659,0.02540239,0,0.99677455
8306,Pass,0,0.9999994,0.15294887,0,0.96995026
8307,Pass,0,0.9999957,0.15325381,0,0.9698825
8308,Pass,0,0.9994892,0.2612184,0,0.94666857
8309,Pass,0,0.9758981,0.6821264,0,0.8378292
8310,Pass,0,0.9982126,0.2962365,0,0.9380988
8311,Pass,0,0.7634311,1.2726498,0,0.5604911
8312,Pass,0,0.84797853,0.8352742,0,0.7006614
8313,Pass,0,0.9999466,0.16016056,0,0.9683806
8314,Pass,0,0.9999565,0.14364335,0,0.9718681
8315,Pass,0,0.9956072,1.4595739,0,0.6917607
8316,Pass,0,0.9999987,0.18389766,0,0.96343267
8317,Pass,0,0.9994629,0.16953494,0,0.9659392
8318,Pass,0,0.9804746,0.54219246,0,0.8706489
8319,Pass,0,0.9999795,0.1061712,0,0.97978085
8320,Pass,0,0.5563183,0.67161816,0,0.478842
8321,Pass,0,0.999944,0.028217852,0,0.99615985
8322,Pass,0,0.9994764,0.074873365,0,0.9858749
8323,Pass,0,0.9999912,0.10750033,0,0.9795124
8324,Pass,0,0.99995327,0.12732482,0,0.97530097
8325,Pass,0,0.9999007,0.3677493,0,0.9246282
8326,Pass,0,0.9582735,1.0019499,0,0.7581625
8327,Pass,0,0.99625564,0.19464448,0,0.957572
8328,Pass,0,0.9996151,0.11480466,0,0.9776065
8329,Pass,0,0.9999994,0.12735027,0,0.9753406
8330,Pass,0,0.9998627,0.12491242,0,0.9757205
8331,Pass,0,0.9929443,0.4691426,0,0.8969956
8332,Pass,0,0.9989492,0.20768563,0,0.9574178
8333,Pass,0,0.99667454,0.649438,0,0.8625265
8334,Pass,0,0.9999635,0.42152023,0,0.91336405
8335,Pass,0,0.9999707,0.16558571,0,0.96726155
8336,Pass,0,0.9388411,0.72149515,0,0.798232
8337,Pass,0,0.90022695,0.9341386,0,0.72509193
8338,Pass,0,0.99997234,0.16268994,0,0.9678729
8339,Pass,0,0.99178785,0.4036331,0,0.909632
8340,Pass,0,0.9999964,0.11910256,0,0.97707444
8341,Pass,0,0.99994504,0.16205154,0,0.96798086
8342,Pass,0,0.9011648,0.44992328,0,0.81773186
8343,Pass,0,0.99933344,0.5163486,0,0.8928337
8344,Pass,0,0.9967513,0.6267679,0,0.8673512
8345,Pass,0,0.9999995,0.09419804,0,0.9823216
8346,Pass,0,0.9997644,0.19483373,0,0.96090466
8347,Pass,0,0.9736221,0.7131787,0,0.8295089
8348,Pass,0,0.98119664,0.5354991,0,0.87267303
8349,Pass,0,0.99161667,0.50957197,0,0.8873543
8350,Pass,0,0.99999774,0.15271132,0,0.96999866
8351,Pass,0,0.97862726,0.40449873,0,0.8973832
8352,Pass,0,0.9999367,0.044481773,0,0.9927281
8353,Pass,0,0.99999845,0.069699414,0,0.98747927
8354,Pass,0,0.99999857,0.0970402,0,0.98172224
8355,Pass,0,0.9999467,0.28716615,0,0.94163835
8356,Pass,0,0.9993191,0.41013455,0,0.9151713
8357,Pass,0,0.99605536,0.48489264,0,0.89650255
8358,Pass,0,0.9999993,0.09986598,0,0.9811279
8359,Pass,0,0.9956096,0.1955519,0,0.95676076
8360,Pass,0,0.9963546,0.24822421,0,0.94642586
8361,Pass,0,0.99999774,0.22448914,0,0.9548844
8362,Pass,0,0.93956,0.51302904,0,0.8400872
8363,Pass,0,0.99999523,0.13293628,0,0.9741603
8364,Pass,0,0.9672802,0.98440146,0,0.76886266
8365,Pass,0,0.99755967,0.9645076,0,0.7971098
8366,Pass,0,0.9999993,0.14194216,0,0.97226787
8367,Pass,0,0.947428,0.50323564,0,0.8490759
8368,Pass,0,0.90305424,1.3083066,0,0.65621835
8369,Pass,0,0.99999964,0.07100802,0,0.9872049
8370,Pass,0,0.9882212,0.56390995,0,0.8730086
8371,Pass,0,0.99934846,0.47911608,0,0.9006821
8372,Pass,0,0.99935955,0.2631296,0,0.94614357
8373,Pass,0,0.9991136,1.2848517,0,0.73095596
8374,Pass,0,0.9900473,0.6462882,0,0.8574479
8375,Pass,0,0.9999944,0.19164693,0,0.9617968
8376,Pass,0,0.9997906,0.15592644,0,0.9691209
8377,Pass,0,0.98965806,1.9366018,0,0.5882175
8378,Pass,0,0.9999974,0.17978482,0,0.9642975
8379,Pass,0,0.7509065,1.5986779,0,0.49974447
8380,Pass,0,0.9999752,0.029596409,0,0.9959007
8381,Pass,0,0.9999598,0.034470465,0,0.99485904
8382,Pass,0,0.9998814,0.16908449,0,0.96643853
8383,Pass,0,0.9999857,0.069962196,0,0.9874114
8384,Pass,0,0.9999006,0.24457133,0,0.95056325
8385,Pass,0,0.99979895,0.32544854,0,0.9334397
8386,Pass,0,0.9983424,0.35746157,0,0.9253499
8387,Pass,0,0.9999949,0.072333336,0,0.98692113
8388,Pass,0,0.9999428,0.04027618,0,0.9936197
8389,Pass,0,0.9999993,0.07813014,0,0.98570484
8390,Pass,0,0.57281333,1.4102209,0,0.40395093
8391,Pass,0,0.9999026,0.2122545,0,0.95736957
8392,Pass,0,0.99963343,0.48578295,0,0.89953566
8393,Pass,0,0.9999527,0.10926096,0,0.979104
8394,Pass,0,0.9997701,0.38073355,0,0.92177397
8395,Pass,0,0.99810386,0.30213836,0,0.9367562
8396,Pass,0,0.9999999,0.08455429,0,0.9843527
8397,Pass,0,0.99993217,0.26853254,0,0.9455481
8398,Pass,0,0.9999306,0.208023,0,0.9582873
8399,Pass,0,0.99990785,0.090454295,0,0.9830198
8400,Pass,0,0.9999957,0.17682731,0,0.9649186
8401,Pass,0,0.9999949,0.13729456,0,0.9732422
8402,Pass,0,0.9999993,0.08587134,0,0.9840748
8403,Pass,0,0.99815327,0.038512494,0,0.9922121
8404,Pass,0,0.8603778,0.5389328,0,0.7645951
8405,Pass,0,0.74491185,1.9026124,0,0.44808057
8406,Pass,0,0.5669761,0.6417444,0,0.49158213
8407,Pass,0,0.9999964,0.23616211,0,0.9524251
8408,Pass,0,0.9999993,0.09345134,0,0.9824786
8409,Pass,0,0.94710016,0.3474791,0,0.879845
8410,Pass,0,0.9166351,0.9441464,0,0.7363763
8411,Pass,0,0.9997657,0.1552128,0,0.969247
8412,Pass,0,0.9937943,0.69115585,0,0.85130394
8413,Pass,0,0.99985576,0.05837765,0,0.98972213
8414,Pass,0,0.8857158,0.53992695,0,0.78692687
8415,Pass,0,0.99985325,0.17290011,0,0.96560794
8416,Pass,0,0.9995604,0.13695057,0,0.9728918
8417,Pass,0,0.99999857,0.042875748,0,0.9931277
8418,Pass,0,0.58287174,1.0342658,0,0.45718747
8419,Pass,0,0.99999106,0.18160231,0,0.9639086
8420,Pass,0,0.9989814,0.5033103,0,0.8952619
8421,Pass,0,0.96651834,0.23035486,0,0.9217215
8422,Pass,0,0.9999939,0.14085913,0,0.9724907
8423,Pass,0,0.9999207,0.26000604,0,0.94733256
8424,Pass,0,0.99897003,0.23453844,0,0.9517891
8425,Pass,0,0.9990846,0.3948862,0,0.9181645
8426,Pass,0,0.99976045,0.3265725,0,0.9331671
8427,Pass,0,0.9999858,0.08096189,0,0.9850953
8428,Pass,0,0.9999392,0.1411184,0,0.9723829
8429,Pass,0,0.9999956,0.1987387,0,0.9603046
8430,Pass,0,0.9999852,0.036065467,0,0.99454844
8431,Pass,0,0.9999833,0.1164455,0,0.9776211
8432,Pass,0,0.9999999,0.14982414,0,0.9706087
8433,Pass,0,0.99990964,0.039904512,0,0.993665
8434,Pass,0,0.99999774,0.09197494,0,0.982788
8435,Pass,0,0.99998105,0.06457653,0,0.9885408
8436,Pass,0,0.9988028,0.2512906,0,0.94810647
8437,Pass,0,0.9991084,0.2915448,0,0.9399277
8438,Pass,0,0.99936265,0.06788068,0,0.9872342
8439,Pass,0,0.9988487,0.31413996,0,0.934931
8440,Pass,0,0.99991846,0.24643083,0,0.95018876
8441,Pass,0,0.9997942,0.4449321,0,0.90828055
8442,Pass,0,0.99608046,0.4660512,0,0.9004771
8443,Pass,0,0.99976784,0.07330942,0,0.9864916
8444,Pass,0,0.99986863,0.029319774,0,0.9958528
8445,Pass,0,0.9998254,0.30367985,0,0.9380474
8446,Pass,0,0.99258435,0.5092679,0,0.8882838
8447,Pass,0,0.9994387,0.3032946,0,0.93776566
8448,Pass,0,0.5820967,0.8183617,0,0.48304355
8449,Pass,0,0.9999299,0.09876415,0,0.98129183
8450,Pass,0,0.99999905,0.0929493,0,0.9825841
8451,Pass,0,0.9966086,1.4582032,0,0.69274414
8452,Pass,0,0.9997036,0.23098004,0,0.95323706
8453,Pass,0,0.9984351,0.227934,0,0.95266795
8454,Pass,0,0.8937213,0.69763887,0,0.7643593
8455,Pass,0,1.0,0.032463558,0,0.99532163
8456,Pass,0,0.9999304,0.15161957,0,0.9701632
8457,Pass,0,0.9999671,0.21757832,0,0.9563103
8458,Pass,0,0.99905616,0.44404855,0,0.9077959
8459,Pass,0,0.86812514,0.4631664,0,0.78533024
8460,Pass,0,0.9994992,0.1722848,0,0.96539557
8461,Pass,0,0.99996066,0.11438781,0,0.97803223
8462,Pass,0,0.9852563,0.24419563,0,0.93671954
8463,Pass,0,0.99992037,0.6232564,0,0.8708481
8464,Pass,0,0.99998903,0.5109685,0,0.8945523
8465,Pass,0,0.9999994,0.11641642,0,0.97764295
8466,Pass,0,0.9998996,0.20101604,0,0.95973295
8467,Pass,0,0.9987961,0.41320664,0,0.9140463
8468,Pass,0,0.99998057,0.0478825,0,0.9920556
8469,Pass,0,0.9999968,0.19142164,0,0.9618465
8470,Pass,0,0.99869615,0.23931459,0,0.95052373
8471,Pass,0,0.9984617,0.31489158,0,0.93441075
8472,Pass,0,0.9965904,0.56524986,0,0.8801209
8473,Pass,0,0.9849305,0.5337511,0,0.8763565
8474,Pass,0,0.99999917,0.09456093,0,0.98224485
8475,Pass,0,0.48952043,0.8834353,0,0.39951292
8476,Pass,0,0.99995804,0.15916653,0,0.9686009
8477,Pass,0,0.9999999,0.068306066,0,0.98777413
8478,Pass,0,0.99945396,0.18065754,0,0.9635898
8479,Pass,0,0.99999964,0.074998245,0,0.98636466
8480,Pass,0,0.9908015,0.258024,0,0.93910646
8481,Pass,0,1.0,0.021394443,0,0.9976525
8482,Pass,0,0.99999976,0.036572505,0,0.9944562
8483,Pass,0,0.99982136,0.36928773,0,0.92423093
8484,Pass,0,0.8780935,0.35755536,0,0.8138755
8485,Pass,0,0.9965743,0.4581034,0,0.90259135
8486,Pass,0,0.9998068,0.17700909,0,0.9646981
8487,Pass,0,0.5859894,1.0992635,0,0.45161268
8488,Pass,0,0.99909294,0.12420161,0,0.97511894
8489,Pass,0,0.99999857,0.17492148,0,0.9653227
8490,Pass,0,0.99999654,0.14848438,0,0.9708876
8491,Pass,0,0.994463,0.25436914,0,0.94334227
8492,Pass,0,0.988289,0.42663488,0,0.9016362
8493,Pass,0,0.97203314,0.7127242,0,0.8282482
8494,Pass,0,0.999892,0.08359129,0,0.98444927
8495,Pass,0,0.999959,0.019671239,0,0.9979744
8496,Pass,0,0.9995191,0.14696787,0,0.97074324
8497,Pass,0,0.9849555,2.6515834,0,0.43713272
8498,Pass,0,0.9414157,0.32591912,0,0.8788382
8499,Pass,0,0.99142355,0.36761943,0,0.9168163
8500,Pass,0,0.9998764,0.075901255,0,0.986053
8501,Pass,0,0.9999833,0.15920295,0,0.9686178
8502,Pass,0,0.99990535,0.051180523,0,0.9912866
8503,Pass,0,0.8037007,1.0322025,0,0.6307484
8504,Pass,0,0.9999714,0.19826221,0,0.9603817
8505,Pass,0,0.98965096,0.6427503,0,0.85784197
8506,Pass,0,0.999982,0.13418135,0,0.97388524
8507,Pass,0,0.99894017,0.1312447,0,0.97348833
8508,Pass,0,0.8154389,1.4078968,0,0.5754509
8509,Pass,0,0.9999962,0.1698201,0,0.96639454
8510,Pass,0,0.9997019,0.16199742,0,0.9677569
8511,Pass,0,0.74506056,1.1549702,0,0.5654665
8512,Pass,0,0.6509173,1.2343936,0,0.48312998
8513,Pass,0,0.9999894,0.100838386,0,0.9809134
8514,Pass,0,0.99773705,0.12540728,0,0.9735423
8515,Pass,0,0.9999856,0.13777,0,0.973133
8516,Pass,0,0.99912554,0.42702788,0,0.91143996
8517,Pass,0,0.99996746,0.1555889,0,0.96936345
8518,Pass,0,0.9999958,0.397987,0,0.918349
8519,Pass,0,0.9875216,0.48915318,0,0.8879358
8520,Pass,0,0.9993729,0.20252079,0,0.9589107
8521,Pass,0,0.9998474,0.16599753,0,0.9670556
8522,Pass,0,0.9988103,0.462591,0,0.90367264
8523,Pass,0,0.9998178,0.16083544,0,0.9681138
8524,Pass,0,0.999423,0.2272113,0,0.9537627
8525,Pass,0,0.9995641,0.31320336,0,0.9357978
8526,Pass,0,0.9999808,0.2515271,0,0.9491749
8527,Pass,0,0.60411584,1.2245768,0,0.44964135
8528,Pass,0,0.99953926,0.19134554,0,0.96142244
8529,Pass,0,0.99996424,0.48819226,0,0.89932597
8530,Pass,0,0.99986863,0.15417527,0,0.9695653
8531,Pass,0,0.99999416,0.079503536,0,0.9854106
8532,Pass,0,0.98918545,0.42173207,0,0.9034753
8533,Pass,0,0.99980456,0.3506487,0,0.92813945
8534,Pass,0,0.9999982,0.058936916,0,0.9897453
8535,Pass,0,0.9999937,0.24809384,0,0.94991004
8536,Pass,0,0.9750792,0.7699914,0,0.8190853
8537,Pass,0,0.99104476,0.6545336,0,0.8565911
8538,Pass,0,0.9832691,0.20534088,0,0.942875
8539,Pass,0,0.9999995,0.09885371,0,0.9813413
8540,Pass,0,0.85552526,1.3775712,0,0.60920274
8541,Pass,0,0.9999218,0.13270614,0,0.97413725
8542,Pass,0,0.99999964,0.20663081,0,0.95864666
8543,Pass,0,0.9998996,0.37321523,0,0.9234764
8544,Pass,0,0.99966407,0.2196523,0,0.95558393
8545,Pass,0,0.99997985,0.093322895,0,0.9824866
8546,Pass,0,0.5544932,0.78130364,0,0.46446416
8547,Pass,0,0.99999774,0.24861036,0,0.94980514
8548,Pass,0,0.99944395,0.26426503,0,0.94598454
8549,Pass,0,0.9993555,0.10509352,0,0.9793962
8550,Pass,0,0.9222154,1.1327907,0,0.70422596
8551,Pass,0,0.9994974,0.06624034,0,0.9877125
8552,Pass,0,0.9999701,0.30440673,0,0.93803006
8553,Pass,0,0.99464583,0.37402818,0,0.9184539
8554,Pass,0,0.87122935,0.63092935,0,0.75736123
8555,Pass,0,0.98183215,0.24716179,0,0.93285084
8556,Pass,0,0.9757751,0.7734581,0,0.8189576
8557,Pass,0,0.99999964,0.056853235,0,0.9901855
8558,Pass,0,0.5439845,0.91685325,0,0.44013476
8559,Pass,0,0.99999964,0.10719487,0,0.979585
8560,Pass,0,0.9999994,0.043984808,0,0.992895
8561,Pass,0,0.99318683,0.26058683,0,0.94083136
8562,Pass,0,0.999629,0.08936421,0,0.9829752
8563,Pass,0,0.9946936,0.08826419,0,0.97835237
8564,Pass,0,0.9995766,0.18315679,0,0.96318203
8565,Pass,0,0.7038982,0.5059425,0,0.63042563
8566,Pass,0,0.9995035,0.6355118,0,0.86790574
8567,Pass,0,0.989268,0.48572508,0,0.89022017
8568,Pass,0,0.9999999,0.045667924,0,0.9925411
8569,Pass,0,0.9992681,0.33706066,0,0.9305006
8570,Pass,0,0.99919957,0.5597654,0,0.8835791
8571,Pass,0,0.9999993,0.12787828,0,0.9752293
8572,Pass,0,0.99997556,0.0236888,0,0.997145
8573,Pass,0,0.9999939,0.34426984,0,0.9296585
8574,Pass,0,0.999892,0.19995932,0,0.9599481
8575,Pass,0,0.634783,0.89009964,0,0.51717544
8576,Pass,0,0.999689,0.39325646,0,0.91906303
8577,Pass,0,0.9793185,0.68587637,0,0.83999234
8578,Pass,0,0.9999342,0.12539534,0,0.97568864
8579,Pass,0,0.60837865,1.0043851,0,0.48102227
8580,Pass,0,0.9999244,0.094941,0,0.9820915
8581,Pass,0,0.7707777,0.8865955,0,0.62854284
8582,Pass,0,0.9999776,0.13904417,0,0.972857
8583,Pass,0,0.9999988,0.094279826,0,0.9823037
8584,Pass,0,0.9998429,0.12558249,0,0.9755601
8585,Pass,0,0.9999621,0.10460426,0,0.9800937
8586,Pass,0,0.99952257,0.16589464,0,0.9667631
8587,Pass,0,0.9999678,0.20081823,0,0.95984006
8588,Pass,0,0.99773407,0.33596846,0,0.9293016
8589,Pass,0,0.89600104,0.58081573,0,0.7883504
8590,Pass,0,0.9999999,0.026184445,0,0.9966437
8591,Pass,0,0.99999917,0.048773643,0,0.9918864
8592,Pass,0,0.9999777,0.26118892,0,0.9471375
8593,Pass,0,0.9999932,0.30243993,0,0.93846595
8594,Pass,0,0.9999306,0.12786135,0,0.9751659
8595,Pass,0,0.86726147,0.750568,0,0.7320635
8596,Pass,0,0.9998259,0.2844014,0,0.94210666
8597,Pass,0,0.9999788,0.1718767,0,0.9659447
8598,Pass,0,0.9997851,0.10932646,0,0.9789261
8599,Pass,0,0.9999224,0.2879939,0,0.9414412
8600,Pass,0,0.5112176,0.9190013,0,0.41339207
8601,Pass,0,0.9999945,0.37923357,0,0.9222967
8602,Pass,0,0.98622316,0.43062615,0,0.8989226
8603,Pass,0,0.99997747,0.12207291,0,0.9764305
8604,Pass,0,0.99357504,0.3071804,0,0.9314509
8605,Pass,0,0.92199486,0.43220168,0,0.84007394
8606,Pass,0,0.99916065,0.13590093,0,0.97272354
8607,Pass,0,1.0,0.06426471,0,0.9886252
8608,Pass,0,0.99998355,0.23658662,0,0.9523235
8609,Pass,0,0.99997246,0.24126494,0,0.9513278
8610,Pass,0,0.97675985,1.7133871,0,0.6264616
8611,Pass,0,0.99162465,0.4262206,0,0.9047659
8612,Pass,0,0.99731284,0.15615071,0,0.96667206
8613,Pass,0,0.99999404,0.16690521,0,0.96700627
8614,Pass,0,0.9997696,0.19934861,0,0.9599592
8615,Pass,0,0.99136204,0.10224109,0,0.97215784
8616,Pass,0,0.9992385,0.26784426,0,0.94503695
8617,Pass,0,0.99945873,0.6215156,0,0.8708125
8618,Pass,0,0.89365757,0.6131175,0,0.78020996
8619,Pass,0,0.99999833,0.17228565,0,0.9658775
8620,Pass,0,0.99999845,0.16480625,0,0.9674525
8621,Pass,0,0.9995983,0.28305706,0,0.94217515
8622,Pass,0,0.99989676,0.306167,0,0.9375907
8623,Pass,0,0.88514185,0.4530271,0,0.80261385
8624,Pass,0,0.99997556,0.20318231,0,0.9593497
8625,Pass,0,0.9968374,0.2456749,0,0.9474195
8626,Pass,0,0.99991965,0.08306562,0,0.9845872
8627,Pass,0,0.99963474,0.22152801,0,0.9551611
8628,Pass,0,0.99975234,0.12222971,0,0.97617763
8629,Pass,0,0.9999989,0.15603095,0,0.96930087
8630,Pass,0,0.999585,0.19348334,0,0.9610165
8631,Pass,0,0.9999943,0.13779253,0,0.97313684
8632,Pass,0,0.9999126,0.24596532,0,0.9502812
8633,Pass,0,0.9886537,0.22715335,0,0.9434975
8634,Pass,0,0.999987,0.11123671,0,0.97872156
8635,Pass,0,0.6821006,0.57508224,0,0.60097265
8636,Pass,0,0.99997973,0.06907532,0,0.9875922
8637,Pass,0,0.99981755,0.025098681,0,0.99669063
8638,Pass,0,0.9997447,0.35311398,0,0.9275649
8639,Pass,0,0.99995923,0.059616983,0,0.9895635
8640,Pass,0,0.99999917,0.06704256,0,0.98803943
8641,Pass,0,0.9996138,0.20224021,0,0.959201
8642,Pass,0,0.50448865,1.3514998,0,0.362006
8643,Pass,0,0.682659,1.0697904,0,0.5303511
8644,Pass,0,0.9999807,0.20514582,0,0.95894116
8645,Pass,0,0.99993384,0.12495208,0,0.9757816
8646,Pass,0,0.99972016,0.1823501,0,0.96349007
8647,Pass,0,0.9999999,0.08488883,0,0.98428226
8648,Pass,0,0.99999833,0.27671093,0,0.94388855
8649,Pass,0,0.99793243,0.31073797,0,0.9347882
8650,Pass,0,0.9999367,0.30249935,0,0.9384004
8651,Pass,0,0.95009714,1.3373219,0,0.68459785
8652,Pass,0,0.8982181,0.92002994,0,0.72614235
8653,Pass,0,0.99997795,0.1099994,0,0.9789732
8654,Pass,0,0.9990926,0.19943649,0,0.9592906
8655,Pass,0,0.9998908,0.18783186,0,0.9625004
8656,Pass,0,0.9895864,0.4579747,0,0.89628935
8657,Pass,0,0.7152505,0.78637046,0,0.5983573
8658,Pass,0,0.99899155,0.59979004,0,0.87497556
8659,Pass,0,0.9999615,0.061730478,0,0.9891208
8660,Pass,0,0.9999596,0.046848495,0,0.99225247
8661,Pass,0,0.94478744,0.5999636,0,0.8274659
8662,Pass,0,0.9999975,0.11490771,0,0.9779588
8663,Pass,0,0.91644895,0.3348438,0,0.8538087
8664,Pass,0,0.9994789,0.2883877,0,0.9409407
8665,Pass,0,0.9999938,0.18525371,0,0.96314245
8666,Pass,0,0.9993237,0.3930513,0,0.9187704
8667,Pass,0,0.9999877,0.025824424,0,0.99670744
8668,Pass,0,0.9999876,0.1883572,0,0.962483
8669,Pass,0,0.9999764,0.21288005,0,0.9573085
8670,Pass,0,0.99997854,0.14358076,0,0.97190267
8671,Pass,0,1.0,0.02247627,0,0.99742466
8672,Pass,0,0.9998049,0.18416382,0,0.96318996
8673,Pass,0,0.99999857,0.12262266,0,0.97633535
8674,Pass,0,0.9998368,0.36481613,0,0.92518663
8675,Pass,0,0.9999995,0.046466503,0,0.9923725
8676,Pass,0,0.9999999,0.045976557,0,0.99247605
8677,Pass,0,0.9771327,1.5234336,0,0.66578484
8678,Pass,0,0.99986184,0.24547347,0,0.9503365
8679,Pass,0,0.99990094,0.1778375,0,0.9646145
8680,Pass,0,0.9989348,0.6314239,0,0.8682718
8681,Pass,0,0.99542457,0.27016914,0,0.9409426
8682,Pass,0,0.999926,0.11444875,0,0.9779855
8683,Pass,0,0.99908936,0.5917466,0,0.87675345
8684,Pass,0,0.99997413,0.074292324,0,0.98648816
8685,Pass,0,0.99999976,0.13249046,0,0.9742586
8686,Pass,0,0.9988127,0.21881647,0,0.95494586
8687,Pass,0,0.99995613,0.13953727,0,0.9727323
8688,Pass,0,0.98774916,0.28018862,0,0.9316033
8689,Pass,0,0.9999604,0.15102878,0,0.97031677
8690,Pass,0,0.99997187,0.23944557,0,0.95171034
8691,Pass,0,0.9998431,0.14946912,0,0.9705313
8692,Pass,0,0.99998903,0.082966544,0,0.98467636
8693,Pass,0,0.9999428,0.053981695,0,0.99073386
8694,Pass,0,0.99712735,0.6306834,0,0.8668563
8695,Pass,0,0.9961358,0.39315885,0,0.9158168
8696,Pass,0,0.9999957,0.30770367,0,0.9373599
8697,Pass,0,0.8964973,1.759383,0,0.5663009
8698,Pass,0,0.99998367,0.08570469,0,0.9840945
8699,Pass,0,0.99696964,0.10084653,0,0.9779496
8700,Pass,0,0.99998236,0.16171849,0,0.96808714
8701,Pass,0,0.9996768,0.55636364,0,0.8847172
8702,Pass,0,0.9999852,0.23004308,0,0.95370287
8703,Pass,0,0.99996364,0.2508774,0,0.9492954
8704,Pass,0,0.9999591,0.24672441,0,0.95016557
8705,Pass,0,0.99978083,0.3710828,0,0.92381555
8706,Pass,0,0.9986505,0.14101464,0,0.97115153
8707,Pass,0,0.99999917,0.03190722,0,0.995438
8708,Pass,0,0.99964,0.62976515,0,0.8692339
8709,Pass,0,0.63787335,0.63485587,0,0.553977
8710,Pass,0,0.99999475,0.044919185,0,0.99269366
8711,Pass,0,0.99998856,0.12608188,0,0.97559714
8712,Pass,0,0.9999349,0.29086483,0,0.94084847
8713,Pass,0,0.99844754,0.24318483,0,0.94947344
8714,Pass,0,0.60317427,1.3916869,0,0.4277157
8715,Pass,0,0.99997866,0.15295185,0,0.9699296
8716,Pass,0,0.99752706,0.2545218,0,0.94621676
8717,Pass,0,0.99999964,0.08931411,0,0.98335016
8718,Pass,0,0.9999863,0.31893364,0,0.9349864
8719,Pass,0,0.6052084,0.7608192,0,0.50955564
8720,Pass,0,0.99965763,0.11806842,0,0.9769611
8721,Pass,0,0.99962246,0.24545722,0,0.9501124
8722,Pass,0,0.9973719,0.36568162,0,0.922724
8723,Pass,0,0.9999901,0.38533223,0,0.9210084
8724,Pass,0,0.9999933,0.21579416,0,0.95671105
8725,Pass,0,0.9999256,0.13605842,0,0.9734351
8726,Pass,0,0.9999411,0.3789216,0,0.92231315
8727,Pass,0,0.93417597,0.38105184,0,0.8612344
8728,Pass,0,0.9999441,0.042287096,0,0.99319756
8729,Pass,0,0.550519,1.4542345,0,0.38312665
8730,Pass,0,0.9961708,0.32705146,0,0.9297161
8731,Pass,0,0.60997874,0.9302827,0,0.49180543
8732,Pass,0,0.9989151,0.29089597,0,0.93988234
8733,Pass,0,0.48951116,0.75743574,0,0.41249302
8734,Pass,0,0.9958133,1.2195798,0,0.74222827
8735,Pass,0,0.9999963,0.1191743,0,0.9770592
8736,Pass,0,0.79367244,0.8326384,0,0.65623033
8737,Pass,0,0.51997125,0.6960794,0,0.4448786
8738,Pass,0,0.9995522,0.16657552,0,0.9666484
8739,Pass,0,0.99670607,0.25672135,0,0.94497633
8740,Pass,0,0.9880114,1.6287848,0,0.6512793
8741,Pass,0,0.9270399,0.49408832,0,0.83259
8742,Pass,0,0.6634712,1.3060445,0,0.4824377
8743,Pass,0,0.99999905,0.09436621,0,0.98228574
8744,Pass,0,0.6830123,1.8990852,0,0.41135395
8745,Pass,0,0.9999999,0.12447672,0,0.9759462
8746,Pass,0,0.75215685,0.88137835,0,0.6141845
8747,Pass,0,0.9995402,0.2981708,0,0.9389394
8748,Pass,0,0.9999207,0.28640524,0,0.9417741
8749,Pass,0,0.9999995,0.06881308,0,0.98766696
8750,Pass,0,0.56220716,0.7378642,0,0.47606823
8751,Pass,0,0.99999034,0.44763124,0,0.9078904
8752,Pass,0,0.99999094,0.2026423,0,0.95947814
8753,Pass,0,0.9998785,0.26918578,0,0.9453598
8754,Pass,0,0.9911923,0.4080184,0,0.9081705
8755,Pass,0,0.9999995,0.07167129,0,0.98706514
8756,Pass,0,0.9999883,0.16256244,0,0.9679152
8757,Pass,0,0.9998938,0.20738359,0,0.95838666
8758,Pass,0,0.87078995,2.3240793,0,0.4465173
8759,Pass,0,0.9999994,0.11830289,0,0.97724575
8760,Pass,0,0.9716931,0.5306351,0,0.86521584
8761,Pass,0,0.99901676,0.28040493,0,0.9421849
8762,Pass,0,0.9966394,0.12484426,0,0.9725894
8763,Pass,0,0.89125454,0.27715608,0,0.8411628
8764,Pass,0,0.985679,0.513026,0,0.88132405
8765,Pass,0,0.9999713,0.123417884,0,0.97614115
8766,Pass,0,0.7903109,1.15308,0,0.600124
8767,Pass,0,0.99996424,0.046302672,0,0.99237204
8768,Pass,0,0.9999987,0.10402566,0,0.9802514
8769,Pass,0,0.99996424,0.081970006,0,0.9848618
8770,Pass,0,0.99972767,0.6089156,0,0.87369925
8771,Pass,0,0.91930383,0.53996605,0,0.8167611
8772,Pass,0,0.99854004,0.28080913,0,0.94165033
8773,Pass,0,0.9181248,0.5571248,0,0.8123962
8774,Pass,0,0.98588943,0.12231972,0,0.96262294
8775,Pass,0,0.9999933,0.1487057,0,0.9708379
8776,Pass,0,0.9999893,0.10319058,0,0.980418
8777,Pass,0,0.99998975,0.0794274,0,0.9854223
8778,Pass,0,0.9999993,0.053132687,0,0.9909686
8779,Pass,0,0.9669454,0.53943795,0,0.85919607
8780,Pass,0,0.99605894,0.33373076,0,0.92821074
8781,Pass,0,0.99999774,0.04610677,0,0.9924465
8782,Pass,0,0.99999106,0.062917225,0,0.9889001
8783,Pass,0,0.9990588,0.2124201,0,0.95652676
8784,Pass,0,0.9723184,1.8173519,0,0.6023269
8785,Pass,0,0.9997123,0.06395896,0,0.98840517
8786,Pass,0,0.9999894,0.107881956,0,0.9794303
8787,Pass,0,0.99994946,0.3244228,0,0.93379617
8788,Pass,0,0.99118125,0.35010755,0,0.9202472
8789,Pass,0,0.9933443,0.31125313,0,0.93038267
8790,Pass,0,0.99345726,0.36141616,0,0.91999465
8791,Pass,0,0.9999925,0.22177285,0,0.95545137
8792,Pass,0,0.92122173,1.3025655,0,0.6705337
8793,Pass,0,0.99857366,0.27961785,0,0.94193256
8794,Pass,0,0.99887174,0.47001502,0,0.9021668
8795,Pass,0,0.9999914,0.13364182,0,0.974008
8796,Pass,0,0.9996997,0.50541764,0,0.895462
8797,Pass,0,0.9999585,0.257801,0,0.94783264
8798,Pass,0,0.9999573,0.31474662,0,0.93584096
8799,Pass,0,0.99999964,0.19661482,0,0.9607557
8800,Pass,0,0.99949217,0.26184627,0,0.9465392
8801,Pass,0,0.9999925,0.15237466,0,0.9700645
8802,Pass,0,0.99998546,0.08703366,0,0.98381644
8803,Pass,0,0.9999993,0.18198048,0,0.9638369
8804,Pass,0,0.9997141,0.1670935,0,0.9666959
8805,Pass,0,0.99995637,0.074903026,0,0.9863421
8806,Pass,0,0.9999745,0.19355768,0,0.9613753
8807,Pass,0,0.9998202,0.19987027,0,0.9598979
8808,Pass,0,0.99998784,0.094981045,0,0.9821453
8809,Pass,0,0.9999716,0.25188848,0,0.94909006
8810,Pass,0,0.99780184,0.55287427,0,0.88379097
8811,Pass,0,1.0,0.054635096,0,0.9906529
8812,Pass,0,0.9999994,0.19546394,0,0.9609978
8813,Pass,0,0.9998981,0.25628144,0,0.9480954
8814,Pass,0,0.99916744,0.096083336,0,0.9811076
8815,Pass,0,0.9992687,0.3545356,0,0.92682415
8816,Pass,0,0.9993505,0.2556298,0,0.94771326
8817,Pass,0,0.9999089,0.06050655,0,0.9893265
8818,Pass,0,0.9997482,0.20698355,0,0.9583313
8819,Pass,0,0.9980691,0.27143785,0,0.9431758
8820,Pass,0,0.9999994,0.15436387,0,0.9696523
8821,Pass,0,0.999966,0.4464334,0,0.9081205
8822,Pass,0,0.9999299,0.1363183,0,0.97338456
8823,Pass,0,0.99975175,0.038237542,0,0.99385905
8824,Pass,0,0.9999528,0.15649413,0,0.9691586
8825,Pass,0,0.9999826,0.12909627,0,0.9749566
8826,Pass,0,0.99999475,0.11327438,0,0.97830003
8827,Pass,0,0.9582567,1.1091006,0,0.7365282
8828,Pass,0,0.9996227,0.09818669,0,0.9811119
8829,Pass,0,0.99995613,0.17109118,0,0.96608824
8830,Pass,0,0.9999807,0.1186653,0,0.9771511
8831,Pass,0,0.99989974,0.22519352,0,0.9546425
8832,Pass,0,0.99999666,0.10063599,0,0.9809632
8833,Pass,0,0.99999726,0.112162,0,0.9785367
8834,Pass,0,0.99998987,0.25060755,0,0.9493771
8835,Pass,0,0.99996734,0.40975374,0,0.91584516
8836,Pass,0,0.99817467,0.48558375,0,0.8982648
8837,Pass,0,0.999635,0.05512204,0,0.99018884
8838,Pass,0,0.9999368,0.110905565,0,0.9787421
8839,Pass,0,0.99963844,0.034534674,0,0.9945258
8840,Pass,0,0.9972914,0.23257585,0,0.9506019
8841,Pass,0,0.9999652,0.06657222,0,0.98810494
8842,Pass,0,0.9999957,0.078804046,0,0.9855594
8843,Pass,0,0.99995863,0.37925443,0,0.9222592
8844,Pass,0,1.0,0.0707353,0,0.9872627
8845,Pass,0,0.9999428,0.39020464,0,0.9199389
8846,Pass,0,0.99999,0.04812391,0,0.99201405
8847,Pass,0,0.7553697,1.0180713,0,0.5950657
8848,Pass,0,0.96296436,0.28893694,0,0.90645343
8849,Pass,0,0.99947935,0.28561008,0,0.9415257
8850,Pass,0,0.99956983,0.30706427,0,0.9370953
8851,Pass,0,0.9943973,0.41780853,0,0.9090571
8852,Pass,0,0.9997383,0.06365439,0,0.98849493
8853,Pass,0,0.9999964,0.17816587,0,0.9646374
8854,Pass,0,0.9999037,0.2839726,0,0.9422702
8855,Pass,0,0.9900377,0.59958726,0,0.8671756
8856,Pass,0,0.99969244,0.4359045,0,0.9100884
8857,Pass,0,0.9999964,0.13533267,0,0.9736569
8858,Pass,0,0.98201734,0.8583033,0,0.80665195
8859,Pass,0,0.9998004,0.051213443,0,0.99117553
8860,Pass,0,0.99999976,0.05468868,0,0.9906414
8861,Pass,0,0.9178603,0.99974895,0,0.72661394
8862,Pass,0,0.9625077,1.5257481,0,0.65535086
8863,Pass,0,0.99809164,0.047167107,0,0.99033195
8864,Pass,0,0.99973625,0.24333383,0,0.95066756
8865,Pass,0,0.6886713,0.567257,0,0.6078966
8866,Pass,0,0.9999434,0.1309754,0,0.97452265
8867,Pass,0,0.9595137,0.75872266,0,0.8082869
8868,Pass,0,0.99294525,0.47130013,0,0.89654535
8869,Pass,0,0.99975055,0.39910737,0,0.9178879
8870,Pass,0,0.755439,0.6606066,0,0.65198356
8871,Pass,0,0.89517885,0.7438894,0,0.7568877
8872,Pass,0,0.9999956,0.39094397,0,0.9198318
8873,Pass,0,0.999926,0.060539633,0,0.9893364
8874,Pass,0,0.77992153,0.63413066,0,0.67746145
8875,Pass,0,0.99999094,0.30999956,0,0.936872
8876,Pass,0,0.9998204,0.05554958,0,0.99028254
8877,Pass,0,0.9999924,0.11863824,0,0.97716826
8878,Pass,0,0.9995448,0.13981615,0,0.97227347
8879,Pass,0,0.9998795,0.1944806,0,0.9610896
8880,Pass,0,0.99999976,0.038662706,0,0.99401605
8881,Pass,0,0.99998605,0.1159971,0,0.97771823
8882,Pass,0,0.9817011,0.89870274,0,0.7980409
8883,Pass,0,0.9996972,0.36082232,0,0.9258982
8884,Pass,0,0.99999917,0.070949234,0,0.98721683
8885,Pass,0,0.6296016,1.3854806,0,0.44727832
8886,Pass,0,0.9999974,0.11680206,0,0.9775598
8887,Pass,0,0.99557376,0.49475986,0,0.89400053
8888,Pass,0,0.9999926,0.112948865,0,0.9783665
8889,Pass,0,0.9988285,0.24184224,0,0.95011806
8890,Pass,0,0.8406273,0.59339416,0,0.73740304
8891,Pass,0,0.99820566,0.08727895,0,0.9820138
8892,Pass,0,0.99997985,0.16177136,0,0.9680736
8893,Pass,0,0.6026665,0.7067106,0,0.5142821
8894,Pass,0,0.77072626,0.86459625,0,0.63207126
8895,Pass,0,0.9999963,0.16025598,0,0.96840864
8896,Pass,0,0.9916584,1.2293143,0,0.7370987
8897,Pass,0,0.9996406,0.07450532,0,0.9861143
8898,Pass,0,0.99994385,0.20571218,0,0.9587866
8899,Pass,0,0.99961555,0.27444994,0,0.94400316
8900,Pass,0,0.99998665,0.13415152,0,0.9738961
8901,Pass,0,0.9972524,0.43680415,0,0.9076782
8902,Pass,0,0.99996746,0.118968,0,0.97707444
8903,Pass,0,0.9996227,0.14257197,0,0.97176915
8904,Pass,0,0.99779344,0.6167944,0,0.87035346
8905,Pass,0,0.920258,1.1766641,0,0.6942294
8906,Pass,0,0.9996803,0.23195624,0,0.95300937
8907,Pass,0,0.9989686,0.15891464,0,0.96769553
8908,Pass,0,0.9926761,0.8780933,0,0.8112706
8909,Pass,0,0.9999422,0.3041049,0,0.9380675
8910,Pass,0,0.9986014,0.56210303,0,0.8825586
8911,Pass,0,0.99996674,0.10015936,0,0.9810342
8912,Pass,0,0.99999905,0.06718185,0,0.98801
8913,Pass,0,0.98993254,0.16090378,0,0.9585277
8914,Pass,0,0.99988306,0.10440818,0,0.98005754
8915,Pass,0,0.9818802,0.41571915,0,0.8980462
8916,Pass,0,0.9998579,0.35549456,0,0.9271687
8917,Pass,0,0.99416745,0.31752798,0,0.9298401
8918,Pass,0,0.9982254,0.06826283,0,0.9860304
8919,Pass,0,0.99902034,0.3208464,0,0.93368083
8920,Pass,0,1.0,0.094333634,0,0.98229355
8921,Pass,0,0.6399858,0.9256882,0,0.5166183
8922,Pass,0,0.99601173,0.39602867,0,0.91510093
8923,Pass,0,0.9979056,0.3028303,0,0.9364248
8924,Pass,0,0.99995637,0.19937223,0,0.96013355
8925,Pass,0,0.6251707,1.193837,0,0.4693591
8926,Pass,0,0.9999995,0.038243793,0,0.994104
8927,Pass,0,0.99991024,0.1826956,0,0.9636006
8928,Pass,0,0.9999654,0.050676215,0,0.9914523
8929,Pass,0,0.9997248,0.39475986,0,0.91877943
8930,Pass,0,0.99998057,0.14557625,0,0.9714844
8931,Pass,0,0.99997187,0.05830738,0,0.98985183
8932,Pass,0,0.9656979,2.5237396,0,0.4545829
8933,Pass,0,0.8833195,0.5931921,0,0.7748904
8934,Pass,0,0.999985,0.25746337,0,0.94792885
8935,Pass,0,0.9999789,0.063274704,0,0.9888128
8936,Pass,0,0.9998419,0.21319774,0,0.95711285
8937,Pass,0,0.9802428,0.68974847,0,0.8399859
8938,Pass,0,0.9995753,0.2796763,0,0.9428651
8939,Pass,0,0.9999937,0.12076032,0,0.97672266
8940,Pass,0,0.9999969,0.1091791,0,0.9791645
8941,Pass,0,0.9792295,0.37925094,0,0.9031415
8942,Pass,0,0.99999976,0.09850869,0,0.9814142
8943,Pass,0,0.9999615,0.1909572,0,0.96191037
8944,Pass,0,0.9999906,0.14132454,0,0.97238946
8945,Pass,0,0.9996202,0.32250807,0,0.9338917
8946,Pass,0,0.9999584,0.06901527,0,0.9875838
8947,Pass,0,0.9999883,0.023081752,0,0.99728554
8948,Pass,0,0.9999814,0.11097383,0,0.97877145
8949,Pass,0,0.9930146,0.18552472,0,0.95636374
8950,Pass,0,0.99997556,0.12676801,0,0.97543997
8951,Pass,0,0.99999404,0.22654,0,0.954449
8952,Pass,0,0.9953772,0.29293606,0,0.93612593
8953,Pass,0,0.99993825,0.24598637,0,0.9503011
8954,Pass,0,0.99991417,0.25153688,0,0.94910955
8955,Pass,0,0.994381,0.06214891,0,0.9835132
8956,Pass,0,0.9572484,1.0143071,0,0.7548606
8957,Pass,0,0.99995255,0.15789938,0,0.9688625
8958,Pass,0,0.9999585,0.11191282,0,0.9785513
8959,Pass,0,0.92707646,1.3397796,0,0.6675304
8960,Pass,0,0.57323176,0.84729385,0,0.47219485
8961,Pass,0,0.9998149,0.024355927,0,0.99684435
8962,Pass,0,0.89098626,0.61755747,0,0.7770447
8963,Pass,0,0.99999213,0.18797779,0,0.9625672
8964,Pass,0,0.9988379,0.23129135,0,0.9523462
8965,Pass,0,0.76130277,0.62642616,0,0.66252375
8966,Pass,0,0.9980367,0.44734475,0,0.90617687
8967,Pass,0,0.999592,0.4675159,0,0.9033433
8968,Pass,0,0.8899767,0.81937623,0,0.73834264
8969,Pass,0,0.99891996,0.2257688,0,0.95358604
8970,Pass,0,0.9999994,0.107389465,0,0.9795438
8971,Pass,0,0.99721706,0.17747962,0,0.96210045
8972,Pass,0,0.81056964,1.7747182,0,0.50940454
8973,Pass,0,0.99980694,0.3996323,0,0.91782916
8974,Pass,0,0.9999931,0.11774902,0,0.9773562
8975,Pass,0,0.99898785,0.3377094,0,0.9301032
8976,Pass,0,0.99994457,0.30126572,0,0.93866754
8977,Pass,0,0.9979456,0.2534993,0,0.9468286
8978,Pass,0,0.90802526,1.2189194,0,0.67692184
8979,Pass,0,0.9999931,0.1674222,0,0.96689653
8980,Pass,0,1.0,0.08427399,0,0.98441184
8981,Pass,0,0.99999905,0.05432816,0,0.99071664
8982,Pass,0,0.99992156,0.22046803,0,0.95565826
8983,Pass,0,0.99999905,0.088607565,0,0.98349833
8984,Pass,0,0.6547844,0.8191507,0,0.5432535
8985,Pass,0,0.9998093,0.06886784,0,0.9874676
8986,Pass,0,0.9940475,0.48238093,0,0.8952211
8987,Pass,0,0.99977416,0.164311,0,0.9673398
8988,Pass,0,0.9992842,0.6263559,0,0.8696419
8989,Pass,0,0.99739397,0.1765637,0,0.9624635
8990,Pass,0,0.9996724,0.32938635,0,0.93249255
8991,Pass,0,0.99995947,0.19147424,0,0.96179956
8992,Pass,0,0.60618544,0.4353914,0,0.5519176
8993,Pass,0,0.9998271,0.3893649,0,0.9200093
8994,Pass,0,0.6985338,0.6617208,0,0.6027075
8995,Pass,0,0.9999988,0.07105836,0,0.98719347
8996,Pass,0,0.7134671,1.661575,0,0.46537834
8997,Pass,0,0.9999864,0.22655329,0,0.95443887
8998,Pass,0,0.9999938,0.13999435,0,0.9726727
8999,Pass,0,0.9994342,0.2691692,0,0.94494325
9000,Pass,0,0.9999974,0.34599417,0,0.9292986
9001,Pass,0,0.99809414,0.17205004,0,0.9640877
9002,Pass,0,0.990254,0.5612877,0,0.8753512
9003,Pass,0,0.57652104,0.8043018,0,0.48012355
9004,Pass,0,0.99031246,0.38870943,0,0.91139096
9005,Pass,0,0.99424237,0.6012942,0,0.87050104
9006,Pass,0,0.99999595,0.11127808,0,0.97872156
9007,Pass,0,0.9999995,0.103189856,0,0.9804282
9008,Pass,0,0.99999785,0.13228871,0,0.97429925
9009,Pass,0,0.99165267,0.5243139,0,0.8843083
9010,Pass,0,0.9443701,0.76991796,0,0.7933037
9011,Pass,0,0.9991623,0.6244127,0,0.8699447
9012,Pass,0,0.9980976,0.27672225,0,0.94209206
9013,Pass,0,0.9998853,0.2932857,0,0.9402921
9014,Pass,0,0.95282614,1.4982281,0,0.65428036
9015,Pass,0,0.89592344,0.9488218,0,0.71885556
9016,Pass,0,0.9999926,0.16886283,0,0.96659267
9017,Pass,0,0.99997354,0.07364688,0,0.9866235
9018,Pass,0,0.9999958,0.10398733,0,0.9802567
9019,Pass,0,0.99698,0.13058905,0,0.97171575
9020,Pass,0,0.9993956,0.07422644,0,0.98593134
9021,Pass,0,0.9999894,0.39004186,0,0.92001605
9022,Pass,0,0.99993694,0.22838067,0,0.95400697
9023,Pass,0,0.99984276,0.25099418,0,0.94915605
9024,Pass,0,0.99994254,0.22487676,0,0.95475006
9025,Pass,0,0.9990854,0.22862813,0,0.95314246
9026,Pass,0,0.99977773,0.3338838,0,0.931644
9027,Pass,0,0.99982786,0.71187174,0,0.8521109
9028,Pass,0,0.9999634,0.12322682,0,0.97617376
9029,Pass,0,0.99999964,0.08827979,0,0.98356795
9030,Pass,0,0.9999169,0.30742776,0,0.93734413
9031,Pass,0,0.8652642,0.7893918,0,0.7233039
9032,Pass,0,0.9999994,0.14102824,0,0.9724604
9033,Pass,0,1.0,0.0974976,0,0.98162735
9034,Pass,0,0.99992967,0.30735534,0,0.9373714
9035,Pass,0,0.99999607,0.100327045,0,0.98102766
9036,Pass,0,0.99996936,0.15311773,0,0.9698856
9037,Pass,0,0.99987197,0.20526573,0,0.95881164
9038,Pass,0,0.999998,0.15951957,0,0.9685653
9039,Pass,0,0.99922323,0.7285427,0,0.84808797
9040,Pass,0,0.9994604,0.26421553,0,0.94601053
9041,Pass,0,0.9999932,0.42107368,0,0.9134852
9042,Pass,0,0.99315625,0.24344738,0,0.9443868
9043,Pass,0,0.9989379,0.096631415,0,0.98076695
9044,Pass,0,0.99997365,0.015523638,0,0.9988624
9045,Pass,0,0.95450294,0.8867859,0,0.7783262
9046,Pass,0,0.99998903,0.21624096,0,0.9566129
9047,Pass,0,0.9998254,0.13073084,0,0.9744592
9048,Pass,0,0.99994063,0.05349978,0,0.99083316
9049,Pass,0,0.99937755,0.3359026,0,0.9308463
9050,Pass,0,0.99995804,0.052676078,0,0.99102384
9051,Pass,0,0.9894146,0.6113967,0,0.86416936
9052,Pass,0,0.9987513,0.15703766,0,0.9678798
9053,Pass,0,0.9999641,0.03493069,0,0.9947664
9054,Pass,0,0.9959125,0.648766,0,0.862008
9055,Pass,0,0.99509406,0.27772045,0,0.93904793
9056,Pass,0,0.9997143,0.059277248,0,0.9893927
9057,Pass,0,0.9983089,0.26430237,0,0.94490236
9058,Pass,0,0.99991846,0.038204517,0,0.99403167
9059,Pass,0,0.9999826,0.14612812,0,0.9713702
9060,Pass,0,0.99999917,0.09159787,0,0.9828688
9061,Pass,0,0.9996791,0.015168412,0,0.9986429
9062,Pass,0,0.99921906,0.3710999,0,0.9232929
9063,Pass,0,0.5379873,0.7775483,0,0.45106363
9064,Pass,0,0.99756855,0.18874204,0,0.96007377
9065,Pass,0,0.6217569,1.3045366,0,0.45230284
9066,Pass,0,0.99541193,0.45946258,0,0.9012537
9067,Pass,0,0.9967713,0.19129825,0,0.9587699
9068,Pass,0,0.9999708,0.13497749,0,0.9737067
9069,Pass,0,0.99997866,0.15968856,0,0.968511
9070,Pass,0,0.99992,0.2672937,0,0.94579744
9071,Pass,0,0.8375619,1.2776299,0,0.61403763
9072,Pass,0,0.8721106,1.2892648,0,0.6372295
9073,Pass,0,0.99999785,0.057158843,0,0.9901194
9074,Pass,0,0.99999654,0.089099824,0,0.98339224
9075,Pass,0,0.9997466,0.03467464,0,0.994604
9076,Pass,0,0.999785,0.6267157,0,0.870002
9077,Pass,0,0.9999988,0.12032218,0,0.97681993
9078,Pass,0,0.9999521,0.13909796,0,0.9728209
9079,Pass,0,0.8387088,1.5256908,0,0.57106894
9080,Pass,0,0.9987702,0.64964205,0,0.8642972
9081,Pass,0,0.99996793,0.103321545,0,0.98036957
9082,Pass,0,0.9940754,0.44436502,0,0.9032039
9083,Pass,0,0.9996507,0.0440456,0,0.992536
9084,Pass,0,0.999376,0.1792375,0,0.9638135
9085,Pass,0,0.9999987,0.1305437,0,0.9746675
9086,Pass,0,0.9999701,0.1234314,0,0.9761372
9087,Pass,0,0.9957098,0.26492187,0,0.9423124
9088,Pass,0,0.9998857,0.3641787,0,0.9253661
9089,Pass,0,0.6237074,0.89330536,0,0.50773084
9090,Pass,0,0.9998055,0.24208167,0,0.95099705
9091,Pass,0,0.99445856,0.3690222,0,0.9193292
9092,Pass,0,0.9999052,0.06813504,0,0.9877166
9093,Pass,0,0.999624,0.24244842,0,0.9507472
9094,Pass,0,0.84416765,1.4241455,0,0.59283626
9095,Pass,0,0.99996066,0.20239338,0,0.95950156
9096,Pass,0,0.99943763,0.025783991,0,0.99616766
9097,Pass,0,0.99994326,0.17118168,0,0.9660567
9098,Pass,0,0.9998987,0.49927068,0,0.89693445
9099,Pass,0,0.9998512,0.3017441,0,0.9384792
9100,Pass,0,0.9882345,0.25672188,0,0.9369444
9101,Pass,0,0.9979665,0.2828178,0,0.9406874
9102,Pass,0,0.9994246,0.39289004,0,0.91889703
9103,Pass,0,0.9999529,0.09992052,0,0.98107094
9104,Pass,0,0.9999864,0.116650805,0,0.9775809
9105,Pass,0,0.9999386,0.10506917,0,0.97997284
9106,Pass,0,0.9999939,0.07689938,0,0.9859587
9107,Pass,0,0.99933916,0.48572618,0,0.89928275
9108,Pass,0,0.99962986,0.06917954,0,0.98722476
9109,Pass,0,0.99998987,0.08037816,0,0.9852222
9110,Pass,0,1.0,0.06668698,0,0.9881152
9111,Pass,0,0.99999404,0.031750638,0,0.9954658
9112,Pass,0,0.9999993,0.1006124,0,0.98097074
9113,Pass,0,0.9962786,0.17783615,0,0.9611202
9114,Pass,0,0.9993426,0.12129522,0,0.9759742
9115,Pass,0,0.9999993,0.110134326,0,0.9789657
9116,Pass,0,0.99999356,0.15597595,0,0.9693072
9117,Pass,0,0.99975663,0.42639917,0,0.912148
9118,Pass,0,0.9995303,0.15495355,0,0.96907336
9119,Pass,0,0.9999994,0.049150147,0,0.99180734
9120,Pass,0,0.9999665,0.18488243,0,0.9631943
9121,Pass,0,0.99565923,0.17590055,0,0.9609285
9122,Pass,0,0.9999151,0.10623883,0,0.97970355
9123,Pass,0,0.9816793,0.577703,0,0.8643782
9124,Pass,0,0.9999436,0.07510245,0,0.9862875
9125,Pass,0,0.9999976,0.16791372,0,0.96679735
9126,Pass,0,0.9906317,0.35185626,0,0.9193722
9127,Pass,0,0.9992986,0.3529277,0,0.9271902
9128,Pass,0,0.9999975,0.18172431,0,0.9638892
9129,Pass,0,0.9998524,0.21044458,0,0.9577025
9130,Pass,0,0.87520766,1.2140856,0,0.65334755
9131,Pass,0,0.60221994,0.9771582,0,0.4796055
9132,Pass,0,0.9993895,0.27110538,0,0.94449353
9133,Pass,0,0.9513673,0.7534678,0,0.8024771
9134,Pass,0,0.99998605,0.14449985,0,0.97171646
9135,Pass,0,0.84848773,0.5050806,0,0.760077
9136,Pass,0,0.9999356,0.022277324,0,0.99740237
9137,Pass,0,0.9902181,0.50285566,0,0.8875032
9138,Pass,0,0.99997866,0.34693897,0,0.9290822
9139,Pass,0,0.9999976,0.17426574,0,0.9654598
9140,Pass,0,0.9999633,0.56857455,0,0.8823995
9141,Pass,0,0.99993217,0.25396362,0,0.9486157
9142,Pass,0,0.9880584,0.30923107,0,0.9258525
9143,Pass,0,0.9999999,0.048340652,0,0.9919782
9144,Pass,0,0.999246,0.17203908,0,0.9652027
9145,Pass,0,0.9260095,1.4007659,0,0.65487033
9146,Pass,0,0.98730254,0.21982114,0,0.9437324
9147,Pass,0,0.99997973,0.0821454,0,0.9848401
9148,Pass,0,0.99996686,0.06884711,0,0.98762757
9149,Pass,0,0.9999485,0.11613812,0,0.9776518
9150,Pass,0,0.9888809,0.64272875,0,0.8571789
9151,Pass,0,0.99999726,0.29238585,0,0.94058686
9152,Pass,0,0.9981268,0.48450962,0,0.8984475
9153,Pass,0,0.8233785,0.34160206,0,0.765928
9154,Pass,0,0.99998105,0.23590757,0,0.95246404
9155,Pass,0,0.99996424,0.28983718,0,0.94109243
9156,Pass,0,0.99966884,0.3083708,0,0.9369131
9157,Pass,0,0.99927086,0.16091283,0,0.96756786
9158,Pass,0,0.99990726,0.19512229,0,0.96098125
9159,Pass,0,0.9972568,0.5850026,0,0.87656146
9160,Pass,0,0.99998343,0.21345419,0,0.9571943
9161,Pass,0,0.99963176,0.07849249,0,0.9852663
9162,Pass,0,0.9995043,0.17040464,0,0.9657962
9163,Pass,0,0.99999976,0.18608423,0,0.96297324
9164,Pass,0,0.99999714,0.24130946,0,0.9513419
9165,Pass,0,0.98242605,0.81501,0,0.8159438
9166,Pass,0,0.9999974,0.094694585,0,0.982215
9167,Pass,0,0.9999087,0.16508433,0,0.96730715
9168,Pass,0,0.9999982,0.07837153,0,0.9856529
9169,Pass,0,0.9896835,0.26968834,0,0.935616
9170,Pass,0,0.99999976,0.24962877,0,0.9495926
9171,Pass,0,0.9999819,0.118734576,0,0.97713774
9172,Pass,0,0.9999982,0.10279354,0,0.9805104
9173,Pass,0,0.9998684,0.14614893,0,0.9712549
9174,Pass,0,0.999881,0.19050816,0,0.96192753
9175,Pass,0,0.5750646,1.5788758,0,0.38511577
9176,Pass,0,0.99509394,0.3921611,0,0.91506803
9177,Pass,0,0.9978947,0.30942354,0,0.9350291
9178,Pass,0,0.99988294,0.23385182,0,0.95280343
9179,Pass,0,0.9705964,1.3099296,0,0.7049672
9180,Pass,0,0.9993394,0.2669362,0,0.94532347
9181,Pass,0,0.99713933,0.27286816,0,0.9419968
9182,Pass,0,0.99497026,0.085514985,0,0.9792005
9183,Pass,0,0.9984652,0.31087545,0,0.9352584
9184,Pass,0,0.98357093,0.52751917,0,0.8764375
9185,Pass,0,0.9999964,0.19587383,0,0.96090865
9186,Pass,0,0.9999964,0.13210057,0,0.97433746
9187,Pass,0,0.99708694,0.40862286,0,0.9134445
9188,Pass,0,0.9999981,0.066184685,0,0.988219
9189,Pass,0,0.99997425,0.02922351,0,0.9959783
9190,Pass,0,0.9999504,0.21847957,0,0.9561045
9191,Pass,0,0.87106407,0.5806078,0,0.7664476
9192,Pass,0,0.9995359,0.36305916,0,0.925278
9193,Pass,0,0.9142876,0.6881478,0,0.78377604
9194,Pass,0,0.9996418,0.2092394,0,0.9577545
9195,Pass,0,0.9999999,0.03815726,0,0.99412256
9196,Pass,0,0.74667555,0.70201427,0,0.6379098
9197,Pass,0,0.9991653,0.18252288,0,0.962919
9198,Pass,0,0.94865733,1.2960514,0,0.69180465
9199,Pass,0,0.99998736,0.03716148,0,0.9943198
9200,Pass,0,0.9999995,0.12613498,0,0.9755966
9201,Pass,0,0.82025397,0.784344,0,0.68655014
9202,Pass,0,0.9970763,0.39646617,0,0.9159871
9203,Pass,0,0.9818302,0.80876136,0,0.81674075
9204,Pass,0,1.0,0.07233495,0,0.98692584
9205,Pass,0,0.999984,0.2634775,0,0.94666153
9206,Pass,0,0.9997218,0.10384552,0,0.98001796
9207,Pass,0,0.99385214,0.75642526,0,0.83769405
9208,Pass,0,0.9999819,0.076566935,0,0.98601687
9209,Pass,0,0.9999831,0.13803539,0,0.9730748
9210,Pass,0,0.9999604,0.19295895,0,0.9614879
9211,Pass,0,0.98185927,0.5797625,0,0.8641108
9212,Pass,0,0.70263267,0.5297409,0,0.6257711
9213,Pass,0,0.9999975,0.17764334,0,0.96474844
9214,Pass,0,0.9835714,0.6291579,0,0.8553873
9215,Pass,0,0.99978215,0.22544393,0,0.9544775
9216,Pass,0,0.9997811,0.27808502,0,0.9433942
9217,Pass,0,0.99983585,0.39959267,0,0.917864
9218,Pass,0,0.99994063,0.2227493,0,0.9551962
9219,Pass,0,0.9993563,0.3011754,0,0.9381344
9220,Pass,0,0.79940164,0.58113015,0,0.70330405
9221,Pass,0,0.9763558,0.60929227,0,0.8531963
9222,Pass,0,0.9999931,0.07137323,0,0.9871215
9223,Pass,0,0.9999962,0.22680733,0,0.95439476
9224,Pass,0,0.99862754,0.21611455,0,0.955337
9225,Pass,0,0.99739033,0.35924256,0,0.9240934
9226,Pass,0,0.99999416,0.120874636,0,0.97669905
9227,Pass,0,0.992077,0.3025074,0,0.9310227
9228,Pass,0,0.981598,0.7587342,0,0.82688814
9229,Pass,0,0.99999857,0.37310648,0,0.92359066
9230,Pass,0,0.9998708,0.16762017,0,0.96673656
9231,Pass,0,0.9987966,0.19608335,0,0.9597117
9232,Pass,0,0.5635521,0.83039534,0,0.4662266
9233,Pass,0,0.99965274,0.15901253,0,0.9683377
9234,Pass,0,0.99999857,0.102808736,0,0.9805075
9235,Pass,0,0.9872968,0.18912476,0,0.9501086
9236,Pass,0,0.99999654,0.14869916,0,0.9708424
9237,Pass,0,0.99972755,0.094850756,0,0.981917
9238,Pass,0,0.99603647,0.7018006,0,0.85099196
9239,Pass,0,0.99406,0.14147183,0,0.9665917
9240,Pass,0,0.99992406,0.30068517,0,0.93877053
9241,Pass,0,0.996609,0.17579852,0,0.96186656
9242,Pass,0,0.9986356,0.44354331,0,0.90752006
9243,Pass,0,0.9904198,0.7989186,0,0.8259389
9244,Pass,0,0.9999893,0.18819846,0,0.962518
9245,Pass,0,0.99999976,0.03983939,0,0.9937683
9246,Pass,0,0.9998555,0.12469883,0,0.9757585
9247,Pass,0,0.99999976,0.22331382,0,0.9551338
9248,Pass,0,0.95727736,0.61534804,0,0.8353037
9249,Pass,0,0.9926838,0.35585102,0,0.92044175
9250,Pass,0,0.9953862,0.3597997,0,0.9221198
9251,Pass,0,0.9995365,0.4366742,0,0.9097845
9252,Pass,0,0.99985003,0.17269845,0,0.96564734
9253,Pass,0,0.9995875,0.15030004,0,0.9701083
9254,Pass,0,0.9978321,0.03183262,0,0.99329644
9255,Pass,0,0.99777836,0.2663249,0,0.94397527
9256,Pass,0,0.99968517,0.044534635,0,0.9924672
9257,Pass,0,0.99999964,0.12723774,0,0.97536457
9258,Pass,0,0.83659047,1.4687103,0,0.57966435
9259,Pass,0,0.99991167,0.118112795,0,0.97720003
9260,Pass,0,0.99989474,0.22368756,0,0.95495474
9261,Pass,0,0.98351836,0.14493482,0,0.95562416
9262,Pass,0,0.99999726,0.13079618,0,0.9746129
9263,Pass,0,0.9999974,0.244722,0,0.9506236
9264,Pass,0,0.9987286,0.58920676,0,0.876971
9265,Pass,0,0.9995565,0.032298755,0,0.9949149
9266,Pass,0,0.999997,0.09937496,0,0.98122907
9267,Pass,0,0.99999964,0.26195818,0,0.9469963
9268,Pass,0,0.99984133,0.09799671,0,0.98136646
9269,Pass,0,0.9999962,0.13917138,0,0.9728483
9270,Pass,0,0.9998752,0.084335096,0,0.9842761
9271,Pass,0,0.99927133,0.3896912,0,0.91942924
9272,Pass,0,0.99998796,0.16117765,0,0.96820647
9273,Pass,0,0.99991345,0.09527062,0,0.98201126
9274,Pass,0,0.9924846,0.07778704,0,0.9783693
9275,Pass,0,0.9999511,0.2764519,0,0.9438985
9276,Pass,0,0.9998299,0.16950764,0,0.96629965
9277,Pass,0,0.99998677,0.17994618,0,0.96425325
9278,Pass,0,0.9999064,0.09762006,0,0.9815097
9279,Pass,0,0.99996674,0.2653073,0,0.9462599
9280,Pass,0,0.9905951,0.6930256,0,0.8481734
9281,Pass,0,0.81725574,1.3851053,0,0.58065516
9282,Pass,0,0.96844137,0.571361,0,0.85401535
9283,Pass,0,0.9998729,0.31942064,0,0.93477786
9284,Pass,0,0.9815392,0.29582444,0,0.9225147
9285,Pass,0,0.9959325,0.5548358,0,0.88172394
9286,Pass,0,0.9971072,0.4391318,0,0.90705734
9287,Pass,0,0.9999769,0.5149066,0,0.8937122
9288,Pass,0,0.9999585,0.043248154,0,0.9930095
9289,Pass,0,0.9999895,0.11540794,0,0.97784567
9290,Pass,0,0.51210535,0.81165344,0,0.42568576
9291,Pass,0,0.9966673,0.39566886,0,0.91577876
9292,Pass,0,0.99999356,0.2590811,0,0.9475964
9293,Pass,0,0.9999871,0.06771851,0,0.98788524
9294,Pass,0,0.9999385,0.2391861,0,0.95173323
9295,Pass,0,0.9934643,0.28524292,0,0.9359363
9296,Pass,0,0.9999399,0.31224155,0,0.93635213
9297,Pass,0,0.8609364,0.8022489,0,0.7173553
9298,Pass,0,0.99999833,0.24259487,0,0.9510724
9299,Pass,0,0.9948102,0.77189165,0,0.8352617
9300,Pass,0,0.999876,0.27317145,0,0.94451827
9301,Pass,0,0.9999988,0.06883452,0,0.9876618
9302,Pass,0,0.9999963,0.07198272,0,0.9869964
9303,Pass,0,0.9998691,0.1846452,0,0.96315044
9304,Pass,0,0.9998104,0.14115052,0,0.9722509
9305,Pass,0,0.99993575,0.24105328,0,0.95133746
9306,Pass,0,0.9999913,0.09375713,0,0.98240644
9307,Pass,0,1.0,0.04689602,0,0.99228257
9308,Pass,0,0.99999774,0.092453085,0,0.98268735
9309,Pass,0,0.9991536,0.19383478,0,0.9605278
9310,Pass,0,0.99997044,0.031216271,0,0.99555486
9311,Pass,0,0.99988127,0.020398093,0,0.9977438
9312,Pass,0,0.99999917,0.17094156,0,0.9661613
9313,Pass,0,0.99238306,0.18327647,0,0.95622534
9314,Pass,0,0.99877244,0.3298161,0,0.9315627
9315,Pass,0,0.9998951,0.05653586,0,0.9901488
9316,Pass,0,0.99997663,0.23640682,0,0.9523548
9317,Pass,0,0.99998176,0.21780169,0,0.95627725
9318,Pass,0,0.99999976,0.06370912,0,0.988742
9319,Pass,0,0.9996859,0.37377912,0,0.9231602
9320,Pass,0,0.98090196,0.87918663,0,0.8014223
9321,Pass,0,0.999982,0.052240305,0,0.9911394
9322,Pass,0,0.9999995,0.097027935,0,0.98172575
9323,Pass,0,0.97169524,0.9122943,0,0.78712595
9324,Pass,0,0.99986315,0.042519182,0,0.99306834
9325,Pass,0,0.67529655,0.6567503,0,0.58336484
9326,Pass,0,0.9994473,0.17854276,0,0.9640284
9327,Pass,0,0.9999993,0.07463955,0,0.9864399
9328,Pass,0,0.9958417,0.42984274,0,0.907854
9329,Pass,0,0.94625455,1.2240374,0,0.7044015
9330,Pass,0,0.9999995,0.15475805,0,0.96956944
9331,Pass,0,0.9999225,0.3754704,0,0.9230226
9332,Pass,0,0.9995896,0.059611708,0,0.9891989
9333,Pass,0,0.91328466,1.2660156,0,0.67178553
9334,Pass,0,0.9999536,0.10842356,0,0.9792812
9335,Pass,0,0.99070275,0.84527135,0,0.816505
9336,Pass,0,0.9989015,0.1868879,0,0.96174663
9337,Pass,0,0.99597,0.43095323,0,0.9077381
9338,Pass,0,0.9998791,0.062263496,0,0.98892707
9339,Pass,0,0.91892743,0.97870445,0,0.7315308
9340,Pass,0,0.9760249,1.1602404,0,0.7396746
9341,Pass,0,0.9997861,0.33019444,0,0.9324285
9342,Pass,0,0.99899536,0.1802371,0,0.96323603
9343,Pass,0,0.9999963,0.22572401,0,0.954623
9344,Pass,0,0.99999833,0.27059248,0,0.9451769
9345,Pass,0,0.9999857,0.23302999,0,0.9530744
9346,Pass,0,0.99643564,0.55190253,0,0.8827848
9347,Pass,0,0.8326445,1.0250403,0,0.6547195
9348,Pass,0,0.99910873,0.18554315,0,0.9622291
9349,Pass,0,0.9999981,0.2744965,0,0.9443546
9350,Pass,0,0.978779,0.19555897,0,0.9405855
9351,Pass,0,0.94267356,0.35917437,0,0.87341124
9352,Pass,0,0.999992,0.11559251,0,0.97780925
9353,Pass,0,0.978912,0.3325695,0,0.9124712
9354,Pass,0,0.9999995,0.07418073,0,0.98653674
9355,Pass,0,0.99991083,0.28583145,0,0.9418856
9356,Pass,0,0.9999988,0.107350916,0,0.9795513
9357,Pass,0,0.99624085,0.2723375,0,0.9412594
9358,Pass,0,0.99997723,0.037426025,0,0.99425405
9359,Pass,0,0.9999938,0.11492147,0,0.9779523
9360,Pass,0,0.99962974,0.25697166,0,0.9476956
9361,Pass,0,0.9997869,0.06997754,0,0.9872119
9362,Pass,0,0.99878305,1.4849113,0,0.6886385
9363,Pass,0,0.9999957,0.103624776,0,0.9803329
9364,Pass,0,0.99993885,0.20523752,0,0.95888174
9365,Pass,0,0.9996917,0.37383842,0,0.92315316
9366,Pass,0,0.99987555,0.1173698,0,0.97732115
9367,Pass,0,0.99997485,0.13105708,0,0.9745362
9368,Pass,0,0.9999999,0.06532343,0,0.9884022
9369,Pass,0,0.9997588,0.35901707,0,0.9263353
9370,Pass,0,0.99997365,0.16638145,0,0.9670969
9371,Pass,0,0.97721034,0.6557324,0,0.84438694
9372,Pass,0,0.99999154,0.089800864,0,0.9832397
9373,Pass,0,0.91748416,0.3774001,0,0.8465515
9374,Pass,0,0.9999424,0.22500396,0,0.9547232
9375,Pass,0,0.9999981,0.08517937,0,0.9842194
9376,Pass,0,0.9999356,0.13947423,0,0.9727256
9377,Pass,0,0.9989236,0.33797103,0,0.9299883
9378,Pass,0,0.99901533,0.076048486,0,0.98517287
9379,Pass,0,0.99939096,0.22420955,0,0.95436376
9380,Pass,0,0.9999981,0.20980796,0,0.9579761
9381,Pass,0,0.99999595,0.096975096,0,0.9817334
9382,Pass,0,0.40433013,0.9680121,0,0.32278556
9383,Pass,0,0.9983858,0.14602491,0,0.96984076
9384,Pass,0,0.99991727,0.021754906,0,0.99749404
9385,Pass,0,0.9945967,0.052445482,0,0.9857588
9386,Pass,0,0.9913958,0.41658184,0,0.90656924
9387,Pass,0,0.9999894,0.1273707,0,0.97532654
9388,Pass,0,0.9999995,0.095104136,0,0.9821308
9389,Pass,0,0.9999976,0.0618125,0,0.9891392
9390,Pass,0,0.99999523,0.056370612,0,0.9902828
9391,Pass,0,0.9999701,0.121612854,0,0.9765201
9392,Pass,0,0.97613883,0.33959183,0,0.9084428
9393,Pass,0,0.99999845,0.05588825,0,0.9903875
9394,Pass,0,0.99888736,0.10789043,0,0.97834915
9395,Pass,0,0.9240544,0.41223434,0,0.84583575
9396,Pass,0,0.9999999,0.19502299,0,0.96109116
9397,Pass,0,0.99841106,0.25023845,0,0.9479558
9398,Pass,0,0.995895,0.38772535,0,0.91673493
9399,Pass,0,0.9997898,0.5018652,0,0.89629054
9400,Pass,0,0.9999877,0.07447103,0,0.98646396
9401,Pass,0,0.99994946,0.11946226,0,0.97695285
9402,Pass,0,0.9999989,0.1375633,0,0.97318953
9403,Pass,0,1.0,0.1480843,0,0.9709752
9404,Pass,0,0.9996333,0.14688855,0,0.97087085
9405,Pass,0,0.99998915,0.06909508,0,0.98759735
9406,Pass,0,0.99998474,0.1594781,0,0.96856123
9407,Pass,0,0.99947864,0.22714996,0,0.9538287
9408,Pass,0,0.9999511,0.2868053,0,0.9417185
9409,Pass,0,0.98923475,0.45691347,0,0.89619184
9410,Pass,0,1.0,0.14506091,0,0.97161186
9411,Pass,0,0.9657227,0.31696013,0,0.9033513
9412,Pass,0,0.9999918,0.045589622,0,0.9925495
9413,Pass,0,0.99999976,0.066284195,0,0.9881997
9414,Pass,0,0.6545199,0.56963456,0,0.5774232
9415,Pass,0,0.9575272,0.42033055,0,0.8748427
9416,Pass,0,0.6062508,1.7434556,0,0.3849908
9417,Pass,0,0.998582,0.12424816,0,0.97461045
9418,Pass,0,0.99999595,0.19707118,0,0.9606561
9419,Pass,0,0.9999969,0.06609886,0,0.98823595
9420,Pass,0,0.9999932,0.13347268,0,0.9740454
9421,Pass,0,0.9936605,0.7234561,0,0.84443086
9422,Pass,0,0.9887057,1.3410614,0,0.711639
9423,Pass,0,0.7327047,1.1730142,0,0.55330503
9424,Pass,0,0.9720809,0.68326646,0,0.8343187
9425,Pass,0,0.57268894,1.0641497,0,0.44559664
9426,Pass,0,0.9874729,0.105532095,0,0.9676597
9427,Pass,0,0.9999684,0.15555103,0,0.9693723
9428,Pass,0,0.9993388,0.079051316,0,0.98486
9429,Pass,0,0.81924456,1.4556571,0,0.5698974
9430,Pass,0,0.9999614,0.09297682,0,0.9825413
9431,Pass,0,0.9952054,1.4428357,0,0.69498926
9432,Pass,0,0.9999974,0.08129288,0,0.985037
9433,Pass,0,0.99914014,0.05490056,0,0.9897453
9434,Pass,0,0.9998994,0.5200876,0,0.8925521
9435,Pass,0,0.7369,1.068368,0,0.5727111
9436,Pass,0,0.99999976,0.12916262,0,0.9749593
9437,Pass,0,0.999974,0.3937849,0,0.9192138
9438,Pass,0,0.99995947,0.21002686,0,0.9578931
9439,Pass,0,1.0,0.03477036,0,0.9948359
9440,Pass,0,0.99826497,0.32732067,0,0.931614
9441,Pass,0,0.9999901,0.10396651,0,0.9802554
9442,Pass,0,0.99997985,0.14695656,0,0.97119313
9443,Pass,0,0.5236862,1.1824298,0,0.39442554
9444,Pass,0,0.99999964,0.18547207,0,0.96310204
9445,Pass,0,0.99964976,0.08709891,0,0.9834724
9446,Pass,0,0.999337,0.31178832,0,0.9358829
9447,Pass,0,0.9642807,0.40625277,0,0.88387156
9448,Pass,0,0.997027,0.31098324,0,0.9338886
9449,Pass,0,0.9995654,0.0933993,0,0.98206335
9450,Pass,0,0.99999857,0.044899408,0,0.9927016
9451,Pass,0,0.71040916,0.7838077,0,0.5946906
9452,Pass,0,0.99874276,0.22526461,0,0.9535229
9453,Pass,0,0.8612197,4.078121,0,0.123517446
9454,Pass,0,0.92963326,1.2727846,0,0.682486
9455,Pass,0,0.40238768,1.233261,0,0.29875994
9456,Pass,0,0.9988445,0.41140243,0,0.9144701
9457,Pass,0,0.999905,0.18764907,0,0.96255255
9458,Pass,0,0.9998902,0.31779084,0,0.93513715
9459,Pass,0,0.99563015,0.033877216,0,0.99067587
9460,Pass,0,0.99958915,0.2758712,0,0.9436791
9461,Pass,0,0.9993856,0.129423,0,0.97430575
9462,Pass,0,0.9999943,0.12863192,0,0.9750657
9463,Pass,0,0.9999995,0.09016156,0,0.9831716
9464,Pass,0,0.9999504,0.20422833,0,0.9591053
9465,Pass,0,0.99999845,0.15767352,0,0.9689545
9466,Pass,0,0.99859613,0.26739573,0,0.94452375
9467,Pass,0,0.9999964,0.15508917,0,0.9694967
9468,Pass,0,0.9999974,0.053583402,0,0.9908718
9469,Pass,0,0.9965497,0.27264887,0,0.9414858
9470,Pass,0,0.9296553,0.8822042,0,0.7589618
9471,Pass,0,0.999944,0.17823015,0,0.96457326
9472,Pass,0,0.46586204,1.5561224,0,0.3142158
9473,Pass,0,0.9999597,0.13949375,0,0.97274494
9474,Pass,0,0.99999845,0.11059732,0,0.9788674
9475,Pass,0,0.9999857,0.15922211,0,0.96861607
9476,Pass,0,0.9999957,0.086817734,0,0.983872
9477,Pass,0,0.99981743,0.17741933,0,0.96462196
9478,Pass,0,0.99960023,0.24092036,0,0.9510462
9479,Pass,0,0.9999999,0.17483632,0,0.96534187
9480,Pass,0,0.99852365,0.2709797,0,0.9437016
9481,Pass,0,0.99934775,0.19606365,0,0.9602454
9482,Pass,0,0.99942845,0.22948512,0,0.9532894
9483,Pass,0,0.99989414,0.043711144,0,0.99284816
9484,Pass,0,0.9971073,0.3836432,0,0.91870797
9485,Pass,0,0.9999999,0.08174377,0,0.9849445
9486,Pass,0,0.99982625,0.036351852,0,0.9943301
9487,Pass,0,0.99836737,0.07970124,0,0.983766
9488,Pass,0,0.9996556,0.34134638,0,0.92995936
9489,Pass,0,0.9999999,0.026062854,0,0.99666935
9490,Pass,0,0.99869114,0.15408213,0,0.96844304
9491,Pass,0,0.99972147,0.1814481,0,0.9636812
9492,Pass,0,0.99985826,0.16552927,0,0.9671647
9493,Pass,0,0.9997303,0.35927686,0,0.9262542
9494,Pass,0,0.5454783,1.222379,0,0.40625006
9495,Pass,0,0.9999807,0.13017315,0,0.9747279
9496,Pass,0,0.99940085,0.25179178,0,0.9485687
9497,Pass,0,0.9999902,0.09031144,0,0.98313093
9498,Pass,0,0.9999579,0.14055866,0,0.9725189
9499,Pass,0,0.99960715,0.29034424,0,0.9406496
9500,Pass,0,0.9999974,0.1572082,0,0.9690514
9501,Pass,0,0.99965,0.38051394,0,0.9217094
9502,Pass,0,0.99989724,0.16264538,0,0.96780956
9503,Pass,0,0.9999305,0.20874576,0,0.95813507
9504,Pass,0,0.999969,0.16421087,0,0.96754944
9505,Pass,0,0.99957186,0.1051946,0,0.979587
9506,Pass,0,0.99991155,0.1404972,0,0.97248685
9507,Pass,0,0.9997842,0.30018488,0,0.9387445
9508,Pass,0,0.9998479,0.31638876,0,0.9353928
9509,Pass,0,0.99881685,0.0654701,0,0.98720205
9510,Pass,0,0.99999917,0.13018776,0,0.9747429
9511,Pass,0,0.99429035,0.3491766,0,0.92332876
9512,Pass,0,0.9999565,0.29409608,0,0.9401884
9513,Pass,0,0.9999746,0.13323879,0,0.9740765
9514,Pass,0,0.9999387,0.123476036,0,0.9760972
9515,Pass,0,0.99954623,0.1394542,0,0.972351
9516,Pass,0,0.999984,0.15785295,0,0.9689027
9517,Pass,0,0.9993949,0.4236924,0,0.9123876
9518,Pass,0,0.9999809,0.0684621,0,0.9877225
9519,Pass,0,0.998175,0.2904833,0,0.93927276
9520,Pass,0,0.9997843,0.4535281,0,0.9064619
9521,Pass,0,0.9797365,0.40955305,0,0.89735764
9522,Pass,0,0.44177973,1.2084291,0,0.33031732
9523,Pass,0,0.9999883,0.118489325,0,0.9771956
9524,Pass,0,0.999984,0.20227243,0,0.9595494
9525,Pass,0,0.99876,0.3184186,0,0.9339481
9526,Pass,0,0.9997565,0.3099054,0,0.9366722
9527,Pass,0,0.9991186,0.148675,0,0.96999514
9528,Pass,0,0.9988418,0.7055962,0,0.8525905
9529,Pass,0,0.9999924,0.23850517,0,0.9519279
9530,Pass,0,0.6687342,1.116387,0,0.51297146
9531,Pass,0,0.99859935,0.34042948,0,0.92916954
9532,Pass,0,1.0,0.047316622,0,0.992194
9533,Pass,0,0.9999827,0.035834197,0,0.9945947
9534,Pass,0,0.99997354,0.18190587,0,0.96382785
9535,Pass,0,0.9999862,0.13072942,0,0.97461617
9536,Pass,0,0.9996654,0.23565438,0,0.9522167
9537,Pass,0,1.0,0.076703526,0,0.98600596
9538,Pass,0,0.9999567,0.01803313,0,0.99831706
9539,Pass,0,0.9998658,0.18284735,0,0.9635258
9540,Pass,0,0.8028285,0.8466568,0,0.66143095
9541,Pass,0,0.999962,0.117553845,0,0.97736686
9542,Pass,0,0.9999287,0.13679914,0,0.97328216
9543,Pass,0,0.9999988,0.16820776,0,0.9667367
9544,Pass,0,0.9979765,0.13776548,0,0.9711789
9545,Pass,0,0.96645474,1.0282271,0,0.7592877
9546,Pass,0,0.99991405,0.05306333,0,0.9908987
9547,Pass,0,0.962236,0.67928666,0,0.82667536
9548,Pass,0,0.9388252,0.63098365,0,0.8161117
9549,Pass,0,0.9999367,0.09406999,0,0.98228693
9550,Pass,0,0.9999722,0.16195793,0,0.96802694
9551,Pass,0,0.9859191,0.3648943,0,0.9122919
9552,Pass,0,0.95313156,0.49330068,0,0.8561814
9553,Pass,0,0.9997801,0.5419786,0,0.88783705
9554,Pass,0,0.99996114,0.06403884,0,0.98863435
9555,Pass,0,0.9999641,0.12502633,0,0.97579557
9556,Pass,0,0.9999877,0.07214349,0,0.9869541
9557,Pass,0,0.99740726,0.2936345,0,0.93788844
9558,Pass,0,1.0,0.13646023,0,0.9734229
9559,Pass,0,0.9963876,1.3585571,0,0.71349734
9560,Pass,0,0.9471208,0.70797914,0,0.80796725
9561,Pass,0,0.9894546,0.7851022,0,0.82801265
9562,Pass,0,0.9999769,0.27375758,0,0.9444902
9563,Pass,0,0.9999486,0.18536192,0,0.9630761
9564,Pass,0,0.999967,0.14978933,0,0.9705841
9565,Pass,0,0.99218845,0.2643982,0,0.93908936
9566,Pass,0,0.5972338,0.87803924,0,0.48809978
9567,Pass,0,0.996756,0.30612752,0,0.93465394
9568,Pass,0,0.99886334,0.42049322,0,0.9125752
9569,Pass,0,0.99989927,0.3284276,0,0.93290603
9570,Pass,0,0.99413043,1.4695057,0,0.68865556
9571,Pass,0,0.9999838,0.1392329,0,0.97282326
9572,Pass,0,0.999838,0.19076176,0,0.9618327
9573,Pass,0,0.48749107,0.77195674,0,0.40930015
9574,Pass,0,0.9999814,0.08342715,0,0.9845719
9575,Pass,0,0.99999976,0.10286558,0,0.98049676
9576,Pass,0,0.9548005,0.6180504,0,0.83259916
9577,Pass,0,0.99999833,0.034608126,0,0.9948684
9578,Pass,0,0.9999032,0.11592113,0,0.9776532
9579,Pass,0,0.98239756,0.18976663,0,0.94526106
9580,Pass,0,0.99998355,0.15308036,0,0.9699072
9581,Pass,0,0.7537697,1.0330894,0,0.59142154
9582,Pass,0,0.85539854,0.34818235,0,0.7945286
9583,Pass,0,0.9999995,0.088063195,0,0.9836135
9584,Pass,0,0.9908246,0.44898245,0,0.8992869
9585,Pass,0,0.77518404,0.9286913,0,0.6252647
9586,Pass,0,0.99999356,0.14960323,0,0.9706491
9587,Pass,0,0.9999826,0.10716038,0,0.9795756
9588,Pass,0,0.9983461,0.55470026,0,0.88388914
9589,Pass,0,0.99999905,0.13870524,0,0.9729492
9590,Pass,0,0.9999958,0.12012824,0,0.9768579
9591,Pass,0,0.98417205,0.7826466,0,0.82410085
9592,Pass,0,0.99990284,0.086138085,0,0.98392373
9593,Pass,0,0.99999404,0.13428304,0,0.9738756
9594,Pass,0,0.9999907,0.16982664,0,0.96638787
9595,Pass,0,0.9997173,0.06297077,0,0.98861814
9596,Pass,0,0.99999416,0.18508503,0,0.9631783
9597,Pass,0,0.9406377,0.2694452,0,0.8892977
9598,Pass,0,0.9997416,0.06673829,0,0.98784906
9599,Pass,0,0.9954299,0.28199252,0,0.9384693
9600,Pass,0,0.99998724,0.068360776,0,0.9877501
9601,Pass,0,0.999881,0.15222597,0,0.9699877
9602,Pass,0,0.7902174,0.5498728,0,0.700425
9603,Pass,0,0.9983026,0.34420842,0,0.92809904
9604,Pass,0,0.99999094,0.2443651,0,0.9506926
9605,Pass,0,0.9845671,0.3072003,0,0.923002
9606,Pass,0,0.99826705,0.29393306,0,0.9386342
9607,Pass,0,0.9999236,0.022356384,0,0.9973737
9608,Pass,0,0.9982121,0.28460562,0,0.9405431
9609,Pass,0,0.99999976,0.16475539,0,0.9674645
9610,Pass,0,0.9998903,0.08860536,0,0.9833919
9611,Pass,0,0.9998642,0.11665401,0,0.9774608
9612,Pass,0,0.99978894,0.1736693,0,0.96538395
9613,Pass,0,0.9979221,0.5357599,0,0.88749385
9614,Pass,0,0.9999981,0.11846138,0,0.9772111
9615,Pass,0,0.9999913,0.3375186,0,0.93107766
9616,Pass,0,0.99983716,0.18053702,0,0.9639846
9617,Pass,0,0.9999819,0.24637793,0,0.95026016
9618,Pass,0,0.9989133,1.312696,0,0.7249525
9619,Pass,0,0.59587514,0.96146595,0,0.47652146
9620,Pass,0,0.9996716,0.37983832,0,0.92187154
9621,Pass,0,0.9999521,0.110617265,0,0.97881776
9622,Pass,0,0.72199553,0.5607345,0,0.6383039
9623,Pass,0,0.9897434,0.6019044,0,0.8664349
9624,Pass,0,0.9999901,0.26620105,0,0.94609386
9625,Pass,0,0.99872005,0.18600945,0,0.9617567
9626,Pass,0,0.99997914,0.16541633,0,0.96730536
9627,Pass,0,0.9608008,0.6769962,0,0.8259058
9628,Pass,0,0.9470273,0.44028848,0,0.8612696
9629,Pass,0,0.48681217,1.1203071,0,0.3730212
9630,Pass,0,0.99995494,0.10297308,0,0.9804302
9631,Pass,0,0.99999344,0.104628175,0,0.9801194
9632,Pass,0,0.9999938,0.20733221,0,0.95849335
9633,Pass,0,0.99992156,0.16368137,0,0.967615
9634,Pass,0,0.9999964,0.075383425,0,0.98628044
9635,Pass,0,0.6591573,0.7027814,0,0.5630336
9636,Pass,0,0.95443594,0.6273884,0,0.8304046
9637,Pass,0,0.99742895,0.48615155,0,0.8974745
9638,Pass,0,0.9999578,0.5780104,0,0.88040787
9639,Pass,0,0.6886095,0.5659581,0,0.6080304
9640,Pass,0,0.999723,0.21562283,0,0.9564885
9641,Pass,0,0.52047926,0.8401964,0,0.4295183
9642,Pass,0,0.9998859,0.056396686,0,0.99016905
9643,Pass,0,0.99989915,0.099833556,0,0.9810365
9644,Pass,0,0.5467939,0.6081109,0,0.4779562
9645,Pass,0,0.99992156,0.16593722,0,0.96714
9646,Pass,0,0.9999975,0.10233289,0,0.98060673
9647,Pass,0,0.999762,0.03779812,0,0.9939617
9648,Pass,0,0.99827886,0.18237184,0,0.9620965
9649,Pass,0,0.997945,0.6734376,0,0.8585828
9650,Pass,0,0.9999895,0.20294806,0,0.9594124
9651,Pass,0,0.9990107,0.07787973,0,0.98478305
9652,Pass,0,0.9999994,0.17570437,0,0.9651586
9653,Pass,0,0.9999199,0.27781215,0,0.94358265
9654,Pass,0,0.9999701,0.013515206,0,0.9992817
9655,Pass,0,0.99999356,0.13791141,0,0.9731111
9656,Pass,0,0.999848,0.09856993,0,0.9812523
9657,Pass,0,0.9999833,0.22837578,0,0.9540522
9658,Pass,0,0.6620139,1.8541881,0,0.4049661
9659,Pass,0,0.99998844,0.0986465,0,0.9813741
9660,Pass,0,0.9999999,0.27781028,0,0.9436585
9661,Pass,0,0.99990034,0.03346485,0,0.9950116
9662,Pass,0,0.9741614,0.22567637,0,0.92997
9663,Pass,0,0.99985456,0.16907649,0,0.96641433
9664,Pass,0,0.92505,0.49672294,0,0.8302896
9665,Pass,0,0.73176235,0.78565633,0,0.6122807
9666,Pass,0,0.9999931,0.081517324,0,0.98498553
9667,Pass,0,0.9983924,0.17068134,0,0.9646636
9668,Pass,0,0.99988616,0.09135032,0,0.9828099
9669,Pass,0,0.99937135,0.18858266,0,0.96184236
9670,Pass,0,0.9999038,0.15737686,0,0.96892524
9671,Pass,0,0.9999994,0.05863865,0,0.98980933
9672,Pass,0,0.9986841,0.112158,0,0.9772526
9673,Pass,0,0.99999166,0.18971929,0,0.96220005
9674,Pass,0,0.9995486,0.21510868,0,0.9564299
9675,Pass,0,0.9467582,0.58366495,0,0.8324413
9676,Pass,0,0.9999999,0.08950222,0,0.9833108
9677,Pass,0,0.99989724,0.2909008,0,0.94080544
9678,Pass,0,0.99941885,0.22323906,0,0.9545947
9679,Pass,0,0.9999869,0.23795281,0,0.952039
9680,Pass,0,0.9999919,0.038864065,0,0.9939658
9681,Pass,0,0.77674,1.4358279,0,0.54357284
9682,Pass,0,0.99966836,0.15471333,0,0.9692578
9683,Pass,0,0.9995566,0.23502398,0,0.9522458
9684,Pass,0,0.999998,0.1814034,0,0.9639572
9685,Pass,0,0.9999933,0.10943239,0,0.9791076
9686,Pass,0,0.9999813,0.15879765,0,0.9687012
9687,Pass,0,0.99994564,0.19720967,0,0.96057856
9688,Pass,0,0.99999166,0.10379786,0,0.9802925
9689,Pass,0,0.52085984,1.0554512,0,0.4062236
9690,Pass,0,0.99998033,0.23569126,0,0.952509
9691,Pass,0,0.99750096,0.22810544,0,0.9517406
9692,Pass,0,0.99984396,0.05254002,0,0.99093944
9693,Pass,0,0.9998357,0.18153967,0,0.9637721
9694,Pass,0,0.99999964,0.050158888,0,0.99159515
9695,Pass,0,0.99983656,0.08524176,0,0.9840472
9696,Pass,0,0.99942684,0.26103088,0,0.946649
9697,Pass,0,0.62719005,0.815289,0,0.5208694
9698,Pass,0,0.99999833,0.13583821,0,0.9735523
9699,Pass,0,0.99999595,0.022330012,0,0.9974514
9700,Pass,0,0.9999937,0.096059695,0,0.98192394
9701,Pass,0,0.98194396,0.40882334,0,0.8995304
9702,Pass,0,0.99847525,0.31904417,0,0.9335503
9703,Pass,0,0.9998215,0.045762837,0,0.99234396
9704,Pass,0,0.9999124,0.546874,0,0.88692373
9705,Pass,0,0.7455148,0.72688663,0,0.6330136
9706,Pass,0,0.99984133,0.20125243,0,0.9596272
9707,Pass,0,0.9633619,1.1129943,0,0.73966223
9708,Pass,0,0.9999976,0.077377185,0,0.9858618
9709,Pass,0,0.90353006,0.35291642,0,0.8383344
9710,Pass,0,0.99996173,0.018268151,0,0.9982726
9711,Pass,0,0.9999831,0.22835033,0,0.95405734
9712,Pass,0,0.9997842,0.29717904,0,0.9393773
9713,Pass,0,1.0,0.039479982,0,0.99384415
9714,Pass,0,1.0,0.051886994,0,0.9912316
9715,Pass,0,0.9963665,0.24164112,0,0.94781834
9716,Pass,0,0.99961346,0.2306366,0,0.95322347
9717,Pass,0,0.9995285,0.32391205,0,0.93351054
9718,Pass,0,0.99999607,0.10360201,0,0.98033804
9719,Pass,0,0.99998415,0.18328391,0,0.96354795
9720,Pass,0,0.9690843,0.20226601,0,0.92990047
9721,Pass,0,0.9999962,0.041698504,0,0.9933732
9722,Pass,0,0.9929178,0.15017505,0,0.96366143
9723,Pass,0,0.91353595,2.0142586,0,0.52803487
9724,Pass,0,0.99998724,0.08805492,0,0.9836032
9725,Pass,0,0.9998708,0.2805086,0,0.94296855
9726,Pass,0,0.9999981,0.12609838,0,0.975603
9727,Pass,0,0.99859613,0.2592589,0,0.94623476
9728,Pass,0,0.9894215,0.7745831,0,0.83017653
9729,Pass,0,0.9997409,0.10850309,0,0.9790561
9730,Pass,0,0.99999976,0.1492143,0,0.97073704
9731,Pass,0,0.99989367,0.24677448,0,0.95009285
9732,Pass,0,0.99999166,0.18128723,0,0.96397555
9733,Pass,0,0.99986494,0.32635745,0,0.9333099
9734,Pass,0,0.9886757,0.2055796,0,0.94800985
9735,Pass,0,0.9999323,0.051873527,0,0.99116737
9736,Pass,0,0.9999943,0.07136426,0,0.9871246
9737,Pass,0,0.9844588,0.39358613,0,0.9049928
9738,Pass,0,0.6982923,0.69199437,0,0.5980478
9739,Pass,0,0.99999845,0.15826456,0,0.96883005
9740,Pass,0,0.99998355,0.105145924,0,0.98000073
9741,Pass,0,0.9773825,1.2348493,0,0.7253483
9742,Pass,0,0.99998486,0.2489904,0,0.9497129
9743,Pass,0,0.9986292,0.2831163,0,0.94124925
9744,Pass,0,0.9982951,0.9932922,0,0.7916466
9745,Pass,0,0.99988985,0.14386356,0,0.97175694
9746,Pass,0,0.9994443,0.22925201,0,0.9533535
9747,Pass,0,0.9999796,0.10214924,0,0.98062783
9748,Pass,0,0.9596371,0.5144273,0,0.8577561
9749,Pass,0,0.88985324,1.0246996,0,0.6997673
9750,Pass,0,0.9995851,0.26582015,0,0.9457908
9751,Pass,0,0.99999475,0.10165255,0,0.9807473
9752,Pass,0,0.9973671,0.20637383,0,0.9561769
9753,Pass,0,0.79196334,0.71149886,0,0.675019
9754,Pass,0,0.98017466,0.9390623,0,0.7884699
9755,Pass,0,0.9998048,0.03637252,0,0.9943044
9756,Pass,0,0.96137255,0.6328042,0,0.8353433
9757,Pass,0,0.9948572,0.17184114,0,0.96100485
9758,Pass,0,0.99999535,0.18061784,0,0.9641201
9759,Pass,0,0.9999914,0.12761343,0,0.9752774
9760,Pass,0,0.9999393,0.07164643,0,0.98701096
9761,Pass,0,0.89686143,0.31060374,0,0.8401379
9762,Pass,0,0.99996066,0.2198902,0,0.95581734
9763,Pass,0,0.99999166,0.18156914,0,0.9639162
9764,Pass,0,0.9955071,0.14055674,0,0.96819067
9765,Pass,0,0.99748766,0.1963232,0,0.9584036
9766,Pass,0,0.99999225,0.26856676,0,0.9455977
9767,Pass,0,0.8984658,0.88296133,0,0.7333557
9768,Pass,0,0.99964917,0.14254251,0,0.9718011
9769,Pass,0,0.99992037,0.11788085,0,0.9772574
9770,Pass,0,0.99545825,0.28341022,0,0.9381989
9771,Pass,0,0.9924666,0.5566336,0,0.87827975
9772,Pass,0,0.9994123,0.29868022,0,0.938712
9773,Pass,0,0.9996842,0.38475764,0,0.92084765
9774,Pass,0,0.9996736,0.28977877,0,0.9408312
9775,Pass,0,0.99989855,0.10737917,0,0.9794472
9776,Pass,0,0.99978167,0.18815166,0,0.962328
9777,Pass,0,0.96802336,0.67839694,0,0.8318287
9778,Pass,0,0.99999845,0.119882114,0,0.9769123
9779,Pass,0,0.999998,0.15398519,0,0.9697307
9780,Pass,0,0.9984366,0.18772319,0,0.9611234
9781,Pass,0,0.9999114,0.12964095,0,0.9747725
9782,Pass,0,0.99856275,0.04498885,0,0.9912574
9783,Pass,0,0.9998274,0.09976561,0,0.9809804
9784,Pass,0,0.99997485,0.14798523,0,0.97097164
9785,Pass,0,0.99688065,0.15959679,0,0.96552974
9786,Pass,0,0.9923195,1.9775975,0,0.58123314
9787,Pass,0,0.9999622,0.13256472,0,0.9742063
9788,Pass,0,0.9999994,0.04779912,0,0.99209183
9789,Pass,0,0.99999905,0.09261732,0,0.98265404
9790,Pass,0,0.9999764,0.064274415,0,0.9885999
9791,Pass,0,0.96615267,0.59022397,0,0.8481595
9792,Pass,0,0.9921042,0.45232707,0,0.8997496
9793,Pass,0,0.9938983,0.38621283,0,0.91521347
9794,Pass,0,0.9980609,0.47903267,0,0.8995392
9795,Pass,0,0.999471,0.102054015,0,0.98014915
9796,Pass,0,0.9989354,0.23778924,0,0.95107234
9797,Pass,0,0.91436267,0.7818433,0,0.76580036
9798,Pass,0,0.9999763,0.030960375,0,0.9956146
9799,Pass,0,0.9999907,0.08495499,0,0.98425925
9800,Pass,0,0.9861951,0.26116508,0,0.9340881
9801,Pass,0,0.99934226,0.25181717,0,0.9485077
9802,Pass,0,0.9969003,0.10736212,0,0.9765138
9803,Pass,0,0.9999019,0.28710032,0,0.94161
9804,Pass,0,0.9481325,0.79550976,0,0.7913549
9805,Pass,0,0.9997212,0.26527226,0,0.94603497
9806,Pass,0,0.5903254,0.085309714,0,0.5809946
9807,Pass,0,0.999861,0.10195289,0,0.98055285
9808,Pass,0,0.9983346,0.40064034,0,0.9162656
9809,Pass,0,0.9999765,0.17089443,0,0.96614933
9810,Pass,0,0.95593166,0.82081723,0,0.79277027
9811,Pass,0,0.99999094,0.13586742,0,0.97353894
9812,Pass,0,0.999987,0.2255535,0,0.95465
9813,Pass,0,0.9999987,0.08886535,0,0.98344374
9814,Pass,0,0.99968886,0.17742734,0,0.96449625
9815,Pass,0,0.9999604,0.13907902,0,0.972833
9816,Pass,0,0.99998546,0.27988562,0,0.9432079
9817,Pass,0,0.99996483,0.0769559,0,0.9859181
9818,Pass,0,0.9999839,0.16606914,0,0.96717256
9819,Pass,0,0.9999893,0.2352318,0,0.95261425
9820,Pass,0,0.99997914,0.4478488,0,0.9078344
9821,Pass,0,0.97680706,0.4720518,0,0.8818193
9822,Pass,0,0.9999776,0.14525905,0,0.9715484
9823,Pass,0,0.9989517,0.61551213,0,0.8716335
9824,Pass,0,0.99999154,0.29384816,0,0.9402735
9825,Pass,0,0.99999166,0.13933665,0,0.97280914
9826,Pass,0,0.99994326,0.15992716,0,0.96842647
9827,Pass,0,0.9999976,0.10514441,0,0.9800148
9828,Pass,0,0.9877659,0.9627849,0,0.7896423
9829,Pass,0,0.99996316,0.1466129,0,0.9712493
9830,Pass,0,0.9987884,0.38784206,0,0.9193738
9831,Pass,0,0.99998736,0.28762487,0,0.94158
9832,Pass,0,0.9999198,0.2053282,0,0.9588443
9833,Pass,0,0.9999896,0.17948763,0,0.96435255
9834,Pass,0,0.99993503,0.0657562,0,0.988247
9835,Pass,0,0.9999999,0.10622147,0,0.9797902
9836,Pass,0,0.99999654,0.10113752,0,0.9808575
9837,Pass,0,0.7577793,0.6101536,0,0.66205406
9838,Pass,0,0.99999905,0.1447237,0,0.9716819
9839,Pass,0,0.99999404,0.15503739,0,0.9695053
9840,Pass,0,0.99926,0.36267748,0,0.9251029
9841,Pass,0,0.99999917,0.09008222,0,0.983188
9842,Pass,0,0.9999987,0.10254863,0,0.9805624
9843,Pass,0,0.9969903,0.6450608,0,0.86371875
9844,Pass,0,0.9985428,0.63820946,0,0.8665043
9845,Pass,0,0.87284493,0.5140781,0,0.7802425
9846,Pass,0,0.99999774,0.103655145,0,0.9803285
9847,Pass,0,0.9997969,0.3142358,0,0.93579835
9848,Pass,0,0.9997813,0.20635663,0,0.9584951
9849,Pass,0,0.99937063,0.05611688,0,0.98971766
9850,Pass,0,0.9998129,0.1591764,0,0.9684583
9851,Pass,0,0.9999893,0.2909785,0,0.9408757
9852,Pass,0,0.999874,0.09522199,0,0.98198277
9853,Pass,0,0.9992654,0.2859633,0,0.94124985
9854,Pass,0,0.9736959,0.49974173,0,0.87333333
9855,Pass,0,0.99881434,0.21865354,0,0.95498174
9856,Pass,0,0.5276487,1.0994319,0,0.40663168
9857,Pass,0,0.9772071,0.41520596,0,0.8938777
9858,Pass,0,0.9999883,0.04214996,0,0.99327034
9859,Pass,0,0.9998939,0.30225244,0,0.9384122
9860,Pass,0,0.5203855,0.7759468,0,0.4364813
9861,Pass,0,0.9997316,0.5088869,0,0.89476025
9862,Pass,0,0.99992716,0.27792174,0,0.94356644
9863,Pass,0,0.9982487,0.32865736,0,0.9313178
9864,Pass,0,0.999374,0.3321236,0,0.9316382
9865,Pass,0,0.99997485,0.14367756,0,0.9718787
9866,Pass,0,0.99579215,0.3177306,0,0.93131715
9867,Pass,0,0.9999329,0.034472134,0,0.9948319
9868,Pass,0,0.99994755,0.1924954,0,0.96157306
9869,Pass,0,0.999668,0.21813051,0,0.955908
9870,Pass,0,0.99999976,0.042119175,0,0.9932882
9871,Pass,0,0.99995387,0.36233082,0,0.92581826
9872,Pass,0,0.99986184,0.11645903,0,0.97749954
9873,Pass,0,0.999985,0.21696876,0,0.95645577
9874,Pass,0,0.75733614,0.35073474,0,0.70303726
9875,Pass,0,0.9307587,1.9214178,0,0.5561858
9876,Pass,0,0.99993837,0.06397676,0,0.98862493
9877,Pass,0,0.8236468,0.92183435,0,0.6655441
9878,Pass,0,0.62643605,0.823181,0,0.5192022
9879,Pass,0,0.99979514,0.029228793,0,0.99579877
9880,Pass,0,0.9999757,0.3030531,0,0.93832034
9881,Pass,0,0.99968195,0.22678357,0,0.95409983
9882,Pass,0,0.999969,0.33614326,0,0.9313465
9883,Pass,0,0.9999924,0.17292792,0,0.96573645
9884,Pass,0,0.9927712,0.2038244,0,0.9523038
9885,Pass,0,0.51829404,1.0620271,0,0.40350482
9886,Pass,0,0.7445295,0.8293125,0,0.61611897
9887,Pass,0,0.99997437,0.106530316,0,0.9797002
9888,Pass,0,0.5232642,1.2346051,0,0.3883588
9889,Pass,0,0.9999999,0.30226895,0,0.9385082
9890,Pass,0,0.98954904,0.30519083,0,0.92809117
9891,Pass,0,0.99726546,0.42775118,0,0.9095912
9892,Pass,0,0.88324463,0.6810312,0,0.7584879
9893,Pass,0,0.60589284,0.8207093,0,0.5024909
9894,Pass,0,0.9999995,0.22248024,0,0.9553091
9895,Pass,0,0.9999958,0.1833797,0,0.963539
9896,Pass,0,0.99979144,0.27610567,0,0.94382066
9897,Pass,0,0.999979,0.1749647,0,0.9652947
9898,Pass,0,0.9999689,0.02288423,0,0.9973077
9899,Pass,0,0.9632719,0.38688198,0,0.88687605
9900,Pass,0,0.99977535,0.49503645,0,0.8977153
9901,Pass,0,0.86644244,1.2453468,0,0.6411007
9902,Pass,0,0.99999917,0.056471713,0,0.99026537
9903,Pass,0,0.8410955,1.0557289,0,0.65592927
9904,Pass,0,0.8791973,0.60831094,0,0.76847523
9905,Pass,0,0.9998703,0.17883168,0,0.96437556
9906,Pass,0,0.9999572,0.18087429,0,0.9640293
9907,Pass,0,0.99999714,0.12140419,0,0.97659045
9908,Pass,0,0.99997735,0.20381752,0,0.9592176
9909,Pass,0,0.9998479,0.05136842,0,0.99119
9910,Pass,0,0.9999248,0.09006046,0,0.9831194
9911,Pass,0,0.9998317,0.174634,0,0.9652221
9912,Pass,0,0.99982244,0.24105616,0,0.9512291
9913,Pass,0,0.99999905,0.22031482,0,0.95576465
9914,Pass,0,0.9242806,1.1023897,0,0.7117198
9915,Pass,0,0.999928,0.2458428,0,0.9503216
9916,Pass,0,0.9999877,0.036474995,0,0.99446476
9917,Pass,0,0.9999875,0.21087147,0,0.95774204
9918,Pass,0,0.9956982,0.37646538,0,0.9189146
9919,Pass,0,0.99881613,0.43478915,0,0.90952533
9920,Pass,0,0.9999999,0.2543323,0,0.9486023
9921,Pass,0,0.99968946,0.3338617,0,0.9315664
9922,Pass,0,0.9777011,0.7331379,0,0.8288751
9923,Pass,0,0.99998736,0.23969375,0,0.95167285
9924,Pass,0,0.9999826,0.23540942,0,0.95257044
9925,Pass,0,0.99999964,0.09427709,0,0.9823051
9926,Pass,0,0.9999038,0.15751137,0,0.9688969
9927,Pass,0,0.99997914,0.06926748,0,0.98755115
9928,Pass,0,0.99997926,0.13350229,0,0.97402555
9929,Pass,0,0.9998871,0.33090982,0,0.9323721
9930,Pass,0,0.99912745,0.55164355,0,0.88522404
9931,Pass,0,0.99903595,0.24345317,0,0.9499765
9932,Pass,0,0.99170905,0.15101524,0,0.9623128
9933,Pass,0,0.9989549,0.3618041,0,0.9250042
9934,Pass,0,0.999936,0.036002375,0,0.9945128
9935,Pass,0,0.9999814,0.0678148,0,0.9878593
9936,Pass,0,0.5973027,0.70424914,0,0.51001453
9937,Pass,0,0.99998057,0.061280362,0,0.98923445
9938,Pass,0,0.99999964,0.13584858,0,0.97355133
9939,Pass,0,0.9998647,0.11726645,0,0.9773323
9940,Pass,0,0.99999464,0.1568032,0,0.9691341
9941,Pass,0,1.0,0.0315595,0,0.995512
9942,Pass,0,0.88835084,0.43106675,0,0.8096315
9943,Pass,0,0.99998176,0.15781632,0,0.96890825
9944,Pass,0,0.99898225,0.21232031,0,0.95647454
9945,Pass,0,0.9179712,0.61130905,0,0.8017866
9946,Pass,0,0.9999654,0.18900661,0,0.96232486
9947,Pass,0,0.8430002,1.0699934,0,0.65488255
9948,Pass,0,0.99999726,0.14145648,0,0.9723682
9949,Pass,0,0.9999958,0.18352266,0,0.9635089
9950,Pass,0,0.998516,0.22546582,0,0.9532641
9951,Pass,0,0.9999436,0.024721462,0,0.9968957
9952,Pass,0,0.9929589,0.6416971,0,0.86092955
9953,Pass,0,0.9956631,0.15465505,0,0.9653866
9954,Pass,0,0.9999751,0.258889,0,0.9476193
9955,Pass,0,0.99997795,0.11156291,0,0.978644
9956,Pass,0,0.99925345,0.28376544,0,0.94170105
9957,Pass,0,0.9999869,0.18742922,0,0.96267766
9958,Pass,0,0.9598915,0.77280945,0,0.8057578
9959,Pass,0,0.999814,0.13318679,0,0.973931
9960,Pass,0,0.99997234,0.22924326,0,0.95385903
9961,Pass,0,0.98386484,0.40685534,0,0.9016978
9962,Pass,0,1.0,0.22874604,0,0.95399016
9963,Pass,0,0.999721,0.050196443,0,0.9913109
9964,Pass,0,0.9998116,0.36123863,0,0.9259165
9965,Pass,0,0.9912168,0.28667468,0,0.93352
9966,Pass,0,0.9168757,1.0522796,0,0.7156925
9967,Pass,0,0.9960408,0.4409367,0,0.90570873
9968,Pass,0,0.98427284,0.49376565,0,0.88405865
9969,Pass,0,0.9931553,0.35618067,0,0.9208099
9970,Pass,0,0.9999558,0.22365735,0,0.9550194
9971,Pass,0,0.99970394,0.203391,0,0.9590452
9972,Pass,0,0.99977213,0.28743055,0,0.9414183
9973,Pass,0,0.989412,0.3666936,0,0.91514903
9974,Pass,0,0.9999887,0.018300625,0,0.9982926
9975,Pass,0,0.9436291,0.66607046,0,0.8133159
9976,Pass,0,0.9999999,0.17089698,0,0.9661714
9977,Pass,0,0.9995943,0.1944674,0,0.96081823
9978,Pass,0,0.9999989,0.07754656,0,0.9858274
9979,Pass,0,0.99956983,0.33021563,0,0.9322223
9980,Pass,0,0.99788433,0.25577262,0,0.9462928
9981,Pass,0,0.9994931,0.16671409,0,0.9665621
9982,Pass,0,0.9834267,0.43513396,0,0.8954402
9983,Pass,0,0.99996924,0.21428034,0,0.95700675
9984,Pass,0,0.9999229,0.13579755,0,0.9734873
9985,Pass,0,0.99694294,0.42738527,0,0.9093738
9986,Pass,0,0.95244384,1.189806,0,0.71587425
9987,Pass,0,0.9999951,0.20102265,0,0.9598232
9988,Pass,0,0.99999964,0.105162464,0,0.98001295
9989,Pass,0,0.99997866,0.19985631,0,0.96005297
9990,Pass,0,0.9999825,0.028751617,0,0.9960858
9991,Pass,0,0.9999647,0.120670356,0,0.97671336
9992,Pass,0,0.9602862,0.13931741,0,0.9341868
9993,Pass,0,0.9827917,0.6172709,0,0.8571692
9994,Pass,0,0.99991214,0.2225912,0,0.9552023
9995,Pass,0,0.999882,0.15927944,0,0.96850353
9996,Pass,0,0.9999691,0.09193646,0,0.982768
9997,Pass,0,0.9998179,0.2158539,0,0.95653063
9998,Pass,0,0.9993555,0.24172688,0,0.95064366
9999,Pass,0,0.99991226,0.19890703,0,0.9601891
