ID,Outcome,SUT,Confidence,dsa,lsa,conf*(1-norm_dsa)
0,Pass,0,0.999863,0.04311717,0,0.9929076
1,Pass,0,0.7923901,0.6422522,0,0.6885328
2,Pass,0,0.3816537,1.0505471,0,0.29935104
3,Pass,0,0.99992466,0.104586504,0,0.9802363
4,Pass,0,0.8926693,0.8632123,0,0.7348091
5,Pass,0,0.99977225,0.19082251,0,0.9622269
6,Pass,0,0.998242,0.38998276,0,0.91957027
7,Pass,0,0.9843401,0.52595204,0,0.87903875
8,Pass,0,0.6390751,1.0628042,0,0.49963754
9,Pass,0,0.7453649,1.2125342,0,0.5596175
10,Pass,0,0.9275,0.90954727,0,0.7545778
11,Pass,0,0.99993074,0.074643984,0,0.9864445
12,Pass,0,0.9999771,0.056069694,0,0.99033785
13,Pass,0,0.9963308,0.5083737,0,0.8933748
14,Pass,0,0.9984925,0.38517097,0,0.9207963
15,Pass,0,0.9994931,0.16671409,0,0.96694994
16,Pass,0,0.9999987,0.24134488,0,0.9519791
17,Pass,0,0.99978405,0.112701066,0,0.9784178
18,Pass,0,0.9999689,0.2866431,0,0.9425674
19,Pass,0,0.99983716,0.1941366,0,0.961603
20,Pass,0,0.99964666,0.14152205,0,0.9723152
21,Pass,0,0.7799023,0.6886832,0,0.67018044
22,Pass,0,0.59147066,3.006066,0,0.22432296
23,Pass,0,0.99180627,0.51761055,0,0.88742006
24,Pass,0,0.9999994,0.07267272,0,0.98692054
25,Pass,0,0.99413824,0.44952336,0,0.9035283
26,Pass,0,0.89932925,0.9330597,0,0.7272788
27,Pass,0,0.9999291,0.12408973,0,0.97620076
28,Pass,0,0.25770292,0.85914284,0,0.2123478
29,Pass,0,0.6976621,0.9144406,0,0.5668835
30,Pass,0,0.99734676,0.55803007,0,0.88402665
31,Pass,0,0.9936939,0.31185725,0,0.9314624
32,Pass,0,0.95608026,0.47139543,0,0.8646072
33,Pass,0,0.9997906,0.15592644,0,0.96947193
34,Pass,0,0.9998524,0.27617863,0,0.9446251
35,Pass,0,0.9592282,0.4730764,0,0.86711997
36,Pass,0,0.96428716,0.20887591,0,0.9244683
37,Pass,0,0.99881446,0.37782913,0,0.92261225
38,Pass,0,0.99994636,0.31983453,0,0.9356709
39,Pass,0,0.9999733,0.10355356,0,0.98049796
40,Pass,0,0.99967015,0.29060698,0,0.94146496
41,Pass,0,0.9999993,0.119607575,0,0.97719777
42,Pass,0,0.96845365,0.73024815,0,0.82386655
43,Pass,0,0.5954246,0.49639145,0,0.5353742
44,Pass,0,0.99880815,0.43618816,0,0.9105317
45,Pass,0,0.97908014,0.6964492,0,0.83976156
46,Pass,0,0.9999267,0.14623444,0,0.97161144
47,Pass,0,0.9923929,0.72931975,0,0.84442264
48,Pass,0,0.9999994,0.115160726,0,0.9781191
49,Pass,0,0.99992335,0.14240402,0,0.9724016
50,Pass,0,0.9999932,0.15302703,0,0.97026896
51,Pass,0,0.99993443,0.3821387,0,0.92275417
52,Pass,0,0.9999994,0.073139764,0,0.9868238
53,Pass,0,0.99984646,0.057368647,0,0.9899394
54,Pass,0,0.99999833,0.05517201,0,0.9905448
55,Pass,0,0.9968822,0.23043396,0,0.95126545
56,Pass,0,0.9537524,0.61120456,0,0.83487976
57,Pass,0,0.99999034,0.06292656,0,0.9889305
58,Pass,0,0.9999882,0.11022574,0,0.9791304
59,Pass,0,0.99999464,0.099364705,0,0.9813866
60,Pass,0,0.9989255,0.09099528,0,0.9820692
61,Pass,0,0.9994005,0.26369426,0,0.9467827
62,Pass,0,0.99990857,0.21528763,0,0.9572906
63,Pass,0,0.99987197,0.03967591,0,0.9936292
64,Pass,0,0.9961092,0.21955809,0,0.952772
65,Pass,0,0.9835737,0.4080708,0,0.9023726
66,Pass,0,0.99934095,0.2219701,0,0.95536387
67,Pass,0,0.9826654,0.21033347,0,0.9417909
68,Pass,0,1.0,0.04003923,0,0.9936812
69,Pass,0,0.9942601,0.64669096,0,0.86302984
70,Pass,0,0.9963182,0.28089982,0,0.9403117
71,Pass,0,0.9905641,0.38761517,0,0.91298336
72,Pass,0,0.99976593,0.107725404,0,0.9794306
73,Pass,0,0.98089164,0.6721098,0,0.8462609
74,Pass,0,0.8350734,0.6978396,0,0.7160058
75,Pass,0,0.9999442,0.25694317,0,0.94869626
76,Pass,0,0.98868585,0.82410043,0,0.82185644
77,Pass,0,0.2142684,1.1863791,0,0.16203292
78,Pass,0,0.6805461,1.5091773,0,0.46913204
79,Pass,0,0.8633632,1.5895286,0,0.58078575
80,Pass,0,0.99925095,0.35159314,0,0.92844623
81,Pass,0,0.7741695,0.9214983,0,0.62791747
82,Pass,0,0.9999577,0.09931074,0,0.98136145
83,Pass,0,0.5265774,1.1529758,0,0.40184924
84,Pass,0,0.929531,0.47709107,0,0.8395013
85,Pass,0,0.86592764,2.3864226,0,0.43956512
86,Pass,0,0.9999503,0.18000342,0,0.96463937
87,Pass,0,1.0,0.05513022,0,0.9905551
88,Pass,0,0.99982053,0.15144306,0,0.97042954
89,Pass,0,0.9857582,0.7543807,0,0.83365965
90,Pass,0,0.9999298,0.09802868,0,0.9815997
91,Pass,0,0.9982126,0.5237826,0,0.89187586
92,Pass,0,0.5915686,0.9193064,0,0.4800812
93,Pass,0,0.28912318,1.904942,0,0.17560272
94,Pass,0,0.99999964,0.050158888,0,0.99158454
95,Pass,0,0.9929952,0.40193027,0,0.9122794
96,Pass,0,0.89788526,0.7212035,0,0.7655161
97,Pass,0,0.9999858,0.1313241,0,0.97475755
98,Pass,0,0.8833195,0.5931921,0,0.7765213
99,Pass,0,0.93401986,0.66426,0,0.8073412
100,Pass,0,0.8947855,0.9091899,0,0.72802883
101,Pass,0,0.9993345,0.056657784,0,0.9895797
102,Pass,0,0.9999764,0.17079969,0,0.9665711
103,Pass,0,0.9997422,0.18787135,0,0.96280926
104,Pass,0,0.9847712,0.68917626,0,0.84612644
105,Pass,0,0.99991024,0.10021596,0,0.9811274
106,Pass,0,0.99768114,0.06385494,0,0.986455
107,Pass,0,0.77965105,1.344826,0,0.56399345
108,Pass,0,0.99721706,0.17747962,0,0.96252406
109,Pass,0,0.99979335,0.1460749,0,0.97151494
110,Pass,0,0.9610573,0.34403005,0,0.8944646
111,Pass,0,0.9997633,0.07912142,0,0.985352
112,Pass,0,0.9887285,0.3398491,0,0.9210748
113,Pass,0,0.2472726,1.1386299,0,0.18943703
114,Pass,0,0.7835238,1.5412719,0,0.53491014
115,Pass,0,0.9999151,0.14114785,0,0.9726538
116,Pass,0,0.48126972,0.70211,0,0.4122229
117,Pass,0,0.9999988,0.17096008,0,0.9665596
118,Pass,0,0.6819469,1.3688271,0,0.48992446
119,Pass,0,0.9999994,0.027215974,0,0.996337
120,Pass,0,0.9981212,0.4195367,0,0.9133484
121,Pass,0,0.95878977,0.5148097,0,0.8584348
122,Pass,0,0.9964535,0.39192468,0,0.9175219
123,Pass,0,0.98314214,0.57250077,0,0.86848885
124,Pass,0,0.9999697,0.22608012,0,0.9551136
125,Pass,0,0.9998723,0.23088324,0,0.9540257
126,Pass,0,0.9999018,0.22008412,0,0.95629066
127,Pass,0,0.9995716,0.15464191,0,0.9695256
128,Pass,0,0.9995982,0.23782362,0,0.952327
129,Pass,0,0.9816689,0.37777466,0,0.9067859
130,Pass,0,0.99998784,0.071785726,0,0.9870929
131,Pass,0,0.99998486,0.20962758,0,0.9585362
132,Pass,0,0.99959916,0.08363874,0,0.9842548
133,Pass,0,0.9997845,0.017623652,0,0.9981095
134,Pass,0,0.93479884,0.76979613,0,0.78757805
135,Pass,0,0.9586227,0.5978879,0,0.84178746
136,Pass,0,0.62629896,1.6360563,0,0.4152758
137,Pass,0,0.9999974,0.16126388,0,0.9685667
138,Pass,0,0.970438,0.73357314,0,0.8248862
139,Pass,0,0.99999595,0.0636454,0,0.9887872
140,Pass,0,0.9995895,0.32834688,0,0.9335744
141,Pass,0,0.9999155,0.068164036,0,0.98777163
142,Pass,0,0.99999046,0.0851267,0,0.9843319
143,Pass,0,0.9999751,0.057956617,0,0.98994493
144,Pass,0,0.99987733,0.15783368,0,0.969161
145,Pass,0,0.99994767,0.06150239,0,0.9891833
146,Pass,0,0.99996245,0.19856942,0,0.96080536
147,Pass,0,0.9996896,0.019967074,0,0.99752945
148,Pass,0,0.9998635,0.06764894,0,0.987827
149,Pass,0,0.9998772,0.65336764,0,0.86652267
150,Pass,0,0.9723848,0.45557398,0,0.8825388
151,Pass,0,0.9184698,0.6089605,0,0.80442166
152,Pass,0,0.9718249,0.5084205,0,0.8713918
153,Pass,0,0.99998844,0.23539433,0,0.953202
154,Pass,0,0.6271146,1.0418081,0,0.4930142
155,Pass,0,0.97780764,0.49229532,0,0.88002247
156,Pass,0,0.99994755,0.1924954,0,0.9620491
157,Pass,0,0.9999821,0.12179346,0,0.9767282
158,Pass,0,1.0,0.05378776,0,0.99083316
159,Pass,0,0.9999852,0.25052676,0,0.95006424
160,Pass,0,0.9985707,0.27557504,0,0.943539
161,Pass,0,0.99532664,0.6154927,0,0.8703882
162,Pass,0,0.999814,0.13318679,0,0.97420424
163,Pass,0,0.99969864,0.30445668,0,0.9386237
164,Pass,0,0.86394405,0.9319946,0,0.6988538
165,Pass,0,0.99870074,0.14572641,0,0.9705253
166,Pass,0,0.79665005,0.703865,0,0.6820666
167,Pass,0,0.92491263,0.45345807,0,0.8398583
168,Pass,0,0.8197781,1.177809,0,0.6213836
169,Pass,0,0.99962735,0.3223337,0,0.93485487
170,Pass,0,0.99964833,0.1342197,0,0.973829
171,Pass,0,0.9999894,0.1391013,0,0.97315
172,Pass,0,0.90802526,1.2189194,0,0.6805413
173,Pass,0,0.9687111,0.59964734,0,0.8502932
174,Pass,0,0.9968432,0.45785716,0,0.9042658
175,Pass,0,0.99995184,0.021589128,0,0.9974552
176,Pass,0,0.9998853,0.11688025,0,0.97765136
177,Pass,0,0.6703198,0.8289609,0,0.5565361
178,Pass,0,0.99999654,0.1132539,0,0.9785113
179,Pass,0,0.65265155,1.9099151,0,0.39572406
180,Pass,0,0.9138352,0.77671766,0,0.76860565
181,Pass,0,0.99996483,0.13654618,0,0.9736554
182,Pass,0,0.99996936,0.0854424,0,0.9842457
183,Pass,0,0.9989009,0.23324287,0,0.95261055
184,Pass,0,0.79115164,1.7324568,0,0.50878465
185,Pass,0,0.6808254,1.2351944,0,0.50796556
186,Pass,0,0.98006713,0.39307576,0,0.90219986
187,Pass,0,0.99990344,0.32538483,0,0.9344811
188,Pass,0,0.99895275,0.39735818,0,0.91869885
189,Pass,0,0.98612255,0.38192853,0,0.9100513
190,Pass,0,0.99961567,0.32689393,0,0.93389964
191,Pass,0,0.70381016,0.64792037,0,0.61073655
192,Pass,0,1.0,0.026166428,0,0.996555
193,Pass,0,0.99996805,0.1664141,0,0.9674715
194,Pass,0,0.99995303,0.19215284,0,0.9621254
195,Pass,0,0.99980265,0.20255286,0,0.9598267
196,Pass,0,0.99967694,0.30509165,0,0.93847185
197,Pass,0,0.9703544,0.64727974,0,0.84216106
198,Pass,0,0.99998796,0.11545028,0,0.97804785
199,Pass,0,0.6740925,1.3321425,0,0.48940432
200,Pass,0,0.9999478,0.21406834,0,0.95758075
201,Pass,0,0.9959751,0.24974388,0,0.94641584
202,Pass,0,0.99538016,0.2602866,0,0.9436767
203,Pass,0,0.9999553,0.2501812,0,0.9501074
204,Pass,0,0.9921772,0.50943965,0,0.8894313
205,Pass,0,0.9991903,0.19025928,0,0.96178347
206,Pass,0,0.9999455,0.3982813,0,0.9194206
207,Pass,0,0.84514856,0.26946762,0,0.7996413
208,Pass,0,0.9999509,0.034174137,0,0.9948473
209,Pass,0,0.9993512,0.26801607,0,0.9458413
210,Pass,0,0.99958855,0.121790536,0,0.9763444
211,Pass,0,0.9976184,0.3909538,0,0.9187951
212,Pass,0,0.99995315,0.041698985,0,0.99329084
213,Pass,0,0.36250207,1.1757747,0,0.2749257
214,Pass,0,0.99989724,0.16264538,0,0.96818364
215,Pass,0,0.99987614,0.21832404,0,0.9566307
216,Pass,0,0.99673307,0.19551776,0,0.9583325
217,Pass,0,0.9999827,0.18425687,0,0.9637896
218,Pass,0,0.9999995,0.06365866,0,0.98878795
219,Pass,0,0.972626,0.97311085,0,0.7784836
220,Pass,0,0.9999995,0.050104808,0,0.9915956
221,Pass,0,0.9974125,0.39646387,0,0.9174671
222,Pass,0,0.9997607,0.22107053,0,0.9559514
223,Pass,0,0.5350702,0.60499793,0,0.4690687
224,Pass,0,0.99820507,0.22138488,0,0.954399
225,Pass,0,0.779664,0.7305331,0,0.6632166
226,Pass,0,0.999913,0.26085582,0,0.9478561
227,Pass,0,0.99940705,0.21712938,0,0.95642924
228,Pass,0,0.99999607,0.11300209,0,0.97856295
229,Pass,0,0.9999999,0.05656081,0,0.99025863
230,Pass,0,0.7359399,2.7842653,0,0.31292868
231,Pass,0,0.9973099,0.49997318,0,0.8959882
232,Pass,0,0.65178996,1.2208498,0,0.488239
233,Pass,0,0.9999962,0.21039966,0,0.9583871
234,Pass,0,0.6491762,1.6215298,0,0.43239832
235,Pass,0,0.99999535,0.06345518,0,0.988826
236,Pass,0,0.9998965,0.089144446,0,0.98340726
237,Pass,0,0.99997485,0.11413667,0,0.9783072
238,Pass,0,0.9996346,0.116150156,0,0.97755736
239,Pass,0,0.9999964,0.18103102,0,0.96447104
240,Pass,0,0.89771193,0.60662204,0,0.78667617
241,Pass,0,0.99981576,0.2971407,0,0.9402489
242,Pass,0,0.9999988,0.094279826,0,0.982444
243,Pass,0,0.9997427,0.17396754,0,0.9656892
244,Pass,0,0.36775172,1.4046495,0,0.26147133
245,Pass,0,0.99915004,0.542763,0,0.88878495
246,Pass,0,0.9999993,0.06693731,0,0.9881085
247,Pass,0,0.9999989,0.07543243,0,0.9863484
248,Pass,0,0.96842915,0.6222138,0,0.84551865
249,Pass,0,0.93780524,0.5355354,0,0.83562034
250,Pass,0,0.9233802,0.7325792,0,0.78507656
251,Pass,0,0.9312373,1.1033436,0,0.7202335
252,Pass,0,0.874834,0.48898926,0,0.7879458
253,Pass,0,0.9988192,0.46248597,0,0.9051005
254,Pass,0,0.99999964,0.10719487,0,0.97976947
255,Pass,0,0.9999809,0.24320689,0,0.9515765
256,Pass,0,0.99999356,0.21926366,0,0.9565484
257,Pass,0,0.33375716,1.1324276,0,0.2561222
258,Pass,0,0.83619153,0.893078,0,0.6831456
259,Pass,0,0.5181997,0.73562187,0,0.44025725
260,Pass,0,0.9999374,0.250955,0,0.9499302
261,Pass,0,0.9997551,0.03670628,0,0.9941281
262,Pass,0,0.9999081,0.21313252,0,0.95773655
263,Pass,0,0.9731425,0.15652832,0,0.94351053
264,Pass,0,0.998381,0.21502769,0,0.95588195
265,Pass,0,0.99981314,0.3573851,0,0.927769
266,Pass,0,0.9988201,0.13389622,0,0.9730891
267,Pass,0,0.9927505,0.2936757,0,0.9343172
268,Pass,0,0.9999993,0.05489779,0,0.99060255
269,Pass,0,0.9120124,0.7009154,0,0.78139347
270,Pass,0,0.9802428,0.68974847,0,0.84211946
271,Pass,0,0.94236404,0.44775105,0,0.85681903
272,Pass,0,0.9999969,0.066387884,0,0.98822004
273,Pass,0,0.9982097,0.5124025,0,0.8942265
274,Pass,0,0.9999865,0.124762096,0,0.97611755
275,Pass,0,0.7693804,0.47747353,0,0.69480115
276,Pass,0,0.31757,1.0205089,0,0.2510629
277,Pass,0,0.7009269,0.87188077,0,0.5757159
278,Pass,0,0.9999982,0.055771314,0,0.9904205
279,Pass,0,0.5607361,1.0146817,0,0.44398084
280,Pass,0,0.99819225,0.102432415,0,0.9789834
281,Pass,0,0.9999212,0.075595185,0,0.986238
282,Pass,0,0.9995265,0.27385896,0,0.94479746
283,Pass,0,0.95997465,0.3857632,0,0.8851579
284,Pass,0,0.9977048,0.5103543,0,0.89419746
285,Pass,0,0.9997416,0.06673829,0,0.98789513
286,Pass,0,0.9791551,0.51128954,0,0.8773826
287,Pass,0,0.979894,0.6337367,0,0.8531894
288,Pass,0,0.9998945,0.44914827,0,0.9088376
289,Pass,0,0.98755604,0.6157508,0,0.86354023
290,Pass,0,0.66289663,2.1635232,0,0.36711046
291,Pass,0,0.5573287,0.8285635,0,0.4627706
292,Pass,0,0.99947435,0.1841739,0,0.9633168
293,Pass,0,0.9678234,0.4142184,0,0.8866901
294,Pass,0,0.9821784,0.80165327,0,0.8210141
295,Pass,0,0.79636896,0.4819337,0,0.71843785
296,Pass,0,0.9986533,0.3412074,0,0.93003947
297,Pass,0,0.99999976,0.1956206,0,0.961452
298,Pass,0,0.6402048,1.012988,0,0.50712734
299,Pass,0,0.9876209,0.6006174,0,0.866693
300,Pass,0,0.9993937,0.136813,0,0.97304404
301,Pass,0,0.30079222,1.5780729,0,0.20305718
302,Pass,0,0.99989855,0.03415288,0,0.9947997
303,Pass,0,0.9999974,0.20967536,0,0.9585383
304,Pass,0,0.78643495,1.0016387,0,0.62481004
305,Pass,0,0.9613365,0.4678805,0,0.87006056
306,Pass,0,0.8236921,0.767505,0,0.6943603
307,Pass,0,0.9998362,0.05100982,0,0.9912463
308,Pass,0,0.42349347,0.9437853,0,0.34153414
309,Pass,0,0.99994075,0.021526193,0,0.9974571
310,Pass,0,0.9972127,0.44923186,0,0.90638274
311,Pass,0,0.27973238,1.1787931,0,0.21197732
312,Pass,0,0.9999894,0.12212745,0,0.9766661
313,Pass,0,0.9265196,0.49527237,0,0.83329207
314,Pass,0,0.99996555,0.08763005,0,0.9837888
315,Pass,0,0.98920643,0.6755564,0,0.85272825
316,Pass,0,0.93344885,0.3531499,0,0.86700577
317,Pass,0,0.67983884,0.9114562,0,0.5528215
318,Pass,0,0.9989188,0.28250185,0,0.94243455
319,Pass,0,0.9999951,0.10227537,0,0.9807841
320,Pass,0,0.9997806,0.263268,0,0.94723105
321,Pass,0,0.9984804,0.5960454,0,0.87716854
322,Pass,0,0.9980562,0.30863976,0,0.9362167
323,Pass,0,0.96148926,0.39550558,0,0.88461405
324,Pass,0,0.99827623,0.2764894,0,0.94307166
325,Pass,0,0.8562221,0.65453106,0,0.74182063
326,Pass,0,0.9989291,0.23047616,0,0.95320994
327,Pass,0,0.99994826,0.23330085,0,0.95359737
328,Pass,0,0.99970585,0.6728135,0,0.86234707
329,Pass,0,0.9999503,0.09316981,0,0.98262626
330,Pass,0,0.42376885,1.2911829,0,0.31126007
331,Pass,0,0.99999833,0.15015143,0,0.97086966
332,Pass,0,1.0,0.04689602,0,0.9922608
333,Pass,0,0.9999832,0.08507469,0,0.9843355
334,Pass,0,0.9881396,0.14243342,0,0.9609362
335,Pass,0,0.99928015,0.3964583,0,0.9191862
336,Pass,0,0.9970511,0.39630005,0,0.9171685
337,Pass,0,0.99998856,0.16041079,0,0.9687349
338,Pass,0,0.96807826,0.52064854,0,0.86558014
339,Pass,0,0.943379,0.53627545,0,0.8404421
340,Pass,0,0.99999976,0.053329878,0,0.9909278
341,Pass,0,0.9998367,0.110300824,0,0.9789665
342,Pass,0,0.99327517,0.4007661,0,0.9127762
343,Pass,0,0.899643,1.2909452,0,0.6608361
344,Pass,0,0.9289948,1.4023143,0,0.6609643
345,Pass,0,0.9852563,0.24419563,0,0.93736285
346,Pass,0,0.9885141,0.6229338,0,0.8629071
347,Pass,0,0.9999981,0.106950425,0,0.9798186
348,Pass,0,0.9336499,0.7594359,0,0.78861374
349,Pass,0,0.9999151,0.10623883,0,0.9798847
350,Pass,0,0.99984705,0.28112486,0,0.9435955
351,Pass,0,0.9999976,0.120130904,0,0.97708774
352,Pass,0,0.8363492,0.6585123,0,0.7239132
353,Pass,0,0.9907408,0.41877848,0,0.9067504
354,Pass,0,0.99997604,0.10939028,0,0.97929156
355,Pass,0,0.9998574,0.26042345,0,0.947893
356,Pass,0,0.99992037,0.027651986,0,0.99616796
357,Pass,0,0.9999999,0.10735712,0,0.9797361
358,Pass,0,0.9949521,0.36895153,0,0.9208743
359,Pass,0,0.9840147,0.47093007,0,0.88996387
360,Pass,0,0.99997425,0.02922351,0,0.9958961
361,Pass,0,0.99673945,0.19962296,0,0.957491
362,Pass,0,0.9993445,0.39108086,0,0.9203586
363,Pass,0,0.68334013,0.99300927,0,0.5441244
364,Pass,0,0.9991586,0.2614323,0,0.9470218
365,Pass,0,0.9972831,0.42272386,0,0.911923
366,Pass,0,0.9999647,0.03480158,0,0.9947311
367,Pass,0,0.98876196,0.22098087,0,0.945453
368,Pass,0,0.59392416,0.59510016,0,0.52188075
369,Pass,0,0.7452233,1.4437582,0,0.52381605
370,Pass,0,0.9051911,0.802212,0,0.7565548
371,Pass,0,0.9999814,0.06171321,0,0.989173
372,Pass,0,0.76467514,1.1911216,0,0.5775074
373,Pass,0,0.96340466,0.33963567,0,0.8975263
374,Pass,0,0.9999814,0.09819764,0,0.98161536
375,Pass,0,0.5733143,1.1491772,0,0.4379669
376,Pass,0,0.99743277,0.3313132,0,0.9309472
377,Pass,0,0.99990904,0.49648115,0,0.8990466
378,Pass,0,0.9998041,0.07624687,0,0.9859875
379,Pass,0,0.99518174,0.43604234,0,0.9072558
380,Pass,0,0.7606956,0.78720367,0,0.63815105
381,Pass,0,0.99934405,0.16957219,0,0.966214
382,Pass,0,0.99962175,0.119210705,0,0.976911
383,Pass,0,0.99998415,0.18328391,0,0.96399254
384,Pass,0,0.5600811,0.9188325,0,0.45458287
385,Pass,0,0.9999945,0.048986223,0,0.9918224
386,Pass,0,0.9999713,0.1840521,0,0.963821
387,Pass,0,0.9990753,0.38559702,0,0.92124563
388,Pass,0,0.9994605,0.31162557,0,0.9369158
389,Pass,0,0.9999982,0.18857726,0,0.9629096
390,Pass,0,0.99634105,2.4135113,0,0.50017506
391,Pass,0,0.9999975,0.14859152,0,0.97119194
392,Pass,0,0.9937103,0.4337675,0,0.9063826
393,Pass,0,0.99776685,0.25894132,0,0.9462175
394,Pass,0,0.99999106,0.07050726,0,0.9873609
395,Pass,0,0.9999999,0.029358475,0,0.99589366
396,Pass,0,0.9997799,0.3378289,0,0.9317883
397,Pass,0,0.999998,0.2502839,0,0.9501267
398,Pass,0,0.999998,0.060833458,0,0.98937166
399,Pass,0,0.9170298,0.6012968,0,0.80461633
400,Pass,0,0.9987404,0.09162178,0,0.9817576
401,Pass,0,0.4472221,1.1160262,0,0.34471363
402,Pass,0,0.9940566,0.14261514,0,0.96665287
403,Pass,0,0.47786912,1.0093583,0,0.37889522
404,Pass,0,0.9769108,0.583922,0,0.860673
405,Pass,0,0.9999678,0.1268865,0,0.97565925
406,Pass,0,0.985379,0.3446142,0,0.9169818
407,Pass,0,0.9999844,0.18725501,0,0.9631702
408,Pass,0,0.99956137,0.051324558,0,0.9909086
409,Pass,0,0.99314874,0.21533711,0,0.9508087
410,Pass,0,0.99966836,0.12008959,0,0.9767746
411,Pass,0,1.0,0.022916844,0,0.99722815
412,Pass,0,0.99980146,0.21387817,0,0.95748
413,Pass,0,0.9995964,0.24226862,0,0.95140487
414,Pass,0,0.99901533,0.076048486,0,0.9852508
415,Pass,0,0.98239756,0.18976663,0,0.94571966
416,Pass,0,0.99999976,0.54067355,0,0.88997364
417,Pass,0,0.99986494,0.23536603,0,0.95309013
418,Pass,0,0.9959072,0.38376847,0,0.9187015
419,Pass,0,0.9999993,0.07813014,0,0.9857899
420,Pass,0,0.9999999,0.05497279,0,0.9905876
421,Pass,0,0.9999943,0.14685538,0,0.9715485
422,Pass,0,0.5398877,0.8623361,0,0.44451162
423,Pass,0,0.9999914,0.08310064,0,0.9847525
424,Pass,0,0.99999475,0.079472385,0,0.98550737
425,Pass,0,0.93749094,0.5979564,0,0.8232179
426,Pass,0,0.9902716,0.13629112,0,0.9642696
427,Pass,0,0.9985002,0.16578509,0,0.96618146
428,Pass,0,0.9364225,0.4626271,0,0.8485312
429,Pass,0,0.9999981,0.08662151,0,0.98402977
430,Pass,0,0.99989843,0.2096774,0,0.958443
431,Pass,0,0.97147197,0.3605439,0,0.9008343
432,Pass,0,0.99933237,0.2652614,0,0.9463937
433,Pass,0,0.9999733,0.13331023,0,0.9743339
434,Pass,0,0.9954964,0.30684793,0,0.9341851
435,Pass,0,0.95779663,0.4545332,0,0.86950505
436,Pass,0,0.9999794,0.071279,0,0.9871895
437,Pass,0,0.96192586,0.27305844,0,0.9094151
438,Pass,0,0.9999999,0.06377805,0,0.9887636
439,Pass,0,0.7626622,1.0789585,0,0.59370744
440,Pass,0,0.90650314,0.5646706,0,0.80225784
441,Pass,0,0.30728376,0.88976663,0,0.2512532
442,Pass,0,0.7714968,0.7100585,0,0.65954137
443,Pass,0,0.99462515,0.29661596,0,0.93547565
444,Pass,0,0.99996626,0.28683525,0,0.9425252
445,Pass,0,0.8716096,0.5149521,0,0.78035396
446,Pass,0,0.99437654,0.9309238,0,0.80458266
447,Pass,0,0.9999602,0.014017004,0,0.999032
448,Pass,0,0.99029773,0.5079945,0,0.888043
449,Pass,0,0.99993217,0.17394048,0,0.96587783
450,Pass,0,0.99929273,0.22471622,0,0.9547493
451,Pass,0,0.9482151,0.5738944,0,0.8373613
452,Pass,0,0.9795457,0.47482455,0,0.88513184
453,Pass,0,0.93802464,0.74095833,0,0.7958994
454,Pass,0,0.9993087,0.3878139,0,0.9210019
455,Pass,0,0.37639242,0.8902008,0,0.30772665
456,Pass,0,0.718894,1.1684984,0,0.546301
457,Pass,0,0.9976102,0.23024444,0,0.9519993
458,Pass,0,0.99999917,0.042688962,0,0.9931315
459,Pass,0,0.9159705,1.0955487,0,0.70990497
460,Pass,0,0.96377665,1.4206438,0,0.68205154
461,Pass,0,0.9944424,0.40433633,0,0.9131133
462,Pass,0,0.391006,1.0418036,0,0.30739477
463,Pass,0,0.99973947,0.24199113,0,0.95159847
464,Pass,0,0.99607193,0.55798393,0,0.8829062
465,Pass,0,0.87554115,1.1720397,0,0.6646978
466,Pass,0,0.8539144,0.9835927,0,0.6816135
467,Pass,0,0.99998,0.10198568,0,0.98082924
468,Pass,0,0.9999757,0.14305119,0,0.9723184
469,Pass,0,0.98961467,0.45360318,0,0.8985807
470,Pass,0,0.99999344,0.2802425,0,0.94391644
471,Pass,0,0.9998148,0.2158824,0,0.9570777
472,Pass,0,0.9999733,0.14085457,0,0.97277117
473,Pass,0,0.99999726,0.09970889,0,0.9813179
474,Pass,0,0.97688746,0.7858109,0,0.81979734
475,Pass,0,0.9999294,0.032961678,0,0.99507713
476,Pass,0,0.9197921,0.26523566,0,0.871072
477,Pass,0,0.9999975,0.09082458,0,0.98315847
478,Pass,0,0.7377882,0.9794887,0,0.58954626
479,Pass,0,0.9997713,0.30361173,0,0.9388669
480,Pass,0,0.9998872,0.14545874,0,0.97173375
481,Pass,0,0.7443072,0.43936187,0,0.6780347
482,Pass,0,0.999982,0.11693998,0,0.9777335
483,Pass,0,0.98851377,0.5637005,0,0.8750361
484,Pass,0,0.6942672,0.7611594,0,0.58616966
485,Pass,0,0.9999994,0.14904132,0,0.9711006
486,Pass,0,0.98918545,0.42173207,0,0.9047217
487,Pass,0,0.999974,0.1917343,0,0.96223223
488,Pass,0,0.9999392,0.14596133,0,0.97168016
489,Pass,0,0.9991209,0.4186469,0,0.9144473
490,Pass,0,0.99994683,0.035481907,0,0.9945724
491,Pass,0,0.9998796,0.2786778,0,0.9441331
492,Pass,0,0.74173754,0.89059913,0,0.60636014
493,Pass,0,0.9994765,0.3042115,0,0.9384659
494,Pass,0,0.99998844,0.1081933,0,0.9795517
495,Pass,0,0.9999044,0.3279396,0,0.9339528
496,Pass,0,0.9999981,0.06334761,0,0.98885095
497,Pass,0,0.99962234,0.057502814,0,0.9896897
498,Pass,0,0.99843615,0.08183336,0,0.9834831
499,Pass,0,1.0,0.051982116,0,0.99120724
500,Pass,0,0.9862683,0.1969282,0,0.94798267
501,Pass,0,0.8048423,0.71966964,0,0.68644553
502,Pass,0,0.99997675,0.009816897,0,0.9999186
503,Pass,0,0.40205294,0.9412792,0,0.32445174
504,Pass,0,0.5630861,0.9984802,0,0.44773135
505,Pass,0,0.99999774,0.032209784,0,0.9953008
506,Pass,0,0.9891059,0.26662973,0,0.9364286
507,Pass,0,0.98721075,0.3929903,0,0.9087934
508,Pass,0,0.8959652,0.7379425,0,0.76077235
509,Pass,0,0.2915789,1.1576658,0,0.22223057
510,Pass,0,0.99999356,0.16876034,0,0.9670102
511,Pass,0,0.999863,0.1473145,0,0.9713259
512,Pass,0,0.7377302,1.234071,0,0.5505941
513,Pass,0,0.99503905,0.3837292,0,0.9179088
514,Pass,0,0.99907315,0.3469711,0,0.92923766
515,Pass,0,0.99864286,0.20175691,0,0.95887804
516,Pass,0,0.99532986,0.22404121,0,0.95110226
517,Pass,0,0.43718085,1.2800114,0,0.322123
518,Pass,0,0.99672985,0.25492436,0,0.94606346
519,Pass,0,0.98733854,0.62875,0,0.8606913
520,Pass,0,0.9898665,0.3598744,0,0.91802865
521,Pass,0,0.99992716,0.18644337,0,0.9632832
522,Pass,0,0.9684425,0.27121556,0,0.91594577
523,Pass,0,0.9865818,0.18066983,0,0.9516068
524,Pass,0,0.9999281,0.3536835,0,0.92864245
525,Pass,0,0.8979934,0.73524195,0,0.7629968
526,Pass,0,0.9999913,0.24815936,0,0.95056045
527,Pass,0,0.999482,0.2683524,0,0.9458955
528,Pass,0,0.99986446,0.12896413,0,0.97512805
529,Pass,0,0.6319074,1.770958,0,0.40133584
530,Pass,0,0.99999833,0.18139024,0,0.9643985
531,Pass,0,0.9998729,0.31942064,0,0.9356879
532,Pass,0,0.99998367,0.22278444,0,0.9558096
533,Pass,0,0.99989474,0.22368756,0,0.9555375
534,Pass,0,0.81409234,0.5982591,0,0.71480966
535,Pass,0,0.77000064,0.56932974,0,0.6807096
536,Pass,0,0.9991679,0.29173765,0,0.940758
537,Pass,0,0.9997018,0.032068506,0,0.9950355
538,Pass,0,0.90578717,0.8929388,0,0.74002945
539,Pass,0,0.9707197,0.5134576,0,0.8693879
540,Pass,0,0.9972415,0.59267485,0,0.87677646
541,Pass,0,0.99998057,0.17195867,0,0.96633506
542,Pass,0,0.99760616,0.16515934,0,0.9654457
543,Pass,0,0.98718333,0.76454604,0,0.83278614
544,Pass,0,0.9999864,0.06810332,0,0.9878543
545,Pass,0,0.92606866,0.5263038,0,0.82693356
546,Pass,0,0.5078864,1.3790824,0,0.36379692
547,Pass,0,0.9999176,0.1451499,0,0.97182727
548,Pass,0,0.99999917,0.080207154,0,0.98535955
549,Pass,0,1.0,0.047316622,0,0.9921737
550,Pass,0,0.9972664,0.21073526,0,0.95570153
551,Pass,0,0.9999999,0.032740433,0,0.99519306
552,Pass,0,0.99972504,0.1313095,0,0.9745064
553,Pass,0,0.98825073,0.28658402,0,0.93153405
554,Pass,0,0.99999964,0.042872746,0,0.9930939
555,Pass,0,0.99999964,0.088934205,0,0.98355216
556,Pass,0,0.99850756,0.5183179,0,0.8932697
557,Pass,0,0.57282877,1.2663274,0,0.42369467
558,Pass,0,0.99999416,0.16108014,0,0.9686017
559,Pass,0,0.99858814,0.31219298,0,0.9359807
560,Pass,0,0.99997175,0.097421385,0,0.9817667
561,Pass,0,0.9997069,0.10001965,0,0.9809686
562,Pass,0,0.38170364,1.4594588,0,0.26705733
563,Pass,0,0.8233785,0.34160206,0,0.76673985
564,Pass,0,0.9821278,0.23212622,0,0.9368419
565,Pass,0,0.9999727,0.25419718,0,0.94929206
566,Pass,0,0.94890535,1.5156626,0,0.6528498
567,Pass,0,0.84449214,0.8764768,0,0.6928311
568,Pass,0,0.9989066,0.32100594,0,0.93445563
569,Pass,0,0.9833836,0.43346125,0,0.8970259
570,Pass,0,0.99985003,0.15169013,0,0.97040695
571,Pass,0,0.99999666,0.07036628,0,0.98739564
572,Pass,0,0.9999988,0.094971105,0,0.98230076
573,Pass,0,0.99999094,0.19927768,0,0.96068597
574,Pass,0,0.997554,0.5302128,0,0.8899586
575,Pass,0,0.97212696,0.39628813,0,0.89424366
576,Pass,0,0.99960357,0.3129792,0,0.93676966
577,Pass,0,0.9966397,0.62530047,0,0.8695116
578,Pass,0,0.93017113,0.6365922,0,0.8093457
579,Pass,0,0.9999144,0.17246808,0,0.9661656
580,Pass,0,0.9999304,0.27047244,0,0.94588065
581,Pass,0,0.9942676,0.69400096,0,0.85329217
582,Pass,0,0.5561457,0.7591416,0,0.4697862
583,Pass,0,0.21795858,0.99475443,0,0.17347544
584,Pass,0,0.83283955,1.215004,0,0.624867
585,Pass,0,0.9999831,0.21100801,0,0.9582485
586,Pass,0,0.9998697,0.107438244,0,0.9795917
587,Pass,0,0.8950074,0.6988109,0,0.7672141
588,Pass,0,0.9550392,0.80588627,0,0.7974907
589,Pass,0,0.9999964,0.22835201,0,0.95466846
590,Pass,0,0.99999964,0.17362525,0,0.96600825
591,Pass,0,0.9874206,0.34361756,0,0.91908556
592,Pass,0,0.9999864,0.17035724,0,0.9666725
593,Pass,0,0.9999478,0.2093427,0,0.95855963
594,Pass,0,0.9986406,0.19253947,0,0.96078265
595,Pass,0,0.9919145,0.15356277,0,0.9623203
596,Pass,0,0.9999913,0.0551623,0,0.9905398
597,Pass,0,0.88152486,0.9099088,0,0.71710825
598,Pass,0,0.9845583,0.6831513,0,0.8471724
599,Pass,0,0.9980519,0.34232622,0,0.92924803
600,Pass,0,0.99891937,0.10487698,0,0.97919065
601,Pass,0,0.9997018,0.09618281,0,0.9817581
602,Pass,0,0.9999914,0.09392521,0,0.9825102
603,Pass,0,0.99999917,0.14518747,0,0.97189873
604,Pass,0,0.99958724,0.36388767,0,0.9262129
605,Pass,0,0.99628407,0.5214561,0,0.8906329
606,Pass,0,0.9999969,0.13374913,0,0.974266
607,Pass,0,0.9999994,0.070895694,0,0.98728865
608,Pass,0,0.876485,0.4692635,0,0.7930143
609,Pass,0,0.976278,0.634467,0,0.84989333
610,Pass,0,0.9998673,0.066489406,0,0.9880709
611,Pass,0,0.9960108,0.25662363,0,0.94503033
612,Pass,0,0.5436711,0.4710623,0,0.49169284
613,Pass,0,0.99726737,0.31157067,0,0.93487126
614,Pass,0,0.99976784,0.07330942,0,0.9865601
615,Pass,0,0.99999976,0.056072924,0,0.99035954
616,Pass,0,0.9994454,0.46765032,0,0.9045988
617,Pass,0,0.9641997,0.5955599,0,0.8471498
618,Pass,0,0.71189696,0.827168,0,0.59132016
619,Pass,0,0.9981098,0.03557875,0,0.99272525
620,Pass,0,0.99775714,0.22818469,0,0.95256525
621,Pass,0,0.9931693,0.4693726,0,0.8985639
622,Pass,0,0.6341689,0.9892968,0,0.5054584
623,Pass,0,0.99999785,0.07661797,0,0.9861018
624,Pass,0,0.9999968,0.096416265,0,0.98199946
625,Pass,0,0.99991095,0.3763673,0,0.92392796
626,Pass,0,0.9998703,0.16470627,0,0.9677307
627,Pass,0,0.99999833,0.05262182,0,0.9910731
628,Pass,0,0.99895006,0.3187786,0,0.93495715
629,Pass,0,0.9997198,0.03546013,0,0.9943511
630,Pass,0,0.99997115,0.20577672,0,0.9593207
631,Pass,0,0.99997354,0.17000027,0,0.966734
632,Pass,0,0.9999825,0.1649985,0,0.9677787
633,Pass,0,0.9965481,0.20366839,0,0.95647204
634,Pass,0,0.9359276,1.6918555,0,0.6097609
635,Pass,0,0.87099224,2.15384,0,0.48410037
636,Pass,0,0.97222036,1.1670457,0,0.73910105
637,Pass,0,0.9955218,0.4638625,0,0.90182865
638,Pass,0,0.99997663,0.058514755,0,0.98983085
639,Pass,0,0.9942426,0.28486624,0,0.9375358
640,Pass,0,0.9999434,0.13462523,0,0.9740324
641,Pass,0,0.9999318,0.18277736,0,0.964047
642,Pass,0,0.9979461,0.521688,0,0.8920708
643,Pass,0,0.99999774,0.1755006,0,0.96561795
644,Pass,0,0.920457,0.6761376,0,0.79335314
645,Pass,0,0.99999285,0.10684688,0,0.97983485
646,Pass,0,0.99961406,0.3586141,0,0.9273298
647,Pass,0,0.999961,0.13226327,0,0.97453886
648,Pass,0,0.99999905,0.061040338,0,0.9893299
649,Pass,0,0.6942831,0.6034489,0,0.6088653
650,Pass,0,0.9999975,0.062428024,0,0.98904085
651,Pass,0,0.7613481,1.4975779,0,0.526662
652,Pass,0,0.8727421,0.7808351,0,0.7332988
653,Pass,0,0.99977034,0.44745445,0,0.90907556
654,Pass,0,0.7437728,1.0448506,0,0.5842578
655,Pass,0,0.9935022,0.37146693,0,0.9190147
656,Pass,0,0.9974287,0.3208246,0,0.93311054
657,Pass,0,0.9999939,0.20126547,0,0.9602771
658,Pass,0,0.99998856,0.0639058,0,0.9887259
659,Pass,0,0.99997723,0.17409104,0,0.9658901
660,Pass,0,0.9999229,0.17115054,0,0.9664467
661,Pass,0,0.9145051,0.8593674,0,0.75351185
662,Pass,0,0.46597433,0.8315345,0,0.3866289
663,Pass,0,0.99998105,0.06321441,0,0.98886174
664,Pass,0,0.8160041,0.63575506,0,0.71015
665,Pass,0,0.9994248,0.13954395,0,0.97250897
666,Pass,0,0.99998355,0.14425589,0,0.97207654
667,Pass,0,0.97103405,2.0396576,0,0.56267196
668,Pass,0,0.9878632,0.22829299,0,0.94309723
669,Pass,0,0.9999956,0.08208959,0,0.98496604
670,Pass,0,0.61373526,0.74034417,0,0.52082294
671,Pass,0,0.9989023,0.14471531,0,0.97093046
672,Pass,0,0.99997973,0.13895115,0,0.9731717
673,Pass,0,0.9978853,0.45869938,0,0.905037
674,Pass,0,0.9999969,0.07874195,0,0.98566085
675,Pass,0,0.9857202,0.40531996,0,0.9049036
676,Pass,0,0.9999505,0.038935862,0,0.9938606
677,Pass,0,0.9993042,0.37397248,0,0.923863
678,Pass,0,0.8195624,1.3131555,0,0.5982418
679,Pass,0,0.99564797,0.5376974,0,0.8867145
680,Pass,0,0.29750374,1.770427,0,0.18898271
681,Pass,0,0.9994967,0.030737296,0,0.99510705
682,Pass,0,0.30895793,1.4779428,0,0.21497811
683,Pass,0,0.99976724,0.2508112,0,0.9497983
684,Pass,0,0.99970007,0.061795224,0,0.9888777
685,Pass,0,0.9999994,0.19546394,0,0.9614841
686,Pass,0,0.940056,0.93632907,0,0.7595776
687,Pass,0,0.9999509,0.12868169,0,0.97527087
688,Pass,0,0.999966,0.028255487,0,0.9960884
689,Pass,0,0.999984,0.059327014,0,0.9896699
690,Pass,0,0.9997174,0.06222549,0,0.98880583
691,Pass,0,0.9999893,0.14264235,0,0.97241634
692,Pass,0,0.99840873,0.21369709,0,0.9561837
693,Pass,0,0.99994373,0.07569625,0,0.9862393
694,Pass,0,0.9998963,0.18918073,0,0.9626864
695,Pass,0,0.9999597,0.12137952,0,0.9767921
696,Pass,0,0.6444306,0.5259986,0,0.5754854
697,Pass,0,0.9999858,0.09641668,0,0.98198855
698,Pass,0,0.91662306,0.695565,0,0.7863597
699,Pass,0,0.9999981,0.06606855,0,0.98828727
700,Pass,0,0.43988726,1.1918316,0,0.33215237
701,Pass,0,0.99999845,0.2054878,0,0.95940673
702,Pass,0,0.99575835,0.5877564,0,0.87648696
703,Pass,0,0.99999917,0.1007478,0,0.9811045
704,Pass,0,0.9998054,0.14997916,0,0.970718
705,Pass,0,0.9999999,0.055397708,0,0.99049956
706,Pass,0,0.99994063,0.1859808,0,0.9633919
707,Pass,0,0.980055,0.58098346,0,0.86403954
708,Pass,0,0.5998889,0.4749282,0,0.5420555
709,Pass,0,0.99787974,0.35437623,0,0.92659694
710,Pass,0,0.98244077,0.44408175,0,0.89400446
711,Pass,0,0.99992204,0.1752799,0,0.9655906
712,Pass,0,0.7617764,1.9021844,0,0.46311
713,Pass,0,0.97009045,0.44308105,0,0.88296694
714,Pass,0,0.66840756,0.56765157,0,0.59112984
715,Pass,0,0.99999595,0.07616549,0,0.9861936
716,Pass,0,0.9996295,0.21064569,0,0.9579847
717,Pass,0,0.70423156,0.8086251,0,0.5876581
718,Pass,0,0.47311687,1.4268552,0,0.3342096
719,Pass,0,0.6836328,1.1968422,0,0.5154914
720,Pass,0,0.997456,0.2801218,0,0.94154626
721,Pass,0,0.8846095,0.81443584,0,0.7371128
722,Pass,0,0.94063604,0.46407425,0,0.8520672
723,Pass,0,0.9258268,1.4184597,0,0.6556139
724,Pass,0,0.90883917,0.7966158,0,0.7606574
725,Pass,0,0.9995627,0.23289852,0,0.95331293
726,Pass,0,0.9999999,0.045976557,0,0.9924512
727,Pass,0,0.9999924,0.11292877,0,0.9785746
728,Pass,0,0.99975365,0.28635424,0,0.94242436
729,Pass,0,0.9998093,0.06886784,0,0.987521
730,Pass,0,0.9504218,0.5206344,0,0.8497959
731,Pass,0,0.3506989,0.39635926,0,0.32259697
732,Pass,0,0.9942168,0.5285471,0,0.88732445
733,Pass,0,0.99991846,0.038204517,0,0.9939802
734,Pass,0,0.999887,0.16036578,0,0.9686459
735,Pass,0,0.9865855,0.46479705,0,0.8935424
736,Pass,0,0.9988709,0.268297,0,0.9453286
737,Pass,0,0.9999968,0.052414633,0,0.99111444
738,Pass,0,0.6407187,0.7247487,0,0.5457913
739,Pass,0,0.99547285,0.57453805,0,0.8789615
740,Pass,0,0.99998343,0.09371758,0,0.9825454
741,Pass,0,0.999671,0.19921517,0,0.9603915
742,Pass,0,0.99995613,0.26556507,0,0.9469216
743,Pass,0,0.6400596,1.2930187,0,0.46988317
744,Pass,0,0.9973239,0.45760116,0,0.9047547
745,Pass,0,0.9999999,0.022676574,0,0.9972778
746,Pass,0,0.9896973,0.46754256,0,0.8957979
747,Pass,0,0.9974515,0.46221146,0,0.90391785
748,Pass,0,0.99970764,0.13737316,0,0.9732337
749,Pass,0,0.9999006,0.19140308,0,0.96223027
750,Pass,0,0.9999857,0.26723233,0,0.9466042
751,Pass,0,0.8666223,0.52970034,0,0.77324116
752,Pass,0,0.7418887,0.7532984,0,0.6275846
753,Pass,0,0.99983346,0.108727485,0,0.9792892
754,Pass,0,0.9999858,0.09217902,0,0.9828664
755,Pass,0,0.99980766,0.1506978,0,0.97057134
756,Pass,0,0.9993736,0.44491175,0,0.9092412
757,Pass,0,0.47017592,0.9334192,0,0.3801917
758,Pass,0,0.9999752,0.24043803,0,0.9521446
759,Pass,0,0.99987376,0.13368134,0,0.9741601
760,Pass,0,0.9984022,0.19520484,0,0.960002
761,Pass,0,0.99944955,0.37014204,0,0.92479044
762,Pass,0,0.9999888,0.08351202,0,0.98466474
763,Pass,0,0.99761295,0.4748635,0,0.90144956
764,Pass,0,0.99995637,0.03021646,0,0.9956726
765,Pass,0,0.99993503,0.30845597,0,0.9380172
766,Pass,0,0.9998975,0.26976627,0,0.94599587
767,Pass,0,0.9999908,0.13753267,0,0.97347635
768,Pass,0,0.9999894,0.107466504,0,0.9797032
769,Pass,0,0.99479735,0.53304535,0,0.8869156
770,Pass,0,0.99636674,0.6913108,0,0.85564893
771,Pass,0,0.99998486,0.14242084,0,0.97245795
772,Pass,0,0.9999999,0.10434612,0,0.9803598
773,Pass,0,0.9642807,0.40625277,0,0.8850355
774,Pass,0,0.44271144,1.2516495,0,0.32879907
775,Pass,0,0.99247336,0.3071286,0,0.9312905
776,Pass,0,0.99999547,0.057369478,0,0.99008673
777,Pass,0,0.9975616,0.42517474,0,0.91167116
778,Pass,0,0.38678533,0.5888872,0,0.3403658
779,Pass,0,0.9999198,0.090845145,0,0.9830778
780,Pass,0,0.9969405,0.55085,0,0.88514936
781,Pass,0,0.9983198,0.37106293,0,0.92355466
782,Pass,0,0.99839205,0.34255457,0,0.92951757
783,Pass,0,0.6568584,1.0302019,0,0.51797694
784,Pass,0,0.9999924,0.13699324,0,0.97358954
785,Pass,0,0.9998425,0.119860604,0,0.9769922
786,Pass,0,0.9994604,0.18468261,0,0.963198
787,Pass,0,0.8619658,0.60179085,0,0.7562141
788,Pass,0,0.97177935,0.3250129,0,0.908272
789,Pass,0,0.9989599,0.2466361,0,0.94989526
790,Pass,0,0.9996074,0.25966457,0,0.9478131
791,Pass,0,0.9996526,0.29064992,0,0.94143957
792,Pass,0,0.37349236,0.89996225,0,0.3046004
793,Pass,0,0.9999168,0.24907953,0,0.950299
794,Pass,0,0.57216376,0.3569245,0,0.5309896
795,Pass,0,0.9999809,0.2121104,0,0.95801806
796,Pass,0,0.9989033,0.24426912,0,0.9503312
797,Pass,0,0.99999523,0.09704294,0,0.9818681
798,Pass,0,0.9997342,0.3198449,0,0.9354703
799,Pass,0,0.99755895,0.3478217,0,0.9276535
800,Pass,0,0.99375737,0.67200214,0,0.85738295
801,Pass,0,0.999468,0.22082283,0,0.95572287
802,Pass,0,0.9995116,0.38885468,0,0.9209734
803,Pass,0,0.99652326,0.42310616,0,0.91114926
804,Pass,0,0.9999976,0.069207564,0,0.98763657
805,Pass,0,0.99999297,0.2508024,0,0.95001453
806,Pass,0,0.99995875,0.34362757,0,0.93075395
807,Pass,0,0.99930155,0.24501629,0,0.9505555
808,Pass,0,0.90493196,0.6029157,0,0.79369795
809,Pass,0,0.26253888,0.93424374,0,0.21224825
810,Pass,0,0.9823219,0.62320477,0,0.85744655
811,Pass,0,0.9982659,0.27627775,0,0.9431057
812,Pass,0,0.99999845,0.12030266,0,0.977053
813,Pass,0,0.99965274,0.15901253,0,0.96869916
814,Pass,0,0.99999034,0.065986276,0,0.9882967
815,Pass,0,0.96789056,0.6577627,0,0.83792084
816,Pass,0,0.8721513,0.85649157,0,0.71913373
817,Pass,0,0.2406897,2.0048802,0,0.14120317
818,Pass,0,0.8490739,0.8021778,0,0.7096583
819,Pass,0,0.99330574,0.4951632,0,0.8933806
820,Pass,0,0.9999987,0.07112505,0,0.98724043
821,Pass,0,0.9693366,0.1653338,0,0.9380525
822,Pass,0,0.9999299,0.1363183,0,0.9736686
823,Pass,0,0.9978573,0.35020927,0,0.9274374
824,Pass,0,0.9997242,0.15141575,0,0.9703417
825,Pass,0,0.99979514,0.032120742,0,0.99511766
826,Pass,0,0.9999912,0.11711539,0,0.97770613
827,Pass,0,0.99999726,0.09376345,0,0.9825495
828,Pass,0,0.999025,0.236022,0,0.95215374
829,Pass,0,0.985524,0.39193565,0,0.9074559
830,Pass,0,0.9997707,0.25315958,0,0.9493152
831,Pass,0,0.99885595,0.60794884,0,0.8750354
832,Pass,0,0.9998271,0.3893649,0,0.92115843
833,Pass,0,0.99999547,0.08930657,0,0.9834709
834,Pass,0,0.9999567,0.01803313,0,0.9981966
835,Pass,0,0.9959959,0.3055168,0,0.9349284
836,Pass,0,0.9998759,0.24080119,0,0.95197487
837,Pass,0,0.99960476,0.26716667,0,0.9462572
838,Pass,0,0.9959825,0.49238643,0,0.896361
839,Pass,0,0.9999368,0.28850046,0,0.94215244
840,Pass,0,0.49547806,2.0270505,0,0.2884019
841,Pass,0,0.99811906,0.30652273,0,0.9367134
842,Pass,0,0.95867693,0.5802254,0,0.84534276
843,Pass,0,0.99998415,0.11766553,0,0.9775853
844,Pass,0,0.9999633,0.12602466,0,0.97583336
845,Pass,0,0.9999813,0.24862662,0,0.9504542
846,Pass,0,0.97446334,0.42427877,0,0.8907426
847,Pass,0,0.9999032,0.015639745,0,0.9986389
848,Pass,0,0.98620033,0.8683041,0,0.8107598
849,Pass,0,0.99999917,0.06704256,0,0.9880866
850,Pass,0,0.98824525,0.5939587,0,0.86860406
851,Pass,0,0.65970635,1.0074195,0,0.5233362
852,Pass,0,0.9998766,0.17041352,0,0.96655464
853,Pass,0,0.9695053,0.70685774,0,0.82945883
854,Pass,0,0.9969273,0.18419257,0,0.96085805
855,Pass,0,0.8964018,1.034691,0,0.7060394
856,Pass,0,0.5501903,1.5101838,0,0.37915704
857,Pass,0,0.9996573,0.4710813,0,0.9040801
858,Pass,0,0.9997819,0.14880498,0,0.9709384
859,Pass,0,0.9997907,0.12846763,0,0.97515905
860,Pass,0,0.9609337,0.37373734,0,0.888436
861,Pass,0,0.90640336,0.79248023,0,0.7593953
862,Pass,0,0.9999652,0.4170226,0,0.9155565
863,Pass,0,0.9999583,0.23990136,0,0.95223963
864,Pass,0,0.9998147,0.38339224,0,0.922384
865,Pass,0,0.99771404,0.39089483,0,0.9188955
866,Pass,0,0.99999726,0.12254051,0,0.97658825
867,Pass,0,0.9997782,0.10595314,0,0.97980964
868,Pass,0,0.17557265,1.2156687,0,0.13170536
869,Pass,0,0.99966276,0.26329303,0,0.9471142
870,Pass,0,0.9999504,0.25282285,0,0.9495556
871,Pass,0,0.9999995,0.08709943,0,0.98393214
872,Pass,0,0.9998492,0.112327196,0,0.9785591
873,Pass,0,0.9999994,0.09341295,0,0.9826242
874,Pass,0,0.99999917,0.05087286,0,0.9914362
875,Pass,0,0.9771238,0.21811648,0,0.9349044
876,Pass,0,0.99999464,0.081804305,0,0.9850242
877,Pass,0,0.9996917,0.37383842,0,0.92424905
878,Pass,0,0.9999851,0.18265092,0,0.96412456
879,Pass,0,0.6427528,1.6026615,0,0.43063217
880,Pass,0,0.9994772,0.32971534,0,0.9331862
881,Pass,0,0.9999759,0.1634659,0,0.9680898
882,Pass,0,0.99988186,0.2522155,0,0.9496163
883,Pass,0,0.99996877,0.15104796,0,0.9706552
884,Pass,0,0.9717021,1.715305,0,0.628348
885,Pass,0,0.9999821,0.06428692,0,0.98864055
886,Pass,0,0.34463865,1.7004433,0,0.22392045
887,Pass,0,0.9908764,0.41722995,0,0.90719235
888,Pass,0,0.79141194,0.739439,0,0.67174983
889,Pass,0,0.97875035,0.6595643,0,0.84695715
890,Pass,0,0.49229243,0.5841636,0,0.4336923
891,Pass,0,0.99977416,0.13531776,0,0.9737241
892,Pass,0,0.9999993,0.10858562,0,0.979481
893,Pass,0,0.9999341,0.15953642,0,0.96886325
894,Pass,0,0.99119425,0.39402017,0,0.912249
895,Pass,0,0.83402115,1.4205618,0,0.5902396
896,Pass,0,0.9999976,0.045244817,0,0.9926005
897,Pass,0,0.99907124,0.0447576,0,0.99178183
898,Pass,0,0.6594286,0.99916834,0,0.52424294
899,Pass,0,0.9991405,0.33812696,0,0.9311308
900,Pass,0,0.7744093,0.520891,0,0.69237757
901,Pass,0,0.99292916,0.56354153,0,0.87897736
902,Pass,0,0.9282786,0.55235153,0,0.82389814
903,Pass,0,0.99923325,0.41466513,0,0.91537434
904,Pass,0,0.508646,0.8938355,0,0.41547003
905,Pass,0,0.983461,0.22501764,0,0.93956184
906,Pass,0,0.9999136,0.22113916,0,0.9560834
907,Pass,0,0.99999106,0.16905086,0,0.96694756
908,Pass,0,0.9999757,0.3030531,0,0.9391746
909,Pass,0,0.4935039,1.317791,0,0.3597606
910,Pass,0,0.99999964,0.12232687,0,0.9766348
911,Pass,0,0.9999697,0.019854777,0,0.99783224
912,Pass,0,0.9999999,0.06898009,0,0.9876859
913,Pass,0,0.99999154,0.3871768,0,0.9217632
914,Pass,0,0.99982685,0.3898833,0,0.92105085
915,Pass,0,0.9777951,0.27933607,0,0.92314655
916,Pass,0,0.6942903,0.9401923,0,0.56044
917,Pass,0,0.53745186,1.2313548,0,0.4014217
918,Pass,0,0.9997558,0.29613435,0,0.9404009
919,Pass,0,0.99586856,0.40285558,0,0.9147283
920,Pass,0,0.9999988,0.11873881,0,0.97737724
921,Pass,0,0.526026,0.9940028,0,0.41875133
922,Pass,0,0.96040404,0.675926,0,0.8278261
923,Pass,0,0.99995637,0.07406619,0,0.98658943
924,Pass,0,0.99990463,0.17583123,0,0.9654596
925,Pass,0,0.99864334,0.26681328,0,0.9454202
926,Pass,0,0.9987852,0.17727934,0,0.9640791
927,Pass,0,0.99999666,0.12158444,0,0.9767857
928,Pass,0,0.9574019,0.47569737,0,0.8649492
929,Pass,0,0.99956805,0.4043751,0,0.91781175
930,Pass,0,1.0,0.05453743,0,0.9906779
931,Pass,0,0.99833375,0.3141926,0,0.9353287
932,Pass,0,0.9999995,0.06418205,0,0.9886795
933,Pass,0,0.9999943,0.119196445,0,0.97727805
934,Pass,0,0.9972306,0.2403012,0,0.94955957
935,Pass,0,0.9162225,0.3114983,0,0.8589109
936,Pass,0,0.9970611,0.41760162,0,0.91277796
937,Pass,0,0.99859136,0.57416266,0,0.88179266
938,Pass,0,0.9999858,0.14774258,0,0.9713565
939,Pass,0,0.82925117,0.9510351,0,0.66751957
940,Pass,0,0.99926716,0.7020501,0,0.8559167
941,Pass,0,0.9999987,0.052480668,0,0.99110264
942,Pass,0,0.99998295,0.10267545,0,0.98068935
943,Pass,0,0.991484,0.48967454,0,0.8928694
944,Pass,0,0.99998844,0.0986465,0,0.9815293
945,Pass,0,0.9572412,0.6553939,0,0.82917124
946,Pass,0,0.99987984,0.43861648,0,0.9110057
947,Pass,0,0.9555662,0.820318,0,0.79507405
948,Pass,0,0.9999939,0.12004147,0,0.97710264
949,Pass,0,0.9998061,0.18397245,0,0.9636783
950,Pass,0,0.9921171,0.16865003,0,0.95941615
951,Pass,0,0.9997335,0.102686614,0,0.98044235
952,Pass,0,0.9999945,0.101463124,0,0.9809518
953,Pass,0,0.9999094,0.044262398,0,0.99271643
954,Pass,0,0.9997633,0.09499604,0,0.9820643
955,Pass,0,0.9999095,0.07212298,0,0.98694575
956,Pass,0,0.99998915,0.108372815,0,0.9795152
957,Pass,0,0.9988788,0.37992892,0,0.9222372
958,Pass,0,0.99281055,0.5189591,0,0.8880413
959,Pass,0,0.999848,0.09856993,0,0.9814073
960,Pass,0,0.9996468,0.18546052,0,0.9632166
961,Pass,0,0.9997743,0.16172327,0,0.9682555
962,Pass,0,0.82639295,0.63189006,0,0.71985286
963,Pass,0,0.9074145,1.0504994,0,0.71174186
964,Pass,0,0.99940705,0.0910222,0,0.9825371
965,Pass,0,0.9525853,0.50530607,0,0.85475504
966,Pass,0,0.99796283,0.30861726,0,0.93613386
967,Pass,0,0.99960274,0.1741108,0,0.9655243
968,Pass,0,0.9999988,0.0822974,0,0.98492616
969,Pass,0,0.97622836,0.5404114,0,0.86887074
970,Pass,0,0.99992025,0.1964685,0,0.96119994
971,Pass,0,0.9998567,0.24000075,0,0.9521224
972,Pass,0,0.9999534,0.028272307,0,0.99607235
973,Pass,0,0.9995902,0.27886337,0,0.94382143
974,Pass,0,0.5769523,0.75004333,0,0.48844925
975,Pass,0,0.99999785,0.13050623,0,0.97493875
976,Pass,0,0.9999988,0.07546431,0,0.98634166
977,Pass,0,0.30708623,1.9613844,0,0.18292232
978,Pass,0,0.9886885,0.3448869,0,0.92000574
979,Pass,0,0.9999443,0.1327798,0,0.9744156
980,Pass,0,0.9999583,0.015217795,0,0.9987814
981,Pass,0,0.9999232,0.21831205,0,0.9566782
982,Pass,0,0.9999242,0.12227171,0,0.9765726
983,Pass,0,0.9999989,0.15603095,0,0.9696523
984,Pass,0,0.9987947,0.33464342,0,0.9315293
985,Pass,0,0.99916637,0.37157977,0,0.9242309
986,Pass,0,0.9999465,0.20720798,0,0.9590006
987,Pass,0,0.6342103,0.88732255,0,0.51888853
988,Pass,0,0.9999826,0.14612812,0,0.9716878
989,Pass,0,0.9995523,0.3173874,0,0.9358089
990,Pass,0,0.9997906,0.11856337,0,0.9772101
991,Pass,0,0.99892235,0.22102617,0,0.955159
992,Pass,0,0.9995845,0.5806519,0,0.88132596
993,Pass,0,0.99999607,0.060854204,0,0.98936546
994,Pass,0,0.99995065,0.077702306,0,0.9858306
995,Pass,0,0.9987496,0.54461503,0,0.88804555
996,Pass,0,0.9999969,0.106196515,0,0.97997355
997,Pass,0,0.99988365,0.2017959,0,0.9600613
998,Pass,0,0.8712526,0.6787267,0,0.750476
999,Pass,0,0.9902895,0.29229426,0,0.9322844
1000,Pass,0,0.885507,1.4721878,0,0.6172063
1001,Pass,0,0.68597573,0.8875722,0,0.56120574
1002,Pass,0,0.9999826,0.06132133,0,0.98925537
1003,Pass,0,0.9998722,0.34754807,0,0.9298613
1004,Pass,0,0.99994564,0.13669322,0,0.9736062
1005,Pass,0,0.9999974,0.08715277,0,0.983919
1006,Pass,0,0.5405267,1.0241196,0,0.42692262
1007,Pass,0,0.21265534,1.2417771,0,0.15837272
1008,Pass,0,0.9999957,0.16463158,0,0.9678675
1009,Pass,0,0.96984196,0.36153677,0,0.89912343
1010,Pass,0,0.99948895,0.03494808,0,0.99422747
1011,Pass,0,0.99962497,0.23773389,0,0.95237106
1012,Pass,0,0.9197546,0.639623,0,0.79970485
1013,Pass,0,0.99968064,0.4757356,0,0.9031373
1014,Pass,0,0.9999976,0.09672258,0,0.9819368
1015,Pass,0,0.99999905,0.055687096,0,0.99043876
1016,Pass,0,0.99999833,0.16202667,0,0.96840966
1017,Pass,0,0.9995035,0.29964447,0,0.93943685
1018,Pass,0,0.9999653,0.20538239,0,0.95939684
1019,Pass,0,0.98852056,0.39955857,0,0.9086541
1020,Pass,0,0.99912626,0.3189527,0,0.9350861
1021,Pass,0,0.9998957,0.16520342,0,0.96765226
1022,Pass,0,1.0,0.04984678,0,0.99164957
1023,Pass,0,0.808485,0.71639806,0,0.6901003
1024,Pass,0,0.9999963,0.2573963,0,0.9486518
1025,Pass,0,0.29042983,1.4291166,0,0.20502347
1026,Pass,0,0.8262164,0.52680063,0,0.7376854
1027,Pass,0,0.91093427,0.5992205,0,0.7996598
1028,Pass,0,0.24278842,0.7832355,0,0.20387591
1029,Pass,0,0.6918091,0.3448995,0,0.64374834
1030,Pass,0,0.99425656,0.08226026,0,0.97927815
1031,Pass,0,0.9937482,0.19713734,0,0.9551292
1032,Pass,0,0.39765084,1.1285363,0,0.30547416
1033,Pass,0,0.9997919,0.072573796,0,0.9867363
1034,Pass,0,0.999696,0.15727319,0,0.9691013
1035,Pass,0,0.99997497,0.012354468,0,0.99939114
1036,Pass,0,0.8842457,0.4409002,0,0.80523133
1037,Pass,0,0.99999654,0.14975907,0,0.97094923
1038,Pass,0,0.9999356,0.2137636,0,0.95763224
1039,Pass,0,0.5291304,1.1744113,0,0.40144798
1040,Pass,0,0.76222545,0.5843971,0,0.67145693
1041,Pass,0,0.9939697,0.15287586,0,0.9644556
1042,Pass,0,0.97423756,0.6958811,0,0.8357227
1043,Pass,0,0.9785135,0.5661485,0,0.8656876
1044,Pass,0,0.9994259,0.30822274,0,0.9375879
1045,Pass,0,0.99993694,0.3061131,0,0.93850434
1046,Pass,0,0.22633034,2.0932393,0,0.1286364
1047,Pass,0,0.99998534,0.11591312,0,0.97794944
1048,Pass,0,0.91525173,0.8435327,0,0.7571292
1049,Pass,0,0.99743974,0.4940811,0,0.89732224
1050,Pass,0,0.21721093,1.1942905,0,0.16390212
1051,Pass,0,0.9998683,0.20058385,0,0.9602975
1052,Pass,0,0.9996412,0.23736373,0,0.95246315
1053,Pass,0,0.9906097,0.6114032,0,0.86710256
1054,Pass,0,0.9999989,0.097077504,0,0.9818646
1055,Pass,0,0.93427444,0.8153875,0,0.77831256
1056,Pass,0,0.9907934,0.39805546,0,0.9110518
1057,Pass,0,0.97700524,0.041540667,0,0.9705279
1058,Pass,0,0.9844297,0.80286837,0,0.8226483
1059,Pass,0,0.9744664,0.4128549,0,0.89305145
1060,Pass,0,0.99987257,0.1780633,0,0.9649663
1061,Pass,0,0.9999268,0.083677545,0,0.9845694
1062,Pass,0,0.78575486,0.7275538,0,0.66888267
1063,Pass,0,0.9949092,0.57055074,0,0.87928563
1064,Pass,0,0.9960521,0.29088303,0,0.9380006
1065,Pass,0,0.9999938,0.07495535,0,0.98644215
1066,Pass,0,0.99937856,0.16837071,0,0.9664961
1067,Pass,0,0.99992514,0.12301046,0,0.9764205
1068,Pass,0,0.9998068,0.049458705,0,0.9915384
1069,Pass,0,0.9999337,0.25086802,0,0.9499447
1070,Pass,0,0.9999988,0.04696476,0,0.9922454
1071,Pass,0,0.99995935,0.17775229,0,0.9651145
1072,Pass,0,0.99170905,0.15101524,0,0.9626444
1073,Pass,0,0.99999666,0.061581295,0,0.9892155
1074,Pass,0,0.99998236,0.08923708,0,0.98347247
1075,Pass,0,0.4134272,0.85171753,0,0.3413009
1076,Pass,0,0.9999994,0.053246588,0,0.9909447
1077,Pass,0,0.9986021,0.48876122,0,0.8994685
1078,Pass,0,0.9999919,0.08484721,0,0.98439115
1079,Pass,0,0.9997292,0.17047365,0,0.96639967
1080,Pass,0,0.9930269,0.2103981,0,0.95170814
1081,Pass,0,0.80262065,0.80224866,0,0.6708208
1082,Pass,0,0.5454931,0.75362045,0,0.46141163
1083,Pass,0,0.91049093,0.20021279,0,0.8745274
1084,Pass,0,0.9994585,0.76574206,0,0.8428938
1085,Pass,0,0.9998963,0.13805912,0,0.97327524
1086,Pass,0,0.999982,0.19305643,0,0.9619661
1087,Pass,0,0.9825486,0.36259127,0,0.9106889
1088,Pass,0,1.0,0.054635096,0,0.9906577
1089,Pass,0,0.9999924,0.06928708,0,0.987615
1090,Pass,0,0.9993948,0.57552075,0,0.882221
1091,Pass,0,0.99992776,0.14953946,0,0.9709279
1092,Pass,0,0.99997604,0.096871614,0,0.9818847
1093,Pass,0,0.9530836,0.6848749,0,0.81974936
1094,Pass,0,0.9999857,0.069962196,0,0.9874685
1095,Pass,0,0.98558456,0.4071734,0,0.90440065
1096,Pass,0,0.9959716,0.40355563,0,0.9146785
1097,Pass,0,0.99961627,0.04341285,0,0.99260134
1098,Pass,0,0.56737036,0.93920314,0,0.45810485
1099,Pass,0,0.99614006,0.7604678,0,0.8411836
1100,Pass,0,0.9988931,0.2502297,0,0.94908816
1101,Pass,0,0.99974674,0.05929297,0,0.9894421
1102,Pass,0,0.99999905,0.06698426,0,0.98809856
1103,Pass,0,0.99999917,0.16645366,0,0.9674934
1104,Pass,0,0.9999999,0.050234947,0,0.99156904
1105,Pass,0,0.92555135,0.56154305,0,0.8197152
1106,Pass,0,0.9999887,0.15826112,0,0.96918035
1107,Pass,0,0.99995065,0.2282326,0,0.9546495
1108,Pass,0,0.9994091,0.27645475,0,0.944149
1109,Pass,0,0.9999887,0.06877257,0,0.98771787
1110,Pass,0,0.99997187,0.2681643,0,0.946398
1111,Pass,0,0.9690843,0.20226601,0,0.93039423
1112,Pass,0,0.9974165,0.2518702,0,0.9473462
1113,Pass,0,0.9405242,0.36673808,0,0.8709301
1114,Pass,0,0.96989125,0.73653406,0,0.8238266
1115,Pass,0,0.99947685,0.2189284,0,0.95612353
1116,Pass,0,0.99999917,0.06754648,0,0.9879822
1117,Pass,0,0.99997175,0.21674187,0,0.95704985
1118,Pass,0,0.9999559,0.03282989,0,0.9951308
1119,Pass,0,0.92934006,0.5534374,0,0.82463115
1120,Pass,0,0.51811963,0.7785467,0,0.43558213
1121,Pass,0,0.9946195,0.2514657,0,0.94477296
1122,Pass,0,0.99974865,0.12821977,0,0.9751693
1123,Pass,0,0.9882206,0.5026806,0,0.8872681
1124,Pass,0,0.99916065,0.13590093,0,0.97300595
1125,Pass,0,0.99974877,0.17474782,0,0.96553344
1126,Pass,0,0.5981674,1.2486228,0,0.4446303
1127,Pass,0,0.9998204,0.05554958,0,0.99029034
1128,Pass,0,0.99999,0.09662331,0,0.98194987
1129,Pass,0,0.99999976,0.023589129,0,0.9970887
1130,Pass,0,0.31398156,1.1788213,0,0.23792905
1131,Pass,0,0.9989177,0.2043491,0,0.9586055
1132,Pass,0,0.99999845,0.06357588,0,0.988804
1133,Pass,0,0.9999604,0.19295895,0,0.9619655
1134,Pass,0,0.32839394,1.7453296,0,0.21031237
1135,Pass,0,0.99938965,0.4547466,0,0.9072197
1136,Pass,0,0.8498335,0.4515339,0,0.7720221
1137,Pass,0,0.9999999,0.058950752,0,0.98976356
1138,Pass,0,0.3991129,1.4854068,0,0.27709234
1139,Pass,0,0.99999905,0.157579,0,0.9693317
1140,Pass,0,0.9981627,0.9581669,0,0.80201304
1141,Pass,0,0.99986625,0.070374094,0,0.9872652
1142,Pass,0,0.7639306,0.8924299,0,0.6242129
1143,Pass,0,0.9999993,0.07226955,0,0.9870039
1144,Pass,0,0.97400403,0.5323666,0,0.8685142
1145,Pass,0,0.9999515,0.14971854,0,0.9709138
1146,Pass,0,0.9999962,0.24627492,0,0.95095545
1147,Pass,0,0.9999999,0.08773447,0,0.98380095
1148,Pass,0,0.9632115,0.66108155,0,0.8332079
1149,Pass,0,0.8296821,0.80965006,0,0.6921663
1150,Pass,0,0.98075175,0.493795,0,0.8823675
1151,Pass,0,0.99988735,0.15976846,0,0.96876997
1152,Pass,0,0.998288,0.19309665,0,0.96032816
1153,Pass,0,0.99999726,0.19013327,0,0.96258634
1154,Pass,0,0.9999231,0.18650268,0,0.96326697
1155,Pass,0,0.9877694,0.39724603,0,0.90843683
1156,Pass,0,0.9651634,0.7185681,0,0.82340276
1157,Pass,0,0.9999999,0.091229774,0,0.9830769
1158,Pass,0,0.9999993,0.088100195,0,0.9837246
1159,Pass,0,0.8672889,0.7309698,0,0.7376757
1160,Pass,0,0.9999708,0.080895886,0,0.9851889
1161,Pass,0,0.99010146,0.5380816,0,0.88169605
1162,Pass,0,0.8951917,0.9418553,0,0.72230184
1163,Pass,0,0.9999989,0.12874049,0,0.9753055
1164,Pass,0,0.99999464,0.18905587,0,0.96280694
1165,Pass,0,0.9999993,0.13121158,0,0.974794
1166,Pass,0,0.6404373,1.909808,0,0.38833237
1167,Pass,0,0.9996935,0.23927002,0,0.9521183
1168,Pass,0,0.37575975,1.0410539,0,0.29546708
1169,Pass,0,0.9998907,0.22626352,0,0.95500004
1170,Pass,0,0.9988714,0.13586202,0,0.9727323
1171,Pass,0,0.9750426,0.6457153,0,0.8465459
1172,Pass,0,0.9956695,0.117705315,0,0.97335905
1173,Pass,0,0.9997435,0.35605767,0,0.92797935
1174,Pass,0,0.5253015,0.88240397,0,0.43031847
1175,Pass,0,0.99509406,0.27772045,0,0.9398117
1176,Pass,0,0.9999995,0.07418073,0,0.98660827
1177,Pass,0,0.995349,0.069399044,0,0.98300594
1178,Pass,0,0.976757,0.7544526,0,0.82603276
1179,Pass,0,0.99966943,0.17645769,0,0.96510273
1180,Pass,0,0.99976987,0.24284092,0,0.9514515
1181,Pass,0,0.994494,0.39653403,0,0.91476804
1182,Pass,0,0.91520274,0.6179998,0,0.7998466
1183,Pass,0,0.9994758,0.21654329,0,0.95661634
1184,Pass,0,0.99986935,0.1844194,0,0.96364665
1185,Pass,0,0.99999404,0.097342305,0,0.98180497
1186,Pass,0,0.6776866,1.4482471,0,0.47571445
1187,Pass,0,0.8074197,1.0967993,0,0.62556565
1188,Pass,0,0.7590887,0.8695235,0,0.6238585
1189,Pass,0,0.5905313,0.7344902,0,0.50184786
1190,Pass,0,0.99998915,0.25583252,0,0.9489689
1191,Pass,0,0.9998227,0.25309628,0,0.94937766
1192,Pass,0,0.9999809,0.13881907,0,0.97320026
1193,Pass,0,0.26915926,3.2292428,0,0.089638524
1194,Pass,0,0.9999348,0.20281747,0,0.9598988
1195,Pass,0,0.999762,0.03779812,0,0.9939088
1196,Pass,0,0.99711514,0.3536156,0,0.92604405
1197,Pass,0,0.99987423,0.27079475,0,0.9457608
1198,Pass,0,0.5500018,0.7881821,0,0.4612876
1199,Pass,0,0.9922327,0.25709745,0,0.9413482
1200,Pass,0,0.97794205,0.44090536,0,0.89055413
1201,Pass,0,0.9999697,0.20284781,0,0.959926
1202,Pass,0,0.9990478,0.05540713,0,0.9895546
1203,Pass,0,0.9998036,0.21784118,0,0.9566613
1204,Pass,0,0.9977428,0.2313358,0,0.95190024
1205,Pass,0,0.99999917,0.063216634,0,0.98887914
1206,Pass,0,0.9999486,0.18536192,0,0.9635278
1207,Pass,0,0.99929166,0.16913274,0,0.96625435
1208,Pass,0,0.998776,0.36690524,0,0.92483693
1209,Pass,0,0.99999976,0.09085562,0,0.9831543
1210,Pass,0,0.9741125,0.18949233,0,0.9377993
1211,Pass,0,0.99995756,0.1944122,0,0.96166176
1212,Pass,0,0.99441874,0.33103028,0,0.9281923
1213,Pass,0,0.9999274,0.03968395,0,0.9936827
1214,Pass,0,0.99972016,0.1823501,0,0.96393144
1215,Pass,0,0.9999864,0.13110867,0,0.9748028
1216,Pass,0,0.9998317,0.09315715,0,0.98251235
1217,Pass,0,0.98552436,0.5143958,0,0.8824556
1218,Pass,0,0.99804986,0.35160607,0,0.9273276
1219,Pass,0,0.9999819,0.10642121,0,0.9799123
1220,Pass,0,0.99999464,0.06658305,0,0.9881773
1221,Pass,0,0.9997253,0.20736952,0,0.95875496
1222,Pass,0,0.9991221,0.25353485,0,0.94862163
1223,Pass,0,0.9999976,0.070288174,0,0.98741275
1224,Pass,0,0.99992514,0.17726088,0,0.96518326
1225,Pass,0,0.9289572,0.61292404,0,0.8128441
1226,Pass,0,0.9999795,0.1432208,0,0.97228706
1227,Pass,0,0.9993709,0.1507588,0,0.97013474
1228,Pass,0,0.9997962,0.054538146,0,0.99047583
1229,Pass,0,0.9848861,0.55409616,0,0.87378436
1230,Pass,0,0.79146934,0.5005258,0,0.71096945
1231,Pass,0,0.99982786,0.2987122,0,0.9399348
1232,Pass,0,0.9999341,0.22064856,0,0.9562046
1233,Pass,0,0.9998097,0.417587,0,0.91529727
1234,Pass,0,0.6163718,1.4313066,0,0.43483642
1235,Pass,0,0.6853033,1.4514798,0,0.48060223
1236,Pass,0,0.9997937,0.06907704,0,0.9874623
1237,Pass,0,0.99999654,0.10800352,0,0.9795989
1238,Pass,0,0.48124403,0.98688805,0,0.38381124
1239,Pass,0,0.81110346,0.69965035,0,0.69514936
1240,Pass,0,0.80890566,0.72155964,0,0.68959445
1241,Pass,0,0.99984586,0.13863875,0,0.9731061
1242,Pass,0,0.9999988,0.07981452,0,0.9854405
1243,Pass,0,0.6592239,1.010293,0,0.5225611
1244,Pass,0,0.96098363,0.41574344,0,0.8801201
1245,Pass,0,0.99999774,0.05432237,0,0.99072015
1246,Pass,0,0.999783,0.2956426,0,0.94052833
1247,Pass,0,0.9997259,0.19569977,0,0.9611723
1248,Pass,0,0.2483731,1.1662925,0,0.18885687
1249,Pass,0,0.82927585,0.86022854,0,0.6831387
1250,Pass,0,0.99875915,0.5390386,0,0.8892078
1251,Pass,0,0.9973028,0.13797672,0,0.9707678
1252,Pass,0,0.8118768,0.7144715,0,0.69331944
1253,Pass,0,0.9999999,0.041731928,0,0.9933305
1254,Pass,0,0.9984498,0.2312412,0,0.95259434
1255,Pass,0,0.9597631,0.7261159,0,0.8172951
1256,Pass,0,0.99999976,0.1555483,0,0.969753
1257,Pass,0,0.9999713,0.099074304,0,0.9814238
1258,Pass,0,0.9999974,0.16132702,0,0.96855366
1259,Pass,0,0.77771324,0.65217495,0,0.67418104
1260,Pass,0,0.28091386,0.9371415,0,0.22693479
1261,Pass,0,0.9998332,0.2591212,0,0.94813985
1262,Pass,0,0.99984443,0.26805434,0,0.9463002
1263,Pass,0,0.99995756,0.108520925,0,0.97945356
1264,Pass,0,0.9993499,0.22123304,0,0.955525
1265,Pass,0,0.99956936,0.1485541,0,0.9707839
1266,Pass,0,0.99932456,0.13348585,0,0.9736655
1267,Pass,0,0.9724097,0.8105696,0,0.8110523
1268,Pass,0,0.9850358,0.4509791,0,0.89495844
1269,Pass,0,0.99999976,0.03959309,0,0.9937734
1270,Pass,0,0.9999844,0.06551586,0,0.98838824
1271,Pass,0,0.9390952,0.7474492,0,0.795545
1272,Pass,0,0.326593,0.59990984,0,0.28665164
1273,Pass,0,0.980863,0.7518483,0,0.8300343
1274,Pass,0,0.6995632,1.3307289,0,0.5081014
1275,Pass,0,0.99999976,0.053782914,0,0.99083394
1276,Pass,0,0.9999993,0.075744994,0,0.986284
1277,Pass,0,0.9844588,0.39358613,0,0.9061385
1278,Pass,0,0.9999999,0.035415553,0,0.9946389
1279,Pass,0,0.96950096,0.44760844,0,0.88152117
1280,Pass,0,0.8804704,0.78451955,0,0.7391203
1281,Pass,0,0.9999807,0.1385953,0,0.9732464
1282,Pass,0,0.9999268,0.13130595,0,0.9747038
1283,Pass,0,0.58850086,0.74025506,0,0.4994196
1284,Pass,0,0.9983417,0.4079269,0,0.91595113
1285,Pass,0,0.9999734,0.2102076,0,0.9584051
1286,Pass,0,0.999936,0.12475562,0,0.97606957
1287,Pass,0,0.9999975,0.09487883,0,0.98231864
1288,Pass,0,0.49190092,0.41428375,0,0.45065787
1289,Pass,0,0.9673848,0.64083874,0,0.8408745
1290,Pass,0,0.93391734,0.5362221,0,0.8320232
1291,Pass,0,0.99978715,0.4376931,0,0.9111125
1292,Pass,0,0.9999541,0.183337,0,0.9639526
1293,Pass,0,0.9688969,0.750445,0,0.82018995
1294,Pass,0,0.94262826,0.4763791,0,0.85146916
1295,Pass,0,0.9999894,0.15106633,0,0.9706714
1296,Pass,0,0.99994135,0.120343894,0,0.9769887
1297,Pass,0,0.9891698,0.4612924,0,0.89660114
1298,Pass,0,0.97670984,0.83389866,0,0.8099188
1299,Pass,0,0.99999833,0.07943979,0,0.9855177
1300,Pass,0,0.99998,0.0292118,0,0.99590415
1301,Pass,0,0.9999908,0.12211402,0,0.9766703
1302,Pass,0,0.9830257,0.38350415,0,0.90687245
1303,Pass,0,0.99999857,0.22464682,0,0.955438
1304,Pass,0,0.99999976,0.03499649,0,0.9947256
1305,Pass,0,0.99981683,0.08321213,0,0.9845575
1306,Pass,0,0.9687308,0.5884926,0,0.852549
1307,Pass,0,0.9978642,0.23890477,0,0.95045155
1308,Pass,0,0.99997747,0.14168079,0,0.97260404
1309,Pass,0,0.6149806,0.9209407,0,0.49887273
1310,Pass,0,0.9994961,0.2918109,0,0.9410518
1311,Pass,0,0.99996996,0.21553099,0,0.95729905
1312,Pass,0,0.9798823,0.6300057,0,0.8539366
1313,Pass,0,0.99999964,0.13183095,0,0.97466606
1314,Pass,0,0.9914459,0.40899044,0,0.90940595
1315,Pass,0,0.9999993,0.10746196,0,0.97971374
1316,Pass,0,0.9997557,0.01788681,0,0.99802625
1317,Pass,0,0.49442825,1.6764133,0,0.32370377
1318,Pass,0,0.8001378,1.0569535,0,0.6265283
1319,Pass,0,0.84211236,0.93013364,0,0.68151855
1320,Pass,0,0.9999809,0.09305675,0,0.98267984
1321,Pass,0,0.9857712,0.592837,0,0.86665857
1322,Pass,0,0.9999951,0.0867256,0,0.9840052
1323,Pass,0,0.9991541,0.4284125,0,0.9124564
1324,Pass,0,0.9998155,0.12571877,0,0.9757525
1325,Pass,0,0.9999919,0.104240686,0,0.98037386
1326,Pass,0,0.99999833,0.042989414,0,0.9930684
1327,Pass,0,0.99364483,0.27874613,0,0.9382319
1328,Pass,0,0.99999774,0.05895659,0,0.98976016
1329,Pass,0,0.9992873,0.33373553,0,0.93217665
1330,Pass,0,0.99982625,0.036351852,0,0.9942723
1331,Pass,0,0.99999595,0.12294269,0,0.9765037
1332,Pass,0,0.8122305,0.7322167,0,0.6906358
1333,Pass,0,0.69650805,1.0194393,0,0.5507962
1334,Pass,0,0.9996517,0.371416,0,0.9247137
1335,Pass,0,0.99996483,0.13300401,0,0.97438914
1336,Pass,0,0.9999933,0.26436877,0,0.9472046
1337,Pass,0,0.9060985,0.6420763,0,0.7873706
1338,Pass,0,0.8537267,0.9751884,0,0.68295
1339,Pass,0,0.9999987,0.2588695,0,0.9483489
1340,Pass,0,0.99468505,0.659032,0,0.8608558
1341,Pass,0,0.9992949,0.06624729,0,0.9875553
1342,Pass,0,0.9993343,0.31039825,0,0.9370516
1343,Pass,0,0.7722625,0.8174633,0,0.64301383
1344,Pass,0,1.0,0.09384274,0,0.9825357
1345,Pass,0,0.999329,0.48048607,0,0.9018362
1346,Pass,0,0.9999795,0.08071561,0,0.9852348
1347,Pass,0,0.9875551,0.39904535,0,0.90787166
1348,Pass,0,0.9999999,0.081491694,0,0.98509413
1349,Pass,0,0.99786335,0.2164896,0,0.95508415
1350,Pass,0,0.99248284,0.4013353,0,0.911931
1351,Pass,0,0.9248007,0.8513978,0,0.7635217
1352,Pass,0,0.99999595,0.05369715,0,0.99084795
1353,Pass,0,0.99998736,0.10325117,0,0.98057437
1354,Pass,0,0.9999932,0.08224843,0,0.9849308
1355,Pass,0,0.9981192,0.11584,0,0.97613955
1356,Pass,0,0.97636956,3.1335168,0,0.34452313
1357,Pass,0,0.9998909,0.09253044,0,0.98270035
1358,Pass,0,0.9999933,0.10240568,0,0.9807553
1359,Pass,0,0.78651595,1.02782,0,0.6206087
1360,Pass,0,0.46397167,0.45590183,0,0.42107028
1361,Pass,0,0.99576604,0.4269397,0,0.9096662
1362,Pass,0,0.99939775,0.2972904,0,0.93982476
1363,Pass,0,0.9999993,0.0725334,0,0.98694927
1364,Pass,0,0.9950832,0.0448555,0,0.98780274
1365,Pass,0,0.9994892,0.2612184,0,0.94737935
1366,Pass,0,0.99876994,0.413952,0,0.9150975
1367,Pass,0,0.47973412,1.269216,0,0.35454985
1368,Pass,0,0.9092043,0.47788653,0,0.8209936
1369,Pass,0,0.99996185,0.11469992,0,0.9781778
1370,Pass,0,0.9999851,0.18434066,0,0.96377456
1371,Pass,0,0.99999166,0.042820327,0,0.9930968
1372,Pass,0,0.9999974,0.094694585,0,0.9823567
1373,Pass,0,0.9997633,0.23645133,0,0.95276856
1374,Pass,0,0.8627801,0.65519536,0,0.74738365
1375,Pass,0,0.99999917,0.07865379,0,0.9856813
1376,Pass,0,0.99998057,0.061280362,0,0.9892618
1377,Pass,0,0.88520193,0.80438054,0,0.7394503
1378,Pass,0,0.99999607,0.10696012,0,0.9798145
1379,Pass,0,0.9999814,0.0678148,0,0.9879091
1380,Pass,0,0.9997216,0.25719747,0,0.9484324
1381,Pass,0,0.914492,1.1793247,0,0.6928887
1382,Pass,0,0.9825251,0.2930605,0,0.9248188
1383,Pass,0,0.9993942,0.14132479,0,0.9721104
1384,Pass,0,0.9997812,0.2451954,0,0.9509746
1385,Pass,0,0.9991794,0.28112036,0,0.9429664
1386,Pass,0,0.99898773,0.09166108,0,0.9819926
1387,Pass,0,0.9999244,0.18117703,0,0.9643714
1388,Pass,0,0.24686825,1.6131899,0,0.16485864
1389,Pass,0,0.5950355,1.1830745,0,0.45038193
1390,Pass,0,0.9997136,0.08698297,0,0.98367494
1391,Pass,0,0.9999964,0.110100195,0,0.9791644
1392,Pass,0,0.99995315,0.23132156,0,0.95401204
1393,Pass,0,0.9994512,0.38155323,0,0.9224295
1394,Pass,0,0.9951715,0.44846436,0,0.9046857
1395,Pass,0,0.9980506,0.2819688,0,0.9417257
1396,Pass,0,0.64650303,0.69947875,0,0.5541029
1397,Pass,0,0.9895864,0.4579747,0,0.8976589
1398,Pass,0,0.9997565,0.3099054,0,0.9375496
1399,Pass,0,0.68143314,1.19419,0,0.5142072
1400,Pass,0,0.99851674,0.35807347,0,0.92642367
1401,Pass,0,0.9792524,0.31856024,0,0.91656566
1402,Pass,0,0.38572684,1.8440317,0,0.2391432
1403,Pass,0,0.27868086,1.2463231,0,0.20728204
1404,Pass,0,0.32101768,0.99614024,0,0.25540906
1405,Pass,0,0.99943763,0.025783991,0,0.9960738
1406,Pass,0,0.9999143,0.14929795,0,0.97096485
1407,Pass,0,0.99349385,0.5107841,0,0.89033496
1408,Pass,0,0.99287766,0.5568255,0,0.8803131
1409,Pass,0,0.9998227,0.26258832,0,0.9474117
1410,Pass,0,0.9939628,0.39488044,0,0.9146199
1411,Pass,0,0.9989956,0.41740218,0,0.91459024
1412,Pass,0,0.9992576,0.2870904,0,0.9418044
1413,Pass,0,0.98922986,0.26048237,0,0.9378057
1414,Pass,0,0.99998283,0.09713925,0,0.98183596
1415,Pass,0,0.86141056,0.35501304,0,0.79976267
1416,Pass,0,0.9999999,0.060085442,0,0.9895285
1417,Pass,0,0.99999964,0.1325375,0,0.97451967
1418,Pass,0,0.9999988,0.04338303,0,0.99298733
1419,Pass,0,0.99998355,0.27866766,0,0.94423336
1420,Pass,0,0.9999995,0.11900689,0,0.97732246
1421,Pass,0,0.9999223,0.38901672,0,0.9213183
1422,Pass,0,0.58553374,0.6178081,0,0.51175374
1423,Pass,0,0.99391997,0.33670548,0,0.92655826
1424,Pass,0,0.99998415,0.1263196,0,0.9757926
1425,Pass,0,0.99217814,0.6377596,0,0.8630584
1426,Pass,0,0.99185747,0.26327053,0,0.93972385
1427,Pass,0,0.99995196,0.16408771,0,0.9679378
1428,Pass,0,0.37718022,1.2459015,0,0.28057855
1429,Pass,0,0.999992,0.0748822,0,0.98645556
1430,Pass,0,0.9678252,0.71093947,0,0.82720304
1431,Pass,0,0.9999875,0.08504958,0,0.9843449
1432,Pass,0,0.9942801,0.20495935,0,0.9540294
1433,Pass,0,0.9940248,0.38045794,0,0.91764677
1434,Pass,0,0.99997985,0.15574254,0,0.9696935
1435,Pass,0,0.9974331,0.37677306,0,0.92155457
1436,Pass,0,0.99998,0.051174827,0,0.9913546
1437,Pass,0,0.9999994,0.03753495,0,0.9941994
1438,Pass,0,0.99835485,0.17020774,0,0.9651262
1439,Pass,0,0.9988978,0.4367638,0,0.9104943
1440,Pass,0,0.9603669,0.73967344,0,0.81511205
1441,Pass,0,0.8581386,0.65971607,0,0.7425594
1442,Pass,0,0.4039531,1.6917561,0,0.2631855
1443,Pass,0,0.9845762,0.105593234,0,0.9649847
1444,Pass,0,0.9945886,0.29626518,0,0.9355135
1445,Pass,0,0.99998045,0.19429153,0,0.9617088
1446,Pass,0,0.98865706,1.3394567,0,0.7162864
1447,Pass,0,0.9999987,0.13075823,0,0.9748874
1448,Pass,0,0.9997466,0.11232028,0,0.97846013
1449,Pass,0,0.9999988,0.26906723,0,0.9462365
1450,Pass,0,0.99999666,0.14410795,0,0.97212
1451,Pass,0,0.99979275,0.21927002,0,0.956355
1452,Pass,0,0.99973553,0.21694389,0,0.956782
1453,Pass,0,0.9975556,0.19180275,0,0.959891
1454,Pass,0,0.99999976,0.055730272,0,0.99043053
1455,Pass,0,0.99936694,0.092200786,0,0.9822537
1456,Pass,0,0.99728084,0.46124157,0,0.9039636
1457,Pass,0,0.9999989,0.10595164,0,0.98002625
1458,Pass,0,0.99998355,0.23658662,0,0.95295036
1459,Pass,0,0.9999765,0.046826612,0,0.9922519
1460,Pass,0,0.99997747,0.12207291,0,0.9766658
1461,Pass,0,0.99999726,0.13594176,0,0.97381216
1462,Pass,0,0.9995641,0.08118656,0,0.9847281
1463,Pass,0,0.9999982,0.093416795,0,0.9826222
1464,Pass,0,0.9927059,0.60622084,0,0.8700031
1465,Pass,0,0.96064657,0.23529491,0,0.91572064
1466,Pass,0,0.9999316,0.11580532,0,0.9779192
1467,Pass,0,0.99214584,0.68008846,0,0.85433066
1468,Pass,0,0.36622208,0.8301134,0,0.30397013
1469,Pass,0,0.98844004,0.42109162,0,0.9041711
1470,Pass,0,0.9998653,0.19581178,0,0.96128315
1471,Pass,0,0.99995553,0.47169578,0,0.9042225
1472,Pass,0,0.99883264,0.21106245,0,0.95713484
1473,Pass,0,0.994635,0.601481,0,0.87267035
1474,Pass,0,0.9999523,0.08679721,0,0.9839483
1475,Pass,0,1.0,0.056711853,0,0.99022746
1476,Pass,0,0.9998697,0.25748277,0,0.94851375
1477,Pass,0,0.9795364,0.42075294,0,0.8960953
1478,Pass,0,0.9998753,0.19782408,0,0.960876
1479,Pass,0,0.99942636,0.32585645,0,0.9339376
1480,Pass,0,0.99999857,0.102808736,0,0.98067695
1481,Pass,0,0.81896544,0.5751347,0,0.7230115
1482,Pass,0,0.9998971,0.04290834,0,0.9929847
1483,Pass,0,0.99550074,0.20781837,0,0.954611
1484,Pass,0,0.83539885,1.0730437,0,0.6513541
1485,Pass,0,0.99996924,0.16215836,0,0.9683542
1486,Pass,0,0.8095432,0.8661692,0,0.6658872
1487,Pass,0,0.99990726,0.26926976,0,0.9461079
1488,Pass,0,0.2370723,1.2259698,0,0.17733327
1489,Pass,0,0.41177914,1.0328541,0,0.32448927
1490,Pass,0,0.92912585,0.42757708,0,0.8486654
1491,Pass,0,0.9644444,0.40963483,0,0.8845101
1492,Pass,0,0.99991536,0.11146964,0,0.9788014
1493,Pass,0,0.996512,0.42419273,0,0.9109147
1494,Pass,0,0.9988236,0.254686,0,0.94810003
1495,Pass,0,0.9999987,0.08748809,0,0.9838508
1496,Pass,0,0.99733245,0.5088889,0,0.89416647
1497,Pass,0,0.7752614,0.25454298,0,0.73591405
1498,Pass,0,0.99748766,0.1963232,0,0.9588916
1499,Pass,0,0.99777716,0.10482647,0,0.97808146
1500,Pass,0,0.9725802,0.7081073,0,0.8318378
1501,Pass,0,1.0,0.07596156,0,0.98623985
1502,Pass,0,0.914125,1.1350106,0,0.7010021
1503,Pass,0,0.99999976,0.05776045,0,0.99001
1504,Pass,0,0.8069023,1.1992387,0,0.6080419
1505,Pass,0,0.9264286,1.8453149,0,0.57412165
1506,Pass,0,0.9976108,0.29869518,0,0.93785405
1507,Pass,0,1.0,0.110959105,0,0.97899
1508,Pass,0,0.99303013,0.106374495,0,0.9731097
1509,Pass,0,0.9999981,0.05872985,0,0.98980755
1510,Pass,0,0.9992281,0.34434834,0,0.92992467
1511,Pass,0,0.9999708,0.160428,0,0.9687141
1512,Pass,0,0.48879832,0.8051783,0,0.4082352
1513,Pass,0,0.99991035,0.41408578,0,0.9161146
1514,Pass,0,0.6422593,0.54673547,0,0.5707875
1515,Pass,0,0.99999905,0.06718185,0,0.9880576
1516,Pass,0,0.8764656,0.6876344,0,0.75334907
1517,Pass,0,0.99417466,0.3971888,0,0.9143394
1518,Pass,0,0.99990547,0.090422295,0,0.9831514
1519,Pass,0,0.99999714,0.18724045,0,0.9631855
1520,Pass,0,0.9999863,0.1926235,0,0.9620599
1521,Pass,0,0.9991924,0.18546821,0,0.9627772
1522,Pass,0,0.99998045,0.14554185,0,0.9718071
1523,Pass,0,0.25769314,2.0665185,0,0.14788806
1524,Pass,0,0.96155745,0.5097364,0,0.86192334
1525,Pass,0,0.99989915,0.099833556,0,0.98119575
1526,Pass,0,0.69958025,0.83677924,0,0.57969666
1527,Pass,0,0.9986457,0.44153604,0,0.90927726
1528,Pass,0,0.99948466,0.114859305,0,0.977678
1529,Pass,0,0.99999917,0.038629644,0,0.99397236
1530,Pass,0,0.9998642,0.11665401,0,0.9776776
1531,Pass,0,0.99999964,0.06267106,0,0.98899263
1532,Pass,0,0.999925,0.15526944,0,0.96973836
1533,Pass,0,0.99963486,0.053414587,0,0.9905487
1534,Pass,0,0.99999094,0.14896835,0,0.97110754
1535,Pass,0,0.38996652,1.138323,0,0.29878053
1536,Pass,0,0.99924624,0.47357476,0,0.9031922
1537,Pass,0,0.9999913,0.20121454,0,0.9602851
1538,Pass,0,0.9999994,0.092648104,0,0.9827826
1539,Pass,0,0.9999999,0.026062854,0,0.9965763
1540,Pass,0,0.99934584,0.32932314,0,0.9331447
1541,Pass,0,0.99997056,0.15083225,0,0.97070163
1542,Pass,0,0.9996332,0.101694606,0,0.98054934
1543,Pass,0,0.9722763,1.2188703,0,0.72870564
1544,Pass,0,0.97700447,0.27971137,0,0.9223241
1545,Pass,0,0.9918447,0.28163975,0,0.9359376
1546,Pass,0,0.99993944,0.21367359,0,0.95765454
1547,Pass,0,0.9999739,0.12403766,0,0.9762553
1548,Pass,0,0.6824039,0.33365756,0,0.6365857
1549,Pass,0,0.95970744,0.48752022,0,0.86468166
1550,Pass,0,0.9892145,0.51714176,0,0.8851971
1551,Pass,0,0.9993955,0.19129945,0,0.96176565
1552,Pass,0,1.0,0.04234168,0,0.99320424
1553,Pass,0,0.99468035,0.28517726,0,0.9378845
1554,Pass,0,0.9999602,0.117080666,0,0.977683
1555,Pass,0,0.9977102,0.29103306,0,0.9395311
1556,Pass,0,0.41733405,0.6881776,0,0.35866445
1557,Pass,0,0.99973255,0.048026476,0,0.9917613
1558,Pass,0,0.9744846,0.4665363,0,0.88223165
1559,Pass,0,0.9999336,0.02955128,0,0.99578774
1560,Pass,0,0.9997633,0.15686926,0,0.9692502
1561,Pass,0,0.999838,0.2471764,0,0.9506183
1562,Pass,0,0.9874232,0.5260797,0,0.88176596
1563,Pass,0,0.99995387,0.14600955,0,0.97168446
1564,Pass,0,0.99998164,0.080730006,0,0.98523396
1565,Pass,0,0.9999963,0.13414243,0,0.974184
1566,Pass,0,0.9999738,0.033913963,0,0.99492395
1567,Pass,0,0.79325557,0.7533511,0,0.6710286
1568,Pass,0,0.9999589,0.2484565,0,0.95046806
1569,Pass,0,0.4722825,1.6449363,0,0.31228438
1570,Pass,0,0.94868267,0.27379867,0,0.8967494
1571,Pass,0,0.9997682,0.07362059,0,0.9864961
1572,Pass,0,0.95731527,0.31599432,0,0.8965416
1573,Pass,0,0.9997867,0.15042622,0,0.9706072
1574,Pass,0,0.9995913,0.16000415,0,0.9684343
1575,Pass,0,0.9979091,0.25679377,0,0.94679636
1576,Pass,0,0.99979645,0.21367712,0,0.95751685
1577,Pass,0,0.95133126,1.6570832,0,0.626649
1578,Pass,0,0.99843556,0.29397103,0,0.93960655
1579,Pass,0,0.39338014,0.78316814,0,0.3303373
1580,Pass,0,0.99999905,0.028749371,0,0.996019
1581,Pass,0,0.9996873,0.34615406,0,0.9299781
1582,Pass,0,0.77942085,0.6359239,0,0.67828524
1583,Pass,0,0.9695905,0.61903805,0,0.8471705
1584,Pass,0,0.99966717,0.2273774,0,0.9545559
1585,Pass,0,0.99811447,0.43979576,0,0.90915346
1586,Pass,0,0.99990916,0.1367605,0,0.97355676
1587,Pass,0,0.73326975,2.369593,0,0.37478128
1588,Pass,0,0.9996444,0.11969334,0,0.9768332
1589,Pass,0,0.48959458,1.3665707,0,0.35196352
1590,Pass,0,0.9999186,0.53270864,0,0.8915512
1591,Pass,0,0.91800904,0.27493474,0,0.86753887
1592,Pass,0,0.9998565,0.12060255,0,0.9768521
1593,Pass,0,0.9556055,0.44031858,0,0.87032974
1594,Pass,0,0.9999802,0.08674438,0,0.9839867
1595,Pass,0,0.9999597,0.13949375,0,0.9730398
1596,Pass,0,0.9999951,0.13688949,0,0.97361374
1597,Pass,0,0.9615495,0.45899013,0,0.8720242
1598,Pass,0,0.21617073,0.67863363,0,0.18620843
1599,Pass,0,0.99999774,0.14475939,0,0.97198606
1600,Pass,0,0.99914217,0.2671865,0,0.9458152
1601,Pass,0,0.9999021,0.17553185,0,0.96551913
1602,Pass,0,0.99992454,0.13899282,0,0.97310936
1603,Pass,0,0.99919766,0.14278822,0,0.9716164
1604,Pass,0,0.62006754,0.54290676,0,0.55155706
1605,Pass,0,0.9535515,2.8929977,0,0.3839812
1606,Pass,0,0.9994855,0.11697334,0,0.9772411
1607,Pass,0,0.99819654,0.5083585,0,0.8950509
1608,Pass,0,0.99866235,0.3690786,0,0.924282
1609,Pass,0,0.9999939,0.088936515,0,0.9835461
1610,Pass,0,0.9861681,0.32016155,0,0.92271143
1611,Pass,0,0.99999595,0.096975096,0,0.98188287
1612,Pass,0,0.99944645,0.19366726,0,0.96132445
1613,Pass,0,0.52249104,1.079688,0,0.40666315
1614,Pass,0,0.98803395,1.910452,0,0.59896755
1615,Pass,0,0.50465107,1.0608534,0,0.39474696
1616,Pass,0,0.99945897,0.37314394,0,0.9241777
1617,Pass,0,0.99995995,0.13255028,0,0.97447836
1618,Pass,0,0.3729093,0.6994094,0,0.31961736
1619,Pass,0,0.9996458,0.21266353,0,0.9575825
1620,Pass,0,0.9993687,0.46196523,0,0.90570635
1621,Pass,0,0.99999475,0.12057348,0,0.97699326
1622,Pass,0,0.68841463,1.172665,0,0.522545
1623,Pass,0,0.5402896,0.8198654,0,0.44959587
1624,Pass,0,0.9996964,0.1417146,0,0.97232366
1625,Pass,0,0.9999335,0.11703245,0,0.9776669
1626,Pass,0,0.9996877,0.051036544,0,0.99109346
1627,Pass,0,0.36324003,0.9344905,0,0.29364106
1628,Pass,0,0.9999316,0.15690844,0,0.9694052
1629,Pass,0,0.99951005,0.18633455,0,0.96290386
1630,Pass,0,0.9967623,0.44706553,0,0.90642065
1631,Pass,0,0.7902181,0.7240575,0,0.6732544
1632,Pass,0,0.9998447,0.2736786,0,0.9451356
1633,Pass,0,0.5202879,1.40352,0,0.3700462
1634,Pass,0,0.7324417,0.6896748,0,0.62924653
1635,Pass,0,0.99481755,0.2531048,0,0.9446233
1636,Pass,0,0.99999833,0.21734816,0,0.9569497
1637,Pass,0,0.662643,2.0043926,0,0.38881353
1638,Pass,0,0.9926986,0.09526285,0,0.9750698
1639,Pass,0,0.99959356,0.24613585,0,0.9506014
1640,Pass,0,0.9999908,0.20228755,0,0.9600623
1641,Pass,0,0.9817583,0.8032275,0,0.8203428
1642,Pass,0,0.41912943,0.95947057,0,0.33665285
1643,Pass,0,0.9998994,0.16806567,0,0.96706295
1644,Pass,0,0.99998,0.21076031,0,0.95829684
1645,Pass,0,0.9999995,0.055138756,0,0.99055284
1646,Pass,0,0.99409455,0.36508438,0,0.920877
1647,Pass,0,0.36977914,1.540119,0,0.2525358
1648,Pass,0,0.9999341,0.15161565,0,0.970504
1649,Pass,0,0.9999906,0.01928724,0,0.99797064
1650,Pass,0,0.99996257,0.2170591,0,0.9569754
1651,Pass,0,0.99927276,0.34226602,0,0.9303973
1652,Pass,0,0.9996885,0.30401778,0,0.9387051
1653,Pass,0,0.9965773,0.68764716,0,0.8565861
1654,Pass,0,0.99995196,0.102002725,0,0.98079824
1655,Pass,0,1.0,0.0974976,0,0.9817786
1656,Pass,0,0.5463181,0.68582356,0,0.4697821
1657,Pass,0,0.93360376,0.73030597,0,0.79420847
1658,Pass,0,0.99990284,0.5151032,0,0.89518386
1659,Pass,0,0.5671293,1.009571,0,0.44964328
1660,Pass,0,0.99999404,0.07977082,0,0.98544484
1661,Pass,0,0.9993487,0.28364083,0,0.94260436
1662,Pass,0,0.9999583,0.05559202,0,0.99041814
1663,Pass,0,0.9999907,0.064444356,0,0.98861647
1664,Pass,0,0.9946456,0.43881598,0,0.9061956
1665,Pass,0,0.9999987,0.064948015,0,0.98852
1666,Pass,0,0.9998661,0.23476996,0,0.95321476
1667,Pass,0,0.9993505,0.13585784,0,0.97319967
1668,Pass,0,0.99906176,0.11932465,0,0.9763402
1669,Pass,0,0.9976822,0.13299067,0,0.9721676
1670,Pass,0,0.9997837,0.048452746,0,0.9917238
1671,Pass,0,0.54678893,0.56760895,0,0.48357695
1672,Pass,0,0.30479443,0.5588032,0,0.2701144
1673,Pass,0,0.9999943,0.12468154,0,0.9761418
1674,Pass,0,0.98717505,0.39324215,0,0.90870905
1675,Pass,0,0.962589,0.4984025,0,0.865108
1676,Pass,0,0.9996202,0.49445218,0,0.89920706
1677,Pass,0,0.9950118,0.2900436,0,0.937194
1678,Pass,0,0.9874978,0.30423397,0,0.92721385
1679,Pass,0,0.99256116,0.34065303,0,0.9244799
1680,Pass,0,0.9990195,0.20716918,0,0.9581196
1681,Pass,0,0.9679294,0.5424418,0,0.8610773
1682,Pass,0,0.9996929,0.18960696,0,0.96240234
1683,Pass,0,0.99961036,0.086788185,0,0.9836137
1684,Pass,0,0.999969,0.2053681,0,0.9594033
1685,Pass,0,0.9924676,0.42769426,0,0.90649784
1686,Pass,0,0.99999,0.09916514,0,0.9814233
1687,Pass,0,0.9995372,0.04858015,0,0.99145293
1688,Pass,0,0.9999999,0.09216538,0,0.9828831
1689,Pass,0,0.98834103,0.3240085,0,0.92395693
1690,Pass,0,0.49825788,0.9842871,0,0.3976489
1691,Pass,0,0.99846554,0.13231559,0,0.97307056
1692,Pass,0,0.75215685,0.88137835,0,0.6163145
1693,Pass,0,0.9999938,0.07077026,0,0.9873091
1694,Pass,0,0.9994066,0.186795,0,0.9627089
1695,Pass,0,0.6251818,0.74529785,0,0.52989507
1696,Pass,0,0.99999154,0.121919185,0,0.97671133
1697,Pass,0,0.9952041,0.43992913,0,0.90647495
1698,Pass,0,0.9999814,0.12365912,0,0.976341
1699,Pass,0,0.9907198,0.40400073,0,0.90976405
1700,Pass,0,1.0,0.0308919,0,0.9955761
1701,Pass,0,0.99994326,0.12127477,0,0.9767977
1702,Pass,0,0.99999416,0.2091529,0,0.9586434
1703,Pass,0,0.99922955,0.6318494,0,0.87041545
1704,Pass,0,0.94482744,0.6328623,0,0.8228283
1705,Pass,0,0.9972241,0.2961984,0,0.93800634
1706,Pass,0,0.8423132,0.72826874,0,0.7169038
1707,Pass,0,0.99960023,0.24092036,0,0.9516877
1708,Pass,0,0.99883014,0.32360837,0,0.9338456
1709,Pass,0,0.98072654,0.40204138,0,0.90098536
1710,Pass,0,0.99974746,0.2463766,0,0.9506979
1711,Pass,0,0.9436291,0.66607046,0,0.8152933
1712,Pass,0,0.9999269,0.29911926,0,0.9399436
1713,Pass,0,0.9995864,0.14038427,0,0.97249216
1714,Pass,0,0.5017588,0.6524616,0,0.43493295
1715,Pass,0,0.9918732,0.4950351,0,0.89211845
1716,Pass,0,0.9998807,0.06268412,0,0.9888723
1717,Pass,0,0.9788745,0.53524524,0,0.8722735
1718,Pass,0,0.99998593,0.092123635,0,0.982878
1719,Pass,0,0.999572,0.12849087,0,0.97494084
1720,Pass,0,0.9995419,0.33197498,0,0.93277866
1721,Pass,0,0.9995989,0.411583,0,0.9163475
1722,Pass,0,0.8862017,0.60245067,0,0.77735543
1723,Pass,0,0.8736162,0.79743075,0,0.7310299
1724,Pass,0,0.96174157,0.82869434,0,0.79854345
1725,Pass,0,0.99225616,0.47516587,0,0.896547
1726,Pass,0,0.9999267,0.17182718,0,0.9663102
1727,Pass,0,0.99998856,0.14173898,0,0.9726028
1728,Pass,0,0.99995387,0.14608046,0,0.97166973
1729,Pass,0,0.9999987,0.046183053,0,0.9924072
1730,Pass,0,0.75078034,1.069507,0,0.5859278
1731,Pass,0,0.87605804,1.2502722,0,0.65089285
1732,Pass,0,0.9999989,0.05755713,0,0.99005127
1733,Pass,0,0.9999881,0.09078209,0,0.983158
1734,Pass,0,0.95029086,1.5490421,0,0.64723206
1735,Pass,0,0.7248829,0.90861875,0,0.5898759
1736,Pass,0,0.99985135,0.4947335,0,0.8993567
1737,Pass,0,0.997996,0.5731018,0,0.88148624
1738,Pass,0,0.9981079,0.5729784,0,0.8816106
1739,Pass,0,0.9999964,0.07518808,0,0.98639655
1740,Pass,0,0.34528312,0.78082514,0,0.29011586
1741,Pass,0,0.99992526,0.085215345,0,0.98424935
1742,Pass,0,0.99999964,0.13224563,0,0.9745801
1743,Pass,0,0.99996364,0.08238373,0,0.98487365
1744,Pass,0,0.97645277,0.5311007,0,0.8709538
1745,Pass,0,0.5194703,1.6864648,0,0.3390172
1746,Pass,0,0.9999999,0.0931054,0,0.98268837
1747,Pass,0,0.99999726,0.043457,0,0.99297047
1748,Pass,0,0.9992993,0.10838136,0,0.97883767
1749,Pass,0,0.99999046,0.13089082,0,0.97485185
1750,Pass,0,0.9997273,0.14691827,0,0.9712761
1751,Pass,0,0.99968517,0.044534635,0,0.9924374
1752,Pass,0,0.99992,0.1537689,0,0.9700443
1753,Pass,0,0.958341,0.43819,0,0.8732437
1754,Pass,0,0.99523866,0.28179035,0,0.9391092
1755,Pass,0,0.7760228,0.7217981,0,0.6615234
1756,Pass,0,0.9997955,0.17424951,0,0.9656818
1757,Pass,0,0.99859613,0.26739573,0,0.945255
1758,Pass,0,0.9999852,0.23004308,0,0.95430744
1759,Pass,0,0.5748241,0.89254445,0,0.46967906
1760,Pass,0,0.9987709,0.521252,0,0.89289826
1761,Pass,0,0.99999416,0.12428222,0,0.9762244
1762,Pass,0,0.9998338,0.49773523,0,0.89871925
1763,Pass,0,0.9998292,0.042428143,0,0.9930167
1764,Pass,0,0.9637849,0.265716,0,0.9126386
1765,Pass,0,0.9630131,0.5212704,0,0.8609272
1766,Pass,0,0.9993616,0.4740048,0,0.9032074
1767,Pass,0,0.99998343,0.11628932,0,0.97786963
1768,Pass,0,0.9998449,0.17970173,0,0.96460027
1769,Pass,0,0.99862003,0.18976527,0,0.96133673
1770,Pass,0,0.9968059,0.40953645,0,0.9142097
1771,Pass,0,0.9999509,0.22350965,0,0.95562804
1772,Pass,0,0.5330647,0.67573494,0,0.45949948
1773,Pass,0,0.95243937,0.79387885,0,0.79768884
1774,Pass,0,0.99350125,0.52287173,0,0.88785386
1775,Pass,0,0.99879575,0.32421076,0,0.9336888
1776,Pass,0,0.9999262,0.21451074,0,0.95746845
1777,Pass,0,0.93437266,0.71137714,0,0.79852635
1778,Pass,0,1.0,0.035361636,0,0.9946502
1779,Pass,0,0.6530658,0.2341089,0,0.6226847
1780,Pass,0,0.9999291,0.058457848,0,0.98979557
1781,Pass,0,0.9656872,1.0416232,0,0.7592244
1782,Pass,0,0.99942636,0.11778284,0,0.97701573
1783,Pass,0,0.99999654,0.11256586,0,0.9786538
1784,Pass,0,0.99998605,0.23879571,0,0.95249516
1785,Pass,0,0.9998061,0.26629677,0,0.946628
1786,Pass,0,0.9993568,0.2507521,0,0.9494206
1787,Pass,0,0.894533,0.9494785,0,0.7203577
1788,Pass,0,0.5940707,0.20211361,0,0.5703715
1789,Pass,0,0.99719185,0.40880087,0,0.91471565
1790,Pass,0,0.99998593,0.0787926,0,0.9856395
1791,Pass,0,0.99717796,0.6678808,0,0.8611855
1792,Pass,0,0.9998555,0.44826955,0,0.9089842
1793,Pass,0,0.99948066,0.23282829,0,0.9532493
1794,Pass,0,0.5264423,1.0461681,0,0.4133939
1795,Pass,0,0.39877915,1.1175452,0,0.3072489
1796,Pass,0,0.9994966,0.064149484,0,0.98818904
1797,Pass,0,0.9999758,0.19188942,0,0.96220183
1798,Pass,0,0.24299158,1.2379379,0,0.18115853
1799,Pass,0,0.9994861,0.18821467,0,0.9624915
1800,Pass,0,0.894686,0.5474515,0,0.79499096
1801,Pass,0,0.9965251,0.4260099,0,0.9105516
1802,Pass,0,0.97791183,0.7250421,0,0.8329672
1803,Pass,0,0.9756737,0.33745968,0,0.9093962
1804,Pass,0,0.9999211,0.19957428,0,0.9605574
1805,Pass,0,0.9983948,0.05606921,0,0.98877084
1806,Pass,0,0.84754354,0.63972396,0,0.7369013
1807,Pass,0,0.20489646,2.2991722,0,0.10771355
1808,Pass,0,0.9999931,0.07137323,0,0.98718345
1809,Pass,0,0.9998677,0.15160134,0,0.9704425
1810,Pass,0,0.7090569,1.0671614,0,0.5537102
1811,Pass,0,0.99998546,0.08459903,0,0.9844363
1812,Pass,0,0.99999976,0.14164475,0,0.9726332
1813,Pass,0,0.9999927,0.23703618,0,0.952866
1814,Pass,0,0.99994874,0.1350939,0,0.9739405
1815,Pass,0,0.98239684,0.4589554,0,0.8909376
1816,Pass,0,0.99998975,0.2043819,0,0.9596275
1817,Pass,0,0.973011,0.3393829,0,0.90652674
1818,Pass,0,0.9480485,0.5068208,0,0.85038674
1819,Pass,0,0.9987509,0.23653603,0,0.95178616
1820,Pass,0,0.9996711,0.3337924,0,0.9325229
1821,Pass,0,0.99995697,0.07825684,0,0.98572195
1822,Pass,0,0.99993145,0.123702936,0,0.9762832
1823,Pass,0,0.99268746,0.64321935,0,0.8623787
1824,Pass,0,0.9999927,0.027727172,0,0.9962244
1825,Pass,0,0.49479067,0.65353,0,0.42878336
1826,Pass,0,0.9999958,0.14460862,0,0.97201544
1827,Pass,0,0.9995684,0.10923464,0,0.97892463
1828,Pass,0,0.56434035,0.68727803,0,0.4851095
1829,Pass,0,0.9999968,0.10012991,0,0.98123014
1830,Pass,0,0.99872655,0.105509736,0,0.97887075
1831,Pass,0,0.99991846,0.3222649,0,0.9351414
1832,Pass,0,0.99989426,0.33271012,0,0.9329552
1833,Pass,0,0.90838385,0.5816891,0,0.80071986
1834,Pass,0,0.27730194,1.7239006,0,0.17882262
1835,Pass,0,0.9950099,0.3963039,0,0.91529006
1836,Pass,0,0.99927455,0.47218502,0,0.90350544
1837,Pass,0,0.9998528,0.45452583,0,0.9076859
1838,Pass,0,0.9998136,0.05667417,0,0.99005073
1839,Pass,0,0.988761,0.4484353,0,0.8988641
1840,Pass,0,0.9999558,0.13391073,0,0.97419244
1841,Pass,0,0.99986625,0.1969235,0,0.9610538
1842,Pass,0,0.99998784,0.110196546,0,0.9791361
1843,Pass,0,0.9999988,0.09857982,0,0.98155326
1844,Pass,0,0.99999213,0.09772686,0,0.98172337
1845,Pass,0,0.9982521,0.31271014,0,0.9355588
1846,Pass,0,0.48861974,1.1000448,0,0.37824005
1847,Pass,0,0.9015737,0.44114763,0,0.82096475
1848,Pass,0,0.99986804,0.29375485,0,0.9409993
1849,Pass,0,0.94478744,0.5999636,0,0.8292322
1850,Pass,0,0.3486859,1.3460904,0,0.25214532
1851,Pass,0,0.9999975,0.13952267,0,0.97307056
1852,Pass,0,0.9999908,0.10268622,0,0.9806948
1853,Pass,0,0.6527019,0.6227759,0,0.56978667
1854,Pass,0,0.99999833,0.058910962,0,0.98977023
1855,Pass,0,0.8614046,0.7859932,0,0.72285235
1856,Pass,0,0.5820967,0.55641323,0,0.5161529
1857,Pass,0,0.99999917,0.09322985,0,0.98266184
1858,Pass,0,0.99993694,0.17932987,0,0.964766
1859,Pass,0,0.77204305,1.1071897,0,0.5964951
1860,Pass,0,0.9997663,0.28543803,0,0.94262606
1861,Pass,0,0.99916625,0.3113648,0,0.936694
1862,Pass,0,0.9987533,0.40623075,0,0.91667974
1863,Pass,0,0.99998,0.06031764,0,0.9894607
1864,Pass,0,0.9982456,0.10921235,0,0.9776337
1865,Pass,0,0.99999976,0.093879364,0,0.9825279
1866,Pass,0,0.9999373,0.17545599,0,0.96556884
1867,Pass,0,0.9999945,0.110145256,0,0.9791533
1868,Pass,0,0.98836297,0.6959402,0,0.84782773
1869,Pass,0,0.99999833,0.13583821,0,0.9738347
1870,Pass,0,0.99704915,0.6353246,0,0.8677984
1871,Pass,0,0.63030434,0.72870576,0,0.53640324
1872,Pass,0,0.9999962,0.32017276,0,0.9356474
1873,Pass,0,0.9938911,0.5946291,0,0.8734284
1874,Pass,0,0.99661994,0.37815335,0,0.9205183
1875,Pass,0,0.9948383,0.3311486,0,0.92855954
1876,Pass,0,0.9996056,0.095601745,0,0.981784
1877,Pass,0,0.99998367,0.040026005,0,0.9936677
1878,Pass,0,0.9998609,0.20621131,0,0.9591249
1879,Pass,0,0.9999733,0.12618615,0,0.9758097
1880,Pass,0,0.9991714,0.62490404,0,0.87180233
1881,Pass,0,0.85116714,0.5456188,0,0.75664455
1882,Pass,0,0.99999857,0.07260242,0,0.98693424
1883,Pass,0,0.9999304,0.28257468,0,0.94337386
1884,Pass,0,0.7550565,0.67778045,0,0.65053546
1885,Pass,0,0.999918,0.22969796,0,0.95431477
1886,Pass,0,0.9981622,0.2505238,0,0.9483329
1887,Pass,0,0.99980193,0.23412628,0,0.9532869
1888,Pass,0,0.9999883,0.118489325,0,0.97741866
1889,Pass,0,0.97747374,0.1652339,0,0.9459472
1890,Pass,0,0.9979323,0.16203512,0,0.9664072
1891,Pass,0,0.9251491,0.63919204,0,0.8044778
1892,Pass,0,0.3678172,1.3108683,0,0.26866344
1893,Pass,0,0.6904454,1.5485039,0,0.47033137
1894,Pass,0,0.99931777,0.14109938,0,0.9720828
1895,Pass,0,0.9999993,0.09365007,0,0.98257494
1896,Pass,0,0.9863732,0.4845483,0,0.88931435
1897,Pass,0,0.47431606,0.7136932,0,0.40512878
1898,Pass,0,0.99995804,0.25068486,0,0.9500057
1899,Pass,0,0.99999976,0.093958534,0,0.9825115
1900,Pass,0,0.9999963,0.1137204,0,0.9784144
1901,Pass,0,0.9998797,0.4226193,0,0.91431904
1902,Pass,0,0.99994016,0.04193708,0,0.9932287
1903,Pass,0,0.96526504,0.7183937,0,0.8235244
1904,Pass,0,0.9999329,0.018054701,0,0.99816835
1905,Pass,0,0.93101126,0.66971284,0,0.80368906
1906,Pass,0,0.99999034,0.0710925,0,0.98723894
1907,Pass,0,0.21978867,1.6904317,0,0.1432581
1908,Pass,0,0.2006692,1.4060762,0,0.14261642
1909,Pass,0,0.3457993,1.1776125,0,0.26212648
1910,Pass,0,0.99990475,0.08878174,0,0.9834904
1911,Pass,0,0.99098516,0.4372806,0,0.90317583
1912,Pass,0,0.7821901,0.68181777,0,0.6732588
1913,Pass,0,0.9999902,0.0863609,0,0.984076
1914,Pass,0,0.9999845,0.13717505,0,0.9735443
1915,Pass,0,0.8769376,0.9238939,0,0.710836
1916,Pass,0,0.99993026,0.09087187,0,0.9830826
1917,Pass,0,0.6802471,0.5497272,0,0.60412633
1918,Pass,0,0.9976325,0.3385353,0,0.92964107
1919,Pass,0,0.58447707,1.1619794,0,0.44494435
1920,Pass,0,1.0,0.0315595,0,0.9954378
1921,Pass,0,0.9999778,0.1723885,0,0.96624345
1922,Pass,0,0.9999906,0.17570575,0,0.96556854
1923,Pass,0,1.0,0.07242057,0,0.98697335
1924,Pass,0,0.9996263,0.35525215,0,0.9280373
1925,Pass,0,0.9999958,0.08886306,0,0.9835632
1926,Pass,0,0.999246,0.17203908,0,0.9656086
1927,Pass,0,0.99983704,0.40836996,0,0.9172313
1928,Pass,0,0.9373607,0.376954,0,0.8660169
1929,Pass,0,0.9926442,0.875615,0,0.814554
1930,Pass,0,0.7892322,0.8318743,0,0.6547873
1931,Pass,0,0.9960509,0.55378294,0,0.8837544
1932,Pass,0,0.99998796,0.121785425,0,0.9767356
1933,Pass,0,0.9177507,0.6152736,0,0.8025916
1934,Pass,0,0.99999905,0.12253631,0,0.9765908
1935,Pass,0,0.3660456,0.6571831,0,0.31693643
1936,Pass,0,1.0,0.023921302,0,0.99702007
1937,Pass,0,0.9999988,0.069658436,0,0.98754436
1938,Pass,0,0.9873383,0.49030983,0,0.8890061
1939,Pass,0,0.57467335,1.8202319,0,0.35911962
1940,Pass,0,0.9998092,0.16821228,0,0.9669454
1941,Pass,0,0.99983096,0.20435835,0,0.9594799
1942,Pass,0,0.99999547,0.07914875,0,0.98557514
1943,Pass,0,0.9660918,0.6666862,0,0.83457786
1944,Pass,0,0.99999964,0.08827979,0,0.98368776
1945,Pass,0,0.5433859,1.8667569,0,0.33433074
1946,Pass,0,0.99999714,0.06577799,0,0.9883466
1947,Pass,0,0.99336034,0.28034374,0,0.93763447
1948,Pass,0,0.9995894,0.11979193,0,0.976759
1949,Pass,0,0.9959858,0.24139509,0,0.9481486
1950,Pass,0,0.99950445,0.1839923,0,0.9633834
1951,Pass,0,0.9996642,0.4128039,0,0.91615456
1952,Pass,0,0.98919827,0.43082812,0,0.9028695
1953,Pass,0,0.316274,1.1742965,0,0.23996265
1954,Pass,0,0.99999344,0.09472767,0,0.982346
1955,Pass,0,0.73301244,0.7204794,0,0.62505925
1956,Pass,0,0.99993277,0.13951258,0,0.9730097
1957,Pass,0,0.999522,0.15959913,0,0.96845096
1958,Pass,0,0.998505,0.39468694,0,0.9188395
1959,Pass,0,0.9996805,0.025377298,0,0.99640006
1960,Pass,0,0.99995935,0.157948,0,0.96921676
1961,Pass,0,0.9811443,0.3285975,0,0.9162964
1962,Pass,0,0.9999502,0.23582833,0,0.95307565
1963,Pass,0,0.99646866,0.6542062,0,0.86339563
1964,Pass,0,0.9986198,0.13196366,0,0.97329366
1965,Pass,0,0.5478668,0.6484183,0,0.47535902
1966,Pass,0,0.9597789,0.5614754,0,0.8500423
1967,Pass,0,0.9996754,0.4222007,0,0.9142189
1968,Pass,0,0.99999416,0.08980027,0,0.9833674
1969,Pass,0,0.9926051,0.2028797,0,0.95284975
1970,Pass,0,0.9998746,0.15764312,0,0.9691978
1971,Pass,0,0.98929405,0.45871246,0,0.8972425
1972,Pass,0,0.8835101,0.5451927,0,0.7854738
1973,Pass,0,0.99999666,0.13874857,0,0.9732301
1974,Pass,0,0.99997795,0.16379598,0,0.9680234
1975,Pass,0,0.99512535,0.5041074,0,0.8931734
1976,Pass,0,0.87257725,0.7884162,0,0.73178995
1977,Pass,0,0.6501939,1.8751421,0,0.39891747
1978,Pass,0,0.70051146,1.4197562,0,0.49587122
1979,Pass,0,0.9828787,0.41845226,0,0.89962125
1980,Pass,0,0.9990212,0.50110537,0,0.8972913
1981,Pass,0,0.99992776,0.041295785,0,0.99334913
1982,Pass,0,0.99998176,0.11896872,0,0.977313
1983,Pass,0,0.9999759,0.22723159,0,0.95488095
1984,Pass,0,0.9999975,0.07638875,0,0.9861489
1985,Pass,0,0.9995442,0.22854377,0,0.95419705
1986,Pass,0,0.9999788,0.13176031,0,0.97466034
1987,Pass,0,0.8161471,1.0409739,0,0.6417656
1988,Pass,0,0.99999964,0.18157095,0,0.9643623
1989,Pass,0,0.5884313,0.8307319,0,0.4883319
1990,Pass,0,0.9996125,0.31468233,0,0.9364254
1991,Pass,0,0.9999443,0.23003282,0,0.9542706
1992,Pass,0,0.99999976,0.08972213,0,0.9833891
1993,Pass,0,0.35121903,1.0397832,0,0.2762627
1994,Pass,0,0.99979013,0.22443613,0,0.95528257
1995,Pass,0,0.9994342,0.2691692,0,0.94568115
1996,Pass,0,0.9999999,0.04181209,0,0.99331385
1997,Pass,0,0.9999982,0.09067064,0,0.9831911
1998,Pass,0,0.99999213,0.10975156,0,0.9792325
1999,Pass,0,0.9176034,1.0880796,0,0.7125903
2000,Pass,0,0.99799085,0.15954866,0,0.9669779
2001,Pass,0,0.9999932,0.14533292,0,0.9718628
2002,Pass,0,0.99683267,0.63683826,0,0.8672974
2003,Pass,0,0.9949823,0.34142816,0,0.92657524
2004,Pass,0,0.99884653,0.18499815,0,0.96254116
2005,Pass,0,0.99629253,0.21035016,0,0.95484775
2006,Pass,0,0.99986005,0.11394799,0,0.978234
2007,Pass,0,0.999977,0.26148728,0,0.94778603
2008,Pass,0,0.54268205,0.8228049,0,0.4512563
2009,Pass,0,0.7631266,0.45410606,0,0.6928476
2010,Pass,0,0.71544075,1.1765565,0,0.5424826
2011,Pass,0,0.9793035,0.48033002,0,0.8837961
2012,Pass,0,0.9993728,0.6268991,0,0.87156504
2013,Pass,0,0.99999964,0.060737807,0,0.9893931
2014,Pass,0,0.99998033,0.09766973,0,0.98172367
2015,Pass,0,0.99963653,0.42069694,0,0.9144947
2016,Pass,0,0.9994678,0.02401851,0,0.9964693
2017,Pass,0,0.99999595,0.11169542,0,0.9788335
2018,Pass,0,0.9998165,0.22998048,0,0.9541594
2019,Pass,0,0.9998785,0.26918578,0,0.94609815
2020,Pass,0,0.9999974,0.07950907,0,0.9855024
2021,Pass,0,0.9999807,0.20239845,0,0.96002966
2022,Pass,0,0.9998129,0.02437046,0,0.9967405
2023,Pass,0,0.9999999,0.05744326,0,0.9900758
2024,Pass,0,0.99377406,0.2896557,0,0.936108
2025,Pass,0,0.9862679,0.6106422,0,0.86345756
2026,Pass,0,0.9911187,0.5190756,0,0.8865041
2027,Pass,0,0.9999987,0.17898306,0,0.9648975
2028,Pass,0,0.93923295,1.5696931,0,0.6356827
2029,Pass,0,0.99905616,0.3315005,0,0.93242353
2030,Pass,0,0.998998,0.24807732,0,0.94963324
2031,Pass,0,0.99999976,0.0244301,0,0.99691445
2032,Pass,0,0.99815243,0.30165502,0,0.93775123
2033,Pass,0,0.9999851,0.07845307,0,0.9857091
2034,Pass,0,0.9999795,0.27789137,0,0.9443903
2035,Pass,0,0.9998838,0.26111633,0,0.9477745
2036,Pass,0,0.18848836,0.6772846,0,0.16241564
2037,Pass,0,0.9817068,0.34502104,0,0.9134818
2038,Pass,0,0.67262703,0.64942664,0,0.58346725
2039,Pass,0,0.99997747,0.011676793,0,0.999534
2040,Pass,0,0.9995894,0.12968627,0,0.9747102
2041,Pass,0,0.9957141,0.15772878,0,0.96514726
2042,Pass,0,0.99995935,0.05507306,0,0.9905266
2043,Pass,0,0.994249,0.24459687,0,0.9458357
2044,Pass,0,0.9999999,0.10581849,0,0.9800548
2045,Pass,0,0.962291,0.6963269,0,0.8253858
2046,Pass,0,0.9792285,0.6931979,0,0.8405484
2047,Pass,0,0.9999995,0.093638085,0,0.9825776
2048,Pass,0,0.99711466,0.697998,0,0.85490996
2049,Pass,0,0.99993086,0.12815416,0,0.97536063
2050,Pass,0,0.9908874,0.3584256,0,0.91927284
2051,Pass,0,0.9993648,0.11835325,0,0.9768374
2052,Pass,0,0.93574053,0.73443097,0,0.7952266
2053,Pass,0,0.9257115,0.94641846,0,0.74605227
2054,Pass,0,0.9999994,0.05311148,0,0.9909727
2055,Pass,0,0.73822224,0.44627345,0,0.6714346
2056,Pass,0,0.99991536,0.22967857,0,0.9543163
2057,Pass,0,0.99999976,0.10286558,0,0.9806664
2058,Pass,0,1.0,0.03542334,0,0.9946374
2059,Pass,0,0.9338063,0.9015765,0,0.7612502
2060,Pass,0,0.9809951,0.5329503,0,0.87462956
2061,Pass,0,0.9997241,0.07085733,0,0.9870248
2062,Pass,0,0.99990964,0.29208696,0,0.941384
2063,Pass,0,0.9989667,0.07156201,0,0.9861312
2064,Pass,0,0.99993944,0.18341026,0,0.9639233
2065,Pass,0,0.9999491,0.07622166,0,0.9861358
2066,Pass,0,0.9911931,0.70326316,0,0.8487518
2067,Pass,0,0.9999658,0.13302414,0,0.9743859
2068,Pass,0,0.99999774,0.031452514,0,0.9954577
2069,Pass,0,0.9996296,0.061784074,0,0.98881036
2070,Pass,0,0.99990726,0.31675574,0,0.936272
2071,Pass,0,0.99692184,0.17765582,0,0.9622027
2072,Pass,0,0.9999697,0.20128274,0,0.96025026
2073,Pass,0,0.9998865,0.37570742,0,0.924042
2074,Pass,0,0.30556354,1.2472959,0,0.22721574
2075,Pass,0,0.7813214,0.49677286,0,0.70246106
2076,Pass,0,0.9999999,0.06375614,0,0.9887681
2077,Pass,0,0.96803755,0.6497988,0,0.83964515
2078,Pass,0,0.9999398,0.16698731,0,0.96732545
2079,Pass,0,0.60798484,0.83825874,0,0.50361115
2080,Pass,0,0.99998426,0.06790143,0,0.98789394
2081,Pass,0,0.9999404,0.11856119,0,0.97735703
2082,Pass,0,0.9796951,0.4992355,0,0.8803127
2083,Pass,0,0.39864337,1.0851344,0,0.30982074
2084,Pass,0,0.89449555,1.1035556,0,0.6917776
2085,Pass,0,0.9994086,0.29635203,0,0.9400293
2086,Pass,0,0.99999523,0.08887177,0,0.98356074
2087,Pass,0,0.9985209,0.1706278,0,0.9651998
2088,Pass,0,0.6763167,2.013687,0,0.39553455
2089,Pass,0,0.99999917,0.14444059,0,0.97205347
2090,Pass,0,0.9999225,0.02169534,0,0.99740386
2091,Pass,0,0.99942505,0.32494995,0,0.934124
2092,Pass,0,0.9951255,0.13709202,0,0.9688308
2093,Pass,0,0.9999732,0.018360062,0,0.99814534
2094,Pass,0,0.99993014,0.0874205,0,0.9837974
2095,Pass,0,0.99916565,0.057798833,0,0.9891763
2096,Pass,0,0.42346543,0.830439,0,0.35145447
2097,Pass,0,0.99694437,0.37153774,0,0.92218417
2098,Pass,0,0.999445,0.1789793,0,0.96436405
2099,Pass,0,0.9997161,0.2933201,0,0.9409464
2100,Pass,0,0.99967635,0.2142628,0,0.9572805
2101,Pass,0,0.99963737,0.1640575,0,0.96763957
2102,Pass,0,0.99675095,0.44399098,0,0.90704525
2103,Pass,0,0.99999774,0.10963147,0,0.9792628
2104,Pass,0,0.99997663,0.24315555,0,0.951583
2105,Pass,0,0.9999671,0.09361373,0,0.98255086
2106,Pass,0,0.9980159,0.6764919,0,0.8601288
2107,Pass,0,0.3621046,1.0711536,0,0.28247195
2108,Pass,0,0.9999999,0.15729177,0,0.969392
2109,Pass,0,0.8892077,0.64698124,0,0.7717896
2110,Pass,0,0.99929774,0.108683236,0,0.97877365
2111,Pass,0,0.9999428,0.09561713,0,0.98211193
2112,Pass,0,0.4868528,1.2094736,0,0.3658361
2113,Pass,0,0.99997866,0.55031496,0,0.8879577
2114,Pass,0,0.46880227,1.3293318,0,0.3406326
2115,Pass,0,0.9976821,0.22934036,0,0.9522548
2116,Pass,0,0.99899715,0.39215055,0,0.9198173
2117,Pass,0,1.0,0.089896634,0,0.98335314
2118,Pass,0,0.999998,0.08656016,0,0.98404235
2119,Pass,0,0.9994867,0.421052,0,0.9142841
2120,Pass,0,0.91719323,0.5741845,0,0.809911
2121,Pass,0,0.9988888,0.085342966,0,0.9832027
2122,Pass,0,0.99999905,0.09261732,0,0.9827886
2123,Pass,0,0.9999993,0.045006774,0,0.99265146
2124,Pass,0,0.9948506,0.4269532,0,0.90882707
2125,Pass,0,0.90914786,0.600224,0,0.7979026
2126,Pass,0,0.9999033,0.04226461,0,0.9931242
2127,Pass,0,0.99999845,0.07974181,0,0.9854552
2128,Pass,0,0.9818189,0.5379493,0,0.87434727
2129,Pass,0,0.98034644,0.27954584,0,0.9255127
2130,Pass,0,0.9997781,0.037410017,0,0.9940052
2131,Pass,0,0.95528406,0.7372967,0,0.81126827
2132,Pass,0,0.9999875,0.11720968,0,0.977683
2133,Pass,0,0.99998224,0.17592476,0,0.96551514
2134,Pass,0,0.46915266,1.091793,0,0.3639726
2135,Pass,0,0.8682176,0.8138723,0,0.7235554
2136,Pass,0,0.30151153,1.1054327,0,0.23306325
2137,Pass,0,0.99994314,0.17169212,0,0.96635413
2138,Pass,0,0.9998179,0.2158539,0,0.95708656
2139,Pass,0,0.7069093,0.4281927,0,0.6456022
2140,Pass,0,0.34012848,1.2986529,0,0.24929956
2141,Pass,0,0.9750317,0.86961764,0,0.8013127
2142,Pass,0,0.9973742,0.30777404,0,0.93575585
2143,Pass,0,0.99911135,0.20391265,0,0.9588817
2144,Pass,0,0.99770504,0.42330953,0,0.91218776
2145,Pass,0,0.85648125,0.75798094,0,0.72369087
2146,Pass,0,0.9989517,0.61551213,0,0.87355417
2147,Pass,0,0.99989736,0.1349696,0,0.97391623
2148,Pass,0,0.999936,0.13399152,0,0.9741565
2149,Pass,0,0.9999976,0.06343515,0,0.98883235
2150,Pass,0,0.9966434,0.5241623,0,0.89039546
2151,Pass,0,0.7512014,0.565533,0,0.66468114
2152,Pass,0,0.6964137,1.8405844,0,0.43226042
2153,Pass,0,0.95095176,0.46147275,0,0.8619241
2154,Pass,0,0.9257489,0.45120743,0,0.84104925
2155,Pass,0,0.97275215,0.4726495,0,0.87943137
2156,Pass,0,0.99218386,0.5613339,0,0.8787713
2157,Pass,0,0.9994655,0.2593992,0,0.9477336
2158,Pass,0,0.9997694,0.21494189,0,0.957229
2159,Pass,0,0.99999404,0.056655053,0,0.9902333
2160,Pass,0,0.99930775,0.21309547,0,0.95716923
2161,Pass,0,0.8347839,0.76870316,0,0.7035034
2162,Pass,0,0.99923146,0.9090344,0,0.81304187
2163,Pass,0,0.99998474,0.009536122,0,0.99998474
2164,Pass,0,0.9999981,0.07367115,0,0.9867124
2165,Pass,0,0.70139426,0.84592336,0,0.57987124
2166,Pass,0,0.99867517,0.23275734,0,0.95249575
2167,Pass,0,0.9999709,0.1152163,0,0.97807974
2168,Pass,0,0.9999516,0.20104705,0,0.96028167
2169,Pass,0,0.999944,0.028217852,0,0.99607426
2170,Pass,0,0.81787694,0.53615874,0,0.728654
2171,Pass,0,0.7559527,0.6838536,0,0.6503566
2172,Pass,0,0.9967874,3.4134927,0,0.29391655
2173,Pass,0,0.9993729,0.20252079,0,0.95942086
2174,Pass,0,0.9994029,0.12391275,0,0.9757237
2175,Pass,0,0.9998665,0.18578632,0,0.9633608
2176,Pass,0,0.9846746,0.09585501,0,0.96706754
2177,Pass,0,0.9933954,0.12772089,0,0.9690749
2178,Pass,0,0.99997413,0.11614595,0,0.9778903
2179,Pass,0,0.9999207,0.15383275,0,0.9700318
2180,Pass,0,0.9873673,0.15076308,0,0.9584814
2181,Pass,0,0.8441293,0.6280728,0,0.73597014
2182,Pass,0,0.99903476,0.20106809,0,0.9593969
2183,Pass,0,0.9982134,0.41169143,0,0.915055
2184,Pass,0,0.99995947,0.25513542,0,0.9490852
2185,Pass,0,0.8549277,0.9980819,0,0.67985636
2186,Pass,0,0.9297564,0.5001806,0,0.8352579
2187,Pass,0,0.9633947,0.8649772,0,0.79267514
2188,Pass,0,0.59002155,0.54596233,0,0.52445734
2189,Pass,0,0.9996357,0.28245372,0,0.9431209
2190,Pass,0,0.99875724,0.87452734,0,0.81979537
2191,Pass,0,0.97573256,0.5082443,0,0.8749312
2192,Pass,0,0.99994326,0.124488235,0,0.9761321
2193,Pass,0,0.9911806,1.0960916,0,0.76808363
2194,Pass,0,0.9809745,0.3493423,0,0.9119223
2195,Pass,0,0.9999684,0.15555103,0,0.9697221
2196,Pass,0,0.99969006,0.2996635,0,0.9396083
2197,Pass,0,0.99999,0.12217249,0,0.9766574
2198,Pass,0,0.2693185,2.0073745,0,0.15785941
2199,Pass,0,0.9241802,1.0567772,0,0.7236904
2200,Pass,0,0.99999726,0.04589709,0,0.992465
2201,Pass,0,0.99896705,0.19041501,0,0.96153635
2202,Pass,0,0.9143541,1.3263063,0,0.66494435
2203,Pass,0,0.9982274,0.30684194,0,0.93674916
2204,Pass,0,0.99998343,0.050617386,0,0.9914735
2205,Pass,0,0.99584705,0.26580876,0,0.9429802
2206,Pass,0,0.9999888,0.17753518,0,0.9651879
2207,Pass,0,0.9999385,0.25903985,0,0.9482565
2208,Pass,0,0.97144294,0.59854525,0,0.85291296
2209,Pass,0,0.99118453,0.6266935,0,0.8644662
2210,Pass,0,0.9933443,0.31125313,0,0.93125904
2211,Pass,0,0.84443796,1.3633404,0,0.6076211
2212,Pass,0,0.9955379,0.64444256,0,0.8646027
2213,Pass,0,0.9999882,0.12954487,0,0.9751285
2214,Pass,0,0.9999399,0.1288324,0,0.97522897
2215,Pass,0,0.99992347,0.26806638,0,0.94637257
2216,Pass,0,0.99975306,0.14705507,0,0.97127277
2217,Pass,0,0.9971451,0.33413446,0,0.9300959
2218,Pass,0,0.98248047,0.70298326,0,0.84134823
2219,Pass,0,0.999828,0.16361466,0,0.9679158
2220,Pass,0,0.9997037,0.3200267,0,0.93540406
2221,Pass,0,0.99989235,0.009721137,0,0.999854
2222,Pass,0,0.8348646,0.72340614,0,0.7114052
2223,Pass,0,0.9489413,1.4137173,0,0.6729143
2224,Pass,0,0.9999821,0.035489652,0,0.9946059
2225,Pass,0,0.72503287,1.8139634,0,0.45402238
2226,Pass,0,0.993576,0.6660551,0,0.85845053
2227,Pass,0,0.99999714,0.06413908,0,0.9886861
2228,Pass,0,0.99999285,0.09519462,0,0.98224866
2229,Pass,0,0.9984079,0.32564464,0,0.93302965
2230,Pass,0,0.99976844,0.26946795,0,0.9459355
2231,Pass,0,0.99227554,0.48339206,0,0.8948736
2232,Pass,0,0.97843325,0.6552063,0,0.847566
2233,Pass,0,0.9978371,0.07330704,0,0.9846554
2234,Pass,0,0.9999993,0.053132687,0,0.99096817
2235,Pass,0,0.99995077,0.15106134,0,0.970635
2236,Pass,0,0.99998784,0.13709535,0,0.97356397
2237,Pass,0,0.71971154,1.0008171,0,0.5719218
2238,Pass,0,0.9998828,0.8096945,0,0.83414793
2239,Pass,0,0.9870838,0.34428376,0,0.91863585
2240,Pass,0,0.70303553,0.65509313,0,0.60901976
2241,Pass,0,0.9363318,0.874858,0,0.76849145
2242,Pass,0,0.9997999,0.15182121,0,0.9703312
2243,Pass,0,0.9999968,0.11304346,0,0.9785551
2244,Pass,0,0.99784327,0.4221021,0,0.91256374
2245,Pass,0,0.9993799,0.17373228,0,0.9653874
2246,Pass,0,0.99605274,0.34963807,0,0.9258781
2247,Pass,0,0.9977017,0.31878993,0,0.9337864
2248,Pass,0,0.99999285,0.14697385,0,0.9715225
2249,Pass,0,0.9943262,0.2383301,0,0.9472
2250,Pass,0,0.99986744,0.10453494,0,0.9801909
2251,Pass,0,0.98995835,0.58187807,0,0.87258714
2252,Pass,0,0.56790155,0.44916424,0,0.51618284
2253,Pass,0,0.8573755,1.0376375,0,0.6747775
2254,Pass,0,0.9999201,0.026646018,0,0.9963761
2255,Pass,0,0.78134936,0.59252954,0,0.6869872
2256,Pass,0,0.999961,0.22582698,0,0.9551577
2257,Pass,0,0.9993808,0.14143911,0,0.9720738
2258,Pass,0,0.9863884,0.29464585,0,0.9281312
2259,Pass,0,0.99971765,0.2333126,0,0.95337504
2260,Pass,0,0.9143148,0.6879447,0,0.7858228
2261,Pass,0,0.904713,0.85586405,0,0.74610007
2262,Pass,0,0.9982949,0.20933852,0,0.956976
2263,Pass,0,0.6480543,1.1560314,0,0.49414223
2264,Pass,0,0.21679302,1.2616324,0,0.16056252
2265,Pass,0,0.9976472,0.2898381,0,0.9397187
2266,Pass,0,0.99814236,0.42831734,0,0.9115522
2267,Pass,0,0.91331494,0.66919833,0,0.78851014
2268,Pass,0,0.9979931,0.37816858,0,0.92178345
2269,Pass,0,0.9999342,0.287827,0,0.94228953
2270,Pass,0,0.9964424,0.53436685,0,0.88810945
2271,Pass,0,0.98656046,0.52279973,0,0.8816659
2272,Pass,0,0.9987469,0.38977373,0,0.92007864
2273,Pass,0,0.9999988,0.06503225,0,0.9885027
2274,Pass,0,0.9999578,0.14400356,0,0.97210383
2275,Pass,0,0.9999088,0.32964352,0,0.93360394
2276,Pass,0,0.9999864,0.01844918,0,0.99814004
2277,Pass,0,0.9999685,0.082511246,0,0.9848521
2278,Pass,0,0.9962735,0.5049311,0,0.8940339
2279,Pass,0,0.99987876,0.19521709,0,0.9614192
2280,Pass,0,0.9997969,0.21116468,0,0.9580377
2281,Pass,0,0.99999905,0.09034901,0,0.9832585
2282,Pass,0,0.9997676,0.064934574,0,0.98829436
2283,Pass,0,0.99939024,0.37669095,0,0.9233798
2284,Pass,0,0.9973471,0.48501018,0,0.89911306
2285,Pass,0,0.9999926,0.17919287,0,0.9648481
2286,Pass,0,0.9998932,0.19892572,0,0.9606649
2287,Pass,0,0.89396507,0.995279,0,0.7114187
2288,Pass,0,0.98899734,0.6172264,0,0.8644982
2289,Pass,0,0.99886405,0.14713745,0,0.97039205
2290,Pass,0,0.99995077,0.23823507,0,0.95257765
2291,Pass,0,0.98920476,0.20451915,0,0.9492497
2292,Pass,0,0.99996316,0.092552215,0,0.98276687
2293,Pass,0,0.8377591,1.5014741,0,0.57884306
2294,Pass,0,0.997738,0.4344322,0,0.909919
2295,Pass,0,0.99906856,0.40116614,0,0.9180172
2296,Pass,0,0.9726662,0.76499385,0,0.8204493
2297,Pass,0,0.9932327,0.5553443,0,0.8809327
2298,Pass,0,0.9991025,0.25601417,0,0.9480899
2299,Pass,0,0.9999914,0.06678997,0,0.9881313
2300,Pass,0,0.9999994,0.11338343,0,0.97848725
2301,Pass,0,0.4806259,1.0631988,0,0.3757205
2302,Pass,0,0.99997044,0.12094642,0,0.97689223
2303,Pass,0,0.99999654,0.1373698,0,0.9735157
2304,Pass,0,0.999997,0.14382628,0,0.97217864
2305,Pass,0,0.9999143,0.17856966,0,0.9649016
2306,Pass,0,0.9992034,0.27337536,0,0.94459206
2307,Pass,0,0.99977416,0.164311,0,0.96771944
2308,Pass,0,0.9739517,0.27688187,0,0.9200131
2309,Pass,0,0.59907925,0.69699264,0,0.5137656
2310,Pass,0,0.96967274,0.2924661,0,0.9128407
2311,Pass,0,0.94418424,1.4665952,0,0.6591987
2312,Pass,0,0.99980646,0.19695096,0,0.9609906
2313,Pass,0,0.99351066,0.6301256,0,0.8657886
2314,Pass,0,0.9998703,0.21008117,0,0.95833236
2315,Pass,0,0.9999522,0.18244568,0,0.96413535
2316,Pass,0,0.9822958,0.50323814,0,0.8818351
2317,Pass,0,0.9999943,0.082931034,0,0.98479044
2318,Pass,0,0.99999595,0.11402416,0,0.9783511
2319,Pass,0,0.94786876,0.34692785,0,0.88162094
2320,Pass,0,0.32604977,0.99534374,0,0.25946653
2321,Pass,0,0.9703148,0.4532267,0,0.8811318
2322,Pass,0,0.9999958,0.050799668,0,0.99144804
2323,Pass,0,0.99995625,0.30510858,0,0.93873054
2324,Pass,0,0.9998492,0.2748116,0,0.94490516
2325,Pass,0,0.9999956,0.100527324,0,0.98114663
2326,Pass,0,0.9999987,0.12076566,0,0.9769573
2327,Pass,0,0.75760555,0.33682004,0,0.7062418
2328,Pass,0,0.80070573,0.50467134,0,0.71857876
2329,Pass,0,0.9999454,0.2218119,0,0.95597446
2330,Pass,0,0.9999988,0.06883452,0,0.987715
2331,Pass,0,0.9999558,0.07628162,0,0.98612994
2332,Pass,0,0.6007328,0.87257516,0,0.49333367
2333,Pass,0,0.57847476,1.620916,0,0.38537964
2334,Pass,0,0.9952194,0.5123484,0,0.8915588
2335,Pass,0,0.99999416,0.23690094,0,0.9528954
2336,Pass,0,0.9997478,0.33897856,0,0.9315204
2337,Pass,0,0.99977416,0.1774436,0,0.9649997
2338,Pass,0,0.9652276,0.58143085,0,0.85087794
2339,Pass,0,0.991231,0.42721492,0,0.9054668
2340,Pass,0,0.99999106,0.4117133,0,0.91668
2341,Pass,0,0.99986374,0.17500313,0,0.9655916
2342,Pass,0,0.6518563,0.55136263,0,0.5786917
2343,Pass,0,0.98272127,0.5239745,0,0.8779957
2344,Pass,0,0.9999211,0.14914867,0,0.97100234
2345,Pass,0,0.9999907,0.564533,0,0.8850231
2346,Pass,0,0.37979844,1.8362874,0,0.23607703
2347,Pass,0,0.9999857,0.115189,0,0.9780998
2348,Pass,0,0.99937266,0.40205628,0,0.9181124
2349,Pass,0,0.999995,0.23303254,0,0.9536975
2350,Pass,0,0.99999726,0.10794813,0,0.9796111
2351,Pass,0,0.9999957,0.19739881,0,0.9610798
2352,Pass,0,0.73172545,0.47807807,0,0.6607047
2353,Pass,0,0.98607695,0.4262866,0,0.9009483
2354,Pass,0,1.0,0.12873688,0,0.97530735
2355,Pass,0,0.99971753,0.31011033,0,0.9374706
2356,Pass,0,0.36393103,1.0682414,0,0.2841163
2357,Pass,0,0.91449213,0.7407969,0,0.77596295
2358,Pass,0,0.99999416,0.25818968,0,0.9484854
2359,Pass,0,0.9999963,0.14808778,0,0.9712952
2360,Pass,0,0.5297071,1.683886,0,0.34598094
2361,Pass,0,0.9999838,0.07769067,0,0.98586565
2362,Pass,0,0.9973482,0.09288708,0,0.98012763
2363,Pass,0,0.9970101,0.42290872,0,0.91163516
2364,Pass,0,0.9988028,0.2512906,0,0.94878286
2365,Pass,0,0.9007483,0.55552524,0,0.7988713
2366,Pass,0,0.9973671,0.20637383,0,0.95669913
2367,Pass,0,0.99987745,0.025045501,0,0.99666506
2368,Pass,0,0.98062897,0.25446996,0,0.93087333
2369,Pass,0,0.9512822,0.41453323,0,0.8714735
2370,Pass,0,0.9994466,0.30215105,0,0.93886435
2371,Pass,0,0.9315261,2.2886617,0,0.49172908
2372,Pass,0,0.9745455,0.52306175,0,0.8708754
2373,Pass,0,0.6780365,0.72477055,0,0.5775771
2374,Pass,0,0.999997,0.14980683,0,0.97093976
2375,Pass,0,0.9997832,0.19992505,0,0.9603523
2376,Pass,0,1.0,0.032233182,0,0.99529827
2377,Pass,0,0.6555637,0.7997383,0,0.54825324
2378,Pass,0,0.99992216,0.13681279,0,0.97355855
2379,Pass,0,0.9961702,0.45992112,0,0.9032294
2380,Pass,0,0.99997807,0.21000677,0,0.9584511
2381,Pass,0,0.9886445,1.4467102,0,0.6943118
2382,Pass,0,0.9999999,0.048949003,0,0.9918354
2383,Pass,0,0.99998164,0.079475954,0,0.9854937
2384,Pass,0,0.99999666,0.12713447,0,0.975636
2385,Pass,0,0.9369363,0.60080737,0,0.8221776
2386,Pass,0,0.99968314,0.063413724,0,0.9885258
2387,Pass,0,0.99990535,0.3213138,0,0.93532616
2388,Pass,0,1.0,0.09726493,0,0.9818268
2389,Pass,0,0.43629327,1.5409459,0,0.29788598
2390,Pass,0,0.96875954,0.60793597,0,0.84867245
2391,Pass,0,0.9988446,0.5688454,0,0.8831165
2392,Pass,0,0.99989974,0.047962066,0,0.9919405
2393,Pass,0,0.9999994,0.07672907,0,0.9860802
2394,Pass,0,0.2120103,1.9072233,0,0.12866703
2395,Pass,0,0.99095285,0.42492342,0,0.9056831
2396,Pass,0,0.99509394,0.3921611,0,0.9162213
2397,Pass,0,0.5815685,1.1504142,0,0.44412345
2398,Pass,0,0.9999993,0.07930501,0,0.9855465
2399,Pass,0,0.9992362,2.4086533,0,0.50263405
2400,Pass,0,0.99999905,0.09497079,0,0.9823011
2401,Pass,0,0.99939406,0.23929368,0,0.9518282
2402,Pass,0,0.99406344,0.020854767,0,0.9917327
2403,Pass,0,0.9999864,0.13975625,0,0.97301143
2404,Pass,0,0.9999999,0.028110027,0,0.9961523
2405,Pass,0,0.82198143,0.41870534,0,0.75231016
2406,Pass,0,0.9999912,0.06479807,0,0.9885437
2407,Pass,0,0.99999416,0.100680545,0,0.98111355
2408,Pass,0,0.99467564,0.3456045,0,0.9254291
2409,Pass,0,0.911362,0.564259,0,0.8066356
2410,Pass,0,0.998667,0.51281255,0,0.89455134
2411,Pass,0,0.99985147,0.2279108,0,0.9546215
2412,Pass,0,0.99937433,0.50685304,0,0.89641863
2413,Pass,0,0.99932826,0.3710399,0,0.92449236
2414,Pass,0,0.9999956,0.15448833,0,0.96996856
2415,Pass,0,0.9988772,0.3180415,0,0.9350415
2416,Pass,0,0.61514735,0.67033154,0,0.53094286
2417,Pass,0,0.9999937,0.096059695,0,0.98207027
2418,Pass,0,0.24438348,1.2596351,0,0.18109785
2419,Pass,0,0.8750477,0.79661775,0,0.73237514
2420,Pass,0,0.9988662,0.31161755,0,0.93636036
2421,Pass,0,0.99970466,0.22950034,0,0.9541521
2422,Pass,0,0.99805814,0.4193532,0,0.9133286
2423,Pass,0,0.7304381,0.57692945,0,0.6445849
2424,Pass,0,0.82200694,0.7879408,0,0.6894599
2425,Pass,0,0.99993134,0.14071907,0,0.97275835
2426,Pass,0,0.9999496,0.082090534,0,0.98492056
2427,Pass,0,0.9934227,0.27466398,0,0.9388622
2428,Pass,0,0.9999858,0.31261137,0,0.93720406
2429,Pass,0,0.9991391,0.15728278,0,0.9685594
2430,Pass,0,0.9713353,0.3922789,0,0.8943221
2431,Pass,0,0.95244163,0.60540855,0,0.83487594
2432,Pass,0,0.9992506,0.13031286,0,0.97425026
2433,Pass,0,0.99877566,0.34253275,0,0.92987925
2434,Pass,0,0.99833727,0.40020078,0,0.9175449
2435,Pass,0,0.91837037,1.4453248,0,0.64522284
2436,Pass,0,0.96843064,0.44628713,0,0.880813
2437,Pass,0,0.23965201,1.107702,0,0.18513425
2438,Pass,0,0.9999645,0.1099543,0,0.97916335
2439,Pass,0,0.43432766,1.9513708,0,0.25961727
2440,Pass,0,0.95653987,0.15651877,0,0.92741543
2441,Pass,0,0.76082784,2.0712996,0,0.4358796
2442,Pass,0,0.9999391,0.021514824,0,0.99745786
2443,Pass,0,0.99999464,0.09843394,0,0.9815794
2444,Pass,0,0.99699056,0.2519788,0,0.94691926
2445,Pass,0,0.99888676,0.7177714,0,0.8523378
2446,Pass,0,0.99996793,0.103321545,0,0.9805407
2447,Pass,0,0.67540854,0.6000119,0,0.59279376
2448,Pass,0,0.9989832,0.2980028,0,0.9392875
2449,Pass,0,0.99979657,0.378867,0,0.9233045
2450,Pass,0,0.9999964,0.0887731,0,0.9835824
2451,Pass,0,0.99968684,0.14493501,0,0.97164744
2452,Pass,0,0.99413836,0.28643757,0,0.93711394
2453,Pass,0,0.99999774,0.06387008,0,0.98874235
2454,Pass,0,0.9961254,0.43989772,0,0.90732056
2455,Pass,0,0.9606588,0.4376843,0,0.87545633
2456,Pass,0,0.965551,0.37494257,0,0.8924639
2457,Pass,0,0.9997305,0.20813477,0,0.95860153
2458,Pass,0,0.9694201,0.4806792,0,0.8748064
2459,Pass,0,0.99999607,0.05430102,0,0.990723
2460,Pass,0,0.9960951,0.11108609,0,0.975141
2461,Pass,0,0.757814,0.8218884,0,0.6302888
2462,Pass,0,0.97090673,0.5554211,0,0.8611155
2463,Pass,0,0.99999344,0.041301575,0,0.9934132
2464,Pass,0,0.9999236,0.14210854,0,0.972463
2465,Pass,0,0.99941754,0.30249652,0,0.9387656
2466,Pass,0,0.997914,0.24967763,0,0.948272
2467,Pass,0,0.99958843,0.2764779,0,0.9443137
2468,Pass,0,0.97198987,0.7707341,0,0.818723
2469,Pass,0,0.99975055,0.16283278,0,0.9680028
2470,Pass,0,0.28912684,1.97381,0,0.17148024
2471,Pass,0,0.51334864,0.7881049,0,0.43055475
2472,Pass,0,0.9766534,0.5971672,0,0.85776645
2473,Pass,0,0.87895596,1.1332372,0,0.6743554
2474,Pass,0,0.9999033,0.114824235,0,0.97809476
2475,Pass,0,0.9975528,0.2571679,0,0.9463809
2476,Pass,0,0.99999976,0.018650439,0,0.9981117
2477,Pass,0,0.99937314,0.19424562,0,0.9611342
2478,Pass,0,0.9825507,0.45615587,0,0.8916469
2479,Pass,0,0.9994404,0.07544992,0,0.9857938
2480,Pass,0,0.9997173,0.36009893,0,0.92711806
2481,Pass,0,0.99999094,0.13219947,0,0.97458124
2482,Pass,0,0.9989598,0.24572569,0,0.95008355
2483,Pass,0,0.82242996,0.75881344,0,0.69477713
2484,Pass,0,0.99965477,0.18432835,0,0.9634587
2485,Pass,0,0.8152537,2.8010607,0,0.34381717
2486,Pass,0,0.99893314,0.33603114,0,0.9313713
2487,Pass,0,0.9970138,0.21865727,0,0.9538233
2488,Pass,0,0.9647503,0.5433137,0,0.8580749
2489,Pass,0,0.43923777,1.6739794,0,0.28779185
2490,Pass,0,0.99188167,0.30638194,0,0.93088865
2491,Pass,0,0.9999902,0.12804295,0,0.9754416
2492,Pass,0,0.9991019,0.2197144,0,0.95560217
2493,Pass,0,0.9815237,0.6668974,0,0.847866
2494,Pass,0,0.99381965,0.35142916,0,0.9234336
2495,Pass,0,0.99878854,0.05817328,0,0.9887255
2496,Pass,0,0.9999999,0.14077476,0,0.97281355
2497,Pass,0,0.9999944,0.09588007,0,0.9821082
2498,Pass,0,0.9998627,0.40775827,0,0.9173815
2499,Pass,0,0.999775,0.24433835,0,0.95114625
2500,Pass,0,0.99990475,0.024033997,0,0.9969018
2501,Pass,0,0.93973714,0.48282713,0,0.84760237
2502,Pass,0,1.0,0.112449214,0,0.9786813
2503,Pass,0,0.9999447,0.07212806,0,0.98697937
2504,Pass,0,0.99970895,0.30523536,0,0.9384721
2505,Pass,0,0.47534242,0.87433517,0,0.3901873
2506,Pass,0,0.9914171,0.36344466,0,0.91873354
2507,Pass,0,0.99882025,0.044793855,0,0.9915252
2508,Pass,0,0.9979615,0.5149403,0,0.8934795
2509,Pass,0,0.46024114,1.0337298,0,0.3625947
2510,Pass,0,0.86109126,1.1000365,0,0.66657144
2511,Pass,0,0.9963296,0.41391876,0,0.9128684
2512,Pass,0,0.9953506,0.39094952,0,0.91670746
2513,Pass,0,0.41524267,0.94656026,0,0.33464143
2514,Pass,0,0.89271027,1.87192,0,0.5483058
2515,Pass,0,0.40499306,1.0167,0,0.32049695
2516,Pass,0,0.9999951,0.087226465,0,0.98390144
2517,Pass,0,0.7636546,0.7029389,0,0.6539635
2518,Pass,0,0.85927373,0.7946895,0,0.7195163
2519,Pass,0,0.9787971,0.111218646,0,0.95817995
2520,Pass,0,0.900601,0.70664,0,0.77054846
2521,Pass,0,0.97889847,0.6275811,0,0.8535709
2522,Pass,0,0.99999714,0.14138424,0,0.9726846
2523,Pass,0,0.9997739,0.15484115,0,0.9696805
2524,Pass,0,0.24104558,1.779959,0,0.15264297
2525,Pass,0,0.99998915,0.12703946,0,0.97564834
2526,Pass,0,0.9999981,0.11331658,0,0.9784998
2527,Pass,0,0.9998535,0.18430799,0,0.96365446
2528,Pass,0,0.99992085,0.10562839,0,0.9800167
2529,Pass,0,0.99894947,0.2649831,0,0.94608873
2530,Pass,0,0.9999999,0.078519195,0,0.9857099
2531,Pass,0,0.65784305,0.6317959,0,0.57304555
2532,Pass,0,0.9624186,0.431382,0,0.8783165
2533,Pass,0,0.8885682,1.1270238,0,0.68287385
2534,Pass,0,0.9928872,0.49761817,0,0.8924992
2535,Pass,0,0.87665176,0.8409923,0,0.72565925
2536,Pass,0,0.9997002,0.1982677,0,0.9606158
2537,Pass,0,0.99098176,0.46327046,0,0.89783746
2538,Pass,0,0.92490745,0.7456617,0,0.78386843
2539,Pass,0,0.9996327,0.08721054,0,0.9835482
2540,Pass,0,0.9419564,0.5794694,0,0.8307465
2541,Pass,0,0.80107903,0.73792213,0,0.680207
2542,Pass,0,0.9539997,0.4705633,0,0.8628902
2543,Pass,0,0.998431,0.572573,0,0.8819798
2544,Pass,0,0.9926589,0.4311425,0,0.9059635
2545,Pass,0,0.9641439,0.5814151,0,0.84992576
2546,Pass,0,0.35766777,1.3935554,0,0.25512362
2547,Pass,0,0.97781926,0.45150754,0,0.8882948
2548,Pass,0,0.99979407,0.24155879,0,0.95174
2549,Pass,0,0.9999659,0.15307392,0,0.9702328
2550,Pass,0,0.99981064,0.06559679,0,0.9881998
2551,Pass,0,0.8866041,0.26983893,0,0.8387964
2552,Pass,0,0.9998902,0.019794708,0,0.99776536
2553,Pass,0,0.89948434,0.51423264,0,0.80544424
2554,Pass,0,0.9992071,0.19221328,0,0.96139514
2555,Pass,0,0.9999238,0.10046421,0,0.98108935
2556,Pass,0,0.9991159,0.36001953,0,0.92657673
2557,Pass,0,0.9960408,0.4409367,0,0.90702915
2558,Pass,0,1.0,0.051961455,0,0.99121153
2559,Pass,0,0.75466764,0.8807876,0,0.6184641
2560,Pass,0,0.99998343,0.14138374,0,0.9726714
2561,Pass,0,0.9999912,0.383038,0,0.9226202
2562,Pass,0,0.9999962,0.13917138,0,0.9731421
2563,Pass,0,0.72627413,1.0558708,0,0.56885403
2564,Pass,0,0.99999964,0.08931411,0,0.9834735
2565,Pass,0,0.99992347,0.1543935,0,0.9699183
2566,Pass,0,0.70796096,0.82979184,0,0.587666
2567,Pass,0,0.9999974,0.244722,0,0.95127827
2568,Pass,0,0.99979776,0.40130535,0,0.9186584
2569,Pass,0,0.99986386,0.047071807,0,0.99208933
2570,Pass,0,0.96529835,4.251979,0,0.11696507
2571,Pass,0,0.9999995,0.035775535,0,0.994564
2572,Pass,0,0.9999763,0.107222944,0,0.97974074
2573,Pass,0,0.9886154,1.1963761,0,0.7455582
2574,Pass,0,0.9913982,0.80999386,0,0.8270082
2575,Pass,0,0.9996184,0.20948145,0,0.9582152
2576,Pass,0,0.7341989,1.0911895,0,0.5696895
2577,Pass,0,0.99085313,0.25450468,0,0.94057155
2578,Pass,0,0.9991762,0.14951995,0,0.9702022
2579,Pass,0,0.99997723,0.068156935,0,0.9878341
2580,Pass,0,0.999954,0.17784208,0,0.9650907
2581,Pass,0,0.9999057,0.6143723,0,0.87462455
2582,Pass,0,0.9995555,0.3184239,0,0.93559724
2583,Pass,0,0.9998585,0.19916674,0,0.9605817
2584,Pass,0,0.76897335,1.1534411,0,0.5867558
2585,Pass,0,0.99999464,0.060561776,0,0.98942465
2586,Pass,0,0.9993807,0.14646237,0,0.97103375
2587,Pass,0,0.90521497,0.4898949,0,0.81513953
2588,Pass,0,0.9999999,0.08950222,0,0.98343474
2589,Pass,0,0.9990702,0.46184382,0,0.90546095
2590,Pass,0,0.9996859,0.33445302,0,0.93239987
2591,Pass,0,0.99999654,0.07070975,0,0.98732436
2592,Pass,0,0.9969296,0.3501151,0,0.9265946
2593,Pass,0,0.84858114,0.85984725,0,0.699109
2594,Pass,0,0.99999464,0.1742391,0,0.9658763
2595,Pass,0,0.9998037,0.35053533,0,0.92917895
2596,Pass,0,0.99997306,0.1903639,0,0.96251523
2597,Pass,0,0.8650594,0.9116328,0,0.70340484
2598,Pass,0,0.98602295,0.70413035,0,0.84414756
2599,Pass,0,0.56631213,2.1071806,0,0.3202319
2600,Pass,0,0.99893314,0.2768663,0,0.94361424
2601,Pass,0,0.9999839,0.1376211,0,0.97345126
2602,Pass,0,0.9999378,0.1510091,0,0.9706332
2603,Pass,0,0.6690094,0.9292935,0,0.54154336
2604,Pass,0,0.99999154,0.10381937,0,0.98046076
2605,Pass,0,0.9999598,0.034470465,0,0.9947948
2606,Pass,0,0.99973375,0.18119057,0,0.9641847
2607,Pass,0,0.9956449,0.35629353,0,0.92412627
2608,Pass,0,0.9999933,0.11504453,0,0.9781372
2609,Pass,0,0.9832413,0.29070398,0,0.92597294
2610,Pass,0,0.9999726,0.07758665,0,0.98587614
2611,Pass,0,0.9987949,0.56681323,0,0.883493
2612,Pass,0,1.0,0.088959016,0,0.9835474
2613,Pass,0,0.99990046,0.3502824,0,0.9293212
2614,Pass,0,0.9999994,0.10441697,0,0.98034465
2615,Pass,0,0.9978531,0.20612733,0,0.95721626
2616,Pass,0,0.9900511,0.39017734,0,0.911985
2617,Pass,0,0.9555436,3.279454,0,0.30828723
2618,Pass,0,0.9955236,0.306618,0,0.934258
2619,Pass,0,0.9993462,0.27465448,0,0.9444623
2620,Pass,0,0.96936214,0.38577393,0,0.89381164
2621,Pass,0,0.76534975,0.30691096,0,0.7182028
2622,Pass,0,0.9996226,0.08998893,0,0.98296297
2623,Pass,0,0.24464013,1.1698277,0,0.18583925
2624,Pass,0,0.9999738,0.08201318,0,0.98496044
2625,Pass,0,0.99989915,0.10923803,0,0.9792478
2626,Pass,0,0.999819,0.030545535,0,0.9954676
2627,Pass,0,0.9802065,0.5753665,0,0.8653137
2628,Pass,0,0.9647724,0.5967317,0,0.8474187
2629,Pass,0,0.9916494,0.3430895,0,0.92313015
2630,Pass,0,0.99999964,0.03087762,0,0.9955787
2631,Pass,0,0.9999987,0.0898245,0,0.9833668
2632,Pass,0,0.99902284,0.23585798,0,0.9521857
2633,Pass,0,0.9999707,0.0669841,0,0.98807055
2634,Pass,0,0.9998863,0.041528594,0,0.9932597
2635,Pass,0,0.5111181,0.3026688,0,0.4800815
2636,Pass,0,0.4250022,0.81472546,0,0.3541133
2637,Pass,0,0.34037516,0.86995834,0,0.27970734
2638,Pass,0,0.8751069,0.83539766,0,0.72539467
2639,Pass,0,0.9999802,0.24211743,0,0.9518015
2640,Pass,0,0.31188375,1.3174158,0,0.22738515
2641,Pass,0,0.9527449,0.6333178,0,0.82963353
2642,Pass,0,0.99990666,0.0319718,0,0.99525946
2643,Pass,0,0.9999733,0.25610334,0,0.9488978
2644,Pass,0,0.9993919,0.12035107,0,0.9764503
2645,Pass,0,0.9996935,0.10266246,0,0.98040813
2646,Pass,0,0.99582577,0.34480813,0,0.92666346
2647,Pass,0,0.99996316,0.2114152,0,0.9581451
2648,Pass,0,0.8575712,0.831849,0,0.7114893
2649,Pass,0,0.99919134,0.36422393,0,0.9257765
2650,Pass,0,0.98835725,0.30174252,0,0.9285309
2651,Pass,0,0.3363014,1.1067673,0,0.25986224
2652,Pass,0,0.90282124,0.7200512,0,0.7699399
2653,Pass,0,0.99998915,0.082471125,0,0.9848807
2654,Pass,0,0.9883837,0.16573945,0,0.95640177
2655,Pass,0,0.2216327,1.3912394,0,0.15819645
2656,Pass,0,0.99467707,0.51086575,0,0.89137846
2657,Pass,0,0.9982828,0.13356091,0,0.9726349
2658,Pass,0,0.9999927,0.21817985,0,0.9567721
2659,Pass,0,0.5383236,0.91857004,0,0.4369529
2660,Pass,0,0.99971944,0.23865102,0,0.95227116
2661,Pass,0,0.78971297,0.93968636,0,0.63754916
2662,Pass,0,0.9999958,0.07596417,0,0.9862352
2663,Pass,0,0.8856132,0.7345741,0,0.7526003
2664,Pass,0,0.99999964,0.036263805,0,0.99446297
2665,Pass,0,0.9999975,0.13081494,0,0.97487444
2666,Pass,0,0.68444854,2.163245,0,0.3790853
2667,Pass,0,0.99898785,0.3377094,0,0.9310749
2668,Pass,0,0.9993493,0.05595596,0,0.9897396
2669,Pass,0,0.58121973,1.5653697,0,0.39389616
2670,Pass,0,0.8062576,1.5735469,0,0.54503995
2671,Pass,0,0.99999166,0.13422452,0,0.97416246
2672,Pass,0,0.9999989,0.053345058,0,0.9909238
2673,Pass,0,0.9999862,0.017266823,0,0.9983847
2674,Pass,0,0.9996619,0.19895162,0,0.9604374
2675,Pass,0,1.0,0.12587826,0,0.9758995
2676,Pass,0,0.9999174,0.033957634,0,0.99485886
2677,Pass,0,0.9999219,0.10793509,0,0.97954
2678,Pass,0,0.5242265,0.7737258,0,0.44123966
2679,Pass,0,0.9952329,0.32972848,0,0.9292206
2680,Pass,0,0.9999987,0.054265965,0,0.9907328
2681,Pass,0,0.99244213,0.44594482,0,0.9027225
2682,Pass,0,0.9999968,0.07967138,0,0.9854682
2683,Pass,0,0.9940408,0.26327693,0,0.9417911
2684,Pass,0,0.99998,0.14568588,0,0.97177684
2685,Pass,0,0.992078,0.3076607,0,0.93081015
2686,Pass,0,0.9994248,0.08745277,0,0.98329353
2687,Pass,0,0.82600844,0.49285203,0,0.7433086
2688,Pass,0,0.18690322,1.924964,0,0.112742916
2689,Pass,0,0.9998771,0.15894195,0,0.9689312
2690,Pass,0,0.7954613,1.1245586,0,0.6117264
2691,Pass,0,0.9999603,0.051004622,0,0.9913704
2692,Pass,0,0.8667676,0.65632695,0,0.7506346
2693,Pass,0,0.9999994,0.06479704,0,0.988552
2694,Pass,0,0.9982729,0.26582816,0,0.94527316
2695,Pass,0,0.9999981,0.10292132,0,0.9806532
2696,Pass,0,0.9389072,1.3894866,0,0.6705118
2697,Pass,0,0.9962167,0.31176624,0,0.93384606
2698,Pass,0,0.993849,0.7185555,0,0.8478777
2699,Pass,0,0.9866204,0.80019784,0,0.8250247
2700,Pass,0,0.99966574,0.09453818,0,0.9820633
2701,Pass,0,0.9980996,0.14582008,0,0.96992177
2702,Pass,0,0.99978155,0.22983225,0,0.95415676
2703,Pass,0,0.9497958,0.5642217,0,0.8406603
2704,Pass,0,0.9997539,0.4092888,0,0.9169647
2705,Pass,0,0.9997433,0.1691558,0,0.96668625
2706,Pass,0,0.99995124,0.0945628,0,0.98233867
2707,Pass,0,0.9999981,0.17368042,0,0.9659954
2708,Pass,0,0.9978143,0.4172081,0,0.9135489
2709,Pass,0,0.8201214,1.3159077,0,0.5981823
2710,Pass,0,0.9999826,0.18096493,0,0.9644714
2711,Pass,0,0.6651415,1.9545318,0,0.39714962
2712,Pass,0,0.99985254,0.2099039,0,0.9583521
2713,Pass,0,0.99998796,0.16117765,0,0.9685755
2714,Pass,0,0.9999995,0.05482506,0,0.9906178
2715,Pass,0,0.9997553,0.04150285,0,0.993135
2716,Pass,0,0.9999987,0.094814956,0,0.982333
2717,Pass,0,0.96740437,0.7537241,0,0.8182694
2718,Pass,0,0.9999585,0.11191282,0,0.9787519
2719,Pass,0,0.66551054,0.5534373,0,0.59052736
2720,Pass,0,0.99582493,0.50217766,0,0.8941994
2721,Pass,0,0.9999989,0.1146416,0,0.9782261
2722,Pass,0,0.9999989,0.062497202,0,0.9890279
2723,Pass,0,0.3134841,1.1083068,0,0.24213122
2724,Pass,0,0.99980146,0.029008608,0,0.9957685
2725,Pass,0,0.827755,0.7793671,0,0.69575125
2726,Pass,0,0.9999244,0.094941,0,0.98223394
2727,Pass,0,0.99996185,0.26296702,0,0.9474652
2728,Pass,0,0.81272894,0.52883154,0,0.7253012
2729,Pass,0,0.9866105,0.65116256,0,0.855476
2730,Pass,0,0.9196856,2.3775885,0,0.46853697
2731,Pass,0,0.6100099,1.004022,0,0.484342
2732,Pass,0,0.99520504,0.30768898,0,0.9337383
2733,Pass,0,0.52826995,0.44489574,0,0.48062763
2734,Pass,0,0.998514,0.46239722,0,0.9048424
2735,Pass,0,0.99838984,0.6331413,0,0.86941683
2736,Pass,0,0.9454184,0.6705295,0,0.815966
2737,Pass,0,0.9993175,0.44414482,0,0.90934896
2738,Pass,0,0.983355,0.31565207,0,0.920998
2739,Pass,0,0.99537766,0.7348133,0,0.84582955
2740,Pass,0,0.9998803,0.33580324,0,0.9323016
2741,Pass,0,0.9694539,0.84795296,0,0.80107945
2742,Pass,0,0.99996376,0.046332832,0,0.9923416
2743,Pass,0,0.945052,0.7863629,0,0.79297316
2744,Pass,0,0.86937636,0.32063037,0,0.8133505
2745,Pass,0,0.9999964,0.16354816,0,0.9680927
2746,Pass,0,0.98353124,0.49527586,0,0.8845664
2747,Pass,0,0.9386185,1.6951498,0,0.61087346
2748,Pass,0,0.9999999,0.10596046,0,0.9800254
2749,Pass,0,0.39380595,0.8904344,0,0.32194436
2750,Pass,0,0.99998784,0.24047035,0,0.95215
2751,Pass,0,0.9985171,0.3646859,0,0.9250562
2752,Pass,0,0.99999964,0.13209927,0,0.97461045
2753,Pass,0,0.9822662,0.67241603,0,0.8473845
2754,Pass,0,0.99999833,0.1090602,0,0.9793818
2755,Pass,0,0.99990976,0.16783646,0,0.9671205
2756,Pass,0,0.9999393,0.0883902,0,0.98360556
2757,Pass,0,0.98622316,0.43062615,0,0.9001953
2758,Pass,0,0.9999187,0.47690493,0,0.9031102
2759,Pass,0,0.5598079,0.7512196,0,0.47379836
2760,Pass,0,0.9997404,0.22108988,0,0.955928
2761,Pass,0,0.9410578,0.77416635,0,0.7919993
2762,Pass,0,0.9961718,0.4714554,0,0.90085065
2763,Pass,0,0.9997036,0.23098004,0,0.95384467
2764,Pass,0,0.9999809,0.16648948,0,0.9674683
2765,Pass,0,0.99936396,0.17440663,0,0.96523243
2766,Pass,0,0.999918,0.18446958,0,0.9636832
2767,Pass,0,0.87253034,0.51460195,0,0.78124154
2768,Pass,0,0.99988174,0.25969377,0,0.94806725
2769,Pass,0,0.99962115,0.33878508,0,0.93144244
2770,Pass,0,1.0,0.044926815,0,0.99266875
2771,Pass,0,0.99908245,0.25745225,0,0.9477733
2772,Pass,0,0.99999416,0.18508503,0,0.9636291
2773,Pass,0,0.99979466,0.1428366,0,0.97218686
2774,Pass,0,0.99994934,0.16849042,0,0.9670233
2775,Pass,0,0.9999999,0.11917732,0,0.9772875
2776,Pass,0,0.9892475,0.2666284,0,0.93656296
2777,Pass,0,0.9881662,0.62184614,0,0.86282605
2778,Pass,0,0.9999943,0.13779253,0,0.9734259
2779,Pass,0,1.0,0.07848044,0,0.9857181
2780,Pass,0,0.8115669,0.8157205,0,0.6760331
2781,Pass,0,0.94883937,0.95745564,0,0.7625221
2782,Pass,0,0.999268,0.25962064,0,0.9475004
2783,Pass,0,0.99160963,0.2322864,0,0.9458536
2784,Pass,0,0.99996364,0.13061546,0,0.9748827
2785,Pass,0,0.9803137,0.47461882,0,0.88586754
2786,Pass,0,0.64761907,0.74290913,0,0.549233
2787,Pass,0,0.9700069,0.3455117,0,0.9024964
2788,Pass,0,0.99994755,0.1654024,0,0.9676612
2789,Pass,0,0.9996526,0.18098523,0,0.96414894
2790,Pass,0,0.6587564,0.8213731,0,0.54797095
2791,Pass,0,0.99999344,0.052070707,0,0.9911824
2792,Pass,0,0.9998641,0.5668013,0,0.8844412
2793,Pass,0,0.8921777,0.6583799,0,0.7722608
2794,Pass,0,0.99988043,0.23131149,0,0.95394474
2795,Pass,0,0.99782604,0.44124848,0,0.90859044
2796,Pass,0,0.9781608,0.52283275,0,0.8741526
2797,Pass,0,0.78453535,0.7213396,0,0.6688545
2798,Pass,0,0.5275291,1.8835211,0,0.32274255
2799,Pass,0,0.5777182,0.7881764,0,0.48453408
2800,Pass,0,0.99952734,0.2955763,0,0.9403016
2801,Pass,0,0.35545257,0.66192025,0,0.30741578
2802,Pass,0,0.99072635,0.65499115,0,0.8582591
2803,Pass,0,0.9999927,0.2343263,0,0.9534274
2804,Pass,0,0.99692434,0.4755039,0,0.9006951
2805,Pass,0,0.99724424,0.059281956,0,0.9869677
2806,Pass,0,0.999605,0.18609954,0,0.963044
2807,Pass,0,1.0,0.12386609,0,0.97631633
2808,Pass,0,0.9999715,0.3008879,0,0.9396191
2809,Pass,0,0.897297,0.86532557,0,0.73822564
2810,Pass,0,0.87861425,0.6727949,0,0.7578968
2811,Pass,0,0.99142355,0.36761943,0,0.9178821
2812,Pass,0,0.9973387,0.28191465,0,0.94106513
2813,Pass,0,0.9798803,0.529945,0,0.8742455
2814,Pass,0,0.99999404,0.1786571,0,0.9649605
2815,Pass,0,0.9979888,0.47453308,0,0.9018575
2816,Pass,0,0.8748605,0.7770495,0,0.7357648
2817,Pass,0,0.77606755,1.3419305,0,0.5618667
2818,Pass,0,0.92562306,0.6064464,0,0.8111688
2819,Pass,0,0.999861,0.2727145,0,0.94535065
2820,Pass,0,0.9979995,0.36237782,0,0.92505383
2821,Pass,0,0.9999969,0.11396302,0,0.9783647
2822,Pass,0,0.9996575,0.25639656,0,0.9485374
2823,Pass,0,0.999995,0.13267908,0,0.9744858
2824,Pass,0,0.9700393,0.59506667,0,0.85237956
2825,Pass,0,0.42695755,1.7253338,0,0.2752037
2826,Pass,0,0.98677444,0.40306956,0,0.9063314
2827,Pass,0,0.9999982,0.09446623,0,0.9824048
2828,Pass,0,0.9999981,0.15235452,0,0.970413
2829,Pass,0,0.7942846,0.8574642,0,0.6547685
2830,Pass,0,0.9999763,0.20684451,0,0.9591044
2831,Pass,0,0.99999976,0.056408238,0,0.9902901
2832,Pass,0,0.70403534,0.33962974,0,0.65589374
2833,Pass,0,0.9997693,0.13144107,0,0.9745223
2834,Pass,0,0.9882973,1.4629418,0,0.69074494
2835,Pass,0,0.9995222,0.72574496,0,0.851229
2836,Pass,0,0.89875394,1.0035844,0,0.7136834
2837,Pass,0,0.9999933,0.097910166,0,0.9816866
2838,Pass,0,0.9999615,0.21212941,0,0.95799553
2839,Pass,0,0.8738328,0.4551087,0,0.79317695
2840,Pass,0,0.9999726,0.06246452,0,0.98900867
2841,Pass,0,0.9927772,0.24644075,0,0.94405645
2842,Pass,0,0.99703836,0.19170904,0,0.95941263
2843,Pass,0,0.9999989,0.107064284,0,0.97979575
2844,Pass,0,0.5949252,1.0443699,0,0.4673924
2845,Pass,0,0.9970319,0.4886881,0,0.8980693
2846,Pass,0,0.9991147,0.40735736,0,0.9167782
2847,Pass,0,0.6545794,0.40139902,0,0.6014438
2848,Pass,0,0.7854595,1.0020844,0,0.6239626
2849,Pass,0,0.67471987,1.3020655,0,0.49406368
2850,Pass,0,0.9997719,0.21582991,0,0.9570475
2851,Pass,0,0.49913645,1.2166744,0,0.37432188
2852,Pass,0,0.9966487,0.31242588,0,0.9341148
2853,Pass,0,0.52620226,1.7291038,0,0.33876282
2854,Pass,0,0.9999987,0.25500712,0,0.94914895
2855,Pass,0,0.9941307,0.6378884,0,0.86473024
2856,Pass,0,0.99992144,0.61604697,0,0.8742914
2857,Pass,0,0.1597435,1.6253742,0,0.106273524
2858,Pass,0,0.8573582,2.2314677,0,0.46273556
2859,Pass,0,0.7094475,0.56306136,0,0.6280995
2860,Pass,0,0.85283864,1.0164777,0,0.6749451
2861,Pass,0,0.82932204,2.5144258,0,0.3989929
2862,Pass,0,0.99990475,0.19446209,0,0.9616006
2863,Pass,0,0.999418,0.5285501,0,0.89196587
2864,Pass,0,0.99999225,0.07245176,0,0.9869593
2865,Pass,0,0.9999993,0.15163305,0,0.97056365
2866,Pass,0,0.89610183,0.930664,0,0.7251136
2867,Pass,0,0.99775296,0.037712373,0,0.9919293
2868,Pass,0,0.46656716,0.9553781,0,0.37515128
2869,Pass,0,0.9933361,0.84978676,0,0.8204365
2870,Pass,0,0.9998578,0.33493057,0,0.9324613
2871,Pass,0,0.9998429,0.18713106,0,0.96305954
2872,Pass,0,0.9993874,0.15128896,0,0.97004104
2873,Pass,0,0.9999628,0.106087536,0,0.9799627
2874,Pass,0,0.99999857,0.21199863,0,0.9580581
2875,Pass,0,0.96325815,0.9389547,0,0.7778012
2876,Pass,0,0.9999212,0.17567876,0,0.9655071
2877,Pass,0,0.99945706,0.2186713,0,0.95615786
2878,Pass,0,0.995749,0.4402881,0,0.9068972
2879,Pass,0,0.9999291,0.488788,0,0.90065813
2880,Pass,0,0.9993662,0.09585068,0,0.98149735
2881,Pass,0,0.9857555,0.4580096,0,0.8941767
2882,Pass,0,0.9983809,0.75114655,0,0.8450036
2883,Pass,0,0.9999944,0.19164693,0,0.96227
2884,Pass,0,0.99925846,0.07084747,0,0.98656714
2885,Pass,0,0.33372435,1.066147,0,0.2606791
2886,Pass,0,0.9830925,0.78929657,0,0.8242946
2887,Pass,0,0.9999882,0.14434278,0,0.9720631
2888,Pass,0,0.7619014,0.86009276,0,0.6276586
2889,Pass,0,0.9958189,0.7402628,0,0.8450804
2890,Pass,0,0.9999918,0.06548963,0,0.988401
2891,Pass,0,0.9443065,0.44817728,0,0.85850173
2892,Pass,0,0.7017,0.5630272,0,0.6212453
2893,Pass,0,0.99999917,0.22738756,0,0.9548709
2894,Pass,0,0.96559185,0.6759609,0,0.83229077
2895,Pass,0,0.9934962,0.037028927,0,0.98783803
2896,Pass,0,0.6274917,0.8635691,0,0.5164793
2897,Pass,0,0.493429,1.5362396,0,0.33737737
2898,Pass,0,0.9991062,0.08116956,0,0.9842805
2899,Pass,0,0.97686076,0.7270845,0,0.83165866
2900,Pass,0,0.8394007,0.5893796,0,0.7385755
2901,Pass,0,0.9993345,0.41866767,0,0.9146385
2902,Pass,0,0.52113116,0.1982103,0,0.5007632
2903,Pass,0,0.99999297,0.10103429,0,0.98103905
2904,Pass,0,0.9993895,0.27110538,0,0.94523805
2905,Pass,0,0.9999753,0.19488095,0,0.96158177
2906,Pass,0,0.93846476,0.52371925,0,0.8385051
2907,Pass,0,0.99999785,0.084848106,0,0.9843969
2908,Pass,0,0.99999225,0.08326769,0,0.98471874
2909,Pass,0,0.9619832,0.49611223,0,0.86502
2910,Pass,0,0.99998677,0.17994618,0,0.96468645
2911,Pass,0,0.9999927,0.10793121,0,0.9796101
2912,Pass,0,0.6395186,0.9961913,0,0.508809
2913,Pass,0,0.9992742,0.2963918,0,0.9398946
2914,Pass,0,0.99999416,0.0439399,0,0.9928674
2915,Pass,0,0.99993646,0.4174781,0,0.91543585
2916,Pass,0,0.97787386,0.439443,0,0.8907883
2917,Pass,0,0.99994564,0.19720967,0,0.9610708
2918,Pass,0,0.99992037,0.25750667,0,0.9485569
2919,Pass,0,0.9808724,0.484201,0,0.8844254
2920,Pass,0,0.66490805,1.6027466,0,0.44546404
2921,Pass,0,0.9548497,0.7961128,0,0.7992657
2922,Pass,0,0.68951887,0.7424992,0,0.58482593
2923,Pass,0,0.9999238,0.2010381,0,0.9602569
2924,Pass,0,0.61038053,1.526739,0,0.41854313
2925,Pass,0,0.7620042,0.85232174,0,0.62896997
2926,Pass,0,0.99985945,0.023803296,0,0.9969044
2927,Pass,0,0.99966836,0.15471333,0,0.96960455
2928,Pass,0,0.46997073,0.54855406,0,0.41749448
2929,Pass,0,0.7401525,0.75801563,0,0.6253926
2930,Pass,0,0.98725766,0.54804873,0,0.8771252
2931,Pass,0,0.99970454,0.21550886,0,0.95704955
2932,Pass,0,0.9942334,0.29383808,0,0.9356794
2933,Pass,0,0.9998258,0.04729764,0,0.99200475
2934,Pass,0,0.9993723,2.2776442,0,0.52982426
2935,Pass,0,0.9984357,0.55504274,0,0.88560975
2936,Pass,0,0.9999839,0.38792557,0,0.92160106
2937,Pass,0,0.9995022,0.23993117,0,0.9517992
2938,Pass,0,0.99963117,0.18896376,0,0.9624761
2939,Pass,0,0.9316919,1.6354856,0,0.61788076
2940,Pass,0,0.999997,0.26759022,0,0.9465408
2941,Pass,0,0.8097506,1.0395238,0,0.63697904
2942,Pass,0,0.99746513,0.36938626,0,0.9231104
2943,Pass,0,0.9999393,0.16571,0,0.96758956
2944,Pass,0,0.99988616,0.05834711,0,0.989776
2945,Pass,0,1.0,0.07028934,0,0.98741484
2946,Pass,0,0.9999933,0.15488979,0,0.9698832
2947,Pass,0,0.9999877,0.0840068,0,0.98456115
2948,Pass,0,0.9999924,0.083353154,0,0.98470116
2949,Pass,0,0.99993694,0.035489026,0,0.9945611
2950,Pass,0,0.99954045,0.19768427,0,0.9605831
2951,Pass,0,0.9976069,0.22116973,0,0.9538715
2952,Pass,0,0.9515306,0.17128351,0,0.91964835
2953,Pass,0,0.59601474,0.7823876,0,0.5005942
2954,Pass,0,0.43102512,2.0432174,0,0.24944243
2955,Pass,0,0.97003394,1.010083,0,0.76897967
2956,Pass,0,0.97557926,0.5469807,0,0.8669654
2957,Pass,0,0.9816793,0.577703,0,0.8661387
2958,Pass,0,0.99987555,0.25573707,0,0.94888085
2959,Pass,0,0.9998851,0.19625407,0,0.96121055
2960,Pass,0,0.7594025,0.97077906,0,0.60818774
2961,Pass,0,0.9998324,0.15899397,0,0.9688771
2962,Pass,0,0.99980384,0.7941796,0,0.8372953
2963,Pass,0,0.9400605,1.6638961,0,0.61789817
2964,Pass,0,0.99982613,0.08517854,0,0.9841594
2965,Pass,0,0.99991524,0.21996436,0,0.95632833
2966,Pass,0,0.61532193,0.7802211,0,0.51708645
2967,Pass,0,0.9900517,0.16743325,0,0.95766836
2968,Pass,0,0.9976332,0.4691736,0,0.9026438
2969,Pass,0,0.8263821,0.7532135,0,0.6990745
2970,Pass,0,0.9968912,0.39804366,0,0.9166613
2971,Pass,0,1.0,0.03296434,0,0.9951468
2972,Pass,0,0.93167937,0.68653136,0,0.80101985
2973,Pass,0,0.9286137,0.4797099,0,0.83816916
2974,Pass,0,0.9991842,0.25553837,0,0.9482659
2975,Pass,0,0.9999137,0.09179018,0,0.9828761
2976,Pass,0,0.9999039,0.023588264,0,0.9969933
2977,Pass,0,0.99999857,0.101998694,0,0.9808448
2978,Pass,0,0.67867386,0.92647326,0,0.54976296
2979,Pass,0,0.98982483,0.33387113,0,0.92332184
2980,Pass,0,0.98823583,0.4300223,0,0.90215605
2981,Pass,0,0.99999976,0.11226544,0,0.9787192
2982,Pass,0,0.9988681,0.29939923,0,0.93889034
2983,Pass,0,0.99990284,0.086138085,0,0.98403615
2984,Pass,0,0.9999877,0.07214349,0,0.98701864
2985,Pass,0,0.6607675,1.150106,0,0.50464714
2986,Pass,0,0.99999905,0.17182092,0,0.9663815
2987,Pass,0,0.9972843,0.27113226,0,0.9432413
2988,Pass,0,0.97851574,0.25681004,0,0.92839295
2989,Pass,0,0.9836325,0.4898919,0,0.8857546
2990,Pass,0,0.494186,0.6475439,0,0.42887214
2991,Pass,0,0.9998605,0.3614094,0,0.9269795
2992,Pass,0,0.9999976,0.10404992,0,0.980419
2993,Pass,0,0.9993962,0.37780154,0,0.92315537
2994,Pass,0,0.9999963,0.09467077,0,0.98236054
2995,Pass,0,0.62002105,1.0409276,0,0.4875506
2996,Pass,0,0.9998934,1.0240777,0,0.78975165
2997,Pass,0,0.9999969,0.10405241,0,0.9804177
2998,Pass,0,0.99997914,0.1357473,0,0.9738348
2999,Pass,0,0.999617,0.39519846,0,0.9197568
3000,Pass,0,0.9932754,0.7524163,0,0.8404212
3001,Pass,0,0.9977641,0.15812175,0,0.9670532
3002,Pass,0,0.52018225,0.8444296,0,0.43021685
3003,Pass,0,0.93828756,1.3597207,0,0.67585474
3004,Pass,0,0.99999785,0.09355682,0,0.9825929
3005,Pass,0,0.7535487,1.5191135,0,0.5179051
3006,Pass,0,0.9600319,0.74211633,0,0.8143419
3007,Pass,0,0.98702615,0.5726353,0,0.87189245
3008,Pass,0,0.67782867,1.0913742,0,0.52592397
3009,Pass,0,0.9999392,0.2075771,0,0.95891714
3010,Pass,0,0.97666055,1.1177462,0,0.75245064
3011,Pass,0,0.99962497,0.5089572,0,0.89620775
3012,Pass,0,0.99930835,0.30575663,0,0.93798816
3013,Pass,0,0.9977654,0.2194363,0,0.95438135
3014,Pass,0,0.9999988,0.12222414,0,0.97665524
3015,Pass,0,0.9984295,0.050702866,0,0.98991513
3016,Pass,0,0.30670437,1.7733172,0,0.1946436
3017,Pass,0,0.999243,0.6218257,0,0.8725021
3018,Pass,0,0.9825017,0.2720189,0,0.92907935
3019,Pass,0,0.9999602,0.106616914,0,0.9798505
3020,Pass,0,0.9999496,0.09106499,0,0.98306155
3021,Pass,0,0.9999732,0.15103105,0,0.970663
3022,Pass,0,0.99999917,0.16408333,0,0.96798444
3023,Pass,0,0.71977454,1.2747858,0,0.53112245
3024,Pass,0,0.99999166,0.023759073,0,0.99704534
3025,Pass,0,0.99946064,0.25586158,0,0.94846135
3026,Pass,0,0.606952,0.9610727,0,0.4873141
3027,Pass,0,0.7872835,0.46189517,0,0.7135095
3028,Pass,0,0.9999895,0.16666165,0,0.967441
3029,Pass,0,0.99995697,0.024477668,0,0.99686193
3030,Pass,0,0.9999418,0.09624111,0,0.9819818
3031,Pass,0,0.9997986,0.1979243,0,0.9607815
3032,Pass,0,0.78501505,0.7121491,0,0.67075795
3033,Pass,0,0.9998115,0.24975072,0,0.9500599
3034,Pass,0,0.9999858,0.17558633,0,0.9655887
3035,Pass,0,0.9993592,0.23728067,0,0.9522117
3036,Pass,0,0.99968445,0.060212016,0,0.98919016
3037,Pass,0,0.9999628,0.15911102,0,0.9689792
3038,Pass,0,0.7392087,0.7939305,0,0.61909556
3039,Pass,0,0.62794995,1.1788248,0,0.47584766
3040,Pass,0,0.999874,0.09522199,0,0.9821263
3041,Pass,0,0.33087412,1.3108852,0,0.24167807
3042,Pass,0,0.9999659,0.12445812,0,0.9761604
3043,Pass,0,0.997532,0.048432183,0,0.9894945
3044,Pass,0,0.48871487,0.36323407,0,0.45290715
3045,Pass,0,0.9994276,0.31848615,0,0.9354647
3046,Pass,0,0.827046,1.6404047,0,0.5476388
3047,Pass,0,0.43775254,1.3950316,0,0.31211403
3048,Pass,0,0.9999151,0.082700446,0,0.9847603
3049,Pass,0,0.9999901,0.03477313,0,0.99476224
3050,Pass,0,0.9999975,0.078920305,0,0.9856245
3051,Pass,0,0.5252059,1.1239551,0,0.40396002
3052,Pass,0,0.99986243,0.04184552,0,0.9931704
3053,Pass,0,0.9948855,0.1363606,0,0.9687479
3054,Pass,0,0.22044921,1.1644348,0,0.16770907
3055,Pass,0,0.9998741,0.031938512,0,0.995234
3056,Pass,0,0.8899639,0.70501083,0,0.7617478
3057,Pass,0,0.8833339,0.5287152,0,0.7883323
3058,Pass,0,0.7230605,0.57983756,0,0.6376388
3059,Pass,0,0.33755693,1.1957136,0,0.2546128
3060,Pass,0,0.27131402,1.4827489,0,0.18851471
3061,Pass,0,0.9999877,0.054620307,0,0.99064857
3062,Pass,0,0.9999887,0.11823019,0,0.9774727
3063,Pass,0,0.9991186,0.21158034,0,0.9573017
3064,Pass,0,0.9999759,0.21338212,0,0.95774984
3065,Pass,0,0.99989176,0.120860435,0,0.9768332
3066,Pass,0,0.84153974,0.857041,0,0.6937971
3067,Pass,0,0.99998903,0.089134924,0,0.9835002
3068,Pass,0,0.99929905,0.36452648,0,0.9258137
3069,Pass,0,0.9999039,0.13784914,0,0.9733262
3070,Pass,0,0.9975205,0.3561166,0,0.92590374
3071,Pass,0,0.99817944,0.33515006,0,0.9308507
3072,Pass,0,0.9851917,0.4525472,0,0.8947801
3073,Pass,0,0.9999893,0.11568408,0,0.97800076
3074,Pass,0,0.99983835,0.1577519,0,0.9691401
3075,Pass,0,0.72380227,0.35110134,0,0.672589
3076,Pass,0,0.9169794,0.7265759,0,0.7807748
3077,Pass,0,0.7355066,1.2169565,0,0.5515421
3078,Pass,0,0.47446856,1.4797589,0,0.32996467
3079,Pass,0,0.9999949,0.07309631,0,0.9868283
3080,Pass,0,0.98090565,0.3173156,0,0.91836596
3081,Pass,0,0.7807502,2.591722,0,0.3631232
3082,Pass,0,0.99985397,0.04006515,0,0.9935307
3083,Pass,0,0.94353646,0.5792547,0,0.83218193
3084,Pass,0,0.9991586,0.3372205,0,0.9313353
3085,Pass,0,0.99999857,0.07691529,0,0.98604083
3086,Pass,0,0.9999162,0.17937882,0,0.96473587
3087,Pass,0,0.6215406,1.58528,0,0.41865832
3088,Pass,0,0.9998951,0.05653586,0,0.99016005
3089,Pass,0,0.8378521,0.80970216,0,0.6989732
3090,Pass,0,0.99999917,0.05602074,0,0.9903698
3091,Pass,0,0.9997669,0.041290555,0,0.99319047
3092,Pass,0,0.99395084,0.2020444,0,0.9543136
3093,Pass,0,0.86532396,0.559707,0,0.7667039
3094,Pass,0,0.7567934,0.5295637,0,0.675268
3095,Pass,0,0.9999871,0.060958166,0,0.98933506
3096,Pass,0,0.9969837,0.74974,0,0.84411156
3097,Pass,0,0.63881534,0.9976783,0,0.5080527
3098,Pass,0,1.0,0.043348905,0,0.9929956
3099,Pass,0,0.99999464,0.15578842,0,0.96969837
3100,Pass,0,0.927522,0.58458954,0,0.81703246
3101,Pass,0,0.9715745,0.25290933,0,0.92259234
3102,Pass,0,0.9996488,0.18815403,0,0.9626608
3103,Pass,0,0.99992263,0.27143008,0,0.94567496
3104,Pass,0,0.61129546,1.0502666,0,0.4795067
3105,Pass,0,0.9999924,0.17292792,0,0.9661457
3106,Pass,0,0.2747308,0.8138828,0,0.22895461
3107,Pass,0,0.99999535,0.056616403,0,0.99024266
3108,Pass,0,0.9257922,0.22705998,0,0.8840755
3109,Pass,0,0.80330384,1.1941007,0,0.60618526
3110,Pass,0,0.99999785,0.06906853,0,0.9876656
3111,Pass,0,0.9871128,0.6531031,0,0.8555147
3112,Pass,0,0.5714721,0.57558507,0,0.50446236
3113,Pass,0,0.9999931,0.14475891,0,0.9719816
3114,Pass,0,0.9999398,0.056299794,0,0.9902532
3115,Pass,0,0.99999344,0.11005289,0,0.97917134
3116,Pass,0,0.9949232,0.33042654,0,0.9287876
3117,Pass,0,0.9999987,0.045354452,0,0.99257886
3118,Pass,0,0.997985,0.3146981,0,0.9348975
3119,Pass,0,0.9996804,0.22784317,0,0.9544721
3120,Pass,0,0.9946484,0.5203344,0,0.8894018
3121,Pass,0,0.87443656,0.6949773,0,0.75027496
3122,Pass,0,0.99915826,0.26062,0,0.94718957
3123,Pass,0,0.6201535,2.7745504,0,0.26494318
3124,Pass,0,0.25885138,0.69484544,0,0.22210403
3125,Pass,0,0.92744535,0.75909716,0,0.7834381
3126,Pass,0,0.9998708,0.13613644,0,0.97364867
3127,Pass,0,0.99994445,0.28956002,0,0.9419402
3128,Pass,0,0.7157395,0.6599934,0,0.6192983
3129,Pass,0,0.2625674,1.8424139,0,0.16287471
3130,Pass,0,0.9999993,0.07248018,0,0.9869603
3131,Pass,0,0.99976903,0.028480157,0,0.9958456
3132,Pass,0,0.9960316,0.6776753,0,0.85817456
3133,Pass,0,0.9985927,0.32958877,0,0.93238646
3134,Pass,0,0.9998807,0.071282506,0,0.98709136
3135,Pass,0,0.99999,0.09454149,0,0.98238117
3136,Pass,0,0.99977976,0.31392866,0,0.93673813
3137,Pass,0,0.99999785,0.061797317,0,0.98917186
3138,Pass,0,0.99994755,0.035856828,0,0.99449545
3139,Pass,0,0.999572,0.1791365,0,0.96445394
3140,Pass,0,0.99996495,0.17463407,0,0.9657658
3141,Pass,0,0.98677677,0.5136867,0,0.883722
3142,Pass,0,0.99444985,0.9586999,0,0.7989201
3143,Pass,0,0.9999467,0.16575694,0,0.967587
3144,Pass,0,0.99997675,0.19042127,0,0.96250695
3145,Pass,0,0.9996836,0.30752474,0,0.9379743
3146,Pass,0,0.999689,0.17367098,0,0.96569866
3147,Pass,0,0.83946663,0.39219445,0,0.77292347
3148,Pass,0,0.99778926,0.4103325,0,0.91494703
3149,Pass,0,0.41524625,1.248863,0,0.3086405
3150,Pass,0,0.8074543,1.8511219,0,0.49942014
3151,Pass,0,0.9652874,0.6107453,0,0.84506893
3152,Pass,0,0.99980956,0.22464083,0,0.95525867
3153,Pass,0,0.66304755,1.5325788,0,0.45385525
3154,Pass,0,0.9863142,0.84364766,0,0.81589115
3155,Pass,0,0.99999785,0.2146089,0,0.95751673
3156,Pass,0,0.9999963,0.041587006,0,0.9933569
3157,Pass,0,0.95088226,0.36289096,0,0.88127947
3158,Pass,0,0.5443758,0.5913605,0,0.47876433
3159,Pass,0,0.99996734,0.11105354,0,0.9789385
3160,Pass,0,0.9995964,0.2353769,0,0.952832
3161,Pass,0,0.9982577,0.13542542,0,0.9722249
3162,Pass,0,0.99999154,0.12421339,0,0.9762361
3163,Pass,0,0.9605455,0.38950473,0,0.8849398
3164,Pass,0,0.9993206,0.32413977,0,0.93419415
3165,Pass,0,0.9999411,0.15207814,0,0.970415
3166,Pass,0,0.99906296,0.25591263,0,0.9480734
3167,Pass,0,0.9999397,0.0465231,0,0.9922782
3168,Pass,0,0.9986299,0.06111154,0,0.98796064
3169,Pass,0,0.9996939,0.33356997,0,0.9325902
3170,Pass,0,0.99998295,0.10414143,0,0.98038566
3171,Pass,0,0.5959261,0.96675843,0,0.47775963
3172,Pass,0,0.9997882,0.10407898,0,0.9802077
3173,Pass,0,0.9986356,0.44354331,0,0.9088528
3174,Pass,0,0.8368974,0.8279714,0,0.69500947
3175,Pass,0,0.99696237,0.6262443,0,0.86959815
3176,Pass,0,0.99999607,0.13840643,0,0.97330046
3177,Pass,0,0.6232006,1.67793,0,0.40781564
3178,Pass,0,0.9824446,0.506832,0,0.88123727
3179,Pass,0,0.5112805,1.6367427,0,0.3389386
3180,Pass,0,0.92252487,0.47334757,0,0.83388925
3181,Pass,0,0.9992513,0.21295229,0,0.9571448
3182,Pass,0,0.98595756,0.3968565,0,0.9068501
3183,Pass,0,0.9898605,0.13453189,0,0.96422994
3184,Pass,0,0.9999788,0.14481884,0,0.9719553
3185,Pass,0,1.0,0.057797544,0,0.9900026
3186,Pass,0,0.9999323,0.18539974,0,0.96350425
3187,Pass,0,0.9999964,0.13478616,0,0.97405076
3188,Pass,0,0.8965508,0.39175338,0,0.82556456
3189,Pass,0,0.9999989,0.07257454,0,0.9869404
3190,Pass,0,0.4485639,0.70893,0,0.38357562
3191,Pass,0,0.99967563,0.050004378,0,0.9912953
3192,Pass,0,0.99435955,0.36511278,0,0.9211166
3193,Pass,0,0.9999995,0.054842874,0,0.9906141
3194,Pass,0,0.9997855,0.07536425,0,0.986152
3195,Pass,0,0.99997735,0.085011125,0,0.98434293
3196,Pass,0,0.99997246,0.31404358,0,0.9368949
3197,Pass,0,0.9956735,0.6268432,0,0.8683504
3198,Pass,0,0.45993757,1.106101,0,0.35546023
3199,Pass,0,0.9999976,0.25637954,0,0.9488636
3200,Pass,0,0.99999535,0.061382294,0,0.98925537
3201,Pass,0,0.97283506,0.42728725,0,0.8886479
3202,Pass,0,0.9997595,0.16669106,0,0.9672124
3203,Pass,0,0.9766897,0.5904162,0,0.85916424
3204,Pass,0,0.98480123,0.6900649,0,0.845971
3205,Pass,0,0.9960104,0.22799008,0,0.9509378
3206,Pass,0,0.9936652,0.5636102,0,0.87961483
3207,Pass,0,0.99958295,0.24789655,0,0.95022666
3208,Pass,0,0.9081661,1.0196694,0,0.7181314
3209,Pass,0,0.99999917,0.07684489,0,0.986056
3210,Pass,0,0.9866855,0.13681893,0,0.9606697
3211,Pass,0,0.9999964,0.15508917,0,0.96984494
3212,Pass,0,0.7024124,0.5293795,0,0.6267721
3213,Pass,0,0.99996006,0.33207658,0,0.93314785
3214,Pass,0,0.9999969,0.086337715,0,0.98408735
3215,Pass,0,0.31693023,2.4554434,0,0.1563498
3216,Pass,0,0.99886084,0.25307313,0,0.94846916
3217,Pass,0,0.99989474,0.316127,0,0.9363905
3218,Pass,0,0.7148063,0.5197153,0,0.6392623
3219,Pass,0,0.9763747,0.4428061,0,0.8887424
3220,Pass,0,0.9981704,0.2645574,0,0.9454389
3221,Pass,0,0.7250184,0.6724655,0,0.6254537
3222,Pass,0,0.9825435,0.3426789,0,0.91473705
3223,Pass,0,0.99981874,0.19507371,0,0.96139127
3224,Pass,0,0.95185816,0.595187,0,0.83637995
3225,Pass,0,0.999974,0.1721261,0,0.9662941
3226,Pass,0,0.9990181,0.19310437,0,0.9610289
3227,Pass,0,0.9998592,0.29320627,0,0.9411047
3228,Pass,0,0.9999925,0.22064285,0,0.9562617
3229,Pass,0,0.9999931,0.2748886,0,0.94502515
3230,Pass,0,0.81049633,0.5772784,0,0.71517473
3231,Pass,0,0.9999964,0.10137241,0,0.9809724
3232,Pass,0,0.9922241,0.37302777,0,0.9175116
3233,Pass,0,0.39320028,0.53905433,0,0.35006985
3234,Pass,0,0.99995756,0.16260414,0,0.9682506
3235,Pass,0,0.9999852,0.091200955,0,0.9830684
3236,Pass,0,0.99984276,0.2876775,0,0.9422343
3237,Pass,0,0.40540192,1.6222162,0,0.26996937
3238,Pass,0,0.97228175,0.41372603,0,0.89087385
3239,Pass,0,0.999995,0.0777618,0,0.98586196
3240,Pass,0,0.32534313,1.4491471,0,0.2283199
3241,Pass,0,0.994333,0.29523358,0,0.93548566
3242,Pass,0,0.9999863,0.17058995,0,0.96662414
3243,Pass,0,0.99980754,0.16427709,0,0.96775883
3244,Pass,0,0.8515108,1.0759529,0,0.6634033
3245,Pass,0,0.9762581,0.5921734,0,0.8584292
3246,Pass,0,0.9989666,0.41987538,0,0.9140519
3247,Pass,0,0.60795057,1.3543868,0,0.43858257
3248,Pass,0,0.99741745,0.40945584,0,0.91478723
3249,Pass,0,0.82229483,0.83634174,0,0.6814568
3250,Pass,0,0.99990714,0.16951251,0,0.9667708
3251,Pass,0,0.9993007,0.2545664,0,0.9485777
3252,Pass,0,0.9924354,1.069952,0,0.7744299
3253,Pass,0,0.99999344,0.117021665,0,0.9777277
3254,Pass,0,0.96712154,0.4920203,0,0.87046015
3255,Pass,0,0.9778845,0.64811784,0,0.84852654
3256,Pass,0,0.9999924,0.16863681,0,0.9670346
3257,Pass,0,0.5769771,0.465738,0,0.5224509
3258,Pass,0,0.99989617,0.17559195,0,0.96550095
3259,Pass,0,0.94188607,0.5416277,0,0.8380678
3260,Pass,0,0.9997787,0.42838892,0,0.9130317
3261,Pass,0,0.9991035,0.11496249,0,0.9772838
3262,Pass,0,0.9441728,0.26582325,0,0.8940463
3263,Pass,0,0.9999865,0.15436278,0,0.96998584
3264,Pass,0,0.99998915,0.06909508,0,0.9876515
3265,Pass,0,0.72999644,0.6192268,0,0.6377989
3266,Pass,0,0.9954331,0.4039276,0,0.91410726
3267,Pass,0,0.99999857,0.20099752,0,0.96033704
3268,Pass,0,0.9988701,0.22281961,0,0.95473796
3269,Pass,0,0.9998117,0.20737845,0,0.95883596
3270,Pass,0,0.9994122,0.20095961,0,0.95978177
3271,Pass,0,0.9999981,0.09593037,0,0.98210144
3272,Pass,0,0.99610126,0.2794201,0,0.9404122
3273,Pass,0,0.99945086,0.25897452,0,0.9478076
3274,Pass,0,0.9915302,0.42084098,0,0.90704924
3275,Pass,0,0.9999999,0.12447672,0,0.97618973
3276,Pass,0,0.96384,0.5394842,0,0.85802984
3277,Pass,0,0.99968755,0.06675445,0,0.9878384
3278,Pass,0,0.501732,2.040004,0,0.29069585
3279,Pass,0,0.85348547,1.0042077,0,0.6776264
3280,Pass,0,0.8405705,0.54702646,0,0.7469796
3281,Pass,0,0.97300816,0.2087642,0,0.9328516
3282,Pass,0,0.99980015,0.12542804,0,0.97579765
3283,Pass,0,0.52324104,1.0053619,0,0.4153031
3284,Pass,0,0.9998878,0.08928248,0,0.98337007
3285,Pass,0,0.87940663,0.8919372,0,0.718659
3286,Pass,0,0.9999949,0.1859606,0,0.9634484
3287,Pass,0,0.99985814,0.24218464,0,0.9516714
3288,Pass,0,0.9508496,0.7284156,0,0.80925167
3289,Pass,0,0.99968576,0.13302673,0,0.9741125
3290,Pass,0,0.9999347,0.20244391,0,0.9599761
3291,Pass,0,0.9998654,0.12512621,0,0.9759239
3292,Pass,0,0.99367213,0.43917078,0,0.9052357
3293,Pass,0,0.99741155,0.3524815,0,0.9265536
3294,Pass,0,0.9999678,0.112563506,0,0.9786262
3295,Pass,0,0.5241771,1.1266401,0,0.40287712
3296,Pass,0,0.873411,0.39061958,0,0.804462
3297,Pass,0,0.99999976,0.112816215,0,0.9786051
3298,Pass,0,0.99985194,0.06583899,0,0.9881904
3299,Pass,0,0.99999976,0.055419784,0,0.99049485
3300,Pass,0,0.9908303,0.2528005,0,0.9408997
3301,Pass,0,0.99998355,0.15308036,0,0.9702486
3302,Pass,0,0.9999342,0.17121488,0,0.9664443
3303,Pass,0,0.9998903,0.08860536,0,0.98351276
3304,Pass,0,0.99993646,0.2845524,0,0.94297
3305,Pass,0,0.99645066,0.3190099,0,0.93257016
3306,Pass,0,0.998899,0.28983197,0,0.94089913
3307,Pass,0,0.99989986,0.20562595,0,0.95928353
3308,Pass,0,0.99735767,0.27729976,0,0.9420365
3309,Pass,0,0.44286868,1.0905639,0,0.343694
3310,Pass,0,1.0,0.07437505,0,0.9865685
3311,Pass,0,0.9999981,0.13607751,0,0.97378486
3312,Pass,0,1.0,0.072115846,0,0.98703647
3313,Pass,0,0.9999825,0.28179124,0,0.94358534
3314,Pass,0,0.712521,4.768121,0,0.010153496
3315,Pass,0,0.56128275,1.0046239,0,0.4455831
3316,Pass,0,0.9999994,0.065198496,0,0.9884688
3317,Pass,0,0.99999833,0.11933629,0,0.9772531
3318,Pass,0,0.93189424,0.6459394,0,0.80904067
3319,Pass,0,0.9909582,0.26036042,0,0.9394693
3320,Pass,0,0.99967873,0.3001003,0,0.9395071
3321,Pass,0,0.9992976,0.61725944,0,0.873495
3322,Pass,0,0.9999949,0.07944913,0,0.9855123
3323,Pass,0,0.98386544,0.3203202,0,0.92052466
3324,Pass,0,0.9996778,0.37850207,0,0.9232704
3325,Pass,0,0.98728895,0.6391364,0,0.85852385
3326,Pass,0,0.9977731,0.37766445,0,0.92168444
3327,Pass,0,0.82903075,0.8219024,0,0.6895188
3328,Pass,0,0.9999603,0.2525663,0,0.94961816
3329,Pass,0,0.9988121,0.19573943,0,0.96028554
3330,Pass,0,0.9999641,0.11738944,0,0.97762287
3331,Pass,0,0.99946517,0.27106008,0,0.94531894
3332,Pass,0,0.6855078,0.8127424,0,0.5714491
3333,Pass,0,0.99968946,0.061049607,0,0.98902166
3334,Pass,0,0.5955731,1.1697048,0,0.45243832
3335,Pass,0,0.9999999,0.052443575,0,0.9911115
3336,Pass,0,1.0,0.040153563,0,0.9936575
3337,Pass,0,0.99971515,0.3178099,0,0.9358738
3338,Pass,0,0.99998736,0.18989323,0,0.9626265
3339,Pass,0,0.99923027,0.24568942,0,0.9503483
3340,Pass,0,0.81774306,0.49869964,0,0.7348802
3341,Pass,0,0.99993527,0.14706695,0,0.97144735
3342,Pass,0,0.9972537,0.6644576,0,0.861958
3343,Pass,0,0.89580613,1.3859668,0,0.6403847
3344,Pass,0,0.9999678,0.31025794,0,0.93767476
3345,Pass,0,0.9930159,0.60152775,0,0.87124014
3346,Pass,0,0.99998903,0.15101148,0,0.97068244
3347,Pass,0,0.97636795,0.41169825,0,0.89502805
3348,Pass,0,0.70010376,1.0453353,0,0.549884
3349,Pass,0,0.99993896,0.10329633,0,0.98051757
3350,Pass,0,0.9999963,0.05008053,0,0.99159753
3351,Pass,0,0.99999976,0.0665213,0,0.9881952
3352,Pass,0,0.99999595,0.022330012,0,0.9973457
3353,Pass,0,0.9992563,0.44440296,0,0.9092398
3354,Pass,0,0.91370374,0.8444556,0,0.75567394
3355,Pass,0,0.8259188,0.6747783,0,0.71210206
3356,Pass,0,0.99010676,0.70577717,0,0.84730595
3357,Pass,0,0.9987301,0.25820726,0,0.9472828
3358,Pass,0,0.9921366,0.16741702,0,0.9596885
3359,Pass,0,0.9389414,1.0103562,0,0.74427843
3360,Pass,0,0.9971307,0.32379255,0,0.9322187
3361,Pass,0,0.5812177,0.927696,0,0.47067094
3362,Pass,0,0.9540814,0.31461897,0,0.8937849
3363,Pass,0,0.88577557,1.6519101,0,0.58441615
3364,Pass,0,0.99974746,0.26488498,0,0.9468648
3365,Pass,0,0.9900697,0.77173793,0,0.833746
3366,Pass,0,0.6890094,1.1638676,0,0.5242521
3367,Pass,0,0.99999285,0.09245853,0,0.98281544
3368,Pass,0,0.99993646,0.24238348,0,0.95170474
3369,Pass,0,0.99630654,0.44623682,0,0.9061773
3370,Pass,0,0.99312043,0.46168602,0,0.9001011
3371,Pass,0,0.86637676,0.8515117,0,0.71526605
3372,Pass,0,0.9999441,0.15016034,0,0.9708151
3373,Pass,0,0.9999944,0.1113419,0,0.97890526
3374,Pass,0,0.9999633,0.029754577,0,0.99577516
3375,Pass,0,0.9999783,0.119013004,0,0.9773004
3376,Pass,0,0.99985695,0.12805824,0,0.97530836
3377,Pass,0,0.99999845,0.11029884,0,0.9791253
3378,Pass,0,0.9997334,0.24676952,0,0.9506031
3379,Pass,0,0.9994018,0.37554148,0,0.92362845
3380,Pass,0,0.91146076,1.5496224,0,0.62067574
3381,Pass,0,0.9998932,0.12280795,0,0.9764312
3382,Pass,0,0.6038993,1.2936428,0,0.44325897
3383,Pass,0,0.9999988,0.07698247,0,0.9860272
3384,Pass,0,0.26546773,1.1223129,0,0.20427376
3385,Pass,0,0.48551518,0.8954051,0,0.39641854
3386,Pass,0,0.99813145,0.31698263,0,0.9345623
3387,Pass,0,0.9999819,0.15816182,0,0.9691943
3388,Pass,0,0.85639435,0.9321964,0,0.69271094
3389,Pass,0,0.95149463,1.7107571,0,0.61617726
3390,Pass,0,0.99880695,0.16202429,0,0.9672564
3391,Pass,0,0.7484843,0.92163223,0,0.6070639
3392,Pass,0,0.9999547,0.08549699,0,0.98421997
3393,Pass,0,0.9999988,0.08565426,0,0.9842308
3394,Pass,0,0.99995804,0.20118241,0,0.9602598
3395,Pass,0,0.9998078,0.23105766,0,0.953928
3396,Pass,0,0.99988425,0.18623249,0,0.9632855
3397,Pass,0,0.99997544,0.430723,0,0.9127279
3398,Pass,0,0.9999393,0.05285717,0,0.99096584
3399,Pass,0,0.98009676,0.21232772,0,0.9389242
3400,Pass,0,0.97966206,0.6109268,0,0.8576165
3401,Pass,0,0.999859,0.19783062,0,0.9608589
3402,Pass,0,0.9999411,0.07383076,0,0.9866231
3403,Pass,0,0.99823654,0.29501635,0,0.9392031
3404,Pass,0,0.9999999,0.03674692,0,0.9943631
3405,Pass,0,0.9999758,0.16064748,0,0.9686736
3406,Pass,0,0.99789053,0.31046513,0,0.935684
3407,Pass,0,0.99998295,0.15865368,0,0.9690935
3408,Pass,0,0.9869713,0.6402358,0,0.85802287
3409,Pass,0,0.99977225,0.065141514,0,0.9882561
3410,Pass,0,0.69914633,1.1073406,0,0.5401519
3411,Pass,0,0.9964199,0.20336446,0,0.9564118
3412,Pass,0,0.992284,0.22241306,0,0.94852644
3413,Pass,0,0.3913394,1.7708352,0,0.24855667
3414,Pass,0,0.9965155,0.656803,0,0.86290014
3415,Pass,0,0.9999995,0.09628181,0,0.98203
3416,Pass,0,0.9999287,0.03510846,0,0.9946317
3417,Pass,0,0.9972083,0.18250962,0,0.9614765
3418,Pass,0,0.99996305,0.43356642,0,0.91212755
3419,Pass,0,0.99999166,0.10379786,0,0.98046535
3420,Pass,0,0.999997,0.12191939,0,0.9767167
3421,Pass,0,0.9989735,0.15449476,0,0.96897584
3422,Pass,0,0.85264283,0.9182972,0,0.69213146
3423,Pass,0,0.99847823,0.20074755,0,0.9589287
3424,Pass,0,0.99975044,0.23165095,0,0.95375043
3425,Pass,0,0.9996499,0.24723959,0,0.9504264
3426,Pass,0,0.9918508,0.58348775,0,0.8739245
3427,Pass,0,0.9866088,0.72208726,0,0.8409791
3428,Pass,0,0.9995771,0.27766997,0,0.94405615
3429,Pass,0,0.9353482,0.58543384,0,0.8237627
3430,Pass,0,0.9999796,0.10214924,0,0.980795
3431,Pass,0,0.9999913,0.14487678,0,0.9719555
3432,Pass,0,0.99998283,0.21658629,0,0.9570927
3433,Pass,0,1.0,0.024505075,0,0.9968991
3434,Pass,0,0.90846306,1.1240009,0,0.6987321
3435,Pass,0,0.9999355,0.08328455,0,0.9846594
3436,Pass,0,0.9988765,0.2872881,0,0.94140434
3437,Pass,0,0.9980227,0.24742328,0,0.94884133
3438,Pass,0,0.99996436,0.2820316,0,0.9435184
3439,Pass,0,0.5736804,1.452742,0,0.40217128
3440,Pass,0,0.9999794,0.16066158,0,0.9686741
3441,Pass,0,0.9999368,0.110905565,0,0.97893924
3442,Pass,0,0.9995183,0.27930024,0,0.94366306
3443,Pass,0,0.99996614,0.11138691,0,0.97886825
3444,Pass,0,0.9999175,0.104498416,0,0.9802475
3445,Pass,0,0.9997055,0.6709725,0,0.862728
3446,Pass,0,0.99997914,0.3146781,0,0.9367697
3447,Pass,0,0.99409395,0.296778,0,0.93494266
3448,Pass,0,0.99952495,0.14156967,0,0.9721869
3449,Pass,0,0.76360357,1.007827,0,0.60569197
3450,Pass,0,0.9999101,0.26998487,0,0.9459625
3451,Pass,0,0.99999774,0.0712129,0,0.98722124
3452,Pass,0,0.24162221,1.143094,0,0.1848848
3453,Pass,0,0.9897556,0.3942246,0,0.91088295
3454,Pass,0,0.9999958,0.18648796,0,0.9633401
3455,Pass,0,0.9990269,0.3920615,0,0.91986316
3456,Pass,0,0.93750644,0.4801675,0,0.8461068
3457,Pass,0,0.99989057,0.18582524,0,0.9633759
3458,Pass,0,0.9999764,0.07050967,0,0.98734593
3459,Pass,0,1.0,0.07658081,0,0.9861116
3460,Pass,0,0.99378705,0.3354083,0,0.92670137
3461,Pass,0,0.999869,0.21922018,0,0.9564382
3462,Pass,0,0.999889,0.09128764,0,0.98295593
3463,Pass,0,1.0,0.09256157,0,0.98280114
3464,Pass,0,0.9997173,0.06297077,0,0.98865134
3465,Pass,0,0.40451425,1.4258554,0,0.2858325
3466,Pass,0,0.6086071,1.6904114,0,0.39669225
3467,Pass,0,0.99999964,0.041914646,0,0.9932924
3468,Pass,0,0.999821,0.2528474,0,0.9494276
3469,Pass,0,0.99991643,0.24042135,0,0.9520921
3470,Pass,0,0.7461374,0.97175044,0,0.5974139
3471,Pass,0,0.3291312,1.025124,0,0.25988826
3472,Pass,0,0.9999565,0.07393773,0,0.9866162
3473,Pass,0,0.9999863,0.07803988,0,0.9857958
3474,Pass,0,0.99989927,0.15270288,0,0.970245
3475,Pass,0,0.9919193,0.41367108,0,0.90887845
3476,Pass,0,0.9576045,0.6393811,0,0.8326624
3477,Pass,0,0.9895353,0.2686383,0,0.9364234
3478,Pass,0,0.99993443,0.03281063,0,0.9951134
3479,Pass,0,0.9978058,0.035776693,0,0.99238193
3480,Pass,0,0.9982121,0.28460562,0,0.94133276
3481,Pass,0,0.6409361,1.4160012,0,0.45419812
3482,Pass,0,0.7982662,0.59595525,0,0.70129454
3483,Pass,0,0.23904184,0.9650606,0,0.1917262
3484,Pass,0,0.9999478,0.19388168,0,0.9617622
3485,Pass,0,0.97110695,0.7216468,0,0.82785404
3486,Pass,0,0.99641377,0.5285248,0,0.88928986
3487,Pass,0,0.99861753,0.15477523,0,0.96857256
3488,Pass,0,0.68191296,0.5316234,0,0.6081631
3489,Pass,0,0.9999503,0.1412407,0,0.9726688
3490,Pass,0,0.988514,0.39624333,0,0.909327
3491,Pass,0,0.8735058,0.44127786,0,0.7953828
3492,Pass,0,0.84115815,2.3416579,0,0.43479168
3493,Pass,0,0.9999994,0.10542379,0,0.9801361
3494,Pass,0,0.99979335,0.7686963,0,0.84256434
3495,Pass,0,0.99979013,0.23980689,0,0.9520991
3496,Pass,0,0.7135576,1.4443048,0,0.5014775
3497,Pass,0,0.9999944,0.068260044,0,0.9878297
3498,Pass,0,0.99998415,0.2037933,0,0.95974404
3499,Pass,0,0.99999535,0.078510396,0,0.9857073
3500,Pass,0,0.9999871,0.22946663,0,0.9544287
3501,Pass,0,0.9804669,1.5238743,0,0.6728963
3502,Pass,0,0.9455656,1.0517502,0,0.74142116
3503,Pass,0,0.9999939,0.0801567,0,0.9853648
3504,Pass,0,0.9999341,0.033765145,0,0.99491537
3505,Pass,0,0.90616393,1.8165663,0,0.56695974
3506,Pass,0,0.81595075,0.8975936,0,0.66584617
3507,Pass,0,0.99991035,0.25594807,0,0.94887024
3508,Pass,0,0.783561,0.5705008,0,0.6925073
3509,Pass,0,0.97218984,0.40405378,0,0.8927375
3510,Pass,0,0.99997556,0.12676801,0,0.9756913
3511,Pass,0,0.9916203,0.356845,0,0.9202775
3512,Pass,0,0.9973321,0.5032764,0,0.8953257
3513,Pass,0,0.97467333,0.6790709,0,0.8394906
3514,Pass,0,0.90106165,0.85319805,0,0.74358654
3515,Pass,0,0.7996597,1.3359141,0,0.57994384
3516,Pass,0,0.9996031,0.23378062,0,0.9531688
3517,Pass,0,0.99960667,0.20303702,0,0.9595384
3518,Pass,0,0.99975234,0.12222971,0,0.9764134
3519,Pass,0,0.99897623,0.62018716,0,0.87260824
3520,Pass,0,0.21934314,1.264682,0,0.16231263
3521,Pass,0,0.9986154,0.013162984,0,0.9978651
3522,Pass,0,0.9999957,0.17682731,0,0.96534115
3523,Pass,0,0.5524404,1.141371,0,0.42291424
3524,Pass,0,0.9987626,0.042042118,0,0.9920373
3525,Pass,0,0.9999293,0.31274313,0,0.9371238
3526,Pass,0,0.9991297,0.45762572,0,0.90638787
3527,Pass,0,0.9999995,0.21364345,0,0.9577183
3528,Pass,0,0.9464853,2.002384,0,0.5557551
3529,Pass,0,0.99999917,0.1731193,0,0.9661126
3530,Pass,0,0.73746085,0.70981234,0,0.63048214
3531,Pass,0,0.9999825,0.13302837,0,0.9744013
3532,Pass,0,0.9993407,0.23066919,0,0.9535628
3533,Pass,0,0.9999925,0.14536509,0,0.9718555
3534,Pass,0,0.9873783,0.8356599,0,0.81840515
3535,Pass,0,0.9999722,0.16195793,0,0.96839863
3536,Pass,0,0.99999905,0.1544291,0,0.9699842
3537,Pass,0,0.9999999,0.045521688,0,0.9925454
3538,Pass,0,0.9863645,0.352789,0,0.9162286
3539,Pass,0,0.9999769,0.21044388,0,0.9583594
3540,Pass,0,0.9997781,0.1033533,0,0.980348
3541,Pass,0,0.9999999,0.10133414,0,0.98098373
3542,Pass,0,0.99979836,0.035414264,0,0.9944387
3543,Pass,0,0.9999999,0.038236808,0,0.9940545
3544,Pass,0,0.9999981,0.22562046,0,0.95523584
3545,Pass,0,0.99988973,0.36680636,0,0.92588866
3546,Pass,0,0.9991042,0.15107013,0,0.96981144
3547,Pass,0,0.9999999,0.048810534,0,0.9918641
3548,Pass,0,0.999992,0.10089281,0,0.9810675
3549,Pass,0,0.9999937,0.1541786,0,0.9700309
3550,Pass,0,0.99960834,0.32041603,0,0.9352342
3551,Pass,0,0.9999964,0.04770182,0,0.99209034
3552,Pass,0,0.9997551,0.24001466,0,0.9520227
3553,Pass,0,0.9998518,0.2557962,0,0.94884616
3554,Pass,0,0.99923813,0.16147804,0,0.967787
3555,Pass,0,0.74824506,0.6773411,0,0.64473504
3556,Pass,0,0.9999112,0.3065911,0,0.93838114
3557,Pass,0,0.9886042,0.51291925,0,0.88551575
3558,Pass,0,0.99951434,0.12340453,0,0.9759377
3559,Pass,0,0.99969745,0.061161146,0,0.98900646
3560,Pass,0,0.9999423,0.11874712,0,0.9773204
3561,Pass,0,0.9995472,0.27647772,0,0.9442747
3562,Pass,0,0.999355,0.5503966,0,0.887387
3563,Pass,0,0.99980444,0.059622608,0,0.98943096
3564,Pass,0,0.9999877,0.14084753,0,0.97278666
3565,Pass,0,0.9996892,0.58195674,0,0.88114804
3566,Pass,0,0.3761837,1.2443601,0,0.27995732
3567,Pass,0,0.66387606,1.1978439,0,0.50045615
3568,Pass,0,0.999913,0.33109763,0,0.9333067
3569,Pass,0,0.99978024,0.41218683,0,0.91638875
3570,Pass,0,0.97572315,0.7832932,0,0.81932914
3571,Pass,0,0.80164623,0.94135666,0,0.6469058
3572,Pass,0,0.71391875,1.1843202,0,0.5401803
3573,Pass,0,0.9999893,0.10319058,0,0.98058873
3574,Pass,0,0.93373954,0.6059532,0,0.818377
3575,Pass,0,0.99854517,0.313821,0,0.9356037
3576,Pass,0,0.9793736,0.37725267,0,0.90477157
3577,Pass,0,0.9999982,0.1088114,0,0.9794332
3578,Pass,0,0.95253694,0.67935413,0,0.8203686
3579,Pass,0,0.99999905,0.0886751,0,0.98360527
3580,Pass,0,0.99871016,0.27371454,0,0.9440557
3581,Pass,0,0.5447977,0.45487368,0,0.49453872
3582,Pass,0,0.9993944,0.40652514,0,0.91720724
3583,Pass,0,0.99998987,0.111707576,0,0.9788251
3584,Pass,0,0.9993923,0.08408501,0,0.98395866
3585,Pass,0,0.9998809,0.1043492,0,0.98024255
3586,Pass,0,0.9999918,0.10521393,0,0.9801721
3587,Pass,0,0.95146,0.41299087,0,0.8719404
3588,Pass,0,0.9940567,0.36560634,0,0.92073447
3589,Pass,0,0.9994319,0.34406474,0,0.930173
3590,Pass,0,0.9745569,0.43671027,0,0.8883184
3591,Pass,0,0.9999912,0.06484509,0,0.9885339
3592,Pass,0,0.9946116,0.27140412,0,0.94065744
3593,Pass,0,0.9994091,0.29706568,0,0.939882
3594,Pass,0,0.9999918,0.08113155,0,0.98516077
3595,Pass,0,0.56220716,0.7378642,0,0.47738442
3596,Pass,0,0.9996444,0.3553934,0,0.9280248
3597,Pass,0,0.97811687,0.5029003,0,0.878152
3598,Pass,0,0.9974679,0.42982316,0,0.9106251
3599,Pass,0,0.9998435,0.11811067,0,0.97735554
3600,Pass,0,0.9999695,0.22482213,0,0.95537394
3601,Pass,0,0.60156137,1.5005201,0,0.41576302
3602,Pass,0,0.99985075,0.2029115,0,0.95979863
3603,Pass,0,0.9999784,0.07581638,0,0.9862486
3604,Pass,0,0.9959637,0.2442305,0,0.94754255
3605,Pass,0,0.99999833,0.11048371,0,0.9790869
3606,Pass,0,0.9999057,0.19250499,0,0.9620069
3607,Pass,0,0.86410666,0.98266846,0,0.68991464
3608,Pass,0,0.99999297,0.33721125,0,0.9321149
3609,Pass,0,0.9995846,0.32769445,0,0.93370485
3610,Pass,0,0.6251992,1.4769396,0,0.435154
3611,Pass,0,0.99999976,0.04252143,0,0.9931668
3612,Pass,0,0.99570686,0.7033399,0,0.8526011
3613,Pass,0,0.59812546,0.431291,0,0.5458688
3614,Pass,0,0.99997556,0.15703677,0,0.96942127
3615,Pass,0,0.99998343,0.20203951,0,0.9601066
3616,Pass,0,0.99995863,0.028959032,0,0.9959353
3617,Pass,0,0.99998295,0.06146732,0,0.9892255
3618,Pass,0,0.99995327,0.17516945,0,0.9656436
3619,Pass,0,0.9999999,0.050833654,0,0.991445
3620,Pass,0,0.9836463,0.25097978,0,0.9344487
3621,Pass,0,0.9999976,0.107773535,0,0.9796476
3622,Pass,0,0.99513596,0.24348934,0,0.9469078
3623,Pass,0,0.99981886,0.34696645,0,0.9299322
3624,Pass,0,0.99892235,0.22002377,0,0.9553664
3625,Pass,0,0.9998406,0.1513031,0,0.970478
3626,Pass,0,0.9998288,0.19372784,0,0.9616797
3627,Pass,0,0.99998534,0.14861158,0,0.971176
3628,Pass,0,0.96594816,0.45462525,0,0.8768867
3629,Pass,0,0.99990106,0.3645622,0,0.926364
3630,Pass,0,0.9999629,0.21186927,0,0.9580508
3631,Pass,0,0.9920771,0.41281036,0,0.90919995
3632,Pass,0,0.9999963,0.15504779,0,0.9698534
3633,Pass,0,0.6493773,0.8665865,0,0.53408706
3634,Pass,0,0.81865805,0.96158725,0,0.6572029
3635,Pass,0,0.9999541,0.17749551,0,0.9651626
3636,Pass,0,0.4775866,1.2926935,0,0.35064
3637,Pass,0,0.7242722,0.7678875,0,0.6104934
3638,Pass,0,0.9764772,1.1242181,0,0.7510003
3639,Pass,0,0.8482724,0.7736524,0,0.71400094
3640,Pass,0,0.99907243,0.3865633,0,0.921043
3641,Pass,0,0.5776166,0.9224499,0,0.46838245
3642,Pass,0,0.9999975,0.11388123,0,0.9783823
3643,Pass,0,0.99989736,0.14703918,0,0.97141623
3644,Pass,0,0.9998901,0.1149453,0,0.9780568
3645,Pass,0,0.9826189,0.3574503,0,0.9118005
3646,Pass,0,0.9750854,0.5863106,0,0.8585822
3647,Pass,0,0.996192,0.32609013,0,0.9308669
3648,Pass,0,0.7906207,0.6183541,0,0.6909093
3649,Pass,0,0.9999912,0.18093115,0,0.96448666
3650,Pass,0,0.99907637,0.28514713,0,0.94203573
3651,Pass,0,0.9996947,0.19414485,0,0.96146435
3652,Pass,0,0.99997437,0.27757633,0,0.94445074
3653,Pass,0,0.65521556,1.3460641,0,0.47380978
3654,Pass,0,0.99999785,0.19314307,0,0.96196336
3655,Pass,0,0.9999945,0.11071231,0,0.9790358
3656,Pass,0,0.99999225,0.18543841,0,0.963554
3657,Pass,0,0.999997,0.123216115,0,0.97644806
3658,Pass,0,0.998133,0.22579461,0,0.95341825
3659,Pass,0,0.99083626,0.269393,0,0.9374997
3660,Pass,0,0.99999964,0.061572228,0,0.98922026
3661,Pass,0,0.99911207,0.47934,0,0.9018777
3662,Pass,0,0.9992416,0.28939328,0,0.9413126
3663,Pass,0,0.6106103,1.086443,0,0.47439334
3664,Pass,0,0.9983347,0.3264717,0,0.9327902
3665,Pass,0,0.99999845,0.057536367,0,0.9900551
3666,Pass,0,0.9999999,0.051517222,0,0.99130344
3667,Pass,0,0.5675679,0.83172786,0,0.4709005
3668,Pass,0,0.99978954,0.40217474,0,0.9184708
3669,Pass,0,0.71084136,1.0519878,0,0.5573381
3670,Pass,0,0.99214584,0.3067647,0,0.93105793
3671,Pass,0,0.8600191,1.1316824,0,0.66010356
3672,Pass,0,0.99987924,0.105776,0,0.97994536
3673,Pass,0,0.99820316,0.36479303,0,0.92474324
3674,Pass,0,0.9977182,0.36640614,0,0.92396057
3675,Pass,0,0.9305922,0.68119025,0,0.8011148
3676,Pass,0,0.9380165,1.8269002,0,0.584881
3677,Pass,0,0.9242541,0.71309185,0,0.78955066
3678,Pass,0,0.9999939,0.091278166,0,0.983061
3679,Pass,0,0.9999846,0.08745134,0,0.9838446
3680,Pass,0,0.99999833,0.06377537,0,0.98876256
3681,Pass,0,0.9999639,0.086364895,0,0.98404926
3682,Pass,0,0.7636756,1.9661841,0,0.45414
3683,Pass,0,0.99785906,0.17601414,0,0.9634467
3684,Pass,0,0.999539,0.2572514,0,0.94824797
3685,Pass,0,0.9992894,0.02827333,0,0.9954107
3686,Pass,0,0.949223,0.20023645,0,0.9117249
3687,Pass,0,0.99999976,0.05788321,0,0.9899846
3688,Pass,0,0.39817026,0.9914206,0,0.31718272
3689,Pass,0,0.99999356,0.15597595,0,0.96965843
3690,Pass,0,0.99935657,0.35102084,0,0.9286629
3691,Pass,0,0.9346095,0.48576558,0,0.84240854
3692,Pass,0,0.9749069,0.26439193,0,0.92343783
3693,Pass,0,0.999926,0.060539633,0,0.9893613
3694,Pass,0,0.9999808,0.017795607,0,0.9982699
3695,Pass,0,0.97727513,0.5073065,0,0.87650424
3696,Pass,0,0.9999888,0.19158867,0,0.9622767
3697,Pass,0,0.9999981,0.20980796,0,0.9585115
3698,Pass,0,0.9999927,0.05541306,0,0.9904893
3699,Pass,0,0.99991655,0.25037742,0,0.95002997
3700,Pass,0,0.99659735,0.4939371,0,0.89659417
3701,Pass,0,0.68870455,1.2438749,0,0.5126058
3702,Pass,0,0.991478,0.19682288,0,0.9530119
3703,Pass,0,0.99997735,0.100703776,0,0.9810922
3704,Pass,0,0.75652534,1.4620734,0,0.52888995
3705,Pass,0,0.84780157,1.1098609,0,0.6545585
3706,Pass,0,0.64005613,0.80261075,0,0.5349033
3707,Pass,0,0.61225766,0.8905638,0,0.5005166
3708,Pass,0,0.9999435,0.18021563,0,0.96458894
3709,Pass,0,0.9999682,0.12805866,0,0.9754168
3710,Pass,0,0.9655247,0.4852096,0,0.8703851
3711,Pass,0,0.919061,1.0789196,0,0.71546614
3712,Pass,0,0.9978982,0.30786103,0,0.9362295
3713,Pass,0,0.99998784,0.1505401,0,0.97077894
3714,Pass,0,0.99999833,0.075212866,0,0.9863933
3715,Pass,0,0.9994497,0.18363057,0,0.9634055
3716,Pass,0,0.4290928,1.1906263,0,0.32410878
3717,Pass,0,0.99891484,0.25767782,0,0.9475676
3718,Pass,0,0.9999989,0.10705477,0,0.9797978
3719,Pass,0,0.9992912,0.41908917,0,0.9145116
3720,Pass,0,0.9999591,0.24672441,0,0.9508271
3721,Pass,0,0.9999989,0.08982689,0,0.98336655
3722,Pass,0,0.9998647,0.11726645,0,0.9775512
3723,Pass,0,0.9955837,0.6450119,0,0.8645251
3724,Pass,0,0.977741,0.5795391,0,0.86229205
3725,Pass,0,0.9996859,0.2300245,0,0.9540257
3726,Pass,0,0.52884763,0.5674745,0,0.46772447
3727,Pass,0,0.9998503,0.13613997,0,0.973628
3728,Pass,0,0.89274216,0.94154805,0,0.7203822
3729,Pass,0,0.99504197,0.35555607,0,0.92371863
3730,Pass,0,0.99999666,0.07123154,0,0.9872164
3731,Pass,0,0.99988616,0.1390619,0,0.9730577
3732,Pass,0,0.9900926,0.33888456,0,0.92254335
3733,Pass,0,0.9987148,0.4274909,0,0.9122459
3734,Pass,0,0.9996865,0.1583403,0,0.96887106
3735,Pass,0,0.9999993,0.078515634,0,0.98571
3736,Pass,0,0.6915244,0.9147082,0,0.56185794
3737,Pass,0,0.833559,1.4195445,0,0.5900881
3738,Pass,0,0.99677545,0.4183647,0,0.91235894
3739,Pass,0,0.9995932,0.19551307,0,0.9610834
3740,Pass,0,0.99991345,0.09527062,0,0.98215497
3741,Pass,0,0.998637,0.07208406,0,0.98569775
3742,Pass,0,0.99822265,0.04175793,0,0.9915597
3743,Pass,0,0.9846059,0.6174977,0,0.8606043
3744,Pass,0,0.35499245,0.938486,0,0.28667992
3745,Pass,0,0.9747546,0.5574297,0,0.8641227
3746,Pass,0,0.98192376,0.39389086,0,0.90374315
3747,Pass,0,0.99994206,0.27461034,0,0.94503456
3748,Pass,0,0.999954,0.1307592,0,0.9748435
3749,Pass,0,0.9172303,0.98148525,0,0.7325541
3750,Pass,0,0.99833447,0.33638704,0,0.93073946
3751,Pass,0,0.60122454,0.71937734,0,0.5128175
3752,Pass,0,0.999647,0.1220861,0,0.9763403
3753,Pass,0,0.99991095,0.032905303,0,0.9950704
3754,Pass,0,0.9998474,0.29807815,0,0.9400845
3755,Pass,0,0.99999785,0.07758661,0,0.9859011
3756,Pass,0,0.99999976,0.07063274,0,0.9873435
3757,Pass,0,0.99936265,0.06788068,0,0.9872841
3758,Pass,0,0.9999484,0.3610462,0,0.9271361
3759,Pass,0,0.9983576,0.36634853,0,0.9245646
3760,Pass,0,0.98178047,0.6290209,0,0.85579103
3761,Pass,0,0.9957937,0.22905649,0,0.9505109
3762,Pass,0,0.99999845,0.373727,0,0.9245557
3763,Pass,0,0.9957266,0.119189985,0,0.97310865
3764,Pass,0,0.33995146,1.1224668,0,0.2615771
3765,Pass,0,0.6911161,0.4752686,0,0.624439
3766,Pass,0,0.99920696,0.33552462,0,0.93173134
3767,Pass,0,0.99976164,0.0901771,0,0.9830607
3768,Pass,0,0.99999905,0.06423727,0,0.9886676
3769,Pass,0,0.9681275,0.5372392,0,0.86229694
3770,Pass,0,0.8945651,0.6843201,0,0.7695203
3771,Pass,0,0.9999877,0.253177,0,0.94951767
3772,Pass,0,0.99975926,0.18756549,0,0.962889
3773,Pass,0,0.64370614,0.99597234,0,0.51216984
3774,Pass,0,0.9895231,0.17192623,0,0.9562361
3775,Pass,0,0.9951994,0.37144,0,0.9205902
3776,Pass,0,0.999826,0.1486686,0,0.97100943
3777,Pass,0,0.50800306,0.5252126,0,0.45373645
3778,Pass,0,0.99458694,0.4868647,0,0.8962427
3779,Pass,0,0.9671098,0.93969107,0,0.7807638
3780,Pass,0,0.8836324,0.71782535,0,0.75398284
3781,Pass,0,0.82798743,0.7777568,0,0.69622284
3782,Pass,0,0.999992,0.07576873,0,0.9862719
3783,Pass,0,0.99999917,0.087375306,0,0.9838746
3784,Pass,0,0.99993956,0.44805232,0,0.90910554
3785,Pass,0,0.99985254,0.22170678,0,0.95590746
3786,Pass,0,0.9999963,0.14979534,0,0.9709415
3787,Pass,0,0.979055,0.808643,0,0.8169856
3788,Pass,0,0.22040321,1.251295,0,0.16370828
3789,Pass,0,0.6633509,1.178625,0,0.5027012
3790,Pass,0,0.99940443,0.28598478,0,0.94217163
3791,Pass,0,0.9999989,0.07239509,0,0.9869776
3792,Pass,0,0.99747235,0.5074671,0,0.89458567
3793,Pass,0,0.9999324,0.25143075,0,0.9498269
3794,Pass,0,0.9999658,0.08464777,0,0.9844068
3795,Pass,0,0.99917775,0.6001467,0,0.87693226
3796,Pass,0,0.9871503,0.48713335,0,0.88948643
3797,Pass,0,0.9145661,0.28575334,0,0.8622356
3798,Pass,0,0.9998429,0.12558249,0,0.9758074
3799,Pass,0,0.9999454,0.1985948,0,0.96078366
3800,Pass,0,0.999747,0.48613045,0,0.9010445
3801,Pass,0,0.9998927,0.1662351,0,0.96743566
3802,Pass,0,0.6113796,0.84652424,0,0.50537634
3803,Pass,0,0.99869126,0.25412455,0,0.94809055
3804,Pass,0,0.9998454,0.1286774,0,0.9751689
3805,Pass,0,0.7354499,0.68830794,0,0.6320391
3806,Pass,0,0.9609666,0.6164036,0,0.84015983
3807,Pass,0,0.24879515,1.1862359,0,0.18814993
3808,Pass,0,0.998944,0.20276748,0,0.95895797
3809,Pass,0,0.83865565,0.62414867,0,0.7318796
3810,Pass,0,0.8668244,1.3135891,0,0.632663
3811,Pass,0,0.996425,0.7894027,0,0.83545166
3812,Pass,0,0.9999987,0.12627652,0,0.9758158
3813,Pass,0,0.54647803,1.2177458,0,0.4097039
3814,Pass,0,0.99491715,0.5741039,0,0.8785603
3815,Pass,0,0.99958605,0.14833857,0,0.97084475
3816,Pass,0,0.69391775,0.5190704,0,0.620674
3817,Pass,0,0.31858838,1.4148859,0,0.22584064
3818,Pass,0,0.99998426,0.0852734,0,0.98429537
3819,Pass,0,0.99998844,0.095832855,0,0.9821121
3820,Pass,0,0.8461874,0.40589666,0,0.7767097
3821,Pass,0,0.99999154,0.11629422,0,0.97787654
3822,Pass,0,0.9999975,0.1354173,0,0.973921
3823,Pass,0,0.99999976,0.045808915,0,0.99248576
3824,Pass,0,0.9965759,0.48538134,0,0.8983412
3825,Pass,0,0.9999987,0.12716289,0,0.97563213
3826,Pass,0,0.9995778,0.24793215,0,0.9502145
3827,Pass,0,0.86145365,0.66632044,0,0.7442493
3828,Pass,0,0.7668242,0.90964234,0,0.62384313
3829,Pass,0,0.92307913,0.63793325,0,0.8029185
3830,Pass,0,0.88695306,1.0703729,0,0.6920412
3831,Pass,0,0.99997914,0.13191865,0,0.9746279
3832,Pass,0,0.99998844,0.06769773,0,0.98794025
3833,Pass,0,0.9458009,0.35298222,0,0.87851137
3834,Pass,0,0.94563735,0.59864074,0,0.8302373
3835,Pass,0,0.9999999,0.063147,0,0.9888943
3836,Pass,0,0.9999931,0.15854093,0,0.9691267
3837,Pass,0,0.99973625,0.24333383,0,0.95131737
3838,Pass,0,0.789826,1.5536456,0,0.5371881
3839,Pass,0,0.9996106,0.19718899,0,0.9607531
3840,Pass,0,0.99999976,0.11933396,0,0.9772549
3841,Pass,0,0.99859196,0.24956338,0,0.94893986
3842,Pass,0,0.9998654,0.16386962,0,0.9678992
3843,Pass,0,0.98337513,0.48649368,0,0.88621503
3844,Pass,0,0.95240545,0.66849816,0,0.8223971
3845,Pass,0,0.9999807,0.20921108,0,0.9586184
3846,Pass,0,0.9942994,0.18329175,0,0.95851076
3847,Pass,0,0.9899357,0.7541037,0,0.8372494
3848,Pass,0,0.9998604,0.11621114,0,0.97776556
3849,Pass,0,0.99325645,0.27978462,0,0.9376515
3850,Pass,0,0.99990666,0.19511482,0,0.96146727
3851,Pass,0,0.9999907,0.08495499,0,0.98436767
3852,Pass,0,0.5943521,1.0411599,0,0.46733737
3853,Pass,0,0.99937785,0.3018845,0,0.938855
3854,Pass,0,0.9994611,0.43814036,0,0.9107228
3855,Pass,0,0.99990916,0.12025475,0,0.9769757
3856,Pass,0,0.9090091,0.6599454,0,0.7865351
3857,Pass,0,0.9961558,0.2663348,0,0.943164
3858,Pass,0,0.95756924,0.5479294,0,0.85077226
3859,Pass,0,0.9882449,0.62235636,0,0.8627903
3860,Pass,0,0.9999863,0.107284844,0,0.97973776
3861,Pass,0,0.9999734,0.118003696,0,0.97750473
3862,Pass,0,0.3975533,1.3237821,0,0.28932
3863,Pass,0,0.9999999,0.09398317,0,0.9825065
3864,Pass,0,0.9829276,0.3533076,0,0.9129304
3865,Pass,0,0.9985977,0.6062053,0,0.8751699
3866,Pass,0,0.99999404,0.11112741,0,0.9789493
3867,Pass,0,0.9985581,0.65217423,0,0.86562634
3868,Pass,0,0.9988248,0.25762728,0,0.9474926
3869,Pass,0,0.9968514,0.3207442,0,0.93258697
3870,Pass,0,0.99974626,0.1938072,0,0.9615838
3871,Pass,0,0.99230945,0.2676477,0,0.9392524
3872,Pass,0,0.96627396,0.62987345,0,0.84210384
3873,Pass,0,0.6208181,2.7036474,0,0.27434552
3874,Pass,0,0.99997795,0.1099994,0,0.9791673
3875,Pass,0,0.65129024,0.3626067,0,0.60365534
3876,Pass,0,0.7840306,0.7872665,0,0.65771675
3877,Pass,0,0.99997675,0.17319486,0,0.9660753
3878,Pass,0,0.99997306,0.12125982,0,0.9768299
3879,Pass,0,0.78842014,0.8293959,0,0.6545184
3880,Pass,0,0.81153417,1.2754776,0,0.59871566
3881,Pass,0,0.9999982,0.1120296,0,0.97876656
3882,Pass,0,0.99504733,0.31718028,0,0.9316339
3883,Pass,0,0.9997465,0.26001054,0,0.9478734
3884,Pass,0,0.99843293,0.3378911,0,0.9305201
3885,Pass,0,0.9998816,0.06809673,0,0.98775214
3886,Pass,0,0.99821484,0.1824934,0,0.9624504
3887,Pass,0,0.98635733,0.67657924,0,0.8500632
3888,Pass,0,0.92826414,0.558485,0,0.8227058
3889,Pass,0,0.40001184,1.1284916,0,0.3072916
3890,Pass,0,0.9154706,0.6600506,0,0.7921061
3891,Pass,0,0.9999064,0.09762006,0,0.9816614
3892,Pass,0,0.99211276,0.47383475,0,0.89669096
3893,Pass,0,0.80315316,1.2209632,0,0.6016023
3894,Pass,0,0.9999924,0.21129768,0,0.95819736
3895,Pass,0,0.99971277,0.36374336,0,0.9263592
3896,Pass,0,0.9899239,0.28537846,0,0.93335843
3897,Pass,0,0.9672505,0.54168767,0,0.8606245
3898,Pass,0,0.9901578,0.7979376,0,0.8284463
3899,Pass,0,0.99999964,0.056853235,0,0.99019784
3900,Pass,0,0.9999999,0.047890075,0,0.99205476
3901,Pass,0,0.87919927,0.4720539,0,0.7949619
3902,Pass,0,0.9999819,0.076566935,0,0.98609656
3903,Pass,0,0.9999988,0.037294213,0,0.9942487
3904,Pass,0,0.999995,0.066505335,0,0.98819375
3905,Pass,0,0.9990452,0.44949806,0,0.90799326
3906,Pass,0,0.939904,0.5063085,0,0.84318095
3907,Pass,0,0.99763083,0.26886192,0,0.9440383
3908,Pass,0,0.9999933,0.16010064,0,0.96880376
3909,Pass,0,0.99441504,0.321648,0,0.93012154
3910,Pass,0,0.99996984,0.24571861,0,0.9510457
3911,Pass,0,0.9986829,0.08643907,0,0.9827733
3912,Pass,0,0.9999144,0.036212914,0,0.99438876
3913,Pass,0,0.7064378,0.21386246,0,0.67653674
3914,Pass,0,0.8914048,0.53340244,0,0.7946696
3915,Pass,0,0.9960018,0.41806036,0,0.9117136
3916,Pass,0,0.9999769,0.17922747,0,0.9648258
3917,Pass,0,0.9998596,0.283223,0,0.9431728
3918,Pass,0,0.9984744,0.25810236,0,0.947062
3919,Pass,0,0.98914367,0.41133755,0,0.9068133
3920,Pass,0,0.99999976,0.05278074,0,0.99104154
3921,Pass,0,0.57969826,1.2649481,0,0.42894134
3922,Pass,0,0.999845,0.3344168,0,0.9325558
3923,Pass,0,0.9999068,0.1279409,0,0.97538126
3924,Pass,0,0.99982256,0.18745278,0,0.96297336
3925,Pass,0,0.9585726,0.94634193,0,0.77255094
3926,Pass,0,0.9995363,0.17561604,0,0.96514845
3927,Pass,0,0.99999726,0.07581671,0,0.98626715
3928,Pass,0,0.99995637,0.03856458,0,0.99394333
3929,Pass,0,0.7438068,0.64901936,0,0.6452746
3930,Pass,0,0.9999914,0.13936608,0,0.97309715
3931,Pass,0,0.9998995,0.2651142,0,0.94696134
3932,Pass,0,0.9987552,0.19916618,0,0.9595219
3933,Pass,0,0.452306,0.71462256,0,0.38624218
3934,Pass,0,0.99974984,0.10946326,0,0.9790549
3935,Pass,0,0.9861034,0.5250449,0,0.88079876
3936,Pass,0,0.9996215,0.29787597,0,0.9399139
3937,Pass,0,0.99510336,0.49362504,0,0.89531446
3938,Pass,0,0.9999994,0.051806938,0,0.99124295
3939,Pass,0,0.999718,0.14529073,0,0.9716041
3940,Pass,0,0.9999702,0.09618401,0,0.98202145
3941,Pass,0,0.99999607,0.09648994,0,0.9819835
3942,Pass,0,0.9980247,0.28203088,0,0.9416884
3943,Pass,0,0.99999964,0.15110499,0,0.9706734
3944,Pass,0,0.9999832,0.11077208,0,0.9790123
3945,Pass,0,0.99983466,0.13423851,0,0.9740066
3946,Pass,0,0.728705,0.8459676,0,0.60244346
3947,Pass,0,0.99998474,0.11782696,0,0.9775524
3948,Pass,0,0.9631312,0.79886657,0,0.8056483
3949,Pass,0,0.99467295,0.212653,0,0.952821
3950,Pass,0,0.9996896,0.2337654,0,0.95325446
3951,Pass,0,0.9999516,0.024269264,0,0.9968997
3952,Pass,0,0.9999751,0.13017496,0,0.9749851
3953,Pass,0,0.57592833,1.1145089,0,0.44409993
3954,Pass,0,0.9939276,0.43835247,0,0.9056369
3955,Pass,0,0.99987006,0.34249717,0,0.93090546
3956,Pass,0,0.9999274,0.07911065,0,0.98551595
3957,Pass,0,0.99999404,0.06673509,0,0.98814523
3958,Pass,0,0.99999523,0.2575684,0,0.94861513
3959,Pass,0,0.58490074,0.6463438,0,0.507743
3960,Pass,0,0.9936854,0.5165247,0,0.88932496
3961,Pass,0,0.99963784,0.050228253,0,0.9912114
3962,Pass,0,0.99999475,0.21929958,0,0.9565421
3963,Pass,0,0.26969275,1.5108953,0,0.18581577
3964,Pass,0,0.9999893,0.18819846,0,0.96297944
3965,Pass,0,0.99998415,0.19979826,0,0.9605716
3966,Pass,0,0.5434831,0.59789467,0,0.4772436
3967,Pass,0,0.4967005,1.3217524,0,0.36168334
3968,Pass,0,0.55603117,1.0031126,0,0.44158813
3969,Pass,0,0.9946084,0.40369773,0,0.9133973
3970,Pass,0,0.99981457,0.2808717,0,0.94361734
3971,Pass,0,0.99996674,0.10015936,0,0.98119456
3972,Pass,0,0.9994917,0.07640847,0,0.985646
3973,Pass,0,0.99992025,0.27226245,0,0.9455003
3974,Pass,0,0.98458695,1.5636929,0,0.6676026
3975,Pass,0,0.9997466,0.03467464,0,0.99454045
3976,Pass,0,0.9982534,0.036494944,0,0.9926786
3977,Pass,0,0.9767397,0.4168633,0,0.89432377
3978,Pass,0,0.50274116,2.1769357,0,0.27701992
3979,Pass,0,0.99989915,0.16877466,0,0.9669159
3980,Pass,0,0.99885666,0.20477492,0,0.95845884
3981,Pass,0,0.7683509,0.5541124,0,0.6816732
3982,Pass,0,0.9999987,0.088539205,0,0.98363304
3983,Pass,0,0.99472755,0.48678672,0,0.89638543
3984,Pass,0,0.9999914,0.119520865,0,0.977208
3985,Pass,0,0.9877123,0.350776,0,0.91789246
3986,Pass,0,0.99996173,0.21738516,0,0.9569071
3987,Pass,0,0.99946815,0.432254,0,0.91194785
3988,Pass,0,0.92236376,0.5208488,0,0.8246675
3989,Pass,0,0.9282807,0.7645022,0,0.7831044
3990,Pass,0,0.20646569,1.5864093,0,0.1390232
3991,Pass,0,0.99925786,0.15942724,0,0.9682307
3992,Pass,0,0.99999845,0.08969991,0,0.98339236
3993,Pass,0,0.9998715,0.06993293,0,0.9873618
3994,Pass,0,0.99582016,0.28346422,0,0.9393126
3995,Pass,0,0.9933188,0.43023142,0,0.90675324
3996,Pass,0,0.99790657,0.6589885,0,0.8636529
3997,Pass,0,0.9900305,0.63075244,0,0.8626273
3998,Pass,0,0.99999964,0.12116527,0,0.9768754
3999,Pass,0,0.99996305,0.28940433,0,0.94198996
4000,Pass,0,0.99861753,0.1435322,0,0.9708984
4001,Pass,0,0.99946636,0.29962876,0,0.9394052
4002,Pass,0,0.98956597,0.55417883,0,0.8779194
4003,Pass,0,0.9999473,0.23068506,0,0.9541383
4004,Pass,0,0.99995065,0.3688079,0,0.9255305
4005,Pass,0,0.9999722,0.31229198,0,0.93725747
4006,Pass,0,0.85283023,0.6944249,0,0.73183405
4007,Pass,0,0.9997627,0.17581645,0,0.9653256
4008,Pass,0,0.9474063,2.0055895,0,0.55566674
4009,Pass,0,0.9299968,0.35762754,0,0.8629368
4010,Pass,0,0.9517855,0.7729006,0,0.80127734
4011,Pass,0,0.99997044,0.12960388,0,0.9750989
4012,Pass,0,0.9969246,0.34738693,0,0.92715335
4013,Pass,0,0.7828151,2.6237586,0,0.35888845
4014,Pass,0,0.99992526,0.23222561,0,0.9537982
4015,Pass,0,0.9998592,0.27582517,0,0.94470465
4016,Pass,0,0.9999999,0.04171924,0,0.9933331
4017,Pass,0,0.99943584,0.21534635,0,0.9568259
4018,Pass,0,0.9999999,0.087627396,0,0.9838231
4019,Pass,0,0.988724,0.63953996,0,0.85968906
4020,Pass,0,0.99997807,0.12453199,0,0.976157
4021,Pass,0,0.9999963,0.14558701,0,0.9718132
4022,Pass,0,0.99992347,0.16398963,0,0.96793056
4023,Pass,0,0.925312,0.9940264,0,0.7366047
4024,Pass,0,0.99309593,0.2730548,0,0.93888444
4025,Pass,0,0.97105074,0.8500414,0,0.8019789
4026,Pass,0,0.9999809,0.14484799,0,0.97195137
4027,Pass,0,0.97753227,0.27728945,0,0.92331284
4028,Pass,0,0.8659711,0.31638947,0,0.8109254
4029,Pass,0,0.9226191,0.82537717,0,0.7666937
4030,Pass,0,0.9998982,0.23115194,0,0.9539947
4031,Pass,0,0.9999665,0.12671004,0,0.97569454
4032,Pass,0,0.9818824,1.5995592,0,0.65847355
4033,Pass,0,0.98550594,0.49258232,0,0.8868924
4034,Pass,0,0.9999696,0.24243574,0,0.9517255
4035,Pass,0,0.9976821,0.15891734,0,0.9668092
4036,Pass,0,0.9992385,0.26784426,0,0.94577026
4037,Pass,0,0.9944667,0.66950834,0,0.8585087
4038,Pass,0,0.99833626,0.31866318,0,0.9344065
4039,Pass,0,0.9999701,0.30440673,0,0.9388889
4040,Pass,0,0.99999,0.04812391,0,0.9919965
4041,Pass,0,0.68733585,2.1062722,0,0.3887964
4042,Pass,0,0.92830586,1.0798978,0,0.72247493
4043,Pass,0,0.999969,0.17655465,0,0.96537185
4044,Pass,0,0.75920916,1.3852254,0,0.5428522
4045,Pass,0,1.0,0.09146289,0,0.9830287
4046,Pass,0,0.99995744,0.21490346,0,0.957417
4047,Pass,0,0.99998593,0.16565338,0,0.9676464
4048,Pass,0,0.9997322,0.18970288,0,0.96242034
4049,Pass,0,0.99722505,0.16445318,0,0.9652227
4050,Pass,0,0.99974984,0.42419934,0,0.9138731
4051,Pass,0,0.99995553,0.12749013,0,0.9755222
4052,Pass,0,0.9756173,0.66950613,0,0.8422367
4053,Pass,0,0.9996123,0.69845545,0,0.85695666
4054,Pass,0,0.9999466,0.16058967,0,0.96865726
4055,Pass,0,0.9990213,0.07652022,0,0.985159
4056,Pass,0,0.9998287,0.064428784,0,0.9884595
4057,Pass,0,0.9998658,0.2611995,0,0.9477402
4058,Pass,0,0.96252096,0.32391202,0,0.89983815
4059,Pass,0,0.9999864,0.08860899,0,0.9836066
4060,Pass,0,0.9999616,0.16388768,0,0.96798867
4061,Pass,0,0.9999807,0.018151775,0,0.998196
4062,Pass,0,0.9999931,0.13475153,0,0.97405463
4063,Pass,0,0.9998166,0.20748867,0,0.95881784
4064,Pass,0,0.9565774,0.96282256,0,0.76767725
4065,Pass,0,0.9999813,0.13108161,0,0.9748034
4066,Pass,0,0.8375469,0.29519343,0,0.7879855
4067,Pass,0,0.3979494,0.72901857,0,0.33863816
4068,Pass,0,0.99999464,0.0956858,0,0.9821487
4069,Pass,0,0.9999808,0.24862842,0,0.95045334
4070,Pass,0,0.99988747,0.04145626,0,0.9932759
4071,Pass,0,0.9999374,0.119517736,0,0.9771559
4072,Pass,0,0.9999994,0.12614137,0,0.9758444
4073,Pass,0,0.90821147,0.5429103,0,0.80786365
4074,Pass,0,0.99875414,0.3159886,0,0.935351
4075,Pass,0,0.76891154,2.696134,0,0.34098616
4076,Pass,0,0.99928135,0.18167882,0,0.9636473
4077,Pass,0,0.9992685,0.31167987,0,0.9367246
4078,Pass,0,0.51051116,0.75027716,0,0.43217528
4079,Pass,0,0.99788433,0.25577262,0,0.94698393
4080,Pass,0,0.99923646,0.3245809,0,0.93402416
4081,Pass,0,0.9966421,0.49412993,0,0.89659464
4082,Pass,0,0.99896216,0.4297142,0,0.9120118
4083,Pass,0,0.9506658,0.6837278,0,0.81789565
4084,Pass,0,0.99993277,0.17418694,0,0.9658273
4085,Pass,0,0.9998455,0.060231943,0,0.9893454
4086,Pass,0,0.9997502,0.29891545,0,0.9398197
4087,Pass,0,0.99999857,0.17492148,0,0.9657387
4088,Pass,0,0.99985886,0.14775284,0,0.97123104
4089,Pass,0,0.9999268,0.026374342,0,0.996439
4090,Pass,0,0.89050263,0.70271295,0,0.7626328
4091,Pass,0,0.99999833,0.030479377,0,0.9956599
4092,Pass,0,0.90103763,0.4823745,0,0.8127816
4093,Pass,0,0.854239,0.8000201,0,0.7143571
4094,Pass,0,0.99999714,0.08107574,0,0.98517764
4095,Pass,0,0.9676458,0.9736586,0,0.7743878
4096,Pass,0,0.9966725,0.36626843,0,0.9230206
4097,Pass,0,0.98667324,1.1652282,0,0.75045985
4098,Pass,0,0.39460605,1.6101468,0,0.2637667
4099,Pass,0,0.99891615,0.15699883,0,0.968402
4100,Pass,0,0.9979177,0.29137495,0,0.93965584
4101,Pass,0,0.9994081,0.14831805,0,0.9706762
4102,Pass,0,0.9996284,0.41439372,0,0.9157926
4103,Pass,0,0.9908885,0.7503078,0,0.8388344
4104,Pass,0,0.91787815,0.569499,0,0.8114067
4105,Pass,0,0.9787183,0.4153498,0,0.89644223
4106,Pass,0,0.99994063,0.15417722,0,0.96997976
4107,Pass,0,0.99937063,0.05611688,0,0.98972744
4108,Pass,0,0.9999889,0.17374444,0,0.9659732
4109,Pass,0,0.99993956,0.25430232,0,0.94923884
4110,Pass,0,0.9976802,0.25112367,0,0.947751
4111,Pass,0,0.99981254,0.21516936,0,0.95722324
4112,Pass,0,0.99979824,0.1762301,0,0.9652742
4113,Pass,0,0.81460494,0.615756,0,0.71230716
4114,Pass,0,0.22493394,0.7461279,0,0.19061208
4115,Pass,0,0.41999698,1.1604826,0,0.31986097
4116,Pass,0,0.9999995,0.031057458,0,0.99554133
4117,Pass,0,0.99979335,0.17943914,0,0.9646049
4118,Pass,0,0.9637695,0.7054845,0,0.8248257
4119,Pass,0,0.99971646,0.2779236,0,0.9441352
4120,Pass,0,0.9993618,0.2781928,0,0.9437446
4121,Pass,0,0.9985152,0.37450522,0,0.92302334
4122,Pass,0,0.9999925,0.22177285,0,0.9560276
4123,Pass,0,0.9997236,0.42771703,0,0.91312057
4124,Pass,0,0.9996519,0.11607532,0,0.9775898
4125,Pass,0,0.9997665,0.31448892,0,0.9366097
4126,Pass,0,0.7444726,0.9502024,0,0.5994041
4127,Pass,0,0.98649025,0.8976128,0,0.8050088
4128,Pass,0,0.999998,0.06174344,0,0.9891831
4129,Pass,0,0.9999645,0.18033473,0,0.96458447
4130,Pass,0,0.17521058,0.6654302,0,0.15140477
4131,Pass,0,0.99968016,0.20461446,0,0.9592822
4132,Pass,0,0.99992,0.18637584,0,0.9632902
4133,Pass,0,0.9980427,0.29879493,0,0.93823946
4134,Pass,0,0.9997427,0.1680346,0,0.9669179
4135,Pass,0,0.9944436,0.60937965,0,0.8708753
4136,Pass,0,0.98619765,0.40147305,0,0.9061278
4137,Pass,0,0.98574084,0.20701921,0,0.9454152
4138,Pass,0,0.7567172,2.0688791,0,0.433904
4139,Pass,0,0.9999666,0.04600311,0,0.9924126
4140,Pass,0,0.563896,0.9801338,0,0.45051843
4141,Pass,0,0.98915595,0.41712832,0,0.90563804
4142,Pass,0,0.99999714,0.1368613,0,0.97362155
4143,Pass,0,0.9995622,0.120222785,0,0.97664326
4144,Pass,0,0.79304135,1.2061357,0,0.5964639
4145,Pass,0,0.883593,1.8244634,0,0.5513924
4146,Pass,0,0.9402177,0.5026029,0,0.8441841
4147,Pass,0,0.9993193,0.29147196,0,0.9409555
4148,Pass,0,0.99885595,0.47013378,0,0.9035514
4149,Pass,0,0.9998679,0.2643033,0,0.9470994
4150,Pass,0,1.0,0.078105524,0,0.98579574
4151,Pass,0,0.99033374,0.35457784,0,0.9195486
4152,Pass,0,0.99997187,0.2852751,0,0.9428536
4153,Pass,0,0.9120215,0.70558,0,0.78052
4154,Pass,0,0.6918118,0.88229173,0,0.56673706
4155,Pass,0,0.99999404,0.16016705,0,0.9687907
4156,Pass,0,0.53651524,0.9117316,0,0.43624505
4157,Pass,0,0.9841724,0.42305437,0,0.8998671
4158,Pass,0,0.99999905,0.028920714,0,0.9959835
4159,Pass,0,0.9741513,0.4522975,0,0.8848033
4160,Pass,0,0.99999976,0.11996309,0,0.97712463
4161,Pass,0,0.99877435,0.047591746,0,0.9909007
4162,Pass,0,0.9998068,0.17700909,0,0.96512115
4163,Pass,0,0.9999908,0.17029381,0,0.9666899
4164,Pass,0,0.9397452,1.1301652,0,0.7215923
4165,Pass,0,0.9902783,0.26128012,0,0.93863606
4166,Pass,0,0.966452,0.40746966,0,0.8867848
4167,Pass,0,0.99997616,0.09209176,0,0.982875
4168,Pass,0,0.9999838,0.1280704,0,0.9754296
4169,Pass,0,0.7733609,0.7230827,0,0.65904844
4170,Pass,0,0.99999714,0.13286328,0,0.97444975
4171,Pass,0,0.9673187,0.2383907,0,0.9214604
4172,Pass,0,0.98025644,0.66782695,0,0.8465826
4173,Pass,0,0.99972683,0.19620757,0,0.96106803
4174,Pass,0,0.9932975,0.53180104,0,0.8858345
4175,Pass,0,0.99874216,0.36018535,0,0.92619586
4176,Pass,0,0.9915378,0.6204039,0,0.86606616
4177,Pass,0,0.5794426,0.69451624,0,0.49722263
4178,Pass,0,0.95595074,0.8422526,0,0.7910504
4179,Pass,0,0.91916966,0.81912553,0,0.76501757
4180,Pass,0,0.99991155,0.22894698,0,0.95446414
4181,Pass,0,0.99973816,0.23470826,0,0.9531055
4182,Pass,0,0.99343634,0.10986514,0,0.9727894
4183,Pass,0,0.9998616,0.13466904,0,0.97394365
4184,Pass,0,0.99999976,0.09151106,0,0.9830185
4185,Pass,0,0.9906212,0.22406964,0,0.946597
4186,Pass,0,0.9999802,0.36599216,0,0.92614114
4187,Pass,0,0.99992037,0.11788085,0,0.9774783
4188,Pass,0,0.9997141,0.1670935,0,0.9670851
4189,Pass,0,0.999374,0.04786515,0,0.991439
4190,Pass,0,0.9996245,0.28698766,0,0.94217145
4191,Pass,0,0.67826605,1.4498438,0,0.4758969
4192,Pass,0,0.9999931,0.1009779,0,0.98105085
4193,Pass,0,0.9999981,0.0598409,0,0.98957735
4194,Pass,0,0.9999435,0.17049156,0,0.96660316
4195,Pass,0,0.99699485,0.37866554,0,0.9207588
4196,Pass,0,0.9701278,0.5587703,0,0.85975164
4197,Pass,0,0.9999988,0.07105836,0,0.9872544
4198,Pass,0,0.89377594,0.6977151,0,0.76636136
4199,Pass,0,0.9999999,0.12928884,0,0.9751929
4200,Pass,0,0.9990903,2.2600002,0,0.53332645
4201,Pass,0,0.999966,0.13942342,0,0.9730605
4202,Pass,0,0.9924737,0.7342204,0,0.84348387
4203,Pass,0,0.9783412,0.40182322,0,0.8988383
4204,Pass,0,0.93974936,1.8245873,0,0.5864117
4205,Pass,0,0.99235004,0.0698701,0,0.9799473
4206,Pass,0,0.99986136,0.44646725,0,0.9093628
4207,Pass,0,0.9302968,0.6122091,0,0.814154
4208,Pass,0,0.99990857,0.055259667,0,0.99043775
4209,Pass,0,0.3334237,1.3396798,0,0.24155155
4210,Pass,0,0.99999464,0.05414774,0,0.9907533
4211,Pass,0,0.9994259,0.58940554,0,0.8793738
4212,Pass,0,0.9243221,0.74186516,0,0.78409934
4213,Pass,0,0.91346097,1.5550582,0,0.62100923
4214,Pass,0,0.44347668,0.73704535,0,0.37664255
4215,Pass,0,0.999972,0.10200451,0,0.9808175
4216,Pass,0,0.9857803,0.47950205,0,0.8898103
4217,Pass,0,0.99350584,0.32753316,0,0.92805994
4218,Pass,0,1.0,0.04585588,0,0.9924763
4219,Pass,0,0.97359926,0.30225167,0,0.91456354
4220,Pass,0,0.99999917,0.12880358,0,0.9752927
4221,Pass,0,0.99996686,0.08980587,0,0.98333937
4222,Pass,0,0.9878654,0.47539467,0,0.89253294
4223,Pass,0,0.9999989,0.12092747,0,0.976924
4224,Pass,0,0.36088976,1.1408908,0,0.2763108
4225,Pass,0,0.99999845,0.09313662,0,0.98268044
4226,Pass,0,0.865304,0.5167725,0,0.7743822
4227,Pass,0,0.9996798,0.019934136,0,0.9975265
4228,Pass,0,0.5013933,0.70726806,0,0.4289237
4229,Pass,0,0.9974038,0.5159528,0,0.89277095
4230,Pass,0,0.8249949,2.4956954,0,0.40011206
4231,Pass,0,0.99743086,0.6203055,0,0.8712338
4232,Pass,0,0.97484404,0.54027355,0,0.8676665
4233,Pass,0,0.99823713,0.38746807,0,0.9200858
4234,Pass,0,0.9999939,0.15285707,0,0.9703049
4235,Pass,0,0.60598874,1.4848819,0,0.42078605
4236,Pass,0,0.9999995,0.04305211,0,0.9930566
4237,Pass,0,0.9324623,0.73765993,0,0.7918169
4238,Pass,0,0.9999436,0.2160526,0,0.9571657
4239,Pass,0,0.86167943,1.3971729,0,0.6139883
4240,Pass,0,0.9928362,0.1870403,0,0.9563292
4241,Pass,0,0.9992455,0.15441991,0,0.9692552
4242,Pass,0,0.99615794,0.22755118,0,0.9511692
4243,Pass,0,0.9996915,0.15657923,0,0.96924067
4244,Pass,0,0.80540687,0.26888296,0,0.76213706
4245,Pass,0,0.9999976,0.102520436,0,0.9807358
4246,Pass,0,0.9992723,0.16988425,0,0.96608007
4247,Pass,0,0.99999106,0.14548834,0,0.9718285
4248,Pass,0,0.6350313,0.56581426,0,0.56185406
4249,Pass,0,0.9996842,0.38475764,0,0.9219809
4250,Pass,0,1.0,0.043147184,0,0.9930374
4251,Pass,0,0.99997044,0.09527718,0,0.98220956
4252,Pass,0,0.97819144,0.80858076,0,0.8162776
4253,Pass,0,0.99999964,0.0863869,0,0.98407984
4254,Pass,0,0.99998343,0.10878888,0,0.9794234
4255,Pass,0,0.99999714,0.14029953,0,0.97290933
4256,Pass,0,0.9150516,1.2884647,0,0.67262465
4257,Pass,0,0.9829563,0.38804007,0,0.9058848
4258,Pass,0,0.9979321,0.29178536,0,0.93958455
4259,Pass,0,0.9995365,0.4366742,0,0.911095
4260,Pass,0,0.9991387,0.18696046,0,0.9624166
4261,Pass,0,0.9998441,0.20735149,0,0.9588726
4262,Pass,0,0.9999784,0.056207646,0,0.9903105
4263,Pass,0,0.4700226,0.47810444,0,0.4243999
4264,Pass,0,0.83752704,0.30494243,0,0.7862754
4265,Pass,0,0.99999976,0.04423111,0,0.99281263
4266,Pass,0,0.99887794,0.30189642,0,0.9383829
4267,Pass,0,0.9998356,0.5892301,0,0.87977064
4268,Pass,0,0.6375475,0.8062453,0,0.53232676
4269,Pass,0,0.9978321,0.03183262,0,0.99322337
4270,Pass,0,0.9868124,0.5438938,0,0.877579
4271,Pass,0,0.86654437,2.0427232,0,0.5015744
4272,Pass,0,0.9999796,0.26169077,0,0.9477464
4273,Pass,0,0.9928523,0.65015143,0,0.86109614
4274,Pass,0,0.99159086,0.705114,0,0.84871227
4275,Pass,0,0.9999982,0.08447189,0,0.98447514
4276,Pass,0,0.9997403,0.3548616,0,0.9282241
4277,Pass,0,0.3698209,0.90866184,0,0.30093968
4278,Pass,0,0.9947667,0.63996476,0,0.86485565
4279,Pass,0,0.9998634,0.26134998,0,0.9477068
4280,Pass,0,0.99999595,0.14629959,0,0.97166526
4281,Pass,0,0.529553,1.2676476,0,0.39154077
4282,Pass,0,0.9999788,0.105216496,0,0.9801588
4283,Pass,0,0.5496575,0.8115562,0,0.45833743
4284,Pass,0,0.974397,0.79361856,0,0.81613135
4285,Pass,0,0.99999833,0.05784782,0,0.9899905
4286,Pass,0,0.9998776,0.18647136,0,0.9632296
4287,Pass,0,0.7087318,1.4803646,0,0.49279186
4288,Pass,0,0.6838838,1.8055217,0,0.42945042
4289,Pass,0,0.9999641,0.1780951,0,0.9650481
4290,Pass,0,0.99999976,0.06335401,0,0.9888513
4291,Pass,0,0.999871,0.18341188,0,0.96385694
4292,Pass,0,0.9989048,0.050245266,0,0.9904811
4293,Pass,0,0.9997464,0.31340405,0,0.93681556
4294,Pass,0,0.99699295,0.9216089,0,0.80862343
4295,Pass,0,0.989673,0.41048664,0,0.9074731
4296,Pass,0,0.9996586,0.3500304,0,0.9291486
4297,Pass,0,0.66117924,1.7753216,0,0.41932926
4298,Pass,0,0.9999291,0.08234412,0,0.98484784
4299,Pass,0,0.9992482,0.36951298,0,0.9247344
4300,Pass,0,0.9736129,0.37126315,0,0.9006577
4301,Pass,0,0.9993874,0.31681702,0,0.93577254
4302,Pass,0,0.9999645,0.15261759,0,0.97032595
4303,Pass,0,0.9999976,0.040879946,0,0.9935047
4304,Pass,0,0.847027,0.7557999,0,0.71608514
4305,Pass,0,0.9999577,0.04396268,0,0.99282646
4306,Pass,0,0.99999785,0.11049946,0,0.9790832
4307,Pass,0,0.99497247,0.32848698,0,0.9292334
4308,Pass,0,0.9992391,0.4728603,0,0.9033336
4309,Pass,0,0.9999877,0.04651126,0,0.99232835
4310,Pass,0,0.99148506,0.49534586,0,0.8917056
4311,Pass,0,0.8125057,0.91999364,0,0.6592647
4312,Pass,0,0.69254184,0.92714953,0,0.56089973
4313,Pass,0,0.9997911,0.19650331,0,0.9610686
4314,Pass,0,0.8582116,0.6545659,0,0.7435381
4315,Pass,0,0.9999317,0.34841317,0,0.92973745
4316,Pass,0,0.9999982,0.10279354,0,0.9806798
4317,Pass,0,0.9999893,0.18597221,0,0.9634406
4318,Pass,0,0.99977547,0.09422836,0,0.98223525
4319,Pass,0,0.99998665,0.08993959,0,0.98333114
4320,Pass,0,0.99984276,0.12060887,0,0.97683746
4321,Pass,0,0.9630122,0.8228423,0,0.8007659
4322,Pass,0,0.9487151,0.3876911,0,0.874397
4323,Pass,0,0.99964106,0.05176514,0,0.9908964
4324,Pass,0,0.9999852,0.14978795,0,0.9709322
4325,Pass,0,0.92450154,1.4403139,0,0.65049005
4326,Pass,0,0.7148271,0.5428965,0,0.6358483
4327,Pass,0,0.99959856,0.36929578,0,0.9251036
4328,Pass,0,0.99999356,0.11732247,0,0.97766554
4329,Pass,0,0.9989355,0.37838754,0,0.9226086
4330,Pass,0,0.7646457,0.8134576,0,0.6373063
4331,Pass,0,0.9999988,0.05685429,0,0.99019676
4332,Pass,0,0.99506253,0.523516,0,0.88911635
4333,Pass,0,0.57084095,1.3738737,0,0.40950695
4334,Pass,0,0.8657306,2.5268795,0,0.41427583
4335,Pass,0,0.99999964,0.07100802,0,0.98726565
4336,Pass,0,0.96752185,1.2487915,0,0.71914536
4337,Pass,0,0.9997116,0.19627081,0,0.96104026
4338,Pass,0,0.99998,0.06599657,0,0.98828435
4339,Pass,0,0.56035364,0.58936316,0,0.49304828
4340,Pass,0,0.9996331,0.30927834,0,0.93756366
4341,Pass,0,0.9991124,0.39685625,0,0.91894954
4342,Pass,0,0.9991393,0.39141962,0,0.9200995
4343,Pass,0,0.6371319,2.476548,0,0.31152803
4344,Pass,0,0.89736843,1.7474812,0,0.57429904
4345,Pass,0,0.9580408,0.49722713,0,0.8612536
4346,Pass,0,0.9999958,0.074436426,0,0.98655164
4347,Pass,0,0.9079882,0.6321324,0,0.7908831
4348,Pass,0,0.9946136,0.29940817,0,0.93488944
4349,Pass,0,0.336047,1.3238152,0,0.24455638
4350,Pass,0,0.99875665,0.37831163,0,0.9224591
4351,Pass,0,0.99990046,0.22037332,0,0.9562295
4352,Pass,0,0.9999505,0.24474995,0,0.9512279
4353,Pass,0,0.99779224,0.39174825,0,0.9187911
4354,Pass,0,0.9999224,0.16467358,0,0.96778786
4355,Pass,0,0.98841405,0.45965096,0,0.89625216
4356,Pass,0,0.93001306,0.67879015,0,0.8010786
4357,Pass,0,0.9990735,0.22085339,0,0.95533925
4358,Pass,0,0.45506188,1.0884638,0,0.3533547
4359,Pass,0,0.3713898,0.9349299,0,0.30019546
4360,Pass,0,0.99959,0.17583115,0,0.9651558
4361,Pass,0,0.9995844,0.13480066,0,0.9736464
4362,Pass,0,0.9996395,0.18728548,0,0.9628317
4363,Pass,0,0.97747624,0.37587148,0,0.90329844
4364,Pass,0,0.9999968,0.065687135,0,0.98836505
4365,Pass,0,0.9999918,0.17518403,0,0.9656778
4366,Pass,0,0.9999995,0.11541998,0,0.9780655
4367,Pass,0,0.9999248,0.16366576,0,0.9679989
4368,Pass,0,0.84848773,0.5050806,0,0.76138794
4369,Pass,0,0.9999329,0.2932845,0,0.9411578
4370,Pass,0,0.99277943,0.47032008,0,0.89801633
4371,Pass,0,0.9963229,0.2000402,0,0.9570047
4372,Pass,0,0.99948764,1.3029659,0,0.73168844
4373,Pass,0,0.99878293,0.2463325,0,0.9497898
4374,Pass,0,0.4176108,1.2954564,0,0.30636728
4375,Pass,0,0.99999094,0.21358556,0,0.95772207
4376,Pass,0,0.99883574,0.5258613,0,0.8920025
4377,Pass,0,0.99999535,0.081234425,0,0.98514295
4378,Pass,0,0.9854252,0.6122815,0,0.8623851
4379,Pass,0,0.99994385,0.1851246,0,0.9635724
4380,Pass,0,0.99999976,0.08129751,0,0.98513424
4381,Pass,0,0.9983872,0.25064504,0,0.94852155
4382,Pass,0,0.99999535,0.084863685,0,0.98439115
4383,Pass,0,0.9509848,0.49066794,0,0.8562026
4384,Pass,0,0.9998976,0.06812705,0,0.9877616
4385,Pass,0,0.9999939,0.15320355,0,0.97023314
4386,Pass,0,0.9996884,0.10581967,0,0.97974926
4387,Pass,0,0.99744844,0.24614196,0,0.9485601
4388,Pass,0,0.9999341,0.2375787,0,0.9526977
4389,Pass,0,0.9998807,0.24055928,0,0.9520295
4390,Pass,0,0.9688833,0.46275726,0,0.877919
4391,Pass,0,0.9152964,0.31235206,0,0.85788083
4392,Pass,0,0.9972146,0.271323,0,0.943136
4393,Pass,0,0.99625874,0.10165616,0,0.9772473
4394,Pass,0,0.9999995,0.12252521,0,0.9765936
4395,Pass,0,0.99999404,0.07408686,0,0.9866223
4396,Pass,0,0.99999106,0.07123063,0,0.98721105
4397,Pass,0,0.99999857,0.0970402,0,0.98187196
4398,Pass,0,0.36251298,1.271876,0,0.26771724
4399,Pass,0,0.9360163,0.49189726,0,0.84248763
4400,Pass,0,0.99999404,0.113733344,0,0.9784095
4401,Pass,0,0.9967765,0.53619486,0,0.8880298
4402,Pass,0,0.75260824,0.79690343,0,0.6298543
4403,Pass,0,0.99999046,0.15790795,0,0.96925527
4404,Pass,0,0.9881811,0.53326815,0,0.8809713
4405,Pass,0,0.99997115,0.11051918,0,0.9790529
4406,Pass,0,0.9989567,0.41744298,0,0.91454613
4407,Pass,0,0.9987379,0.12882681,0,0.97405773
4408,Pass,0,0.9998976,0.18486373,0,0.96358186
4409,Pass,0,0.77103835,1.4806713,0,0.5360656
4410,Pass,0,0.9999919,0.22626606,0,0.95509624
4411,Pass,0,0.59931576,0.5882877,0,0.5274641
4412,Pass,0,0.99941444,0.058356255,0,0.98930717
4413,Pass,0,0.9999993,0.114562206,0,0.97824293
4414,Pass,0,0.9999682,0.20192091,0,0.96011657
4415,Pass,0,0.9998815,0.19652024,0,0.96115196
4416,Pass,0,0.9993832,0.044508908,0,0.992143
4417,Pass,0,0.9956234,0.80689377,0,0.8311721
4418,Pass,0,0.21147843,1.303157,0,0.15480727
4419,Pass,0,0.99973375,0.28961745,0,0.9417298
4420,Pass,0,0.94864213,0.519796,0,0.8483694
4421,Pass,0,0.69085246,1.3405842,0,0.5003643
4422,Pass,0,0.99996984,0.15055044,0,0.97075933
4423,Pass,0,0.4078899,1.0212127,0,0.3224081
4424,Pass,0,0.9999517,0.050974153,0,0.9913682
4425,Pass,0,0.9999987,0.1295537,0,0.9751369
4426,Pass,0,0.9999994,0.15294887,0,0.9702912
4427,Pass,0,0.9796586,0.6281712,0,0.85411394
4428,Pass,0,0.9999862,0.17231196,0,0.96626735
4429,Pass,0,0.99988616,0.09135032,0,0.9829401
4430,Pass,0,0.35540283,1.6205918,0,0.23679309
4431,Pass,0,0.99512154,0.4284098,0,0.9087744
4432,Pass,0,1.0,0.041776307,0,0.99332136
4433,Pass,0,0.8207482,0.9734648,0,0.6568615
4434,Pass,0,0.99965763,0.21741223,0,0.95661044
4435,Pass,0,0.541864,1.2384138,0,0.4039247
4436,Pass,0,0.6156532,1.525291,0,0.4223433
4437,Pass,0,0.9998739,0.13284326,0,0.97433376
4438,Pass,0,0.99872965,0.47266287,0,0.9029139
4439,Pass,0,0.72871333,0.8516635,0,0.6015905
4440,Pass,0,0.999984,0.19165507,0,0.96225834
4441,Pass,0,0.27619776,1.2114578,0,0.20742993
4442,Pass,0,0.9999907,0.09005177,0,0.9833119
4443,Pass,0,0.99691653,0.2971482,0,0.93752086
4444,Pass,0,0.9997929,0.16689192,0,0.967203
4445,Pass,0,0.99994993,0.3439371,0,0.9306816
4446,Pass,0,0.73880273,0.8324427,0,0.6128615
4447,Pass,0,0.91854453,0.65090734,0,0.7965056
4448,Pass,0,0.99999917,0.090007104,0,0.9833295
4449,Pass,0,0.99926907,0.5019935,0,0.89733016
4450,Pass,0,0.9999993,0.13204132,0,0.9746221
4451,Pass,0,0.81798667,0.32619324,0,0.7643299
4452,Pass,0,0.7960726,0.9417585,0,0.6423417
4453,Pass,0,0.99982566,0.11996351,0,0.9769544
4454,Pass,0,0.99999964,0.08303043,0,0.9847751
4455,Pass,0,0.9999925,0.2070026,0,0.95908725
4456,Pass,0,0.91644895,0.3348438,0,0.8546912
4457,Pass,0,0.9998609,0.13237752,0,0.97441757
4458,Pass,0,0.8536084,0.75117105,0,0.72246766
4459,Pass,0,0.9999976,0.08128921,0,0.9851339
4460,Pass,0,0.9998547,0.17494279,0,0.96559536
4461,Pass,0,0.9999987,0.10254863,0,0.98073095
4462,Pass,0,0.9962102,0.21176542,0,0.95447683
4463,Pass,0,0.97295713,0.69768775,0,0.8342602
4464,Pass,0,0.238491,1.8706784,0,0.14654337
4465,Pass,0,0.9997346,0.27088112,0,0.9456108
4466,Pass,0,0.2240494,1.1549649,0,0.17088747
4467,Pass,0,0.9999403,0.09306286,0,0.98263854
4468,Pass,0,0.99981326,0.059890628,0,0.9893842
4469,Pass,0,0.99898666,0.23038316,0,0.95328414
4470,Pass,0,0.9992661,0.2633148,0,0.9467339
4471,Pass,0,0.9997452,0.11398053,0,0.9781148
4472,Pass,0,0.9999654,0.18900661,0,0.96278906
4473,Pass,0,0.97559536,0.66985995,0,0.8421462
4474,Pass,0,0.97086865,0.49895197,0,0.8724386
4475,Pass,0,0.99999774,0.09197494,0,0.9829204
4476,Pass,0,0.9981579,0.16704307,0,0.9655901
4477,Pass,0,0.99999976,0.075033665,0,0.98643184
4478,Pass,0,0.99955696,0.25933948,0,0.94783264
4479,Pass,0,0.6686606,1.3198498,0,0.48716336
4480,Pass,0,0.8879261,1.5611333,0,0.60253215
4481,Pass,0,0.99891734,0.2122792,0,0.9569642
4482,Pass,0,0.9999968,0.08102454,0,0.9851879
4483,Pass,0,0.9838732,0.5044324,0,0.88300776
4484,Pass,0,0.99997604,0.3607312,0,0.927227
4485,Pass,0,0.9993988,0.04737659,0,0.9915648
4486,Pass,0,0.82286894,1.5028882,0,0.56831384
4487,Pass,0,0.91352344,0.73533887,0,0.7761739
4488,Pass,0,0.9999995,0.06960532,0,0.9875561
4489,Pass,0,0.9999994,0.061009448,0,0.9893366
4490,Pass,0,0.9995888,0.20940469,0,0.95820266
4491,Pass,0,0.63938797,1.1878681,0,0.48331738
4492,Pass,0,0.9999913,0.07080721,0,0.98729897
4493,Pass,0,0.9998832,0.1796166,0,0.9646548
4494,Pass,0,0.9999974,0.053583402,0,0.9908729
4495,Pass,0,0.9001328,0.15443423,0,0.87311447
4496,Pass,0,0.9999902,0.09031144,0,0.98325765
4497,Pass,0,0.9399863,0.52773005,0,0.8390836
4498,Pass,0,0.9999888,0.19522661,0,0.96152306
4499,Pass,0,0.9995857,0.24622288,0,0.9505759
4500,Pass,0,0.9996511,0.28841412,0,0.9419011
4501,Pass,0,0.9767721,0.48377362,0,0.88081485
4502,Pass,0,0.9999969,0.04368329,0,0.99292326
4503,Pass,0,0.9999796,0.20621821,0,0.9592374
4504,Pass,0,0.9994593,0.66703665,0,0.8633304
4505,Pass,0,0.9999734,0.054668963,0,0.9906243
4506,Pass,0,0.25086796,0.82914984,0,0.20827445
4507,Pass,0,0.99928844,0.14591649,0,0.97105706
4508,Pass,0,0.99999964,0.10278843,0,0.98068225
4509,Pass,0,0.9946325,0.36246347,0,0.92191535
4510,Pass,0,0.9785348,0.48782334,0,0.88158345
4511,Pass,0,0.99981827,0.27035514,0,0.94579893
4512,Pass,0,0.82814676,0.51791126,0,0.7409339
4513,Pass,0,0.9738713,0.45797473,0,0.8834036
4514,Pass,0,0.99309444,0.16605315,0,0.96089554
4515,Pass,0,0.99959284,0.43003076,0,0.912522
4516,Pass,0,0.9994153,0.1823168,0,0.9636443
4517,Pass,0,0.99985635,0.21665967,0,0.95695645
4518,Pass,0,0.96504575,0.5815412,0,0.8506956
4519,Pass,0,0.9998547,0.037843067,0,0.9939917
4520,Pass,0,0.999997,0.04142677,0,0.9933908
4521,Pass,0,0.99999106,0.1795631,0,0.96476996
4522,Pass,0,0.9999862,0.16380747,0,0.96802896
4523,Pass,0,0.9998049,0.079461806,0,0.9853225
4524,Pass,0,0.6072584,1.1841061,0,0.45950365
4525,Pass,0,0.99566,0.47245535,0,0.90018153
4526,Pass,0,0.8135596,0.77933675,0,0.6838248
4527,Pass,0,0.99886656,0.18766296,0,0.9620091
4528,Pass,0,0.42233965,0.9052798,0,0.34397238
4529,Pass,0,0.99996746,0.028468737,0,0.99604565
4530,Pass,0,0.9732068,0.45831558,0,0.8827321
4531,Pass,0,0.9340175,0.7345138,0,0.79374623
4532,Pass,0,0.93214244,0.8002936,0,0.7794511
4533,Pass,0,0.9474737,0.44026768,0,0.86293364
4534,Pass,0,0.99595296,0.54121953,0,0.88625944
4535,Pass,0,0.9999995,0.10211653,0,0.9808213
4536,Pass,0,0.9992907,0.20091955,0,0.9596734
4537,Pass,0,0.9919362,0.56338114,0,0.87813133
4538,Pass,0,0.9996543,0.13334988,0,0.97401494
4539,Pass,0,0.99995446,0.02791697,0,0.99614704
4540,Pass,0,0.9999949,0.11755753,0,0.97761816
4541,Pass,0,0.35691327,1.1280601,0,0.27421492
4542,Pass,0,0.9073146,1.4962776,0,0.6278786
4543,Pass,0,0.9999075,0.3760127,0,0.9239982
4544,Pass,0,0.6342935,0.68321675,0,0.5457751
4545,Pass,0,0.27987072,1.4816357,0,0.19452465
4546,Pass,0,0.9347733,1.5773197,0,0.63118756
4547,Pass,0,0.94996315,0.38593504,0,0.8758929
4548,Pass,0,0.9999989,0.07754656,0,0.9859104
4549,Pass,0,0.5151743,1.1142253,0,0.39728263
4550,Pass,0,0.9994061,0.21234117,0,0.95741963
4551,Pass,0,0.61803365,0.90215886,0,0.50375396
4552,Pass,0,0.99339664,0.42696747,0,0.907496
4553,Pass,0,0.99999166,0.06373211,0,0.988765
4554,Pass,0,0.99826884,0.35185903,0,0.9274788
4555,Pass,0,0.9867509,4.2166295,0,0.12679012
4556,Pass,0,0.49492642,2.288718,0,0.2612534
4557,Pass,0,0.99991095,0.20879515,0,0.9586378
4558,Pass,0,0.9992931,0.12651016,0,0.9750788
4559,Pass,0,0.9999995,0.0755162,0,0.98633164
4560,Pass,0,0.99993694,0.0972405,0,0.9817699
4561,Pass,0,0.9999671,0.34284666,0,0.93092346
4562,Pass,0,0.99995613,0.09220626,0,0.98283166
4563,Pass,0,0.50621134,1.0101167,0,0.40128782
4564,Pass,0,0.9999844,0.053472582,0,0.990883
4565,Pass,0,0.91563565,0.65614897,0,0.79298896
4566,Pass,0,0.52508366,1.0294825,0,0.41414195
4567,Pass,0,0.74001783,0.62327474,0,0.6459341
4568,Pass,0,0.9996,0.618469,0,0.8735089
4569,Pass,0,0.99867755,0.16153948,0,0.96723145
4570,Pass,0,0.99952066,0.21766639,0,0.95642674
4571,Pass,0,0.99936,0.6462201,0,0.8675541
4572,Pass,0,0.99446326,0.38133734,0,0.91787034
4573,Pass,0,0.9999889,0.14320034,0,0.9723004
4574,Pass,0,0.54043716,0.87987965,0,0.44299996
4575,Pass,0,0.92890966,2.2373996,0,0.5002121
4576,Pass,0,0.9958807,0.45093447,0,0.90482086
4577,Pass,0,0.9999956,0.15746213,0,0.96935254
4578,Pass,0,0.99999416,0.057810556,0,0.98999405
4579,Pass,0,0.30431575,1.0002412,0,0.24186212
4580,Pass,0,0.84157544,0.64969313,0,0.7299743
4581,Pass,0,0.99998367,0.2847842,0,0.94296646
4582,Pass,0,0.99985886,0.16975728,0,0.96667343
4583,Pass,0,0.92944866,0.5661626,0,0.8222774
4584,Pass,0,0.9998412,0.18093398,0,0.96434146
4585,Pass,0,0.9999665,0.22690469,0,0.95493966
4586,Pass,0,0.99998903,0.21529679,0,0.9573658
4587,Pass,0,0.99948764,0.21906869,0,0.9561048
4588,Pass,0,0.9951271,0.73029935,0,0.8465471
4589,Pass,0,0.25298756,1.3480463,0,0.18284045
4590,Pass,0,0.9999856,0.10016609,0,0.9812117
4591,Pass,0,0.99928063,0.2711061,0,0.9451349
4592,Pass,0,0.99992836,0.08255614,0,0.9848032
4593,Pass,0,0.99975747,0.25403836,0,0.94912064
4594,Pass,0,0.9998147,0.11079123,0,0.9788434
4595,Pass,0,0.87870127,1.3480388,0,0.6350608
4596,Pass,0,0.99995184,0.26493996,0,0.947047
4597,Pass,0,0.9999989,0.035760034,0,0.9945666
4598,Pass,0,0.99997497,0.23014274,0,0.95427704
4599,Pass,0,0.99999714,0.10352011,0,0.98052824
4600,Pass,0,0.92702156,1.0989474,0,0.71781725
4601,Pass,0,0.91272646,0.67175955,0,0.78751785
4602,Pass,0,0.9270535,0.4976649,0,0.8333128
4603,Pass,0,0.68733555,0.9446326,0,0.55419385
4604,Pass,0,0.998835,0.16815688,0,0.9660147
4605,Pass,0,0.33716813,1.680631,0,0.22045045
4606,Pass,0,0.9986934,0.35355368,0,0.9275226
4607,Pass,0,0.8546617,0.693465,0,0.7335757
4608,Pass,0,0.9999645,0.19037631,0,0.9625044
4609,Pass,0,0.99999845,0.11059732,0,0.9790635
4610,Pass,0,0.9334115,0.93880033,0,0.75373083
4611,Pass,0,0.9991279,0.2658794,0,0.9460722
4612,Pass,0,0.9999994,0.076139316,0,0.9862024
4613,Pass,0,0.3369548,1.1287181,0,0.25883496
4614,Pass,0,0.8971533,0.8616451,0,0.7387914
4615,Pass,0,0.99990785,0.090454295,0,0.983147
4616,Pass,0,0.92178404,0.53304327,0,0.8218207
4617,Pass,0,0.81930315,0.8461371,0,0.67731506
4618,Pass,0,0.99855083,0.45158866,0,0.90711147
4619,Pass,0,0.9979353,0.3260535,0,0.93250346
4620,Pass,0,0.9999505,0.18157732,0,0.9643136
4621,Pass,0,0.9999993,0.06237029,0,0.98905456
4622,Pass,0,0.9764801,0.48028728,0,0.8812567
4623,Pass,0,0.9999944,0.11065261,0,0.979048
4624,Pass,0,0.99998236,0.16171849,0,0.968458
4625,Pass,0,0.9999839,0.17803612,0,0.96507937
4626,Pass,0,0.9999355,0.18225677,0,0.9641584
4627,Pass,0,0.2761651,0.92306864,0,0.22390363
4628,Pass,0,0.9251578,0.72470295,0,0.7880973
4629,Pass,0,0.99989355,0.18024546,0,0.9645345
4630,Pass,0,0.99976915,0.4129167,0,0.9162274
4631,Pass,0,0.99992645,0.07719306,0,0.9859122
4632,Pass,0,0.99986184,0.08983844,0,0.9832294
4633,Pass,0,0.9966101,0.7452098,0,0.8447305
4634,Pass,0,0.5244061,0.92787814,0,0.42464498
4635,Pass,0,0.9627712,0.8135684,0,0.8024151
4636,Pass,0,0.4810557,0.62628216,0,0.419596
4637,Pass,0,0.99997497,0.22431399,0,0.95548445
4638,Pass,0,0.8919822,0.44001794,0,0.8124396
4639,Pass,0,0.97577536,0.48089325,0,0.8804982
4640,Pass,0,0.9999633,0.56857455,0,0.88416165
4641,Pass,0,0.9996278,0.1443702,0,0.97170705
4642,Pass,0,0.9997366,0.24702705,0,0.9505528
4643,Pass,0,0.7987524,0.83390236,0,0.66235024
4644,Pass,0,0.79145634,0.92296904,0,0.64169747
4645,Pass,0,0.99999917,0.080112614,0,0.9853791
4646,Pass,0,0.9999616,0.17281367,0,0.9661397
4647,Pass,0,0.49661765,0.72145295,0,0.42337897
4648,Pass,0,0.999316,0.25647208,0,0.9481977
4649,Pass,0,0.9710388,0.24759024,0,0.92315364
4650,Pass,0,0.9999615,0.111937046,0,0.97874975
4651,Pass,0,0.9999267,0.13185367,0,0.97459024
4652,Pass,0,1.0,0.07142817,0,0.9871789
4653,Pass,0,0.6202706,1.1265842,0,0.47674084
4654,Pass,0,0.9999664,0.12805118,0,0.9754166
4655,Pass,0,0.9999958,0.08767361,0,0.98380953
4656,Pass,0,0.26013425,1.55594,0,0.17680271
4657,Pass,0,0.5346787,1.0625834,0,0.41804346
4658,Pass,0,0.68671006,0.67806107,0,0.5916102
4659,Pass,0,0.28426006,1.2378081,0,0.21193326
4660,Pass,0,0.99915314,0.3468928,0,0.92932826
4661,Pass,0,0.99996376,0.16172598,0,0.96843845
4662,Pass,0,0.99966776,0.11456411,0,0.9779182
4663,Pass,0,0.9998517,0.22488824,0,0.9552477
4664,Pass,0,0.9946548,0.50713074,0,0.8921281
4665,Pass,0,0.47483808,1.0912703,0,0.3684348
4666,Pass,0,0.999943,0.12360303,0,0.9763152
4667,Pass,0,0.99996877,0.21583952,0,0.9572339
4668,Pass,0,0.9997383,0.3610243,0,0.92694587
4669,Pass,0,0.98200953,0.5366078,0,0.8747899
4670,Pass,0,0.98663527,0.2790984,0,0.9315412
4671,Pass,0,0.9999999,0.09194927,0,0.98292786
4672,Pass,0,0.9983917,0.7247435,0,0.8504734
4673,Pass,0,0.9987142,0.3785349,0,0.9223737
4674,Pass,0,0.7931855,0.65800786,0,0.68663514
4675,Pass,0,0.9967334,0.51374537,0,0.8926267
4676,Pass,0,0.9977435,0.50561774,0,0.8952111
4677,Pass,0,0.99996305,0.09540309,0,0.9821762
4678,Pass,0,0.9997023,0.24188742,0,0.9515846
4679,Pass,0,0.9999857,0.08117158,0,0.9851465
4680,Pass,0,0.9978123,0.33186743,0,0.9311868
4681,Pass,0,0.9985998,0.34004322,0,0.9302305
4682,Pass,0,0.99999905,0.096106604,0,0.9820658
4683,Pass,0,0.81081855,0.80559796,0,0.67710996
4684,Pass,0,0.99363285,0.49359182,0,0.8939982
4685,Pass,0,0.9999567,0.17754345,0,0.9651552
4686,Pass,0,0.99838924,0.40153396,0,0.9173169
4687,Pass,0,0.99952877,0.2993387,0,0.93952394
4688,Pass,0,0.556746,1.1628269,0,0.42373583
4689,Pass,0,0.7496534,0.3990705,0,0.6891618
4690,Pass,0,0.9981831,0.44249338,0,0.9086581
4691,Pass,0,0.9999052,0.17400536,0,0.9658383
4692,Pass,0,0.9999999,0.061631735,0,0.98920816
4693,Pass,0,0.99909437,0.25456384,0,0.9483824
4694,Pass,0,0.9999304,0.0995013,0,0.9812952
4695,Pass,0,0.99996746,0.22089002,0,0.95618653
4696,Pass,0,0.9965702,0.31238055,0,0.9340506
4697,Pass,0,0.45096013,1.3155953,0,0.3289517
4698,Pass,0,0.9980805,0.2468112,0,0.9490228
4699,Pass,0,0.99702364,0.31113788,0,0.9347322
4700,Pass,0,0.99950325,0.37851155,0,0.92310727
4701,Pass,0,0.9977209,0.3929421,0,0.9184786
4702,Pass,0,0.99999344,0.13156629,0,0.9747148
4703,Pass,0,0.9995963,0.2582742,0,0.94809055
4704,Pass,0,0.9995402,0.2981708,0,0.9397765
4705,Pass,0,0.93556744,1.2175224,0,0.7014542
4706,Pass,0,0.9999565,0.14364335,0,0.9721771
4707,Pass,0,0.9300265,1.1597903,0,0.7084222
4708,Pass,0,0.9844785,0.3907332,0,0.9067384
4709,Pass,0,0.9650805,0.4404302,0,0.8789369
4710,Pass,0,0.9999529,0.36593565,0,0.92612755
4711,Pass,0,0.9466413,0.61200255,0,0.82849854
4712,Pass,0,0.62503785,1.5923204,0,0.42010245
4713,Pass,0,0.9989675,0.31164393,0,0.93644994
4714,Pass,0,0.9263133,0.70521283,0,0.7928215
4715,Pass,0,0.9991653,0.18252288,0,0.96336067
4716,Pass,0,0.99900925,0.19903937,0,0.9597922
4717,Pass,0,0.9921055,0.309391,0,0.93048036
4718,Pass,0,0.99999523,0.101476446,0,0.98094976
4719,Pass,0,0.9998055,0.4026997,0,0.91837674
4720,Pass,0,0.9704833,4.365172,0,0.09483727
4721,Pass,0,0.9999809,0.18708347,0,0.96320236
4722,Pass,0,0.99963474,0.2321943,0,0.9535275
4723,Pass,0,0.9999958,0.12829976,0,0.97539383
4724,Pass,0,0.99997985,0.15894698,0,0.9690297
4725,Pass,0,0.5982473,0.71488786,0,0.5108344
4726,Pass,0,0.6729852,0.910965,0,0.54731685
4727,Pass,0,0.8476927,1.2232213,0,0.63456815
4728,Pass,0,0.9766907,0.60592175,0,0.85602796
4729,Pass,0,0.58574295,0.62975436,0,0.5104871
4730,Pass,0,0.99983394,0.2710202,0,0.945676
4731,Pass,0,0.64475924,0.839905,0,0.5338526
4732,Pass,0,0.99151963,0.26851448,0,0.9383267
4733,Pass,0,0.99999905,0.049554534,0,0.9917092
4734,Pass,0,0.96784323,0.60989153,0,0.8474776
4735,Pass,0,0.9997986,0.27869907,0,0.94405216
4736,Pass,0,0.9999993,0.095587105,0,0.9821737
4737,Pass,0,0.99999714,0.28148788,0,0.943662
4738,Pass,0,0.99473095,0.23770806,0,0.94771373
4739,Pass,0,0.9999844,0.14791973,0,0.9713184
4740,Pass,0,0.99999917,0.25045225,0,0.950093
4741,Pass,0,0.9999958,0.065897584,0,0.9883205
4742,Pass,0,0.9998178,0.20110923,0,0.9601403
4743,Pass,0,0.999997,0.08114116,0,0.985164
4744,Pass,0,0.70395803,1.7902286,0,0.44428635
4745,Pass,0,0.9999883,0.1073958,0,0.9797167
4746,Pass,0,0.99344784,0.45916855,0,0.9009159
4747,Pass,0,0.9986596,0.27769884,0,0.9431836
4748,Pass,0,0.9997912,0.15761419,0,0.96912295
4749,Pass,0,0.9973984,0.3297654,0,0.93123484
4750,Pass,0,0.9270399,0.49408832,0,0.8339875
4751,Pass,0,0.9995264,0.17055683,0,0.9661864
4752,Pass,0,0.9419592,0.7469698,0,0.79806477
4753,Pass,0,0.73562336,0.4826258,0,0.66353124
4754,Pass,0,0.9996902,0.122581236,0,0.9762799
4755,Pass,0,0.99999976,0.052836683,0,0.99103
4756,Pass,0,0.99986875,0.25740075,0,0.94852984
4757,Pass,0,0.98932564,0.37761953,0,0.91389036
4758,Pass,0,0.71700823,0.83938926,0,0.5937505
4759,Pass,0,0.98396087,0.27622986,0,0.92960083
4760,Pass,0,0.88895833,0.7947556,0,0.7443606
4761,Pass,0,0.998231,0.20129561,0,0.95857793
4762,Pass,0,0.7856166,0.7430756,0,0.6662389
4763,Pass,0,0.99165416,0.27785093,0,0.93653613
4764,Pass,0,1.0,0.025770985,0,0.9966369
4765,Pass,0,0.9999925,0.08573463,0,0.9842079
4766,Pass,0,0.9996407,0.02757329,0,0.99590564
4767,Pass,0,0.9999994,0.10932094,0,0.9793288
4768,Pass,0,0.9994041,0.1455235,0,0.97125083
4769,Pass,0,0.7675945,0.964683,0,0.6157179
4770,Pass,0,0.99999213,0.08820713,0,0.9836954
4771,Pass,0,0.9948991,0.55621946,0,0.8822303
4772,Pass,0,0.9985123,0.34454483,0,0.9292179
4773,Pass,0,0.9717727,0.45509142,0,0.8820804
4774,Pass,0,0.99999225,0.15522856,0,0.96981204
4775,Pass,0,0.99944717,0.14121976,0,0.9721837
4776,Pass,0,0.99999785,0.1111972,0,0.97893864
4777,Pass,0,0.99985754,0.058834005,0,0.98964685
4778,Pass,0,0.9996123,0.049755357,0,0.991284
4779,Pass,0,0.41242608,0.9138356,0,0.33516738
4780,Pass,0,0.99987435,0.33916292,0,0.9316001
4781,Pass,0,0.99999535,0.12812476,0,0.9754296
4782,Pass,0,0.9976115,0.32223746,0,0.9329896
4783,Pass,0,0.99079496,0.5028225,0,0.8895503
4784,Pass,0,0.6982478,2.3888326,0,0.35409835
4785,Pass,0,0.9998616,0.12072278,0,0.9768322
4786,Pass,0,0.9996418,0.34739196,0,0.9296794
4787,Pass,0,0.9991844,0.42918932,0,0.91232336
4788,Pass,0,0.43520078,1.2685966,0,0.3216931
4789,Pass,0,0.91171455,0.4184009,0,0.83449495
4790,Pass,0,0.9999056,0.039961305,0,0.9936035
4791,Pass,0,0.99994993,0.15007849,0,0.9708377
4792,Pass,0,0.96288455,0.636755,0,0.8377773
4793,Pass,0,0.9994469,0.43755794,0,0.91083044
4794,Pass,0,0.81138676,0.87162554,0,0.6664865
4795,Pass,0,0.99999964,0.19319002,0,0.96195537
4796,Pass,0,0.9727843,0.25332206,0,0.92365795
4797,Pass,0,0.69320285,0.7904526,0,0.5810646
4798,Pass,0,0.99942684,0.26103088,0,0.9473591
4799,Pass,0,0.99998105,0.22307941,0,0.955746
4800,Pass,0,0.999848,0.06447286,0,0.9884695
4801,Pass,0,0.80479556,0.5228188,0,0.7192237
4802,Pass,0,0.9999664,0.06332269,0,0.9888247
4803,Pass,0,0.99184823,0.53443635,0,0.88400054
4804,Pass,0,0.86907226,0.48884818,0,0.7827817
4805,Pass,0,0.9890342,0.51760525,0,0.8849408
4806,Pass,0,0.9999999,0.070547014,0,0.9873614
4807,Pass,0,0.99999845,0.09816707,0,0.9816384
4808,Pass,0,0.9999856,0.16431513,0,0.9679233
4809,Pass,0,0.94059247,0.7992845,0,0.78671354
4810,Pass,0,0.8849426,0.649176,0,0.76768535
4811,Pass,0,0.9999844,0.108807474,0,0.9794204
4812,Pass,0,0.9998474,0.16102432,0,0.9684711
4813,Pass,0,0.9998665,0.15396081,0,0.96995264
4814,Pass,0,0.99999285,0.23669763,0,0.9529363
4815,Pass,0,0.9368879,1.0093397,0,0.7428479
4816,Pass,0,0.99997044,0.36337397,0,0.92667437
4817,Pass,0,0.98577416,0.4130391,0,0.9033769
4818,Pass,0,0.99862874,0.27382478,0,0.94395596
4819,Pass,0,0.9999964,0.053502582,0,0.9908888
4820,Pass,0,1.0,0.065846585,0,0.9883352
4821,Pass,0,0.99999106,0.18755507,0,0.96311444
4822,Pass,0,0.9833491,0.3724672,0,0.90941906
4823,Pass,0,0.9986305,0.20701301,0,0.9577788
4824,Pass,0,0.99791986,0.31606042,0,0.9345549
4825,Pass,0,0.9889682,0.3672082,0,0.9156931
4826,Pass,0,0.33263332,1.3932762,0,0.23728582
4827,Pass,0,0.99939334,0.084650934,0,0.9838426
4828,Pass,0,0.99954826,0.10385199,0,0.9800194
4829,Pass,0,0.9999937,0.13197663,0,0.97463006
4830,Pass,0,0.99989414,0.20550326,0,0.95930344
4831,Pass,0,0.9947929,0.32194653,0,0.9304135
4832,Pass,0,0.95826954,1.0415351,0,0.7534101
4833,Pass,0,0.81189895,0.6378268,0,0.706229
4834,Pass,0,0.9999943,0.17661387,0,0.965384
4835,Pass,0,0.998204,0.37076566,0,0.923509
4836,Pass,0,0.946428,0.58149296,0,0.83429337
4837,Pass,0,0.9999838,0.13572039,0,0.9738449
4838,Pass,0,0.99994326,0.17118168,0,0.96646
4839,Pass,0,0.99980336,0.40973234,0,0.9169182
4840,Pass,0,0.9999813,0.28063187,0,0.94382435
4841,Pass,0,0.633142,1.1153039,0,0.48811328
4842,Pass,0,0.99885094,0.23774406,0,0.95163155
4843,Pass,0,0.9999994,0.029252129,0,0.9959152
4844,Pass,0,0.9991536,0.19383478,0,0.9610081
4845,Pass,0,0.9999831,0.13472788,0,0.97404975
4846,Pass,0,0.9896047,0.85340595,0,0.81661266
4847,Pass,0,0.8169868,1.3909016,0,0.583204
4848,Pass,0,0.99982786,0.07726395,0,0.9858003
4849,Pass,0,0.9999815,0.10430405,0,0.9803505
4850,Pass,0,0.99998856,0.09179741,0,0.9829481
4851,Pass,0,0.9566578,0.566547,0,0.846273
4852,Pass,0,0.99999654,0.115664326,0,0.97801197
4853,Pass,0,0.99862754,0.21611455,0,0.95589316
4854,Pass,0,0.99879336,0.088586934,0,0.9824376
4855,Pass,0,0.9998801,0.18754603,0,0.9630094
4856,Pass,0,0.8026161,0.88560075,0,0.6569585
4857,Pass,0,0.9999418,0.08662123,0,0.98397446
4858,Pass,0,0.99987805,0.022335244,0,0.997227
4859,Pass,0,0.99999976,0.050028957,0,0.9916116
4860,Pass,0,0.30810702,0.8833714,0,0.2523345
4861,Pass,0,0.9999976,0.09516162,0,0.98226017
4862,Pass,0,0.9986689,0.53232557,0,0.8905162
4863,Pass,0,0.9947796,0.23921861,0,0.9474488
4864,Pass,0,0.99962497,0.10488012,0,0.97988164
4865,Pass,0,0.99999654,0.076951146,0,0.9860315
4866,Pass,0,0.99999714,0.1250033,0,0.976078
4867,Pass,0,0.99999297,0.073313326,0,0.98678154
4868,Pass,0,0.99999094,0.09154734,0,0.98300236
4869,Pass,0,0.26362127,0.97461826,0,0.21091847
4870,Pass,0,0.71651345,1.0266315,0,0.5655489
4871,Pass,0,0.9949928,0.3804618,0,0.9185396
4872,Pass,0,0.9185025,0.7263329,0,0.7821179
4873,Pass,0,0.99741083,0.5837133,0,0.8787769
4874,Pass,0,0.7482159,0.657408,0,0.64779943
4875,Pass,0,0.9999993,0.09291329,0,0.9827275
4876,Pass,0,0.5584095,0.92869395,0,0.45208538
4877,Pass,0,0.99163955,0.34969234,0,0.9217647
4878,Pass,0,0.9996093,0.15637828,0,0.9692025
4879,Pass,0,0.9999007,0.23786725,0,0.9526062
4880,Pass,0,0.9999311,0.09861831,0,0.9814788
4881,Pass,0,0.9999964,0.04341177,0,0.992979
4882,Pass,0,0.994779,0.3515239,0,0.9243054
4883,Pass,0,0.99651825,0.24472362,0,0.94796836
4884,Pass,0,0.99999213,0.1968758,0,0.9611847
4885,Pass,0,0.99948645,0.09919537,0,0.9809229
4886,Pass,0,0.9906508,0.4336997,0,0.90360594
4887,Pass,0,0.45036986,1.771644,0,0.28597406
4888,Pass,0,0.8962869,0.39756197,0,0.82424307
4889,Pass,0,0.9999778,0.10479053,0,0.9802461
4890,Pass,0,0.9368808,0.44103,0,0.8531379
4891,Pass,0,0.99900156,0.28549522,0,0.9418932
4892,Pass,0,0.9990564,0.3276315,0,0.9332245
4893,Pass,0,0.99946517,0.49781728,0,0.8983709
4894,Pass,0,0.9999064,0.15937482,0,0.96887
4895,Pass,0,0.84695125,0.6225477,0,0.73939985
4896,Pass,0,0.9999964,0.18519048,0,0.9636094
4897,Pass,0,0.9999664,0.14004867,0,0.9729313
4898,Pass,0,0.9996226,0.11621606,0,0.97753197
4899,Pass,0,0.65560055,1.1547531,0,0.5000699
4900,Pass,0,0.65321267,0.6461753,0,0.5670663
4901,Pass,0,0.9999026,0.13371949,0,0.9741803
4902,Pass,0,0.9999596,0.11948248,0,0.9771849
4903,Pass,0,0.99912053,0.25225022,0,0.9488861
4904,Pass,0,0.999997,0.07132243,0,0.98719794
4905,Pass,0,0.58278984,1.132861,0,0.44717526
4906,Pass,0,0.99996233,0.06562195,0,0.98834443
4907,Pass,0,0.9717288,0.5512469,0,0.8626849
4908,Pass,0,0.9943619,0.39200655,0,0.9155791
4909,Pass,0,0.99997747,0.17653961,0,0.9653832
4910,Pass,0,0.999969,0.087699495,0,0.98377776
4911,Pass,0,0.9999937,0.08516527,0,0.9843271
4912,Pass,0,0.9999964,0.058208235,0,0.98991394
4913,Pass,0,0.9573279,0.38184318,0,0.88349485
4914,Pass,0,0.9998356,0.18770336,0,0.962934
4915,Pass,0,0.99988604,0.084843695,0,0.98428774
4916,Pass,0,0.99782723,0.176192,0,0.96337914
4917,Pass,0,0.5262727,0.5243776,0,0.47014552
4918,Pass,0,0.99812275,0.13595127,0,0.9719848
4919,Pass,0,0.9991937,0.1277977,0,0.97471535
4920,Pass,0,0.99975854,0.16603,0,0.96734834
4921,Pass,0,0.99995553,0.15852416,0,0.96909374
4922,Pass,0,0.99752384,0.31354886,0,0.93470293
4923,Pass,0,0.9999808,0.18380177,0,0.9638821
4924,Pass,0,0.9999871,0.17690703,0,0.96531636
4925,Pass,0,0.9996531,0.07559365,0,0.98597395
4926,Pass,0,0.9929045,0.39929777,0,0.91273755
4927,Pass,0,0.99999964,0.15546606,0,0.96976995
4928,Pass,0,0.7157046,0.9585932,0,0.5749978
4929,Pass,0,0.99977237,0.13984843,0,0.97278404
4930,Pass,0,0.8397917,0.91740495,0,0.6818548
4931,Pass,0,0.99994767,0.1640239,0,0.9679469
4932,Pass,0,0.9912922,0.2694542,0,0.9379185
4933,Pass,0,0.9999975,0.18834256,0,0.9629575
4934,Pass,0,0.99981445,0.15154628,0,0.97040224
4935,Pass,0,0.99952805,0.2199501,0,0.9559609
4936,Pass,0,0.99999654,0.17078261,0,0.96659416
4937,Pass,0,0.9999987,0.05502768,0,0.990575
4938,Pass,0,0.9999825,0.102591954,0,0.98070616
4939,Pass,0,0.9999924,0.11863824,0,0.97739184
4940,Pass,0,0.9986615,0.4320573,0,0.91125256
4941,Pass,0,0.9940534,0.45337975,0,0.9026571
4942,Pass,0,0.9999993,0.1044294,0,0.980342
4943,Pass,0,0.9967824,0.504957,0,0.89448524
4944,Pass,0,0.9999112,0.31538564,0,0.9365595
4945,Pass,0,0.9990978,0.32737547,0,0.93331623
4946,Pass,0,0.9941128,0.60601526,0,0.8712784
4947,Pass,0,0.52662617,1.4105341,0,0.373789
4948,Pass,0,0.9999112,0.1985339,0,0.9607634
4949,Pass,0,0.99911326,0.24690951,0,0.94998455
4950,Pass,0,0.9990256,0.3430113,0,0.9300129
4951,Pass,0,0.9998549,0.068627045,0,0.9876159
4952,Pass,0,0.9999869,0.13232574,0,0.97455114
4953,Pass,0,0.9999645,0.058747686,0,0.9897706
4954,Pass,0,0.9999832,0.1894321,0,0.96271807
4955,Pass,0,0.29101846,1.1857603,0,0.22010975
4956,Pass,0,0.999956,0.10762882,0,0.9796368
4957,Pass,0,0.99997354,0.124631,0,0.9761321
4958,Pass,0,0.99983406,0.2544396,0,0.9491102
4959,Pass,0,0.96567285,0.4970214,0,0.86815584
4960,Pass,0,0.9999777,0.20215105,0,0.96007806
4961,Pass,0,0.695444,0.4374705,0,0.63379467
4962,Pass,0,0.62040216,0.84176695,0,0.5134459
4963,Pass,0,0.49531007,0.98851746,0,0.39486223
4964,Pass,0,0.9676637,0.39063996,0,0.8912701
4965,Pass,0,0.79518825,0.6724462,0,0.6859906
4966,Pass,0,0.9066562,0.6063328,0,0.79456854
4967,Pass,0,0.2799501,1.6772215,0,0.18323736
4968,Pass,0,0.35468048,0.7650118,0,0.2991736
4969,Pass,0,1.0,0.091789715,0,0.982961
4970,Pass,0,0.99964833,0.17410176,0,0.9655702
4971,Pass,0,0.99998283,0.07344204,0,0.9867448
4972,Pass,0,0.9999299,0.22626363,0,0.95503753
4973,Pass,0,0.9999006,0.24457133,0,0.9512174
4974,Pass,0,0.9999987,0.12770726,0,0.97551936
4975,Pass,0,0.999966,0.046745677,0,0.99225825
4976,Pass,0,0.77087677,1.1631924,0,0.586651
4977,Pass,0,0.9999529,0.26371527,0,0.94730175
4978,Pass,0,0.9999025,0.05710917,0,0.9900486
4979,Pass,0,0.9999999,0.07541019,0,0.98635393
4980,Pass,0,0.9682902,0.6553664,0,0.8387475
4981,Pass,0,0.7542467,1.0915127,0,0.58519477
4982,Pass,0,0.99999845,0.11815157,0,0.9774986
4983,Pass,0,0.99994445,0.10724317,0,0.9797054
4984,Pass,0,0.99985147,0.16012429,0,0.9686615
4985,Pass,0,0.99323153,0.5287545,0,0.8864025
4986,Pass,0,0.9993,0.2300359,0,0.953655
4987,Pass,0,0.75438845,0.89097047,0,0.616644
4988,Pass,0,0.99326104,0.3480257,0,0.9236148
4989,Pass,0,0.9998914,0.14847659,0,0.9711127
4990,Pass,0,0.83288676,0.6039109,0,0.73033684
4991,Pass,0,0.9824699,0.8271548,0,0.81606776
4992,Pass,0,0.9999969,0.1579086,0,0.96926135
4993,Pass,0,0.9999993,0.08224997,0,0.9849365
4994,Pass,0,0.99944705,0.58522356,0,0.8802582
4995,Pass,0,0.99999607,0.11674962,0,0.97778666
4996,Pass,0,0.79331577,0.96809727,0,0.63578886
4997,Pass,0,0.9998178,0.16083544,0,0.96848154
4998,Pass,0,0.68504447,0.7067379,0,0.58610576
4999,Pass,0,0.876999,0.9464442,0,0.706789
5000,Pass,0,0.99998915,0.08130948,0,0.98512137
5001,Pass,0,0.96543735,0.5213358,0,0.8630814
5002,Pass,0,0.994402,0.44679663,0,0.9043297
5003,Pass,0,0.90971494,1.0675025,0,0.710342
5004,Pass,0,0.47610834,1.8670552,0,0.29290727
5005,Pass,0,0.99995196,0.5303471,0,0.8920702
5006,Pass,0,0.9862888,0.37495714,0,0.911629
5007,Pass,0,0.9995197,0.039290763,0,0.99335897
5008,Pass,0,0.87307686,0.46560252,0,0.7905929
5009,Pass,0,0.99999833,0.09732844,0,0.98181206
5010,Pass,0,0.9999999,0.08100089,0,0.9851958
5011,Pass,0,0.3203848,1.1554018,0,0.2443356
5012,Pass,0,0.99917513,0.20735104,0,0.9582312
5013,Pass,0,0.9927591,0.8530022,0,0.8192987
5014,Pass,0,0.9938685,0.38075447,0,0.9174414
5015,Pass,0,1.0,0.11401026,0,0.978358
5016,Pass,0,0.72533685,1.0282983,0,0.5722628
5017,Pass,0,0.9999987,0.14022063,0,0.9729272
5018,Pass,0,0.9999994,0.13017482,0,0.97500885
5019,Pass,0,0.99999917,0.10162654,0,0.98092246
5020,Pass,0,0.9990934,0.102495596,0,0.97985417
5021,Pass,0,0.99998343,0.070070155,0,0.98744386
5022,Pass,0,0.993089,0.34079367,0,0.9249426
5023,Pass,0,0.9997453,0.1850217,0,0.9634024
5024,Pass,0,0.98610234,0.7030258,0,0.8444412
5025,Pass,0,0.99999046,0.22713187,0,0.9549155
5026,Pass,0,0.9444469,0.72558016,0,0.8043572
5027,Pass,0,0.9828802,0.42730114,0,0.89782095
5028,Pass,0,0.9999738,0.2003287,0,0.9604517
5029,Pass,0,0.989446,0.34110516,0,0.9214857
5030,Pass,0,0.97466326,0.62261504,0,0.85088056
5031,Pass,0,0.9742348,0.44027296,0,0.8873058
5032,Pass,0,0.99995494,0.10297308,0,0.9806002
5033,Pass,0,0.30044758,1.5466077,0,0.20478287
5034,Pass,0,0.9996984,0.03849562,0,0.99370116
5035,Pass,0,0.92306036,0.70701045,0,0.7896937
5036,Pass,0,0.5941282,0.7970374,0,0.49720663
5037,Pass,0,0.97965187,0.7462384,0,0.8301479
5038,Pass,0,0.8465793,0.62659544,0,0.7383653
5039,Pass,0,0.9181248,0.5571248,0,0.8139782
5040,Pass,0,0.978572,0.41298133,0,0.89678836
5041,Pass,0,0.99974865,0.31106767,0,0.93730146
5042,Pass,0,0.9974252,0.47376743,0,0.90150636
5043,Pass,0,0.99999845,0.086672716,0,0.98401946
5044,Pass,0,0.99809414,0.17205004,0,0.9644932
5045,Pass,0,0.60733473,0.7402667,0,0.5154011
5046,Pass,0,0.5128256,0.48762923,0,0.46203643
5047,Pass,0,0.9653926,0.79913986,0,0.80748534
5048,Pass,0,0.9998435,0.24306418,0,0.95147526
5049,Pass,0,0.9999684,0.19943564,0,0.9606316
5050,Pass,0,0.9999716,0.09349509,0,0.9825798
5051,Pass,0,0.99987483,0.29293782,0,0.9411749
5052,Pass,0,0.99989724,0.2924752,0,0.94129187
5053,Pass,0,0.99850994,0.4701859,0,0.9032277
5054,Pass,0,0.2569901,1.279598,0,0.1893771
5055,Pass,0,0.3506564,0.66167384,0,0.3032857
5056,Pass,0,0.9403846,1.1105534,0,0.72590375
5057,Pass,0,0.99999094,0.21351242,0,0.9577372
5058,Pass,0,0.9999969,0.12974933,0,0.97509456
5059,Pass,0,0.80234873,0.44631523,0,0.72975254
5060,Pass,0,0.97119576,0.74851584,0,0.8225241
5061,Pass,0,0.99980503,0.16599914,0,0.9673997
5062,Pass,0,0.9992242,0.23316737,0,0.9529345
5063,Pass,0,0.9999263,0.064818524,0,0.9884753
5064,Pass,0,0.9996749,0.21163782,0,0.95782274
5065,Pass,0,0.99999905,0.2049637,0,0.9595159
5066,Pass,0,0.9354176,0.61073947,0,0.81892025
5067,Pass,0,0.8834912,0.88585377,0,0.72311026
5068,Pass,0,0.99867946,0.2576359,0,0.947353
5069,Pass,0,0.99923575,0.4042632,0,0.91752976
5070,Pass,0,0.9714325,0.66015697,0,0.8405054
5071,Pass,0,0.99982435,0.15392426,0,0.9699193
5072,Pass,0,0.9942497,0.6720037,0,0.8578074
5073,Pass,0,0.5468829,0.4459696,0,0.4974403
5074,Pass,0,0.9998149,0.16579781,0,0.96745104
5075,Pass,0,0.9964071,0.34737322,0,0.92667496
5076,Pass,0,0.999979,0.17900124,0,0.9648747
5077,Pass,0,0.651215,1.237989,0,0.4854962
5078,Pass,0,0.78995657,0.49648863,0,0.7102711
5079,Pass,0,0.9999845,0.21584179,0,0.95724857
5080,Pass,0,0.9999994,0.12002422,0,0.9771116
5081,Pass,0,0.9999999,0.12542641,0,0.975993
5082,Pass,0,0.9980691,0.27143785,0,0.94392043
5083,Pass,0,0.9914909,0.61129856,0,0.86789536
5084,Pass,0,0.8267125,1.1298977,0,0.6348449
5085,Pass,0,0.7292302,0.8398401,0,0.6038033
5086,Pass,0,0.996198,0.4543391,0,0.9044065
5087,Pass,0,0.99976057,0.10337812,0,0.98032564
5088,Pass,0,0.99958664,0.4283266,0,0.9128693
5089,Pass,0,0.99999964,0.090061836,0,0.98331857
5090,Pass,0,0.9999918,0.084211946,0,0.98452264
5091,Pass,0,0.7098,0.74675435,0,0.60140204
5092,Pass,0,0.60482645,0.6897653,0,0.5195999
5093,Pass,0,0.55051947,0.6546162,0,0.4769538
5094,Pass,0,0.36818498,0.6022396,0,0.32297936
5095,Pass,0,0.98365664,0.28731927,0,0.92705375
5096,Pass,0,0.98357093,0.52751917,0,0.8780326
5097,Pass,0,0.99998593,0.20699012,0,0.95908356
5098,Pass,0,0.9645953,0.7515583,0,0.8163261
5099,Pass,0,0.972251,0.5661562,0,0.8601456
5100,Pass,0,0.9548791,0.532937,0,0.8513478
5101,Pass,0,0.82682395,1.21105,0,0.62103087
5102,Pass,0,0.5411327,1.4064252,0,0.38454607
5103,Pass,0,0.6372543,1.1909181,0,0.4813019
5104,Pass,0,0.999969,0.3562528,0,0.9281482
5105,Pass,0,0.99943286,0.108361654,0,0.9789726
5106,Pass,0,0.50556356,0.45726332,0,0.45867378
5107,Pass,0,0.999566,0.32851183,0,0.93351823
5108,Pass,0,0.8554333,0.87773615,0,0.7015842
5109,Pass,0,0.5292223,1.4586468,0,0.37035716
5110,Pass,0,0.9999658,0.05982918,0,0.98954785
5111,Pass,0,0.99994063,0.18668953,0,0.96324515
5112,Pass,0,0.9999862,0.14557621,0,0.97180563
5113,Pass,0,0.99992025,0.093825,0,0.98246104
5114,Pass,0,1.0,0.038142506,0,0.9940741
5115,Pass,0,0.99836427,0.25936013,0,0.9466974
5116,Pass,0,0.9999938,0.0782102,0,0.9857679
5117,Pass,0,0.96680206,0.26687682,0,0.9152632
5118,Pass,0,0.99834645,0.3915956,0,0.919333
5119,Pass,0,0.9994704,0.2932205,0,0.94073576
5120,Pass,0,0.9030125,0.8874734,0,0.73878485
5121,Pass,0,0.99957424,0.07795187,0,0.9854078
5122,Pass,0,0.9980428,0.16542663,0,0.965813
5123,Pass,0,0.99999917,0.033366833,0,0.9950626
5124,Pass,0,0.99998915,0.1683931,0,0.96708196
5125,Pass,0,0.9992725,0.38061327,0,0.92245907
5126,Pass,0,0.9999938,0.10467962,0,0.98028475
5127,Pass,0,0.8491429,0.5979718,0,0.74563617
5128,Pass,0,0.9999361,0.030910693,0,0.9955086
5129,Pass,0,0.9999999,0.18145692,0,0.96438617
5130,Pass,0,0.89412725,0.4003961,0,0.82173204
5131,Pass,0,0.98954904,0.30519083,0,0.9289437
5132,Pass,0,0.9999881,0.18236087,0,0.9641875
5133,Pass,0,0.26091054,1.298125,0,0.19126473
5134,Pass,0,0.99989426,0.098634,0,0.9814394
5135,Pass,0,0.9999833,0.18247373,0,0.96415955
5136,Pass,0,0.9901878,0.35975468,0,0.91835123
5137,Pass,0,0.99897873,0.4361764,0,0.9106896
5138,Pass,0,0.99976534,0.2421496,0,0.95159036
5139,Pass,0,0.36104682,1.1863717,0,0.27302948
5140,Pass,0,0.9985043,0.3559179,0,0.926858
5141,Pass,0,0.9994104,0.30696973,0,0.9378328
5142,Pass,0,0.9992167,0.3412742,0,0.93055034
5143,Pass,0,0.9999826,0.107498035,0,0.97968996
5144,Pass,0,0.99998176,0.2473174,0,0.9507258
5145,Pass,0,1.0,0.123460256,0,0.9764004
5146,Pass,0,0.9999994,0.026365593,0,0.9965131
5147,Pass,0,0.99999785,0.16560231,0,0.9676685
5148,Pass,0,0.9802469,0.22880314,0,0.93572253
5149,Pass,0,0.99984646,0.14877641,0,0.971007
5150,Pass,0,0.43658695,4.836911,0,0.0
5151,Pass,0,0.99989045,0.20966256,0,0.9584384
5152,Pass,0,0.52746665,1.585961,0,0.35521746
5153,Pass,0,0.99999356,0.085367344,0,0.9842851
5154,Pass,0,0.99381083,0.1748722,0,0.9597731
5155,Pass,0,0.9999441,0.08255161,0,0.98481965
5156,Pass,0,0.99989927,0.04959715,0,0.9916014
5157,Pass,0,0.8773488,0.60728246,0,0.7687117
5158,Pass,0,0.9992712,0.33217555,0,0.9324845
5159,Pass,0,0.5903254,0.085309714,0,0.5810593
5160,Pass,0,0.982454,0.6850935,0,0.8449664
5161,Pass,0,0.99999654,0.089099824,0,0.98351485
5162,Pass,0,0.43091503,1.1118267,0,0.3325192
5163,Pass,0,0.9806887,0.1296354,0,0.9562903
5164,Pass,0,0.9999999,0.07338842,0,0.9867728
5165,Pass,0,0.99996877,0.14933987,0,0.9710091
5166,Pass,0,0.9824975,0.63834125,0,0.8545191
5167,Pass,0,0.9999981,0.10348398,0,0.9805367
5168,Pass,0,0.99999154,0.13623385,0,0.9737461
5169,Pass,0,0.99899095,0.19197749,0,0.961236
5170,Pass,0,0.9999995,0.07167129,0,0.9871281
5171,Pass,0,0.99938154,0.35078087,0,0.92873573
5172,Pass,0,0.99755895,0.29349822,0,0.93887925
5173,Pass,0,0.99052304,0.25940147,0,0.9392535
5174,Pass,0,0.9999238,0.119240165,0,0.97720015
5175,Pass,0,0.99507767,0.55581284,0,0.8824724
5176,Pass,0,0.9968784,0.17582369,0,0.96253914
5177,Pass,0,0.9131092,0.70407337,0,0.7817359
5178,Pass,0,0.9378496,0.36792657,0,0.8682224
5179,Pass,0,0.52093726,1.1046125,0,0.4027641
5180,Pass,0,0.99995995,0.019944957,0,0.9978038
5181,Pass,0,0.99986875,0.22099122,0,0.95607114
5182,Pass,0,0.9999919,0.13148794,0,0.97472954
5183,Pass,0,0.98424464,0.33616626,0,0.9176486
5184,Pass,0,0.9999447,0.029608047,0,0.99578696
5185,Pass,0,0.9993432,0.3981611,0,0.91889167
5186,Pass,0,0.9521433,0.81447,0,0.79337955
5187,Pass,0,0.99992657,0.1933883,0,0.961844
5188,Pass,0,0.9987452,0.26231268,0,0.94644773
5189,Pass,0,0.9995968,0.12362706,0,0.9759722
5190,Pass,0,0.99995995,0.17959788,0,0.96473277
5191,Pass,0,0.98878175,0.6297886,0,0.86173666
5192,Pass,0,0.9999211,0.3534757,0,0.92867893
5193,Pass,0,0.9999713,0.02068779,0,0.99766123
5194,Pass,0,0.9999658,0.12109562,0,0.97685677
5195,Pass,0,0.9874184,0.4382564,0,0.89972556
5196,Pass,0,0.99990404,0.21440104,0,0.95746994
5197,Pass,0,0.99995077,0.26153755,0,0.94775075
5198,Pass,0,0.995138,0.22971517,0,0.94974923
5199,Pass,0,0.82056063,0.6821195,0,0.70623446
5200,Pass,0,0.99995947,0.4357604,0,0.91166985
5201,Pass,0,0.99999774,0.1498835,0,0.97092456
5202,Pass,0,0.99999785,0.2337548,0,0.95355064
5203,Pass,0,0.99981815,0.27433932,0,0.9449736
5204,Pass,0,0.99996805,0.120918564,0,0.9768957
5205,Pass,0,0.99970764,0.24715924,0,0.9504979
5206,Pass,0,0.99990165,0.0382235,0,0.9939596
5207,Pass,0,0.999648,0.15604028,0,0.96931005
5208,Pass,0,0.9999993,0.13499385,0,0.97401047
5209,Pass,0,0.99966025,0.18191762,0,0.96396327
5210,Pass,0,0.99858296,0.1337985,0,0.9728782
5211,Pass,0,0.9999902,0.16196059,0,0.9684155
5212,Pass,0,0.986696,0.659785,0,0.8537878
5213,Pass,0,0.99966824,0.57777953,0,0.88199455
5214,Pass,0,0.99999845,0.09041663,0,0.9832439
5215,Pass,0,0.99999845,0.12055278,0,0.9770012
5216,Pass,0,0.9998247,0.55256605,0,0.88735473
5217,Pass,0,0.9999994,0.15773243,0,0.96930027
5218,Pass,0,0.76002616,0.85816187,0,0.62641776
5219,Pass,0,0.99999976,0.09678471,0,0.981926
5220,Pass,0,0.9957949,0.46491718,0,0.9018585
5221,Pass,0,0.999198,0.3685147,0,0.9248946
5222,Pass,0,0.97746164,0.23673974,0,0.93145674
5223,Pass,0,0.46494162,1.216863,0,0.3486597
5224,Pass,0,0.99999845,0.031551056,0,0.99543804
5225,Pass,0,0.98826677,2.8013039,0,0.41673225
5226,Pass,0,0.9994505,0.2977895,0,0.93977106
5227,Pass,0,0.7929138,0.9730728,0,0.6346494
5228,Pass,0,0.9878065,0.09029885,0,0.9712804
5229,Pass,0,0.9669454,0.53943795,0,0.86080366
5230,Pass,0,0.9999883,0.065850385,0,0.98832285
5231,Pass,0,1.0,0.1128008,0,0.97860855
5232,Pass,0,0.98520154,0.39670044,0,0.9061865
5233,Pass,0,0.74812865,0.54111654,0,0.6657463
5234,Pass,0,0.9997435,0.70025253,0,0.856697
5235,Pass,0,0.99931085,0.5711608,0,0.88304937
5236,Pass,0,0.99993336,0.07115945,0,0.9871688
5237,Pass,0,0.99532986,0.35382918,0,0.924342
5238,Pass,0,0.99911994,0.25248,0,0.94883794
5239,Pass,0,0.999777,0.26216632,0,0.9474559
5240,Pass,0,0.52379984,0.6790109,0,0.45115772
5241,Pass,0,0.9744883,0.31763634,0,0.91229296
5242,Pass,0,0.9974722,0.19055042,0,0.96006954
5243,Pass,0,0.99989676,0.18998252,0,0.96252084
5244,Pass,0,0.99344796,0.45521742,0,0.90172917
5245,Pass,0,0.9999689,0.13241294,0,0.9745155
5246,Pass,0,0.99980694,0.12589791,0,0.975707
5247,Pass,0,0.99992037,0.07161246,0,0.98706216
5248,Pass,0,0.99999464,0.16919486,0,0.9669212
5249,Pass,0,0.9999,0.29993564,0,0.9397492
5250,Pass,0,0.8951098,1.2687411,0,0.6616233
5251,Pass,0,0.55287325,1.0734588,0,0.4310235
5252,Pass,0,0.8120832,1.2737244,0,0.59941566
5253,Pass,0,0.8729438,0.5229519,0,0.78010184
5254,Pass,0,0.7767025,0.661153,0,0.6718604
5255,Pass,0,0.9999871,0.09016467,0,0.983285
5256,Pass,0,0.9690643,0.20087217,0,0.9306548
5257,Pass,0,1.0,0.115811214,0,0.9779849
5258,Pass,0,0.99996257,0.07487446,0,0.9864281
5259,Pass,0,0.99825126,0.38984618,0,0.91960704
5260,Pass,0,0.99966156,0.2724214,0,0.9452228
5261,Pass,0,0.99997723,0.10474682,0,0.98025465
5262,Pass,0,0.99677986,0.17585686,0,0.96243715
5263,Pass,0,0.8093691,0.682734,0,0.6964991
5264,Pass,0,0.3738785,1.1863602,0,0.2827339
5265,Pass,0,0.9997669,0.080453746,0,0.9850796
5266,Pass,0,0.32808405,1.3623972,0,0.23613921
5267,Pass,0,0.99970585,0.07129363,0,0.9869164
5268,Pass,0,0.99946743,0.29680547,0,0.93999076
5269,Pass,0,0.9999809,0.030196749,0,0.9957011
5270,Pass,0,0.99995136,0.23858567,0,0.95250565
5271,Pass,0,0.99921465,0.38281542,0,0.92194986
5272,Pass,0,0.99686533,0.4918488,0,0.8972665
5273,Pass,0,0.9948945,0.6280344,0,0.86742556
5274,Pass,0,0.89415985,1.9641607,0,0.53211075
5275,Pass,0,0.9992237,0.436306,0,0.9108861
5276,Pass,0,0.99987376,0.28579003,0,0.94265443
5277,Pass,0,0.9925936,0.536892,0,0.88415986
5278,Pass,0,0.96171355,0.7617726,0,0.8118524
5279,Pass,0,0.6805007,0.83082676,0,0.5647258
5280,Pass,0,0.9884377,0.44580716,0,0.89910823
5281,Pass,0,0.9871737,0.5126886,0,0.8842816
5282,Pass,0,0.34615433,1.2153416,0,0.2596902
5283,Pass,0,0.8629944,1.1587925,0,0.65754074
5284,Pass,0,0.9999999,0.08896899,0,0.9835452
5285,Pass,0,0.9999263,0.248071,0,0.950517
5286,Pass,0,0.6121899,0.77818495,0,0.5147127
5287,Pass,0,0.99797624,0.49613208,0,0.89738095
5288,Pass,0,0.9893812,0.4809346,0,0.892767
5289,Pass,0,0.999998,0.12627302,0,0.9758158
5290,Pass,0,0.39583084,0.99247885,0,0.31523237
5291,Pass,0,0.99999607,0.1394164,0,0.97309124
5292,Pass,0,0.99986756,0.3054218,0,0.93858236
5293,Pass,0,0.99236685,0.41770205,0,0.9084599
5294,Pass,0,0.8422632,0.59330505,0,0.74040926
5295,Pass,0,0.68212754,1.6636621,0,0.44839287
5296,Pass,0,0.9999455,0.505688,0,0.89717233
5297,Pass,0,0.9999765,0.064224295,0,0.988648
5298,Pass,0,0.9990176,0.09550844,0,0.9812258
5299,Pass,0,0.9999974,0.13733272,0,0.97352415
5300,Pass,0,0.9990588,0.2124201,0,0.9570705
5301,Pass,0,0.99798644,0.42833272,0,0.91140664
5302,Pass,0,0.99926406,0.103234716,0,0.97986853
5303,Pass,0,0.99999714,0.11222186,0,0.9787257
5304,Pass,0,0.926007,0.9046899,0,0.75429493
5305,Pass,0,0.99930096,0.31963813,0,0.9351076
5306,Pass,0,0.99988174,0.025224209,0,0.9966323
5307,Pass,0,0.9999982,0.11132045,0,0.9789134
5308,Pass,0,1.0,0.054279745,0,0.9907313
5309,Pass,0,0.9997911,0.21360545,0,0.95752656
5310,Pass,0,0.9999883,0.16256244,0,0.96828896
5311,Pass,0,0.99996245,0.15951249,0,0.96889573
5312,Pass,0,0.99997747,0.085782446,0,0.98418325
5313,Pass,0,0.99994886,0.105304465,0,0.9801113
5314,Pass,0,0.9999809,0.07713243,0,0.9859785
5315,Pass,0,0.99980706,0.04405057,0,0.9926587
5316,Pass,0,0.9996966,0.23050657,0,0.95393604
5317,Pass,0,0.99996877,0.15460552,0,0.9699183
5318,Pass,0,0.99991715,0.42378002,0,0.9141128
5319,Pass,0,0.99672395,0.5927009,0,0.876316
5320,Pass,0,0.9977894,0.4913474,0,0.8982019
5321,Pass,0,0.89699465,0.5831855,0,0.7904025
5322,Pass,0,0.9999535,0.07566428,0,0.9862556
5323,Pass,0,0.9999976,0.16273892,0,0.9682614
5324,Pass,0,0.99724495,0.27063146,0,0.9433076
5325,Pass,0,0.9970982,0.4217889,0,0.9119471
5326,Pass,0,0.99983513,0.06379086,0,0.988598
5327,Pass,0,0.99998224,0.15104978,0,0.97066796
5328,Pass,0,0.91111386,0.46566483,0,0.82502455
5329,Pass,0,0.9979265,0.34382805,0,0.92882085
5330,Pass,0,0.9976156,0.18331195,0,0.9617034
5331,Pass,0,0.99995387,0.29252285,0,0.9413353
5332,Pass,0,0.99691355,0.23518261,0,0.9503147
5333,Pass,0,0.9999641,0.3406936,0,0.9313666
5334,Pass,0,0.9999974,0.18649621,0,0.96333987
5335,Pass,0,0.21916668,1.7410706,0,0.14055362
5336,Pass,0,0.6706455,1.1817206,0,0.50779915
5337,Pass,0,0.9999924,0.07856929,0,0.98569214
5338,Pass,0,0.9994623,0.21287516,0,0.9573629
5339,Pass,0,0.9572355,0.5525331,0,0.84956294
5340,Pass,0,0.9996512,0.34174195,0,0.93085814
5341,Pass,0,0.9997807,0.26394668,0,0.9470906
5342,Pass,0,0.704547,0.98853153,0,0.56166434
5343,Pass,0,0.96053946,1.0039357,0,0.76267624
5344,Pass,0,0.99848795,0.3855443,0,0.9207149
5345,Pass,0,0.97729677,0.7026708,0,0.8369724
5346,Pass,0,0.34624022,1.1076292,0,0.26748025
5347,Pass,0,0.91889507,0.5136508,0,0.8229364
5348,Pass,0,0.99986017,0.11358276,0,0.97830975
5349,Pass,0,0.9999635,0.29210356,0,0.9414313
5350,Pass,0,0.9661361,0.538707,0,0.86022943
5351,Pass,0,0.8394852,0.5237981,0,0.75005454
5352,Pass,0,0.99952877,0.18828578,0,0.9625179
5353,Pass,0,0.45040426,0.75158733,0,0.38116932
5354,Pass,0,0.9961832,0.20243286,0,0.9563768
5355,Pass,0,0.99168056,1.6260781,0,0.65959674
5356,Pass,0,0.9997117,0.062346093,0,0.98877513
5357,Pass,0,0.99961674,0.31742263,0,0.9358619
5358,Pass,0,1.0,0.074589334,0,0.9865241
5359,Pass,0,0.6140459,1.3746964,0,0.44039646
5360,Pass,0,0.99456847,0.13319205,0,0.969092
5361,Pass,0,0.9999701,0.12229779,0,0.976612
5362,Pass,0,0.9995078,0.19042957,0,0.9620538
5363,Pass,0,0.9999598,0.14445096,0,0.9720131
5364,Pass,0,0.99991596,0.077075005,0,0.98592633
5365,Pass,0,0.9985481,0.5325559,0,0.89036083
5366,Pass,0,0.8914507,0.48831913,0,0.8030359
5367,Pass,0,0.9999621,0.028541356,0,0.9960253
5368,Pass,0,0.9574109,0.7689248,0,0.8068017
5369,Pass,0,0.2485671,0.72944325,0,0.21149826
5370,Pass,0,0.9999827,0.05990844,0,0.98954815
5371,Pass,0,0.9997873,0.22030188,0,0.95613605
5372,Pass,0,0.96117914,0.44858778,0,0.87375957
5373,Pass,0,0.9999622,0.19754638,0,0.961017
5374,Pass,0,0.9995943,0.1944674,0,0.96130097
5375,Pass,0,0.99998915,0.07378348,0,0.9866803
5376,Pass,0,0.43957096,1.0526416,0,0.3445879
5377,Pass,0,0.32821482,1.4378603,0,0.2311026
5378,Pass,0,0.99985695,0.1386197,0,0.97312087
5379,Pass,0,0.99614465,0.60652393,0,0.87295425
5380,Pass,0,0.99999666,0.16011141,0,0.96880484
5381,Pass,0,0.86170983,0.9567158,0,0.6926337
5382,Pass,0,0.96579903,0.55195636,0,0.8572786
5383,Pass,0,0.9128255,0.6039734,0,0.8004213
5384,Pass,0,0.9847398,0.23930359,0,0.93786937
5385,Pass,0,0.99913687,0.4165083,0,0.9149046
5386,Pass,0,0.9341353,0.9194918,0,0.75805163
5387,Pass,0,0.9918899,0.14815576,0,0.96340746
5388,Pass,0,0.9992374,1.8454866,0,0.6192068
5389,Pass,0,0.99999607,0.052650124,0,0.99106497
5390,Pass,0,0.9999292,0.1267337,0,0.97565323
5391,Pass,0,0.17978628,1.5276651,0,0.12324649
5392,Pass,0,0.4662921,1.0068129,0,0.36996186
5393,Pass,0,0.5899291,1.1070573,0,0.45580658
5394,Pass,0,0.7390315,1.0839962,0,0.5745405
5395,Pass,0,0.962169,0.61500305,0,0.8414902
5396,Pass,0,0.99955803,0.1677109,0,0.9668063
5397,Pass,0,0.99985445,0.15620628,0,0.96947587
5398,Pass,0,0.99953926,0.18650842,0,0.962896
5399,Pass,0,0.632713,1.1663213,0,0.48109582
5400,Pass,0,0.99997246,0.11339094,0,0.97845936
5401,Pass,0,0.9999764,0.5180425,0,0.8946408
5402,Pass,0,0.9998622,0.30633205,0,0.9383888
5403,Pass,0,1.0,0.11221641,0,0.9787296
5404,Pass,0,0.9999993,0.08952548,0,0.9834293
5405,Pass,0,0.99992573,0.08844566,0,0.98358065
5406,Pass,0,0.9999938,0.13825177,0,0.97333026
5407,Pass,0,0.6873316,0.84617484,0,0.5682093
5408,Pass,0,0.99973685,0.13775156,0,0.97318375
5409,Pass,0,0.969625,0.55021435,0,0.8610245
5410,Pass,0,0.99999976,0.0767286,0,0.9860807
5411,Pass,0,0.9998666,0.2120452,0,0.95792204
5412,Pass,0,0.9997383,0.06365439,0,0.9885305
5413,Pass,0,0.99682873,0.237736,0,0.9497066
5414,Pass,0,0.99990034,0.26454613,0,0.9470798
5415,Pass,0,0.68113047,2.0373616,0,0.39500937
5416,Pass,0,0.999997,0.09937496,0,0.9813868
5417,Pass,0,0.66599107,1.1682258,0,0.5061367
5418,Pass,0,0.9950323,0.386458,0,0.9173401
5419,Pass,0,0.952192,1.1406823,0,0.72907525
5420,Pass,0,0.9999428,0.04027618,0,0.9935753
5421,Pass,0,0.99997115,0.13569742,0,0.9738374
5422,Pass,0,0.99723697,1.5728623,0,0.67428577
5423,Pass,0,0.9993855,0.20007241,0,0.9599398
5424,Pass,0,0.9964252,0.48957625,0,0.89733946
5425,Pass,0,0.99999845,0.14152879,0,0.97265595
5426,Pass,0,0.23193212,1.1077025,0,0.17917052
5427,Pass,0,0.99589974,0.6445467,0,0.86489546
5428,Pass,0,0.9999753,0.17443112,0,0.96581787
5429,Pass,0,0.9977101,0.36965242,0,0.92328215
5430,Pass,0,0.9966266,0.23121235,0,0.95086086
5431,Pass,0,0.9916318,0.8678476,0,0.81531876
5432,Pass,0,0.61987597,1.0929627,0,0.4807548
5433,Pass,0,0.99940944,0.20877069,0,0.958162
5434,Pass,0,0.99998987,0.1849186,0,0.9636594
5435,Pass,0,0.9994887,0.3370352,0,0.93168133
5436,Pass,0,0.4771537,1.0106865,0,0.3781967
5437,Pass,0,0.99943,0.2206939,0,0.95571315
5438,Pass,0,0.8276243,0.7626425,0,0.6985088
5439,Pass,0,0.6458306,1.5599788,0,0.43840453
5440,Pass,0,0.98171324,0.43267268,0,0.89566255
5441,Pass,0,0.99678016,0.3858035,0,0.91908664
5442,Pass,0,0.4545919,0.9185343,0,0.3689919
5443,Pass,0,0.95353544,0.48471013,0,0.8596759
5444,Pass,0,0.99999833,0.15629818,0,0.9695963
5445,Pass,0,0.94369864,0.8414935,0,0.7810601
5446,Pass,0,0.99998486,0.116351195,0,0.97785825
5447,Pass,0,0.99992967,0.30735534,0,0.9382402
5448,Pass,0,0.99684876,0.470366,0,0.9016878
5449,Pass,0,0.98254967,0.5763777,0,0.8671764
5450,Pass,0,0.9999956,0.1177802,0,0.97757274
5451,Pass,0,0.9999844,0.14012071,0,0.97293395
5452,Pass,0,0.9875952,1.1853942,0,0.74703556
5453,Pass,0,0.99907035,0.5800807,0,0.8809908
5454,Pass,0,0.999405,0.4869375,0,0.90056926
5455,Pass,0,0.9930443,0.8053556,0,0.82933545
5456,Pass,0,0.99982846,0.23061667,0,0.95403904
5457,Pass,0,0.9995826,0.14634362,0,0.97125447
5458,Pass,0,0.686922,1.104714,0,0.53108126
5459,Pass,0,0.9967644,0.5504184,0,0.8850821
5460,Pass,0,0.9999988,0.15905426,0,0.9690259
5461,Pass,0,0.97834045,0.5546655,0,0.86786175
5462,Pass,0,0.9431214,0.48950464,0,0.8493502
5463,Pass,0,0.9987521,0.18560858,0,0.9623239
5464,Pass,0,0.99996686,0.06884711,0,0.9876809
5465,Pass,0,0.99998033,0.23315625,0,0.95365787
5466,Pass,0,0.9989887,0.33745185,0,0.93112904
5467,Pass,0,0.9997366,0.2292951,0,0.95422506
5468,Pass,0,0.99936515,0.14554031,0,0.9712095
5469,Pass,0,0.9999535,0.18576828,0,0.96344835
5470,Pass,0,0.37945104,1.4205713,0,0.268538
5471,Pass,0,0.99827564,0.28741848,0,0.94081104
5472,Pass,0,0.9999937,0.14000723,0,0.9729665
5473,Pass,0,0.9746397,1.5667582,0,0.6602389
5474,Pass,0,0.99999964,0.06739526,0,0.988014
5475,Pass,0,0.823458,1.2340727,0,0.61457545
5476,Pass,0,0.99999917,0.062198326,0,0.9890901
5477,Pass,0,0.9987264,0.6697004,0,0.8621463
5478,Pass,0,0.9997123,0.27790412,0,0.9441353
5479,Pass,0,0.99999356,0.05110248,0,0.9913831
5480,Pass,0,0.91031545,0.54450065,0,0.80943525
5481,Pass,0,0.82686365,1.6016941,0,0.5541486
5482,Pass,0,0.99079496,0.42138177,0,0.9062657
5483,Pass,0,0.99973625,0.9715946,0,0.8004966
5484,Pass,0,0.58050436,1.1947765,0,0.43797612
5485,Pass,0,0.99746144,0.3103703,0,0.93530124
5486,Pass,0,0.9999615,0.12848687,0,0.9753216
5487,Pass,0,0.9999958,0.12849486,0,0.9753534
5488,Pass,0,0.9997322,0.23375778,0,0.9532967
5489,Pass,0,0.9309254,0.70861745,0,0.7961125
5490,Pass,0,0.71501434,0.6634917,0,0.6181527
5491,Pass,0,0.99983513,0.18743074,0,0.96299
5492,Pass,0,0.87255746,0.70492315,0,0.74686486
5493,Pass,0,0.9999914,0.08964016,0,0.98339784
5494,Pass,0,0.9599027,0.14600533,0,0.9327664
5495,Pass,0,0.98841304,0.46301743,0,0.895562
5496,Pass,0,0.94001204,0.7081333,0,0.8039775
5497,Pass,0,0.9993749,0.3004289,0,0.9391536
5498,Pass,0,0.99981755,0.06433648,0,0.98846763
5499,Pass,0,0.99996734,0.14778596,0,0.97132957
5500,Pass,0,0.99993455,0.1466751,0,0.9715278
5501,Pass,0,0.99857247,0.0688558,0,0.9863018
5502,Pass,0,0.51401573,0.90965277,0,0.4181719
5503,Pass,0,0.99986255,0.2228382,0,0.9556827
5504,Pass,0,0.99978524,0.3273911,0,0.9339551
5505,Pass,0,0.9999957,0.059903476,0,0.9895621
5506,Pass,0,0.99996996,0.13099757,0,0.97480977
5507,Pass,0,0.99905175,0.29655457,0,0.9396517
5508,Pass,0,0.9992536,0.4795985,0,0.9019519
5509,Pass,0,0.9887636,0.63679117,0,0.86028653
5510,Pass,0,0.9999995,0.06113693,0,0.9893103
5511,Pass,0,0.96390414,0.81347764,0,0.80337745
5512,Pass,0,0.61474186,0.55600303,0,0.54515207
5513,Pass,0,0.9994636,0.24465641,0,0.9507841
5514,Pass,0,0.97839135,0.36542755,0,0.9062608
5515,Pass,0,0.86565346,0.8228277,0,0.7198126
5516,Pass,0,0.49921605,1.1564833,0,0.38060614
5517,Pass,0,0.99979323,0.11518797,0,0.9779118
5518,Pass,0,0.99999726,0.03127111,0,0.99549484
5519,Pass,0,0.6083423,1.0321742,0,0.47947016
5520,Pass,0,0.9998079,0.24590388,0,0.9508533
5521,Pass,0,0.84700114,0.27561995,0,0.80031466
5522,Pass,0,0.9997744,0.103416026,0,0.9803314
5523,Pass,0,0.99996305,0.12013574,0,0.9770529
5524,Pass,0,0.9999993,0.10928117,0,0.9793369
5525,Pass,0,0.99997044,0.4559308,0,0.90750164
5526,Pass,0,0.99999976,0.17417918,0,0.9658936
5527,Pass,0,0.81514084,2.6262844,0,0.373282
5528,Pass,0,0.9998814,0.16908449,0,0.96683455
5529,Pass,0,0.9999888,0.09964252,0,0.9813233
5530,Pass,0,0.99992526,0.2402989,0,0.9521259
5531,Pass,0,0.9978156,0.55647767,0,0.8847631
5532,Pass,0,0.9853652,0.30390072,0,0.92527944
5533,Pass,0,0.9999335,0.20160595,0,0.96014845
5534,Pass,0,0.8001145,1.0813597,0,0.62246484
5535,Pass,0,0.8857158,0.53992695,0,0.7884008
5536,Pass,0,0.9999529,0.09992052,0,0.9812305
5537,Pass,0,0.999964,0.19660582,0,0.9612135
5538,Pass,0,0.9990947,0.500053,0,0.8975752
5539,Pass,0,0.97533065,0.5033267,0,0.8755644
5540,Pass,0,0.9999981,0.08517937,0,0.9843285
5541,Pass,0,0.97103757,0.59731215,0,0.8528051
5542,Pass,0,0.9999776,0.4155327,0,0.9158765
5543,Pass,0,0.99833554,1.4527416,0,0.69987035
5544,Pass,0,0.9999987,0.08886535,0,0.9835655
5545,Pass,0,0.9999782,0.09146371,0,0.9830071
5546,Pass,0,0.99950325,0.24099776,0,0.9515794
5547,Pass,0,0.99779737,0.30554304,0,0.93661404
5548,Pass,0,0.9999995,0.10034124,0,0.9811891
5549,Pass,0,0.9999461,0.23088925,0,0.9540948
5550,Pass,0,0.99942267,0.29546142,0,0.9402269
5551,Pass,0,0.99999833,0.13366029,0,0.97428584
5552,Pass,0,0.6910842,0.9649807,0,0.55430335
5553,Pass,0,0.9999715,0.34356686,0,0.9307784
5554,Pass,0,0.9999777,0.14314505,0,0.97230095
5555,Pass,0,1.0,0.12199697,0,0.9767035
5556,Pass,0,0.9900305,0.31911248,0,0.9265405
5557,Pass,0,0.99961406,0.25796342,0,0.94817173
5558,Pass,0,0.59086865,1.1746002,0,0.44826528
5559,Pass,0,0.99988294,0.054293554,0,0.99061245
5560,Pass,0,0.99997616,0.09042917,0,0.98321944
5561,Pass,0,0.9979572,0.19903547,0,0.95878226
5562,Pass,0,0.6563513,0.5146877,0,0.58766866
5563,Pass,0,0.99993956,0.18166192,0,0.9642855
5564,Pass,0,0.7493144,0.7136166,0,0.64002573
5565,Pass,0,0.9998982,0.15574636,0,0.96961355
5566,Pass,0,0.9999659,0.13485104,0,0.97400755
5567,Pass,0,0.9999982,0.16206911,0,0.9684008
5568,Pass,0,0.99885654,0.08428843,0,0.98338914
5569,Pass,0,0.99800986,0.35016048,0,0.9275893
5570,Pass,0,0.99980265,0.35847518,0,0.9275335
5571,Pass,0,0.99158794,0.061370708,0,0.9809406
5572,Pass,0,0.99989057,0.31155434,0,0.93733376
5573,Pass,0,0.99784374,0.5593055,0,0.88420355
5574,Pass,0,0.99998677,0.085890576,0,0.98417
5575,Pass,0,0.99917287,0.15471916,0,0.96912277
5576,Pass,0,0.99990666,0.09709727,0,0.98176986
5577,Pass,0,0.9914283,0.38397205,0,0.9145281
5578,Pass,0,0.99999964,0.066937976,0,0.98810875
5579,Pass,0,0.9998946,0.13540056,0,0.9738243
5580,Pass,0,0.9176128,0.9549004,0,0.73791295
5581,Pass,0,0.99991536,0.1442007,0,0.9720217
5582,Pass,0,0.9880752,0.3264728,0,0.92320406
5583,Pass,0,0.99993765,0.16146429,0,0.9684674
5584,Pass,0,0.9993723,0.19793786,0,0.960369
5585,Pass,0,0.9999964,0.17833439,0,0.96502966
5586,Pass,0,0.99792624,0.37417996,0,0.9225462
5587,Pass,0,0.98200285,0.3148371,0,0.9198974
5588,Pass,0,0.84627724,2.1401055,0,0.4727715
5589,Pass,0,0.9999895,0.043259356,0,0.9930037
5590,Pass,0,0.9981123,0.28591463,0,0.94096804
5591,Pass,0,0.9965404,0.3125792,0,0.93398166
5592,Pass,0,0.9999721,0.114707686,0,0.9781862
5593,Pass,0,0.99951243,0.3019439,0,0.9389691
5594,Pass,0,0.9985446,0.39531624,0,0.91874576
5595,Pass,0,0.99986494,0.19746828,0,0.96093965
5596,Pass,0,0.99998724,0.15030093,0,0.9708279
5597,Pass,0,0.9999778,0.08713974,0,0.98390245
5598,Pass,0,0.99880767,0.25889564,0,0.94721395
5599,Pass,0,0.99911946,0.5339151,0,0.890589
5600,Pass,0,0.99916685,0.3980265,0,0.9187574
5601,Pass,0,0.9999994,0.084826045,0,0.98440295
5602,Pass,0,0.3300874,1.2389659,0,0.24602115
5603,Pass,0,0.9999728,0.24946263,0,0.950273
5604,Pass,0,0.996018,0.31825384,0,0.93232113
5605,Pass,0,0.99994576,0.21952702,0,0.95644814
5606,Pass,0,0.999915,0.13908236,0,0.9730815
5607,Pass,0,0.75600827,0.5592075,0,0.66992503
5608,Pass,0,0.9999999,0.09209041,0,0.9828986
5609,Pass,0,0.9967823,0.45132422,0,0.9055595
5610,Pass,0,0.7003334,2.1807544,0,0.38534302
5611,Pass,0,0.9999908,0.20364267,0,0.95978165
5612,Pass,0,0.9982357,0.40727797,0,0.9159881
5613,Pass,0,0.99999,0.07520074,0,0.98638755
5614,Pass,0,0.99996686,0.067176744,0,0.9880269
5615,Pass,0,0.99998903,0.22422016,0,0.9555173
5616,Pass,0,0.885415,0.8572927,0,0.72992337
5617,Pass,0,0.99996877,0.10113551,0,0.9809944
5618,Pass,0,0.9910527,0.33363903,0,0.92451483
5619,Pass,0,0.26690465,1.1252414,0,0.20521753
5620,Pass,0,0.99977976,0.11205733,0,0.9785469
5621,Pass,0,0.7553816,1.185019,0,0.5714435
5622,Pass,0,0.9999783,0.16894461,0,0.9669572
5623,Pass,0,0.9999987,0.115303695,0,0.97808874
5624,Pass,0,0.99984014,0.21076208,0,0.9581625
5625,Pass,0,0.9979627,0.19123597,0,0.9603999
5626,Pass,0,0.9940883,0.3412372,0,0.92578197
5627,Pass,0,0.99981576,0.16850625,0,0.9668909
5628,Pass,0,0.9999702,0.11359483,0,0.9784149
5629,Pass,0,0.92816126,0.9725866,0,0.74299514
5630,Pass,0,0.8946048,1.6140727,0,0.59725356
5631,Pass,0,0.99993086,0.0504042,0,0.99146557
5632,Pass,0,0.9999783,0.1423454,0,0.9724672
5633,Pass,0,0.9997602,0.37425065,0,0.924227
5634,Pass,0,0.95893884,0.724969,0,0.8168209
5635,Pass,0,0.6435097,1.1628667,0,0.48976582
5636,Pass,0,0.9405028,0.4882835,0,0.84722996
5637,Pass,0,0.97144586,0.6366957,0,0.8452382
5638,Pass,0,0.99938667,0.09381986,0,0.9819379
5639,Pass,0,0.99999213,0.08483387,0,0.9843942
5640,Pass,0,0.99947685,0.34268215,0,0.9305011
5641,Pass,0,0.9998841,0.56630635,0,0.8845615
5642,Pass,0,0.9997162,0.1691663,0,0.9666579
5643,Pass,0,0.99940526,0.17719911,0,0.96469426
5644,Pass,0,0.9999865,0.14144237,0,0.97266227
5645,Pass,0,0.9917298,0.26819447,0,0.9385913
5646,Pass,0,0.99999154,0.19318192,0,0.9619492
5647,Pass,0,0.9079254,0.4851624,0,0.81847036
5648,Pass,0,0.99982065,0.21918195,0,0.9563999
5649,Pass,0,0.9362645,0.6597208,0,0.8101618
5650,Pass,0,0.9923183,0.28703213,0,0.935276
5651,Pass,0,0.9870364,0.31967765,0,0.92362285
5652,Pass,0,0.9983847,0.07604225,0,0.98463005
5653,Pass,0,0.96175426,0.61616546,0,0.84089595
5654,Pass,0,0.9995047,0.2538563,0,0.9489184
5655,Pass,0,0.9593504,0.6643473,0,0.8292189
5656,Pass,0,0.99975544,0.26832566,0,0.9461598
5657,Pass,0,0.9999484,0.22660193,0,0.9549851
5658,Pass,0,0.99859244,0.107408725,0,0.97834647
5659,Pass,0,0.9989549,0.3618041,0,0.9260582
5660,Pass,0,0.9969408,0.41334176,0,0.9135476
5661,Pass,0,1.0,0.06794958,0,0.98789954
5662,Pass,0,0.9778351,0.45070034,0,0.88847274
5663,Pass,0,0.99988353,0.25226548,0,0.9496075
5664,Pass,0,0.99935454,0.21632643,0,0.9565452
5665,Pass,0,0.9999051,0.1911926,0,0.9622782
5666,Pass,0,0.7077654,1.0087326,0,0.56126827
5667,Pass,0,0.9807911,0.25674888,0,0.9305642
5668,Pass,0,0.999977,0.03774296,0,0.994134
5669,Pass,0,0.89686143,0.31060374,0,0.8409271
5670,Pass,0,0.99993503,0.15563573,0,0.9696722
5671,Pass,0,0.9771558,0.38650542,0,0.9008498
5672,Pass,0,0.99992263,0.013635157,0,0.99907357
5673,Pass,0,0.9991781,0.3706677,0,0.92443055
5674,Pass,0,0.9999852,0.19406511,0,0.9617602
5675,Pass,0,0.95000255,0.7134946,0,0.8114672
5676,Pass,0,0.9999999,0.060820177,0,0.9893763
5677,Pass,0,0.9404451,0.6843757,0,0.8089763
5678,Pass,0,0.97741085,0.9183756,0,0.7933958
5679,Pass,0,0.9997271,0.71263355,0,0.8541188
5680,Pass,0,0.28376275,0.707569,0,0.24273099
5681,Pass,0,0.99985504,0.15853599,0,0.9689939
5682,Pass,0,0.99992764,0.41245675,0,0.91646785
5683,Pass,0,0.9999993,0.11499883,0,0.97815245
5684,Pass,0,0.9956117,0.25684088,0,0.9446069
5685,Pass,0,0.9913197,0.6061502,0,0.8688027
5686,Pass,0,0.82532984,0.7312657,0,0.7019367
5687,Pass,0,0.99653757,0.2786742,0,0.94097817
5688,Pass,0,0.7239272,0.9346855,0,0.5851891
5689,Pass,0,0.5047219,1.4865791,0,0.35029098
5690,Pass,0,0.97579795,0.41533676,0,0.89377004
5691,Pass,0,0.99920505,0.19929679,0,0.959927
5692,Pass,0,0.7939708,0.67212015,0,0.6849939
5693,Pass,0,0.99999607,0.095641084,0,0.9821593
5694,Pass,0,0.9999074,0.25704145,0,0.94864094
5695,Pass,0,0.9999893,0.08491948,0,0.9843736
5696,Pass,0,0.99989593,0.25436613,0,0.94918424
5697,Pass,0,0.9649854,0.70030314,0,0.82690203
5698,Pass,0,0.99979764,0.17207634,0,0.9661339
5699,Pass,0,0.9999994,0.15810286,0,0.9692235
5700,Pass,0,0.99893314,0.24774873,0,0.94963956
5701,Pass,0,0.99995494,0.036641233,0,0.9943403
5702,Pass,0,0.97182816,0.14844258,0,0.94386405
5703,Pass,0,0.9998165,0.22175545,0,0.9558629
5704,Pass,0,0.98576283,0.53534245,0,0.8783918
5705,Pass,0,0.999374,0.30204555,0,0.938818
5706,Pass,0,0.9003838,1.219814,0,0.67464733
5707,Pass,0,0.60872215,0.596915,0,0.53465486
5708,Pass,0,0.25650403,0.6177741,0,0.22418512
5709,Pass,0,0.9993843,0.15474476,0,0.96932256
5710,Pass,0,0.99990916,0.18197048,0,0.9641923
5711,Pass,0,0.9997862,0.076983206,0,0.9858174
5712,Pass,0,0.9999994,0.18375525,0,0.96390957
5713,Pass,0,0.3396869,0.97963065,0,0.27142447
5714,Pass,0,0.9999999,0.048841488,0,0.9918577
5715,Pass,0,0.65049535,1.2849178,0,0.47863594
5716,Pass,0,0.99988484,0.22900313,0,0.95442706
5717,Pass,0,0.61699843,0.7109054,0,0.5273547
5718,Pass,0,0.9458993,0.73875403,0,0.8030128
5719,Pass,0,0.9997799,0.25095373,0,0.94978076
5720,Pass,0,0.9996301,0.45908922,0,0.9065387
5721,Pass,0,0.9999261,0.27639446,0,0.94465
5722,Pass,0,0.9589689,0.66859794,0,0.8280448
5723,Pass,0,0.99973553,0.13099378,0,0.974582
5724,Pass,0,0.99999976,0.07882359,0,0.9856467
5725,Pass,0,0.9999013,0.37082887,0,0.9250662
5726,Pass,0,0.9998926,0.43466714,0,0.9118354
5727,Pass,0,0.7908858,0.6241472,0,0.6901919
5728,Pass,0,0.987298,0.5943399,0,0.86769354
5729,Pass,0,0.8754349,1.4531949,0,0.61363024
5730,Pass,0,0.9999937,0.14473046,0,0.9719881
5731,Pass,0,0.9930199,0.8383033,0,0.82253754
5732,Pass,0,0.9999989,0.045853112,0,0.9924758
5733,Pass,0,0.9687261,1.6418939,0,0.64115524
5734,Pass,0,0.88977724,2.3287973,0,0.46229318
5735,Pass,0,0.9978951,0.39634693,0,0.9179352
5736,Pass,0,0.9992034,0.49154973,0,0.89943284
5737,Pass,0,0.9999738,0.17999466,0,0.9646639
5738,Pass,0,0.4757083,0.78977704,0,0.39882034
5739,Pass,0,0.9999553,0.14702973,0,0.97147447
5740,Pass,0,0.9998222,0.24063833,0,0.95195746
5741,Pass,0,0.99760985,0.34650525,0,0.92797285
5742,Pass,0,0.71782035,0.90633065,0,0.5844689
5743,Pass,0,0.99795914,0.18355793,0,0.96198374
5744,Pass,0,0.85197186,0.9473596,0,0.68645763
5745,Pass,0,0.25344303,1.1031564,0,0.19602664
5746,Pass,0,0.82716346,2.0271788,0,0.4814434
5747,Pass,0,0.90556335,1.683209,0,0.5916004
5748,Pass,0,0.9999862,0.09736086,0,0.98179334
5749,Pass,0,0.99491346,0.2006191,0,0.9555316
5750,Pass,0,0.9999989,0.14121616,0,0.97272116
5751,Pass,0,0.49260056,0.7651144,0,0.41549897
5752,Pass,0,0.99959415,0.045200113,0,0.99220926
5753,Pass,0,0.96685296,0.7574838,0,0.8170499
5754,Pass,0,0.95546824,0.76018035,0,0.80689543
5755,Pass,0,0.99998534,0.232304,0,0.9538392
5756,Pass,0,0.99825424,0.11699677,0,0.97603244
5757,Pass,0,0.9999962,0.2205033,0,0.9562941
5758,Pass,0,0.9992778,0.1830183,0,0.9633665
5759,Pass,0,0.9999826,0.12909627,0,0.9752159
5760,Pass,0,0.9961124,0.6983885,0,0.85397005
5761,Pass,0,0.9998634,0.12821633,0,0.9752819
5762,Pass,0,1.0,0.04846206,0,0.99193645
5763,Pass,0,0.8399594,0.724555,0,0.71554667
5764,Pass,0,0.9999459,0.16526286,0,0.9676885
5765,Pass,0,0.99915266,0.343183,0,0.9300957
5766,Pass,0,0.78249544,0.99611586,0,0.6225754
5767,Pass,0,0.9999795,0.09892858,0,0.98146206
5768,Pass,0,0.97533846,0.58586776,0,0.8588945
5769,Pass,0,0.5990805,1.2701133,0,0.44264203
5770,Pass,0,0.99982244,0.39965534,0,0.91902286
5771,Pass,0,0.9999956,0.072036825,0,0.9870485
5772,Pass,0,0.99890006,0.23593204,0,0.95205325
5773,Pass,0,0.54418725,0.78542656,0,0.45672154
5774,Pass,0,0.9996679,0.1859072,0,0.9631444
5775,Pass,0,0.99988925,0.11307269,0,0.97844386
5776,Pass,0,0.99970716,0.2847123,0,0.9427206
5777,Pass,0,0.9734996,0.500467,0,0.87449735
5778,Pass,0,0.9688815,0.5395214,0,0.86251044
5779,Pass,0,0.99999404,0.06917479,0,0.98763984
5780,Pass,0,0.9273568,0.8069153,0,0.77417725
5781,Pass,0,0.99999547,0.09197133,0,0.9829189
5782,Pass,0,0.9999989,0.107513055,0,0.97970283
5783,Pass,0,0.9998982,0.1676213,0,0.9671539
5784,Pass,0,0.9950696,0.25361055,0,0.9447584
5785,Pass,0,0.93751514,0.8559492,0,0.7731349
5786,Pass,0,0.99937505,0.0880853,0,0.98311365
5787,Pass,0,0.9913175,0.33804718,0,0.9238567
5788,Pass,0,0.9987795,0.07398889,0,0.98544425
5789,Pass,0,0.9674297,0.7186117,0,0.82532746
5790,Pass,0,0.99998736,0.1846387,0,0.963715
5791,Pass,0,0.99993944,0.11232513,0,0.9786478
5792,Pass,0,0.9998702,0.19490092,0,0.9614765
5793,Pass,0,0.83362806,1.5501211,0,0.56758803
5794,Pass,0,0.99985766,0.16091971,0,0.9685027
5795,Pass,0,0.6329675,1.0525334,0,0.49620923
5796,Pass,0,0.99895346,0.53834003,0,0.88952535
5797,Pass,0,0.23762155,1.1019568,0,0.1838485
5798,Pass,0,0.9998153,0.18196313,0,0.96410334
5799,Pass,0,0.9992532,0.037552662,0,0.99345386
5800,Pass,0,0.8867743,0.51810074,0,0.7933525
5801,Pass,0,0.99998355,0.08003383,0,0.98538005
5802,Pass,0,0.5281636,3.1205223,0,0.18779027
5803,Pass,0,0.9931356,0.5441362,0,0.88315237
5804,Pass,0,0.7584878,0.42461267,0,0.69327
5805,Pass,0,0.9881462,0.21308096,0,0.9464813
5806,Pass,0,0.9999013,0.08047598,0,0.9852074
5807,Pass,0,0.99998593,0.24533913,0,0.9511396
5808,Pass,0,0.9992423,0.28833646,0,0.941532
5809,Pass,0,0.70337933,0.39504644,0,0.64720803
5810,Pass,0,0.2713488,1.0653408,0,0.21200158
5811,Pass,0,0.9225747,0.5336297,0,0.8224135
5812,Pass,0,0.9995072,0.100728355,0,0.98062587
5813,Pass,0,0.9988016,0.10114716,0,0.97984695
5814,Pass,0,0.9994103,0.40952855,0,0.9165999
5815,Pass,0,0.99572396,0.080540806,0,0.9810781
5816,Pass,0,0.99843436,0.08134047,0,0.9835833
5817,Pass,0,0.9929055,0.37737298,0,0.917248
5818,Pass,0,0.9929107,0.300512,0,0.9330618
5819,Pass,0,0.9999989,0.10528164,0,0.98016506
5820,Pass,0,0.95713985,0.31071445,0,0.8974242
5821,Pass,0,0.9997907,0.1977229,0,0.96081567
5822,Pass,0,0.81486654,0.49189907,0,0.7334431
5823,Pass,0,0.999907,0.14279228,0,0.9723053
5824,Pass,0,0.8128342,1.4716148,0,0.56664914
5825,Pass,0,0.9983535,0.15857866,0,0.9675299
5826,Pass,0,0.9995672,0.21020375,0,0.9580165
5827,Pass,0,0.9996437,0.2931359,0,0.94091636
5828,Pass,0,0.9999933,0.04523207,0,0.9925989
5829,Pass,0,0.9999912,0.111314565,0,0.97890776
5830,Pass,0,0.9999975,0.086104415,0,0.9841363
5831,Pass,0,0.996992,0.15766375,0,0.9663994
5832,Pass,0,0.99999917,0.06235629,0,0.98905736
5833,Pass,0,0.9942205,0.17394456,0,0.9603598
5834,Pass,0,0.9999882,0.18157645,0,0.9643501
5835,Pass,0,0.9987411,0.25810444,0,0.94731456
5836,Pass,0,0.99942124,0.07153588,0,0.9865853
5837,Pass,0,0.9579165,0.72381705,0,0.81617874
5838,Pass,0,0.9999999,0.08980541,0,0.983372
5839,Pass,0,0.22292194,1.5456342,0,0.15198691
5840,Pass,0,0.99869376,0.38050106,0,0.921948
5841,Pass,0,0.99999785,0.116377786,0,0.97786546
5842,Pass,0,0.9996158,0.21492948,0,0.9570845
5843,Pass,0,0.9998691,0.17764784,0,0.96504897
5844,Pass,0,0.6431985,1.2539592,0,0.4773918
5845,Pass,0,0.9625012,0.46577293,0,0.87153494
5846,Pass,0,0.99990857,0.387181,0,0.9216859
5847,Pass,0,0.9998808,0.26143876,0,0.94770485
5848,Pass,0,0.29362187,1.0449505,0,0.23064348
5849,Pass,0,0.9999993,0.06265981,0,0.9889946
5850,Pass,0,0.94372296,0.46835992,0,0.85402566
5851,Pass,0,0.92945504,0.55987096,0,0.82349443
5852,Pass,0,0.9905442,0.32656625,0,0.9254918
5853,Pass,0,0.9999943,0.08580913,0,0.9841943
5854,Pass,0,0.9999087,0.4603204,0,0.9065364
5855,Pass,0,0.9998938,0.100144,0,0.9811261
5856,Pass,0,0.99984705,0.22012866,0,0.9562291
5857,Pass,0,0.9580952,0.65377384,0,0.8302325
5858,Pass,0,0.999926,0.22346324,0,0.95561385
5859,Pass,0,0.98149616,0.6817445,0,0.84482354
5860,Pass,0,0.9999862,0.0876048,0,0.98381436
5861,Pass,0,0.999863,0.26949456,0,0.94601953
5862,Pass,0,0.99997365,0.024959143,0,0.9967788
5863,Pass,0,0.9999578,0.12931854,0,0.9751457
5864,Pass,0,0.9118104,0.626847,0,0.7952107
5865,Pass,0,0.9999428,0.10965465,0,0.97920424
5866,Pass,0,0.8221489,0.8821135,0,0.6735405
5867,Pass,0,0.9481191,0.56957316,0,0.83812517
5868,Pass,0,0.9999324,0.18961656,0,0.9626309
5869,Pass,0,0.9997507,0.285065,0,0.9426886
5870,Pass,0,0.999997,0.08382318,0,0.98460835
5871,Pass,0,0.9999981,0.12923732,0,0.97520185
5872,Pass,0,0.9999994,0.0572994,0,0.99010515
5873,Pass,0,0.9996635,0.2981611,0,0.9398944
5874,Pass,0,0.9998153,0.2928982,0,0.9411271
5875,Pass,0,0.996935,0.50822544,0,0.8939472
5876,Pass,0,0.99978334,0.24422413,0,0.95117784
5877,Pass,0,0.98428136,0.20559326,0,0.94430614
5878,Pass,0,0.9999882,0.19581375,0,0.9614009
5879,Pass,0,0.99990034,0.051544957,0,0.991199
5880,Pass,0,0.99990094,0.1778375,0,0.96504045
5881,Pass,0,0.9998016,0.14842409,0,0.9710364
5882,Pass,0,0.99999845,0.16278286,0,0.96825314
5883,Pass,0,0.98827106,0.30373558,0,0.9280419
5884,Pass,0,0.99941516,0.12677751,0,0.97514254
5885,Pass,0,0.9999682,0.24343136,0,0.9515179
5886,Pass,0,0.9883286,0.5017691,0,0.88755167
5887,Pass,0,0.9399904,0.4176189,0,0.8605282
5888,Pass,0,0.99991846,0.026287472,0,0.9964487
5889,Pass,0,0.9715252,0.58238447,0,0.85623753
5890,Pass,0,0.9999807,0.11728837,0,0.97766
5891,Pass,0,0.9999312,0.12208555,0,0.976618
5892,Pass,0,0.9999355,0.1958307,0,0.96134675
5893,Pass,0,0.9999989,0.24667606,0,0.950875
5894,Pass,0,0.9999807,0.2152468,0,0.95736814
5895,Pass,0,0.9992705,0.3455108,0,0.9297235
5896,Pass,0,0.9999931,0.096226335,0,0.98203516
5897,Pass,0,0.999979,0.033638164,0,0.99498636
5898,Pass,0,0.8012767,1.3905582,0,0.57204634
5899,Pass,0,0.7766076,1.0218753,0,0.61374676
5900,Pass,0,0.99999964,0.08036597,0,0.9853271
5901,Pass,0,0.906769,0.77370954,0,0.76322746
5902,Pass,0,0.99997604,0.17117783,0,0.9664924
5903,Pass,0,0.27665314,1.6869774,0,0.18052027
5904,Pass,0,0.9999672,0.047262322,0,0.9921524
5905,Pass,0,0.5358096,0.47176194,0,0.48450527
5906,Pass,0,0.9999677,0.19055893,0,0.96246964
5907,Pass,0,0.63571584,1.4752148,0,0.44270095
5908,Pass,0,0.9999995,0.15886287,0,0.9690662
5909,Pass,0,0.9994823,0.17559306,0,0.96510106
5910,Pass,0,0.9377957,0.71315265,0,0.8011068
5911,Pass,0,1.0,0.06214468,0,0.989102
5912,Pass,0,0.9999378,0.13507642,0,0.97393346
5913,Pass,0,0.609968,0.7456576,0,0.5169546
5914,Pass,0,0.9999908,0.22784099,0,0.95476896
5915,Pass,0,0.9981055,0.05647741,0,0.9884
5916,Pass,0,0.9999012,0.2568837,0,0.9486677
5917,Pass,0,0.9900738,0.31892624,0,0.92661923
5918,Pass,0,0.9297816,1.4990848,0,0.6428855
5919,Pass,0,0.9999976,0.0580405,0,0.9899498
5920,Pass,0,0.9993799,0.44264126,0,0.9097169
5921,Pass,0,0.9841001,0.3333752,0,0.91808283
5922,Pass,0,0.83902985,0.2958814,0,0.7892611
5923,Pass,0,0.19582649,1.3088832,0,0.1431174
5924,Pass,0,0.9999181,0.2138268,0,0.9576024
5925,Pass,0,0.9999974,0.06951015,0,0.9875737
5926,Pass,0,0.920258,1.1766641,0,0.69776464
5927,Pass,0,1.0,0.048170835,0,0.99199677
5928,Pass,0,0.99013793,0.38578552,0,0.91296583
5929,Pass,0,0.9999672,0.07975709,0,0.9854213
5930,Pass,0,0.9825246,0.59834874,0,0.86268246
5931,Pass,0,0.68476844,1.1138881,0,0.5281149
5932,Pass,0,0.9352185,0.66627944,0,0.80798614
5933,Pass,0,0.9999794,0.17143238,0,0.96644294
5934,Pass,0,0.9999877,0.15535772,0,0.96978086
5935,Pass,0,0.9999701,0.102389924,0,0.98073584
5936,Pass,0,0.93267465,1.0046859,0,0.7404064
5937,Pass,0,0.99999404,0.1739356,0,0.96593857
5938,Pass,0,0.94665456,1.135233,0,0.7259039
5939,Pass,0,0.99993384,0.11204344,0,0.9787007
5940,Pass,0,0.9784555,1.0341341,0,0.7707808
5941,Pass,0,0.94935596,1.8354292,0,0.59027416
5942,Pass,0,0.999979,0.095998645,0,0.9820685
5943,Pass,0,0.9999913,0.10410629,0,0.9804011
5944,Pass,0,0.9999999,0.055784643,0,0.9904194
5945,Pass,0,0.9999728,0.105147585,0,0.98016727
5946,Pass,0,0.9831518,0.6989992,0,0.8427345
5947,Pass,0,0.9999999,0.1887841,0,0.96286833
5948,Pass,0,0.9645091,0.24389185,0,0.91768485
5949,Pass,0,0.99901736,0.10724154,0,0.9787974
5950,Pass,0,0.8337556,1.315455,0,0.608205
5951,Pass,0,0.99973756,0.22789298,0,0.95451635
5952,Pass,0,0.99995124,0.17710963,0,0.96523976
5953,Pass,0,0.9999893,0.1530679,0,0.9702567
5954,Pass,0,0.99997675,0.115923315,0,0.97793895
5955,Pass,0,0.97176707,0.3850806,0,0.89616865
5956,Pass,0,0.43993294,1.7443079,0,0.28183806
5957,Pass,0,0.99993324,0.2098538,0,0.95843977
5958,Pass,0,0.99923086,0.3882662,0,0.9208365
5959,Pass,0,0.99988234,0.12473029,0,0.9760224
5960,Pass,0,0.9996402,0.13479248,0,0.9737025
5961,Pass,0,0.9999763,0.027078671,0,0.99634236
5962,Pass,0,0.9987035,0.21107727,0,0.95700794
5963,Pass,0,0.99820983,0.07032683,0,0.98563945
5964,Pass,0,0.96556705,0.8479492,0,0.79786843
5965,Pass,0,0.99890435,0.12779222,0,0.9744342
5966,Pass,0,0.999933,0.071078524,0,0.98718524
5967,Pass,0,0.99997675,0.073794544,0,0.9866658
5968,Pass,0,1.0,0.088749394,0,0.98359084
5969,Pass,0,0.7845002,2.5475001,0,0.3720538
5970,Pass,0,0.99954695,0.06026002,0,0.9890442
5971,Pass,0,0.9976585,0.20628263,0,0.9569975
5972,Pass,0,0.9244134,0.34731027,0,0.8597317
5973,Pass,0,0.9999125,0.5645418,0,0.88495207
5974,Pass,0,0.9999994,0.04043032,0,0.9935996
5975,Pass,0,0.95236456,0.8707181,0,0.782467
5976,Pass,0,0.99382377,0.29333156,0,0.9353981
5977,Pass,0,0.99996746,0.118968,0,0.97729915
5978,Pass,0,0.979867,0.49330848,0,0.88167024
5979,Pass,0,0.99961424,0.2926097,0,0.94099766
5980,Pass,0,0.9995382,0.14283061,0,0.9719387
5981,Pass,0,0.5368992,1.0408348,0,0.42219847
5982,Pass,0,0.9985734,0.12489538,0,0.97471064
5983,Pass,0,0.9999937,0.0921356,0,0.98288316
5984,Pass,0,0.39376858,0.9875209,0,0.31399444
5985,Pass,0,0.9998535,0.27148148,0,0.94559896
5986,Pass,0,0.9999608,0.33471987,0,0.932601
5987,Pass,0,0.99992085,0.18496747,0,0.96358275
5988,Pass,0,0.9999728,0.103437364,0,0.98052156
5989,Pass,0,0.9943897,0.5826646,0,0.87633115
5990,Pass,0,0.9996418,0.2092394,0,0.9582877
5991,Pass,0,0.5142503,0.9389567,0,0.41524103
5992,Pass,0,0.91328466,1.2660156,0,0.67557293
5993,Pass,0,0.9999286,0.045217212,0,0.99253774
5994,Pass,0,0.9999918,0.19847135,0,0.96085376
5995,Pass,0,0.9999969,0.18031898,0,0.96461904
5996,Pass,0,0.9965683,0.41565034,0,0.9127297
5997,Pass,0,0.97313017,1.755358,0,0.6211973
5998,Pass,0,0.9999535,0.039152622,0,0.9938187
5999,Pass,0,0.97363204,0.6557377,0,0.8432998
6000,Pass,0,0.99999213,0.100942284,0,0.9810573
6001,Pass,0,0.9999491,0.16632822,0,0.967471
6002,Pass,0,0.94157517,0.50488156,0,0.8449585
6003,Pass,0,0.8076242,0.9237328,0,0.6546783
6004,Pass,0,0.9926737,0.7889415,0,0.8324012
6005,Pass,0,0.8601555,0.39239383,0,0.7919369
6006,Pass,0,0.99995315,0.17888677,0,0.9648735
6007,Pass,0,0.9999093,0.2661119,0,0.94676393
6008,Pass,0,0.99999416,0.09531893,0,0.9822242
6009,Pass,0,0.5002739,1.1134777,0,0.38586944
6010,Pass,0,0.41314015,0.8874798,0,0.33800328
6011,Pass,0,0.9999484,0.2725319,0,0.9454711
6012,Pass,0,0.9586594,0.945436,0,0.7728008
6013,Pass,0,0.99530077,0.53143317,0,0.88769686
6014,Pass,0,0.20039001,1.3125565,0,0.14630009
6015,Pass,0,0.9993279,0.082714416,0,0.9841791
6016,Pass,0,0.9999654,0.2021078,0,0.9600752
6017,Pass,0,0.9999436,0.19002703,0,0.96255666
6018,Pass,0,0.9999957,0.09831208,0,0.98160565
6019,Pass,0,0.9994497,0.20725726,0,0.9585139
6020,Pass,0,0.9993604,0.21449222,0,0.9569305
6021,Pass,0,0.99637955,0.47062021,0,0.9012109
6022,Pass,0,0.6149858,0.90693164,0,0.5006617
6023,Pass,0,0.999997,0.12960693,0,0.9751242
6024,Pass,0,0.99997616,0.22031276,0,0.9563144
6025,Pass,0,0.99749607,0.2045914,0,0.95719117
6026,Pass,0,0.9999988,0.107350916,0,0.97973627
6027,Pass,0,0.98426473,0.4668892,0,0.8910139
6028,Pass,0,0.99992883,0.051921178,0,0.9911493
6029,Pass,0,0.9998561,0.26416254,0,0.9471173
6030,Pass,0,0.9953166,0.57865095,0,0.8779755
6031,Pass,0,0.64250547,0.43382615,0,0.58603406
6032,Pass,0,0.9999808,0.15590426,0,0.96966094
6033,Pass,0,0.99989283,0.20203748,0,0.96002007
6034,Pass,0,0.658263,0.67330253,0,0.5677515
6035,Pass,0,0.9803997,0.471251,0,0.8866293
6036,Pass,0,0.99997807,0.19006342,0,0.96258235
6037,Pass,0,0.9984492,0.0639036,0,0.9872044
6038,Pass,0,0.992077,0.3025074,0,0.93186826
6039,Pass,0,0.22525048,1.1149093,0,0.17367259
6040,Pass,0,0.93998885,0.9494747,0,0.75696355
6041,Pass,0,0.99999595,0.1498309,0,0.97093374
6042,Pass,0,0.999995,0.2080885,0,0.9588647
6043,Pass,0,0.9522923,0.22513142,0,0.909762
6044,Pass,0,0.8508776,0.5240353,0,0.7601915
6045,Pass,0,0.9412687,0.29389817,0,0.8858222
6046,Pass,0,0.60963196,0.6874146,0,0.5240251
6047,Pass,0,0.99985754,0.22122513,0,0.956012
6048,Pass,0,0.9999999,0.04906652,0,0.9918111
6049,Pass,0,0.94256914,0.65769124,0,0.81601363
6050,Pass,0,0.9999224,0.2879939,0,0.9422438
6051,Pass,0,0.9999833,0.093566,0,0.98257667
6052,Pass,0,0.99999964,0.09115191,0,0.9830928
6053,Pass,0,0.6266241,0.9208021,0,0.50833595
6054,Pass,0,0.99987113,0.091934316,0,0.9828044
6055,Pass,0,0.99933344,0.5163486,0,0.8944163
6056,Pass,0,0.80046535,0.5479492,0,0.7111868
6057,Pass,0,0.99915314,0.32022393,0,0.93484807
6058,Pass,0,0.90921575,0.93782926,0,0.73437566
6059,Pass,0,0.44229138,0.98419636,0,0.35299152
6060,Pass,0,0.9997688,0.58151144,0,0.8813104
6061,Pass,0,0.39831197,1.0359373,0,0.3136225
6062,Pass,0,0.9998317,0.25918254,0,0.94812566
6063,Pass,0,0.9988469,0.2764654,0,0.94361573
6064,Pass,0,0.99999976,0.0633097,0,0.9888605
6065,Pass,0,0.9962561,0.22470777,0,0.95184976
6066,Pass,0,0.8025064,0.3042819,0,0.7535076
6067,Pass,0,0.9786644,0.66975856,0,0.8448161
6068,Pass,0,0.999613,0.1102446,0,0.97875905
6069,Pass,0,0.9999999,0.061991464,0,0.98913366
6070,Pass,0,0.97765106,0.32340446,0,0.91408575
6071,Pass,0,0.99988985,0.14386356,0,0.9720667
6072,Pass,0,0.74438787,0.7108181,0,0.63624924
6073,Pass,0,0.991565,0.0793981,0,0.977215
6074,Pass,0,0.9579526,0.46119282,0,0.8683251
6075,Pass,0,0.43238115,1.5189091,0,0.29718876
6076,Pass,0,0.99983156,0.30590054,0,0.9384494
6077,Pass,0,0.9191432,0.6705125,0,0.7932918
6078,Pass,0,0.96008235,0.7969438,0,0.80348045
6079,Pass,0,0.9214354,0.42387122,0,0.84234834
6080,Pass,0,0.999966,0.095693946,0,0.98211884
6081,Pass,0,0.99923086,0.1709933,0,0.9658104
6082,Pass,0,0.9999989,0.119824514,0,0.97715247
6083,Pass,0,0.9999218,0.13270614,0,0.97440886
6084,Pass,0,0.99995077,0.025424646,0,0.99665964
6085,Pass,0,0.9995809,0.30044037,0,0.9393448
6086,Pass,0,0.526457,0.5100933,0,0.47186798
6087,Pass,0,0.9999877,0.23839743,0,0.95257926
6088,Pass,0,0.98815584,0.6019468,0,0.8668904
6089,Pass,0,0.99998975,0.0885642,0,0.9836191
6090,Pass,0,1.0,0.07682551,0,0.98606086
6091,Pass,0,0.99411714,0.382635,0,0.91728365
6092,Pass,0,0.9667664,0.8597668,0,0.7964929
6093,Pass,0,0.80878,0.581672,0,0.7129242
6094,Pass,0,0.9956457,0.60470873,0,0.8728914
6095,Pass,0,0.99871206,0.3025795,0,0.9380858
6096,Pass,0,0.57575935,0.8500479,0,0.4755118
6097,Pass,0,0.9940644,0.47221664,0,0.89878815
6098,Pass,0,0.999798,0.10727015,0,0.9795563
6099,Pass,0,0.9887022,0.61189526,0,0.8653321
6100,Pass,0,0.9999999,0.0936977,0,0.98256564
6101,Pass,0,0.36837894,0.8334169,0,0.30550826
6102,Pass,0,0.9999819,0.118734576,0,0.9773616
6103,Pass,0,0.9999995,0.060559794,0,0.9894299
6104,Pass,0,0.9960955,0.5504874,0,0.8844739
6105,Pass,0,0.99999666,0.120705605,0,0.97696775
6106,Pass,0,0.99998057,0.15187278,0,0.9704958
6107,Pass,0,0.9999877,0.036474995,0,0.99440736
6108,Pass,0,0.999995,0.08160993,0,0.9850648
6109,Pass,0,0.94600546,0.43297058,0,0.8630263
6110,Pass,0,0.25523642,1.1448584,0,0.19520885
6111,Pass,0,0.9999982,0.08427447,0,0.984516
6112,Pass,0,0.99992836,0.54179525,0,0.88967776
6113,Pass,0,0.99990606,0.16606203,0,0.9674845
6114,Pass,0,0.9999994,0.059042122,0,0.9897441
6115,Pass,0,0.34835896,0.95695025,0,0.2799905
6116,Pass,0,0.99999845,0.08792085,0,0.9837609
6117,Pass,0,0.74939823,0.74403036,0,0.63537586
6118,Pass,0,0.48952043,0.8834353,0,0.4009026
6119,Pass,0,0.5370324,0.7309895,0,0.4567727
6120,Pass,0,0.9999914,0.19146031,0,0.9623058
6121,Pass,0,0.9999999,0.04073406,0,0.9935372
6122,Pass,0,1.0,0.1266479,0,0.9757401
6123,Pass,0,0.23579781,1.613874,0,0.15743238
6124,Pass,0,0.99872106,0.17036591,0,0.9654475
6125,Pass,0,0.9965934,0.41206983,0,0.91349185
6126,Pass,0,0.9999291,0.12067155,0,0.97690874
6127,Pass,0,0.99989283,0.05436999,0,0.9906064
6128,Pass,0,0.9993175,0.22529007,0,0.9546542
6129,Pass,0,0.23990647,1.286099,0,0.17646502
6130,Pass,0,0.98840743,0.21065547,0,0.94722813
6131,Pass,0,0.99956983,0.30706427,0,0.93796283
6132,Pass,0,0.99062693,0.5988322,0,0.86969733
6133,Pass,0,0.9994467,0.2778459,0,0.9438966
6134,Pass,0,0.9966294,0.81241447,0,0.8308722
6135,Pass,0,0.90290874,0.95964235,0,0.72520155
6136,Pass,0,0.857903,1.0210158,0,0.67814666
6137,Pass,0,0.9999932,0.108504154,0,0.9794919
6138,Pass,0,0.99211556,0.97473526,0,0.79374915
6139,Pass,0,0.9999323,0.026664283,0,0.9963844
6140,Pass,0,0.9999609,0.11254782,0,0.9786227
6141,Pass,0,0.9999771,0.12734286,0,0.9755738
6142,Pass,0,0.9999646,0.25822186,0,0.9484507
6143,Pass,0,0.9409032,0.7288119,0,0.80070925
6144,Pass,0,0.99999845,0.06746883,0,0.9879976
6145,Pass,0,0.7171887,0.5707591,0,0.63380945
6146,Pass,0,0.9999325,0.13821913,0,0.9732774
6147,Pass,0,0.98230815,0.46970817,0,0.88866913
6148,Pass,0,0.24106905,2.0118968,0,0.14107531
6149,Pass,0,0.9998529,0.08677847,0,0.9838543
6150,Pass,0,0.27678248,1.7140175,0,0.1790543
6151,Pass,0,0.9998735,0.11030325,0,0.97900206
6152,Pass,0,0.9999298,0.26545355,0,0.9469197
6153,Pass,0,0.5658493,0.60111046,0,0.49650687
6154,Pass,0,0.99996614,0.18852581,0,0.9628893
6155,Pass,0,0.99974567,0.18775326,0,0.96283704
6156,Pass,0,0.99922085,0.59324515,0,0.87839866
6157,Pass,0,0.6073268,1.5918576,0,0.40825665
6158,Pass,0,0.99931467,0.38313943,0,0.9219751
6159,Pass,0,0.71964973,0.61897,0,0.6287973
6160,Pass,0,0.9999975,0.089550786,0,0.98342234
6161,Pass,0,0.9993585,0.40349317,0,0.91780186
6162,Pass,0,0.97376615,0.6680009,0,0.84094226
6163,Pass,0,0.9997247,0.12883861,0,0.9750177
6164,Pass,0,0.99999917,0.14012487,0,0.9729475
6165,Pass,0,0.9999038,0.06591604,0,0.9882257
6166,Pass,0,0.9917938,0.49076375,0,0.89292467
6167,Pass,0,0.9996296,0.1258797,0,0.9755378
6168,Pass,0,0.99880195,0.49948996,0,0.89742863
6169,Pass,0,0.8328805,0.8280974,0,0.6916519
6170,Pass,0,0.9999583,0.022295123,0,0.99731535
6171,Pass,0,0.99092734,0.17062066,0,0.9578611
6172,Pass,0,0.9997441,0.17100275,0,0.9663046
6173,Pass,0,0.88306576,0.80890656,0,0.7368379
6174,Pass,0,0.9999895,0.11540794,0,0.9780582
6175,Pass,0,0.99878615,0.3453511,0,0.9293059
6176,Pass,0,0.98026913,0.42452893,0,0.8959987
6177,Pass,0,0.4862475,0.38407385,0,0.4485214
6178,Pass,0,0.9999304,0.157976,0,0.9691829
6179,Pass,0,0.99999976,0.04818049,0,0.9919945
6180,Pass,0,0.9999933,0.13161057,0,0.9747055
6181,Pass,0,0.9946408,0.3353695,0,0.92750555
6182,Pass,0,0.98659086,0.474811,0,0.8915007
6183,Pass,0,0.9999844,0.068035774,0,0.9878662
6184,Pass,0,0.99270564,0.4656047,0,0.8989193
6185,Pass,0,0.60294795,0.3872744,0,0.5557678
6186,Pass,0,0.9993987,0.2882287,0,0.9417017
6187,Pass,0,0.999969,0.12825584,0,0.9753768
6188,Pass,0,0.99809307,0.5962558,0,0.87678474
6189,Pass,0,0.99999404,0.15503739,0,0.96985334
6190,Pass,0,0.9981863,0.27765858,0,0.9427449
6191,Pass,0,0.9997768,0.049129933,0,0.9915767
6192,Pass,0,0.98084223,0.49903238,0,0.88138473
6193,Pass,0,0.9999999,0.07619532,0,0.9861913
6194,Pass,0,0.9998479,0.33858046,0,0.9316961
6195,Pass,0,0.9999999,0.09569238,0,0.98215246
6196,Pass,0,0.9998343,0.08263832,0,0.9846935
6197,Pass,0,0.99788195,0.5529043,0,0.88556063
6198,Pass,0,0.9999831,0.1491469,0,0.9710629
6199,Pass,0,0.9999838,0.17894326,0,0.9648914
6200,Pass,0,0.9552722,0.6983987,0,0.81895566
6201,Pass,0,0.99986243,0.2927836,0,0.9411952
6202,Pass,0,0.750596,0.6393956,0,0.6526608
6203,Pass,0,0.59391665,0.8392593,0,0.491835
6204,Pass,0,0.22630757,1.2706321,0,0.16718733
6205,Pass,0,0.99914,0.20813721,0,0.9580348
6206,Pass,0,0.6756246,0.849922,0,0.5580068
6207,Pass,0,0.99910516,0.45074823,0,0.907789
6208,Pass,0,0.8792197,0.17230757,0,0.84957385
6209,Pass,0,0.9999974,0.082402095,0,0.9849031
6210,Pass,0,0.96776867,1.0410488,0,0.7609761
6211,Pass,0,0.5895429,0.64138055,0,0.512379
6212,Pass,0,0.99994504,0.093183994,0,0.98261815
6213,Pass,0,0.9995431,0.28989607,0,0.9414925
6214,Pass,0,0.9988127,0.21881647,0,0.95551133
6215,Pass,0,0.9999449,0.19723733,0,0.9610644
6216,Pass,0,0.95024025,1.2686822,0,0.70238477
6217,Pass,0,0.26080754,1.1484009,0,0.19927834
6218,Pass,0,0.37454337,0.92357075,0,0.30362582
6219,Pass,0,0.5632439,0.77489495,0,0.4739441
6220,Pass,0,0.9999943,0.19622192,0,0.9613222
6221,Pass,0,0.9400417,0.62442315,0,0.8203039
6222,Pass,0,0.98965096,0.6427503,0,0.85983694
6223,Pass,0,0.9999229,0.22253956,0,0.9558022
6224,Pass,0,0.999967,0.14978933,0,0.9709142
6225,Pass,0,0.44419888,0.932438,0,0.35927653
6226,Pass,0,0.9999968,0.0636843,0,0.98877996
6227,Pass,0,0.9523876,0.67604953,0,0.82089186
6228,Pass,0,0.9999889,0.12214881,0,0.9766612
6229,Pass,0,0.9999969,0.06819731,0,0.9878452
6230,Pass,0,0.9995365,0.22623704,0,0.9546673
6231,Pass,0,0.9990374,0.25667116,0,0.9478922
6232,Pass,0,0.9622698,0.9500843,0,0.7747846
6233,Pass,0,0.83505327,0.7307719,0,0.7102918
6234,Pass,0,0.99999917,0.17875797,0,0.96494454
6235,Pass,0,0.9994642,0.38561046,0,0.9216014
6236,Pass,0,0.9972621,0.31216797,0,0.934743
6237,Pass,0,0.9999392,0.13543655,0,0.9738603
6238,Pass,0,0.99995494,0.25482693,0,0.9491447
6239,Pass,0,0.9999987,0.118206404,0,0.97748744
6240,Pass,0,1.0,0.076703526,0,0.98608613
6241,Pass,0,0.8788833,0.40752426,0,0.8064246
6242,Pass,0,0.99987626,0.3456372,0,0.9302609
6243,Pass,0,0.9997236,0.18286075,0,0.963829
6244,Pass,0,0.99942696,0.21744816,0,0.9563823
6245,Pass,0,0.8672297,0.5601749,0,0.7683084
6246,Pass,0,0.97906333,0.7636408,0,0.8261197
6247,Pass,0,0.99999917,0.13169257,0,0.97469425
6248,Pass,0,0.9999995,0.038243793,0,0.99405265
6249,Pass,0,0.9999236,0.04916978,0,0.99171406
6250,Pass,0,0.628039,0.9972976,0,0.49953175
6251,Pass,0,0.97968423,0.5029819,0,0.8795426
6252,Pass,0,0.9941229,0.33004192,0,0.9281197
6253,Pass,0,0.9746361,0.11613347,0,0.95311433
6254,Pass,0,0.99549145,0.32214993,0,0.93102485
6255,Pass,0,0.9999417,0.051194176,0,0.9913126
6256,Pass,0,0.9998418,0.19512942,0,0.9614019
6257,Pass,0,0.99999976,0.10072917,0,0.98110896
6258,Pass,0,0.99988735,0.11382093,0,0.978287
6259,Pass,0,0.9999999,0.026184445,0,0.99655116
6260,Pass,0,0.9999261,0.20439559,0,0.95956355
6261,Pass,0,0.9995036,0.4564587,0,0.9069687
6262,Pass,0,0.9950836,0.27294227,0,0.9407868
6263,Pass,0,0.2873335,2.1249442,0,0.16142084
6264,Pass,0,0.9999988,0.07867115,0,0.98567736
6265,Pass,0,0.99964,0.19187477,0,0.96188176
6266,Pass,0,0.3882322,0.8893318,0,0.31747636
6267,Pass,0,0.99871516,0.21904024,0,0.9553718
6268,Pass,0,0.20483035,1.5018013,0,0.14151205
6269,Pass,0,0.9995665,0.19089793,0,0.9620133
6270,Pass,0,0.99997103,0.1259972,0,0.9758466
6271,Pass,0,1.0,0.024722796,0,0.99685407
6272,Pass,0,0.7329301,0.8683972,0,0.6025311
6273,Pass,0,0.9999982,0.06851363,0,0.9877809
6274,Pass,0,0.9984145,0.2753538,0,0.9434372
6275,Pass,0,0.99999464,0.21761316,0,0.9568913
6276,Pass,0,0.8304311,0.76516366,0,0.700444
6277,Pass,0,0.7652695,0.80852616,0,0.638608
6278,Pass,0,0.9999604,0.20608684,0,0.95924616
6279,Pass,0,0.9997938,0.1970481,0,0.96095836
6280,Pass,0,0.99960405,0.36483142,0,0.9260331
6281,Pass,0,0.9359461,0.4640121,0,0.8478309
6282,Pass,0,0.960385,0.87896186,0,0.78741664
6283,Pass,0,0.99658704,0.5951613,0,0.87568766
6284,Pass,0,0.999944,0.29218596,0,0.9413958
6285,Pass,0,0.8005721,0.89026594,0,0.6545118
6286,Pass,0,0.99975485,0.28647995,0,0.94239944
6287,Pass,0,0.99997663,0.0576455,0,0.9900109
6288,Pass,0,0.93613476,0.5905808,0,0.8234573
6289,Pass,0,0.99617565,0.20251507,0,0.9563526
6290,Pass,0,0.8146105,1.0079427,0,0.6461313
6291,Pass,0,0.99706656,0.43730685,0,0.908713
6292,Pass,0,0.7663993,0.685619,0,0.6590637
6293,Pass,0,0.9998129,0.1591764,0,0.9688204
6294,Pass,0,0.9998994,0.34177774,0,0.93108183
6295,Pass,0,0.9828346,0.47485754,0,0.888097
6296,Pass,0,0.9999198,0.334626,0,0.9325822
6297,Pass,0,0.99999094,0.2025559,0,0.9600069
6298,Pass,0,0.5095916,1.0482144,0,0.39994574
6299,Pass,0,0.9999155,0.063503146,0,0.98873705
6300,Pass,0,0.98923475,0.45691347,0,0.8975573
6301,Pass,0,0.5577818,0.68852043,0,0.4793282
6302,Pass,0,0.99926513,0.24784185,0,0.9499359
6303,Pass,0,0.99995744,0.05673592,0,0.9901803
6304,Pass,0,0.9436774,0.9187679,0,0.7659366
6305,Pass,0,0.99999595,0.09924492,0,0.98141265
6306,Pass,0,0.9999045,0.21030286,0,0.9583193
6307,Pass,0,0.99819225,0.32703346,0,0.93254095
6308,Pass,0,0.989679,0.519016,0,0.8852285
6309,Pass,0,0.9999552,0.12722662,0,0.97557646
6310,Pass,0,0.9999422,0.13574326,0,0.97379965
6311,Pass,0,0.99972266,0.32117876,0,0.93518317
6312,Pass,0,0.9361578,0.8161218,0,0.7797392
6313,Pass,0,0.84120417,0.81116056,0,0.70151544
6314,Pass,0,0.99999416,0.10484001,0,0.9802519
6315,Pass,0,0.65926605,1.4462001,0,0.4630634
6316,Pass,0,0.9990854,0.22862813,0,0.95374155
6317,Pass,0,0.99996984,0.19678295,0,0.9611825
6318,Pass,0,0.999992,0.19478258,0,0.9616181
6319,Pass,0,0.9969291,0.6588763,0,0.8628301
6320,Pass,0,0.5233577,1.1178867,0,0.40319633
6321,Pass,0,0.98685896,1.7024605,0,0.6407749
6322,Pass,0,0.6351521,1.120271,0,0.4890094
6323,Pass,0,0.9784188,0.38211814,0,0.9029034
6324,Pass,0,0.9634137,0.53058064,0,0.8594273
6325,Pass,0,0.9999081,0.14696118,0,0.9714428
6326,Pass,0,0.9999939,0.2284309,0,0.95464975
6327,Pass,0,0.9058963,1.0312374,0,0.7141657
6328,Pass,0,0.9943634,0.35411343,0,0.9233859
6329,Pass,0,0.99646336,0.18420225,0,0.9604089
6330,Pass,0,0.9790364,0.4089345,0,0.8980347
6331,Pass,0,0.5776177,0.84892124,0,0.4771814
6332,Pass,0,0.99700874,0.5474667,0,0.8859087
6333,Pass,0,0.9999138,0.22134982,0,0.95603997
6334,Pass,0,0.98092526,0.66465044,0,0.8478056
6335,Pass,0,0.697044,0.7140748,0,0.5953129
6336,Pass,0,0.999788,0.2997961,0,0.9396728
6337,Pass,0,0.26778373,0.6981934,0,0.2295826
6338,Pass,0,0.9999925,0.07864427,0,0.9856767
6339,Pass,0,0.99999595,0.110936135,0,0.9789908
6340,Pass,0,0.9998565,0.24194011,0,0.9517205
6341,Pass,0,0.9999995,0.07899343,0,0.9856113
6342,Pass,0,0.999995,0.06466712,0,0.98857456
6343,Pass,0,0.25572705,0.62095094,0,0.22333775
6344,Pass,0,0.999987,0.043598503,0,0.992931
6345,Pass,0,0.9999957,0.13260333,0,0.9745022
6346,Pass,0,0.9994429,0.28775507,0,0.9418414
6347,Pass,0,0.9736221,0.7131787,0,0.83170605
6348,Pass,0,0.9995234,0.23211473,0,0.9534378
6349,Pass,0,0.9924637,0.7061946,0,0.84923714
6350,Pass,0,0.9999263,0.17108801,0,0.96646297
6351,Pass,0,0.63228697,1.3450093,0,0.45736742
6352,Pass,0,0.99966884,0.3917325,0,0.92052233
6353,Pass,0,0.5280072,1.2352519,0,0.39394125
6354,Pass,0,0.9996245,0.122979455,0,0.9761333
6355,Pass,0,0.64691,0.7376029,0,0.54934275
6356,Pass,0,0.9957237,0.3534933,0,0.92477703
6357,Pass,0,0.99999654,0.11575538,0,0.9779931
6358,Pass,0,0.45768264,1.0587269,0,0.358209
6359,Pass,0,0.8349447,0.6226823,0,0.7288947
6360,Pass,0,0.9999635,0.031987865,0,0.99531275
6361,Pass,0,0.9988349,0.28834543,0,0.9411463
6362,Pass,0,0.9671486,0.1984085,0,0.92930865
6363,Pass,0,0.54523814,1.2395566,0,0.40631086
6364,Pass,0,0.99995494,0.086363494,0,0.98404074
6365,Pass,0,0.96266866,0.6555527,0,0.8338409
6366,Pass,0,0.99983835,0.18134925,0,0.9642527
6367,Pass,0,0.99992204,0.18992333,0,0.9625574
6368,Pass,0,0.46668896,0.98037636,0,0.37283248
6369,Pass,0,0.9998124,0.12503918,0,0.9758902
6370,Pass,0,0.99995553,0.1077732,0,0.97960645
6371,Pass,0,0.96411604,0.7617423,0,0.8138865
6372,Pass,0,0.9999747,0.07777105,0,0.9858401
6373,Pass,0,0.4796593,1.0221769,0,0.37904096
6374,Pass,0,0.99999475,0.18595722,0,0.96344894
6375,Pass,0,0.999997,0.09280929,0,0.9827469
6376,Pass,0,0.9998958,0.54835135,0,0.8882908
6377,Pass,0,0.87235916,0.46659184,0,0.7897642
6378,Pass,0,0.9999999,0.064941615,0,0.9885225
6379,Pass,0,0.9941368,0.26912934,0,0.94067687
6380,Pass,0,0.9923645,0.25200066,0,0.94252104
6381,Pass,0,0.99894565,0.4822752,0,0.90112007
6382,Pass,0,0.9999367,0.09406999,0,0.98242646
6383,Pass,0,0.99994147,0.18677865,0,0.9632275
6384,Pass,0,0.9997738,0.13388506,0,0.97402054
6385,Pass,0,0.9567318,0.33013234,0,0.89319324
6386,Pass,0,0.9987895,0.30283076,0,0.9381065
6387,Pass,0,0.99999475,0.16259524,0,0.9682884
6388,Pass,0,0.99981004,0.21825735,0,0.95658123
6389,Pass,0,0.99050736,0.17223231,0,0.9571245
6390,Pass,0,0.8433567,0.95074195,0,0.6789253
6391,Pass,0,0.47851598,0.8040055,0,0.3997638
6392,Pass,0,0.99979216,0.17140427,0,0.9662678
6393,Pass,0,0.5037614,1.1709722,0,0.38255957
6394,Pass,0,0.9999759,0.30563945,0,0.93863904
6395,Pass,0,0.9999598,0.117870554,0,0.97751904
6396,Pass,0,0.9999386,0.17449972,0,0.96576816
6397,Pass,0,0.9999919,0.121583454,0,0.97678125
6398,Pass,0,0.98503715,0.38624817,0,0.9081682
6399,Pass,0,0.9999993,0.1006124,0,0.9811327
6400,Pass,0,0.24402365,1.2708733,0,0.1802631
6401,Pass,0,0.99999285,0.10292029,0,0.9806483
6402,Pass,0,0.9340263,0.84800315,0,0.7717952
6403,Pass,0,0.9746483,0.54261065,0,0.8670204
6404,Pass,0,0.7382456,0.81583214,0,0.6149396
6405,Pass,0,0.960772,0.58453995,0,0.8463314
6406,Pass,0,0.98086286,0.51225317,0,0.878717
6407,Pass,0,0.9999993,0.08181106,0,0.9850274
6408,Pass,0,0.99881905,0.43286937,0,0.9112283
6409,Pass,0,0.9826346,0.23564418,0,0.93660927
6410,Pass,0,0.998808,0.37026668,0,0.92417103
6411,Pass,0,0.9999969,0.08208088,0,0.9849692
6412,Pass,0,0.9999641,0.23394878,0,0.9534783
6413,Pass,0,0.99316365,0.39312437,0,0.91424584
6414,Pass,0,0.9991781,0.294893,0,0.94011444
6415,Pass,0,0.9999056,0.4189181,0,0.9151093
6416,Pass,0,0.99998903,0.059807833,0,0.98957527
6417,Pass,0,0.999859,0.06448107,0,0.98847866
6418,Pass,0,0.9998783,0.14226526,0,0.97238654
6419,Pass,0,0.99999845,0.13287777,0,0.974448
6420,Pass,0,0.999548,0.18969977,0,0.9622436
6421,Pass,0,0.96617913,0.5274157,0,0.8625277
6422,Pass,0,0.972024,0.6934852,0,0.8343063
6423,Pass,0,0.9999958,0.088820025,0,0.98357207
6424,Pass,0,0.99993134,0.23422988,0,0.9533888
6425,Pass,0,0.9991731,0.1327493,0,0.97367036
6426,Pass,0,0.62397844,1.2133963,0,0.46836948
6427,Pass,0,0.9996929,0.35793287,0,0.92754406
6428,Pass,0,0.9999647,0.2240795,0,0.9555232
6429,Pass,0,0.38792866,1.0090628,0,0.30760655
6430,Pass,0,0.99966216,0.1419211,0,0.9722476
6431,Pass,0,0.99999785,0.26671237,0,0.9467234
6432,Pass,0,0.99989974,0.2614672,0,0.947717
6433,Pass,0,0.9999987,0.14562218,0,0.97180825
6434,Pass,0,0.9999945,0.06357598,0,0.9888001
6435,Pass,0,0.99960905,0.13834748,0,0.972936
6436,Pass,0,0.98500776,0.21040544,0,0.9440211
6437,Pass,0,0.9284319,0.7127743,0,0.7931806
6438,Pass,0,0.9995615,0.20773001,0,0.9585232
6439,Pass,0,0.9999697,0.153262,0,0.9701975
6440,Pass,0,0.9989052,0.07686901,0,0.9849723
6441,Pass,0,0.997079,0.14914937,0,0.96824235
6442,Pass,0,0.98380625,0.33534738,0,0.9174068
6443,Pass,0,0.99829096,0.25356442,0,0.9478264
6444,Pass,0,0.99998164,0.2005608,0,0.96041125
6445,Pass,0,0.9999918,0.044901118,0,0.9926659
6446,Pass,0,0.99999046,0.07006309,0,0.9874523
6447,Pass,0,0.99985313,0.13284822,0,0.97431254
6448,Pass,0,0.9673555,0.5111492,0,0.8668375
6449,Pass,0,0.8340564,0.89188194,0,0.6816079
6450,Pass,0,0.99334127,0.39716166,0,0.91357857
6451,Pass,0,0.9999995,0.065500125,0,0.9884065
6452,Pass,0,0.9996406,0.17886743,0,0.9645759
6453,Pass,0,0.99999213,0.10921039,0,0.9793446
6454,Pass,0,0.999302,0.13996778,0,0.9723017
6455,Pass,0,0.9380092,0.5373883,0,0.835442
6456,Pass,0,0.99835557,0.4602243,0,0.9051482
6457,Pass,0,0.9988367,0.20126143,0,0.95916665
6458,Pass,0,0.9999995,0.088063195,0,0.98373246
6459,Pass,0,0.99999917,0.035841372,0,0.99455
6460,Pass,0,0.94686997,0.43026823,0,0.8643451
6461,Pass,0,0.9999516,0.31687635,0,0.9362886
6462,Pass,0,0.9997702,0.16614293,0,0.9673363
6463,Pass,0,0.99996555,0.1288516,0,0.97524995
6464,Pass,0,0.99999833,0.102210164,0,0.9808008
6465,Pass,0,0.59903216,0.6643357,0,0.5177776
6466,Pass,0,0.99944824,0.59585994,0,0.8780571
6467,Pass,0,0.8450282,1.7373891,0,0.5425689
6468,Pass,0,0.99250835,0.37467748,0,0.9174353
6469,Pass,0,0.99988294,0.16719863,0,0.9672267
6470,Pass,0,0.9999993,0.045382287,0,0.9925737
6471,Pass,0,0.6339938,0.49142534,0,0.57070583
6472,Pass,0,0.99994457,0.30126572,0,0.93951553
6473,Pass,0,0.99980503,0.22223762,0,0.9557521
6474,Pass,0,0.9778867,0.6706872,0,0.8439566
6475,Pass,0,0.7363447,0.69889355,0,0.6311934
6476,Pass,0,0.9954516,0.16755114,0,0.9628674
6477,Pass,0,0.99999774,0.11405586,0,0.97834635
6478,Pass,0,0.6529058,0.6189947,0,0.5704761
6479,Pass,0,0.9849194,0.3375761,0,0.9179901
6480,Pass,0,0.9999949,0.10126545,0,0.9809931
6481,Pass,0,0.32941496,1.6536412,0,0.21722297
6482,Pass,0,0.59779674,1.2621362,0,0.44268134
6483,Pass,0,0.99852544,0.51523226,0,0.893924
6484,Pass,0,0.9785195,0.4062359,0,0.8981076
6485,Pass,0,0.9997739,0.21428654,0,0.9573691
6486,Pass,0,0.8316329,0.7576974,0,0.7027439
6487,Pass,0,1.0,0.08212478,0,0.9849631
6488,Pass,0,0.9846858,0.29001224,0,0.9274744
6489,Pass,0,0.9999995,0.14380012,0,0.97218645
6490,Pass,0,0.99977475,0.058451872,0,0.98964405
6491,Pass,0,0.96536624,0.6869598,0,0.8298968
6492,Pass,0,0.7629444,0.95182735,0,0.6140196
6493,Pass,0,0.9089445,0.55209744,0,0.8067858
6494,Pass,0,0.7874121,0.9690343,0,0.6309046
6495,Pass,0,0.99877375,0.17818758,0,0.9638801
6496,Pass,0,0.99746007,0.20078516,0,0.9579431
6497,Pass,0,0.99988365,0.25257707,0,0.9495431
6498,Pass,0,0.99999607,0.051758118,0,0.99124974
6499,Pass,0,0.97528934,0.54643005,0,0.8668191
6500,Pass,0,0.94182783,0.585544,0,0.82944787
6501,Pass,0,0.9999888,0.12655063,0,0.9757493
6502,Pass,0,0.9954472,0.15098068,0,0.9662801
6503,Pass,0,0.9999819,0.18630251,0,0.963365
6504,Pass,0,0.9999839,0.1119533,0,0.97876835
6505,Pass,0,0.978912,0.3325695,0,0.91340613
6506,Pass,0,0.99999523,0.07133248,0,0.98719406
6507,Pass,0,0.9999919,0.07032881,0,0.9873987
6508,Pass,0,0.99934715,0.23317449,0,0.95305026
6509,Pass,0,0.740201,0.4517719,0,0.6723912
6510,Pass,0,0.99999857,0.09115014,0,0.98309207
6511,Pass,0,0.2619351,1.132646,0,0.20099477
6512,Pass,0,0.85776186,0.6742467,0,0.7396514
6513,Pass,0,0.9999951,0.15832219,0,0.96917397
6514,Pass,0,0.99999976,0.10931011,0,0.9793314
6515,Pass,0,0.9992499,0.33828762,0,0.93119943
6516,Pass,0,0.60317427,1.3916869,0,0.4304763
6517,Pass,0,0.99999964,0.08230791,0,0.98492485
6518,Pass,0,0.7922929,0.9107596,0,0.64437956
6519,Pass,0,0.9999862,0.13469079,0,0.9740605
6520,Pass,0,0.95934296,1.2955214,0,0.70377946
6521,Pass,0,0.99994445,0.15440483,0,0.9699363
6522,Pass,0,0.999985,0.096114196,0,0.9820505
6523,Pass,0,0.91197133,0.85656345,0,0.75195384
6524,Pass,0,0.9999237,0.13462661,0,0.9740129
6525,Pass,0,0.98020977,0.43185917,0,0.8944561
6526,Pass,0,0.77816474,0.59797055,0,0.6833101
6527,Pass,0,0.9999962,0.07920585,0,0.98556405
6528,Pass,0,0.8947214,0.6564398,0,0.7748222
6529,Pass,0,0.99963176,0.23230752,0,0.9535012
6530,Pass,0,0.9999889,0.07822504,0,0.98576003
6531,Pass,0,0.9320168,0.77751905,0,0.783743
6532,Pass,0,0.9999914,0.13364182,0,0.9742829
6533,Pass,0,0.30692542,1.3300879,0,0.2229645
6534,Pass,0,0.9999372,0.24277359,0,0.95162463
6535,Pass,0,0.7835487,1.0047408,0,0.62201345
6536,Pass,0,0.9931821,0.45485306,0,0.9015628
6537,Pass,0,0.9030732,0.51612335,0,0.8083042
6538,Pass,0,0.96199965,0.8630795,0,0.79190546
6539,Pass,0,0.881751,0.08558416,0,0.8678603
6540,Pass,0,0.9985863,0.20969404,0,0.9571818
6541,Pass,0,0.82834226,0.99375707,0,0.6594571
6542,Pass,0,0.99916136,0.25810102,0,0.9477138
6543,Pass,0,0.97811985,0.31897366,0,0.91542184
6544,Pass,0,0.99997985,0.19990872,0,0.9605446
6545,Pass,0,0.9934642,0.8002422,0,0.8307384
6546,Pass,0,0.999962,0.06213918,0,0.9890656
6547,Pass,0,0.99997795,0.06549198,0,0.9883868
6548,Pass,0,0.99999344,0.071392514,0,0.9871798
6549,Pass,0,0.9979911,0.18064755,0,0.96261626
6550,Pass,0,0.42185897,0.8711282,0,0.3465654
6551,Pass,0,0.9999913,0.1508687,0,0.9707142
6552,Pass,0,0.8546332,1.3190911,0,0.62279105
6553,Pass,0,0.9999385,0.17332889,0,0.9660106
6554,Pass,0,0.7497173,1.1164593,0,0.57780623
6555,Pass,0,0.99983513,0.028639479,0,0.9958785
6556,Pass,0,0.999992,0.102664195,0,0.98070055
6557,Pass,0,0.9968971,0.15695208,0,0.9664544
6558,Pass,0,0.8358008,0.8613256,0,0.6883239
6559,Pass,0,0.99994767,0.098483,0,0.9815231
6560,Pass,0,0.9984799,0.6899529,0,0.8577446
6561,Pass,0,0.9999994,0.07741618,0,0.9859379
6562,Pass,0,0.95240283,0.90929145,0,0.7748882
6563,Pass,0,0.99999905,0.13214447,0,0.9746005
6564,Pass,0,0.99579215,0.3177306,0,0.9322177
6565,Pass,0,0.99015886,0.2827776,0,0.9341134
6566,Pass,0,0.9998883,0.18454203,0,0.96363956
6567,Pass,0,0.99997115,0.019431539,0,0.99792135
6568,Pass,0,0.9994974,0.29266116,0,0.940877
6569,Pass,0,0.50600684,0.96917135,0,0.4054176
6570,Pass,0,0.9999989,0.10912429,0,0.97936904
6571,Pass,0,0.9902138,0.65815896,0,0.8571652
6572,Pass,0,0.94327885,0.39402378,0,0.86814916
6573,Pass,0,0.35075903,1.2467673,0,0.2608613
6574,Pass,0,0.9802051,0.5324794,0,0.87402076
6575,Pass,0,0.9963923,0.25567976,0,0.9455871
6576,Pass,0,0.9948259,0.41252005,0,0.9117789
6577,Pass,0,0.69743264,0.8705317,0,0.5730407
6578,Pass,0,0.9976828,0.4290684,0,0.9109773
6579,Pass,0,0.9997633,0.19928566,0,0.9604656
6580,Pass,0,0.98980254,0.5147079,0,0.8862224
6581,Pass,0,0.9893735,0.4787859,0,0.89320046
6582,Pass,0,0.9997323,0.42824146,0,0.91301996
6583,Pass,0,0.62565416,1.1231521,0,0.48132345
6584,Pass,0,0.9995807,0.21882224,0,0.9562448
6585,Pass,0,0.99997985,0.121673815,0,0.9767508
6586,Pass,0,0.97629637,0.36691085,0,0.9040203
6587,Pass,0,0.99976414,0.25715283,0,0.948482
6588,Pass,0,0.9990345,0.4828844,0,0.9010742
6589,Pass,0,0.9999964,0.055854794,0,0.9904015
6590,Pass,0,0.5582436,0.8838414,0,0.45713782
6591,Pass,0,0.99939835,0.11920846,0,0.97669315
6592,Pass,0,0.9998734,0.17660184,0,0.9652698
6593,Pass,0,0.7453999,0.68748677,0,0.64071685
6594,Pass,0,0.99970007,0.21737836,0,0.95665807
6595,Pass,0,0.999864,0.14784852,0,0.9712162
6596,Pass,0,1.0,0.034839466,0,0.99475837
6597,Pass,0,0.9955434,0.44335613,0,0.90607727
6598,Pass,0,0.9141501,0.7569225,0,0.77261907
6599,Pass,0,0.26088378,0.9330388,0,0.21097532
6600,Pass,0,0.9999273,0.061958198,0,0.98906875
6601,Pass,0,0.999838,0.15010983,0,0.9707226
6602,Pass,0,0.99994576,0.021140076,0,0.9975421
6603,Pass,0,0.99886984,0.44332123,0,0.909112
6604,Pass,0,0.695166,0.61238474,0,0.6083528
6605,Pass,0,0.99999547,0.14752746,0,0.9714104
6606,Pass,0,0.99430376,0.39528224,0,0.9148509
6607,Pass,0,0.9837969,0.2874686,0,0.9271555
6608,Pass,0,0.9999765,0.17302543,0,0.96611017
6609,Pass,0,0.9999063,0.3063652,0,0.9384234
6610,Pass,0,0.99829656,0.3750372,0,0.9227113
6611,Pass,0,0.9999795,0.101386674,0,0.9809529
6612,Pass,0,0.54173887,2.2496116,0,0.29035252
6613,Pass,0,0.99999976,0.05562865,0,0.99045163
6614,Pass,0,0.9998423,0.23405676,0,0.95333976
6615,Pass,0,0.8872384,0.5724358,0,0.7837813
6616,Pass,0,0.93537444,0.7578097,0,0.79038554
6617,Pass,0,0.9999993,0.2849104,0,0.942955
6618,Pass,0,0.99999905,0.15082976,0,0.97072977
6619,Pass,0,0.9999901,0.056035962,0,0.9903577
6620,Pass,0,0.8400555,0.6322964,0,0.7316834
6621,Pass,0,0.99089396,0.16093637,0,0.9598167
6622,Pass,0,0.9999987,0.045263987,0,0.9925976
6623,Pass,0,0.90952635,0.82784164,0,0.7553493
6624,Pass,0,0.9845611,0.82568794,0,0.8181039
6625,Pass,0,0.99930346,0.24095789,0,0.95139736
6626,Pass,0,0.9988348,0.6019021,0,0.876268
6627,Pass,0,0.99929225,0.41794676,0,0.9147491
6628,Pass,0,0.9905827,0.5659395,0,0.87640816
6629,Pass,0,0.99942845,0.22948512,0,0.95389163
6630,Pass,0,0.9979255,0.5426481,0,0.8877195
6631,Pass,0,0.9999945,0.06918312,0,0.9876386
6632,Pass,0,0.9999757,0.25886205,0,0.9483286
6633,Pass,0,0.962885,0.5278888,0,0.8594926
6634,Pass,0,0.99859613,0.2592589,0,0.94693816
6635,Pass,0,0.9741659,0.51623505,0,0.8719139
6636,Pass,0,0.9038976,0.94796187,0,0.7281829
6637,Pass,0,1.0,0.039479982,0,0.99379706
6638,Pass,0,0.994341,0.6082179,0,0.8710248
6639,Pass,0,0.39791536,1.2330711,0,0.2970607
6640,Pass,0,0.9997596,0.25839767,0,0.94821984
6641,Pass,0,0.81832325,0.35457274,0,0.7598336
6642,Pass,0,0.9998666,0.10747373,0,0.9795813
6643,Pass,0,0.97804445,0.46522456,0,0.88572025
6644,Pass,0,0.9926292,0.27698594,0,0.93763477
6645,Pass,0,0.9380219,0.58788145,0,0.8256419
6646,Pass,0,0.99959284,0.20310198,0,0.95951164
6647,Pass,0,0.99991536,0.039033066,0,0.9938055
6648,Pass,0,0.99995553,0.09281805,0,0.9827043
6649,Pass,0,0.9992999,0.061585627,0,0.9885253
6650,Pass,0,0.9999999,0.048340652,0,0.9919614
6651,Pass,0,1.0,0.040496193,0,0.99358654
6652,Pass,0,0.9988176,0.63329476,0,0.8697576
6653,Pass,0,0.9984945,0.24348801,0,0.9501039
6654,Pass,0,0.99998665,0.14265642,0,0.97241086
6655,Pass,0,0.99998724,0.068360776,0,0.9878018
6656,Pass,0,0.99997675,0.13568808,0,0.9738447
6657,Pass,0,0.99987507,0.23436263,0,0.9533077
6658,Pass,0,0.7204287,1.1215483,0,0.55447406
6659,Pass,0,0.99999833,0.11291944,0,0.9785823
6660,Pass,0,0.9999012,0.2665111,0,0.9466736
6661,Pass,0,0.96700054,0.31816489,0,0.9051773
6662,Pass,0,0.9612006,0.5237695,0,0.8588093
6663,Pass,0,0.53482777,1.2568238,0,0.39664003
6664,Pass,0,0.9735146,0.72616756,0,0.82899487
6665,Pass,0,0.98461664,0.6660042,0,0.85072
6666,Pass,0,0.45904526,0.67610335,0,0.39565998
6667,Pass,0,0.9991948,0.39287108,0,0.9198502
6668,Pass,0,0.99999845,0.114919215,0,0.9781682
6669,Pass,0,0.657889,0.86439174,0,0.5413867
6670,Pass,0,0.9999994,0.11102625,0,0.97897553
6671,Pass,0,0.99746025,0.3551193,0,0.9260538
6672,Pass,0,0.9969381,0.18007183,0,0.9617195
6673,Pass,0,0.9995086,0.5185059,0,0.89412636
6674,Pass,0,0.9999938,0.24621764,0,0.95096505
6675,Pass,0,0.38585556,0.9808128,0,0.3082207
6676,Pass,0,0.87832767,1.049148,0,0.6891731
6677,Pass,0,0.9999869,0.0962175,0,0.9820309
6678,Pass,0,0.781746,1.0768752,0,0.6089009
6679,Pass,0,0.9161818,0.39104003,0,0.84377664
6680,Pass,0,0.4690687,1.3050504,0,0.34318557
6681,Pass,0,0.9990652,0.086736016,0,0.9830881
6682,Pass,0,0.99790037,1.2808176,0,0.7351049
6683,Pass,0,0.9114456,1.9476374,0,0.54551715
6684,Pass,0,0.9788971,0.42592692,0,0.8944612
6685,Pass,0,0.69789374,0.4662658,0,0.6318643
6686,Pass,0,0.99983954,0.24344632,0,0.95139235
6687,Pass,0,0.9208812,0.5288633,0,0.82181317
6688,Pass,0,0.99999464,0.10062778,0,0.98112494
6689,Pass,0,0.9999565,0.10879072,0,0.9793966
6690,Pass,0,0.49512514,1.5334654,0,0.33882162
6691,Pass,0,0.99977666,0.06522807,0,0.9882425
6692,Pass,0,0.9999918,0.05478286,0,0.9906189
6693,Pass,0,0.58074653,0.6956467,0,0.49820554
6694,Pass,0,0.9928953,0.22190481,0,0.9492153
6695,Pass,0,0.99988556,0.023273254,0,0.9970402
6696,Pass,0,0.9999969,0.09987117,0,0.9812839
6697,Pass,0,0.99961984,0.19297749,0,0.96163404
6698,Pass,0,0.79864085,1.0965207,0,0.6188102
6699,Pass,0,0.994183,0.5271763,0,0.8875766
6700,Pass,0,0.9999913,0.19031568,0,0.9625428
6701,Pass,0,0.9912952,0.5152946,0,0.8874384
6702,Pass,0,0.99999976,0.13289765,0,0.97444516
6703,Pass,0,0.9842514,0.40366942,0,0.9038917
6704,Pass,0,0.99991643,0.1642512,0,0.9678696
6705,Pass,0,0.99991846,0.13363345,0,0.97421354
6706,Pass,0,0.99994624,0.14451933,0,0.9719857
6707,Pass,0,0.99999976,0.1392635,0,0.9731265
6708,Pass,0,0.9999633,0.019625818,0,0.99787325
6709,Pass,0,0.99998975,0.22215134,0,0.95594656
6710,Pass,0,0.8982668,0.7213953,0,0.7658057
6711,Pass,0,0.99762946,0.35258418,0,0.92673486
6712,Pass,0,0.9997155,0.1649236,0,0.96753585
6713,Pass,0,0.9999858,0.063202545,0,0.9888689
6714,Pass,0,0.9999882,0.0942773,0,0.9824341
6715,Pass,0,0.9997396,0.2509718,0,0.9497388
6716,Pass,0,0.99917954,0.35526052,0,0.9276208
6717,Pass,0,0.5369333,1.1423569,0,0.41093332
6718,Pass,0,0.8883966,0.66778904,0,0.7672563
6719,Pass,0,0.93381786,0.6973211,0,0.80077124
6720,Pass,0,0.9997831,0.1249729,0,0.9758753
6721,Pass,0,0.99987197,0.09165789,0,0.9828625
6722,Pass,0,0.9788431,0.24537139,0,0.93102294
6723,Pass,0,0.9996358,0.22042874,0,0.9559649
6724,Pass,0,0.99997544,0.15391506,0,0.9700678
6725,Pass,0,0.47683358,1.6400325,0,0.31577805
6726,Pass,0,0.99999785,0.078287944,0,0.98575586
6727,Pass,0,0.9999999,0.09286885,0,0.98273736
6728,Pass,0,0.99999857,0.076270476,0,0.9861744
6729,Pass,0,0.99839324,0.18172288,0,0.9627817
6730,Pass,0,0.9978035,0.6803236,0,0.85915387
6731,Pass,0,0.9999039,0.08972392,0,0.9832945
6732,Pass,0,0.9999975,0.48421898,0,0.9016663
6733,Pass,0,0.99999714,0.065797426,0,0.9883426
6734,Pass,0,0.99856937,0.61164606,0,0.8740196
6735,Pass,0,0.99960107,0.05346802,0,0.99050415
6736,Pass,0,0.92824227,0.8675292,0,0.7632612
6737,Pass,0,0.8321148,0.88697594,0,0.68086684
6738,Pass,0,0.9924061,0.54062366,0,0.88322574
6739,Pass,0,0.9999349,0.34190127,0,0.9310893
6740,Pass,0,0.7553968,0.6799578,0,0.65048796
6741,Pass,0,0.9981331,0.23051545,0,0.9524423
6742,Pass,0,0.99999654,0.10108344,0,0.9810324
6743,Pass,0,0.999984,0.068516344,0,0.9877663
6744,Pass,0,0.73948354,1.1065259,0,0.5714407
6745,Pass,0,0.9978175,0.5426792,0,0.88761693
6746,Pass,0,0.91178924,1.5805322,0,0.6150612
6747,Pass,0,0.99999845,0.1113295,0,0.9789118
6748,Pass,0,0.99972457,0.18871394,0,0.9626178
6749,Pass,0,0.58069825,1.085984,0,0.45120937
6750,Pass,0,0.9936314,0.32690254,0,0.928307
6751,Pass,0,0.99999344,0.094486624,0,0.9823959
6752,Pass,0,0.994955,0.4301655,0,0.9082604
6753,Pass,0,0.99997413,0.11521015,0,0.97808415
6754,Pass,0,0.9961534,0.44283456,0,0.90674007
6755,Pass,0,0.20644099,1.4572138,0,0.14453156
6756,Pass,0,0.9999819,0.2243068,0,0.95549256
6757,Pass,0,0.9950767,0.58993846,0,0.8754372
6758,Pass,0,0.781041,0.57883865,0,0.6889312
6759,Pass,0,0.99459815,0.69907373,0,0.8525307
6760,Pass,0,0.7884336,0.5696259,0,0.69695663
6761,Pass,0,0.9999882,0.09614795,0,0.9820466
6762,Pass,0,0.94714904,0.92410165,0,0.7677078
6763,Pass,0,0.9015592,1.1291542,0,0.69245964
6764,Pass,0,0.97770876,0.42427877,0,0.8937092
6765,Pass,0,0.9995065,0.19635527,0,0.9608256
6766,Pass,0,0.9711665,0.60961527,0,0.8504432
6767,Pass,0,0.9988858,0.26090413,0,0.9468724
6768,Pass,0,0.99944586,0.46186066,0,0.9057979
6769,Pass,0,0.5792282,0.9530945,0,0.46601233
6770,Pass,0,0.99871767,0.20484442,0,0.958311
6771,Pass,0,0.6371426,3.2975638,0,0.20317121
6772,Pass,0,0.99819,0.3949945,0,0.91848606
6773,Pass,0,0.99998677,0.022821443,0,0.99723476
6774,Pass,0,0.88733983,0.78684294,0,0.74445987
6775,Pass,0,0.998487,0.289106,0,0.9406612
6776,Pass,0,0.5029132,0.7561487,0,0.4251315
6777,Pass,0,0.8324503,0.62660307,0,0.726041
6778,Pass,0,0.99999356,0.12914655,0,0.9752162
6779,Pass,0,0.99889034,0.18835372,0,0.9618891
6780,Pass,0,0.52905387,1.0022141,0,0.4202618
6781,Pass,0,0.99994385,0.29603994,0,0.94059736
6782,Pass,0,0.99992037,0.149854,0,0.9708556
6783,Pass,0,0.9999324,0.21068262,0,0.95826733
6784,Pass,0,0.78823316,0.4145101,0,0.72210735
6785,Pass,0,1.0,0.041909218,0,0.9932938
6786,Pass,0,0.99999714,0.069735505,0,0.9875268
6787,Pass,0,0.99625623,0.32366216,0,0.931428
6788,Pass,0,0.3589619,0.9259399,0,0.29081842
6789,Pass,0,0.90732795,0.5650709,0,0.80291253
6790,Pass,0,0.99987125,0.35209465,0,0.9289187
6791,Pass,0,0.99999976,0.05468868,0,0.9906463
6792,Pass,0,0.9991721,0.5880176,0,0.87943774
6793,Pass,0,0.9989361,0.32000798,0,0.9346897
6794,Pass,0,0.9999968,0.08233411,0,0.9849166
6795,Pass,0,0.999954,0.23692974,0,0.9528511
6796,Pass,0,0.29569098,1.0514095,0,0.23187317
6797,Pass,0,0.9845494,0.5257327,0,0.87927043
6798,Pass,0,0.99981195,0.5367234,0,0.89062464
6799,Pass,0,0.99999905,0.17753038,0,0.96519876
6800,Pass,0,0.9999981,0.1116449,0,0.97884613
6801,Pass,0,0.9850714,0.29550385,0,0.926717
6802,Pass,0,0.99998,0.11934326,0,0.9772337
6803,Pass,0,0.999793,0.15429506,0,0.9698121
6804,Pass,0,0.99979013,0.07440227,0,0.9863558
6805,Pass,0,0.99988055,0.20834978,0,0.95870084
6806,Pass,0,0.6692181,1.4617745,0,0.46789458
6807,Pass,0,0.6169385,0.2826123,0,0.58203936
6808,Pass,0,0.9996438,0.06126482,0,0.9889319
6809,Pass,0,0.9999938,0.13952826,0,0.97306585
6810,Pass,0,0.99999976,0.030488238,0,0.9956595
6811,Pass,0,0.9500047,1.1871378,0,0.71825826
6812,Pass,0,0.9999298,0.42129603,0,0.9146389
6813,Pass,0,0.4741506,0.96869427,0,0.37994093
6814,Pass,0,0.99997735,0.31881803,0,0.93591046
6815,Pass,0,0.37952486,1.2556218,0,0.28155848
6816,Pass,0,0.8258611,0.7693279,0,0.6958769
6817,Pass,0,0.9999753,0.062376197,0,0.9890297
6818,Pass,0,0.9999583,0.046751473,0,0.99224937
6819,Pass,0,0.9998859,0.12235009,0,0.976519
6820,Pass,0,0.9850382,0.8028719,0,0.823156
6821,Pass,0,0.99995446,0.1501193,0,0.9708337
6822,Pass,0,0.7931224,0.9234823,0,0.64296395
6823,Pass,0,0.9998441,0.12000669,0,0.97696346
6824,Pass,0,0.9980363,0.3016494,0,0.93764335
6825,Pass,0,0.99999976,0.041410662,0,0.9933969
6826,Pass,0,0.9903769,0.574225,0,0.8745262
6827,Pass,0,0.9999889,0.118483216,0,0.97742057
6828,Pass,0,0.66969824,1.3034904,0,0.49018893
6829,Pass,0,0.9838927,0.4786928,0,0.8882714
6830,Pass,0,0.90187645,0.8425443,0,0.7462493
6831,Pass,0,0.9999734,0.16986777,0,0.9667613
6832,Pass,0,0.99974257,0.33291745,0,0.9327707
6833,Pass,0,0.9991033,0.11842931,0,0.9765661
6834,Pass,0,0.99865687,0.2247993,0,0.95412457
6835,Pass,0,0.98023474,0.42990312,0,0.89487606
6836,Pass,0,0.99974936,0.3563626,0,0.9279216
6837,Pass,0,0.99997616,0.25681323,0,0.9487534
6838,Pass,0,0.9999926,0.1347588,0,0.97405267
6839,Pass,0,0.9856938,0.51292634,0,0.8829074
6840,Pass,0,0.99999714,0.07622283,0,0.9861829
6841,Pass,0,0.9968929,0.30615377,0,0.9356389
6842,Pass,0,0.9996438,0.33614904,0,0.9320094
6843,Pass,0,0.9517085,1.3327078,0,0.6908475
6844,Pass,0,0.9997019,0.16633752,0,0.96722984
6845,Pass,0,0.99790984,0.7369077,0,0.84754837
6846,Pass,0,0.9999962,0.061552152,0,0.98922104
6847,Pass,0,0.9997601,0.19514763,0,0.96131957
6848,Pass,0,0.95318633,0.3264829,0,0.89060384
6849,Pass,0,0.9998128,0.12925695,0,0.975017
6850,Pass,0,0.9706609,0.4922785,0,0.87359387
6851,Pass,0,0.49177146,1.2475784,0,0.36565036
6852,Pass,0,0.87644964,0.7302633,0,0.74559575
6853,Pass,0,0.9999993,0.10276756,0,0.9806862
6854,Pass,0,0.999979,0.10816044,0,0.9795492
6855,Pass,0,0.99997556,0.0236888,0,0.99704385
6856,Pass,0,0.9999621,0.26555714,0,0.94692886
6857,Pass,0,0.97044206,0.7521386,0,0.82115746
6858,Pass,0,0.999838,0.14206459,0,0.9723889
6859,Pass,0,0.96999186,0.6073101,0,0.8498778
6860,Pass,0,0.9862618,0.5696437,0,0.87182844
6861,Pass,0,0.98272425,0.6131612,0,0.85984236
6862,Pass,0,0.68023366,0.8039049,0,0.5682978
6863,Pass,0,0.9997756,0.20481826,0,0.9593316
6864,Pass,0,0.9985989,0.21612185,0,0.9558642
6865,Pass,0,0.9999981,0.067335114,0,0.98802495
6866,Pass,0,0.40546715,1.4504262,0,0.28444204
6867,Pass,0,0.9885915,0.73448014,0,0.8401312
6868,Pass,0,0.9933791,0.29798496,0,0.934022
6869,Pass,0,0.9994629,0.16953494,0,0.96633667
6870,Pass,0,0.9482877,0.54215723,0,0.8436598
6871,Pass,0,0.99992645,0.20053104,0,0.9603644
6872,Pass,0,0.91039103,0.4793389,0,0.8217913
6873,Pass,0,0.9999478,0.061870225,0,0.9891072
6874,Pass,0,0.85178155,1.2889717,0,0.62602746
6875,Pass,0,0.9990584,0.44544002,0,0.90884507
6876,Pass,0,0.99846315,0.21180926,0,0.95662624
6877,Pass,0,0.99542135,0.4826334,0,0.897867
6878,Pass,0,0.9973007,0.7328416,0,0.84787107
6879,Pass,0,0.99998844,0.06986041,0,0.98749226
6880,Pass,0,0.99920684,0.50117016,0,0.89744467
6881,Pass,0,0.9999174,0.23597254,0,0.95301455
6882,Pass,0,0.9999995,0.054696556,0,0.99064445
6883,Pass,0,0.9999994,0.10768157,0,0.9796684
6884,Pass,0,0.98552424,0.3896282,0,0.9079272
6885,Pass,0,0.99975246,0.17397027,0,0.965698
6886,Pass,0,0.8998096,0.5615777,0,0.7969106
6887,Pass,0,0.9999901,0.12991303,0,0.975054
6888,Pass,0,0.99718934,0.45394808,0,0.9053873
6889,Pass,0,0.9944088,0.46223772,0,0.9011551
6890,Pass,0,0.9996711,0.3429678,0,0.9306228
6891,Pass,0,0.9985114,0.09097576,0,0.9816661
6892,Pass,0,0.99859935,0.34042948,0,0.93015015
6893,Pass,0,0.99999976,0.09898746,0,0.98146975
6894,Pass,0,0.99132514,0.22015426,0,0.9480737
6895,Pass,0,0.99999833,0.094601884,0,0.9823768
6896,Pass,0,0.99635625,0.28722128,0,0.9390428
6897,Pass,0,0.9787218,0.55356085,0,0.868424
6898,Pass,0,0.99999785,0.09652599,0,0.9819778
6899,Pass,0,0.98483247,0.29964113,0,0.9256482
6900,Pass,0,0.99947256,0.6033974,0,0.87651795
6901,Pass,0,0.99998736,0.07242231,0,0.98696053
6902,Pass,0,0.9999682,0.21660198,0,0.9570755
6903,Pass,0,0.77225477,0.60783786,0,0.67654204
6904,Pass,0,0.75555885,0.7905804,0,0.63331336
6905,Pass,0,0.9988908,0.28542963,0,0.9418024
6906,Pass,0,0.9998373,0.13877824,0,0.9730689
6907,Pass,0,0.99992824,0.2448414,0,0.9511878
6908,Pass,0,0.9999989,0.11785355,0,0.97756076
6909,Pass,0,0.99998724,0.16107187,0,0.96859676
6910,Pass,0,0.99839157,0.13834865,0,0.97175074
6911,Pass,0,0.9876391,0.46059096,0,0.8953572
6912,Pass,0,0.96931076,0.30015925,0,0.9109552
6913,Pass,0,0.9995191,0.14696787,0,0.97106355
6914,Pass,0,0.99650156,0.38235933,0,0.9195407
6915,Pass,0,0.9653916,0.27051988,0,0.9131993
6916,Pass,0,0.9990176,0.37290487,0,0.923819
6917,Pass,0,0.5305121,0.9743168,0,0.42448598
6918,Pass,0,0.99997044,0.17521441,0,0.96565086
6919,Pass,0,0.96071756,0.7880013,0,0.80579174
6920,Pass,0,0.99935955,0.2631296,0,0.9468608
6921,Pass,0,0.95487845,0.6159368,0,0.83492947
6922,Pass,0,0.9999442,0.21263576,0,0.95787406
6923,Pass,0,0.9839743,0.27798948,0,0.92925483
6924,Pass,0,0.99982774,0.16485564,0,0.9676585
6925,Pass,0,0.99632555,0.59845716,0,0.87477773
6926,Pass,0,0.99998975,0.08916381,0,0.9834949
6927,Pass,0,0.99991894,0.35097322,0,0.9291953
6928,Pass,0,0.9999076,0.27848634,0,0.9441992
6929,Pass,0,0.4679307,0.8442511,0,0.3870195
6930,Pass,0,0.99993837,0.06397676,0,0.9886616
6931,Pass,0,0.7648982,0.8242923,0,0.63579994
6932,Pass,0,0.9977724,0.43941084,0,0.90892136
6933,Pass,0,0.381088,0.7319914,0,0.32405514
6934,Pass,0,0.9999969,0.094272144,0,0.98244375
6935,Pass,0,0.9999851,0.18162619,0,0.9643369
6936,Pass,0,0.999959,0.10081238,0,0.98105174
6937,Pass,0,0.99998915,0.17752518,0,0.96519023
6938,Pass,0,0.9990596,0.11096455,0,0.97806823
6939,Pass,0,0.99974173,0.07394313,0,0.98640317
6940,Pass,0,0.99999857,0.062075283,0,0.989115
6941,Pass,0,0.9991653,0.32077554,0,0.93474525
6942,Pass,0,0.99438924,0.33358866,0,0.92763776
6943,Pass,0,0.99999964,0.109699875,0,0.97925055
6944,Pass,0,0.9999968,0.14326416,0,0.9722948
6945,Pass,0,0.99831164,0.2701216,0,0.944422
6946,Pass,0,0.19658944,1.338051,0,0.14248715
6947,Pass,0,0.9986689,0.2706394,0,0.94465286
6948,Pass,0,0.9950059,0.5911128,0,0.87513286
6949,Pass,0,0.97826856,0.47082946,0,0.8847874
6950,Pass,0,0.9736651,0.47076327,0,0.88063717
6951,Pass,0,0.9998386,0.18917802,0,0.96263146
6952,Pass,0,0.99126,0.5744761,0,0.8752544
6953,Pass,0,0.9948691,0.44302142,0,0.90553254
6954,Pass,0,0.99993706,0.13996914,0,0.97291934
6955,Pass,0,0.99999475,0.11327438,0,0.9785053
6956,Pass,0,0.8791236,1.348337,0,0.6353117
6957,Pass,0,0.9987691,0.067615665,0,0.98675257
6958,Pass,0,0.9999616,0.29323506,0,0.9411951
6959,Pass,0,0.8092403,1.8121414,0,0.50705934
6960,Pass,0,0.99869365,0.49899885,0,0.8974329
6961,Pass,0,0.9898183,0.14296302,0,0.96246004
6962,Pass,0,0.44958112,1.5890754,0,0.3024761
6963,Pass,0,0.97428495,0.5444056,0,0.8663349
6964,Pass,0,0.9907471,0.36909723,0,0.91695255
6965,Pass,0,0.999084,0.12420277,0,0.97535235
6966,Pass,0,0.21329816,1.3054316,0,0.15603885
6967,Pass,0,1.0,0.05931816,0,0.98968756
6968,Pass,0,0.9999958,0.088810176,0,0.9835741
6969,Pass,0,0.99999475,0.14398517,0,0.9721435
6970,Pass,0,0.9902553,0.5686607,0,0.8755602
6971,Pass,0,0.9999168,0.14894095,0,0.9710412
6972,Pass,0,0.95401996,0.70393234,0,0.8167885
6973,Pass,0,0.99819857,0.30623782,0,0.936847
6974,Pass,0,0.9860373,0.35294774,0,0.91589224
6975,Pass,0,0.93365145,0.6703897,0,0.8058373
6976,Pass,0,0.99464405,0.53266937,0,0.88685644
6977,Pass,0,0.31236818,1.9430373,0,0.18725583
6978,Pass,0,0.99926704,0.27428594,0,0.9444638
6979,Pass,0,0.9659185,0.55380094,0,0.8570155
6980,Pass,0,0.92524886,0.6129873,0,0.8095871
6981,Pass,0,0.9999865,0.14753494,0,0.97140014
6982,Pass,0,0.9809585,0.63094306,0,0.854684
6983,Pass,0,0.99889034,0.21729223,0,0.955901
6984,Pass,0,0.99999714,0.0943233,0,0.9824334
6985,Pass,0,0.93855435,0.23118475,0,0.89546067
6986,Pass,0,0.99980956,0.3730761,0,0.9245159
6987,Pass,0,0.99993217,0.26853254,0,0.9462842
6988,Pass,0,0.9781487,0.5353108,0,0.87161344
6989,Pass,0,0.50275797,1.0381229,0,0.39563346
6990,Pass,0,0.7782093,0.684099,0,0.6694647
6991,Pass,0,0.9996712,0.26682225,0,0.9463914
6992,Pass,0,0.99362767,0.49065357,0,0.89459836
6993,Pass,0,0.9628501,0.7808169,0,0.80901337
6994,Pass,0,0.98634803,0.5607974,0,0.8737122
6995,Pass,0,0.9999453,0.050649922,0,0.991429
6996,Pass,0,0.71426696,0.7434057,0,0.6056823
6997,Pass,0,0.99999917,0.08899994,0,0.9835381
6998,Pass,0,0.9983511,0.68055785,0,0.8595768
6999,Pass,0,0.68187535,1.0090153,0,0.54069716
7000,Pass,0,0.9998678,0.15641752,0,0.96944505
7001,Pass,0,0.97358996,0.2866544,0,0.91770047
7002,Pass,0,0.99415696,0.32994935,0,0.92817056
7003,Pass,0,0.975593,1.9764388,0,0.57808983
7004,Pass,0,0.99136835,0.49937895,0,0.89077234
7005,Pass,0,0.9999987,0.102477886,0,0.9807456
7006,Pass,0,0.9979924,0.26490292,0,0.9451989
7007,Pass,0,0.99996126,0.16212592,0,0.9683532
7008,Pass,0,0.6126323,0.7595004,0,0.5174559
7009,Pass,0,0.9999311,0.10141159,0,0.9809002
7010,Pass,0,0.99963176,0.07849249,0,0.9853526
7011,Pass,0,0.995529,0.4849815,0,0.89747995
7012,Pass,0,0.99915206,0.20222123,0,0.95927083
7013,Pass,0,0.9997757,0.26726142,0,0.9463994
7014,Pass,0,0.52242976,0.40588608,0,0.47953585
7015,Pass,0,0.9999571,0.09242146,0,0.98278797
7016,Pass,0,0.8805328,1.0463252,0,0.6914183
7017,Pass,0,0.77418,0.8544093,0,0.6386852
7018,Pass,0,0.5187307,1.2562622,0,0.38476244
7019,Pass,0,0.9997292,0.19857514,0,0.96058005
7020,Pass,0,0.9997054,0.27315873,0,0.9451115
7021,Pass,0,0.99997866,0.089377664,0,0.9834397
7022,Pass,0,0.99977833,0.3777905,0,0.9235107
7023,Pass,0,0.9526751,1.0725968,0,0.74288166
7024,Pass,0,0.9999887,0.1530078,0,0.9702686
7025,Pass,0,0.9999895,0.1078495,0,0.9796239
7026,Pass,0,0.9215141,0.53818184,0,0.82059914
7027,Pass,0,0.99829453,0.5467511,0,0.8871992
7028,Pass,0,0.999961,0.19083685,0,0.96240574
7029,Pass,0,0.37772325,1.1280338,0,0.29020518
7030,Pass,0,0.9180207,0.782104,0,0.77110165
7031,Pass,0,0.99999917,0.064311765,0,0.9886523
7032,Pass,0,0.9011461,0.75119907,0,0.7626968
7033,Pass,0,0.9999852,0.055075474,0,0.99055177
7034,Pass,0,0.99726546,0.3671526,0,0.9233871
7035,Pass,0,0.99999964,0.0737199,0,0.9867039
7036,Pass,0,0.9990829,0.2787721,0,0.94336134
7037,Pass,0,0.72774,1.3207955,0,0.53006405
7038,Pass,0,0.99989533,0.11972181,0,0.97707254
7039,Pass,0,0.8399782,1.2059814,0,0.631793
7040,Pass,0,0.99995553,0.09888967,0,0.9814466
7041,Pass,0,0.90516555,0.64076674,0,0.78680557
7042,Pass,0,0.9999937,0.07114953,0,0.9872304
7043,Pass,0,0.9997625,0.03183565,0,0.9951441
7044,Pass,0,0.99984753,0.44386744,0,0.9098887
7045,Pass,0,0.9999957,0.08483194,0,0.98439807
7046,Pass,0,0.99992085,0.013026508,0,0.99919784
7047,Pass,0,0.9995158,0.2912725,0,0.9411818
7048,Pass,0,0.9999945,0.107685655,0,0.9796628
7049,Pass,0,0.9371249,0.70695883,0,0.8017362
7050,Pass,0,0.9999361,0.3289608,0,0.9337709
7051,Pass,0,0.99999845,0.055760738,0,0.9904229
7052,Pass,0,0.8343392,2.887297,0,0.33696148
7053,Pass,0,0.9998838,0.1980375,0,0.96083987
7054,Pass,0,0.99993944,0.15240838,0,0.97034496
7055,Pass,0,0.9608008,0.6769962,0,0.8279551
7056,Pass,0,0.99951947,0.4118141,0,0.91622686
7057,Pass,0,0.99996424,0.1540682,0,0.9700252
7058,Pass,0,0.90919334,1.4154569,0,0.64440066
7059,Pass,0,0.99965155,0.4162847,0,0.9154222
7060,Pass,0,0.2834899,0.97284424,0,0.22691919
7061,Pass,0,0.36649194,1.0754845,0,0.28556564
7062,Pass,0,0.999997,0.07178153,0,0.9871028
7063,Pass,0,0.9997813,0.20635663,0,0.9590185
7064,Pass,0,0.9999893,0.16675274,0,0.9674219
7065,Pass,0,0.99991727,0.29979572,0,0.93979436
7066,Pass,0,0.4226395,1.5146489,0,0.290866
7067,Pass,0,0.9999988,0.06116834,0,0.9893031
7068,Pass,0,0.9999999,0.0356384,0,0.9945927
7069,Pass,0,0.99976915,0.11926042,0,0.9770448
7070,Pass,0,0.9999895,0.13441475,0,0.974121
7071,Pass,0,0.97568387,0.3514816,0,0.9065716
7072,Pass,0,0.6569079,0.6791455,0,0.5657877
7073,Pass,0,0.54384714,0.5271518,0,0.4855331
7074,Pass,0,0.9658104,0.44916168,0,0.87785476
7075,Pass,0,0.98588943,0.12231972,0,0.96285576
7076,Pass,0,0.45934248,1.348319,0,0.33195236
7077,Pass,0,0.95557874,0.54022497,0,0.8505289
7078,Pass,0,0.50602835,1.0249566,0,0.39958718
7079,Pass,0,0.99857867,0.16718473,0,0.9659679
7080,Pass,0,0.51275146,0.822215,0,0.4264308
7081,Pass,0,0.9978188,0.31372947,0,0.934942
7082,Pass,0,0.99999976,0.07336932,0,0.9867766
7083,Pass,0,0.6651592,0.6796004,0,0.57283175
7084,Pass,0,0.9999578,0.21826997,0,0.95672005
7085,Pass,0,0.99996316,0.48875725,0,0.9006952
7086,Pass,0,0.99989164,0.11644783,0,0.9777471
7087,Pass,0,0.99998724,0.08087385,0,0.9852097
7088,Pass,0,0.99999785,0.07541875,0,0.9863501
7089,Pass,0,0.9949675,0.092936836,0,0.97777784
7090,Pass,0,0.99901736,0.1650061,0,0.9668431
7091,Pass,0,0.999987,0.13158031,0,0.9747057
7092,Pass,0,0.97148085,0.44937882,0,0.8829651
7093,Pass,0,0.29807284,1.5599818,0,0.20233846
7094,Pass,0,0.9996018,0.41009083,0,0.9166591
7095,Pass,0,0.97006655,0.36228493,0,0.89918125
7096,Pass,0,0.9999975,0.07960482,0,0.9854827
7097,Pass,0,0.99999905,0.10559778,0,0.9800997
7098,Pass,0,0.99997723,0.14281957,0,0.97236794
7099,Pass,0,0.9995115,0.5939441,0,0.8785094
7100,Pass,0,0.99782914,0.44347706,0,0.9081326
7101,Pass,0,0.99998903,0.082966544,0,0.984778
7102,Pass,0,0.9999981,0.07643232,0,0.98614043
7103,Pass,0,0.9999956,0.15224804,0,0.97043264
7104,Pass,0,0.9457756,0.45112664,0,0.85925955
7105,Pass,0,0.82799226,0.6647358,0,0.7156123
7106,Pass,0,0.99883944,0.35013488,0,0.92836565
7107,Pass,0,0.9454942,0.74021655,0,0.80238247
7108,Pass,0,0.99990976,0.21377043,0,0.957606
7109,Pass,0,0.9631489,0.35405478,0,0.8944112
7110,Pass,0,0.99999404,0.086073495,0,0.9841393
7111,Pass,0,0.9999962,0.11320415,0,0.9785212
7112,Pass,0,0.5477865,1.384126,0,0.39180487
7113,Pass,0,0.99992645,0.09362958,0,0.9825076
7114,Pass,0,0.99988234,0.21682937,0,0.9569462
7115,Pass,0,0.5826777,0.89820886,0,0.47541243
7116,Pass,0,0.99889827,0.42931232,0,0.9120366
7117,Pass,0,0.6059617,0.5020558,0,0.5441376
7118,Pass,0,0.99999857,0.14923115,0,0.9710605
7119,Pass,0,0.99999666,0.083549485,0,0.98466474
7120,Pass,0,0.82559776,0.3633735,0,0.765083
7121,Pass,0,0.9476084,0.4525683,0,0.8606417
7122,Pass,0,0.999972,0.020095997,0,0.99778455
7123,Pass,0,0.48586544,1.5671308,0,0.32909673
7124,Pass,0,0.9995136,0.36210242,0,0.9265144
7125,Pass,0,0.16392732,1.4244672,0,0.11587928
7126,Pass,0,0.9930615,0.55292255,0,0.88127893
7127,Pass,0,0.99683964,0.28122008,0,0.94073766
7128,Pass,0,0.9999598,0.30009764,0,0.9397719
7129,Pass,0,0.95136064,0.48719883,0,0.8572247
7130,Pass,0,0.9999999,0.0485555,0,0.99191695
7131,Pass,0,0.9695268,0.6473896,0,0.84142077
7132,Pass,0,0.99964595,0.23383075,0,0.9531993
7133,Pass,0,0.96848977,0.3874787,0,0.8926652
7134,Pass,0,0.48254606,0.9073584,0,0.39279944
7135,Pass,0,0.9999881,0.13828076,0,0.9733187
7136,Pass,0,0.7603281,0.37375587,0,0.7029623
7137,Pass,0,0.9999906,0.20256945,0,0.96000373
7138,Pass,0,0.9994517,0.14883335,0,0.9706118
7139,Pass,0,0.9800836,0.74103236,0,0.8315707
7140,Pass,0,0.99976784,0.10253119,0,0.9805082
7141,Pass,0,0.99801266,0.35762027,0,0.92604965
7142,Pass,0,0.9344735,0.7190466,0,0.7971279
7143,Pass,0,0.9999337,0.14756687,0,0.97134227
7144,Pass,0,0.9999707,0.13251135,0,0.9744969
7145,Pass,0,0.99996614,0.1791189,0,0.9648379
7146,Pass,0,0.99977976,0.04413622,0,0.99261385
7147,Pass,0,0.9943561,0.65677357,0,0.86103636
7148,Pass,0,0.96510625,1.9678806,0,0.57358694
7149,Pass,0,0.9942994,0.42567214,0,0.9085874
7150,Pass,0,0.9139531,0.60990137,0,0.80028766
7151,Pass,0,0.9999964,0.03687344,0,0.99433345
7152,Pass,0,0.7999597,0.69091374,0,0.68704647
7153,Pass,0,0.93841815,0.70341736,0,0.80353105
7154,Pass,0,0.9985397,0.28261903,0,0.94205266
7155,Pass,0,0.99848443,0.08809616,0,0.98223525
7156,Pass,0,0.30941436,1.4505774,0,0.21704969
7157,Pass,0,0.99997616,0.17921557,0,0.96482754
7158,Pass,0,0.9999999,0.08835127,0,0.98367316
7159,Pass,0,0.9998678,0.20910865,0,0.95853144
7160,Pass,0,0.9999982,0.050539035,0,0.9915044
7161,Pass,0,0.9652594,0.64290553,0,0.8386138
7162,Pass,0,0.9999763,0.16979198,0,0.96677977
7163,Pass,0,1.0,0.136228,0,0.97375554
7164,Pass,0,0.44731766,0.8858364,0,0.3661173
7165,Pass,0,0.34037519,1.5092582,0,0.23463073
7166,Pass,0,0.9996537,0.19711788,0,0.96080923
7167,Pass,0,0.99999654,0.07492211,0,0.98645175
7168,Pass,0,0.99996746,0.11589736,0,0.97793525
7169,Pass,0,0.9999627,0.19407329,0,0.9617369
7170,Pass,0,0.9999715,0.13160937,0,0.97468454
7171,Pass,0,0.99799687,0.13196008,0,0.9726873
7172,Pass,0,0.519508,1.079803,0,0.404329
7173,Pass,0,0.99983644,0.10229742,0,0.9806239
7174,Pass,0,0.9940479,0.43748778,0,0.90592456
7175,Pass,0,0.99996877,0.026781581,0,0.9963965
7176,Pass,0,0.7067688,0.8361542,0,0.5857449
7177,Pass,0,0.9917847,0.21944097,0,0.9486597
7178,Pass,0,0.91199267,0.93737715,0,0.736704
7179,Pass,0,0.84273094,0.48423675,0,0.7598609
7180,Pass,0,0.9992436,0.27044454,0,0.9452368
7181,Pass,0,0.6814377,0.56873995,0,0.60249984
7182,Pass,0,0.99997985,0.13303871,0,0.9743966
7183,Pass,0,0.9998783,0.051487993,0,0.99118894
7184,Pass,0,0.99533147,0.37575147,0,0.9198234
7185,Pass,0,0.7656711,1.0254542,0,0.6045361
7186,Pass,0,0.99946135,0.21844134,0,0.95620954
7187,Pass,0,0.9982437,0.31000018,0,0.9361113
7188,Pass,0,0.99996805,0.08551951,0,0.98422843
7189,Pass,0,0.980594,0.21315172,0,0.9392332
7190,Pass,0,0.9967906,0.33602628,0,0.92937464
7191,Pass,0,0.9246967,0.83732677,0,0.76613116
7192,Pass,0,0.9992619,0.30665737,0,0.9377581
7193,Pass,0,0.9999685,0.24760467,0,0.95065373
7194,Pass,0,0.74216384,1.659731,0,0.48846176
7195,Pass,0,0.9997111,0.54565704,0,0.8886847
7196,Pass,0,0.999938,0.16274296,0,0.9682029
7197,Pass,0,0.99999774,0.11885442,0,0.9773523
7198,Pass,0,0.99973434,0.2806877,0,0.9435797
7199,Pass,0,0.9946936,0.08826419,0,0.97847146
7200,Pass,0,0.99905854,0.19878654,0,0.95989186
7201,Pass,0,0.9997478,0.20348635,0,0.9595808
7202,Pass,0,0.76393855,0.83725584,0,0.6329508
7203,Pass,0,0.9999815,0.14827795,0,0.9712414
7204,Pass,0,0.97231805,0.8257265,0,0.807923
7205,Pass,0,0.99411243,0.4407054,0,0.90532076
7206,Pass,0,0.98416185,0.6758526,0,0.84831923
7207,Pass,0,0.9999418,0.030210724,0,0.9956593
7208,Pass,0,0.99999666,0.10063599,0,0.98112524
7209,Pass,0,0.9998486,0.11632922,0,0.97772956
7210,Pass,0,0.5755343,0.79368037,0,0.48204625
7211,Pass,0,0.9999883,0.14430964,0,0.97207004
7212,Pass,0,0.9999347,0.30606145,0,0.93851286
7213,Pass,0,0.99989617,0.17511927,0,0.9655989
7214,Pass,0,0.9853747,0.6269414,0,0.85934854
7215,Pass,0,0.99996626,0.20383793,0,0.95971763
7216,Pass,0,0.7038752,0.9565213,0,0.56579614
7217,Pass,0,0.9996363,0.112154566,0,0.97838646
7218,Pass,0,0.99733955,0.63561314,0,0.86799157
7219,Pass,0,0.99879766,0.26911244,0,0.9450906
7220,Pass,0,0.99955815,0.38848272,0,0.92109334
7221,Pass,0,0.9988747,0.25929055,0,0.9471958
7222,Pass,0,0.99994755,0.2767703,0,0.9445924
7223,Pass,0,0.9999722,0.2732887,0,0.9453369
7224,Pass,0,0.99999595,0.10279363,0,0.98067755
7225,Pass,0,0.96390283,0.71237683,0,0.8235636
7226,Pass,0,0.93295264,0.3786858,0,0.8616097
7227,Pass,0,0.99977416,0.2517303,0,0.94961447
7228,Pass,0,0.9956878,0.41882336,0,0.9112688
7229,Pass,0,0.9999825,0.030769184,0,0.9955841
7230,Pass,0,0.99988997,0.61055183,0,0.8754021
7231,Pass,0,0.9999833,0.10714248,0,0.97976434
7232,Pass,0,0.86374617,0.708924,0,0.73860705
7233,Pass,0,0.99552083,0.24422039,0,0.9471233
7234,Pass,0,0.9999255,0.0452151,0,0.99253505
7235,Pass,0,0.99999547,0.118033975,0,0.97752005
7236,Pass,0,0.99997056,0.1316922,0,0.9746665
7237,Pass,0,0.999997,0.05535999,0,0.9905045
7238,Pass,0,0.967046,0.42654815,0,0.8835079
7239,Pass,0,0.95928603,0.54714406,0,0.8524537
7240,Pass,0,0.9995684,0.23525783,0,0.9528299
7241,Pass,0,0.9057713,0.3259702,0,0.8463981
7242,Pass,0,0.9828767,0.15829419,0,0.95258886
7243,Pass,0,0.9998565,0.08709933,0,0.9837914
7244,Pass,0,0.9985864,0.52640945,0,0.8916665
7245,Pass,0,0.9414721,0.7357171,0,0.79984665
7246,Pass,0,0.9999993,0.07074115,0,0.98732054
7247,Pass,0,0.9998666,0.29594174,0,0.9405451
7248,Pass,0,0.97360593,0.4712276,0,0.88048995
7249,Pass,0,0.9993061,0.46052212,0,0.90594834
7250,Pass,0,0.9887018,0.2568399,0,0.93805116
7251,Pass,0,0.9987612,0.39093694,0,0.9198511
7252,Pass,0,0.999979,0.15853015,0,0.96911526
7253,Pass,0,0.99163604,0.32475093,0,0.92688483
7254,Pass,0,0.9998405,0.3094034,0,0.93773234
7255,Pass,0,0.9999912,0.19146088,0,0.9623055
7256,Pass,0,0.9999808,0.2783383,0,0.944299
7257,Pass,0,0.9379232,0.7299838,0,0.79794556
7258,Pass,0,0.99994063,0.2227493,0,0.95577574
7259,Pass,0,0.999567,0.27762353,0,0.94405615
7260,Pass,0,0.9999974,0.1748672,0,0.96574885
7261,Pass,0,0.26812798,1.2431464,0,0.19960928
7262,Pass,0,0.9998367,0.28001636,0,0.94381535
7263,Pass,0,0.9768,0.46740538,0,0.884152
7264,Pass,0,0.99946254,0.19199587,0,0.96168596
7265,Pass,0,0.98993534,0.33752728,0,0.9226752
7266,Pass,0,0.99949455,0.5096595,0,0.8959454
7267,Pass,0,0.99999976,0.04563302,0,0.99252224
7268,Pass,0,0.8206823,1.167077,0,0.6238935
7269,Pass,0,0.99431133,0.22065686,0,0.95082605
7270,Pass,0,0.99995184,0.19458394,0,0.9616207
7271,Pass,0,0.99999547,0.17133445,0,0.9664788
7272,Pass,0,0.71201295,1.3280126,0,0.51754445
7273,Pass,0,0.9999819,0.41173843,0,0.9166664
7274,Pass,0,0.99194837,0.42889163,0,0.9057775
7275,Pass,0,0.99996257,0.26282567,0,0.9474951
7276,Pass,0,0.99998116,0.14403448,0,0.9721201
7277,Pass,0,0.93796504,1.0685093,0,0.7322052
7278,Pass,0,0.6972062,0.7303438,0,0.5931017
7279,Pass,0,0.9550164,0.6978634,0,0.8188422
7280,Pass,0,0.9978522,0.2335095,0,0.9515554
7281,Pass,0,0.99999106,0.09259331,0,0.98278576
7282,Pass,0,0.9999167,0.06377165,0,0.9886826
7283,Pass,0,0.99995565,0.11149852,0,0.9788349
7284,Pass,0,0.99971956,0.15677594,0,0.96922714
7285,Pass,0,0.9999647,0.20479712,0,0.9595175
7286,Pass,0,0.99961805,0.13973238,0,0.972658
7287,Pass,0,0.9989724,0.05613156,0,0.98933
7288,Pass,0,0.99782664,0.3097889,0,0.9357639
7289,Pass,0,0.9999875,0.16881539,0,0.9669929
7290,Pass,0,0.9999907,0.12937263,0,0.97516656
7291,Pass,0,0.9998927,0.1512497,0,0.9705396
7292,Pass,0,0.5480265,1.2116946,0,0.4115518
7293,Pass,0,0.9999894,0.240016,0,0.95224553
7294,Pass,0,0.97034454,0.8701507,0,0.7973535
7295,Pass,0,0.99153143,1.1410168,0,0.759128
7296,Pass,0,0.9904281,0.8823228,0,0.8113593
7297,Pass,0,0.7732284,0.46863416,0,0.6996921
7298,Pass,0,0.15942076,1.4815849,0,0.11080736
7299,Pass,0,0.99998844,0.14874856,0,0.9711507
7300,Pass,0,0.9945674,0.4184961,0,0.91031075
7301,Pass,0,0.5494476,1.4035639,0,0.39078057
7302,Pass,0,0.9998086,0.21844627,0,0.95654076
7303,Pass,0,0.9879302,0.57819587,0,0.87155306
7304,Pass,0,0.99965477,0.19166476,0,0.9619395
7305,Pass,0,0.99349904,0.16649406,0,0.96119624
7306,Pass,0,0.99981445,0.12212412,0,0.976496
7307,Pass,0,0.99984,0.14822476,0,0.971115
7308,Pass,0,0.88509387,0.7575926,0,0.7479385
7309,Pass,0,1.0,0.062469725,0,0.9890347
7310,Pass,0,0.9999976,0.15551932,0,0.96975696
7311,Pass,0,0.8816544,0.826091,0,0.7325218
7312,Pass,0,0.9999552,0.14889629,0,0.97108775
7313,Pass,0,0.99999094,0.082158126,0,0.98494726
7314,Pass,0,0.9999887,0.07326066,0,0.9867882
7315,Pass,0,0.999997,0.0827648,0,0.98482764
7316,Pass,0,0.9998791,0.20096417,0,0.9602292
7317,Pass,0,0.9998178,0.17247374,0,0.96607107
7318,Pass,0,0.99999964,0.06758009,0,0.9879757
7319,Pass,0,0.99875724,0.06304245,0,0.98768705
7320,Pass,0,0.8922303,0.45965728,0,0.8090356
7321,Pass,0,0.87297356,0.74795985,0,0.73943835
7322,Pass,0,0.99982125,0.19969532,0,0.9604364
7323,Pass,0,0.3159361,1.3793873,0,0.22628376
7324,Pass,0,0.9782306,2.3536336,0,0.50321716
7325,Pass,0,0.99867487,0.18205419,0,0.9629848
7326,Pass,0,0.78734916,0.76337606,0,0.6643972
7327,Pass,0,0.9999238,0.13182844,0,0.9745926
7328,Pass,0,0.6879894,0.54669577,0,0.61143434
7329,Pass,0,0.9999126,0.18931459,0,0.96267444
7330,Pass,0,0.8124312,0.7928724,0,0.6805983
7331,Pass,0,0.9999999,0.117813274,0,0.97757006
7332,Pass,0,0.99997103,0.09355195,0,0.9825675
7333,Pass,0,0.9983089,0.26430237,0,0.9456228
7334,Pass,0,0.99274033,0.35506836,0,0.9216823
7335,Pass,0,0.99988663,0.19706611,0,0.96104383
7336,Pass,0,0.98259306,0.26424897,0,0.9307473
7337,Pass,0,0.9994692,0.14969389,0,0.9704507
7338,Pass,0,0.99976116,0.053836692,0,0.9905864
7339,Pass,0,0.9993618,0.33724332,0,0.93152
7340,Pass,0,0.9999809,0.23390387,0,0.9535036
7341,Pass,0,0.9999937,0.09589333,0,0.9821047
7342,Pass,0,0.8905284,1.6185942,0,0.59369797
7343,Pass,0,0.9959312,0.10574317,0,0.9760828
7344,Pass,0,0.9966306,0.3420296,0,0.927986
7345,Pass,0,0.9998766,0.09922894,0,0.98129886
7346,Pass,0,0.9999554,0.13408163,0,0.9741567
7347,Pass,0,0.89677936,0.80190766,0,0.74958086
7348,Pass,0,0.9999945,0.1098192,0,0.9792208
7349,Pass,0,0.9994355,0.4083477,0,0.9168675
7350,Pass,0,0.9583502,0.7198809,0,0.81732965
7351,Pass,0,0.99948287,0.26617488,0,0.9463471
7352,Pass,0,0.3974603,1.2326434,0,0.2967562
7353,Pass,0,0.8120534,0.818255,0,0.676012
7354,Pass,0,0.98965704,0.75244844,0,0.83735305
7355,Pass,0,0.23780064,1.1853567,0,0.17987871
7356,Pass,0,0.9999883,0.11720653,0,0.97768444
7357,Pass,0,0.99774146,0.1039621,0,0.9782251
7358,Pass,0,0.9998276,0.26831684,0,0.94622993
7359,Pass,0,0.99998975,0.07754915,0,0.9859008
7360,Pass,0,0.9998086,0.29652447,0,0.9403698
7361,Pass,0,0.99999404,0.13428304,0,0.9741527
7362,Pass,0,0.87068117,0.82877696,0,0.72292024
7363,Pass,0,0.9888525,0.4612696,0,0.8963182
7364,Pass,0,0.9970341,0.3287939,0,0.93109536
7365,Pass,0,0.46890303,1.2965101,0,0.3438939
7366,Pass,0,0.8914134,0.70901984,0,0.76224816
7367,Pass,0,0.9971836,2.5418258,0,0.47409233
7368,Pass,0,0.9972519,0.46560878,0,0.9030352
7369,Pass,0,0.9806505,0.5574226,0,0.86935085
7370,Pass,0,0.99428433,0.2357967,0,0.94768196
7371,Pass,0,0.9996481,0.2026405,0,0.95966023
7372,Pass,0,0.9999448,0.21847865,0,0.9566643
7373,Pass,0,0.5138636,0.80186063,0,0.4295224
7374,Pass,0,0.99997306,0.13983297,0,0.9729825
7375,Pass,0,0.99908125,0.29019862,0,0.94099486
7376,Pass,0,0.99592435,0.26883066,0,0.9424299
7377,Pass,0,0.979038,0.50078315,0,0.87940836
7378,Pass,0,0.99611783,0.73732775,0,0.8459397
7379,Pass,0,0.99996364,0.0790416,0,0.98556596
7380,Pass,0,0.31529933,1.0790293,0,0.24544552
7381,Pass,0,0.99944025,0.052310556,0,0.9905844
7382,Pass,0,0.9999815,0.03028963,0,0.9956825
7383,Pass,0,0.9891727,0.4201407,0,0.9050361
7384,Pass,0,0.32292342,1.0161983,0,0.25558355
7385,Pass,0,0.99701285,0.48930085,0,0.89792556
7386,Pass,0,0.98598367,0.6955609,0,0.8458642
7387,Pass,0,0.999998,0.10313453,0,0.98060894
7388,Pass,0,0.99997175,0.15599917,0,0.9696325
7389,Pass,0,0.99991655,0.28285554,0,0.94330263
7390,Pass,0,0.9999987,0.059650306,0,0.98961747
7391,Pass,0,0.9552311,1.6471716,0,0.6311791
7392,Pass,0,0.48925918,1.0330328,0,0.38552678
7393,Pass,0,0.9723618,1.5088453,0,0.67036104
7394,Pass,0,0.9737592,0.717682,0,0.8309148
7395,Pass,0,0.99650675,0.36298507,0,0.9235449
7396,Pass,0,0.99874014,0.2725265,0,0.94432986
7397,Pass,0,0.9908929,0.37879717,0,0.9150964
7398,Pass,0,0.84652543,1.0037963,0,0.6721726
7399,Pass,0,0.99998116,0.15968606,0,0.9688779
7400,Pass,0,0.5916731,0.5355245,0,0.5272047
7401,Pass,0,0.9360562,0.41956973,0,0.8565483
7402,Pass,0,0.9999454,0.19273672,0,0.96199715
7403,Pass,0,0.9687284,0.53677887,0,0.8629246
7404,Pass,0,0.9546599,0.72021574,0,0.8141161
7405,Pass,0,0.99864703,0.043729417,0,0.99157345
7406,Pass,0,0.9895085,0.47706437,0,0.8936752
7407,Pass,0,0.4865515,1.3020666,0,0.35627726
7408,Pass,0,0.9998838,0.11538616,0,0.9779593
7409,Pass,0,0.8840664,0.8254858,0,0.7346366
7410,Pass,0,0.99917895,0.15122701,0,0.9698515
7411,Pass,0,0.63336474,1.1444402,0,0.48446226
7412,Pass,0,0.99993813,0.12789485,0,0.97542137
7413,Pass,0,0.3733721,1.1069498,0,0.28849292
7414,Pass,0,0.9998609,0.04686239,0,0.99212974
7415,Pass,0,0.99999344,0.104909375,0,0.9802368
7416,Pass,0,0.9996131,0.05129248,0,0.99096656
7417,Pass,0,0.9999995,0.073579215,0,0.9867329
7418,Pass,0,0.98695964,0.56426704,0,0.8735446
7419,Pass,0,0.83836114,0.7148546,0,0.7158698
7420,Pass,0,0.9991818,0.054686844,0,0.9898364
7421,Pass,0,0.9993912,0.33882552,0,0.9312198
7422,Pass,0,0.9961164,0.3477709,0,0.9263225
7423,Pass,0,0.97489357,0.33029622,0,0.9101157
7424,Pass,0,0.9999794,0.031160843,0,0.9954999
7425,Pass,0,0.9933188,0.43189052,0,0.9064118
7426,Pass,0,0.99999976,0.07105204,0,0.98725665
7427,Pass,0,0.9999747,0.083249815,0,0.98470515
7428,Pass,0,0.9998253,0.23675735,0,0.9527642
7429,Pass,0,0.99450845,0.3301952,0,0.9284481
7430,Pass,0,0.99978966,0.38832733,0,0.92133886
7431,Pass,0,0.9901933,0.96254367,0,0.794712
7432,Pass,0,0.9999914,0.14878659,0,0.97114563
7433,Pass,0,0.3017175,1.0469506,0,0.23687768
7434,Pass,0,0.99995327,0.13179208,0,0.9746289
7435,Pass,0,0.99948573,0.21104066,0,0.95776516
7436,Pass,0,0.9995432,0.33848995,0,0.9314309
7437,Pass,0,0.99993944,0.082322076,0,0.98486257
7438,Pass,0,0.9999713,0.1371954,0,0.9735272
7439,Pass,0,0.8732405,0.89060277,0,0.7138613
7440,Pass,0,0.9962469,0.27380988,0,0.9417075
7441,Pass,0,0.9999931,0.08741842,0,0.9838597
7442,Pass,0,0.97994703,0.73726165,0,0.83222026
7443,Pass,0,0.9999956,0.12928903,0,0.9751887
7444,Pass,0,0.9999982,0.0739328,0,0.98665833
7445,Pass,0,0.99809164,0.047167107,0,0.9903112
7446,Pass,0,0.96211845,0.6107306,0,0.84229755
7447,Pass,0,0.9990928,0.25757977,0,0.9477567
7448,Pass,0,0.5506333,0.62740594,0,0.48015615
7449,Pass,0,0.99999976,0.08571955,0,0.98421824
7450,Pass,0,0.9998617,0.25620487,0,0.9487709
7451,Pass,0,0.96076065,0.43086535,0,0.8769063
7452,Pass,0,0.99999964,0.074998245,0,0.98643905
7453,Pass,0,0.9999639,0.015683962,0,0.9986904
7454,Pass,0,0.9997465,0.5040018,0,0.897343
7455,Pass,0,0.9998436,0.46062997,0,0.90641326
7456,Pass,0,0.9999634,0.12745607,0,0.97553694
7457,Pass,0,0.99797815,0.5819986,0,0.8796312
7458,Pass,0,0.9999287,0.18639718,0,0.9632942
7459,Pass,0,0.9998635,0.11413087,0,0.9781995
7460,Pass,0,0.99999535,0.11232672,0,0.9787022
7461,Pass,0,0.9158413,0.70395344,0,0.7840977
7462,Pass,0,0.61550194,0.71238774,0,0.52588665
7463,Pass,0,0.99981743,0.22281459,0,0.9556444
7464,Pass,0,0.99902034,0.3208464,0,0.934595
7465,Pass,0,0.9549396,0.55252886,0,0.84752613
7466,Pass,0,0.99998033,0.08316233,0,0.9847288
7467,Pass,0,0.7472902,0.73038566,0,0.6357008
7468,Pass,0,0.87778676,2.1450047,0,0.48948333
7469,Pass,0,0.99999356,0.115738235,0,0.9779937
7470,Pass,0,0.9969875,0.3465793,0,0.9273787
7471,Pass,0,0.9996829,0.13669918,0,0.97334915
7472,Pass,0,0.9529252,2.334699,0,0.49393737
7473,Pass,0,0.9999989,0.055378,0,0.9905027
7474,Pass,0,0.9999943,0.110142075,0,0.9791537
7475,Pass,0,0.99837565,0.16157936,0,0.96693075
7476,Pass,0,0.3697893,0.7167935,0,0.31561157
7477,Pass,0,0.983634,0.47692597,0,0.8883979
7478,Pass,0,0.9999207,0.23659149,0,0.9528895
7479,Pass,0,0.99980026,0.18323958,0,0.96382445
7480,Pass,0,0.99998415,0.108020276,0,0.97958326
7481,Pass,0,0.973473,0.38610944,0,0.89753443
7482,Pass,0,0.7396174,0.5941664,0,0.6500444
7483,Pass,0,0.99999976,0.096847415,0,0.9819131
7484,Pass,0,0.95266676,1.1719455,0,0.72326905
7485,Pass,0,0.9999629,0.3153437,0,0.9366166
7486,Pass,0,0.9999976,0.123205416,0,0.97645086
7487,Pass,0,0.999997,0.14650546,0,0.9716236
7488,Pass,0,0.59378284,1.1432414,0,0.4543334
7489,Pass,0,0.9883521,0.64154845,0,0.85895455
7490,Pass,0,0.9958221,0.350689,0,0.92544687
7491,Pass,0,0.99999595,0.110158704,0,0.97915184
7492,Pass,0,0.9999492,0.12536101,0,0.97595704
7493,Pass,0,0.97502965,0.8472814,0,0.8058225
7494,Pass,0,0.9791531,0.65106887,0,0.84902877
7495,Pass,0,0.9250382,0.82515883,0,0.7687458
7496,Pass,0,0.99993134,0.33772376,0,0.9319513
7497,Pass,0,0.9978727,0.26984206,0,0.94406456
7498,Pass,0,0.9936605,0.7234561,0,0.8467082
7499,Pass,0,0.9659864,0.6078575,0,0.8462587
7500,Pass,0,0.9949032,0.21645524,0,0.952258
7501,Pass,0,0.99991024,0.19988766,0,0.96048206
7502,Pass,0,0.97986984,0.79680467,0,0.82006854
7503,Pass,0,0.99989736,0.33886892,0,0.9316824
7504,Pass,0,0.9778334,0.2677932,0,0.92552084
7505,Pass,0,0.9850236,0.6582555,0,0.8526527
7506,Pass,0,0.40138355,0.88668734,0,0.32845074
7507,Pass,0,0.997866,0.3177253,0,0.93416023
7508,Pass,0,0.62566674,3.2369428,0,0.2073688
7509,Pass,0,0.9602197,0.59684014,0,0.8433983
7510,Pass,0,0.9986419,0.5275439,0,0.89148134
7511,Pass,0,0.99992335,0.3170729,0,0.9362214
7512,Pass,0,0.9980819,0.34534165,0,0.9286526
7513,Pass,0,0.9999894,0.100838386,0,0.9810761
7514,Pass,0,0.9881236,0.3709118,0,0.914153
7515,Pass,0,0.9985989,0.26267296,0,0.9462346
7516,Pass,0,0.99936944,0.20068367,0,0.95979786
7517,Pass,0,0.9835249,0.6408065,0,0.85491043
7518,Pass,0,0.28150773,2.0255175,0,0.16394603
7519,Pass,0,0.97786945,0.5042025,0,0.87766606
7520,Pass,0,0.96619064,0.22007649,0,0.92405134
7521,Pass,0,0.9999981,0.0570515,0,0.9901552
7522,Pass,0,0.9733802,0.594248,0,0.8554803
7523,Pass,0,0.89996994,0.93630195,0,0.7271925
7524,Pass,0,0.9720435,0.90362114,0,0.79200995
7525,Pass,0,0.8634448,1.0381433,0,0.67946374
7526,Pass,0,0.9766673,0.62452435,0,0.8522438
7527,Pass,0,0.9999995,0.2387199,0,0.95252365
7528,Pass,0,0.99681795,0.4035774,0,0.9154513
7529,Pass,0,0.9976816,0.22109067,0,0.9539593
7530,Pass,0,0.9952468,0.3321029,0,0.92874414
7531,Pass,0,0.98717904,0.36591655,0,0.9143007
7532,Pass,0,0.99977607,0.17538813,0,0.96542716
7533,Pass,0,0.5062441,1.0702474,0,0.39500794
7534,Pass,0,0.99966145,0.18399902,0,0.96353334
7535,Pass,0,0.9995666,0.114547074,0,0.97782284
7536,Pass,0,0.79832476,0.33827233,0,0.7439602
7537,Pass,0,0.9990446,0.559835,0,0.885158
7538,Pass,0,0.22212374,1.2633541,0,0.16443136
7539,Pass,0,0.9999409,0.17822233,0,0.96499926
7540,Pass,0,0.999987,0.12612578,0,0.9758355
7541,Pass,0,0.9909142,0.63199425,0,0.8631424
7542,Pass,0,0.9999484,0.12528428,0,0.9759722
7543,Pass,0,0.99571663,0.50118107,0,0.8943077
7544,Pass,0,0.87855494,1.158775,0,0.6694
7545,Pass,0,0.99998593,0.07058112,0,0.9873405
7546,Pass,0,0.83759326,1.132175,0,0.6428052
7547,Pass,0,0.9882841,0.6748701,0,0.85207367
7548,Pass,0,0.9991392,0.3216277,0,0.9345445
7549,Pass,0,0.999982,0.029625393,0,0.9958205
7550,Pass,0,0.9460057,0.63162863,0,0.8240962
7551,Pass,0,0.9168102,0.38693908,0,0.84513426
7552,Pass,0,0.9910488,0.8153428,0,0.8256186
7553,Pass,0,0.99996316,0.015842559,0,0.9986568
7554,Pass,0,0.9986082,0.43512344,0,0.91056967
7555,Pass,0,0.9891589,0.5168014,0,0.88521713
7556,Pass,0,0.9785734,0.5360233,0,0.8718474
7557,Pass,0,0.9999685,0.11005573,0,0.97914636
7558,Pass,0,0.99999,0.07452258,0,0.98652804
7559,Pass,0,0.91866606,0.558084,0,0.8142755
7560,Pass,0,0.99999475,0.0713269,0,0.9871947
7561,Pass,0,0.9998332,0.29919872,0,0.93983907
7562,Pass,0,0.97717696,0.7119206,0,0.8349974
7563,Pass,0,0.6947805,0.73031795,0,0.5910419
7564,Pass,0,0.5782774,0.48637697,0,0.521156
7565,Pass,0,0.9994147,0.172529,0,0.96567017
7566,Pass,0,0.9999863,0.13000947,0,0.97503036
7567,Pass,0,0.99549556,0.56466955,0,0.8810166
7568,Pass,0,0.9996289,0.3403327,0,0.9311292
7569,Pass,0,0.9997607,0.30030742,0,0.9395413
7570,Pass,0,0.9996946,0.17526647,0,0.9653737
7571,Pass,0,0.9996507,0.0440456,0,0.99250454
7572,Pass,0,0.9999757,0.055950925,0,0.990361
7573,Pass,0,0.99998,0.061185256,0,0.989281
7574,Pass,0,0.42197654,1.3690772,0,0.30313462
7575,Pass,0,0.9999168,0.068394236,0,0.98772526
7576,Pass,0,0.96498,0.67411566,0,0.8321323
7577,Pass,0,0.9995782,0.24491616,0,0.95083934
7578,Pass,0,0.99999774,0.035061788,0,0.99471
7579,Pass,0,0.66919047,0.7274666,0,0.569668
7580,Pass,0,0.9999932,0.2733595,0,0.94534206
7581,Pass,0,0.9571996,0.69138634,0,0.8219984
7582,Pass,0,0.9999958,0.07868469,0,0.98567164
7583,Pass,0,0.9989441,0.3850671,0,0.92123425
7584,Pass,0,0.7264717,0.97495186,0,0.5811863
7585,Pass,0,0.9999969,0.10050734,0,0.9811521
7586,Pass,0,0.99998796,0.11474611,0,0.97819376
7587,Pass,0,0.9999299,0.21768692,0,0.9568141
7588,Pass,0,0.99999213,0.13468227,0,0.97406805
7589,Pass,0,0.6174432,1.356113,0,0.4452099
7590,Pass,0,0.99990404,0.23724492,0,0.9527382
7591,Pass,0,0.99999964,0.088882856,0,0.9835628
7592,Pass,0,0.99997675,0.15763143,0,0.96929926
7593,Pass,0,0.99999404,0.10299932,0,0.9806331
7594,Pass,0,0.9999486,0.03245801,0,0.9952006
7595,Pass,0,0.99986863,0.2116134,0,0.9580134
7596,Pass,0,0.9999999,0.06518473,0,0.98847216
7597,Pass,0,0.9970161,0.4244649,0,0.91131926
7598,Pass,0,0.96987,0.5861458,0,0.8540231
7599,Pass,0,0.99990964,0.039904512,0,0.9936194
7600,Pass,0,0.9999888,0.29129538,0,0.9416225
7601,Pass,0,0.4551768,0.56523013,0,0.40278
7602,Pass,0,0.5094031,1.9447905,0,0.30518764
7603,Pass,0,0.72975093,1.5408156,0,0.49826849
7604,Pass,0,0.86739004,0.9860207,0,0.6919338
7605,Pass,0,0.25949806,1.3674425,0,0.1865031
7606,Pass,0,0.9589532,0.53489804,0,0.8545906
7607,Pass,0,0.9999807,0.1900102,0,0.9625958
7608,Pass,0,0.8675595,0.63796645,0,0.75462013
7609,Pass,0,0.99550277,0.19832942,0,0.9565698
7610,Pass,0,0.9999995,0.09885371,0,0.9814972
7611,Pass,0,0.44811448,1.2736475,0,0.33076984
7612,Pass,0,0.9998958,0.10081301,0,0.9809896
7613,Pass,0,0.6454211,1.0117723,0,0.5114219
7614,Pass,0,0.9993672,0.09246827,0,0.9821985
7615,Pass,0,0.9989379,0.096631415,0,0.98091507
7616,Pass,0,1.0,0.03857082,0,0.9939854
7617,Pass,0,0.99999416,0.10758595,0,0.97968304
7618,Pass,0,0.9981193,0.3635389,0,0.92492485
7619,Pass,0,0.9998845,0.11776251,0,0.9774677
7620,Pass,0,0.99986804,0.19548683,0,0.96135306
7621,Pass,0,0.7954298,0.7669158,0,0.6706327
7622,Pass,0,0.9999999,0.06888823,0,0.987705
7623,Pass,0,0.9992151,0.32033998,0,0.93488204
7624,Pass,0,0.93866587,0.71086407,0,0.80229515
7625,Pass,0,1.0,0.06476136,0,0.98855996
7626,Pass,0,0.99997306,0.14763612,0,0.97136617
7627,Pass,0,0.9989655,0.12767513,0,0.9745181
7628,Pass,0,0.99995685,0.14648932,0,0.97158796
7629,Pass,0,0.9999877,0.08771672,0,0.98379266
7630,Pass,0,0.99997187,0.099034674,0,0.9814326
7631,Pass,0,0.9999964,0.11910256,0,0.9772996
7632,Pass,0,0.9996847,0.1640567,0,0.9676855
7633,Pass,0,0.99992573,0.1901305,0,0.96251804
7634,Pass,0,0.73271674,0.82972693,0,0.60822517
7635,Pass,0,0.9989004,0.3720651,0,0.9238844
7636,Pass,0,0.998423,0.10410267,0,0.9788642
7637,Pass,0,0.9947695,0.34263644,0,0.92612803
7638,Pass,0,0.99846786,0.58612424,0,0.8792095
7639,Pass,0,0.9997502,0.2991081,0,0.93977976
7640,Pass,0,0.9999325,0.11729556,0,0.9776114
7641,Pass,0,0.999982,0.23618759,0,0.95303154
7642,Pass,0,0.99989367,0.08709672,0,0.98382854
7643,Pass,0,0.99999917,0.05048629,0,0.99151623
7644,Pass,0,0.9999989,0.09078234,0,0.9831686
7645,Pass,0,0.75825304,1.805335,0,0.4761805
7646,Pass,0,0.9999819,0.1378529,0,0.9734013
7647,Pass,0,0.9991528,0.29679677,0,0.9396966
7648,Pass,0,0.6728033,0.7862833,0,0.5645461
7649,Pass,0,0.99990726,0.05026674,0,0.9914706
7650,Pass,0,0.99999774,0.025235957,0,0.99674547
7651,Pass,0,0.9259441,0.4545685,0,0.84058195
7652,Pass,0,0.9826968,0.53009784,0,0.87672734
7653,Pass,0,0.8858619,0.8749445,0,0.72705257
7654,Pass,0,0.7973108,0.8453835,0,0.65925854
7655,Pass,0,0.95919275,0.4990196,0,0.86193305
7656,Pass,0,0.9781448,0.60188013,0,0.85812134
7657,Pass,0,0.9995654,0.0933993,0,0.98220056
7658,Pass,0,0.49183702,1.0390558,0,0.38694444
7659,Pass,0,0.99943286,0.21692826,0,0.9564956
7660,Pass,0,0.997124,0.30342337,0,0.9364198
7661,Pass,0,0.9997596,0.25353426,0,0.9492271
7662,Pass,0,0.9970414,0.35460365,0,0.9257715
7663,Pass,0,0.9999763,0.12955534,0,0.97511464
7664,Pass,0,0.88936543,0.83605117,0,0.73709345
7665,Pass,0,0.999752,0.15201783,0,0.97024393
7666,Pass,0,0.9999236,0.022356384,0,0.997268
7667,Pass,0,0.96372086,0.3046005,0,0.9048152
7668,Pass,0,0.99570036,0.56246245,0,0.8816531
7669,Pass,0,0.99996793,0.20892361,0,0.9586657
7670,Pass,0,0.9994431,0.62458557,0,0.87210536
7671,Pass,0,0.9993611,0.14603572,0,0.971103
7672,Pass,0,0.99905163,0.21420084,0,0.9566952
7673,Pass,0,0.99966836,0.2898689,0,0.9416161
7674,Pass,0,0.99995446,0.29666314,0,0.9404782
7675,Pass,0,0.9999925,0.1564118,0,0.9695671
7676,Pass,0,0.99996996,0.14252096,0,0.9724227
7677,Pass,0,0.97967166,0.43359327,0,0.89361316
7678,Pass,0,0.9997445,0.1509889,0,0.97044975
7679,Pass,0,0.9987226,0.25991625,0,0.9469222
7680,Pass,0,0.83954495,0.6177115,0,0.73377514
7681,Pass,0,0.99999845,0.069699414,0,0.98753554
7682,Pass,0,0.87655276,3.4316597,0,0.25516495
7683,Pass,0,0.9666685,0.41816637,0,0.8848414
7684,Pass,0,0.9999645,0.018650843,0,0.9980764
7685,Pass,0,0.50575197,1.3007284,0,0.370477
7686,Pass,0,0.9999914,0.084067516,0,0.9845522
7687,Pass,0,0.99958354,0.17470291,0,0.9653832
7688,Pass,0,0.9939957,0.4811509,0,0.8968864
7689,Pass,0,0.27295122,1.3319391,0,0.19817942
7690,Pass,0,0.95331365,1.7455401,0,0.61048627
7691,Pass,0,0.9999925,0.1563056,0,0.9695892
7692,Pass,0,0.9999968,0.14879024,0,0.97115016
7693,Pass,0,0.99835,0.26195624,0,0.94614697
7694,Pass,0,0.99999964,0.05677543,0,0.99021393
7695,Pass,0,0.970318,0.40325832,0,0.89117855
7696,Pass,0,0.9968086,0.46691668,0,0.9023637
7697,Pass,0,0.99999976,0.028008968,0,0.9961731
7698,Pass,0,0.9980065,0.24518742,0,0.94928825
7699,Pass,0,0.9922845,0.5698504,0,0.8771099
7700,Pass,0,0.970768,0.5294375,0,0.8662177
7701,Pass,0,0.99955803,0.19603328,0,0.96094185
7702,Pass,0,0.95849955,0.46140882,0,0.868778
7703,Pass,0,0.9991831,0.38836455,0,0.9207722
7704,Pass,0,0.99990594,0.21137686,0,0.9580982
7705,Pass,0,0.99787676,0.58149076,0,0.87964684
7706,Pass,0,0.99411535,0.2455202,0,0.94551843
7707,Pass,0,0.827969,2.8029985,0,0.34884724
7708,Pass,0,0.8186289,3.231022,0,0.27232754
7709,Pass,0,0.9499905,0.65908456,0,0.82216436
7710,Pass,0,0.9941658,0.4149541,0,0.9106726
7711,Pass,0,0.69377136,1.3984663,0,0.4941598
7712,Pass,0,0.9911143,0.4342748,0,0.9039107
7713,Pass,0,0.9992895,0.47846502,0,0.902219
7714,Pass,0,0.9986784,0.38973257,0,0.92002404
7715,Pass,0,0.9808358,0.4048844,0,0.90050817
7716,Pass,0,0.96668595,0.7156509,0,0.82528585
7717,Pass,0,0.87680614,0.65122145,0,0.7602555
7718,Pass,0,0.99993885,0.098115675,0,0.98159057
7719,Pass,0,0.97343147,0.40996188,0,0.8926863
7720,Pass,0,0.795101,0.8125935,0,0.662832
7721,Pass,0,0.8651791,0.822494,0,0.71947795
7722,Pass,0,0.90817535,0.84015083,0,0.7519116
7723,Pass,0,0.99653614,0.561038,0,0.88268715
7724,Pass,0,0.9944887,0.25375095,0,0.944178
7725,Pass,0,0.99988604,0.16888456,0,0.96688044
7726,Pass,0,0.99998367,0.23898734,0,0.9524532
7727,Pass,0,0.9998274,0.20660375,0,0.9590115
7728,Pass,0,0.99990845,0.22037466,0,0.95623684
7729,Pass,0,0.9999989,0.12966882,0,0.9751132
7730,Pass,0,0.99995327,0.35857463,0,0.92765266
7731,Pass,0,0.9999155,0.22540674,0,0.9552012
7732,Pass,0,0.98081446,2.0838664,0,0.559357
7733,Pass,0,0.9976496,0.25993922,0,0.9459
7734,Pass,0,0.99936503,0.56655115,0,0.88405156
7735,Pass,0,0.9999956,0.079004675,0,0.9856051
7736,Pass,0,0.9997552,0.19501051,0,0.9613432
7737,Pass,0,0.99928564,0.3908902,0,0.9203439
7738,Pass,0,0.9981592,0.103701875,0,0.9786885
7739,Pass,0,0.9972288,0.39895064,0,0.91678435
7740,Pass,0,0.9970981,0.53123343,0,0.8893411
7741,Pass,0,0.962259,1.2177784,0,0.7214155
7742,Pass,0,0.9998073,0.15923192,0,0.96880347
7743,Pass,0,0.23054169,1.249658,0,0.171317
7744,Pass,0,0.9976051,0.767263,0,0.8410165
7745,Pass,0,0.99984777,0.08748951,0,0.983702
7746,Pass,0,0.99993134,0.1384624,0,0.97322583
7747,Pass,0,0.9389627,0.96403736,0,0.75330466
7748,Pass,0,0.99999726,0.105065115,0,0.9802083
7749,Pass,0,0.9999225,0.027309295,0,0.9962411
7750,Pass,0,0.9999465,0.027356168,0,0.9962552
7751,Pass,0,0.9988556,0.41789848,0,0.91435933
7752,Pass,0,0.99929225,0.19981597,0,0.9599033
7753,Pass,0,0.9997204,0.16525418,0,0.9674721
7754,Pass,0,0.99982387,0.13736294,0,0.9733489
7755,Pass,0,0.9999932,0.06593038,0,0.9883111
7756,Pass,0,0.50891674,1.1214412,0,0.39169627
7757,Pass,0,0.9993642,0.24459164,0,0.9507029
7758,Pass,0,0.4863516,0.9586991,0,0.3907247
7759,Pass,0,1.0,0.038648136,0,0.9939694
7760,Pass,0,0.995928,0.30791536,0,0.93436986
7761,Pass,0,0.9999826,0.10716038,0,0.9797599
7762,Pass,0,0.9999088,0.10011486,0,0.981147
7763,Pass,0,0.7743343,0.5117811,0,0.69377184
7764,Pass,0,0.9999504,0.24911402,0,0.9503238
7765,Pass,0,0.3693071,0.85561174,0,0.30458003
7766,Pass,0,0.9426189,0.35583723,0,0.87499833
7767,Pass,0,0.9999987,0.15502815,0,0.9698598
7768,Pass,0,0.74002415,0.77266103,0,0.62303907
7769,Pass,0,0.9999212,0.22826424,0,0.9546148
7770,Pass,0,0.9998907,0.16314746,0,0.96807325
7771,Pass,0,0.9956631,0.15465505,0,0.9657318
7772,Pass,0,0.9564423,0.7209191,0,0.81549674
7773,Pass,0,0.9874538,0.4321159,0,0.90101385
7774,Pass,0,0.9999528,0.2544798,0,0.94921464
7775,Pass,0,0.999067,0.28341734,0,0.9423849
7776,Pass,0,0.9748027,0.5416736,0,0.86734694
7777,Pass,0,0.99998164,0.1001899,0,0.9812029
7778,Pass,0,0.9970751,0.86284864,0,0.82082677
7779,Pass,0,0.9997029,0.21958996,0,0.95620275
7780,Pass,0,0.9991097,0.19076338,0,0.96160156
7781,Pass,0,0.7716184,0.9468149,0,0.6218017
7782,Pass,0,0.9997814,0.34330383,0,0.93065596
7783,Pass,0,0.9893031,0.45797074,0,0.8974027
7784,Pass,0,0.985159,0.79372644,0,0.82512337
7785,Pass,0,0.9986947,0.25311014,0,0.94830376
7786,Pass,0,0.9999287,0.1854296,0,0.96349466
7787,Pass,0,0.99688727,0.33586892,0,0.9294972
7788,Pass,0,0.99997246,0.14287056,0,0.97235274
7789,Pass,0,0.9997814,0.31335378,0,0.9368588
7790,Pass,0,0.8962208,0.6834993,0,0.7710969
7791,Pass,0,0.99983895,0.20178448,0,0.9600208
7792,Pass,0,0.91791713,1.3003896,0,0.67246354
7793,Pass,0,0.37894124,0.73138493,0,0.32227725
7794,Pass,0,0.9993932,0.2291405,0,0.95392936
7795,Pass,0,0.99931514,0.4421148,0,0.90976703
7796,Pass,0,0.8476369,0.6962578,0,0.72705567
7797,Pass,0,0.9999093,0.18132435,0,0.96432626
7798,Pass,0,0.9996891,0.34638143,0,0.92993265
7799,Pass,0,0.99999726,0.15898885,0,0.9690379
7800,Pass,0,0.9813074,0.2049235,0,0.94158906
7801,Pass,0,0.81499326,0.43463373,0,0.74322516
7802,Pass,0,0.85633254,0.17110573,0,0.8276716
7803,Pass,0,0.9999101,0.054523602,0,0.9905917
7804,Pass,0,0.9949149,0.69084495,0,0.85449815
7805,Pass,0,0.98867804,0.29273584,0,0.9306769
7806,Pass,0,0.9999709,0.12620929,0,0.97580254
7807,Pass,0,0.9992436,0.32118687,0,0.9347334
7808,Pass,0,0.9999498,0.3671472,0,0.9258737
7809,Pass,0,0.9996151,0.11480466,0,0.9778169
7810,Pass,0,0.996783,0.5647073,0,0.8821482
7811,Pass,0,0.99996555,0.14424168,0,0.972062
7812,Pass,0,0.9974394,0.40388975,0,0.91595745
7813,Pass,0,0.99719137,0.41742757,0,0.91293323
7814,Pass,0,0.2239084,0.6366582,0,0.19482057
7815,Pass,0,0.99222165,0.47825807,0,0.8958802
7816,Pass,0,0.5464765,1.0531242,0,0.4283385
7817,Pass,0,0.9999987,0.08629612,0,0.9840977
7818,Pass,0,0.69497347,0.60774374,0,0.60885245
7819,Pass,0,0.999984,0.12940468,0,0.97515345
7820,Pass,0,0.9999993,0.0792349,0,0.9855611
7821,Pass,0,0.99963117,0.121590644,0,0.97642744
7822,Pass,0,0.9999387,0.28755727,0,0.9423496
7823,Pass,0,0.9997565,0.16369686,0,0.9678296
7824,Pass,0,0.98782545,0.36744252,0,0.9145871
7825,Pass,0,0.51375306,0.62626684,0,0.44811752
7826,Pass,0,0.9061521,0.90221035,0,0.7385872
7827,Pass,0,0.9913051,0.6476836,0,0.8602611
7828,Pass,0,0.99833715,0.31675157,0,0.93480265
7829,Pass,0,0.99999,0.07517171,0,0.9863936
7830,Pass,0,0.9999963,0.057792637,0,0.98999995
7831,Pass,0,0.99947673,0.04542345,0,0.9920465
7832,Pass,0,0.9789418,1.1577703,0,0.7460918
7833,Pass,0,0.9999603,0.19654144,0,0.96122336
7834,Pass,0,0.99966526,0.23422864,0,0.9531353
7835,Pass,0,0.9920459,0.38337284,0,0.91522086
7836,Pass,0,0.99567705,0.7694152,0,0.8389472
7837,Pass,0,0.9989876,0.31009495,0,0.93678933
7838,Pass,0,0.99999976,0.029942598,0,0.99577254
7839,Pass,0,0.44202384,1.7035133,0,0.28691298
7840,Pass,0,0.33155817,1.4373347,0,0.23349279
7841,Pass,0,0.9999938,0.11492147,0,0.9781631
7842,Pass,0,0.48466712,0.7379134,0,0.41153824
7843,Pass,0,0.9396055,1.0271887,0,0.74152845
7844,Pass,0,0.9999919,0.06608059,0,0.98827875
7845,Pass,0,0.9998882,0.17672507,0,0.96525854
7846,Pass,0,0.9953673,0.4729985,0,0.89980495
7847,Pass,0,0.99969995,0.81361157,0,0.8331841
7848,Pass,0,0.9999471,0.123917244,0,0.97625405
7849,Pass,0,0.8400011,0.9260822,0,0.68051493
7850,Pass,0,0.999967,0.17952795,0,0.96475405
7851,Pass,0,0.98293686,0.5730676,0,0.8681921
7852,Pass,0,0.9998702,0.15718667,0,0.96928805
7853,Pass,0,0.9995881,0.28091332,0,0.94339496
7854,Pass,0,0.9983925,0.6287161,0,0.8703344
7855,Pass,0,0.5982757,0.7463057,0,0.5069649
7856,Pass,0,0.99981016,0.04476859,0,0.99251306
7857,Pass,0,0.99937856,0.225323,0,0.95470566
7858,Pass,0,0.67902267,1.1578554,0,0.5174991
7859,Pass,0,0.9952632,0.611193,0,0.8712192
7860,Pass,0,0.97989446,0.7805349,0,0.82339174
7861,Pass,0,0.99857867,0.45926452,0,0.905549
7862,Pass,0,0.99999917,0.087518916,0,0.9838449
7863,Pass,0,0.9941328,0.6563376,0,0.86093277
7864,Pass,0,0.99999785,0.1364816,0,0.97370094
7865,Pass,0,0.99803525,0.4251385,0,0.9121116
7866,Pass,0,0.9982153,0.29003894,0,0.9402123
7867,Pass,0,0.9311172,0.6968356,0,0.798549
7868,Pass,0,0.99994373,0.16188866,0,0.9683854
7869,Pass,0,0.99996436,0.16029261,0,0.968736
7870,Pass,0,0.999897,0.38900366,0,0.92129767
7871,Pass,0,0.76498944,0.7683875,0,0.644735
7872,Pass,0,0.9999502,0.31601566,0,0.9364655
7873,Pass,0,0.99994814,0.16812982,0,0.96709687
7874,Pass,0,0.99999404,0.031750638,0,0.99539226
7875,Pass,0,0.9993511,0.7390714,0,0.8483245
7876,Pass,0,0.9807012,0.6208926,0,0.85650164
7877,Pass,0,0.95682466,0.455303,0,0.8684701
7878,Pass,0,0.9999993,0.11740417,0,0.9776542
7879,Pass,0,0.99999726,0.066931166,0,0.9881078
7880,Pass,0,0.9998104,0.14115052,0,0.9725514
7881,Pass,0,0.33845,1.4740965,0,0.23576884
7882,Pass,0,0.9999957,0.12377266,0,0.97633153
7883,Pass,0,0.9975286,0.29154572,0,0.93925416
7884,Pass,0,0.9915489,0.4003437,0,0.9112766
7885,Pass,0,0.9999902,0.15362656,0,0.9701419
7886,Pass,0,0.8287524,0.77421886,0,0.69747347
7887,Pass,0,0.9999895,0.06700243,0,0.9880854
7888,Pass,0,1.0,0.03128431,0,0.99549484
7889,Pass,0,0.96852255,0.48000696,0,0.8741313
7890,Pass,0,0.99999976,0.11285267,0,0.9785975
7891,Pass,0,0.97578126,0.57602704,0,0.86127365
7892,Pass,0,0.9999975,0.15112114,0,0.97066796
7893,Pass,0,0.99979025,0.1596364,0,0.9687032
7894,Pass,0,0.9935116,0.38048267,0,0.9171679
7895,Pass,0,0.99999845,0.16480625,0,0.967834
7896,Pass,0,0.7042598,1.0565344,0,0.5515145
7897,Pass,0,0.99999833,0.070138164,0,0.9874445
7898,Pass,0,1.0,0.05293965,0,0.9910089
7899,Pass,0,0.85788447,0.88444096,0,0.702403
7900,Pass,0,0.3291355,0.83586824,0,0.2727953
7901,Pass,0,0.8842393,0.7164922,0,0.7547448
7902,Pass,0,0.87422657,0.6983985,0,0.7494752
7903,Pass,0,0.9999969,0.1261482,0,0.97584057
7904,Pass,0,0.9998342,0.14998233,0,0.9707453
7905,Pass,0,0.72961956,2.5903196,0,0.33955455
7906,Pass,0,0.9346875,0.48424196,0,0.84277385
7907,Pass,0,0.67518395,0.5817569,0,0.59514993
7908,Pass,0,0.9969324,0.4826291,0,0.8992309
7909,Pass,0,0.9999453,0.1390947,0,0.9731085
7910,Pass,0,0.9999608,0.14189635,0,0.9725432
7911,Pass,0,0.99780995,0.22235882,0,0.9538199
7912,Pass,0,0.99992204,0.042018715,0,0.99319375
7913,Pass,0,0.97756016,0.34587568,0,0.90945023
7914,Pass,0,0.6907775,0.6767677,0,0.5952994
7915,Pass,0,0.8241894,0.7595306,0,0.69614106
7916,Pass,0,0.973828,0.28902313,0,0.91744703
7917,Pass,0,0.34990618,1.0320978,0,0.2757871
7918,Pass,0,0.99999857,0.06146724,0,0.98924094
7919,Pass,0,0.99995303,0.1633693,0,0.9680877
7920,Pass,0,0.9998472,0.4186346,0,0.9151146
7921,Pass,0,0.91941196,0.80668664,0,0.7675883
7922,Pass,0,0.9954886,0.6547825,0,0.8624276
7923,Pass,0,0.98019665,0.7071209,0,0.8385523
7924,Pass,0,0.9999732,0.1403601,0,0.97287345
7925,Pass,0,0.99905866,0.3859744,0,0.9211522
7926,Pass,0,0.9925113,0.67312,0,0.856078
7927,Pass,0,0.99999905,0.06706833,0,0.98808116
7928,Pass,0,0.88528234,0.9305967,0,0.71637094
7929,Pass,0,0.99772745,0.039603114,0,0.99151313
7930,Pass,0,0.99901676,0.3010572,0,0.93868697
7931,Pass,0,0.9995396,0.23664615,0,0.95251495
7932,Pass,0,0.9871538,0.62446034,0,0.86140746
7933,Pass,0,0.9997869,0.06997754,0,0.98726904
7934,Pass,0,0.8763462,0.85052544,0,0.72367567
7935,Pass,0,0.99996185,0.02313863,0,0.99714416
7936,Pass,0,0.99999905,0.07350473,0,0.9867478
7937,Pass,0,0.9997017,0.34841552,0,0.9295231
7938,Pass,0,0.9999883,0.10348153,0,0.9805276
7939,Pass,0,0.9999987,0.12028546,0,0.9770568
7940,Pass,0,0.35362068,1.1270127,0,0.27176195
7941,Pass,0,0.99771285,0.6363611,0,0.86816186
7942,Pass,0,0.9999685,0.21070491,0,0.9582973
7943,Pass,0,0.99988186,0.26440006,0,0.9470926
7944,Pass,0,0.99998,0.13888143,0,0.9731864
7945,Pass,0,0.9992648,0.22242734,0,0.9551964
7946,Pass,0,0.99961036,0.31416702,0,0.9365301
7947,Pass,0,0.9124411,0.23732907,0,0.86938506
7948,Pass,0,0.99909806,0.5555429,0,0.88609374
7949,Pass,0,0.6841579,0.44731104,0,0.6221144
7950,Pass,0,0.9999701,0.013515206,0,0.9991458
7951,Pass,0,0.99986875,0.04662385,0,0.99218696
7952,Pass,0,0.88205826,0.7574659,0,0.74539644
7953,Pass,0,0.8635064,1.2838551,0,0.63556
7954,Pass,0,0.99999964,0.08577076,0,0.9842075
7955,Pass,0,0.4711104,0.567344,0,0.41667312
7956,Pass,0,0.99986875,0.16582566,0,0.9674973
7957,Pass,0,0.99994516,0.11838519,0,0.9773981
7958,Pass,0,0.99974316,0.15982312,0,0.9686189
7959,Pass,0,0.99892896,0.35350156,0,0.92775214
7960,Pass,0,0.99987805,0.20847575,0,0.95867234
7961,Pass,0,0.99688065,0.15959679,0,0.96589226
7962,Pass,0,0.97870755,0.63140935,0,0.8526283
7963,Pass,0,0.80679196,0.44978058,0,0.73321456
7964,Pass,0,0.99994814,0.169891,0,0.966732
7965,Pass,0,0.9999802,0.11632419,0,0.97785926
7966,Pass,0,0.9444233,0.42308837,0,0.86351633
7967,Pass,0,0.9716233,0.13372071,0,0.9466282
7968,Pass,0,0.9993567,0.19781816,0,0.96037877
7969,Pass,0,0.99999726,0.09506629,0,0.9822796
7970,Pass,0,0.6375914,0.39790842,0,0.58629584
7971,Pass,0,0.5628348,0.67032737,0,0.48579162
7972,Pass,0,0.9451906,0.39686412,0,0.8693526
7973,Pass,0,0.9872951,0.37553203,0,0.9124416
7974,Pass,0,0.99999714,0.075921275,0,0.9862454
7975,Pass,0,1.0,0.051040705,0,0.99140227
7976,Pass,0,0.9989617,0.6205132,0,0.872528
7977,Pass,0,0.99999344,0.100391366,0,0.98117274
7978,Pass,0,0.1697091,1.3004174,0,0.124327436
7979,Pass,0,0.99999094,0.15176925,0,0.9705273
7980,Pass,0,0.99990284,0.12088902,0,0.9768381
7981,Pass,0,0.9999441,0.26769534,0,0.9464689
7982,Pass,0,0.9997844,0.076337986,0,0.9859493
7983,Pass,0,0.9972627,0.14844362,0,0.9685665
7984,Pass,0,0.8790666,0.20962417,0,0.84263045
7985,Pass,0,0.9262257,0.6588833,0,0.80163586
7986,Pass,0,0.9997898,0.22857714,0,0.95442456
7987,Pass,0,0.9999635,0.09808766,0,0.98162055
7988,Pass,0,0.9998857,0.28743353,0,0.94232523
7989,Pass,0,0.9959592,0.5250968,0,0.8895914
7990,Pass,0,0.99997747,0.1616266,0,0.96847236
7991,Pass,0,0.9999771,0.12440983,0,0.9761813
7992,Pass,0,0.99700767,0.36266455,0,0.9240753
7993,Pass,0,0.9998826,0.12565553,0,0.97583103
7994,Pass,0,0.9989679,0.38817137,0,0.9206138
7995,Pass,0,0.9997886,0.21767062,0,0.95668226
7996,Pass,0,0.6226163,1.327773,0,0.45259517
7997,Pass,0,0.9998745,0.29903916,0,0.9399109
7998,Pass,0,0.9281788,0.6383438,0,0.8072754
7999,Pass,0,0.999969,0.1952496,0,0.9614993
8000,Pass,0,0.99515945,0.18188608,0,0.9596296
8001,Pass,0,0.9560103,0.6113395,0,0.83682954
8002,Pass,0,0.99978095,0.101939015,0,0.9806437
8003,Pass,0,0.977806,1.4316567,0,0.68974924
8004,Pass,0,0.9999589,0.035324547,0,0.994617
8005,Pass,0,0.831414,0.28703657,0,0.78362036
8006,Pass,0,0.99999046,0.21426922,0,0.95758003
8007,Pass,0,0.5750901,1.0138034,0,0.45545074
8008,Pass,0,0.85613906,1.1389136,0,0.655843
8009,Pass,0,0.9999436,0.15066722,0,0.9707097
8010,Pass,0,0.9999958,0.14601432,0,0.9717242
8011,Pass,0,0.9999895,0.15343663,0,0.9701805
8012,Pass,0,0.9999913,0.3375186,0,0.9320497
8013,Pass,0,0.9966383,0.3035475,0,0.935938
8014,Pass,0,0.99824107,0.2700354,0,0.944373
8015,Pass,0,0.9997613,0.095348805,0,0.98198926
8016,Pass,0,0.32637876,0.7248072,0,0.2780193
8017,Pass,0,0.4687501,1.1466554,0,0.35833296
8018,Pass,0,0.9999374,0.21693073,0,0.9569779
8019,Pass,0,0.99993503,0.19142668,0,0.9622585
8020,Pass,0,0.99994457,0.14314665,0,0.97226846
8021,Pass,0,0.99999964,0.16643512,0,0.9674977
8022,Pass,0,0.97229946,0.4498991,0,0.8836043
8023,Pass,0,0.9999989,0.11763893,0,0.9776052
8024,Pass,0,0.99997497,0.15002418,0,0.9708733
8025,Pass,0,0.9999937,0.11109444,0,0.9789558
8026,Pass,0,0.9992563,0.26872322,0,0.94560516
8027,Pass,0,0.54245293,1.1461517,0,0.41473126
8028,Pass,0,0.936336,0.851859,0,0.77295583
8029,Pass,0,0.99996734,0.1076566,0,0.97964215
8030,Pass,0,0.9997565,0.17718428,0,0.96503633
8031,Pass,0,0.9997093,0.3178523,0,0.93585956
8032,Pass,0,0.9836093,0.3129281,0,0.92179126
8033,Pass,0,0.38016444,0.8702635,0,0.3123806
8034,Pass,0,0.9823235,0.4785634,0,0.88688105
8035,Pass,0,0.9855511,0.3999046,0,0.905854
8036,Pass,0,0.9999802,0.17607969,0,0.96548104
8037,Pass,0,0.9998492,0.2454379,0,0.95098907
8038,Pass,0,0.99799085,0.36989546,0,0.92349166
8039,Pass,0,0.37857985,1.096338,0,0.293349
8040,Pass,0,0.87085223,0.38437584,0,0.80323166
8041,Pass,0,0.99992156,0.40024188,0,0.91899246
8042,Pass,0,0.9999924,0.16416807,0,0.9679603
8043,Pass,0,0.9996146,0.2144598,0,0.9571806
8044,Pass,0,0.99963677,0.11791041,0,0.97719496
8045,Pass,0,0.7267243,0.7605534,0,0.61366445
8046,Pass,0,0.9998646,0.04220818,0,0.99309736
8047,Pass,0,0.99733764,0.08614911,0,0.9815094
8048,Pass,0,0.9938305,0.4098206,0,0.9114224
8049,Pass,0,0.9999635,0.42152023,0,0.9146233
8050,Pass,0,0.9999974,0.0775961,0,0.9858987
8051,Pass,0,0.59202224,0.7829177,0,0.49717587
8052,Pass,0,0.83418256,0.49272096,0,0.750687
8053,Pass,0,0.9963186,0.3129647,0,0.9336941
8054,Pass,0,0.9999801,0.056284886,0,0.9902962
8055,Pass,0,0.6499712,1.7831012,0,0.41117343
8056,Pass,0,0.9984351,0.28232434,0,0.94201493
8057,Pass,0,0.99965036,0.11830366,0,0.97712684
8058,Pass,0,0.9999831,0.1573534,0,0.969363
8059,Pass,0,0.999985,0.15320538,0,0.970224
8060,Pass,0,0.99971384,0.22370337,0,0.95536137
8061,Pass,0,0.99999917,0.09008222,0,0.98331386
8062,Pass,0,0.9927509,0.29466194,0,0.93411463
8063,Pass,0,0.97086114,0.44315624,0,0.8836533
8064,Pass,0,0.99996924,0.19826737,0,0.9608744
8065,Pass,0,0.92143774,0.65956324,0,0.79736215
8066,Pass,0,0.975248,0.39048356,0,0.8982873
8067,Pass,0,0.9983858,0.14602491,0,0.9701575
8068,Pass,0,0.5551575,0.8328705,0,0.46047243
8069,Pass,0,0.9998466,0.098007716,0,0.9815223
8070,Pass,0,0.9999945,0.20161879,0,0.9602045
8071,Pass,0,0.9999175,0.29615957,0,0.9405478
8072,Pass,0,0.9999144,0.0849878,0,0.9842858
8073,Pass,0,0.99999785,0.15938647,0,0.9689561
8074,Pass,0,0.99999845,0.05790256,0,0.98997927
8075,Pass,0,0.99982244,0.24105616,0,0.95187116
8076,Pass,0,0.99999917,0.056471713,0,0.9902764
8077,Pass,0,0.9985494,0.2762846,0,0.94337213
8078,Pass,0,0.9948133,0.25097284,0,0.94505864
8079,Pass,0,0.9999901,0.21295796,0,0.9578513
8080,Pass,0,0.9997943,0.05278167,0,0.99083775
8081,Pass,0,0.8072734,1.1639943,0,0.6142154
8082,Pass,0,0.9662239,0.13627572,0,0.94085634
8083,Pass,0,0.99919015,0.18710653,0,0.9624359
8084,Pass,0,0.99914956,0.15017155,0,0.97004145
8085,Pass,0,0.9990075,0.2688277,0,0.9453481
8086,Pass,0,0.7336107,0.50694156,0,0.65802056
8087,Pass,0,0.89340734,0.70346373,0,0.76498145
8088,Pass,0,0.5973027,0.70424914,0,0.5113442
8089,Pass,0,0.95532537,0.74890685,0,0.80900574
8090,Pass,0,0.9998964,0.13763832,0,0.9733625
8091,Pass,0,0.69467473,0.9845529,0,0.5543667
8092,Pass,0,0.9999857,0.31784403,0,0.93612003
8093,Pass,0,0.87223977,2.4901762,0,0.42402244
8094,Pass,0,0.95618063,0.6592643,0,0.827486
8095,Pass,0,0.9999999,0.061304737,0,0.98927593
8096,Pass,0,0.39722362,1.0816809,0,0.3090015
8097,Pass,0,0.9999603,0.15254529,0,0.97033685
8098,Pass,0,0.99985325,0.17290011,0,0.966017
8099,Pass,0,0.99999666,0.2567795,0,0.9487799
8100,Pass,0,0.9998797,0.21418168,0,0.9574921
8101,Pass,0,0.9807304,0.6069685,0,0.8593559
8102,Pass,0,0.22370218,1.4122022,0,0.15870215
8103,Pass,0,0.90156347,0.2926235,0,0.8486939
8104,Pass,0,0.5756616,0.9046286,0,0.46892238
8105,Pass,0,0.9820129,0.423194,0,0.8978642
8106,Pass,0,0.8843105,0.7347171,0,0.751467
8107,Pass,0,0.99993885,0.20523752,0,0.9594014
8108,Pass,0,0.99918777,0.3355745,0,0.93170315
8109,Pass,0,0.9998797,0.11911091,0,0.9771838
8110,Pass,0,0.96493816,2.6493404,0,0.43727085
8111,Pass,0,0.99998736,0.03716148,0,0.9942648
8112,Pass,0,0.4881409,0.6958541,0,0.4187409
8113,Pass,0,0.99994874,0.18098186,0,0.9644353
8114,Pass,0,0.99999034,0.10622957,0,0.97996026
8115,Pass,0,0.96689814,0.3190933,0,0.9048954
8116,Pass,0,1.0,0.06426471,0,0.98866284
8117,Pass,0,0.9998041,0.43474007,0,0.9117395
8118,Pass,0,0.98198545,0.42884192,0,0.8966902
8119,Pass,0,0.9994473,0.17854276,0,0.9644566
8120,Pass,0,0.2748479,1.2285248,0,0.20544444
8121,Pass,0,0.99946254,0.25092003,0,0.94948626
8122,Pass,0,0.49648955,0.62862384,0,0.43281713
8123,Pass,0,0.9997962,0.25341916,0,0.9492857
8124,Pass,0,0.9998548,0.10229574,0,0.98064226
8125,Pass,0,0.99990034,0.03346485,0,0.9949439
8126,Pass,0,0.96393836,0.7434528,0,0.81738865
8127,Pass,0,0.75655437,2.2124586,0,0.41130862
8128,Pass,0,0.99993145,0.15493432,0,0.969814
8129,Pass,0,0.9791418,0.51288843,0,0.8770463
8130,Pass,0,0.99997175,0.13964605,0,0.97302
8131,Pass,0,0.99883133,0.35600007,0,0.9271445
8132,Pass,0,0.2789533,1.2246687,0,0.208736
8133,Pass,0,0.99998724,0.08223783,0,0.9849271
8134,Pass,0,0.9834468,0.73173237,0,0.8363189
8135,Pass,0,0.6608266,0.8233809,0,0.5494182
8136,Pass,0,0.90088946,0.28213182,0,0.85001737
8137,Pass,0,0.9999913,0.06659737,0,0.98817104
8138,Pass,0,0.99993277,0.025397483,0,0.9966473
8139,Pass,0,0.8772857,0.9374673,0,0.7086515
8140,Pass,0,0.63917273,0.8849753,0,0.52325946
8141,Pass,0,0.9999882,0.29248068,0,0.9413764
8142,Pass,0,0.6734667,0.67324495,0,0.5808727
8143,Pass,0,0.9999957,0.115450874,0,0.97805536
8144,Pass,0,0.9992768,0.32458267,0,0.9340615
8145,Pass,0,0.99986005,0.30339107,0,0.93899596
8146,Pass,0,0.98672694,0.38395008,0,0.9101959
8147,Pass,0,0.97987556,0.44239056,0,0.89201343
8148,Pass,0,0.9991456,0.06553262,0,0.98755574
8149,Pass,0,0.6333718,1.2412243,0,0.47176915
8150,Pass,0,0.9999672,0.2144642,0,0.9575173
8151,Pass,0,0.90834856,1.1068678,0,0.7018679
8152,Pass,0,0.9742218,0.47118658,0,0.88105524
8153,Pass,0,0.43652552,1.0940319,0,0.3384577
8154,Pass,0,0.9998522,0.3495899,0,0.9294198
8155,Pass,0,0.5409312,0.8066322,0,0.45161265
8156,Pass,0,0.9990339,0.34052324,0,0.93053555
8157,Pass,0,0.8555264,0.6865498,0,0.7355434
8158,Pass,0,0.9907582,0.40143698,0,0.91032547
8159,Pass,0,0.92927116,0.5183184,0,0.8313304
8160,Pass,0,0.99540365,0.7331518,0,0.84619427
8161,Pass,0,0.99995136,0.13399397,0,0.9741709
8162,Pass,0,0.9975177,0.283645,0,0.9408765
8163,Pass,0,0.9999821,0.11175072,0,0.9788085
8164,Pass,0,0.99998236,0.030906668,0,0.99555546
8165,Pass,0,0.99994063,0.21109463,0,0.9581899
8166,Pass,0,0.9999989,0.08390691,0,0.98459285
8167,Pass,0,0.9947412,0.5459992,0,0.8841963
8168,Pass,0,0.9947674,0.23985536,0,0.947306
8169,Pass,0,0.3159352,1.098274,0,0.24468102
8170,Pass,0,0.9999989,0.22915612,0,0.9545043
8171,Pass,0,0.9999527,0.16075584,0,0.9686287
8172,Pass,0,0.9582608,0.54402703,0,0.85216135
8173,Pass,0,0.6318992,0.75179785,0,0.53473777
8174,Pass,0,0.9990349,0.27764815,0,0.94354856
8175,Pass,0,0.9984478,0.47708926,0,0.9017436
8176,Pass,0,0.21792848,0.70648026,0,0.18646543
8177,Pass,0,0.9961696,0.1771644,0,0.96157813
8178,Pass,0,0.99992514,0.15205863,0,0.97040355
8179,Pass,0,0.9993368,0.061417352,0,0.9885966
8180,Pass,0,0.99898905,0.18315172,0,0.9630606
8181,Pass,0,0.9961528,0.35453302,0,0.924961
8182,Pass,0,0.9999969,0.057771027,0,0.990005
8183,Pass,0,0.62569386,1.215321,0,0.46940765
8184,Pass,0,0.9966845,0.28214362,0,0.94040054
8185,Pass,0,0.99963343,0.10917304,0,0.97900105
8186,Pass,0,0.44750193,1.4517502,0,0.3138074
8187,Pass,0,0.99967134,0.15875244,0,0.96877104
8188,Pass,0,0.9994261,0.20487589,0,0.9589844
8189,Pass,0,0.970347,0.34082755,0,0.90375435
8190,Pass,0,0.9999995,0.033918295,0,0.9949487
8191,Pass,0,0.9999982,0.06297772,0,0.98892766
8192,Pass,0,0.9986929,0.3330563,0,0.9317627
8193,Pass,0,0.99997044,0.031216271,0,0.99547946
8194,Pass,0,0.99981076,0.3912237,0,0.92075837
8195,Pass,0,0.9932028,0.3423769,0,0.92472285
8196,Pass,0,0.9994086,0.26094553,0,0.9473595
8197,Pass,0,0.9580861,0.54088116,0,0.8526304
8198,Pass,0,0.9996891,0.034950107,0,0.99442613
8199,Pass,0,0.7621083,1.0016125,0,0.60548705
8200,Pass,0,0.9133438,0.7484879,0,0.7735334
8201,Pass,0,0.99995995,0.12832774,0,0.97535306
8202,Pass,0,0.9999982,0.17008081,0,0.96674114
8203,Pass,0,0.99999857,0.05614079,0,0.99034435
8204,Pass,0,0.5557546,1.0211385,0,0.43929324
8205,Pass,0,0.99998677,0.15265244,0,0.9703404
8206,Pass,0,0.99960655,0.5045615,0,0.89710146
8207,Pass,0,0.35822654,1.3836498,0,0.25625724
8208,Pass,0,0.99999857,0.14377013,0,0.9721918
8209,Pass,0,0.99999845,0.09163326,0,0.9829919
8210,Pass,0,0.9981048,0.4798227,0,0.9008687
8211,Pass,0,0.9927538,0.45484212,0,0.9011762
8212,Pass,0,0.9979401,0.2670711,0,0.9447012
8213,Pass,0,0.997945,0.47852838,0,0.90099204
8214,Pass,0,0.9803064,0.25952053,0,0.92954147
8215,Pass,0,0.99947864,0.3185565,0,0.9354978
8216,Pass,0,0.997062,0.6531673,0,0.8641243
8217,Pass,0,0.9742886,0.2729087,0,0.9211332
8218,Pass,0,0.99993086,0.037503123,0,0.9941379
8219,Pass,0,0.8283827,0.7212944,0,0.7062442
8220,Pass,0,0.99428684,0.21716921,0,0.951521
8221,Pass,0,0.9999865,0.12061,0,0.97697765
8222,Pass,0,0.99998057,0.18948072,0,0.96270543
8223,Pass,0,0.7408153,0.5438319,0,0.6588215
8224,Pass,0,0.9982488,0.0936226,0,0.98086065
8225,Pass,0,0.9886873,0.3941046,0,0.9099244
8226,Pass,0,0.9939936,0.6544842,0,0.8611938
8227,Pass,0,0.9997092,0.37919036,0,0.9231569
8228,Pass,0,0.99993217,0.26033443,0,0.9479823
8229,Pass,0,0.9997651,0.37535456,0,0.92400295
8230,Pass,0,0.8569425,0.9060566,0,0.6977946
8231,Pass,0,0.99998474,0.127554,0,0.9755375
8232,Pass,0,0.99944395,0.26426503,0,0.9467057
8233,Pass,0,0.98310906,0.5915418,0,0.8645819
8234,Pass,0,0.9999995,0.12613498,0,0.9758459
8235,Pass,0,0.9999585,0.03116728,0,0.99547774
8236,Pass,0,0.85423917,1.2484896,0,0.6349973
8237,Pass,0,0.9889818,0.41983637,0,0.9049238
8238,Pass,0,0.9999999,0.040973853,0,0.9934875
8239,Pass,0,0.77928305,0.3881955,0,0.7181561
8240,Pass,0,0.9994791,0.104905166,0,0.9797335
8241,Pass,0,0.9842466,0.3466553,0,0.91551185
8242,Pass,0,0.9988765,0.95549893,0,0.8031387
8243,Pass,0,0.6821006,0.57508224,0,0.60218984
8244,Pass,0,0.9991424,0.0702426,0,0.98657775
8245,Pass,0,0.9844534,0.6786617,0,0.84799767
8246,Pass,0,0.9876303,0.46205908,0,0.89504886
8247,Pass,0,0.9999293,0.10324145,0,0.9805194
8248,Pass,0,0.99997497,0.11277783,0,0.97858876
8249,Pass,0,0.8780551,0.9105121,0,0.7141759
8250,Pass,0,0.98617965,0.9562083,0,0.7927849
8251,Pass,0,0.74470466,0.51585925,0,0.6665957
8252,Pass,0,0.8326445,1.0250403,0,0.6574864
8253,Pass,0,0.46936008,0.6561711,0,0.4064885
8254,Pass,0,0.9988695,0.043907277,0,0.99175745
8255,Pass,0,1.0,0.05429228,0,0.9907287
8256,Pass,0,0.94027805,0.8499161,0,0.7765885
8257,Pass,0,0.9649482,0.48318037,0,0.87027097
8258,Pass,0,0.99477106,0.5309779,0,0.8873182
8259,Pass,0,0.99615014,0.5034637,0,0.894226
8260,Pass,0,0.9998839,0.26682788,0,0.9465916
8261,Pass,0,0.9999145,0.057485685,0,0.98998255
8262,Pass,0,0.9882384,0.22923431,0,0.9432628
8263,Pass,0,0.94915533,0.7666284,0,0.80029637
8264,Pass,0,0.97449636,0.52291673,0,0.8708608
8265,Pass,0,0.9803438,0.76014775,0,0.8279095
8266,Pass,0,0.99999714,0.112502076,0,0.9786676
8267,Pass,0,0.9998903,0.16293703,0,0.9681165
8268,Pass,0,0.99421763,0.2897791,0,0.93650043
8269,Pass,0,0.99999654,0.11501434,0,0.9781466
8270,Pass,0,0.9999982,0.12482368,0,0.97611624
8271,Pass,0,0.98796463,0.5087625,0,0.88579357
8272,Pass,0,0.9999293,0.078586526,0,0.9856264
8273,Pass,0,0.99997425,0.23727328,0,0.95279926
8274,Pass,0,0.9999858,0.25535324,0,0.949065
8275,Pass,0,0.9135912,0.2944452,0,0.85967153
8276,Pass,0,0.99744093,0.4806383,0,0.90010095
8277,Pass,0,0.77033234,0.59344363,0,0.67715484
8278,Pass,0,0.9836295,0.43258733,0,0.8974283
8279,Pass,0,0.93633705,0.65979016,0,0.8102112
8280,Pass,0,0.91224813,0.571957,0,0.80596524
8281,Pass,0,0.6962376,1.0311025,0,0.5489002
8282,Pass,0,0.9999417,0.0622581,0,0.9890209
8283,Pass,0,0.34337926,0.75576484,0,0.29029876
8284,Pass,0,0.26515728,1.1778157,0,0.2009862
8285,Pass,0,0.89618903,1.0826101,0,0.69697577
8286,Pass,0,0.99777836,0.2663249,0,0.94470227
8287,Pass,0,0.7597153,0.41674072,0,0.6956309
8288,Pass,0,0.9997316,0.104466245,0,0.98007196
8289,Pass,0,0.99997187,0.19819401,0,0.9608921
8290,Pass,0,0.69173336,0.8225579,0,0.5752323
8291,Pass,0,0.999987,0.11678327,0,0.97777086
8292,Pass,0,0.9999658,0.13942325,0,0.9730603
8293,Pass,0,0.9999995,0.09957263,0,0.9813483
8294,Pass,0,0.9992086,0.14038599,0,0.9721243
8295,Pass,0,0.99829,0.21605875,0,0.9555816
8296,Pass,0,0.9420199,0.25426364,0,0.89426345
8297,Pass,0,0.99996686,0.18671228,0,0.96326566
8298,Pass,0,0.99996066,0.14201126,0,0.9725193
8299,Pass,0,0.99994063,0.024979416,0,0.9967417
8300,Pass,0,0.99991214,0.22935769,0,0.9543797
8301,Pass,0,0.9991466,0.2904452,0,0.94100535
8302,Pass,0,0.9977531,0.2377503,0,0.9505843
8303,Pass,0,0.99997914,0.097215936,0,0.9818165
8304,Pass,0,0.99972814,0.27712852,0,0.94431096
8305,Pass,0,0.9898267,0.40776235,0,0.9081726
8306,Pass,0,0.9998179,0.20253798,0,0.95984447
8307,Pass,0,0.9680178,0.4048529,0,0.8887462
8308,Pass,0,0.9870444,0.45974448,0,0.8949911
8309,Pass,0,0.43907753,1.5741112,0,0.29677042
8310,Pass,0,0.99985397,0.16282728,0,0.96810406
8311,Pass,0,0.9997112,0.12427092,0,0.97595054
8312,Pass,0,0.99756074,0.32160163,0,0.93307346
8313,Pass,0,0.6886713,0.567257,0,0.6091071
8314,Pass,0,0.99994516,0.04729198,0,0.9921244
8315,Pass,0,0.99997354,0.07960579,0,0.98545885
8316,Pass,0,0.9644765,1.1053337,0,0.7455437
8317,Pass,0,0.99991,0.25093177,0,0.949909
8318,Pass,0,0.9999708,0.14551614,0,0.9718031
8319,Pass,0,0.9999995,0.21505724,0,0.9574254
8320,Pass,0,0.98684406,0.51329964,0,0.88386136
8321,Pass,0,0.99991345,0.025110388,0,0.99668753
8322,Pass,0,0.99969983,0.11811663,0,0.9772139
8323,Pass,0,0.9921342,0.35746807,0,0.92062634
8324,Pass,0,0.4561171,0.71904457,0,0.3890788
8325,Pass,0,0.9999685,0.2812918,0,0.9436756
8326,Pass,0,0.99941266,0.2556286,0,0.94846404
8327,Pass,0,0.9999043,0.053105243,0,0.99087965
8328,Pass,0,0.99996126,0.14637485,0,0.9716159
8329,Pass,0,0.5907332,0.36957604,0,0.54667455
8330,Pass,0,0.9993998,0.15416731,0,0.96945715
8331,Pass,0,0.64940894,0.9845515,0,0.51824373
8332,Pass,0,0.9414739,0.6881061,0,0.8091337
8333,Pass,0,0.9703428,0.9405193,0,0.7832074
8334,Pass,0,0.99997354,0.13764775,0,0.9734357
8335,Pass,0,0.9803233,0.35860547,0,0.90943575
8336,Pass,0,0.44210225,0.69447464,0,0.37937397
8337,Pass,0,0.5050041,1.9317017,0,0.30392146
8338,Pass,0,0.7080832,1.0580153,0,0.5542914
8339,Pass,0,0.9126568,0.7487383,0,0.7729043
8340,Pass,0,0.99818665,0.3242103,0,0.9331195
8341,Pass,0,0.9157195,0.47758284,0,0.8269343
8342,Pass,0,0.9998565,0.1603796,0,0.96861345
8343,Pass,0,0.99999917,0.14336589,0,0.9722761
8344,Pass,0,0.99628663,0.43147087,0,0.90920657
8345,Pass,0,0.93996537,0.40832403,0,0.8623152
8346,Pass,0,0.99007356,0.5569789,0,0.87779546
8347,Pass,0,0.99981505,0.05820127,0,0.98973584
8348,Pass,0,0.99999356,0.19903721,0,0.9607383
8349,Pass,0,0.99975497,0.2793004,0,0.94388646
8350,Pass,0,0.99671197,1.3121214,0,0.72776616
8351,Pass,0,0.9999378,0.045135953,0,0.99256366
8352,Pass,0,0.947428,0.50323564,0,0.8505338
8353,Pass,0,0.506856,1.0598125,0,0.396581
8354,Pass,0,0.75146395,2.2236824,0,0.40679398
8355,Pass,0,0.999998,0.1814034,0,0.9643954
8356,Pass,0,0.99566513,0.28953367,0,0.9379145
8357,Pass,0,0.5933904,1.4229065,0,0.41965613
8358,Pass,0,0.99998367,0.20494512,0,0.95950496
8359,Pass,0,0.99999774,0.111365825,0,0.9789036
8360,Pass,0,0.99376464,0.45624757,0,0.90180445
8361,Pass,0,0.8533549,0.5810562,0,0.75232494
8362,Pass,0,0.99357504,0.3071804,0,0.93231356
8363,Pass,0,0.9998789,0.15610625,0,0.9695203
8364,Pass,0,0.9988287,0.73342854,0,0.8490487
8365,Pass,0,0.99913484,0.37909514,0,0.92264616
8366,Pass,0,0.99999654,0.08360222,0,0.98465365
8367,Pass,0,0.6592454,1.5896984,0,0.44345215
8368,Pass,0,0.9998574,0.059407987,0,0.9895279
8369,Pass,0,0.9920529,0.30762902,0,0.9307931
8370,Pass,0,0.9996903,0.068817906,0,0.98741376
8371,Pass,0,0.99973565,0.28460318,0,0.94277006
8372,Pass,0,0.9999021,0.15146405,0,0.97050434
8373,Pass,0,0.9977683,0.31541428,0,0.9345464
8374,Pass,0,0.9928597,0.40327948,0,0.91187745
8375,Pass,0,0.99985516,0.35506386,0,0.9282888
8376,Pass,0,0.9999988,0.12071312,0,0.9769683
8377,Pass,0,0.9089799,0.28875586,0,0.8564037
8378,Pass,0,0.99996614,0.18526435,0,0.96356493
8379,Pass,0,0.9999614,0.07389219,0,0.98663044
8380,Pass,0,0.27774578,1.2989057,0,0.20356117
8381,Pass,0,0.999943,0.13659829,0,0.97362334
8382,Pass,0,0.6947863,0.84115785,0,0.57509404
8383,Pass,0,0.999806,0.18430443,0,0.9636094
8384,Pass,0,0.9999994,0.08051071,0,0.9852969
8385,Pass,0,0.9472812,0.6821502,0,0.8152934
8386,Pass,0,0.99953544,0.38946092,0,0.9208698
8387,Pass,0,0.9998411,0.19448605,0,0.96153444
8388,Pass,0,0.98785144,0.44455397,0,0.8988314
8389,Pass,0,0.9999995,0.17688861,0,0.96533215
8390,Pass,0,0.88444716,0.9565546,0,0.7109392
8391,Pass,0,0.2587777,1.9386846,0,0.15536319
8392,Pass,0,0.96308225,0.74796575,0,0.81576234
8393,Pass,0,0.9999856,0.09195704,0,0.9829122
8394,Pass,0,0.99961275,0.103662305,0,0.9801219
8395,Pass,0,0.9999937,0.08722287,0,0.98390085
8396,Pass,0,0.99898,0.07452269,0,0.9855316
8397,Pass,0,0.4288679,1.3263617,0,0.31188005
8398,Pass,0,0.9998627,0.12491242,0,0.9759655
8399,Pass,0,0.9999926,0.15463448,0,0.9699354
8400,Pass,0,0.9999877,0.051437717,0,0.99130785
8401,Pass,0,0.99935013,0.41709167,0,0.91497904
8402,Pass,0,0.30253226,1.1125783,0,0.23340446
8403,Pass,0,0.34094167,0.49885708,0,0.30638254
8404,Pass,0,0.99999976,0.052046478,0,0.99119365
8405,Pass,0,0.9989221,0.32176235,0,0.9343136
8406,Pass,0,0.99997914,0.22940171,0,0.9544345
8407,Pass,0,0.40815455,1.4440466,0,0.2868667
8408,Pass,0,0.99867505,0.25591725,0,0.9477044
8409,Pass,0,0.9999827,0.016205074,0,0.99860126
8410,Pass,0,0.2710685,1.2318112,0,0.20243488
8411,Pass,0,0.99861634,0.45479748,0,0.9065072
8412,Pass,0,0.9029196,0.31132063,0,0.84647334
8413,Pass,0,0.9999356,0.24075373,0,0.95204157
8414,Pass,0,0.5689909,0.63777167,0,0.4949423
8415,Pass,0,0.99955314,0.16184643,0,0.9680159
8416,Pass,0,0.41650984,1.122507,0,0.3204818
8417,Pass,0,0.9999944,0.116848364,0,0.9777646
8418,Pass,0,0.9995647,0.21423861,0,0.95717865
8419,Pass,0,0.99998367,0.19342534,0,0.96189123
8420,Pass,0,0.99999964,0.067067556,0,0.9880819
8421,Pass,0,0.999998,0.13305387,0,0.9744111
8422,Pass,0,0.9998431,0.31095496,0,0.9374134
8423,Pass,0,0.99963474,0.22152801,0,0.9557362
8424,Pass,0,0.9974734,0.14201131,0,0.9701002
8425,Pass,0,0.9895822,0.37530425,0,0.914602
8426,Pass,0,0.9993537,0.18785807,0,0.96243787
8427,Pass,0,0.80690634,0.4117196,0,0.73968047
8428,Pass,0,0.9999448,0.038298998,0,0.9939869
8429,Pass,0,0.99999964,0.07170753,0,0.9871207
8430,Pass,0,0.9999368,0.108612224,0,0.97941434
8431,Pass,0,0.83137774,0.7472346,0,0.7043302
8432,Pass,0,0.9988586,0.32510552,0,0.9335624
8433,Pass,0,0.99728954,0.3390224,0,0.92922086
8434,Pass,0,0.9464602,0.68137443,0,0.81473887
8435,Pass,0,0.99888927,0.177123,0,0.9642119
8436,Pass,0,0.9966498,0.49374092,0,0.8966819
8437,Pass,0,0.94318116,0.48655576,0,0.8499802
8438,Pass,0,0.92090094,0.62536263,0,0.8034219
8439,Pass,0,0.99552613,0.63615185,0,0.86630225
8440,Pass,0,0.99999845,0.04747634,0,0.99213904
8441,Pass,0,0.19786415,1.2550235,0,0.1468142
8442,Pass,0,0.9999927,0.121627,0,0.9767731
8443,Pass,0,0.9993586,0.31331262,0,0.93647105
8444,Pass,0,0.9999974,0.12729548,0,0.97560334
8445,Pass,0,0.9978096,0.16844349,0,0.96496373
8446,Pass,0,0.34435618,1.2306374,0,0.2572501
8447,Pass,0,0.9995952,0.031595044,0,0.99502754
8448,Pass,0,0.83502954,1.0063348,0,0.66260535
8449,Pass,0,0.9999765,0.10502295,0,0.9801967
8450,Pass,0,0.8913676,0.98903126,0,0.7105053
8451,Pass,0,0.9999963,0.17678377,0,0.96535075
8452,Pass,0,0.9983911,0.47517735,0,0.9020878
8453,Pass,0,0.999997,0.0693364,0,0.9876093
8454,Pass,0,0.9999994,0.05684392,0,0.9901995
8455,Pass,0,0.23995808,1.7374972,0,0.15406498
8456,Pass,0,0.99694294,0.42738527,0,0.9106493
8457,Pass,0,0.9980995,0.2676073,0,0.9447412
8458,Pass,0,0.98634607,0.36348742,0,0.9140255
8459,Pass,0,0.99993896,0.13048121,0,0.97488654
8460,Pass,0,0.31533572,1.0326933,0,0.24850063
8461,Pass,0,0.96010715,0.52391595,0,0.85780317
8462,Pass,0,0.99953353,0.56758446,0,0.8839867
8463,Pass,0,0.9999995,0.08077674,0,0.9852419
8464,Pass,0,0.93800974,0.42831337,0,0.85663694
8465,Pass,0,0.9999795,0.22553642,0,0.95523554
8466,Pass,0,0.9992667,0.1451453,0,0.9711956
8467,Pass,0,0.99996126,0.2025827,0,0.95997286
8468,Pass,0,0.9999974,0.06250703,0,0.98902434
8469,Pass,0,0.9975515,0.45926315,0,0.9046178
8470,Pass,0,0.9999505,0.036430325,0,0.99437964
8471,Pass,0,0.9815456,0.51282847,0,0.8792117
8472,Pass,0,0.9240161,0.44641677,0,0.84039205
8473,Pass,0,0.9537124,0.8118302,0,0.7952085
8474,Pass,0,0.9999424,0.16756812,0,0.9672077
8475,Pass,0,0.9992878,0.1200473,0,0.9764115
8476,Pass,0,0.9886234,0.4474183,0,0.8989472
8477,Pass,0,0.9999249,0.32533887,0,0.93451065
8478,Pass,0,0.71271735,0.5895608,0,0.62708205
8479,Pass,0,0.9999963,0.15315367,0,0.9702458
8480,Pass,0,0.9999951,0.06089975,0,0.9893551
8481,Pass,0,0.9996761,0.14785494,0,0.9710324
8482,Pass,0,0.6068149,0.8909303,0,0.49602115
8483,Pass,0,0.9999769,0.07176833,0,0.98708564
8484,Pass,0,0.99999857,0.04650574,0,0.99234027
8485,Pass,0,0.9981293,0.42528674,0,0.9121669
8486,Pass,0,0.487523,1.0174141,0,0.38573605
8487,Pass,0,0.99808973,0.55064595,0,0.8862119
8488,Pass,0,0.99996996,0.2816639,0,0.9435998
8489,Pass,0,0.9999958,0.092413016,0,0.9828278
8490,Pass,0,0.99996984,0.02125329,0,0.9975427
8491,Pass,0,0.66990167,0.33661607,0,0.6245123
8492,Pass,0,0.9924678,2.0999982,0,0.5626863
8493,Pass,0,0.9998354,0.15136196,0,0.9704607
8494,Pass,0,0.99991596,0.1523118,0,0.9703422
8495,Pass,0,0.99998593,0.06392858,0,0.9887186
8496,Pass,0,0.9999521,0.016879437,0,0.99843097
8497,Pass,0,0.9917025,0.4875054,0,0.8935118
8498,Pass,0,0.5787214,1.0738236,0,0.45113117
8499,Pass,0,0.99987423,0.079931125,0,0.9852936
8500,Pass,0,0.6167062,1.5644807,0,0.4180591
8501,Pass,0,0.9996202,0.14442365,0,0.97168857
8502,Pass,0,0.5411832,0.854314,0,0.44647756
8503,Pass,0,0.99999416,0.09511086,0,0.9822673
8504,Pass,0,0.99992216,0.13104822,0,0.97475266
8505,Pass,0,0.9999969,0.11000017,0,0.97918564
8506,Pass,0,0.99999666,0.10791858,0,0.9796166
8507,Pass,0,0.3044403,1.6202848,0,0.2028578
8508,Pass,0,0.9999926,0.112948865,0,0.97857064
8509,Pass,0,1.0,0.068863936,0,0.9877101
8510,Pass,0,0.95575726,0.40050423,0,0.8783507
8511,Pass,0,0.99990726,0.17024639,0,0.9666189
8512,Pass,0,0.9241525,0.47429392,0,0.83517927
8513,Pass,0,0.99975866,0.22804655,0,0.9545047
8514,Pass,0,0.99987733,0.024298156,0,0.99681973
8515,Pass,0,0.99988925,0.21224035,0,0.9579033
8516,Pass,0,0.94352275,0.52819425,0,0.84214973
8517,Pass,0,0.99999905,0.07791944,0,0.9858333
8518,Pass,0,0.997531,0.7645712,0,0.84151024
8519,Pass,0,0.4389329,1.5372624,0,0.30002317
8520,Pass,0,0.9999422,0.16270567,0,0.9682147
8521,Pass,0,0.9999497,0.066831954,0,0.98808134
8522,Pass,0,0.9999969,0.06663915,0,0.98816794
8523,Pass,0,0.99271834,0.579435,0,0.8755223
8524,Pass,0,0.9999937,0.11946696,0,0.9772214
8525,Pass,0,0.99998784,0.094981045,0,0.982288
8526,Pass,0,0.9998524,0.1847243,0,0.9635672
8527,Pass,0,0.9998318,0.10331508,0,0.9804086
8528,Pass,0,0.9988986,0.41070378,0,0.91588753
8529,Pass,0,0.996813,0.45512012,0,0.9048036
8530,Pass,0,0.9999715,0.1522683,0,0.9704051
8531,Pass,0,0.9997658,0.35792834,0,0.9276126
8532,Pass,0,0.73461527,1.0250548,0,0.5800767
8533,Pass,0,0.9991696,0.522516,0,0.89299303
8534,Pass,0,0.99579984,0.3576958,0,0.9239808
8535,Pass,0,0.9096593,0.5406034,0,0.8095863
8536,Pass,0,0.9999118,0.166996,0,0.96729654
8537,Pass,0,0.9159567,0.6009617,0,0.8037383
8538,Pass,0,0.99979943,0.06530663,0,0.98824877
8539,Pass,0,0.9857152,0.58479106,0,0.8682523
8540,Pass,0,0.998743,0.05243568,0,0.9898674
8541,Pass,0,0.99747366,0.5511485,0,0.88556105
8542,Pass,0,0.99772173,0.44711,0,0.907284
8543,Pass,0,0.99999976,0.062138595,0,0.9891031
8544,Pass,0,0.21959285,1.3820264,0,0.15715952
8545,Pass,0,0.97463316,1.0937248,0,0.75573856
8546,Pass,0,0.9994778,0.06845111,0,0.98727983
8547,Pass,0,0.9998454,0.22580533,0,0.9550517
8548,Pass,0,0.9986167,0.12170748,0,0.9754123
8549,Pass,0,0.9717319,0.44761628,0,0.8835481
8550,Pass,0,0.9999218,0.07237965,0,0.9869047
8551,Pass,0,0.86020666,0.4089658,0,0.7890309
8552,Pass,0,0.34042373,0.8374897,0,0.2820369
8553,Pass,0,0.99999726,0.10608654,0,0.97999674
8554,Pass,0,0.9995167,0.31437102,0,0.9364001
8555,Pass,0,0.2295852,1.7210711,0,0.14818628
8556,Pass,0,0.99582183,0.41388515,0,0.91241014
8557,Pass,0,0.99998903,0.08347097,0,0.98467344
8558,Pass,0,0.9622274,0.6578859,0,0.8329936
8559,Pass,0,0.8505824,0.44609123,0,0.7736615
8560,Pass,0,0.9996258,0.3475053,0,0.92964107
8561,Pass,0,0.9999987,0.095475405,0,0.9821962
8562,Pass,0,0.8102366,0.6767009,0,0.6982583
8563,Pass,0,0.9899143,0.5089401,0,0.8875052
8564,Pass,0,0.99998665,0.06151307,0,0.98921967
8565,Pass,0,0.9235439,0.19969891,0,0.8871631
8566,Pass,0,0.9999558,0.15884675,0,0.96902716
8567,Pass,0,0.9999888,0.24054907,0,0.95213455
8568,Pass,0,0.99205834,0.551356,0,0.8807107
8569,Pass,0,0.9997607,0.13139865,0,0.97452265
8570,Pass,0,0.9999943,0.109183386,0,0.9793523
8571,Pass,0,0.9989222,0.35390154,0,0.92766315
8572,Pass,0,0.9996106,0.28893462,0,0.9417552
8573,Pass,0,1.0,0.046308167,0,0.9923826
8574,Pass,0,0.9999902,0.19634311,0,0.96129316
8575,Pass,0,0.9361341,0.4892043,0,0.8431159
8576,Pass,0,0.99555343,0.5638784,0,0.881231
8577,Pass,0,0.9951279,0.6811704,0,0.85667545
8578,Pass,0,0.24924628,0.8767802,0,0.20446888
8579,Pass,0,0.9979225,0.16894859,0,0.9649685
8580,Pass,0,0.99969566,0.13817728,0,0.9730555
8581,Pass,0,0.9940309,0.48959944,0,0.89517844
8582,Pass,0,0.99395037,0.306758,0,0.9327527
8583,Pass,0,0.9999995,0.10191827,0,0.9808624
8584,Pass,0,0.9989743,0.06852818,0,0.9867665
8585,Pass,0,0.99999666,0.23715128,0,0.95284593
8586,Pass,0,0.99695194,0.35583812,0,0.92543346
8587,Pass,0,0.99999285,0.072970256,0,0.98685247
8588,Pass,0,0.90716016,0.35101497,0,0.84298944
8589,Pass,0,0.99999917,0.059993315,0,0.98954684
8590,Pass,0,0.917181,0.23278362,0,0.8747649
8591,Pass,0,0.9760252,0.61634225,0,0.8533378
8592,Pass,0,0.20923805,0.65694547,0,0.18117669
8593,Pass,0,0.99999416,0.21966779,0,0.95646524
8594,Pass,0,0.99974245,0.24484468,0,0.9510104
8595,Pass,0,0.9999907,0.11657868,0,0.9778168
8596,Pass,0,0.99998677,0.15702167,0,0.9694353
8597,Pass,0,1.0,0.08668118,0,0.9840193
8598,Pass,0,0.9909663,0.4851463,0,0.8933328
8599,Pass,0,0.9976255,0.42582482,0,0.9115953
8600,Pass,0,0.600514,3.1170855,0,0.21394223
8601,Pass,0,0.50594914,0.86148536,0,0.41665775
8602,Pass,0,0.9999999,0.05263227,0,0.9910724
8603,Pass,0,0.9979651,0.3315744,0,0.93139005
8604,Pass,0,0.80489457,1.1815975,0,0.60947037
8605,Pass,0,0.9997868,0.14731538,0,0.9712516
8606,Pass,0,0.9999963,0.15482523,0,0.96989954
8607,Pass,0,1.0,0.080006,0,0.98540205
8608,Pass,0,0.88741285,0.50867105,0,0.7956572
8609,Pass,0,0.99977916,0.17573136,0,0.96535915
8610,Pass,0,0.99968016,0.47837484,0,0.9025904
8611,Pass,0,0.9857085,0.4001829,0,0.9059418
8612,Pass,0,0.99999917,0.059779245,0,0.9895912
8613,Pass,0,0.9685697,0.9936425,0,0.77111757
8614,Pass,0,0.96885866,0.5942425,0,0.85150754
8615,Pass,0,0.9983467,0.18666598,0,0.96171457
8616,Pass,0,0.6455129,0.72813576,0,0.5494223
8617,Pass,0,0.88351405,0.9761661,0,0.7065999
8618,Pass,0,0.99993026,0.14306255,0,0.9722719
8619,Pass,0,0.9999894,0.07703691,0,0.9860066
8620,Pass,0,0.96524996,0.3744191,0,0.89229035
8621,Pass,0,0.9999131,0.19575265,0,0.9613413
8622,Pass,0,0.95377135,0.49156004,0,0.8585352
8623,Pass,0,0.99841344,0.17982312,0,0.96319413
8624,Pass,0,0.9656302,0.19851837,0,0.92782766
8625,Pass,0,0.99996006,0.10713862,0,0.97974235
8626,Pass,0,0.9933988,0.62496895,0,0.86675227
8627,Pass,0,0.99735475,0.38180855,0,0.92044175
8628,Pass,0,0.99654925,0.3659854,0,0.92296493
8629,Pass,0,0.9999981,0.027649874,0,0.9962458
8630,Pass,0,0.98822534,0.6898181,0,0.84896296
8631,Pass,0,0.99987805,0.03812009,0,0.9939575
8632,Pass,0,0.749835,0.99026424,0,0.5974988
8633,Pass,0,0.939889,0.6168632,0,0.8216426
8634,Pass,0,0.9998956,0.18664989,0,0.9632099
8635,Pass,0,0.9996233,0.19332851,0,0.9615647
8636,Pass,0,0.99998844,0.13368638,0,0.97427076
8637,Pass,0,0.8563304,0.76528674,0,0.72226745
8638,Pass,0,0.9999807,0.09680658,0,0.9819028
8639,Pass,0,0.999884,0.18621038,0,0.9632898
8640,Pass,0,0.9998368,0.06179905,0,0.98901224
8641,Pass,0,0.9870417,0.4317046,0,0.90072197
8642,Pass,0,0.97686726,0.77843463,0,0.821273
8643,Pass,0,0.9990061,0.43272796,0,0.9114282
8644,Pass,0,0.999913,0.2606395,0,0.94790095
8645,Pass,0,0.9836902,0.26446846,0,0.9317418
8646,Pass,0,0.9999994,0.11705768,0,0.9777261
8647,Pass,0,0.77706933,1.4849702,0,0.53956664
8648,Pass,0,0.5655428,1.1670586,0,0.42993528
8649,Pass,0,0.9999933,0.16502295,0,0.96778417
8650,Pass,0,0.9957135,0.38505644,0,0.9182571
8651,Pass,0,0.9917389,0.31727967,0,0.9285159
8652,Pass,0,0.99993765,0.24959709,0,0.95021164
8653,Pass,0,0.8898348,0.44244787,0,0.81003577
8654,Pass,0,0.99992836,0.21826804,0,0.9566922
8655,Pass,0,0.99998796,0.1601752,0,0.96878314
8656,Pass,0,0.96533835,0.5173968,0,0.86378056
8657,Pass,0,0.973927,0.61400354,0,0.8519752
8658,Pass,0,0.9999999,0.04974507,0,0.9916705
8659,Pass,0,0.8701643,0.8381133,0,0.7208081
8660,Pass,0,0.99978846,0.33275262,0,0.93284774
8661,Pass,0,0.9979201,0.22309002,0,0.95377403
8662,Pass,0,0.99823016,0.30644044,0,0.9368347
8663,Pass,0,0.997595,0.44107303,0,0.90841633
8664,Pass,0,0.9998124,0.13368286,0,0.9741
8665,Pass,0,0.97751963,0.44973445,0,0.8883816
8666,Pass,0,0.5862355,0.5516676,0,0.5203992
8667,Pass,0,0.82565415,0.47797406,0,0.7455345
8668,Pass,0,0.49833834,1.0279611,0,0.39320457
8669,Pass,0,0.3245573,1.4253826,0,0.22936617
8670,Pass,0,0.9171091,0.5478708,0,0.8148357
8671,Pass,0,0.85732806,0.78841335,0,0.7190017
8672,Pass,0,0.9999913,0.1695837,0,0.9668374
8673,Pass,0,0.9999771,0.1789886,0,0.96487546
8674,Pass,0,0.8452083,0.2961728,0,0.7950221
8675,Pass,0,0.98659825,0.6639769,0,0.85284644
8676,Pass,0,0.99768686,0.43816411,0,0.9091011
8677,Pass,0,0.9991623,0.6244127,0,0.87189615
8678,Pass,0,0.99971503,0.24104717,0,0.9517707
8679,Pass,0,0.999635,0.05512204,0,0.9901952
8680,Pass,0,0.9672044,0.43830568,0,0.8812969
8681,Pass,0,0.9989286,0.32699454,0,0.93323696
8682,Pass,0,0.9995357,0.11467991,0,0.9777651
8683,Pass,0,0.9870864,0.49723724,0,0.88736284
8684,Pass,0,0.9912306,0.527986,0,0.8847745
8685,Pass,0,0.99998677,0.12710287,0,0.9756329
8686,Pass,0,0.98248833,0.34830955,0,0.9135397
8687,Pass,0,0.98257613,0.36288318,0,0.91065496
8688,Pass,0,0.99762875,0.43669432,0,0.9093519
8689,Pass,0,0.21703097,1.3084075,0,0.15863581
8690,Pass,0,0.9999176,0.19368017,0,0.961775
8691,Pass,0,0.7680487,0.88944507,0,0.6280528
8692,Pass,0,0.9999498,0.05634555,0,0.9902536
8693,Pass,0,0.9999864,0.14576688,0,0.9717663
8694,Pass,0,0.99942905,0.14770547,0,0.97082335
8695,Pass,0,0.8273634,0.4058447,0,0.75944006
8696,Pass,0,0.9478336,0.3372324,0,0.88349193
8697,Pass,0,0.9999933,0.1487057,0,0.9711642
8698,Pass,0,0.999688,0.11946468,0,0.9769232
8699,Pass,0,0.7438219,0.6755695,0,0.6411967
8700,Pass,0,0.99993694,0.20985766,0,0.95844257
8701,Pass,0,0.8964987,1.2601904,0,0.6642379
8702,Pass,0,0.9999629,0.30444592,0,0.93887407
8703,Pass,0,0.9999852,0.07329189,0,0.98677826
8704,Pass,0,0.9998267,0.052610908,0,0.9909052
8705,Pass,0,0.98891896,0.5954445,0,0.86889184
8706,Pass,0,0.95445645,0.8313391,0,0.7919716
8707,Pass,0,0.9997919,0.22431448,0,0.9553094
8708,Pass,0,0.8160993,0.5424703,0,0.7260033
8709,Pass,0,0.23877308,1.3456347,0,0.17268658
8710,Pass,0,0.99983966,0.09350349,0,0.98244846
8711,Pass,0,0.99990106,0.23202662,0,0.9538163
8712,Pass,0,0.99213505,0.23434767,0,0.9459312
8713,Pass,0,0.99975985,0.28819185,0,0.9420497
8714,Pass,0,0.9966875,0.26335403,0,0.94428277
8715,Pass,0,0.999998,0.1535245,0,0.97017056
8716,Pass,0,0.99968314,0.21916758,0,0.95627135
8717,Pass,0,0.9999962,0.10342031,0,0.98054796
8718,Pass,0,0.87629837,0.7866774,0,0.73522633
8719,Pass,0,0.9997906,0.24570209,0,0.9508786
8720,Pass,0,0.9999901,0.10396651,0,0.9804289
8721,Pass,0,0.99999726,0.21510525,0,0.9574133
8722,Pass,0,0.9998766,0.2198752,0,0.95630985
8723,Pass,0,0.99999046,0.1654428,0,0.9676944
8724,Pass,0,0.9999577,0.07332156,0,0.98674494
8725,Pass,0,0.9999995,0.039765287,0,0.9937375
8726,Pass,0,0.99713093,0.20095949,0,0.957591
8727,Pass,0,0.9999176,0.08258333,0,0.984787
8728,Pass,0,0.9729725,0.36164454,0,0.90200394
8729,Pass,0,0.9999695,0.13940357,0,0.973068
8730,Pass,0,0.9386011,0.40519777,0,0.8616714
8731,Pass,0,0.9999908,0.048710875,0,0.99187577
8732,Pass,0,0.98993415,0.20434032,0,0.9499863
8733,Pass,0,0.9999552,0.14326717,0,0.9722538
8734,Pass,0,0.99999905,0.07446628,0,0.98654866
8735,Pass,0,0.9791839,0.43683174,0,0.89251137
8736,Pass,0,0.99967206,0.082858935,0,0.9844881
8737,Pass,0,0.9999857,0.12342666,0,0.9763934
8738,Pass,0,0.99999976,0.101167455,0,0.9810182
8739,Pass,0,0.9999993,0.11479479,0,0.9781948
8740,Pass,0,0.9937232,3.2201397,0,0.33281505
8741,Pass,0,0.9995615,0.13295206,0,0.97400683
8742,Pass,0,0.99999654,0.10883551,0,0.97942656
8743,Pass,0,0.99332535,0.4075872,0,0.9114187
8744,Pass,0,0.9998778,0.22167414,0,0.9559384
8745,Pass,0,0.999997,0.099623136,0,0.9813354
8746,Pass,0,0.6070445,0.9565059,0,0.48796263
8747,Pass,0,0.99996316,0.04974424,0,0.99163425
8748,Pass,0,0.99872476,0.29115355,0,0.9404616
8749,Pass,0,0.99242824,0.17244753,0,0.95893633
8750,Pass,0,0.9990565,0.07310506,0,0.98590046
8751,Pass,0,0.99987495,0.09240461,0,0.9827107
8752,Pass,0,0.9999857,0.07515833,0,0.9863921
8753,Pass,0,0.9434541,0.5406171,0,0.8396605
8754,Pass,0,0.99420506,0.45086318,0,0.9033131
8755,Pass,0,0.2790536,1.0620096,0,0.21821381
8756,Pass,0,0.99952745,0.22025608,0,0.95589703
8757,Pass,0,0.24827519,1.1009598,0,0.19214253
8758,Pass,0,0.994484,0.32266122,0,0.92997736
8759,Pass,0,0.99969757,0.23158625,0,0.95371336
8760,Pass,0,0.9999896,0.15247363,0,0.9703801
8761,Pass,0,0.89732265,0.6651728,0,0.77545154
8762,Pass,0,0.99999666,0.15095818,0,0.9707009
8763,Pass,0,0.99981886,0.055241685,0,0.9903526
8764,Pass,0,0.9890942,0.52301764,0,0.88388556
8765,Pass,0,0.9513673,0.7534678,0,0.8047551
8766,Pass,0,0.9415763,0.5521815,0,0.8357337
8767,Pass,0,0.99999964,0.07115944,0,0.98723423
8768,Pass,0,0.99375004,0.5996637,0,0.872268
8769,Pass,0,0.99984133,0.09799671,0,0.98151946
8770,Pass,0,0.9935127,0.7111524,0,0.8491144
8771,Pass,0,0.23373966,0.8572676,0,0.19269282
8772,Pass,0,0.99999714,0.11834021,0,0.97745824
8773,Pass,0,0.9729697,0.69786584,0,0.8342351
8774,Pass,0,0.99256825,0.32986894,0,0.9267039
8775,Pass,0,0.99997675,0.33540124,0,0.93247473
8776,Pass,0,0.92293745,0.34855124,0,0.85812175
8777,Pass,0,0.99830073,0.4375606,0,0.90978533
8778,Pass,0,0.9999932,0.1514201,0,0.97060186
8779,Pass,0,0.99545825,0.28341022,0,0.93898237
8780,Pass,0,0.9999974,0.093970425,0,0.9825067
8781,Pass,0,0.9999567,0.44184425,0,0.9104071
8782,Pass,0,0.93182707,0.36292246,0,0.863613
8783,Pass,0,0.9996325,0.46849832,0,0.9045925
8784,Pass,0,0.97374946,0.7178755,0,0.8308674
8785,Pass,0,0.97109795,0.3534127,0,0.90192205
8786,Pass,0,0.9875351,1.0955383,0,0.7653719
8787,Pass,0,0.99993813,0.1536319,0,0.97009027
8788,Pass,0,0.9999454,0.27111688,0,0.94576144
8789,Pass,0,0.99903774,0.4805173,0,0.901567
8790,Pass,0,0.96158004,0.65525544,0,0.83295715
8791,Pass,0,0.99999785,0.1380827,0,0.97336924
8792,Pass,0,0.34504902,1.1341568,0,0.26466388
8793,Pass,0,0.9999876,0.15815665,0,0.9692009
8794,Pass,0,0.99988174,0.25544304,0,0.94894767
8795,Pass,0,0.9513314,0.6877366,0,0.81767833
8796,Pass,0,0.99987805,0.32580566,0,0.93437016
8797,Pass,0,0.9996704,0.20579933,0,0.95902747
8798,Pass,0,0.99863404,0.29359505,0,0.9398711
8799,Pass,0,0.927406,0.63933325,0,0.80641323
8800,Pass,0,0.9364953,0.6744413,0,0.80750585
8801,Pass,0,0.9999901,0.13489936,0,0.9740211
8802,Pass,0,0.999987,0.1047392,0,0.98026574
8803,Pass,0,0.6509173,1.2343936,0,0.485759
8804,Pass,0,0.24937607,0.9002226,0,0.20336434
8805,Pass,0,0.9960763,0.13315934,0,0.970568
8806,Pass,0,0.983092,0.5336149,0,0.8763637
8807,Pass,0,0.95470834,0.58823967,0,0.84025836
8808,Pass,0,0.8804455,0.473557,0,0.7958146
8809,Pass,0,0.9999956,0.07903136,0,0.9855996
8810,Pass,0,0.99827814,0.36923432,0,0.9238943
8811,Pass,0,0.99997425,0.02264941,0,0.9972579
8812,Pass,0,0.9983708,0.45070747,0,0.90713024
8813,Pass,0,0.7865808,0.81887627,0,0.6547055
8814,Pass,0,0.7170828,0.7187666,0,0.6117301
8815,Pass,0,0.99667054,0.37542504,0,0.92112833
8816,Pass,0,0.9959388,0.31192976,0,0.9335517
8817,Pass,0,0.99981827,0.23398179,0,0.95333236
8818,Pass,0,0.94436127,0.55710864,0,0.8372417
8819,Pass,0,0.8741003,0.70200366,0,0.74871415
8820,Pass,0,0.82093066,0.68357795,0,0.7063049
8821,Pass,0,0.9984043,0.31827384,0,0.93455076
8822,Pass,0,0.9907197,0.8057778,0,0.8273074
8823,Pass,0,0.96651834,0.23035486,0,0.92230684
8824,Pass,0,0.7289971,2.5870926,0,0.33975217
8825,Pass,0,0.99999523,0.17770763,0,0.96515834
8826,Pass,0,0.60696566,0.5074247,0,0.5443641
8827,Pass,0,0.85594153,0.56694376,0,0.7571076
8828,Pass,0,0.99859387,0.9875718,0,0.7962768
8829,Pass,0,0.9999809,0.10739964,0,0.9797087
8830,Pass,0,0.9999994,0.15513474,0,0.9698384
8831,Pass,0,0.99988353,0.26226303,0,0.94753677
8832,Pass,0,0.99948597,0.2113294,0,0.95770556
8833,Pass,0,0.99811614,0.39501604,0,0.91841364
8834,Pass,0,0.9996612,0.12030058,0,0.9767239
8835,Pass,0,0.95264953,0.30689043,0,0.8939687
8836,Pass,0,0.99974173,0.046227682,0,0.992143
8837,Pass,0,0.9999987,0.07303007,0,0.9868458
8838,Pass,0,0.9999988,0.079888545,0,0.9854252
8839,Pass,0,0.9123547,0.85128593,0,0.75326735
8840,Pass,0,0.7702469,0.6855553,0,0.66238254
8841,Pass,0,0.79599714,0.7175594,0,0.6792495
8842,Pass,0,0.3909084,0.57214946,0,0.3453494
8843,Pass,0,0.7713919,0.69030803,0,0.6626077
8844,Pass,0,0.9999999,0.0396519,0,0.99376136
8845,Pass,0,0.9998204,0.35789865,0,0.9276694
8846,Pass,0,0.9814855,0.66881603,0,0.8474429
8847,Pass,0,0.99986374,0.14477313,0,0.97185296
8848,Pass,0,0.74814284,0.7292049,0,0.63660914
8849,Pass,0,0.999974,0.3937849,0,0.9203782
8850,Pass,0,0.99997306,0.1308706,0,0.97483903
8851,Pass,0,0.9939275,0.69968873,0,0.8518292
8852,Pass,0,0.99620855,0.35232392,0,0.9254686
8853,Pass,0,0.9999962,0.067456394,0,0.98799795
8854,Pass,0,0.9999962,0.115988925,0,0.9779443
8855,Pass,0,0.9975431,0.1859329,0,0.96109194
8856,Pass,0,0.9063411,0.77816886,0,0.76203007
8857,Pass,0,0.9999355,0.2829525,0,0.9433004
8858,Pass,0,0.99975294,0.24107978,0,0.9518001
8859,Pass,0,0.9997335,0.20518516,0,0.9592152
8860,Pass,0,0.98655474,0.342609,0,0.91848576
8861,Pass,0,0.99998975,0.13809712,0,0.9733584
8862,Pass,0,0.9997539,0.06246026,0,0.98879325
8863,Pass,0,0.99989104,0.3827137,0,0.92259496
8864,Pass,0,0.9972963,0.25530735,0,0.94652194
8865,Pass,0,0.9996495,0.14633435,0,0.97132146
8866,Pass,0,0.99998784,0.09533903,0,0.98221385
8867,Pass,0,0.9999548,0.07728755,0,0.9859206
8868,Pass,0,0.1679447,1.4981883,0,0.116154395
8869,Pass,0,0.9999753,0.030032204,0,0.9957296
8870,Pass,0,0.99983585,0.39959267,0,0.9190482
8871,Pass,0,0.99999857,0.06762108,0,0.9879662
8872,Pass,0,0.9999994,0.05863865,0,0.9898277
8873,Pass,0,0.8450962,1.690779,0,0.55077225
8874,Pass,0,0.9999976,0.20977071,0,0.95851874
8875,Pass,0,0.99998665,0.20737185,0,0.9590051
8876,Pass,0,0.99829286,0.3971652,0,0.9181318
8877,Pass,0,0.99999475,0.07989721,0,0.9854194
8878,Pass,0,0.9998859,0.15483299,0,0.9697909
8879,Pass,0,0.9998442,0.232638,0,0.9536354
8880,Pass,0,0.9999989,0.12838452,0,0.9753792
8881,Pass,0,0.99987686,0.13106652,0,0.9747047
8882,Pass,0,0.9998202,0.19987027,0,0.96039915
8883,Pass,0,0.83759636,1.2928606,0,0.6149271
8884,Pass,0,0.99905866,0.27026445,0,0.9450991
8885,Pass,0,0.973556,0.71328855,0,0.8316274
8886,Pass,0,0.3571165,0.4872423,0,0.32177705
8887,Pass,0,1.0,0.04024046,0,0.9936395
8888,Pass,0,0.99781895,0.20321836,0,0.9577848
8889,Pass,0,0.9542685,0.7098493,0,0.8158316
8890,Pass,0,0.9999993,0.12787828,0,0.9754845
8891,Pass,0,0.64218813,0.70538396,0,0.54961914
8892,Pass,0,0.99979764,0.29054055,0,0.94159883
8893,Pass,0,0.99457365,0.33884495,0,0.9267268
8894,Pass,0,0.99996364,0.41652936,0,0.9156572
8895,Pass,0,0.9999974,0.07097771,0,0.9872697
8896,Pass,0,0.20507982,0.77962065,0,0.17236456
8897,Pass,0,0.80456966,2.162202,0,0.44578883
8898,Pass,0,0.4832407,0.6538382,0,0.41874334
8899,Pass,0,0.99980766,0.4870474,0,0.9009093
8900,Pass,0,0.9998745,0.16793425,0,0.9670661
8901,Pass,0,0.9999939,0.045157716,0,0.9926149
8902,Pass,0,0.29295963,1.3052555,0,0.2143261
8903,Pass,0,0.99996996,0.14883326,0,0.9711152
8904,Pass,0,0.9991786,0.32401162,0,0.93408793
8905,Pass,0,0.99989426,0.1498761,0,0.9708257
8906,Pass,0,0.99991095,0.17902187,0,0.96480477
8907,Pass,0,0.9999851,0.2384659,0,0.9525626
8908,Pass,0,0.9990809,0.51474005,0,0.89452314
8909,Pass,0,0.9998983,0.08105339,0,0.9850849
8910,Pass,0,0.99658173,0.28968722,0,0.9387463
8911,Pass,0,0.92929095,0.78469807,0,0.7800689
8912,Pass,0,0.94969374,0.11303308,0,0.9293327
8913,Pass,0,0.95511395,0.47476926,0,0.8630659
8914,Pass,0,0.99835336,0.31536868,0,0.9351039
8915,Pass,0,0.9986841,0.112158,0,0.97745377
8916,Pass,0,0.9997907,0.11238984,0,0.97848886
8917,Pass,0,0.9995912,0.21287279,0,0.9574868
8918,Pass,0,0.21784388,1.4072593,0,0.15476914
8919,Pass,0,0.99999905,0.0807558,0,0.98524576
8920,Pass,0,0.9981875,0.6884089,0,0.8578126
8921,Pass,0,0.999726,0.20506111,0,0.9592337
8922,Pass,0,0.9999765,0.17879671,0,0.9649147
8923,Pass,0,0.9226354,1.4935002,0,0.63901174
8924,Pass,0,0.99991655,0.103718765,0,0.9804081
8925,Pass,0,0.83418304,0.5271426,0,0.7447393
8926,Pass,0,0.57861274,0.46236807,0,0.524336
8927,Pass,0,0.99506015,0.35988653,0,0.9228429
8928,Pass,0,0.99790996,0.37290978,0,0.9227937
8929,Pass,0,0.99999845,0.1141434,0,0.9783289
8930,Pass,0,0.9924574,0.27368668,0,0.9381508
8931,Pass,0,0.32632473,1.2062497,0,0.24542834
8932,Pass,0,0.3667364,1.298715,0,0.2687973
8933,Pass,0,0.2765145,0.9597507,0,0.22208571
8934,Pass,0,0.9999,0.14411402,0,0.97202474
8935,Pass,0,0.99955374,0.28287384,0,0.94295657
8936,Pass,0,0.93209916,0.4601754,0,0.845087
8937,Pass,0,0.99995947,0.27911517,0,0.9441179
8938,Pass,0,0.9999962,0.13241096,0,0.97454256
8939,Pass,0,0.99999833,0.22292036,0,0.9557954
8940,Pass,0,0.9999635,0.12051213,0,0.97697544
8941,Pass,0,0.9998846,0.36522835,0,0.9262108
8942,Pass,0,0.99998486,0.08985354,0,0.9833472
8943,Pass,0,0.9999993,0.11067481,0,0.9790482
8944,Pass,0,0.995902,0.24840361,0,0.9466229
8945,Pass,0,0.9999646,0.042109046,0,0.9932173
8946,Pass,0,0.9999206,0.33979127,0,0.931513
8947,Pass,0,0.9995728,0.14195938,0,0.9721528
8948,Pass,0,0.9934202,0.29848102,0,0.9339586
8949,Pass,0,0.99983966,0.14127015,0,0.97255504
8950,Pass,0,0.9992417,0.18717916,0,0.96247053
8951,Pass,0,0.99989784,0.13210014,0,0.9745111
8952,Pass,0,0.999511,0.5282327,0,0.8921146
8953,Pass,0,0.9997826,0.2580317,0,0.94831747
8954,Pass,0,0.9993343,0.29171854,0,0.94091856
8955,Pass,0,0.9998679,0.081665285,0,0.9849282
8956,Pass,0,0.99951386,0.33483174,0,0.93216103
8957,Pass,0,0.9692747,0.42298248,0,0.88626
8958,Pass,0,0.9999064,0.03826691,0,0.9939553
8959,Pass,0,0.99999774,0.04610677,0,0.99242204
8960,Pass,0,0.37989488,1.0687615,0,0.29653814
8961,Pass,0,0.99822,0.38027346,0,0.9215577
8962,Pass,0,0.22496009,1.2972008,0,0.16495374
8963,Pass,0,0.2794577,0.8573587,0,0.23037708
8964,Pass,0,0.99729496,0.29163393,0,0.9390159
8965,Pass,0,0.8146709,0.8500756,0,0.6728209
8966,Pass,0,0.21965297,0.8228632,0,0.18264532
8967,Pass,0,0.9999721,0.07167385,0,0.98710054
8968,Pass,0,0.9999944,0.08520413,0,0.9843197
8969,Pass,0,0.99865425,0.29855046,0,0.93886495
8970,Pass,0,0.49723983,1.1334599,0,0.38147098
8971,Pass,0,0.2641956,1.1147782,0,0.20370722
8972,Pass,0,0.9998989,0.11513286,0,0.97802657
8973,Pass,0,0.9990382,0.47927088,0,0.9018253
8974,Pass,0,0.9991761,0.40471128,0,0.91738224
8975,Pass,0,0.99384284,0.081728406,0,0.9789802
8976,Pass,0,0.99951935,0.039667107,0,0.99328065
8977,Pass,0,0.9975327,0.3976908,0,0.9173241
8978,Pass,0,0.9990963,0.2742406,0,0.94431174
8979,Pass,0,0.995427,0.14048094,0,0.9684256
8980,Pass,0,0.99997187,0.13077858,0,0.974857
8981,Pass,0,0.83599293,0.5610106,0,0.74048996
8982,Pass,0,0.2281084,1.1035464,0,0.17641303
8983,Pass,0,0.21504244,1.6224432,0,0.14319314
8984,Pass,0,0.99670994,0.17019124,0,0.9635394
8985,Pass,0,0.9999652,0.08128619,0,0.98510253
8986,Pass,0,0.8996743,0.72688997,0,0.7659816
8987,Pass,0,0.9997203,0.3218998,0,0.93503165
8988,Pass,0,0.98485535,0.4951294,0,0.8857872
8989,Pass,0,0.98480725,0.49436203,0,0.88590044
8990,Pass,0,0.9999583,0.092997566,0,0.9826698
8991,Pass,0,1.0,0.091899134,0,0.98293835
8992,Pass,0,0.7709241,0.82057863,0,0.6414019
8993,Pass,0,0.9968712,0.2685861,0,0.94337636
8994,Pass,0,0.9969567,0.4302836,0,0.91006327
8995,Pass,0,0.9990988,0.038062923,0,0.9931947
8996,Pass,0,0.9719311,0.77043587,0,0.8187335
8997,Pass,0,0.6270411,0.7670028,0,0.52865165
8998,Pass,0,0.9992052,0.2514913,0,0.9491235
8999,Pass,0,0.9791758,0.68227416,0,0.84271884
9000,Pass,0,0.9886757,0.2055796,0,0.94852483
9001,Pass,0,0.99979323,0.23908499,0,0.95225155
9002,Pass,0,0.9999999,0.053861406,0,0.9908178
9003,Pass,0,0.99999976,0.03983939,0,0.9937224
9004,Pass,0,0.4342424,1.4010557,0,0.30906945
9005,Pass,0,0.9999831,0.13803539,0,0.97336465
9006,Pass,0,0.6418518,2.3607953,0,0.3292264
9007,Pass,0,0.35002244,1.0277269,0,0.27619565
9008,Pass,0,0.99999833,0.06035086,0,0.989472
9009,Pass,0,0.99996996,0.04153876,0,0.99334073
9010,Pass,0,0.99992776,0.32278356,0,0.9350427
9011,Pass,0,0.99998736,0.13455154,0,0.97409046
9012,Pass,0,0.99996614,0.24123207,0,0.9519715
9013,Pass,0,0.99793375,0.50023806,0,0.8964939
9014,Pass,0,0.958231,0.25639343,0,0.90922993
9015,Pass,0,0.9998141,0.27600548,0,0.9446247
9016,Pass,0,0.8304224,0.9317919,0,0.67177266
9017,Pass,0,0.9997975,0.14815962,0,0.9710872
9018,Pass,0,0.46153793,0.87367207,0,0.3789192
9019,Pass,0,0.99940526,0.21857522,0,0.9561282
9020,Pass,0,0.9459898,0.8212135,0,0.78693056
9021,Pass,0,0.9947471,0.8392178,0,0.8237798
9022,Pass,0,0.9999224,0.2653865,0,0.9469266
9023,Pass,0,0.84475553,0.6483333,0,0.7329707
9024,Pass,0,0.4378271,0.94424677,0,0.3530519
9025,Pass,0,0.9935861,0.42320243,0,0.908444
9026,Pass,0,0.66951334,1.0664548,0,0.52292824
9027,Pass,0,0.99749964,0.44953448,0,0.90658104
9028,Pass,0,0.9876732,0.5996753,0,0.8669317
9029,Pass,0,0.8403234,0.7065555,0,0.71899
9030,Pass,0,0.93591166,0.6248078,0,0.8166253
9031,Pass,0,0.99995124,0.17211364,0,0.9662747
9032,Pass,0,0.9999492,0.113260075,0,0.97846365
9033,Pass,0,0.999816,0.15796699,0,0.96907395
9034,Pass,0,0.98556095,0.43731636,0,0.898225
9035,Pass,0,0.32361045,1.2731066,0,0.23890507
9036,Pass,0,0.9999975,0.16331963,0,0.968141
9037,Pass,0,0.99999785,0.1953507,0,0.96150607
9038,Pass,0,0.9996618,0.06183481,0,0.98883164
9039,Pass,0,0.98562187,0.56709194,0,0.87178373
9040,Pass,0,0.9999999,0.07143929,0,0.98717654
9041,Pass,0,0.999992,0.09156305,0,0.9830001
9042,Pass,0,0.9997595,0.30549207,0,0.93846637
9043,Pass,0,0.9999943,0.0789516,0,0.9856148
9044,Pass,0,0.19617946,1.390239,0,0.14006914
9045,Pass,0,0.9999981,0.14451265,0,0.9720375
9046,Pass,0,0.99452066,0.58518064,0,0.87592816
9047,Pass,0,0.9972799,0.511402,0,0.89360017
9048,Pass,0,0.99998605,0.049157947,0,0.99177843
9049,Pass,0,0.9995739,0.23782633,0,0.9523033
9050,Pass,0,0.99979657,0.3364527,0,0.932089
9051,Pass,0,0.9999596,0.12364783,0,0.97632205
9052,Pass,0,0.9999995,0.049409,0,0.99173975
9053,Pass,0,0.99999726,0.036473837,0,0.9944171
9054,Pass,0,0.9999999,0.07487106,0,0.98646563
9055,Pass,0,0.99995744,0.06237049,0,0.9890132
9056,Pass,0,0.9711165,0.6357566,0,0.8451406
9057,Pass,0,0.9163304,1.6496624,0,0.6050023
9058,Pass,0,0.37988266,0.85001004,0,0.3137429
9059,Pass,0,0.99998105,0.23331457,0,0.9536258
9060,Pass,0,0.9984285,0.47225842,0,0.90272534
9061,Pass,0,0.99885833,0.237656,0,0.9516568
9062,Pass,0,0.9566182,0.669305,0,0.8258749
9063,Pass,0,0.99995875,0.12655568,0,0.9757189
9064,Pass,0,0.915673,0.7660358,0,0.7721775
9065,Pass,0,0.99638236,0.3995054,0,0.9158917
9066,Pass,0,0.9991756,0.44035286,0,0.9100047
9067,Pass,0,0.97558707,0.65296453,0,0.8455536
9068,Pass,0,0.9999124,0.021116717,0,0.99751365
9069,Pass,0,0.9999963,0.08233787,0,0.9849153
9070,Pass,0,0.93897897,0.5734195,0,0.82929724
9071,Pass,0,0.9998319,0.21259028,0,0.95777595
9072,Pass,0,0.99999344,0.09943726,0,0.9813704
9073,Pass,0,1.0,0.06509656,0,0.9884905
9074,Pass,0,0.9794288,0.25881433,0,0.9288526
9075,Pass,0,0.9999316,0.18209326,0,0.96418846
9076,Pass,0,0.9997726,0.105258316,0,0.9799481
9077,Pass,0,0.99995065,0.355783,0,0.92822844
9078,Pass,0,0.9997969,0.26119417,0,0.94767606
9079,Pass,0,0.9999635,0.13718353,0,0.97352207
9080,Pass,0,0.9999982,0.08490187,0,0.984386
9081,Pass,0,0.9999876,0.09844416,0,0.98157036
9082,Pass,0,0.98875004,0.35666817,0,0.9176499
9083,Pass,0,0.9969463,0.1939592,0,0.9588593
9084,Pass,0,0.9132661,1.4186214,0,0.6466885
9085,Pass,0,0.9958683,0.22022222,0,0.9524046
9086,Pass,0,0.99995244,0.15837854,0,0.9691209
9087,Pass,0,0.9999999,0.04787801,0,0.99205726
9088,Pass,0,0.99964976,0.2244739,0,0.9551406
9089,Pass,0,0.98838717,0.5366738,0,0.8804577
9090,Pass,0,0.99999964,0.08997622,0,0.9833363
9091,Pass,0,0.96612465,0.8618787,0,0.79554147
9092,Pass,0,0.7531273,0.9695715,0,0.60335046
9093,Pass,0,0.9998343,0.06242568,0,0.9888799
9094,Pass,0,0.9998709,0.05206072,0,0.991063
9095,Pass,0,0.9989857,0.5738671,0,0.882202
9096,Pass,0,0.56701463,0.8986254,0,0.46258384
9097,Pass,0,0.99636286,0.33495086,0,0.9291977
9098,Pass,0,0.9999933,0.220569,0,0.9562777
9099,Pass,0,0.9999808,0.08516918,0,0.98431355
9100,Pass,0,0.27972788,0.86112857,0,0.23038135
9101,Pass,0,0.9852824,0.3756679,0,0.9105538
9102,Pass,0,0.9999294,0.36341643,0,0.92662764
9103,Pass,0,0.99945885,0.29783916,0,0.9397686
9104,Pass,0,0.99991024,0.124396056,0,0.9761189
9105,Pass,0,0.9999968,0.054859556,0,0.990608
9106,Pass,0,0.85680574,1.0956342,0,0.6640354
9107,Pass,0,0.9996786,0.3692695,0,0.9251831
9108,Pass,0,0.99707603,0.3957963,0,0.91729546
9109,Pass,0,0.99124473,0.31545874,0,0.9284271
9110,Pass,0,0.99997485,0.038370572,0,0.9940019
9111,Pass,0,0.99957687,0.21220554,0,0.95761126
9112,Pass,0,0.99985707,0.22649711,0,0.95491964
9113,Pass,0,0.42718914,1.1283646,0,0.32818058
9114,Pass,0,0.9918065,0.7117448,0,0.8475345
9115,Pass,0,0.99996984,0.32987276,0,0.93361354
9116,Pass,0,0.99786866,0.24511665,0,0.9491717
9117,Pass,0,0.6337571,1.1175818,0,0.48828843
9118,Pass,0,0.99982846,0.18239951,0,0.9640256
9119,Pass,0,0.9974706,0.8252785,0,0.8289154
9120,Pass,0,0.95610464,0.50808316,0,0.8573629
9121,Pass,0,0.79580307,0.79733264,0,0.66593313
9122,Pass,0,0.9534606,0.7699567,0,0.803269
9123,Pass,0,0.9372291,1.7153089,0,0.6060554
9124,Pass,0,0.9996105,0.24892075,0,0.9500408
9125,Pass,0,0.99988806,0.14519332,0,0.9717896
9126,Pass,0,0.99873966,0.2050027,0,0.9582994
9127,Pass,0,0.9996588,0.02338665,0,0.9967906
9128,Pass,0,0.99996495,0.07167281,0,0.9870937
9129,Pass,0,0.67539144,1.0220343,0,0.5337342
9130,Pass,0,0.9312388,0.9230907,0,0.7550069
9131,Pass,0,0.9999981,0.11504611,0,0.97814155
9132,Pass,0,0.99988806,0.2263274,0,0.9549843
9133,Pass,0,0.924204,0.39652687,0,0.8501144
9134,Pass,0,0.999984,0.15785295,0,0.9692604
9135,Pass,0,0.99229795,0.80041236,0,0.82972825
9136,Pass,0,0.9998128,0.17557608,0,0.9654237
9137,Pass,0,0.47939736,1.1459169,0,0.36654556
9138,Pass,0,0.9996437,0.18027306,0,0.96428776
9139,Pass,0,0.99999607,0.06783737,0,0.9879189
9140,Pass,0,0.8060786,0.58924055,0,0.7092791
9141,Pass,0,0.9997286,0.23882858,0,0.95224315
9142,Pass,0,0.95426774,0.2626523,0,0.90423214
9143,Pass,0,0.9997814,0.31369597,0,0.9367879
9144,Pass,0,0.86644405,0.58168256,0,0.76375204
9145,Pass,0,0.9999982,0.15743978,0,0.96935976
9146,Pass,0,0.9981166,0.0805883,0,0.98342574
9147,Pass,0,0.99990237,0.06540834,0,0.98832947
9148,Pass,0,0.9999716,0.09771135,0,0.9817065
9149,Pass,0,0.9998981,0.48459557,0,0.9014986
9150,Pass,0,0.99928206,0.22775972,0,0.9541091
9151,Pass,0,0.99000657,0.3280105,0,0.9246933
9152,Pass,0,0.90836793,0.8534767,0,0.7495635
9153,Pass,0,0.99094874,0.34387183,0,0.9223173
9154,Pass,0,0.9992512,0.26082724,0,0.94723475
9155,Pass,0,0.9996226,0.14032413,0,0.97253984
9156,Pass,0,0.9999831,0.16723269,0,0.96731645
9157,Pass,0,0.99982446,0.06862118,0,0.98758703
9158,Pass,0,0.9952304,0.0637748,0,0.9840483
9159,Pass,0,0.9947718,0.1377104,0,0.96835905
9160,Pass,0,0.9999999,0.047904566,0,0.9920518
9161,Pass,0,0.4439779,0.47477514,0,0.40118945
9162,Pass,0,0.999979,0.10355391,0,0.9805035
9163,Pass,0,0.9999685,0.1676214,0,0.96722186
9164,Pass,0,0.99999654,0.15145521,0,0.97059786
9165,Pass,0,0.99756193,0.2517487,0,0.9475094
9166,Pass,0,0.999863,0.024006993,0,0.99686575
9167,Pass,0,0.9998702,0.24204867,0,0.951711
9168,Pass,0,0.9999114,0.31405914,0,0.9368345
9169,Pass,0,0.3695087,0.87060165,0,0.30359894
9170,Pass,0,0.99997056,0.20008297,0,0.9604995
9171,Pass,0,0.9604312,2.4608762,0,0.47272438
9172,Pass,0,0.9997142,0.2596967,0,0.94790775
9173,Pass,0,0.99995124,0.32984984,0,0.93360084
9174,Pass,0,0.9999151,0.14273787,0,0.97232443
9175,Pass,0,0.95452064,1.3460186,0,0.69025695
9176,Pass,0,0.9998343,0.24267167,0,0.9515478
9177,Pass,0,0.99559057,0.34101567,0,0.9272267
9178,Pass,0,0.9972662,0.4806525,0,0.8999403
9179,Pass,0,0.9997279,0.16669217,0,0.9671816
9180,Pass,0,0.99994266,0.15634872,0,0.9695319
9181,Pass,0,0.26563618,1.5418762,0,0.18131603
9182,Pass,0,0.9999989,0.0840228,0,0.9845689
9183,Pass,0,0.99995995,0.077498086,0,0.98588204
9184,Pass,0,0.9982729,0.40037555,0,0.9174496
9185,Pass,0,0.7666978,0.57437295,0,0.6769888
9186,Pass,0,0.9941275,0.20913403,0,0.95302325
9187,Pass,0,0.65044045,0.7179135,0,0.5549937
9188,Pass,0,0.99061185,0.38634056,0,0.9132889
9189,Pass,0,0.9999981,0.08521111,0,0.98432195
9190,Pass,0,0.9937748,0.6262235,0,0.86682206
9191,Pass,0,0.9249891,3.2253044,0,0.3088052
9192,Pass,0,0.6332399,1.3290422,0,0.46015126
9193,Pass,0,0.99991894,0.2105599,0,0.95827985
9194,Pass,0,0.9971072,0.4391318,0,0.90837306
9195,Pass,0,0.9987889,0.31909493,0,0.93474084
9196,Pass,0,0.9944153,0.2326158,0,0.948462
9197,Pass,0,0.99814963,0.07352492,0,0.9849188
9198,Pass,0,0.9730819,0.5395962,0,0.8662346
9199,Pass,0,0.99999964,0.11599827,0,0.9779458
9200,Pass,0,0.9970937,0.25061423,0,0.947299
9201,Pass,0,0.99999976,0.07958256,0,0.9854895
9202,Pass,0,0.965331,0.3379359,0,0.8996609
9203,Pass,0,0.99993086,0.097787075,0,0.98165077
9204,Pass,0,0.99998236,0.08537606,0,0.98427224
9205,Pass,0,0.9999293,0.35497025,0,0.92837703
9206,Pass,0,0.84557337,0.5078538,0,0.75828695
9207,Pass,0,0.99998856,0.05770309,0,0.9900108
9208,Pass,0,0.29815942,1.4860387,0,0.20696428
9209,Pass,0,0.99956805,0.15470567,0,0.9695089
9210,Pass,0,0.9999101,0.18578143,0,0.9634038
9211,Pass,0,0.7007412,0.79745626,0,0.5863668
9212,Pass,0,0.9999875,0.056386203,0,0.99028254
9213,Pass,0,0.9999945,0.0672086,0,0.9880476
9214,Pass,0,0.99996316,0.05100672,0,0.99137276
9215,Pass,0,0.99859434,0.27813327,0,0.94303215
9216,Pass,0,0.6801204,1.2017974,0,0.5121448
9217,Pass,0,0.9709489,0.550232,0,0.86219656
9218,Pass,0,0.85273165,0.29644096,0,0.80205137
9219,Pass,0,0.99727005,0.46198708,0,0.90379983
9220,Pass,0,0.656391,3.9960716,0,0.114331186
9221,Pass,0,0.99752647,0.6358541,0,0.8681044
9222,Pass,0,0.99983716,0.18053702,0,0.9644198
9223,Pass,0,0.9935801,0.46460626,0,0.8999166
9224,Pass,0,0.998589,0.26019606,0,0.9467375
9225,Pass,0,0.99978024,0.19988301,0,0.96035814
9226,Pass,0,0.9999994,0.049904015,0,0.9916371
9227,Pass,0,0.98839825,0.4873581,0,0.89056486
9228,Pass,0,0.9998223,0.1990547,0,0.96057016
9229,Pass,0,0.99999106,0.1585743,0,0.9691178
9230,Pass,0,0.98452157,0.15188767,0,0.95548964
9231,Pass,0,0.99912053,0.40720713,0,0.9168146
9232,Pass,0,0.9985441,0.39852417,0,0.91808176
9233,Pass,0,0.2764143,0.7664487,0,0.23307368
9234,Pass,0,0.9927676,0.238052,0,0.9457724
9235,Pass,0,0.9767818,0.0999106,0,0.95849526
9236,Pass,0,0.3861869,1.0539172,0,0.30263707
9237,Pass,0,0.51175207,0.9426318,0,0.4128342
9238,Pass,0,0.99999905,0.079198726,0,0.9855683
9239,Pass,0,0.99998605,0.11006718,0,0.97916114
9240,Pass,0,0.99806064,0.23662636,0,0.9511097
9241,Pass,0,0.9999902,0.06423,0,0.9886604
9242,Pass,0,0.99999976,0.07534892,0,0.9863665
9243,Pass,0,0.831085,0.98618996,0,0.6629435
9244,Pass,0,0.9999223,0.10096637,0,0.9809838
9245,Pass,0,0.99997187,0.06423878,0,0.9886404
9246,Pass,0,0.7044151,0.90837944,0,0.57325506
9247,Pass,0,0.9999038,0.35668993,0,0.9279971
9248,Pass,0,0.37121433,0.84942055,0,0.3066291
9249,Pass,0,0.99999297,0.09732836,0,0.98180676
9250,Pass,0,0.9998627,0.32120574,0,0.9353086
9251,Pass,0,0.3629306,0.89135224,0,0.2966341
9252,Pass,0,0.7415424,0.52189726,0,0.6628376
9253,Pass,0,0.89967555,0.6303261,0,0.7839792
9254,Pass,0,0.99866533,0.26668343,0,0.9454679
9255,Pass,0,0.99979514,0.3758668,0,0.92392457
9256,Pass,0,0.2748171,1.1627891,0,0.2091637
9257,Pass,0,0.6600837,1.7377546,0,0.42377126
9258,Pass,0,0.9998901,0.5431868,0,0.8893555
9259,Pass,0,0.82208055,0.6681792,0,0.70991653
9260,Pass,0,0.99956566,0.18736619,0,0.9627438
9261,Pass,0,0.9999256,0.13605842,0,0.9737182
9262,Pass,0,0.9999094,0.17662773,0,0.9652992
9263,Pass,0,0.9996259,0.046523146,0,0.99196684
9264,Pass,0,1.0,0.113067284,0,0.9785533
9265,Pass,0,0.9996575,0.02651425,0,0.9961417
9266,Pass,0,0.8781876,0.72154903,0,0.74865943
9267,Pass,0,0.99984944,0.17605086,0,0.96536076
9268,Pass,0,0.9987066,0.05202403,0,0.9899165
9269,Pass,0,0.9940057,0.13630411,0,0.96790284
9270,Pass,0,0.7369168,1.5014808,0,0.5091659
9271,Pass,0,0.9999118,3.7971833,0,0.21536256
9272,Pass,0,0.9999925,0.014995724,0,0.99886155
9273,Pass,0,0.5617107,0.8468072,0,0.46428633
9274,Pass,0,0.999403,0.13038796,0,0.9743833
9275,Pass,0,0.99912196,0.08418437,0,0.983672
9276,Pass,0,0.93287075,0.36286196,0,0.86459196
9277,Pass,0,0.9996933,0.22845285,0,0.95435816
9278,Pass,0,0.9961357,0.64747566,0,0.864496
9279,Pass,0,0.8729389,0.5494051,0,0.77531385
9280,Pass,0,0.39908588,0.8040929,0,0.33339876
9281,Pass,0,0.992405,0.09805117,0,0.9742082
9282,Pass,0,0.51503956,0.6976187,0,0.44162706
9283,Pass,0,0.76370645,1.1399722,0,0.5848678
9284,Pass,0,0.9999529,0.24181652,0,0.95183784
9285,Pass,0,0.99936825,0.21655802,0,0.95651037
9286,Pass,0,0.94686,0.8950008,0,0.77318156
9287,Pass,0,0.99991226,0.19890703,0,0.96068716
9288,Pass,0,0.44265398,1.5190241,0,0.30423903
9289,Pass,0,0.89055586,0.62862056,0,0.7763469
9290,Pass,0,0.93597335,1.5034174,0,0.64632666
9291,Pass,0,0.5592938,0.83997875,0,0.46307975
9292,Pass,0,0.9995839,0.13749151,0,0.97308874
9293,Pass,0,0.54797095,0.6072102,0,0.48012704
9294,Pass,0,0.99814534,0.12959671,0,0.9733207
9295,Pass,0,0.99999917,0.10796075,0,0.9796103
9296,Pass,0,0.83466774,1.2367536,0,0.6224781
9297,Pass,0,0.62227577,0.4579965,0,0.5644667
9298,Pass,0,0.49962625,0.7422585,0,0.42379057
9299,Pass,0,0.41117522,1.1701919,0,0.3123155
9300,Pass,0,0.99559915,0.43042627,0,0.90879464
9301,Pass,0,0.9999764,0.14739867,0,0.97141856
9302,Pass,0,0.99999654,0.14848438,0,0.9712133
9303,Pass,0,0.99999666,0.1166011,0,0.977818
9304,Pass,0,0.9992623,0.10576868,0,0.9793422
9305,Pass,0,0.99994695,0.024787901,0,0.99678767
9306,Pass,0,0.9999707,0.010745191,0,0.9997202
9307,Pass,0,0.99973077,0.22989862,0,0.9540945
9308,Pass,0,0.9058577,0.8545439,0,0.7472918
9309,Pass,0,0.996816,0.25581285,0,0.9459617
9310,Pass,0,0.9999025,0.29387563,0,0.9410067
9311,Pass,0,0.99998736,0.113116585,0,0.97853076
9312,Pass,0,0.99914014,0.05490056,0,0.9897509
9313,Pass,0,0.82682276,0.38913083,0,0.76180655
9314,Pass,0,0.9999902,0.16658078,0,0.9674584
9315,Pass,0,0.9999974,0.053397473,0,0.9909114
9316,Pass,0,0.87620187,2.5630622,0,0.41271925
9317,Pass,0,0.99698764,0.2109286,0,0.95539445
9318,Pass,0,0.99974066,0.20470385,0,0.9593218
9319,Pass,0,0.99994206,0.30080968,0,0.9396077
9320,Pass,0,0.5948331,0.46972898,0,0.5381277
9321,Pass,0,0.99995446,0.10396519,0,0.9803942
9322,Pass,0,0.43045795,1.0797309,0,0.33502847
9323,Pass,0,0.9891698,0.1599231,0,0.95835423
9324,Pass,0,0.99990296,0.044843495,0,0.9925897
9325,Pass,0,0.99999726,0.016789423,0,0.99849474
9326,Pass,0,0.99583805,0.3378218,0,0.9281161
9327,Pass,0,0.99998057,0.20262508,0,0.9599826
9328,Pass,0,0.9572069,0.4155292,0,0.8767036
9329,Pass,0,0.9980636,0.6691403,0,0.8616899
9330,Pass,0,0.73966455,0.6843428,0,0.6362687
9331,Pass,0,0.9981142,0.1613041,0,0.9667345
9332,Pass,0,0.6951746,0.8518727,0,0.57387245
9333,Pass,0,0.8412952,0.43257436,0,0.7675698
9334,Pass,0,0.30756128,1.0281147,0,0.2426657
9335,Pass,0,0.90354806,1.7014527,0,0.5868691
9336,Pass,0,0.8858868,0.84920776,0,0.731796
9337,Pass,0,0.9999634,0.12322682,0,0.976413
9338,Pass,0,0.999665,0.18849573,0,0.9626056
9339,Pass,0,0.9971219,0.85178465,0,0.82315063
9340,Pass,0,0.65178585,0.7254667,0,0.55512184
9341,Pass,0,0.99966204,0.2545332,0,0.9489276
9342,Pass,0,0.9108085,0.757903,0,0.76960987
9343,Pass,0,0.9724157,0.462091,0,0.881254
9344,Pass,0,0.5181843,0.6163878,0,0.4530431
9345,Pass,0,0.99997973,0.0821454,0,0.98493886
9346,Pass,0,0.9999335,0.113597706,0,0.97837836
9347,Pass,0,0.9998629,0.26922792,0,0.94607466
9348,Pass,0,0.9999881,0.020382488,0,0.9977412
9349,Pass,0,0.9972109,0.5124787,0,0.893316
9350,Pass,0,0.82549,0.9278695,0,0.6684533
9351,Pass,0,0.9999995,0.097456045,0,0.9817867
9352,Pass,0,0.9985158,0.3643695,0,0.9251204
9353,Pass,0,0.93890107,0.40223023,0,0.862524
9354,Pass,0,0.9949528,0.5023972,0,0.893371
9355,Pass,0,0.80704033,2.074016,0,0.46190065
9356,Pass,0,0.9999865,0.09835132,0,0.98158854
9357,Pass,0,0.9999981,0.06616593,0,0.9882671
9358,Pass,0,0.99997365,0.10175553,0,0.9808707
9359,Pass,0,0.9996581,0.033201456,0,0.9947575
9360,Pass,0,0.99862945,0.32160908,0,0.93407154
9361,Pass,0,0.99972755,0.094850756,0,0.9820593
9362,Pass,0,0.99997056,0.1372851,0,0.9735079
9363,Pass,0,0.96685475,0.44936988,0,0.87876225
9364,Pass,0,0.9999716,0.24316266,0,0.9515768
9365,Pass,0,0.9997296,0.13633089,0,0.97347087
9366,Pass,0,0.9999702,0.2532778,0,0.9494801
9367,Pass,0,0.535068,2.5748956,0,0.25072262
9368,Pass,0,0.87078995,2.3240793,0,0.45327917
9369,Pass,0,0.989833,0.13281539,0,0.9645551
9370,Pass,0,0.95357955,0.5660705,0,0.843644
9371,Pass,0,0.9999999,0.04172838,0,0.9933312
9372,Pass,0,0.9998797,0.047337662,0,0.99205
9373,Pass,0,0.9999788,0.053460345,0,0.99087995
9374,Pass,0,0.9999473,0.05489487,0,0.99055165
9375,Pass,0,0.9848461,0.51655334,0,0.88140815
9376,Pass,0,0.998798,0.84369105,0,0.82620895
9377,Pass,0,0.9552556,0.2510688,0,0.9074604
9378,Pass,0,0.99977547,0.1663709,0,0.9672941
9379,Pass,0,0.9999951,0.03407502,0,0.99491185
9380,Pass,0,0.96853167,1.3816838,0,0.6932333
9381,Pass,0,0.9973007,0.3283241,0,0.9314414
9382,Pass,0,0.9999573,0.079379655,0,0.9854897
9383,Pass,0,0.9975568,0.4577794,0,0.9049292
9384,Pass,0,0.99990463,0.13088885,0,0.9747686
9385,Pass,0,0.9999006,0.18410721,0,0.9637414
9386,Pass,0,0.9998468,0.14404482,0,0.97198737
9387,Pass,0,0.9992182,0.42138708,0,0.9139692
9388,Pass,0,0.5552245,0.8409962,0,0.45959345
9389,Pass,0,0.72541326,1.4939204,0,0.50235367
9390,Pass,0,0.9758965,0.3973425,0,0.897498
9391,Pass,0,0.9999654,0.11185037,0,0.97877157
9392,Pass,0,0.99998534,0.032921374,0,0.9951411
9393,Pass,0,0.99996567,0.10223821,0,0.9807629
9394,Pass,0,0.9999598,0.16922168,0,0.966882
9395,Pass,0,0.98801816,0.58262014,0,0.8707251
9396,Pass,0,0.99955565,0.20134276,0,0.9598402
9397,Pass,0,0.8994746,0.7843743,0,0.75510067
9398,Pass,0,0.99999976,0.03598763,0,0.9945203
9399,Pass,0,0.9999223,0.20722681,0,0.9589734
9400,Pass,0,0.9999685,0.15449959,0,0.96994
9401,Pass,0,0.9898319,0.2769974,0,0.93499017
9402,Pass,0,0.97966367,0.37601504,0,0.9052907
9403,Pass,0,0.9999589,0.34417465,0,0.9306407
9404,Pass,0,0.9999993,0.12846872,0,0.9753622
9405,Pass,0,0.287976,1.4730442,0,0.20067073
9406,Pass,0,0.99999976,0.042428643,0,0.993186
9407,Pass,0,0.99998844,0.07616563,0,0.9861862
9408,Pass,0,0.9999969,0.060185235,0,0.9895049
9409,Pass,0,0.9968509,0.21245511,0,0.95494825
9410,Pass,0,0.30093804,0.9524892,0,0.24215445
9411,Pass,0,0.9986761,0.35014534,0,0.9282117
9412,Pass,0,0.42702025,0.9268596,0,0.3458756
9413,Pass,0,0.9998677,0.03298521,0,0.9950108
9414,Pass,0,0.88751924,0.92246866,0,0.71967536
9415,Pass,0,0.99958783,0.4717852,0,0.9038715
9416,Pass,0,0.9998473,0.63183117,0,0.8709574
9417,Pass,0,0.9929911,0.5451895,0,0.8828072
9418,Pass,0,0.9693103,2.16908,0,0.5356857
9419,Pass,0,0.99998975,0.12543349,0,0.97598165
9420,Pass,0,0.9999641,0.220743,0,0.9562138
9421,Pass,0,0.8662427,0.78710127,0,0.7267134
9422,Pass,0,0.7358863,0.86279094,0,0.6058159
9423,Pass,0,0.99806744,0.12967825,0,0.97322786
9424,Pass,0,0.9999486,0.2077596,0,0.95888835
9425,Pass,0,0.9475754,0.6212482,0,0.8275012
9426,Pass,0,0.3389303,1.4115157,0,0.24049722
9427,Pass,0,0.99897003,0.23453844,0,0.9524084
9428,Pass,0,0.99973935,0.2724982,0,0.94528043
9429,Pass,0,0.9307387,0.5979767,0,0.8172848
9430,Pass,0,0.32894674,1.3544366,0,0.2373026
9431,Pass,0,0.9385392,1.7308909,0,0.6038731
9432,Pass,0,0.99999416,0.11947103,0,0.9772211
9433,Pass,0,0.9999807,0.11085832,0,0.97899204
9434,Pass,0,0.9998865,0.1197419,0,0.9770597
9435,Pass,0,0.9999987,0.17115106,0,0.9665199
9436,Pass,0,0.7425616,0.7545604,0,0.62795967
9437,Pass,0,0.97206026,0.72132635,0,0.82873124
9438,Pass,0,0.99654263,0.32087472,0,0.93227124
9439,Pass,0,0.9999994,0.23950674,0,0.9523606
9440,Pass,0,0.99942774,0.3637614,0,0.9260913
9441,Pass,0,0.9983796,0.34571275,0,0.9288528
9442,Pass,0,0.9996439,0.18147306,0,0.96403956
9443,Pass,0,0.99999166,0.08438941,0,0.98448575
9444,Pass,0,0.9775054,0.6155859,0,0.8547851
9445,Pass,0,0.9999919,0.06643907,0,0.9882045
9446,Pass,0,0.9999783,0.15885219,0,0.96904784
9447,Pass,0,0.9999335,0.17865668,0,0.96490216
9448,Pass,0,0.99973935,0.10201482,0,0.98058724
9449,Pass,0,0.9999801,0.2583005,0,0.9484491
9450,Pass,0,0.99435014,0.36653954,0,0.92081404
9451,Pass,0,0.99999356,0.084665805,0,0.98443043
9452,Pass,0,0.99576074,0.4122062,0,0.9127005
9453,Pass,0,0.6223698,1.0718929,0,0.4854054
9454,Pass,0,0.9967051,0.07843309,0,0.98248
9455,Pass,0,0.9999865,0.12458626,0,0.97615397
9456,Pass,0,0.7747581,0.8958941,0,0.63250417
9457,Pass,0,0.778868,1.3796382,0,0.55781025
9458,Pass,0,0.99999654,0.05867806,0,0.9898167
9459,Pass,0,0.9999906,0.13551421,0,0.97389424
9460,Pass,0,0.9999982,0.10569853,0,0.98007804
9461,Pass,0,0.99997914,0.11948912,0,0.97720265
9462,Pass,0,0.9999887,0.08932061,0,0.9834613
9463,Pass,0,0.99981374,0.07034643,0,0.9872191
9464,Pass,0,0.97271776,0.4027725,0,0.89348054
9465,Pass,0,0.99969876,0.18506078,0,0.96334946
9466,Pass,0,0.75482404,1.8972726,0,0.45965147
9467,Pass,0,0.99998176,0.07840236,0,0.9857162
9468,Pass,0,0.45349622,0.891477,0,0.3706444
9469,Pass,0,0.99991083,0.04290004,0,0.99300003
9470,Pass,0,0.99998915,0.23895606,0,0.9524649
9471,Pass,0,0.9324276,0.8362627,0,0.7727419
9472,Pass,0,0.9999925,0.18168576,0,0.9643316
9473,Pass,0,0.9999312,0.2669968,0,0.94660145
9474,Pass,0,0.9999957,0.11481961,0,0.97818613
9475,Pass,0,0.3200755,0.9911922,0,0.25498754
9476,Pass,0,0.90933895,0.7006216,0,0.7791583
9477,Pass,0,0.7276336,0.48904878,0,0.6553563
9478,Pass,0,0.9997793,0.2696087,0,0.9459166
9479,Pass,0,0.99593157,0.15103866,0,0.9667383
9480,Pass,0,0.99151176,0.8791952,0,0.81288934
9481,Pass,0,0.2539165,1.3141288,0,0.18529585
9482,Pass,0,0.9732088,0.49573863,0,0.87518936
9483,Pass,0,0.99910283,0.27562135,0,0.94403225
9484,Pass,0,0.99993384,0.11956176,0,0.9771433
9485,Pass,0,0.9003476,0.54690737,0,0.8001232
9486,Pass,0,0.24630053,1.0162063,0,0.19493859
9487,Pass,0,0.9999038,0.15751137,0,0.96925336
9488,Pass,0,0.47693828,2.3512979,0,0.24557528
9489,Pass,0,0.9941598,0.46692905,0,0.8999634
9490,Pass,0,0.99999976,0.089900434,0,0.9833521
9491,Pass,0,0.32747445,1.0009729,0,0.26021838
9492,Pass,0,0.9999838,0.22662817,0,0.95501345
9493,Pass,0,0.99976426,0.28163692,0,0.94341135
9494,Pass,0,0.79337734,0.6201312,0,0.69302624
9495,Pass,0,0.9977064,0.2883712,0,0.94007766
9496,Pass,0,0.9981748,0.09988713,0,0.97949255
9497,Pass,0,0.99996173,0.2876268,0,0.94235694
9498,Pass,0,0.9999968,0.05760596,0,0.9900391
9499,Pass,0,0.9999435,0.23136045,0,0.95399475
9500,Pass,0,0.9999629,0.17397277,0,0.96590084
9501,Pass,0,0.99989855,0.24351357,0,0.95143455
9502,Pass,0,0.9999242,0.22269033,0,0.9557722
9503,Pass,0,0.60569805,0.7698455,0,0.5103009
9504,Pass,0,0.9998703,0.17883168,0,0.96480495
9505,Pass,0,0.891028,0.74191344,0,0.75584716
9506,Pass,0,0.8964657,0.60472906,0,0.78593564
9507,Pass,0,0.85186744,0.74386394,0,0.72228354
9508,Pass,0,0.8398681,0.69102824,0,0.7213019
9509,Pass,0,0.99999976,0.08478174,0,0.9844125
9510,Pass,0,0.9999957,0.12284082,0,0.97652453
9511,Pass,0,0.999803,0.1989181,0,0.96057993
9512,Pass,0,0.67893,1.1528159,0,0.5181372
9513,Pass,0,0.9999708,0.20884185,0,0.9586854
9514,Pass,0,1.0,0.044608198,0,0.99273473
9515,Pass,0,0.99955577,0.096281275,0,0.9815943
9516,Pass,0,0.8852141,0.6337257,0,0.77075404
9517,Pass,0,0.9026661,0.2504073,0,0.8576258
9518,Pass,0,0.51422226,1.0125158,0,0.40738273
9519,Pass,0,0.9794748,0.683586,0,0.84271
9520,Pass,0,0.9999629,0.16036317,0,0.96871996
9521,Pass,0,0.9465377,0.6154439,0,0.82773304
9522,Pass,0,0.9984261,0.20343141,0,0.95832354
9523,Pass,0,0.99981755,0.12225205,0,0.97647244
9524,Pass,0,0.89532816,0.550637,0,0.79497075
9525,Pass,0,0.9994536,0.18077047,0,0.9640015
9526,Pass,0,0.9930789,0.6202713,0,0.86743957
9527,Pass,0,0.9982487,0.32865736,0,0.9322579
9528,Pass,0,0.9999157,0.13265362,0,0.9744138
9529,Pass,0,0.9999999,0.04604551,0,0.9924369
9530,Pass,0,0.999998,0.15637046,0,0.969581
9531,Pass,0,0.81965715,0.6869046,0,0.7046444
9532,Pass,0,0.57323176,0.84729385,0,0.47375134
9533,Pass,0,0.86988807,0.88378704,0,0.71234894
9534,Pass,0,0.93840384,0.17561172,0,0.90612
9535,Pass,0,0.9999962,0.08059849,0,0.98527557
9536,Pass,0,0.9997969,0.34364706,0,0.9305993
9537,Pass,0,0.9884235,0.065243654,0,0.97701716
9538,Pass,0,0.99999607,0.12130509,0,0.976843
9539,Pass,0,0.79631037,1.0975839,0,0.61682904
9540,Pass,0,0.9999926,0.4776563,0,0.90302134
9541,Pass,0,0.9999815,0.26514482,0,0.94703263
9542,Pass,0,0.99674016,0.32059994,0,0.93251276
9543,Pass,0,0.99894994,0.21568614,0,0.9562904
9544,Pass,0,0.8663141,2.3468232,0,0.44686773
9545,Pass,0,0.9999987,0.14097096,0,0.97277176
9546,Pass,0,0.9979456,0.27004483,0,0.9440916
9547,Pass,0,0.9917224,0.43020427,0,0.9053015
9548,Pass,0,0.9495553,0.48207808,0,0.85660523
9549,Pass,0,0.99862695,0.43607593,0,0.9103897
9550,Pass,0,0.9611614,0.39692476,0,0.8840298
9551,Pass,0,0.9803508,0.57065505,0,0.8663979
9552,Pass,0,0.8678313,0.49943033,0,0.7797616
9553,Pass,0,0.29685536,1.18959,0,0.22428894
9554,Pass,0,0.93068856,0.8772618,0,0.7633963
9555,Pass,0,0.99999547,0.22994101,0,0.9543384
9556,Pass,0,0.99983037,0.16100179,0,0.96845925
9557,Pass,0,0.99937433,0.17929699,0,0.96423006
9558,Pass,0,1.0,0.045464754,0,0.9925573
9559,Pass,0,0.9426313,1.4489244,0,0.661565
9560,Pass,0,0.9999988,0.07324072,0,0.9868023
9561,Pass,0,0.99985504,0.09548638,0,0.98205286
9562,Pass,0,0.9999994,0.10502741,0,0.9802182
9563,Pass,0,0.34055826,0.92098176,0,0.27625823
9564,Pass,0,0.98530364,0.45932996,0,0.89349735
9565,Pass,0,0.31379032,1.0978479,0,0.2430476
9566,Pass,0,0.9702048,0.8355882,0,0.80418503
9567,Pass,0,0.9999535,0.09329308,0,0.9826039
9568,Pass,0,0.99966717,0.18238276,0,0.96387357
9569,Pass,0,0.9990552,0.112324044,0,0.97778267
9570,Pass,0,0.9929249,0.7150502,0,0.8478104
9571,Pass,0,0.9976132,0.46739462,0,0.9029933
9572,Pass,0,0.99998665,0.21918069,0,0.95655894
9573,Pass,0,0.5637559,1.2705064,0,0.4164959
9574,Pass,0,0.99999905,0.06586014,0,0.98833144
9575,Pass,0,0.9996836,0.025867043,0,0.9963017
9576,Pass,0,0.9999956,0.05759563,0,0.99004
9577,Pass,0,0.9993531,0.090302825,0,0.982633
9578,Pass,0,0.8948457,0.6636766,0,0.77358836
9579,Pass,0,0.9970867,0.43127984,0,0.9099762
9580,Pass,0,0.96200484,0.7343033,0,0.8175724
9581,Pass,0,0.8221834,0.755236,0,0.6951781
9582,Pass,0,0.9999999,0.069432504,0,0.9875922
9583,Pass,0,0.9999931,0.08047576,0,0.9852979
9584,Pass,0,0.97558266,0.5252857,0,0.87135285
9585,Pass,0,0.99428177,0.32444456,0,0.9294209
9586,Pass,0,0.9048315,1.4841002,0,0.62844276
9587,Pass,0,0.999992,0.1264704,0,0.97576904
9588,Pass,0,0.9431839,0.75334454,0,0.79785687
9589,Pass,0,0.9081918,0.5698562,0,0.8027767
9590,Pass,0,0.9999994,0.053727664,0,0.990845
9591,Pass,0,0.9999882,0.1023866,0,0.98075426
9592,Pass,0,0.9984668,0.21080995,0,0.95683646
9593,Pass,0,0.9999976,0.0618125,0,0.98916847
9594,Pass,0,0.9998392,0.109671004,0,0.9790994
9595,Pass,0,0.957639,0.41317466,0,0.8775665
9596,Pass,0,0.9999999,0.07588525,0,0.9862555
9597,Pass,0,0.9980763,0.6355788,0,0.8686398
9598,Pass,0,0.7876023,0.4976531,0,0.70796436
9599,Pass,0,0.99966073,0.27702737,0,0.94426817
9600,Pass,0,0.9949709,0.31578678,0,0.93184954
9601,Pass,0,0.98917216,0.44146565,0,0.90066594
9602,Pass,0,0.88682884,0.36588943,0,0.82136375
9603,Pass,0,0.96276975,0.556979,0,0.8535879
9604,Pass,0,0.999456,0.18992539,0,0.9621083
9605,Pass,0,0.9973023,0.15244757,0,0.9677778
9606,Pass,0,0.9922375,0.75940365,0,0.8381068
9607,Pass,0,0.9487595,0.61039066,0,0.83066916
9608,Pass,0,0.9997818,0.30502185,0,0.9385847
9609,Pass,0,0.9998702,0.1716732,0,0.96628755
9610,Pass,0,0.15535933,1.2377207,0,0.11583269
9611,Pass,0,0.9999994,0.14901195,0,0.9711067
9612,Pass,0,0.99999404,0.12217016,0,0.9766618
9613,Pass,0,0.9973719,0.36568162,0,0.92378956
9614,Pass,0,0.99800307,0.20997411,0,0.95656484
9615,Pass,0,0.99998283,0.13808927,0,0.97335327
9616,Pass,0,0.9530833,0.6448421,0,0.8276529
9617,Pass,0,0.99969006,0.3786255,0,0.9232562
9618,Pass,0,0.5478246,0.85841453,0,0.45149142
9619,Pass,0,0.5019387,1.2298656,0,0.37505183
9620,Pass,0,0.99996877,0.1536797,0,0.9701101
9621,Pass,0,0.98156667,0.4066678,0,0.90081656
9622,Pass,0,0.74140465,1.5875485,0,0.49904814
9623,Pass,0,0.9413762,0.44383755,0,0.856684
9624,Pass,0,0.9999776,0.16058122,0,0.968689
9625,Pass,0,0.9992112,0.03946842,0,0.9930155
9626,Pass,0,0.9999964,0.091768436,0,0.9829619
9627,Pass,0,0.9955331,0.34283268,0,0.92679846
9628,Pass,0,0.9999732,0.15084034,0,0.9707025
9629,Pass,0,0.5936697,0.49306476,0,0.53420544
9630,Pass,0,0.35230827,0.9820522,0,0.28133276
9631,Pass,0,0.90555626,1.1621825,0,0.689334
9632,Pass,0,0.9998963,0.20671913,0,0.9590537
9633,Pass,0,0.9977869,0.35393265,0,0.92660236
9634,Pass,0,0.9990758,0.3920822,0,0.9199039
9635,Pass,0,0.8379641,0.56720287,0,0.74116105
9636,Pass,0,0.7972959,0.7370606,0,0.677137
9637,Pass,0,0.99999475,0.2025621,0,0.9600093
9638,Pass,0,0.9670643,0.30822846,0,0.9072275
9639,Pass,0,0.9997656,0.07337667,0,0.98654395
9640,Pass,0,0.9950138,0.6356545,0,0.86595887
9641,Pass,0,0.99773175,0.3898853,0,0.9191204
9642,Pass,0,0.9999968,0.12068382,0,0.9769724
9643,Pass,0,0.9953585,0.2111707,0,0.95378345
9644,Pass,0,0.94709694,0.1907942,0,0.9115354
9645,Pass,0,0.9998211,0.122920446,0,0.9763375
9646,Pass,0,0.60476035,0.78529346,0,0.5075756
9647,Pass,0,0.7889422,1.3258171,0,0.57382125
9648,Pass,0,0.9964059,0.23789966,0,0.94927
9649,Pass,0,0.999987,0.11415114,0,0.9783161
9650,Pass,0,0.9998852,0.07706184,0,0.98589873
9651,Pass,0,0.980454,0.52852273,0,0.8750463
9652,Pass,0,0.99998736,0.11164324,0,0.97883594
9653,Pass,0,0.9890882,0.5082361,0,0.88690877
9654,Pass,0,0.56340724,0.6742448,0,0.48582852
9655,Pass,0,0.99097264,0.80930424,0,0.82679474
9656,Pass,0,0.93251425,1.0933964,0,0.7231427
9657,Pass,0,0.3512046,1.3031538,0,0.25709042
9658,Pass,0,0.99999666,0.10847558,0,0.97950125
9659,Pass,0,0.999982,0.07821347,0,0.9857556
9660,Pass,0,0.7966158,1.1555345,0,0.6075026
9661,Pass,0,0.9999988,0.048967928,0,0.9918304
9662,Pass,0,0.9999021,0.09446337,0,0.982311
9663,Pass,0,0.9999515,0.16550785,0,0.9676432
9664,Pass,0,0.9999391,0.14750043,0,0.9713612
9665,Pass,0,0.99967825,0.2930504,0,0.9409666
9666,Pass,0,0.37439078,1.5594493,0,0.2541861
9667,Pass,0,0.47998646,1.1011117,0,0.371451
9668,Pass,0,0.99999046,0.17860538,0,0.9649678
9669,Pass,0,0.9999809,0.10746219,0,0.97969574
9670,Pass,0,0.9992312,0.5242766,0,0.8926837
9671,Pass,0,0.9645746,0.9964441,0,0.7673771
9672,Pass,0,0.25853688,1.5671076,0,0.17511895
9673,Pass,0,0.99998546,0.22763808,0,0.95480585
9674,Pass,0,0.9999958,0.130378,0,0.9749633
9675,Pass,0,0.9999999,0.058432356,0,0.9898709
9676,Pass,0,0.99998355,0.18623964,0,0.9633797
9677,Pass,0,0.999997,0.08754941,0,0.9838365
9678,Pass,0,0.99998343,0.28394404,0,0.94314027
9679,Pass,0,0.9792295,0.37925094,0,0.9042331
9680,Pass,0,0.9573736,0.57667464,0,0.8448977
9681,Pass,0,0.99983764,0.335208,0,0.932385
9682,Pass,0,0.99997497,0.09817288,0,0.9816142
9683,Pass,0,0.9998524,0.31193903,0,0.9372183
9684,Pass,0,0.99941456,0.16624942,0,0.96697015
9685,Pass,0,0.99998987,0.056003902,0,0.9903641
9686,Pass,0,0.99999726,0.09637919,0,0.9820076
9687,Pass,0,0.97862726,0.40449873,0,0.8985587
9688,Pass,0,0.9967764,0.2350269,0,0.9502161
9689,Pass,0,0.9999951,0.303099,0,0.9391833
9690,Pass,0,0.9812893,0.6987249,0,0.8411938
9691,Pass,0,0.2524741,0.7995861,0,0.21115409
9692,Pass,0,0.9967949,0.22158952,0,0.9530084
9693,Pass,0,0.97273266,0.42099518,0,0.88982224
9694,Pass,0,0.99996674,0.2913974,0,0.9415806
9695,Pass,0,0.95398474,0.33033028,0,0.8905895
9696,Pass,0,0.9999999,0.10364185,0,0.9805057
9697,Pass,0,0.9999845,0.3258548,0,0.9344595
9698,Pass,0,0.99997246,0.116965115,0,0.97771895
9699,Pass,0,0.9997738,0.5170705,0,0.8946609
9700,Pass,0,0.26808015,0.86530167,0,0.22055665
9701,Pass,0,0.99690884,0.61440974,0,0.8719954
9702,Pass,0,0.9997656,0.2762145,0,0.94453555
9703,Pass,0,0.5185122,0.88242215,0,0.42475483
9704,Pass,0,0.99578166,0.46531293,0,0.90176487
9705,Pass,0,0.9956886,0.3859897,0,0.91804177
9706,Pass,0,0.99998105,0.14386897,0,0.97215426
9707,Pass,0,0.9999976,0.14794208,0,0.9713266
9708,Pass,0,0.9995577,0.249735,0,0.949822
9709,Pass,0,0.9993729,0.37906316,0,0.92287266
9710,Pass,0,0.9887121,0.24892765,0,0.9396814
9711,Pass,0,0.9882345,0.25672188,0,0.93763196
9712,Pass,0,0.99929893,0.1258238,0,0.9752266
9713,Pass,0,0.81581724,2.3316958,0,0.42337662
9714,Pass,0,0.99988294,0.23385182,0,0.95342094
9715,Pass,0,0.99975747,0.18359646,0,0.9637093
9716,Pass,0,0.99886835,0.16331562,0,0.9670487
9717,Pass,0,0.9983866,0.19355223,0,0.9603288
9718,Pass,0,0.9897502,0.71272635,0,0.84557605
9719,Pass,0,0.9641912,0.73571587,0,0.81914836
9720,Pass,0,0.98227745,0.4495038,0,0.8927525
9721,Pass,0,0.9113988,0.90995896,0,0.7414008
9722,Pass,0,0.99608046,0.4660512,0,0.9018832
9723,Pass,0,0.9999958,0.22286738,0,0.95580405
9724,Pass,0,0.9789667,0.6970821,0,0.8395359
9725,Pass,0,0.9999076,0.04352008,0,0.9928684
9726,Pass,0,0.3178645,1.2061951,0,0.239069
9727,Pass,0,0.9999151,0.08706322,0,0.9838566
9728,Pass,0,0.9999255,0.20000452,0,0.9604725
9729,Pass,0,0.9960872,0.43907177,0,0.9074562
9730,Pass,0,0.999814,0.403162,0,0.91828877
9731,Pass,0,0.4702405,1.5655438,0,0.3186679
9732,Pass,0,0.9999851,0.1470989,0,0.97148913
9733,Pass,0,0.99998975,0.27454984,0,0.9450922
9734,Pass,0,0.76065385,0.65581244,0,0.6588195
9735,Pass,0,0.9999975,0.24357526,0,0.951516
9736,Pass,0,0.99998736,0.28762487,0,0.94238144
9737,Pass,0,0.99981195,0.2199395,0,0.9562347
9738,Pass,0,0.9998684,0.03113129,0,0.9953955
9739,Pass,0,0.9998865,0.07713655,0,0.98588455
9740,Pass,0,0.99998546,0.102875896,0,0.98065025
9741,Pass,0,0.9999949,0.067056626,0,0.9880794
9742,Pass,0,0.99998033,0.09297659,0,0.9826958
9743,Pass,0,0.9999995,0.06917635,0,0.9876449
9744,Pass,0,0.27035624,0.7145259,0,0.23087342
9745,Pass,0,0.99869615,0.23931459,0,0.9511591
9746,Pass,0,0.89599156,0.37156323,0,0.82879704
9747,Pass,0,0.809472,0.94078314,0,0.6533171
9748,Pass,0,0.9731312,0.6488396,0,0.8442566
9749,Pass,0,0.9401005,0.45158726,0,0.85401386
9750,Pass,0,0.9992292,0.22192223,0,0.9552669
9751,Pass,0,0.9999993,0.07422699,0,0.98659843
9752,Pass,0,0.9989531,0.26752308,0,0.9455666
9753,Pass,0,0.9999373,0.22713965,0,0.95486313
9754,Pass,0,0.46669015,0.44782987,0,0.42431778
9755,Pass,0,0.9500107,0.11616578,0,0.92902637
9756,Pass,0,0.99989474,0.2708786,0,0.9457629
9757,Pass,0,0.56959176,0.90300536,0,0.4641695
9758,Pass,0,0.9999964,0.16922693,0,0.96691626
9759,Pass,0,0.9999151,0.12274552,0,0.9764655
9760,Pass,0,0.9999745,0.15501146,0,0.96983975
9761,Pass,0,0.9999988,0.06562836,0,0.9883792
9762,Pass,0,0.99996495,0.17564373,0,0.9655566
9763,Pass,0,0.990094,0.3335853,0,0.92363155
9764,Pass,0,0.9999901,0.13167049,0,0.97468996
9765,Pass,0,0.99998903,0.27002802,0,0.94602823
9766,Pass,0,0.61915493,1.3645811,0,0.445358
9767,Pass,0,0.99999833,0.070195384,0,0.98743266
9768,Pass,0,0.9998746,0.42558694,0,0.9136996
9769,Pass,0,0.99988294,0.11015388,0,0.97904223
9770,Pass,0,0.98645824,0.43458945,0,0.89959997
9771,Pass,0,0.99999976,0.06568366,0,0.9883687
9772,Pass,0,0.9999987,0.18389766,0,0.9638794
9773,Pass,0,0.99982256,0.098610505,0,0.9813739
9774,Pass,0,0.9999939,0.34426984,0,0.93065363
9775,Pass,0,0.9998357,0.68711376,0,0.8594973
9776,Pass,0,0.29179665,1.7071325,0,0.18918334
9777,Pass,0,0.9969843,0.26334155,0,0.94456655
9778,Pass,0,0.99788755,0.26071367,0,0.9459655
9779,Pass,0,0.9999918,0.21100143,0,0.9582582
9780,Pass,0,0.99982005,0.15177543,0,0.9703602
9781,Pass,0,0.9999552,0.19758435,0,0.96100235
9782,Pass,0,0.9999958,0.1833797,0,0.96398395
9783,Pass,0,0.99998796,0.2982569,0,0.9401796
9784,Pass,0,0.9612225,0.45011538,0,0.87349474
9785,Pass,0,0.98465616,0.58089924,0,0.8681133
9786,Pass,0,0.54316145,0.9029651,0,0.44263557
9787,Pass,0,0.765094,1.0324657,0,0.60296917
9788,Pass,0,0.9997774,0.19944492,0,0.9604462
9789,Pass,0,0.99990904,0.1830736,0,0.9639637
9790,Pass,0,0.8916408,1.7918309,0,0.5624419
9791,Pass,0,0.2777133,2.0033624,0,0.16301079
9792,Pass,0,0.3362229,1.1258653,0,0.25847143
9793,Pass,0,0.9999639,0.2795488,0,0.94403225
9794,Pass,0,0.9999981,0.12275141,0,0.9765454
9795,Pass,0,0.99995804,0.029439013,0,0.9958353
9796,Pass,0,0.97025067,0.28416547,0,0.91505307
9797,Pass,0,0.693132,0.92458105,0,0.56174654
9798,Pass,0,0.99650925,0.4541824,0,0.90472144
9799,Pass,0,0.9999999,0.090063445,0,0.9833185
9800,Pass,0,0.99975616,0.21522006,0,0.9571587
9801,Pass,0,0.92407423,0.7305369,0,0.78605753
9802,Pass,0,0.9999566,0.11321453,0,0.9784804
9803,Pass,0,0.99999964,0.12723774,0,0.9756175
9804,Pass,0,0.88210744,0.52746105,0,0.7874669
9805,Pass,0,0.99914193,0.22774136,0,0.9539791
9806,Pass,0,0.9999776,0.16063131,0,0.96867865
9807,Pass,0,0.9115979,0.5566229,0,0.8082864
9808,Pass,0,0.9996426,0.22481196,0,0.9550637
9809,Pass,0,0.99992204,0.2090657,0,0.9585923
9810,Pass,0,0.9999962,0.16564578,0,0.96765786
9811,Pass,0,0.9999989,0.14379865,0,0.97218627
9812,Pass,0,0.9999013,0.033710394,0,0.994894
9813,Pass,0,0.9535489,0.697633,0,0.8176295
9814,Pass,0,0.9880939,2.4834886,0,0.48171157
9815,Pass,0,0.9999994,0.039541345,0,0.9937838
9816,Pass,0,0.9995453,0.26879802,0,0.9458631
9817,Pass,0,0.9985831,0.32217726,0,0.93391067
9818,Pass,0,0.9837907,1.9117059,0,0.59613967
9819,Pass,0,0.9088677,0.77088106,0,0.7655265
9820,Pass,0,0.94045514,0.5291542,0,0.8392247
9821,Pass,0,0.99995947,0.19147424,0,0.96227217
9822,Pass,0,0.9995902,0.26670092,0,0.94633985
9823,Pass,0,0.999992,0.06712724,0,0.988062
9824,Pass,0,0.99991155,0.1404972,0,0.9727851
9825,Pass,0,0.9865827,0.5147236,0,0.88333625
9826,Pass,0,0.6020632,0.5652437,0,0.53275615
9827,Pass,0,0.99644864,0.5656391,0,0.88166
9828,Pass,0,0.8620526,0.92854834,0,0.6979392
9829,Pass,0,0.56329477,0.7438379,0,0.47761086
9830,Pass,0,0.9821401,0.664412,0,0.8489042
9831,Pass,0,0.99974436,0.21777946,0,0.95661736
9832,Pass,0,0.9999944,0.08405187,0,0.9845584
9833,Pass,0,0.9963361,0.3246072,0,0.9313077
9834,Pass,0,0.94432104,0.5599481,0,0.83665055
9835,Pass,0,0.97692704,0.38841158,0,0.9002531
9836,Pass,0,0.9999981,0.2323004,0,0.9538521
9837,Pass,0,0.99999094,0.22451828,0,0.9554574
9838,Pass,0,0.9754052,0.3612171,0,0.9043456
9839,Pass,0,0.9999573,0.12987177,0,0.97503066
9840,Pass,0,0.99975973,0.12770481,0,0.9752868
9841,Pass,0,0.8924121,0.68043244,0,0.76838696
9842,Pass,0,0.92994595,1.1755899,0,0.70531726
9843,Pass,0,0.8123186,2.0704663,0,0.46551895
9844,Pass,0,0.99178785,0.4036331,0,0.9108203
9845,Pass,0,0.97501117,0.51442975,0,0.873035
9846,Pass,0,0.9998573,0.1721472,0,0.9661769
9847,Pass,0,0.9965475,2.0760484,0,0.5699435
9848,Pass,0,0.9994248,0.27279216,0,0.94492215
9849,Pass,0,0.99946076,0.20377764,0,0.95924497
9850,Pass,0,0.9566736,2.356356,0,0.4915884
9851,Pass,0,0.9999908,0.071328685,0,0.9871905
9852,Pass,0,0.9999975,0.17764334,0,0.96517384
9853,Pass,0,0.9999553,0.40360248,0,0.91832733
9854,Pass,0,0.999992,0.101395905,0,0.9809633
9855,Pass,0,0.4194188,2.1842654,0,0.23047091
9856,Pass,0,0.70717555,0.82829976,0,0.5872326
9857,Pass,0,0.99993014,0.25454053,0,0.94918054
9858,Pass,0,0.9999982,0.0969389,0,0.98189265
9859,Pass,0,0.9997408,0.26687256,0,0.9464469
9860,Pass,0,0.7379147,0.80727154,0,0.61597246
9861,Pass,0,0.99832004,0.33902115,0,0.93018126
9862,Pass,0,0.4982947,0.45936814,0,0.45186183
9863,Pass,0,0.99999905,0.088246554,0,0.983694
9864,Pass,0,0.9999957,0.14314906,0,0.97231764
9865,Pass,0,0.99987435,0.118968815,0,0.977208
9866,Pass,0,0.73559827,1.4155475,0,0.52134943
9867,Pass,0,0.8210271,1.0209668,0,0.64900565
9868,Pass,0,0.99991524,0.12045339,0,0.9769405
9869,Pass,0,0.26005748,1.2080041,0,0.19549434
9870,Pass,0,0.9961683,0.5744302,0,0.87959784
9871,Pass,0,0.99610317,0.3557498,0,0.92466384
9872,Pass,0,0.9999995,0.14793018,0,0.97133094
9873,Pass,0,0.9999981,0.066184685,0,0.98826325
9874,Pass,0,0.6059965,1.4198856,0,0.42895064
9875,Pass,0,0.5038541,1.4831978,0,0.35004163
9876,Pass,0,0.9975241,0.21835883,0,0.9543732
9877,Pass,0,0.9882819,0.42703116,0,0.90281045
9878,Pass,0,0.98189557,0.5137706,0,0.8793335
9879,Pass,0,0.99996483,0.13012221,0,0.9749861
9880,Pass,0,1.0,0.072419524,0,0.9869736
9881,Pass,0,0.9999713,0.13430539,0,0.9741258
9882,Pass,0,0.99170566,2.5668032,0,0.4663567
9883,Pass,0,0.9999218,0.11935872,0,0.9771736
9884,Pass,0,0.9982899,0.38121563,0,0.9214274
9885,Pass,0,0.9374043,0.7546872,0,0.7927071
9886,Pass,0,0.9713227,0.48762012,0,0.8751268
9887,Pass,0,0.9998141,0.2053375,0,0.95926106
9888,Pass,0,0.44385427,0.8400434,0,0.36749306
9889,Pass,0,0.9778185,0.558615,0,0.8665987
9890,Pass,0,0.99951255,0.11297293,0,0.9780958
9891,Pass,0,0.999985,0.050925657,0,0.99141115
9892,Pass,0,0.8399197,1.0089241,0,0.6660352
9893,Pass,0,0.99999857,0.0844443,0,0.9844812
9894,Pass,0,0.9999385,0.2391861,0,0.952369
9895,Pass,0,0.99990034,0.18455638,0,0.9636482
9896,Pass,0,0.99964976,0.08709891,0,0.9835881
9897,Pass,0,0.99999285,0.17249978,0,0.96623486
9898,Pass,0,0.9996828,0.12575704,0,0.975615
9899,Pass,0,0.9999894,0.102773964,0,0.98067516
9900,Pass,0,0.99999917,0.089358546,0,0.9834638
9901,Pass,0,0.98200685,0.61064225,0,0.8597271
9902,Pass,0,0.99107075,0.77928466,0,0.8330397
9903,Pass,0,0.99911827,0.18703833,0,0.96238077
9904,Pass,0,0.99999833,0.054001417,0,0.99078727
9905,Pass,0,0.99999785,0.12774616,0,0.9755105
9906,Pass,0,0.999363,0.49683222,0,0.898483
9907,Pass,0,0.99992955,0.18026456,0,0.96456534
9908,Pass,0,0.99998796,0.022677306,0,0.9972658
9909,Pass,0,0.9965677,0.3016958,0,0.936254
9910,Pass,0,0.999634,0.18085267,0,0.9641585
9911,Pass,0,0.99904007,1.3710821,0,0.71726394
9912,Pass,0,0.999998,0.071228266,0,0.9872183
9913,Pass,0,0.9999095,0.21437572,0,0.95748043
9914,Pass,0,0.98606896,0.41352025,0,0.90354866
9915,Pass,0,0.99754107,0.3586341,0,0.9254026
9916,Pass,0,0.9999541,0.18446825,0,0.96371824
9917,Pass,0,0.9999939,0.34211364,0,0.93110025
9918,Pass,0,0.99421847,0.55466175,0,0.8819475
9919,Pass,0,0.9884015,0.3028595,0,0.9283437
9920,Pass,0,0.8162811,1.2295842,0,0.609978
9921,Pass,0,0.9997867,0.24477015,0,0.95106786
9922,Pass,0,0.98224396,0.32247433,0,0.9185692
9923,Pass,0,0.9996245,0.16286318,0,0.9678744
9924,Pass,0,0.8920023,0.57763416,0,0.78702915
9925,Pass,0,0.9834035,0.6450282,0,0.8539449
9926,Pass,0,0.8950657,0.5840084,0,0.78855014
9927,Pass,0,0.9220873,0.55640435,0,0.8176288
9928,Pass,0,0.9999652,0.24178378,0,0.9518563
9929,Pass,0,0.99999774,0.17808168,0,0.96508324
9930,Pass,0,0.9989561,0.36030325,0,0.92636985
9931,Pass,0,0.8017939,0.69327545,0,0.68822944
9932,Pass,0,0.95371616,0.71622014,0,0.8141008
9933,Pass,0,0.9986444,0.2734907,0,0.9440399
9934,Pass,0,0.64488584,1.34561,0,0.46640062
9935,Pass,0,0.96692276,0.6531606,0,0.8380049
9936,Pass,0,0.9998598,0.18561952,0,0.9633889
9937,Pass,0,0.9136947,0.5796458,0,0.8057879
9938,Pass,0,0.8746027,0.33948597,0,0.8148238
9939,Pass,0,0.99971825,0.056959674,0,0.98989713
9940,Pass,0,0.9999943,0.1453531,0,0.9718597
9941,Pass,0,0.99969256,0.35642514,0,0.92785597
9942,Pass,0,0.7406052,2.3805318,0,0.37685224
9943,Pass,0,0.9478679,0.555207,0,0.840724
9944,Pass,0,0.99986744,0.16261503,0,0.9681611
9945,Pass,0,0.9999236,0.03372523,0,0.9949131
9946,Pass,0,1.0,0.06788687,0,0.98791254
9947,Pass,0,0.99998474,0.19952849,0,0.96062803
9948,Pass,0,0.9561097,0.79018784,0,0.8014939
9949,Pass,0,0.9892547,0.5328411,0,0.88201594
9950,Pass,0,0.9999666,0.013826095,0,0.9990779
9951,Pass,0,0.9710652,0.3085292,0,0.9109204
9952,Pass,0,0.99991536,0.1958372,0,0.961326
9953,Pass,0,0.99999976,0.111049294,0,0.9789711
9954,Pass,0,0.931928,0.77005273,0,0.78510976
9955,Pass,0,0.9925904,0.6076235,0,0.8696135
9956,Pass,0,0.92305005,0.35153142,0,0.85765654
9957,Pass,0,0.98497087,0.4880146,0,0.88734275
9958,Pass,0,0.9786143,0.83472586,0,0.8113303
9959,Pass,0,0.99715173,0.2573974,0,0.9459531
9960,Pass,0,0.9674961,0.29726,0,0.90983087
9961,Pass,0,0.50855845,1.423431,0,0.35960624
9962,Pass,0,0.99509865,0.37536782,0,0.9196874
9963,Pass,0,0.9480905,0.36021894,0,0.87921685
9964,Pass,0,0.7362289,1.3680761,0,0.5290363
9965,Pass,0,0.3831525,1.823014,0,0.23921536
9966,Pass,0,0.9073914,0.91570026,0,0.7370617
9967,Pass,0,0.87857693,0.5848419,0,0.77387196
9968,Pass,0,0.999874,0.13990709,0,0.97287077
9969,Pass,0,0.9866377,0.40843564,0,0.9051091
9970,Pass,0,0.99054354,0.88159025,0,0.81160414
9971,Pass,0,0.99691087,0.20162378,0,0.9572424
9972,Pass,0,0.9968702,0.22018258,0,0.9533709
9973,Pass,0,0.9996159,0.3506343,0,0.92898387
9974,Pass,0,0.9999218,0.098408535,0,0.98151314
9975,Pass,0,0.9997664,0.38173455,0,0.9226828
9976,Pass,0,0.9951125,0.2793456,0,0.9394941
9977,Pass,0,0.61484444,0.4180831,0,0.56280935
9978,Pass,0,0.5334239,1.0211028,0,0.421646
9979,Pass,0,0.612391,1.0491521,0,0.48050743
9980,Pass,0,0.815538,0.7959045,0,0.6826887
9981,Pass,0,0.99996936,0.13282266,0,0.9744311
9982,Pass,0,0.99996614,0.11377055,0,0.9783745
9983,Pass,0,0.99987197,0.18278956,0,0.96398675
9984,Pass,0,0.4367762,1.1530722,0,0.33331016
9985,Pass,0,0.9999534,0.03649539,0,0.994369
9986,Pass,0,0.8744833,0.57682514,0,0.7717184
9987,Pass,0,0.9995084,0.09341843,0,0.98214054
9988,Pass,0,0.98715425,0.361634,0,0.91515344
9989,Pass,0,0.9522587,0.54701066,0,0.84623533
9990,Pass,0,0.90878034,0.44077972,0,0.8275963
9991,Pass,0,0.99970144,0.084443696,0,0.98418885
9992,Pass,0,0.9999981,0.12436692,0,0.9762107
9993,Pass,0,0.9999976,0.103624456,0,0.9805071
9994,Pass,0,0.8858625,0.5213618,0,0.79193836
9995,Pass,0,0.944227,1.1487111,0,0.7214061
9996,Pass,0,0.47144544,1.1078928,0,0.36417904
9997,Pass,0,0.9998362,0.1970968,0,0.96098906
9998,Pass,0,0.99997187,0.23183013,0,0.95392454
9999,Pass,0,0.99999976,0.042939845,0,0.99308014
