ID,Outcome,SUT,Confidence,dsa,lsa,conf*(1-norm_dsa)
0,Pass,0,0.9997962,0.054538146,0,0.9854753
1,Pass,0,0.9995396,0.23664615,0,0.9288446
2,Pass,0,0.9988833,0.50461644,0,0.8453298
3,Pass,0,0.9999684,0.15555103,0,0.9543596
4,Pass,0,0.99999297,0.073313326,0,0.9798541
5,Pass,0,0.99999285,0.10684688,0,0.9694678
6,Pass,0,0.99538004,0.26822162,0,0.91524464
7,Pass,0,0.9999931,0.13806109,0,0.95980024
8,Pass,0,0.9997887,0.13167447,0,0.9615817
9,Pass,0,0.9825251,0.2930605,0,0.8958658
10,Pass,0,0.99995995,0.09586001,0,0.9728387
11,Pass,0,0.9983847,0.07604225,0,0.9774344
12,Pass,0,0.9961832,0.20243286,0,0.9362819
13,Pass,0,0.99995697,0.07825684,0,0.97828776
14,Pass,0,0.9999274,0.07911065,0,0.97799444
15,Pass,0,0.999522,0.15959913,0,0.95268035
16,Pass,0,0.99798834,0.2770102,0,0.91492635
17,Pass,0,0.99998295,0.030439045,0,0.9931234
18,Pass,0,0.9715745,0.25290933,0,0.8979634
19,Pass,0,0.9999939,0.079200916,0,0.9780315
20,Pass,0,0.99997807,0.21000677,0,0.9375028
21,Pass,0,0.9908246,0.44898245,0,0.8555832
22,Pass,0,0.9999894,0.08558281,0,0.97605044
23,Pass,0,0.99956316,0.10871721,0,0.9684722
24,Pass,0,0.99981505,0.05820127,0,0.9843595
25,Pass,0,0.7866311,0.40611362,0,0.68970543
26,Pass,0,0.9999913,0.06420681,0,0.982673
27,Pass,0,0.998654,0.14124987,0,0.95752865
28,Pass,0,0.9987379,0.12882681,0,0.961452
29,Pass,0,0.99942684,0.26103088,0,0.9211916
30,Pass,0,0.9995604,0.13695057,0,0.9597288
31,Pass,0,0.99988294,0.061341062,0,0.983454
32,Pass,0,0.9999064,0.03826691,0,0.9906231
33,Pass,0,0.9999074,0.25704145,0,0.92287
34,Pass,0,0.9706516,0.52997243,0,0.8138151
35,Pass,0,0.9992513,0.21295229,0,0.9359098
36,Pass,0,0.9687913,0.2556872,0,0.8945576
37,Pass,0,0.9999964,0.13478616,0,0.96081775
38,Pass,0,0.9999999,0.063423276,0,0.9829241
39,Pass,0,0.9998292,0.13523126,0,0.96051925
40,Pass,0,0.9999497,0.066831954,0,0.98181903
41,Pass,0,0.99974924,0.22056578,0,0.93401873
42,Pass,0,0.9999496,0.011073238,0,0.99908805
43,Pass,0,0.9999641,0.23394878,0,0.9300745
44,Pass,0,0.9999969,0.11735771,0,0.96621627
45,Pass,0,0.99999845,0.12055278,0,0.9652282
46,Pass,0,0.99986804,0.29375485,0,0.91146404
47,Pass,0,0.99870706,1.0580729,0,0.67398196
48,Pass,0,0.9999963,0.11034397,0,0.968388
49,Pass,0,0.9999995,0.11942124,0,0.9655797
50,Pass,0,0.99989724,0.2909008,0,0.91237456
51,Pass,0,0.62566674,3.2369428,0,0.0
52,Pass,0,0.9999995,0.097027935,0,0.97251546
53,Pass,0,0.9999969,0.14758864,0,0.956853
54,Pass,0,0.9999404,0.11856119,0,0.96578896
55,Pass,0,0.9999963,0.089722164,0,0.97477514
56,Pass,0,0.99000657,0.3280105,0,0.89197063
57,Pass,0,0.9999441,0.26769534,0,0.91960424
58,Pass,0,0.99996674,0.10015936,0,0.97151375
59,Pass,0,0.9999988,0.11873881,0,0.9657904
60,Pass,0,0.99990726,0.05026674,0,0.9869076
61,Pass,0,0.9999527,0.10926096,0,0.9686812
62,Pass,0,0.99999845,0.11059732,0,0.96831167
63,Pass,0,0.99977237,0.12750396,0,0.9628575
64,Pass,0,0.9999448,0.025484968,0,0.99461985
65,Pass,0,0.9997384,0.12169467,0,0.9646236
66,Pass,0,0.9999585,0.03116728,0,0.99287355
67,Pass,0,0.9999844,0.14012071,0,0.959154
68,Pass,0,0.99998677,0.053632427,0,0.9859437
69,Pass,0,0.6169385,0.2826123,0,0.5645206
70,Pass,0,0.99995744,0.06237049,0,0.9832084
71,Pass,0,0.9999994,0.08887281,0,0.9750412
72,Pass,0,0.9994547,0.25348932,0,0.92355174
73,Pass,0,0.9999064,0.03826691,0,0.9906231
74,Pass,0,1.0,0.12367104,0,0.96426386
75,Pass,0,0.99996185,0.02313863,0,0.9953635
76,Pass,0,0.99688065,0.15959679,0,0.95016354
77,Pass,0,0.99999976,0.041410662,0,0.98974186
78,Pass,0,0.99999666,0.07123154,0,0.9805025
79,Pass,0,0.99880123,0.13745229,0,0.95884466
80,Pass,0,0.99930716,0.1824645,0,0.9453985
81,Pass,0,0.9993394,0.2669362,0,0.9192831
82,Pass,0,0.9999852,0.23004308,0,0.9313038
83,Pass,0,0.9999212,0.17567876,0,0.948081
84,Pass,0,0.9997247,0.10411299,0,0.9700544
85,Pass,0,0.999025,0.236022,0,0.92855954
86,Pass,0,0.9982035,0.32337388,0,0.9007893
87,Pass,0,0.9992613,0.93232214,0,0.7132757
88,Pass,0,0.9999516,0.024269264,0,0.9950031
89,Pass,0,0.99987805,0.15115182,0,0.9556358
90,Pass,0,0.9934962,0.037028927,0,0.9846533
91,Pass,0,0.99956316,0.10871721,0,0.9684722
92,Pass,0,0.99906296,0.40111518,0,0.87750894
93,Pass,0,0.99870074,0.14572641,0,0.9561888
94,Pass,0,0.9998871,0.33090982,0,0.8999748
95,Pass,0,0.99999416,0.0363195,0,0.9913132
96,Pass,0,0.9999945,0.10666505,0,0.96952575
97,Pass,0,0.99992406,0.38456103,0,0.8833921
98,Pass,0,0.99318683,0.26058683,0,0.9155766
99,Pass,0,0.9996667,0.12263287,0,0.9642639
100,Pass,0,0.99998915,0.13612145,0,0.9603972
101,Pass,0,0.99975306,0.0807014,0,0.9773313
102,Pass,0,0.9999939,0.088936515,0,0.9750162
103,Pass,0,0.9999962,0.040711783,0,0.9899548
104,Pass,0,0.99993014,0.0874205,0,0.9754235
105,Pass,0,0.9983847,0.07604225,0,0.9774344
106,Pass,0,0.9995105,0.11391999,0,0.9668106
107,Pass,0,0.99999845,0.09816707,0,0.97216165
108,Pass,0,0.9999987,0.12743951,0,0.9630954
109,Pass,0,0.99999666,0.13874857,0,0.95959073
110,Pass,0,0.99999,0.09916514,0,0.97184426
111,Pass,0,0.96146476,0.5252901,0,0.807507
112,Pass,0,0.97540164,1.3370996,0,0.573958
113,Pass,0,0.99996245,0.26968142,0,0.919006
114,Pass,0,0.9998654,0.12512621,0,0.9636835
115,Pass,0,0.99999976,0.03598763,0,0.9914215
116,Pass,0,0.99999535,0.06938925,0,0.98107177
117,Pass,0,0.9994617,0.20412458,0,0.9388396
118,Pass,0,0.9999528,0.11949102,0,0.96551293
119,Pass,0,0.99997795,0.1099994,0,0.968477
120,Pass,0,0.9999795,0.27789137,0,0.91647893
121,Pass,0,0.9999857,0.07515833,0,0.9792755
122,Pass,0,0.9999895,0.06700243,0,0.9818053
123,Pass,0,0.9999862,0.09736086,0,0.97239935
124,Pass,0,0.99989426,0.1498761,0,0.95604634
125,Pass,0,0.9999703,0.12522326,0,0.9637545
126,Pass,0,0.9996296,0.061784074,0,0.9830677
127,Pass,0,0.9981704,0.2645574,0,0.91894317
128,Pass,0,0.9997297,0.03441622,0,0.9916404
129,Pass,0,0.99995077,0.19007124,0,0.9436515
130,Pass,0,0.9993963,0.10901399,0,0.9682187
131,Pass,0,0.9998814,0.23733714,0,0.9289482
132,Pass,0,0.9999949,0.067056626,0,0.9817939
133,Pass,0,0.99986625,0.070374094,0,0.9806402
134,Pass,0,0.9999889,0.09640037,0,0.9726995
135,Pass,0,0.99999845,0.08792085,0,0.9753352
136,Pass,0,0.94864213,0.519796,0,0.7983519
137,Pass,0,0.99747854,0.32738832,0,0.8988949
138,Pass,0,0.9999236,0.14210854,0,0.95848
139,Pass,0,0.99963486,0.053414587,0,0.9856641
140,Pass,0,0.9952897,0.32286456,0,0.8983169
141,Pass,0,0.9990107,0.07787973,0,0.9774787
142,Pass,0,0.827755,0.7793671,0,0.6300682
143,Pass,0,0.9999888,0.1429575,0,0.9582796
144,Pass,0,0.999995,0.10219176,0,0.9709117
145,Pass,0,0.99995637,0.074903026,0,0.9793259
146,Pass,0,0.9998828,0.17760625,0,0.94744766
147,Pass,0,0.958462,0.4747091,0,0.8200006
148,Pass,0,0.99415696,0.32994935,0,0.895113
149,Pass,0,0.9999974,0.053583402,0,0.9859693
150,Pass,0,0.9999325,0.024183314,0,0.9950108
151,Pass,0,0.999998,0.06279318,0,0.9831174
152,Pass,0,0.9999777,0.10933263,0,0.96868324
153,Pass,0,0.99987316,0.08107939,0,0.97733164
154,Pass,0,0.6338585,1.033767,0,0.43253407
155,Pass,0,0.999982,0.15376121,0,0.95492697
156,Pass,0,0.99896586,0.08122989,0,0.9763982
157,Pass,0,0.999716,0.062992,0,0.9827786
158,Pass,0,0.9999989,0.08917518,0,0.9749471
159,Pass,0,0.9999348,0.1482762,0,0.9565806
160,Pass,0,0.99999976,0.093958534,0,0.9734664
161,Pass,0,0.99978846,0.33275262,0,0.8993154
162,Pass,0,0.9994429,0.28775507,0,0.9129337
163,Pass,0,0.9997577,0.21791479,0,0.9348475
164,Pass,0,0.9998565,0.24194011,0,0.9274996
165,Pass,0,0.83836114,0.7148546,0,0.65489286
166,Pass,0,0.9999826,0.21047977,0,0.9373605
167,Pass,0,0.9999219,0.0840551,0,0.9764578
168,Pass,0,0.99664056,0.4009901,0,0.87541986
169,Pass,0,0.99999607,0.064004734,0,0.9827402
170,Pass,0,0.99995756,0.16260414,0,0.9521648
171,Pass,0,0.9999994,0.04779912,0,0.9877628
172,Pass,0,0.9945485,0.34598956,0,0.8905245
173,Pass,0,0.99999964,0.13224563,0,0.9616077
174,Pass,0,0.99827564,0.28741848,0,0.91197157
175,Pass,0,0.99997556,0.12676801,0,0.9632811
176,Pass,0,0.9999578,0.14499766,0,0.957618
177,Pass,0,0.999912,0.016313475,0,0.99742764
178,Pass,0,0.8585741,0.5375307,0,0.717837
179,Pass,0,0.9998741,0.031938512,0,0.9925509
180,Pass,0,0.99996257,0.10057049,0,0.9713824
181,Pass,0,0.99984,0.14822476,0,0.95650584
182,Pass,0,0.99998295,0.10414143,0,0.97029614
183,Pass,0,0.99010676,0.70577717,0,0.77621394
184,Pass,0,0.6100099,1.004022,0,0.42188016
185,Pass,0,0.99984825,0.30797747,0,0.90704155
186,Pass,0,0.9999579,0.016485976,0,0.99742
187,Pass,0,0.99990296,0.044843495,0,0.9885829
188,Pass,0,0.9999629,0.21186927,0,0.93691176
189,Pass,0,0.9990859,0.5011755,0,0.846566
190,Pass,0,0.99994624,0.14451933,0,0.9577551
191,Pass,0,0.99071854,0.15189916,0,0.94665223
192,Pass,0,0.9999368,0.03558225,0,0.9914847
193,Pass,0,0.99983966,0.07462014,0,0.9792992
194,Pass,0,0.9999945,0.10666505,0,0.96952575
195,Pass,0,0.99999976,0.08571955,0,0.9760182
196,Pass,0,1.0,0.056711853,0,0.98500293
197,Pass,0,0.9992778,0.1830183,0,0.9451993
198,Pass,0,0.99733764,0.08614911,0,0.9732872
199,Pass,0,0.6032222,0.91939884,0,0.43299627
200,Pass,0,0.9999882,0.12873198,0,0.962685
201,Pass,0,0.9999957,0.09831208,0,0.972114
202,Pass,0,0.999997,0.14650546,0,0.95718855
203,Pass,0,0.9999894,0.107881956,0,0.96914387
204,Pass,0,1.0,0.07721741,0,0.9786518
205,Pass,0,0.9999864,0.057181045,0,0.9848442
206,Pass,0,0.99999976,0.042939845,0,0.98926824
207,Pass,0,0.9999434,0.1309754,0,0.961947
208,Pass,0,0.99980026,0.12653519,0,0.96318436
209,Pass,0,0.9990963,0.2742406,0,0.9167991
210,Pass,0,0.9999155,0.22540674,0,0.9326747
211,Pass,0,0.9999081,0.14696118,0,0.9569623
212,Pass,0,0.9996935,0.23927002,0,0.9281752
213,Pass,0,0.99983215,0.05869913,0,0.9842222
214,Pass,0,0.99948126,0.21082132,0,0.93678486
215,Pass,0,0.99997556,0.12676801,0,0.9632811
216,Pass,0,0.99411535,0.2455202,0,0.92107165
217,Pass,0,0.99977225,0.065141514,0,0.98216826
218,Pass,0,0.99974674,0.05929297,0,0.9839542
219,Pass,0,0.99998856,0.09179741,0,0.97412485
220,Pass,0,0.9992743,0.051524147,0,0.9858937
221,Pass,0,0.9997292,0.19857514,0,0.94080925
222,Pass,0,0.9999877,0.027269237,0,0.99410987
223,Pass,0,0.99791497,0.19738434,0,0.93947
224,Pass,0,0.999826,0.15667018,0,0.95387715
225,Pass,0,0.9999958,0.06467862,0,0.9825313
226,Pass,0,0.9999734,0.19684367,0,0.9415753
227,Pass,0,0.9979849,0.29151893,0,0.91043854
228,Pass,0,0.99974865,0.08127599,0,0.97714907
229,Pass,0,0.9998565,0.24194011,0,0.9274996
230,Pass,0,0.9950832,0.0448555,0,0.98381406
231,Pass,0,0.995369,0.054245632,0,0.9812017
232,Pass,0,0.99998665,0.14265642,0,0.95837075
233,Pass,0,0.9998791,0.062263496,0,0.98316455
234,Pass,0,0.46153793,0.87367207,0,0.33783117
235,Pass,0,0.99999833,0.09732844,0,0.9724213
236,Pass,0,0.9742983,0.30700785,0,0.88415575
237,Pass,0,0.83836114,0.7148546,0,0.65489286
238,Pass,0,0.99999654,0.10113752,0,0.97123975
239,Pass,0,0.996816,0.25581285,0,0.92039603
240,Pass,0,0.9999951,0.11487732,0,0.9669828
241,Pass,0,0.91644895,0.3348438,0,0.8237574
242,Pass,0,0.9950618,0.36872694,0,0.8839766
243,Pass,0,0.9998745,0.29903916,0,0.90983343
244,Pass,0,0.99961674,0.31742263,0,0.90390724
245,Pass,0,0.8326445,1.0250403,0,0.5704328
246,Pass,0,0.99999774,0.035061788,0,0.99170625
247,Pass,0,0.99990463,0.17583123,0,0.948018
248,Pass,0,0.9999788,0.08882305,0,0.97503656
249,Pass,0,1.0,0.06476136,0,0.9825098
250,Pass,0,0.9999999,0.04268363,0,0.9893477
251,Pass,0,0.99999774,0.14021133,0,0.95913875
252,Pass,0,0.9999628,0.18642919,0,0.94479084
253,Pass,0,0.99962103,0.2619484,0,0.9210865
254,Pass,0,0.9999826,0.09536444,0,0.97301424
255,Pass,0,1.0,0.05429228,0,0.98575234
256,Pass,0,0.9999988,0.0941588,0,0.97340345
257,Pass,0,0.99998355,0.15308036,0,0.9551393
258,Pass,0,0.99992204,0.042018715,0,0.9894766
259,Pass,0,0.99988556,0.023273254,0,0.9952459
260,Pass,0,0.9994629,0.16953494,0,0.9495483
261,Pass,0,0.9878065,0.09029885,0,0.96271634
262,Pass,0,0.99999964,0.06267106,0,0.98315686
263,Pass,0,0.9999856,0.09195704,0,0.97407246
264,Pass,0,0.9986533,0.3412074,0,0.8956792
265,Pass,0,0.9901872,0.59308606,0,0.810838
266,Pass,0,0.9997551,0.03670628,0,0.9909564
267,Pass,0,0.9998771,0.15894195,0,0.95322233
268,Pass,0,0.99350387,0.48305294,0,0.84741277
269,Pass,0,0.9999982,0.07837153,0,0.9782926
270,Pass,0,0.9999969,0.08208088,0,0.9771424
271,Pass,0,0.9994973,0.33783454,0,0.8974803
272,Pass,0,0.999936,0.13399152,0,0.9610058
273,Pass,0,0.9999987,0.064948015,0,0.98245066
274,Pass,0,0.99898785,0.35141987,0,0.8928194
275,Pass,0,0.96506053,0.18201783,0,0.9131328
276,Pass,0,0.99775296,0.037712373,0,0.98866105
277,Pass,0,0.99980026,0.12653519,0,0.96318436
278,Pass,0,0.99923813,0.16147804,0,0.95182824
279,Pass,0,0.99996924,0.09571559,0,0.97289246
280,Pass,0,0.9999323,0.1910125,0,0.9433425
281,Pass,0,0.9999851,0.18434066,0,0.94545877
282,Pass,0,0.99999917,0.09159787,0,0.974197
283,Pass,0,0.9998678,0.067307994,0,0.9815912
284,Pass,0,0.9999356,0.2137636,0,0.9362995
285,Pass,0,0.999997,0.07132243,0,0.9804747
286,Pass,0,0.9999435,0.23136045,0,0.93085694
287,Pass,0,0.9999392,0.13543655,0,0.96056134
288,Pass,0,0.9999994,0.14102824,0,0.9588873
289,Pass,0,0.9999734,0.054668963,0,0.9856094
290,Pass,0,0.9999629,0.17397277,0,0.9486489
291,Pass,0,0.9999894,0.2863731,0,0.913861
292,Pass,0,0.99962986,0.06917954,0,0.98077816
293,Pass,0,0.9999995,0.09433681,0,0.973349
294,Pass,0,0.99998486,0.20962758,0,0.9376266
295,Pass,0,0.99948126,0.21082132,0,0.93678486
296,Pass,0,0.9999449,0.14943239,0,0.9562322
297,Pass,0,0.9999732,0.018360062,0,0.9968547
298,Pass,0,0.9977323,0.5076267,0,0.8434255
299,Pass,0,0.9941328,0.6563376,0,0.7945932
300,Pass,0,0.9963186,0.3129647,0,0.9023005
301,Pass,0,0.9999939,0.091278166,0,0.9742909
302,Pass,0,0.8555103,0.51736027,0,0.72062004
303,Pass,0,0.9999124,0.021116717,0,0.99594045
304,Pass,0,0.99981016,0.04476859,0,0.98851436
305,Pass,0,0.99864703,0.26208755,0,0.9201459
306,Pass,0,0.99999845,0.08792085,0,0.9753352
307,Pass,0,0.99998176,0.07840236,0,0.97826695
308,Pass,0,0.9999665,0.06041927,0,0.9838217
309,Pass,0,0.994381,0.06214891,0,0.9777937
310,Pass,0,0.9436259,0.50957084,0,0.7971189
311,Pass,0,0.9998703,0.17883168,0,0.9470563
312,Pass,0,0.99991035,0.037700363,0,0.99080247
313,Pass,0,0.9971957,0.033388425,0,0.9894444
314,Pass,0,0.99826944,0.30154157,0,0.9075992
315,Pass,0,0.99998116,0.15968606,0,0.9530911
316,Pass,0,0.99962986,0.06917954,0,0.98077816
317,Pass,0,0.99979323,0.11518797,0,0.9666914
318,Pass,0,0.9945791,0.4053445,0,0.8722678
319,Pass,0,0.9999819,0.1163833,0,0.96650356
320,Pass,0,0.9976051,0.767263,0,0.7630942
321,Pass,0,0.9997142,0.2596967,0,0.9218695
322,Pass,0,0.9999387,0.17909542,0,0.94703937
323,Pass,0,0.9688833,0.46275726,0,0.832503
324,Pass,0,0.9999511,0.13014686,0,0.9622111
325,Pass,0,0.99999833,0.05831344,0,0.9845052
326,Pass,0,0.9998901,0.1149453,0,0.9668602
327,Pass,0,0.9994667,0.20127805,0,0.9397255
328,Pass,0,0.99986625,0.1969235,0,0.94144964
329,Pass,0,0.99995124,0.32984984,0,0.9003608
330,Pass,0,0.9999298,0.053102735,0,0.9860515
331,Pass,0,0.9867828,0.8455577,0,0.7308865
332,Pass,0,0.9998149,0.024355927,0,0.99484026
333,Pass,0,0.9999571,0.09242146,0,0.9739009
334,Pass,0,0.9826968,0.53009784,0,0.82387584
335,Pass,0,0.99998426,0.14351662,0,0.95810205
336,Pass,0,0.9999428,0.04027618,0,0.99003685
337,Pass,0,0.9996507,0.0440456,0,0.9885806
338,Pass,0,0.9997459,0.4173448,0,0.8730833
339,Pass,0,0.99939835,0.11920846,0,0.96506506
340,Pass,0,0.9999981,0.13800307,0,0.959823
341,Pass,0,0.9999932,0.108504154,0,0.9689549
342,Pass,0,0.9999567,0.17502555,0,0.94831693
343,Pass,0,0.9979158,0.10412974,0,0.968294
344,Pass,0,0.9999808,0.17593528,0,0.94805807
345,Pass,0,0.8505143,0.41841516,0,0.7424766
346,Pass,0,0.99999034,0.065986276,0,0.98212093
347,Pass,0,0.9997466,0.03467464,0,0.99157715
348,Pass,0,0.99999845,0.031551056,0,0.99279433
349,Pass,0,0.99998236,0.08127869,0,0.9773767
350,Pass,0,0.9999424,0.11478318,0,0.966961
351,Pass,0,0.999826,0.08523969,0,0.97599727
352,Pass,0,0.9995615,0.21355943,0,0.9360124
353,Pass,0,0.9690607,0.22125751,0,0.9051402
354,Pass,0,0.99998796,0.071468614,0,0.98042053
355,Pass,0,0.9996438,0.33614904,0,0.8981337
356,Pass,0,0.99970585,0.6728135,0,0.7939461
357,Pass,0,0.9999964,0.15508917,0,0.9545294
358,Pass,0,0.9995714,0.20195203,0,0.9396152
359,Pass,0,0.9999144,0.036212914,0,0.9912671
360,Pass,0,0.92042947,0.5461318,0,0.767101
361,Pass,0,0.99999976,0.10931011,0,0.9687116
362,Pass,0,0.99990535,0.3213138,0,0.9029631
363,Pass,0,0.999954,0.17784208,0,0.94744205
364,Pass,0,0.9801354,0.19778791,0,0.92260915
365,Pass,0,0.99995327,0.12732482,0,0.9630872
366,Pass,0,0.9999902,0.19634311,0,0.9417462
367,Pass,0,0.9963665,0.24164112,0,0.9243545
368,Pass,0,0.99998057,0.20262508,0,0.93979144
369,Pass,0,0.99996305,0.09540309,0,0.97298324
370,Pass,0,0.9999852,0.21288079,0,0.9366194
371,Pass,0,0.9999691,0.07076442,0,0.9806202
372,Pass,0,0.99844545,0.20148818,0,0.9387003
373,Pass,0,0.99951446,0.06989744,0,0.9804427
374,Pass,0,0.99991953,0.3622688,0,0.8902921
375,Pass,0,0.99160963,0.2322864,0,0.9228145
376,Pass,0,0.99648947,0.31725147,0,0.9011322
377,Pass,0,0.9998529,0.08677847,0,0.97554696
378,Pass,0,0.99998415,0.14391647,0,0.9579781
379,Pass,0,0.9996673,0.25462586,0,0.92339635
380,Pass,0,0.9993507,0.13621998,0,0.9597536
381,Pass,0,0.99991906,0.15691057,0,0.9538915
382,Pass,0,1.0,0.055022858,0,0.985526
383,Pass,0,0.9999019,0.28710032,0,0.9135558
384,Pass,0,0.9999968,0.14326416,0,0.9581922
385,Pass,0,0.9854022,0.21483348,0,0.9223645
386,Pass,0,0.9999702,0.04575633,0,0.9883667
387,Pass,0,0.9999987,0.10254863,0,0.9708048
388,Pass,0,0.9999739,0.13215774,0,0.9616102
389,Pass,0,0.99999774,0.035061788,0,0.99170625
390,Pass,0,0.99999845,0.08792085,0,0.9753352
391,Pass,0,0.9990176,0.09550844,0,0.9720307
392,Pass,0,0.99992156,0.16368137,0,0.9517969
393,Pass,0,0.9995826,0.14634362,0,0.95684195
394,Pass,0,0.9999989,0.107513055,0,0.9692674
395,Pass,0,0.99698764,0.2109286,0,0.93441457
396,Pass,0,0.99999404,0.031750638,0,0.9927282
397,Pass,0,0.9998957,0.042327527,0,0.9893549
398,Pass,0,0.9998609,0.13237752,0,0.9614335
399,Pass,0,0.59888023,1.1619062,0,0.38489705
400,Pass,0,0.99833775,0.3028411,0,0.90725946
401,Pass,0,0.9999994,0.13017482,0,0.96224886
402,Pass,0,0.9990362,0.06790451,0,0.9805903
403,Pass,0,0.9999881,0.1335885,0,0.9611807
404,Pass,0,0.9999862,0.017266823,0,0.99720633
405,Pass,0,0.9999583,0.05559202,0,0.98530865
406,Pass,0,0.9998049,0.13656875,0,0.96008176
407,Pass,0,0.99998724,0.067003444,0,0.9818028
408,Pass,0,0.9999534,0.028272307,0,0.9937651
409,Pass,0,0.999998,0.06777887,0,0.9815732
410,Pass,0,0.99990535,0.06856997,0,0.9812373
411,Pass,0,0.9996227,0.09818669,0,0.97179025
412,Pass,0,0.99997723,0.068156935,0,0.9814357
413,Pass,0,0.6394073,0.6968091,0,0.5030521
414,Pass,0,0.99997485,0.11413667,0,0.9671926
415,Pass,0,0.9999931,0.1521372,0,0.9554405
416,Pass,0,0.99992335,0.14240402,0,0.95838827
417,Pass,0,0.9999981,0.10348398,0,0.9705145
418,Pass,0,0.9996935,0.23927002,0,0.9281752
419,Pass,0,0.99977607,0.17538813,0,0.94803333
420,Pass,0,0.9999888,0.19371861,0,0.9425577
421,Pass,0,0.9999305,0.20874576,0,0.93784875
422,Pass,0,0.99998975,0.1330094,0,0.9613617
423,Pass,0,0.99998796,0.121785425,0,0.96483624
424,Pass,0,0.99998426,0.0852734,0,0.9761413
425,Pass,0,0.9999269,0.27992788,0,0.9158
426,Pass,0,0.99995124,0.17211364,0,0.9492136
427,Pass,0,0.99999976,0.052231308,0,0.9863904
428,Pass,0,0.8012767,1.3905582,0,0.45823
429,Pass,0,0.99999917,0.14444059,0,0.9578302
430,Pass,0,0.99997854,0.060644183,0,0.9837639
431,Pass,0,0.9999989,0.10512217,0,0.97000796
432,Pass,0,0.9998903,0.08860536,0,0.9750177
433,Pass,0,0.999734,0.08777278,0,0.97512305
434,Pass,0,0.99998856,0.16041079,0,0.95287365
435,Pass,0,0.99974924,0.22056578,0,0.93401873
436,Pass,0,0.9999988,0.069658436,0,0.98099184
437,Pass,0,0.99998677,0.21417476,0,0.93622005
438,Pass,0,0.9996346,0.116150156,0,0.9662401
439,Pass,0,0.9977107,0.22401878,0,0.93104714
440,Pass,0,0.99998796,0.071468614,0,0.98042053
441,Pass,0,0.9999951,0.09846282,0,0.97206676
442,Pass,0,0.9651634,0.7185681,0,0.75283545
443,Pass,0,0.99989295,0.05856928,0,0.98432225
444,Pass,0,0.9998677,0.03298521,0,0.9922204
445,Pass,0,0.9999938,0.084894225,0,0.976268
446,Pass,0,0.9999981,0.17368042,0,0.94877285
447,Pass,0,0.9978727,0.26984206,0,0.9170358
448,Pass,0,0.9993923,0.08408501,0,0.9759312
449,Pass,0,0.9999889,0.10749982,0,0.96926177
450,Pass,0,0.99999917,0.14981088,0,0.95616686
451,Pass,0,0.9884235,0.065243654,0,0.9709881
452,Pass,0,0.99994874,0.18098186,0,0.94646466
453,Pass,0,0.9975528,0.2571679,0,0.92065775
454,Pass,0,0.99995077,0.10910507,0,0.96872765
455,Pass,0,0.99999976,0.060888927,0,0.9837089
456,Pass,0,0.99882764,0.25235945,0,0.92332184
457,Pass,0,0.9999678,0.079038404,0,0.9780563
458,Pass,0,0.99615896,0.19892064,0,0.9373428
459,Pass,0,0.9999999,0.08980541,0,0.97475284
460,Pass,0,0.99999297,0.11838773,0,0.96589345
461,Pass,0,0.9999987,0.15502815,0,0.95455045
462,Pass,0,0.9985825,0.22458403,0,0.93168586
463,Pass,0,0.99994445,0.10724317,0,0.9692982
464,Pass,0,0.99999595,0.0984261,0,0.972079
465,Pass,0,0.9999461,0.10660054,0,0.9694988
466,Pass,0,0.9999639,0.015683962,0,0.9976743
467,Pass,0,0.9999467,0.05615364,0,0.9851233
468,Pass,0,0.9999894,0.14068429,0,0.9589842
469,Pass,0,0.9999826,0.074206166,0,0.9795674
470,Pass,0,0.9999918,0.044901118,0,0.98865294
471,Pass,0,0.966452,0.40746966,0,0.8469636
472,Pass,0,0.9998797,0.11911091,0,0.9655601
473,Pass,0,0.9997259,0.05442336,0,0.98544157
474,Pass,0,0.99370766,0.21720356,0,0.92940915
475,Pass,0,0.9983847,0.07604225,0,0.9774344
476,Pass,0,0.9999999,0.083835565,0,0.97660184
477,Pass,0,0.99902534,0.41189632,0,0.8741399
478,Pass,0,0.99999964,0.031901233,0,0.9926871
479,Pass,0,0.99999464,0.05414774,0,0.9857918
480,Pass,0,0.99999523,0.13466689,0,0.9608536
481,Pass,0,0.998835,0.16815688,0,0.94937813
482,Pass,0,0.9999894,0.1273707,0,0.96310776
483,Pass,0,0.99994874,0.045889873,0,0.98830414
484,Pass,0,0.99891996,0.2257688,0,0.9316342
485,Pass,0,0.99999416,0.09531893,0,0.9730396
486,Pass,0,0.9997384,0.12169467,0,0.9646236
487,Pass,0,0.9741614,0.22567637,0,0.9085712
488,Pass,0,0.9999976,0.070288174,0,0.9807956
489,Pass,0,0.99883944,0.35013488,0,0.8930843
490,Pass,0,0.9994173,0.024588982,0,0.9943725
491,Pass,0,0.99960536,0.19216411,0,0.94267756
492,Pass,0,0.9999778,0.09982869,0,0.97162694
493,Pass,0,0.9999943,0.082931034,0,0.97687656
494,Pass,0,0.9987626,0.042042118,0,0.9883221
495,Pass,0,0.999956,0.027333707,0,0.9940584
496,Pass,0,0.9999819,0.018859787,0,0.99670863
497,Pass,0,0.9655975,0.17087135,0,0.91697454
498,Pass,0,0.7482159,0.657408,0,0.597788
499,Pass,0,0.9999982,0.16922258,0,0.9501536
500,Pass,0,0.99999213,0.10975156,0,0.9685675
501,Pass,0,0.9999447,0.07212806,0,0.9801739
502,Pass,0,0.999995,0.13267908,0,0.961469
503,Pass,0,0.9999887,0.07326066,0,0.9798662
504,Pass,0,0.9999757,0.1029747,0,0.9706505
505,Pass,0,0.9998275,0.14424607,0,0.957726
506,Pass,0,0.9996407,0.02757329,0,0.99367076
507,Pass,0,0.9999733,0.15856361,0,0.95343125
508,Pass,0,0.99977976,0.04413622,0,0.9886801
509,Pass,0,0.99999726,0.19013327,0,0.9436762
510,Pass,0,0.9999181,0.2138268,0,0.9362635
511,Pass,0,1.0,0.091789715,0,0.9741384
512,Pass,0,0.999997,0.14650546,0,0.95718855
513,Pass,0,0.99993145,0.15493432,0,0.95451534
514,Pass,0,0.9993955,0.19129945,0,0.9427473
515,Pass,0,0.9999962,0.21039966,0,0.9373981
516,Pass,0,0.9999932,0.108504154,0,0.9689549
517,Pass,0,0.9999535,0.039152622,0,0.9903954
518,Pass,0,0.9998981,0.028609136,0,0.9936058
519,Pass,0,0.99997437,0.07663037,0,0.9788085
520,Pass,0,0.99999976,0.08571955,0,0.9760182
521,Pass,0,0.9993895,0.27110538,0,0.9180387
522,Pass,0,0.9997285,0.21444239,0,0.9358954
523,Pass,0,0.9997644,0.19483373,0,0.94200087
524,Pass,0,0.9997888,0.03429961,0,0.99173516
525,Pass,0,0.99955755,0.045715965,0,0.9879713
526,Pass,0,0.99983966,0.07462014,0,0.9792992
527,Pass,0,0.99999917,0.05048629,0,0.9869303
528,Pass,0,0.9999999,0.04172838,0,0.9896436
529,Pass,0,0.9828346,0.47485754,0,0.84080714
530,Pass,0,0.99998677,0.08935803,0,0.97487867
531,Pass,0,0.9999889,0.053365957,0,0.9860283
532,Pass,0,0.9999684,0.22289902,0,0.93350077
533,Pass,0,1.0,0.035733,0,0.9915006
534,Pass,0,0.9999819,0.018859787,0,0.99670863
535,Pass,0,0.999848,0.09856993,0,0.97189057
536,Pass,0,0.99986625,0.070374094,0,0.9806402
537,Pass,0,0.9999864,0.01844918,0,0.99684036
538,Pass,0,0.99999607,0.101414084,0,0.9711536
539,Pass,0,0.9997372,0.04029778,0,0.9898266
540,Pass,0,0.9999968,0.09067578,0,0.9744802
541,Pass,0,0.9999913,0.1695837,0,0.9500352
542,Pass,0,0.9999913,0.04844089,0,0.9875561
543,Pass,0,0.9999956,0.11563645,0,0.9667481
544,Pass,0,0.9999944,0.05633069,0,0.9851154
545,Pass,0,0.9999721,0.06985373,0,0.9809052
546,Pass,0,1.0,0.07437505,0,0.9795322
547,Pass,0,0.99998665,0.11151502,0,0.96801597
548,Pass,0,0.9999975,0.047113165,0,0.98797345
549,Pass,0,0.9997416,0.06673829,0,0.98164374
550,Pass,0,0.9999635,0.031987865,0,0.99262434
551,Pass,0,0.99936384,0.357393,0,0.8913065
552,Pass,0,0.9999882,0.1862406,0,0.9448733
553,Pass,0,0.99158716,0.29206565,0,0.9044341
554,Pass,0,0.9999988,0.13430682,0,0.96096855
555,Pass,0,0.99963486,0.053414587,0,0.9856641
556,Pass,0,0.9997422,0.18787135,0,0.9441359
557,Pass,0,0.999984,0.19165507,0,0.9431923
558,Pass,0,0.9999528,0.15649413,0,0.9540526
559,Pass,0,0.9999999,0.029874843,0,0.9933149
560,Pass,0,0.9999919,0.08484721,0,0.9762807
561,Pass,0,0.9999527,0.28869104,0,0.91310954
562,Pass,0,0.9992581,0.1650239,0,0.9507499
563,Pass,0,0.9993279,0.082714416,0,0.9762926
564,Pass,0,0.99997556,0.045178212,0,0.9885511
565,Pass,0,0.9994704,0.28062078,0,0.9151674
566,Pass,0,0.99136204,0.10224109,0,0.9625147
567,Pass,0,0.99999654,0.07492211,0,0.9793593
568,Pass,0,0.9999621,0.028541356,0,0.99369043
569,Pass,0,0.999936,0.13399152,0,0.9610058
570,Pass,0,0.9999999,0.064941615,0,0.9824538
571,Pass,0,0.99999857,0.056603514,0,0.98503506
572,Pass,0,0.9985209,0.1706278,0,0.9483154
573,Pass,0,0.99999726,0.09376345,0,0.9735244
574,Pass,0,0.7152505,0.78637046,0,0.5428809
575,Pass,0,0.99999917,0.06598854,0,0.98212886
576,Pass,0,0.999874,0.13990709,0,0.95911425
577,Pass,0,0.9999888,0.06429603,0,0.9826429
578,Pass,0,0.9999969,0.11396302,0,0.9672677
579,Pass,0,0.99983823,0.17753711,0,0.9474268
580,Pass,0,0.99999833,0.094601884,0,0.97326577
581,Pass,0,0.99999344,0.09943726,0,0.9717633
582,Pass,0,0.9997911,0.19650331,0,0.941509
583,Pass,0,0.9999857,0.069962196,0,0.9808849
584,Pass,0,0.9999368,0.108612224,0,0.96886677
585,Pass,0,0.9997453,0.1850217,0,0.94502115
586,Pass,0,0.9999999,0.096550964,0,0.9726636
587,Pass,0,0.9999788,0.110652715,0,0.9682754
588,Pass,0,0.99999726,0.04589709,0,0.98834985
589,Pass,0,0.9999988,0.0941588,0,0.97340345
590,Pass,0,0.99988616,0.03143951,0,0.99271744
591,Pass,0,0.99999976,0.038564082,0,0.99062353
592,Pass,0,0.99991167,0.118112795,0,0.96590006
593,Pass,0,0.99999976,0.03959309,0,0.9903048
594,Pass,0,0.99999976,0.08571502,0,0.9760196
595,Pass,0,0.9912922,0.2694542,0,0.9111074
596,Pass,0,0.9993963,0.10901399,0,0.9682187
597,Pass,0,0.9999819,0.076566935,0,0.9788355
598,Pass,0,0.99970955,0.066222705,0,0.9817719
599,Pass,0,0.95593166,0.82081723,0,0.7153609
600,Pass,0,0.99916565,0.057798833,0,0.9838447
601,Pass,0,0.9993662,0.09585068,0,0.972264
602,Pass,0,0.9996326,0.2064973,0,0.93826544
603,Pass,0,0.9991456,0.06553262,0,0.98143166
604,Pass,0,0.998705,0.104499534,0,0.9689454
605,Pass,0,0.99933344,0.09615917,0,0.97213656
606,Pass,0,0.8819361,0.8534312,0,0.6510783
607,Pass,0,0.9945596,0.13162741,0,0.956567
608,Pass,0,0.99999154,0.060801513,0,0.9837279
609,Pass,0,0.99533147,0.37575147,0,0.8820506
610,Pass,0,0.99989414,0.043711144,0,0.98892486
611,Pass,0,0.99999917,0.06704256,0,0.9818024
612,Pass,0,0.9999473,0.027976237,0,0.9938507
613,Pass,0,1.0,0.080006,0,0.9777881
614,Pass,0,0.9999814,0.06171321,0,0.9834356
615,Pass,0,0.9998124,0.13368286,0,0.9609826
616,Pass,0,0.999826,0.15667018,0,0.95387715
617,Pass,0,0.9999963,0.089722164,0,0.97477514
618,Pass,0,0.68504447,0.7067379,0,0.53685045
619,Pass,0,0.99999356,0.048008006,0,0.98769236
620,Pass,0,0.99999976,0.16475539,0,0.9515387
621,Pass,0,0.99999905,0.028920714,0,0.9936096
622,Pass,0,0.9999629,0.21186927,0,0.93691176
623,Pass,0,0.9996885,0.30401778,0,0.9081227
624,Pass,0,0.99997926,0.16799603,0,0.9505155
625,Pass,0,0.9999938,0.21464534,0,0.9360809
626,Pass,0,0.9995977,0.06834413,0,0.9810053
627,Pass,0,1.0,0.043348905,0,0.98914176
628,Pass,0,0.99999285,0.10684688,0,0.9694678
629,Pass,0,0.7542012,1.0210875,0,0.51761574
630,Pass,0,0.9990964,0.18875344,0,0.943253
631,Pass,0,0.9998535,0.18430799,0,0.94534445
632,Pass,0,0.99977237,0.12750396,0,0.9628575
633,Pass,0,0.9999988,0.25093,0,0.92484725
634,Pass,0,0.9991586,0.3372205,0,0.89736617
635,Pass,0,0.9999995,0.060559794,0,0.9838106
636,Pass,0,0.99936694,0.19130737,0,0.9427179
637,Pass,0,0.9998629,0.26922792,0,0.919055
638,Pass,0,0.9999989,0.058725107,0,0.9843783
639,Pass,0,0.9995396,0.23664615,0,0.9288446
640,Pass,0,0.99999094,0.21351242,0,0.93642914
641,Pass,0,0.9975528,0.2571679,0,0.92065775
642,Pass,0,0.9999969,0.11000017,0,0.96849513
643,Pass,0,0.8505143,0.41841516,0,0.7424766
644,Pass,0,0.99877375,0.17818758,0,0.94621694
645,Pass,0,0.99999607,0.07655885,0,0.9788519
646,Pass,0,0.9999919,0.121583454,0,0.96490264
647,Pass,0,0.998171,0.22139788,0,0.9322869
648,Pass,0,0.99591184,0.33287963,0,0.89578915
649,Pass,0,0.99997795,0.16379598,0,0.9518151
650,Pass,0,0.99784315,0.24067809,0,0.92602205
651,Pass,0,1.0,0.10522027,0,0.9699786
652,Pass,0,0.99982435,0.15392426,0,0.9547259
653,Pass,0,0.9999988,0.11873881,0,0.9657904
654,Pass,0,0.79146934,0.5005258,0,0.67080337
655,Pass,0,0.99969745,0.019001257,0,0.99638134
656,Pass,0,0.999838,0.10834793,0,0.9688528
657,Pass,0,0.99999404,0.06673509,0,0.9818926
658,Pass,0,0.9384866,1.0345421,0,0.64018166
659,Pass,0,0.99935263,0.31445497,0,0.904587
660,Pass,0,0.92473197,0.45076188,0,0.7980021
661,Pass,0,0.75733614,0.35073474,0,0.6770102
662,Pass,0,0.9991003,0.22525981,0,0.93195987
663,Pass,0,0.9958651,0.24224147,0,0.92370415
664,Pass,0,1.0,0.040153563,0,0.99013144
665,Pass,0,0.9999919,0.06643907,0,0.9819822
666,Pass,0,0.99833775,0.3028411,0,0.90725946
667,Pass,0,0.96645474,1.0282271,0,0.6611503
668,Pass,0,0.9990101,0.31398487,0,0.90442234
669,Pass,0,0.9979365,0.2601786,0,0.9200813
670,Pass,0,0.99608046,0.4660512,0,0.85485566
671,Pass,0,0.9999999,0.06523202,0,0.9823639
672,Pass,0,0.26419765,0.74467874,0,0.20393974
673,Pass,0,0.9999993,0.09667047,0,0.972626
674,Pass,0,0.9836463,0.25097978,0,0.9097085
675,Pass,0,0.9993055,0.08208857,0,0.9764644
676,Pass,0,0.9999734,0.118003696,0,0.9659935
677,Pass,0,0.9997372,0.04029778,0,0.9898266
678,Pass,0,0.99999535,0.078510396,0,0.9782468
679,Pass,0,0.9999819,0.018859787,0,0.99670863
680,Pass,0,0.99846786,0.58612424,0,0.8197717
681,Pass,0,0.9999759,0.21338212,0,0.93645537
682,Pass,0,0.9999895,0.06700243,0,0.9818053
683,Pass,0,0.99792624,0.37417996,0,0.8848358
684,Pass,0,0.9996406,0.17886743,0,0.94682765
685,Pass,0,0.99999833,0.15015143,0,0.9560606
686,Pass,0,0.9999987,0.052480668,0,0.9863121
687,Pass,0,0.9999453,0.050649922,0,0.9868265
688,Pass,0,0.99744844,0.24614196,0,0.9239678
689,Pass,0,0.9999459,0.24836805,0,0.92559177
690,Pass,0,0.99943453,0.18199389,0,0.94566464
691,Pass,0,0.9998542,0.12501794,0,0.96370614
692,Pass,0,0.9999509,0.22350965,0,0.9332953
693,Pass,0,0.9999844,0.18595304,0,0.9449587
694,Pass,0,0.99996114,0.063766174,0,0.9827798
695,Pass,0,0.99990916,0.1367605,0,0.9601225
696,Pass,0,0.9999405,0.19559896,0,0.9419298
697,Pass,0,0.6086071,1.6904114,0,0.2915242
698,Pass,0,0.9999895,0.1078495,0,0.969154
699,Pass,0,0.99930716,0.1824645,0,0.9453985
700,Pass,0,0.99872106,0.17036591,0,0.94858646
701,Pass,0,0.999979,0.10816044,0,0.9690476
702,Pass,0,0.99864703,0.043729417,0,0.9876858
703,Pass,0,0.999995,0.06466712,0,0.982534
704,Pass,0,0.9999949,0.13272564,0,0.96145445
705,Pass,0,0.99999356,0.12914655,0,0.9625617
706,Pass,0,0.99798834,0.2770102,0,0.91492635
707,Pass,0,0.99980026,0.12653519,0,0.96318436
708,Pass,0,0.94827986,0.46443436,0,0.81430715
709,Pass,0,0.9999869,0.18742922,0,0.94450384
710,Pass,0,0.99999833,0.037840936,0,0.9908461
711,Pass,0,0.9976109,0.114843585,0,0.96468776
712,Pass,0,0.99880767,0.33890146,0,0.896531
713,Pass,0,0.99999523,0.06423155,0,0.9826692
714,Pass,0,0.99912053,0.25225022,0,0.9236264
715,Pass,0,0.9999875,0.20983264,0,0.93756557
716,Pass,0,0.99997485,0.21118866,0,0.9371337
717,Pass,0,0.99989617,0.08546371,0,0.9759964
718,Pass,0,0.8842457,0.4409002,0,0.76576513
719,Pass,0,0.997329,0.09505976,0,0.9705263
720,Pass,0,0.99995327,0.12732482,0,0.9630872
721,Pass,0,0.99979705,0.1877399,0,0.94422835
722,Pass,0,0.99987805,0.15115182,0,0.9556358
723,Pass,0,0.99999714,0.051169522,0,0.98671675
724,Pass,0,0.7447518,0.80305314,0,0.56142443
725,Pass,0,0.9891698,0.1599231,0,0.942714
726,Pass,0,0.9991653,0.18252288,0,0.9452462
727,Pass,0,0.9999604,0.20608684,0,0.9387003
728,Pass,0,0.99999833,0.030479377,0,0.99312615
729,Pass,0,0.99503905,0.3837292,0,0.8793328
730,Pass,0,0.9997112,0.06920726,0,0.9808494
731,Pass,0,0.9999974,0.15764463,0,0.9537388
732,Pass,0,0.99999845,0.04747634,0,0.9878619
733,Pass,0,0.9999907,0.25295618,0,0.9242122
734,Pass,0,0.99318683,0.26058683,0,0.9155766
735,Pass,0,0.9999602,0.25978088,0,0.92207026
736,Pass,0,0.9999751,0.13017496,0,0.96222544
737,Pass,0,0.99999976,0.057437442,0,0.9847779
738,Pass,0,0.9992894,0.02827333,0,0.9931049
739,Pass,0,0.9999765,0.10502295,0,0.9700169
740,Pass,0,0.9999987,0.12770726,0,0.9630125
741,Pass,0,0.9999857,0.12342666,0,0.9643258
742,Pass,0,0.9991399,0.32623824,0,0.90074795
743,Pass,0,0.9997781,0.1033533,0,0.97034144
744,Pass,0,0.9999968,0.2139529,0,0.93629813
745,Pass,0,0.9999999,0.07338842,0,0.9798376
746,Pass,0,0.9999471,0.26347992,0,0.92091256
747,Pass,0,0.99998486,0.10421399,0,0.9702756
748,Pass,0,0.9687913,0.2556872,0,0.8945576
749,Pass,0,0.9999236,0.03372523,0,0.99204665
750,Pass,0,0.9994843,0.05917109,0,0.98373365
751,Pass,0,0.99998474,0.11782696,0,0.9660592
752,Pass,0,0.999874,0.14869541,0,0.95639265
753,Pass,0,0.9999995,0.052843392,0,0.98620063
754,Pass,0,0.9991818,0.054686844,0,0.98482364
755,Pass,0,0.9997726,0.105258316,0,0.96974623
756,Pass,0,0.9999385,0.2391861,0,0.92842865
757,Pass,0,0.99998724,0.16107187,0,0.95266765
758,Pass,0,0.9985114,0.09097576,0,0.97293997
759,Pass,0,0.99997735,0.19702196,0,0.9415238
760,Pass,0,0.9993507,0.13621998,0,0.9597536
761,Pass,0,0.99963176,0.07849249,0,0.97789663
762,Pass,0,0.999998,0.07710587,0,0.97868437
763,Pass,0,0.9973908,0.4278676,0,0.8677759
764,Pass,0,0.9997936,0.16409494,0,0.951547
765,Pass,0,0.4832407,0.6538382,0,0.38662001
766,Pass,0,0.9999964,0.09186309,0,0.97411215
767,Pass,0,0.9999374,0.10114128,0,0.97118115
768,Pass,0,0.999998,0.06279318,0,0.9831174
769,Pass,0,0.99961036,0.31416702,0,0.9049094
770,Pass,0,0.99987197,0.09165789,0,0.97405446
771,Pass,0,0.9997657,0.1552128,0,0.9542709
772,Pass,0,0.99936944,0.20068367,0,0.93981797
773,Pass,0,0.99997854,0.060644183,0,0.9837639
774,Pass,0,0.9999869,0.23795281,0,0.92885554
775,Pass,0,0.9995511,0.18995807,0,0.94330937
776,Pass,0,0.9998573,0.1721472,0,0.949114
777,Pass,0,1.0,0.054635096,0,0.9856461
778,Pass,0,0.9999889,0.17374444,0,0.9487443
779,Pass,0,0.99999964,0.050158888,0,0.9870322
780,Pass,0,0.82198143,0.41870534,0,0.71749425
781,Pass,0,0.99997497,0.17422456,0,0.94858235
782,Pass,0,0.99989223,0.17765455,0,0.94744164
783,Pass,0,0.6394073,0.6968091,0,0.5030521
784,Pass,0,0.9998271,0.3893649,0,0.88181883
785,Pass,0,0.99998736,0.076169185,0,0.9789641
786,Pass,0,0.99954575,0.18663646,0,0.9443326
787,Pass,0,0.9996673,0.25462586,0,0.92339635
788,Pass,0,0.9995622,0.120222785,0,0.96490926
789,Pass,0,0.99999726,0.0747417,0,0.9794159
790,Pass,0,0.99835485,0.17020774,0,0.94828755
791,Pass,0,0.99987614,0.21832404,0,0.9348315
792,Pass,0,0.99973685,0.13775156,0,0.95965016
793,Pass,0,0.9998227,0.25309628,0,0.92401356
794,Pass,0,0.99992657,0.23561397,0,0.9295239
795,Pass,0,0.99997425,0.02264941,0,0.9955273
796,Pass,0,0.999067,0.28341734,0,0.9139327
797,Pass,0,0.9999503,0.09316981,0,0.9736625
798,Pass,0,0.99999905,0.08384985,0,0.9765966
799,Pass,0,0.99996865,0.1138609,0,0.967272
800,Pass,0,0.99999464,0.06658305,0,0.98194027
801,Pass,0,0.9998565,0.08709933,0,0.9754511
802,Pass,0,0.9999441,0.26769534,0,0.91960424
803,Pass,0,0.9998149,0.024355927,0,0.99484026
804,Pass,0,0.9999962,0.21039966,0,0.9373981
805,Pass,0,0.99989057,0.18582524,0,0.94490963
806,Pass,0,0.9992181,0.20112358,0,0.9395395
807,Pass,0,0.92305005,0.35153142,0,0.82492006
808,Pass,0,0.9998982,0.1676213,0,0.9505545
809,Pass,0,0.9999999,0.08628546,0,0.9758431
810,Pass,0,0.9999323,0.1910125,0,0.9433425
811,Pass,0,0.9143148,0.6879447,0,0.72184527
812,Pass,0,0.99999404,0.11112741,0,0.96814317
813,Pass,0,0.9999486,0.03245801,0,0.99246395
814,Pass,0,0.99999976,0.04563302,0,0.9884341
815,Pass,0,0.80116314,0.6184923,0,0.64974684
816,Pass,0,0.9999764,0.17079969,0,0.94964445
817,Pass,0,0.99988115,0.09357222,0,0.97347057
818,Pass,0,0.99994016,0.04193708,0,0.98951983
819,Pass,0,0.99937505,0.1929695,0,0.9422111
820,Pass,0,0.9999857,0.069962196,0,0.9808849
821,Pass,0,0.9999176,0.1451499,0,0.9575324
822,Pass,0,0.9999989,0.058725107,0,0.9843783
823,Pass,0,0.9998733,0.034679633,0,0.9917012
824,Pass,0,0.9809745,0.3493423,0,0.8773516
825,Pass,0,0.99977607,0.17538813,0,0.94803333
826,Pass,0,0.99999976,0.048079774,0,0.98767626
827,Pass,0,0.9999993,0.0766949,0,0.97881293
828,Pass,0,0.999998,0.071228266,0,0.9805048
829,Pass,0,0.9622426,0.325801,0,0.8676145
830,Pass,0,0.999992,0.09156305,0,0.9742008
831,Pass,0,0.9999988,0.06326884,0,0.98297083
832,Pass,0,0.9966079,0.46642408,0,0.85519326
833,Pass,0,0.93780524,0.5355354,0,0.78466016
834,Pass,0,0.99998295,0.064242624,0,0.9826537
835,Pass,0,0.99997413,0.17839596,0,0.9472896
836,Pass,0,0.99998295,0.030439045,0,0.9931234
837,Pass,0,0.9948991,0.55621946,0,0.8260567
838,Pass,0,0.99999595,0.06381922,0,0.98279756
839,Pass,0,0.9990213,0.07652022,0,0.9779097
840,Pass,0,0.99996996,0.04153876,0,0.9896727
841,Pass,0,0.9999927,0.12108685,0,0.9650572
842,Pass,0,0.99268746,0.64321935,0,0.7974713
843,Pass,0,0.9997112,0.12427092,0,0.96379966
844,Pass,0,0.9997955,0.17424951,0,0.9484043
845,Pass,0,0.9999999,0.0614646,0,0.98353076
846,Pass,0,0.99998736,0.11164324,0,0.967977
847,Pass,0,0.999936,0.13399152,0,0.9610058
848,Pass,0,0.99999547,0.08930657,0,0.97490305
849,Pass,0,0.999998,0.108790085,0,0.96887094
850,Pass,0,0.99965477,0.18432835,0,0.94515026
851,Pass,0,0.999997,0.05535999,0,0.98541874
852,Pass,0,0.9996269,0.16776831,0,0.95025104
853,Pass,0,0.99996316,0.059198055,0,0.98419666
854,Pass,0,0.9999988,0.07324072,0,0.9798823
855,Pass,0,0.9999548,0.07728755,0,0.97858584
856,Pass,0,0.9990101,0.31398487,0,0.90442234
857,Pass,0,0.9999441,0.15016034,0,0.95600593
858,Pass,0,0.99999595,0.064920686,0,0.98245645
859,Pass,0,0.9999802,0.31879514,0,0.9038108
860,Pass,0,0.9999664,0.12805118,0,0.9628748
861,Pass,0,0.99971014,0.15093213,0,0.95554334
862,Pass,0,0.99957424,0.07795187,0,0.97800773
863,Pass,0,0.944227,1.1487111,0,0.6107085
864,Pass,0,0.9999666,0.013981227,0,0.9982044
865,Pass,0,0.99995935,0.17775229,0,0.94747496
866,Pass,0,1.0,0.07527172,0,0.9792544
867,Pass,0,0.97540164,1.3370996,0,0.573958
868,Pass,0,0.999783,0.2956426,0,0.91080195
869,Pass,0,0.99998975,0.10235734,0,0.97085536
870,Pass,0,0.99981016,0.04476859,0,0.98851436
871,Pass,0,0.99993277,0.13951258,0,0.9592928
872,Pass,0,0.9996561,0.016391762,0,0.99714804
873,Pass,0,0.99976784,0.07330942,0,0.9796347
874,Pass,0,0.99795914,0.18355793,0,0.94378525
875,Pass,0,0.9979665,0.2828178,0,0.91311127
876,Pass,0,0.9996393,0.23752193,0,0.9286661
877,Pass,0,0.9999963,0.08233787,0,0.9770622
878,Pass,0,0.9998996,0.14402963,0,0.95786214
879,Pass,0,0.9998996,0.14402963,0,0.95786214
880,Pass,0,0.99999964,0.12079239,0,0.9651551
881,Pass,0,0.99963653,0.42069694,0,0.8719499
882,Pass,0,0.999617,0.0842976,0,0.9760848
883,Pass,0,0.99952734,0.2955763,0,0.9105896
884,Pass,0,0.9904255,0.75490177,0,0.7613943
885,Pass,0,0.9999894,0.09349102,0,0.9736011
886,Pass,0,0.9998318,0.17789759,0,0.9473091
887,Pass,0,0.99999833,0.030479377,0,0.99312615
888,Pass,0,0.9945967,0.052445482,0,0.98099494
889,Pass,0,0.9995567,0.10024209,0,0.9710898
890,Pass,0,0.9993988,0.04737659,0,0.9873004
891,Pass,0,0.90156347,0.2926235,0,0.82216704
892,Pass,0,0.9999852,0.23004308,0,0.9313038
893,Pass,0,0.9981371,0.16008557,0,0.95120996
894,Pass,0,0.999059,0.22943479,0,0.93062943
895,Pass,0,0.99994504,0.093183994,0,0.973653
896,Pass,0,0.9999981,0.10468794,0,0.9701416
897,Pass,0,0.9999949,0.07309631,0,0.9799232
898,Pass,0,0.8239327,0.7779206,0,0.6275279
899,Pass,0,0.9386744,0.46553928,0,0.8057375
900,Pass,0,0.99995446,0.02791697,0,0.9938762
901,Pass,0,0.99993026,0.21076953,0,0.9372217
902,Pass,0,0.9995078,0.19042957,0,0.9431225
903,Pass,0,0.99695194,0.35583812,0,0.88963556
904,Pass,0,0.99998844,0.06986041,0,0.9809191
905,Pass,0,0.9999976,0.070288174,0,0.9807956
906,Pass,0,0.9999888,0.09964252,0,0.97169524
907,Pass,0,0.9999871,0.060958166,0,0.98367506
908,Pass,0,0.999997,0.14382628,0,0.95801836
909,Pass,0,0.99538124,0.38501287,0,0.87923944
910,Pass,0,0.9688833,0.46275726,0,0.832503
911,Pass,0,0.9999989,0.15980159,0,0.95307225
912,Pass,0,0.9999968,0.10012991,0,0.9715521
913,Pass,0,0.9999937,0.1541786,0,0.95480883
914,Pass,0,0.9998598,0.08803577,0,0.97516435
915,Pass,0,0.99999714,0.1671808,0,0.950785
916,Pass,0,0.99991715,0.047529496,0,0.98776513
917,Pass,0,1.0,0.08212478,0,0.97713184
918,Pass,0,0.99993074,0.074643984,0,0.979381
919,Pass,0,0.89138836,0.3877466,0,0.7866258
920,Pass,0,0.9999232,0.08553489,0,0.9760007
921,Pass,0,0.99999654,0.1373698,0,0.9600177
922,Pass,0,0.9996388,0.03822056,0,0.9903723
923,Pass,0,0.9999497,0.027138079,0,0.99411273
924,Pass,0,0.9999496,0.09106499,0,0.97431374
925,Pass,0,0.9992949,0.06624729,0,0.98135704
926,Pass,0,0.999984,0.15785295,0,0.95366156
927,Pass,0,0.999982,0.10115217,0,0.9712211
928,Pass,0,0.9999918,0.104545884,0,0.97017944
929,Pass,0,0.9999999,0.10437654,0,0.97023976
930,Pass,0,0.999984,0.059327014,0,0.9841772
931,Pass,0,0.9998996,0.020704404,0,0.99605536
932,Pass,0,0.9999949,0.17962897,0,0.94692737
933,Pass,0,0.999571,0.23944141,0,0.9280084
934,Pass,0,0.999374,0.30204555,0,0.90844744
935,Pass,0,0.99999726,0.04589709,0,0.98834985
936,Pass,0,0.9999447,0.07212806,0,0.9801739
937,Pass,0,0.99999845,0.11238507,0,0.96775794
938,Pass,0,0.99999785,0.071661405,0,0.9803706
939,Pass,0,0.99178785,0.4036331,0,0.87034553
940,Pass,0,0.98239756,0.18976663,0,0.9271792
941,Pass,0,0.99857247,0.0688558,0,0.9798408
942,Pass,0,0.99998593,0.13134038,0,0.9618749
943,Pass,0,0.9999038,0.06591604,0,0.9820577
944,Pass,0,0.99956125,0.3766174,0,0.8855309
945,Pass,0,0.99071854,0.15189916,0,0.94665223
946,Pass,0,0.99983215,0.05869913,0,0.9842222
947,Pass,0,0.9999765,0.046826612,0,0.98804146
948,Pass,0,0.9999709,0.12620929,0,0.96344966
949,Pass,0,1.0,0.043348905,0,0.98914176
950,Pass,0,0.99998033,0.058729798,0,0.98435855
951,Pass,0,0.99999654,0.07492211,0,0.9793593
952,Pass,0,0.9999038,0.06591604,0,0.9820577
953,Pass,0,0.9999933,0.04523207,0,0.9885519
954,Pass,0,0.9999994,0.06930964,0,0.98110044
955,Pass,0,0.9999341,0.2375787,0,0.92892236
956,Pass,0,0.9997596,0.25839767,0,0.92231363
957,Pass,0,0.9995604,0.13695057,0,0.9597288
958,Pass,0,0.99979705,0.15245494,0,0.95515484
959,Pass,0,0.99999774,0.09197494,0,0.9740788
960,Pass,0,0.9999864,0.114375696,0,0.9671297
961,Pass,0,0.9958651,0.24224147,0,0.92370415
962,Pass,0,0.9999987,0.12028546,0,0.9653112
963,Pass,0,0.99990463,0.17583123,0,0.948018
964,Pass,0,0.99958843,0.2764779,0,0.9165581
965,Pass,0,0.9999982,0.098442346,0,0.9720761
966,Pass,0,0.9999802,0.17607969,0,0.9480127
967,Pass,0,0.9999528,0.15649413,0,0.9540526
968,Pass,0,0.9999441,0.08255161,0,0.97694504
969,Pass,0,0.9995085,0.115281194,0,0.9663872
970,Pass,0,0.68023366,0.8039049,0,0.5126085
971,Pass,0,0.99996924,0.013978273,0,0.998208
972,Pass,0,0.99999845,0.11029884,0,0.9684041
973,Pass,0,0.9989392,0.15958475,0,0.95212936
974,Pass,0,0.9999924,0.12528776,0,0.9637558
975,Pass,0,0.99912053,0.25225022,0,0.9236264
976,Pass,0,0.9998287,0.064428784,0,0.98244447
977,Pass,0,0.99998593,0.071893595,0,0.98028696
978,Pass,0,0.99999905,0.049554534,0,0.9872188
979,Pass,0,0.9999944,0.08405187,0,0.9765295
980,Pass,0,0.9999925,0.014995724,0,0.99791604
981,Pass,0,0.9983847,0.07604225,0,0.9774344
982,Pass,0,0.9999939,0.34426984,0,0.8959331
983,Pass,0,0.9996983,0.056134608,0,0.98488444
984,Pass,0,0.9996376,0.22559412,0,0.93235755
985,Pass,0,0.9999019,0.28710032,0,0.9135558
986,Pass,0,0.9891698,0.1599231,0,0.942714
987,Pass,0,0.999863,0.1473145,0,0.95680976
988,Pass,0,0.99998975,0.22215134,0,0.9337523
989,Pass,0,0.9999994,0.07116609,0,0.98052543
990,Pass,0,0.999995,0.18261515,0,0.9460026
991,Pass,0,0.9996226,0.11621606,0,0.9662081
992,Pass,0,0.9948548,0.2117731,0,0.9321554
993,Pass,0,0.9997508,0.17581862,0,0.9478761
994,Pass,0,0.99795914,0.18355793,0,0.94378525
995,Pass,0,0.9999994,0.13017482,0,0.96224886
996,Pass,0,0.99997485,0.18638472,0,0.944816
997,Pass,0,0.99960274,0.1741108,0,0.9482644
998,Pass,0,0.99999547,0.11265601,0,0.9676711
999,Pass,0,0.99798834,0.2770102,0,0.91492635
1000,Pass,0,0.99961424,0.10325421,0,0.97021306
1001,Pass,0,0.99994767,0.098483,0,0.9720144
1002,Pass,0,0.9999268,0.13130595,0,0.9618287
1003,Pass,0,0.9996227,0.1992352,0,0.9405046
1004,Pass,0,0.9993618,0.2781928,0,0.91581947
1005,Pass,0,0.999897,0.25571522,0,0.9232711
1006,Pass,0,0.9994678,0.02401851,0,0.9945993
1007,Pass,0,0.9999964,0.13210057,0,0.96164954
1008,Pass,0,0.99990547,0.090422295,0,0.9744697
1009,Pass,0,0.9999428,0.04027618,0,0.99003685
1010,Pass,0,0.99999344,0.041301575,0,0.9897694
1011,Pass,0,0.9995665,0.19089793,0,0.94303286
1012,Pass,0,0.99964297,0.120959304,0,0.9647592
1013,Pass,0,0.99999845,0.2054878,0,0.9389216
1014,Pass,0,0.99999774,0.035061788,0,0.99170625
1015,Pass,0,0.9836516,0.22827859,0,0.91662955
1016,Pass,0,0.8939964,0.45890334,0,0.7692244
1017,Pass,0,0.9999311,0.028214691,0,0.99376076
1018,Pass,0,0.999856,0.09511719,0,0.9729676
1019,Pass,0,0.99074614,0.37607273,0,0.8778885
1020,Pass,0,0.9999788,0.13176031,0,0.961738
1021,Pass,0,0.9999645,0.018650843,0,0.996756
1022,Pass,0,0.9999994,0.070895694,0,0.9806092
1023,Pass,0,0.9999678,0.079038404,0,0.9780563
1024,Pass,0,0.9999826,0.023666577,0,0.9952206
1025,Pass,0,0.9999974,0.15764463,0,0.9537388
1026,Pass,0,0.9997383,0.06365439,0,0.9825954
1027,Pass,0,0.9999982,0.07837153,0,0.9782926
1028,Pass,0,0.99996006,0.08212478,0,0.9770928
1029,Pass,0,0.9999304,0.28257468,0,0.91498345
1030,Pass,0,0.9999999,0.060853235,0,0.9837201
1031,Pass,0,0.9999889,0.107000396,0,0.9694165
1032,Pass,0,0.99995995,0.19506678,0,0.942113
1033,Pass,0,0.9999999,0.046042006,0,0.98830754
1034,Pass,0,0.9994729,0.25638795,0,0.9226713
1035,Pass,0,0.9998654,0.12512621,0,0.9636835
1036,Pass,0,0.9999945,0.0672086,0,0.98174644
1037,Pass,0,0.9998909,0.09253044,0,0.97380275
1038,Pass,0,0.99995077,0.10910507,0,0.96872765
1039,Pass,0,0.9957937,0.22905649,0,0.92770445
1040,Pass,0,0.99985707,0.22649711,0,0.93228257
1041,Pass,0,0.9999863,0.13253002,0,0.96150684
1042,Pass,0,0.99981886,0.055241685,0,0.98527974
1043,Pass,0,0.9999583,0.046751473,0,0.98804665
1044,Pass,0,0.999571,0.104866095,0,0.9696721
1045,Pass,0,0.999164,0.23776287,0,0.92815
1046,Pass,0,0.9999993,0.10858562,0,0.9689355
1047,Pass,0,0.9993574,0.23443681,0,0.92935914
1048,Pass,0,0.99998295,0.030439045,0,0.9931234
1049,Pass,0,0.9999938,0.07077026,0,0.98064256
1050,Pass,0,0.9954516,0.16755114,0,0.94634897
1051,Pass,0,0.966452,0.40746966,0,0.8469636
1052,Pass,0,0.99952793,0.08907943,0,0.9745175
1053,Pass,0,0.99833775,0.3028411,0,0.90725946
1054,Pass,0,0.9994823,0.17559306,0,0.9476913
1055,Pass,0,0.8914507,0.48831913,0,0.7589121
1056,Pass,0,0.99999666,0.120705605,0,0.96517915
1057,Pass,0,0.99964833,0.17410176,0,0.9483105
1058,Pass,0,0.9987066,0.05202403,0,0.98517895
1059,Pass,0,0.99834013,0.49293628,0,0.8484818
1060,Pass,0,0.99999917,0.070949234,0,0.98059237
1061,Pass,0,0.9999988,0.049728088,0,0.9871648
1062,Pass,0,0.98954904,0.30519083,0,0.8985524
1063,Pass,0,0.99812204,0.2995924,0,0.90806776
1064,Pass,0,0.99996066,0.059105758,0,0.9842227
1065,Pass,0,0.99768114,0.06385494,0,0.9805116
1066,Pass,0,0.9999144,0.17246808,0,0.94906884
1067,Pass,0,0.99976987,0.24284092,0,0.9271403
1068,Pass,0,0.75733614,0.35073474,0,0.6770102
1069,Pass,0,0.99998045,0.14554185,0,0.9574712
1070,Pass,0,0.99999595,0.04360026,0,0.9890599
1071,Pass,0,0.99984825,0.30797747,0,0.90704155
1072,Pass,0,0.9999112,0.13787036,0,0.9597807
1073,Pass,0,0.9998728,0.11035913,0,0.9682637
1074,Pass,0,0.999985,0.050925657,0,0.9867802
1075,Pass,0,0.99943763,0.025783991,0,0.9940228
1076,Pass,0,0.9999504,0.25282285,0,0.9242162
1077,Pass,0,0.9999943,0.13779253,0,0.9598846
1078,Pass,0,0.99788195,0.5529043,0,0.829558
1079,Pass,0,0.9999713,0.02068779,0,0.99613196
1080,Pass,0,0.9998996,0.14402963,0,0.95786214
1081,Pass,0,0.9535515,2.8929977,0,0.10158088
1082,Pass,0,0.9999391,0.14750043,0,0.95682496
1083,Pass,0,0.9999291,0.058457848,0,0.9843923
1084,Pass,0,0.99996805,0.15566158,0,0.954325
1085,Pass,0,0.996816,0.25581285,0,0.92039603
1086,Pass,0,0.9999995,0.14793018,0,0.9567497
1087,Pass,0,0.9999865,0.12458626,0,0.9639674
1088,Pass,0,0.99996245,0.02443941,0,0.9949612
1089,Pass,0,0.9991166,0.16675882,0,0.95007837
1090,Pass,0,0.9996995,0.084094726,0,0.97622824
1091,Pass,0,0.999874,0.09522199,0,0.97295266
1092,Pass,0,0.99999213,0.09115096,0,0.9743285
1093,Pass,0,0.99999094,0.21351242,0,0.93642914
1094,Pass,0,0.99724424,0.059281956,0,0.98149467
1095,Pass,0,0.99998784,0.094981045,0,0.97313803
1096,Pass,0,0.9999652,0.24178378,0,0.92764884
1097,Pass,0,0.9954516,0.16755114,0,0.94634897
1098,Pass,0,1.0,0.05453743,0,0.9856764
1099,Pass,0,0.92912585,0.42757708,0,0.80846584
1100,Pass,0,0.9994091,0.27645475,0,0.9164008
1101,Pass,0,0.99840873,0.21369709,0,0.93489033
1102,Pass,0,0.99990904,0.1830736,0,0.94577926
1103,Pass,0,0.99995744,0.21490346,0,0.9359669
1104,Pass,0,0.9999665,0.06041927,0,0.9838217
1105,Pass,0,0.99961627,0.10088558,0,0.9709484
1106,Pass,0,0.99901474,0.43183625,0,0.8679608
1107,Pass,0,0.9956006,0.230083,0,0.927208
1108,Pass,0,0.99981886,0.055241685,0,0.98527974
1109,Pass,0,0.8102366,0.6767009,0,0.6424979
1110,Pass,0,0.9897556,0.3942246,0,0.8714463
1111,Pass,0,0.99968576,0.13302673,0,0.9610641
1112,Pass,0,0.9386744,0.46553928,0,0.8057375
1113,Pass,0,0.9999962,0.094074346,0,0.97342706
1114,Pass,0,0.99998,0.051174827,0,0.9866981
1115,Pass,0,0.9909123,0.37087384,0,0.8796314
1116,Pass,0,0.9999864,0.08860899,0,0.9751103
1117,Pass,0,0.99976534,0.2421496,0,0.92735016
1118,Pass,0,0.9999156,0.17369331,0,0.9486906
1119,Pass,0,0.9999877,0.027269237,0,0.99410987
1120,Pass,0,0.9997867,0.24477015,0,0.9265585
1121,Pass,0,0.99999356,0.085367344,0,0.9761213
1122,Pass,0,0.9999999,0.04787801,0,0.9877389
1123,Pass,0,0.9999685,0.1676214,0,0.9506213
1124,Pass,0,0.99031395,0.34167466,0,0.8880564
1125,Pass,0,0.9999851,0.16730551,0,0.9507349
1126,Pass,0,0.99999034,0.0710925,0,0.9805394
1127,Pass,0,0.99999356,0.16876034,0,0.95029235
1128,Pass,0,0.9476084,0.4525683,0,0.81721324
1129,Pass,0,0.99998677,0.053632427,0,0.9859437
1130,Pass,0,0.9999349,0.29086483,0,0.9124201
1131,Pass,0,0.999982,0.10115217,0,0.9712211
1132,Pass,0,0.9179712,0.61130905,0,0.74652106
1133,Pass,0,0.9998454,0.1286774,0,0.9625644
1134,Pass,0,0.99979967,0.14777136,0,0.95660764
1135,Pass,0,0.9972011,0.42113584,0,0.86968994
1136,Pass,0,0.99759763,0.090035416,0,0.97234017
1137,Pass,0,0.9840353,0.2927242,0,0.8973453
1138,Pass,0,0.99999356,0.16876034,0,0.95029235
1139,Pass,0,0.9999865,0.124762096,0,0.96391296
1140,Pass,0,0.9999969,0.04367647,0,0.9890373
1141,Pass,0,0.99101955,0.34970337,0,0.88622475
1142,Pass,0,0.99992716,0.27792174,0,0.91642153
1143,Pass,0,0.99999964,0.08895581,0,0.97501576
1144,Pass,0,0.99997056,0.30565217,0,0.9078727
1145,Pass,0,0.9998977,0.1529006,0,0.955113
1146,Pass,0,0.9999695,0.22482213,0,0.93290615
1147,Pass,0,0.99941826,0.21831961,0,0.9344048
1148,Pass,0,0.9999999,0.058432356,0,0.9844699
1149,Pass,0,0.9999906,0.14132454,0,0.9587871
1150,Pass,0,0.99999714,0.1368613,0,0.96017575
1151,Pass,0,0.9999974,0.15764463,0,0.9537388
1152,Pass,0,0.9999821,0.11175072,0,0.9679386
1153,Pass,0,0.9982828,0.13356091,0,0.95955014
1154,Pass,0,0.4832407,0.6538382,0,0.38662001
1155,Pass,0,0.9999969,0.086337715,0,0.97582394
1156,Pass,0,0.9999994,0.11849485,0,0.96586645
1157,Pass,0,0.9995085,0.115281194,0,0.9663872
1158,Pass,0,0.99965286,0.030917196,0,0.9926475
1159,Pass,0,0.9999999,0.05744326,0,0.98477626
1160,Pass,0,0.99975854,0.16603,0,0.9509145
1161,Pass,0,0.99990535,0.20847549,0,0.9379088
1162,Pass,0,0.9993343,0.29171854,0,0.91160774
1163,Pass,0,0.99999404,0.12341848,0,0.9643364
1164,Pass,0,0.986302,0.6217499,0,0.7989002
1165,Pass,0,0.99999905,0.07978796,0,0.97785467
1166,Pass,0,0.9999554,0.13408163,0,0.96099657
1167,Pass,0,0.99928844,0.14591649,0,0.95669264
1168,Pass,0,0.9990988,0.038062923,0,0.98988605
1169,Pass,0,0.99999404,0.088279635,0,0.97521967
1170,Pass,0,0.9999925,0.13629931,0,0.9603453
1171,Pass,0,0.95818555,0.4202581,0,0.83592385
1172,Pass,0,0.9991679,0.29173765,0,0.91145015
1173,Pass,0,0.99989974,0.047962066,0,0.987614
1174,Pass,0,0.9999913,0.1508687,0,0.95583165
1175,Pass,0,0.9998548,0.10229574,0,0.9707434
1176,Pass,0,0.99998415,0.2037933,0,0.9394329
1177,Pass,0,0.9999826,0.18096493,0,0.946502
1178,Pass,0,0.9999267,0.13185367,0,0.96165895
1179,Pass,0,0.9994778,0.06845111,0,0.98085445
1180,Pass,0,0.98585063,0.27760538,0,0.90361714
1181,Pass,0,0.9997135,0.14215042,0,0.95826566
1182,Pass,0,0.99859613,0.2592589,0,0.9209739
1183,Pass,0,0.9997955,0.25872663,0,0.92224485
1184,Pass,0,0.99997807,0.032784425,0,0.9923921
1185,Pass,0,0.99993503,0.13912374,0,0.9594154
1186,Pass,0,0.99994767,0.13176222,0,0.9617075
1187,Pass,0,0.99997926,0.28973383,0,0.9128108
1188,Pass,0,0.9981192,0.11584,0,0.96487117
1189,Pass,0,0.99997675,0.019145176,0,0.9966151
1190,Pass,0,0.9999,0.10647653,0,0.9694925
1191,Pass,0,0.9725112,0.56985784,0,0.80336016
1192,Pass,0,0.99974674,0.05929297,0,0.9839542
1193,Pass,0,0.9677147,0.35434628,0,0.8639927
1194,Pass,0,1.0,0.038122103,0,0.9907607
1195,Pass,0,0.9997727,0.14709033,0,0.9567928
1196,Pass,0,0.99891376,0.13241754,0,0.9605104
1197,Pass,0,0.99998724,0.16107187,0,0.95266765
1198,Pass,0,0.9989097,0.34116662,0,0.89592177
1199,Pass,0,0.9997633,0.09499604,0,0.97291493
1200,Pass,0,0.9999957,0.072425365,0,0.9801318
1201,Pass,0,0.9999999,0.046976663,0,0.98801804
1202,Pass,0,0.9801354,0.19778791,0,0.92260915
1203,Pass,0,0.99951243,0.088622764,0,0.9746438
1204,Pass,0,0.99987066,0.15590893,0,0.9541555
1205,Pass,0,0.9999981,0.027649874,0,0.9940023
1206,Pass,0,0.9999341,0.02994667,0,0.9932273
1207,Pass,0,0.99989724,0.2909008,0,0.91237456
1208,Pass,0,0.9999957,0.072425365,0,0.9801318
1209,Pass,0,0.9999999,0.08100089,0,0.9774798
1210,Pass,0,0.99954695,0.06026002,0,0.98345816
1211,Pass,0,0.9999181,0.32503307,0,0.9018228
1212,Pass,0,0.99998045,0.19429153,0,0.9423724
1213,Pass,0,0.9999877,0.18416996,0,0.9455141
1214,Pass,0,0.9999982,0.1120296,0,0.9678678
1215,Pass,0,0.99999857,0.0970402,0,0.97251076
1216,Pass,0,0.9999852,0.07329189,0,0.97985315
1217,Pass,0,0.9999894,0.1391013,0,0.9594745
1218,Pass,0,0.99996686,0.18671228,0,0.944707
1219,Pass,0,0.99847835,0.2444876,0,0.92543346
1220,Pass,0,0.9997259,0.05442336,0,0.98544157
1221,Pass,0,0.9999993,0.0766949,0,0.97881293
1222,Pass,0,0.9940057,0.13630411,0,0.9545944
1223,Pass,0,0.9951834,0.31284153,0,0.9013104
1224,Pass,0,0.99957615,0.15768382,0,0.953325
1225,Pass,0,0.9963546,0.070425175,0,0.97718024
1226,Pass,0,0.9999907,0.08495499,0,0.9762462
1227,Pass,0,0.99999964,0.045846794,0,0.98836774
1228,Pass,0,1.0,0.113067284,0,0.96754813
1229,Pass,0,0.99948126,0.21082132,0,0.93678486
1230,Pass,0,0.99999833,0.12848267,0,0.96277195
1231,Pass,0,0.99999595,0.110936135,0,0.96820426
1232,Pass,0,0.979894,0.6337367,0,0.79007167
1233,Pass,0,0.9996412,0.09857919,0,0.97168666
1234,Pass,0,0.99999666,0.07036628,0,0.9807705
1235,Pass,0,0.9993493,0.05595596,0,0.98459595
1236,Pass,0,0.9999975,0.1354173,0,0.9606233
1237,Pass,0,0.99994326,0.17118168,0,0.94949466
1238,Pass,0,0.99711204,0.185014,0,0.9425344
1239,Pass,0,0.99942696,0.21744816,0,0.93468267
1240,Pass,0,0.99995387,0.29252285,0,0.9119238
1241,Pass,0,0.9840353,0.2927242,0,0.8973453
1242,Pass,0,0.99999917,0.07865379,0,0.9782061
1243,Pass,0,0.9994259,0.30822274,0,0.9065825
1244,Pass,0,0.99038225,0.5121949,0,0.83581096
1245,Pass,0,0.9999367,0.044481773,0,0.98872834
1246,Pass,0,0.9993075,0.31189805,0,0.9053375
1247,Pass,0,0.9982729,0.26582816,0,0.9186446
1248,Pass,0,0.9995173,0.38103497,0,0.8841244
1249,Pass,0,0.99998724,0.073340744,0,0.97984
1250,Pass,0,0.999974,0.18573898,0,0.9450152
1251,Pass,0,0.9999975,0.15112114,0,0.95575947
1252,Pass,0,0.9920014,0.207891,0,0.93067455
1253,Pass,0,0.967702,0.33592248,0,0.8695033
1254,Pass,0,0.9993394,0.2669362,0,0.9192831
1255,Pass,0,0.9997433,0.1691558,0,0.9499321
1256,Pass,0,0.99875164,0.14141768,0,0.9575704
1257,Pass,0,0.9999802,0.26978567,0,0.9189901
1258,Pass,0,0.9971957,0.033388425,0,0.9894444
1259,Pass,0,0.9994791,0.104905166,0,0.9695709
1260,Pass,0,0.9999994,0.05193977,0,0.98648036
1261,Pass,0,0.9922376,0.07554001,0,0.9715707
1262,Pass,0,0.999998,0.2502839,0,0.9250466
1263,Pass,0,0.9999989,0.10595164,0,0.969751
1264,Pass,0,0.9999893,0.10460284,0,0.97015935
1265,Pass,0,0.9999975,0.062428024,0,0.98323005
1266,Pass,0,0.95243937,0.79387885,0,0.72069424
1267,Pass,0,0.9999907,0.564533,0,0.8277094
1268,Pass,0,0.9999746,0.20217349,0,0.93992573
1269,Pass,0,0.9999945,0.110145256,0,0.96844786
1270,Pass,0,1.0,0.112449214,0,0.9677396
1271,Pass,0,0.99870074,0.14572641,0,0.9561888
1272,Pass,0,0.8804455,0.473557,0,0.7535687
1273,Pass,0,0.9999473,0.027976237,0,0.9938507
1274,Pass,0,0.9997135,0.14215042,0,0.95826566
1275,Pass,0,0.99999976,0.08571502,0,0.9760196
1276,Pass,0,0.99993384,0.12495208,0,0.9638033
1277,Pass,0,0.9998642,0.11665401,0,0.966306
1278,Pass,0,0.9995708,0.38305905,0,0.88354504
1279,Pass,0,0.9983708,0.45070747,0,0.86156595
1280,Pass,0,0.9999701,0.14098957,0,0.9588712
1281,Pass,0,0.9996575,0.02651425,0,0.99401534
1282,Pass,0,1.0,0.035361636,0,0.99161565
1283,Pass,0,0.999471,0.20383,0,0.9389396
1284,Pass,0,0.9999224,0.19565387,0,0.9418958
1285,Pass,0,0.9999956,0.15746213,0,0.95379364
1286,Pass,0,0.99870706,1.0580729,0,0.67398196
1287,Pass,0,0.98663527,0.2790984,0,0.9038801
1288,Pass,0,0.9999459,0.24836805,0,0.92559177
1289,Pass,0,0.99972993,0.061310865,0,0.98331285
1290,Pass,0,0.9994342,0.2691692,0,0.91867906
1291,Pass,0,0.99987066,0.09247882,0,0.973799
1292,Pass,0,0.9999069,0.16257262,0,0.9521264
1293,Pass,0,0.9999994,0.11102625,0,0.9681797
1294,Pass,0,0.9999999,0.04171924,0,0.98964643
1295,Pass,0,0.99990857,0.029145509,0,0.9934501
1296,Pass,0,0.9999356,0.022277324,0,0.99560416
1297,Pass,0,0.9999981,0.13800307,0,0.959823
1298,Pass,0,0.99985504,0.09561428,0,0.9728128
1299,Pass,0,0.9993723,0.19793786,0,0.9406706
1300,Pass,0,0.9999908,0.10268622,0,0.97075456
1301,Pass,0,0.99683964,0.28122008,0,0.91257346
1302,Pass,0,0.99976426,0.28163692,0,0.9151218
1303,Pass,0,0.9990939,0.17970528,0,0.9460505
1304,Pass,0,0.9968566,0.27554637,0,0.91434073
1305,Pass,0,0.99969494,0.4395617,0,0.86615974
1306,Pass,0,0.9972963,0.25530735,0,0.92099565
1307,Pass,0,0.9999982,0.08490187,0,0.97626996
1308,Pass,0,0.9999845,0.109966226,0,0.9684936
1309,Pass,0,0.99974245,0.14846255,0,0.95633894
1310,Pass,0,0.9999136,0.03507214,0,0.9916196
1311,Pass,0,0.999987,0.047276024,0,0.98791265
1312,Pass,0,0.9994703,0.026256563,0,0.99390894
1313,Pass,0,0.98965096,0.6427503,0,0.7951757
1314,Pass,0,0.9999583,0.092997566,0,0.9737236
1315,Pass,0,0.99946135,0.21844134,0,0.93440735
1316,Pass,0,0.99976593,0.18497121,0,0.9450563
1317,Pass,0,0.9999958,0.07596417,0,0.97903585
1318,Pass,0,0.9999759,0.0835307,0,0.9766728
1319,Pass,0,0.99870706,1.0580729,0,0.67398196
1320,Pass,0,0.9999093,0.3168259,0,0.90435654
1321,Pass,0,0.99981827,0.020223204,0,0.9961234
1322,Pass,0,0.9997414,0.44850054,0,0.8634321
1323,Pass,0,0.9999993,0.08952548,0,0.9748389
1324,Pass,0,0.99998975,0.099586196,0,0.9717136
1325,Pass,0,0.9997036,0.23098004,0,0.93075144
1326,Pass,0,0.9999974,0.0775961,0,0.97853196
1327,Pass,0,0.9999994,0.115160726,0,0.96689916
1328,Pass,0,0.9999994,0.07116609,0,0.98052543
1329,Pass,0,0.9997876,0.31352615,0,0.9052684
1330,Pass,0,0.9975368,0.25450873,0,0.92146456
1331,Pass,0,0.9999366,0.21244238,0,0.9367096
1332,Pass,0,0.9952739,0.13512014,0,0.95617735
1333,Pass,0,0.99891376,0.13241754,0,0.9605104
1334,Pass,0,0.99980026,0.12653519,0,0.96318436
1335,Pass,0,0.9997886,0.21767062,0,0.93495196
1336,Pass,0,0.9999999,0.049560048,0,0.9872179
1337,Pass,0,0.9990158,0.087537296,0,0.9744954
1338,Pass,0,0.99999046,0.21426922,0,0.93619424
1339,Pass,0,0.99999905,0.13945362,0,0.95937467
1340,Pass,0,0.9999937,0.06845229,0,0.9813604
1341,Pass,0,0.9999995,0.103189856,0,0.970607
1342,Pass,0,0.5111181,0.3026688,0,0.4645161
1343,Pass,0,0.9999435,0.18021563,0,0.94669694
1344,Pass,0,0.999995,0.13267908,0,0.961469
1345,Pass,0,0.99998724,0.067003444,0,0.9818028
1346,Pass,0,0.9995054,0.20293789,0,0.93924797
1347,Pass,0,0.999992,0.10876218,0,0.9688738
1348,Pass,0,0.9999999,0.047904566,0,0.9877307
1349,Pass,0,0.99999845,0.04085527,0,0.98991257
1350,Pass,0,0.999956,0.027333707,0,0.9940584
1351,Pass,0,0.99988425,0.18623249,0,0.94477755
1352,Pass,0,0.9967186,0.3066281,0,0.9046189
1353,Pass,0,0.9997936,0.16409494,0,0.951547
1354,Pass,0,0.9994324,0.37346128,0,0.88639367
1355,Pass,0,0.99974245,0.09158546,0,0.9739507
1356,Pass,0,0.99946815,0.432254,0,0.86822546
1357,Pass,0,0.97358996,0.2866544,0,0.88965046
1358,Pass,0,0.9998838,0.11538616,0,0.96671754
1359,Pass,0,0.99972993,0.061310865,0,0.98331285
1360,Pass,0,0.99988425,0.18623249,0,0.94477755
1361,Pass,0,0.9999994,0.070895694,0,0.9806092
1362,Pass,0,0.72804064,0.35139272,0,0.6506735
1363,Pass,0,0.9999473,0.027976237,0,0.9938507
1364,Pass,0,0.9823219,0.62320477,0,0.79523367
1365,Pass,0,0.99999094,0.19927768,0,0.9408379
1366,Pass,0,0.9999969,0.09987117,0,0.9716323
1367,Pass,0,0.9977107,0.22401878,0,0.93104714
1368,Pass,0,0.9995567,0.10024209,0,0.9710898
1369,Pass,0,0.91644895,0.3348438,0,0.8237574
1370,Pass,0,0.9826346,0.23564418,0,0.9134402
1371,Pass,0,0.99543446,0.23059367,0,0.92689586
1372,Pass,0,0.9998292,0.042428143,0,0.98925793
1373,Pass,0,0.88210744,0.52746105,0,0.7402639
1374,Pass,0,0.9997739,0.055907533,0,0.9850293
1375,Pass,0,0.99999917,0.06704256,0,0.9818024
1376,Pass,0,0.9997898,0.17870465,0,0.94701934
1377,Pass,0,0.9998128,0.12925695,0,0.9623536
1378,Pass,0,0.99981874,0.19507371,0,0.9419778
1379,Pass,0,0.99987686,0.14778337,0,0.9566778
1380,Pass,0,0.9999943,0.0789516,0,0.97810906
1381,Pass,0,0.9993055,0.08208857,0,0.9764644
1382,Pass,0,0.9999759,0.21338212,0,0.93645537
1383,Pass,0,0.9999975,0.12847474,0,0.9627736
1384,Pass,0,0.99837434,0.29820538,0,0.9087262
1385,Pass,0,0.99816704,0.27700815,0,0.9150908
1386,Pass,0,0.99999356,0.085367344,0,0.9761213
1387,Pass,0,0.9992071,0.19221328,0,0.94228673
1388,Pass,0,0.9999645,0.18033473,0,0.94667995
1389,Pass,0,0.99999726,0.07581671,0,0.97908294
1390,Pass,0,0.9999857,0.12342666,0,0.9643258
1391,Pass,0,0.99905163,0.21420084,0,0.9353365
1392,Pass,0,0.99999595,0.14629959,0,0.9572513
1393,Pass,0,0.9998276,0.065180555,0,0.9822106
1394,Pass,0,0.9999925,0.11232836,0,0.96776974
1395,Pass,0,0.99999654,0.06770818,0,0.98159367
1396,Pass,0,0.9995858,0.2173119,0,0.9348734
1397,Pass,0,0.99829,0.21605875,0,0.93404895
1398,Pass,0,0.9999809,0.10739964,0,0.9692851
1399,Pass,0,0.99071854,0.15189916,0,0.94665223
1400,Pass,0,0.9996245,0.20394656,0,0.93904763
1401,Pass,0,0.99999917,0.064311765,0,0.9826482
1402,Pass,0,0.99995136,0.11475968,0,0.96697694
1403,Pass,0,0.9999981,0.034568403,0,0.99185944
1404,Pass,0,0.999084,0.12420277,0,0.96321607
1405,Pass,0,0.9281788,0.6383438,0,0.74705017
1406,Pass,0,0.99999976,0.04818049,0,0.9876451
1407,Pass,0,0.9999722,0.31229198,0,0.90581775
1408,Pass,0,0.9999485,0.11613812,0,0.96654725
1409,Pass,0,0.9999589,0.035324547,0,0.9915864
1410,Pass,0,0.999739,0.19090755,0,0.94319266
1411,Pass,0,0.99888915,0.069365874,0,0.9799938
1412,Pass,0,0.9999151,0.12274552,0,0.9644686
1413,Pass,0,0.66951334,1.0664548,0,0.45008597
1414,Pass,0,0.99999917,0.14981088,0,0.95616686
1415,Pass,0,0.9961577,0.1186753,0,0.96210027
1416,Pass,0,0.9996896,0.019967074,0,0.9960745
1417,Pass,0,0.99990666,0.09709727,0,0.9724037
1418,Pass,0,0.9996741,0.06209252,0,0.9830159
1419,Pass,0,0.99994946,0.11946226,0,0.9655186
1420,Pass,0,0.9999945,0.110145256,0,0.96844786
1421,Pass,0,0.9999863,0.11255759,0,0.9676927
1422,Pass,0,0.9999548,0.07728755,0,0.97858584
1423,Pass,0,0.9999993,0.11302877,0,0.96755934
1424,Pass,0,0.9999434,0.1309754,0,0.961947
1425,Pass,0,0.881751,0.08558416,0,0.86064225
1426,Pass,0,0.9985721,0.57805055,0,0.82235444
1427,Pass,0,0.99964666,0.14152205,0,0.9583962
1428,Pass,0,0.9990859,0.5011755,0,0.846566
1429,Pass,0,0.99960786,0.14109287,0,0.95849186
1430,Pass,0,0.99999964,0.088882856,0,0.97503835
1431,Pass,0,0.99999964,0.107797705,0,0.9691799
1432,Pass,0,0.99944025,0.052310556,0,0.985814
1433,Pass,0,0.999954,0.29727846,0,0.91045105
1434,Pass,0,0.9991818,0.054686844,0,0.98482364
1435,Pass,0,0.9994966,0.064149484,0,0.98220456
1436,Pass,0,0.99999106,0.05552702,0,0.9853611
1437,Pass,0,0.999998,0.067168616,0,0.98176223
1438,Pass,0,0.99189866,0.16700879,0,0.94313794
1439,Pass,0,0.9967949,0.22158952,0,0.9309425
1440,Pass,0,0.999181,0.13514985,0,0.9599217
1441,Pass,0,0.9999857,0.07515833,0,0.9792755
1442,Pass,0,0.99707603,0.3957963,0,0.87740636
1443,Pass,0,0.999944,0.028217852,0,0.9937726
1444,Pass,0,0.9999913,0.19031568,0,0.943614
1445,Pass,0,0.99984074,0.07837236,0,0.97813827
1446,Pass,0,0.9998129,0.1591764,0,0.9530886
1447,Pass,0,0.99948126,0.21082132,0,0.93678486
1448,Pass,0,0.9998573,0.1721472,0,0.949114
1449,Pass,0,0.999992,0.084423125,0,0.9764122
1450,Pass,0,0.9999851,0.10708808,0,0.9693856
1451,Pass,0,0.9999615,0.12848687,0,0.9627352
1452,Pass,0,0.99998605,0.13736983,0,0.96000755
1453,Pass,0,0.99996424,0.1540682,0,0.9548149
1454,Pass,0,0.99871016,0.27371454,0,0.91660756
1455,Pass,0,0.9999405,0.025439737,0,0.99462956
1456,Pass,0,0.99998176,0.11896872,0,0.96570265
1457,Pass,0,0.99950945,0.053271577,0,0.9855848
1458,Pass,0,0.5768878,1.0946035,0,0.38278812
1459,Pass,0,0.59805775,0.67060184,0,0.475375
1460,Pass,0,0.9999056,0.039961305,0,0.9900976
1461,Pass,0,0.9997613,0.040338784,0,0.98983777
1462,Pass,0,0.99985504,0.09561428,0,0.9728128
1463,Pass,0,0.96852386,0.30169663,0,0.88050884
1464,Pass,0,0.9999919,0.07032881,0,0.98077744
1465,Pass,0,0.99993014,0.0874205,0,0.9754235
1466,Pass,0,0.99997556,0.120686844,0,0.96516454
1467,Pass,0,0.9999901,0.10024159,0,0.971511
1468,Pass,0,0.9858533,0.49551594,0,0.8370816
1469,Pass,0,0.9999151,0.10623883,0,0.96958077
1470,Pass,0,0.9996326,0.2064973,0,0.93826544
1471,Pass,0,0.99972945,0.18298663,0,0.94563633
1472,Pass,0,0.9876391,0.46059096,0,0.8492815
1473,Pass,0,0.9997669,0.041290555,0,0.98954856
1474,Pass,0,0.9993567,0.19781816,0,0.94069296
1475,Pass,0,0.9999969,0.11098397,0,0.96819043
1476,Pass,0,0.9999995,0.093638085,0,0.9735654
1477,Pass,0,0.99999106,0.18755507,0,0.9444688
1478,Pass,0,0.9998838,0.11538616,0,0.96671754
1479,Pass,0,0.9999881,0.020382488,0,0.99624324
1480,Pass,0,0.9994523,0.21923077,0,0.9341545
1481,Pass,0,0.9999974,0.064608976,0,0.9825544
1482,Pass,0,0.9907934,0.39805546,0,0.87118447
1483,Pass,0,0.99999094,0.21351242,0,0.93642914
1484,Pass,0,0.9955304,0.36531162,0,0.88544595
1485,Pass,0,0.999997,0.0693364,0,0.98108983
1486,Pass,0,0.9999529,0.24181652,0,0.9276273
1487,Pass,0,0.9939628,0.39488044,0,0.87494874
1488,Pass,0,0.99998856,0.09179741,0,0.97412485
1489,Pass,0,0.93821496,0.4804384,0,0.80101365
1490,Pass,0,0.9999764,0.17079969,0,0.94964445
1491,Pass,0,0.9999943,0.13779253,0,0.9598846
1492,Pass,0,0.9999999,0.043723613,0,0.9890256
1493,Pass,0,0.9993057,0.15715013,0,0.9532322
1494,Pass,0,0.9948245,0.12416622,0,0.95912075
1495,Pass,0,0.9993781,0.124967754,0,0.9632628
1496,Pass,0,0.999936,0.18698779,0,0.9445925
1497,Pass,0,0.99999595,0.027581269,0,0.9940214
1498,Pass,0,0.93344885,0.3531499,0,0.8337454
1499,Pass,0,0.999884,0.04727006,0,0.9878127
1500,Pass,0,0.99999547,0.118033975,0,0.96600544
1501,Pass,0,0.99998784,0.094981045,0,0.97313803
1502,Pass,0,0.9993487,0.151923,0,0.95489115
1503,Pass,0,0.996161,0.6694139,0,0.79217976
1504,Pass,0,0.99997866,0.089377664,0,0.97486466
1505,Pass,0,0.9225747,0.5336297,0,0.7724613
1506,Pass,0,0.99998033,0.058729798,0,0.98435855
1507,Pass,0,0.9999801,0.027061997,0,0.9941665
1508,Pass,0,0.99990964,0.039904512,0,0.99011916
1509,Pass,0,0.99998724,0.08087385,0,0.9775068
1510,Pass,0,0.99996495,0.1279789,0,0.9628959
1511,Pass,0,0.9998043,0.5287014,0,0.83865094
1512,Pass,0,0.99999785,0.07717396,0,0.97866315
1513,Pass,0,0.9999987,0.059650306,0,0.9840915
1514,Pass,0,0.9999304,0.0995013,0,0.97168225
1515,Pass,0,0.6270411,0.7670028,0,0.47969067
1516,Pass,0,0.99998844,0.14874856,0,0.95648557
1517,Pass,0,0.9999987,0.088539205,0,0.9751439
1518,Pass,0,0.99998164,0.08537337,0,0.9761077
1519,Pass,0,0.99825424,0.11699677,0,0.9646441
1520,Pass,0,0.99996734,0.15704411,0,0.95389616
1521,Pass,0,0.99997926,0.07714051,0,0.9786553
1522,Pass,0,0.9997744,0.103416026,0,0.97031844
1523,Pass,0,0.99999726,0.12489043,0,0.9638836
1524,Pass,0,0.9999943,0.1453531,0,0.95754284
1525,Pass,0,0.99989724,0.2909008,0,0.91237456
1526,Pass,0,0.9999019,0.23172002,0,0.93070686
1527,Pass,0,0.9975528,0.2571679,0,0.92065775
1528,Pass,0,0.9999548,0.24532612,0,0.92654216
1529,Pass,0,0.99969435,0.16777451,0,0.95031327
1530,Pass,0,0.99999475,0.14398517,0,0.95796704
1531,Pass,0,0.9996184,0.05997047,0,0.98361814
1532,Pass,0,0.9741513,0.4522975,0,0.84018546
1533,Pass,0,0.99988425,0.18623249,0,0.94477755
1534,Pass,0,0.98725766,0.54804873,0,0.82221055
1535,Pass,0,0.9141501,0.7569225,0,0.7021851
1536,Pass,0,0.9999932,0.1514201,0,0.9556627
1537,Pass,0,0.99990916,0.1367605,0,0.9601225
1538,Pass,0,0.9994081,0.14831805,0,0.9560638
1539,Pass,0,0.9999422,0.13784266,0,0.959819
1540,Pass,0,0.9999999,0.035415553,0,0.99159884
1541,Pass,0,0.8465793,0.62659544,0,0.68445486
1542,Pass,0,0.9999976,0.070288174,0,0.9807956
1543,Pass,0,0.99989283,0.20203748,0,0.9398909
1544,Pass,0,0.9898319,0.2769974,0,0.90745276
1545,Pass,0,0.99998033,0.09297659,0,0.9737516
1546,Pass,0,0.99948823,0.23390734,0,0.9296447
1547,Pass,0,0.99979836,0.035414264,0,0.9913994
1548,Pass,0,0.9999323,0.1910125,0,0.9433425
1549,Pass,0,0.999987,0.124261074,0,0.9640686
1550,Pass,0,0.99552083,0.24422039,0,0.9227746
1551,Pass,0,0.999739,0.19090755,0,0.94319266
1552,Pass,0,0.99919707,0.41032517,0,0.8747764
1553,Pass,0,0.999992,0.09156305,0,0.9742008
1554,Pass,0,0.99698764,0.2109286,0,0.93441457
1555,Pass,0,0.99996555,0.037177954,0,0.99101895
1556,Pass,0,0.999997,0.10951135,0,0.96864665
1557,Pass,0,0.9999647,0.03480158,0,0.9917541
1558,Pass,0,0.99998784,0.094981045,0,0.97313803
1559,Pass,0,0.9994966,0.064149484,0,0.98220456
1560,Pass,0,0.99880767,0.25889564,0,0.9212814
1561,Pass,0,0.99999297,0.11838773,0,0.96589345
1562,Pass,0,0.99997234,0.017376723,0,0.99715847
1563,Pass,0,0.99995685,0.14648932,0,0.9571551
1564,Pass,0,0.9999552,0.14326717,0,0.95815146
1565,Pass,0,0.9999497,0.24468775,0,0.9267351
1566,Pass,0,0.99984956,0.021788506,0,0.99566984
1567,Pass,0,0.9645746,0.9964441,0,0.6693594
1568,Pass,0,0.99999976,0.045808915,0,0.9883796
1569,Pass,0,0.999838,0.14206459,0,0.95841163
1570,Pass,0,0.99998677,0.053632427,0,0.9859437
1571,Pass,0,0.999471,0.20383,0,0.9389396
1572,Pass,0,0.79389644,0.7603775,0,0.6089652
1573,Pass,0,0.99999917,0.037541464,0,0.9909397
1574,Pass,0,0.9999448,0.025484968,0,0.99461985
1575,Pass,0,0.9999968,0.08102454,0,0.97746944
1576,Pass,0,0.9999883,0.14430964,0,0.95786035
1577,Pass,0,0.99974865,0.08127599,0,0.97714907
1578,Pass,0,0.99999833,0.054333273,0,0.985738
1579,Pass,0,0.99000657,0.3280105,0,0.89197063
1580,Pass,0,0.9999969,0.07410164,0,0.9796138
1581,Pass,0,0.99996245,0.26968142,0,0.919006
1582,Pass,0,0.993761,0.17519523,0,0.94238895
1583,Pass,0,0.99997187,0.23183013,0,0.9307379
1584,Pass,0,0.99948823,0.23390734,0,0.9296447
1585,Pass,0,0.99973875,0.038519867,0,0.9903787
1586,Pass,0,0.9975522,0.09165585,0,0.9717952
1587,Pass,0,0.9999287,0.24074274,0,0.92793745
1588,Pass,0,0.9999975,0.031661298,0,0.9927592
1589,Pass,0,0.99999547,0.21747679,0,0.93520546
1590,Pass,0,0.9999974,0.15764463,0,0.9537388
1591,Pass,0,0.99999666,0.13874857,0,0.95959073
1592,Pass,0,0.999995,0.08160993,0,0.97728646
1593,Pass,0,0.9907934,0.39805546,0,0.87118447
1594,Pass,0,0.99959105,0.12304172,0,0.96406436
1595,Pass,0,0.9998436,0.06963989,0,0.98084533
1596,Pass,0,0.9965759,0.48538134,0,0.84931433
1597,Pass,0,0.9999993,0.12787828,0,0.96296006
1598,Pass,0,0.999915,0.18317275,0,0.9457542
1599,Pass,0,0.96428716,0.20887591,0,0.9043795
1600,Pass,0,0.99965477,0.18432835,0,0.94515026
1601,Pass,0,0.9999825,0.030769184,0,0.99302065
1602,Pass,0,0.9999597,0.3747787,0,0.8864534
1603,Pass,0,0.9999443,0.17927301,0,0.9469897
1604,Pass,0,0.9846746,0.09585501,0,0.9579694
1605,Pass,0,0.99999905,0.06718185,0,0.98175913
1606,Pass,0,0.99999607,0.095641084,0,0.9729417
1607,Pass,0,0.9954194,0.459203,0,0.8563997
1608,Pass,0,0.99997425,0.02264941,0,0.9955273
1609,Pass,0,0.9999938,0.07077026,0,0.98064256
1610,Pass,0,0.9997142,0.2596967,0,0.9218695
1611,Pass,0,0.9951963,0.07638808,0,0.97420627
1612,Pass,0,0.9999993,0.11479479,0,0.96701235
1613,Pass,0,0.9999918,0.19847135,0,0.94108844
1614,Pass,0,0.999946,0.120047785,0,0.96533394
1615,Pass,0,0.9999839,0.11685267,0,0.96636015
1616,Pass,0,0.9996326,0.2064973,0,0.93826544
1617,Pass,0,0.9999982,0.11132045,0,0.96808743
1618,Pass,0,0.9970675,0.3329789,0,0.896798
1619,Pass,0,0.99980706,0.04405057,0,0.98873365
1620,Pass,0,0.9999994,0.069649234,0,0.9809953
1621,Pass,0,0.99999976,0.066284195,0,0.98203784
1622,Pass,0,0.99961627,0.04341285,0,0.9887424
1623,Pass,0,0.99833775,0.3028411,0,0.90725946
1624,Pass,0,0.9999907,0.25295618,0,0.9242122
1625,Pass,0,0.99981624,0.04534325,0,0.9883424
1626,Pass,0,0.9852824,0.3756679,0,0.87317073
1627,Pass,0,0.99981874,0.19507371,0,0.9419778
1628,Pass,0,0.9999925,0.11232836,0,0.96776974
1629,Pass,0,0.9999441,0.15016034,0,0.95600593
1630,Pass,0,0.99956423,0.29446593,0,0.91096693
1631,Pass,0,0.9995684,0.10923464,0,0.9683171
1632,Pass,0,0.9921387,0.43571123,0,0.86079603
1633,Pass,0,0.9999118,0.11080861,0,0.9681623
1634,Pass,0,0.999992,0.101395905,0,0.97115535
1635,Pass,0,0.9999919,0.08484721,0,0.9762807
1636,Pass,0,0.9966079,0.46642408,0,0.85519326
1637,Pass,0,0.99997973,0.0821454,0,0.9771057
1638,Pass,0,0.99979013,0.07440227,0,0.97931814
1639,Pass,0,0.9981592,0.103701875,0,0.9686625
1640,Pass,0,0.9999567,0.17502555,0,0.94831693
1641,Pass,0,0.9996792,0.3042254,0,0.90804994
1642,Pass,0,0.9281788,0.6383438,0,0.74705017
1643,Pass,0,0.99996257,0.10057049,0,0.9713824
1644,Pass,0,0.99979967,0.14777136,0,0.95660764
1645,Pass,0,0.9998565,0.24194011,0,0.9274996
1646,Pass,0,0.99997914,0.017069107,0,0.9972605
1647,Pass,0,0.9998204,0.35789865,0,0.8915571
1648,Pass,0,0.99999297,0.073313326,0,0.9798541
1649,Pass,0,0.9998535,0.18430799,0,0.94534445
1650,Pass,0,0.99988115,0.09357222,0,0.97347057
1651,Pass,0,0.9999629,0.17397277,0,0.9486489
1652,Pass,0,0.99996734,0.08078963,0,0.97751343
1653,Pass,0,0.9999565,0.07393773,0,0.979625
1654,Pass,0,0.9999633,0.029754577,0,0.9933158
1655,Pass,0,0.9994091,0.27645475,0,0.9164008
1656,Pass,0,0.9998492,0.2454379,0,0.92640966
1657,Pass,0,0.99999917,0.16408333,0,0.9517463
1658,Pass,0,0.9999951,0.13688949,0,0.960165
1659,Pass,0,0.99999774,0.1755006,0,0.9482087
1660,Pass,0,0.9999796,0.26169077,0,0.9214967
1661,Pass,0,0.9999995,0.03874422,0,0.9905675
1662,Pass,0,0.7152505,0.78637046,0,0.5428809
1663,Pass,0,0.9999887,0.08932061,0,0.9748921
1664,Pass,0,0.9998154,0.053726465,0,0.9857456
1665,Pass,0,0.9999962,0.06096093,0,0.9836831
1666,Pass,0,0.99923384,0.3949638,0,0.8795628
1667,Pass,0,0.9999999,0.0382685,0,0.9907152
1668,Pass,0,0.99996734,0.11105354,0,0.9681402
1669,Pass,0,0.999997,0.10951135,0,0.96864665
1670,Pass,0,0.9998658,0.2611995,0,0.92154384
1671,Pass,0,0.9999665,0.06041927,0,0.9838217
1672,Pass,0,0.99995065,0.25591716,0,0.9232581
1673,Pass,0,0.9999702,0.11359483,0,0.9673559
1674,Pass,0,0.9999968,0.12703454,0,0.963219
1675,Pass,0,0.9998276,0.065180555,0,0.9822106
1676,Pass,0,0.9995994,0.39684042,0,0.8793036
1677,Pass,0,0.99872106,0.17036591,0,0.94858646
1678,Pass,0,0.9996519,0.1723913,0,0.9488435
1679,Pass,0,0.99194217,0.22236124,0,0.92617327
1680,Pass,0,0.999198,0.3685147,0,0.8877167
1681,Pass,0,0.9476084,0.4525683,0,0.81721324
1682,Pass,0,0.9996393,0.23752193,0,0.9286661
1683,Pass,0,0.9999503,0.09316981,0,0.9736625
1684,Pass,0,0.99990666,0.19511482,0,0.9420479
1685,Pass,0,0.9989926,0.07189262,0,0.9793135
1686,Pass,0,0.99999976,0.030461047,0,0.99313325
1687,Pass,0,0.98803455,0.39730248,0,0.86898905
1688,Pass,0,0.99438286,0.38294592,0,0.87899417
1689,Pass,0,0.99985445,0.15620628,0,0.9540479
1690,Pass,0,0.99997985,0.15894698,0,0.9533188
1691,Pass,0,0.99383646,0.43531606,0,0.8623907
1692,Pass,0,0.9999747,0.01217815,0,0.998771
1693,Pass,0,0.9999956,0.15746213,0,0.95379364
1694,Pass,0,0.9999995,0.09957263,0,0.9717273
1695,Pass,0,0.9999882,0.0942773,0,0.97335637
1696,Pass,0,0.9999236,0.04916978,0,0.98726344
1697,Pass,0,0.9996537,0.29100758,0,0.91211927
1698,Pass,0,0.9452632,0.5662129,0,0.7819187
1699,Pass,0,0.99978787,0.14481692,0,0.95751125
1700,Pass,0,0.9999449,0.14943239,0,0.9562322
1701,Pass,0,0.99950945,0.053271577,0,0.9855848
1702,Pass,0,0.99999976,0.089900434,0,0.9747233
1703,Pass,0,0.9999571,0.053499065,0,0.9859557
1704,Pass,0,0.88210744,0.52746105,0,0.7402639
1705,Pass,0,0.9998932,0.078904234,0,0.97802484
1706,Pass,0,0.9999434,0.1309754,0,0.961947
1707,Pass,0,0.9999794,0.031160843,0,0.99289626
1708,Pass,0,0.99999905,0.06718185,0,0.98175913
1709,Pass,0,0.9999994,0.027215974,0,0.994138
1710,Pass,0,0.99988425,0.110949256,0,0.9680921
1711,Pass,0,0.9999987,0.12028546,0,0.9653112
1712,Pass,0,0.9999243,0.24208172,0,0.92751867
1713,Pass,0,0.9990213,0.07652022,0,0.9779097
1714,Pass,0,0.99998486,0.10421399,0,0.9702756
1715,Pass,0,0.9999914,0.26408467,0,0.92076606
1716,Pass,0,0.9989735,0.15449476,0,0.9537369
1717,Pass,0,0.9999629,0.21186927,0,0.93691176
1718,Pass,0,0.9993505,0.2556298,0,0.922793
1719,Pass,0,0.999977,0.0743387,0,0.97952086
1720,Pass,0,0.999992,0.09156305,0,0.9742008
1721,Pass,0,0.99996305,0.09540309,0,0.97298324
1722,Pass,0,0.99942845,0.22948512,0,0.93095803
1723,Pass,0,0.9970675,0.3329789,0,0.896798
1724,Pass,0,0.99999905,0.38688567,0,0.8827384
1725,Pass,0,0.999884,0.17478032,0,0.9483239
1726,Pass,0,0.99999106,0.14548834,0,0.9574979
1727,Pass,0,0.9941275,0.20913403,0,0.9322865
1728,Pass,0,0.99999774,0.17485546,0,0.94840854
1729,Pass,0,0.99032557,0.50574136,0,0.83774257
1730,Pass,0,0.6113796,0.84652424,0,0.45265132
1731,Pass,0,0.9998703,0.17883168,0,0.9470563
1732,Pass,0,0.9995807,0.21882224,0,0.93440104
1733,Pass,0,0.99992025,0.27226245,0,0.9181679
1734,Pass,0,0.99999213,0.1968758,0,0.941583
1735,Pass,0,0.9967764,0.2350269,0,0.92677677
1736,Pass,0,0.9992446,0.33224183,0,0.89898425
1737,Pass,0,0.9946408,0.3353695,0,0.89387894
1738,Pass,0,0.999977,0.0743387,0,0.97952086
1739,Pass,0,0.99998486,0.20962758,0,0.9376266
1740,Pass,0,0.99999344,0.094486624,0,0.9732967
1741,Pass,0,0.9998,0.41717768,0,0.8731823
1742,Pass,0,0.999995,0.10800141,0,0.96911234
1743,Pass,0,0.9999999,0.080561444,0,0.97761595
1744,Pass,0,0.9999987,0.045263987,0,0.9885473
1745,Pass,0,0.9996996,0.15253173,0,0.95503795
1746,Pass,0,0.99974245,0.09158546,0,0.9739507
1747,Pass,0,0.99907035,0.15391003,0,0.9540103
1748,Pass,0,0.999926,0.060539633,0,0.9837445
1749,Pass,0,0.9999995,0.073579215,0,0.9797782
1750,Pass,0,0.9995567,0.10024209,0,0.9710898
1751,Pass,0,0.99995756,0.108520925,0,0.9689151
1752,Pass,0,0.9999883,0.14430964,0,0.95786035
1753,Pass,0,0.6375914,0.39790842,0,0.56065017
1754,Pass,0,0.999997,0.10795695,0,0.9691281
1755,Pass,0,0.99999857,0.118968874,0,0.96571887
1756,Pass,0,0.99932337,0.066526376,0,0.9812987
1757,Pass,0,0.9999889,0.10564819,0,0.9698353
1758,Pass,0,0.9999999,0.08950222,0,0.9748467
1759,Pass,0,0.9946936,0.08826419,0,0.97005534
1760,Pass,0,0.99711204,0.185014,0,0.9425344
1761,Pass,0,0.9998479,0.33858046,0,0.8975641
1762,Pass,0,0.9999641,0.12688476,0,0.96323395
1763,Pass,0,0.99990666,0.09709727,0,0.9724037
1764,Pass,0,0.99999845,0.16480625,0,0.9515217
1765,Pass,0,0.9999746,0.20217349,0,0.93992573
1766,Pass,0,0.9996511,0.43750226,0,0.86675936
1767,Pass,0,0.9857582,0.7543807,0,0.7579654
1768,Pass,0,0.9994629,0.16953494,0,0.9495483
1769,Pass,0,0.9999993,0.114562206,0,0.9670844
1770,Pass,0,0.99999356,0.048008006,0,0.98769236
1771,Pass,0,0.99814534,0.12959671,0,0.96064353
1772,Pass,0,0.9754052,0.3612171,0,0.8687832
1773,Pass,0,1.0,0.07527172,0,0.9792544
1774,Pass,0,0.9999678,0.1268865,0,0.9632369
1775,Pass,0,0.9999448,0.038298998,0,0.9906512
1776,Pass,0,0.999995,0.06670373,0,0.98190325
1777,Pass,0,0.99999213,0.09115096,0,0.9743285
1778,Pass,0,0.9999907,0.09005177,0,0.9746676
1779,Pass,0,0.67867386,0.92647326,0,0.4856688
1780,Pass,0,0.99999046,0.07006309,0,0.9808583
1781,Pass,0,0.9998932,0.078904234,0,0.97802484
1782,Pass,0,0.999572,0.1791365,0,0.94667935
1783,Pass,0,0.9999893,0.18597221,0,0.9449574
1784,Pass,0,0.9999186,0.17667553,0,0.94776976
1785,Pass,0,0.9999391,0.14750043,0,0.95682496
1786,Pass,0,0.9933791,0.29798496,0,0.90424734
1787,Pass,0,0.99992967,0.30735534,0,0.90730804
1788,Pass,0,0.9999975,0.031661298,0,0.9927592
1789,Pass,0,0.99999726,0.0747417,0,0.9794159
1790,Pass,0,0.9994861,0.18821467,0,0.9437877
1791,Pass,0,0.9999999,0.05744326,0,0.98477626
1792,Pass,0,0.9999994,0.14683522,0,0.9570887
1793,Pass,0,0.9986494,0.19211859,0,0.9417901
1794,Pass,0,0.9985209,0.1706278,0,0.9483154
1795,Pass,0,0.9999908,0.17029381,0,0.94981486
1796,Pass,0,0.9991019,0.2197144,0,0.9336774
1797,Pass,0,0.9999291,0.08234412,0,0.9769946
1798,Pass,0,0.99996316,0.059198055,0,0.98419666
1799,Pass,0,0.99941444,0.058356255,0,0.9839171
1800,Pass,0,0.9999982,0.1088114,0,0.96886456
1801,Pass,0,0.9998703,0.17883168,0,0.9470563
1802,Pass,0,0.99995387,0.29252285,0,0.9119238
1803,Pass,0,0.75733614,0.35073474,0,0.6770102
1804,Pass,0,0.9999064,0.03826691,0,0.9906231
1805,Pass,0,0.9998759,0.13029006,0,0.96209437
1806,Pass,0,0.99996114,0.14032695,0,0.9590678
1807,Pass,0,0.99987066,0.09247882,0,0.973799
1808,Pass,0,0.99999976,0.07336932,0,0.97984344
1809,Pass,0,0.9999989,0.055378,0,0.985415
1810,Pass,0,0.9993567,0.19781816,0,0.94069296
1811,Pass,0,0.9992575,0.13710813,0,0.95938915
1812,Pass,0,0.9999713,0.02068779,0,0.99613196
1813,Pass,0,0.99972993,0.061310865,0,0.98331285
1814,Pass,0,0.9999212,0.075595185,0,0.9790771
1815,Pass,0,0.9999975,0.14859152,0,0.9565429
1816,Pass,0,0.99976987,0.24284092,0,0.9271403
1817,Pass,0,0.99971825,0.056959674,0,0.98464864
1818,Pass,0,0.9999938,0.076358624,0,0.9789117
1819,Pass,0,0.9999659,0.032922164,0,0.99233735
1820,Pass,0,0.99998784,0.021093981,0,0.99602264
1821,Pass,0,0.9998367,0.043712173,0,0.98886776
1822,Pass,0,0.99999523,0.13466689,0,0.9608536
1823,Pass,0,0.99990857,0.055259667,0,0.9853626
1824,Pass,0,0.9997987,0.32500908,0,0.9017225
1825,Pass,0,0.93800974,0.42831337,0,0.81598216
1826,Pass,0,0.9996828,0.12575704,0,0.96331215
1827,Pass,0,0.9999999,0.080561444,0,0.97761595
1828,Pass,0,0.9997831,0.1249729,0,0.9636516
1829,Pass,0,0.94182783,0.585544,0,0.7734379
1830,Pass,0,0.9995826,0.14634362,0,0.95684195
1831,Pass,0,0.9991708,0.2171216,0,0.93454415
1832,Pass,0,0.99874216,0.27331352,0,0.916761
1833,Pass,0,0.9979849,0.29151893,0,0.91043854
1834,Pass,0,0.99994504,0.093183994,0,0.973653
1835,Pass,0,0.99999523,0.07133248,0,0.9804699
1836,Pass,0,0.99999857,0.07691529,0,0.97874403
1837,Pass,0,0.9998486,0.11632922,0,0.9663915
1838,Pass,0,0.9999975,0.031661298,0,0.9927592
1839,Pass,0,0.79389644,0.7603775,0,0.6089652
1840,Pass,0,0.9999989,0.058725107,0,0.9843783
1841,Pass,0,0.99995327,0.12732482,0,0.9630872
1842,Pass,0,0.9979158,0.10412974,0,0.968294
1843,Pass,0,0.99990165,0.0382235,0,0.9906318
1844,Pass,0,0.99995077,0.10910507,0,0.96872765
1845,Pass,0,0.9982152,0.04620279,0,0.98649406
1846,Pass,0,0.99438286,0.38294592,0,0.87899417
1847,Pass,0,0.9745569,0.43671027,0,0.84524024
1848,Pass,0,1.0,0.023921302,0,0.99515903
1849,Pass,0,0.99998355,0.15308036,0,0.9551393
1850,Pass,0,0.99945086,0.25897452,0,0.9218502
1851,Pass,0,0.999998,0.108790085,0,0.96887094
1852,Pass,0,0.99971074,0.09189332,0,0.9738245
1853,Pass,0,1.0,0.0308919,0,0.99300003
1854,Pass,0,0.9997781,0.037410017,0,0.99076134
1855,Pass,0,0.99986625,0.070374094,0,0.9806402
1856,Pass,0,0.9999893,0.18597221,0,0.9449574
1857,Pass,0,1.0,0.098666206,0,0.9720085
1858,Pass,0,0.9999263,0.064818524,0,0.9824197
1859,Pass,0,0.9997898,0.17870465,0,0.94701934
1860,Pass,0,0.9999715,0.34356686,0,0.8961307
1861,Pass,0,0.9998996,0.14402963,0,0.95786214
1862,Pass,0,0.9991003,0.22525981,0,0.93195987
1863,Pass,0,0.99999905,0.10959134,0,0.9686238
1864,Pass,0,0.6918091,0.3448995,0,0.6196835
1865,Pass,0,0.99999094,0.13586742,0,0.9604776
1866,Pass,0,0.99939334,0.084650934,0,0.9757571
1867,Pass,0,0.99998736,0.076169185,0,0.9789641
1868,Pass,0,0.9997346,0.27088112,0,0.9184251
1869,Pass,0,0.99994934,0.117790036,0,0.96603644
1870,Pass,0,0.9999547,0.08549699,0,0.97604316
1871,Pass,0,0.99992466,0.21189666,0,0.9368675
1872,Pass,0,0.999995,0.0777618,0,0.9784783
1873,Pass,0,0.9999988,0.0941588,0,0.97340345
1874,Pass,0,0.99999905,0.054496937,0,0.985688
1875,Pass,0,0.9997665,0.028772628,0,0.9934245
1876,Pass,0,0.9987226,0.25991625,0,0.92088723
1877,Pass,0,0.99923337,0.27312258,0,0.91727096
1878,Pass,0,0.99995756,0.16260414,0,0.9521648
1879,Pass,0,0.9956631,0.15465505,0,0.95052695
1880,Pass,0,0.9999049,0.11437408,0,0.9670513
1881,Pass,0,0.99997985,0.154244,0,0.95477533
1882,Pass,0,0.9996394,0.21296085,0,0.9362707
1883,Pass,0,0.90611315,0.3575818,0,0.8080857
1884,Pass,0,0.99987817,0.05998858,0,0.9838682
1885,Pass,0,0.99982315,0.17761584,0,0.9473882
1886,Pass,0,0.9999995,0.073579215,0,0.9797782
1887,Pass,0,0.999648,0.15604028,0,0.9539023
1888,Pass,0,0.9999913,0.07080721,0,0.98062867
1889,Pass,0,0.9999136,0.03507214,0,0.9916196
1890,Pass,0,0.999987,0.047276024,0,0.98791265
1891,Pass,0,0.9996269,0.16776831,0,0.95025104
1892,Pass,0,0.99698764,0.2109286,0,0.93441457
1893,Pass,0,0.99965763,0.11806842,0,0.9656684
1894,Pass,0,0.9998845,0.11776251,0,0.9659823
1895,Pass,0,0.999982,0.25865564,0,0.92243886
1896,Pass,0,0.9998424,0.25773415,0,0.9225955
1897,Pass,0,0.999997,0.14382628,0,0.95801836
1898,Pass,0,0.9998871,0.031810734,0,0.9926034
1899,Pass,0,0.99995756,0.16260414,0,0.9521648
1900,Pass,0,0.99998593,0.06392858,0,0.9827539
1901,Pass,0,0.9995328,0.0551127,0,0.9850378
1902,Pass,0,0.9999633,0.12602466,0,0.9634995
1903,Pass,0,0.9999505,0.24474995,0,0.9267166
1904,Pass,0,0.9995708,0.38305905,0,0.88354504
1905,Pass,0,0.99840873,0.21369709,0,0.93489033
1906,Pass,0,0.99972945,0.18298663,0,0.94563633
1907,Pass,0,0.99999654,0.08360222,0,0.97667086
1908,Pass,0,0.99937135,0.18858266,0,0.9435654
1909,Pass,0,1.0,0.11221641,0,0.96781164
1910,Pass,0,0.999046,0.5691241,0,0.8255068
1911,Pass,0,0.9975522,0.09165585,0,0.9717952
1912,Pass,0,0.99999654,0.1373698,0,0.9600177
1913,Pass,0,0.99997365,0.024959143,0,0.99481136
1914,Pass,0,0.999918,0.040680047,0,0.98988724
1915,Pass,0,0.99986863,0.15417527,0,0.95469046
1916,Pass,0,0.9973016,0.31876376,0,0.90139943
1917,Pass,0,0.999226,0.07991855,0,0.97705835
1918,Pass,0,0.9809745,0.3493423,0,0.8773516
1919,Pass,0,0.99791986,0.31606042,0,0.9027939
1920,Pass,0,0.99996674,0.033911746,0,0.9920317
1921,Pass,0,0.9998703,0.17883168,0,0.9470563
1922,Pass,0,0.99999905,0.06423727,0,0.98267114
1923,Pass,0,0.9998654,0.12512621,0,0.9636835
1924,Pass,0,0.9836463,0.25097978,0,0.9097085
1925,Pass,0,0.9950696,0.25361055,0,0.9194623
1926,Pass,0,0.9998963,0.13805912,0,0.959708
1927,Pass,0,0.9999995,0.09016156,0,0.97464216
1928,Pass,0,0.99999297,0.10821889,0,0.969043
1929,Pass,0,0.9999865,0.12458626,0,0.9639674
1930,Pass,0,0.9998104,0.14115052,0,0.95866823
1931,Pass,0,0.9996741,0.06209252,0,0.9830159
1932,Pass,0,0.999984,0.059327014,0,0.9841772
1933,Pass,0,0.9999447,0.079729974,0,0.9778195
1934,Pass,0,0.9977635,0.16346371,0,0.94980997
1935,Pass,0,0.99994993,0.15007849,0,0.9560369
1936,Pass,0,0.9998697,0.25748277,0,0.92269856
1937,Pass,0,0.999974,0.3937849,0,0.8805795
1938,Pass,0,0.999962,0.06213918,0,0.98328453
1939,Pass,0,0.99966276,0.26329303,0,0.9207086
1940,Pass,0,0.99999726,0.09506629,0,0.97312087
1941,Pass,0,0.99992347,0.1543935,0,0.9546752
1942,Pass,0,0.99999464,0.0956858,0,0.9729264
1943,Pass,0,0.9994703,0.026256563,0,0.99390894
1944,Pass,0,0.99993026,0.14306255,0,0.958191
1945,Pass,0,0.99999857,0.06762108,0,0.98162264
1946,Pass,0,0.99984705,0.22012866,0,0.9342454
1947,Pass,0,0.9998766,0.09922894,0,0.9717143
1948,Pass,0,0.9995708,0.38305905,0,0.88354504
1949,Pass,0,0.99999106,0.16905086,0,0.9502
1950,Pass,0,0.9995615,0.21355943,0,0.9360124
1951,Pass,0,0.99948394,0.4774906,0,0.85423535
1952,Pass,0,0.9997212,0.25804535,0,0.92238736
1953,Pass,0,0.9998771,0.15894195,0,0.95322233
1954,Pass,0,0.9996995,0.084094726,0,0.97622824
1955,Pass,0,0.9999702,0.04575633,0,0.9883667
1956,Pass,0,0.9998808,0.23539805,0,0.9295482
1957,Pass,0,0.9999225,0.14837618,0,0.95653784
1958,Pass,0,0.9999443,0.17927301,0,0.9469897
1959,Pass,0,0.999926,0.060539633,0,0.9837445
1960,Pass,0,0.9998368,0.06179905,0,0.9832668
1961,Pass,0,0.9995396,0.23664615,0,0.9288446
1962,Pass,0,0.9999988,0.05685429,0,0.98495764
1963,Pass,0,0.9992513,0.21295229,0,0.9359098
1964,Pass,0,1.0,0.136228,0,0.96037465
1965,Pass,0,1.0,0.062469725,0,0.98321956
1966,Pass,0,0.9997409,0.2338154,0,0.9299082
1967,Pass,0,0.9997906,0.15592644,0,0.9540737
1968,Pass,0,0.9999285,0.21583354,0,0.9356517
1969,Pass,0,0.99901736,0.10724154,0,0.9684
1970,Pass,0,0.9999583,0.015217795,0,0.99781317
1971,Pass,0,0.9998062,0.044716887,0,0.9885265
1972,Pass,0,0.999551,0.14204256,0,0.9581433
1973,Pass,0,0.9998155,0.12571877,0,0.96345186
1974,Pass,0,0.9999895,0.11540794,0,0.966813
1975,Pass,0,0.9989735,0.15449476,0,0.9537369
1976,Pass,0,0.9999821,0.11175072,0,0.9679386
1977,Pass,0,0.9998783,0.051487993,0,0.9865008
1978,Pass,0,0.9580291,0.73332906,0,0.74289066
1979,Pass,0,0.9999999,0.08414417,0,0.9765063
1980,Pass,0,0.9599027,0.14600533,0,0.9189593
1981,Pass,0,0.9991007,0.12584803,0,0.962723
1982,Pass,0,0.9999665,0.120903455,0,0.9650887
1983,Pass,0,1.0,0.037945826,0,0.9908153
1984,Pass,0,0.9982828,0.13356091,0,0.95955014
1985,Pass,0,0.9999759,0.0835307,0,0.9766728
1986,Pass,0,0.99993277,0.13951258,0,0.9592928
1987,Pass,0,0.98585063,0.27760538,0,0.90361714
1988,Pass,0,0.99999976,0.09898746,0,0.9719088
1989,Pass,0,0.96428716,0.20887591,0,0.9043795
1990,Pass,0,0.9997433,0.1691558,0,0.9499321
1991,Pass,0,0.9999999,0.0936977,0,0.9735473
1992,Pass,0,0.9999856,0.018095583,0,0.9969491
1993,Pass,0,0.99998796,0.11474611,0,0.9670165
1994,Pass,0,0.35691327,1.1280601,0,0.23312776
1995,Pass,0,0.99775296,0.037712373,0,0.98866105
1996,Pass,0,0.9987379,0.12882681,0,0.961452
1997,Pass,0,0.99538004,0.26822162,0,0.91524464
1998,Pass,0,0.98585063,0.27760538,0,0.90361714
1999,Pass,0,0.99990106,0.3645622,0,0.88956535
2000,Pass,0,0.99847084,0.37819067,0,0.8840783
2001,Pass,0,0.9999707,0.010745191,0,0.9992107
2002,Pass,0,0.99999595,0.0984261,0,0.972079
2003,Pass,0,0.9993974,0.48850742,0,0.8507513
2004,Pass,0,0.99998903,0.059807833,0,0.9840332
2005,Pass,0,0.9999263,0.248071,0,0.9256657
2006,Pass,0,0.99990904,0.1830736,0,0.94577926
2007,Pass,0,0.99999964,0.06739526,0,0.9816936
2008,Pass,0,0.99937314,0.19424562,0,0.9418143
2009,Pass,0,0.9955434,0.44335613,0,0.86139274
2010,Pass,0,0.99993014,0.023451738,0,0.99523497
2011,Pass,0,0.9998518,0.2557962,0,0.92320436
2012,Pass,0,0.99999356,0.16876034,0,0.95029235
2013,Pass,0,0.99990106,0.23202662,0,0.93061113
2014,Pass,0,0.9999728,0.11269307,0,0.9676377
2015,Pass,0,0.9917847,0.21944097,0,0.92692333
2016,Pass,0,0.9994729,0.25638795,0,0.9226713
2017,Pass,0,0.9999503,0.09316981,0,0.9736625
2018,Pass,0,0.9854628,0.66464484,0,0.7851278
2019,Pass,0,0.9999908,0.13753267,0,0.9599617
2020,Pass,0,0.9999151,0.10623883,0,0.96958077
2021,Pass,0,0.9999844,0.14012071,0,0.959154
2022,Pass,0,0.9999945,0.07768253,0,0.9785024
2023,Pass,0,0.99992776,0.04338306,0,0.98905975
2024,Pass,0,0.97295713,0.69768775,0,0.76520693
2025,Pass,0,0.9999994,0.09143659,0,0.97424716
2026,Pass,0,0.9515306,0.17128351,0,0.9034945
2027,Pass,0,0.9999999,0.08628546,0,0.9758431
2028,Pass,0,0.99784315,0.24067809,0,0.92602205
2029,Pass,0,0.9996581,0.033201456,0,0.99194545
2030,Pass,0,0.99987113,0.091934316,0,0.973968
2031,Pass,0,0.99949145,0.23787431,0,0.92841965
2032,Pass,0,0.99998236,0.027608905,0,0.99399936
2033,Pass,0,0.99991965,0.44912165,0,0.86339366
2034,Pass,0,0.9999721,0.06973555,0,0.9809418
2035,Pass,0,0.99998116,0.15968606,0,0.9530911
2036,Pass,0,0.9999602,0.117080666,0,0.96626663
2037,Pass,0,0.99996257,0.10057049,0,0.9713824
2038,Pass,0,0.99999344,0.09943726,0,0.9717633
2039,Pass,0,0.9999137,0.09179018,0,0.9740541
2040,Pass,0,0.9967817,0.21514489,0,0.93291986
2041,Pass,0,0.99997723,0.068156935,0,0.9814357
2042,Pass,0,0.9999677,0.18101755,0,0.9464715
2043,Pass,0,1.0,0.072115846,0,0.9802319
2044,Pass,0,0.99864703,0.043729417,0,0.9876858
2045,Pass,0,0.99999714,0.09351434,0,0.9736014
2046,Pass,0,0.35691327,1.1280601,0,0.23312776
2047,Pass,0,0.9977635,0.16346371,0,0.94980997
2048,Pass,0,0.99996114,0.14032695,0,0.9590678
2049,Pass,0,0.99998033,0.12564301,0,0.96363413
2050,Pass,0,0.9706516,0.52997243,0,0.8138151
2051,Pass,0,0.9999434,0.1309754,0,0.961947
2052,Pass,0,0.9998043,0.057241835,0,0.9846461
2053,Pass,0,0.9995396,0.23664615,0,0.9288446
2054,Pass,0,0.9999994,0.07267272,0,0.9800588
2055,Pass,0,0.99999666,0.13874857,0,0.95959073
2056,Pass,0,0.99990666,0.19511482,0,0.9420479
2057,Pass,0,0.9487151,0.3876911,0,0.83723134
2058,Pass,0,0.99987876,0.023064543,0,0.9953037
2059,Pass,0,0.99996984,0.15055044,0,0.9559097
2060,Pass,0,1.0,0.04831939,0,0.9876023
2061,Pass,0,0.9736129,0.37126315,0,0.8641573
2062,Pass,0,0.99809915,0.22766471,0,0.93028253
2063,Pass,0,0.99990165,0.0382235,0,0.9906318
2064,Pass,0,0.9999964,0.10137241,0,0.9711669
2065,Pass,0,0.99370766,0.21720356,0,0.92940915
2066,Pass,0,0.99999774,0.05895659,0,0.98430544
2067,Pass,0,0.98823404,0.22005624,0,0.92341655
2068,Pass,0,0.9999155,0.22540674,0,0.9326747
2069,Pass,0,0.9999987,0.12076566,0,0.96516246
2070,Pass,0,0.99999785,0.06556481,0,0.98225886
2071,Pass,0,0.9999379,0.16666007,0,0.95088995
2072,Pass,0,0.9998708,0.13613644,0,0.96027887
2073,Pass,0,0.925605,0.40589425,0,0.8116183
2074,Pass,0,0.99999964,0.024825683,0,0.9948786
2075,Pass,0,0.9209647,0.65214986,0,0.73730576
2076,Pass,0,0.9999999,0.022676574,0,0.99554443
2077,Pass,0,0.998914,0.2672555,0,0.91879296
2078,Pass,0,0.9999274,0.07911065,0,0.97799444
2079,Pass,0,0.9821945,0.41132328,0,0.8595874
2080,Pass,0,0.99999917,0.080112614,0,0.97775424
2081,Pass,0,0.999985,0.11596882,0,0.9666349
2082,Pass,0,0.9999356,0.24075373,0,0.9279405
2083,Pass,0,0.99961346,0.2306366,0,0.93077385
2084,Pass,0,0.99999,0.07452258,0,0.97947663
2085,Pass,0,0.9999486,0.18536192,0,0.94510794
2086,Pass,0,0.9999759,0.0835307,0,0.9766728
2087,Pass,0,0.9998807,0.06268412,0,0.98303586
2088,Pass,0,0.9999734,0.14561021,0,0.95744324
2089,Pass,0,0.9999509,0.22350965,0,0.9332953
2090,Pass,0,0.9999999,0.1403615,0,0.9590943
2091,Pass,0,0.9993729,0.20252079,0,0.9392526
2092,Pass,0,0.99963474,0.2321943,0,0.9303114
2093,Pass,0,0.99969435,0.16777451,0,0.95031327
2094,Pass,0,0.9998808,0.26143876,0,0.92148364
2095,Pass,0,0.99996483,0.13300401,0,0.9613394
2096,Pass,0,0.9999881,0.1335885,0,0.9611807
2097,Pass,0,0.98928833,0.49865115,0,0.83903766
2098,Pass,0,0.9974776,0.25309998,0,0.9218451
2099,Pass,0,0.99948126,0.21082132,0,0.93678486
2100,Pass,0,0.9997527,0.06629282,0,0.9817926
2101,Pass,0,0.99964833,0.17410176,0,0.9483105
2102,Pass,0,0.9999467,0.05615364,0,0.9851233
2103,Pass,0,0.99992156,0.22046803,0,0.93420994
2104,Pass,0,0.9998956,0.18664989,0,0.944659
2105,Pass,0,0.99999976,0.060888927,0,0.9837089
2106,Pass,0,0.9999999,0.10168062,0,0.97107476
2107,Pass,0,0.9998055,0.4026997,0,0.87767047
2108,Pass,0,0.9999988,0.048967928,0,0.98740023
2109,Pass,0,0.99939334,0.084650934,0,0.9757571
2110,Pass,0,0.9999616,0.13987494,0,0.95920825
2111,Pass,0,0.9984295,0.050702866,0,0.9853142
2112,Pass,0,0.99999225,0.17458375,0,0.9484875
2113,Pass,0,0.9999815,0.14827795,0,0.95662475
2114,Pass,0,1.0,0.074589334,0,0.9794658
2115,Pass,0,0.9999989,0.062497202,0,0.98320997
2116,Pass,0,0.9999987,0.045354452,0,0.9885193
2117,Pass,0,0.9852563,0.24419563,0,0.91326773
2118,Pass,0,0.99999595,0.064920686,0,0.98245645
2119,Pass,0,0.9998598,0.08803577,0,0.97516435
2120,Pass,0,0.9998838,0.11538616,0,0.96671754
2121,Pass,0,0.99999726,0.13594176,0,0.96046066
2122,Pass,0,0.99999785,0.06906853,0,0.98117363
2123,Pass,0,0.9999999,0.04604551,0,0.98830646
2124,Pass,0,0.9999751,0.251876,0,0.92453235
2125,Pass,0,0.99949014,0.12390991,0,0.96369827
2126,Pass,0,0.99999976,0.16475539,0,0.9515387
2127,Pass,0,0.9999548,0.22808681,0,0.9318814
2128,Pass,0,0.99996066,0.059105758,0,0.9842227
2129,Pass,0,0.99994993,0.15007849,0,0.9560369
2130,Pass,0,0.9963229,0.2000402,0,0.93715155
2131,Pass,0,0.9997305,0.20813477,0,0.9378504
2132,Pass,0,0.99999404,0.16016705,0,0.9529544
2133,Pass,0,0.9997701,0.13497853,0,0.9605407
2134,Pass,0,0.99993944,0.11232513,0,0.9677194
2135,Pass,0,0.98835725,0.30174252,0,0.89852583
2136,Pass,0,0.9999957,0.086817734,0,0.97567415
2137,Pass,0,0.99998987,0.16714866,0,0.950788
2138,Pass,0,0.99992454,0.13899282,0,0.9594459
2139,Pass,0,1.0,0.043348905,0,0.98914176
2140,Pass,0,0.99978787,0.14481692,0,0.95751125
2141,Pass,0,0.9999304,0.157976,0,0.9535723
2142,Pass,0,0.9999938,0.084894225,0,0.976268
2143,Pass,0,0.9990107,0.07787973,0,0.9774787
2144,Pass,0,0.9998703,0.17883168,0,0.9470563
2145,Pass,0,0.9999144,0.0849878,0,0.97616154
2146,Pass,0,0.9999999,0.046976663,0,0.98801804
2147,Pass,0,0.99984956,0.021788506,0,0.99566984
2148,Pass,0,0.9999924,0.16932076,0,0.95011765
2149,Pass,0,0.8857158,0.53992695,0,0.7398723
2150,Pass,0,0.9999652,0.24178378,0,0.92764884
2151,Pass,0,0.81781507,0.5648876,0,0.6768297
2152,Pass,0,0.99895656,0.3141054,0,0.90433663
2153,Pass,0,0.9999987,0.10402566,0,0.9703473
2154,Pass,0,0.99974173,0.054614134,0,0.98539805
2155,Pass,0,0.9999938,0.11492147,0,0.9669678
2156,Pass,0,0.9999993,0.19855665,0,0.9410691
2157,Pass,0,0.9997123,0.06395896,0,0.9824755
2158,Pass,0,0.9992513,0.21295229,0,0.9359098
2159,Pass,0,0.99998856,0.16041079,0,0.95287365
2160,Pass,0,0.9957688,0.21653235,0,0.93154395
2161,Pass,0,0.99999416,0.016998222,0,0.99729747
2162,Pass,0,0.9999999,0.09090768,0,0.9744114
2163,Pass,0,0.9999738,0.14285842,0,0.9582959
2164,Pass,0,0.9999964,0.13210057,0,0.96164954
2165,Pass,0,0.9576045,0.6393811,0,0.770426
2166,Pass,0,0.9999963,0.050729096,0,0.9868523
2167,Pass,0,0.9999976,0.32905358,0,0.90064925
2168,Pass,0,0.99923337,0.27312258,0,0.91727096
2169,Pass,0,0.99987423,0.079931125,0,0.9776883
2170,Pass,0,0.9999635,0.42152023,0,0.87198013
2171,Pass,0,0.999884,0.17478032,0,0.9483239
2172,Pass,0,0.99996495,0.17297557,0,0.94895965
2173,Pass,0,0.9999982,0.06967515,0,0.9809861
2174,Pass,0,0.99986386,0.047071807,0,0.9878542
2175,Pass,0,0.99993896,0.13048121,0,0.96209586
2176,Pass,0,0.9999927,0.12108685,0,0.9650572
2177,Pass,0,0.99985003,0.055613853,0,0.9851952
2178,Pass,0,0.99999917,0.08267789,0,0.9769597
2179,Pass,0,0.9934962,0.037028927,0,0.9846533
2180,Pass,0,0.99961627,0.04341285,0,0.9887424
2181,Pass,0,0.9970336,0.37754723,0,0.8830044
2182,Pass,0,0.9972179,0.07274103,0,0.9773117
2183,Pass,0,0.9847398,0.23930359,0,0.914281
2184,Pass,0,0.99985194,0.06583899,0,0.9820306
2185,Pass,0,0.99959105,0.12304172,0,0.96406436
2186,Pass,0,0.9996227,0.09818669,0,0.97179025
2187,Pass,0,0.99978167,0.18815166,0,0.9440863
2188,Pass,0,0.9999987,0.083839096,0,0.97659963
2189,Pass,0,0.9999933,0.16010064,0,0.95297426
2190,Pass,0,0.9999975,0.047113165,0,0.98797345
2191,Pass,0,0.99997675,0.15763143,0,0.95372325
2192,Pass,0,0.9998018,0.4362584,0,0.86727524
2193,Pass,0,0.99996483,0.13012221,0,0.9622319
2194,Pass,0,0.99999976,0.06866169,0,0.9813015
2195,Pass,0,0.9998555,0.44826955,0,0.86360216
2196,Pass,0,0.9999989,0.107064284,0,0.9694064
2197,Pass,0,0.99999976,0.06568366,0,0.98222387
2198,Pass,0,0.99989307,0.09410273,0,0.97331786
2199,Pass,0,0.9999999,0.045068465,0,0.9886091
2200,Pass,0,0.9995964,0.24226862,0,0.9271567
2201,Pass,0,0.99999964,0.066937976,0,0.98183525
2202,Pass,0,0.9999796,0.10214924,0,0.97090995
2203,Pass,0,0.9999155,0.068164036,0,0.9813729
2204,Pass,0,0.9995043,0.17040464,0,0.94931847
2205,Pass,0,0.9999995,0.11965284,0,0.9655079
2206,Pass,0,0.9999583,0.092997566,0,0.9737236
2207,Pass,0,0.99992454,0.13899282,0,0.9594459
2208,Pass,0,0.9972729,0.38261104,0,0.88165224
2209,Pass,0,0.99991536,0.030449081,0,0.99305314
2210,Pass,0,0.99961925,0.27009523,0,0.9185625
2211,Pass,0,1.0,0.094333634,0,0.97335047
2212,Pass,0,0.998998,0.24807732,0,0.92480433
2213,Pass,0,0.9986588,0.4369958,0,0.8660556
2214,Pass,0,0.9999993,0.0725334,0,0.9801018
2215,Pass,0,0.99998724,0.16107187,0,0.95266765
2216,Pass,0,0.999997,0.08382318,0,0.9766029
2217,Pass,0,0.9999621,0.10460426,0,0.9701326
2218,Pass,0,0.9999268,0.13130595,0,0.9618287
2219,Pass,0,0.99970955,0.066222705,0,0.9817719
2220,Pass,0,0.99999714,0.051169522,0,0.98671675
2221,Pass,0,0.9999852,0.160378,0,0.9528807
2222,Pass,0,0.99998355,0.105145924,0,0.9699856
2223,Pass,0,0.9997899,0.2151811,0,0.9357241
2224,Pass,0,0.9999558,0.15884675,0,0.9533269
2225,Pass,0,0.9999995,0.088461995,0,0.9751686
2226,Pass,0,0.9998124,0.12503918,0,0.96365935
2227,Pass,0,0.9996749,0.21163782,0,0.9367136
2228,Pass,0,0.9996995,0.084094726,0,0.97622824
2229,Pass,0,0.99999976,0.06321688,0,0.9829879
2230,Pass,0,0.9999999,0.0673992,0,0.9816927
2231,Pass,0,0.9993055,0.08208857,0,0.9764644
2232,Pass,0,0.99987066,0.09247882,0,0.973799
2233,Pass,0,0.99997365,0.015523638,0,0.9977337
2234,Pass,0,0.999933,0.071078524,0,0.98048747
2235,Pass,0,0.9999999,0.08071505,0,0.9775684
2236,Pass,0,0.99993193,0.07951917,0,0.9778723
2237,Pass,0,0.99999523,0.06423155,0,0.9826692
2238,Pass,0,0.98835725,0.30174252,0,0.89852583
2239,Pass,0,0.9994778,0.06845111,0,0.98085445
2240,Pass,0,0.999629,0.08936421,0,0.97452796
2241,Pass,0,0.9948259,0.41252005,0,0.87027323
2242,Pass,0,0.5454783,1.222379,0,0.34035912
2243,Pass,0,0.9999155,0.22540674,0,0.9326747
2244,Pass,0,0.9989875,0.19820258,0,0.9402265
2245,Pass,0,0.99994326,0.17118168,0,0.94949466
2246,Pass,0,0.99998784,0.1505401,0,0.9559302
2247,Pass,0,0.99996006,0.33207658,0,0.8996791
2248,Pass,0,0.9999999,0.029530399,0,0.9934216
2249,Pass,0,0.9979158,0.10412974,0,0.968294
2250,Pass,0,0.9998429,0.02322451,0,0.99521846
2251,Pass,0,0.9999976,0.046071384,0,0.98829615
2252,Pass,0,0.9998486,0.11632922,0,0.9663915
2253,Pass,0,0.99987936,0.08744919,0,0.9753651
2254,Pass,0,0.9997831,0.1249729,0,0.9636516
2255,Pass,0,0.99971074,0.09189332,0,0.9738245
2256,Pass,0,0.9970143,0.040965863,0,0.98692435
2257,Pass,0,0.99898785,0.35141987,0,0.8928194
2258,Pass,0,0.9361578,0.8161218,0,0.70192486
2259,Pass,0,0.99962986,0.06917954,0,0.98077816
2260,Pass,0,0.99991274,0.0699273,0,0.9808242
2261,Pass,0,0.9997098,0.046902686,0,0.98775434
2262,Pass,0,0.9999856,0.23728293,0,0.92906183
2263,Pass,0,0.99900925,0.19903937,0,0.9399881
2264,Pass,0,0.9994861,0.18821467,0,0.9437877
2265,Pass,0,0.9999988,0.07546431,0,0.97919357
2266,Pass,0,0.99996996,0.0721549,0,0.98019034
2267,Pass,0,0.999977,0.118777916,0,0.9657572
2268,Pass,0,0.9999995,0.039765287,0,0.99025124
2269,Pass,0,0.999998,0.054864313,0,0.9855731
2270,Pass,0,0.99994695,0.0929909,0,0.97371465
2271,Pass,0,0.999302,0.13996778,0,0.9585468
2272,Pass,0,0.99998295,0.10414143,0,0.97029614
2273,Pass,0,0.99999416,0.016998222,0,0.99729747
2274,Pass,0,0.99995804,0.13969882,0,0.9592594
2275,Pass,0,0.99987066,0.09247882,0,0.973799
2276,Pass,0,0.99996495,0.17297557,0,0.94895965
2277,Pass,0,0.99949014,0.12390991,0,0.96369827
2278,Pass,0,0.99998736,0.18176663,0,0.9462581
2279,Pass,0,0.99983966,0.14127015,0,0.95865923
2280,Pass,0,0.9143148,0.6879447,0,0.72184527
2281,Pass,0,0.9999628,0.106087536,0,0.9696739
2282,Pass,0,0.99991035,0.037700363,0,0.99080247
2283,Pass,0,0.9998938,0.100144,0,0.97144765
2284,Pass,0,0.999892,0.12700781,0,0.96312636
2285,Pass,0,0.9997297,0.03441622,0,0.9916404
2286,Pass,0,0.99982625,0.036351852,0,0.9911367
2287,Pass,0,0.9998073,0.15923192,0,0.953066
2288,Pass,0,0.99828726,0.22629595,0,0.9308811
2289,Pass,0,0.99996924,0.19826737,0,0.9411304
2290,Pass,0,0.99991286,0.19537647,0,0.9419727
2291,Pass,0,0.9986841,0.112158,0,0.9665562
2292,Pass,0,0.99835336,0.31536868,0,0.90339994
2293,Pass,0,1.0,0.11977551,0,0.96547043
2294,Pass,0,0.99999964,0.096488535,0,0.97268265
2295,Pass,0,0.99980646,0.10574564,0,0.96962816
2296,Pass,0,0.9999987,0.064948015,0,0.98245066
2297,Pass,0,0.99999344,0.052070707,0,0.9864339
2298,Pass,0,0.78823316,0.4145101,0,0.68906015
2299,Pass,0,0.99999917,0.16645366,0,0.95101213
2300,Pass,0,0.99999416,0.079503536,0,0.977938
2301,Pass,0,0.99974924,0.22056578,0,0.93401873
2302,Pass,0,0.9999968,0.15587895,0,0.9542851
2303,Pass,0,0.93109083,1.0754797,0,0.623331
2304,Pass,0,0.99998915,0.07378348,0,0.97970474
2305,Pass,0,0.9999019,0.23172002,0,0.93070686
2306,Pass,0,0.4832407,0.6538382,0,0.38662001
2307,Pass,0,0.9999901,0.10024159,0,0.971511
2308,Pass,0,0.9999486,0.014505655,0,0.99802405
2309,Pass,0,0.9999554,0.13408163,0,0.96099657
2310,Pass,0,0.99999964,0.1325375,0,0.96151733
2311,Pass,0,0.894533,0.9494785,0,0.6337669
2312,Pass,0,0.99998176,0.07840236,0,0.97826695
2313,Pass,0,0.9999964,0.110100195,0,0.96846366
2314,Pass,0,0.9999932,0.13342294,0,0.9612369
2315,Pass,0,0.9997242,0.15141575,0,0.955407
2316,Pass,0,0.9999151,0.082700446,0,0.97687066
2317,Pass,0,0.9986299,0.06111154,0,0.98229253
2318,Pass,0,0.9839743,0.27798948,0,0.90178025
2319,Pass,0,0.9720435,0.90362114,0,0.7024884
2320,Pass,0,0.99895656,0.3141054,0,0.90433663
2321,Pass,0,0.9999795,0.1432208,0,0.95818913
2322,Pass,0,0.99999154,0.11243003,0,0.9677373
2323,Pass,0,0.99994254,0.17702857,0,0.9476831
2324,Pass,0,0.9998598,0.08803577,0,0.97516435
2325,Pass,0,0.9999167,0.26943508,0,0.91904026
2326,Pass,0,0.99996686,0.067176744,0,0.9817291
2327,Pass,0,0.9999881,0.037512355,0,0.9909377
2328,Pass,0,0.99961424,0.10325421,0,0.97021306
2329,Pass,0,0.9999536,0.11558641,0,0.9667231
2330,Pass,0,0.68641293,0.57399845,0,0.56614333
2331,Pass,0,0.99995327,0.13179208,0,0.9617036
2332,Pass,0,0.9999858,0.09641668,0,0.9726914
2333,Pass,0,0.9999795,0.27789137,0,0.91647893
2334,Pass,0,0.99991846,0.026287472,0,0.9943451
2335,Pass,0,0.99974865,0.12821977,0,0.962613
2336,Pass,0,0.9997943,0.050808232,0,0.9866284
2337,Pass,0,0.40546715,1.4504262,0,0.224358
2338,Pass,0,0.9999987,0.12716289,0,0.9631811
2339,Pass,0,0.99999976,0.059750848,0,0.9840614
2340,Pass,0,0.9870864,0.49723724,0,0.83760244
2341,Pass,0,0.9999875,0.056386203,0,0.98509145
2342,Pass,0,0.9999918,0.044901118,0,0.98865294
2343,Pass,0,0.99999666,0.13874857,0,0.95959073
2344,Pass,0,0.9999968,0.097921304,0,0.9722361
2345,Pass,0,0.7094475,0.56306136,0,0.58754516
2346,Pass,0,0.9996519,0.1723913,0,0.9488435
2347,Pass,0,0.9999459,0.24836805,0,0.92559177
2348,Pass,0,0.9999865,0.12061,0,0.96519893
2349,Pass,0,0.9999287,0.24074274,0,0.92793745
2350,Pass,0,0.9999976,0.070288174,0,0.9807956
2351,Pass,0,0.99981827,0.27035514,0,0.9186649
2352,Pass,0,0.9999865,0.14144237,0,0.9587467
2353,Pass,0,0.9999571,0.07224583,0,0.98014957
2354,Pass,0,0.999964,0.19660582,0,0.9416401
2355,Pass,0,0.9997551,0.03670628,0,0.9909564
2356,Pass,0,0.99999416,0.18508503,0,0.94523674
2357,Pass,0,0.99999,0.0738119,0,0.97969675
2358,Pass,0,0.9989679,0.38817137,0,0.8814303
2359,Pass,0,0.99999833,0.054001417,0,0.98584074
2360,Pass,0,0.9801354,0.19778791,0,0.92260915
2361,Pass,0,0.9982948,0.0471681,0,0.9862741
2362,Pass,0,0.99999297,0.073313326,0,0.9798541
2363,Pass,0,0.99979705,0.079553045,0,0.9777299
2364,Pass,0,0.9996393,0.23752193,0,0.9286661
2365,Pass,0,0.99996257,0.10057049,0,0.9713824
2366,Pass,0,0.95211035,0.54356813,0,0.7942604
2367,Pass,0,0.98834103,0.3240085,0,0.8916951
2368,Pass,0,0.99999845,0.09816707,0,0.97216165
2369,Pass,0,0.9857346,0.18396932,0,0.9320987
2370,Pass,0,0.99799687,0.13196008,0,0.9597701
2371,Pass,0,0.9996393,0.23752193,0,0.9286661
2372,Pass,0,0.99999297,0.073313326,0,0.9798541
2373,Pass,0,0.9977107,0.22401878,0,0.93104714
2374,Pass,0,0.526457,0.5100933,0,0.4446343
2375,Pass,0,0.99881965,0.15139002,0,0.95455056
2376,Pass,0,0.9642905,0.21851079,0,0.901505
2377,Pass,0,0.5054808,0.44274253,0,0.43746272
2378,Pass,0,0.99999464,0.1568032,0,0.95399684
2379,Pass,0,0.9994252,0.18025067,0,0.9461954
2380,Pass,0,0.99998343,0.050617386,0,0.9868742
2381,Pass,0,0.9996877,0.051036544,0,0.9864525
2382,Pass,0,0.9995771,0.04203972,0,0.98912877
2383,Pass,0,0.95817244,0.6212605,0,0.77626055
2384,Pass,0,0.99942124,0.07153588,0,0.9798441
2385,Pass,0,0.999936,0.036002375,0,0.99135375
2386,Pass,0,0.9999918,0.044901118,0,0.98865294
2387,Pass,0,0.99987066,0.09247882,0,0.973799
2388,Pass,0,0.99996614,0.18526435,0,0.9451547
2389,Pass,0,0.9998572,0.092607096,0,0.9737461
2390,Pass,0,0.999987,0.11678327,0,0.9663846
2391,Pass,0,0.9982153,0.29003894,0,0.9111063
2392,Pass,0,0.9999802,0.08623873,0,0.97583836
2393,Pass,0,0.9999635,0.29210356,0,0.9120625
2394,Pass,0,0.999739,0.19090755,0,0.94319266
2395,Pass,0,0.99628663,0.43147087,0,0.86570334
2396,Pass,0,0.9999912,0.10750033,0,0.96926385
2397,Pass,0,0.99997354,0.13764775,0,0.9599095
2398,Pass,0,0.9999989,0.067917846,0,0.981531
2399,Pass,0,0.9999993,0.13386774,0,0.9611049
2400,Pass,0,0.9999436,0.07510245,0,0.9792517
2401,Pass,0,0.9997863,0.054661218,0,0.98542744
2402,Pass,0,0.9999982,0.17008081,0,0.9498879
2403,Pass,0,0.99425656,0.08226026,0,0.97147804
2404,Pass,0,0.999951,0.09007302,0,0.9746223
2405,Pass,0,0.9998654,0.12512621,0,0.9636835
2406,Pass,0,0.99995947,0.15151425,0,0.95560133
2407,Pass,0,0.99998033,0.08316233,0,0.9767913
2408,Pass,0,0.99985313,0.13284822,0,0.9612802
2409,Pass,0,0.9986406,0.19253947,0,0.94165164
2410,Pass,0,0.99994946,0.11946226,0,0.9655186
2411,Pass,0,0.99909806,0.5555429,0,0.8297525
2412,Pass,0,0.9999809,0.13881907,0,0.95955384
2413,Pass,0,0.9963497,0.06612727,0,0.9785018
2414,Pass,0,0.94860536,0.9061641,0,0.6848027
2415,Pass,0,0.9999994,0.09143659,0,0.97424716
2416,Pass,0,0.99854845,0.22552605,0,0.93136275
2417,Pass,0,1.0,0.043147184,0,0.9892043
2418,Pass,0,0.8045368,0.8409671,0,0.5970451
2419,Pass,0,0.9991297,0.45762572,0,0.86007994
2420,Pass,0,0.9998043,0.057241835,0,0.9846461
2421,Pass,0,0.999984,0.078270465,0,0.97831005
2422,Pass,0,0.9999918,0.104545884,0,0.97017944
2423,Pass,0,0.9908586,0.105837524,0,0.9609222
2424,Pass,0,0.99872917,0.0697769,0,0.9797097
2425,Pass,0,0.9998565,0.24194011,0,0.9274996
2426,Pass,0,0.9999442,0.25694317,0,0.9229344
2427,Pass,0,0.9999442,0.25694317,0,0.9229344
2428,Pass,0,0.9999993,0.045382287,0,0.98851126
2429,Pass,0,0.9999478,0.061870225,0,0.9833539
2430,Pass,0,0.99827564,0.28741848,0,0.91197157
2431,Pass,0,0.99538016,0.2602866,0,0.91769105
2432,Pass,0,0.9999138,0.22134982,0,0.9339296
2433,Pass,0,0.9949709,0.31578678,0,0.9002104
2434,Pass,0,0.9557609,0.2665004,0,0.8793247
2435,Pass,0,0.9999654,0.110799246,0,0.9682171
2436,Pass,0,0.9926317,0.27673483,0,0.91010016
2437,Pass,0,0.9999876,0.09844416,0,0.97206527
2438,Pass,0,0.9990575,0.16053987,0,0.95194656
2439,Pass,0,0.9998673,0.066489406,0,0.98184425
2440,Pass,0,0.99955755,0.045715965,0,0.9879713
2441,Pass,0,0.9999814,0.06171321,0,0.9834356
2442,Pass,0,0.99999857,0.051555227,0,0.9865986
2443,Pass,0,0.9999958,0.074436426,0,0.97950906
2444,Pass,0,0.9996346,0.116150156,0,0.9662401
2445,Pass,0,0.9995604,0.13695057,0,0.9597288
2446,Pass,0,0.9999471,0.26347992,0,0.92091256
2447,Pass,0,0.99995077,0.10910507,0,0.96872765
2448,Pass,0,0.99996006,0.20348212,0,0.9395067
2449,Pass,0,0.98954904,0.30519083,0,0.8985524
2450,Pass,0,0.9631489,0.35405478,0,0.86000323
2451,Pass,0,0.9999831,0.16723269,0,0.95075554
2452,Pass,0,0.9999845,0.25585043,0,0.92331004
2453,Pass,0,0.99901736,0.1650061,0,0.95052636
2454,Pass,0,0.9999763,0.030960375,0,0.9929553
2455,Pass,0,0.9996935,0.23927002,0,0.9281752
2456,Pass,0,0.9999931,0.1674222,0,0.9507064
2457,Pass,0,0.9999993,0.05761556,0,0.9847223
2458,Pass,0,0.99999976,0.052504215,0,0.9863059
2459,Pass,0,0.9999654,0.17335951,0,0.9488412
2460,Pass,0,0.99999714,0.051169522,0,0.98671675
2461,Pass,0,0.99858093,0.32367477,0,0.9010369
2462,Pass,0,0.9999361,0.030910693,0,0.9929308
2463,Pass,0,0.9999851,0.18434066,0,0.94545877
2464,Pass,0,0.9997739,0.18518558,0,0.9449975
2465,Pass,0,0.99999535,0.037438076,0,0.9909679
2466,Pass,0,0.99999976,0.057190623,0,0.9848544
2467,Pass,0,0.9999925,0.13629931,0,0.9603453
2468,Pass,0,0.7634768,0.95742565,0,0.5390357
2469,Pass,0,0.9810845,0.16021495,0,0.93491983
2470,Pass,0,0.9999962,0.040711783,0,0.9899548
2471,Pass,0,0.99999917,0.066762514,0,0.9818891
2472,Pass,0,0.99999785,0.061797317,0,0.98342574
2473,Pass,0,0.99989927,0.15270288,0,0.9551757
2474,Pass,0,0.99994767,0.13176222,0,0.9617075
2475,Pass,0,0.99965477,0.18432835,0,0.94515026
2476,Pass,0,0.9990213,0.07652022,0,0.9779097
2477,Pass,0,0.9999888,0.09964252,0,0.97169524
2478,Pass,0,0.99995077,0.23823507,0,0.9287346
2479,Pass,0,0.99997735,0.085011125,0,0.9762158
2480,Pass,0,0.99993443,0.21816042,0,0.9349367
2481,Pass,0,0.9999993,0.10276756,0,0.9707375
2482,Pass,0,0.9999994,0.05311148,0,0.9861175
2483,Pass,0,0.9999974,0.053583402,0,0.9859693
2484,Pass,0,0.9999989,0.062497202,0,0.98320997
2485,Pass,0,0.9982828,0.13356091,0,0.95955014
2486,Pass,0,0.99999964,0.031901233,0,0.9926871
2487,Pass,0,0.9999994,0.14102824,0,0.9588873
2488,Pass,0,0.9997069,0.10001965,0,0.9713046
2489,Pass,0,0.8505143,0.41841516,0,0.7424766
2490,Pass,0,0.9999913,0.21106496,0,0.93718743
2491,Pass,0,0.99975175,0.038237542,0,0.990479
2492,Pass,0,0.9999583,0.092997566,0,0.9737236
2493,Pass,0,0.9999864,0.13110867,0,0.96194714
2494,Pass,0,1.0,0.033418905,0,0.99221736
2495,Pass,0,0.9999305,0.20874576,0,0.93784875
2496,Pass,0,0.99991333,0.18442917,0,0.94536346
2497,Pass,0,0.99959105,0.12304172,0,0.96406436
2498,Pass,0,0.526457,0.5100933,0,0.4446343
2499,Pass,0,0.9990964,0.18875344,0,0.943253
2500,Pass,0,0.99995947,0.19147424,0,0.9432252
2501,Pass,0,0.9999893,0.18597221,0,0.9449574
2502,Pass,0,1.0,0.054172922,0,0.9857893
2503,Pass,0,0.9998845,0.11776251,0,0.9659823
2504,Pass,0,0.99996114,0.14032695,0,0.9590678
2505,Pass,0,0.9942994,0.18329175,0,0.94040614
2506,Pass,0,0.9999802,0.08623873,0,0.97583836
2507,Pass,0,0.99995303,0.17314738,0,0.9488951
2508,Pass,0,0.9999907,0.25295618,0,0.9242122
2509,Pass,0,0.9999995,0.11078145,0,0.96825564
2510,Pass,0,0.99999917,0.13018776,0,0.9622447
2511,Pass,0,0.99997497,0.15002418,0,0.95607764
2512,Pass,0,0.9975528,0.2571679,0,0.92065775
2513,Pass,0,0.9999869,0.23795281,0,0.92885554
2514,Pass,0,0.9999995,0.07899343,0,0.97810125
2515,Pass,0,0.99998724,0.073340744,0,0.97984
2516,Pass,0,0.99999976,0.08571955,0,0.9760182
2517,Pass,0,0.9998148,0.2158824,0,0.93553025
2518,Pass,0,0.9997181,0.26038742,0,0.92165923
2519,Pass,0,0.9999933,0.04523207,0,0.9885519
2520,Pass,0,0.9999764,0.17079969,0,0.94964445
2521,Pass,0,0.99998236,0.030906668,0,0.992978
2522,Pass,0,0.99925345,0.28376544,0,0.9139955
2523,Pass,0,0.99999917,0.054488752,0,0.98569065
2524,Pass,0,0.99880123,0.13745229,0,0.95884466
2525,Pass,0,0.9993771,0.110011026,0,0.9678914
2526,Pass,0,0.999992,0.09156305,0,0.9742008
2527,Pass,0,0.999936,0.12475562,0,0.96386623
2528,Pass,0,0.9997142,0.2596967,0,0.9218695
2529,Pass,0,0.999979,0.06246809,0,0.9831994
2530,Pass,0,0.9998715,0.21773918,0,0.9350083
2531,Pass,0,0.99979275,0.21927002,0,0.9344606
2532,Pass,0,0.9973023,0.15244757,0,0.95277375
2533,Pass,0,0.9986494,0.19211859,0,0.9417901
2534,Pass,0,0.99987197,0.03967591,0,0.99015266
2535,Pass,0,0.9991007,0.12584803,0,0.962723
2536,Pass,0,0.99994314,0.17169212,0,0.94933647
2537,Pass,0,0.99996495,0.0105149085,0,0.9992763
2538,Pass,0,0.9999982,0.08490187,0,0.97626996
2539,Pass,0,0.9999093,0.3168259,0,0.90435654
2540,Pass,0,0.99998665,0.20737185,0,0.93832695
2541,Pass,0,0.9999374,0.10114128,0,0.97118115
2542,Pass,0,0.99982053,0.9188823,0,0.71783674
2543,Pass,0,0.9999919,0.08484721,0,0.9762807
2544,Pass,0,0.9991679,0.29173765,0,0.91145015
2545,Pass,0,0.9999943,0.119196445,0,0.96564424
2546,Pass,0,0.9999337,0.14756687,0,0.95679927
2547,Pass,0,0.98917216,0.44146565,0,0.85645926
2548,Pass,0,0.9996884,0.10581967,0,0.9694907
2549,Pass,0,0.99994063,0.21109463,0,0.9371308
2550,Pass,0,0.9999988,0.09857982,0,0.97203416
2551,Pass,0,0.99998593,0.06392858,0,0.9827539
2552,Pass,0,0.9987795,0.07398889,0,0.9784561
2553,Pass,0,0.98954904,0.30519083,0,0.8985524
2554,Pass,0,0.996609,0.17579852,0,0.9449035
2555,Pass,0,0.99994993,0.15055035,0,0.9558908
2556,Pass,0,0.9999889,0.10749982,0,0.96926177
2557,Pass,0,0.9999976,0.0580405,0,0.9845891
2558,Pass,0,0.9999094,0.06380612,0,0.98271656
2559,Pass,0,0.9999999,0.0614646,0,0.98353076
2560,Pass,0,0.9983847,0.07604225,0,0.9774344
2561,Pass,0,0.9999963,0.089722164,0,0.97477514
2562,Pass,0,0.99999857,0.04948393,0,0.9872402
2563,Pass,0,0.9999826,0.06132133,0,0.9835581
2564,Pass,0,0.99993277,0.13951258,0,0.9592928
2565,Pass,0,0.99993515,0.23998044,0,0.9281795
2566,Pass,0,0.9999943,0.1453531,0,0.95754284
2567,Pass,0,0.9998683,0.039939776,0,0.99006724
2568,Pass,0,0.9997676,0.064934574,0,0.9822278
2569,Pass,0,0.9989686,0.15891464,0,0.9523647
2570,Pass,0,0.9998548,0.10229574,0,0.9707434
2571,Pass,0,0.9999436,0.19002703,0,0.9436584
2572,Pass,0,0.9996935,0.23927002,0,0.9281752
2573,Pass,0,0.9979849,0.29151893,0,0.91043854
2574,Pass,0,0.99931514,0.4421148,0,0.8650404
2575,Pass,0,0.99996674,0.033911746,0,0.9920317
2576,Pass,0,0.999688,0.11946468,0,0.96526545
2577,Pass,0,0.9999138,0.22134982,0,0.9339296
2578,Pass,0,0.9999368,0.108612224,0,0.96886677
2579,Pass,0,0.99999464,0.12112975,0,0.9650458
2580,Pass,0,0.9945834,0.37246013,0,0.8824016
2581,Pass,0,0.9994703,0.026256563,0,0.99390894
2582,Pass,0,0.99999106,0.09259331,0,0.97388077
2583,Pass,0,0.99998033,0.058729798,0,0.98435855
2584,Pass,0,0.9999982,0.055771314,0,0.98529243
2585,Pass,0,0.9999293,0.10324145,0,0.9705228
2586,Pass,0,0.99999857,0.100173555,0,0.9715403
2587,Pass,0,0.99984825,0.30797747,0,0.90704155
2588,Pass,0,0.99995804,0.052676078,0,0.98621154
2589,Pass,0,0.9999316,0.21532276,0,0.93581283
2590,Pass,0,0.9999924,0.17292792,0,0.9490005
2591,Pass,0,0.99987876,0.023064543,0,0.9953037
2592,Pass,0,0.99946815,0.432254,0,0.86822546
2593,Pass,0,0.9999523,0.08679721,0,0.97563815
2594,Pass,0,0.99996066,0.059105758,0,0.9842227
2595,Pass,0,0.99949145,0.23787431,0,0.92841965
2596,Pass,0,0.9999924,0.09287032,0,0.97379625
2597,Pass,0,0.9999454,0.19273672,0,0.94282085
2598,Pass,0,0.9995115,0.1492317,0,0.95587987
2599,Pass,0,0.9999877,0.04651126,0,0.9881502
2600,Pass,0,0.99990463,0.17583123,0,0.948018
2601,Pass,0,0.9999137,0.09179018,0,0.9740541
2602,Pass,0,0.9998958,0.10081301,0,0.9712424
2603,Pass,0,0.99999034,0.0710925,0,0.9805394
2604,Pass,0,0.76043624,0.8344,0,0.565865
2605,Pass,0,0.9995461,0.066124715,0,0.9816417
2606,Pass,0,0.9998018,0.4362584,0,0.86727524
2607,Pass,0,0.9999945,0.26248747,0,0.92126364
2608,Pass,0,0.9996935,0.23927002,0,0.9281752
2609,Pass,0,0.99999976,0.050022844,0,0.98707443
2610,Pass,0,0.99998534,0.032921374,0,0.9923569
2611,Pass,0,0.9945967,0.052445482,0,0.98099494
2612,Pass,0,0.99552083,0.24422039,0,0.9227746
2613,Pass,0,0.9999918,0.19847135,0,0.94108844
2614,Pass,0,0.99784315,0.24067809,0,0.92602205
2615,Pass,0,0.99812204,0.2995924,0,0.90806776
2616,Pass,0,0.99969983,0.11811663,0,0.96569425
2617,Pass,0,0.9982534,0.036494944,0,0.9895333
2618,Pass,0,0.9998982,0.1676213,0,0.9505545
2619,Pass,0,0.9999969,0.12067255,0,0.9651896
2620,Pass,0,0.99999976,0.050022844,0,0.98707443
2621,Pass,0,0.9999994,0.027215974,0,0.994138
2622,Pass,0,0.99999964,0.041914646,0,0.98958564
2623,Pass,0,0.9999645,0.058747686,0,0.9843374
2624,Pass,0,0.9998745,0.18522775,0,0.94507945
2625,Pass,0,0.9999999,0.03815726,0,0.99074966
2626,Pass,0,0.9999994,0.053727664,0,0.9859266
2627,Pass,0,0.99994767,0.098483,0,0.9720144
2628,Pass,0,0.9999988,0.07105836,0,0.9805582
2629,Pass,0,0.9999697,0.079188325,0,0.9780117
2630,Pass,0,0.99998665,0.08993959,0,0.9746984
2631,Pass,0,0.99976534,0.2421496,0,0.92735016
2632,Pass,0,0.99999964,0.08997622,0,0.9746997
2633,Pass,0,0.9999666,0.04600311,0,0.98828673
2634,Pass,0,0.999838,0.10834793,0,0.9688528
2635,Pass,0,0.9995327,0.23540638,0,0.929222
2636,Pass,0,0.9998758,0.053441852,0,0.98589325
2637,Pass,0,0.9999938,0.0782102,0,0.97833824
2638,Pass,0,0.9999709,0.068019345,0,0.98147213
2639,Pass,0,0.99995995,0.019944957,0,0.9963507
2640,Pass,0,0.98923475,0.45691347,0,0.8517803
2641,Pass,0,0.9995115,0.1492317,0,0.95587987
2642,Pass,0,0.99994576,0.26781523,0,0.91956866
2643,Pass,0,0.9987626,0.042042118,0,0.9883221
2644,Pass,0,0.99999154,0.11629422,0,0.9665405
2645,Pass,0,0.99999833,0.058910962,0,0.9843201
2646,Pass,0,0.998754,0.05868408,0,0.9831655
2647,Pass,0,0.99997425,0.02922351,0,0.99349123
2648,Pass,0,0.99995995,0.19506678,0,0.942113
2649,Pass,0,0.99998903,0.14259201,0,0.95839304
2650,Pass,0,0.99984074,0.07837236,0,0.97813827
2651,Pass,0,0.996594,0.5185965,0,0.8390772
2652,Pass,0,0.9999069,0.16257262,0,0.9521264
2653,Pass,0,0.99993277,0.13951258,0,0.9592928
2654,Pass,0,0.99999964,0.05607069,0,0.9852011
2655,Pass,0,0.99982446,0.06862118,0,0.98114204
2656,Pass,0,0.86188483,0.5503573,0,0.71718097
2657,Pass,0,0.9999815,0.03028963,0,0.99316823
2658,Pass,0,0.99999106,0.07123063,0,0.9804973
2659,Pass,0,0.9995396,0.23664615,0,0.9288446
2660,Pass,0,0.999967,0.17952795,0,0.9469322
2661,Pass,0,0.9999918,0.06548963,0,0.9822761
2662,Pass,0,0.99998283,0.07323414,0,0.9798687
2663,Pass,0,0.99997246,0.06384365,0,0.9827669
2664,Pass,0,0.9828346,0.47485754,0,0.84080714
2665,Pass,0,0.99978787,0.14481692,0,0.95751125
2666,Pass,0,0.99987805,0.03812009,0,0.99064046
2667,Pass,0,0.99996626,0.20383793,0,0.93940234
2668,Pass,0,0.99969983,0.11811663,0,0.96569425
2669,Pass,0,0.99913687,0.30925375,0,0.90600127
2670,Pass,0,0.99981874,0.19507371,0,0.9419778
2671,Pass,0,0.99995446,0.29666314,0,0.9106421
2672,Pass,0,0.99999976,0.060888927,0,0.9837089
2673,Pass,0,0.999551,0.14204256,0,0.9581433
2674,Pass,0,0.99965036,0.11830366,0,0.96558857
2675,Pass,0,0.9996105,0.24892075,0,0.92511016
2676,Pass,0,0.99993944,0.11232513,0,0.9677194
2677,Pass,0,0.99999464,0.18905587,0,0.94400734
2678,Pass,0,0.99883014,0.32360837,0,0.9012823
2679,Pass,0,0.99979705,0.079553045,0,0.9777299
2680,Pass,0,0.99967885,0.21619762,0,0.9353054
2681,Pass,0,0.9999995,0.09016156,0,0.97464216
2682,Pass,0,0.9999945,0.107685655,0,0.9692097
2683,Pass,0,0.99981886,0.04423648,0,0.98868775
2684,Pass,0,0.9527408,0.2230922,0,0.8893554
2685,Pass,0,0.9983773,0.048145074,0,0.98605365
2686,Pass,0,0.99999774,0.17808168,0,0.9474093
2687,Pass,0,0.9999399,0.1288324,0,0.96260744
2688,Pass,0,0.99982244,0.24105616,0,0.92774177
2689,Pass,0,0.99974173,0.07394313,0,0.9794129
2690,Pass,0,0.99995565,0.11149852,0,0.9679911
2691,Pass,0,0.9999981,0.09255837,0,0.9738985
2692,Pass,0,0.9999505,0.036430325,0,0.9912356
2693,Pass,0,0.9999826,0.23540942,0,0.92963934
2694,Pass,0,0.9999547,0.08549699,0,0.97604316
2695,Pass,0,0.999482,0.2683524,0,0.9189759
2696,Pass,0,0.999964,0.021826472,0,0.99577206
2697,Pass,0,0.99923813,0.16147804,0,0.95182824
2698,Pass,0,0.9999831,0.21100801,0,0.9371974
2699,Pass,0,0.83209336,1.8812243,0,0.34939805
2700,Pass,0,0.99999917,0.037541464,0,0.9909397
2701,Pass,0,0.999964,0.021826472,0,0.99577206
2702,Pass,0,0.9999999,0.061991464,0,0.98336756
2703,Pass,0,0.9997551,0.03670628,0,0.9909564
2704,Pass,0,0.9976109,0.114843585,0,0.96468776
2705,Pass,0,0.9999505,0.24474995,0,0.9267166
2706,Pass,0,0.99999654,0.13208589,0,0.96165425
2707,Pass,0,0.9999963,0.18286858,0,0.9459253
2708,Pass,0,0.99972993,0.061310865,0,0.98331285
2709,Pass,0,0.99999785,0.1111972,0,0.9681253
2710,Pass,0,0.99995935,0.10876035,0,0.9688427
2711,Pass,0,0.99999475,0.06857027,0,0.9813249
2712,Pass,0,0.99533147,0.37575147,0,0.8820506
2713,Pass,0,0.99999917,0.16051021,0,0.952853
2714,Pass,0,0.9999101,0.054523602,0,0.9855921
2715,Pass,0,0.9999932,0.08224843,0,0.97708696
2716,Pass,0,0.9999956,0.1987387,0,0.9410092
2717,Pass,0,0.9999933,0.15488979,0,0.9545882
2718,Pass,0,0.9997906,0.15592644,0,0.9540737
2719,Pass,0,0.9999907,0.25295618,0,0.9242122
2720,Pass,0,0.9999449,0.14943239,0,0.9562322
2721,Pass,0,0.99910647,0.21450421,0,0.9352939
2722,Pass,0,0.99999976,0.038662706,0,0.99059296
2723,Pass,0,0.9999999,0.060278516,0,0.9838981
2724,Pass,0,0.9998808,0.26143876,0,0.92148364
2725,Pass,0,1.0,0.08456428,0,0.9763763
2726,Pass,0,0.9999422,0.115413435,0,0.9667655
2727,Pass,0,0.9999981,0.10468794,0,0.9701416
2728,Pass,0,0.9999038,0.15751137,0,0.9536909
2729,Pass,0,0.99929774,0.108683236,0,0.96822554
2730,Pass,0,0.9780295,0.5574268,0,0.8116843
2731,Pass,0,0.99966466,0.16832802,0,0.9501137
2732,Pass,0,0.9999548,0.07728755,0,0.97858584
2733,Pass,0,0.9999987,0.09917246,0,0.97185045
2734,Pass,0,0.99987733,0.15783368,0,0.9535658
2735,Pass,0,0.9946408,0.3353695,0,0.89387894
2736,Pass,0,0.9999571,0.07224583,0,0.98014957
2737,Pass,0,0.999966,0.13942342,0,0.9593523
2738,Pass,0,0.9999496,0.011073238,0,0.99908805
2739,Pass,0,0.99929774,0.108683236,0,0.96822554
2740,Pass,0,0.95211035,0.54356813,0,0.7942604
2741,Pass,0,0.99997425,0.013415515,0,0.9983873
2742,Pass,0,0.9940479,0.43748778,0,0.8619055
2743,Pass,0,0.99986875,0.25445285,0,0.92363596
2744,Pass,0,0.99853945,0.39171103,0,0.87995756
2745,Pass,0,0.9998542,0.12501794,0,0.96370614
2746,Pass,0,0.99999785,0.11698712,0,0.96633196
2747,Pass,0,0.9998323,0.16122662,0,0.9524721
2748,Pass,0,0.9999702,0.18580383,0,0.94499147
2749,Pass,0,0.9999068,0.1279409,0,0.9628516
2750,Pass,0,0.9810845,0.16021495,0,0.93491983
2751,Pass,0,0.9999758,0.2077712,0,0.9381931
2752,Pass,0,0.999959,0.019671239,0,0.9964345
2753,Pass,0,0.999954,0.29727846,0,0.91045105
2754,Pass,0,0.99999166,0.08438941,0,0.97642225
2755,Pass,0,0.9999747,0.01217815,0,0.998771
2756,Pass,0,0.9999825,0.28179124,0,0.9152737
2757,Pass,0,0.99999154,0.09093938,0,0.9743935
2758,Pass,0,0.9999881,0.13978696,0,0.9592609
2759,Pass,0,0.9995567,0.10024209,0,0.9710898
2760,Pass,0,0.99999905,0.0868538,0,0.97566617
2761,Pass,0,0.9999989,0.058687456,0,0.98438996
2762,Pass,0,0.9974776,0.25309998,0,0.9218451
2763,Pass,0,0.99999416,0.09633083,0,0.97272617
2764,Pass,0,0.99998736,0.11164324,0,0.967977
2765,Pass,0,0.9281788,0.6383438,0,0.74705017
2766,Pass,0,0.9999993,0.12787828,0,0.96296006
2767,Pass,0,0.999992,0.19478258,0,0.9422312
2768,Pass,0,0.9996537,0.29100758,0,0.91211927
2769,Pass,0,0.9995285,0.32391205,0,0.90181845
2770,Pass,0,0.9997867,0.15042622,0,0.9557732
2771,Pass,0,0.99647176,0.25866476,0,0.91919804
2772,Pass,0,0.9999151,0.09000189,0,0.9746094
2773,Pass,0,0.9993406,0.10227056,0,0.970252
2774,Pass,0,0.88790476,0.9505083,0,0.6287877
2775,Pass,0,0.8842457,0.4409002,0,0.76576513
2776,Pass,0,0.99994135,0.120343894,0,0.96523774
2777,Pass,0,0.99554104,0.44186258,0,0.8618512
2778,Pass,0,0.9989048,0.050245266,0,0.98592484
2779,Pass,0,0.999987,0.124261074,0,0.9640686
2780,Pass,0,0.99992085,0.013026508,0,0.9984544
2781,Pass,0,0.99987376,0.13368134,0,0.96104205
2782,Pass,0,0.99964297,0.120959304,0,0.9647592
2783,Pass,0,0.99608046,0.4660512,0,0.85485566
2784,Pass,0,0.9995396,0.23664615,0,0.9288446
2785,Pass,0,0.9999913,0.0551623,0,0.9854743
2786,Pass,0,0.9999443,0.17927301,0,0.9469897
2787,Pass,0,0.999959,0.019671239,0,0.9964345
2788,Pass,0,0.997329,0.09505976,0,0.9705263
2789,Pass,0,0.9999813,0.08793774,0,0.9753132
2790,Pass,0,0.99988854,0.21688381,0,0.9352891
2791,Pass,0,0.9999614,0.07389219,0,0.9796439
2792,Pass,0,0.9644622,0.40481302,0,0.84601337
2793,Pass,0,0.9999802,0.26978567,0,0.9189901
2794,Pass,0,0.9989091,0.16554393,0,0.95025694
2795,Pass,0,0.9999981,0.081275575,0,0.97739303
2796,Pass,0,0.99999845,0.049992666,0,0.9870825
2797,Pass,0,0.9944969,0.41529047,0,0.8691321
2798,Pass,0,0.99990106,0.3645622,0,0.88956535
2799,Pass,0,0.99991095,0.20879515,0,0.9378151
2800,Pass,0,0.9997383,0.06365439,0,0.9825954
2801,Pass,0,0.9994758,0.21654329,0,0.9350084
2802,Pass,0,0.99961674,0.31742263,0,0.90390724
2803,Pass,0,0.99976593,0.18497121,0,0.9450563
2804,Pass,0,0.99998665,0.08993959,0,0.9746984
2805,Pass,0,0.9998011,0.08694346,0,0.97544533
2806,Pass,0,0.9999753,0.19488095,0,0.942185
2807,Pass,0,0.999967,0.14978933,0,0.9561427
2808,Pass,0,0.99999595,0.064920686,0,0.98245645
2809,Pass,0,0.99996245,0.15951249,0,0.953127
2810,Pass,0,0.9997036,0.23098004,0,0.93075144
2811,Pass,0,0.9998466,0.098007716,0,0.97206336
2812,Pass,0,0.99864703,0.043729417,0,0.9876858
2813,Pass,0,0.9999988,0.17096008,0,0.949616
2814,Pass,0,0.9999831,0.21100801,0,0.9371974
2815,Pass,0,0.999084,0.12420277,0,0.96321607
2816,Pass,0,0.9999176,0.1451499,0,0.9575324
2817,Pass,0,0.9644622,0.40481302,0,0.84601337
2818,Pass,0,0.9878065,0.09029885,0,0.96271634
2819,Pass,0,0.9999993,0.12787828,0,0.96296006
2820,Pass,0,0.99914014,0.33500403,0,0.8980355
2821,Pass,0,0.99969983,0.11811663,0,0.96569425
2822,Pass,0,0.9951963,0.07638808,0,0.97420627
2823,Pass,0,0.8555775,0.81185937,0,0.64263576
2824,Pass,0,0.99833727,0.40020078,0,0.8771543
2825,Pass,0,0.9998982,0.1676213,0,0.9505545
2826,Pass,0,0.999879,0.060486343,0,0.9837148
2827,Pass,0,0.9999993,0.12846872,0,0.9627772
2828,Pass,0,0.99999833,0.030479377,0,0.99312615
2829,Pass,0,0.9999951,0.0910138,0,0.97437394
2830,Pass,0,0.9943262,0.2383301,0,0.9234813
2831,Pass,0,0.99999845,0.14152879,0,0.95873135
2832,Pass,0,0.99999344,0.094486624,0,0.9732967
2833,Pass,0,0.99979514,0.032120742,0,0.9924161
2834,Pass,0,0.9988018,0.057133168,0,0.98369235
2835,Pass,0,0.99142355,0.36761943,0,0.88108456
2836,Pass,0,0.9999981,0.2323004,0,0.9306166
2837,Pass,0,0.9989944,0.22159818,0,0.93299407
2838,Pass,0,0.99973875,0.038519867,0,0.9903787
2839,Pass,0,0.999974,0.3937849,0,0.8805795
2840,Pass,0,0.9997981,0.085800156,0,0.97579646
2841,Pass,0,0.99952877,0.18828578,0,0.943806
2842,Pass,0,0.99999416,0.079503536,0,0.977938
2843,Pass,0,0.9999993,0.12787828,0,0.96296006
2844,Pass,0,0.9998996,0.14402963,0,0.95786214
2845,Pass,0,0.9999207,0.28640524,0,0.91378826
2846,Pass,0,0.999997,0.08382318,0,0.9766029
2847,Pass,0,0.9998876,0.080031276,0,0.9776704
2848,Pass,0,0.9999825,0.1649985,0,0.95144695
2849,Pass,0,0.9987379,0.12882681,0,0.961452
2850,Pass,0,0.99992263,0.013635157,0,0.9982677
2851,Pass,0,0.99996996,0.04153876,0,0.9896727
2852,Pass,0,0.9999938,0.07495535,0,0.97934633
2853,Pass,0,0.99976665,0.04337019,0,0.9889044
2854,Pass,0,0.99929297,0.18521684,0,0.94453317
2855,Pass,0,0.9999794,0.071279,0,0.9804709
2856,Pass,0,0.9999994,0.069649234,0,0.9809953
2857,Pass,0,0.9995672,0.21020375,0,0.9370566
2858,Pass,0,0.9281788,0.6383438,0,0.74705017
2859,Pass,0,0.9929229,0.2548802,0,0.91708827
2860,Pass,0,0.99975306,0.0807014,0,0.9773313
2861,Pass,0,0.9973742,0.30777404,0,0.90485996
2862,Pass,0,0.9960408,0.4409367,0,0.8625695
2863,Pass,0,0.9999583,0.05559202,0,0.98530865
2864,Pass,0,0.9999982,0.08490187,0,0.97626996
2865,Pass,0,0.9999633,0.019625818,0,0.99645287
2866,Pass,0,0.9988586,0.32510552,0,0.90084475
2867,Pass,0,0.9999945,0.110145256,0,0.96844786
2868,Pass,0,0.9994778,0.06845111,0,0.98085445
2869,Pass,0,0.99219733,0.41234848,0,0.86802655
2870,Pass,0,0.99997497,0.09817288,0,0.97213703
2871,Pass,0,0.9992999,0.061585627,0,0.98280483
2872,Pass,0,0.99948645,0.09919537,0,0.97134554
2873,Pass,0,0.9993507,0.13621998,0,0.9597536
2874,Pass,0,0.9999801,0.18197678,0,0.9461862
2875,Pass,0,0.99998426,0.18356852,0,0.9456971
2876,Pass,0,0.99987495,0.09240461,0,0.9738261
2877,Pass,0,0.9999919,0.08484721,0,0.9762807
2878,Pass,0,0.99965763,0.11806842,0,0.9656684
2879,Pass,0,0.99999833,0.054001417,0,0.98584074
2880,Pass,0,0.99994326,0.17118168,0,0.94949466
2881,Pass,0,0.9990508,0.34790054,0,0.8939646
2882,Pass,0,0.9999391,0.14750043,0,0.95682496
2883,Pass,0,0.99996614,0.18526435,0,0.9451547
2884,Pass,0,0.99971765,0.14577554,0,0.9571472
2885,Pass,0,0.9754052,0.3612171,0,0.8687832
2886,Pass,0,0.96428716,0.20887591,0,0.9043795
2887,Pass,0,0.997482,0.26197734,0,0.9191065
2888,Pass,0,0.9983576,0.36634853,0,0.8876399
2889,Pass,0,0.9990853,0.20139772,0,0.93932986
2890,Pass,0,0.42233965,0.9052798,0,0.3050047
2891,Pass,0,0.9999527,0.10926096,0,0.9686812
2892,Pass,0,0.9452632,0.5662129,0,0.7819187
2893,Pass,0,0.9999243,0.24208172,0,0.92751867
2894,Pass,0,0.99898,0.07452269,0,0.9784873
2895,Pass,0,0.9998018,0.4362584,0,0.86727524
2896,Pass,0,0.9995964,0.24226862,0,0.9271567
2897,Pass,0,0.8998096,0.5615777,0,0.7456114
2898,Pass,0,0.9999852,0.043872587,0,0.988965
2899,Pass,0,0.99997914,0.1357473,0,0.9605035
2900,Pass,0,0.99948597,0.2113294,0,0.936632
2901,Pass,0,0.9999167,0.26943508,0,0.91904026
2902,Pass,0,0.99995697,0.024477668,0,0.9949439
2903,Pass,0,0.9996935,0.23927002,0,0.9281752
2904,Pass,0,0.999838,0.14206459,0,0.95841163
2905,Pass,0,0.9998795,0.1944806,0,0.9422187
2906,Pass,0,0.9993432,0.3981611,0,0.87866944
2907,Pass,0,0.9990101,0.31398487,0,0.90442234
2908,Pass,0,0.9998436,0.06963989,0,0.98084533
2909,Pass,0,0.99999964,0.061954305,0,0.9833788
2910,Pass,0,0.9996226,0.08998893,0,0.9743282
2911,Pass,0,0.99999976,0.079224475,0,0.9780299
2912,Pass,0,0.9999734,0.054668963,0,0.9856094
2913,Pass,0,0.99969435,0.16777451,0,0.95031327
2914,Pass,0,0.9996151,0.11480466,0,0.9666378
2915,Pass,0,0.9999987,0.083839096,0,0.97659963
2916,Pass,0,0.9999988,0.0822974,0,0.9770772
2917,Pass,0,0.99999404,0.086073495,0,0.975903
2918,Pass,0,0.9999889,0.07822504,0,0.9783289
2919,Pass,0,0.9868341,0.046111878,0,0.9752743
2920,Pass,0,0.9891698,0.1599231,0,0.942714
2921,Pass,0,0.999572,0.1791365,0,0.94667935
2922,Pass,0,0.99816704,0.27700815,0,0.9150908
2923,Pass,0,0.9996996,0.15253173,0,0.95503795
2924,Pass,0,0.99999857,0.056603514,0,0.98503506
2925,Pass,0,0.99999857,0.06762108,0,0.98162264
2926,Pass,0,0.9999467,0.05615364,0,0.9851233
2927,Pass,0,0.99995697,0.028873257,0,0.99358255
2928,Pass,0,0.99938536,0.16922483,0,0.94957066
2929,Pass,0,0.99988186,0.08228406,0,0.97696704
2930,Pass,0,0.9999988,0.079888545,0,0.97782326
2931,Pass,0,0.99948126,0.21082132,0,0.93678486
2932,Pass,0,0.9999064,0.03826691,0,0.9906231
2933,Pass,0,0.9993832,0.044508908,0,0.98817265
2934,Pass,0,0.99999833,0.037840936,0,0.9908461
2935,Pass,0,0.9999957,0.07250596,0,0.98010683
2936,Pass,0,0.99951446,0.06989744,0,0.9804427
2937,Pass,0,0.99995387,0.023206508,0,0.9953345
2938,Pass,0,0.9995888,0.20940469,0,0.9373243
2939,Pass,0,1.0,0.11221641,0,0.96781164
2940,Pass,0,0.9999827,0.05990844,0,0.98399585
2941,Pass,0,0.9979627,0.19123597,0,0.94141537
2942,Pass,0,0.9999316,0.21532276,0,0.93581283
2943,Pass,0,0.9999826,0.10716038,0,0.96936077
2944,Pass,0,0.99985075,0.2029115,0,0.93958074
2945,Pass,0,0.9999981,0.0557852,0,0.985288
2946,Pass,0,0.9999645,0.058747686,0,0.9843374
2947,Pass,0,0.9999993,0.10761421,0,0.9692364
2948,Pass,0,0.9998642,0.11665401,0,0.966306
2949,Pass,0,0.99990535,0.20847549,0,0.9379088
2950,Pass,0,0.99999976,0.084060654,0,0.97653204
2951,Pass,0,0.9999337,0.14756687,0,0.95679927
2952,Pass,0,0.9999552,0.14326717,0,0.95815146
2953,Pass,0,0.999998,0.060833458,0,0.98372436
2954,Pass,0,0.99996877,0.21583952,0,0.9356876
2955,Pass,0,0.99969876,0.18506078,0,0.94496506
2956,Pass,0,0.99955696,0.17995486,0,0.9464117
2957,Pass,0,0.9998938,0.100144,0,0.97144765
2958,Pass,0,0.99999964,0.08827979,0,0.97522515
2959,Pass,0,0.9999895,0.15343663,0,0.9550347
2960,Pass,0,0.9927676,0.238052,0,0.92211926
2961,Pass,0,0.99996424,0.07737575,0,0.9785678
2962,Pass,0,0.9999367,0.09406999,0,0.9733705
2963,Pass,0,0.9990866,0.26220083,0,0.9205159
2964,Pass,0,0.99994946,0.11946226,0,0.9655186
2965,Pass,0,0.99998033,0.058729798,0,0.98435855
2966,Pass,0,0.9998759,0.13541168,0,0.9605083
2967,Pass,0,0.9997054,0.3642732,0,0.88948077
2968,Pass,0,0.99965036,0.11830366,0,0.96558857
2969,Pass,0,0.9983773,0.048145074,0,0.98605365
2970,Pass,0,0.99999964,0.15546606,0,0.95441574
2971,Pass,0,0.99999714,0.06577799,0,0.9821921
2972,Pass,0,0.9999168,0.068394236,0,0.9813029
2973,Pass,0,0.9999654,0.17335951,0,0.9488412
2974,Pass,0,0.9999869,0.23795281,0,0.92885554
2975,Pass,0,0.9999949,0.11755753,0,0.9661524
2976,Pass,0,0.9994678,0.02401851,0,0.9945993
2977,Pass,0,0.9817068,0.34502104,0,0.8793205
2978,Pass,0,0.9996209,0.078937456,0,0.9777483
2979,Pass,0,0.99999654,0.08360222,0,0.97667086
2980,Pass,0,0.99976426,0.28163692,0,0.9151218
2981,Pass,0,0.9999999,0.15729177,0,0.9538505
2982,Pass,0,0.9998093,0.06886784,0,0.9810508
2983,Pass,0,0.9999871,0.09320616,0,0.9736871
2984,Pass,0,0.9999889,0.13387446,0,0.9610929
2985,Pass,0,0.99817395,0.055427518,0,0.98360133
2986,Pass,0,0.99858165,0.21899791,0,0.9334128
2987,Pass,0,0.99983263,0.4421828,0,0.8654673
2988,Pass,0,0.99999046,0.07006309,0,0.9808583
2989,Pass,0,0.9998982,0.23115194,0,0.93087935
2990,Pass,0,0.9999981,0.0557852,0,0.985288
2991,Pass,0,0.9993574,0.23443681,0,0.92935914
2992,Pass,0,0.99797815,0.8739708,0,0.73039615
2993,Pass,0,0.9998963,0.13805912,0,0.959708
2994,Pass,0,0.99999046,0.13089082,0,0.96201855
2995,Pass,0,0.9999974,0.07097771,0,0.9805818
2996,Pass,0,0.9999728,0.11440456,0,0.96710765
2997,Pass,0,0.93593013,0.46200645,0,0.804406
2998,Pass,0,0.9999976,0.120130904,0,0.965358
2999,Pass,0,0.9998547,0.037843067,0,0.9907031
3000,Pass,0,0.999567,0.27762353,0,0.9161837
3001,Pass,0,0.9999707,0.16558571,0,0.9512539
3002,Pass,0,0.9999759,0.13629097,0,0.96033204
3003,Pass,0,0.9887636,0.63679117,0,0.79628766
3004,Pass,0,0.99975306,0.0807014,0,0.9773313
3005,Pass,0,0.99997723,0.14281957,0,0.95831126
3006,Pass,0,0.99910647,0.21450421,0,0.9352939
3007,Pass,0,0.9957272,0.16839564,0,0.9463505
3008,Pass,0,0.999977,0.0743387,0,0.97952086
3009,Pass,0,0.99998367,0.055818547,0,0.9852635
3010,Pass,0,0.9999144,0.0849878,0,0.97616154
3011,Pass,0,0.827755,0.7793671,0,0.6300682
3012,Pass,0,0.99981683,0.08321213,0,0.97661614
3013,Pass,0,0.99995804,0.052676078,0,0.98621154
3014,Pass,0,0.9999808,0.013269496,0,0.998439
3015,Pass,0,0.9999919,0.07032881,0,0.98077744
3016,Pass,0,0.9998184,0.056157444,0,0.9849957
3017,Pass,0,0.99963117,0.121590644,0,0.96455234
3018,Pass,0,0.9999554,0.13408163,0,0.96099657
3019,Pass,0,0.99683964,0.28122008,0,0.91257346
3020,Pass,0,0.9996105,0.24892075,0,0.92511016
3021,Pass,0,0.9999572,0.022946028,0,0.9954185
3022,Pass,0,0.99984133,0.09799671,0,0.97206163
3023,Pass,0,0.9984351,0.28232434,0,0.91369253
3024,Pass,0,0.99999964,0.08230791,0,0.9770748
3025,Pass,0,0.9999939,0.045157716,0,0.9885755
3026,Pass,0,0.99625224,0.3537675,0,0.88965005
3027,Pass,0,0.99995804,0.36704773,0,0.8888463
3028,Pass,0,0.9998679,0.081665285,0,0.9771451
3029,Pass,0,0.99425656,0.08226026,0,0.97147804
3030,Pass,0,0.9999987,0.12028546,0,0.9653112
3031,Pass,0,0.9999629,0.21186927,0,0.93691176
3032,Pass,0,0.9999981,0.10292132,0,0.97068876
3033,Pass,0,0.999374,0.04786515,0,0.9871246
3034,Pass,0,0.999471,0.20383,0,0.9389396
3035,Pass,0,0.9993075,0.31189805,0,0.9053375
3036,Pass,0,0.99999964,0.07584896,0,0.9790753
3037,Pass,0,0.99874216,0.36018535,0,0.8898883
3038,Pass,0,0.9884015,0.3028595,0,0.89822406
3039,Pass,0,0.99994254,0.008291509,0,0.99994254
3040,Pass,0,0.9995654,0.0933993,0,0.9732167
3041,Pass,0,0.99999976,0.057437442,0,0.9847779
3042,Pass,0,0.9922376,0.07554001,0,0.9715707
3043,Pass,0,0.9999999,0.05744326,0,0.98477626
3044,Pass,0,0.999987,0.11729902,0,0.96622485
3045,Pass,0,0.9988681,0.29939923,0,0.90880626
3046,Pass,0,0.99996305,0.13472162,0,0.96080565
3047,Pass,0,0.99999845,0.114919215,0,0.96697307
3048,Pass,0,0.9999505,0.092939354,0,0.97373414
3049,Pass,0,0.9999987,0.046183053,0,0.98826265
3050,Pass,0,0.9998963,0.13805912,0,0.959708
3051,Pass,0,0.99999595,0.110158704,0,0.96844506
3052,Pass,0,0.9998202,0.05922686,0,0.984047
3053,Pass,0,0.99999213,0.09115096,0,0.9743285
3054,Pass,0,0.99999344,0.041301575,0,0.9897694
3055,Pass,0,0.9999405,0.15926117,0,0.95318395
3056,Pass,0,0.7324417,0.6896748,0,0.57786524
3057,Pass,0,0.99932945,0.49739733,0,0.8479418
3058,Pass,0,0.9999964,0.07518808,0,0.97927684
3059,Pass,0,0.9999995,0.103189856,0,0.970607
3060,Pass,0,0.9999993,0.053132687,0,0.98611075
3061,Pass,0,0.9999951,0.0867256,0,0.9757021
3062,Pass,0,0.99998724,0.12801245,0,0.96290696
3063,Pass,0,0.9999877,0.027269237,0,0.99410987
3064,Pass,0,0.99987495,0.09240461,0,0.9738261
3065,Pass,0,0.99991035,0.037700363,0,0.99080247
3066,Pass,0,0.99994934,0.117790036,0,0.96603644
3067,Pass,0,0.9999999,0.10434612,0,0.9702492
3068,Pass,0,0.99999833,0.042989414,0,0.98925143
3069,Pass,0,0.99998724,0.067003444,0,0.9818028
3070,Pass,0,0.9999759,0.21338212,0,0.93645537
3071,Pass,0,0.99984705,0.28112486,0,0.91535616
3072,Pass,0,0.99964297,0.120959304,0,0.9647592
3073,Pass,0,0.99729496,0.29163393,0,0.9097736
3074,Pass,0,0.9996326,0.2064973,0,0.93826544
3075,Pass,0,0.99994683,0.035481907,0,0.9915257
3076,Pass,0,0.9801354,0.19778791,0,0.92260915
3077,Pass,0,0.99989927,0.04959715,0,0.9871071
3078,Pass,0,0.9993345,0.056657784,0,0.98436415
3079,Pass,0,0.99843615,0.08183336,0,0.9756939
3080,Pass,0,0.99999964,0.0532342,0,0.9860797
3081,Pass,0,0.9999305,0.033967935,0,0.99197835
3082,Pass,0,0.99999595,0.113125056,0,0.9675263
3083,Pass,0,0.99977416,0.13531776,0,0.9604396
3084,Pass,0,0.9998518,0.3488227,0,0.89439577
3085,Pass,0,0.99999654,0.085912175,0,0.9759554
3086,Pass,0,0.9897625,0.1821008,0,0.93648016
3087,Pass,0,0.9999738,0.13060705,0,0.9620904
3088,Pass,0,0.825919,1.3091854,0,0.49313822
3089,Pass,0,0.9999993,0.10858562,0,0.9689355
3090,Pass,0,0.9998801,0.05865499,0,0.98428303
3091,Pass,0,0.9999969,0.060185235,0,0.9839241
3092,Pass,0,0.99999917,0.080112614,0,0.97775424
3093,Pass,0,0.99954504,0.19347817,0,0.9422139
3094,Pass,0,0.9996964,0.1417146,0,0.9583842
3095,Pass,0,0.9999908,0.10268622,0,0.97075456
3096,Pass,0,0.9997607,0.22107053,0,0.9338731
3097,Pass,0,0.99999046,0.07006309,0,0.9808583
3098,Pass,0,0.99951446,0.06989744,0,0.9804427
3099,Pass,0,0.99991405,0.05306333,0,0.9860482
3100,Pass,0,0.99999094,0.09154734,0,0.9742046
3101,Pass,0,0.9999887,0.08932061,0,0.9748921
3102,Pass,0,0.99582493,0.50217766,0,0.84349376
3103,Pass,0,0.9999976,0.070288174,0,0.9807956
3104,Pass,0,0.99373513,0.33477032,0,0.89324933
3105,Pass,0,0.9998951,0.05653586,0,0.98495406
3106,Pass,0,0.9960498,0.09033172,0,0.97074014
3107,Pass,0,0.9999788,0.14481884,0,0.9576935
3108,Pass,0,0.5054808,0.44274253,0,0.43746272
3109,Pass,0,0.99974924,0.22056578,0,0.93401873
3110,Pass,0,0.9994553,0.13631618,0,0.95982414
3111,Pass,0,0.99999964,0.07584896,0,0.9790753
3112,Pass,0,0.99779737,0.30554304,0,0.9059334
3113,Pass,0,0.99999046,0.07006309,0,0.9808583
3114,Pass,0,0.98585063,0.27760538,0,0.90361714
3115,Pass,0,0.9999932,0.2614787,0,0.9215749
3116,Pass,0,0.9999999,0.06523202,0,0.9823639
3117,Pass,0,0.9998223,0.1990547,0,0.94074833
3118,Pass,0,0.9999994,0.11102625,0,0.9681797
3119,Pass,0,0.99933976,0.076289244,0,0.97829294
3120,Pass,0,0.9999939,0.045157716,0,0.9885755
3121,Pass,0,0.999634,0.04344358,0,0.98875046
3122,Pass,0,0.9999821,0.19610478,0,0.94181234
3123,Pass,0,0.99999917,0.16408333,0,0.9517463
3124,Pass,0,0.9999919,0.07358611,0,0.9797686
3125,Pass,0,0.9801354,0.19778791,0,0.92260915
3126,Pass,0,0.99997437,0.048594963,0,0.9874916
3127,Pass,0,0.99999094,0.30999956,0,0.9065447
3128,Pass,0,0.99999523,0.06423155,0,0.9826692
3129,Pass,0,0.9396176,0.27136368,0,0.8630571
3130,Pass,0,0.9999994,0.061009448,0,0.98367125
3131,Pass,0,0.99997175,0.097421385,0,0.97236663
3132,Pass,0,0.9993808,0.14143911,0,0.95816696
3133,Pass,0,0.9995622,0.120222785,0,0.96490926
3134,Pass,0,0.9986406,0.19253947,0,0.94165164
3135,Pass,0,0.9994173,0.024588982,0,0.9943725
3136,Pass,0,0.99998784,0.09533903,0,0.9730272
3137,Pass,0,0.99799085,0.15954866,0,0.95123655
3138,Pass,0,0.99999964,0.12079239,0,0.9651551
3139,Pass,0,0.99992836,0.08255614,0,0.9769283
3140,Pass,0,0.99999976,0.08571955,0,0.9760182
3141,Pass,0,0.99990594,0.037295725,0,0.9909234
3142,Pass,0,0.9999453,0.050649922,0,0.9868265
3143,Pass,0,0.999869,0.1981038,0,0.9410867
3144,Pass,0,0.9999471,0.26347992,0,0.92091256
3145,Pass,0,0.8924481,0.4061879,0,0.7824635
3146,Pass,0,0.9977843,0.16061255,0,0.95071095
3147,Pass,0,0.99997497,0.22431399,0,0.9330687
3148,Pass,0,0.52242976,0.40588608,0,0.45809478
3149,Pass,0,0.998899,0.28983197,0,0.91179436
3150,Pass,0,0.99997246,0.14287056,0,0.9582909
3151,Pass,0,0.9993955,0.19129945,0,0.9427473
3152,Pass,0,0.9999995,0.15886287,0,0.95336354
3153,Pass,0,0.99943763,0.025783991,0,0.9940228
3154,Pass,0,0.99869436,0.036062915,0,0.990104
3155,Pass,0,0.9999826,0.023666577,0,0.9952206
3156,Pass,0,0.99992526,0.0168859,0,0.9972635
3157,Pass,0,0.999979,0.24201204,0,0.92759097
3158,Pass,0,0.99992335,0.14240402,0,0.95838827
3159,Pass,0,0.9999993,0.09884653,0,0.97195196
3160,Pass,0,0.99942684,0.26103088,0,0.9211916
3161,Pass,0,0.9988586,0.32510552,0,0.90084475
3162,Pass,0,0.9998307,0.064511456,0,0.9824208
3163,Pass,0,0.99937785,0.3018845,0,0.9085008
3164,Pass,0,0.99975234,0.12222971,0,0.9644714
3165,Pass,0,0.99949145,0.23787431,0,0.92841965
3166,Pass,0,0.9997383,0.06365439,0,0.9825954
3167,Pass,0,0.9993505,0.2556298,0,0.922793
3168,Pass,0,0.99318683,0.26058683,0,0.9155766
3169,Pass,0,0.9968874,0.14919384,0,0.953382
3170,Pass,0,0.995158,0.6113045,0,0.809293
3171,Pass,0,0.9979367,0.2530673,0,0.9222795
3172,Pass,0,0.9999862,0.13072942,0,0.9620644
3173,Pass,0,0.9941275,0.20913403,0,0.9322865
3174,Pass,0,0.9999291,0.058457848,0,0.9843923
3175,Pass,0,0.9999809,0.18708347,0,0.94460535
3176,Pass,0,0.9999893,0.18013069,0,0.9467667
3177,Pass,0,0.98938096,0.28114182,0,0.9057693
3178,Pass,0,0.99887794,0.30189642,0,0.90804267
3179,Pass,0,1.0,0.04689602,0,0.9880431
3180,Pass,0,0.9999312,0.12208555,0,0.9646886
3181,Pass,0,0.99998903,0.08347097,0,0.9767042
3182,Pass,0,0.99993277,0.17418694,0,0.948554
3183,Pass,0,0.9997867,0.15042622,0,0.9557732
3184,Pass,0,0.9999447,0.07212806,0,0.9801739
3185,Pass,0,0.99998724,0.08087385,0,0.9775068
3186,Pass,0,1.0,0.03477036,0,0.9917988
3187,Pass,0,0.99992335,0.14240402,0,0.95838827
3188,Pass,0,0.99999595,0.0984261,0,0.972079
3189,Pass,0,0.986302,0.6217499,0,0.7989002
3190,Pass,0,0.9995567,0.10024209,0,0.9710898
3191,Pass,0,0.99998295,0.030439045,0,0.9931234
3192,Pass,0,0.89274216,0.94154805,0,0.6346909
3193,Pass,0,0.9999995,0.093638085,0,0.9735654
3194,Pass,0,0.99956125,0.22728097,0,0.93176407
3195,Pass,0,0.9999987,0.13075823,0,0.96206754
3196,Pass,0,0.99999297,0.14906366,0,0.95639235
3197,Pass,0,0.9999964,0.16922693,0,0.9501506
3198,Pass,0,0.9998765,0.05762708,0,0.98459786
3199,Pass,0,0.999969,0.087699495,0,0.975375
3200,Pass,0,0.9946408,0.3353695,0,0.89387894
3201,Pass,0,0.99998033,0.12564301,0,0.96363413
3202,Pass,0,0.99969006,0.3786255,0,0.8850232
3203,Pass,0,0.93416226,0.5375543,0,0.7810279
3204,Pass,0,0.99968755,0.06675445,0,0.9815857
3205,Pass,0,0.9999546,0.07793555,0,0.9783849
3206,Pass,0,1.0,0.048170835,0,0.9876483
3207,Pass,0,0.9994086,0.29635203,0,0.9102413
3208,Pass,0,0.9995968,0.12362706,0,0.9638887
3209,Pass,0,0.99986875,0.015686966,0,0.9975785
3210,Pass,0,0.9999999,0.080561444,0,0.97761595
3211,Pass,0,0.99997795,0.11156291,0,0.9679927
3212,Pass,0,0.9999833,0.22837578,0,0.9318184
3213,Pass,0,0.999998,0.15398519,0,0.95487285
3214,Pass,0,0.99995744,0.21598318,0,0.93563247
3215,Pass,0,0.9826968,0.53009784,0,0.82387584
3216,Pass,0,0.99981755,0.025098681,0,0.9946129
3217,Pass,0,0.99999845,0.069699414,0,0.9809788
3218,Pass,0,0.98963165,0.5392926,0,0.8268716
3219,Pass,0,0.9999701,0.13573027,0,0.96050006
3220,Pass,0,0.9999914,0.119520865,0,0.965541
3221,Pass,0,0.9999982,0.12183377,0,0.9648312
3222,Pass,0,0.93780524,0.5355354,0,0.78466016
3223,Pass,0,0.99997485,0.18638472,0,0.944816
3224,Pass,0,0.9999894,0.08191077,0,0.97718775
3225,Pass,0,0.99898905,0.18315172,0,0.9448849
3226,Pass,0,0.99969876,0.18506078,0,0.94496506
3227,Pass,0,0.9999654,0.18900661,0,0.943995
3228,Pass,0,0.9912922,0.2694542,0,0.9111074
3229,Pass,0,0.9995864,0.14038427,0,0.95869064
3230,Pass,0,0.9999175,0.29615957,0,0.9107644
3231,Pass,0,0.9999536,0.099266015,0,0.9717777
3232,Pass,0,0.999739,0.19090755,0,0.94319266
3233,Pass,0,0.9999963,0.041587006,0,0.98968387
3234,Pass,0,0.9956006,0.230083,0,0.927208
3235,Pass,0,0.9999958,0.12829976,0,0.96282625
3236,Pass,0,0.9999964,0.110100195,0,0.96846366
3237,Pass,0,0.99959105,0.12304172,0,0.96406436
3238,Pass,0,0.99999666,0.15095818,0,0.95580906
3239,Pass,0,0.99999666,0.13874857,0,0.95959073
3240,Pass,0,0.9997863,0.054661218,0,0.98542744
3241,Pass,0,0.99833375,0.3141926,0,0.9037459
3242,Pass,0,0.9991003,0.22525981,0,0.93195987
3243,Pass,0,0.99999774,0.035061788,0,0.99170625
3244,Pass,0,0.99997747,0.011676793,0,0.99892896
3245,Pass,0,0.99999845,0.08792085,0,0.9753352
3246,Pass,0,0.99999964,0.09115191,0,0.97433555
3247,Pass,0,0.99997497,0.09817288,0,0.97213703
3248,Pass,0,0.99999046,0.13089082,0,0.96201855
3249,Pass,0,0.9856641,0.5072077,0,0.8333517
3250,Pass,0,0.9989735,0.15449476,0,0.9537369
3251,Pass,0,0.99976987,0.24284092,0,0.9271403
3252,Pass,0,0.99996257,0.26282567,0,0.92112947
3253,Pass,0,0.98704743,0.6372259,0,0.7947727
3254,Pass,0,0.9994649,0.2205112,0,0.93376994
3255,Pass,0,0.99999654,0.089099824,0,0.9749681
3256,Pass,0,0.99990034,0.18455638,0,0.9453118
3257,Pass,0,0.9995486,0.21510868,0,0.9355207
3258,Pass,0,0.9999999,0.083835565,0,0.97660184
3259,Pass,0,0.99999356,0.055187885,0,0.9854686
3260,Pass,0,0.9599027,0.14600533,0,0.9189593
3261,Pass,0,0.9858898,0.13510756,0,0.94716567
3262,Pass,0,0.9999944,0.05633069,0,0.9851154
3263,Pass,0,0.999995,0.06466712,0,0.982534
3264,Pass,0,0.99995756,0.1944122,0,0.94231343
3265,Pass,0,0.9980878,0.52123624,0,0.83951885
3266,Pass,0,0.9999968,0.12068382,0,0.965186
3267,Pass,0,0.99999857,0.05813223,0,0.98456156
3268,Pass,0,0.99974245,0.09158546,0,0.9739507
3269,Pass,0,0.9999535,0.07566428,0,0.9790873
3270,Pass,0,0.9999734,0.054668963,0,0.9856094
3271,Pass,0,0.9999701,0.1234314,0,0.9643092
3272,Pass,0,0.9998317,0.27646545,0,0.916785
3273,Pass,0,0.99998903,0.15101148,0,0.9557853
3274,Pass,0,0.9999701,0.14098957,0,0.9588712
3275,Pass,0,0.99999905,0.06698426,0,0.98182034
3276,Pass,0,0.99612325,0.20731857,0,0.9347182
3277,Pass,0,0.999936,0.13399152,0,0.9610058
3278,Pass,0,0.9999994,0.15454197,0,0.9547017
3279,Pass,0,0.99989414,0.17960124,0,0.9468405
3280,Pass,0,0.9987218,0.06241765,0,0.9819789
3281,Pass,0,0.99988604,0.084843695,0,0.97617847
3282,Pass,0,0.9999913,0.04844089,0,0.9875561
3283,Pass,0,0.99996793,0.09909094,0,0.9718458
3284,Pass,0,0.99999416,0.09633083,0,0.97272617
3285,Pass,0,0.99999845,0.1141434,0,0.96721333
3286,Pass,0,0.9998902,0.019794708,0,0.99632776
3287,Pass,0,0.9998317,0.174634,0,0.9483196
3288,Pass,0,0.9999236,0.03372523,0,0.99204665
3289,Pass,0,0.9966384,0.1954325,0,0.93887067
3290,Pass,0,0.999814,0.13318679,0,0.9611378
3291,Pass,0,0.99895656,0.3141054,0,0.90433663
3292,Pass,0,0.9999629,0.17397277,0,0.9486489
3293,Pass,0,0.9999912,0.06484509,0,0.9824752
3294,Pass,0,0.99992776,0.04338306,0,0.98905975
3295,Pass,0,0.8735058,0.44127786,0,0.75636214
3296,Pass,0,0.99833775,0.3028411,0,0.90725946
3297,Pass,0,0.99999905,0.06645268,0,0.981985
3298,Pass,0,0.9999994,0.07458185,0,0.9794675
3299,Pass,0,0.99962103,0.2619484,0,0.9210865
3300,Pass,0,0.99994826,0.23330085,0,0.9302604
3301,Pass,0,0.9999845,0.12578905,0,0.9635929
3302,Pass,0,0.7866311,0.40611362,0,0.68970543
3303,Pass,0,0.9999552,0.14326717,0,0.95815146
3304,Pass,0,0.9960006,0.20368046,0,0.93572545
3305,Pass,0,0.9997781,0.1033533,0,0.97034144
3306,Pass,0,0.99999905,0.117079124,0,0.96630466
3307,Pass,0,0.99999976,0.04252143,0,0.9893978
3308,Pass,0,0.9995173,0.38103497,0,0.8841244
3309,Pass,0,0.9983773,0.048145074,0,0.98605365
3310,Pass,0,0.99993026,0.09087187,0,0.9743547
3311,Pass,0,0.9741513,0.4522975,0,0.84018546
3312,Pass,0,0.99991345,0.09527062,0,0.972976
3313,Pass,0,0.9998957,0.16520342,0,0.9513009
3314,Pass,0,0.9847398,0.23930359,0,0.914281
3315,Pass,0,0.99907124,0.0447576,0,0.9877872
3316,Pass,0,0.9999517,0.07139674,0,0.9804073
3317,Pass,0,0.9999503,0.1412407,0,0.9587744
3318,Pass,0,1.0,0.043348905,0,0.98914176
3319,Pass,0,0.99998486,0.10597256,0,0.9697309
3320,Pass,0,0.9993406,0.10227056,0,0.970252
3321,Pass,0,0.99990845,0.22037466,0,0.93422663
3322,Pass,0,0.99987066,0.09247882,0,0.973799
3323,Pass,0,0.9999993,0.053132687,0,0.98611075
3324,Pass,0,0.99859244,0.107408725,0,0.9679364
3325,Pass,0,0.9999138,0.22134982,0,0.9339296
3326,Pass,0,0.99998593,0.20699012,0,0.93844455
3327,Pass,0,0.99999917,0.080112614,0,0.97775424
3328,Pass,0,0.9999908,0.13753267,0,0.9599617
3329,Pass,0,0.9999918,0.06548963,0,0.9822761
3330,Pass,0,0.99921906,0.3710999,0,0.8869353
3331,Pass,0,0.9751373,0.5583435,0,0.80900717
3332,Pass,0,0.9996996,0.15253173,0,0.95503795
3333,Pass,0,0.92042947,0.5461318,0,0.767101
3334,Pass,0,0.99999785,0.071661405,0,0.9803706
3335,Pass,0,0.99998844,0.14874856,0,0.95648557
3336,Pass,0,0.99999356,0.055187885,0,0.9854686
3337,Pass,0,0.9865827,0.5147236,0,0.83183163
3338,Pass,0,0.9999875,0.10676863,0,0.96948683
3339,Pass,0,0.99998426,0.11447217,0,0.9670978
3340,Pass,0,0.9996711,0.3337924,0,0.8988879
3341,Pass,0,0.99999917,0.05048629,0,0.9869303
3342,Pass,0,0.9996056,0.095601745,0,0.97257394
3343,Pass,0,0.9999994,0.10112964,0,0.97124493
3344,Pass,0,0.99969494,0.4395617,0,0.86615974
3345,Pass,0,0.9999963,0.10136672,0,0.9711685
3346,Pass,0,0.99999857,0.06570561,0,0.9822159
3347,Pass,0,0.9982597,0.14249375,0,0.95676607
3348,Pass,0,0.99988353,0.26226303,0,0.9212309
3349,Pass,0,0.9999987,0.09954317,0,0.97173566
3350,Pass,0,0.9995511,0.18995807,0,0.94330937
3351,Pass,0,0.8892077,0.64698124,0,0.71330523
3352,Pass,0,0.997837,0.3966569,0,0.87781
3353,Pass,0,0.9999777,0.20215105,0,0.9399355
3354,Pass,0,0.99833775,0.3028411,0,0.90725946
3355,Pass,0,0.99999213,0.09115096,0,0.9743285
3356,Pass,0,0.99993145,0.15493432,0,0.95451534
3357,Pass,0,0.9998754,0.04438241,0,0.9886985
3358,Pass,0,0.9995604,0.13695057,0,0.9597288
3359,Pass,0,0.99990666,0.09709727,0,0.9724037
3360,Pass,0,0.99972516,0.06370913,0,0.9825655
3361,Pass,0,0.99987423,0.27079475,0,0.9185802
3362,Pass,0,0.999944,0.028217852,0,0.9937726
3363,Pass,0,0.99593157,0.15103866,0,0.9518988
3364,Pass,0,0.9999851,0.1470989,0,0.9569934
3365,Pass,0,0.99999,0.14069714,0,0.9589808
3366,Pass,0,0.9999019,0.23172002,0,0.93070686
3367,Pass,0,0.9977635,0.16346371,0,0.94980997
3368,Pass,0,0.99999857,0.076270476,0,0.9789437
3369,Pass,0,0.9968566,0.27554637,0,0.91434073
3370,Pass,0,0.9999299,0.08105461,0,0.9773948
3371,Pass,0,0.8020676,0.57770556,0,0.6606127
3372,Pass,0,0.8379641,0.56720287,0,0.69290423
3373,Pass,0,0.99976426,0.28163692,0,0.9151218
3374,Pass,0,0.99960107,0.05346802,0,0.9856143
3375,Pass,0,0.9999777,0.10714197,0,0.9693617
3376,Pass,0,0.99998856,0.09179741,0,0.97412485
3377,Pass,0,0.99999917,0.105933644,0,0.9697568
3378,Pass,0,0.9999968,0.2139529,0,0.93629813
3379,Pass,0,0.9999925,0.07864427,0,0.9782025
3380,Pass,0,0.99999666,0.13874857,0,0.95959073
3381,Pass,0,0.9994758,0.21654329,0,0.9350084
3382,Pass,0,0.9996393,0.23752193,0,0.9286661
3383,Pass,0,0.99948776,0.13265626,0,0.9609884
3384,Pass,0,0.9999212,0.026611118,0,0.9942476
3385,Pass,0,0.9999889,0.09640037,0,0.9726995
3386,Pass,0,0.9999999,0.038236808,0,0.99072504
3387,Pass,0,0.9999807,0.20239845,0,0.9398617
3388,Pass,0,0.9990103,0.28453517,0,0.91353494
3389,Pass,0,0.9999865,0.12458626,0,0.9639674
3390,Pass,0,0.99954623,0.1394542,0,0.95894
3391,Pass,0,0.9999982,0.06967515,0,0.9809861
3392,Pass,0,0.9998653,0.19581178,0,0.941793
3393,Pass,0,0.9999416,0.18790431,0,0.94431394
3394,Pass,0,0.99990296,0.044843495,0,0.9885829
3395,Pass,0,0.9926986,0.09526285,0,0.96595794
3396,Pass,0,0.99993086,0.0504042,0,0.98688835
3397,Pass,0,0.99997735,0.19702196,0,0.9415238
3398,Pass,0,0.98918545,0.42173207,0,0.86251664
3399,Pass,0,0.999537,0.08019655,0,0.9772764
3400,Pass,0,0.99995756,0.16260414,0,0.9521648
3401,Pass,0,0.99999607,0.060979523,0,0.9836772
3402,Pass,0,0.99986863,0.20215087,0,0.93983305
3403,Pass,0,0.999826,0.15667018,0,0.95387715
3404,Pass,0,0.9975241,0.21835883,0,0.9326217
3405,Pass,0,0.9995952,0.0676801,0,0.98120844
3406,Pass,0,0.99999845,0.049992666,0,0.9870825
3407,Pass,0,0.99727136,0.23732059,0,0.92652845
3408,Pass,0,0.9999666,0.013826095,0,0.99825245
3409,Pass,0,0.99993694,0.20985766,0,0.93751043
3410,Pass,0,0.9999831,0.21100801,0,0.9371974
3411,Pass,0,0.99998355,0.1583652,0,0.9535025
3412,Pass,0,0.99951446,0.06989744,0,0.9804427
3413,Pass,0,0.9938685,0.38075447,0,0.87921405
3414,Pass,0,0.9954202,0.33869433,0,0.8935543
3415,Pass,0,0.987817,0.36627463,0,0.87829083
3416,Pass,0,0.99960536,0.19216411,0,0.94267756
3417,Pass,0,0.99992037,0.07161246,0,0.9803097
3418,Pass,0,0.9999777,0.20215105,0,0.9399355
3419,Pass,0,0.9995396,0.23664615,0,0.9288446
3420,Pass,0,0.9999118,0.11080861,0,0.9681623
3421,Pass,0,0.9999999,0.08628546,0,0.9758431
3422,Pass,0,0.9999505,0.092939354,0,0.97373414
3423,Pass,0,0.9999964,0.23616211,0,0.92941904
3424,Pass,0,0.9924367,0.1168424,0,0.95906985
3425,Pass,0,0.99995446,0.02791697,0,0.9938762
3426,Pass,0,0.99994063,0.024979416,0,0.99477226
3427,Pass,0,0.9999895,0.13412583,0,0.96101564
3428,Pass,0,0.9998758,0.053441852,0,0.98589325
3429,Pass,0,0.999887,0.16036578,0,0.9527908
3430,Pass,0,0.99609405,0.33445385,0,0.8954674
3431,Pass,0,0.9891698,0.1599231,0,0.942714
3432,Pass,0,0.99834013,0.49293628,0,0.8484818
3433,Pass,0,0.99998736,0.076169185,0,0.9789641
3434,Pass,0,0.9999963,0.11034397,0,0.968388
3435,Pass,0,0.99999404,0.1786571,0,0.94722754
3436,Pass,0,0.9977939,0.040737245,0,0.98776674
3437,Pass,0,0.9999647,0.120670356,0,0.96515924
3438,Pass,0,0.99663347,0.41255194,0,0.8718447
3439,Pass,0,0.98384005,0.23471275,0,0.9148446
3440,Pass,0,0.9999962,0.19240446,0,0.9429717
3441,Pass,0,0.9999877,0.04651126,0,0.9881502
3442,Pass,0,0.99827564,0.28741848,0,0.91197157
3443,Pass,0,0.99999404,0.060548615,0,0.98380876
3444,Pass,0,0.9999964,0.22835201,0,0.93183804
3445,Pass,0,0.9999665,0.120903455,0,0.9650887
3446,Pass,0,0.99999607,0.080039404,0,0.97777385
3447,Pass,0,0.9999844,0.14791973,0,0.9567384
3448,Pass,0,0.99949014,0.12390991,0,0.96369827
3449,Pass,0,0.9999924,0.12969138,0,0.96239185
3450,Pass,0,0.999689,0.48729196,0,0.8513758
3451,Pass,0,0.9866377,0.40843564,0,0.86435837
3452,Pass,0,0.9998839,0.028594516,0,0.9935962
3453,Pass,0,0.9999807,0.12796049,0,0.96291673
3454,Pass,0,0.98337513,0.48649368,0,0.8377254
3455,Pass,0,0.99999917,0.04578571,0,0.9883862
3456,Pass,0,0.9999317,0.073689856,0,0.97967744
3457,Pass,0,0.99991345,0.09571353,0,0.9728388
3458,Pass,0,0.9996141,0.19718303,0,0.94113195
3459,Pass,0,0.9995043,0.17040464,0,0.94931847
3460,Pass,0,0.99999666,0.12158444,0,0.96490693
3461,Pass,0,0.98730254,0.21982114,0,0.92261803
3462,Pass,0,0.9999912,0.06484509,0,0.9824752
3463,Pass,0,0.9999912,0.10750033,0,0.96926385
3464,Pass,0,0.99978787,0.14481692,0,0.95751125
3465,Pass,0,0.9999994,0.049150147,0,0.9873444
3466,Pass,0,0.999689,0.48729196,0,0.8513758
3467,Pass,0,0.99928844,0.14591649,0,0.95669264
3468,Pass,0,0.9994765,0.3042115,0,0.9078701
3469,Pass,0,0.9992175,0.36142555,0,0.889928
3470,Pass,0,0.99998665,0.08993959,0,0.9746984
3471,Pass,0,0.9998678,0.067307994,0,0.9815912
3472,Pass,0,0.99995995,0.17959788,0,0.9469039
3473,Pass,0,1.0,0.054444317,0,0.98570526
3474,Pass,0,0.962589,0.4984025,0,0.8164675
3475,Pass,0,0.9999825,0.18559238,0,0.9450686
3476,Pass,0,0.99997425,0.109027885,0,0.96877426
3477,Pass,0,0.99995935,0.034827963,0,0.99174064
3478,Pass,0,0.99999774,0.035061788,0,0.99170625
3479,Pass,0,0.9999809,0.2121104,0,0.93685395
3480,Pass,0,0.9997416,0.06673829,0,0.98164374
3481,Pass,0,0.99997675,0.11415654,0,0.9671883
3482,Pass,0,0.99999785,0.1364659,0,0.96029884
3483,Pass,0,0.9998996,0.14402963,0,0.95786214
3484,Pass,0,0.9999958,0.10180024,0,0.97103375
3485,Pass,0,0.9993567,0.19781816,0,0.94069296
3486,Pass,0,0.9966633,0.07027495,0,0.9775294
3487,Pass,0,0.9999615,0.111937046,0,0.96786094
3488,Pass,0,0.99998486,0.20962758,0,0.9376266
3489,Pass,0,0.9998679,0.081665285,0,0.9771451
3490,Pass,0,0.9999993,0.050029762,0,0.9870718
3491,Pass,0,0.9970675,0.3329789,0,0.896798
3492,Pass,0,0.999995,0.13267908,0,0.961469
3493,Pass,0,0.98581403,0.6329763,0,0.7950771
3494,Pass,0,0.9875952,1.1853942,0,0.6275375
3495,Pass,0,0.99977976,0.04413622,0,0.9886801
3496,Pass,0,0.9999535,0.07566428,0,0.9790873
3497,Pass,0,0.97432625,0.48856893,0,0.8293905
3498,Pass,0,0.9996581,0.033201456,0,0.99194545
3499,Pass,0,0.99998176,0.2473174,0,0.9259504
3500,Pass,0,0.99998105,0.011758309,0,0.99890727
3501,Pass,0,0.999998,0.067168616,0,0.98176223
3502,Pass,0,0.99985504,0.1417925,0,0.95851225
3503,Pass,0,0.9972107,1.4168657,0,0.56215435
3504,Pass,0,0.9994973,0.33783454,0,0.8974803
3505,Pass,0,0.99859434,0.27813327,0,0.9151346
3506,Pass,0,0.99996614,0.18526435,0,0.9451547
3507,Pass,0,0.9999851,0.18434066,0,0.94545877
3508,Pass,0,0.51271564,0.6118922,0,0.41686276
3509,Pass,0,0.99784315,0.24067809,0,0.92602205
3510,Pass,0,0.999998,0.056660146,0,0.98501694
3511,Pass,0,0.99983644,0.27942505,0,0.9158728
3512,Pass,0,0.99993694,0.035489026,0,0.99151367
3513,Pass,0,0.99990475,0.08878174,0,0.97497714
3514,Pass,0,0.95818555,0.4202581,0,0.83592385
3515,Pass,0,0.9994973,0.33783454,0,0.8974803
3516,Pass,0,0.9999974,0.053583402,0,0.9859693
3517,Pass,0,0.9993662,0.09585068,0,0.972264
3518,Pass,0,0.9999738,0.14285842,0,0.9582959
3519,Pass,0,0.9999858,0.09641668,0,0.9726914
3520,Pass,0,0.9999261,0.27639446,0,0.91689354
3521,Pass,0,0.99953926,0.18650842,0,0.94436616
3522,Pass,0,0.999848,0.08111791,0,0.97729516
3523,Pass,0,0.99905866,0.3859744,0,0.8821902
3524,Pass,0,0.9999641,0.12688476,0,0.96323395
3525,Pass,0,0.99999726,0.12150922,0,0.96493083
3526,Pass,0,0.9997906,0.15592644,0,0.9540737
3527,Pass,0,0.9996989,0.07825476,0,0.97803587
3528,Pass,0,0.99999917,0.035841372,0,0.9914662
3529,Pass,0,0.99981505,0.05820127,0,0.9843595
3530,Pass,0,0.99996877,0.15460552,0,0.95465285
3531,Pass,0,0.9999808,0.041452795,0,0.98971003
3532,Pass,0,0.99999213,0.09772686,0,0.9722918
3533,Pass,0,0.825919,1.3091854,0,0.49313822
3534,Pass,0,0.99993145,0.028670184,0,0.99362004
3535,Pass,0,0.9999893,0.11568408,0,0.96672726
3536,Pass,0,0.99998736,0.10325117,0,0.97057617
3537,Pass,0,0.9999945,0.10666505,0,0.96952575
3538,Pass,0,0.9990508,0.34790054,0,0.8939646
3539,Pass,0,0.9935533,0.41724053,0,0.8677074
3540,Pass,0,0.99999607,0.07395391,0,0.9796587
3541,Pass,0,0.9998996,0.020704404,0,0.99605536
3542,Pass,0,0.9999958,0.17820974,0,0.94736785
3543,Pass,0,0.99990296,0.024348697,0,0.9949301
3544,Pass,0,0.9987379,0.12882681,0,0.961452
3545,Pass,0,0.99999726,0.04589709,0,0.98834985
3546,Pass,0,0.999355,0.5503966,0,0.8315588
3547,Pass,0,0.9999974,0.06951015,0,0.98103637
3548,Pass,0,0.99995995,0.027047979,0,0.9941508
3549,Pass,0,0.9921387,0.43571123,0,0.86079603
3550,Pass,0,0.99998844,0.05927753,0,0.9841969
3551,Pass,0,0.9999995,0.03201919,0,0.99265045
3552,Pass,0,0.99994934,0.117790036,0,0.96603644
3553,Pass,0,0.9999893,0.13844924,0,0.9596763
3554,Pass,0,0.99784315,0.24067809,0,0.92602205
3555,Pass,0,0.99999726,0.12489043,0,0.9638836
3556,Pass,0,0.999912,0.016313475,0,0.99742764
3557,Pass,0,0.9999945,0.107685655,0,0.9692097
3558,Pass,0,0.99963474,0.2321943,0,0.9303114
3559,Pass,0,0.9999987,0.09124875,0,0.9743047
3560,Pass,0,0.99999595,0.1498309,0,0.95615757
3561,Pass,0,0.9989342,0.19247408,0,0.9419487
3562,Pass,0,0.999987,0.12612578,0,0.963491
3563,Pass,0,0.9999751,0.1110339,0,0.9681538
3564,Pass,0,0.9999964,0.16354816,0,0.9519095
3565,Pass,0,0.9821945,0.41132328,0,0.8595874
3566,Pass,0,0.9975528,0.2571679,0,0.92065775
3567,Pass,0,0.99999714,0.13286328,0,0.96141404
3568,Pass,0,0.9999964,0.07518808,0,0.97927684
3569,Pass,0,0.99994755,0.2767703,0,0.9167968
3570,Pass,0,0.998733,0.047049038,0,0.9867439
3571,Pass,0,0.99955696,0.25933948,0,0.9218351
3572,Pass,0,0.99999297,0.14906366,0,0.95639235
3573,Pass,0,0.99996734,0.08078963,0,0.97751343
3574,Pass,0,0.9999733,0.15856361,0,0.95343125
3575,Pass,0,0.9999918,0.10521393,0,0.96997255
3576,Pass,0,0.99438286,0.042798236,0,0.98375523
3577,Pass,0,0.9999968,0.10202681,0,0.97096455
3578,Pass,0,0.9991159,0.29458958,0,0.9105201
3579,Pass,0,0.9996842,0.38475764,0,0.8831194
3580,Pass,0,0.825919,1.3091854,0,0.49313822
3581,Pass,0,0.9999957,0.08483194,0,0.9762892
3582,Pass,0,0.99999344,0.052070707,0,0.9864339
3583,Pass,0,0.9999523,0.020472934,0,0.9961796
3584,Pass,0,0.9999645,0.15261759,0,0.95526445
3585,Pass,0,1.0,0.06794958,0,0.9815223
3586,Pass,0,0.99916005,0.19230393,0,0.9422143
3587,Pass,0,0.99814963,0.07352492,0,0.97798246
3588,Pass,0,0.9997135,0.18744785,0,0.94423985
3589,Pass,0,0.9999789,0.36837077,0,0.88845503
3590,Pass,0,0.9999882,0.09614795,0,0.972777
3591,Pass,0,0.99999964,0.15110499,0,0.9557665
3592,Pass,0,0.9999863,0.1926235,0,0.9428945
3593,Pass,0,0.9999999,0.07487106,0,0.9793784
3594,Pass,0,0.9999852,0.091200955,0,0.9743063
3595,Pass,0,0.9999819,0.032850713,0,0.9923754
3596,Pass,0,0.99979514,0.3758668,0,0.88597053
3597,Pass,0,0.9999516,0.31687635,0,0.90437925
3598,Pass,0,0.9999943,0.119196445,0,0.96564424
3599,Pass,0,0.9999925,0.08573463,0,0.97600645
3600,Pass,0,0.999998,0.053084463,0,0.9861244
3601,Pass,0,0.995369,0.054245632,0,0.9812017
3602,Pass,0,0.9999943,0.08580913,0,0.9759851
3603,Pass,0,0.9999887,0.08932061,0,0.9748921
3604,Pass,0,0.9976156,0.18331195,0,0.94353634
3605,Pass,0,0.99991655,0.103718765,0,0.9703626
3606,Pass,0,0.9998259,0.2844014,0,0.91432214
3607,Pass,0,0.9999732,0.018360062,0,0.9968547
3608,Pass,0,0.9961696,0.1771644,0,0.9440655
3609,Pass,0,0.9982565,0.37459412,0,0.8850006
3610,Pass,0,0.99999976,0.048579,0,0.98752165
3611,Pass,0,0.999997,0.14650546,0,0.95718855
3612,Pass,0,0.9998934,0.20964774,0,0.9375347
3613,Pass,0,0.9977939,0.040737245,0,0.98776674
3614,Pass,0,0.999863,0.1473145,0,0.95680976
3615,Pass,0,0.9999893,0.16675274,0,0.9509101
3616,Pass,0,0.99977666,0.06522807,0,0.9821458
3617,Pass,0,0.9998863,0.041528594,0,0.989593
3618,Pass,0,0.99979013,0.07440227,0,0.97931814
3619,Pass,0,0.9999993,0.09667047,0,0.972626
3620,Pass,0,0.9999914,0.13936608,0,0.95939445
3621,Pass,0,0.99981505,0.05820127,0,0.9843595
3622,Pass,0,0.99995553,0.15852416,0,0.95342654
3623,Pass,0,0.99996006,0.08212478,0,0.9770928
3624,Pass,0,0.999997,0.0693364,0,0.98108983
3625,Pass,0,0.99983513,0.028639479,0,0.99353385
3626,Pass,0,0.51271564,0.6118922,0,0.41686276
3627,Pass,0,0.9999993,0.13386774,0,0.9611049
3628,Pass,0,0.9999443,0.17927301,0,0.9469897
3629,Pass,0,0.99768114,0.06385494,0,0.9805116
3630,Pass,0,0.99998844,0.07616563,0,0.97896624
3631,Pass,0,0.99996245,0.26968142,0,0.919006
3632,Pass,0,0.999977,0.0743387,0,0.97952086
3633,Pass,0,0.9999995,0.093638085,0,0.9735654
3634,Pass,0,0.9997906,0.15592644,0,0.9540737
3635,Pass,0,0.999471,0.20383,0,0.9389396
3636,Pass,0,0.9998678,0.15641752,0,0.9539953
3637,Pass,0,0.9959733,0.31430906,0,0.90157306
3638,Pass,0,0.99963653,0.42069694,0,0.8719499
3639,Pass,0,0.9994049,0.21638215,0,0.93499196
3640,Pass,0,0.9999958,0.074436426,0,0.97950906
3641,Pass,0,0.9995894,0.11979193,0,0.9650689
3642,Pass,0,0.9999794,0.071279,0,0.9804709
3643,Pass,0,0.99835485,0.17020774,0,0.94828755
3644,Pass,0,0.99966526,0.23422864,0,0.9297099
3645,Pass,0,0.9997173,0.06297077,0,0.9827864
3646,Pass,0,0.99999964,0.107797705,0,0.9691799
3647,Pass,0,0.9999964,0.18103102,0,0.9464945
3648,Pass,0,0.9996741,0.06209252,0,0.9830159
3649,Pass,0,0.99999416,0.0363195,0,0.9913132
3650,Pass,0,0.9999827,0.11528896,0,0.9668433
3651,Pass,0,0.9999862,0.21566208,0,0.9357588
3652,Pass,0,0.99999213,0.09115096,0,0.9743285
3653,Pass,0,0.99999654,0.08360222,0,0.97667086
3654,Pass,0,0.9999968,0.09067578,0,0.9744802
3655,Pass,0,0.9999999,0.05703456,0,0.98490286
3656,Pass,0,0.9999938,0.11492147,0,0.9669678
3657,Pass,0,0.9999958,0.22286738,0,0.93353623
3658,Pass,0,0.9997609,0.034540135,0,0.991633
3659,Pass,0,0.99991405,0.05306333,0,0.9860482
3660,Pass,0,0.99968314,0.063413724,0,0.9826157
3661,Pass,0,0.99988294,0.054293554,0,0.98563653
3662,Pass,0,0.9993672,0.19341817,0,0.94206476
3663,Pass,0,0.99993443,0.03281063,0,0.9923407
3664,Pass,0,0.999998,0.06279318,0,0.9831174
3665,Pass,0,0.99935454,0.21632643,0,0.93496215
3666,Pass,0,0.9999858,0.09641668,0,0.9726914
3667,Pass,0,0.9983866,0.19355223,0,0.941099
3668,Pass,0,0.992077,0.3025074,0,0.9016724
3669,Pass,0,0.9998957,0.042327527,0,0.9893549
3670,Pass,0,0.999997,0.12392122,0,0.9641835
3671,Pass,0,0.99992085,0.013026508,0,0.9984544
3672,Pass,0,0.9991399,0.32623824,0,0.90074795
3673,Pass,0,0.9999875,0.20983264,0,0.93756557
3674,Pass,0,0.9993075,0.31189805,0,0.9053375
3675,Pass,0,0.99998426,0.18356852,0,0.9456971
3676,Pass,0,0.99287766,0.5568255,0,0.824192
3677,Pass,0,0.99999344,0.094486624,0,0.9732967
3678,Pass,0,0.9995115,0.1492317,0,0.95587987
3679,Pass,0,0.9999733,0.15856361,0,0.95343125
3680,Pass,0,0.999956,0.10762882,0,0.96918994
3681,Pass,0,0.99999595,0.11402416,0,0.96724784
3682,Pass,0,0.72199553,0.5607345,0,0.59845746
3683,Pass,0,0.9928282,0.093664356,0,0.96657556
3684,Pass,0,0.9999391,0.14750043,0,0.95682496
3685,Pass,0,0.999997,0.08451605,0,0.9763883
3686,Pass,0,0.9999666,0.10589471,0,0.9697373
3687,Pass,0,0.99988294,0.16719863,0,0.9506709
3688,Pass,0,0.9993874,0.15128896,0,0.9551244
3689,Pass,0,0.9999294,0.032961678,0,0.99228895
3690,Pass,0,0.999783,0.2956426,0,0.91080195
3691,Pass,0,0.9999999,0.18145692,0,0.9463659
3692,Pass,0,0.9999802,0.31879514,0,0.9038108
3693,Pass,0,0.9999962,0.11320415,0,0.96750206
3694,Pass,0,0.99995947,0.19147424,0,0.9432252
3695,Pass,0,0.9979849,0.29151893,0,0.91043854
3696,Pass,0,0.999783,0.2956426,0,0.91080195
3697,Pass,0,0.99954045,0.19768427,0,0.94090736
3698,Pass,0,0.9999571,0.07224583,0,0.98014957
3699,Pass,0,0.9999963,0.2573963,0,0.92284214
3700,Pass,0,0.96685475,0.44936988,0,0.834769
3701,Pass,0,0.9999424,0.11478318,0,0.966961
3702,Pass,0,0.99974173,0.07394313,0,0.9794129
3703,Pass,0,0.98635733,0.67657924,0,0.7821945
3704,Pass,0,0.99989176,0.120860435,0,0.9650299
3705,Pass,0,0.92912585,0.42757708,0,0.80846584
3706,Pass,0,0.99942684,0.19347909,0,0.9421022
3707,Pass,0,0.999723,0.21562283,0,0.9355247
3708,Pass,0,0.9999988,0.11873881,0,0.9657904
3709,Pass,0,0.9999379,0.16666007,0,0.95088995
3710,Pass,0,0.99988556,0.023273254,0,0.9952459
3711,Pass,0,0.99865425,0.29855046,0,0.9088743
3712,Pass,0,1.0,0.04427346,0,0.9888554
3713,Pass,0,0.9954516,0.16755114,0,0.94634897
3714,Pass,0,0.99859613,0.2592589,0,0.9209739
3715,Pass,0,0.99999714,0.065797426,0,0.9821861
3716,Pass,0,0.9999995,0.07004693,0,0.9808722
3717,Pass,0,0.9802428,0.68974847,0,0.7733473
3718,Pass,0,0.99958855,0.121790536,0,0.96444935
3719,Pass,0,0.5236862,1.1824298,0,0.33324134
3720,Pass,0,0.9999999,0.09286885,0,0.973804
3721,Pass,0,0.999995,0.14664409,0,0.9571437
3722,Pass,0,0.99968314,0.063413724,0,0.9826157
3723,Pass,0,0.9999342,0.287827,0,0.9133603
3724,Pass,0,0.9992894,0.02827333,0,0.9931049
3725,Pass,0,0.99770963,0.2650963,0,0.9183524
3726,Pass,0,0.9995716,0.15464191,0,0.95426244
3727,Pass,0,0.9993406,0.10227056,0,0.970252
3728,Pass,0,0.9999788,0.13176031,0,0.961738
3729,Pass,0,0.76082784,2.0712996,0,0.27468243
3730,Pass,0,1.0,0.07142817,0,0.9804449
3731,Pass,0,0.9999999,0.054050904,0,0.98582697
3732,Pass,0,0.9999759,0.21338212,0,0.93645537
3733,Pass,0,0.9801354,0.19778791,0,0.92260915
3734,Pass,0,0.9999144,0.0849878,0,0.97616154
3735,Pass,0,0.9995265,0.27385896,0,0.917312
3736,Pass,0,0.99999404,0.086073495,0,0.975903
3737,Pass,0,0.99999833,0.13583821,0,0.96049374
3738,Pass,0,0.9995115,0.1492317,0,0.95587987
3739,Pass,0,0.998171,0.22139788,0,0.9322869
3740,Pass,0,0.99996495,0.17297557,0,0.94895965
3741,Pass,0,0.9999709,0.068019345,0,0.98147213
3742,Pass,0,0.99959284,0.20310198,0,0.9392794
3743,Pass,0,0.99038225,0.5121949,0,0.83581096
3744,Pass,0,0.9999938,0.084894225,0,0.976268
3745,Pass,0,0.6824039,0.33365756,0,0.61363494
3746,Pass,0,0.9436291,0.66607046,0,0.7513819
3747,Pass,0,0.9999925,0.11232836,0,0.96776974
3748,Pass,0,0.99999964,0.102872625,0,0.97070533
3749,Pass,0,0.9999802,0.08623873,0,0.97583836
3750,Pass,0,1.0,0.07721741,0,0.9786518
3751,Pass,0,0.99999523,0.06423155,0,0.9826692
3752,Pass,0,0.99998736,0.28762487,0,0.9134714
3753,Pass,0,0.99986684,0.05856295,0,0.9842985
3754,Pass,0,0.999997,0.14650546,0,0.95718855
3755,Pass,0,0.9999652,0.24178378,0,0.92764884
3756,Pass,0,0.9927505,0.2936757,0,0.9050002
3757,Pass,0,0.9999914,0.14878659,0,0.9564767
3758,Pass,0,0.9977081,0.3414231,0,0.8947647
3759,Pass,0,0.99428904,0.48677582,0,0.846936
3760,Pass,0,0.999897,0.25571522,0,0.9232711
3761,Pass,0,1.0,0.03542334,0,0.9915965
3762,Pass,0,0.997532,0.048432183,0,0.9851301
3763,Pass,0,0.9999821,0.19610478,0,0.94181234
3764,Pass,0,0.99996316,0.2114152,0,0.9370526
3765,Pass,0,0.9998147,0.082819894,0,0.97673553
3766,Pass,0,0.9993507,0.13621998,0,0.9597536
3767,Pass,0,0.79331577,0.96809727,0,0.55748075
3768,Pass,0,0.9999629,0.21186927,0,0.93691176
3769,Pass,0,0.99996006,0.08212478,0,0.9770928
3770,Pass,0,0.99999976,0.066284195,0,0.98203784
3771,Pass,0,0.9949675,0.092936836,0,0.96888256
3772,Pass,0,0.97540164,1.3370996,0,0.573958
3773,Pass,0,0.999997,0.09937496,0,0.9717861
3774,Pass,0,0.9998678,0.067307994,0,0.9815912
3775,Pass,0,0.99995923,0.14549546,0,0.95746523
3776,Pass,0,0.99900913,0.19299793,0,0.9418573
3777,Pass,0,0.9999796,0.26169077,0,0.9214967
3778,Pass,0,0.7152505,0.78637046,0,0.5428809
3779,Pass,0,0.9969273,0.18419257,0,0.9426135
3780,Pass,0,0.9994173,0.024588982,0,0.9943725
3781,Pass,0,0.99885094,0.23774406,0,0.92786497
3782,Pass,0,0.994162,0.39583036,0,0.87483156
3783,Pass,0,0.99824107,0.2700354,0,0.9173145
3784,Pass,0,0.9999026,0.33877257,0,0.8975537
3785,Pass,0,0.9996935,0.23927002,0,0.9281752
3786,Pass,0,0.9996989,0.07825476,0,0.97803587
3787,Pass,0,0.99875724,0.06304245,0,0.9818205
3788,Pass,0,0.99964666,0.14152205,0,0.9583962
3789,Pass,0,0.9999995,0.10566297,0,0.96984094
3790,Pass,0,0.9999268,0.083677545,0,0.9765794
3791,Pass,0,0.999181,0.13514985,0,0.9599217
3792,Pass,0,0.63277173,0.32062167,0,0.57155925
3793,Pass,0,0.9999982,0.124503955,0,0.96400416
3794,Pass,0,0.9999124,0.16601914,0,0.95106417
3795,Pass,0,0.9988776,0.09428487,0,0.97227305
3796,Pass,0,0.9999167,0.26943508,0,0.91904026
3797,Pass,0,0.999998,0.06174344,0,0.98344254
3798,Pass,0,0.99991274,0.25147027,0,0.9246003
3799,Pass,0,0.9781448,0.60188013,0,0.79831254
3800,Pass,0,0.9990575,0.16053987,0,0.95194656
3801,Pass,0,0.99999046,0.07978385,0,0.9778476
3802,Pass,0,0.9999858,0.09641668,0,0.9726914
3803,Pass,0,0.8020676,0.57770556,0,0.6606127
3804,Pass,0,0.9998547,0.037843067,0,0.9907031
3805,Pass,0,0.9999999,0.0673992,0,0.9816927
3806,Pass,0,0.9999895,0.11540794,0,0.966813
3807,Pass,0,0.99993277,0.025397483,0,0.9946349
3808,Pass,0,0.99999416,0.08275715,0,0.97693026
3809,Pass,0,0.99835485,0.17020774,0,0.94828755
3810,Pass,0,0.9999645,0.18033473,0,0.94667995
3811,Pass,0,0.9999616,0.13987494,0,0.95920825
3812,Pass,0,0.95593166,0.82081723,0,0.7153609
3813,Pass,0,0.99995744,0.06237049,0,0.9832084
3814,Pass,0,0.99968684,0.14493501,0,0.9573779
3815,Pass,0,0.99990463,0.17583123,0,0.948018
3816,Pass,0,0.99994993,0.3439371,0,0.8959967
3817,Pass,0,0.99990857,0.21528763,0,0.93580216
3818,Pass,0,0.99993384,0.11204344,0,0.9678012
3819,Pass,0,0.999648,0.15604028,0,0.9539023
3820,Pass,0,0.998533,0.27213162,0,0.9169345
3821,Pass,0,0.9736221,0.7131787,0,0.76105845
3822,Pass,0,0.9999925,0.07864427,0,0.9782025
3823,Pass,0,0.999897,0.25571522,0,0.9232711
3824,Pass,0,0.9999974,0.06951015,0,0.98103637
3825,Pass,0,0.99938536,0.16922483,0,0.94957066
3826,Pass,0,0.9999559,0.27618957,0,0.9169843
3827,Pass,0,0.99993134,0.14071907,0,0.9589178
3828,Pass,0,0.9999999,0.09972301,0,0.9716811
3829,Pass,0,0.9942437,0.24529094,0,0.92126113
3830,Pass,0,0.9999994,0.06743861,0,0.98168
3831,Pass,0,0.99989617,0.08546371,0,0.9759964
3832,Pass,0,0.9995894,0.11979193,0,0.9650689
3833,Pass,0,0.9999069,0.16257262,0,0.9521264
3834,Pass,0,0.99975723,0.3258809,0,0.90141517
3835,Pass,0,0.9999448,0.025484968,0,0.99461985
3836,Pass,0,0.9999894,0.14068429,0,0.9589842
3837,Pass,0,0.99955696,0.17995486,0,0.9464117
3838,Pass,0,0.999936,0.13399152,0,0.9610058
3839,Pass,0,0.9999981,0.09255837,0,0.9738985
3840,Pass,0,0.99826944,0.30154157,0,0.9075992
3841,Pass,0,0.9998746,0.14719614,0,0.9568575
3842,Pass,0,0.9999896,0.16897956,0,0.95022076
3843,Pass,0,0.9957688,0.21653235,0,0.93154395
3844,Pass,0,0.99987495,0.09240461,0,0.9738261
3845,Pass,0,0.9999877,0.07857335,0,0.9782198
3846,Pass,0,0.99991167,0.118112795,0,0.96590006
3847,Pass,0,0.9909582,0.26036042,0,0.9135916
3848,Pass,0,0.99923635,0.23503062,0,0.9290628
3849,Pass,0,0.9956695,0.117705315,0,0.96192783
3850,Pass,0,0.9999881,0.037512355,0,0.9909377
3851,Pass,0,0.99999595,0.07616549,0,0.9789736
3852,Pass,0,0.9878065,0.09029885,0,0.96271634
3853,Pass,0,0.9999857,0.08117158,0,0.97741306
3854,Pass,0,0.99986255,0.2228382,0,0.9334208
3855,Pass,0,0.99996376,0.046332832,0,0.98818177
3856,Pass,0,0.99999523,0.056370612,0,0.9851039
3857,Pass,0,0.98645824,0.43458945,0,0.85621035
3858,Pass,0,0.92753285,0.366889,0,0.82451427
3859,Pass,0,0.9999628,0.106087536,0,0.9696739
3860,Pass,0,0.99768114,0.06385494,0,0.9805116
3861,Pass,0,0.9999893,0.16675274,0,0.9509101
3862,Pass,0,0.7853204,0.8725654,0,0.5750989
3863,Pass,0,0.9999453,0.050649922,0,0.9868265
3864,Pass,0,0.99999595,0.08845612,0,0.9751669
3865,Pass,0,0.9999826,0.22557238,0,0.9326861
3866,Pass,0,0.9897625,0.1821008,0,0.93648016
3867,Pass,0,0.99999726,0.19013327,0,0.9436762
3868,Pass,0,0.825919,1.3091854,0,0.49313822
3869,Pass,0,0.983355,0.31565207,0,0.8897418
3870,Pass,0,0.9997297,0.03441622,0,0.9916404
3871,Pass,0,0.99999547,0.08930657,0,0.97490305
3872,Pass,0,0.9995975,0.19797397,0,0.9408714
3873,Pass,0,0.9999968,0.054859556,0,0.9855735
3874,Pass,0,0.99809414,0.17205004,0,0.9474704
3875,Pass,0,0.99999774,0.14021133,0,0.95913875
3876,Pass,0,0.99985886,0.051752333,0,0.98639977
3877,Pass,0,0.9996056,0.095601745,0,0.97257394
3878,Pass,0,0.9999968,0.052414633,0,0.98633075
3879,Pass,0,0.9999894,0.1273707,0,0.96310776
3880,Pass,0,0.9998728,0.11035913,0,0.9682637
3881,Pass,0,0.99985194,0.06583899,0,0.9820306
3882,Pass,0,0.99944645,0.12370025,0,0.96372104
3883,Pass,0,0.9998902,0.1762474,0,0.9478755
3884,Pass,0,0.9446333,1.097403,0,0.6259829
3885,Pass,0,0.9999101,0.054523602,0,0.9855921
3886,Pass,0,0.9999968,0.10298437,0,0.97066796
3887,Pass,0,0.999987,0.11678327,0,0.9663846
3888,Pass,0,0.9992575,0.13710813,0,0.95938915
3889,Pass,0,0.99960905,0.13834748,0,0.95934296
3890,Pass,0,0.999946,0.120047785,0,0.96533394
3891,Pass,0,0.96146476,0.5252901,0,0.807507
3892,Pass,0,0.999954,0.29727846,0,0.91045105
3893,Pass,0,0.99987686,0.14778337,0,0.9566778
3894,Pass,0,0.999998,0.07710587,0,0.97868437
3895,Pass,0,0.9998585,0.19916674,0,0.9407477
3896,Pass,0,0.9999913,0.14487678,0,0.95768756
3897,Pass,0,0.9999902,0.09031144,0,0.97458667
3898,Pass,0,0.99999416,0.079503536,0,0.977938
3899,Pass,0,0.99993765,0.16146429,0,0.9524989
3900,Pass,0,0.9999467,0.05615364,0,0.9851233
3901,Pass,0,0.9999995,0.0347625,0,0.9918007
3902,Pass,0,0.99999714,0.24130946,0,0.9278254
3903,Pass,0,0.9999919,0.22626606,0,0.93247986
3904,Pass,0,0.9999294,0.032961678,0,0.99228895
3905,Pass,0,0.9999957,0.08483194,0,0.9762892
3906,Pass,0,0.99996674,0.033911746,0,0.9920317
3907,Pass,0,0.99682873,0.237736,0,0.925989
3908,Pass,0,0.99721706,0.17747962,0,0.94496083
3909,Pass,0,0.9999286,0.045217212,0,0.98849255
3910,Pass,0,0.9957266,0.119189985,0,0.96152514
3911,Pass,0,0.9997135,0.18744785,0,0.94423985
3912,Pass,0,0.99993145,0.028670184,0,0.99362004
3913,Pass,0,0.99979013,0.22443613,0,0.9328584
3914,Pass,0,0.99999416,0.079503536,0,0.977938
3915,Pass,0,0.99996495,0.17297557,0,0.94895965
3916,Pass,0,0.99999833,0.070138164,0,0.9808428
3917,Pass,0,0.9999893,0.18597221,0,0.9449574
3918,Pass,0,0.99997556,0.0236888,0,0.9952067
3919,Pass,0,0.9999813,0.12811737,0,0.9628687
3920,Pass,0,0.99964976,0.08709891,0,0.9752495
3921,Pass,0,0.9997707,0.39660177,0,0.87952816
3922,Pass,0,0.99999666,0.04621619,0,0.98825043
3923,Pass,0,0.9999962,0.21039966,0,0.9373981
3924,Pass,0,0.9999118,0.166996,0,0.9507611
3925,Pass,0,0.9992242,0.23316737,0,0.92962813
3926,Pass,0,0.9997831,0.1249729,0,0.9636516
3927,Pass,0,0.99997973,0.10942584,0,0.96865636
3928,Pass,0,0.99998736,0.20024747,0,0.94053423
3929,Pass,0,0.9996946,0.17526647,0,0.94799376
3930,Pass,0,0.99994993,0.077016324,0,0.9786651
3931,Pass,0,0.9995858,0.2173119,0,0.9348734
3932,Pass,0,0.9966394,0.12484426,0,0.9606612
3933,Pass,0,0.9992182,0.42138708,0,0.87137145
3934,Pass,0,0.9999771,0.1789886,0,0.9471088
3935,Pass,0,0.9994704,0.2932205,0,0.911267
3936,Pass,0,0.99999475,0.10165255,0,0.9710785
3937,Pass,0,0.955986,0.38427874,0,0.84465826
3938,Pass,0,0.99256116,0.34065303,0,0.8903856
3939,Pass,0,0.9998907,0.16314746,0,0.9519329
3940,Pass,0,0.9999372,0.24277359,0,0.92731637
3941,Pass,0,0.99998426,0.11447217,0,0.9670978
3942,Pass,0,0.99999976,0.042939845,0,0.98926824
3943,Pass,0,0.99988806,0.2263274,0,0.93236405
3944,Pass,0,0.99979705,0.15245494,0,0.95515484
3945,Pass,0,0.99999785,0.06906853,0,0.98117363
3946,Pass,0,0.9975177,0.283645,0,0.91244507
3947,Pass,0,0.9999471,0.015409946,0,0.9977424
3948,Pass,0,0.9999757,0.17461419,0,0.9484623
3949,Pass,0,0.99999714,0.10771428,0,0.9692033
3950,Pass,0,0.9999999,0.08896899,0,0.9750119
3951,Pass,0,1.0,0.091899134,0,0.97410446
3952,Pass,0,0.99999416,0.09633083,0,0.97272617
3953,Pass,0,0.99896586,0.08122989,0,0.9763982
3954,Pass,0,0.9999995,0.093638085,0,0.9735654
3955,Pass,0,0.9989052,0.07686901,0,0.97768813
3956,Pass,0,0.99985886,0.14775284,0,0.95667005
3957,Pass,0,0.99973625,0.9715946,0,0.7014541
3958,Pass,0,0.9999999,0.15729177,0,0.9538505
3959,Pass,0,0.9996444,0.11969334,0,0.96515256
3960,Pass,0,0.9995086,0.5185059,0,0.8415592
3961,Pass,0,0.999961,0.1379759,0,0.95979583
3962,Pass,0,0.9999701,0.013515206,0,0.9983522
3963,Pass,0,0.99994934,0.117790036,0,0.96603644
3964,Pass,0,0.9999995,0.050104808,0,0.9870488
3965,Pass,0,0.99975234,0.12222971,0,0.9644714
3966,Pass,0,0.9993662,0.09585068,0,0.972264
3967,Pass,0,0.99985147,0.16012429,0,0.95283175
3968,Pass,0,0.9999999,0.029530399,0,0.9934216
3969,Pass,0,0.9999939,0.12004147,0,0.9653822
3970,Pass,0,0.9999064,0.48182762,0,0.8532533
3971,Pass,0,0.999826,0.15667018,0,0.95387715
3972,Pass,0,0.9999995,0.11078145,0,0.96825564
3973,Pass,0,0.9996711,0.3337924,0,0.8988879
3974,Pass,0,0.9631489,0.35405478,0,0.86000323
3975,Pass,0,0.9998492,0.2454379,0,0.92640966
3976,Pass,0,0.999943,0.12360303,0,0.96422994
3977,Pass,0,0.9957272,0.16839564,0,0.9463505
3978,Pass,0,0.9998745,0.060646787,0,0.98366064
3979,Pass,0,0.9999912,0.111314565,0,0.9680825
3980,Pass,0,0.99999964,0.08036597,0,0.9776763
3981,Pass,0,0.9956886,0.3859897,0,0.8792097
3982,Pass,0,0.9989875,0.19820258,0,0.9402265
3983,Pass,0,0.9993963,0.10901399,0,0.9682187
3984,Pass,0,0.99999416,0.10736437,0,0.9693088
3985,Pass,0,0.9997613,0.095348805,0,0.9728037
3986,Pass,0,0.99852544,0.51523226,0,0.84174377
3987,Pass,0,1.0,0.043348905,0,0.98914176
3988,Pass,0,0.9999995,0.038243793,0,0.9907225
3989,Pass,0,0.9997682,0.07362059,0,0.97953874
3990,Pass,0,0.98876196,0.22098087,0,0.92362666
3991,Pass,0,0.99999964,0.06761915,0,0.9816243
3992,Pass,0,0.9987663,0.04293922,0,0.9880482
3993,Pass,0,0.9997689,0.042407677,0,0.98920465
3994,Pass,0,0.7327047,1.1730142,0,0.46838447
3995,Pass,0,0.99997437,0.048594963,0,0.9874916
3996,Pass,0,0.99999976,0.111049294,0,0.9681729
3997,Pass,0,0.9996537,0.29100758,0,0.91211927
3998,Pass,0,0.9999043,0.053105243,0,0.9860256
3999,Pass,0,0.9999995,0.103189856,0,0.970607
4000,Pass,0,0.99989414,0.043711144,0,0.98892486
4001,Pass,0,0.99997795,0.16379598,0,0.9518151
4002,Pass,0,0.9994678,0.02401851,0,0.9945993
4003,Pass,0,0.99999,0.11040114,0,0.9683642
4004,Pass,0,0.9953506,0.39094952,0,0.87738216
4005,Pass,0,0.9998147,0.082819894,0,0.97673553
4006,Pass,0,0.99996734,0.08078963,0,0.97751343
4007,Pass,0,0.99998033,0.08316233,0,0.9767913
4008,Pass,0,0.9998839,0.028594516,0,0.9935962
4009,Pass,0,0.99937505,0.0880853,0,0.9746762
4010,Pass,0,0.99999976,0.05278074,0,0.98622024
4011,Pass,0,0.9997453,0.1850217,0,0.94502115
4012,Pass,0,0.9999449,0.14943239,0,0.9562322
4013,Pass,0,0.998743,0.05243568,0,0.9850875
4014,Pass,0,0.97009045,0.44308105,0,0.83945227
4015,Pass,0,0.99998486,0.20962758,0,0.9376266
4016,Pass,0,0.9998938,0.100144,0,0.97144765
4017,Pass,0,0.9999124,0.021116717,0,0.99594045
4018,Pass,0,0.99965036,0.11830366,0,0.96558857
4019,Pass,0,0.9999931,0.081517324,0,0.9773133
4020,Pass,0,0.99992406,0.38456103,0,0.8833921
4021,Pass,0,0.99999964,0.05128904,0,0.9866822
4022,Pass,0,0.9974734,0.14201131,0,0.9561615
4023,Pass,0,0.99995863,0.14621446,0,0.957242
4024,Pass,0,0.9998573,0.031859044,0,0.99255884
4025,Pass,0,0.99781895,0.20321836,0,0.93757653
4026,Pass,0,0.9999995,0.06113693,0,0.98363185
4027,Pass,0,0.97501117,0.51442975,0,0.8221639
4028,Pass,0,0.9999957,0.059454486,0,0.9841492
4029,Pass,0,0.999998,0.08656016,0,0.9757561
4030,Pass,0,0.9999913,0.20121454,0,0.9402384
4031,Pass,0,0.9999738,0.14285842,0,0.9582959
4032,Pass,0,0.99913436,0.19973925,0,0.9398892
4033,Pass,0,0.9999896,0.116864756,0,0.96636194
4034,Pass,0,0.9999969,0.05922929,0,0.98422015
4035,Pass,0,0.99999297,0.11838773,0,0.96589345
4036,Pass,0,0.9999987,0.14022063,0,0.9591368
4037,Pass,0,0.9996984,0.062306,0,0.98297375
4038,Pass,0,0.95593166,0.82081723,0,0.7153609
4039,Pass,0,0.99998975,0.22215134,0,0.9337523
4040,Pass,0,0.9999957,0.059903476,0,0.98401016
4041,Pass,0,0.9994784,0.041189156,0,0.9892944
4042,Pass,0,0.99991405,0.05306333,0,0.9860482
4043,Pass,0,0.99996245,0.02443941,0,0.9949612
4044,Pass,0,0.9999064,0.09762006,0,0.9722415
4045,Pass,0,0.9999267,0.24811421,0,0.92565256
4046,Pass,0,0.6342935,0.68321675,0,0.5016992
4047,Pass,0,0.99998236,0.13754345,0,0.95995027
4048,Pass,0,0.9998503,0.054975,0,0.9853933
4049,Pass,0,0.9992182,0.42138708,0,0.87137145
4050,Pass,0,0.99763525,0.18407829,0,0.9433181
4051,Pass,0,0.9972236,0.19636388,0,0.93913424
4052,Pass,0,0.99975973,0.12770481,0,0.9627831
4053,Pass,0,0.99993026,0.09087187,0,0.9743547
4054,Pass,0,0.99972016,0.1823501,0,0.9458246
4055,Pass,0,0.99605274,0.34963807,0,0.8907458
4056,Pass,0,0.99999607,0.101414084,0,0.9711536
4057,Pass,0,0.99943453,0.18199389,0,0.94566464
4058,Pass,0,0.99988663,0.19706611,0,0.94142467
4059,Pass,0,0.9999994,0.15513474,0,0.95451814
4060,Pass,0,0.99795306,0.5572902,0,0.8282615
4061,Pass,0,0.9999993,0.07400429,0,0.97964627
4062,Pass,0,0.9999964,0.098713666,0,0.97199035
4063,Pass,0,0.99989724,0.2924752,0,0.911887
4064,Pass,0,0.9998542,0.12501794,0,0.96370614
4065,Pass,0,0.9999821,0.12179346,0,0.9648282
4066,Pass,0,0.99971765,0.14577554,0,0.9571472
4067,Pass,0,0.9999888,0.06429603,0,0.9826429
4068,Pass,0,0.9998838,0.11538616,0,0.96671754
4069,Pass,0,0.99875724,0.06304245,0,0.9818205
4070,Pass,0,0.9999571,0.07224583,0,0.98014957
4071,Pass,0,0.9968991,0.41481894,0,0.8713771
4072,Pass,0,0.9997117,0.062346093,0,0.98297435
4073,Pass,0,0.9999999,0.14109185,0,0.958868
4074,Pass,0,0.9999932,0.19844584,0,0.94109774
4075,Pass,0,0.99981016,0.04476859,0,0.98851436
4076,Pass,0,0.99624795,0.18410408,0,0.9419984
4077,Pass,0,0.99944395,0.26426503,0,0.9202062
4078,Pass,0,0.9999981,0.027649874,0,0.9940023
4079,Pass,0,0.9997135,0.14215042,0,0.95826566
4080,Pass,0,0.9999945,0.107685655,0,0.9692097
4081,Pass,0,0.9985114,0.09097576,0,0.97293997
4082,Pass,0,0.99992657,0.23561397,0,0.9295239
4083,Pass,0,0.9997416,0.06673829,0,0.98164374
4084,Pass,0,0.9969381,0.18007183,0,0.94389606
4085,Pass,0,0.9999993,0.07422699,0,0.9795773
4086,Pass,0,0.99999404,0.09179895,0,0.97412974
4087,Pass,0,0.9999987,0.12028546,0,0.9653112
4088,Pass,0,0.99708575,0.13640212,0,0.9575221
4089,Pass,0,0.9998722,0.14822792,0,0.9565357
4090,Pass,0,0.9998996,0.14402963,0,0.95786214
4091,Pass,0,0.9999995,0.05266946,0,0.98625445
4092,Pass,0,0.94063604,0.46407425,0,0.8078482
4093,Pass,0,0.999998,0.052538898,0,0.9862934
4094,Pass,0,0.99756074,0.32160163,0,0.9007569
4095,Pass,0,0.99941695,0.24279962,0,0.9268259
4096,Pass,0,0.49229243,0.5841636,0,0.40448564
4097,Pass,0,0.99999964,0.05128904,0,0.9866822
4098,Pass,0,0.9999999,0.060085442,0,0.9839579
4099,Pass,0,0.9999552,0.14326717,0,0.95815146
4100,Pass,0,0.9999995,0.11078145,0,0.96825564
4101,Pass,0,0.99136204,0.10224109,0,0.9625147
4102,Pass,0,0.9992304,0.22123452,0,0.933327
4103,Pass,0,0.9954437,0.12447943,0,0.95962113
4104,Pass,0,0.998754,0.05868408,0,0.9831655
4105,Pass,0,0.999992,0.08848852,0,0.975153
4106,Pass,0,0.9961565,0.3017366,0,0.905618
4107,Pass,0,0.9999989,0.045853112,0,0.9883651
4108,Pass,0,0.99993765,0.16146429,0,0.9524989
4109,Pass,0,0.9999771,0.12440983,0,0.964013
4110,Pass,0,0.9922376,0.07554001,0,0.9715707
4111,Pass,0,0.9999802,0.01567089,0,0.9976947
4112,Pass,0,0.99816126,0.18053731,0,0.9449102
4113,Pass,0,0.99990404,0.0222364,0,0.9955853
4114,Pass,0,0.99832565,0.084693626,0,0.9747015
4115,Pass,0,0.9999387,0.123476036,0,0.96426517
4116,Pass,0,0.9999069,0.16257262,0,0.9521264
4117,Pass,0,0.8102366,0.6767009,0,0.6424979
4118,Pass,0,0.99998116,0.15968606,0,0.9530911
4119,Pass,0,0.99993944,0.17135009,0,0.94943887
4120,Pass,0,0.9999858,0.14774258,0,0.9567947
4121,Pass,0,0.99996614,0.24123207,0,0.9278206
4122,Pass,0,0.9999908,0.17029381,0,0.94981486
4123,Pass,0,0.99999976,0.04818049,0,0.9876451
4124,Pass,0,0.9999925,0.014995724,0,0.99791604
4125,Pass,0,0.9999378,0.07640064,0,0.97884387
4126,Pass,0,0.99998724,0.08087385,0,0.9775068
4127,Pass,0,0.99788195,0.5529043,0,0.829558
4128,Pass,0,0.9966633,0.07027495,0,0.9775294
4129,Pass,0,0.99997985,0.15894698,0,0.9533188
4130,Pass,0,0.98640335,0.29217064,0,0.8996739
4131,Pass,0,0.9975177,0.283645,0,0.91244507
4132,Pass,0,0.9999956,0.12928903,0,0.9625196
4133,Pass,0,0.9999361,0.3289608,0,0.90062255
4134,Pass,0,0.99961424,0.19885637,0,0.940614
4135,Pass,0,0.9997527,0.06629282,0,0.9817926
4136,Pass,0,0.9999912,0.10750033,0,0.96926385
4137,Pass,0,0.9989951,0.16035207,0,0.95194525
4138,Pass,0,0.9996393,0.23752193,0,0.9286661
4139,Pass,0,0.9999969,0.060185235,0,0.9839241
4140,Pass,0,0.999734,0.08777278,0,0.97512305
4141,Pass,0,0.93344885,0.3531499,0,0.8337454
4142,Pass,0,0.99998534,0.11591312,0,0.9666525
4143,Pass,0,0.99999964,0.067067556,0,0.98179513
4144,Pass,0,0.99965477,0.18432835,0,0.94515026
4145,Pass,0,0.9999529,0.24181652,0,0.9276273
4146,Pass,0,0.991911,0.28884575,0,0.90571874
4147,Pass,0,0.9821278,0.23212622,0,0.91403925
4148,Pass,0,0.9999999,0.060085442,0,0.9839579
4149,Pass,0,0.99997807,0.032784425,0,0.9923921
4150,Pass,0,0.99982315,0.17761584,0,0.9473882
4151,Pass,0,0.99984777,0.08748951,0,0.97532177
4152,Pass,0,0.9999224,0.16467358,0,0.9514904
4153,Pass,0,0.99996066,0.059105758,0,0.9842227
4154,Pass,0,0.9999168,0.068394236,0,0.9813029
4155,Pass,0,0.98754984,0.16788967,0,0.9387334
4156,Pass,0,0.9999999,0.064941615,0,0.9824538
4157,Pass,0,0.99932456,0.13348585,0,0.9605747
4158,Pass,0,0.9999949,0.10126545,0,0.97119844
4159,Pass,0,0.9984664,0.2578024,0,0.92130464
4160,Pass,0,0.99951243,0.088622764,0,0.9746438
4161,Pass,0,0.99988854,0.21688381,0,0.9352891
4162,Pass,0,0.99795294,0.3525834,0,0.89153475
4163,Pass,0,0.99995553,0.09281805,0,0.9737766
4164,Pass,0,0.9995449,0.27650303,0,0.9165104
4165,Pass,0,0.9994097,0.44936594,0,0.8628777
4166,Pass,0,0.99999404,0.09179895,0,0.97412974
4167,Pass,0,0.9998227,0.25309628,0,0.92401356
4168,Pass,0,0.9999876,0.13256724,0,0.96149653
4169,Pass,0,0.99981755,0.06433648,0,0.98246205
4170,Pass,0,0.99931085,0.5711608,0,0.8250953
4171,Pass,0,0.9973023,0.15244757,0,0.95277375
4172,Pass,0,0.9999478,0.061870225,0,0.9833539
4173,Pass,0,0.999936,0.18698779,0,0.9445925
4174,Pass,0,1.0,0.07721741,0,0.9786518
4175,Pass,0,0.9996741,0.06209252,0,0.9830159
4176,Pass,0,0.99966466,0.16832802,0,0.9501137
4177,Pass,0,0.99975866,0.22804655,0,0.9317111
4178,Pass,0,0.68023366,0.8039049,0,0.5126085
4179,Pass,0,0.9999939,0.12004147,0,0.9653822
4180,Pass,0,0.9999999,0.047904566,0,0.9877307
4181,Pass,0,0.9999392,0.13543655,0,0.96056134
4182,Pass,0,0.89369565,0.97879153,0,0.6250597
4183,Pass,0,1.0,0.123460256,0,0.9643291
4184,Pass,0,0.995369,0.054245632,0,0.9812017
4185,Pass,0,0.99777836,0.2663249,0,0.91803604
4186,Pass,0,0.999943,0.12360303,0,0.96422994
4187,Pass,0,0.99999976,0.08129751,0,0.97738785
4188,Pass,0,0.99059474,0.59737426,0,0.809856
4189,Pass,0,0.99999094,0.13586742,0,0.9604776
4190,Pass,0,0.99990296,0.044843495,0,0.9885829
4191,Pass,0,1.0,0.065846585,0,0.9821736
4192,Pass,0,0.9999999,0.026062854,0,0.99449563
4193,Pass,0,0.9998486,0.11632922,0,0.9663915
4194,Pass,0,0.9999982,0.10279354,0,0.97072846
4195,Pass,0,0.99988115,0.09357222,0,0.97347057
4196,Pass,0,0.958462,0.4747091,0,0.8200006
4197,Pass,0,0.9997613,0.095348805,0,0.9728037
4198,Pass,0,0.9977635,0.16346371,0,0.94980997
4199,Pass,0,0.99985445,0.15620628,0,0.9540479
4200,Pass,0,0.999946,0.12846312,0,0.96272767
4201,Pass,0,0.9825486,0.36259127,0,0.8747275
4202,Pass,0,0.9999813,0.08793774,0,0.9753132
4203,Pass,0,0.999961,0.22582698,0,0.9325871
4204,Pass,0,0.9907934,0.39805546,0,0.87118447
4205,Pass,0,0.99721044,0.19606194,0,0.9392151
4206,Pass,0,0.99992085,0.013026508,0,0.9984544
4207,Pass,0,0.9999937,0.18736055,0,0.94453156
4208,Pass,0,0.999967,0.085167594,0,0.9761572
4209,Pass,0,0.999777,0.26216632,0,0.92116266
4210,Pass,0,0.9999957,0.050648537,0,0.98687667
4211,Pass,0,0.9999889,0.053365957,0,0.9860283
4212,Pass,0,0.99986863,0.20215087,0,0.93983305
4213,Pass,0,0.999926,0.060539633,0,0.9837445
4214,Pass,0,0.9999734,0.14561021,0,0.95744324
4215,Pass,0,0.9999566,0.063249916,0,0.98293525
4216,Pass,0,0.99998,0.06031764,0,0.9838664
4217,Pass,0,0.9673848,0.64083874,0,0.7778578
4218,Pass,0,0.9999894,0.1391013,0,0.9594745
4219,Pass,0,0.9999423,0.39635646,0,0.8797551
4220,Pass,0,0.9992924,0.042498607,0,0.98870504
4221,Pass,0,0.99997103,0.1259972,0,0.9635155
4222,Pass,0,0.9994992,0.1722848,0,0.94873154
4223,Pass,0,0.9999975,0.051441766,0,0.98663276
4224,Pass,0,0.9785348,0.48782334,0,0.833199
4225,Pass,0,0.9971957,0.033388425,0,0.9894444
4226,Pass,0,0.9994617,0.20412458,0,0.9388396
4227,Pass,0,0.9997787,0.105537415,0,0.9696657
4228,Pass,0,0.99976593,0.18497121,0,0.9450563
4229,Pass,0,0.99999034,0.0710925,0,0.9805394
4230,Pass,0,0.99965036,0.11830366,0,0.96558857
4231,Pass,0,0.99965477,0.030207265,0,0.9928692
4232,Pass,0,0.9999547,0.08549699,0,0.97604316
4233,Pass,0,0.9908586,0.105837524,0,0.9609222
4234,Pass,0,0.9999174,0.033957634,0,0.9919686
4235,Pass,0,0.9999864,0.116650805,0,0.9664251
4236,Pass,0,0.9990575,0.16053987,0,0.95194656
4237,Pass,0,0.99974173,0.07394313,0,0.9794129
4238,Pass,0,0.9999993,0.06106364,0,0.9836543
4239,Pass,0,0.9998128,0.17557608,0,0.94800997
4240,Pass,0,0.998533,0.27213162,0,0.9169345
4241,Pass,0,0.943379,0.53627545,0,0.78910744
4242,Pass,0,0.99987006,0.12558185,0,0.9635468
4243,Pass,0,0.99996996,0.13099757,0,0.96196574
4244,Pass,0,0.9999988,0.07998873,0,0.97779226
4245,Pass,0,0.9997689,0.042407677,0,0.98920465
4246,Pass,0,0.99996734,0.1076566,0,0.9691923
4247,Pass,0,0.99995244,0.18192083,0,0.94617736
4248,Pass,0,0.9866883,0.44596064,0,0.85293496
4249,Pass,0,0.99949014,0.12390991,0,0.96369827
4250,Pass,0,0.99999845,0.031551056,0,0.99279433
4251,Pass,0,0.9999753,0.062376197,0,0.9832243
4252,Pass,0,0.9999974,0.094694585,0,0.9732361
4253,Pass,0,0.9983773,0.048145074,0,0.98605365
4254,Pass,0,0.999949,0.16830549,0,0.9503909
4255,Pass,0,0.91346097,1.5550582,0,0.47584447
4256,Pass,0,0.99996495,0.1279789,0,0.9628959
4257,Pass,0,0.9999964,0.098713666,0,0.97199035
4258,Pass,0,0.6525842,0.21395354,0,0.6110152
4259,Pass,0,0.999892,0.12700781,0,0.96312636
4260,Pass,0,0.99996793,0.103321545,0,0.9705355
4261,Pass,0,0.99997354,0.17000027,0,0.9498893
4262,Pass,0,0.9999341,0.2375787,0,0.92892236
4263,Pass,0,0.9999999,0.10596583,0,0.96974754
4264,Pass,0,0.9993963,0.10901399,0,0.9682187
4265,Pass,0,0.99784315,0.24067809,0,0.92602205
4266,Pass,0,0.99990225,0.17778337,0,0.9474112
4267,Pass,0,0.9999964,0.18103102,0,0.9464945
4268,Pass,0,0.99998593,0.092123635,0,0.97402126
4269,Pass,0,0.9999238,0.2010381,0,0.94022954
4270,Pass,0,0.9996594,0.14864329,0,0.95620346
4271,Pass,0,0.999884,0.17478032,0,0.9483239
4272,Pass,0,0.99999917,0.10162654,0,0.9710908
4273,Pass,0,0.99991536,0.039033066,0,0.9903947
4274,Pass,0,0.999522,0.15959913,0,0.95268035
4275,Pass,0,0.9999629,0.21186927,0,0.93691176
4276,Pass,0,0.9999702,0.11359483,0,0.9673559
4277,Pass,0,0.99999356,0.05110248,0,0.9867339
4278,Pass,0,0.9999949,0.13181949,0,0.9617351
4279,Pass,0,0.99999714,0.051169522,0,0.98671675
4280,Pass,0,1.0,0.041776307,0,0.98962885
4281,Pass,0,0.9999957,0.15381785,0,0.9549225
4282,Pass,0,0.9552311,1.6471716,0,0.4703508
4283,Pass,0,0.9999989,0.05755713,0,0.98474
4284,Pass,0,0.9999969,0.06663915,0,0.98192513
4285,Pass,0,0.99999654,0.089099824,0,0.9749681
4286,Pass,0,0.99976236,0.21267046,0,0.93647575
4287,Pass,0,0.47705796,1.0775242,0,0.31907064
4288,Pass,0,0.9998568,0.13774294,0,0.959768
4289,Pass,0,0.9980367,0.44734475,0,0.8623171
4290,Pass,0,0.99999917,0.06235629,0,0.98325384
4291,Pass,0,0.99886984,0.44332123,0,0.8642818
4292,Pass,0,0.9891698,0.1599231,0,0.942714
4293,Pass,0,0.99997854,0.060644183,0,0.9837639
4294,Pass,0,0.99999905,0.11293142,0,0.9675893
4295,Pass,0,0.99999666,0.15095818,0,0.95580906
4296,Pass,0,0.99997044,0.029933617,0,0.9932675
4297,Pass,0,0.99912053,0.25225022,0,0.9236264
4298,Pass,0,0.9452632,0.5662129,0,0.7819187
4299,Pass,0,0.99961627,0.04341285,0,0.9887424
4300,Pass,0,0.999997,0.12392122,0,0.9641835
4301,Pass,0,0.99812204,0.2995924,0,0.90806776
4302,Pass,0,0.9988701,0.22281961,0,0.93250006
4303,Pass,0,0.9999999,0.029530399,0,0.9934216
4304,Pass,0,0.9999808,0.15590426,0,0.9542621
4305,Pass,0,0.9999962,0.08059849,0,0.9776008
4306,Pass,0,0.9999937,0.07114953,0,0.98052496
4307,Pass,0,0.9999975,0.10233289,0,0.97087044
4308,Pass,0,0.9999782,0.041641973,0,0.9896489
4309,Pass,0,0.9985114,0.09097576,0,0.97293997
4310,Pass,0,0.9999707,0.12766565,0,0.9629984
4311,Pass,0,0.9999888,0.08108547,0,0.9774428
4312,Pass,0,0.9999987,0.14022063,0,0.9591368
4313,Pass,0,0.99977416,0.13531776,0,0.9604396
4314,Pass,0,0.9999999,0.07479027,0,0.97940344
4315,Pass,0,0.76779807,0.49506253,0,0.6520402
4316,Pass,0,0.99999785,0.07717396,0,0.97866315
4317,Pass,0,0.99974865,0.12821977,0,0.962613
4318,Pass,0,0.99999917,0.17875797,0,0.9472012
4319,Pass,0,0.9996226,0.08998893,0,0.9743282
4320,Pass,0,0.9999497,0.066831954,0,0.98181903
4321,Pass,0,0.9999119,0.19829717,0,0.9410672
4322,Pass,0,0.9998654,0.12512621,0,0.9636835
4323,Pass,0,0.999998,0.06279318,0,0.9831174
4324,Pass,0,0.8995425,0.18968782,0,0.8490032
4325,Pass,0,0.99938536,0.16922483,0,0.94957066
4326,Pass,0,0.99887234,0.098807044,0,0.9708688
4327,Pass,0,0.9946143,0.079740606,0,0.9726038
4328,Pass,0,0.99998724,0.08087385,0,0.9775068
4329,Pass,0,0.9999976,0.0580405,0,0.9845891
4330,Pass,0,0.99997854,0.060644183,0,0.9837639
4331,Pass,0,0.9995085,0.115281194,0,0.9663872
4332,Pass,0,0.9766897,0.5904162,0,0.8005929
4333,Pass,0,0.99947447,0.43305132,0,0.8679841
4334,Pass,0,1.0,0.11914749,0,0.9656649
4335,Pass,0,0.99999976,0.050022844,0,0.98707443
4336,Pass,0,0.99859244,0.107408725,0,0.9679364
4337,Pass,0,0.999374,0.04786515,0,0.9871246
4338,Pass,0,0.99993134,0.1384624,0,0.95961666
4339,Pass,0,0.6808803,0.56245285,0,0.5640149
4340,Pass,0,0.9996014,0.4125421,0,0.87444407
4341,Pass,0,0.9973016,0.31876376,0,0.90139943
4342,Pass,0,0.99996185,0.02736643,0,0.9940541
4343,Pass,0,0.9999889,0.24276508,0,0.927367
4344,Pass,0,0.9999964,0.18103102,0,0.9464945
4345,Pass,0,0.9999995,0.07004693,0,0.9808722
4346,Pass,0,0.9999825,0.12629516,0,0.9634342
4347,Pass,0,0.9998048,0.03637252,0,0.991109
4348,Pass,0,0.9999881,0.037512355,0,0.9909377
4349,Pass,0,0.9999087,0.4603204,0,0.859916
4350,Pass,0,0.9999999,0.07487106,0,0.9793784
4351,Pass,0,0.99999666,0.15095818,0,0.95580906
4352,Pass,0,0.99998724,0.08087385,0,0.9775068
4353,Pass,0,0.585105,0.6649021,0,0.46611226
4354,Pass,0,0.9999374,0.25310355,0,0.9241173
4355,Pass,0,0.9999957,0.059903476,0,0.98401016
4356,Pass,0,0.9981192,0.11584,0,0.96487117
4357,Pass,0,0.99993086,0.0504042,0,0.98688835
4358,Pass,0,0.99998355,0.2530436,0,0.92417854
4359,Pass,0,0.9999895,0.07416893,0,0.97958577
4360,Pass,0,0.9999968,0.12068382,0,0.965186
4361,Pass,0,0.99615896,0.19892064,0,0.9373428
4362,Pass,0,0.9998734,0.17660184,0,0.9477498
4363,Pass,0,0.99999833,0.042989414,0,0.98925143
4364,Pass,0,0.9999963,0.18286858,0,0.9459253
4365,Pass,0,0.99999297,0.10103429,0,0.97126824
4366,Pass,0,0.99908245,0.25745225,0,0.92198145
4367,Pass,0,0.9999925,0.22177285,0,0.93387204
4368,Pass,0,0.9999912,0.10750033,0,0.96926385
4369,Pass,0,0.9999989,0.0969143,0,0.9725501
4370,Pass,0,0.99995553,0.1077732,0,0.96914476
4371,Pass,0,0.99898225,0.21232031,0,0.93585336
4372,Pass,0,0.9999751,0.1355026,0,0.96057534
4373,Pass,0,0.99724424,0.059281956,0,0.98149467
4374,Pass,0,0.9742983,0.30700785,0,0.88415575
4375,Pass,0,0.99999905,0.088246554,0,0.9752348
4376,Pass,0,0.99979836,0.035414264,0,0.9913994
4377,Pass,0,0.99999726,0.09506629,0,0.97312087
4378,Pass,0,0.999949,0.102609,0,0.9707378
4379,Pass,0,0.9999869,0.0962175,0,0.9727542
4380,Pass,0,1.0,0.042277865,0,0.9894735
4381,Pass,0,0.99816126,0.18053731,0,0.9449102
4382,Pass,0,0.9999701,0.1234314,0,0.9643092
4383,Pass,0,0.9995228,0.4326456,0,0.86815166
4384,Pass,0,0.9999877,0.07857335,0,0.9782198
4385,Pass,0,0.99998724,0.073340744,0,0.97984
4386,Pass,0,0.9999999,0.061304737,0,0.98358023
4387,Pass,0,0.9998859,0.12235009,0,0.96456295
4388,Pass,0,0.9997887,0.13167447,0,0.9615817
4389,Pass,0,0.9997787,0.105537415,0,0.9696657
4390,Pass,0,0.99888927,0.177123,0,0.9466557
4391,Pass,0,0.99999344,0.052070707,0,0.9864339
4392,Pass,0,0.99816126,0.18053731,0,0.9449102
4393,Pass,0,0.9999887,0.1844848,0,0.94541746
4394,Pass,0,0.99994934,0.16849042,0,0.95033395
4395,Pass,0,0.9999999,0.046033222,0,0.9883103
4396,Pass,0,0.99997914,0.117380455,0,0.96619207
4397,Pass,0,0.9999175,0.104498416,0,0.9701221
4398,Pass,0,0.99997425,0.28832856,0,0.91324145
4399,Pass,0,0.99998844,0.13965471,0,0.9593022
4400,Pass,0,0.999948,0.18743205,0,0.94446623
4401,Pass,0,0.9986356,0.44354331,0,0.8640104
4402,Pass,0,0.84804803,0.6789471,0,0.67189145
4403,Pass,0,0.99974924,0.22056578,0,0.93401873
4404,Pass,0,0.99999976,0.078333355,0,0.97830594
4405,Pass,0,0.9999478,0.061870225,0,0.9833539
4406,Pass,0,0.9998678,0.067307994,0,0.9815912
4407,Pass,0,0.9999949,0.13729456,0,0.9600393
4408,Pass,0,0.9989735,0.15449476,0,0.9537369
4409,Pass,0,0.9999434,0.1309754,0,0.961947
4410,Pass,0,0.9999933,0.04523207,0,0.9885519
4411,Pass,0,0.9999993,0.07930501,0,0.9780045
4412,Pass,0,0.9999938,0.21464534,0,0.9360809
4413,Pass,0,0.9866377,0.40843564,0,0.86435837
4414,Pass,0,0.9999964,0.13684547,0,0.9601799
4415,Pass,0,0.51271564,0.6118922,0,0.41686276
4416,Pass,0,0.999969,0.16559146,0,0.9512505
4417,Pass,0,0.999826,0.15667018,0,0.95387715
4418,Pass,0,0.9999951,0.20102265,0,0.9403014
4419,Pass,0,0.9995396,0.23664615,0,0.9288446
4420,Pass,0,0.9997433,0.1691558,0,0.9499321
4421,Pass,0,0.9996407,0.02757329,0,0.99367076
4422,Pass,0,0.9997609,0.034540135,0,0.991633
4423,Pass,0,0.99998915,0.25583252,0,0.9233199
4424,Pass,0,0.9576045,0.6393811,0,0.770426
4425,Pass,0,0.9999652,0.24178378,0,0.92764884
4426,Pass,0,0.9999112,0.3065911,0,0.90752804
4427,Pass,0,0.9997876,0.31352615,0,0.9052684
4428,Pass,0,0.9996983,0.056134608,0,0.98488444
4429,Pass,0,0.9998746,0.42558694,0,0.8706432
4430,Pass,0,0.9999889,0.078656696,0,0.9781952
4431,Pass,0,0.99282104,0.2702644,0,0.9122635
4432,Pass,0,0.9999894,0.1391013,0,0.9594745
4433,Pass,0,0.9999962,0.0822021,0,0.9771041
4434,Pass,0,0.99998367,0.20494512,0,0.93907577
4435,Pass,0,0.99949145,0.23787431,0,0.92841965
4436,Pass,0,0.99948645,0.15879585,0,0.95289516
4437,Pass,0,0.99923015,0.14629705,0,0.956519
4438,Pass,0,0.9999974,0.025381204,0,0.99470425
4439,Pass,0,0.99998105,0.14386897,0,0.9579899
4440,Pass,0,0.9999857,0.115189,0,0.96687716
4441,Pass,0,0.9965759,0.48538134,0,0.84931433
4442,Pass,0,0.99999356,0.055187885,0,0.9854686
4443,Pass,0,0.9957266,0.119189985,0,0.96152514
4444,Pass,0,0.9999596,0.046848495,0,0.9880179
4445,Pass,0,0.99989307,0.14203817,0,0.95847255
4446,Pass,0,0.99993086,0.090117775,0,0.9745888
4447,Pass,0,0.9999721,0.0435138,0,0.9890631
4448,Pass,0,0.99998367,0.040026005,0,0.9901548
4449,Pass,0,0.99966073,0.15719387,0,0.9535574
4450,Pass,0,0.9982948,0.0471681,0,0.9862741
4451,Pass,0,0.999984,0.059327014,0,0.9841772
4452,Pass,0,0.9826968,0.53009784,0,0.82387584
4453,Pass,0,0.99996257,0.26282567,0,0.92112947
4454,Pass,0,0.9687913,0.2556872,0,0.8945576
4455,Pass,0,0.99998426,0.21379839,0,0.9363343
4456,Pass,0,0.99999416,0.079503536,0,0.977938
4457,Pass,0,0.9897625,0.1821008,0,0.93648016
4458,Pass,0,0.9991035,0.11496249,0,0.96609426
4459,Pass,0,0.9999881,0.079216436,0,0.97802097
4460,Pass,0,0.9997845,0.017623652,0,0.9968947
4461,Pass,0,0.99926645,0.25607806,0,0.9225766
4462,Pass,0,0.9998988,0.11765304,0,0.96603006
4463,Pass,0,0.99989414,0.17960124,0,0.9468405
4464,Pass,0,0.9997867,0.15042622,0,0.9557732
4465,Pass,0,0.999982,0.15376121,0,0.95492697
4466,Pass,0,0.33375716,1.1324276,0,0.2175512
4467,Pass,0,0.9999893,0.1530679,0,0.95514864
4468,Pass,0,0.99998486,0.10421399,0,0.9702756
4469,Pass,0,0.99985373,0.084155194,0,0.97636014
4470,Pass,0,0.99615896,0.19892064,0,0.9373428
4471,Pass,0,0.99988425,0.18623249,0,0.94477755
4472,Pass,0,0.999982,0.11693998,0,0.96633124
4473,Pass,0,0.97741085,0.9183756,0,0.7019007
4474,Pass,0,0.9999907,0.09005177,0,0.9746676
4475,Pass,0,0.99998415,0.108020276,0,0.96909595
4476,Pass,0,0.99998534,0.11591312,0,0.9666525
4477,Pass,0,0.9999783,0.035497636,0,0.991552
4478,Pass,0,0.9999989,0.15980159,0,0.95307225
4479,Pass,0,0.9999399,0.1288324,0,0.96260744
4480,Pass,0,0.99994135,0.120343894,0,0.96523774
4481,Pass,0,0.99999785,0.1953507,0,0.9420607
4482,Pass,0,0.9999739,0.13215774,0,0.9616102
4483,Pass,0,0.99999774,0.05432237,0,0.9857408
4484,Pass,0,0.9152964,0.31235206,0,0.8290977
4485,Pass,0,0.9999739,0.13215774,0,0.9616102
4486,Pass,0,0.99999416,0.09633083,0,0.97272617
4487,Pass,0,1.0,0.07597113,0,0.9790378
4488,Pass,0,0.99985886,0.14775284,0,0.95667005
4489,Pass,0,0.999997,0.12799467,0,0.96292186
4490,Pass,0,0.99999917,0.09159787,0,0.974197
4491,Pass,0,0.9999702,0.04575633,0,0.9883667
4492,Pass,0,0.99999607,0.04645433,0,0.98817605
4493,Pass,0,0.99997723,0.17866696,0,0.9472086
4494,Pass,0,0.99998724,0.073340744,0,0.97984
4495,Pass,0,0.9738091,1.3647394,0,0.56468433
4496,Pass,0,0.99999166,0.11107522,0,0.968157
4497,Pass,0,0.99999,0.04812391,0,0.98765296
4498,Pass,0,0.9999378,0.1510091,0,0.95573705
4499,Pass,0,0.9999994,0.13017482,0,0.96224886
4500,Pass,0,0.9999963,0.058546975,0,0.9844309
4501,Pass,0,0.9998215,0.29684174,0,0.9104657
4502,Pass,0,0.75600827,0.5592075,0,0.62700796
4503,Pass,0,0.9997247,0.10411299,0,0.9700544
4504,Pass,0,0.94860536,0.9061641,0,0.6848027
4505,Pass,0,0.9999938,0.07495535,0,0.97934633
4506,Pass,0,0.9725112,0.56985784,0,0.80336016
4507,Pass,0,0.9999943,0.12863192,0,0.9627219
4508,Pass,0,0.99999964,0.06079853,0,0.9837368
4509,Pass,0,0.9999888,0.19522661,0,0.94209063
4510,Pass,0,0.81272894,0.52883154,0,0.68169653
4511,Pass,0,0.9999832,0.08507469,0,0.9762018
4512,Pass,0,0.9996209,0.078937456,0,0.9777483
4513,Pass,0,0.9970163,0.22491647,0,0.93012196
4514,Pass,0,0.99995494,0.086363494,0,0.975775
4515,Pass,0,0.99999046,0.07006309,0,0.9808583
4516,Pass,0,0.99999416,0.100680545,0,0.971379
4517,Pass,0,0.999897,0.25571522,0,0.9232711
4518,Pass,0,0.9998989,0.12238252,0,0.96456546
4519,Pass,0,0.99999523,0.13466689,0,0.9608536
4520,Pass,0,0.99996734,0.20447743,0,0.9392052
4521,Pass,0,0.9999536,0.099266015,0,0.9717777
4522,Pass,0,0.9999746,0.20217349,0,0.93992573
4523,Pass,0,0.99999523,0.09704294,0,0.97250664
4524,Pass,0,0.9999752,0.029596409,0,0.9933767
4525,Pass,0,0.9999167,0.26943508,0,0.91904026
4526,Pass,0,0.9998049,0.18416382,0,0.94534314
4527,Pass,0,0.9971307,0.32379255,0,0.89969194
4528,Pass,0,0.9999944,0.09588007,0,0.97286606
4529,Pass,0,0.9996922,0.21676664,0,0.9351417
4530,Pass,0,0.9999832,0.08507469,0,0.9762018
4531,Pass,0,0.9999925,0.13629931,0,0.9603453
4532,Pass,0,0.91346097,1.5550582,0,0.47584447
4533,Pass,0,0.9995615,0.13295206,0,0.9609677
4534,Pass,0,0.99998844,0.17901465,0,0.9471115
4535,Pass,0,0.9999938,0.21464534,0,0.9360809
4536,Pass,0,0.97700524,0.041540667,0,0.9669439
4537,Pass,0,0.9997553,0.04150285,0,0.9894714
4538,Pass,0,0.99999034,0.19530958,0,0.9420664
4539,Pass,0,0.99998045,0.11541913,0,0.9668008
4540,Pass,0,0.9999863,0.13253002,0,0.96150684
4541,Pass,0,0.99961674,0.31742263,0,0.90390724
4542,Pass,0,0.9999964,0.13210057,0,0.96164954
4543,Pass,0,0.9999411,0.15207814,0,0.95540917
4544,Pass,0,0.93613476,0.5905808,0,0.7673022
4545,Pass,0,0.9991762,0.14951995,0,0.95547
4546,Pass,0,0.99853945,0.39171103,0,0.87995756
4547,Pass,0,0.9999583,0.05559202,0,0.98530865
4548,Pass,0,0.9937738,0.2991412,0,0.90425074
4549,Pass,0,0.99872655,0.105509736,0,0.9686538
4550,Pass,0,0.99881446,0.4835646,0,0.85178417
4551,Pass,0,1.0,0.039772574,0,0.99024945
4552,Pass,0,0.99996054,0.16700397,0,0.950805
4553,Pass,0,0.9999602,0.014017004,0,0.9981869
4554,Pass,0,0.9997131,0.352487,0,0.8931371
4555,Pass,0,0.99923086,0.3882662,0,0.88163304
4556,Pass,0,0.9907934,0.39805546,0,0.87118447
4557,Pass,0,0.9996531,0.07559365,0,0.978815
4558,Pass,0,0.9038976,0.94796187,0,0.6408262
4559,Pass,0,0.33375716,1.1324276,0,0.2175512
4560,Pass,0,0.9998305,0.05855906,0,0.9842639
4561,Pass,0,0.9999893,0.18819846,0,0.94426787
4562,Pass,0,0.9999999,0.07005114,0,0.98087126
4563,Pass,0,0.99997807,0.18024756,0,0.9467198
4564,Pass,0,0.9963497,0.06612727,0,0.9785018
4565,Pass,0,0.9999969,0.106196515,0,0.9696732
4566,Pass,0,0.99999726,0.12150922,0,0.96493083
4567,Pass,0,0.99995387,0.1279964,0,0.9628798
4568,Pass,0,0.9580291,0.73332906,0,0.74289066
4569,Pass,0,0.89369565,0.97879153,0,0.6250597
4570,Pass,0,0.9999399,0.1288324,0,0.96260744
4571,Pass,0,0.9997162,0.19769824,0,0.94106853
4572,Pass,0,0.999967,0.14978933,0,0.9561427
4573,Pass,0,0.9999988,0.11873881,0,0.9657904
4574,Pass,0,0.99999917,0.035841372,0,0.9914662
4575,Pass,0,0.9999993,0.053132687,0,0.98611075
4576,Pass,0,0.99843186,0.046365213,0,0.9866579
4577,Pass,0,0.99999714,0.10005506,0,0.97157556
4578,Pass,0,0.9999994,0.049150147,0,0.9873444
4579,Pass,0,0.9993832,0.044508908,0,0.98817265
4580,Pass,0,0.99999404,0.113733344,0,0.96733606
4581,Pass,0,0.9999026,0.33877257,0,0.8975537
4582,Pass,0,0.999984,0.19165507,0,0.9431923
4583,Pass,0,0.9999938,0.07077026,0,0.98064256
4584,Pass,0,0.999752,0.15201783,0,0.9552471
4585,Pass,0,0.9999298,0.26545355,0,0.9202854
4586,Pass,0,0.99999976,0.03499649,0,0.9917285
4587,Pass,0,0.99970007,0.061795224,0,0.9831335
4588,Pass,0,0.99982554,0.094745055,0,0.9730532
4589,Pass,0,0.99538124,0.38501287,0,0.87923944
4590,Pass,0,0.9999572,0.022946028,0,0.9954185
4591,Pass,0,0.99987376,0.13368134,0,0.96104205
4592,Pass,0,0.9999988,0.15835853,0,0.9535191
4593,Pass,0,0.99999046,0.07006309,0,0.9808583
4594,Pass,0,0.9999894,0.32407477,0,0.90218383
4595,Pass,0,0.9999478,0.061870225,0,0.9833539
4596,Pass,0,0.999982,0.10115217,0,0.9712211
4597,Pass,0,0.9999987,0.055794097,0,0.9852859
4598,Pass,0,0.99934715,0.23317449,0,0.9297403
4599,Pass,0,0.99990106,0.23202662,0,0.93061113
4600,Pass,0,0.9999615,0.12848687,0,0.9627352
4601,Pass,0,0.9991948,0.39287108,0,0.88017607
4602,Pass,0,0.999788,0.2997961,0,0.9095203
4603,Pass,0,0.9999926,0.07164885,0,0.98036927
4604,Pass,0,0.8858834,1.0890378,0,0.58934623
4605,Pass,0,0.99997604,0.06570904,0,0.9821927
4606,Pass,0,0.99999976,0.096847415,0,0.9725716
4607,Pass,0,0.99721044,0.19606194,0,0.9392151
4608,Pass,0,0.9994758,0.21654329,0,0.9350084
4609,Pass,0,0.9992513,0.21295229,0,0.9359098
4610,Pass,0,0.99981827,0.020223204,0,0.9961234
4611,Pass,0,0.99677926,0.109064534,0,0.9656677
4612,Pass,0,0.9998708,0.13613644,0,0.96027887
4613,Pass,0,0.9997259,0.05442336,0,0.98544157
4614,Pass,0,0.9999509,0.1268725,0,0.96322495
4615,Pass,0,0.9977107,0.22401878,0,0.93104714
4616,Pass,0,0.99996257,0.10057049,0,0.9713824
4617,Pass,0,0.999246,0.17203908,0,0.9485673
4618,Pass,0,0.9999999,0.046976663,0,0.98801804
4619,Pass,0,0.99949014,0.12390991,0,0.96369827
4620,Pass,0,0.99989474,0.2708786,0,0.918573
4621,Pass,0,0.9999988,0.0822974,0,0.9770772
4622,Pass,0,0.99995124,0.17211364,0,0.9492136
4623,Pass,0,0.99978954,0.18493235,0,0.94509065
4624,Pass,0,0.9999918,0.084211946,0,0.9764774
4625,Pass,0,0.99965036,0.11830366,0,0.96558857
4626,Pass,0,0.99999905,0.0807558,0,0.9775549
4627,Pass,0,0.9999894,0.2863731,0,0.913861
4628,Pass,0,0.99992144,0.61604697,0,0.811698
4629,Pass,0,0.99962497,0.10488012,0,0.96972007
4630,Pass,0,0.9994173,0.024588982,0,0.9943725
4631,Pass,0,0.99999523,0.2575684,0,0.92278785
4632,Pass,0,0.9999907,0.09462545,0,0.973251
4633,Pass,0,0.9999497,0.066831954,0,0.98181903
4634,Pass,0,0.9999924,0.083353154,0,0.97674394
4635,Pass,0,0.9945967,0.052445482,0,0.98099494
4636,Pass,0,0.9996729,0.066469595,0,0.9816595
4637,Pass,0,0.99936265,0.06788068,0,0.98091805
4638,Pass,0,0.9997396,0.2509718,0,0.9245945
4639,Pass,0,0.99998474,0.009536122,0,0.9995993
4640,Pass,0,0.9999914,0.08003322,0,0.9777713
4641,Pass,0,0.9999894,0.102773964,0,0.97072595
4642,Pass,0,0.9999999,0.15729177,0,0.9538505
4643,Pass,0,0.99891007,0.26428634,0,0.919708
4644,Pass,0,0.99995387,0.023206508,0,0.9953345
4645,Pass,0,0.9948245,0.12416622,0,0.95912075
4646,Pass,0,0.9998815,0.28947836,0,0.9128007
4647,Pass,0,0.9999976,0.0580405,0,0.9845891
4648,Pass,0,0.99997723,0.068156935,0,0.9814357
4649,Pass,0,0.9988121,0.19573943,0,0.9408234
4650,Pass,0,0.99987376,0.13368134,0,0.96104205
4651,Pass,0,0.99993944,0.082322076,0,0.97701156
4652,Pass,0,0.99999845,0.11059732,0,0.96831167
4653,Pass,0,0.999954,0.17784208,0,0.94744205
4654,Pass,0,0.9998343,0.24267167,0,0.92725253
4655,Pass,0,0.99955696,0.17995486,0,0.9464117
4656,Pass,0,0.9996935,0.23927002,0,0.9281752
4657,Pass,0,0.9999925,0.13629931,0,0.9603453
4658,Pass,0,0.995998,0.20623678,0,0.9349344
4659,Pass,0,0.99995446,0.10396519,0,0.97032315
4660,Pass,0,0.99998844,0.14874856,0,0.95648557
4661,Pass,0,0.99945396,0.18065754,0,0.9460967
4662,Pass,0,0.9992506,0.13031286,0,0.9614856
4663,Pass,0,0.999992,0.09156305,0,0.9742008
4664,Pass,0,0.9825251,0.2930605,0,0.8958658
4665,Pass,0,0.99999845,0.11029884,0,0.9684041
4666,Pass,0,0.98663527,0.2790984,0,0.9038801
4667,Pass,0,0.99981207,0.33315668,0,0.8992115
4668,Pass,0,0.99170566,2.5668032,0,0.20583867
4669,Pass,0,0.99961424,0.10325421,0,0.97021306
4670,Pass,0,0.99998724,0.16107187,0,0.95266765
4671,Pass,0,0.99872106,0.17036591,0,0.94858646
4672,Pass,0,0.9999397,0.0465231,0,0.98809904
4673,Pass,0,0.99968517,0.044534635,0,0.9884632
4674,Pass,0,0.9999721,0.06973555,0,0.9809418
4675,Pass,0,0.9999994,0.053246588,0,0.9860756
4676,Pass,0,0.9999287,0.24074274,0,0.92793745
4677,Pass,0,0.9999485,0.11613812,0,0.96654725
4678,Pass,0,0.9999875,0.11720968,0,0.96625304
4679,Pass,0,0.99999845,0.035068844,0,0.99170476
4680,Pass,0,0.9960063,0.24432197,0,0.9231933
4681,Pass,0,0.99881434,0.21865354,0,0.9337368
4682,Pass,0,0.99983966,0.14127015,0,0.95865923
4683,Pass,0,0.9999672,0.07975709,0,0.97783315
4684,Pass,0,0.9999337,0.14756687,0,0.95679927
4685,Pass,0,0.9999999,0.03149544,0,0.992813
4686,Pass,0,0.99999154,0.11629422,0,0.9665405
4687,Pass,0,0.9991487,0.24676935,0,0.92534864
4688,Pass,0,0.9961534,0.44283456,0,0.86208147
4689,Pass,0,0.99999833,0.22517279,0,0.9328245
4690,Pass,0,0.9876391,0.46059096,0,0.8492815
4691,Pass,0,0.99999845,0.09313662,0,0.9737197
4692,Pass,0,0.9998128,0.17557608,0,0.94800997
4693,Pass,0,0.9999956,0.11584718,0,0.96668285
4694,Pass,0,0.9999783,0.1423454,0,0.9584591
4695,Pass,0,0.9999964,0.09186309,0,0.97411215
4696,Pass,0,0.9993807,0.14646237,0,0.956612
4697,Pass,0,0.9999994,0.10542379,0,0.9699149
4698,Pass,0,0.999977,0.118777916,0,0.9657572
4699,Pass,0,0.9999399,0.1288324,0,0.96260744
4700,Pass,0,0.9995043,0.17040464,0,0.94931847
4701,Pass,0,0.99933976,0.076289244,0,0.97829294
4702,Pass,0,0.99999917,0.04578571,0,0.9883862
4703,Pass,0,0.9982534,0.036494944,0,0.9895333
4704,Pass,0,0.9999907,0.08495499,0,0.9762462
4705,Pass,0,0.9999975,0.051441766,0,0.98663276
4706,Pass,0,0.99950707,0.38457796,0,0.8830185
4707,Pass,0,0.9999877,0.07857335,0,0.9782198
4708,Pass,0,0.51271564,0.6118922,0,0.41686276
4709,Pass,0,0.99930656,0.27915677,0,0.9154705
4710,Pass,0,0.9999759,0.21338212,0,0.93645537
4711,Pass,0,0.99999714,0.11222186,0,0.96780723
4712,Pass,0,0.9999908,0.10268622,0,0.97075456
4713,Pass,0,0.9996412,0.23736373,0,0.92871684
4714,Pass,0,0.99982375,0.15906897,0,0.95313215
4715,Pass,0,0.9999937,0.088596664,0,0.9751212
4716,Pass,0,0.9998683,0.20058385,0,0.94031805
4717,Pass,0,0.99724424,0.059281956,0,0.98149467
4718,Pass,0,0.9997112,0.12427092,0,0.96379966
4719,Pass,0,0.95756924,0.5479294,0,0.79752076
4720,Pass,0,0.9990588,0.2124201,0,0.9358942
4721,Pass,0,0.99998033,0.13523084,0,0.9606646
4722,Pass,0,0.99902284,0.23585798,0,0.9286083
4723,Pass,0,0.9996269,0.16776831,0,0.95025104
4724,Pass,0,0.99999976,0.07882359,0,0.97815406
4725,Pass,0,0.9995708,0.38305905,0,0.88354504
4726,Pass,0,0.9999714,0.24306355,0,0.92725825
4727,Pass,0,0.99746394,0.3981961,0,0.8770063
4728,Pass,0,0.9821278,0.23212622,0,0.91403925
4729,Pass,0,0.99999917,0.08406549,0,0.97652996
4730,Pass,0,0.99999833,0.030479377,0,0.99312615
4731,Pass,0,0.99373513,0.33477032,0,0.89324933
4732,Pass,0,0.91309696,0.3669751,0,0.8116574
4733,Pass,0,0.99999845,0.09313662,0,0.9737197
4734,Pass,0,0.9999355,0.1958307,0,0.94185334
4735,Pass,0,0.9999794,0.031160843,0,0.99289626
4736,Pass,0,0.9998568,0.13774294,0,0.959768
4737,Pass,0,0.99999917,0.06606835,0,0.9821041
4738,Pass,0,0.9999641,0.03493069,0,0.9917135
4739,Pass,0,0.9806887,0.1296354,0,0.943831
4740,Pass,0,0.9999995,0.055138756,0,0.98548967
4741,Pass,0,0.99999416,0.11947103,0,0.96555907
4742,Pass,0,0.9999932,0.11964995,0,0.96550274
4743,Pass,0,0.99987495,0.09240461,0,0.9738261
4744,Pass,0,0.99990034,0.18455638,0,0.9453118
4745,Pass,0,0.9999963,0.10136672,0,0.9711685
4746,Pass,0,0.9999118,0.166996,0,0.9507611
4747,Pass,0,0.9999994,0.053727664,0,0.9859266
4748,Pass,0,0.9999747,0.01217815,0,0.998771
4749,Pass,0,0.90611315,0.3575818,0,0.8080857
4750,Pass,0,0.99930346,0.24095789,0,0.9272906
4751,Pass,0,0.999974,0.3937849,0,0.8805795
4752,Pass,0,0.9999968,0.07967138,0,0.9778886
4753,Pass,0,0.99999607,0.07395391,0,0.9796587
4754,Pass,0,0.9999553,0.2501812,0,0.92503893
4755,Pass,0,0.99997723,0.10474682,0,0.9701031
4756,Pass,0,0.9999815,0.11673991,0,0.96639276
4757,Pass,0,0.9998574,0.30788395,0,0.90707886
4758,Pass,0,0.9999877,0.07214349,0,0.98021126
4759,Pass,0,0.9999951,0.07205437,0,0.9802462
4760,Pass,0,0.9999112,0.3065911,0,0.90752804
4761,Pass,0,0.9996258,0.43098292,0,0.86875594
4762,Pass,0,0.9999602,0.106616914,0,0.96950734
4763,Pass,0,0.999373,0.26681522,0,0.91935146
4764,Pass,0,0.9999974,0.044747982,0,0.9887058
4765,Pass,0,0.99998534,0.232304,0,0.9306037
4766,Pass,0,0.77000064,0.56932974,0,0.6361987
4767,Pass,0,0.99999917,0.11847293,0,0.965873
4768,Pass,0,0.9999248,0.09006046,0,0.9746007
4769,Pass,0,0.9998765,0.15954207,0,0.9530359
4770,Pass,0,0.9999993,0.07248018,0,0.98011833
4771,Pass,0,0.99983966,0.14127015,0,0.95865923
4772,Pass,0,0.99992955,0.13679264,0,0.9601321
4773,Pass,0,0.99999344,0.11579618,0,0.9666966
4774,Pass,0,0.99913436,0.19973925,0,0.9398892
4775,Pass,0,0.9997739,0.18518558,0,0.9449975
4776,Pass,0,0.9999496,0.011073238,0,0.99908805
4777,Pass,0,0.999845,0.3344168,0,0.8988509
4778,Pass,0,0.99999297,0.14906366,0,0.95639235
4779,Pass,0,0.9999795,0.27789137,0,0.91647893
4780,Pass,0,0.9999901,0.10024159,0,0.971511
4781,Pass,0,0.9999939,0.045157716,0,0.9885755
4782,Pass,0,0.999969,0.08066253,0,0.9775545
4783,Pass,0,0.9999949,0.13181949,0,0.9617351
4784,Pass,0,0.99999416,0.23690094,0,0.9291881
4785,Pass,0,0.9995894,0.11979193,0,0.9650689
4786,Pass,0,0.99998975,0.2043819,0,0.9392559
4787,Pass,0,0.9999999,0.12776513,0,0.9629957
4788,Pass,0,0.9977081,0.3414231,0,0.8947647
4789,Pass,0,0.999969,0.08066253,0,0.9775545
4790,Pass,0,0.60078555,0.64336044,0,0.4826123
4791,Pass,0,0.99998367,0.20494512,0,0.93907577
4792,Pass,0,0.9949709,0.31578678,0,0.9002104
4793,Pass,0,0.9999989,0.059225578,0,0.9842233
4794,Pass,0,0.9990054,0.038218956,0,0.98974526
4795,Pass,0,0.99954754,0.7932153,0,0.75654554
4796,Pass,0,0.999373,0.26681522,0,0.91935146
4797,Pass,0,1.0,0.09384274,0,0.9735025
4798,Pass,0,0.9992725,0.38061327,0,0.8840383
4799,Pass,0,0.99985504,0.09548638,0,0.9728524
4800,Pass,0,0.9999912,0.10831946,0,0.9690101
4801,Pass,0,0.9998976,0.06812705,0,0.9813668
4802,Pass,0,0.9974515,0.46221146,0,0.85721856
4803,Pass,0,0.9999993,0.11067481,0,0.9682884
4804,Pass,0,0.99999106,0.07395849,0,0.9796524
4805,Pass,0,0.35691327,1.1280601,0,0.23312776
4806,Pass,0,0.99867505,0.25591725,0,0.92208034
4807,Pass,0,0.99999356,0.085367344,0,0.9761213
4808,Pass,0,0.9999982,0.058936916,0,0.984312
4809,Pass,0,0.9999765,0.2659942,0,0.92016095
4810,Pass,0,0.9998976,0.06812705,0,0.9813668
4811,Pass,0,0.9999944,0.19164693,0,0.9432046
4812,Pass,0,0.9954194,0.459203,0,0.8563997
4813,Pass,0,0.9999974,0.1194578,0,0.9655663
4814,Pass,0,0.9999995,0.052843392,0,0.98620063
4815,Pass,0,0.99977034,0.44745445,0,0.86378103
4816,Pass,0,0.9999808,0.15590426,0,0.9542621
4817,Pass,0,0.9992723,0.16988425,0,0.9492591
4818,Pass,0,0.5985989,0.7022859,0,0.46993083
4819,Pass,0,0.9979091,0.31334192,0,0.90362436
4820,Pass,0,0.99948645,0.09919537,0,0.97134554
4821,Pass,0,0.9999994,0.07116609,0,0.98052543
4822,Pass,0,0.99999964,0.15110499,0,0.9557665
4823,Pass,0,0.9998646,0.04220818,0,0.9893611
4824,Pass,0,0.99999404,0.086073495,0,0.975903
4825,Pass,0,0.99999976,0.1392635,0,0.9594342
4826,Pass,0,0.9996555,0.18490687,0,0.9449718
4827,Pass,0,0.9996511,0.43750226,0,0.86675936
4828,Pass,0,0.9998431,0.082404435,0,0.97689193
4829,Pass,0,0.9995449,0.27650303,0,0.9165104
4830,Pass,0,0.9489831,0.46104994,0,0.8159058
4831,Pass,0,0.9999176,0.1451499,0,0.9575324
4832,Pass,0,0.91791713,1.3003896,0,0.550569
4833,Pass,0,0.99999774,0.09491565,0,0.97316796
4834,Pass,0,0.9999852,0.043872587,0,0.988965
4835,Pass,0,0.9999999,0.04831055,0,0.9876049
4836,Pass,0,0.99847335,0.33413604,0,0.8977046
4837,Pass,0,0.9999932,0.11964995,0,0.96550274
4838,Pass,0,0.9999708,0.33989233,0,0.8972681
4839,Pass,0,0.9993956,0.07422644,0,0.97898614
4840,Pass,0,0.9999939,0.091278166,0,0.9742909
4841,Pass,0,0.99999213,0.09772686,0,0.9722918
4842,Pass,0,0.99343634,0.10986514,0,0.9621827
4843,Pass,0,0.9996978,0.35849383,0,0.89126354
4844,Pass,0,0.9996439,0.18147306,0,0.946024
4845,Pass,0,0.99998033,0.058729798,0,0.98435855
4846,Pass,0,0.9997633,0.23645133,0,0.92911285
4847,Pass,0,0.99999547,0.11265601,0,0.9676711
4848,Pass,0,0.9999987,0.07328671,0,0.97986794
4849,Pass,0,0.99999607,0.064004734,0,0.9827402
4850,Pass,0,0.9998982,0.1676213,0,0.9505545
4851,Pass,0,0.9999926,0.10417944,0,0.97029376
4852,Pass,0,0.99999416,0.17405602,0,0.94865274
4853,Pass,0,0.99997747,0.011676793,0,0.99892896
4854,Pass,0,0.9999988,0.049728088,0,0.9871648
4855,Pass,0,0.9999924,0.17292792,0,0.9490005
4856,Pass,0,0.99933344,0.09615917,0,0.97213656
4857,Pass,0,0.7512014,0.565533,0,0.62154955
4858,Pass,0,0.99865425,0.29855046,0,0.9088743
4859,Pass,0,0.99586856,0.40285558,0,0.87416637
4860,Pass,0,0.9999263,0.25338393,0,0.92402023
4861,Pass,0,0.99973434,0.2806877,0,0.91538835
4862,Pass,0,0.99960274,0.1741108,0,0.9482644
4863,Pass,0,0.9998989,0.12238252,0,0.96456546
4864,Pass,0,0.9997837,0.048452746,0,0.98734736
4865,Pass,0,0.9999815,0.26514482,0,0.92042863
4866,Pass,0,0.99101955,0.34970337,0,0.88622475
4867,Pass,0,0.99995744,0.21598318,0,0.93563247
4868,Pass,0,0.99962556,0.039386153,0,0.98999834
4869,Pass,0,0.9373607,0.376954,0,0.83032846
4870,Pass,0,0.9915765,0.19731137,0,0.93352515
4871,Pass,0,0.99996984,0.15055044,0,0.9559097
4872,Pass,0,0.99998736,0.11164324,0,0.967977
4873,Pass,0,0.9975528,0.2571679,0,0.92065775
4874,Pass,0,0.9998753,0.19782408,0,0.94117934
4875,Pass,0,0.99998295,0.10414143,0,0.97029614
4876,Pass,0,0.9999665,0.12671004,0,0.96329033
4877,Pass,0,0.9957937,0.22905649,0,0.92770445
4878,Pass,0,0.9999819,0.047415074,0,0.9878645
4879,Pass,0,0.999718,0.14529073,0,0.9572977
4880,Pass,0,0.999826,0.08523969,0,0.97599727
4881,Pass,0,0.9998565,0.24194011,0,0.9274996
4882,Pass,0,0.9999497,0.066831954,0,0.98181903
4883,Pass,0,0.9996131,0.05129248,0,0.9862997
4884,Pass,0,0.9999249,0.32533887,0,0.90173423
4885,Pass,0,0.99972016,0.1823501,0,0.9458246
4886,Pass,0,0.9999995,0.093638085,0,0.9735654
4887,Pass,0,0.9866883,0.44596064,0,0.85293496
4888,Pass,0,0.9999325,0.024183314,0,0.9950108
4889,Pass,0,0.9406377,0.2694452,0,0.864553
4890,Pass,0,0.9999664,0.12805118,0,0.9628748
4891,Pass,0,0.99999595,0.08267584,0,0.97695726
4892,Pass,0,0.999374,0.04786515,0,0.9871246
4893,Pass,0,0.89274216,0.94154805,0,0.6346909
4894,Pass,0,0.99997973,0.10942584,0,0.96865636
4895,Pass,0,0.994463,0.25436914,0,0.9186682
4896,Pass,0,0.9985415,0.30399445,0,0.9070879
4897,Pass,0,0.99999416,0.07968857,0,0.9778807
4898,Pass,0,0.99999046,0.17860538,0,0.9472402
4899,Pass,0,0.7920714,0.31944993,0,0.7157362
4900,Pass,0,0.9999981,0.10468794,0,0.9701416
4901,Pass,0,0.9997453,0.1850217,0,0.94502115
4902,Pass,0,0.999551,0.14204256,0,0.9581433
4903,Pass,0,0.99593157,0.15103866,0,0.9518988
4904,Pass,0,0.98717797,0.27849826,0,0.90456074
4905,Pass,0,0.9998635,0.06764894,0,0.98148143
4906,Pass,0,0.60078555,0.64336044,0,0.4826123
4907,Pass,0,0.9999683,0.1599457,0,0.9529984
4908,Pass,0,0.9999907,0.11050033,0,0.9683342
4909,Pass,0,0.92760515,0.1819196,0,0.8777211
4910,Pass,0,0.9995908,0.25106543,0,0.924428
4911,Pass,0,0.99998355,0.08003383,0,0.97776335
4912,Pass,0,0.99983513,0.028639479,0,0.99353385
4913,Pass,0,0.8432784,0.51001114,0,0.7122363
4914,Pass,0,0.99995327,0.12732482,0,0.9630872
4915,Pass,0,0.9999895,0.1681361,0,0.9504819
4916,Pass,0,0.9993574,0.23443681,0,0.92935914
4917,Pass,0,0.9999503,0.18000342,0,0.9467691
4918,Pass,0,0.99995863,0.06994356,0,0.9808641
4919,Pass,0,0.81832325,0.35457274,0,0.73055595
4920,Pass,0,0.9999167,0.2895931,0,0.9127973
4921,Pass,0,0.9994758,0.21654329,0,0.9350084
4922,Pass,0,0.99990046,0.3502824,0,0.89398724
4923,Pass,0,0.9993932,0.1708224,0,0.94908357
4924,Pass,0,0.9999597,0.11053343,0,0.9682939
4925,Pass,0,0.99985826,0.16552927,0,0.9511644
4926,Pass,0,0.99944955,0.37014204,0,0.8874364
4927,Pass,0,0.99998033,0.13523084,0,0.9606646
4928,Pass,0,0.999979,0.10816044,0,0.9690476
4929,Pass,0,0.9999976,0.13636294,0,0.9603306
4930,Pass,0,0.9999825,0.030769184,0,0.99302065
4931,Pass,0,0.6568584,1.0302019,0,0.44895414
4932,Pass,0,0.9998221,0.061263777,0,0.98341805
4933,Pass,0,0.9998204,0.35789865,0,0.8915571
4934,Pass,0,0.99998844,0.06769773,0,0.98158896
4935,Pass,0,0.99996245,0.15951249,0,0.953127
4936,Pass,0,0.99999976,0.057437442,0,0.9847779
4937,Pass,0,0.9602818,0.5423566,0,0.80143744
4938,Pass,0,0.9999962,0.13917138,0,0.95945936
4939,Pass,0,0.9999988,0.069658436,0,0.98099184
4940,Pass,0,0.9999908,0.17029381,0,0.94981486
4941,Pass,0,0.9994505,0.2977895,0,0.9098345
4942,Pass,0,0.99998,0.06031764,0,0.9838664
4943,Pass,0,0.93780524,0.5355354,0,0.78466016
4944,Pass,0,0.8093821,0.34582326,0,0.72476715
4945,Pass,0,0.97741085,0.9183756,0,0.7019007
4946,Pass,0,0.99997497,0.15002418,0,0.95607764
4947,Pass,0,0.9999609,0.09603489,0,0.9727855
4948,Pass,0,0.99999845,0.09313662,0,0.9737197
4949,Pass,0,0.9986505,0.14101464,0,0.9575981
4950,Pass,0,0.99994063,0.05349978,0,0.98593926
4951,Pass,0,0.99995995,0.027047979,0,0.9941508
4952,Pass,0,0.9995115,0.1492317,0,0.95587987
4953,Pass,0,0.9999579,0.016485976,0,0.99742
4954,Pass,0,0.99698764,0.2109286,0,0.93441457
4955,Pass,0,0.9999981,0.0598409,0,0.9840319
4956,Pass,0,0.9990101,0.31398487,0,0.90442234
4957,Pass,0,0.9999459,0.24836805,0,0.92559177
4958,Pass,0,0.9999789,0.06279546,0,0.9830979
4959,Pass,0,0.97753227,0.27728945,0,0.8960883
4960,Pass,0,0.9945791,0.4053445,0,0.8722678
4961,Pass,0,0.95818555,0.4202581,0,0.83592385
4962,Pass,0,1.0,0.044626236,0,0.98874617
4963,Pass,0,0.9999974,0.11081028,0,0.9682446
4964,Pass,0,0.99981827,0.27035514,0,0.9186649
4965,Pass,0,1.0,0.034863915,0,0.9917698
4966,Pass,0,0.9998535,0.18430799,0,0.94534445
4967,Pass,0,0.9935533,0.41724053,0,0.8677074
4968,Pass,0,0.9999093,0.3168259,0,0.90435654
4969,Pass,0,0.9999932,0.087159194,0,0.97556597
4970,Pass,0,0.99999547,0.11265601,0,0.9676711
4971,Pass,0,0.673631,0.5086102,0,0.5692437
4972,Pass,0,0.9999907,0.20917912,0,0.937771
4973,Pass,0,0.9999747,0.01217815,0,0.998771
4974,Pass,0,0.9999914,0.14878659,0,0.9564767
4975,Pass,0,0.98802,0.6741124,0,0.78426796
4976,Pass,0,0.9990847,0.24618688,0,0.9254695
4977,Pass,0,0.99996877,0.14933987,0,0.9562837
4978,Pass,0,0.99984956,0.021788506,0,0.99566984
4979,Pass,0,0.9998839,0.028594516,0,0.9935962
4980,Pass,0,0.9836516,0.22827859,0,0.91662955
4981,Pass,0,0.99996173,0.1666841,0,0.95090514
4982,Pass,0,0.968398,0.17668311,0,0.9178908
4983,Pass,0,0.9997247,0.10411299,0,0.9700544
4984,Pass,0,0.9999919,0.06643907,0,0.9819822
4985,Pass,0,0.99999094,0.07541181,0,0.97920215
4986,Pass,0,0.99928004,0.355846,0,0.8917106
4987,Pass,0,0.99695647,0.43374002,0,0.86558473
4988,Pass,0,0.9999914,0.09392521,0,0.9734686
4989,Pass,0,0.99999464,0.09843394,0,0.9720753
4990,Pass,0,0.94860536,0.9061641,0,0.6848027
4991,Pass,0,0.999887,0.028660046,0,0.99357903
4992,Pass,0,0.99994457,0.30126572,0,0.9092076
4993,Pass,0,0.9999957,0.13064352,0,0.9621002
4994,Pass,0,0.99996185,0.02313863,0,0.9953635
4995,Pass,0,0.99999726,0.053059574,0,0.9861314
4996,Pass,0,0.9999361,0.030910693,0,0.9929308
4997,Pass,0,0.9999368,0.108612224,0,0.96886677
4998,Pass,0,0.99989915,0.099833556,0,0.971549
4999,Pass,0,0.998384,0.103274226,0,0.96901286
5000,Pass,0,0.9999994,0.051806938,0,0.9865215
5001,Pass,0,0.9997726,0.105258316,0,0.96974623
5002,Pass,0,0.9999896,0.116864756,0,0.96636194
5003,Pass,0,0.9999876,0.09844416,0,0.97206527
5004,Pass,0,0.99999154,0.12421339,0,0.9640877
5005,Pass,0,0.998944,0.20276748,0,0.93877316
5006,Pass,0,0.99775296,0.037712373,0,0.98866105
5007,Pass,0,0.69085246,1.3405842,0,0.40577438
5008,Pass,0,0.99582493,0.50217766,0,0.84349376
5009,Pass,0,0.99954504,0.19347817,0,0.9422139
5010,Pass,0,0.9999504,0.25282285,0,0.9242162
5011,Pass,0,0.9999896,0.15978843,0,0.9530674
5012,Pass,0,0.9997565,0.16369686,0,0.95163506
5013,Pass,0,0.9999889,0.107000396,0,0.9694165
5014,Pass,0,0.9997576,0.22250488,0,0.933426
5015,Pass,0,0.970318,0.40325832,0,0.8516172
5016,Pass,0,0.99985075,0.2029115,0,0.93958074
5017,Pass,0,1.0,0.12367104,0,0.96426386
5018,Pass,0,0.98954904,0.30519083,0,0.8985524
5019,Pass,0,0.99995613,0.13953727,0,0.95930755
5020,Pass,0,0.99999416,0.09633083,0,0.97272617
5021,Pass,0,0.9998436,0.46062997,0,0.85976416
5022,Pass,0,0.9999341,0.05166691,0,0.98650044
5023,Pass,0,0.9998529,0.08677847,0,0.97554696
5024,Pass,0,0.99999344,0.08778738,0,0.9753716
5025,Pass,0,0.99998856,0.082336955,0,0.97705495
5026,Pass,0,0.99998724,0.073340744,0,0.97984
5027,Pass,0,0.90834856,1.1068678,0,0.5992752
5028,Pass,0,1.0,0.07585521,0,0.9790737
5029,Pass,0,0.9996798,0.019934136,0,0.9960749
5030,Pass,0,0.99991715,0.047529496,0,0.98776513
5031,Pass,0,0.99982846,0.07931764,0,0.9778335
5032,Pass,0,0.92055744,0.34811732,0,0.82366586
5033,Pass,0,0.99969757,0.23158625,0,0.93055815
5034,Pass,0,0.99990535,0.3213138,0,0.9029631
5035,Pass,0,0.99776685,0.25894132,0,0.9203073
5036,Pass,0,0.9998745,0.29903916,0,0.90983343
5037,Pass,0,0.99887925,0.15821688,0,0.9524954
5038,Pass,0,0.99999976,0.042939845,0,0.98926824
5039,Pass,0,0.99999833,0.18139024,0,0.94638515
5040,Pass,0,0.999403,0.13038796,0,0.96160907
5041,Pass,0,0.9999459,0.24836805,0,0.92559177
5042,Pass,0,0.99961424,0.10325421,0,0.97021306
5043,Pass,0,0.99998486,0.10597256,0,0.9697309
5044,Pass,0,0.99763525,0.18407829,0,0.9433181
5045,Pass,0,0.9972831,0.42272386,0,0.86927104
5046,Pass,0,0.99985826,0.16552927,0,0.9511644
5047,Pass,0,0.9999435,0.20088933,0,0.9402942
5048,Pass,0,0.9998735,0.11030325,0,0.96828175
5049,Pass,0,0.9996227,0.09818669,0,0.97179025
5050,Pass,0,0.9998436,0.46062997,0,0.85976416
5051,Pass,0,0.9998579,0.019763384,0,0.9963052
5052,Pass,0,1.0,0.051886994,0,0.9864973
5053,Pass,0,0.9997453,0.1850217,0,0.94502115
5054,Pass,0,0.99985147,0.2279108,0,0.9318396
5055,Pass,0,0.99995315,0.041698985,0,0.98960644
5056,Pass,0,0.9980805,0.2468112,0,0.9243463
5057,Pass,0,0.9998548,0.10229574,0,0.9707434
5058,Pass,0,0.99999976,0.06252227,0,0.98320305
5059,Pass,0,0.9645746,0.9964441,0,0.6693594
5060,Pass,0,0.99985397,0.16129409,0,0.95247185
5061,Pass,0,0.9999678,0.079038404,0,0.9780563
5062,Pass,0,0.99999976,0.03959309,0,0.9903048
5063,Pass,0,0.9999263,0.17108801,0,0.9495076
5064,Pass,0,0.99914014,0.33500403,0,0.8980355
5065,Pass,0,0.9978123,0.33186743,0,0.89781135
5066,Pass,0,0.999992,0.015111661,0,0.9978796
5067,Pass,0,0.999373,0.26681522,0,0.91935146
5068,Pass,0,0.9996327,0.08721054,0,0.9751984
5069,Pass,0,0.99999464,0.18905587,0,0.94400734
5070,Pass,0,0.99999297,0.073313326,0,0.9798541
5071,Pass,0,0.9966845,0.28214362,0,0.91214633
5072,Pass,0,0.999997,0.12392122,0,0.9641835
5073,Pass,0,0.9987078,0.091843896,0,0.9728628
5074,Pass,0,0.9981098,0.03557875,0,0.9896742
5075,Pass,0,0.9999994,0.084826045,0,0.9762946
5076,Pass,0,0.9999944,0.09776115,0,0.9722834
5077,Pass,0,0.99999726,0.13594176,0,0.96046066
5078,Pass,0,0.9999999,0.04452965,0,0.98877597
5079,Pass,0,0.9997297,0.03441622,0,0.9916404
5080,Pass,0,0.99985313,0.13284822,0,0.9612802
5081,Pass,0,0.9999701,0.1234314,0,0.9643092
5082,Pass,0,0.9999825,0.028751617,0,0.99364555
5083,Pass,0,0.9999386,0.10506917,0,0.9699658
5084,Pass,0,0.99998474,0.11782696,0,0.9660592
5085,Pass,0,0.99946135,0.21844134,0,0.93440735
5086,Pass,0,0.9996123,0.049755357,0,0.9867748
5087,Pass,0,0.9999268,0.054171644,0,0.98571754
5088,Pass,0,0.7385695,0.6290968,0,0.5965573
5089,Pass,0,0.99844545,0.20148818,0,0.9387003
5090,Pass,0,0.99997497,0.09817288,0,0.97213703
5091,Pass,0,0.9999927,0.07344455,0,0.9798132
5092,Pass,0,0.99990034,0.18455638,0,0.9453118
5093,Pass,0,0.9999696,0.13946182,0,0.9593439
5094,Pass,0,0.99971336,0.073991835,0,0.97937006
5095,Pass,0,0.9999933,0.108379744,0,0.9689935
5096,Pass,0,0.9999857,0.07515833,0,0.9792755
5097,Pass,0,0.99996424,0.1540682,0,0.9548149
5098,Pass,0,0.99996424,0.1540682,0,0.9548149
5099,Pass,0,0.95818555,0.4202581,0,0.83592385
5100,Pass,0,0.99999976,0.16475539,0,0.9515387
5101,Pass,0,0.9999895,0.15343663,0,0.9550347
5102,Pass,0,0.9991399,0.32623824,0,0.90074795
5103,Pass,0,1.0,0.038648136,0,0.9905977
5104,Pass,0,0.99978787,0.14481692,0,0.95751125
5105,Pass,0,0.9999981,0.08521111,0,0.97617406
5106,Pass,0,0.9999783,0.035497636,0,0.991552
5107,Pass,0,0.99999607,0.17734364,0,0.94763625
5108,Pass,0,0.8236468,0.92183435,0,0.590597
5109,Pass,0,0.99999845,0.15826456,0,0.95354784
5110,Pass,0,0.99994946,0.11946226,0,0.9655186
5111,Pass,0,0.99999785,0.10533646,0,0.9699405
5112,Pass,0,0.9967644,0.5504184,0,0.8293964
5113,Pass,0,0.99895656,0.3141054,0,0.90433663
5114,Pass,0,0.9994523,0.21923077,0,0.9341545
5115,Pass,0,0.9999167,0.26943508,0,0.91904026
5116,Pass,0,0.9999995,0.09705022,0,0.97250855
5117,Pass,0,0.999383,0.26899087,0,0.9186872
5118,Pass,0,0.9999813,0.08793774,0,0.9753132
5119,Pass,0,0.9991818,0.054686844,0,0.98482364
5120,Pass,0,0.99999416,0.100680545,0,0.971379
5121,Pass,0,0.9994473,0.17854276,0,0.94674504
5122,Pass,0,0.8265936,1.3929837,0,0.47208714
5123,Pass,0,0.99977523,0.19957598,0,0.9405426
5124,Pass,0,0.99991345,0.2774162,0,0.91656554
5125,Pass,0,0.9999689,0.13241294,0,0.96152633
5126,Pass,0,0.99999917,0.09159787,0,0.974197
5127,Pass,0,0.8379641,0.56720287,0,0.69290423
5128,Pass,0,0.9998791,0.062263496,0,0.98316455
5129,Pass,0,0.98954904,0.30519083,0,0.8985524
5130,Pass,0,0.99987495,0.09240461,0,0.9738261
5131,Pass,0,0.99967563,0.050004378,0,0.9867602
5132,Pass,0,0.9999964,0.098713666,0,0.97199035
5133,Pass,0,0.9999585,0.03116728,0,0.99287355
5134,Pass,0,0.9996933,0.22845285,0,0.93152434
5135,Pass,0,1.0,0.079014905,0,0.97809505
5136,Pass,0,0.99999964,0.088934205,0,0.97502244
5137,Pass,0,0.99907035,0.15391003,0,0.9540103
5138,Pass,0,0.9999865,0.124762096,0,0.96391296
5139,Pass,0,0.99825424,0.11699677,0,0.9646441
5140,Pass,0,0.99949145,0.23787431,0,0.92841965
5141,Pass,0,0.99999833,0.030479377,0,0.99312615
5142,Pass,0,0.9999515,0.022688119,0,0.9954927
5143,Pass,0,0.9999999,0.06523202,0,0.9823639
5144,Pass,0,0.99428684,0.21716921,0,0.92996144
5145,Pass,0,0.99999833,0.11933629,0,0.96560484
5146,Pass,0,0.99996686,0.08980587,0,0.9747205
5147,Pass,0,0.99998546,0.102875896,0,0.97069055
5148,Pass,0,0.9876391,0.46059096,0,0.8492815
5149,Pass,0,0.9846746,0.09585501,0,0.9579694
5150,Pass,0,0.9994629,0.16953494,0,0.9495483
5151,Pass,0,0.99994946,0.11946226,0,0.9655186
5152,Pass,0,0.999572,0.1791365,0,0.94667935
5153,Pass,0,0.99888927,0.177123,0,0.9466557
5154,Pass,0,0.9995285,0.32391205,0,0.90181845
5155,Pass,0,0.9999893,0.18597221,0,0.9449574
5156,Pass,0,0.99986756,0.3054218,0,0.9078505
5157,Pass,0,0.99998283,0.07323414,0,0.9798687
5158,Pass,0,0.9999858,0.09641668,0,0.9726914
5159,Pass,0,0.9999964,0.09186309,0,0.97411215
5160,Pass,0,0.99214584,0.68008846,0,0.7857065
5161,Pass,0,0.99996364,0.0790416,0,0.9780512
5162,Pass,0,0.9984273,0.06541213,0,0.9807633
5163,Pass,0,0.99991345,0.12789279,0,0.9628729
5164,Pass,0,0.9999995,0.10566297,0,0.96984094
5165,Pass,0,0.99545825,0.28341022,0,0.9106336
5166,Pass,0,0.9999951,0.11487732,0,0.9669828
5167,Pass,0,0.997482,0.26197734,0,0.9191065
5168,Pass,0,0.9999908,0.10268622,0,0.97075456
5169,Pass,0,0.9999988,0.07546431,0,0.97919357
5170,Pass,0,0.9999924,0.09287032,0,0.97379625
5171,Pass,0,0.999998,0.15435353,0,0.95475876
5172,Pass,0,0.99999964,0.0737199,0,0.9797347
5173,Pass,0,0.8998096,0.5615777,0,0.7456114
5174,Pass,0,0.99994993,0.15007849,0,0.9560369
5175,Pass,0,0.9938839,0.26887366,0,0.9136683
5176,Pass,0,0.99989223,0.17765455,0,0.94744164
5177,Pass,0,0.99996316,0.015842559,0,0.99762446
5178,Pass,0,0.9999888,0.08351202,0,0.97669125
5179,Pass,0,0.99982506,0.220026,0,0.9342567
5180,Pass,0,0.99999833,0.09732844,0,0.9724213
5181,Pass,0,0.9999547,0.08549699,0,0.97604316
5182,Pass,0,0.9995807,0.21882224,0,0.93440104
5183,Pass,0,0.99988425,0.18623249,0,0.94477755
5184,Pass,0,0.9999374,0.10114128,0,0.97118115
5185,Pass,0,0.9999918,0.044901118,0,0.98865294
5186,Pass,0,0.9999225,0.02169534,0,0.9957713
5187,Pass,0,0.9999527,0.051957432,0,0.9864288
5188,Pass,0,0.99991024,0.10021596,0,0.9714413
5189,Pass,0,0.99085313,0.25450468,0,0.91529185
5190,Pass,0,0.99998724,0.08087385,0,0.9775068
5191,Pass,0,0.9999583,0.015217795,0,0.99781317
5192,Pass,0,0.99999964,0.07115944,0,0.98052776
5193,Pass,0,0.99989414,0.17960124,0,0.9468405
5194,Pass,0,0.9999751,0.1355026,0,0.96057534
5195,Pass,0,0.996018,0.31825384,0,0.90039665
5196,Pass,0,1.0,0.043348905,0,0.98914176
5197,Pass,0,0.9998958,0.10081301,0,0.9712424
5198,Pass,0,0.9998079,0.24590388,0,0.9262271
5199,Pass,0,0.9999932,0.09864423,0,0.9720087
5200,Pass,0,0.9998416,0.21015663,0,0.9373284
5201,Pass,0,0.99518174,0.2646397,0,0.91616637
5202,Pass,0,0.9997633,0.09499604,0,0.97291493
5203,Pass,0,0.9988765,0.2872881,0,0.9125609
5204,Pass,0,0.99840873,0.21369709,0,0.93489033
5205,Pass,0,0.99996996,0.2816639,0,0.91530174
5206,Pass,0,0.99998367,0.040026005,0,0.9901548
5207,Pass,0,0.99992406,0.38456103,0,0.8833921
5208,Pass,0,0.9992968,0.29599893,0,0.9102487
5209,Pass,0,0.99992,0.1537689,0,0.95486534
5210,Pass,0,0.9999168,0.1839219,0,0.94552386
5211,Pass,0,0.9999999,0.091229774,0,0.97431165
5212,Pass,0,0.9991761,0.40471128,0,0.87649536
5213,Pass,0,0.92178404,0.53304327,0,0.77196676
5214,Pass,0,0.9998542,0.12501794,0,0.96370614
5215,Pass,0,0.99999523,0.101476446,0,0.9711335
5216,Pass,0,0.99526334,0.26719654,0,0.9154534
5217,Pass,0,0.9999925,0.13629931,0,0.9603453
5218,Pass,0,0.9999851,0.18434066,0,0.94545877
5219,Pass,0,0.9999213,0.034686282,0,0.9917468
5220,Pass,0,0.9862888,0.37495714,0,0.87427974
5221,Pass,0,0.99999654,0.089099824,0,0.9749681
5222,Pass,0,0.998914,0.2672555,0,0.91879296
5223,Pass,0,0.9998677,0.03298521,0,0.9922204
5224,Pass,0,0.9998429,0.02322451,0,0.99521846
5225,Pass,0,0.9999864,0.057181045,0,0.9848442
5226,Pass,0,0.95593166,0.82081723,0,0.7153609
5227,Pass,0,0.99999547,0.22108087,0,0.9340892
5228,Pass,0,0.99999404,0.12217016,0,0.964723
5229,Pass,0,0.9997464,0.31340405,0,0.9052688
5230,Pass,0,0.99999964,0.04318521,0,0.9891921
5231,Pass,0,0.9999503,0.09316981,0,0.9736625
5232,Pass,0,0.9989379,0.096631415,0,0.9716058
5233,Pass,0,0.9999974,0.044747982,0,0.9887058
5234,Pass,0,0.99936503,0.56655115,0,0.8265668
5235,Pass,0,0.9999974,0.053583402,0,0.9859693
5236,Pass,0,0.99993885,0.20523752,0,0.93894315
5237,Pass,0,0.99999166,0.10379786,0,0.970411
5238,Pass,0,0.99974245,0.09158546,0,0.9739507
5239,Pass,0,0.9999982,0.08490187,0,0.97626996
5240,Pass,0,0.9999641,0.12502633,0,0.9638095
5241,Pass,0,0.9997453,0.1850217,0,0.94502115
5242,Pass,0,0.99989974,0.047962066,0,0.987614
5243,Pass,0,0.99999845,0.08792085,0,0.9753352
5244,Pass,0,0.99999595,0.11402416,0,0.96724784
5245,Pass,0,0.99993706,0.13996914,0,0.9591555
5246,Pass,0,0.9999765,0.2659942,0,0.92016095
5247,Pass,0,0.9887111,0.49192438,0,0.840608
5248,Pass,0,0.8505143,0.41841516,0,0.7424766
5249,Pass,0,0.99999976,0.09898746,0,0.9719088
5250,Pass,0,0.9999914,0.09392521,0,0.9734686
5251,Pass,0,0.9978123,0.33186743,0,0.89781135
5252,Pass,0,0.99999857,0.09115014,0,0.9743351
5253,Pass,0,0.99984276,0.34967288,0,0.89412445
5254,Pass,0,0.9982121,0.28460562,0,0.9127832
5255,Pass,0,0.76082784,2.0712996,0,0.27468243
5256,Pass,0,0.99996734,0.11105354,0,0.9681402
5257,Pass,0,0.9999924,0.09287032,0,0.97379625
5258,Pass,0,0.9999999,0.053762935,0,0.98591614
5259,Pass,0,0.9999995,0.08363685,0,0.97666305
5260,Pass,0,0.99996746,0.118968,0,0.9656891
5261,Pass,0,0.9840353,0.2927242,0,0.8973453
5262,Pass,0,0.999977,0.118777916,0,0.9657572
5263,Pass,0,0.99373513,0.33477032,0,0.89324933
5264,Pass,0,0.9999958,0.06467862,0,0.9825313
5265,Pass,0,0.9999778,0.0937147,0,0.9735206
5266,Pass,0,0.9995894,0.11979193,0,0.9650689
5267,Pass,0,0.99976665,0.04337019,0,0.9889044
5268,Pass,0,0.9999304,0.28257468,0,0.91498345
5269,Pass,0,0.99990916,0.1367605,0,0.9601225
5270,Pass,0,0.9608008,0.6769962,0,0.7618038
5271,Pass,0,0.99995744,0.015535065,0,0.99771404
5272,Pass,0,0.99995804,0.029439013,0,0.9934084
5273,Pass,0,0.99987125,0.35209465,0,0.8933999
5274,Pass,0,0.9953253,0.27671325,0,0.91257656
5275,Pass,0,0.9999857,0.15922211,0,0.9532391
5276,Pass,0,0.9999918,0.104152456,0,0.97030133
5277,Pass,0,0.9999968,0.054859556,0,0.9855735
5278,Pass,0,0.99791986,0.31606042,0,0.9027939
5279,Pass,0,0.99998224,0.17592476,0,0.9480626
5280,Pass,0,0.99998474,0.009536122,0,0.9995993
5281,Pass,0,0.9999994,0.04779912,0,0.9877628
5282,Pass,0,0.9997019,0.16633752,0,0.95076543
5283,Pass,0,0.99999976,0.0760109,0,0.97902524
5284,Pass,0,0.99997985,0.15894698,0,0.9533188
5285,Pass,0,0.8923165,0.41684115,0,0.77940387
5286,Pass,0,0.5940707,0.20211361,0,0.5584075
5287,Pass,0,0.99993026,0.09087187,0,0.9743547
5288,Pass,0,0.7866311,0.40611362,0,0.68970543
5289,Pass,0,0.6530658,0.2341089,0,0.6073893
5290,Pass,0,0.9997002,0.18266572,0,0.94570804
5291,Pass,0,0.98588943,0.12231972,0,0.9510702
5292,Pass,0,0.99999046,0.09316977,0,0.9737016
5293,Pass,0,0.9999958,0.1833797,0,0.94576657
5294,Pass,0,0.99993646,0.24238348,0,0.9274365
5295,Pass,0,0.99959105,0.12304172,0,0.96406436
5296,Pass,0,0.99999595,0.027581269,0,0.9940214
5297,Pass,0,1.0,0.044608198,0,0.98875177
5298,Pass,0,0.9997625,0.03183565,0,0.99247193
5299,Pass,0,1.0,0.06885091,0,0.98124313
5300,Pass,0,0.99998426,0.14351662,0,0.95810205
5301,Pass,0,0.99079496,0.42138177,0,0.86402756
5302,Pass,0,0.99997854,0.060644183,0,0.9837639
5303,Pass,0,0.99817085,0.24384049,0,0.92534846
5304,Pass,0,0.9924354,1.069952,0,0.66609806
5305,Pass,0,0.99999833,0.08253358,0,0.97700363
5306,Pass,0,0.9954516,0.16755114,0,0.94634897
5307,Pass,0,0.99977666,0.06522807,0,0.9821458
5308,Pass,0,0.9999931,0.1674222,0,0.9507064
5309,Pass,0,0.9999,0.10647653,0,0.9694925
5310,Pass,0,0.99995315,0.12067294,0,0.9651472
5311,Pass,0,0.9999951,0.03407502,0,0.99200934
5312,Pass,0,0.9996519,0.1723913,0,0.9488435
5313,Pass,0,0.994595,0.36335903,0,0.88521546
5314,Pass,0,0.99983394,0.16035257,0,0.95274436
5315,Pass,0,0.99881434,0.21865354,0,0.9337368
5316,Pass,0,0.9993856,0.129423,0,0.961891
5317,Pass,0,0.9999734,0.118003696,0,0.9659935
5318,Pass,0,0.9997863,0.054661218,0,0.98542744
5319,Pass,0,0.9999422,0.115413435,0,0.9667655
5320,Pass,0,0.9996594,0.14864329,0,0.95620346
5321,Pass,0,0.9999988,0.07546431,0,0.97919357
5322,Pass,0,0.99847084,0.37819067,0,0.8840783
5323,Pass,0,0.99995077,0.10910507,0,0.96872765
5324,Pass,0,0.9997613,0.095348805,0,0.9728037
5325,Pass,0,0.79141194,0.739439,0,0.6121919
5326,Pass,0,0.9998124,0.12503918,0,0.96365935
5327,Pass,0,0.6400596,1.2930187,0,0.38537058
5328,Pass,0,0.99142355,0.36761943,0,0.88108456
5329,Pass,0,0.9999759,0.2456802,0,0.92645204
5330,Pass,0,0.9998764,0.075901255,0,0.9789384
5331,Pass,0,0.999814,0.13318679,0,0.9611378
5332,Pass,0,0.9999933,0.097910166,0,0.9722362
5333,Pass,0,0.99999547,0.118033975,0,0.96600544
5334,Pass,0,0.99987197,0.09165789,0,0.97405446
5335,Pass,0,0.9866377,0.40843564,0,0.86435837
5336,Pass,0,0.99986446,0.12896413,0,0.96249396
5337,Pass,0,0.99998593,0.06392858,0,0.9827539
5338,Pass,0,0.99990535,0.3213138,0,0.9029631
5339,Pass,0,0.9999881,0.037512355,0,0.9909377
5340,Pass,0,0.9998466,0.098007716,0,0.97206336
5341,Pass,0,0.999246,0.17203908,0,0.9485673
5342,Pass,0,0.9899143,0.5089401,0,0.83641386
5343,Pass,0,0.9927505,0.2936757,0,0.9050002
5344,Pass,0,0.9999819,0.33715054,0,0.89812726
5345,Pass,0,0.99874014,0.2725265,0,0.91700256
5346,Pass,0,0.9991166,0.16675882,0,0.95007837
5347,Pass,0,0.9998343,0.24267167,0,0.92725253
5348,Pass,0,0.9999938,0.0782102,0,0.97833824
5349,Pass,0,0.99998486,0.20962758,0,0.9376266
5350,Pass,0,0.9996296,0.061784074,0,0.9830677
5351,Pass,0,0.9999701,0.1234314,0,0.9643092
5352,Pass,0,0.99995553,0.09281805,0,0.9737766
5353,Pass,0,0.99615896,0.19892064,0,0.9373428
5354,Pass,0,0.9999156,0.17369331,0,0.9486906
5355,Pass,0,0.99999845,0.1811959,0,0.9464454
5356,Pass,0,0.99999976,0.10286558,0,0.97070765
5357,Pass,0,0.99990535,0.06856997,0,0.9812373
5358,Pass,0,0.99999833,0.05381651,0,0.985898
5359,Pass,0,0.9999138,0.22134982,0,0.9339296
5360,Pass,0,0.9817068,0.34502104,0,0.8793205
5361,Pass,0,0.99999726,0.15898885,0,0.95332235
5362,Pass,0,0.9996226,0.08998893,0,0.9743282
5363,Pass,0,0.9998754,0.04438241,0,0.9886985
5364,Pass,0,0.9999963,0.10136672,0,0.9711685
5365,Pass,0,0.9999999,0.06778406,0,0.98157346
5366,Pass,0,0.9999639,0.015683962,0,0.9976743
5367,Pass,0,0.99998474,0.009536122,0,0.9995993
5368,Pass,0,0.99993944,0.11232513,0,0.9677194
5369,Pass,0,0.9999654,0.28758982,0,0.9134622
5370,Pass,0,0.99988425,0.110949256,0,0.9680921
5371,Pass,0,0.9999367,0.09406999,0,0.9733705
5372,Pass,0,0.9999869,0.19282784,0,0.9428318
5373,Pass,0,0.9996151,0.06930236,0,0.98072565
5374,Pass,0,0.99991286,0.023464939,0,0.9952136
5375,Pass,0,0.9999999,0.041219685,0,0.98980117
5376,Pass,0,0.99959,0.17583115,0,0.94771975
5377,Pass,0,0.9999517,0.07139674,0,0.9804073
5378,Pass,0,0.9999906,0.01928724,0,0.99658495
5379,Pass,0,0.9999807,0.018151775,0,0.9969268
5380,Pass,0,0.9999509,0.034174137,0,0.9919348
5381,Pass,0,0.9999218,0.16551466,0,0.9512294
5382,Pass,0,0.9998791,0.20096417,0,0.94021046
5383,Pass,0,0.99991775,0.09169424,0,0.97408783
5384,Pass,0,0.99902034,0.3208464,0,0.9023085
5385,Pass,0,0.9998179,0.2158539,0,0.9355419
5386,Pass,0,0.9992575,0.13710813,0,0.95938915
5387,Pass,0,0.99999726,0.105065115,0,0.97002393
5388,Pass,0,0.9999999,0.06532343,0,0.98233557
5389,Pass,0,0.99990845,0.22037466,0,0.93422663
5390,Pass,0,0.9999999,0.05744326,0,0.98477626
5391,Pass,0,0.99976593,0.18497121,0,0.9450563
5392,Pass,0,0.9999906,0.01928724,0,0.99658495
5393,Pass,0,0.9993955,0.19129945,0,0.9427473
5394,Pass,0,0.9995952,0.031595044,0,0.99238044
5395,Pass,0,0.99991333,0.18442917,0,0.94536346
5396,Pass,0,0.99932396,0.1961468,0,0.94117945
5397,Pass,0,0.9995396,0.23664615,0,0.9288446
5398,Pass,0,0.98337513,0.48649368,0,0.8377254
5399,Pass,0,0.9998381,0.0738513,0,0.97953576
5400,Pass,0,0.99999964,0.07584896,0,0.9790753
5401,Pass,0,1.0,0.0474129,0,0.98788303
5402,Pass,0,0.9988776,0.09428487,0,0.97227305
5403,Pass,0,0.9999529,0.24181652,0,0.9276273
5404,Pass,0,0.999936,0.036002375,0,0.99135375
5405,Pass,0,0.99991274,0.25147027,0,0.9246003
5406,Pass,0,0.9970143,0.040965863,0,0.98692435
5407,Pass,0,0.99999857,0.042875748,0,0.9892869
5408,Pass,0,0.9999939,0.12004147,0,0.9653822
5409,Pass,0,0.9785195,0.4062359,0,0.857913
5410,Pass,0,0.9988256,0.3682148,0,0.8874786
5411,Pass,0,0.9999975,0.13081494,0,0.9620488
5412,Pass,0,0.9999069,0.16257262,0,0.9521264
5413,Pass,0,0.9898665,0.3598744,0,0.8820753
5414,Pass,0,0.99994457,0.30126572,0,0.9092076
5415,Pass,0,0.99959415,0.045200113,0,0.9881672
5416,Pass,0,0.99985373,0.084155194,0,0.97636014
5417,Pass,0,0.9671486,0.1984085,0,0.9101987
5418,Pass,0,0.99992335,0.14240402,0,0.95838827
5419,Pass,0,0.9866377,0.40843564,0,0.86435837
5420,Pass,0,0.9996511,0.43750226,0,0.86675936
5421,Pass,0,0.9995396,0.23664615,0,0.9288446
5422,Pass,0,0.99124473,0.31545874,0,0.89693975
5423,Pass,0,0.99999654,0.17078261,0,0.9496689
5424,Pass,0,0.9999337,0.25086802,0,0.92480624
5425,Pass,0,0.68841463,1.172665,0,0.4401463
5426,Pass,0,0.9999993,0.09667047,0,0.972626
5427,Pass,0,0.99999774,0.05895659,0,0.98430544
5428,Pass,0,0.99979943,0.06530663,0,0.9821438
5429,Pass,0,0.99987066,0.09247882,0,0.973799
5430,Pass,0,0.9999993,0.06106364,0,0.9836543
5431,Pass,0,0.9999535,0.07566428,0,0.9790873
5432,Pass,0,0.99805874,0.2806201,0,0.913875
5433,Pass,0,0.99733764,0.08614911,0,0.9732872
5434,Pass,0,0.9999416,0.14696546,0,0.95699304
5435,Pass,0,0.99999726,0.053059574,0,0.9861314
5436,Pass,0,0.99967563,0.050004378,0,0.9867602
5437,Pass,0,0.9999689,0.050502744,0,0.9868953
5438,Pass,0,0.9999826,0.12909627,0,0.9625668
5439,Pass,0,0.9999713,0.02068779,0,0.99613196
5440,Pass,0,0.99998355,0.15308036,0,0.9551393
5441,Pass,0,0.99997675,0.019145176,0,0.9966151
5442,Pass,0,0.9989392,0.15958475,0,0.95212936
5443,Pass,0,0.99999666,0.09291291,0,0.9737872
5444,Pass,0,0.999984,0.059327014,0,0.9841772
5445,Pass,0,0.99973077,0.22989862,0,0.9311116
5446,Pass,0,0.9999486,0.03245801,0,0.99246395
5447,Pass,0,0.9999838,0.26252386,0,0.9212425
5448,Pass,0,0.9979158,0.10412974,0,0.968294
5449,Pass,0,0.99999845,0.1141434,0,0.96721333
5450,Pass,0,0.99853945,0.39171103,0,0.87995756
5451,Pass,0,0.99878806,0.41543558,0,0.8728374
5452,Pass,0,0.970318,0.40325832,0,0.8516172
5453,Pass,0,0.9996778,0.17603584,0,0.9477396
5454,Pass,0,0.99988973,0.36680636,0,0.8888603
5455,Pass,0,0.9999988,0.037294213,0,0.9910159
5456,Pass,0,0.79146934,0.5005258,0,0.67080337
5457,Pass,0,0.99981683,0.08321213,0,0.97661614
5458,Pass,0,0.99999547,0.15143403,0,0.9556606
5459,Pass,0,0.99999344,0.071392514,0,0.9804495
5460,Pass,0,0.9996358,0.22042874,0,0.93395513
5461,Pass,0,0.99998355,0.08003383,0,0.97776335
5462,Pass,0,0.9999913,0.07080721,0,0.98062867
5463,Pass,0,0.999634,0.04344358,0,0.98875046
5464,Pass,0,0.9999945,0.101463124,0,0.9711369
5465,Pass,0,0.9999987,0.2588695,0,0.9223881
5466,Pass,0,0.9821401,0.664412,0,0.7825514
5467,Pass,0,0.9977081,0.3414231,0,0.8947647
5468,Pass,0,0.9997297,0.03441622,0,0.9916404
5469,Pass,0,0.999984,0.059327014,0,0.9841772
5470,Pass,0,0.99998665,0.20737185,0,0.93832695
5471,Pass,0,0.99998796,0.071468614,0,0.98042053
5472,Pass,0,0.9999999,0.08174377,0,0.97724974
5473,Pass,0,0.99991,0.25093177,0,0.9247645
5474,Pass,0,0.99861753,0.1435322,0,0.95678777
5475,Pass,0,0.9669875,0.6307475,0,0.7805607
5476,Pass,0,0.99991,0.105714604,0,0.9697382
5477,Pass,0,0.9999808,0.017795607,0,0.9970372
5478,Pass,0,0.99579215,0.3177306,0,0.90035385
5479,Pass,0,0.9270399,0.49408832,0,0.7875535
5480,Pass,0,0.9997837,0.048452746,0,0.98734736
5481,Pass,0,0.9999777,0.11012738,0,0.96843714
5482,Pass,0,0.9999882,0.12990785,0,0.96232074
5483,Pass,0,0.99976116,0.053836692,0,0.985658
5484,Pass,0,0.99999857,0.05813223,0,0.98456156
5485,Pass,0,0.9997955,0.25872663,0,0.92224485
5486,Pass,0,0.99999404,0.12281127,0,0.96452445
5487,Pass,0,0.9989517,0.61551213,0,0.8110763
5488,Pass,0,0.9995409,0.119599395,0,0.96508175
5489,Pass,0,0.9999993,0.18896936,0,0.94403857
5490,Pass,0,0.9999907,0.08495499,0,0.9762462
5491,Pass,0,0.9999802,0.08623873,0,0.97583836
5492,Pass,0,0.9999645,0.18033473,0,0.94667995
5493,Pass,0,0.9989165,0.19954996,0,0.9397428
5494,Pass,0,0.9999807,0.12796049,0,0.96291673
5495,Pass,0,0.93956,0.51302904,0,0.7926779
5496,Pass,0,0.9999788,0.0379717,0,0.9907862
5497,Pass,0,0.9988556,0.41789848,0,0.8721345
5498,Pass,0,0.9999168,0.1839219,0,0.94552386
5499,Pass,0,0.99999976,0.07534892,0,0.9792303
5500,Pass,0,0.99999976,0.04818049,0,0.9876451
5501,Pass,0,0.9998845,0.11776251,0,0.9659823
5502,Pass,0,0.99999774,0.17808168,0,0.9474093
5503,Pass,0,0.999949,0.102609,0,0.9707378
5504,Pass,0,0.9996184,0.05997047,0,0.98361814
5505,Pass,0,0.999987,0.047276024,0,0.98791265
5506,Pass,0,0.99988616,0.089753374,0,0.9746581
5507,Pass,0,0.9999995,0.11331315,0,0.9674715
5508,Pass,0,0.99999726,0.04589709,0,0.98834985
5509,Pass,0,0.9996393,0.23752193,0,0.9286661
5510,Pass,0,0.99997437,0.048594963,0,0.9874916
5511,Pass,0,0.99929774,0.108683236,0,0.96822554
5512,Pass,0,0.9999994,0.059042122,0,0.9842806
5513,Pass,0,0.99976784,0.07330942,0,0.9796347
5514,Pass,0,0.98557985,0.5569208,0,0.818105
5515,Pass,0,0.999816,0.17530647,0,0.9480965
5516,Pass,0,0.99999917,0.090007104,0,0.97468966
5517,Pass,0,0.9999875,0.20983264,0,0.93756557
5518,Pass,0,0.99928015,0.23487079,0,0.929153
5519,Pass,0,0.99995244,0.0635721,0,0.98283136
5520,Pass,0,0.9984744,0.25810236,0,0.9212193
5521,Pass,0,0.99986744,0.16261503,0,0.9520756
5522,Pass,0,0.9999052,0.06813504,0,0.9813718
5523,Pass,0,0.9993832,0.044508908,0,0.98817265
5524,Pass,0,0.9997538,0.053712923,0,0.985689
5525,Pass,0,1.0,0.07597113,0,0.9790378
5526,Pass,0,0.9998678,0.15641752,0,0.9539953
5527,Pass,0,0.996572,0.17855687,0,0.94401705
5528,Pass,0,0.9999943,0.100201055,0,0.9715276
5529,Pass,0,0.99415696,0.32994935,0,0.895113
5530,Pass,0,1.0,0.06268607,0,0.98315257
5531,Pass,0,0.99985576,0.05837765,0,0.984345
5532,Pass,0,0.535068,2.5748956,0,0.10971773
5533,Pass,0,0.99867505,0.25591725,0,0.92208034
5534,Pass,0,0.99986005,0.11394799,0,0.96714
5535,Pass,0,0.99971074,0.09189332,0,0.9738245
5536,Pass,0,0.999998,0.067168616,0,0.98176223
5537,Pass,0,0.9999654,0.18900661,0,0.943995
5538,Pass,0,0.99974984,0.10946326,0,0.9684221
5539,Pass,0,0.9999647,0.03480158,0,0.9917541
5540,Pass,0,0.9999685,0.24760467,0,0.92584914
5541,Pass,0,0.9993406,0.10227056,0,0.970252
5542,Pass,0,0.9999994,0.15773243,0,0.95371354
5543,Pass,0,0.9659185,0.55380094,0,0.802718
5544,Pass,0,0.99748766,0.1963232,0,0.93939555
5545,Pass,0,0.9999509,0.22350965,0,0.9332953
5546,Pass,0,0.9999161,0.035508677,0,0.9914869
5547,Pass,0,0.99552083,0.24422039,0,0.9227746
5548,Pass,0,0.9993055,0.08208857,0,0.9764644
5549,Pass,0,0.99999285,0.10684688,0,0.9694678
5550,Pass,0,0.99999535,0.058309834,0,0.9845034
5551,Pass,0,0.99996734,0.08078963,0,0.97751343
5552,Pass,0,0.9999367,0.09406999,0,0.9733705
5553,Pass,0,0.99997187,0.078558534,0,0.9782089
5554,Pass,0,0.99999845,0.12055278,0,0.9652282
5555,Pass,0,0.9998677,0.03298521,0,0.9922204
5556,Pass,0,0.99969566,0.13817728,0,0.9594788
5557,Pass,0,0.99999845,0.06357588,0,0.9828754
5558,Pass,0,0.9999864,0.057181045,0,0.9848442
5559,Pass,0,0.99998355,0.15308036,0,0.9551393
5560,Pass,0,0.9999337,0.14756687,0,0.95679927
5561,Pass,0,0.99997187,0.23183013,0,0.9307379
5562,Pass,0,0.99869114,0.15408213,0,0.953595
5563,Pass,0,0.99999785,0.13050623,0,0.96214473
5564,Pass,0,0.997806,0.18715413,0,0.94252896
5565,Pass,0,0.99999225,0.15522856,0,0.95448226
5566,Pass,0,0.9999434,0.1309754,0,0.961947
5567,Pass,0,0.999689,0.17367098,0,0.94848245
5568,Pass,0,0.9999087,0.4603204,0,0.859916
5569,Pass,0,0.716585,2.0084522,0,0.27265808
5570,Pass,0,0.9999299,0.08105461,0,0.9773948
5571,Pass,0,0.9999144,0.0849878,0,0.97616154
5572,Pass,0,0.98704743,0.6372259,0,0.7947727
5573,Pass,0,0.99995494,0.09265447,0,0.97382665
5574,Pass,0,0.99975973,0.12770481,0,0.9627831
5575,Pass,0,0.99999785,0.07758661,0,0.97853535
5576,Pass,0,0.9999814,0.06171321,0,0.9834356
5577,Pass,0,0.9999652,0.24178378,0,0.92764884
5578,Pass,0,0.99999607,0.09648994,0,0.9726788
5579,Pass,0,0.9996507,0.0440456,0,0.9885806
5580,Pass,0,0.9999418,0.45766732,0,0.8607662
5581,Pass,0,0.99824107,0.2700354,0,0.9173145
5582,Pass,0,0.9998764,0.075901255,0,0.9789384
5583,Pass,0,0.9990963,0.2742406,0,0.9167991
5584,Pass,0,0.99998796,0.06654337,0,0.98194605
5585,Pass,0,0.9998876,0.22318761,0,0.933336
5586,Pass,0,1.0,0.112449214,0,0.9677396
5587,Pass,0,0.9995022,0.23993117,0,0.92779285
5588,Pass,0,0.99999344,0.094486624,0,0.9732967
5589,Pass,0,0.9999783,0.3106444,0,0.9063335
5590,Pass,0,0.99998736,0.113116585,0,0.96752065
5591,Pass,0,0.99982685,0.19761424,0,0.94119865
5592,Pass,0,0.99948287,0.26617488,0,0.9196508
5593,Pass,0,0.99982387,0.13736294,0,0.959854
5594,Pass,0,0.9994992,0.1722848,0,0.94873154
5595,Pass,0,0.99998796,0.16117765,0,0.9526356
5596,Pass,0,0.99995995,0.13255028,0,0.9614752
5597,Pass,0,0.99999666,0.07123154,0,0.9805025
5598,Pass,0,0.96252096,0.32391202,0,0.8684286
5599,Pass,0,0.9999459,0.17700341,0,0.94769406
5600,Pass,0,1.0,0.12367104,0,0.96426386
5601,Pass,0,0.99838376,0.44039324,0,0.86476654
5602,Pass,0,0.9406377,0.2694452,0,0.864553
5603,Pass,0,0.9999939,0.20126547,0,0.94022506
5604,Pass,0,0.9995363,0.17561604,0,0.94773537
5605,Pass,0,0.9999999,0.087627396,0,0.97542745
5606,Pass,0,0.99998236,0.08127869,0,0.9773767
5607,Pass,0,0.99992156,0.052521788,0,0.98622334
5608,Pass,0,0.99965036,0.11830366,0,0.96558857
5609,Pass,0,0.99999976,0.05776045,0,0.9846779
5610,Pass,0,0.9997613,0.095348805,0,0.9728037
5611,Pass,0,0.99998033,0.12564301,0,0.96363413
5612,Pass,0,0.9999026,0.33877257,0,0.8975537
5613,Pass,0,0.99999774,0.05895659,0,0.98430544
5614,Pass,0,0.9999764,0.17079969,0,0.94964445
5615,Pass,0,0.75339013,0.72765094,0,0.5855311
5616,Pass,0,0.8241936,0.57958424,0,0.6783569
5617,Pass,0,0.99998665,0.08993959,0,0.9746984
5618,Pass,0,0.9999771,0.112979114,0,0.96755326
5619,Pass,0,0.999998,0.071228266,0,0.9805048
5620,Pass,0,0.99992037,0.07161246,0,0.9803097
5621,Pass,0,0.999613,0.09726588,0,0.9720659
5622,Pass,0,0.99995995,0.019944957,0,0.9963507
5623,Pass,0,0.9999995,0.035775535,0,0.99148697
5624,Pass,0,0.9891698,0.1599231,0,0.942714
5625,Pass,0,0.4832407,0.6538382,0,0.38662001
5626,Pass,0,0.99992573,0.2774754,0,0.91655844
5627,Pass,0,0.9916557,0.4927205,0,0.842867
5628,Pass,0,0.9997557,0.01788681,0,0.99678445
5629,Pass,0,0.9995173,0.38103497,0,0.8841244
5630,Pass,0,0.9999833,0.12827104,0,0.96282303
5631,Pass,0,0.9687284,0.53677887,0,0.8101604
5632,Pass,0,0.9821278,0.23212622,0,0.91403925
5633,Pass,0,0.9992756,0.10361021,0,0.96977425
5634,Pass,0,0.99894017,0.1312447,0,0.96089864
5635,Pass,0,0.99999845,0.09816707,0,0.97216165
5636,Pass,0,0.99995565,0.11149852,0,0.9679911
5637,Pass,0,0.9449392,0.69762516,0,0.7431898
5638,Pass,0,0.99998677,0.053632427,0,0.9859437
5639,Pass,0,0.99949014,0.12390991,0,0.96369827
5640,Pass,0,0.9975528,0.2571679,0,0.92065775
5641,Pass,0,0.9999889,0.09640037,0,0.9726995
5642,Pass,0,0.9920014,0.207891,0,0.93067455
5643,Pass,0,0.99999857,0.08572764,0,0.97601455
5644,Pass,0,0.99997795,0.11156291,0,0.9679927
5645,Pass,0,0.9994918,0.23319285,0,0.92986923
5646,Pass,0,0.99942124,0.07153588,0,0.9798441
5647,Pass,0,0.9846746,0.09585501,0,0.9579694
5648,Pass,0,0.9999672,0.047262322,0,0.98789734
5649,Pass,0,0.999984,0.068516344,0,0.98133105
5650,Pass,0,0.99952495,0.14156967,0,0.9582647
5651,Pass,0,0.9990158,0.087537296,0,0.9744954
5652,Pass,0,0.9997768,0.40474844,0,0.8770108
5653,Pass,0,0.99909043,0.10053121,0,0.9705473
5654,Pass,0,0.999905,0.18764907,0,0.94435847
5655,Pass,0,0.9998548,0.10229574,0,0.9707434
5656,Pass,0,0.95878977,0.5148097,0,0.8083726
5657,Pass,0,0.99974626,0.1938072,0,0.9423017
5658,Pass,0,0.9979346,0.10414559,0,0.9683073
5659,Pass,0,0.99864703,0.043729417,0,0.9876858
5660,Pass,0,0.99990845,0.051831458,0,0.9864242
5661,Pass,0,0.99913436,0.19973925,0,0.9398892
5662,Pass,0,0.9999994,0.027215974,0,0.994138
5663,Pass,0,0.9995838,0.23840587,0,0.92834085
5664,Pass,0,0.9986505,0.14101464,0,0.9575981
5665,Pass,0,0.9999925,0.18168576,0,0.94628805
5666,Pass,0,0.9999999,0.0382685,0,0.9907152
5667,Pass,0,0.9992623,0.10576868,0,0.96909326
5668,Pass,0,0.9999558,0.15884675,0,0.9533269
5669,Pass,0,0.9998574,0.059407987,0,0.98402756
5670,Pass,0,0.99959105,0.12304172,0,0.96406436
5671,Pass,0,0.99999654,0.07070975,0,0.980664
5672,Pass,0,0.97700524,0.041540667,0,0.9669439
5673,Pass,0,0.99721044,0.19606194,0,0.9392151
5674,Pass,0,0.999974,0.032276455,0,0.9925454
5675,Pass,0,0.99999917,0.030552886,0,0.9931042
5676,Pass,0,0.99976903,0.028480157,0,0.9935175
5677,Pass,0,0.9996828,0.12575704,0,0.96331215
5678,Pass,0,0.9995115,0.1492317,0,0.95587987
5679,Pass,0,0.99990726,0.31675574,0,0.9043765
5680,Pass,0,0.9999877,0.04651126,0,0.9881502
5681,Pass,0,0.99999917,0.06598854,0,0.98212886
5682,Pass,0,0.9999956,0.100527324,0,0.9714278
5683,Pass,0,0.630802,1.3614117,0,0.36643434
5684,Pass,0,0.9999529,0.26371527,0,0.92084503
5685,Pass,0,0.9999548,0.07728755,0,0.97858584
5686,Pass,0,0.99999523,0.209343,0,0.9377245
5687,Pass,0,0.9999988,0.06503225,0,0.9824247
5688,Pass,0,0.535068,2.5748956,0,0.10971773
5689,Pass,0,0.99992406,0.38456103,0,0.8833921
5690,Pass,0,0.999897,0.066471264,0,0.981879
5691,Pass,0,0.9942232,0.5396945,0,0.8305842
5692,Pass,0,0.9999378,0.13507642,0,0.96067154
5693,Pass,0,0.9999573,0.079379655,0,0.9779404
5694,Pass,0,0.9999963,0.058546975,0,0.9844309
5695,Pass,0,0.999432,0.061204378,0,0.9830528
5696,Pass,0,0.9999933,0.10943239,0,0.9686675
5697,Pass,0,0.9999405,0.15926117,0,0.95318395
5698,Pass,0,0.99991345,0.09571353,0,0.9728388
5699,Pass,0,0.9982022,0.14595631,0,0.9556404
5700,Pass,0,0.9999566,0.063249916,0,0.98293525
5701,Pass,0,0.9999989,0.08390691,0,0.97657883
5702,Pass,0,0.99996316,0.092552215,0,0.97386634
5703,Pass,0,0.9984351,0.28232434,0,0.91369253
5704,Pass,0,0.99999845,0.08969991,0,0.97478414
5705,Pass,0,0.9999877,0.07214349,0,0.98021126
5706,Pass,0,0.9999956,0.1177802,0,0.9660842
5707,Pass,0,0.9976109,0.114843585,0,0.96468776
5708,Pass,0,0.33375716,1.1324276,0,0.2175512
5709,Pass,0,0.99851674,0.35807347,0,0.89034057
5710,Pass,0,0.99998426,0.06790143,0,0.9815218
5711,Pass,0,0.99999964,0.13183095,0,0.96173614
5712,Pass,0,0.99996996,0.04153876,0,0.9896727
5713,Pass,0,0.9999466,0.16058967,0,0.9527783
5714,Pass,0,0.9999963,0.089722164,0,0.97477514
5715,Pass,0,0.9990588,0.2124201,0,0.9358942
5716,Pass,0,0.99998033,0.058729798,0,0.98435855
5717,Pass,0,0.9999976,0.070288174,0,0.9807956
5718,Pass,0,0.99996996,0.13099757,0,0.96196574
5719,Pass,0,0.9994029,0.12391275,0,0.9636133
5720,Pass,0,0.93161976,0.3576567,0,0.83081126
5721,Pass,0,0.99998426,0.14351662,0,0.95810205
5722,Pass,0,0.99951446,0.06989744,0,0.9804427
5723,Pass,0,0.99988925,0.21224035,0,0.9367278
5724,Pass,0,0.90716016,0.35101497,0,0.81086457
5725,Pass,0,0.99987483,0.15694591,0,0.95383835
5726,Pass,0,0.99988115,0.09357222,0,0.97347057
5727,Pass,0,0.99945396,0.18065754,0,0.9460967
5728,Pass,0,0.9994778,0.06845111,0,0.98085445
5729,Pass,0,0.9999447,0.079729974,0,0.9778195
5730,Pass,0,0.99974173,0.07394313,0,0.9794129
5731,Pass,0,0.99999845,0.09313662,0,0.9737197
5732,Pass,0,0.9999641,0.220743,0,0.9341646
5733,Pass,0,0.9998404,0.38189018,0,0.8841453
5734,Pass,0,0.99985075,0.2029115,0,0.93958074
5735,Pass,0,0.99999845,0.057536367,0,0.984746
5736,Pass,0,0.9998258,0.04729764,0,0.9877466
5737,Pass,0,0.99963653,0.42069694,0,0.8719499
5738,Pass,0,0.9999995,0.039765287,0,0.99025124
5739,Pass,0,0.99997747,0.011676793,0,0.99892896
5740,Pass,0,0.99997425,0.02264941,0,0.9955273
5741,Pass,0,0.9999112,0.13787036,0,0.9597807
5742,Pass,0,0.9999906,0.14132454,0,0.9587871
5743,Pass,0,0.9995977,0.06834413,0,0.9810053
5744,Pass,0,0.9999863,0.17058995,0,0.94971883
5745,Pass,0,0.9969548,0.49489257,0,0.8467003
5746,Pass,0,0.9997907,0.12846763,0,0.96257675
5747,Pass,0,0.99993014,0.023451738,0,0.99523497
5748,Pass,0,0.9449703,1.1508299,0,0.6105691
5749,Pass,0,0.9999999,0.069432504,0,0.9810629
5750,Pass,0,0.99997044,0.12960388,0,0.9623979
5751,Pass,0,0.9999523,0.08679721,0,0.97563815
5752,Pass,0,0.99875975,0.18866606,0,0.94296217
5753,Pass,0,0.9998036,0.21725026,0,0.93509614
5754,Pass,0,0.999966,0.11061278,0,0.9682754
5755,Pass,0,0.99998367,0.08570469,0,0.97600716
5756,Pass,0,0.9999454,0.17537351,0,0.94819844
5757,Pass,0,0.99993277,0.025397483,0,0.9946349
5758,Pass,0,0.9999547,0.08549699,0,0.97604316
5759,Pass,0,0.9994823,0.17559306,0,0.9476913
5760,Pass,0,0.999884,0.17478032,0,0.9483239
5761,Pass,0,0.9999844,0.06551586,0,0.98226076
5762,Pass,0,0.9979158,0.10412974,0,0.968294
5763,Pass,0,0.99552083,0.24422039,0,0.9227746
5764,Pass,0,0.98657215,0.42832902,0,0.8582221
5765,Pass,0,0.99752086,0.19858727,0,0.93872726
5766,Pass,0,0.99969494,0.4395617,0,0.86615974
5767,Pass,0,1.0,0.098666206,0,0.9720085
5768,Pass,0,0.9998568,0.13774294,0,0.959768
5769,Pass,0,0.9872968,0.18912476,0,0.9319994
5770,Pass,0,0.9999962,0.046198055,0,0.98825556
5771,Pass,0,0.99935216,0.14958954,0,0.9556167
5772,Pass,0,0.9999988,0.0941588,0,0.97340345
5773,Pass,0,0.99998975,0.2043819,0,0.9392559
5774,Pass,0,0.9999945,0.078992784,0,0.97809654
5775,Pass,0,0.9991679,0.29173765,0,0.91145015
5776,Pass,0,0.997329,0.09505976,0,0.9705263
5777,Pass,0,0.99995077,0.29317558,0,0.9117189
5778,Pass,0,0.9961577,0.1186753,0,0.96210027
5779,Pass,0,0.9999459,0.24836805,0,0.92559177
5780,Pass,0,0.9999825,0.1649985,0,0.95144695
5781,Pass,0,0.9999974,0.053583402,0,0.9859693
5782,Pass,0,0.9999988,0.1256899,0,0.9636374
5783,Pass,0,0.9996673,0.25462586,0,0.92339635
5784,Pass,0,0.99988616,0.089753374,0,0.9746581
5785,Pass,0,0.9999894,0.1391013,0,0.9594745
5786,Pass,0,0.9998951,0.27994874,0,0.9157644
5787,Pass,0,0.99999404,0.060548615,0,0.98380876
5788,Pass,0,0.99999523,0.14553691,0,0.9574868
5789,Pass,0,0.99951243,0.088622764,0,0.9746438
5790,Pass,0,0.42233965,0.9052798,0,0.3050047
5791,Pass,0,0.9995115,0.1492317,0,0.95587987
5792,Pass,0,0.9999672,0.07975709,0,0.97783315
5793,Pass,0,0.9999989,0.15980159,0,0.95307225
5794,Pass,0,0.99999833,0.06377537,0,0.9828135
5795,Pass,0,0.9993407,0.23066919,0,0.9305098
5796,Pass,0,0.79146934,0.5005258,0,0.67080337
5797,Pass,0,0.9997259,0.05442336,0,0.98544157
5798,Pass,0,0.99996245,0.02443941,0,0.9949612
5799,Pass,0,0.9999987,0.178832,0,0.94717777
5800,Pass,0,0.9989151,0.29089597,0,0.91147983
5801,Pass,0,0.99778926,0.4103325,0,0.8735417
5802,Pass,0,0.997806,0.18715413,0,0.94252896
5803,Pass,0,0.99997234,0.017376723,0,0.99715847
5804,Pass,0,0.99151176,0.8791952,0,0.72405916
5805,Pass,0,0.99992037,0.26411256,0,0.920692
5806,Pass,0,0.99959105,0.12304172,0,0.96406436
5807,Pass,0,0.99762875,0.43669432,0,0.86525553
5808,Pass,0,0.997806,0.18715413,0,0.94252896
5809,Pass,0,0.9999851,0.13754992,0,0.9599509
5810,Pass,0,0.99998903,0.2571748,0,0.922904
5811,Pass,0,0.99997413,0.11521015,0,0.9668594
5812,Pass,0,0.9998647,0.11726645,0,0.96611685
5813,Pass,0,0.9996184,0.05997047,0,0.98361814
5814,Pass,0,0.9999999,0.05703456,0,0.98490286
5815,Pass,0,0.9999931,0.13806109,0,0.95980024
5816,Pass,0,0.9999778,0.26183692,0,0.9214497
5817,Pass,0,0.9999894,0.14068429,0,0.9589842
5818,Pass,0,0.99996257,0.07487446,0,0.9793408
5819,Pass,0,0.9999999,0.050234947,0,0.98700887
5820,Pass,0,0.9999912,0.10750033,0,0.96926385
5821,Pass,0,0.99948645,0.09919537,0,0.97134554
5822,Pass,0,0.99994767,0.098483,0,0.9720144
5823,Pass,0,0.9999896,0.15247363,0,0.95533305
5824,Pass,0,0.9924354,1.069952,0,0.66609806
5825,Pass,0,0.9995072,0.100728355,0,0.9708911
5826,Pass,0,0.9999956,0.15746213,0,0.95379364
5827,Pass,0,0.9998018,0.4362584,0,0.86727524
5828,Pass,0,0.9771558,0.38650542,0,0.8626888
5829,Pass,0,0.99999917,0.10796075,0,0.9691289
5830,Pass,0,0.99999404,0.060548615,0,0.98380876
5831,Pass,0,0.9999993,0.2140025,0,0.93628514
5832,Pass,0,0.9996884,0.10581967,0,0.9694907
5833,Pass,0,0.9996263,0.35525215,0,0.89220345
5834,Pass,0,0.99998283,0.07323414,0,0.9798687
5835,Pass,0,0.9994505,0.2977895,0,0.9098345
5836,Pass,0,0.99999976,0.03959309,0,0.9903048
5837,Pass,0,0.970318,0.40325832,0,0.8516172
5838,Pass,0,0.99989283,0.05436999,0,0.98562264
5839,Pass,0,0.9977107,0.22401878,0,0.93104714
5840,Pass,0,0.99991536,0.030449081,0,0.99305314
5841,Pass,0,0.99988174,0.025224209,0,0.99463785
5842,Pass,0,0.9991842,0.25553837,0,0.9226677
5843,Pass,0,0.9999999,0.12442933,0,0.9640289
5844,Pass,0,0.9999975,0.031661298,0,0.9927592
5845,Pass,0,0.99784315,0.24067809,0,0.92602205
5846,Pass,0,0.9998292,0.13523126,0,0.96051925
5847,Pass,0,0.9999975,0.16331963,0,0.95198125
5848,Pass,0,0.99543446,0.23059367,0,0.92689586
5849,Pass,0,0.99999154,0.12421339,0,0.9640877
5850,Pass,0,0.9999341,0.2375787,0,0.92892236
5851,Pass,0,1.0,0.04689602,0,0.9880431
5852,Pass,0,0.99976057,0.10337812,0,0.9703167
5853,Pass,0,0.999998,0.15398519,0,0.95487285
5854,Pass,0,0.99438286,0.38294592,0,0.87899417
5855,Pass,0,0.999734,0.08777278,0,0.97512305
5856,Pass,0,0.99996877,0.10113551,0,0.9712134
5857,Pass,0,0.9999974,0.0775961,0,0.97853196
5858,Pass,0,0.9999925,0.15313089,0,0.9551322
5859,Pass,0,0.9999852,0.23004308,0,0.9313038
5860,Pass,0,0.99991715,0.047529496,0,0.98776513
5861,Pass,0,0.99999404,0.09179895,0,0.97412974
5862,Pass,0,0.99981886,0.055241685,0,0.98527974
5863,Pass,0,0.9999831,0.1491469,0,0.9563571
5864,Pass,0,0.9999893,0.251796,0,0.9245702
5865,Pass,0,0.999374,0.04786515,0,0.9871246
5866,Pass,0,0.99988425,0.110949256,0,0.9680921
5867,Pass,0,0.9986154,0.013162984,0,0.99710864
5868,Pass,0,0.99999344,0.104909375,0,0.97006845
5869,Pass,0,0.9999447,0.50969154,0,0.8446562
5870,Pass,0,0.99846554,0.13231559,0,0.9601109
5871,Pass,0,0.9967949,0.22158952,0,0.9309425
5872,Pass,0,0.99999857,0.12262266,0,0.9645872
5873,Pass,0,0.9996935,0.23927002,0,0.9281752
5874,Pass,0,0.99998844,0.06769773,0,0.98158896
5875,Pass,0,0.99999917,0.048773643,0,0.98746073
5876,Pass,0,0.9999993,0.09168412,0,0.9741703
5877,Pass,0,0.99944645,0.12370025,0,0.96372104
5878,Pass,0,0.9999969,0.060185235,0,0.9839241
5879,Pass,0,0.999997,0.0693364,0,0.98108983
5880,Pass,0,0.9999858,0.17558633,0,0.94817084
5881,Pass,0,0.9999912,0.06484509,0,0.9824752
5882,Pass,0,0.9908586,0.105837524,0,0.9609222
5883,Pass,0,0.99984753,0.44386744,0,0.8649585
5884,Pass,0,0.99124473,0.31545874,0,0.89693975
5885,Pass,0,0.9998061,0.26629677,0,0.91991043
5886,Pass,0,0.9998367,0.043712173,0,0.98886776
5887,Pass,0,0.999997,0.10795695,0,0.9691281
5888,Pass,0,0.99959105,0.12304172,0,0.96406436
5889,Pass,0,0.962589,0.4984025,0,0.8164675
5890,Pass,0,0.9999689,0.050502744,0,0.9868953
5891,Pass,0,0.9876209,0.6006174,0,0.8064327
5892,Pass,0,0.99984956,0.021788506,0,0.99566984
5893,Pass,0,0.9998117,0.20737845,0,0.9381608
5894,Pass,0,0.99988616,0.089753374,0,0.9746581
5895,Pass,0,0.99989724,0.2909008,0,0.91237456
5896,Pass,0,0.99895656,0.3141054,0,0.90433663
5897,Pass,0,0.9943634,0.35411343,0,0.88785684
5898,Pass,0,0.99975723,0.3258809,0,0.90141517
5899,Pass,0,0.987817,0.36627463,0,0.87829083
5900,Pass,0,0.99984825,0.16680597,0,0.95075953
5901,Pass,0,0.99615896,0.19892064,0,0.9373428
5902,Pass,0,0.99997807,0.032784425,0,0.9923921
5903,Pass,0,0.99999857,0.03588937,0,0.9914508
5904,Pass,0,0.9999999,0.05703456,0,0.98490286
5905,Pass,0,0.535068,2.5748956,0,0.10971773
5906,Pass,0,0.9987747,0.2680519,0,0.9184185
5907,Pass,0,0.9961832,0.20243286,0,0.9362819
5908,Pass,0,0.9981371,0.16008557,0,0.95120996
5909,Pass,0,0.99986446,0.12896413,0,0.96249396
5910,Pass,0,0.9998548,0.10229574,0,0.9707434
5911,Pass,0,0.9999721,0.114707686,0,0.96701306
5912,Pass,0,0.9999994,0.049150147,0,0.9873444
5913,Pass,0,0.99985003,0.055613853,0,0.9851952
5914,Pass,0,0.99990666,0.09709727,0,0.9724037
5915,Pass,0,1.0,0.07596156,0,0.97904074
5916,Pass,0,0.99998665,0.20737185,0,0.93832695
5917,Pass,0,0.9451468,0.5713287,0,0.78032476
5918,Pass,0,0.99906737,0.3425969,0,0.8956206
5919,Pass,0,0.99859244,0.107408725,0,0.9679364
5920,Pass,0,0.9993505,0.13585784,0,0.95986545
5921,Pass,0,0.9999732,0.15084034,0,0.9558232
5922,Pass,0,0.99962234,0.057502814,0,0.9843861
5923,Pass,0,0.99373513,0.33477032,0,0.89324933
5924,Pass,0,0.9999993,0.13512577,0,0.9607153
5925,Pass,0,0.9990074,0.14782268,0,0.9558338
5926,Pass,0,0.9999968,0.097921304,0,0.9722361
5927,Pass,0,0.9983948,0.05606921,0,0.9836205
5928,Pass,0,0.99980444,0.059622608,0,0.9839089
5929,Pass,0,0.99965274,0.15901253,0,0.9529866
5930,Pass,0,0.9904255,0.75490177,0,0.7613943
5931,Pass,0,0.9999957,0.072425365,0,0.9801318
5932,Pass,0,0.9752457,0.3071769,0,0.88496447
5933,Pass,0,0.99987805,0.32580566,0,0.9015474
5934,Pass,0,0.9999548,0.24532612,0,0.92654216
5935,Pass,0,0.9999212,0.075595185,0,0.9790771
5936,Pass,0,0.9957937,0.22905649,0,0.92770445
5937,Pass,0,0.99991274,0.0699273,0,0.9808242
5938,Pass,0,0.9152964,0.31235206,0,0.8290977
5939,Pass,0,0.999998,0.060833458,0,0.98372436
5940,Pass,0,0.99975973,0.12770481,0,0.9627831
5941,Pass,0,0.9892475,0.2666284,0,0.91009396
5942,Pass,0,0.9983866,0.19355223,0,0.941099
5943,Pass,0,0.9999944,0.068260044,0,0.98142064
5944,Pass,0,0.9998728,0.11035913,0,0.9682637
5945,Pass,0,0.9999999,0.09194927,0,0.97408885
5946,Pass,0,0.9999759,0.13629097,0,0.96033204
5947,Pass,0,0.9999962,0.08059849,0,0.9776008
5948,Pass,0,0.99999845,0.09163326,0,0.97418535
5949,Pass,0,0.9915765,0.19731137,0,0.93352515
5950,Pass,0,0.9997044,0.15112978,0,0.95547664
5951,Pass,0,0.999969,0.2053681,0,0.938931
5952,Pass,0,0.99959916,0.08363874,0,0.97627145
5953,Pass,0,0.999992,0.0748822,0,0.97936726
5954,Pass,0,0.9999963,0.20631735,0,0.93866265
5955,Pass,0,0.506856,1.0598125,0,0.34178096
5956,Pass,0,0.99999595,0.08845612,0,0.9751669
5957,Pass,0,0.9926292,0.27698594,0,0.91002065
5958,Pass,0,0.99996316,0.015842559,0,0.99762446
5959,Pass,0,0.99999154,0.3871768,0,0.8826416
5960,Pass,0,0.99999964,0.045138635,0,0.9885871
5961,Pass,0,0.88779163,1.1891042,0,0.56310016
5962,Pass,0,0.99973875,0.038519867,0,0.9903787
5963,Pass,0,0.962589,0.4984025,0,0.8164675
5964,Pass,0,0.99999344,0.094486624,0,0.9732967
5965,Pass,0,0.9999969,0.106436476,0,0.9695989
5966,Pass,0,0.9999198,0.090845145,0,0.9743527
5967,Pass,0,0.6086071,1.6904114,0,0.2915242
5968,Pass,0,0.9999492,0.051420704,0,0.9865916
5969,Pass,0,0.9999957,0.08483194,0,0.9762892
5970,Pass,0,0.99989283,0.20203748,0,0.9398909
5971,Pass,0,0.9999988,0.07546431,0,0.97919357
5972,Pass,0,0.9996877,0.051036544,0,0.9864525
5973,Pass,0,0.99052304,0.25940147,0,0.91348463
5974,Pass,0,0.98826677,2.8013039,0,0.1333459
5975,Pass,0,0.9999987,0.118206404,0,0.96595514
5976,Pass,0,0.8852141,0.6337257,0,0.71373594
5977,Pass,0,0.99788433,0.25577262,0,0.92139494
5978,Pass,0,0.99982256,0.098610505,0,0.97185326
5979,Pass,0,0.99996316,0.059198055,0,0.98419666
5980,Pass,0,0.99994016,0.04193708,0,0.98951983
5981,Pass,0,0.9993963,0.10901399,0,0.9682187
5982,Pass,0,0.9999367,0.09406999,0,0.9733705
5983,Pass,0,1.0,0.043348905,0,0.98914176
5984,Pass,0,0.99999034,0.0710925,0,0.9805394
5985,Pass,0,0.9999932,0.15302703,0,0.955165
5986,Pass,0,0.999522,0.15959913,0,0.95268035
5987,Pass,0,0.9999807,0.12796049,0,0.96291673
5988,Pass,0,0.93109083,1.0754797,0,0.623331
5989,Pass,0,0.99988234,0.21682937,0,0.9353002
5990,Pass,0,0.99999154,0.121692665,0,0.9648684
5991,Pass,0,0.99994695,0.0929909,0,0.97371465
5992,Pass,0,0.999617,0.0842976,0,0.9760848
5993,Pass,0,0.9999999,0.05912242,0,0.9842562
5994,Pass,0,0.9999436,0.07510245,0,0.9792517
5995,Pass,0,0.9999641,0.03493069,0,0.9917135
5996,Pass,0,0.99997497,0.09817288,0,0.97213703
5997,Pass,0,0.9999374,0.119517736,0,0.9654898
5998,Pass,0,0.9997876,0.31352615,0,0.9052684
5999,Pass,0,0.9999858,0.09641668,0,0.9726914
6000,Pass,0,0.99986684,0.05856295,0,0.9842985
6001,Pass,0,0.99990165,0.0382235,0,0.9906318
6002,Pass,0,0.9873673,0.15076308,0,0.9437974
6003,Pass,0,0.999946,0.120047785,0,0.96533394
6004,Pass,0,0.99999964,0.088882856,0,0.97503835
6005,Pass,0,0.99985397,0.04006515,0,0.99001426
6006,Pass,0,0.99998283,0.07323414,0,0.9798687
6007,Pass,0,1.0,0.11583983,0,0.9666894
6008,Pass,0,0.99929297,0.18521684,0,0.94453317
6009,Pass,0,0.9999268,0.13130595,0,0.9618287
6010,Pass,0,0.9999974,0.053583402,0,0.9859693
6011,Pass,0,0.88733983,0.78684294,0,0.6733682
6012,Pass,0,0.9997867,0.15042622,0,0.9557732
6013,Pass,0,0.99997807,0.032784425,0,0.9923921
6014,Pass,0,0.9998852,0.07706184,0,0.9785876
6015,Pass,0,0.9898796,0.5899683,0,0.811542
6016,Pass,0,0.99992335,0.14240402,0,0.95838827
6017,Pass,0,0.99998677,0.053632427,0,0.9859437
6018,Pass,0,0.9999857,0.12342666,0,0.9643258
6019,Pass,0,0.9999877,0.07857335,0,0.9782198
6020,Pass,0,0.9999548,0.24532612,0,0.92654216
6021,Pass,0,0.99995124,0.17211364,0,0.9492136
6022,Pass,0,0.9999502,0.31601566,0,0.9046445
6023,Pass,0,0.999982,0.10115217,0,0.9712211
6024,Pass,0,0.9994823,0.11768288,0,0.9656184
6025,Pass,0,0.999863,0.1473145,0,0.95680976
6026,Pass,0,0.87443656,0.6949773,0,0.68845695
6027,Pass,0,0.9999633,0.029754577,0,0.9933158
6028,Pass,0,0.9999968,0.13283151,0,0.9614235
6029,Pass,0,0.94820774,0.39608377,0,0.8343188
6030,Pass,0,0.99999845,0.14875802,0,0.95649225
6031,Pass,0,0.9999982,0.061360605,0,0.9835613
6032,Pass,0,0.9994974,0.30280158,0,0.90832555
6033,Pass,0,0.9999757,0.1029747,0,0.9706505
6034,Pass,0,0.99906737,0.3425969,0,0.8956206
6035,Pass,0,0.9604089,0.10566386,0,0.9314441
6036,Pass,0,0.9999975,0.03904086,0,0.99047357
6037,Pass,0,0.99990606,0.020327443,0,0.99617857
6038,Pass,0,0.999374,0.04786515,0,0.9871246
6039,Pass,0,0.9999213,0.1514025,0,0.95559955
6040,Pass,0,0.9999994,0.10112964,0,0.97124493
6041,Pass,0,0.99996066,0.059105758,0,0.9842227
6042,Pass,0,0.999572,0.1791365,0,0.94667935
6043,Pass,0,0.99992037,0.07161246,0,0.9803097
6044,Pass,0,0.9997551,0.03670628,0,0.9909564
6045,Pass,0,0.9999316,0.21532276,0,0.93581283
6046,Pass,0,0.9857202,0.40531996,0,0.8645059
6047,Pass,0,0.9999975,0.089012094,0,0.9749962
6048,Pass,0,0.99974245,0.09158546,0,0.9739507
6049,Pass,0,0.9999999,0.03061298,0,0.99308634
6050,Pass,0,0.99913436,0.19973925,0,0.9398892
6051,Pass,0,0.96428716,0.20887591,0,0.9043795
6052,Pass,0,0.99999046,0.17860538,0,0.9472402
6053,Pass,0,0.99986804,0.29375485,0,0.91146404
6054,Pass,0,0.9999938,0.084894225,0,0.976268
6055,Pass,0,0.99417466,0.3971888,0,0.8744244
6056,Pass,0,0.9999269,0.34970033,0,0.8941912
6057,Pass,0,0.9999727,0.25419718,0,0.9238112
6058,Pass,0,0.9999871,0.060958166,0,0.98367506
6059,Pass,0,0.9999299,0.08105461,0,0.9773948
6060,Pass,0,0.99836737,0.07970124,0,0.976286
6061,Pass,0,0.9965759,0.48538134,0,0.84931433
6062,Pass,0,0.9999989,0.059225578,0,0.9842233
6063,Pass,0,0.9998988,0.11765304,0,0.96603006
6064,Pass,0,0.9999443,0.17927301,0,0.9469897
6065,Pass,0,0.99961036,0.086788185,0,0.9753073
6066,Pass,0,0.9978123,0.33186743,0,0.89781135
6067,Pass,0,0.99999404,0.113733344,0,0.96733606
6068,Pass,0,0.9999981,0.10292132,0,0.97068876
6069,Pass,0,0.99997425,0.23727328,0,0.9290543
6070,Pass,0,0.99995565,0.11149852,0,0.9679911
6071,Pass,0,0.999979,0.17900124,0,0.9471068
6072,Pass,0,0.99999404,0.13428304,0,0.9609713
6073,Pass,0,0.5959261,0.96675843,0,0.41901773
6074,Pass,0,0.9999974,0.082402095,0,0.9770434
6075,Pass,0,0.9826968,0.53009784,0,0.82387584
6076,Pass,0,0.9995888,0.20940469,0,0.9373243
6077,Pass,0,0.9999964,0.098713666,0,0.97199035
6078,Pass,0,0.99999034,0.11466469,0,0.967044
6079,Pass,0,0.99999595,0.0636454,0,0.98285145
6080,Pass,0,0.9868341,0.046111878,0,0.9752743
6081,Pass,0,0.9999299,0.08105461,0,0.9773948
6082,Pass,0,0.99999917,0.063216634,0,0.9829874
6083,Pass,0,0.9999914,0.119520865,0,0.965541
6084,Pass,0,0.9999572,0.112144254,0,0.9677926
6085,Pass,0,0.99519366,0.5355707,0,0.83266604
6086,Pass,0,0.9999583,0.022295123,0,0.99562114
6087,Pass,0,0.77928305,0.3881955,0,0.68758756
6088,Pass,0,0.9997478,0.20348635,0,0.93930596
6089,Pass,0,0.99995244,0.099526644,0,0.97169584
6090,Pass,0,0.9999615,0.12848687,0,0.9627352
6091,Pass,0,0.9999076,0.27848634,0,0.9162288
6092,Pass,0,0.99999905,0.061040338,0,0.9836613
6093,Pass,0,0.99999976,0.06370912,0,0.9828354
6094,Pass,0,0.99999595,0.10279363,0,0.97072625
6095,Pass,0,0.9998697,0.059419543,0,0.9840361
6096,Pass,0,0.9999738,0.17925905,0,0.9470219
6097,Pass,0,0.9999999,0.05908617,0,0.9842674
6098,Pass,0,0.9999901,0.12991303,0,0.96232104
6099,Pass,0,0.9999844,0.068035774,0,0.9814803
6100,Pass,0,0.9999505,0.24474995,0,0.9267166
6101,Pass,0,0.9972843,0.27113226,0,0.9160965
6102,Pass,0,0.9999913,0.14487678,0,0.95768756
6103,Pass,0,0.99997556,0.0236888,0,0.9952067
6104,Pass,0,0.99906176,0.11932465,0,0.96470404
6105,Pass,0,0.99999094,0.21351242,0,0.93642914
6106,Pass,0,0.99999785,0.17617896,0,0.9479987
6107,Pass,0,0.99928135,0.18167882,0,0.9456172
6108,Pass,0,0.9999944,0.19164693,0,0.9432046
6109,Pass,0,0.99993217,0.26853254,0,0.919334
6110,Pass,0,0.97741085,0.9183756,0,0.7019007
6111,Pass,0,0.99999714,0.08495233,0,0.9762533
6112,Pass,0,0.994595,0.36335903,0,0.88521546
6113,Pass,0,0.99998295,0.10414143,0,0.97029614
6114,Pass,0,0.9949709,0.31578678,0,0.9002104
6115,Pass,0,0.9999994,0.19546394,0,0.94202715
6116,Pass,0,0.99438286,0.042798236,0,0.98375523
6117,Pass,0,0.9999958,0.074436426,0,0.97950906
6118,Pass,0,0.9965481,0.20366839,0,0.9362436
6119,Pass,0,0.9999993,0.11479479,0,0.96701235
6120,Pass,0,0.9993075,0.31189805,0,0.9053375
6121,Pass,0,0.9999943,0.13779253,0,0.9598846
6122,Pass,0,0.99998116,0.14403448,0,0.95793873
6123,Pass,0,0.9999509,0.12868169,0,0.96266466
6124,Pass,0,0.9984854,0.13977708,0,0.95782244
6125,Pass,0,0.9999988,0.11047782,0,0.96834904
6126,Pass,0,0.99993515,0.23998044,0,0.9281795
6127,Pass,0,0.99992526,0.23222561,0,0.93057203
6128,Pass,0,0.9998996,0.020704404,0,0.99605536
6129,Pass,0,0.9984351,0.28232434,0,0.91369253
6130,Pass,0,0.967702,0.33592248,0,0.8695033
6131,Pass,0,0.99997187,0.05830738,0,0.98448104
6132,Pass,0,0.999895,0.04358626,0,0.9889644
6133,Pass,0,0.9988586,0.32510552,0,0.90084475
6134,Pass,0,1.0,0.07597113,0,0.9790378
6135,Pass,0,0.9929107,0.300512,0,0.9030438
6136,Pass,0,0.9999168,0.14882089,0,0.95639473
6137,Pass,0,0.99993694,0.035489026,0,0.99151367
6138,Pass,0,0.9999993,0.053132687,0,0.98611075
6139,Pass,0,0.99999774,0.092453085,0,0.9739307
6140,Pass,0,0.99744844,0.24614196,0,0.9239678
6141,Pass,0,0.99999905,0.17753038,0,0.9475813
6142,Pass,0,0.9935533,0.41724053,0,0.8677074
6143,Pass,0,0.9835249,0.6408065,0,0.79084563
6144,Pass,0,0.9998349,0.2484924,0,0.9254505
6145,Pass,0,0.9955434,0.44335613,0,0.86139274
6146,Pass,0,0.9999759,0.21338212,0,0.93645537
6147,Pass,0,0.99563015,0.033877216,0,0.9877402
6148,Pass,0,0.99906737,0.3425969,0,0.8956206
6149,Pass,0,0.9999995,0.054696556,0,0.98562664
6150,Pass,0,0.9999019,0.15633255,0,0.95405406
6151,Pass,0,0.99992335,0.14240402,0,0.95838827
6152,Pass,0,0.9999794,0.029505625,0,0.9934089
6153,Pass,0,0.99936694,0.092200786,0,0.97339445
6154,Pass,0,0.99981517,0.34918192,0,0.89425176
6155,Pass,0,0.9993856,0.129423,0,0.961891
6156,Pass,0,0.9948259,0.41252005,0,0.87027323
6157,Pass,0,0.9999995,0.10034124,0,0.97148925
6158,Pass,0,0.999998,0.15435353,0,0.95475876
6159,Pass,0,0.9315104,0.462866,0,0.80035937
6160,Pass,0,0.9999907,0.25145176,0,0.92467815
6161,Pass,0,0.9999995,0.052843392,0,0.98620063
6162,Pass,0,0.9999697,0.153262,0,0.95506984
6163,Pass,0,0.99870074,0.14572641,0,0.9561888
6164,Pass,0,0.9984492,0.0639036,0,0.98125136
6165,Pass,0,0.9999993,0.101371706,0,0.9711698
6166,Pass,0,0.99972993,0.061310865,0,0.98331285
6167,Pass,0,0.9999882,0.1023866,0,0.9708448
6168,Pass,0,0.9999939,0.15320355,0,0.9551111
6169,Pass,0,0.99955696,0.17995486,0,0.9464117
6170,Pass,0,0.99991,0.25093177,0,0.9247645
6171,Pass,0,0.999613,0.09726588,0,0.9720659
6172,Pass,0,0.9999982,0.055771314,0,0.98529243
6173,Pass,0,0.9999981,0.11846138,0,0.96587557
6174,Pass,0,0.9999969,0.04368329,0,0.9890352
6175,Pass,0,0.99998605,0.13736983,0,0.96000755
6176,Pass,0,0.99998736,0.076169185,0,0.9789641
6177,Pass,0,0.9690607,0.22125751,0,0.9051402
6178,Pass,0,0.9999367,0.09406999,0,0.9733705
6179,Pass,0,0.99999976,0.16475539,0,0.9515387
6180,Pass,0,0.8236468,0.92183435,0,0.590597
6181,Pass,0,0.9999981,0.09526403,0,0.9730604
6182,Pass,0,0.99993086,0.090117775,0,0.9745888
6183,Pass,0,0.99999464,0.09843394,0,0.9720753
6184,Pass,0,0.99982375,0.37455678,0,0.88640153
6185,Pass,0,0.9999976,0.16791372,0,0.9505584
6186,Pass,0,0.99999845,0.1141434,0,0.96721333
6187,Pass,0,0.99996126,0.16225366,0,0.9522769
6188,Pass,0,0.9999852,0.043872587,0,0.988965
6189,Pass,0,0.9999242,0.12227171,0,0.9646241
6190,Pass,0,0.99733764,0.22565635,0,0.9301931
6191,Pass,0,0.9821278,0.23212622,0,0.91403925
6192,Pass,0,0.99999285,0.09519462,0,0.9730768
6193,Pass,0,0.99999964,0.06510169,0,0.982404
6194,Pass,0,0.9997764,0.039419364,0,0.99013746
6195,Pass,0,0.99998236,0.13754345,0,0.95995027
6196,Pass,0,0.9997316,0.5088869,0,0.8447254
6197,Pass,0,0.9957688,0.21653235,0,0.93154395
6198,Pass,0,0.99959105,0.12304172,0,0.96406436
6199,Pass,0,0.9999939,0.15320355,0,0.9551111
6200,Pass,0,0.99990535,0.20847549,0,0.9379088
6201,Pass,0,0.9999893,0.18597221,0,0.9449574
6202,Pass,0,0.99945134,0.2658558,0,0.91972053
6203,Pass,0,0.99999356,0.085367344,0,0.9761213
6204,Pass,0,0.99999964,0.12723774,0,0.9631588
6205,Pass,0,0.7324417,0.6896748,0,0.57786524
6206,Pass,0,1.0,0.02236953,0,0.9956397
6207,Pass,0,0.86322427,0.739387,0,0.66775584
6208,Pass,0,0.99965477,0.18432835,0,0.94515026
6209,Pass,0,0.9999281,0.3536835,0,0.89295864
6210,Pass,0,0.9999802,0.08623873,0,0.97583836
6211,Pass,0,0.99970955,0.066222705,0,0.9817719
6212,Pass,0,0.99996614,0.18526435,0,0.9451547
6213,Pass,0,0.9999858,0.09641668,0,0.9726914
6214,Pass,0,0.9999989,0.097077504,0,0.97249955
6215,Pass,0,0.99963844,0.034534674,0,0.99151313
6216,Pass,0,0.9406377,0.2694452,0,0.864553
6217,Pass,0,0.9999536,0.099266015,0,0.9717777
6218,Pass,0,0.99994993,0.3439371,0,0.8959967
6219,Pass,0,0.9981371,0.16008557,0,0.95120996
6220,Pass,0,0.99999034,0.0710925,0,0.9805394
6221,Pass,0,0.99978787,0.14481692,0,0.95751125
6222,Pass,0,0.9999993,0.0915637,0,0.97420764
6223,Pass,0,0.99824107,0.2700354,0,0.9173145
6224,Pass,0,0.99935573,0.12147393,0,0.9643227
6225,Pass,0,0.99993014,0.25454053,0,0.9236655
6226,Pass,0,0.9999993,0.12846872,0,0.9627772
6227,Pass,0,1.0,0.07721741,0,0.9786518
6228,Pass,0,0.9999993,0.088100195,0,0.9752804
6229,Pass,0,0.9998466,0.24767889,0,0.92571324
6230,Pass,0,0.99318683,0.26058683,0,0.9155766
6231,Pass,0,0.9998715,0.06993293,0,0.9807819
6232,Pass,0,0.99911326,0.24690951,0,0.9252724
6233,Pass,0,0.9946408,0.3353695,0,0.89387894
6234,Pass,0,0.99905616,0.3315005,0,0.89904416
6235,Pass,0,0.52242976,0.40588608,0,0.45809478
6236,Pass,0,0.99999535,0.17471041,0,0.94845116
6237,Pass,0,0.9999685,0.082511246,0,0.9769814
6238,Pass,0,0.9975432,0.25572988,0,0.92109317
6239,Pass,0,0.9999974,0.8399985,0,0.74239606
6240,Pass,0,0.98754984,0.16788967,0,0.9387334
6241,Pass,0,0.9999987,0.07112505,0,0.9805375
6242,Pass,0,0.9999844,0.14012071,0,0.959154
6243,Pass,0,0.999246,0.17203908,0,0.9485673
6244,Pass,0,0.9844769,0.44749075,0,0.85055673
6245,Pass,0,0.99999654,0.11256586,0,0.9677001
6246,Pass,0,0.99995494,0.09265447,0,0.97382665
6247,Pass,0,0.99859244,0.107408725,0,0.9679364
6248,Pass,0,0.999949,0.102609,0,0.9707378
6249,Pass,0,0.9999944,0.19164693,0,0.9432046
6250,Pass,0,0.9999635,0.1493055,0,0.9562893
6251,Pass,0,0.9999975,0.15112114,0,0.95575947
6252,Pass,0,0.999979,0.10816044,0,0.9690476
6253,Pass,0,0.99998486,0.10597256,0,0.9697309
6254,Pass,0,0.9878399,0.28701845,0,0.9025604
6255,Pass,0,0.99997103,0.1259972,0,0.9635155
6256,Pass,0,0.9999734,0.054668963,0,0.9856094
6257,Pass,0,0.98227745,0.4495038,0,0.848044
6258,Pass,0,0.99999976,0.04423111,0,0.9888683
6259,Pass,0,0.9997831,0.1249729,0,0.9636516
6260,Pass,0,0.99994576,0.021140076,0,0.99596643
6261,Pass,0,0.9999975,0.089012094,0,0.9749962
6262,Pass,0,0.9953585,0.2111707,0,0.93281305
6263,Pass,0,0.9999821,0.19610478,0,0.94181234
6264,Pass,0,0.94860536,0.9061641,0,0.6848027
6265,Pass,0,0.9999958,0.07596417,0,0.97903585
6266,Pass,0,0.99990726,0.30757114,0,0.9072209
6267,Pass,0,0.99999726,0.066931166,0,0.98183507
6268,Pass,0,0.9997601,0.19514763,0,0.9418996
6269,Pass,0,0.9998598,0.08803577,0,0.97516435
6270,Pass,0,0.999925,0.15526944,0,0.9544054
6271,Pass,0,0.99912006,0.47592002,0,0.85441035
6272,Pass,0,0.9999875,0.20983264,0,0.93756557
6273,Pass,0,0.9999993,0.12846872,0,0.9627772
6274,Pass,0,0.99981755,0.025098681,0,0.9946129
6275,Pass,0,0.9999988,0.094279826,0,0.97336596
6276,Pass,0,0.99999774,0.14021133,0,0.95913875
6277,Pass,0,0.9975641,0.39681998,0,0.8775195
6278,Pass,0,0.99998724,0.073340744,0,0.97984
6279,Pass,0,0.9999931,0.1674222,0,0.9507064
6280,Pass,0,0.99999905,0.07446628,0,0.9795029
6281,Pass,0,0.99978095,0.101939015,0,0.97078216
6282,Pass,0,0.999572,0.1791365,0,0.94667935
6283,Pass,0,0.9994523,0.21923077,0,0.9341545
6284,Pass,0,0.9997744,0.103416026,0,0.97031844
6285,Pass,0,0.9999995,0.07356626,0,0.97978216
6286,Pass,0,0.9995894,0.12968627,0,0.9620056
6287,Pass,0,0.99045616,0.24547961,0,0.9176938
6288,Pass,0,0.999739,0.19090755,0,0.94319266
6289,Pass,0,0.99706656,0.43730685,0,0.8645788
6290,Pass,0,0.9977635,0.16346371,0,0.94980997
6291,Pass,0,0.99998724,0.08087385,0,0.9775068
6292,Pass,0,0.9999982,0.061360605,0,0.9835613
6293,Pass,0,0.9996327,0.08721054,0,0.9751984
6294,Pass,0,0.99688065,0.15959679,0,0.95016354
6295,Pass,0,0.9999888,0.061723426,0,0.9834397
6296,Pass,0,0.9999995,0.09016156,0,0.97464216
6297,Pass,0,0.99988174,0.025224209,0,0.99463785
6298,Pass,0,0.99999917,0.11261528,0,0.9676873
6299,Pass,0,0.9999826,0.06132133,0,0.9835581
6300,Pass,0,0.99958223,0.2159626,0,0.9352878
6301,Pass,0,0.9999802,0.31879514,0,0.9038108
6302,Pass,0,0.9999908,0.20228755,0,0.9399056
6303,Pass,0,0.99999964,0.050158888,0,0.9870322
6304,Pass,0,0.99999976,0.036572505,0,0.9912404
6305,Pass,0,0.9999038,0.15751137,0,0.9536909
6306,Pass,0,0.99999905,0.13945362,0,0.95937467
6307,Pass,0,0.99998033,0.0561753,0,0.98514974
6308,Pass,0,0.99998426,0.11447217,0,0.9670978
6309,Pass,0,0.99976593,0.18497121,0,0.9450563
6310,Pass,0,0.9999411,0.15207814,0,0.95540917
6311,Pass,0,0.99999046,0.07006309,0,0.9808583
6312,Pass,0,0.9143148,0.6879447,0,0.72184527
6313,Pass,0,0.9999894,0.32407477,0,0.90218383
6314,Pass,0,0.99891937,0.10487698,0,0.9690366
6315,Pass,0,0.9999987,0.055794097,0,0.9852859
6316,Pass,0,0.9996561,0.016391762,0,0.99714804
6317,Pass,0,0.9999989,0.058687456,0,0.98438996
6318,Pass,0,0.9996439,0.18147306,0,0.946024
6319,Pass,0,0.999974,0.3937849,0,0.8805795
6320,Pass,0,0.9863732,0.4845483,0,0.8408738
6321,Pass,0,0.9785348,0.48782334,0,0.833199
6322,Pass,0,0.9858898,0.13510756,0,0.94716567
6323,Pass,0,0.9976942,0.228339,0,0.92969674
6324,Pass,0,0.9999844,0.068035774,0,0.9814803
6325,Pass,0,0.9998535,0.18430799,0,0.94534445
6326,Pass,0,0.99999845,0.11059732,0,0.96831167
6327,Pass,0,0.9999999,0.048841488,0,0.98744047
6328,Pass,0,0.9997323,0.077663325,0,0.9782517
6329,Pass,0,0.99977416,0.13531776,0,0.9604396
6330,Pass,0,0.99999726,0.08036175,0,0.97767526
6331,Pass,0,0.99994254,0.027616343,0,0.99395746
6332,Pass,0,0.99999905,0.06718185,0,0.98175913
6333,Pass,0,0.9995511,0.18995807,0,0.94330937
6334,Pass,0,0.9999826,0.09536444,0,0.97301424
6335,Pass,0,0.9999151,0.082700446,0,0.97687066
6336,Pass,0,0.99999046,0.13089082,0,0.96201855
6337,Pass,0,0.99999774,0.14021133,0,0.95913875
6338,Pass,0,0.9993279,0.082714416,0,0.9762926
6339,Pass,0,0.99844545,0.20148818,0,0.9387003
6340,Pass,0,0.9999528,0.11949102,0,0.96551293
6341,Pass,0,0.9976102,0.23024444,0,0.9290297
6342,Pass,0,0.99982077,0.087852694,0,0.97518295
6343,Pass,0,0.9932539,0.055659335,0,0.97868174
6344,Pass,0,0.99886215,0.05342093,0,0.9849003
6345,Pass,0,0.998171,0.22139788,0,0.9322869
6346,Pass,0,0.9998392,0.109671004,0,0.9684443
6347,Pass,0,0.999933,0.071078524,0,0.98048747
6348,Pass,0,0.9965732,0.03924306,0,0.98701954
6349,Pass,0,0.99989855,0.21232444,0,0.93671054
6350,Pass,0,0.99912053,0.25225022,0,0.9236264
6351,Pass,0,0.9988695,0.043907277,0,0.9878508
6352,Pass,0,0.9999938,0.07077026,0,0.98064256
6353,Pass,0,0.99999666,0.083549485,0,0.9766873
6354,Pass,0,0.99996614,0.114284575,0,0.96713835
6355,Pass,0,0.9999995,0.052843392,0,0.98620063
6356,Pass,0,0.99999976,0.08571502,0,0.9760196
6357,Pass,0,0.999997,0.0827648,0,0.9769307
6358,Pass,0,0.99586856,0.40285558,0,0.87416637
6359,Pass,0,0.9982828,0.13356091,0,0.95955014
6360,Pass,0,0.5903254,0.085309714,0,0.57624346
6361,Pass,0,0.9999995,0.14603975,0,0.9573352
6362,Pass,0,0.79146934,0.5005258,0,0.67080337
6363,Pass,0,0.9997123,0.06395896,0,0.9824755
6364,Pass,0,0.99826944,0.30154157,0,0.9075992
6365,Pass,0,0.9957688,0.21653235,0,0.93154395
6366,Pass,0,0.9995858,0.2173119,0,0.9348734
6367,Pass,0,0.99998116,0.15968606,0,0.9530911
6368,Pass,0,0.99987423,0.27079475,0,0.9185802
6369,Pass,0,0.9998362,0.05100982,0,0.9866074
6370,Pass,0,0.99532986,0.35382918,0,0.88880736
6371,Pass,0,0.99992025,0.093825,0,0.97343034
6372,Pass,0,0.99988115,0.09357222,0,0.97347057
6373,Pass,0,0.99999785,0.16126658,0,0.95261747
6374,Pass,0,0.99998355,0.15308036,0,0.9551393
6375,Pass,0,0.9999298,0.12272416,0,0.9644894
6376,Pass,0,0.9999428,0.10965465,0,0.96854967
6377,Pass,0,0.99999845,0.08792085,0,0.9753352
6378,Pass,0,0.99998426,0.18356852,0,0.9456971
6379,Pass,0,0.9990245,0.18926153,0,0.9430279
6380,Pass,0,0.9999994,0.16171718,0,0.95247936
6381,Pass,0,0.99854845,0.22552605,0,0.93136275
6382,Pass,0,0.99999905,0.10682228,0,0.9694814
6383,Pass,0,0.9996847,0.1640567,0,0.95145524
6384,Pass,0,0.9998785,0.26918578,0,0.9190824
6385,Pass,0,0.99999857,0.08572764,0,0.97601455
6386,Pass,0,0.9996326,0.2064973,0,0.93826544
6387,Pass,0,0.9993394,0.2669362,0,0.9192831
6388,Pass,0,0.99915206,0.31257114,0,0.9049884
6389,Pass,0,0.42233965,0.9052798,0,0.3050047
6390,Pass,0,0.9996567,0.11884052,0,0.9654284
6391,Pass,0,0.9999968,0.13989948,0,0.95923436
6392,Pass,0,0.9998598,0.08803577,0,0.97516435
6393,Pass,0,0.999987,0.047276024,0,0.98791265
6394,Pass,0,0.99991703,0.25276667,0,0.92420274
6395,Pass,0,0.99999857,0.09115014,0,0.9743351
6396,Pass,0,0.9999057,0.31491435,0,0.9049453
6397,Pass,0,0.99997914,0.117380455,0,0.96619207
6398,Pass,0,0.99999964,0.060919367,0,0.9836994
6399,Pass,0,0.99999964,0.11167776,0,0.9679781
6400,Pass,0,0.9999405,0.15926117,0,0.95318395
6401,Pass,0,0.99998593,0.13134038,0,0.9618749
6402,Pass,0,0.99989736,0.1349696,0,0.9606658
6403,Pass,0,0.96685475,0.44936988,0,0.834769
6404,Pass,0,0.9997943,0.050808232,0,0.9866284
6405,Pass,0,0.99974245,0.09158546,0,0.9739507
6406,Pass,0,0.9999355,0.18225677,0,0.94605726
6407,Pass,0,0.99997246,0.06384365,0,0.9827669
6408,Pass,0,0.99994326,0.23810162,0,0.92876893
6409,Pass,0,0.99887925,0.15821688,0,0.9524954
6410,Pass,0,0.99240124,0.92872345,0,0.70948505
6411,Pass,0,0.9826654,0.21033347,0,0.9211723
6412,Pass,0,0.99999976,0.0760109,0,0.97902524
6413,Pass,0,0.9999944,0.19164693,0,0.9432046
6414,Pass,0,0.93780524,0.5355354,0,0.78466016
6415,Pass,0,0.9997247,0.10411299,0,0.9700544
6416,Pass,0,0.9999894,0.1273707,0,0.96310776
6417,Pass,0,0.99997747,0.14168079,0,0.9586642
6418,Pass,0,0.99632,0.3392023,0,0.8942052
6419,Pass,0,0.99964976,0.2244739,0,0.9327157
6420,Pass,0,0.9999981,0.08517937,0,0.9761839
6421,Pass,0,0.99861753,0.1435322,0,0.95678777
6422,Pass,0,0.9999759,0.1634659,0,0.9519154
6423,Pass,0,0.99999416,0.1251127,0,0.96381176
6424,Pass,0,0.9988714,0.13586202,0,0.95940393
6425,Pass,0,0.99999833,0.121733114,0,0.96486247
6426,Pass,0,0.99999917,0.063216634,0,0.9829874
6427,Pass,0,0.9999981,0.027649874,0,0.9940023
6428,Pass,0,0.9999536,0.34721464,0,0.8949849
6429,Pass,0,0.9999064,0.48182762,0,0.8532533
6430,Pass,0,0.99991643,0.1642512,0,0.9516156
6431,Pass,0,0.99999714,0.11834021,0,0.9659122
6432,Pass,0,0.9996983,0.056134608,0,0.98488444
6433,Pass,0,0.9386744,0.46553928,0,0.8057375
6434,Pass,0,0.9996376,0.22559412,0,0.93235755
6435,Pass,0,0.57268894,1.0641497,0,0.3854038
6436,Pass,0,0.9998932,0.078904234,0,0.97802484
6437,Pass,0,0.9999999,0.091229774,0,0.97431165
6438,Pass,0,0.98585063,0.27760538,0,0.90361714
6439,Pass,0,0.6579351,1.1405545,0,0.42720234
6440,Pass,0,0.9987889,0.31909493,0,0.9026413
6441,Pass,0,0.9999982,0.04476756,0,0.9887006
6442,Pass,0,0.9999026,0.33877257,0,0.8975537
6443,Pass,0,0.99977666,0.06522807,0,0.9821458
6444,Pass,0,0.9988776,0.09428487,0,0.97227305
6445,Pass,0,0.9999101,0.054523602,0,0.9855921
6446,Pass,0,0.9999994,0.13017482,0,0.96224886
6447,Pass,0,0.9997049,0.27630332,0,0.91671896
6448,Pass,0,0.99973685,0.13775156,0,0.95965016
6449,Pass,0,0.9999958,0.06467862,0,0.9825313
6450,Pass,0,0.9999294,0.24680938,0,0.92605925
6451,Pass,0,0.9999964,0.13478616,0,0.96081775
6452,Pass,0,0.9999505,0.24474995,0,0.9267166
6453,Pass,0,0.9999802,0.17607969,0,0.9480127
6454,Pass,0,0.99999666,0.19855899,0,0.9410659
6455,Pass,0,0.9998702,0.15718667,0,0.9537593
6456,Pass,0,0.99980026,0.12653519,0,0.96318436
6457,Pass,0,0.9999305,0.033967935,0,0.99197835
6458,Pass,0,0.9687913,0.2556872,0,0.8945576
6459,Pass,0,0.99997675,0.15763143,0,0.95372325
6460,Pass,0,0.9847398,0.23930359,0,0.914281
6461,Pass,0,0.9968681,0.4001323,0,0.87588453
6462,Pass,0,0.99999607,0.035271414,0,0.99163973
6463,Pass,0,0.9999918,0.10521393,0,0.96997255
6464,Pass,0,0.9993505,0.13585784,0,0.95986545
6465,Pass,0,0.9999994,0.043984808,0,0.98894423
6466,Pass,0,0.99999475,0.23647565,0,0.92932034
6467,Pass,0,0.9999833,0.12827104,0,0.96282303
6468,Pass,0,0.9998745,0.29903916,0,0.90983343
6469,Pass,0,0.99998355,0.2621542,0,0.9213568
6470,Pass,0,0.9999994,0.11102625,0,0.9681797
6471,Pass,0,0.98337513,0.48649368,0,0.8377254
6472,Pass,0,0.99942553,0.24479544,0,0.926216
6473,Pass,0,1.0,0.05378776,0,0.98590857
6474,Pass,0,0.99938536,0.16922483,0,0.94957066
6475,Pass,0,0.99944645,0.12370025,0,0.96372104
6476,Pass,0,0.9997123,0.06395896,0,0.9824755
6477,Pass,0,0.9991399,0.32623824,0,0.90074795
6478,Pass,0,0.9999969,0.04368329,0,0.9890352
6479,Pass,0,0.9999963,0.17210051,0,0.9492604
6480,Pass,0,0.9999223,0.19080158,0,0.9433984
6481,Pass,0,0.9996056,0.095601745,0,0.97257394
6482,Pass,0,0.9999994,0.11329586,0,0.9674767
6483,Pass,0,0.9999963,0.050729096,0,0.9868523
6484,Pass,0,0.9999838,0.17894326,0,0.9471292
6485,Pass,0,0.9957937,0.22905649,0,0.92770445
6486,Pass,0,0.81798667,0.32619324,0,0.7374455
6487,Pass,0,0.99999106,0.05552702,0,0.9853611
6488,Pass,0,0.9999616,0.13987494,0,0.95920825
6489,Pass,0,0.9998634,0.26134998,0,0.92149514
6490,Pass,0,0.7056924,0.5893948,0,0.57867956
6491,Pass,0,0.99998474,0.06756551,0,0.9816263
6492,Pass,0,0.99608046,0.4660512,0,0.85485566
6493,Pass,0,0.99985313,0.13284822,0,0.9612802
6494,Pass,0,0.9997609,0.034540135,0,0.991633
6495,Pass,0,0.9999809,0.21163632,0,0.93700075
6496,Pass,0,0.9997346,0.27088112,0,0.9184251
6497,Pass,0,0.9999882,0.15847954,0,0.9534715
6498,Pass,0,0.999966,0.046745677,0,0.9880562
6499,Pass,0,0.9989735,0.15449476,0,0.9537369
6500,Pass,0,0.99997747,0.011676793,0,0.99892896
6501,Pass,0,0.9999993,0.12787828,0,0.96296006
6502,Pass,0,0.9966973,0.14935756,0,0.9531497
6503,Pass,0,0.9999702,0.04575633,0,0.9883667
6504,Pass,0,0.9999993,0.06850409,0,0.9813498
6505,Pass,0,0.99999416,0.016998222,0,0.99729747
6506,Pass,0,0.99999845,0.1141434,0,0.96721333
6507,Pass,0,0.9999771,0.109844714,0,0.9685241
6508,Pass,0,0.99999213,0.09115096,0,0.9743285
6509,Pass,0,0.9999999,0.045521688,0,0.9884687
6510,Pass,0,0.9999995,0.107971534,0,0.9691259
6511,Pass,0,0.9997764,0.039419364,0,0.99013746
6512,Pass,0,0.99999654,0.1373698,0,0.9600177
6513,Pass,0,0.99998343,0.14138374,0,0.9587619
6514,Pass,0,0.9999987,0.08886535,0,0.9750429
6515,Pass,0,0.9998963,0.20671913,0,0.9384443
6516,Pass,0,0.987817,0.36627463,0,0.87829083
6517,Pass,0,0.9999337,0.14756687,0,0.95679927
6518,Pass,0,0.99998784,0.094981045,0,0.97313803
6519,Pass,0,0.998879,0.3522624,0,0.8924614
6520,Pass,0,0.9999938,0.0782102,0,0.97833824
6521,Pass,0,0.99990106,0.23202662,0,0.93061113
6522,Pass,0,0.9999988,0.079888545,0,0.97782326
6523,Pass,0,0.9990158,0.087537296,0,0.9744954
6524,Pass,0,0.9999964,0.04770182,0,0.98779005
6525,Pass,0,0.9998845,0.11776251,0,0.9659823
6526,Pass,0,0.99974924,0.38018814,0,0.88459176
6527,Pass,0,0.9995085,0.115281194,0,0.9663872
6528,Pass,0,0.962589,0.4984025,0,0.8164675
6529,Pass,0,0.99998033,0.0561753,0,0.98514974
6530,Pass,0,0.99999166,0.08438941,0,0.97642225
6531,Pass,0,0.9997069,0.10001965,0,0.9713046
6532,Pass,0,0.9999852,0.19406511,0,0.942447
6533,Pass,0,0.86322427,0.739387,0,0.66775584
6534,Pass,0,0.99992204,0.042018715,0,0.9894766
6535,Pass,0,0.9999914,0.26408467,0,0.92076606
6536,Pass,0,0.9999982,0.08156005,0,0.97730505
6537,Pass,0,0.9997453,0.1850217,0,0.94502115
6538,Pass,0,0.6362346,0.44607493,0,0.54996544
6539,Pass,0,0.9999641,0.220743,0,0.9341646
6540,Pass,0,0.9999956,0.15448833,0,0.9547147
6541,Pass,0,0.9999958,0.18648796,0,0.94480383
6542,Pass,0,0.9992446,0.33224183,0,0.89898425
6543,Pass,0,1.0,0.039772574,0,0.99024945
6544,Pass,0,0.99999845,0.09816707,0,0.97216165
6545,Pass,0,0.99999535,0.061382294,0,0.98355174
6546,Pass,0,0.9999759,0.21338212,0,0.93645537
6547,Pass,0,0.99905854,0.19878654,0,0.94011265
6548,Pass,0,0.9998392,0.109671004,0,0.9684443
6549,Pass,0,0.9998267,0.052610908,0,0.9861022
6550,Pass,0,0.9999176,0.1451499,0,0.9575324
6551,Pass,0,0.99914956,0.15017155,0,0.9552429
6552,Pass,0,0.99999714,0.069735505,0,0.9809663
6553,Pass,0,0.9999856,0.07794377,0,0.9784127
6554,Pass,0,0.99702364,0.31113788,0,0.9035032
6555,Pass,0,0.99990916,0.23323482,0,0.9302445
6556,Pass,0,0.99888915,0.069365874,0,0.9799938
6557,Pass,0,0.9988016,0.10114716,0,0.97007614
6558,Pass,0,0.99981827,0.020223204,0,0.9961234
6559,Pass,0,0.9992575,0.13710813,0,0.95938915
6560,Pass,0,0.99966574,0.39165923,0,0.8809662
6561,Pass,0,0.99991953,0.10672309,0,0.9694351
6562,Pass,0,0.99985504,0.09548638,0,0.9728524
6563,Pass,0,0.99999404,0.113733344,0,0.96733606
6564,Pass,0,0.9999982,0.124503955,0,0.96400416
6565,Pass,0,0.99999964,0.066937976,0,0.98183525
6566,Pass,0,0.9998574,0.059407987,0,0.98402756
6567,Pass,0,0.9876391,0.46059096,0,0.8492815
6568,Pass,0,0.99994767,0.13176222,0,0.9617075
6569,Pass,0,0.98643285,0.3414115,0,0.8846564
6570,Pass,0,0.9999753,0.15492648,0,0.9545597
6571,Pass,0,0.9998723,0.23088324,0,0.9309385
6572,Pass,0,0.9999609,0.11254782,0,0.96767116
6573,Pass,0,0.99961275,0.103662305,0,0.9700853
6574,Pass,0,0.9999496,0.082090534,0,0.97709316
6575,Pass,0,0.9999291,0.058457848,0,0.9843923
6576,Pass,0,0.99974316,0.15982312,0,0.9528218
6577,Pass,0,0.99923337,0.27312258,0,0.91727096
6578,Pass,0,0.9999,0.10647653,0,0.9694925
6579,Pass,0,0.9998661,0.03408096,0,0.9918795
6580,Pass,0,0.999946,0.12846312,0,0.96272767
6581,Pass,0,0.99999404,0.1786571,0,0.94722754
6582,Pass,0,0.9999957,0.072425365,0,0.9801318
6583,Pass,0,0.99979943,0.06530663,0,0.9821438
6584,Pass,0,0.99998593,0.092123635,0,0.97402126
6585,Pass,0,0.9999094,0.10428104,0,0.9701815
6586,Pass,0,0.99998426,0.14351662,0,0.95810205
6587,Pass,0,0.99999404,0.12281127,0,0.96452445
6588,Pass,0,0.999537,0.08019655,0,0.9772764
6589,Pass,0,1.0,0.07225695,0,0.9801882
6590,Pass,0,0.9990613,0.094916806,0,0.9722563
6591,Pass,0,0.99999917,0.08267789,0,0.9769597
6592,Pass,0,0.99999785,0.1111972,0,0.9681253
6593,Pass,0,0.99996233,0.1261546,0,0.96345836
6594,Pass,0,0.99996114,0.14032695,0,0.9590678
6595,Pass,0,0.99995756,0.16260414,0,0.9521648
6596,Pass,0,0.9999441,0.042287096,0,0.98941535
6597,Pass,0,0.987817,0.36627463,0,0.87829083
6598,Pass,0,0.9998568,0.13774294,0,0.959768
6599,Pass,0,0.99989486,0.11650048,0,0.96638316
6600,Pass,0,0.99999344,0.094486624,0,0.9732967
6601,Pass,0,0.9998128,0.17557608,0,0.94800997
6602,Pass,0,0.9999958,0.18648796,0,0.94480383
6603,Pass,0,0.99998415,0.2037933,0,0.9394329
6604,Pass,0,0.9999869,0.18742922,0,0.94450384
6605,Pass,0,0.99999154,0.09093938,0,0.9743935
6606,Pass,0,0.999982,0.052240305,0,0.9863701
6607,Pass,0,0.99995863,0.028959032,0,0.9935576
6608,Pass,0,0.99932337,0.066526376,0,0.9812987
6609,Pass,0,0.99994826,0.23330085,0,0.9302604
6610,Pass,0,0.99999964,0.036263805,0,0.99133587
6611,Pass,0,0.9999976,0.10514441,0,0.96999973
6612,Pass,0,0.99999917,0.037541464,0,0.9909397
6613,Pass,0,0.99980766,0.10130131,0,0.97100556
6614,Pass,0,0.63277173,0.32062167,0,0.57155925
6615,Pass,0,0.9999734,0.14221586,0,0.9584946
6616,Pass,0,0.9999999,0.061991464,0,0.98336756
6617,Pass,0,0.9999356,0.04542873,0,0.98843396
6618,Pass,0,0.9999938,0.11492147,0,0.9669678
6619,Pass,0,0.9602818,0.5423566,0,0.80143744
6620,Pass,0,0.96252096,0.32391202,0,0.8684286
6621,Pass,0,0.5111181,0.3026688,0,0.4645161
6622,Pass,0,0.99929774,0.108683236,0,0.96822554
6623,Pass,0,0.9999963,0.10136672,0,0.9711685
6624,Pass,0,0.99989593,0.25436613,0,0.92368793
6625,Pass,0,0.99998844,0.06986041,0,0.9809191
6626,Pass,0,0.9999999,0.053762935,0,0.98591614
6627,Pass,0,0.99983406,0.22599772,0,0.9324158
6628,Pass,0,0.9984113,0.09792594,0,0.97069323
6629,Pass,0,0.9999447,0.079729974,0,0.9778195
6630,Pass,0,0.9999951,0.03407502,0,0.99200934
6631,Pass,0,0.99932456,0.13348585,0,0.9605747
6632,Pass,0,0.99864334,0.26681328,0,0.9186808
6633,Pass,0,0.9999994,0.05311148,0,0.9861175
6634,Pass,0,0.9999989,0.1146416,0,0.9670595
6635,Pass,0,0.9999987,0.083839096,0,0.97659963
6636,Pass,0,0.99999964,0.16643512,0,0.95101833
6637,Pass,0,0.998582,0.12424816,0,0.962718
6638,Pass,0,0.99998355,0.105145924,0,0.9699856
6639,Pass,0,0.99936944,0.20068367,0,0.93981797
6640,Pass,0,0.99996626,0.20383793,0,0.93940234
6641,Pass,0,0.93800974,0.42831337,0,0.81598216
6642,Pass,0,0.9999844,0.010246112,0,0.999379
6643,Pass,0,0.9998702,0.1716732,0,0.94927305
6644,Pass,0,0.99608046,0.4660512,0,0.85485566
6645,Pass,0,0.9999881,0.037512355,0,0.9909377
6646,Pass,0,0.99996996,0.2816639,0,0.91530174
6647,Pass,0,0.9821278,0.23212622,0,0.91403925
6648,Pass,0,0.99920267,0.22217636,0,0.9330096
6649,Pass,0,1.0,0.051040705,0,0.9867594
6650,Pass,0,0.99991405,0.05306333,0,0.9860482
6651,Pass,0,0.99995446,0.10396519,0,0.97032315
6652,Pass,0,0.9999908,0.063528664,0,0.98288256
6653,Pass,0,0.9999931,0.13806109,0,0.95980024
6654,Pass,0,0.99920505,0.19929679,0,0.9400926
6655,Pass,0,0.99999344,0.094486624,0,0.9732967
6656,Pass,0,0.60317427,1.3916869,0,0.34472933
6657,Pass,0,0.99999976,0.11285267,0,0.96761435
6658,Pass,0,0.9999449,0.14943239,0,0.9562322
6659,Pass,0,0.99975973,0.12770481,0,0.9627831
6660,Pass,0,0.9999999,0.04974507,0,0.9871606
6661,Pass,0,0.9999999,0.058432356,0,0.9844699
6662,Pass,0,0.585105,0.6649021,0,0.46611226
6663,Pass,0,0.9999999,0.0614646,0,0.98353076
6664,Pass,0,0.9060985,0.6420763,0,0.7282312
6665,Pass,0,0.99996066,0.059105758,0,0.9842227
6666,Pass,0,0.9999974,0.06000638,0,0.98397994
6667,Pass,0,0.5985989,0.7022859,0,0.46993083
6668,Pass,0,0.9999964,0.18103102,0,0.9464945
6669,Pass,0,0.99998295,0.030439045,0,0.9931234
6670,Pass,0,0.99923813,0.16147804,0,0.95182824
6671,Pass,0,0.9999174,0.033957634,0,0.9919686
6672,Pass,0,0.99943894,0.11508356,0,0.96638113
6673,Pass,0,0.99999774,0.1498835,0,0.956143
6674,Pass,0,0.99998915,0.07378348,0,0.97970474
6675,Pass,0,0.99960107,0.05346802,0,0.9856143
6676,Pass,0,0.99989414,0.17960124,0,0.9468405
6677,Pass,0,0.9999989,0.12244313,0,0.9646432
6678,Pass,0,0.9996438,0.33614904,0,0.8981337
6679,Pass,0,0.9996269,0.16776831,0,0.95025104
6680,Pass,0,0.9999069,0.16257262,0,0.9521264
6681,Pass,0,0.99972516,0.06370913,0,0.9825655
6682,Pass,0,0.99933666,0.05481333,0,0.98493713
6683,Pass,0,0.99999464,0.09843394,0,0.9720753
6684,Pass,0,0.9999914,0.09392521,0,0.9734686
6685,Pass,0,0.99999714,0.10771428,0,0.9692033
6686,Pass,0,0.9999914,0.14878659,0,0.9564767
6687,Pass,0,0.947428,0.50323564,0,0.80218965
6688,Pass,0,0.9958346,0.044205986,0,0.98475724
6689,Pass,0,0.77000064,0.56932974,0,0.6361987
6690,Pass,0,0.9997633,0.09499604,0,0.97291493
6691,Pass,0,0.9999716,0.17759849,0,0.9475342
6692,Pass,0,0.9998733,0.034679633,0,0.9917012
6693,Pass,0,0.99997795,0.11156291,0,0.9679927
6694,Pass,0,0.9996332,0.101694606,0,0.97071433
6695,Pass,0,0.99999404,0.086073495,0,0.975903
6696,Pass,0,0.9966079,0.46642408,0,0.85519326
6697,Pass,0,0.94820774,0.39608377,0,0.8343188
6698,Pass,0,0.99612325,0.20731857,0,0.9347182
6699,Pass,0,0.9996018,0.41009083,0,0.87520325
6700,Pass,0,0.9999881,0.11827373,0,0.965924
6701,Pass,0,0.9999943,0.119196445,0,0.96564424
6702,Pass,0,0.99999833,0.05262182,0,0.98626804
6703,Pass,0,0.99916565,0.057798833,0,0.9838447
6704,Pass,0,0.99994767,0.13176222,0,0.9617075
6705,Pass,0,0.9687913,0.2556872,0,0.8945576
6706,Pass,0,0.99998474,0.009536122,0,0.9995993
6707,Pass,0,0.99997675,0.11415654,0,0.9671883
6708,Pass,0,0.99999464,0.18905587,0,0.94400734
6709,Pass,0,0.9999969,0.094272144,0,0.97336644
6710,Pass,0,0.99992573,0.08844566,0,0.9751017
6711,Pass,0,0.9999752,0.09734599,0,0.9723933
6712,Pass,0,0.99960274,0.1741108,0,0.9482644
6713,Pass,0,0.9997365,0.23426104,0,0.92976606
6714,Pass,0,0.8998096,0.5615777,0,0.7456114
6715,Pass,0,0.9999677,0.19055893,0,0.94351643
6716,Pass,0,0.9963546,0.070425175,0,0.97718024
6717,Pass,0,0.9999883,0.16256244,0,0.952207
6718,Pass,0,0.9982534,0.036494944,0,0.9895333
6719,Pass,0,0.9999633,0.029754577,0,0.9933158
6720,Pass,0,0.9999447,0.079729974,0,0.9778195
6721,Pass,0,0.99992156,0.052521788,0,0.98622334
6722,Pass,0,0.9786143,0.83472586,0,0.72811943
6723,Pass,0,0.99998987,0.12496837,0,0.9638523
6724,Pass,0,0.9999293,0.31274313,0,0.9056392
6725,Pass,0,0.9999459,0.24836805,0,0.92559177
6726,Pass,0,0.99997115,0.019431539,0,0.9965209
6727,Pass,0,0.99998534,0.11591312,0,0.9666525
6728,Pass,0,0.99896586,0.08122989,0,0.9763982
6729,Pass,0,0.9999945,0.0672086,0,0.98174644
6730,Pass,0,0.9999945,0.110145256,0,0.96844786
6731,Pass,0,0.9997899,0.15143251,0,0.9554646
6732,Pass,0,0.9987379,0.12882681,0,0.961452
6733,Pass,0,0.9996511,0.28841412,0,0.9129199
6734,Pass,0,0.99948126,0.21082132,0,0.93678486
6735,Pass,0,0.99999464,0.18905587,0,0.94400734
6736,Pass,0,0.9997069,0.10001965,0,0.9713046
6737,Pass,0,0.99996734,0.11105354,0,0.9681402
6738,Pass,0,0.9978123,0.33186743,0,0.89781135
6739,Pass,0,0.99981886,0.055241685,0,0.98527974
6740,Pass,0,0.9999089,0.06050655,0,0.983738
6741,Pass,0,0.9999093,0.3168259,0,0.90435654
6742,Pass,0,0.99989736,0.14703918,0,0.9569279
6743,Pass,0,0.99988854,0.21688381,0,0.9352891
6744,Pass,0,0.99920267,0.22217636,0,0.9330096
6745,Pass,0,0.9961002,0.19822097,0,0.93750334
6746,Pass,0,0.9141501,0.7569225,0,0.7021851
6747,Pass,0,0.9999994,0.049150147,0,0.9873444
6748,Pass,0,0.9999424,0.11478318,0,0.966961
6749,Pass,0,0.999982,0.10115217,0,0.9712211
6750,Pass,0,0.9978522,0.2335095,0,0.928246
6751,Pass,0,0.99983454,0.28563756,0,0.9139472
6752,Pass,0,0.9999721,0.114707686,0,0.96701306
6753,Pass,0,0.999892,0.12700781,0,0.96312636
6754,Pass,0,0.99989486,0.11650048,0,0.96638316
6755,Pass,0,0.99996424,0.1540682,0,0.9548149
6756,Pass,0,0.9999875,0.20983264,0,0.93756557
6757,Pass,0,0.9785348,0.48782334,0,0.833199
6758,Pass,0,0.99219733,0.41234848,0,0.86802655
6759,Pass,0,0.99993277,0.025397483,0,0.9946349
6760,Pass,0,0.99894994,0.21568614,0,0.93478173
6761,Pass,0,0.9999995,0.06917635,0,0.98114187
6762,Pass,0,0.9902716,0.13629112,0,0.95101243
6763,Pass,0,1.0,0.08212478,0,0.97713184
6764,Pass,0,0.9688815,0.5395214,0,0.8094654
6765,Pass,0,0.999997,0.08382318,0,0.9766029
6766,Pass,0,0.9999304,0.19081108,0,0.9434031
6767,Pass,0,0.999987,0.07907155,0,0.97806484
6768,Pass,0,0.9999875,0.20983264,0,0.93756557
6769,Pass,0,0.9999993,0.07074115,0,0.980657
6770,Pass,0,0.9999924,0.17292792,0,0.9490005
6771,Pass,0,0.99955696,0.25933948,0,0.9218351
6772,Pass,0,1.0,0.042026684,0,0.9895513
6773,Pass,0,0.9926581,0.044346046,0,0.98157305
6774,Pass,0,0.99941444,0.058356255,0,0.9839171
6775,Pass,0,0.99808985,0.30019563,0,0.907852
6776,Pass,0,0.99999356,0.055187885,0,0.9854686
6777,Pass,0,0.97010934,0.092838004,0,0.9447057
6778,Pass,0,0.9645746,0.9964441,0,0.6693594
6779,Pass,0,0.9999186,0.17667553,0,0.94776976
6780,Pass,0,0.9997259,0.05442336,0,0.98544157
6781,Pass,0,0.99999976,0.10072917,0,0.9713693
6782,Pass,0,0.99542457,0.27016914,0,0.91468513
6783,Pass,0,0.999876,0.079241075,0,0.9779038
6784,Pass,0,0.9999138,0.22134982,0,0.9339296
6785,Pass,0,0.9998627,0.12491242,0,0.96374696
6786,Pass,0,0.99964976,0.2244739,0,0.9327157
6787,Pass,0,0.9999993,0.0766949,0,0.97881293
6788,Pass,0,0.99984944,0.35225707,0,0.8933301
6789,Pass,0,0.9999958,0.18648796,0,0.94480383
6790,Pass,0,0.997806,0.18715413,0,0.94252896
6791,Pass,0,0.99990726,0.17024639,0,0.9497501
6792,Pass,0,0.9999974,0.044747982,0,0.9887058
6793,Pass,0,0.99833775,0.3028411,0,0.90725946
6794,Pass,0,0.9999336,0.02955128,0,0.9933493
6795,Pass,0,0.99998844,0.06986041,0,0.9809191
6796,Pass,0,0.99999154,0.09093938,0,0.9743935
6797,Pass,0,0.9999945,0.078992784,0,0.97809654
6798,Pass,0,0.99998593,0.07058112,0,0.98069346
6799,Pass,0,0.9999993,0.07201202,0,0.98026335
6800,Pass,0,0.99999595,0.05369715,0,0.98593265
6801,Pass,0,0.9929055,0.37737298,0,0.87940204
6802,Pass,0,0.999936,0.13399152,0,0.9610058
6803,Pass,0,0.99996734,0.11105354,0,0.9681402
6804,Pass,0,0.99998,0.06031764,0,0.9838664
6805,Pass,0,0.99997306,0.13983297,0,0.9592322
6806,Pass,0,0.99999917,0.07684489,0,0.9787663
6807,Pass,0,0.9999144,0.036212914,0,0.9912671
6808,Pass,0,0.99998105,0.15792713,0,0.95363575
6809,Pass,0,0.9999964,0.12291649,0,0.9644941
6810,Pass,0,0.9999819,0.047415074,0,0.9878645
6811,Pass,0,0.99999213,0.09772686,0,0.9722918
6812,Pass,0,0.9999087,0.4603204,0,0.859916
6813,Pass,0,0.99990845,0.051831458,0,0.9864242
6814,Pass,0,0.99979323,0.11518797,0,0.9666914
6815,Pass,0,0.9923183,0.28703213,0,0.906648
6816,Pass,0,0.99991167,0.118112795,0,0.96590006
6817,Pass,0,0.99997663,0.058514755,0,0.9844215
6818,Pass,0,0.99941754,0.30249652,0,0.90834737
6819,Pass,0,0.9994678,0.02401851,0,0.9945993
6820,Pass,0,0.9999924,0.09287032,0,0.97379625
6821,Pass,0,0.78823316,0.4145101,0,0.68906015
6822,Pass,0,0.9999932,0.087159194,0,0.97556597
6823,Pass,0,0.9954202,0.33869433,0,0.8935543
6824,Pass,0,0.99998724,0.15030093,0,0.95600367
6825,Pass,0,0.8045368,0.8409671,0,0.5970451
6826,Pass,0,0.99960655,0.03862207,0,0.9902161
6827,Pass,0,0.9999995,0.09628181,0,0.97274655
6828,Pass,0,0.9999156,0.17369331,0,0.9486906
6829,Pass,0,0.99998486,0.20962758,0,0.9376266
6830,Pass,0,0.9999515,0.16550785,0,0.95125973
6831,Pass,0,0.9919768,0.22679606,0,0.9248431
6832,Pass,0,0.9999974,0.06951015,0,0.98103637
6833,Pass,0,0.99857247,0.0688558,0,0.9798408
6834,Pass,0,1.0,0.081904314,0,0.97720015
6835,Pass,0,0.99952483,0.24676104,0,0.92569953
6836,Pass,0,0.9999721,0.18324372,0,0.9457862
6837,Pass,0,0.9999962,0.16564578,0,0.95125955
6838,Pass,0,0.9999993,0.088100195,0,0.9752804
6839,Pass,0,0.9998492,0.2454379,0,0.92640966
6840,Pass,0,1.0,0.047316622,0,0.9879129
6841,Pass,0,0.9994778,0.06845111,0,0.98085445
6842,Pass,0,0.9999949,0.13181949,0,0.9617351
6843,Pass,0,0.9999889,0.18536441,0,0.94514525
6844,Pass,0,0.99998987,0.064729005,0,0.98250985
6845,Pass,0,0.9999558,0.15884675,0,0.9533269
6846,Pass,0,0.999967,0.14978933,0,0.9561427
6847,Pass,0,0.9994765,0.3042115,0,0.9078701
6848,Pass,0,0.9999763,0.20684451,0,0.9384805
6849,Pass,0,0.9997497,0.120204695,0,0.9650959
6850,Pass,0,0.9999981,0.10292132,0,0.97068876
6851,Pass,0,0.9996729,0.066469595,0,0.9816595
6852,Pass,0,0.9999641,0.23394878,0,0.9300745
6853,Pass,0,0.99949455,0.5096595,0,0.8442859
6854,Pass,0,0.9995402,0.2981708,0,0.9097981
6855,Pass,0,0.9999826,0.06132133,0,0.9835581
6856,Pass,0,0.9993647,0.110147096,0,0.9678373
6857,Pass,0,0.9999808,0.041452795,0,0.98971003
6858,Pass,0,0.99969745,0.019001257,0,0.99638134
6859,Pass,0,0.9998982,0.1676213,0,0.9505545
6860,Pass,0,0.9999901,0.10024159,0,0.971511
6861,Pass,0,0.999974,0.032276455,0,0.9925454
6862,Pass,0,0.99999297,0.08190924,0,0.97719175
6863,Pass,0,0.9929229,0.2548802,0,0.91708827
6864,Pass,0,0.9964089,0.22319186,0,0.9300875
6865,Pass,0,0.9999039,0.023588264,0,0.9951666
6866,Pass,0,0.9999987,0.09500516,0,0.9731412
6867,Pass,0,0.9999881,0.037512355,0,0.9909377
6868,Pass,0,0.99872965,0.47266287,0,0.85508406
6869,Pass,0,0.99999964,0.05128904,0,0.9866822
6870,Pass,0,0.99984777,0.08748951,0,0.97532177
6871,Pass,0,0.9996269,0.16776831,0,0.95025104
6872,Pass,0,0.9972621,0.31216797,0,0.9034011
6873,Pass,0,0.9992586,0.2936316,0,0.9109466
6874,Pass,0,0.9998816,0.06809673,0,0.98136055
6875,Pass,0,0.99971765,0.14577554,0,0.9571472
6876,Pass,0,0.994595,0.36335903,0,0.88521546
6877,Pass,0,0.99975175,0.038237542,0,0.990479
6878,Pass,0,0.99999523,0.07133248,0,0.9804699
6879,Pass,0,0.999982,0.10115217,0,0.9712211
6880,Pass,0,0.9999838,0.26252386,0,0.9212425
6881,Pass,0,0.99999845,0.09816707,0,0.97216165
6882,Pass,0,0.99999297,0.09732836,0,0.97241604
6883,Pass,0,0.9990829,0.2787721,0,0.91538465
6884,Pass,0,0.99991167,0.118112795,0,0.96590006
6885,Pass,0,0.99999917,0.050738133,0,0.9868523
6886,Pass,0,0.99853945,0.39171103,0,0.87995756
6887,Pass,0,0.947428,0.50323564,0,0.80218965
6888,Pass,0,0.9995285,0.32391205,0,0.90181845
6889,Pass,0,0.99986255,0.2228382,0,0.9334208
6890,Pass,0,0.9999794,0.099280275,0,0.9717983
6891,Pass,0,0.9994248,0.13954395,0,0.9587958
6892,Pass,0,0.9996884,0.10581967,0,0.9694907
6893,Pass,0,0.9785195,0.4062359,0,0.857913
6894,Pass,0,0.9999989,0.119824514,0,0.9654542
6895,Pass,0,0.999941,0.18585771,0,0.9449472
6896,Pass,0,0.9999167,0.06377165,0,0.98273444
6897,Pass,0,0.9973086,0.45837376,0,0.85828125
6898,Pass,0,0.999863,0.1473145,0,0.95680976
6899,Pass,0,0.9995328,0.0551127,0,0.9850378
6900,Pass,0,0.99798644,0.42833272,0,0.86815035
6901,Pass,0,0.9990847,0.24618688,0,0.9254695
6902,Pass,0,0.9996877,0.051036544,0,0.9864525
6903,Pass,0,0.99216706,0.53749526,0,0.82954234
6904,Pass,0,0.9999224,0.16467358,0,0.9514904
6905,Pass,0,0.9999019,0.23172002,0,0.93070686
6906,Pass,0,0.9999285,0.21583354,0,0.9356517
6907,Pass,0,0.99749607,0.2045914,0,0.93684894
6908,Pass,0,0.99995553,0.09281805,0,0.9737766
6909,Pass,0,0.99895656,0.3141054,0,0.90433663
6910,Pass,0,0.997482,0.26197734,0,0.9191065
6911,Pass,0,0.99966836,0.12008959,0,0.965053
6912,Pass,0,0.999998,0.15398519,0,0.95487285
6913,Pass,0,0.9999981,0.09526403,0,0.9730604
6914,Pass,0,0.9998764,0.075901255,0,0.9789384
6915,Pass,0,0.99994993,0.15007849,0,0.9560369
6916,Pass,0,0.99939036,0.3680926,0,0.88801825
6917,Pass,0,0.9997453,0.1850217,0,0.94502115
6918,Pass,0,0.99992955,0.18634002,0,0.944787
6919,Pass,0,0.99987495,0.09240461,0,0.9738261
6920,Pass,0,0.9986406,0.19253947,0,0.94165164
6921,Pass,0,0.9999988,0.25093,0,0.92484725
6922,Pass,0,0.8898348,0.44244787,0,0.77017885
6923,Pass,0,0.99865425,0.29855046,0,0.9088743
6924,Pass,0,0.76902914,0.831584,0,0.5729299
6925,Pass,0,0.9999356,0.04542873,0,0.98843396
6926,Pass,0,0.99809164,0.047167107,0,0.98607385
6927,Pass,0,0.9999883,0.14430964,0,0.95786035
6928,Pass,0,0.99688065,0.15959679,0,0.95016354
6929,Pass,0,0.9999994,0.054440793,0,0.98570573
6930,Pass,0,0.9997173,0.06297077,0,0.9827864
6931,Pass,0,0.99997044,0.031216271,0,0.9928703
6932,Pass,0,0.9999958,0.088810176,0,0.9750571
6933,Pass,0,0.9999505,0.18157732,0,0.94628197
6934,Pass,0,0.9996438,0.33614904,0,0.8981337
6935,Pass,0,0.9999865,0.2862671,0,0.91389114
6936,Pass,0,0.99997497,0.15002418,0,0.95607764
6937,Pass,0,0.99998343,0.09371758,0,0.9735251
6938,Pass,0,0.99993396,0.15194793,0,0.9554426
6939,Pass,0,0.9998722,0.34754807,0,0.89480877
6940,Pass,0,0.9979365,0.2601786,0,0.9200813
6941,Pass,0,0.9999901,0.10024159,0,0.971511
6942,Pass,0,0.999995,0.06670373,0,0.98190325
6943,Pass,0,0.9996519,0.1723913,0,0.9488435
6944,Pass,0,0.99899775,0.26331368,0,0.92008966
6945,Pass,0,0.94827986,0.46443436,0,0.81430715
6946,Pass,0,0.9999963,0.14808778,0,0.9566978
6947,Pass,0,0.99987376,0.13368134,0,0.96104205
6948,Pass,0,0.999226,0.07991855,0,0.97705835
6949,Pass,0,0.99999964,0.088882856,0,0.97503835
6950,Pass,0,0.9954516,0.16755114,0,0.94634897
6951,Pass,0,0.9752457,0.3071769,0,0.88496447
6952,Pass,0,0.9999713,0.1371954,0,0.9600474
6953,Pass,0,0.99999976,0.042119175,0,0.9895224
6954,Pass,0,0.90583783,0.38663885,0,0.7996878
6955,Pass,0,0.85896635,0.7671066,0,0.65708745
6956,Pass,0,0.99961424,0.19885637,0,0.940614
6957,Pass,0,0.99925846,0.07084747,0,0.97989756
6958,Pass,0,0.5181843,0.6163878,0,0.4205875
6959,Pass,0,0.9918345,0.48707646,0,0.84475285
6960,Pass,0,0.9983773,0.048145074,0,0.98605365
6961,Pass,0,0.9999951,0.13455485,0,0.96088815
6962,Pass,0,0.9999851,0.18434066,0,0.94545877
6963,Pass,0,0.9989951,0.16035207,0,0.95194525
6964,Pass,0,0.9943634,0.35411343,0,0.88785684
6965,Pass,0,0.9999914,0.14878659,0,0.9564767
6966,Pass,0,0.99995553,0.15852416,0,0.95342654
6967,Pass,0,0.9998598,0.08803577,0,0.97516435
6968,Pass,0,0.99971825,0.056959674,0,0.98464864
6969,Pass,0,0.9999777,0.10933263,0,0.96868324
6970,Pass,0,0.99965477,0.030207265,0,0.9928692
6971,Pass,0,0.9999993,0.071266614,0,0.9804942
6972,Pass,0,0.9999583,0.015217795,0,0.99781317
6973,Pass,0,0.99998677,0.053632427,0,0.9859437
6974,Pass,0,0.99999774,0.04610677,0,0.9882853
6975,Pass,0,0.9998573,0.1721472,0,0.949114
6976,Pass,0,0.999292,0.13488634,0,0.96010995
6977,Pass,0,0.99998856,0.09179741,0,0.97412485
6978,Pass,0,0.9999118,0.11080861,0,0.9681623
6979,Pass,0,0.99881446,0.4835646,0,0.85178417
6980,Pass,0,1.0,0.054279745,0,0.9857562
6981,Pass,0,0.9861951,0.26116508,0,0.90895456
6982,Pass,0,0.9999999,0.06078759,0,0.98374045
6983,Pass,0,0.9999951,0.07205437,0,0.9802462
6984,Pass,0,0.9996519,0.1723913,0,0.9488435
6985,Pass,0,1.0,0.07923027,0,0.97802836
6986,Pass,0,1.0,0.07596156,0,0.97904074
6987,Pass,0,0.9999529,0.24181652,0,0.9276273
6988,Pass,0,0.9999548,0.22808681,0,0.9318814
6989,Pass,0,0.999629,0.08936421,0,0.97452796
6990,Pass,0,0.9997644,0.19483373,0,0.94200087
6991,Pass,0,0.999992,0.07576873,0,0.97909266
6992,Pass,0,0.999998,0.15435353,0,0.95475876
6993,Pass,0,0.9999994,0.0808786,0,0.97751725
6994,Pass,0,0.99999845,0.09313662,0,0.9737197
6995,Pass,0,0.9999995,0.10566297,0,0.96984094
6996,Pass,0,0.965012,0.558781,0,0.8004761
6997,Pass,0,0.9955434,0.44335613,0,0.86139274
6998,Pass,0,0.99999976,0.044020295,0,0.9889336
6999,Pass,0,0.99985945,0.023803296,0,0.9950557
7000,Pass,0,0.99990535,0.06856997,0,0.9812373
7001,Pass,0,0.99963796,0.11548448,0,0.96644944
7002,Pass,0,0.9998821,0.09215882,0,0.9739092
7003,Pass,0,0.9999906,0.17570575,0,0.94813836
7004,Pass,0,0.9999871,0.060958166,0,0.98367506
7005,Pass,0,0.99992514,0.12301046,0,0.9643963
7006,Pass,0,0.9998204,0.35789865,0,0.8915571
7007,Pass,0,0.9999974,0.09377652,0,0.97352046
7008,Pass,0,0.9999422,0.115413435,0,0.9667655
7009,Pass,0,0.99999833,0.14881277,0,0.9564752
7010,Pass,0,0.99971765,0.14577554,0,0.9571472
7011,Pass,0,0.9986841,0.112158,0,0.9665562
7012,Pass,0,0.998522,0.05484228,0,0.9841253
7013,Pass,0,0.99835485,0.17020774,0,0.94828755
7014,Pass,0,0.99850476,0.68577915,0,0.7889824
7015,Pass,0,0.99999976,0.058816377,0,0.98435086
7016,Pass,0,0.99999154,0.060801513,0,0.9837279
7017,Pass,0,0.9999939,0.045157716,0,0.9885755
7018,Pass,0,0.9996922,0.21676664,0,0.9351417
7019,Pass,0,0.9999963,0.089722164,0,0.97477514
7020,Pass,0,0.99998355,0.2530436,0,0.92417854
7021,Pass,0,0.9999999,0.06377805,0,0.9828142
7022,Pass,0,0.9999218,0.098408535,0,0.97201234
7023,Pass,0,0.995427,0.14048094,0,0.9546716
7024,Pass,0,0.9999993,0.11067481,0,0.9682884
7025,Pass,0,0.99993527,0.03310039,0,0.99225175
7026,Pass,0,0.99999464,0.13190593,0,0.9617081
7027,Pass,0,0.9999863,0.1926235,0,0.9428945
7028,Pass,0,0.9966079,0.46642408,0,0.85519326
7029,Pass,0,0.9999995,0.052843392,0,0.98620063
7030,Pass,0,0.9999304,0.0995013,0,0.97168225
7031,Pass,0,0.99997723,0.14281957,0,0.95831126
7032,Pass,0,0.9999654,0.17335951,0,0.9488412
7033,Pass,0,0.99951243,0.088622764,0,0.9746438
7034,Pass,0,0.99999976,0.06568366,0,0.98222387
7035,Pass,0,0.91436267,0.7818433,0,0.69529074
7036,Pass,0,0.9999944,0.09001409,0,0.9746828
7037,Pass,0,0.99998236,0.13754345,0,0.95995027
7038,Pass,0,0.9999987,0.115303695,0,0.9668542
7039,Pass,0,0.9999374,0.21693073,0,0.9353203
7040,Pass,0,0.9999393,0.0883902,0,0.9751321
7041,Pass,0,0.99999917,0.06704256,0,0.9818024
7042,Pass,0,0.9999796,0.26169077,0,0.9214967
7043,Pass,0,0.9940606,0.06882798,0,0.97542214
7044,Pass,0,0.9999831,0.21100801,0,0.9371974
7045,Pass,0,0.9999033,0.114824235,0,0.9669105
7046,Pass,0,0.9999994,0.070895694,0,0.9806092
7047,Pass,0,0.99947447,0.43305132,0,0.8679841
7048,Pass,0,0.99648947,0.31725147,0,0.9011322
7049,Pass,0,0.9999825,0.030769184,0,0.99302065
7050,Pass,0,0.99918956,0.06325453,0,0.9821798
7051,Pass,0,0.999432,0.061204378,0,0.9830528
7052,Pass,0,0.999471,0.102054015,0,0.97044563
7053,Pass,0,0.99988234,0.21682937,0,0.9353002
7054,Pass,0,0.9999994,0.11705768,0,0.9663116
7055,Pass,0,0.99954575,0.22912486,0,0.9311788
7056,Pass,0,0.9742886,0.2729087,0,0.8944368
7057,Pass,0,0.9999987,0.1632582,0,0.9520014
7058,Pass,0,0.99757165,0.24417555,0,0.9246895
7059,Pass,0,0.99998033,0.0561753,0,0.98514974
7060,Pass,0,0.9998616,0.13466904,0,0.96072453
7061,Pass,0,0.99999845,0.11276971,0,0.9676388
7062,Pass,0,0.9999988,0.11873881,0,0.9657904
7063,Pass,0,0.99998045,0.11541913,0,0.9668008
7064,Pass,0,0.99997413,0.11521015,0,0.9668594
7065,Pass,0,0.98828447,0.4333888,0,0.85816294
7066,Pass,0,0.99999344,0.041301575,0,0.9897694
7067,Pass,0,0.9998745,0.16793425,0,0.95043504
7068,Pass,0,0.9970675,0.3329789,0,0.896798
7069,Pass,0,0.99999523,0.12019263,0,0.9653366
7070,Pass,0,0.9999994,0.026365593,0,0.9944014
7071,Pass,0,0.99999344,0.104909375,0,0.97006845
7072,Pass,0,0.78823316,0.4145101,0,0.68906015
7073,Pass,0,0.99932945,0.49739733,0,0.8479418
7074,Pass,0,0.96852255,0.48000696,0,0.8270186
7075,Pass,0,0.9999974,0.06000638,0,0.98397994
7076,Pass,0,0.99990535,0.3213138,0,0.9029631
7077,Pass,0,0.9981098,0.03557875,0,0.9896742
7078,Pass,0,0.99960345,0.06065452,0,0.98339164
7079,Pass,0,0.99194217,0.22236124,0,0.92617327
7080,Pass,0,0.9999894,0.10840719,0,0.9689812
7081,Pass,0,0.999551,0.14204256,0,0.9581433
7082,Pass,0,0.9999751,0.1355026,0,0.96057534
7083,Pass,0,0.9999821,0.29091537,0,0.91244745
7084,Pass,0,1.0,0.041365206,0,0.98975617
7085,Pass,0,0.9996537,0.29100758,0,0.91211927
7086,Pass,0,0.99995744,0.06237049,0,0.9832084
7087,Pass,0,0.9999682,0.12108864,0,0.965033
7088,Pass,0,0.84804803,0.6789471,0,0.67189145
7089,Pass,0,0.9999802,0.31879514,0,0.9038108
7090,Pass,0,0.99999976,0.0665213,0,0.9819644
7091,Pass,0,0.994595,0.36335903,0,0.88521546
7092,Pass,0,0.99999607,0.1394164,0,0.95938337
7093,Pass,0,0.99999356,0.16876034,0,0.95029235
7094,Pass,0,0.99999285,0.21244578,0,0.93676126
7095,Pass,0,0.9655975,0.17087135,0,0.91697454
7096,Pass,0,0.99998724,0.067003444,0,0.9818028
7097,Pass,0,0.9999175,0.29615957,0,0.9107644
7098,Pass,0,0.9999994,0.09840848,0,0.97208774
7099,Pass,0,0.9999919,0.22626606,0,0.93247986
7100,Pass,0,0.99863094,0.27063912,0,0.9174861
7101,Pass,0,0.99999976,0.0665213,0,0.9819644
7102,Pass,0,0.9999808,0.013269496,0,0.998439
7103,Pass,0,0.99992,0.1537689,0,0.95486534
7104,Pass,0,0.95818555,0.4202581,0,0.83592385
7105,Pass,0,0.9999994,0.029252129,0,0.9935073
7106,Pass,0,0.9988256,0.3682148,0,0.8874786
7107,Pass,0,0.9970675,0.3329789,0,0.896798
7108,Pass,0,0.99999547,0.08930657,0,0.97490305
7109,Pass,0,0.9999964,0.0887731,0,0.97506917
7110,Pass,0,0.9999124,0.021116717,0,0.99594045
7111,Pass,0,0.9995968,0.12362706,0,0.9638887
7112,Pass,0,0.99999964,0.114148445,0,0.9672129
7113,Pass,0,0.99987113,0.25654542,0,0.92299014
7114,Pass,0,0.99744844,0.24614196,0,0.9239678
7115,Pass,0,0.99981576,0.16850625,0,0.95020205
7116,Pass,0,0.9999908,0.17029381,0,0.94981486
7117,Pass,0,0.99995077,0.10910507,0,0.96872765
7118,Pass,0,0.99995863,0.06994356,0,0.9808641
7119,Pass,0,0.99993086,0.090117775,0,0.9745888
7120,Pass,0,0.9655975,0.17087135,0,0.91697454
7121,Pass,0,0.99997056,0.15083225,0,0.9558232
7122,Pass,0,0.99999785,0.10533646,0,0.9699405
7123,Pass,0,0.99976903,0.4288295,0,0.86954725
7124,Pass,0,0.99898344,0.42422792,0,0.8702877
7125,Pass,0,0.9999721,0.06973555,0,0.9809418
7126,Pass,0,0.99411535,0.2455202,0,0.92107165
7127,Pass,0,0.99999166,0.18971929,0,0.9437991
7128,Pass,0,0.9999316,0.21532276,0,0.93581283
7129,Pass,0,0.999537,0.08019655,0,0.9772764
7130,Pass,0,0.9993729,0.20252079,0,0.9392526
7131,Pass,0,0.99998,0.14723495,0,0.9569463
7132,Pass,0,0.9999635,0.031987865,0,0.99262434
7133,Pass,0,0.99971336,0.073991835,0,0.97937006
7134,Pass,0,0.9988701,0.22281961,0,0.93250006
7135,Pass,0,0.9999304,0.15161957,0,0.95554096
7136,Pass,0,0.99349993,0.05457807,0,0.9792569
7137,Pass,0,0.9999399,0.31224155,0,0.9058041
7138,Pass,0,0.9999467,0.14204939,0,0.95852053
7139,Pass,0,0.9998604,0.11621114,0,0.9664394
7140,Pass,0,0.99995244,0.0635721,0,0.98283136
7141,Pass,0,0.99986255,0.2228382,0,0.9334208
7142,Pass,0,0.99996126,0.16212592,0,0.95231646
7143,Pass,0,0.9998679,0.081665285,0,0.9771451
7144,Pass,0,0.9998292,0.13523126,0,0.96051925
7145,Pass,0,0.9997738,0.5170705,0,0.8422269
7146,Pass,0,0.9999994,0.07116609,0,0.98052543
7147,Pass,0,0.9972621,0.31216797,0,0.9034011
7148,Pass,0,0.9997247,0.10411299,0,0.9700544
7149,Pass,0,0.99980325,0.031209953,0,0.9927062
7150,Pass,0,0.9999596,0.046848495,0,0.9880179
7151,Pass,0,0.9710005,0.7778168,0,0.73956966
7152,Pass,0,0.9999999,0.07588525,0,0.9790643
7153,Pass,0,0.99992657,0.23561397,0,0.9295239
7154,Pass,0,0.99983895,0.20178448,0,0.93991864
7155,Pass,0,0.9977635,0.16346371,0,0.94980997
7156,Pass,0,0.74470466,0.51585925,0,0.6276316
7157,Pass,0,0.996018,0.31825384,0,0.90039665
7158,Pass,0,0.9996983,0.056134608,0,0.98488444
7159,Pass,0,0.9999548,0.07728755,0,0.97858584
7160,Pass,0,0.9979627,0.19123597,0,0.94141537
7161,Pass,0,0.999982,0.10115217,0,0.9712211
7162,Pass,0,0.99744844,0.24614196,0,0.9239678
7163,Pass,0,0.99976534,0.2421496,0,0.92735016
7164,Pass,0,0.9976433,0.39653525,0,0.8776772
7165,Pass,0,0.9999993,0.07310783,0,0.9799239
7166,Pass,0,0.99094874,0.34387183,0,0.8879513
7167,Pass,0,0.99936694,0.092200786,0,0.97339445
7168,Pass,0,0.9958346,0.044205986,0,0.98475724
7169,Pass,0,0.9984534,0.2959755,0,0.9094877
7170,Pass,0,0.8265936,1.3929837,0,0.47208714
7171,Pass,0,0.9997384,0.12169467,0,0.9646236
7172,Pass,0,0.9999602,0.117080666,0,0.96626663
7173,Pass,0,0.99998736,0.11164324,0,0.967977
7174,Pass,0,0.99954695,0.06026002,0,0.98345816
7175,Pass,0,0.9999652,0.08128619,0,0.97735757
7176,Pass,0,0.99991965,0.44912165,0,0.86339366
7177,Pass,0,0.9993567,0.19781816,0,0.94069296
7178,Pass,0,0.9999931,0.07137323,0,0.9804551
7179,Pass,0,0.999997,0.099623136,0,0.9717092
7180,Pass,0,0.9999968,0.097921304,0,0.9722361
7181,Pass,0,0.9999138,0.22134982,0,0.9339296
7182,Pass,0,0.9995952,0.031595044,0,0.99238044
7183,Pass,0,0.9999889,0.108057536,0,0.96908903
7184,Pass,0,0.99988616,0.05834711,0,0.98438436
7185,Pass,0,0.99998426,0.14351662,0,0.95810205
7186,Pass,0,0.9998876,0.22318761,0,0.933336
7187,Pass,0,0.9999894,0.1391013,0,0.9594745
7188,Pass,0,0.9999945,0.10666505,0,0.96952575
7189,Pass,0,0.9998977,0.2495687,0,0.9251753
7190,Pass,0,0.9961358,0.39315885,0,0.87739265
7191,Pass,0,0.99995637,0.03021646,0,0.9931659
7192,Pass,0,0.9999819,0.047415074,0,0.9878645
7193,Pass,0,0.99995697,0.028873257,0,0.99358255
7194,Pass,0,0.9998734,0.17660184,0,0.9477498
7195,Pass,0,0.99974746,0.2463766,0,0.92602473
7196,Pass,0,0.9449392,0.69762516,0,0.7431898
7197,Pass,0,0.9999994,0.027215974,0,0.994138
7198,Pass,0,0.9988695,0.043907277,0,0.9878508
7199,Pass,0,0.9999094,0.06380612,0,0.98271656
7200,Pass,0,0.9998845,0.11776251,0,0.9659823
7201,Pass,0,0.9999999,0.050234947,0,0.98700887
7202,Pass,0,0.99999917,0.16408333,0,0.9517463
7203,Pass,0,0.9999913,0.21106496,0,0.93718743
7204,Pass,0,0.99998426,0.18356852,0,0.9456971
7205,Pass,0,0.99999166,0.08438941,0,0.97642225
7206,Pass,0,0.9998808,0.26143876,0,0.92148364
7207,Pass,0,0.99991524,0.10600575,0,0.96965307
7208,Pass,0,0.99990284,0.086138085,0,0.975794
7209,Pass,0,0.9999896,0.0840941,0,0.9765118
7210,Pass,0,0.9996088,0.15570252,0,0.95396954
7211,Pass,0,0.99970144,0.13089229,0,0.96174
7212,Pass,0,0.9485206,0.38597658,0,0.8375634
7213,Pass,0,0.99993443,0.21816042,0,0.9349367
7214,Pass,0,0.9995466,0.5738103,0,0.8244696
7215,Pass,0,0.9998728,0.11035913,0,0.9682637
7216,Pass,0,0.9895616,0.17437613,0,0.93865776
7217,Pass,0,0.99997544,0.13111939,0,0.9619333
7218,Pass,0,0.9985071,0.0827435,0,0.97548175
7219,Pass,0,0.9999471,0.015409946,0,0.9977424
7220,Pass,0,0.999984,0.1358374,0,0.9604803
7221,Pass,0,0.9826968,0.53009784,0,0.82387584
7222,Pass,0,0.99999344,0.094486624,0,0.9732967
7223,Pass,0,0.9996915,0.15657923,0,0.95377696
7224,Pass,0,0.9999945,0.0672086,0,0.98174644
7225,Pass,0,0.9994778,0.06845111,0,0.98085445
7226,Pass,0,0.99814963,0.07352492,0,0.97798246
7227,Pass,0,0.9999927,0.12192421,0,0.96479785
7228,Pass,0,0.99998975,0.10235734,0,0.97085536
7229,Pass,0,0.9999982,0.050539035,0,0.986913
7230,Pass,0,0.9999926,0.1347588,0,0.9608226
7231,Pass,0,0.9999348,0.20281747,0,0.9396888
7232,Pass,0,0.99997795,0.2041803,0,0.9393072
7233,Pass,0,0.9999447,0.029608047,0,0.99334276
7234,Pass,0,0.997482,0.26197734,0,0.9191065
7235,Pass,0,0.99992,0.1537689,0,0.95486534
7236,Pass,0,0.998533,0.27213162,0,0.9169345
7237,Pass,0,0.9999919,0.22626606,0,0.93247986
7238,Pass,0,0.9999963,0.10136672,0,0.9711685
7239,Pass,0,0.76082784,2.0712996,0,0.27468243
7240,Pass,0,0.9998895,0.009387274,0,0.99955016
7241,Pass,0,0.9998654,0.12512621,0,0.9636835
7242,Pass,0,0.9999981,0.10292132,0,0.97068876
7243,Pass,0,0.9998276,0.1196025,0,0.9653576
7244,Pass,0,0.9999615,0.12848687,0,0.9627352
7245,Pass,0,0.99983513,0.028639479,0,0.99353385
7246,Pass,0,0.9998938,0.100144,0,0.97144765
7247,Pass,0,0.99985445,0.15620628,0,0.9540479
7248,Pass,0,0.99939835,0.11920846,0,0.96506506
7249,Pass,0,0.99999833,0.11291944,0,0.9675923
7250,Pass,0,0.99999404,0.088279635,0,0.97521967
7251,Pass,0,0.99532986,0.35382918,0,0.88880736
7252,Pass,0,0.5444613,0.705927,0,0.42681602
7253,Pass,0,0.99966276,0.26329303,0,0.9207086
7254,Pass,0,0.99999857,0.053970274,0,0.98585063
7255,Pass,0,0.9967186,0.3066281,0,0.9046189
7256,Pass,0,0.9962366,0.1759132,0,0.94451505
7257,Pass,0,0.9999987,0.11862882,0,0.9658243
7258,Pass,0,0.9998958,0.10081301,0,0.9712424
7259,Pass,0,0.9857346,0.18396932,0,0.9320987
7260,Pass,0,0.99999213,0.1536474,0,0.95497185
7261,Pass,0,0.999997,0.04142677,0,0.9897342
7262,Pass,0,0.9995396,0.23664615,0,0.9288446
7263,Pass,0,0.9999325,0.024183314,0,0.9950108
7264,Pass,0,0.9998865,0.07713655,0,0.9785658
7265,Pass,0,0.9992949,0.06624729,0,0.98135704
7266,Pass,0,0.99986863,0.20215087,0,0.93983305
7267,Pass,0,0.9999751,0.13017496,0,0.96222544
7268,Pass,0,0.9996828,0.12575704,0,0.96331215
7269,Pass,0,0.9999932,0.14533292,0,0.9575481
7270,Pass,0,0.9882212,0.56390995,0,0.8181583
7271,Pass,0,0.99999416,0.12428222,0,0.96406895
7272,Pass,0,0.9967623,0.44706553,0,0.8613022
7273,Pass,0,0.99982065,0.21918195,0,0.9345139
7274,Pass,0,0.9997297,0.03441622,0,0.9916404
7275,Pass,0,0.9999505,0.036430325,0,0.9912356
7276,Pass,0,0.99996257,0.10057049,0,0.9713824
7277,Pass,0,0.99999404,0.12217016,0,0.964723
7278,Pass,0,0.99999774,0.10963147,0,0.9686101
7279,Pass,0,0.9998092,0.16821228,0,0.9502869
7280,Pass,0,0.9985952,0.12548243,0,0.96234894
7281,Pass,0,0.9996151,0.06930236,0,0.98072565
7282,Pass,0,0.9998765,0.05762708,0,0.98459786
7283,Pass,0,0.9999032,0.015639745,0,0.9976275
7284,Pass,0,0.99996185,0.26296702,0,0.921085
7285,Pass,0,0.99999607,0.060979523,0,0.9836772
7286,Pass,0,0.99989116,0.25825584,0,0.9224789
7287,Pass,0,0.999997,0.0693364,0,0.98108983
7288,Pass,0,0.99999845,0.04747634,0,0.9878619
7289,Pass,0,0.9999405,0.19559896,0,0.9419298
7290,Pass,0,0.9999944,0.09588007,0,0.97286606
7291,Pass,0,0.9673187,0.2383907,0,0.8983799
7292,Pass,0,0.99999964,0.15825729,0,0.95355123
7293,Pass,0,0.9999213,0.034686282,0,0.9917468
7294,Pass,0,0.99999833,0.054001417,0,0.98584074
7295,Pass,0,0.99976903,0.4288295,0,0.86954725
7296,Pass,0,0.9999969,0.18031898,0,0.94671553
7297,Pass,0,0.9998416,0.21015663,0,0.9373284
7298,Pass,0,0.9929229,0.2548802,0,0.91708827
7299,Pass,0,0.99960274,0.1741108,0,0.9482644
7300,Pass,0,0.9810962,0.3316436,0,0.8828386
7301,Pass,0,0.999856,0.09511719,0,0.9729676
7302,Pass,0,0.99998796,0.06654337,0,0.98194605
7303,Pass,0,0.99998903,0.15101148,0,0.9557853
7304,Pass,0,0.99999,0.10406971,0,0.97032523
7305,Pass,0,0.99992335,0.14240402,0,0.95838827
7306,Pass,0,0.99973625,0.24333383,0,0.92695653
7307,Pass,0,0.9999883,0.11720653,0,0.96625483
7308,Pass,0,0.99990547,0.090422295,0,0.9744697
7309,Pass,0,0.9999702,0.04575633,0,0.9883667
7310,Pass,0,0.6375914,0.39790842,0,0.56065017
7311,Pass,0,0.99999094,0.09154734,0,0.9742046
7312,Pass,0,0.9999993,0.09667047,0,0.972626
7313,Pass,0,0.9998086,0.26969942,0,0.91885906
7314,Pass,0,0.9996729,0.066469595,0,0.9816595
7315,Pass,0,0.6976621,0.9144406,0,0.50185716
7316,Pass,0,0.9999137,0.09179018,0,0.9740541
7317,Pass,0,0.99986863,0.20215087,0,0.93983305
7318,Pass,0,0.9999993,0.09986598,0,0.97163624
7319,Pass,0,0.99987876,0.023064543,0,0.9953037
7320,Pass,0,0.99994826,0.39623803,0,0.879797
7321,Pass,0,0.99999964,0.06758009,0,0.9816364
7322,Pass,0,0.9999968,0.077506885,0,0.97855896
7323,Pass,0,0.999936,0.12475562,0,0.96386623
7324,Pass,0,0.99995697,0.024477668,0,0.9949439
7325,Pass,0,0.99990547,0.090422295,0,0.9744697
7326,Pass,0,0.99999785,0.09652599,0,0.9726693
7327,Pass,0,0.99929297,0.18521684,0,0.94453317
7328,Pass,0,0.9999876,0.09844416,0,0.97206527
7329,Pass,0,0.99996734,0.08078963,0,0.97751343
7330,Pass,0,0.9993567,0.19781816,0,0.94069296
7331,Pass,0,0.9996209,0.078937456,0,0.9777483
7332,Pass,0,0.99994457,0.30126572,0,0.9092076
7333,Pass,0,0.9998122,0.299211,0,0.9097235
7334,Pass,0,0.9999906,0.14132454,0,0.9587871
7335,Pass,0,0.9999268,0.13130595,0,0.9618287
7336,Pass,0,0.9993242,0.2180137,0,0.93441147
7337,Pass,0,0.9999989,0.053345058,0,0.98604465
7338,Pass,0,0.999892,0.19995932,0,0.94053376
7339,Pass,0,0.999997,0.09413742,0,0.9734083
7340,Pass,0,0.9839743,0.27798948,0,0.90178025
7341,Pass,0,0.9999523,0.08679721,0,0.97563815
7342,Pass,0,0.9999931,0.2748886,0,0.9174214
7343,Pass,0,0.99912006,0.47592002,0,0.85441035
7344,Pass,0,0.99997663,0.0576455,0,0.9846907
7345,Pass,0,0.9997538,0.053712923,0,0.985689
7346,Pass,0,0.9999565,0.10879072,0,0.9688305
7347,Pass,0,0.999689,0.17367098,0,0.94848245
7348,Pass,0,0.99901533,0.076048486,0,0.9780499
7349,Pass,0,0.9999943,0.17661387,0,0.9478606
7350,Pass,0,0.9998468,0.14404482,0,0.9578068
7351,Pass,0,0.9998661,0.03408096,0,0.9918795
7352,Pass,0,0.99545825,0.28341022,0,0.9106336
7353,Pass,0,0.99923015,0.14629705,0,0.956519
7354,Pass,0,0.99997425,0.02922351,0,0.99349123
7355,Pass,0,0.99886984,0.44332123,0,0.8642818
7356,Pass,0,0.9859191,0.3648943,0,0.8770249
7357,Pass,0,0.99998283,0.1174261,0,0.9661815
7358,Pass,0,0.99974245,0.09158546,0,0.9739507
7359,Pass,0,0.9973671,0.20637383,0,0.9361772
7360,Pass,0,0.99963117,0.18896376,0,0.94369274
7361,Pass,0,0.9999645,0.18033473,0,0.94667995
7362,Pass,0,0.99959284,0.20310198,0,0.9392794
7363,Pass,0,0.9999894,0.1391013,0,0.9594745
7364,Pass,0,0.9994617,0.20412458,0,0.9388396
7365,Pass,0,0.9802658,0.39573354,0,0.86263275
7366,Pass,0,0.9996519,0.1723913,0,0.9488435
7367,Pass,0,0.9996394,0.21296085,0,0.9362707
7368,Pass,0,0.9954194,0.459203,0,0.8563997
7369,Pass,0,0.9826689,0.4963715,0,0.8341174
7370,Pass,0,0.99999976,0.11285267,0,0.96761435
7371,Pass,0,0.9209647,0.65214986,0,0.73730576
7372,Pass,0,0.99994695,0.0929909,0,0.97371465
7373,Pass,0,0.9933791,0.29798496,0,0.90424734
7374,Pass,0,0.99999106,0.07123063,0,0.9804973
7375,Pass,0,0.99999654,0.17078261,0,0.9496689
7376,Pass,0,0.9999778,0.09982869,0,0.97162694
7377,Pass,0,0.9999894,0.1273707,0,0.96310776
7378,Pass,0,0.8505143,0.41841516,0,0.7424766
7379,Pass,0,0.9999621,0.10460426,0,0.9701326
7380,Pass,0,0.9999999,0.04374033,0,0.9890204
7381,Pass,0,0.9999224,0.19565387,0,0.9418958
7382,Pass,0,0.99999416,0.16177812,0,0.9524555
7383,Pass,0,0.99948466,0.114859305,0,0.96649474
7384,Pass,0,0.79146934,0.5005258,0,0.67080337
7385,Pass,0,0.99996185,0.02313863,0,0.9953635
7386,Pass,0,0.99957424,0.07795187,0,0.97800773
7387,Pass,0,0.99993193,0.14912331,0,0.9563155
7388,Pass,0,0.9852563,0.24419563,0,0.91326773
7389,Pass,0,0.99999976,0.08129751,0,0.97738785
7390,Pass,0,0.9999503,0.09316981,0,0.9736625
7391,Pass,0,0.99998903,0.15101148,0,0.9557853
7392,Pass,0,0.99984205,0.096066944,0,0.97265995
7393,Pass,0,0.920258,1.1766641,0,0.5872384
7394,Pass,0,0.99999046,0.17860538,0,0.9472402
7395,Pass,0,0.9998609,0.20621131,0,0.93856835
7396,Pass,0,0.9999945,0.085321546,0,0.9761364
7397,Pass,0,0.994249,0.24459687,0,0.9214798
7398,Pass,0,0.9999994,0.11430156,0,0.96716523
7399,Pass,0,0.98963165,0.5392926,0,0.8268716
7400,Pass,0,0.9862679,0.6106422,0,0.80226564
7401,Pass,0,0.9997955,0.17424951,0,0.9484043
7402,Pass,0,0.99990094,0.3876528,0,0.88241416
7403,Pass,0,0.99974245,0.09158546,0,0.9739507
7404,Pass,0,0.9999974,0.053583402,0,0.9859693
7405,Pass,0,0.99999905,0.0807558,0,0.9775549
7406,Pass,0,0.8429145,1.9506409,0,0.335819
7407,Pass,0,0.99999905,0.1447237,0,0.9577424
7408,Pass,0,0.9999999,0.0664385,0,0.9819902
7409,Pass,0,0.99999344,0.094486624,0,0.9732967
7410,Pass,0,0.9881605,0.3355884,0,0.88798803
7411,Pass,0,0.99997044,0.031216271,0,0.9928703
7412,Pass,0,0.9999958,0.15905571,0,0.9533003
7413,Pass,0,0.99998415,0.19979826,0,0.9406703
7414,Pass,0,0.99998593,0.06392858,0,0.9827539
7415,Pass,0,0.9996394,0.21296085,0,0.9362707
7416,Pass,0,0.9999993,0.12846872,0,0.9627772
7417,Pass,0,0.97043836,0.5442577,0,0.80934256
7418,Pass,0,0.9999274,0.07911065,0,0.97799444
7419,Pass,0,0.9999418,0.09624111,0,0.9727031
7420,Pass,0,0.99999976,0.09850869,0,0.9720571
7421,Pass,0,0.99615896,0.19892064,0,0.9373428
7422,Pass,0,0.9999995,0.03201919,0,0.99265045
7423,Pass,0,0.9999291,0.058457848,0,0.9843923
7424,Pass,0,0.9999893,0.18013069,0,0.9467667
7425,Pass,0,0.99999654,0.14848438,0,0.9565752
7426,Pass,0,0.99282104,0.2702644,0,0.9122635
7427,Pass,0,0.9999802,0.08623873,0,0.97583836
7428,Pass,0,0.99986446,0.12896413,0,0.96249396
7429,Pass,0,0.9999548,0.07728755,0,0.97858584
7430,Pass,0,0.9999976,0.32905358,0,0.90064925
7431,Pass,0,0.99984205,0.096066944,0,0.97265995
7432,Pass,0,0.9999858,0.09641668,0,0.9726914
7433,Pass,0,0.999954,0.17784208,0,0.94744205
7434,Pass,0,0.51271564,0.6118922,0,0.41686276
7435,Pass,0,0.99991846,0.026287472,0,0.9943451
7436,Pass,0,0.9965481,0.20366839,0,0.9362436
7437,Pass,0,0.994162,0.39583036,0,0.87483156
7438,Pass,0,0.9999815,0.11353552,0,0.96738523
7439,Pass,0,0.9895231,0.17192623,0,0.93937206
7440,Pass,0,0.9992623,0.10576868,0,0.96909326
7441,Pass,0,0.59888023,1.1619062,0,0.38489705
7442,Pass,0,0.9999902,0.10705779,0,0.9693999
7443,Pass,0,0.9996828,0.12575704,0,0.96331215
7444,Pass,0,0.9993567,0.19781816,0,0.94069296
7445,Pass,0,0.9933791,0.29798496,0,0.90424734
7446,Pass,0,0.9997682,0.07362059,0,0.97953874
7447,Pass,0,0.9999,0.10647653,0,0.9694925
7448,Pass,0,0.99955696,0.17995486,0,0.9464117
7449,Pass,0,0.9996673,0.25462586,0,0.92339635
7450,Pass,0,0.9997466,0.03467464,0,0.99157715
7451,Pass,0,0.99999666,0.04621619,0,0.98825043
7452,Pass,0,0.9996594,0.14864329,0,0.95620346
7453,Pass,0,0.9999939,0.12004147,0,0.9653822
7454,Pass,0,0.9999906,0.17570575,0,0.94813836
7455,Pass,0,0.9993567,0.19781816,0,0.94069296
7456,Pass,0,0.99998033,0.0561753,0,0.98514974
7457,Pass,0,0.99999475,0.23647565,0,0.92932034
7458,Pass,0,0.9999932,0.13342294,0,0.9612369
7459,Pass,0,0.9999896,0.0840941,0,0.9765118
7460,Pass,0,0.99999976,0.056072924,0,0.9852006
7461,Pass,0,0.99945396,0.18065754,0,0.9460967
7462,Pass,0,0.9999995,0.17688861,0,0.9477805
7463,Pass,0,0.9688815,0.5395214,0,0.8094654
7464,Pass,0,0.9999987,0.08294642,0,0.97687614
7465,Pass,0,0.9999616,0.13987494,0,0.95920825
7466,Pass,0,0.9999825,0.030769184,0,0.99302065
7467,Pass,0,0.9289948,1.4023143,0,0.52788615
7468,Pass,0,0.99999774,0.035061788,0,0.99170625
7469,Pass,0,0.999954,0.04409994,0,0.9888637
7470,Pass,0,0.9999877,0.07214349,0,0.98021126
7471,Pass,0,0.9999894,0.1391013,0,0.9594745
7472,Pass,0,0.99999845,0.057536367,0,0.984746
7473,Pass,0,0.99841344,0.17982312,0,0.9453698
7474,Pass,0,0.9999993,0.07561575,0,0.97914714
7475,Pass,0,0.99978346,0.027730945,0,0.99376386
7476,Pass,0,0.9999503,0.21838288,0,0.9348826
7477,Pass,0,0.962589,0.4984025,0,0.8164675
7478,Pass,0,0.9992878,0.1200473,0,0.9646987
7479,Pass,0,0.986302,0.6217499,0,0.7989002
7480,Pass,0,0.99999845,0.1141434,0,0.96721333
7481,Pass,0,0.99999213,0.09772686,0,0.9722918
7482,Pass,0,0.999403,0.13038796,0,0.96160907
7483,Pass,0,0.8998096,0.5615777,0,0.7456114
7484,Pass,0,0.9999944,0.20988576,0,0.9375556
7485,Pass,0,0.9999416,0.11954648,0,0.965485
7486,Pass,0,0.9987691,0.533922,0,0.83616763
7487,Pass,0,0.96862227,0.56446016,0,0.801767
7488,Pass,0,0.99999976,0.09085562,0,0.97442746
7489,Pass,0,0.9999982,0.061360605,0,0.9835613
7490,Pass,0,0.9999993,0.110134326,0,0.96845585
7491,Pass,0,0.9992182,0.42138708,0,0.87137145
7492,Pass,0,0.9995363,0.17561604,0,0.94773537
7493,Pass,0,0.99991906,0.15691057,0,0.9538915
7494,Pass,0,0.99948406,0.11647238,0,0.96599483
7495,Pass,0,0.9999919,0.121583454,0,0.96490264
7496,Pass,0,0.9999974,0.093970425,0,0.9734604
7497,Pass,0,0.99999845,0.057536367,0,0.984746
7498,Pass,0,0.9998673,0.066489406,0,0.98184425
7499,Pass,0,0.99902034,0.3208464,0,0.9023085
7500,Pass,0,0.99981016,0.04476859,0,0.98851436
7501,Pass,0,0.9976109,0.114843585,0,0.96468776
7502,Pass,0,0.9999976,0.15551932,0,0.9543973
7503,Pass,0,0.9999168,0.13249849,0,0.9614498
7504,Pass,0,0.9999994,0.14683522,0,0.9570887
7505,Pass,0,0.9994778,0.06845111,0,0.98085445
7506,Pass,0,0.99987805,0.022335244,0,0.9955289
7507,Pass,0,0.99984956,0.021788506,0,0.99566984
7508,Pass,0,0.6972062,0.7303438,0,0.54128367
7509,Pass,0,0.9996426,0.22481196,0,0.9326044
7510,Pass,0,0.9999528,0.11949102,0,0.96551293
7511,Pass,0,0.9999999,0.0664385,0,0.9819902
7512,Pass,0,0.9991003,0.22664669,0,0.9315307
7513,Pass,0,0.9999225,0.39617825,0,0.87979287
7514,Pass,0,0.999997,0.14382628,0,0.95801836
7515,Pass,0,0.9999691,0.07076442,0,0.9806202
7516,Pass,0,0.999967,0.14978933,0,0.9561427
7517,Pass,0,0.9999397,0.0465231,0,0.98809904
7518,Pass,0,0.9999528,0.15649413,0,0.9540526
7519,Pass,0,0.99976784,0.07330942,0,0.9796347
7520,Pass,0,0.9999392,0.13543655,0,0.96056134
7521,Pass,0,0.99999046,0.13089082,0,0.96201855
7522,Pass,0,0.9966973,0.14935756,0,0.9531497
7523,Pass,0,0.99464405,0.53266937,0,0.8331
7524,Pass,0,0.99976987,0.24284092,0,0.9271403
7525,Pass,0,0.99994767,0.1640239,0,0.95171565
7526,Pass,0,0.9999995,0.039765287,0,0.99025124
7527,Pass,0,0.9999883,0.14430964,0,0.95786035
7528,Pass,0,0.99965763,0.11806842,0,0.9656684
7529,Pass,0,0.99998665,0.30762374,0,0.9072767
7530,Pass,0,0.9999994,0.043984808,0,0.98894423
7531,Pass,0,0.99980766,0.1506978,0,0.95570904
7532,Pass,0,0.9996413,0.40141568,0,0.8779239
7533,Pass,0,0.9999186,0.17667553,0,0.94776976
7534,Pass,0,0.9999974,0.0556712,0,0.98532265
7535,Pass,0,0.99318683,0.26058683,0,0.9155766
7536,Pass,0,0.99991345,0.025110388,0,0.99470466
7537,Pass,0,0.9999,0.10647653,0,0.9694925
7538,Pass,0,0.999977,0.0743387,0,0.97952086
7539,Pass,0,0.9999912,0.06479807,0,0.98248976
7540,Pass,0,0.9976109,0.114843585,0,0.96468776
7541,Pass,0,0.9999645,0.058747686,0,0.9843374
7542,Pass,0,0.9999738,0.17999466,0,0.9467941
7543,Pass,0,0.999985,0.050925657,0,0.9867802
7544,Pass,0,0.9999794,0.17143238,0,0.94945127
7545,Pass,0,0.99925846,0.07084747,0,0.97989756
7546,Pass,0,0.9997625,0.1316257,0,0.96157163
7547,Pass,0,0.99999905,0.38688567,0,0.8827384
7548,Pass,0,0.9999988,0.25093,0,0.92484725
7549,Pass,0,0.9880752,0.3264728,0,0.89070106
7550,Pass,0,0.9999994,0.09143659,0,0.97424716
7551,Pass,0,0.7327047,1.1730142,0,0.46838447
7552,Pass,0,0.9999552,0.14326717,0,0.95815146
7553,Pass,0,0.99887925,0.15821688,0,0.9524954
7554,Pass,0,0.99997723,0.068156935,0,0.9814357
7555,Pass,0,0.9999976,0.0580405,0,0.9845891
7556,Pass,0,0.9999902,0.0863609,0,0.9758103
7557,Pass,0,0.946738,0.48172876,0,0.8079119
7558,Pass,0,0.9998454,0.1286774,0,0.9625644
7559,Pass,0,0.99997437,0.07663037,0,0.9788085
7560,Pass,0,0.99998844,0.18580396,0,0.9450087
7561,Pass,0,0.99999976,0.042479813,0,0.9894107
7562,Pass,0,0.99994993,0.3439371,0,0.8959967
7563,Pass,0,0.99958223,0.2159626,0,0.9352878
7564,Pass,0,0.9997819,0.14880498,0,0.9562706
7565,Pass,0,0.99943346,0.050672453,0,0.9863144
7566,Pass,0,0.9997173,0.06297077,0,0.9827864
7567,Pass,0,0.9998971,0.04290834,0,0.9891765
7568,Pass,0,0.9998977,0.2495687,0,0.9251753
7569,Pass,0,0.9999243,0.24208172,0,0.92751867
7570,Pass,0,0.99996305,0.12013574,0,0.96532315
7571,Pass,0,0.99746394,0.3981961,0,0.8770063
7572,Pass,0,1.0,0.0853734,0,0.97612566
7573,Pass,0,0.8804455,0.473557,0,0.7535687
7574,Pass,0,0.99996984,0.24571861,0,0.9264345
7575,Pass,0,0.99929225,0.19981597,0,0.94001395
7576,Pass,0,0.9997943,0.03962403,0,0.99009174
7577,Pass,0,0.9994259,0.30822274,0,0.9065825
7578,Pass,0,0.9999924,0.09287032,0,0.97379625
7579,Pass,0,0.99994946,0.11946226,0,0.9655186
7580,Pass,0,0.99538004,0.26822162,0,0.91524464
7581,Pass,0,0.9987663,0.04293922,0,0.9880482
7582,Pass,0,0.99717534,0.34761488,0,0.8923747
7583,Pass,0,0.99997675,0.10417133,0,0.9702809
7584,Pass,0,0.9999981,0.10468794,0,0.9701416
7585,Pass,0,0.9999665,0.120903455,0,0.9650887
7586,Pass,0,0.9999871,0.060958166,0,0.98367506
7587,Pass,0,0.999944,0.028217852,0,0.9937726
7588,Pass,0,0.9998573,0.031859044,0,0.99255884
7589,Pass,0,0.91039103,0.4793389,0,0.7775686
7590,Pass,0,0.88210744,0.52746105,0,0.7402639
7591,Pass,0,0.99997985,0.15894698,0,0.9533188
7592,Pass,0,0.9999759,0.13629097,0,0.96033204
7593,Pass,0,0.86387235,0.74286556,0,0.66732645
7594,Pass,0,0.9963665,0.24164112,0,0.9243545
7595,Pass,0,0.9999895,0.11540794,0,0.966813
7596,Pass,0,0.68023366,0.8039049,0,0.5126085
7597,Pass,0,0.9999641,0.12688476,0,0.96323395
7598,Pass,0,0.9998903,0.16293703,0,0.9519977
7599,Pass,0,0.999977,0.118777916,0,0.9657572
7600,Pass,0,0.99993026,0.09087187,0,0.9743547
7601,Pass,0,0.99999785,0.12774616,0,0.9629996
7602,Pass,0,0.9999902,0.16196059,0,0.95239526
7603,Pass,0,0.9930615,0.55292255,0,0.8255451
7604,Pass,0,0.9999758,0.2077712,0,0.9381931
7605,Pass,0,0.9993687,0.46196523,0,0.85894245
7606,Pass,0,0.9993394,0.2669362,0,0.9192831
7607,Pass,0,0.99999654,0.10883551,0,0.9688555
7608,Pass,0,0.99999845,0.04085527,0,0.98991257
7609,Pass,0,0.99999964,0.067067556,0,0.98179513
7610,Pass,0,0.9977635,0.16346371,0,0.94980997
7611,Pass,0,0.99998355,0.105145924,0,0.9699856
7612,Pass,0,0.9999877,0.07447103,0,0.9794904
7613,Pass,0,0.9999589,0.20257872,0,0.9397854
7614,Pass,0,0.9989392,0.15958475,0,0.95212936
7615,Pass,0,0.99982256,0.18745278,0,0.94434136
7616,Pass,0,0.99975306,0.0807014,0,0.9773313
7617,Pass,0,0.99999964,0.05128904,0,0.9866822
7618,Pass,0,0.8505143,0.41841516,0,0.7424766
7619,Pass,0,0.9999995,0.039765287,0,0.99025124
7620,Pass,0,0.9999889,0.07822504,0,0.9783289
7621,Pass,0,0.99955696,0.17995486,0,0.9464117
7622,Pass,0,0.9821401,0.664412,0,0.7825514
7623,Pass,0,0.99999523,0.06423155,0,0.9826692
7624,Pass,0,0.999998,0.108790085,0,0.96887094
7625,Pass,0,0.9998147,0.082819894,0,0.97673553
7626,Pass,0,0.99991524,0.10600575,0,0.96965307
7627,Pass,0,0.99708575,0.13640212,0,0.9575221
7628,Pass,0,0.9406377,0.2694452,0,0.864553
7629,Pass,0,0.999084,0.12420277,0,0.96321607
7630,Pass,0,0.9999124,0.021116717,0,0.99594045
7631,Pass,0,0.99985075,0.2029115,0,0.93958074
7632,Pass,0,0.9999602,0.12930739,0,0.9624798
7633,Pass,0,0.9998431,0.082404435,0,0.97689193
7634,Pass,0,0.9999838,0.26252386,0,0.9212425
7635,Pass,0,0.9999815,0.16008133,0,0.952969
7636,Pass,0,0.9998976,0.06812705,0,0.9813668
7637,Pass,0,0.99999607,0.11300209,0,0.9675645
7638,Pass,0,0.9996458,0.21266353,0,0.93636876
7639,Pass,0,0.9876732,0.5996753,0,0.80676365
7640,Pass,0,0.9999422,0.13574326,0,0.96046925
7641,Pass,0,0.9997912,0.15761419,0,0.9535516
7642,Pass,0,0.9996996,0.15253173,0,0.95503795
7643,Pass,0,0.9995845,0.5806519,0,0.82238275
7644,Pass,0,0.99961346,0.2306366,0,0.93077385
7645,Pass,0,0.9999982,0.06851363,0,0.98134583
7646,Pass,0,0.99939835,0.11920846,0,0.96506506
7647,Pass,0,0.999995,0.06670373,0,0.98190325
7648,Pass,0,0.99999976,0.04818049,0,0.9876451
7649,Pass,0,0.99995744,0.06237049,0,0.9832084
7650,Pass,0,0.9999877,0.04651126,0,0.9881502
7651,Pass,0,0.9983847,0.07604225,0,0.9774344
7652,Pass,0,0.9999889,0.10749982,0,0.96926177
7653,Pass,0,0.98612255,0.38192853,0,0.87200314
7654,Pass,0,0.9999999,0.14070944,0,0.9589865
7655,Pass,0,0.99997556,0.045178212,0,0.9885511
7656,Pass,0,0.9999757,0.055950925,0,0.98521465
7657,Pass,0,0.99939334,0.084650934,0,0.9757571
7658,Pass,0,0.9999212,0.30416775,0,0.9082876
7659,Pass,0,0.9998683,0.039939776,0,0.99006724
7660,Pass,0,0.9996531,0.07559365,0,0.978815
7661,Pass,0,0.99994135,0.120343894,0,0.96523774
7662,Pass,0,0.9992924,0.042498607,0,0.98870504
7663,Pass,0,0.99997115,0.034841415,0,0.99174815
7664,Pass,0,0.99966264,0.22422977,0,0.93280333
7665,Pass,0,0.9999914,0.26408467,0,0.92076606
7666,Pass,0,0.9998041,0.07624687,0,0.9787606
7667,Pass,0,0.99835485,0.17020774,0,0.94828755
7668,Pass,0,0.9924676,0.42769426,0,0.8635458
7669,Pass,0,0.99981886,0.055241685,0,0.98527974
7670,Pass,0,0.99998283,0.07323414,0,0.9798687
7671,Pass,0,0.9669173,0.33061537,0,0.8703877
7672,Pass,0,0.99999297,0.08190924,0,0.97719175
7673,Pass,0,0.99899083,0.121311665,0,0.9640208
7674,Pass,0,0.99998724,0.08223783,0,0.9770844
7675,Pass,0,0.99999845,0.08792085,0,0.9753352
7676,Pass,0,0.9994765,0.3042115,0,0.9078701
7677,Pass,0,0.9999515,0.14971854,0,0.9561499
7678,Pass,0,0.9999993,0.1006124,0,0.971405
7679,Pass,0,0.9997775,0.262846,0,0.9209527
7680,Pass,0,0.999918,0.040680047,0,0.98988724
7681,Pass,0,0.99920267,0.22217636,0,0.9330096
7682,Pass,0,0.99999547,0.14752746,0,0.95687056
7683,Pass,0,0.99994993,0.077016324,0,0.9786651
7684,Pass,0,0.9999418,0.45766732,0,0.8607662
7685,Pass,0,0.9995994,0.39684042,0,0.8793036
7686,Pass,0,0.9999969,0.10405241,0,0.9703373
7687,Pass,0,0.99999917,0.063216634,0,0.9829874
7688,Pass,0,0.9998276,0.1196025,0,0.9653576
7689,Pass,0,0.999982,0.075021446,0,0.9793143
7690,Pass,0,0.9999571,0.07224583,0,0.98014957
7691,Pass,0,0.9985833,0.17438716,0,0.9472119
7692,Pass,0,0.99999344,0.09608646,0,0.97280115
7693,Pass,0,0.9998838,0.11538616,0,0.96671754
7694,Pass,0,0.9940567,0.36560634,0,0.88404447
7695,Pass,0,0.9998704,0.1209165,0,0.964992
7696,Pass,0,0.9999893,0.15124373,0,0.9557136
7697,Pass,0,0.99999785,0.07541875,0,0.9792068
7698,Pass,0,0.9989735,0.15449476,0,0.9537369
7699,Pass,0,0.9999864,0.116650805,0,0.9664251
7700,Pass,0,0.99877375,0.17818758,0,0.94621694
7701,Pass,0,0.9999894,0.32407477,0,0.90218383
7702,Pass,0,0.96568674,0.88097227,0,0.7046687
7703,Pass,0,0.99968517,0.044534635,0,0.9884632
7704,Pass,0,0.585105,0.6649021,0,0.46611226
7705,Pass,0,0.9998572,0.092607096,0,0.9737461
7706,Pass,0,0.99999356,0.048008006,0,0.98769236
7707,Pass,0,0.999979,0.24201204,0,0.92759097
7708,Pass,0,0.9998976,0.06812705,0,0.9813668
7709,Pass,0,0.99999976,0.07958256,0,0.977919
7710,Pass,0,0.9999963,0.13774541,0,0.9599011
7711,Pass,0,0.99970007,0.061795224,0,0.9831335
7712,Pass,0,0.9999378,0.096865915,0,0.9725056
7713,Pass,0,0.9998702,0.15718667,0,0.9537593
7714,Pass,0,0.9999844,0.18595304,0,0.9449587
7715,Pass,0,0.9985209,0.1706278,0,0.9483154
7716,Pass,0,0.9999987,0.07673849,0,0.9787988
7717,Pass,0,0.9998745,0.29903916,0,0.90983343
7718,Pass,0,0.9993974,0.28613842,0,0.9133926
7719,Pass,0,0.9999963,0.10136672,0,0.9711685
7720,Pass,0,0.9917847,0.21944097,0,0.92692333
7721,Pass,0,0.99999976,0.048079774,0,0.98767626
7722,Pass,0,0.9996438,0.33614904,0,0.8981337
7723,Pass,0,0.999874,0.13990709,0,0.95911425
7724,Pass,0,0.9999975,0.14859152,0,0.9565429
7725,Pass,0,0.9996439,0.024439462,0,0.9946443
7726,Pass,0,1.0,0.07596156,0,0.97904074
7727,Pass,0,0.9999976,0.092348486,0,0.97396296
7728,Pass,0,0.999863,0.024006993,0,0.9949962
7729,Pass,0,0.9998957,0.042327527,0,0.9893549
7730,Pass,0,0.9999958,0.06467862,0,0.9825313
7731,Pass,0,0.9999914,0.114472255,0,0.9671047
7732,Pass,0,0.9995807,0.21882224,0,0.93440104
7733,Pass,0,0.98796463,0.5087625,0,0.8348209
7734,Pass,0,0.99032557,0.50574136,0,0.83774257
7735,Pass,0,0.9994778,0.06845111,0,0.98085445
7736,Pass,0,0.99999917,0.06598854,0,0.98212886
7737,Pass,0,0.9999987,0.083839096,0,0.97659963
7738,Pass,0,0.99978966,0.2528838,0,0.9240488
7739,Pass,0,0.9991679,0.29173765,0,0.91145015
7740,Pass,0,0.9994259,0.30822274,0,0.9065825
7741,Pass,0,0.9999392,0.13543655,0,0.96056134
7742,Pass,0,0.99937207,0.31679872,0,0.9038791
7743,Pass,0,1.0,0.046308167,0,0.9882252
7744,Pass,0,0.9998227,0.25309628,0,0.92401356
7745,Pass,0,0.9999995,0.093638085,0,0.9735654
7746,Pass,0,0.9997435,0.70025253,0,0.78547955
7747,Pass,0,0.99942684,0.26103088,0,0.9211916
7748,Pass,0,0.99999964,0.07584896,0,0.9790753
7749,Pass,0,0.9999546,0.07793555,0,0.9783849
7750,Pass,0,0.99997425,0.09524009,0,0.97304463
7751,Pass,0,0.9994649,0.2205112,0,0.93376994
7752,Pass,0,0.99999857,0.056603514,0,0.98503506
7753,Pass,0,0.91178924,1.5805322,0,0.46777964
7754,Pass,0,0.9999901,0.13167049,0,0.9617767
7755,Pass,0,0.99071854,0.15189916,0,0.94665223
7756,Pass,0,0.99996364,0.08238373,0,0.97701615
7757,Pass,0,0.99996734,0.11105354,0,0.9681402
7758,Pass,0,0.99995744,0.06237049,0,0.9832084
7759,Pass,0,0.99948406,0.11647238,0,0.96599483
7760,Pass,0,0.99996996,0.13099757,0,0.96196574
7761,Pass,0,0.9997297,0.03441622,0,0.9916404
7762,Pass,0,0.9999536,0.099266015,0,0.9717777
7763,Pass,0,0.99999976,0.057437442,0,0.9847779
7764,Pass,0,0.9995382,0.14283061,0,0.95788705
7765,Pass,0,0.9995714,0.20195203,0,0.9396152
7766,Pass,0,0.99824107,0.2700354,0,0.9173145
7767,Pass,0,0.99995553,0.09281805,0,0.9737766
7768,Pass,0,0.99872917,0.0697769,0,0.9797097
7769,Pass,0,0.99999785,0.16126658,0,0.95261747
7770,Pass,0,0.9996805,0.025377298,0,0.99439025
7771,Pass,0,0.9999738,0.17999466,0,0.9467941
7772,Pass,0,0.9999682,0.20192091,0,0.93999785
7773,Pass,0,0.9997607,0.13139865,0,0.96164024
7774,Pass,0,0.9998362,0.05100982,0,0.9866074
7775,Pass,0,0.99995863,0.06994356,0,0.9808641
7776,Pass,0,0.9962366,0.1759132,0,0.94451505
7777,Pass,0,0.9995708,0.38305905,0,0.88354504
7778,Pass,0,0.99998057,0.20262508,0,0.93979144
7779,Pass,0,0.9999951,0.303099,0,0.90868574
7780,Pass,0,0.54876417,0.5603257,0,0.4549366
7781,Pass,0,0.9985209,0.1706278,0,0.9483154
7782,Pass,0,1.0,0.024505075,0,0.99497825
7783,Pass,0,0.99999976,0.08571502,0,0.9760196
7784,Pass,0,0.99996495,0.07167281,0,0.98033476
7785,Pass,0,0.99994874,0.045889873,0,0.98830414
7786,Pass,0,0.99930656,0.27915677,0,0.9154705
7787,Pass,0,0.99960274,0.1741108,0,0.9482644
7788,Pass,0,0.9999963,0.18286858,0,0.9459253
7789,Pass,0,0.99985504,0.09561428,0,0.9728128
7790,Pass,0,0.9981192,0.11584,0,0.96487117
7791,Pass,0,0.99844545,0.20148818,0,0.9387003
7792,Pass,0,0.99977344,0.16660483,0,0.95075065
7793,Pass,0,0.9999987,0.24134488,0,0.9278159
7794,Pass,0,0.9998098,0.022137012,0,0.9955223
7795,Pass,0,0.99998295,0.10414143,0,0.97029614
7796,Pass,0,0.9975432,0.25572988,0,0.92109317
7797,Pass,0,0.9994061,0.21234117,0,0.936244
7798,Pass,0,0.9996778,0.13511689,0,0.96040916
7799,Pass,0,0.9997955,0.17424951,0,0.9484043
7800,Pass,0,0.999998,0.067168616,0,0.98176223
7801,Pass,0,0.99760854,0.19260116,0,0.9406594
7802,Pass,0,0.99796414,0.14725362,0,0.9550115
7803,Pass,0,0.9998697,0.25748277,0,0.92269856
7804,Pass,0,0.9996302,0.06837102,0,0.98102885
7805,Pass,0,0.99991345,0.025110388,0,0.99470466
7806,Pass,0,0.9999243,0.42148542,0,0.87195677
7807,Pass,0,0.99999785,0.12931477,0,0.96251374
7808,Pass,0,0.9950618,0.36872694,0,0.8839766
7809,Pass,0,0.9999567,0.17502555,0,0.94831693
7810,Pass,0,0.99990976,0.21377043,0,0.93627316
7811,Pass,0,0.9975528,0.2571679,0,0.92065775
7812,Pass,0,0.99997866,0.55031496,0,0.832103
7813,Pass,0,0.9900511,0.39017734,0,0.8729476
7814,Pass,0,0.9999993,0.053132687,0,0.98611075
7815,Pass,0,0.99988616,0.03143951,0,0.99271744
7816,Pass,0,0.9999869,0.0983447,0,0.9720954
7817,Pass,0,0.9999778,0.26183692,0,0.9214497
7818,Pass,0,0.9995666,0.114547074,0,0.96667063
7819,Pass,0,0.9999999,0.06518473,0,0.98237854
7820,Pass,0,0.9999982,0.061360605,0,0.9835613
7821,Pass,0,0.9993193,0.15455534,0,0.9540483
7822,Pass,0,0.99998176,0.07840236,0,0.97826695
7823,Pass,0,0.99989855,0.24351357,0,0.92705137
7824,Pass,0,0.9999225,0.02169534,0,0.9957713
7825,Pass,0,0.99843615,0.08183336,0,0.9756939
7826,Pass,0,0.9999689,0.050502744,0,0.9868953
7827,Pass,0,0.99998236,0.14036076,0,0.95907766
7828,Pass,0,0.9998739,0.13284326,0,0.96130174
7829,Pass,0,0.99996305,0.09540309,0,0.97298324
7830,Pass,0,0.9961002,0.19822097,0,0.93750334
7831,Pass,0,0.9989675,0.31164393,0,0.90510815
7832,Pass,0,0.99999666,0.10063599,0,0.9713952
7833,Pass,0,0.9974281,0.17703775,0,0.9452973
7834,Pass,0,0.9998816,0.06809673,0,0.98136055
7835,Pass,0,0.99999666,0.10270504,0,0.9707544
7836,Pass,0,0.99059474,0.59737426,0,0.809856
7837,Pass,0,0.99941623,0.027411079,0,0.99349785
7838,Pass,0,0.99995756,0.16260414,0,0.9521648
7839,Pass,0,0.99747854,0.32738832,0,0.8988949
7840,Pass,0,0.9999914,0.15184486,0,0.95552945
7841,Pass,0,0.99998343,0.09371758,0,0.9735251
7842,Pass,0,0.9999974,0.1748672,0,0.94840455
7843,Pass,0,0.9994778,0.06845111,0,0.98085445
7844,Pass,0,0.9999974,0.08315323,0,0.97681075
7845,Pass,0,0.9999989,0.054305494,0,0.98574716
7846,Pass,0,0.9989875,0.19820258,0,0.9402265
7847,Pass,0,0.9994629,0.16953494,0,0.9495483
7848,Pass,0,0.99533147,0.37575147,0,0.8820506
7849,Pass,0,0.99998295,0.06146732,0,0.9835133
7850,Pass,0,0.9999901,0.10024159,0,0.971511
7851,Pass,0,0.99980503,0.22223762,0,0.9335531
7852,Pass,0,0.9967752,0.9169825,0,0.7162368
7853,Pass,0,0.9995085,0.115281194,0,0.9663872
7854,Pass,0,0.9999982,0.10340622,0,0.9705387
7855,Pass,0,0.9998455,0.060231943,0,0.98376065
7856,Pass,0,0.99986875,0.015686966,0,0.9975785
7857,Pass,0,0.99991024,0.124396056,0,0.9639528
7858,Pass,0,0.99998844,0.06769773,0,0.98158896
7859,Pass,0,0.9999982,0.1159246,0,0.9666614
7860,Pass,0,0.9940883,0.3412372,0,0.8915757
7861,Pass,0,0.99999654,0.08360222,0,0.97667086
7862,Pass,0,0.9999999,0.083835565,0,0.97660184
7863,Pass,0,0.9999974,0.1748672,0,0.94840455
7864,Pass,0,0.9999503,0.09316981,0,0.9736625
7865,Pass,0,0.9921366,0.16741702,0,0.94323874
7866,Pass,0,0.9999291,0.058457848,0,0.9843923
7867,Pass,0,0.9999995,0.035775535,0,0.99148697
7868,Pass,0,0.9999958,0.074436426,0,0.97950906
7869,Pass,0,0.99382377,0.29333156,0,0.9060845
7870,Pass,0,0.99999917,0.06598854,0,0.98212886
7871,Pass,0,0.99906296,0.40111518,0,0.87750894
7872,Pass,0,0.9998715,0.06993293,0,0.9807819
7873,Pass,0,0.98396087,0.27622986,0,0.9023042
7874,Pass,0,0.99948823,0.23390734,0,0.9296447
7875,Pass,0,0.99998415,0.1263196,0,0.96342826
7876,Pass,0,0.999992,0.0748822,0,0.97936726
7877,Pass,0,0.9990319,0.20721789,0,0.9374787
7878,Pass,0,0.9996056,0.095601745,0,0.97257394
7879,Pass,0,0.9999807,0.20921108,0,0.9377517
7880,Pass,0,0.9999809,0.21163632,0,0.93700075
7881,Pass,0,0.999966,0.028255487,0,0.9937829
7882,Pass,0,0.9999858,0.31261137,0,0.9057311
7883,Pass,0,0.9993567,0.19781816,0,0.94069296
7884,Pass,0,0.9978976,0.14013998,0,0.95714647
7885,Pass,0,0.9999931,0.17068386,0,0.9496962
7886,Pass,0,0.9999994,0.053727664,0,0.9859266
7887,Pass,0,0.99998367,0.040026005,0,0.9901548
7888,Pass,0,0.99995077,0.23823507,0,0.9287346
7889,Pass,0,0.99948573,0.21104066,0,0.9367212
7890,Pass,0,0.9999968,0.2139529,0,0.93629813
7891,Pass,0,0.99996316,0.059198055,0,0.98419666
7892,Pass,0,0.99979573,0.18637276,0,0.9446505
7893,Pass,0,0.9999894,0.32407477,0,0.90218383
7894,Pass,0,0.9999999,0.07737037,0,0.9786043
7895,Pass,0,0.9998654,0.12512621,0,0.9636835
7896,Pass,0,0.9999896,0.0840941,0,0.9765118
7897,Pass,0,0.9999659,0.17784202,0,0.9474534
7898,Pass,0,0.99913484,0.37909514,0,0.88438636
7899,Pass,0,0.999951,0.14702643,0,0.95698315
7900,Pass,0,0.9966845,0.28214362,0,0.91214633
7901,Pass,0,0.9997851,0.2036604,0,0.9392871
7902,Pass,0,0.9999856,0.10016609,0,0.97152996
7903,Pass,0,0.9999405,0.025439737,0,0.99462956
7904,Pass,0,0.9999913,0.10410629,0,0.9703151
7905,Pass,0,0.9995328,0.0551127,0,0.9850378
7906,Pass,0,0.99998975,0.22215134,0,0.9337523
7907,Pass,0,0.99999917,0.09008222,0,0.97466636
7908,Pass,0,0.9999138,0.22134982,0,0.9339296
7909,Pass,0,0.9999602,0.18385059,0,0.945587
7910,Pass,0,0.99986863,0.20215087,0,0.93983305
7911,Pass,0,0.9999212,0.075595185,0,0.9790771
7912,Pass,0,0.99995995,0.09586001,0,0.9728387
7913,Pass,0,0.99979776,0.021085804,0,0.9958358
7914,Pass,0,0.99941623,0.027411079,0,0.99349785
7915,Pass,0,0.9999975,0.089550786,0,0.9748294
7916,Pass,0,0.9997781,0.1033533,0,0.97034144
7917,Pass,0,0.9980367,0.44734475,0,0.8623171
7918,Pass,0,0.99994695,0.0929909,0,0.97371465
7919,Pass,0,0.9999988,0.0822974,0,0.9770772
7920,Pass,0,0.9999838,0.15327865,0,0.9550781
7921,Pass,0,0.99999857,0.06762108,0,0.98162264
7922,Pass,0,0.9999447,0.079729974,0,0.9778195
7923,Pass,0,0.9999957,0.078804046,0,0.9781562
7924,Pass,0,0.9994967,0.030737296,0,0.99254817
7925,Pass,0,0.9990588,0.2124201,0,0.9358942
7926,Pass,0,0.9997682,0.07362059,0,0.97953874
7927,Pass,0,0.9999945,0.10666505,0,0.96952575
7928,Pass,0,0.99993026,0.09087187,0,0.9743547
7929,Pass,0,0.9386744,0.46553928,0,0.8057375
7930,Pass,0,0.99994826,0.23330085,0,0.9302604
7931,Pass,0,0.99552083,0.24422039,0,0.9227746
7932,Pass,0,0.9999882,0.12990785,0,0.96232074
7933,Pass,0,0.9999945,0.107685655,0,0.9692097
7934,Pass,0,0.9968566,0.27554637,0,0.91434073
7935,Pass,0,0.9999982,0.08447189,0,0.9764032
7936,Pass,0,0.9999405,0.03552875,0,0.9915049
7937,Pass,0,0.9998909,0.09253044,0,0.97380275
7938,Pass,0,0.99991894,0.13518685,0,0.9606192
7939,Pass,0,0.99998844,0.14874856,0,0.95648557
7940,Pass,0,1.0,0.07597113,0,0.9790378
7941,Pass,0,0.99988604,0.084843695,0,0.97617847
7942,Pass,0,0.9999093,0.3168259,0,0.90435654
7943,Pass,0,0.999992,0.10876218,0,0.9688738
7944,Pass,0,0.9980367,0.44734475,0,0.8623171
7945,Pass,0,0.99999976,0.1956206,0,0.94197893
7946,Pass,0,0.9999664,0.100295626,0,0.9714712
7947,Pass,0,0.9999877,0.036474995,0,0.9912587
7948,Pass,0,0.9999993,0.10761421,0,0.9692364
7949,Pass,0,0.9993808,0.14143911,0,0.95816696
7950,Pass,0,0.99997437,0.048594963,0,0.9874916
7951,Pass,0,0.99888927,0.177123,0,0.9466557
7952,Pass,0,0.9999924,0.09287032,0,0.97379625
7953,Pass,0,0.99582493,0.50217766,0,0.84349376
7954,Pass,0,0.99871016,0.27371454,0,0.91660756
7955,Pass,0,0.9999968,0.052414633,0,0.98633075
7956,Pass,0,0.99219733,0.41234848,0,0.86802655
7957,Pass,0,0.9999902,0.16196059,0,0.95239526
7958,Pass,0,0.999941,0.18585771,0,0.9449472
7959,Pass,0,0.9999999,0.0396519,0,0.9902867
7960,Pass,0,0.9999995,0.03201919,0,0.99265045
7961,Pass,0,0.999826,0.08523969,0,0.97599727
7962,Pass,0,0.9999982,0.07837153,0,0.9782926
7963,Pass,0,0.9980476,0.5657074,0,0.825738
7964,Pass,0,0.99998915,0.07378348,0,0.97970474
7965,Pass,0,0.99926645,0.25607806,0,0.9225766
7966,Pass,0,0.9999298,0.12272416,0,0.9644894
7967,Pass,0,0.9999963,0.058546975,0,0.9844309
7968,Pass,0,0.9999809,0.21163632,0,0.93700075
7969,Pass,0,0.99968314,0.063413724,0,0.9826157
7970,Pass,0,0.99979776,0.021085804,0,0.9958358
7971,Pass,0,0.9993963,0.10901399,0,0.9682187
7972,Pass,0,0.9999999,0.03674692,0,0.9911865
7973,Pass,0,0.9999968,0.09067578,0,0.9744802
7974,Pass,0,0.99993026,0.09087187,0,0.9743547
7975,Pass,0,0.99999917,0.070949234,0,0.98059237
7976,Pass,0,0.9999268,0.13130595,0,0.9618287
7977,Pass,0,0.99989223,0.17765455,0,0.94744164
7978,Pass,0,0.99995744,0.06237049,0,0.9832084
7979,Pass,0,0.99994767,0.098483,0,0.9720144
7980,Pass,0,0.9916557,0.4927205,0,0.842867
7981,Pass,0,0.95818555,0.4202581,0,0.83592385
7982,Pass,0,0.9999571,0.07224583,0,0.98014957
7983,Pass,0,0.9989735,0.15449476,0,0.9537369
7984,Pass,0,0.99658585,0.42896998,0,0.8667353
7985,Pass,0,0.99999976,0.06252227,0,0.98320305
7986,Pass,0,0.999967,0.079283595,0,0.97797954
7987,Pass,0,1.0,0.094333634,0,0.97335047
7988,Pass,0,0.9999881,0.037512355,0,0.9909377
7989,Pass,0,0.99999845,0.04085527,0,0.98991257
7990,Pass,0,0.99981827,0.27035514,0,0.9186649
7991,Pass,0,0.9999032,0.015639745,0,0.9976275
7992,Pass,0,0.99999213,0.09115096,0,0.9743285
7993,Pass,0,0.9999976,0.07488117,0,0.97937304
7994,Pass,0,0.99998283,0.07323414,0,0.9798687
7995,Pass,0,0.9999783,0.08750573,0,0.9754441
7996,Pass,0,0.9876096,0.3365924,0,0.88718593
7997,Pass,0,0.9998466,0.24767889,0,0.92571324
7998,Pass,0,0.9999976,0.046071384,0,0.98829615
7999,Pass,0,0.99995136,0.22498997,0,0.9328373
8000,Pass,0,0.9825017,0.2720189,0,0.90224755
8001,Pass,0,0.9999449,0.14943239,0,0.9562322
8002,Pass,0,0.9999994,0.061009448,0,0.98367125
8003,Pass,0,0.9999999,0.088477485,0,0.9751641
8004,Pass,0,0.9999733,0.15856361,0,0.95343125
8005,Pass,0,0.9920014,0.207891,0,0.93067455
8006,Pass,0,0.9997478,0.2008732,0,0.9401151
8007,Pass,0,0.99978787,0.14481692,0,0.95751125
8008,Pass,0,0.5735038,1.7279847,0,0.2680355
8009,Pass,0,0.9999374,0.10114128,0,0.97118115
8010,Pass,0,0.9990552,0.112324044,0,0.966864
8011,Pass,0,0.99999917,0.07857164,0,0.97823155
8012,Pass,0,0.9999999,0.06377805,0,0.9828142
8013,Pass,0,0.99999917,0.048773643,0,0.98746073
8014,Pass,0,0.9997739,0.055907533,0,0.9850293
8015,Pass,0,0.99857605,0.34612575,0,0.89408875
8016,Pass,0,0.9999299,0.08105461,0,0.9773948
8017,Pass,0,0.9999957,0.059903476,0,0.98401016
8018,Pass,0,0.9674653,0.8157519,0,0.7255098
8019,Pass,0,0.7396174,0.5941664,0,0.6054055
8020,Pass,0,0.999992,0.08848852,0,0.975153
8021,Pass,0,0.9998204,0.35789865,0,0.8915571
8022,Pass,0,0.999998,0.24552022,0,0.926522
8023,Pass,0,0.9996828,0.12575704,0,0.96331215
8024,Pass,0,0.9982357,0.40727797,0,0.8748769
8025,Pass,0,0.99999857,0.056603514,0,0.98503506
8026,Pass,0,0.9999763,0.12955534,0,0.9624185
8027,Pass,0,0.9999995,0.103189856,0,0.970607
8028,Pass,0,0.999926,0.060539633,0,0.9837445
8029,Pass,0,0.99980193,0.23412628,0,0.92986864
8030,Pass,0,0.99998665,0.08993959,0,0.9746984
8031,Pass,0,0.99747854,0.32738832,0,0.8988949
8032,Pass,0,0.9999995,0.10566297,0,0.96984094
8033,Pass,0,0.9999931,0.13806109,0,0.95980024
8034,Pass,0,0.9999521,0.016879437,0,0.9972923
8035,Pass,0,0.99997556,0.045178212,0,0.9885511
8036,Pass,0,1.0,0.07233495,0,0.98016405
8037,Pass,0,0.9999267,0.17182718,0,0.949279
8038,Pass,0,0.99999845,0.11029884,0,0.9684041
8039,Pass,0,0.5935818,1.386033,0,0.34028643
8040,Pass,0,0.7693804,0.47747353,0,0.65757537
8041,Pass,0,0.9999076,0.04352008,0,0.9889974
8042,Pass,0,0.9999924,0.16416807,0,0.95171356
8043,Pass,0,0.99828726,0.22629595,0,0.9308811
8044,Pass,0,0.99645066,0.3190099,0,0.9005544
8045,Pass,0,0.9998673,0.066489406,0,0.98184425
8046,Pass,0,0.999949,0.102609,0,0.9707378
8047,Pass,0,0.9996791,0.015168412,0,0.9975498
8048,Pass,0,0.99995494,0.09265447,0,0.97382665
8049,Pass,0,0.9993648,0.11835325,0,0.96529734
8050,Pass,0,0.9999038,0.15751137,0,0.9536909
8051,Pass,0,0.99994314,0.3653229,0,0.88936716
8052,Pass,0,0.9999417,0.2539643,0,0.92385465
8053,Pass,0,0.99933344,0.5163486,0,0.8420794
8054,Pass,0,0.99979943,0.06530663,0,0.9821438
8055,Pass,0,0.9993303,0.28241757,0,0.91448295
8056,Pass,0,0.7866311,0.40611362,0,0.68970543
8057,Pass,0,0.9999987,0.102477886,0,0.9708267
8058,Pass,0,0.9999982,0.08427447,0,0.97646433
8059,Pass,0,0.99997056,0.1372851,0,0.960019
8060,Pass,0,0.96692276,0.6531606,0,0.77379614
8061,Pass,0,0.99996495,0.07167281,0,0.98033476
8062,Pass,0,0.9999763,0.20684451,0,0.9384805
8063,Pass,0,0.99882954,0.20121229,0,0.9391467
8064,Pass,0,0.99999523,0.07133248,0,0.9804699
8065,Pass,0,0.999936,0.18698779,0,0.9445925
8066,Pass,0,0.99989593,0.13380179,0,0.9610261
8067,Pass,0,0.99999166,0.08438941,0,0.97642225
8068,Pass,0,0.8914507,0.48831913,0,0.7589121
8069,Pass,0,0.99999404,0.06917479,0,0.981137
8070,Pass,0,0.9999964,0.098713666,0,0.97199035
8071,Pass,0,0.9999981,0.092445664,0,0.97393334
8072,Pass,0,0.99649954,0.39499792,0,0.8771454
8073,Pass,0,0.99960274,0.1741108,0,0.9482644
8074,Pass,0,0.9987663,0.04293922,0,0.9880482
8075,Pass,0,0.9999541,0.23229294,0,0.930578
8076,Pass,0,0.99999833,0.13583821,0,0.96049374
8077,Pass,0,0.983547,0.25490758,0,0.90842015
8078,Pass,0,0.99997663,0.13523167,0,0.96066076
8079,Pass,0,0.9152964,0.31235206,0,0.8290977
8080,Pass,0,0.9999974,0.15852843,0,0.9534651
8081,Pass,0,0.99992776,0.04338306,0,0.98905975
8082,Pass,0,0.5242265,0.7737258,0,0.3999452
8083,Pass,0,0.99998426,0.18356852,0,0.9456971
8084,Pass,0,0.99996734,0.08078963,0,0.97751343
8085,Pass,0,0.9999268,0.13130595,0,0.9618287
8086,Pass,0,0.99993193,0.14456202,0,0.95772815
8087,Pass,0,0.99999964,0.09772881,0,0.9722985
8088,Pass,0,0.999181,0.13514985,0,0.9599217
8089,Pass,0,0.9999945,0.107685655,0,0.9692097
8090,Pass,0,0.535068,2.5748956,0,0.10971773
8091,Pass,0,0.9999994,0.07741618,0,0.97858965
8092,Pass,0,0.9999826,0.21047977,0,0.9373605
8093,Pass,0,0.99986625,0.070374094,0,0.9806402
8094,Pass,0,0.9999616,0.17281367,0,0.9490067
8095,Pass,0,0.9999999,0.06377805,0,0.9828142
8096,Pass,0,0.999969,0.08066253,0,0.9775545
8097,Pass,0,0.99990535,0.3213138,0,0.9029631
8098,Pass,0,0.8236468,0.92183435,0,0.590597
8099,Pass,0,0.9999976,0.18743345,0,0.94451267
8100,Pass,0,0.9915765,0.19731137,0,0.93352515
8101,Pass,0,0.999984,0.1358374,0,0.9604803
8102,Pass,0,0.99998736,0.21158381,0,0.93702304
8103,Pass,0,0.90921575,0.93782926,0,0.64745
8104,Pass,0,0.9999311,0.028214691,0,0.99376076
8105,Pass,0,0.98466563,0.47997466,0,0.8408129
8106,Pass,0,0.99991524,0.10600575,0,0.96965307
8107,Pass,0,0.9997596,0.25839767,0,0.92231363
8108,Pass,0,0.9874184,0.4382564,0,0.8559222
8109,Pass,0,0.9999938,0.21464534,0,0.9360809
8110,Pass,0,0.9981371,0.16008557,0,0.95120996
8111,Pass,0,0.9999515,0.14482209,0,0.95766634
8112,Pass,0,0.9821401,0.664412,0,0.7825514
8113,Pass,0,0.9999182,0.07501813,0,0.9792529
8114,Pass,0,0.9999267,0.17182718,0,0.949279
8115,Pass,0,0.9992623,0.10576868,0,0.96909326
8116,Pass,0,0.9998574,0.30788395,0,0.90707886
8117,Pass,0,0.9999273,0.061958198,0,0.98330647
8118,Pass,0,0.9999877,0.07857335,0,0.9782198
8119,Pass,0,0.9992623,0.10576868,0,0.96909326
8120,Pass,0,1.0,0.080006,0,0.9777881
8121,Pass,0,0.9999826,0.023666577,0,0.9952206
8122,Pass,0,0.99998736,0.20024747,0,0.94053423
8123,Pass,0,0.9999733,0.15856361,0,0.95343125
8124,Pass,0,0.9999925,0.18168576,0,0.94628805
8125,Pass,0,0.9999999,0.050234947,0,0.98700887
8126,Pass,0,0.9986299,0.06111154,0,0.98229253
8127,Pass,0,0.99999285,0.10684688,0,0.9694678
8128,Pass,0,0.99998045,0.13197123,0,0.9616743
8129,Pass,0,0.9143148,0.6879447,0,0.72184527
8130,Pass,0,0.9994443,0.059219312,0,0.98367935
8131,Pass,0,0.9998392,0.109671004,0,0.9684443
8132,Pass,0,0.99999905,0.17753038,0,0.9475813
8133,Pass,0,0.9990717,0.53151995,0,0.8371643
8134,Pass,0,0.6032222,0.91939884,0,0.43299627
8135,Pass,0,0.999889,0.09128764,0,0.97418576
8136,Pass,0,0.9998753,0.19782408,0,0.94117934
8137,Pass,0,0.9999963,0.18286858,0,0.9459253
8138,Pass,0,0.99999595,0.027581269,0,0.9940214
8139,Pass,0,0.99929893,0.1258238,0,0.96292156
8140,Pass,0,0.9999695,0.13940357,0,0.9593618
8141,Pass,0,0.9984351,0.28232434,0,0.91369253
8142,Pass,0,0.9999907,0.09005177,0,0.9746676
8143,Pass,0,0.9999889,0.107000396,0,0.9694165
8144,Pass,0,0.99996555,0.08763005,0,0.9753931
8145,Pass,0,0.99899083,0.121311665,0,0.9640208
8146,Pass,0,0.9999287,0.13679914,0,0.9601293
8147,Pass,0,0.9917847,0.21944097,0,0.92692333
8148,Pass,0,0.9997465,0.26001054,0,0.92180216
8149,Pass,0,0.9992513,0.21295229,0,0.9359098
8150,Pass,0,0.9999981,0.17675321,0,0.9478211
8151,Pass,0,0.99954754,0.7932153,0,0.75654554
8152,Pass,0,0.999982,0.13418135,0,0.96099126
8153,Pass,0,0.8924481,0.4061879,0,0.7824635
8154,Pass,0,0.99999917,0.080112614,0,0.97775424
8155,Pass,0,0.9999951,0.068846256,0,0.9812398
8156,Pass,0,0.99999976,0.031858567,0,0.9927004
8157,Pass,0,0.99987686,0.13106652,0,0.9618549
8158,Pass,0,0.99608046,0.4660512,0,0.85485566
8159,Pass,0,0.9941275,0.20913403,0,0.9322865
8160,Pass,0,0.99998033,0.0561753,0,0.98514974
8161,Pass,0,0.9999666,0.10589471,0,0.9697373
8162,Pass,0,0.9999969,0.04368329,0,0.9890352
8163,Pass,0,0.999783,0.2956426,0,0.91080195
8164,Pass,0,0.9975898,0.21969754,0,0.9322695
8165,Pass,0,0.73611444,1.342382,0,0.43194926
8166,Pass,0,0.99989486,0.11650048,0,0.96638316
8167,Pass,0,0.99999976,0.050022844,0,0.98707443
8168,Pass,0,0.9999646,0.042109046,0,0.98949075
8169,Pass,0,0.9998431,0.082404435,0,0.97689193
8170,Pass,0,0.9998454,0.1286774,0,0.9625644
8171,Pass,0,0.9999516,0.024269264,0,0.9950031
8172,Pass,0,0.99999964,0.09115191,0,0.97433555
8173,Pass,0,0.99748766,0.1963232,0,0.93939555
8174,Pass,0,0.99985003,0.055613853,0,0.9851952
8175,Pass,0,0.99994993,0.077016324,0,0.9786651
8176,Pass,0,0.99997723,0.2113558,0,0.9370842
8177,Pass,0,0.99992657,0.23561397,0,0.9295239
8178,Pass,0,0.99999833,0.05784782,0,0.9846494
8179,Pass,0,0.99993443,0.03281063,0,0.9923407
8180,Pass,0,0.99976116,0.053836692,0,0.985658
8181,Pass,0,0.99997723,0.068156935,0,0.9814357
8182,Pass,0,0.99996185,0.09719172,0,0.97242814
8183,Pass,0,0.99999785,0.07717396,0,0.97866315
8184,Pass,0,0.99998987,0.12496837,0,0.9638523
8185,Pass,0,0.99988127,0.020398093,0,0.99613196
8186,Pass,0,0.99981827,0.020223204,0,0.9961234
8187,Pass,0,0.99969983,0.11811663,0,0.96569425
8188,Pass,0,0.9995265,0.27385896,0,0.917312
8189,Pass,0,0.9985171,0.3646859,0,0.8882958
8190,Pass,0,0.99552083,0.24422039,0,0.9227746
8191,Pass,0,0.99992776,0.04338306,0,0.98905975
8192,Pass,0,0.99796414,0.14725362,0,0.9550115
8193,Pass,0,0.99994826,0.23330085,0,0.9302604
8194,Pass,0,0.9997733,0.093753755,0,0.9733094
8195,Pass,0,0.9999963,0.28008127,0,0.915816
8196,Pass,0,0.99976903,0.4288295,0,0.86954725
8197,Pass,0,0.9999871,0.060958166,0,0.98367506
8198,Pass,0,0.99966145,0.18399902,0,0.94525856
8199,Pass,0,0.9999914,0.09392521,0,0.9734686
8200,Pass,0,0.99678016,0.3858035,0,0.880231
8201,Pass,0,0.99999654,0.20764594,0,0.9382514
8202,Pass,0,0.99999666,0.12158444,0,0.96490693
8203,Pass,0,0.99973685,0.13775156,0,0.95965016
8204,Pass,0,0.99998176,0.07840236,0,0.97826695
8205,Pass,0,1.0,0.088749394,0,0.97508
8206,Pass,0,0.99694294,0.42738527,0,0.8675352
8207,Pass,0,0.9999652,0.24178378,0,0.92764884
8208,Pass,0,0.9998454,0.17398126,0,0.9485347
8209,Pass,0,0.9995826,0.14634362,0,0.95684195
8210,Pass,0,0.9999168,0.13249849,0,0.9614498
8211,Pass,0,0.9752457,0.3071769,0,0.88496447
8212,Pass,0,0.99999976,0.08478174,0,0.9763087
8213,Pass,0,0.99984133,0.09799671,0,0.97206163
8214,Pass,0,0.9999323,0.63920826,0,0.80453366
8215,Pass,0,0.994249,0.24459687,0,0.9214798
8216,Pass,0,0.9992725,0.38061327,0,0.8840383
8217,Pass,0,1.0,0.022916844,0,0.99547017
8218,Pass,0,0.99999833,0.037840936,0,0.9908461
8219,Pass,0,0.99986804,0.29375485,0,0.91146404
8220,Pass,0,0.99615896,0.19892064,0,0.9373428
8221,Pass,0,0.9997323,0.077663325,0,0.9782517
8222,Pass,0,0.99988854,0.21688381,0,0.9352891
8223,Pass,0,0.9997117,0.062346093,0,0.98297435
8224,Pass,0,0.9994973,0.33783454,0,0.8974803
8225,Pass,0,0.9999838,0.07769067,0,0.97848934
8226,Pass,0,0.885808,0.23628761,0,0.82325536
8227,Pass,0,0.9999999,0.058432356,0,0.9844699
8228,Pass,0,0.9802658,0.39573354,0,0.86263275
8229,Pass,0,0.9994992,0.1722848,0,0.94873154
8230,Pass,0,0.99999785,0.084848106,0,0.9762863
8231,Pass,0,0.99989045,0.20966256,0,0.9375273
8232,Pass,0,0.9999975,0.15112114,0,0.95575947
8233,Pass,0,0.99999917,0.12318508,0,0.9644135
8234,Pass,0,0.99997234,0.017376723,0,0.99715847
8235,Pass,0,0.99999845,0.15647466,0,0.9541022
8236,Pass,0,0.99999857,0.14923115,0,0.95634586
8237,Pass,0,0.9999987,0.115303695,0,0.9668542
8238,Pass,0,0.9963497,0.06612727,0,0.9785018
8239,Pass,0,0.9999614,0.07389219,0,0.9796439
8240,Pass,0,0.9998789,0.090922326,0,0.974289
8241,Pass,0,0.99999344,0.071392514,0,0.9804495
8242,Pass,0,0.9999931,0.14475891,0,0.95772576
8243,Pass,0,0.9999999,0.07541019,0,0.97921145
8244,Pass,0,0.9999951,0.09846282,0,0.97206676
8245,Pass,0,0.99999976,0.0760109,0,0.97902524
8246,Pass,0,0.9999503,0.16482413,0,0.9514703
8247,Pass,0,0.9999968,0.20764455,0,0.938252
8248,Pass,0,0.99984133,0.09799671,0,0.97206163
8249,Pass,0,0.9999759,0.21338212,0,0.93645537
8250,Pass,0,0.99969983,0.11811663,0,0.96569425
8251,Pass,0,0.99996805,0.19787458,0,0.9412509
8252,Pass,0,0.9998147,0.082819894,0,0.97673553
8253,Pass,0,0.99995244,0.0635721,0,0.98283136
8254,Pass,0,0.9999758,0.11805201,0,0.9659809
8255,Pass,0,0.99835485,0.17020774,0,0.94828755
8256,Pass,0,0.9999893,0.18013069,0,0.9467667
8257,Pass,0,0.9706609,0.4922785,0,0.8251552
8258,Pass,0,0.9999223,0.38901672,0,0.88201064
8259,Pass,0,0.48952043,0.8834353,0,0.3568332
8260,Pass,0,0.9997247,0.10411299,0,0.9700544
8261,Pass,0,0.9999659,0.15307392,0,0.95512444
8262,Pass,0,0.99987125,0.35209465,0,0.8933999
8263,Pass,0,1.0,0.0315595,0,0.99279326
8264,Pass,0,0.99999046,0.07978385,0,0.9778476
8265,Pass,0,0.9971957,0.033388425,0,0.9894444
8266,Pass,0,1.0,0.06788687,0,0.9815417
8267,Pass,0,0.9999565,0.10879072,0,0.9688305
8268,Pass,0,0.99996996,0.2816639,0,0.91530174
8269,Pass,0,0.99995637,0.03021646,0,0.9931659
8270,Pass,0,0.99984825,0.30797747,0,0.90704155
8271,Pass,0,0.9995461,0.066124715,0,0.9816417
8272,Pass,0,0.9998872,0.30657598,0,0.90751094
8273,Pass,0,0.9999759,0.30563945,0,0.9078815
8274,Pass,0,0.9999938,0.07077026,0,0.98064256
8275,Pass,0,0.9999851,0.18434066,0,0.94545877
8276,Pass,0,0.99995816,0.19317208,0,0.94269806
8277,Pass,0,0.9999999,0.061991464,0,0.98336756
8278,Pass,0,0.9994604,0.26421553,0,0.92023665
8279,Pass,0,0.9999138,0.22134982,0,0.9339296
8280,Pass,0,0.99963653,0.42069694,0,0.8719499
8281,Pass,0,0.99999106,0.1585743,0,0.95344484
8282,Pass,0,0.9999796,0.10214924,0,0.97090995
8283,Pass,0,0.9999163,0.19688495,0,0.94150877
8284,Pass,0,0.99808985,0.30019563,0,0.907852
8285,Pass,0,0.99996245,0.02443941,0,0.9949612
8286,Pass,0,0.99999034,0.065986276,0,0.98212093
8287,Pass,0,0.99998045,0.11541913,0,0.9668008
8288,Pass,0,0.9999633,0.020639693,0,0.9961388
8289,Pass,0,0.99995434,0.021146517,0,0.995973
8290,Pass,0,0.9999906,0.024600029,0,0.99493945
8291,Pass,0,0.99999845,0.04085527,0,0.98991257
8292,Pass,0,0.99779737,0.30554304,0,0.9059334
8293,Pass,0,0.99961096,0.043154534,0,0.9888171
8294,Pass,0,0.99953246,0.14485222,0,0.9572557
8295,Pass,0,0.99724424,0.059281956,0,0.98149467
8296,Pass,0,0.9999931,0.08047576,0,0.97763586
8297,Pass,0,0.9998535,0.18430799,0,0.94534445
8298,Pass,0,0.99974245,0.09158546,0,0.9739507
8299,Pass,0,0.99999535,0.1473991,0,0.9569102
8300,Pass,0,0.9999844,0.108807474,0,0.96885234
8301,Pass,0,0.99999785,0.05172436,0,0.98654556
8302,Pass,0,0.9977435,0.19867806,0,0.9389087
8303,Pass,0,0.9953506,0.39094952,0,0.87738216
8304,Pass,0,0.99998856,0.1597944,0,0.95306456
8305,Pass,0,0.9987576,0.05373342,0,0.9847005
8306,Pass,0,0.9992482,0.36951298,0,0.8874523
8307,Pass,0,0.9999645,0.018650843,0,0.996756
8308,Pass,0,0.9993843,0.056774803,0,0.98437697
8309,Pass,0,0.999471,0.20383,0,0.9389396
8310,Pass,0,0.99998415,0.2037933,0,0.9394329
8311,Pass,0,0.9999498,0.3671472,0,0.8888082
8312,Pass,0,0.99997354,0.13764775,0,0.9599095
8313,Pass,0,0.9996984,0.062306,0,0.98297375
8314,Pass,0,0.89369565,0.97879153,0,0.6250597
8315,Pass,0,0.99963164,0.15877898,0,0.9530388
8316,Pass,0,0.99778926,0.4103325,0,0.8735417
8317,Pass,0,0.99979895,0.32544854,0,0.90158665
8318,Pass,0,0.9998035,0.052310836,0,0.9861722
8319,Pass,0,0.99698764,0.2109286,0,0.93441457
8320,Pass,0,0.99806863,0.15720992,0,0.9520337
8321,Pass,0,0.9999043,0.053105243,0,0.9860256
8322,Pass,0,0.99952793,0.08907943,0,0.9745175
8323,Pass,0,0.99999964,0.09115191,0,0.97433555
8324,Pass,0,0.99721044,0.19606194,0,0.9392151
8325,Pass,0,0.9998635,0.06764894,0,0.98148143
8326,Pass,0,0.9955331,0.34283268,0,0.8923796
8327,Pass,0,0.9997814,0.34330383,0,0.89604175
8328,Pass,0,0.9999808,0.15590426,0,0.9542621
8329,Pass,0,0.9997969,0.21116468,0,0.9369744
8330,Pass,0,0.99982446,0.06862118,0,0.98114204
8331,Pass,0,0.9999485,0.11613812,0,0.96654725
8332,Pass,0,0.999838,0.10834793,0,0.9688528
8333,Pass,0,0.9996935,0.10266246,0,0.97047323
8334,Pass,0,0.9999975,0.11490771,0,0.9669756
8335,Pass,0,0.9998903,0.08860536,0,0.9750177
8336,Pass,0,0.9999881,0.2447278,0,0.9267583
8337,Pass,0,0.99999785,0.04367102,0,0.9890399
8338,Pass,0,0.99872917,0.0697769,0,0.9797097
8339,Pass,0,0.9994823,0.17559306,0,0.9476913
8340,Pass,0,0.9999536,0.099266015,0,0.9717777
8341,Pass,0,0.9999999,0.12797305,0,0.9629313
8342,Pass,0,0.9957266,0.119189985,0,0.96152514
8343,Pass,0,0.9999994,0.082346484,0,0.9770626
8344,Pass,0,0.99990034,0.18455638,0,0.9453118
8345,Pass,0,0.99997604,0.10939028,0,0.9686638
8346,Pass,0,0.8804455,0.473557,0,0.7535687
8347,Pass,0,0.5330647,0.67573494,0,0.42286682
8348,Pass,0,0.9999857,0.069962196,0,0.9808849
8349,Pass,0,0.9999341,0.026680255,0,0.994239
8350,Pass,0,0.99973136,0.018509828,0,0.9965673
8351,Pass,0,0.9977843,0.16061255,0,0.95071095
8352,Pass,0,0.99999714,0.051169522,0,0.98671675
8353,Pass,0,0.9996171,0.4359579,0,0.86720806
8354,Pass,0,0.999974,0.3937849,0,0.8805795
8355,Pass,0,0.9999778,0.09982869,0,0.97162694
8356,Pass,0,0.9974776,0.25309998,0,0.9218451
8357,Pass,0,0.9999138,0.22134982,0,0.9339296
8358,Pass,0,0.9742983,0.30700785,0,0.88415575
8359,Pass,0,1.0,0.07233495,0,0.98016405
8360,Pass,0,0.9962167,0.31176624,0,0.90257806
8361,Pass,0,0.99871016,0.27371454,0,0.91660756
8362,Pass,0,0.999946,0.17029457,0,0.949772
8363,Pass,0,0.99999976,0.07216617,0,0.9802161
8364,Pass,0,0.99997187,0.19819401,0,0.9411556
8365,Pass,0,0.9996245,0.20394656,0,0.93904763
8366,Pass,0,0.9999151,0.082700446,0,0.97687066
8367,Pass,0,0.99920076,0.48236543,0,0.8524847
8368,Pass,0,0.9999857,0.069962196,0,0.9808849
8369,Pass,0,0.99999976,0.04818049,0,0.9876451
8370,Pass,0,0.9991536,0.19383478,0,0.9417345
8371,Pass,0,0.9997422,0.18787135,0,0.9441359
8372,Pass,0,0.999997,0.14382628,0,0.95801836
8373,Pass,0,0.99999917,0.06704256,0,0.9818024
8374,Pass,0,0.998171,0.22139788,0,0.9322869
8375,Pass,0,0.99999964,0.0737199,0,0.9797347
8376,Pass,0,0.9926581,0.044346046,0,0.98157305
8377,Pass,0,0.6972062,0.7303438,0,0.54128367
8378,Pass,0,0.7327047,1.1730142,0,0.46838447
8379,Pass,0,0.91644895,0.3348438,0,0.8237574
8380,Pass,0,0.99990106,0.23202662,0,0.93061113
8381,Pass,0,0.9999447,0.079729974,0,0.9778195
8382,Pass,0,0.99990106,0.23202662,0,0.93061113
8383,Pass,0,0.99382377,0.29333156,0,0.9060845
8384,Pass,0,0.9981875,0.6884089,0,0.7879187
8385,Pass,0,0.9997613,0.040338784,0,0.98983777
8386,Pass,0,0.9998202,0.19987027,0,0.94049376
8387,Pass,0,0.99973875,0.038519867,0,0.9903787
8388,Pass,0,0.9999548,0.24532612,0,0.92654216
8389,Pass,0,0.9997135,0.14215042,0,0.95826566
8390,Pass,0,0.9999802,0.31879514,0,0.9038108
8391,Pass,0,0.998914,0.2672555,0,0.91879296
8392,Pass,0,0.9997093,0.3178523,0,0.9038579
8393,Pass,0,0.999734,0.08777278,0,0.97512305
8394,Pass,0,0.999892,0.12700781,0,0.96312636
8395,Pass,0,0.9966973,0.14935756,0,0.9531497
8396,Pass,0,0.9996326,0.2064973,0,0.93826544
8397,Pass,0,0.8229649,0.6843027,0,0.6506535
8398,Pass,0,0.9921171,0.16865003,0,0.9428413
8399,Pass,0,0.99997723,0.068156935,0,0.9814357
8400,Pass,0,0.9999912,0.06484509,0,0.9824752
8401,Pass,0,0.9999889,0.053365957,0,0.9860283
8402,Pass,0,0.99999964,0.14708546,0,0.95701146
8403,Pass,0,0.98774916,0.28018862,0,0.904567
8404,Pass,0,0.9996131,0.05129248,0,0.9862997
8405,Pass,0,0.99998665,0.16398032,0,0.9517663
8406,Pass,0,0.99563015,0.033877216,0,0.9877402
8407,Pass,0,0.9966973,0.14935756,0,0.9531497
8408,Pass,0,0.9997633,0.15686926,0,0.9537557
8409,Pass,0,0.7902181,0.7240575,0,0.6150331
8410,Pass,0,0.9890342,0.51760525,0,0.83301586
8411,Pass,0,0.9996357,0.28245372,0,0.91475123
8412,Pass,0,0.99976903,0.4288295,0,0.86954725
8413,Pass,0,0.9999994,0.19546394,0,0.94202715
8414,Pass,0,0.9999993,0.101371706,0,0.9711698
8415,Pass,0,0.99992454,0.13899282,0,0.9594459
8416,Pass,0,0.99825424,0.11699677,0,0.9646441
8417,Pass,0,0.99872106,0.17036591,0,0.94858646
8418,Pass,0,0.9999821,0.12179346,0,0.9648282
8419,Pass,0,0.9985316,0.18013546,0,0.94538504
8420,Pass,0,0.9999155,0.068164036,0,0.9813729
8421,Pass,0,0.99999976,0.11285267,0,0.96761435
8422,Pass,0,0.99998915,0.082471125,0,0.97701395
8423,Pass,0,0.42233965,0.9052798,0,0.3050047
8424,Pass,0,0.9999999,0.045976557,0,0.9883278
8425,Pass,0,0.99982506,0.220026,0,0.9342567
8426,Pass,0,0.9999875,0.07254896,0,0.98008543
8427,Pass,0,0.997806,0.18715413,0,0.94252896
8428,Pass,0,0.9999982,0.20211959,0,0.9399646
8429,Pass,0,0.9999975,0.031661298,0,0.9927592
8430,Pass,0,0.99999404,0.031750638,0,0.9927282
8431,Pass,0,0.9785348,0.48782334,0,0.833199
8432,Pass,0,0.99999964,0.08931411,0,0.9749048
8433,Pass,0,0.99998033,0.058729798,0,0.98435855
8434,Pass,0,0.99968755,0.06675445,0,0.9815857
8435,Pass,0,0.90155494,0.7255525,0,0.70127004
8436,Pass,0,0.99965036,0.11830366,0,0.96558857
8437,Pass,0,0.9999901,0.12518594,0,0.9637851
8438,Pass,0,0.9999999,0.047904566,0,0.9877307
8439,Pass,0,0.99990535,0.20847549,0,0.9379088
8440,Pass,0,0.9602818,0.5423566,0,0.80143744
8441,Pass,0,0.99999726,0.0747417,0,0.9794159
8442,Pass,0,0.99997807,0.032784425,0,0.9923921
8443,Pass,0,0.9998598,0.08803577,0,0.97516435
8444,Pass,0,0.99997854,0.060644183,0,0.9837639
8445,Pass,0,0.99999964,0.059429154,0,0.98416096
8446,Pass,0,0.9999994,0.084826045,0,0.9762946
8447,Pass,0,0.9997806,0.263268,0,0.9208249
8448,Pass,0,0.9937738,0.2991412,0,0.90425074
8449,Pass,0,0.99999154,0.060801513,0,0.9837279
8450,Pass,0,0.9817068,0.34502104,0,0.8793205
8451,Pass,0,0.9999995,0.088063195,0,0.9752921
8452,Pass,0,0.99980754,0.16427709,0,0.95150393
8453,Pass,0,0.99994993,0.077016324,0,0.9786651
8454,Pass,0,0.99999845,0.09816707,0,0.97216165
8455,Pass,0,0.99694294,0.42738527,0,0.8675352
8456,Pass,0,0.99987495,0.041493036,0,0.98959285
8457,Pass,0,0.99999344,0.11005289,0,0.9684754
8458,Pass,0,0.9999641,0.11738944,0,0.9661747
8459,Pass,0,0.9999887,0.08932061,0,0.9748921
8460,Pass,0,0.9990964,0.18875344,0,0.943253
8461,Pass,0,0.9989531,0.26752308,0,0.9187462
8462,Pass,0,0.9994086,0.29635203,0,0.9102413
8463,Pass,0,0.99991477,0.19271883,0,0.94279754
8464,Pass,0,0.9999764,0.21288005,0,0.93661135
8465,Pass,0,0.9162225,0.3114983,0,0.83017886
8466,Pass,0,0.9821278,0.23212622,0,0.91403925
8467,Pass,0,0.99998355,0.14425589,0,0.95787245
8468,Pass,0,0.9999883,0.10348153,0,0.9705058
8469,Pass,0,0.99798834,0.2770102,0,0.91492635
8470,Pass,0,0.99796414,0.14725362,0,0.9550115
8471,Pass,0,0.99996495,0.07167281,0,0.98033476
8472,Pass,0,0.9998204,0.35789865,0,0.8915571
8473,Pass,0,0.9828346,0.47485754,0,0.84080714
8474,Pass,0,0.9999887,0.11823019,0,0.9659381
8475,Pass,0,0.99862874,0.27382478,0,0.9164987
8476,Pass,0,0.99744844,0.24614196,0,0.9239678
8477,Pass,0,0.9987379,0.12882681,0,0.961452
8478,Pass,0,0.99972516,0.06370913,0,0.9825655
8479,Pass,0,0.99999404,0.12217016,0,0.964723
8480,Pass,0,0.99617565,0.20251507,0,0.9362495
8481,Pass,0,0.99991536,0.30675733,0,0.9074803
8482,Pass,0,0.9999999,0.083835565,0,0.97660184
8483,Pass,0,0.9928999,0.11537021,0,0.95997024
8484,Pass,0,0.9977428,0.2313358,0,0.9288159
8485,Pass,0,0.9999887,0.1255982,0,0.96365607
8486,Pass,0,0.9998903,0.08860536,0,0.9750177
8487,Pass,0,0.9999993,0.101371706,0,0.9711698
8488,Pass,0,0.9999436,0.024721462,0,0.9948551
8489,Pass,0,0.99648947,0.31725147,0,0.9011322
8490,Pass,0,0.9999838,0.07769067,0,0.97848934
8491,Pass,0,0.99968755,0.06675445,0,0.9815857
8492,Pass,0,0.99999726,0.19013327,0,0.9436762
8493,Pass,0,0.9967186,0.3066281,0,0.9046189
8494,Pass,0,0.99962556,0.039386153,0,0.98999834
8495,Pass,0,0.9999999,0.043723613,0,0.9890256
8496,Pass,0,0.99999833,0.05262182,0,0.98626804
8497,Pass,0,0.99987745,0.025045501,0,0.9946889
8498,Pass,0,0.99996185,0.09719172,0,0.97242814
8499,Pass,0,0.99955696,0.17995486,0,0.9464117
8500,Pass,0,0.825919,1.3091854,0,0.49313822
8501,Pass,0,0.9996438,0.06126482,0,0.9832424
8502,Pass,0,0.9979323,0.16203512,0,0.9504123
8503,Pass,0,0.9996896,0.019967074,0,0.9960745
8504,Pass,0,0.99977547,0.1663709,0,0.95082504
8505,Pass,0,0.998899,0.28983197,0,0.91179436
8506,Pass,0,0.9999994,0.04779912,0,0.9877628
8507,Pass,0,0.9963186,0.3129647,0,0.9023005
8508,Pass,0,0.99788433,0.25577262,0,0.92139494
8509,Pass,0,0.99997914,0.097215936,0,0.97243744
8510,Pass,0,0.999984,0.1358374,0,0.9604803
8511,Pass,0,0.9957937,0.22905649,0,0.92770445
8512,Pass,0,0.9999994,0.049150147,0,0.9873444
8513,Pass,0,0.9999939,0.12004147,0,0.9653822
8514,Pass,0,0.9993648,0.11835325,0,0.96529734
8515,Pass,0,0.99999344,0.052070707,0,0.9864339
8516,Pass,0,0.9997726,0.02123449,0,0.99576473
8517,Pass,0,0.99997556,0.12676801,0,0.9632811
8518,Pass,0,0.9990988,0.038062923,0,0.98988605
8519,Pass,0,0.99999976,0.0633097,0,0.98295915
8520,Pass,0,0.9999821,0.12179346,0,0.9648282
8521,Pass,0,0.9999995,0.0755162,0,0.97917825
8522,Pass,0,0.9980805,0.2468112,0,0.9243463
8523,Pass,0,0.9999924,0.13370033,0,0.96115017
8524,Pass,0,0.99161655,0.048887476,0,0.97914827
8525,Pass,0,0.9997435,0.70025253,0,0.78547955
8526,Pass,0,0.99888927,0.177123,0,0.9466557
8527,Pass,0,0.99976844,0.05127681,0,0.9864578
8528,Pass,0,0.999998,0.12627302,0,0.963456
8529,Pass,0,0.9998222,0.26802328,0,0.9193906
8530,Pass,0,0.63381153,0.8051641,0,0.47737873
8531,Pass,0,0.9999974,0.10433958,0,0.97024876
8532,Pass,0,0.99997985,0.093322895,0,0.9736439
8533,Pass,0,0.9999974,0.18649621,0,0.9448027
8534,Pass,0,0.9998745,0.29903916,0,0.90983343
8535,Pass,0,0.99974924,0.22056578,0,0.93401873
8536,Pass,0,0.9999844,0.010246112,0,0.999379
8537,Pass,0,0.9999536,0.11558641,0,0.9667231
8538,Pass,0,0.99997556,0.2061943,0,0.93868124
8539,Pass,0,0.9887121,0.24892765,0,0.9150219
8540,Pass,0,0.99996495,0.07167281,0,0.98033476
8541,Pass,0,0.9999993,0.053132687,0,0.98611075
8542,Pass,0,0.99962497,0.10488012,0,0.96972007
8543,Pass,0,0.99994314,0.17169212,0,0.94933647
8544,Pass,0,0.99994063,0.024979416,0,0.99477226
8545,Pass,0,0.9999833,0.12827104,0,0.96282303
8546,Pass,0,0.99981624,0.04534325,0,0.9883424
8547,Pass,0,0.9977702,0.27520913,0,0.915283
8548,Pass,0,0.99973434,0.2806877,0,0.91538835
8549,Pass,0,0.999966,0.095693946,0,0.97289604
8550,Pass,0,0.99703836,0.19170904,0,0.9403973
8551,Pass,0,0.9975528,0.2571679,0,0.92065775
8552,Pass,0,0.99997723,0.1387036,0,0.959586
8553,Pass,0,0.9999641,0.23394878,0,0.9300745
8554,Pass,0,0.9999441,0.042287096,0,0.98941535
8555,Pass,0,0.9866377,0.40843564,0,0.86435837
8556,Pass,0,0.99996614,0.18526435,0,0.9451547
8557,Pass,0,0.9997565,0.17718428,0,0.9474586
8558,Pass,0,0.99996674,0.033911746,0,0.9920317
8559,Pass,0,0.999869,0.1981038,0,0.9410867
8560,Pass,0,0.9999889,0.053365957,0,0.9860283
8561,Pass,0,0.9821278,0.23212622,0,0.91403925
8562,Pass,0,0.99990916,0.1367605,0,0.9601225
8563,Pass,0,0.9999895,0.11369382,0,0.9673439
8564,Pass,0,0.99891126,0.06621312,0,0.98099095
8565,Pass,0,0.9999831,0.21100801,0,0.9371974
8566,Pass,0,0.9992182,0.42138708,0,0.87137145
8567,Pass,0,0.9999995,0.10566297,0,0.96984094
8568,Pass,0,0.9999987,0.12028546,0,0.9653112
8569,Pass,0,0.9999956,0.13769834,0,0.959915
8570,Pass,0,0.980055,0.58098346,0,0.80621475
8571,Pass,0,0.99983513,0.028639479,0,0.99353385
8572,Pass,0,0.99979323,0.11518797,0,0.9666914
8573,Pass,0,0.9996245,0.28698766,0,0.91333723
8574,Pass,0,0.9997669,0.041290555,0,0.98954856
8575,Pass,0,0.9999995,0.052843392,0,0.98620063
8576,Pass,0,0.997482,0.26197734,0,0.9191065
8577,Pass,0,0.9999974,0.12152927,0,0.9649247
8578,Pass,0,0.9999999,0.08896899,0,0.9750119
8579,Pass,0,0.99998355,0.1583652,0,0.9535025
8580,Pass,0,0.9991399,0.32623824,0,0.90074795
8581,Pass,0,0.99999595,0.12831238,0,0.96282244
8582,Pass,0,0.9999926,0.10417944,0,0.97029376
8583,Pass,0,0.99996257,0.26282567,0,0.92112947
8584,Pass,0,0.99981624,0.04534325,0,0.9883424
8585,Pass,0,0.99981374,0.07034643,0,0.98059726
8586,Pass,0,0.9999999,0.11424264,0,0.96718395
8587,Pass,0,0.99998236,0.08127869,0,0.9773767
8588,Pass,0,0.9999654,0.17335951,0,0.9488412
8589,Pass,0,0.99987316,0.08107939,0,0.97733164
8590,Pass,0,0.9999114,0.2708298,0,0.9186035
8591,Pass,0,0.96862227,0.56446016,0,0.801767
8592,Pass,0,0.99996674,0.033911746,0,0.9920317
8593,Pass,0,0.9946408,0.3353695,0,0.89387894
8594,Pass,0,0.9999957,0.07250596,0,0.98010683
8595,Pass,0,0.999969,0.17655465,0,0.947855
8596,Pass,0,0.9999641,0.03493069,0,0.9917135
8597,Pass,0,0.8505143,0.41841516,0,0.7424766
8598,Pass,0,0.9998492,0.2454379,0,0.92640966
8599,Pass,0,0.99995303,0.029582197,0,0.993359
8600,Pass,0,0.9999993,0.05489779,0,0.98556405
8601,Pass,0,0.99926704,0.27428594,0,0.9169418
8602,Pass,0,0.99918777,0.3355745,0,0.8979018
8603,Pass,0,0.9999888,0.12655063,0,0.9633612
8604,Pass,0,0.9999889,0.14320034,0,0.9582045
8605,Pass,0,0.9806887,0.1296354,0,0.943831
8606,Pass,0,0.99996495,0.07167281,0,0.98033476
8607,Pass,0,0.99996114,0.063766174,0,0.9827798
8608,Pass,0,0.9999976,0.16273892,0,0.95216125
8609,Pass,0,0.999471,0.20383,0,0.9389396
8610,Pass,0,0.9998204,0.05554958,0,0.9851859
8611,Pass,0,0.99992,0.1537689,0,0.95486534
8612,Pass,0,0.9999999,0.051560733,0,0.98659825
8613,Pass,0,0.99828726,0.22629595,0,0.9308811
8614,Pass,0,0.9961002,0.19822097,0,0.93750334
8615,Pass,0,0.9949675,0.092936836,0,0.96888256
8616,Pass,0,0.99999,0.10406971,0,0.97032523
8617,Pass,0,0.99999845,0.09816707,0,0.97216165
8618,Pass,0,0.99999475,0.23647565,0,0.92932034
8619,Pass,0,1.0,0.04500151,0,0.98862994
8620,Pass,0,0.9981098,0.03557875,0,0.9896742
8621,Pass,0,0.63277173,0.32062167,0,0.57155925
8622,Pass,0,0.99993026,0.21076953,0,0.9372217
8623,Pass,0,0.9999497,0.066831954,0,0.98181903
8624,Pass,0,0.99998033,0.058729798,0,0.98435855
8625,Pass,0,0.999987,0.124261074,0,0.9640686
8626,Pass,0,0.9957272,0.16839564,0,0.9463505
8627,Pass,0,0.9999809,0.10746219,0,0.9692657
8628,Pass,0,0.9997527,0.06629282,0,0.9817926
8629,Pass,0,0.99989986,0.20562595,0,0.9387862
8630,Pass,0,0.96428716,0.20887591,0,0.9043795
8631,Pass,0,0.999373,0.26681522,0,0.91935146
8632,Pass,0,0.9974049,0.39174157,0,0.87894833
8633,Pass,0,0.99995995,0.027047979,0,0.9941508
8634,Pass,0,0.9998859,0.12235009,0,0.96456295
8635,Pass,0,0.99985826,0.16552927,0,0.9511644
8636,Pass,0,0.999933,0.071078524,0,0.98048747
8637,Pass,0,0.99999917,0.048773643,0,0.98746073
8638,Pass,0,0.9999819,0.047415074,0,0.9878645
8639,Pass,0,0.9996376,0.052001834,0,0.98610425
8640,Pass,0,0.99814963,0.07352492,0,0.97798246
8641,Pass,0,0.99998033,0.08316233,0,0.9767913
8642,Pass,0,0.9999926,0.07164885,0,0.98036927
8643,Pass,0,0.9999964,0.055854794,0,0.98526484
8644,Pass,0,0.99694926,0.21845414,0,0.9320548
8645,Pass,0,0.99997497,0.16305807,0,0.9520408
8646,Pass,0,0.99981624,0.04534325,0,0.9883424
8647,Pass,0,0.99998283,0.21658629,0,0.93546945
8648,Pass,0,0.9999875,0.07254896,0,0.98008543
8649,Pass,0,0.98963165,0.5392926,0,0.8268716
8650,Pass,0,0.9989361,0.32000798,0,0.90249187
8651,Pass,0,0.9999304,0.0995013,0,0.97168225
8652,Pass,0,0.99988234,0.12473029,0,0.96382236
8653,Pass,0,0.99990475,0.024033997,0,0.99502933
8654,Pass,0,0.99847084,0.37819067,0,0.8840783
8655,Pass,0,0.9999778,0.08713974,0,0.97555697
8656,Pass,0,0.99987495,0.041493036,0,0.98959285
8657,Pass,0,0.99960023,0.24092036,0,0.9275776
8658,Pass,0,0.9998634,0.26134998,0,0.92149514
8659,Pass,0,0.99999964,0.08222765,0,0.97709966
8660,Pass,0,0.9999131,0.19575265,0,0.94185644
8661,Pass,0,0.9999765,0.17089443,0,0.94961524
8662,Pass,0,0.9995604,0.13695057,0,0.9597288
8663,Pass,0,0.9997863,0.054661218,0,0.98542744
8664,Pass,0,0.99999094,0.13586742,0,0.9604776
8665,Pass,0,0.99997187,0.06423878,0,0.98264396
8666,Pass,0,0.99999917,0.059993315,0,0.9839857
8667,Pass,0,0.99999297,0.08190924,0,0.97719175
8668,Pass,0,0.99833775,0.3028411,0,0.90725946
8669,Pass,0,0.99999416,0.016998222,0,0.99729747
8670,Pass,0,0.9999702,0.1556766,0,0.95432246
8671,Pass,0,0.99997747,0.1616266,0,0.9524865
8672,Pass,0,0.9973023,0.15244757,0,0.95277375
8673,Pass,0,0.9984366,0.18772319,0,0.9429487
8674,Pass,0,0.9999565,0.10879072,0,0.9688305
8675,Pass,0,0.9999325,0.13821913,0,0.9596932
8676,Pass,0,0.9999975,0.031661298,0,0.9927592
8677,Pass,0,0.9999733,0.14085457,0,0.958916
8678,Pass,0,0.999198,0.3685147,0,0.8877167
8679,Pass,0,0.9999938,0.07077026,0,0.98064256
8680,Pass,0,0.99961674,0.31742263,0,0.90390724
8681,Pass,0,0.99985313,0.13284822,0,0.9612802
8682,Pass,0,0.9978123,0.33186743,0,0.89781135
8683,Pass,0,0.99915826,0.26062,0,0.9210712
8684,Pass,0,0.9968971,0.15695208,0,0.9509958
8685,Pass,0,0.9999987,0.11862882,0,0.9658243
8686,Pass,0,0.99522924,0.6338041,0,0.8024155
8687,Pass,0,0.9999914,0.119520865,0,0.965541
8688,Pass,0,0.99997807,0.19006342,0,0.9436797
8689,Pass,0,0.99982315,0.17761584,0,0.9473882
8690,Pass,0,0.9999697,0.019854777,0,0.9963884
8691,Pass,0,0.99999976,0.093879364,0,0.9734909
8692,Pass,0,0.9999975,0.14859152,0,0.9565429
8693,Pass,0,0.9997497,0.24806705,0,0.9255034
8694,Pass,0,0.99784315,0.24067809,0,0.92602205
8695,Pass,0,0.99654204,0.39104065,0,0.8784043
8696,Pass,0,0.99996436,0.2820316,0,0.91518277
8697,Pass,0,0.9999945,0.110145256,0,0.96844786
8698,Pass,0,0.99987936,0.08744919,0,0.9753651
8699,Pass,0,0.9060985,0.6420763,0,0.7282312
8700,Pass,0,0.99847835,0.2444876,0,0.92543346
8701,Pass,0,0.99976665,0.04337019,0,0.9889044
8702,Pass,0,0.99996984,0.2839482,0,0.9145941
8703,Pass,0,0.9999703,0.12522326,0,0.9637545
8704,Pass,0,0.9999144,0.0849878,0,0.97616154
8705,Pass,0,0.99999523,0.07133248,0,0.9804699
8706,Pass,0,0.99984956,0.021788506,0,0.99566984
8707,Pass,0,0.9999664,0.12805118,0,0.9628748
8708,Pass,0,0.9999895,0.07416893,0,0.97958577
8709,Pass,0,0.8998096,0.5615777,0,0.7456114
8710,Pass,0,0.9998919,0.39775234,0,0.8792785
8711,Pass,0,0.99999464,0.16919486,0,0.9501588
8712,Pass,0,0.9999918,0.17518403,0,0.9483011
8713,Pass,0,0.99993277,0.13951258,0,0.9592928
8714,Pass,0,0.9999894,0.1391013,0,0.9594745
8715,Pass,0,0.99994874,0.045889873,0,0.98830414
8716,Pass,0,0.9997814,0.34330383,0,0.89604175
8717,Pass,0,0.99997663,0.12728864,0,0.9631209
8718,Pass,0,0.9999305,0.20874576,0,0.93784875
8719,Pass,0,0.9999993,0.12787828,0,0.96296006
8720,Pass,0,0.99887925,0.15821688,0,0.9524954
8721,Pass,0,0.98310906,0.5915418,0,0.8055121
8722,Pass,0,0.9983773,0.048145074,0,0.98605365
8723,Pass,0,0.99998975,0.2043819,0,0.9392559
8724,Pass,0,0.9999958,0.1833797,0,0.94576657
8725,Pass,0,0.5111181,0.3026688,0,0.4645161
8726,Pass,0,0.998776,0.36690524,0,0.8878397
8727,Pass,0,0.99930716,0.1824645,0,0.9453985
8728,Pass,0,0.99990535,0.3213138,0,0.9029631
8729,Pass,0,0.999998,0.15398519,0,0.95487285
8730,Pass,0,0.9999963,0.089722164,0,0.97477514
8731,Pass,0,0.9999924,0.09287032,0,0.97379625
8732,Pass,0,0.99859434,0.27813327,0,0.9151346
8733,Pass,0,0.99881893,0.4780096,0,0.85350645
8734,Pass,0,0.99994063,0.024979416,0,0.99477226
8735,Pass,0,0.9998851,0.19625407,0,0.9416747
8736,Pass,0,0.99788433,0.25577262,0,0.92139494
8737,Pass,0,0.9999993,0.1006124,0,0.971405
8738,Pass,0,0.9999292,0.23828347,0,0.92869955
8739,Pass,0,0.99942124,0.07153588,0,0.9798441
8740,Pass,0,0.99999,0.10406971,0,0.97032523
8741,Pass,0,0.9999994,0.10112964,0,0.97124493
8742,Pass,0,0.9999914,0.06678997,0,0.98187304
8743,Pass,0,0.999998,0.15398519,0,0.95487285
8744,Pass,0,0.99999774,0.105013646,0,0.9700404
8745,Pass,0,0.99988115,0.09357222,0,0.97347057
8746,Pass,0,0.9998454,0.1286774,0,0.9625644
8747,Pass,0,0.9999999,0.063147,0,0.98300964
8748,Pass,0,0.9999201,0.026646018,0,0.9942357
8749,Pass,0,0.9984478,0.47708926,0,0.8534739
8750,Pass,0,0.99999595,0.08845612,0,0.9751669
8751,Pass,0,0.7920714,0.31944993,0,0.7157362
8752,Pass,0,0.9999995,0.10191827,0,0.9710008
8753,Pass,0,0.9998436,0.06963989,0,0.98084533
8754,Pass,0,0.96252096,0.32391202,0,0.8684286
8755,Pass,0,0.99944645,0.12370025,0,0.96372104
8756,Pass,0,0.99999046,0.17860538,0,0.9472402
8757,Pass,0,0.99999046,0.13089082,0,0.96201855
8758,Pass,0,0.99996424,0.1540682,0,0.9548149
8759,Pass,0,0.9999907,0.09462545,0,0.973251
8760,Pass,0,0.9992304,0.22123452,0,0.933327
8761,Pass,0,0.9999993,0.11067481,0,0.9682884
8762,Pass,0,0.99999595,0.022330012,0,0.99564785
8763,Pass,0,0.9999523,0.08679721,0,0.97563815
8764,Pass,0,0.9996394,0.21296085,0,0.9362707
8765,Pass,0,0.9998789,0.090922326,0,0.974289
8766,Pass,0,0.9999944,0.08520413,0,0.9761726
8767,Pass,0,0.99999917,0.10162654,0,0.9710908
8768,Pass,0,0.60078555,0.64336044,0,0.4826123
8769,Pass,0,0.99999595,0.110158704,0,0.96844506
8770,Pass,0,0.9999418,0.45766732,0,0.8607662
8771,Pass,0,0.99999595,0.027581269,0,0.9940214
8772,Pass,0,0.999998,0.2502839,0,0.9250466
8773,Pass,0,0.99969125,0.12857877,0,0.9624466
8774,Pass,0,0.99973434,0.2806877,0,0.91538835
8775,Pass,0,0.99999726,0.07581671,0,0.97908294
8776,Pass,0,0.999936,0.18698779,0,0.9445925
8777,Pass,0,0.99999785,0.116377786,0,0.96652067
8778,Pass,0,0.99993455,0.21387652,0,0.93626356
8779,Pass,0,0.9998635,0.06764894,0,0.98148143
8780,Pass,0,0.99999917,0.05048629,0,0.9869303
8781,Pass,0,0.99937505,0.1929695,0,0.9422111
8782,Pass,0,0.9999964,0.13210057,0,0.96164954
8783,Pass,0,0.99999917,0.048908494,0,0.987419
8784,Pass,0,0.99867505,0.25591725,0,0.92208034
8785,Pass,0,0.99999666,0.13874857,0,0.95959073
8786,Pass,0,1.0,0.09726493,0,0.97244257
8787,Pass,0,0.97862726,0.40449873,0,0.85853404
8788,Pass,0,0.999959,0.38068846,0,0.8846224
8789,Pass,0,0.99979573,0.30897585,0,0.90668476
8790,Pass,0,0.96118426,0.25740662,0,0.8870216
8791,Pass,0,0.9999962,0.22680733,0,0.9323162
8792,Pass,0,0.9999974,0.06250703,0,0.98320544
8793,Pass,0,0.99997306,0.13983297,0,0.9592322
8794,Pass,0,0.99999917,0.14981088,0,0.95616686
8795,Pass,0,0.999572,0.1791365,0,0.94667935
8796,Pass,0,0.99998415,0.108020276,0,0.96909595
8797,Pass,0,0.99985886,0.16975728,0,0.9498556
8798,Pass,0,0.99843615,0.08183336,0,0.9756939
8799,Pass,0,0.9996996,0.15253173,0,0.95503795
8800,Pass,0,0.26419765,0.74467874,0,0.20393974
8801,Pass,0,0.99926907,0.28987792,0,0.91211796
8802,Pass,0,0.99999356,0.055187885,0,0.9854686
8803,Pass,0,0.9999851,0.10708808,0,0.9693856
8804,Pass,0,0.99979323,0.11518797,0,0.9666914
8805,Pass,0,0.99901676,0.28040493,0,0.91481876
8806,Pass,0,0.9968874,0.14919384,0,0.953382
8807,Pass,0,0.7396174,0.5941664,0,0.6054055
8808,Pass,0,0.9999969,0.060185235,0,0.9839241
8809,Pass,0,0.99999404,0.086073495,0,0.975903
8810,Pass,0,0.9998996,0.020704404,0,0.99605536
8811,Pass,0,0.99999344,0.094486624,0,0.9732967
8812,Pass,0,0.9999473,0.027976237,0,0.9938507
8813,Pass,0,0.9999436,0.024721462,0,0.9948551
8814,Pass,0,0.9998324,0.15899397,0,0.9531636
8815,Pass,0,0.9999902,0.0863609,0,0.9758103
8816,Pass,0,0.99826944,0.30154157,0,0.9075992
8817,Pass,0,0.9999924,0.09287032,0,0.97379625
8818,Pass,0,0.99999905,0.17753038,0,0.9475813
8819,Pass,0,0.99999845,0.09163326,0,0.97418535
8820,Pass,0,0.99550074,0.20781837,0,0.93398
8821,Pass,0,0.99979013,0.07440227,0,0.97931814
8822,Pass,0,1.0,0.03857082,0,0.9906217
8823,Pass,0,0.999572,0.1791365,0,0.94667935
8824,Pass,0,0.9999937,0.18736055,0,0.94453156
8825,Pass,0,0.99890256,0.2044248,0,0.93822145
8826,Pass,0,0.99881446,0.4835646,0,0.85178417
8827,Pass,0,0.9999497,0.066831954,0,0.98181903
8828,Pass,0,0.99992156,0.052521788,0,0.98622334
8829,Pass,0,0.99805874,0.2806201,0,0.913875
8830,Pass,0,0.9999969,0.10405241,0,0.9703373
8831,Pass,0,0.9998184,0.056157444,0,0.9849957
8832,Pass,0,0.99990535,0.020594537,0,0.9960951
8833,Pass,0,0.999995,0.13121267,0,0.9619232
8834,Pass,0,0.9993955,0.19129945,0,0.9427473
8835,Pass,0,0.9999925,0.07864427,0,0.9782025
8836,Pass,0,0.99873966,0.2050027,0,0.9378897
8837,Pass,0,0.99863404,0.29359505,0,0.9103886
8838,Pass,0,0.9999291,0.08234412,0,0.9769946
8839,Pass,0,0.99979013,0.07440227,0,0.97931814
8840,Pass,0,0.9982597,0.14249375,0,0.95676607
8841,Pass,0,0.99999905,0.17753038,0,0.9475813
8842,Pass,0,0.99991083,0.28583145,0,0.91395694
8843,Pass,0,0.9999975,0.11388123,0,0.96729356
8844,Pass,0,0.999607,0.062134556,0,0.9829369
8845,Pass,0,0.9999422,0.16270567,0,0.9521187
8846,Pass,0,0.9994992,0.1722848,0,0.94873154
8847,Pass,0,0.999997,0.0693364,0,0.98108983
8848,Pass,0,0.9999999,0.083835565,0,0.97660184
8849,Pass,0,0.9999988,0.079888545,0,0.97782326
8850,Pass,0,0.9997297,0.03441622,0,0.9916404
8851,Pass,0,0.99994993,0.15007849,0,0.9560369
8852,Pass,0,0.9999616,0.16388768,0,0.95177114
8853,Pass,0,0.9999882,0.12990785,0,0.96232074
8854,Pass,0,0.9999747,0.20622562,0,0.93867075
8855,Pass,0,0.78823316,0.4145101,0,0.68906015
8856,Pass,0,0.99992037,0.027651986,0,0.9939244
8857,Pass,0,0.9999825,0.102591954,0,0.9707756
8858,Pass,0,0.9998204,0.35789865,0,0.8915571
8859,Pass,0,0.99986863,0.15417527,0,0.95469046
8860,Pass,0,0.9999893,0.10319058,0,0.9705968
8861,Pass,0,0.98754984,0.16788967,0,0.9387334
8862,Pass,0,0.99993026,0.09087187,0,0.9743547
8863,Pass,0,0.9997143,0.22056328,0,0.93398684
8864,Pass,0,0.9999641,0.03493069,0,0.9917135
8865,Pass,0,0.99999905,0.07350473,0,0.97980076
8866,Pass,0,0.9742983,0.30700785,0,0.88415575
8867,Pass,0,0.9997867,0.15042622,0,0.9557732
8868,Pass,0,0.99989986,0.20562595,0,0.9387862
8869,Pass,0,0.99999595,0.096975096,0,0.9725284
8870,Pass,0,0.99995553,0.09888967,0,0.9718961
8871,Pass,0,0.99996734,0.11105354,0,0.9681402
8872,Pass,0,0.99458694,0.4868647,0,0.8471623
8873,Pass,0,0.9999316,0.21532276,0,0.93581283
8874,Pass,0,0.7385695,0.6290968,0,0.5965573
8875,Pass,0,0.99995184,0.021589128,0,0.9958334
8876,Pass,0,0.99998,0.051174827,0,0.9866981
8877,Pass,0,0.9997898,0.17870465,0,0.94701934
8878,Pass,0,0.9994617,0.20412458,0,0.9388396
8879,Pass,0,0.9926838,0.35585102,0,0.8858229
8880,Pass,0,0.9999808,0.041452795,0,0.98971003
8881,Pass,0,0.9999553,0.14702973,0,0.95698625
8882,Pass,0,0.99870074,0.14572641,0,0.9561888
8883,Pass,0,0.91563565,0.65614897,0,0.7319052
8884,Pass,0,0.99965477,0.030207265,0,0.9928692
8885,Pass,0,0.99855024,0.20024587,0,0.939183
8886,Pass,0,0.9954194,0.459203,0,0.8563997
8887,Pass,0,0.9999944,0.09001409,0,0.9746828
8888,Pass,0,0.9999925,0.07864427,0,0.9782025
8889,Pass,0,0.99994135,0.120343894,0,0.96523774
8890,Pass,0,0.9999995,0.100471795,0,0.97144884
8891,Pass,0,0.9961002,0.19822097,0,0.93750334
8892,Pass,0,0.8998096,0.5615777,0,0.7456114
8893,Pass,0,0.9998863,0.041528594,0,0.989593
8894,Pass,0,0.9485206,0.38597658,0,0.8375634
8895,Pass,0,0.999936,0.18698779,0,0.9445925
8896,Pass,0,0.99998415,0.11766553,0,0.9661086
8897,Pass,0,0.9999534,0.028272307,0,0.9937651
8898,Pass,0,0.99998546,0.17216444,0,0.9492303
8899,Pass,0,0.99438286,0.38294592,0,0.87899417
8900,Pass,0,0.9999218,0.16551466,0,0.9512294
8901,Pass,0,0.99996185,0.24293888,0,0.92728806
8902,Pass,0,0.99992836,0.08255614,0,0.9769283
8903,Pass,0,0.9999471,0.049099006,0,0.98730856
8904,Pass,0,0.99370766,0.21720356,0,0.92940915
8905,Pass,0,0.99996734,0.11105354,0,0.9681402
8906,Pass,0,0.99999595,0.113125056,0,0.9675263
8907,Pass,0,0.9999305,0.033967935,0,0.99197835
8908,Pass,0,0.99995244,0.0635721,0,0.98283136
8909,Pass,0,0.99999344,0.12763283,0,0.96303046
8910,Pass,0,0.9999064,0.48182762,0,0.8532533
8911,Pass,0,0.999987,0.047276024,0,0.98791265
8912,Pass,0,0.9929229,0.2548802,0,0.91708827
8913,Pass,0,0.9821401,0.664412,0,0.7825514
8914,Pass,0,0.99996257,0.07487446,0,0.9793408
8915,Pass,0,0.99376667,0.2613917,0,0.9158634
8916,Pass,0,0.99986744,0.16261503,0,0.9520756
8917,Pass,0,0.99993026,0.14306255,0,0.958191
8918,Pass,0,0.9999819,0.33715054,0,0.89812726
8919,Pass,0,0.9999968,0.2139529,0,0.93629813
8920,Pass,0,1.0,0.034112968,0,0.9920024
8921,Pass,0,0.9996836,0.025867043,0,0.9942417
8922,Pass,0,0.9997763,0.20763426,0,0.9380483
8923,Pass,0,0.99413836,0.28643757,0,0.908494
8924,Pass,0,0.9999988,0.079888545,0,0.97782326
8925,Pass,0,0.9999887,0.08932061,0,0.9748921
8926,Pass,0,0.99997187,0.23183013,0,0.9307379
8927,Pass,0,0.99967587,0.078311004,0,0.977996
8928,Pass,0,0.99999666,0.13874857,0,0.95959073
8929,Pass,0,0.99991834,0.16587614,0,0.9511141
8930,Pass,0,0.9999926,0.17919287,0,0.9470603
8931,Pass,0,0.995564,0.34136078,0,0.8928611
8932,Pass,0,0.9458009,0.35298222,0,0.84482723
8933,Pass,0,0.9999124,0.021116717,0,0.99594045
8934,Pass,0,0.99892247,0.29536623,0,0.9101035
8935,Pass,0,0.9999993,0.14194216,0,0.9586041
8936,Pass,0,0.99998045,0.19429153,0,0.9423724
8937,Pass,0,0.9999889,0.107000396,0,0.9694165
8938,Pass,0,0.9999982,0.07837153,0,0.9782926
8939,Pass,0,0.99996233,0.06562195,0,0.9822062
8940,Pass,0,0.99968314,0.063413724,0,0.9826157
8941,Pass,0,0.93109083,1.0754797,0,0.623331
8942,Pass,0,0.99999523,0.101476446,0,0.9711335
8943,Pass,0,0.98796463,0.5087625,0,0.8348209
8944,Pass,0,0.99948895,0.03494808,0,0.9912369
8945,Pass,0,0.9996346,0.116150156,0,0.9662401
8946,Pass,0,1.0,0.05293965,0,0.98617125
8947,Pass,0,0.99997437,0.07663037,0,0.9788085
8948,Pass,0,0.99937135,0.18858266,0,0.9435654
8949,Pass,0,0.9999348,0.20281747,0,0.9396888
8950,Pass,0,0.9999411,0.15207814,0,0.95540917
8951,Pass,0,0.9999956,0.15240254,0,0.9553607
8952,Pass,0,0.9999976,0.070288174,0,0.9807956
8953,Pass,0,0.9687913,0.2556872,0,0.8945576
8954,Pass,0,0.9999589,0.035324547,0,0.9915864
8955,Pass,0,0.99955696,0.25933948,0,0.9218351
8956,Pass,0,0.999956,0.027333707,0,0.9940584
8957,Pass,0,0.99923015,0.14629705,0,0.956519
8958,Pass,0,0.9999821,0.11175072,0,0.9679386
8959,Pass,0,0.99343634,0.10986514,0,0.9621827
8960,Pass,0,0.9999958,0.092413016,0,0.97394127
8961,Pass,0,0.9999312,0.027423339,0,0.994006
8962,Pass,0,0.99992466,0.104586504,0,0.9701018
8963,Pass,0,0.9644622,0.40481302,0,0.84601337
8964,Pass,0,0.971007,0.244399,0,0.89999837
8965,Pass,0,0.9999969,0.17570211,0,0.9481455
8966,Pass,0,0.9999989,0.055378,0,0.985415
8967,Pass,0,0.9997527,0.06629282,0,0.9817926
8968,Pass,0,0.96594816,0.45462525,0,0.83241403
8969,Pass,0,0.9999825,0.030769184,0,0.99302065
8970,Pass,0,0.99978787,0.14481692,0,0.95751125
8971,Pass,0,0.99914217,0.2671865,0,0.9190242
8972,Pass,0,0.9999993,0.1006124,0,0.971405
8973,Pass,0,0.421608,1.3108963,0,0.25150955
8974,Pass,0,0.9963186,0.3129647,0,0.9023005
8975,Pass,0,0.99995065,0.077702306,0,0.97845334
8976,Pass,0,0.9999846,0.021532087,0,0.9958837
8977,Pass,0,0.99995196,0.16408771,0,0.95170003
8978,Pass,0,0.9999536,0.11883889,0,0.96571577
8979,Pass,0,0.9999957,0.086817734,0,0.97567415
8980,Pass,0,0.9973016,0.31876376,0,0.90139943
8981,Pass,0,0.99968565,0.19874711,0,0.94071496
8982,Pass,0,0.9999374,0.10114128,0,0.97118115
8983,Pass,0,0.9998598,0.08803577,0,0.97516435
8984,Pass,0,0.99982244,0.24105616,0,0.92774177
8985,Pass,0,0.99999976,0.06370912,0,0.9828354
8986,Pass,0,0.99962234,0.057502814,0,0.9843861
8987,Pass,0,0.99999213,0.10921039,0,0.9687351
8988,Pass,0,0.9999999,0.09569238,0,0.9729295
8989,Pass,0,0.9999999,0.10631312,0,0.96963996
8990,Pass,0,0.9999838,0.1280704,0,0.9628856
8991,Pass,0,0.88210744,0.52746105,0,0.7402639
8992,Pass,0,0.99995244,0.0635721,0,0.98283136
8993,Pass,0,0.99996316,0.04974424,0,0.9871246
8994,Pass,0,0.7866311,0.40611362,0,0.68970543
8995,Pass,0,0.9999447,0.07212806,0,0.9801739
8996,Pass,0,0.99998486,0.20962758,0,0.9376266
8997,Pass,0,0.9604089,0.10566386,0,0.9314441
8998,Pass,0,0.9999026,0.2122545,0,0.9367359
8999,Pass,0,0.99994135,0.120343894,0,0.96523774
9000,Pass,0,0.99996924,0.09571559,0,0.97289246
9001,Pass,0,0.9973482,0.09288708,0,0.97121614
9002,Pass,0,0.99999964,0.07170753,0,0.980358
9003,Pass,0,0.99999964,0.0737199,0,0.9797347
9004,Pass,0,0.9719016,0.4160599,0,0.8491535
9005,Pass,0,0.9994248,0.13954395,0,0.9587958
9006,Pass,0,0.9449392,0.69762516,0,0.7431898
9007,Pass,0,0.9999728,0.24946263,0,0.92527765
9008,Pass,0,0.9998976,0.02879646,0,0.9935473
9009,Pass,0,0.99824107,0.2700354,0,0.9173145
9010,Pass,0,0.9999298,0.12272416,0,0.9644894
9011,Pass,0,0.99994063,0.21109463,0,0.9371308
9012,Pass,0,0.9996326,0.2064973,0,0.93826544
9013,Pass,0,0.99999595,0.13633136,0,0.9603388
9014,Pass,0,0.97747624,0.37587148,0,0.86619115
9015,Pass,0,0.99991,0.105714604,0,0.9697382
9016,Pass,0,0.63277173,0.32062167,0,0.57155925
9017,Pass,0,0.99999785,0.06556481,0,0.98225886
9018,Pass,0,0.9946408,0.3353695,0,0.89387894
9019,Pass,0,0.9995708,0.38305905,0,0.88354504
9020,Pass,0,0.99989927,0.17287749,0,0.9489277
9021,Pass,0,0.99914443,0.29426932,0,0.9106452
9022,Pass,0,0.99879587,0.2433672,0,0.9260743
9023,Pass,0,0.9999312,0.12208555,0,0.9646886
9024,Pass,0,0.99949145,0.23787431,0,0.92841965
9025,Pass,0,0.99930656,0.27915677,0,0.9154705
9026,Pass,0,0.999936,0.1075574,0,0.9691926
9027,Pass,0,0.9997781,0.1033533,0,0.97034144
9028,Pass,0,0.99962103,0.2619484,0,0.9210865
9029,Pass,0,0.99994826,0.23330085,0,0.9302604
9030,Pass,0,0.99976057,0.10337812,0,0.9703167
9031,Pass,0,0.9995567,0.10024209,0,0.9710898
9032,Pass,0,0.99999714,0.13925959,0,0.9594329
9033,Pass,0,0.9958657,0.38965726,0,0.8782348
9034,Pass,0,0.9995807,0.21041997,0,0.9370023
9035,Pass,0,0.9999987,0.083839096,0,0.97659963
9036,Pass,0,0.99988055,0.20834978,0,0.9379245
9037,Pass,0,0.9999536,0.11558641,0,0.9667231
9038,Pass,0,0.9999993,0.11067481,0,0.9682884
9039,Pass,0,0.9999902,0.09031144,0,0.97458667
9040,Pass,0,0.9999323,0.1910125,0,0.9433425
9041,Pass,0,0.99998534,0.20586579,0,0.93879217
9042,Pass,0,0.99996114,0.06403884,0,0.98269534
9043,Pass,0,0.99995553,0.15852416,0,0.95342654
9044,Pass,0,0.9999659,0.15307392,0,0.95512444
9045,Pass,0,0.99938536,0.16922483,0,0.94957066
9046,Pass,0,0.999997,0.09253782,0,0.9739037
9047,Pass,0,0.827755,0.7793671,0,0.6300682
9048,Pass,0,0.99966276,0.26329303,0,0.9207086
9049,Pass,0,0.99999833,0.22292036,0,0.9335221
9050,Pass,0,0.99991345,0.025110388,0,0.99470466
9051,Pass,0,0.9979091,0.3620226,0,0.8885782
9052,Pass,0,0.99925333,0.1420231,0,0.957864
9053,Pass,0,0.99996877,0.10113551,0,0.9712134
9054,Pass,0,0.9999647,0.03480158,0,0.9917541
9055,Pass,0,0.99986434,0.15115435,0,0.9556219
9056,Pass,0,0.99975973,0.12770481,0,0.9627831
9057,Pass,0,0.9999926,0.07164885,0,0.98036927
9058,Pass,0,0.9999881,0.020382488,0,0.99624324
9059,Pass,0,0.999634,0.04344358,0,0.98875046
9060,Pass,0,0.9999516,0.024269264,0,0.9950031
9061,Pass,0,0.99996305,0.09540309,0,0.97298324
9062,Pass,0,0.9994536,0.18077047,0,0.94606143
9063,Pass,0,0.9997981,0.085800156,0,0.97579646
9064,Pass,0,0.99999344,0.094486624,0,0.9732967
9065,Pass,0,0.99981874,0.19507371,0,0.9419778
9066,Pass,0,0.9999995,0.035775535,0,0.99148697
9067,Pass,0,0.99998975,0.013971331,0,0.9982306
9068,Pass,0,0.99638236,0.3995054,0,0.87565124
9069,Pass,0,0.99985886,0.14775284,0,0.95667005
9070,Pass,0,0.93001306,0.67879015,0,0.7368759
9071,Pass,0,0.99999154,0.060801513,0,0.9837279
9072,Pass,0,0.9990859,0.5011755,0,0.846566
9073,Pass,0,0.99988735,0.11382093,0,0.96720576
9074,Pass,0,0.99994445,0.15440483,0,0.9546917
9075,Pass,0,1.0,0.04585588,0,0.9883653
9076,Pass,0,0.99999964,0.11493214,0,0.96697015
9077,Pass,0,0.9999615,0.1909572,0,0.9433872
9078,Pass,0,0.9997422,0.18787135,0,0.9441359
9079,Pass,0,0.99976593,0.18497121,0,0.9450563
9080,Pass,0,0.999813,0.05687902,0,0.98476696
9081,Pass,0,0.9997366,0.2292951,0,0.93130386
9082,Pass,0,0.99998677,0.17994618,0,0.94682145
9083,Pass,0,0.9999989,0.22915612,0,0.9315913
9084,Pass,0,0.99942124,0.13665386,0,0.959687
9085,Pass,0,0.99995995,0.09586001,0,0.9728387
9086,Pass,0,0.9998068,0.049458705,0,0.9870587
9087,Pass,0,0.9994778,0.06845111,0,0.98085445
9088,Pass,0,1.0,0.08550809,0,0.97608393
9089,Pass,0,0.9999999,0.09286885,0,0.973804
9090,Pass,0,0.9999931,0.15854093,0,0.9534571
9091,Pass,0,0.9973482,0.09288708,0,0.97121614
9092,Pass,0,0.9998374,0.17777881,0,0.94735116
9093,Pass,0,0.9995968,0.12362706,0,0.9638887
9094,Pass,0,0.9999889,0.12214881,0,0.96472466
9095,Pass,0,0.9998486,0.11632922,0,0.9663915
9096,Pass,0,0.9999088,0.32964352,0,0.9003865
9097,Pass,0,0.99853384,0.500429,0,0.84632915
9098,Pass,0,0.99905175,0.29655457,0,0.9098536
9099,Pass,0,0.9983234,0.24941184,0,0.92376715
9100,Pass,0,0.9998714,0.028924618,0,0.9934816
9101,Pass,0,0.9904255,0.75490177,0,0.7613943
9102,Pass,0,0.99985397,0.19852298,0,0.94094276
9103,Pass,0,0.99895656,0.3141054,0,0.90433663
9104,Pass,0,0.881751,0.08558416,0,0.86064225
9105,Pass,0,0.9994855,0.11697334,0,0.9658412
9106,Pass,0,0.9999057,0.22315526,0,0.9333629
9107,Pass,0,0.9999732,0.15103105,0,0.9557641
9108,Pass,0,0.9999881,0.037512355,0,0.9909377
9109,Pass,0,0.99991286,0.023464939,0,0.9952136
9110,Pass,0,0.9752457,0.3071769,0,0.88496447
9111,Pass,0,0.99996734,0.15704411,0,0.95389616
9112,Pass,0,0.99998593,0.13134038,0,0.9618749
9113,Pass,0,0.99999547,0.08930657,0,0.97490305
9114,Pass,0,0.99995494,0.20650211,0,0.93856657
9115,Pass,0,0.9928999,0.11537021,0,0.95997024
9116,Pass,0,0.99929297,0.18521684,0,0.94453317
9117,Pass,0,0.9916557,0.4927205,0,0.842867
9118,Pass,0,0.99997175,0.13964605,0,0.95928884
9119,Pass,0,0.999936,0.12475562,0,0.96386623
9120,Pass,0,0.9999733,0.15856361,0,0.95343125
9121,Pass,0,0.9535308,0.48562604,0,0.81255764
9122,Pass,0,0.99953496,0.2587367,0,0.9220014
9123,Pass,0,0.9977285,0.27616754,0,0.9149486
9124,Pass,0,0.9987889,0.31909493,0,0.9026413
9125,Pass,0,0.99994874,0.045889873,0,0.98830414
9126,Pass,0,0.9999641,0.23394878,0,0.9300745
9127,Pass,0,0.99999905,0.17753038,0,0.9475813
9128,Pass,0,0.99995387,0.1279964,0,0.9628798
9129,Pass,0,0.9999641,0.12688476,0,0.96323395
9130,Pass,0,0.99972147,0.1814481,0,0.9461052
9131,Pass,0,0.99882954,0.20121229,0,0.9391467
9132,Pass,0,0.99997807,0.032784425,0,0.9923921
9133,Pass,0,0.9998838,0.1980375,0,0.9411212
9134,Pass,0,0.99912006,0.47592002,0,0.85441035
9135,Pass,0,0.9999995,0.035775535,0,0.99148697
9136,Pass,0,0.9999579,0.016485976,0,0.99742
9137,Pass,0,0.99992263,0.013635157,0,0.9982677
9138,Pass,0,0.9996984,0.062306,0,0.98297375
9139,Pass,0,0.9999902,0.09031144,0,0.97458667
9140,Pass,0,0.99997187,0.05830738,0,0.98448104
9141,Pass,0,0.9967764,0.2350269,0,0.92677677
9142,Pass,0,0.935189,0.1889097,0,0.8828724
9143,Pass,0,0.9977635,0.16346371,0,0.94980997
9144,Pass,0,0.9999894,0.107881956,0,0.96914387
9145,Pass,0,0.9998035,0.052310836,0,0.9861722
9146,Pass,0,0.99969983,0.11811663,0,0.96569425
9147,Pass,0,0.9995622,0.120222785,0,0.96490926
9148,Pass,0,0.7034318,0.8578041,0,0.518347
9149,Pass,0,0.99977416,0.13531776,0,0.9604396
9150,Pass,0,0.99999356,0.16876034,0,0.95029235
9151,Pass,0,0.9999865,0.09835132,0,0.9720929
9152,Pass,0,0.99990535,0.06856997,0,0.9812373
9153,Pass,0,0.99998295,0.21560608,0,0.93577313
9154,Pass,0,0.9997867,0.24477015,0,0.9265585
9155,Pass,0,0.9999988,0.06503225,0,0.9824247
9156,Pass,0,0.99956137,0.051324558,0,0.9862387
9157,Pass,0,0.99170905,0.15101524,0,0.9478702
9158,Pass,0,0.99999774,0.09491565,0,0.97316796
9159,Pass,0,0.99999976,0.1956206,0,0.94197893
9160,Pass,0,0.9997553,0.04150285,0,0.9894714
9161,Pass,0,0.99989414,0.043711144,0,0.98892486
9162,Pass,0,0.99997306,0.12125982,0,0.9649847
9163,Pass,0,0.9997054,0.27315873,0,0.9176931
9164,Pass,0,0.9967644,0.5504184,0,0.8293964
9165,Pass,0,1.0,0.12386609,0,0.9642035
9166,Pass,0,0.9999734,0.054668963,0,0.9856094
9167,Pass,0,0.9985721,0.57805055,0,0.82235444
9168,Pass,0,0.9997478,0.2008732,0,0.9401151
9169,Pass,0,0.9998958,0.10081301,0,0.9712424
9170,Pass,0,0.9999945,0.078992784,0,0.97809654
9171,Pass,0,0.9996996,0.15253173,0,0.95503795
9172,Pass,0,0.994249,0.24459687,0,0.9214798
9173,Pass,0,0.998998,0.24807732,0,0.92480433
9174,Pass,0,0.999471,0.20383,0,0.9389396
9175,Pass,0,0.99999857,0.04948393,0,0.9872402
9176,Pass,0,0.96692276,0.6531606,0,0.77379614
9177,Pass,0,0.492965,0.72683215,0,0.38325498
9178,Pass,0,0.9999502,0.23613842,0,0.9293834
9179,Pass,0,0.99990535,0.06856997,0,0.9812373
9180,Pass,0,0.99189866,0.16700879,0,0.94313794
9181,Pass,0,0.9999374,0.119517736,0,0.9654898
9182,Pass,0,0.9999989,0.058725107,0,0.9843783
9183,Pass,0,0.99999595,0.050043143,0,0.9870644
9184,Pass,0,0.9999585,0.03116728,0,0.99287355
9185,Pass,0,0.98561317,0.39090687,0,0.86881185
9186,Pass,0,1.0,0.043348905,0,0.98914176
9187,Pass,0,0.99994576,0.21952702,0,0.93452406
9188,Pass,0,0.9999361,0.030910693,0,0.9929308
9189,Pass,0,0.99999857,0.09115014,0,0.9743351
9190,Pass,0,0.9995708,0.38305905,0,0.88354504
9191,Pass,0,0.83902985,0.2958814,0,0.76429385
9192,Pass,0,0.99992216,0.13681279,0,0.9601188
9193,Pass,0,0.9999857,0.115189,0,0.96687716
9194,Pass,0,0.999739,0.19090755,0,0.94319266
9195,Pass,0,0.9999875,0.20983264,0,0.93756557
9196,Pass,0,0.99993813,0.17393476,0,0.9486371
9197,Pass,0,0.99998176,0.11896872,0,0.96570265
9198,Pass,0,0.9985071,0.0827435,0,0.97548175
9199,Pass,0,0.9977081,0.3414231,0,0.8947647
9200,Pass,0,0.99987805,0.022335244,0,0.9955289
9201,Pass,0,0.999995,0.0777618,0,0.9784783
9202,Pass,0,0.99952257,0.16589464,0,0.95073193
9203,Pass,0,0.9990158,0.087537296,0,0.9744954
9204,Pass,0,0.9998627,0.12491242,0,0.96374696
9205,Pass,0,0.9997259,0.05442336,0,0.98544157
9206,Pass,0,0.99956316,0.10871721,0,0.9684722
9207,Pass,0,0.9907218,0.6262192,0,0.8011087
9208,Pass,0,0.9999851,0.16730551,0,0.9507349
9209,Pass,0,0.9999665,0.120903455,0,0.9650887
9210,Pass,0,0.9999993,0.062551856,0,0.9831934
9211,Pass,0,0.8326445,1.0250403,0,0.5704328
9212,Pass,0,0.99844545,0.20148818,0,0.9387003
9213,Pass,0,0.9999058,0.043587927,0,0.9889746
9214,Pass,0,0.99895656,0.3141054,0,0.90433663
9215,Pass,0,0.9881462,0.21308096,0,0.9254693
9216,Pass,0,0.99994934,0.16849042,0,0.95033395
9217,Pass,0,0.99990964,0.039904512,0,0.99011916
9218,Pass,0,0.99993944,0.11232513,0,0.9677194
9219,Pass,0,0.99996674,0.033911746,0,0.9920317
9220,Pass,0,0.9999918,0.10521393,0,0.96997255
9221,Pass,0,0.9999758,0.24179432,0,0.92765546
9222,Pass,0,0.9999764,0.17079969,0,0.94964445
9223,Pass,0,0.9999558,0.13391073,0,0.96104985
9224,Pass,0,0.99901736,0.10724154,0,0.9684
9225,Pass,0,0.99995005,0.13516651,0,0.96065545
9226,Pass,0,0.9999989,0.14507325,0,0.95763403
9227,Pass,0,0.99996126,0.03782971,0,0.99081284
9228,Pass,0,0.9998373,0.13877824,0,0.9594286
9229,Pass,0,0.9999988,0.06779598,0,0.9815687
9230,Pass,0,0.99999475,0.14398517,0,0.95796704
9231,Pass,0,0.9999964,0.055854794,0,0.98526484
9232,Pass,0,0.9999759,0.0835307,0,0.9766728
9233,Pass,0,0.99979717,0.03498963,0,0.9915297
9234,Pass,0,0.999734,0.08777278,0,0.97512305
9235,Pass,0,0.9999654,0.18900661,0,0.943995
9236,Pass,0,0.9999995,0.03201919,0,0.99265045
9237,Pass,0,0.99990904,0.1830736,0,0.94577926
9238,Pass,0,0.9999136,0.18141152,0,0.9462983
9239,Pass,0,0.99956137,0.051324558,0,0.9862387
9240,Pass,0,0.99770504,0.42330953,0,0.8694578
9241,Pass,0,0.99999774,0.035061788,0,0.99170625
9242,Pass,0,0.99964297,0.120959304,0,0.9647592
9243,Pass,0,0.99988174,0.025224209,0,0.99463785
9244,Pass,0,0.99985075,0.2029115,0,0.93958074
9245,Pass,0,0.998381,0.21502769,0,0.93445295
9246,Pass,0,0.9999993,0.06106364,0,0.9836543
9247,Pass,0,0.9999908,0.10268622,0,0.97075456
9248,Pass,0,0.99799085,0.15954866,0,0.95123655
9249,Pass,0,0.9999975,0.11490771,0,0.9669756
9250,Pass,0,0.9999864,0.057181045,0,0.9848442
9251,Pass,0,0.9999808,0.2515271,0,0.92464566
9252,Pass,0,0.9991387,0.18696046,0,0.94384784
9253,Pass,0,0.9998932,0.078904234,0,0.97802484
9254,Pass,0,0.9999999,0.052443575,0,0.9863248
9255,Pass,0,0.9933791,0.29798496,0,0.90424734
9256,Pass,0,0.9999882,0.12990785,0,0.96232074
9257,Pass,0,0.9997502,0.2991081,0,0.90969896
9258,Pass,0,1.0,0.072419524,0,0.9801378
9259,Pass,0,0.9987779,0.3714899,0,0.88642305
9260,Pass,0,0.999943,0.12360303,0,0.96422994
9261,Pass,0,0.99998975,0.07754915,0,0.97853905
9262,Pass,0,0.99998474,0.009536122,0,0.9995993
9263,Pass,0,0.999997,0.0856374,0,0.97604096
9264,Pass,0,0.9999633,0.029754577,0,0.9933158
9265,Pass,0,0.9999795,0.1061712,0,0.9696641
9266,Pass,0,0.990094,0.3335853,0,0.89033985
9267,Pass,0,0.99987936,0.08744919,0,0.9753651
9268,Pass,0,0.99999833,0.053759456,0,0.98591566
9269,Pass,0,0.99999285,0.07587121,0,0.9790618
9270,Pass,0,0.9997553,0.04150285,0,0.9894714
9271,Pass,0,0.994162,0.39583036,0,0.87483156
9272,Pass,0,0.9994553,0.13631618,0,0.95982414
9273,Pass,0,0.9986299,0.06111154,0,0.98229253
9274,Pass,0,0.9999968,0.08102454,0,0.97746944
9275,Pass,0,0.9999093,0.3168259,0,0.90435654
9276,Pass,0,0.994595,0.36335903,0,0.88521546
9277,Pass,0,0.9998035,0.052310836,0,0.9861722
9278,Pass,0,0.9999999,0.050833654,0,0.98682344
9279,Pass,0,0.99998486,0.10597256,0,0.9697309
9280,Pass,0,0.9998276,0.1196025,0,0.9653576
9281,Pass,0,0.9965702,0.31238055,0,0.90270877
9282,Pass,0,0.9999808,0.041452795,0,0.98971003
9283,Pass,0,0.99998236,0.08127869,0,0.9773767
9284,Pass,0,0.9997527,0.06629282,0,0.9817926
9285,Pass,0,0.99991286,0.26434326,0,0.92061365
9286,Pass,0,0.9999894,0.08558281,0,0.97605044
9287,Pass,0,0.99990463,0.17583123,0,0.948018
9288,Pass,0,0.99929273,0.22471622,0,0.93230754
9289,Pass,0,0.9999995,0.052843392,0,0.98620063
9290,Pass,0,0.99136204,0.10224109,0,0.9625147
9291,Pass,0,0.9999844,0.010246112,0,0.999379
9292,Pass,0,0.9999633,0.029754577,0,0.9933158
9293,Pass,0,0.9999622,0.012985445,0,0.99850845
9294,Pass,0,0.95923555,0.33205074,0,0.86304635
9295,Pass,0,0.9997732,0.19765769,0,0.9411347
9296,Pass,0,0.99997497,0.15002418,0,0.95607764
9297,Pass,0,0.99995947,0.19147424,0,0.9432252
9298,Pass,0,0.9999826,0.09536444,0,0.97301424
9299,Pass,0,0.9999975,0.031661298,0,0.9927592
9300,Pass,0,0.9999151,0.09000189,0,0.9746094
9301,Pass,0,0.99998665,0.20737185,0,0.93832695
9302,Pass,0,0.9999057,0.31491435,0,0.9049453
9303,Pass,0,0.99997735,0.100703776,0,0.97135544
9304,Pass,0,0.9996412,0.23736373,0,0.92871684
9305,Pass,0,0.9999863,0.17058995,0,0.94971883
9306,Pass,0,0.99895656,0.3141054,0,0.90433663
9307,Pass,0,0.99984133,0.09799671,0,0.97206163
9308,Pass,0,0.9999969,0.12067255,0,0.9651896
9309,Pass,0,0.9981098,0.03557875,0,0.9896742
9310,Pass,0,0.99821484,0.1824934,0,0.94435614
9311,Pass,0,0.99997115,0.13569742,0,0.96051127
9312,Pass,0,0.9998783,0.14226526,0,0.9583881
9313,Pass,0,0.99955565,0.20134276,0,0.93978906
9314,Pass,0,0.9999995,0.038243793,0,0.9907225
9315,Pass,0,0.9994778,0.06845111,0,0.98085445
9316,Pass,0,0.99990916,0.18197048,0,0.94612104
9317,Pass,0,0.9998276,0.1196025,0,0.9653576
9318,Pass,0,0.9999263,0.248071,0,0.9256657
9319,Pass,0,0.99990904,0.1830736,0,0.94577926
9320,Pass,0,0.99977475,0.058451872,0,0.98424226
9321,Pass,0,0.9982022,0.14595631,0,0.9556404
9322,Pass,0,0.9999871,0.060958166,0,0.98367506
9323,Pass,0,0.8967404,1.110545,0,0.5905954
9324,Pass,0,0.99999726,0.07581671,0,0.97908294
9325,Pass,0,0.9999968,0.096416265,0,0.97270226
9326,Pass,0,0.9960711,0.3541996,0,0.889355
9327,Pass,0,0.9993394,0.2669362,0,0.9192831
9328,Pass,0,0.9995641,0.08118656,0,0.9769964
9329,Pass,0,0.9997069,0.10001965,0,0.9713046
9330,Pass,0,0.9998745,0.060646787,0,0.98366064
9331,Pass,0,0.99985504,0.09561428,0,0.9728128
9332,Pass,0,0.9897682,0.28836912,0,0.90390825
9333,Pass,0,0.9906508,0.4336997,0,0.86012226
9334,Pass,0,0.99969494,0.4395617,0,0.86615974
9335,Pass,0,0.9986883,0.17437942,0,0.94731385
9336,Pass,0,0.9997297,0.03441622,0,0.9916404
9337,Pass,0,0.99965286,0.030917196,0,0.9926475
9338,Pass,0,0.9999908,0.17029381,0,0.94981486
9339,Pass,0,0.99999344,0.2802425,0,0.91576344
9340,Pass,0,0.9995604,0.13695057,0,0.9597288
9341,Pass,0,0.9990158,0.087537296,0,0.9744954
9342,Pass,0,0.9999963,0.17076412,0,0.94967437
9343,Pass,0,0.9996935,0.10266246,0,0.97047323
9344,Pass,0,0.99999976,0.07385208,0,0.9796939
9345,Pass,0,0.9997955,0.17424951,0,0.9484043
9346,Pass,0,0.9999914,0.114472255,0,0.9671047
9347,Pass,0,0.99887925,0.15821688,0,0.9524954
9348,Pass,0,0.9999851,0.12025337,0,0.965308
9349,Pass,0,0.99994254,0.17702857,0,0.9476831
9350,Pass,0,0.9999087,0.4603204,0,0.859916
9351,Pass,0,0.9999919,0.06643907,0,0.9819822
9352,Pass,0,0.99999976,0.096847415,0,0.9725716
9353,Pass,0,0.99985504,0.09561428,0,0.9728128
9354,Pass,0,0.9999944,0.09001409,0,0.9746828
9355,Pass,0,0.9999852,0.23004308,0,0.9313038
9356,Pass,0,0.9992968,0.29599893,0,0.9102487
9357,Pass,0,0.99998784,0.110196546,0,0.96842545
9358,Pass,0,0.9999988,0.12071312,0,0.96517885
9359,Pass,0,0.9997596,0.25839767,0,0.92231363
9360,Pass,0,0.99958175,0.18491057,0,0.944901
9361,Pass,0,0.9999964,0.09186309,0,0.97411215
9362,Pass,0,0.9976821,0.15891734,0,0.95113736
9363,Pass,0,0.9999056,0.06271379,0,0.9830512
9364,Pass,0,0.999995,0.0777618,0,0.9784783
9365,Pass,0,0.99999213,0.09115096,0,0.9743285
9366,Pass,0,0.99974865,0.08127599,0,0.97714907
9367,Pass,0,0.99999976,0.056408238,0,0.9850967
9368,Pass,0,0.58278984,1.132861,0,0.37979865
9369,Pass,0,0.99998415,0.11766553,0,0.9661086
9370,Pass,0,0.9999362,0.16886137,0,0.9502066
9371,Pass,0,0.9746361,0.11613347,0,0.94208175
9372,Pass,0,0.9999951,0.13455485,0,0.96088815
9373,Pass,0,0.9999857,0.069962196,0,0.9808849
9374,Pass,0,1.0,0.100302406,0,0.97150177
9375,Pass,0,0.99999416,0.016998222,0,0.99729747
9376,Pass,0,0.99788195,0.5529043,0,0.829558
9377,Pass,0,0.9995894,0.11979193,0,0.9650689
9378,Pass,0,0.99999523,0.13466689,0,0.9608536
9379,Pass,0,0.9992581,0.1650239,0,0.9507499
9380,Pass,0,0.99992645,0.07719306,0,0.9785873
9381,Pass,0,0.9915765,0.19731137,0,0.93352515
9382,Pass,0,0.99988294,0.061341062,0,0.983454
9383,Pass,0,0.99996436,0.16029261,0,0.9528872
9384,Pass,0,0.9995173,0.38103497,0,0.8841244
9385,Pass,0,0.71040916,0.7838077,0,0.5397702
9386,Pass,0,0.9998839,0.028594516,0,0.9935962
9387,Pass,0,0.99995625,0.50568736,0,0.84590614
9388,Pass,0,0.9961358,0.39315885,0,0.87739265
9389,Pass,0,0.9993279,0.082714416,0,0.9762926
9390,Pass,0,0.9998431,0.082404435,0,0.97689193
9391,Pass,0,0.9999912,0.11711539,0,0.9662858
9392,Pass,0,0.99976903,0.4288295,0,0.86954725
9393,Pass,0,0.99985254,0.22170678,0,0.9337619
9394,Pass,0,0.9999777,0.10933263,0,0.96868324
9395,Pass,0,0.9999957,0.050648537,0,0.98687667
9396,Pass,0,0.99997437,0.048594963,0,0.9874916
9397,Pass,0,0.99999905,0.0868538,0,0.97566617
9398,Pass,0,0.9999987,0.12743951,0,0.9630954
9399,Pass,0,0.99996316,0.015842559,0,0.99762446
9400,Pass,0,0.99925846,0.07084747,0,0.97989756
9401,Pass,0,0.9999999,0.060820177,0,0.9837303
9402,Pass,0,0.9999901,0.12991303,0,0.96232104
9403,Pass,0,0.9999393,0.0883902,0,0.9751321
9404,Pass,0,0.9988586,0.32510552,0,0.90084475
9405,Pass,0,0.99907035,0.15391003,0,0.9540103
9406,Pass,0,0.9608008,0.6769962,0,0.7618038
9407,Pass,0,0.99998367,0.055818547,0,0.9852635
9408,Pass,0,0.9999604,0.026517844,0,0.9943155
9409,Pass,0,0.9995085,0.115281194,0,0.9663872
9410,Pass,0,0.99994695,0.024787901,0,0.9948379
9411,Pass,0,0.999936,0.13399152,0,0.9610058
9412,Pass,0,0.9999906,0.1800802,0,0.9467835
9413,Pass,0,0.89963925,0.4499699,0,0.77656895
9414,Pass,0,0.9999982,0.124503955,0,0.96400416
9415,Pass,0,0.99997973,0.10942584,0,0.96865636
9416,Pass,0,0.68504447,0.7067379,0,0.53685045
9417,Pass,0,0.9999995,0.088461995,0,0.9751686
9418,Pass,0,0.9998609,0.20621131,0,0.93856835
9419,Pass,0,0.9999994,0.14901195,0,0.9564145
9420,Pass,0,0.99988294,0.054293554,0,0.98563653
9421,Pass,0,0.9999907,0.09005177,0,0.9746676
9422,Pass,0,0.999985,0.050925657,0,0.9867802
9423,Pass,0,0.9736129,0.37126315,0,0.8641573
9424,Pass,0,0.9225747,0.5336297,0,0.7724613
9425,Pass,0,0.99929297,0.18521684,0,0.94453317
9426,Pass,0,0.9999894,0.15106633,0,0.95576864
9427,Pass,0,0.90583783,0.38663885,0,0.7996878
9428,Pass,0,0.99721044,0.19606194,0,0.9392151
9429,Pass,0,0.99859244,0.107408725,0,0.9679364
9430,Pass,0,0.9999999,0.11113721,0,0.9681458
9431,Pass,0,0.9995615,0.20773001,0,0.9378171
9432,Pass,0,0.99905914,0.2134304,0,0.9355819
9433,Pass,0,0.99973375,0.19098152,0,0.9431648
9434,Pass,0,0.9999224,0.2879939,0,0.9132978
9435,Pass,0,0.9993955,0.19129945,0,0.9427473
9436,Pass,0,0.9999732,0.1403601,0,0.9590691
9437,Pass,0,0.9997681,0.1864446,0,0.9446021
9438,Pass,0,0.99999595,0.10058763,0,0.9714095
9439,Pass,0,0.9998957,0.042327527,0,0.9893549
9440,Pass,0,0.9998115,0.24975072,0,0.9250392
9441,Pass,0,0.9996209,0.078937456,0,0.9777483
9442,Pass,0,0.9999856,0.10087393,0,0.97131073
9443,Pass,0,0.9997999,0.15182121,0,0.9553538
9444,Pass,0,0.999689,0.48729196,0,0.8513758
9445,Pass,0,0.99969566,0.13817728,0,0.9594788
9446,Pass,0,0.9999747,0.01217815,0,0.998771
9447,Pass,0,0.9676458,0.9736586,0,0.6783196
9448,Pass,0,0.99960274,0.1741108,0,0.9482644
9449,Pass,0,0.9999889,0.053365957,0,0.9860283
9450,Pass,0,0.99999976,0.07105204,0,0.98056114
9451,Pass,0,0.99977416,0.13531776,0,0.9604396
9452,Pass,0,0.99788195,0.5529043,0,0.829558
9453,Pass,0,0.9852563,0.24419563,0,0.91326773
9454,Pass,0,0.99999774,0.09491565,0,0.97316796
9455,Pass,0,0.9999989,0.12093721,0,0.9651096
9456,Pass,0,0.93780524,0.5355354,0,0.78466016
9457,Pass,0,0.9996581,0.033201456,0,0.99194545
9458,Pass,0,0.99997914,0.26268283,0,0.921189
9459,Pass,0,0.9999831,0.13803539,0,0.9597986
9460,Pass,0,0.9996151,0.11480466,0,0.9666378
9461,Pass,0,0.9995363,0.17561604,0,0.94773537
9462,Pass,0,0.99101955,0.34970337,0,0.88622475
9463,Pass,0,0.9982948,0.0471681,0,0.9862741
9464,Pass,0,0.9999993,0.10858562,0,0.9689355
9465,Pass,0,0.99694294,0.42738527,0,0.8675352
9466,Pass,0,0.9999937,0.1541786,0,0.95480883
9467,Pass,0,0.9961577,0.1186753,0,0.96210027
9468,Pass,0,0.9994974,0.06624034,0,0.9815581
9469,Pass,0,0.9970675,0.3329789,0,0.896798
9470,Pass,0,0.99861753,0.15477523,0,0.9533103
9471,Pass,0,0.99999666,0.04621619,0,0.98825043
9472,Pass,0,0.9999341,0.2375787,0,0.92892236
9473,Pass,0,0.9993723,0.19793786,0,0.9406706
9474,Pass,0,0.9402177,0.5026029,0,0.79626894
9475,Pass,0,0.9937738,0.2991412,0,0.90425074
9476,Pass,0,0.9999999,0.06888823,0,0.98123145
9477,Pass,0,0.9999964,0.055854794,0,0.98526484
9478,Pass,0,0.99990857,0.055259667,0,0.9853626
9479,Pass,0,0.9997831,0.1249729,0,0.9636516
9480,Pass,0,0.99798834,0.2770102,0,0.91492635
9481,Pass,0,0.99976784,0.07330942,0,0.9796347
9482,Pass,0,0.99999297,0.073313326,0,0.9798541
9483,Pass,0,0.99995387,0.1279964,0,0.9628798
9484,Pass,0,0.99994254,0.008291509,0,0.99994254
9485,Pass,0,0.9999665,0.06041927,0,0.9838217
9486,Pass,0,0.99985373,0.084155194,0,0.97636014
9487,Pass,0,0.9999548,0.07728755,0,0.97858584
9488,Pass,0,0.9999689,0.050502744,0,0.9868953
9489,Pass,0,0.9967186,0.3066281,0,0.9046189
9490,Pass,0,0.9999932,0.13342294,0,0.9612369
9491,Pass,0,0.8465793,0.62659544,0,0.68445486
9492,Pass,0,0.9143148,0.6879447,0,0.72184527
9493,Pass,0,0.99998105,0.011758309,0,0.99890727
9494,Pass,0,0.9996247,0.18291698,0,0.94555885
9495,Pass,0,0.9999238,0.10046421,0,0.9713776
9496,Pass,0,0.9999988,0.107350916,0,0.9693175
9497,Pass,0,0.9999877,0.07214349,0,0.98021126
9498,Pass,0,0.99999404,0.21614397,0,0.9356169
9499,Pass,0,0.9999958,0.18648796,0,0.94480383
9500,Pass,0,0.99999416,0.09633083,0,0.97272617
9501,Pass,0,0.99998856,0.13399363,0,0.96105564
9502,Pass,0,0.9999777,0.10714197,0,0.9693617
9503,Pass,0,0.9992912,0.41908917,0,0.8721463
9504,Pass,0,0.99999976,0.07114291,0,0.980533
9505,Pass,0,0.99809414,0.17205004,0,0.9474704
9506,Pass,0,0.9999788,0.0379717,0,0.9907862
9507,Pass,0,0.63381153,0.8051641,0,0.47737873
9508,Pass,0,0.99999964,0.12723774,0,0.9631588
9509,Pass,0,0.9999814,0.06171321,0,0.9834356
9510,Pass,0,0.9999964,0.141816,0,0.9586404
9511,Pass,0,0.9999815,0.14239316,0,0.9584474
9512,Pass,0,0.99985373,0.084155194,0,0.97636014
9513,Pass,0,0.9993647,0.110147096,0,0.9678373
9514,Pass,0,0.9999763,0.20684451,0,0.9384805
9515,Pass,0,0.9826968,0.53009784,0,0.82387584
9516,Pass,0,0.9209647,0.65214986,0,0.73730576
9517,Pass,0,0.9999448,0.025484968,0,0.99461985
9518,Pass,0,0.99988484,0.033766195,0,0.9919955
9519,Pass,0,0.9999964,0.0887731,0,0.97506917
9520,Pass,0,0.99975866,0.22804655,0,0.9317111
9521,Pass,0,0.9977702,0.27520913,0,0.915283
9522,Pass,0,0.99928015,0.3964583,0,0.87914103
9523,Pass,0,0.99998724,0.16107187,0,0.95266765
9524,Pass,0,0.999984,0.059327014,0,0.9841772
9525,Pass,0,0.999995,0.10800141,0,0.96911234
9526,Pass,0,0.99883205,0.063098945,0,0.98187655
9527,Pass,0,0.99995995,0.09586001,0,0.9728387
9528,Pass,0,0.99979657,0.3364527,0,0.8981769
9529,Pass,0,0.99992454,0.13899282,0,0.9594459
9530,Pass,0,0.9999763,0.12955534,0,0.9624185
9531,Pass,0,0.99992836,0.08255614,0,0.9769283
9532,Pass,0,0.9999902,0.0863609,0,0.9758103
9533,Pass,0,0.9999112,0.13787036,0,0.9597807
9534,Pass,0,0.99937505,0.1929695,0,0.9422111
9535,Pass,0,0.999668,0.21813051,0,0.9346968
9536,Pass,0,0.99997735,0.085011125,0,0.9762158
9537,Pass,0,0.99880123,0.13745229,0,0.95884466
9538,Pass,0,0.9997565,0.3099054,0,0.90636134
9539,Pass,0,0.9999951,0.06216134,0,0.9833102
9540,Pass,0,0.9996891,0.034950107,0,0.99143475
9541,Pass,0,1.0,0.05889523,0,0.98432666
9542,Pass,0,0.9985002,0.16578509,0,0.9497934
9543,Pass,0,0.99975306,0.0807014,0,0.9773313
9544,Pass,0,0.9993781,0.124967754,0,0.9632628
9545,Pass,0,0.9999993,0.19855665,0,0.9410691
9546,Pass,0,0.9999664,0.14004867,0,0.959159
9547,Pass,0,0.9999943,0.1453531,0,0.95754284
9548,Pass,0,0.99957615,0.15768382,0,0.953325
9549,Pass,0,0.99998283,0.21658629,0,0.93546945
9550,Pass,0,0.9999572,0.022946028,0,0.9954185
9551,Pass,0,0.9999958,0.088810176,0,0.9750571
9552,Pass,0,0.79389644,0.7603775,0,0.6089652
9553,Pass,0,0.9999349,0.15289496,0,0.95515025
9554,Pass,0,0.99998295,0.030439045,0,0.9931234
9555,Pass,0,0.99999845,0.13545427,0,0.9606128
9556,Pass,0,0.99995947,0.27911517,0,0.9160815
9557,Pass,0,0.9999958,0.12012824,0,0.9653571
9558,Pass,0,0.9999552,0.14326717,0,0.95815146
9559,Pass,0,0.9999869,0.14919281,0,0.9563466
9560,Pass,0,0.9999869,0.23795281,0,0.92885554
9561,Pass,0,0.999982,0.25865564,0,0.92243886
9562,Pass,0,0.99987197,0.09165789,0,0.97405446
9563,Pass,0,0.99983954,0.24344632,0,0.92701745
9564,Pass,0,0.9999943,0.043158073,0,0.9891952
9565,Pass,0,0.99998224,0.19721326,0,0.94146913
9566,Pass,0,0.9986154,0.013162984,0,0.99710864
9567,Pass,0,0.99998283,0.14515857,0,0.9575921
9568,Pass,0,0.9999838,0.33315688,0,0.89936584
9569,Pass,0,0.99991286,0.26434326,0,0.92061365
9570,Pass,0,0.9999999,0.040973853,0,0.9898773
9571,Pass,0,0.9999999,0.06078759,0,0.98374045
9572,Pass,0,0.99988425,0.18623249,0,0.94477755
9573,Pass,0,0.9999826,0.06132133,0,0.9835581
9574,Pass,0,0.99998164,0.2005608,0,0.9404318
9575,Pass,0,0.99937505,0.0880853,0,0.9746762
9576,Pass,0,0.99888915,0.069365874,0,0.9799938
9577,Pass,0,0.9999969,0.10405241,0,0.9703373
9578,Pass,0,0.9998281,0.09057723,0,0.9743464
9579,Pass,0,1.0,0.05506606,0,0.9855127
9580,Pass,0,0.9999144,0.0849878,0,0.97616154
9581,Pass,0,0.99995065,0.077702306,0,0.97845334
9582,Pass,0,0.9994861,0.18821467,0,0.9437877
9583,Pass,0,0.99992263,0.013635157,0,0.9982677
9584,Pass,0,0.99654263,0.32087472,0,0.90006196
9585,Pass,0,0.99071854,0.15189916,0,0.94665223
9586,Pass,0,0.99888927,0.177123,0,0.9466557
9587,Pass,0,0.9998565,0.13041703,0,0.9620363
9588,Pass,0,0.9999943,0.119196445,0,0.96564424
9589,Pass,0,0.9999914,0.15184486,0,0.95552945
9590,Pass,0,0.9999567,0.17502555,0,0.94831693
9591,Pass,0,0.9866883,0.44596064,0,0.85293496
9592,Pass,0,0.9980363,0.3016494,0,0.9073539
9593,Pass,0,0.99997437,0.07663037,0,0.9788085
9594,Pass,0,0.9984113,0.09792594,0,0.97069323
9595,Pass,0,0.9973742,0.30777404,0,0.90485996
9596,Pass,0,0.79331577,0.96809727,0,0.55748075
9597,Pass,0,0.9999988,0.049728088,0,0.9871648
9598,Pass,0,0.89138836,0.3877466,0,0.7866258
9599,Pass,0,0.9997813,0.20635663,0,0.93844867
9600,Pass,0,0.999977,0.03774296,0,0.99085534
9601,Pass,0,0.99972135,0.34443298,0,0.89563835
9602,Pass,0,0.9997781,0.1033533,0,0.97034144
9603,Pass,0,0.9997596,0.25839767,0,0.92231363
9604,Pass,0,0.999959,0.1324437,0,0.96150726
9605,Pass,0,0.9995913,0.16000415,0,0.952621
9606,Pass,0,0.9999825,0.10638429,0,0.96960104
9607,Pass,0,0.9995964,0.24226862,0,0.9271567
9608,Pass,0,0.9987663,0.04293922,0,0.9880482
9609,Pass,0,0.970318,0.40325832,0,0.8516172
9610,Pass,0,0.9999881,0.020382488,0,0.99624324
9611,Pass,0,0.99998486,0.10421399,0,0.9702756
9612,Pass,0,0.99996924,0.030889932,0,0.99297017
9613,Pass,0,0.9960063,0.24432197,0,0.9231933
9614,Pass,0,0.999716,0.062992,0,0.9827786
9615,Pass,0,0.9997831,0.15521148,0,0.95428795
9616,Pass,0,0.9998691,0.17764784,0,0.9474217
9617,Pass,0,0.9999964,0.0674113,0,0.9816855
9618,Pass,0,0.98535097,0.276103,0,0.9036177
9619,Pass,0,0.99999344,0.071392514,0,0.9804495
9620,Pass,0,0.9902716,0.13629112,0,0.95101243
9621,Pass,0,0.99999774,0.05895659,0,0.98430544
9622,Pass,0,0.9975616,0.42517474,0,0.8687565
9623,Pass,0,0.99737996,0.29690185,0,0.90822375
9624,Pass,0,0.99936885,0.31114975,0,0.9056247
9625,Pass,0,0.9945791,0.4053445,0,0.8722678
9626,Pass,0,0.9988028,0.2512906,0,0.9236296
9627,Pass,0,0.99941754,0.30249652,0,0.90834737
9628,Pass,0,0.9999893,0.18597221,0,0.9449574
9629,Pass,0,0.9999287,0.1854296,0,0.94506824
9630,Pass,0,0.9973016,0.31876376,0,0.90139943
9631,Pass,0,0.9372619,0.5688583,0,0.774532
9632,Pass,0,0.99960107,0.05346802,0,0.9856143
9633,Pass,0,0.99999976,0.1956206,0,0.94197893
9634,Pass,0,0.9997863,0.054661218,0,0.98542744
9635,Pass,0,1.0,0.07142817,0,0.9804449
9636,Pass,0,0.9999536,0.099266015,0,0.9717777
9637,Pass,0,0.99999857,0.076270476,0,0.9789437
9638,Pass,0,0.99969435,0.16777451,0,0.95031327
9639,Pass,0,0.9947796,0.23921861,0,0.9236286
9640,Pass,0,0.9999019,0.23172002,0,0.93070686
9641,Pass,0,0.9999821,0.19610478,0,0.94181234
9642,Pass,0,0.9999112,0.13787036,0,0.9597807
9643,Pass,0,0.99999094,0.09154734,0,0.9742046
9644,Pass,0,0.9998124,0.12503918,0,0.96365935
9645,Pass,0,0.9967186,0.3066281,0,0.9046189
9646,Pass,0,0.9999672,0.047262322,0,0.98789734
9647,Pass,0,0.9997311,0.12297427,0,0.96422035
9648,Pass,0,0.99977237,0.12750396,0,0.9628575
9649,Pass,0,0.99990296,0.044843495,0,0.9885829
9650,Pass,0,0.9999461,0.20324706,0,0.93956643
9651,Pass,0,0.94786876,0.34692785,0,0.8484518
9652,Pass,0,0.9999094,0.06380612,0,0.98271656
9653,Pass,0,0.9999968,0.097921304,0,0.9722361
9654,Pass,0,0.9979442,0.18662173,0,0.94282407
9655,Pass,0,0.99999213,0.1968758,0,0.941583
9656,Pass,0,0.9999863,0.17058995,0,0.94971883
9657,Pass,0,0.9993406,0.10227056,0,0.970252
9658,Pass,0,0.9999964,0.18103102,0,0.9464945
9659,Pass,0,0.9999337,0.14756687,0,0.95679927
9660,Pass,0,0.99970454,0.3884789,0,0.8819851
9661,Pass,0,0.9986299,0.06111154,0,0.98229253
9662,Pass,0,0.9996896,0.019967074,0,0.9960745
9663,Pass,0,0.9998994,0.30468243,0,0.9081084
9664,Pass,0,0.9999999,0.06375614,0,0.982821
9665,Pass,0,0.99982065,0.224065,0,0.93300176
9666,Pass,0,0.9990478,0.05540713,0,0.98446876
9667,Pass,0,0.99959916,0.08363874,0,0.97627145
9668,Pass,0,0.9999753,0.15492648,0,0.9545597
9669,Pass,0,0.9999654,0.18900661,0,0.943995
9670,Pass,0,1.0,0.032463558,0,0.99251324
9671,Pass,0,0.9823219,0.62320477,0,0.79523367
9672,Pass,0,0.9999043,0.053105243,0,0.9860256
9673,Pass,0,0.9858533,0.49551594,0,0.8370816
9674,Pass,0,0.9999796,0.26169077,0,0.9214967
9675,Pass,0,0.99189866,0.16700879,0,0.94313794
9676,Pass,0,0.47431606,0.7136932,0,0.37068662
9677,Pass,0,0.99987376,0.13368134,0,0.96104205
9678,Pass,0,0.99997556,0.20431471,0,0.9392634
9679,Pass,0,0.9999988,0.07546431,0,0.97919357
9680,Pass,0,0.9999361,0.030910693,0,0.9929308
9681,Pass,0,0.99993026,0.09087187,0,0.9743547
9682,Pass,0,0.99999034,0.0710925,0,0.9805394
9683,Pass,0,0.99992573,0.2774754,0,0.91655844
9684,Pass,0,0.9982828,0.13356091,0,0.95955014
9685,Pass,0,0.99964833,0.17410176,0,0.9483105
9686,Pass,0,0.96862227,0.56446016,0,0.801767
9687,Pass,0,0.83752704,0.30494243,0,0.76057446
9688,Pass,0,0.9998771,0.15894195,0,0.95322233
9689,Pass,0,0.99997675,0.019145176,0,0.9966151
9690,Pass,0,0.9999976,0.18743345,0,0.94451267
9691,Pass,0,0.9999727,0.11221252,0,0.9677865
9692,Pass,0,0.99999046,0.09916637,0,0.9718444
9693,Pass,0,0.99923015,0.14629705,0,0.956519
9694,Pass,0,0.9999685,0.1103934,0,0.9683458
9695,Pass,0,0.99996233,0.06562195,0,0.9822062
9696,Pass,0,0.99923956,0.282397,0,0.9144063
9697,Pass,0,0.99859434,0.27813327,0,0.9151346
9698,Pass,0,0.99999547,0.11265601,0,0.9676711
9699,Pass,0,0.99982315,0.17761584,0,0.9473882
9700,Pass,0,0.999813,0.05687902,0,0.98476696
9701,Pass,0,0.99992156,0.22046803,0,0.93420994
9702,Pass,0,0.99833775,0.3028411,0,0.90725946
9703,Pass,0,0.9999783,0.08750573,0,0.9754441
9704,Pass,0,0.79571205,2.1623733,0,0.2648313
9705,Pass,0,0.9999459,0.24836805,0,0.92559177
9706,Pass,0,0.99997354,0.13764775,0,0.9599095
9707,Pass,0,0.9999039,0.023588264,0,0.9951666
9708,Pass,0,0.9999969,0.10405241,0,0.9703373
9709,Pass,0,0.9999591,0.24672441,0,0.92611307
9710,Pass,0,0.99969745,0.019001257,0,0.99638134
9711,Pass,0,0.99997497,0.012354468,0,0.9987166
9712,Pass,0,0.9999665,0.18488243,0,0.9452734
9713,Pass,0,0.9999074,0.25704145,0,0.92287
9714,Pass,0,0.9554345,0.49034324,0,0.81278396
9715,Pass,0,0.9999498,0.3671472,0,0.8888082
9716,Pass,0,0.99974245,0.09158546,0,0.9739507
9717,Pass,0,0.99999034,0.065986276,0,0.98212093
9718,Pass,0,0.9999957,0.1579248,0,0.9536504
9719,Pass,0,0.9999913,0.04844089,0,0.9875561
9720,Pass,0,0.99998045,0.19429153,0,0.9423724
9721,Pass,0,0.9999721,0.06985373,0,0.9809052
9722,Pass,0,0.99974674,0.05929297,0,0.9839542
9723,Pass,0,0.98585063,0.27760538,0,0.90361714
9724,Pass,0,0.9994629,0.16953494,0,0.9495483
9725,Pass,0,0.99999845,0.057536367,0,0.984746
9726,Pass,0,0.99999917,0.06598854,0,0.98212886
9727,Pass,0,0.99864703,0.043729417,0,0.9876858
9728,Pass,0,0.998899,0.28983197,0,0.91179436
9729,Pass,0,0.99877375,0.17818758,0,0.94621694
9730,Pass,0,0.99992347,0.12868659,0,0.9626367
9731,Pass,0,0.9990652,0.086736016,0,0.9747916
9732,Pass,0,0.9999994,0.10112964,0,0.97124493
9733,Pass,0,0.99997735,0.085011125,0,0.9762158
9734,Pass,0,0.99992037,0.26411256,0,0.920692
9735,Pass,0,0.99965703,0.17456526,0,0.94817525
9736,Pass,0,0.99999046,0.07978385,0,0.9778476
9737,Pass,0,0.9999995,0.031057458,0,0.9929483
9738,Pass,0,0.99999297,0.073313326,0,0.9798541
9739,Pass,0,0.99999905,0.079198726,0,0.9780372
9740,Pass,0,0.999884,0.17478032,0,0.9483239
9741,Pass,0,0.99997914,0.017069107,0,0.9972605
9742,Pass,0,0.99999845,0.08969991,0,0.97478414
9743,Pass,0,0.997806,0.18715413,0,0.94252896
9744,Pass,0,0.9998839,0.26682788,0,0.9198175
9745,Pass,0,0.99998975,0.2043819,0,0.9392559
9746,Pass,0,0.9995115,0.1492317,0,0.95587987
9747,Pass,0,0.99999905,0.23326363,0,0.9303192
9748,Pass,0,0.9993856,0.129423,0,0.961891
9749,Pass,0,0.99987197,0.09165789,0,0.97405446
9750,Pass,0,0.9996438,0.06126482,0,0.9832424
9751,Pass,0,0.9997701,0.13497853,0,0.9605407
9752,Pass,0,0.781041,0.57883865,0,0.64302033
9753,Pass,0,0.9998745,0.16793425,0,0.95043504
9754,Pass,0,0.99999905,0.0929493,0,0.97377825
9755,Pass,0,0.99998474,0.13543116,0,0.96060675
9756,Pass,0,0.9996093,0.15637828,0,0.9537608
9757,Pass,0,0.99999297,0.073313326,0,0.9798541
9758,Pass,0,0.9999691,0.07076442,0,0.9806202
9759,Pass,0,0.9999821,0.11175072,0,0.9679386
9760,Pass,0,0.99883205,0.063098945,0,0.98187655
9761,Pass,0,0.9999753,0.15492648,0,0.9545597
9762,Pass,0,0.9999999,0.083835565,0,0.97660184
9763,Pass,0,0.8751371,1.1398271,0,0.5684304
9764,Pass,0,0.9999988,0.07105836,0,0.9805582
9765,Pass,0,0.9999939,0.091278166,0,0.9742909
9766,Pass,0,0.9999168,0.13249849,0,0.9614498
9767,Pass,0,0.9999969,0.04368329,0,0.9890352
9768,Pass,0,0.9999981,0.07367115,0,0.9797483
9769,Pass,0,0.9632719,0.38688198,0,0.850319
9770,Pass,0,0.99991846,0.038204517,0,0.99065435
9771,Pass,0,0.9997259,0.05442336,0,0.98544157
9772,Pass,0,0.9999988,0.107350916,0,0.9693175
9773,Pass,0,0.99999857,0.056603514,0,0.98503506
9774,Pass,0,0.9990845,0.049918678,0,0.9862032
9775,Pass,0,0.93956,0.51302904,0,0.7926779
9776,Pass,0,0.9999312,0.2296649,0,0.9313706
9777,Pass,0,0.99991226,0.19890703,0,0.9408787
9778,Pass,0,0.99995244,0.0635721,0,0.98283136
9779,Pass,0,0.9998574,0.30788395,0,0.90707886
9780,Pass,0,0.9997665,0.028772628,0,0.9934245
9781,Pass,0,1.0,0.054756824,0,0.98560846
9782,Pass,0,0.9994629,0.16953494,0,0.9495483
9783,Pass,0,0.9998957,0.042327527,0,0.9893549
9784,Pass,0,0.9977691,0.19219299,0,0.940937
9785,Pass,0,0.9995054,0.20293789,0,0.93924797
9786,Pass,0,0.9999418,0.015602098,0,0.9976777
9787,Pass,0,0.99991024,0.10021596,0,0.9714413
9788,Pass,0,0.9999995,0.15537623,0,0.95444345
9789,Pass,0,0.99970454,0.3884789,0,0.8819851
9790,Pass,0,0.9968702,0.22018258,0,0.93144727
9791,Pass,0,0.7743343,0.5117811,0,0.6535813
9792,Pass,0,0.99999857,0.08572764,0,0.97601455
9793,Pass,0,0.9999875,0.08504958,0,0.97621375
9794,Pass,0,0.9891059,0.26662973,0,0.90996325
9795,Pass,0,0.999813,0.05687902,0,0.98476696
9796,Pass,0,0.99949014,0.12390991,0,0.96369827
9797,Pass,0,0.99022466,0.09085331,0,0.96490306
9798,Pass,0,0.99975723,0.3258809,0,0.90141517
9799,Pass,0,0.99999845,0.079211295,0,0.97803277
9800,Pass,0,0.9999447,0.079729974,0,0.9778195
9801,Pass,0,0.99999857,0.076270476,0,0.9789437
9802,Pass,0,0.99998915,0.082471125,0,0.97701395
9803,Pass,0,0.9600438,0.7059691,0,0.7525884
9804,Pass,0,0.9999999,0.048810534,0,0.98745006
9805,Pass,0,0.99999607,0.07395391,0,0.9796587
9806,Pass,0,0.99981827,0.27035514,0,0.9186649
9807,Pass,0,0.99992156,0.22046803,0,0.93420994
9808,Pass,0,0.9988952,0.30000716,0,0.9086429
9809,Pass,0,0.9999989,0.10595164,0,0.969751
9810,Pass,0,0.99999523,0.13466689,0,0.9608536
9811,Pass,0,0.99988854,0.21688381,0,0.9352891
9812,Pass,0,0.99999607,0.07475333,0,0.9794111
9813,Pass,0,0.9998204,0.23851207,0,0.9285277
9814,Pass,0,0.9999962,0.11237557,0,0.96775866
9815,Pass,0,0.99999654,0.1373698,0,0.9600177
9816,Pass,0,0.99848443,0.08809616,0,0.97380424
9817,Pass,0,0.99979705,0.15245494,0,0.95515484
9818,Pass,0,0.9999808,0.15590426,0,0.9542621
9819,Pass,0,0.9999994,0.07116609,0,0.98052543
9820,Pass,0,0.999634,0.04344358,0,0.98875046
9821,Pass,0,0.99996495,0.17463407,0,0.948446
9822,Pass,0,0.99999833,0.030479377,0,0.99312615
9823,Pass,0,0.99991465,0.023783106,0,0.9951169
9824,Pass,0,0.979894,0.6337367,0,0.79007167
9825,Pass,0,0.99996114,0.14032695,0,0.9590678
9826,Pass,0,0.99999714,0.08155211,0,0.9773064
9827,Pass,0,0.9967764,0.2350269,0,0.92677677
9828,Pass,0,0.99969983,0.11811663,0,0.96569425
9829,Pass,0,0.9998764,0.075901255,0,0.9789384
9830,Pass,0,0.9999945,0.20161879,0,0.9401162
9831,Pass,0,0.9999641,0.220743,0,0.9341646
9832,Pass,0,0.9998677,0.03298521,0,0.9922204
9833,Pass,0,0.99947983,0.18260945,0,0.94551694
9834,Pass,0,0.999471,0.20383,0,0.9389396
9835,Pass,0,0.9989255,0.5915671,0,0.8184635
9836,Pass,0,0.9823255,0.31260875,0,0.8897362
9837,Pass,0,0.9999995,0.21171972,0,0.9369924
9838,Pass,0,0.99999964,0.05677543,0,0.98498285
9839,Pass,0,0.99999356,0.14679362,0,0.95709604
9840,Pass,0,0.88210744,0.52746105,0,0.7402639
9841,Pass,0,0.9972179,0.07274103,0,0.9773117
9842,Pass,0,0.99999905,0.0868538,0,0.97566617
9843,Pass,0,0.8720756,0.738043,0,0.67496586
9844,Pass,0,0.9998381,0.0738513,0,0.97953576
9845,Pass,0,0.9999646,0.15128693,0,0.9556766
9846,Pass,0,0.9996209,0.078937456,0,0.9777483
9847,Pass,0,0.99955577,0.4801743,0,0.8534659
9848,Pass,0,0.99898785,0.35141987,0,0.8928194
9849,Pass,0,0.999984,0.1358374,0,0.9604803
9850,Pass,0,0.9999918,0.06548963,0,0.9822761
9851,Pass,0,0.99962986,0.06917954,0,0.98077816
9852,Pass,0,0.99999917,0.080112614,0,0.97775424
9853,Pass,0,0.9999093,0.3168259,0,0.90435654
9854,Pass,0,0.9999988,0.07546431,0,0.97919357
9855,Pass,0,0.999826,0.15667018,0,0.95387715
9856,Pass,0,0.99999344,0.052070707,0,0.9864339
9857,Pass,0,0.99996495,0.1279789,0,0.9628959
9858,Pass,0,1.0,0.07596156,0,0.97904074
9859,Pass,0,0.9999989,0.10595164,0,0.969751
9860,Pass,0,0.999949,0.102609,0,0.9707378
9861,Pass,0,0.99996734,0.11105354,0,0.9681402
9862,Pass,0,0.92912585,0.42757708,0,0.80846584
9863,Pass,0,0.9997372,0.04029778,0,0.9898266
9864,Pass,0,0.98834103,0.3240085,0,0.8916951
9865,Pass,0,1.0,0.09146289,0,0.9742396
9866,Pass,0,0.9999882,0.12990785,0,0.96232074
9867,Pass,0,0.9999993,0.049279127,0,0.98730433
9868,Pass,0,0.99996364,0.13061546,0,0.962078
9869,Pass,0,0.9998971,0.04290834,0,0.9891765
9870,Pass,0,0.9999918,0.19312859,0,0.94274324
9871,Pass,0,0.99999917,0.08950096,0,0.9748464
9872,Pass,0,0.99836737,0.07970124,0,0.976286
9873,Pass,0,0.9999999,0.0485555,0,0.98752904
9874,Pass,0,0.9999515,0.14017071,0,0.9591069
9875,Pass,0,0.99999917,0.054488752,0,0.98569065
9876,Pass,0,0.9999976,0.069207564,0,0.98113036
9877,Pass,0,0.99990726,0.17024639,0,0.9497501
9878,Pass,0,0.99990726,0.05026674,0,0.9869076
9879,Pass,0,0.9999895,0.1681361,0,0.9504819
9880,Pass,0,0.9999449,0.14943239,0,0.9562322
9881,Pass,0,0.9996209,0.078937456,0,0.9777483
9882,Pass,0,0.999984,0.059327014,0,0.9841772
9883,Pass,0,0.7663419,0.8486127,0,0.56688607
9884,Pass,0,0.99971765,0.14577554,0,0.9571472
9885,Pass,0,0.994595,0.36335903,0,0.88521546
9886,Pass,0,0.99998367,0.040026005,0,0.9901548
9887,Pass,0,0.9995167,0.31437102,0,0.9047615
9888,Pass,0,0.99997187,0.05830738,0,0.98448104
9889,Pass,0,0.99999034,0.08008459,0,0.97775435
9890,Pass,0,0.9940567,0.36560634,0,0.88404447
9891,Pass,0,0.99996305,0.09540309,0,0.97298324
9892,Pass,0,0.99999917,0.05602074,0,0.98521614
9893,Pass,0,0.99994767,0.098483,0,0.9720144
9894,Pass,0,0.99988616,0.03143951,0,0.99271744
9895,Pass,0,0.9999925,0.12720641,0,0.96316165
9896,Pass,0,0.9999999,0.10133414,0,0.9711821
9897,Pass,0,0.99999833,0.030479377,0,0.99312615
9898,Pass,0,0.9999871,0.060958166,0,0.98367506
9899,Pass,0,0.9999995,0.088461995,0,0.9751686
9900,Pass,0,0.9999708,0.14551614,0,0.9574699
9901,Pass,0,0.9999882,0.12990785,0,0.96232074
9902,Pass,0,0.9991781,0.294893,0,0.9104829
9903,Pass,0,0.9996232,0.23071158,0,0.93075967
9904,Pass,0,0.9999168,0.13249849,0,0.9614498
9905,Pass,0,0.9999529,0.24181652,0,0.9276273
9906,Pass,0,0.99999046,0.07006309,0,0.9808583
9907,Pass,0,0.99446326,0.38133734,0,0.8795607
9908,Pass,0,1.0,0.07658081,0,0.978849
9909,Pass,0,0.99995995,0.09586001,0,0.9728387
9910,Pass,0,0.99996555,0.0198727,0,0.99637866
9911,Pass,0,0.9999982,0.06851363,0,0.98134583
9912,Pass,0,0.9998971,0.04290834,0,0.9891765
9913,Pass,0,1.0,0.07233495,0,0.98016405
9914,Pass,0,0.9987889,0.31909493,0,0.9026413
9915,Pass,0,0.999966,0.14659734,0,0.95713043
9916,Pass,0,0.9912306,0.527986,0,0.8316788
9917,Pass,0,0.99998605,0.11006718,0,0.96846384
9918,Pass,0,0.9999733,0.13331023,0,0.9612526
9919,Pass,0,0.99996996,0.09604904,0,0.97278994
9920,Pass,0,0.9999287,0.24074274,0,0.92793745
9921,Pass,0,0.99989057,0.3640615,0,0.8897111
9922,Pass,0,0.99999106,0.07531593,0,0.97923195
9923,Pass,0,0.9999515,0.16550785,0,0.95125973
9924,Pass,0,0.9999989,0.076390766,0,0.97890675
9925,Pass,0,0.99999714,0.18171163,0,0.9462845
9926,Pass,0,0.99975294,0.24107978,0,0.92767
9927,Pass,0,0.9999994,0.05863865,0,0.9844055
9928,Pass,0,0.9995622,0.120222785,0,0.96490926
9929,Pass,0,0.84514856,0.26946762,0,0.77678174
9930,Pass,0,0.9986841,0.112158,0,0.9665562
9931,Pass,0,0.99999976,0.0767286,0,0.978803
9932,Pass,0,0.9999877,0.23839743,0,0.9287186
9933,Pass,0,1.0,0.04614785,0,0.9882749
9934,Pass,0,0.9997613,0.040338784,0,0.98983777
9935,Pass,0,0.983355,0.31565207,0,0.8897418
9936,Pass,0,1.0,0.039996684,0,0.9901801
9937,Pass,0,0.9999925,0.11232836,0,0.96776974
9938,Pass,0,0.9999225,0.02169534,0,0.9957713
9939,Pass,0,0.9999937,0.14473046,0,0.9577351
9940,Pass,0,0.9996828,0.12575704,0,0.96331215
9941,Pass,0,0.9942801,0.20495935,0,0.93371516
9942,Pass,0,0.9999882,0.12954487,0,0.9624332
9943,Pass,0,0.9998338,0.032973096,0,0.99219054
9944,Pass,0,0.99984777,0.08748951,0,0.97532177
9945,Pass,0,0.99998844,0.17901465,0,0.9471115
9946,Pass,0,0.99532986,0.35382918,0,0.88880736
9947,Pass,0,0.9999305,0.20874576,0,0.93784875
9948,Pass,0,0.9998574,0.059407987,0,0.98402756
9949,Pass,0,0.99976903,0.4288295,0,0.86954725
9950,Pass,0,0.99989474,0.316127,0,0.90455985
9951,Pass,0,0.9999894,0.14068429,0,0.9589842
9952,Pass,0,0.9999093,0.3168259,0,0.90435654
9953,Pass,0,0.99994457,0.30126572,0,0.9092076
9954,Pass,0,0.99999726,0.12150922,0,0.96493083
9955,Pass,0,0.99997187,0.078558534,0,0.9782089
9956,Pass,0,0.99969745,0.019001257,0,0.99638134
9957,Pass,0,0.99974865,0.12821977,0,0.962613
9958,Pass,0,0.99976903,0.028480157,0,0.9935175
9959,Pass,0,0.99989414,0.043711144,0,0.98892486
9960,Pass,0,0.99881446,0.4835646,0,0.85178417
9961,Pass,0,0.9986406,0.19253947,0,0.94165164
9962,Pass,0,0.993849,0.7185555,0,0.77521425
9963,Pass,0,0.99999666,0.083549485,0,0.9766873
9964,Pass,0,0.9999974,0.0556712,0,0.98532265
9965,Pass,0,0.9999825,0.28179124,0,0.9152737
9966,Pass,0,0.999997,0.08754941,0,0.9754488
9967,Pass,0,0.99998546,0.22763808,0,0.932049
9968,Pass,0,0.99999595,0.07616549,0,0.9789736
9969,Pass,0,0.99999595,0.0984261,0,0.972079
9970,Pass,0,0.9997701,0.13497853,0,0.9605407
9971,Pass,0,0.9999659,0.032922164,0,0.99233735
9972,Pass,0,0.9997551,0.03670628,0,0.9909564
9973,Pass,0,0.9999968,0.054859556,0,0.9855735
9974,Pass,0,0.9999938,0.0782102,0,0.97833824
9975,Pass,0,0.9990964,0.18875344,0,0.943253
9976,Pass,0,0.9966973,0.14935756,0,0.9531497
9977,Pass,0,0.99771094,0.4983853,0,0.84626323
9978,Pass,0,0.99995613,0.09220626,0,0.9739666
9979,Pass,0,0.99989414,0.043711144,0,0.98892486
9980,Pass,0,0.9957937,0.22905649,0,0.92770445
9981,Pass,0,0.9998204,0.05554958,0,0.9851859
9982,Pass,0,0.998487,0.289106,0,0.9116428
9983,Pass,0,0.9999845,0.21584179,0,0.9357016
9984,Pass,0,0.9961832,0.20243286,0,0.9362819
9985,Pass,0,0.99983656,0.19775242,0,0.94116503
9986,Pass,0,0.99998164,0.08537337,0,0.9761077
9987,Pass,0,0.9866883,0.44596064,0,0.85293496
9988,Pass,0,0.9999974,0.04102709,0,0.98985827
9989,Pass,0,0.99988294,0.054293554,0,0.98563653
9990,Pass,0,0.9974474,0.078123845,0,0.9758736
9991,Pass,0,0.99989974,0.20525838,0,0.93889993
9992,Pass,0,0.9999981,0.066184685,0,0.9820671
9993,Pass,0,0.99998355,0.2530436,0,0.92417854
9994,Pass,0,0.9999994,0.11102625,0,0.9681797
9995,Pass,0,0.9999987,0.10466796,0,0.9701484
9996,Pass,0,0.99999917,0.033366833,0,0.9922327
9997,Pass,0,0.998998,0.24807732,0,0.92480433
9998,Pass,0,0.99833727,0.40020078,0,0.8771543
9999,Pass,0,0.9999547,0.08549699,0,0.97604316
